time,P_cmd_DF,P_cmd_F,P_cmd_G,P_out_DF,P_out_F,P_out_G,wrist_angle_deg,grip_angle_deg,force_N
0.0,0.1,0.1,0.3,-0.0036795768,-0.0010220346,-0.0022964024,-0.0,8.099999,0.0
0.005,0.1,0.1,0.3,-0.0097440425,0.0012485179,-0.005691062,-3.023347e-07,7.939893,0.0
0.01,0.1,0.1,0.3,-0.011207224,-0.0057638343,-0.002107641,-5.89194e-07,7.528828,0.0
0.015,0.1,0.1,0.3,-0.01397941,-0.0003534963,-0.0025050894,-8.529119e-07,6.8735766,0.0
0.02,0.1,0.1,0.3,-0.0053506033,-0.0059279464,-0.000888104,-1.1426047e-06,5.980713,0.0
0.025,0.1,0.1,0.3,0.0038701913,0.0041333707,-0.010137185,-1.4024856e-06,4.856664,0.0
0.03,0.1,0.1,0.3,0.0006245654,-0.00500673,-0.004883182,-1.672508e-06,3.5077567,0.0
0.035,0.1,0.1,0.3,-0.0002523899,-0.0053035137,5.853332e-06,-1.9232561e-06,1.9402819,0.0
0.04,0.1,0.1,0.3,-0.0093191825,-0.011210425,0.024075417,-2.1663316e-06,0.160564,0.0
0.045,0.1,0.1,0.3,-0.009783289,0.007750093,0.03273116,2.9641058e-09,3.2752296e-09,0.0
0.05,0.1,0.1,0.3,0.0021743963,0.006929603,0.04135019,1.6621448e-09,3.296771e-09,0.0
0.055,0.1,0.1,0.3,0.003499215,0.008373878,0.063332655,1.9195803e-09,3.6708903e-09,0.0
0.06,0.1,0.1,0.3,0.020151066,0.021820618,0.08620092,1.3650495e-09,-1.9306392e-09,0.0
0.065,0.1,0.1,0.3,0.023982052,0.042731263,0.101242736,1.3490651e-09,6.4261205e-09,0.0
0.07,0.1,0.1,0.3,0.04212894,0.053047016,0.116994224,-9.834227e-10,-9.684167e-10,0.0
0.075,0.1,0.1,0.3,0.04263517,0.06232319,0.14073682,0.10175201,-1.2500495e-09,0.0
0.08,0.1,0.1,0.3,0.044841543,0.06621987,0.1566269,0.3126026,2.4797078e-08,0.0
0.085,0.1,0.1,0.3,0.04946539,0.06476656,0.1696052,0.5817566,2.8955965e-08,0.0
0.09,0.1,0.1,0.3,0.06718395,0.06579109,0.18469435,0.8872724,5.6059655e-09,0.0
0.095,0.1,0.1,0.3,0.079512574,0.08265421,0.19605237,1.300303,1.7749919e-08,0.0
0.1,0.1,0.1,0.3,0.08242338,0.077309795,0.2054876,1.8616476,7.19645e-08,0.0
0.105,0.1,0.1,0.3,0.0777417,0.07712421,0.21675599,2.4993904,6.723018e-08,0.0
0.11,0.1,0.1,0.3,0.06771059,0.086389385,0.2253345,3.2428613,5.713659e-08,0.0
0.115,0.1,0.1,0.3,0.077256076,0.08410332,0.23139387,3.9467402,1.1489547e-08,0.0
0.12,0.1,0.1,0.3,0.084363826,0.08472339,0.23980276,4.3906436,0.04137605,0.0
0.125,0.1,0.1,0.3,0.072446294,0.100391954,0.2472721,4.6085577,0.07444557,0.0
0.13,0.1,0.1,0.3,0.084733,0.095810466,0.2522383,4.7685657,7.4488278e-09,0.0
0.135,0.1,0.1,0.3,0.073480405,0.107101746,0.25808838,4.8037243,-6.4263674e-09,0.0
0.14,0.1,0.1,0.3,0.06878011,0.11238949,0.26358035,4.8103604,1.599228e-10,0.0
0.145,0.1,0.1,0.3,0.08440664,0.10532126,0.26715672,4.807524,2.4047497e-10,0.0
0.15,0.1,0.1,0.3,0.074048094,0.10867024,0.2713911,4.723708,-4.126451e-09,0.0
0.155,0.1,0.1,0.3,0.079868615,0.108634405,0.27566892,4.6639066,-4.225615e-09,0.0
0.16,0.1,0.1,0.3,0.08902737,0.09919347,0.27831,4.553095,-9.069534e-10,0.0
0.165,0.1,0.1,0.3,0.07875126,0.11205182,0.2814164,4.413252,1.9665467e-09,0.0
0.17,0.1,0.1,0.3,0.07353035,0.109257065,0.28440693,4.4039087,5.5915237e-09,0.0
0.17500000000000002,0.1,0.1,0.3,0.07827589,0.107155256,0.2866285,4.496986,1.0014196e-08,0.0
0.18,0.1,0.1,0.3,0.07830961,0.10433823,0.28844073,4.4970975,-3.249316e-09,0.0
0.185,0.1,0.1,0.3,0.086985245,0.10393782,0.29073614,4.368847,7.9407825e-10,0.0
0.19,0.1,0.1,0.3,0.095099084,0.10353468,0.29246518,4.223119,-7.0699886e-09,0.0
0.195,0.1,0.1,0.3,0.095311664,0.10925964,0.29403886,4.1594586,-2.2621784e-09,0.0
0.2,0.1,0.1,0.3,0.10246606,0.10188022,0.29541403,4.184961,2.5350708e-09,0.0
0.20500000000000002,0.1,0.1,0.3,0.09461151,0.103943646,0.2966552,4.3101583,1.3238044e-08,0.0
0.21,0.1,0.1,0.3,0.101730414,0.101499915,0.29761246,4.6505084,1.556986e-08,0.0
0.215,0.1,0.1,0.3,0.10071979,0.096906535,0.29804656,5.0169387,2.170421e-08,0.0
0.22,0.1,0.1,0.3,0.09194591,0.09865473,0.2982631,5.470772,4.680974e-08,0.0
0.225,0.1,0.1,0.3,0.09578877,0.10053445,0.2986548,5.959206,1.8312589e-08,0.0
0.23,0.1,0.1,0.3,0.096708864,0.10688667,0.29885337,6.214085,7.61847e-09,0.0
0.23500000000000001,0.1,0.1,0.3,0.09383641,0.10602669,0.29852957,6.2054834,-3.173169e-09,0.0
0.24,0.1,0.1,0.3,0.08533117,0.106568165,0.2981324,6.1949778,4.320482e-08,0.0
0.245,0.1,0.1,0.3,0.099807404,0.096012264,0.29771924,6.209736,7.6860465e-09,0.0
0.25,0.1,0.1,0.3,0.09088538,0.09637132,0.29711306,6.1153574,4.396413e-09,0.0
0.255,0.1,0.1,0.3,0.09904302,0.089307256,0.29682437,6.0443664,1.4298437e-08,0.0
0.26,0.1,0.1,0.3,0.10284332,0.08784769,0.29665756,5.927709,-1.7874097e-08,0.0
0.265,0.1,0.1,0.3,0.09571609,0.09650775,0.29656243,5.7453713,5.489105e-09,0.0
0.27,0.1,0.1,0.3,0.09357934,0.10253041,0.29662797,5.7015743,-3.189062e-08,0.0
0.275,0.1,0.1,0.3,0.09525105,0.099977605,0.29648387,5.819283,9.773015e-09,0.0
0.28,0.1,0.1,0.3,0.0940636,0.10177353,0.2964486,5.8428535,-1.8273015e-08,0.0
0.28500000000000003,0.1,0.1,0.3,0.090043634,0.09983428,0.29618666,5.890011,-3.9165403e-08,0.0
0.29,0.1,0.1,0.3,0.094621524,0.09899097,0.2962016,6.0115356,-1.756434e-08,0.0
0.295,0.1,0.1,0.3,0.09561852,0.09792766,0.2961951,6.0002995,4.5310493e-09,0.0
0.3,0.1,0.1,0.3,0.107229896,0.08902402,0.29612017,5.829219,1.56493e-08,0.0
0.305,0.1,0.1,0.3,0.10174979,0.09400552,0.29622734,5.6383467,-1.998477e-08,0.0
0.31,0.1,0.1,0.3,0.11190162,0.0896941,0.29649964,5.661479,1.45235095e-08,0.0
0.315,0.1,0.1,0.3,0.10616379,0.096080795,0.29683378,5.770911,1.18715775e-08,0.0
0.32,0.1,0.1,0.3,0.10091539,0.100814335,0.29699498,6.025031,2.9606761e-08,0.0
0.325,0.1,0.1,0.3,0.086909294,0.10553278,0.29720274,6.3966904,1.736981e-08,0.0
0.33,0.1,0.1,0.3,0.08945623,0.10785093,0.29775435,6.684619,2.2733621e-08,0.0
0.335,0.1,0.1,0.3,0.090516,0.10446183,0.29801762,6.6701193,-2.048273e-09,0.0
0.34,0.1,0.1,0.3,0.084345385,0.106261335,0.29815352,6.3788023,-5.566569e-09,0.0
0.34500000000000003,0.1,0.1,0.3,0.09231046,0.09723765,0.2982775,6.0779386,-1.226862e-08,0.0
0.35000000000000003,0.1,0.1,0.3,0.090645164,0.09630262,0.29842877,5.7462096,3.4064406e-08,0.0
0.355,0.1,0.1,0.3,0.084358454,0.100255184,0.29853866,5.539029,9.050599e-09,0.0
0.36,0.1,0.1,0.3,0.0940088,0.09574685,0.29878166,5.4828835,7.1202995e-09,0.0
0.365,0.1,0.1,0.3,0.080876894,0.10449701,0.299018,5.3934073,-1.3031315e-08,0.0
0.37,0.1,0.1,0.3,0.07204259,0.10879709,0.29897243,5.32471,2.58319e-09,0.0
0.375,0.1,0.1,0.3,0.076055855,0.11241911,0.29922014,5.2576275,6.98596e-09,0.0
0.38,0.1,0.1,0.3,0.08987918,0.10835859,0.29944673,5.0354843,-1.6922947e-08,0.0
0.385,0.1,0.1,0.3,0.09486866,0.0962924,0.2989725,4.7529917,-1.40286245e-08,0.0
0.39,0.1,0.1,0.3,0.08569159,0.10252195,0.29897535,4.534794,1.6776424e-08,0.0
0.395,0.1,0.1,0.3,0.09859935,0.092844605,0.29888514,4.522842,-3.7335447e-08,0.0
0.4,0.1,0.1,0.3,0.11393844,0.086255744,0.29892004,4.613319,9.301938e-09,0.0
0.405,0.1,0.1,0.3,0.102307215,0.09511075,0.2989865,4.802788,1.559533e-08,0.0
0.41000000000000003,0.1,0.1,0.3,0.10343385,0.09849063,0.29920796,5.2141685,1.88317e-08,0.0
0.41500000000000004,0.1,0.1,0.3,0.09951626,0.09832648,0.2990109,5.594559,1.7905968e-08,0.0
0.42,0.1,0.1,0.3,0.09271962,0.1018741,0.29875794,5.9769626,2.9303305e-08,0.0
0.425,0.1,0.1,0.3,0.09521597,0.1010705,0.29875046,6.3521695,3.81624e-08,0.0
0.43,0.1,0.1,0.3,0.1000365,0.096650876,0.2986134,6.4822373,-1.9581835e-08,0.0
0.435,0.1,0.1,0.3,0.09786988,0.09648394,0.2984992,6.374246,1.2556588e-08,0.0
0.44,0.1,0.1,0.3,0.10264714,0.09594047,0.2985673,6.3163342,-2.081128e-09,0.0
0.445,0.1,0.1,0.3,0.10324723,0.09593312,0.29857084,6.2268605,-4.959818e-09,0.0
0.45,0.1,0.1,0.3,0.11679348,0.089306004,0.29851848,6.0456133,-4.163539e-09,0.0
0.455,0.1,0.1,0.3,0.10487394,0.094494864,0.29846475,5.900452,1.2115465e-08,0.0
0.46,0.1,0.1,0.3,0.10683363,0.10181445,0.2989087,5.970594,1.724424e-09,0.0
0.465,0.1,0.1,0.3,0.09481524,0.11014956,0.29878885,6.05494,-3.3467207e-09,0.0
0.47000000000000003,0.1,0.1,0.3,0.10451921,0.102203056,0.2986735,6.1596856,1.374802e-08,0.0
0.47500000000000003,0.1,0.1,0.3,0.08991556,0.11109482,0.29873675,6.1925635,-2.4220344e-09,0.0
0.48,0.1,0.1,0.3,0.10329989,0.09243354,0.2982363,6.2068887,2.8810343e-09,0.0
0.485,0.1,0.1,0.3,0.109633125,0.09668811,0.29865596,6.1507483,2.5412472e-08,0.0
0.49,0.1,0.1,0.3,0.10105987,0.09993291,0.29863518,6.037257,1.9171926e-09,0.0
0.495,0.1,0.1,0.3,0.11050753,0.09184958,0.29851303,6.065794,4.8534275e-08,0.0
0.5,0.1,0.1,0.3,0.11431833,0.09122214,0.2986064,6.116004,2.8746456e-08,0.0
0.505,0.1,0.1,0.3,0.115483776,0.08976589,0.29855388,6.1249857,-3.516119e-09,0.0
0.51,0.1,0.1,0.3,0.111774445,0.09066005,0.29850915,6.1221633,-4.9474504e-08,0.0
0.515,0.1,0.1,0.3,0.103564516,0.09904928,0.29869044,6.3075404,3.5563875e-08,0.0
0.52,0.1,0.1,0.3,0.09549368,0.10212301,0.2985881,6.6398478,1.6737122e-08,0.0
0.525,0.1,0.1,0.3,0.10148573,0.10063332,0.2986886,6.9432616,2.8522468e-08,0.0
0.53,0.1,0.1,0.3,0.09371327,0.103543684,0.2986132,7.008199,-1.8996581e-10,0.0
0.535,0.1,0.1,0.3,0.09792052,0.10176804,0.29854104,6.9705114,3.6701802e-09,0.0
0.54,0.1,0.1,0.3,0.09487331,0.102705546,0.29848182,6.7769976,8.952974e-09,0.0
0.545,0.1,0.1,0.3,0.096530184,0.10158026,0.29847082,6.5899887,-3.852115e-08,0.0
0.55,0.1,0.1,0.3,0.09590143,0.10486574,0.29866472,6.335995,2.853979e-08,0.0
0.555,0.1,0.1,0.3,0.110075824,0.09092694,0.29841375,6.1637144,1.66817e-09,0.0
0.56,0.1,0.1,0.3,0.105594695,0.0941762,0.29848564,6.049329,5.561909e-09,0.0
0.5650000000000001,0.1,0.1,0.3,0.105172254,0.09653891,0.29850224,6.111169,-3.1181535e-09,0.0
0.5700000000000001,0.1,0.1,0.3,0.10231727,0.100447655,0.29859817,6.3737135,1.4263692e-08,0.0
0.5750000000000001,0.1,0.1,0.3,0.103969045,0.096903294,0.2984839,6.7179084,2.1793536e-08,0.0
0.58,0.1,0.1,0.3,0.10521265,0.09755307,0.2985855,6.8728743,8.363546e-09,0.0
0.585,0.1,0.1,0.3,0.10259056,0.09703172,0.29848513,6.7947655,5.311495e-09,0.0
0.59,0.1,0.1,0.3,0.10505978,0.0893673,0.29819676,6.759518,1.2137231e-08,0.0
0.595,0.1,0.1,0.3,0.10295988,0.09373294,0.29839465,6.6635294,-1.7000355e-08,0.0
0.6,0.1,0.1,0.3,0.11252707,0.082248814,0.298071,6.634652,5.965326e-10,0.0
0.605,0.1,0.1,0.3,0.112952225,0.0870232,0.29826325,6.6018286,1.2166039e-08,0.0
0.61,0.1,0.1,0.3,0.10049598,0.09021227,0.29808795,6.4980392,7.982168e-09,0.0
0.615,0.1,0.1,0.3,0.09446608,0.098048285,0.29831707,6.4866056,-8.426759e-09,0.0
0.62,0.1,0.1,0.3,0.09325171,0.09912169,0.29850674,6.56143,-1.0530641e-09,0.0
0.625,0.1,0.1,0.3,0.09559178,0.0979863,0.2984382,6.6557846,6.0226584e-09,0.0
0.63,0.1,0.1,0.3,0.10728047,0.09082527,0.29842687,6.5713363,2.885024e-09,0.0
0.635,0.1,0.1,0.3,0.10859968,0.0875489,0.29848802,6.3530836,6.4462333e-09,0.0
0.64,0.1,0.1,0.3,0.105054714,0.091345936,0.2985371,6.1145635,8.2036244e-09,0.0
0.645,0.1,0.1,0.3,0.10119739,0.09170623,0.298411,6.0796146,4.7349884e-09,0.0
0.65,0.1,0.1,0.3,0.09687833,0.10039981,0.29885367,6.248179,1.3551833e-08,0.0
0.655,0.1,0.1,0.3,0.104144655,0.09100732,0.2985286,6.4889727,1.77304e-08,0.0
0.66,0.1,0.1,0.3,0.10539045,0.09486659,0.29869244,6.582005,1.5378802e-09,0.0
0.665,0.1,0.1,0.3,0.09626701,0.103828974,0.29906,6.4971085,-5.2124354e-09,0.0
0.67,0.1,0.1,0.3,0.097917035,0.09808733,0.29880252,6.4487863,-1.9651807e-10,0.0
0.675,0.1,0.1,0.3,0.101174325,0.09403799,0.29863945,6.3168106,-4.318148e-08,0.0
0.68,0.1,0.1,0.3,0.104318425,0.09288135,0.2988555,6.067697,-4.412023e-09,0.0
0.685,0.1,0.1,0.3,0.10066728,0.09490703,0.29890797,5.798841,9.941111e-09,0.0
0.6900000000000001,0.1,0.1,0.3,0.094677135,0.09499011,0.2985104,5.735207,2.0031742e-10,0.0
0.6950000000000001,0.1,0.1,0.3,0.09173667,0.10199116,0.2989167,5.8604536,-3.7122816e-09,0.0
0.7000000000000001,0.1,0.1,0.3,0.09157916,0.099581994,0.29882506,6.0544696,7.4114404e-09,0.0
0.705,0.1,0.1,0.3,0.077779,0.10894054,0.2987493,6.2590384,4.0806802e-09,0.0
0.71,0.1,0.1,0.3,0.09124638,0.09820672,0.2987422,6.3465586,-3.782311e-08,0.0
0.715,0.1,0.1,0.3,0.10302203,0.088981606,0.29872206,6.208474,3.0162794e-10,0.0
0.72,0.1,0.1,0.3,0.08940765,0.10195133,0.29886383,5.958506,-3.0715146e-09,0.0
0.725,0.1,0.1,0.3,0.09863622,0.09862816,0.29915848,5.802751,-1.7622304e-08,0.0
0.73,0.1,0.1,0.3,0.100520924,0.0967378,0.2992015,5.652743,1.4675753e-08,0.0
0.735,0.1,0.1,0.3,0.09196967,0.09969507,0.29898876,5.4698973,6.9329498e-09,0.0
0.74,0.1,0.1,0.3,0.09183377,0.0990035,0.29900736,5.427279,-2.2485668e-08,0.0
0.745,0.1,0.1,0.3,0.08625262,0.10397433,0.2992748,5.5538373,4.1487342e-09,0.0
0.75,0.1,0.1,0.3,0.09116679,0.099346355,0.29910275,5.737467,5.30678e-09,0.0
0.755,0.1,0.1,0.3,0.09569768,0.0971019,0.29907018,5.7639956,-9.318246e-09,0.0
0.76,0.1,0.1,0.3,0.086856425,0.099312775,0.29912096,5.6309605,-4.0437556e-08,0.0
0.765,0.1,0.1,0.3,0.08877064,0.09673203,0.29903883,5.55073,-6.783066e-09,0.0
0.77,0.1,0.1,0.3,0.090490885,0.09632166,0.2990163,5.4127316,2.0594598e-08,0.0
0.775,0.1,0.1,0.3,0.097532086,0.0921095,0.29913205,5.1768236,-8.94018e-09,0.0
0.78,0.1,0.1,0.3,0.09895736,0.09617319,0.29952398,4.954431,-4.866194e-09,0.0
0.785,0.1,0.1,0.3,0.09592955,0.101047024,0.29954046,4.800399,-7.1231683e-09,0.0
0.79,0.1,0.1,0.3,0.08548635,0.104427524,0.29941383,4.8898168,1.5017878e-08,0.0
0.795,0.1,0.1,0.3,0.07960624,0.1035949,0.29923254,5.13982,1.7095003e-08,0.0
0.8,0.1,0.1,0.3,0.08280333,0.09971839,0.29901168,5.3811717,2.0216856e-08,0.0
0.805,0.1,0.1,0.3,0.08141053,0.09700219,0.2989029,5.415791,-1.8002975e-09,0.0
0.81,0.1,0.1,0.3,0.0819506,0.09807014,0.29902148,5.393792,-3.6034905e-08,0.0
0.8150000000000001,0.1,0.1,0.3,0.0772517,0.10787777,0.29930198,5.255114,1.6422302e-08,0.0
0.8200000000000001,0.1,0.1,0.3,0.086984776,0.105650716,0.2993001,5.107796,-7.384707e-10,0.0
0.8250000000000001,0.1,0.1,0.3,0.09653736,0.09686866,0.29943153,4.9366436,5.5397303e-10,0.0
0.8300000000000001,0.1,0.1,0.3,0.0994148,0.091982335,0.29932958,4.7731724,-1.02748485e-08,0.0
0.835,0.1,0.1,0.3,0.10626613,0.08835928,0.29936433,4.6789775,1.6419511e-08,0.0
0.84,0.1,0.1,0.3,0.10415473,0.08536712,0.29934326,4.6935744,5.3952137e-10,0.0
0.845,0.1,0.1,0.3,0.09097251,0.09897454,0.29958284,4.9898753,4.5209646e-08,0.0
0.85,0.1,0.1,0.3,0.077102095,0.10707901,0.2995274,5.4386554,1.7265476e-08,0.0
0.855,0.1,0.1,0.3,0.09286289,0.100657925,0.2998243,5.779136,2.346103e-08,0.0
0.86,0.1,0.1,0.3,0.0927586,0.10415346,0.3001011,5.8818374,3.2411969e-09,0.0
0.865,0.1,0.1,0.3,0.09232096,0.10357455,0.29994625,5.9644814,2.8944778e-09,0.0
0.87,0.1,0.1,0.3,0.096114755,0.09979335,0.29998353,6.1141944,2.8255515e-08,0.0
0.875,0.1,0.1,0.3,0.086175874,0.0993848,0.29968232,6.127205,2.3444593e-09,0.0
0.88,0.1,0.1,0.3,0.07161931,0.11099558,0.29969954,6.082543,3.2318876e-08,0.0
0.885,0.1,0.1,0.3,0.07496605,0.11094477,0.29976606,5.9612694,-1.9287365e-09,0.0
0.89,0.1,0.1,0.3,0.082063854,0.104714386,0.29980427,5.6131883,8.205863e-09,0.0
0.895,0.1,0.1,0.3,0.08714295,0.10184454,0.2997533,5.125919,1.6975042e-08,0.0
0.9,0.1,0.1,0.3,0.09122282,0.096916944,0.29969704,4.654227,-3.1954915e-08,0.0
0.905,0.1,0.1,0.3,0.095535696,0.09461051,0.29981053,4.290768,-5.0463825e-08,0.0
0.91,0.1,0.1,0.3,0.093928,0.09834225,0.2998984,4.0867434,4.7252207e-09,0.0
0.915,0.1,0.1,0.3,0.08225771,0.105992615,0.2999253,4.208913,-4.5926987e-10,0.0
0.92,0.1,0.1,0.3,0.08410553,0.098478384,0.29967883,4.5379357,2.883338e-08,0.0
0.925,0.1,0.1,0.3,0.078434475,0.10363366,0.2997096,4.756242,1.6019294e-08,0.0
0.93,0.1,0.1,0.3,0.07313099,0.104002334,0.2993618,4.923936,-6.6787105e-09,0.0
0.935,0.1,0.1,0.3,0.07653685,0.09664199,0.29897517,5.063346,-2.1932694e-08,0.0
0.9400000000000001,0.1,0.1,0.3,0.1024153,0.08312403,0.298886,5.007616,1.0733605e-08,0.0
0.9450000000000001,0.1,0.1,0.3,0.09585263,0.095357515,0.29887533,4.9110775,-4.2641414e-08,0.0
0.9500000000000001,0.1,0.1,0.3,0.08972629,0.09703481,0.298282,5.030696,-3.8476692e-08,0.0
0.9550000000000001,0.1,0.1,0.3,0.08676911,0.1041865,0.2980925,5.312833,1.24251285e-08,0.0
0.96,0.1,0.1,0.3,0.09883363,0.09966197,0.29764894,5.622988,-1.0809866e-08,0.0
0.965,0.1,0.1,0.3,0.09693569,0.10118103,0.29694667,5.793867,4.0191157e-08,0.0
0.97,0.1,0.1,0.3,0.10387507,0.09722865,0.2963935,5.976658,2.1176401e-08,0.0
0.975,0.1,0.1,0.3,0.09684322,0.100551955,0.29579324,6.0861907,-2.9177421e-08,0.0
0.98,0.1,0.1,0.3,0.09135527,0.10787179,0.29556352,6.2089176,-4.7599316e-09,0.0
0.985,0.1,0.1,0.3,0.08967662,0.10386435,0.29491827,6.3653,9.517809e-10,0.0
0.99,0.1,0.1,0.3,0.08597431,0.10279454,0.29433057,6.494481,-1.9206029e-08,0.0
0.995,0.1,0.1,0.3,0.09695726,0.09781614,0.2945617,6.5587897,1.9297614e-08,0.0
1.0,0.1,0.1,0.3,0.098477885,0.09631541,0.29461426,6.4475965,-3.7065964e-09,0.0
1.0050000000000001,0.1,0.1,0.3,0.090099245,0.103635274,0.29484925,6.183631,-1.611181e-08,0.0
1.01,0.1,0.1,0.3,0.09449534,0.099263266,0.29500097,5.9869547,-1.4833445e-08,0.0
1.0150000000000001,0.1,0.1,0.3,0.097930506,0.09715071,0.2950669,5.76825,-3.9559676e-09,0.0
1.02,0.1,0.1,0.3,0.09578079,0.098158196,0.29508463,5.49855,-1.818832e-08,0.0
1.025,0.1,0.1,0.3,0.09521553,0.09557626,0.29518807,5.4170504,-2.8770613e-09,0.0
1.03,0.1,0.1,0.3,0.10646426,0.090768956,0.29546016,5.5594225,1.5104943e-08,0.0
1.035,0.1,0.1,0.3,0.10797453,0.09064977,0.29553,5.706163,1.9401475e-10,0.0
1.04,0.1,0.1,0.3,0.10616457,0.091321036,0.2957814,5.781477,-6.931042e-09,0.0
1.045,0.1,0.1,0.3,0.10357294,0.08944183,0.29577506,5.999813,1.844309e-08,0.0
1.05,0.1,0.1,0.3,0.0916896,0.09830839,0.29598072,6.3697,2.9203006e-08,0.0
1.055,0.1,0.1,0.3,0.092821755,0.096093416,0.29616898,6.7036314,2.4469605e-08,0.0
1.06,0.1,0.1,0.3,0.08995026,0.0986918,0.2964091,6.753818,-7.194435e-09,0.0
1.065,0.1,0.1,0.3,0.09610558,0.09988518,0.29667446,6.684791,-1.5699294e-09,0.0
1.07,0.1,0.1,0.3,0.0966587,0.09879398,0.29687053,6.4822626,1.026358e-08,0.0
1.075,0.1,0.1,0.3,0.100955494,0.09326871,0.29689148,6.1409473,-2.100083e-08,0.0
1.08,0.1,0.1,0.3,0.09760837,0.09828401,0.29704684,5.771655,-9.759934e-09,0.0
1.085,0.1,0.1,0.3,0.08546579,0.10347713,0.2970233,5.612566,4.2210906e-09,0.0
1.09,0.1,0.1,0.3,0.095421106,0.09179226,0.29686698,5.6108584,-2.4829568e-08,0.0
1.095,0.1,0.1,0.3,0.09242656,0.09490329,0.29697612,5.5500426,1.2936486e-08,0.0
1.1,0.1,0.1,0.3,0.09820161,0.09247783,0.2972965,5.5689754,7.946456e-09,0.0
1.105,0.1,0.1,0.3,0.10736177,0.089567475,0.29760846,5.573618,6.148745e-09,0.0
1.11,0.1,0.1,0.3,0.09548508,0.0987917,0.29789236,5.542803,-5.886159e-09,0.0
1.115,0.1,0.1,0.3,0.10093065,0.093261726,0.29782876,5.641327,1.714597e-08,0.0
1.12,0.1,0.1,0.3,0.09128737,0.099193454,0.298063,5.714477,4.284729e-08,0.0
1.125,0.1,0.1,0.3,0.097772375,0.09586639,0.29826948,5.809627,1.5605625e-08,0.0
1.1300000000000001,0.1,0.1,0.3,0.09662687,0.09471463,0.2981794,5.8277693,2.446801e-09,0.0
1.135,0.1,0.1,0.3,0.099154025,0.09173479,0.2980947,5.9003205,-3.753531e-08,0.0
1.1400000000000001,0.1,0.1,0.3,0.09584297,0.09277086,0.29805303,5.9168663,-1.7422197e-08,0.0
1.145,0.1,0.1,0.3,0.1007966,0.09240661,0.29828474,5.9755006,-1.0432543e-08,0.0
1.1500000000000001,0.1,0.1,0.3,0.100822486,0.092677824,0.2983697,5.9835544,8.589811e-09,0.0
1.155,0.1,0.1,0.3,0.10616636,0.09386032,0.29870054,5.875202,-1.4418343e-08,0.0
1.16,0.1,0.1,0.3,0.1045674,0.09435531,0.29889587,5.7324986,-5.4329607e-09,0.0
1.165,0.1,0.1,0.3,0.09802602,0.10050041,0.29901043,5.794525,9.274014e-09,0.0
1.17,0.1,0.1,0.3,0.09723372,0.10028333,0.29902074,6.0377383,3.2209304e-09,0.0
1.175,0.1,0.1,0.3,0.092509136,0.10185174,0.29905385,6.3437123,3.2296313e-08,0.0
1.18,0.1,0.1,0.3,0.09345975,0.099899925,0.29906094,6.6204047,2.3381276e-08,0.0
1.185,0.1,0.1,0.3,0.09591936,0.09330833,0.29874972,6.6486716,9.679058e-10,0.0
1.19,0.1,0.1,0.3,0.094524935,0.09655817,0.2990767,6.4275475,-2.8039766e-08,0.0
1.195,0.1,0.1,0.3,0.09627309,0.09383741,0.29911602,6.255281,-2.8796299e-09,0.0
1.2,0.1,0.1,0.3,0.09338373,0.09923904,0.29918957,6.0494127,-6.3319052e-09,0.0
1.205,0.1,0.1,0.3,0.10287071,0.09628541,0.2995641,5.9232907,-4.619317e-09,0.0
1.21,0.1,0.1,0.3,0.09867617,0.10029941,0.29973125,5.8186507,2.4274889e-09,0.0
1.215,0.1,0.1,0.3,0.089413814,0.10421699,0.2997143,5.842606,-4.675181e-10,0.0
1.22,0.1,0.1,0.3,0.09264723,0.1036801,0.29978478,5.967553,-3.1222534e-08,0.0
1.225,0.1,0.1,0.3,0.094842926,0.10325651,0.299862,5.94958,1.1959375e-08,0.0
1.23,0.1,0.1,0.3,0.083987094,0.11269832,0.29997638,5.7692394,-1.0919145e-08,0.0
1.235,0.1,0.1,0.3,0.088875055,0.106906295,0.2996933,5.6185155,-3.088165e-09,0.0
1.24,0.1,0.1,0.3,0.0953021,0.09914569,0.29932547,5.414629,3.4800303e-09,0.0
1.245,0.1,0.1,0.3,0.099521115,0.09531874,0.29902622,5.162821,1.307809e-08,0.0
1.25,0.1,0.1,0.3,0.089522675,0.10380026,0.29875478,4.955022,2.319011e-08,0.0
1.2550000000000001,0.1,0.1,0.3,0.08707167,0.10333906,0.2983424,4.9390793,2.8769028e-08,0.0
1.26,0.1,0.1,0.3,0.081387505,0.109587334,0.29799333,5.0985475,-3.5859666e-09,0.0
1.2650000000000001,0.1,0.1,0.3,0.097181894,0.097250685,0.29728854,5.3038425,8.192611e-09,0.0
1.27,0.1,0.1,0.3,0.08941366,0.102659546,0.29673454,5.415301,3.635163e-08,0.0
1.2750000000000001,0.1,0.1,0.3,0.08798068,0.09947443,0.2959611,5.5467863,5.174655e-09,0.0
1.28,0.1,0.1,0.3,0.084657356,0.102729686,0.29546538,5.734386,1.531089e-08,0.0
1.285,0.1,0.1,0.3,0.08296528,0.103374444,0.29507014,5.9061384,2.3597678e-08,0.0
1.29,0.1,0.1,0.3,0.09153735,0.10401534,0.29501167,6.0222306,-1.0596773e-09,0.0
1.295,0.1,0.1,0.3,0.08827174,0.106473096,0.2949375,5.9595184,2.79682e-08,0.0
1.3,0.1,0.1,0.3,0.093258634,0.10333548,0.2949746,5.8835773,-3.003317e-08,0.0
1.305,0.1,0.1,0.3,0.103441656,0.088064164,0.29446766,5.741097,-3.623459e-09,0.0
1.31,0.1,0.1,0.3,0.09604622,0.09086994,0.29457843,5.550924,1.1764236e-08,0.0
1.315,0.1,0.1,0.3,0.10199599,0.08908764,0.294834,5.5329185,1.4440726e-09,0.0
1.32,0.1,0.1,0.3,0.10540881,0.09488972,0.29538372,5.552973,7.535974e-09,0.0
1.325,0.1,0.1,0.3,0.10420602,0.09346984,0.29547587,5.535208,1.2624178e-09,0.0
1.33,0.1,0.1,0.3,0.09912058,0.0964035,0.29571858,5.7012787,2.6846761e-08,0.0
1.335,0.1,0.1,0.3,0.087391175,0.09691791,0.29539627,6.0328856,2.4472087e-08,0.0
1.34,0.1,0.1,0.3,0.07876762,0.10183797,0.2955172,6.3289676,-2.6654627e-09,0.0
1.345,0.1,0.1,0.3,0.07004877,0.11265012,0.29613954,6.4640427,-3.685558e-09,0.0
1.35,0.1,0.1,0.3,0.09110115,0.10178878,0.2963121,6.3845615,5.0112106e-09,0.0
1.355,0.1,0.1,0.3,0.11257347,0.08750644,0.29639247,6.1064878,1.2620606e-08,0.0
1.36,0.1,0.1,0.3,0.11435389,0.0857801,0.29658502,5.8332405,-8.314375e-09,0.0
1.365,0.1,0.1,0.3,0.11555896,0.08137877,0.29643694,5.6672764,-5.686376e-10,0.0
1.37,0.1,0.1,0.3,0.10346899,0.083746195,0.29624304,5.6026115,-1.0561177e-08,0.0
1.375,0.1,0.1,0.3,0.081505276,0.102228515,0.29675537,5.7491994,5.068039e-08,0.0
1.3800000000000001,0.1,0.1,0.3,0.08221984,0.10793637,0.29729787,5.9289865,-2.1773659e-10,0.0
1.385,0.1,0.1,0.3,0.08737107,0.10974042,0.29765466,5.8632803,-3.3820164e-09,0.0
1.3900000000000001,0.1,0.1,0.3,0.08410147,0.11375986,0.29804254,5.5866857,-1.307825e-08,0.0
1.395,0.1,0.1,0.3,0.10650955,0.098581344,0.29807678,5.372846,6.318526e-09,0.0
1.4000000000000001,0.1,0.1,0.3,0.113798045,0.09448625,0.29821175,5.263742,-1.0328437e-08,0.0
1.405,0.1,0.1,0.3,0.12022876,0.082781844,0.29788685,5.258966,7.251618e-09,0.0
1.41,0.1,0.1,0.3,0.10837246,0.083610825,0.29764688,5.381055,-1.7816864e-09,0.0
1.415,0.1,0.1,0.3,0.09531437,0.09248002,0.29787478,5.7311754,-3.262649e-08,0.0
1.42,0.1,0.1,0.3,0.07862869,0.104242355,0.29806882,6.1687026,1.792661e-08,0.0
1.425,0.1,0.1,0.3,0.0661463,0.1169367,0.29840082,6.444885,2.7051621e-08,0.0
1.43,0.1,0.1,0.3,0.067228176,0.11376894,0.29827744,6.4320035,-6.2322743e-09,0.0
1.435,0.1,0.1,0.3,0.07682029,0.10540342,0.29830417,6.0391912,1.436565e-08,0.0
1.44,0.1,0.1,0.3,0.09312045,0.090571865,0.29815772,5.4203563,1.1146331e-08,0.0
1.445,0.1,0.1,0.3,0.09439529,0.08825445,0.2981841,4.8445797,3.8056154e-08,0.0
1.45,0.1,0.1,0.3,0.0922513,0.09253607,0.2984083,4.4267125,6.3735095e-10,0.0
1.455,0.1,0.1,0.3,0.09518199,0.090988,0.29848224,4.346335,1.3764907e-08,0.0
1.46,0.1,0.1,0.3,0.086038455,0.10308693,0.2989792,4.4223247,1.3691159e-08,0.0
1.465,0.1,0.1,0.3,0.089811586,0.10246791,0.29937023,4.6290646,7.723995e-10,0.0
1.47,0.1,0.1,0.3,0.0820067,0.10355618,0.29905677,4.805334,-2.1761513e-09,0.0
1.475,0.1,0.1,0.3,0.08874515,0.0994091,0.2992534,4.9816394,3.025028e-08,0.0
1.48,0.1,0.1,0.3,0.0993758,0.09432767,0.29952177,5.069881,-4.4148155e-10,0.0
1.485,0.1,0.1,0.3,0.094852485,0.095846325,0.29941404,5.084908,6.3424417e-09,0.0
1.49,0.1,0.1,0.3,0.093065664,0.0980495,0.29955557,5.241771,-2.6169463e-08,0.0
1.495,0.1,0.1,0.3,0.093626775,0.099017866,0.2997427,5.54534,2.1846091e-08,0.0
1.5,0.1,0.1,0.3,0.09481442,0.096433,0.29953456,5.7190495,6.2609384e-09,0.0
1.5050000000000001,0.1,0.1,0.3,0.08748561,0.101728365,0.29943338,5.693778,5.3182614e-08,0.0
1.51,0.1,0.1,0.3,0.097788855,0.093824595,0.29933545,5.6770825,-1.6491137e-08,0.0
1.5150000000000001,0.1,0.1,0.3,0.091752924,0.097250104,0.29910123,5.619003,-6.7463466e-09,0.0
1.52,0.1,0.1,0.3,0.08073314,0.104694284,0.29863432,5.6298623,2.8706976e-08,0.0
1.5250000000000001,0.1,0.1,0.3,0.0924933,0.09451948,0.29811373,5.6817226,-9.8349044e-09,0.0
1.53,0.1,0.1,0.3,0.10068361,0.085917495,0.2974941,5.6128564,-1.4363246e-08,0.0
1.5350000000000001,0.1,0.1,0.3,0.111691676,0.08195726,0.29741517,5.46821,-8.672535e-09,0.0
1.54,0.1,0.1,0.3,0.10530119,0.08546284,0.29694453,5.379565,-2.0927384e-08,0.0
1.545,0.1,0.1,0.3,0.10098522,0.09134499,0.29695186,5.540928,6.455785e-08,0.0
1.55,0.1,0.1,0.3,0.10271993,0.09210067,0.29684392,5.903739,4.648086e-08,0.0
1.555,0.1,0.1,0.3,0.09976113,0.09602054,0.2968511,6.1508627,3.2130114e-08,0.0
1.56,0.1,0.1,0.3,0.099558495,0.09604284,0.29667524,6.37536,-1.6093828e-08,0.0
1.565,0.1,0.1,0.3,0.10511856,0.090580806,0.29653174,6.6505127,3.6934658e-08,0.0
1.57,0.1,0.1,0.3,0.11113551,0.0856498,0.29645818,6.762315,-4.767681e-09,0.0
1.575,0.1,0.1,0.3,0.10938346,0.089201465,0.29661793,6.70216,-1.4451505e-08,0.0
1.58,0.1,0.1,0.3,0.09915934,0.09262034,0.29652923,6.7560487,8.828315e-09,0.0
1.585,0.1,0.1,0.3,0.10166491,0.08884,0.29648334,6.9088936,7.652441e-09,0.0
1.59,0.1,0.1,0.3,0.1030576,0.09023239,0.29674754,6.8895745,1.4453344e-08,0.0
1.595,0.1,0.1,0.3,0.10171536,0.091775805,0.29696175,6.6751537,1.8163964e-09,0.0
1.6,0.1,0.1,0.3,0.09386255,0.09616814,0.29703954,6.553046,1.4544135e-08,0.0
1.605,0.1,0.1,0.3,0.08195353,0.10536285,0.29714912,6.548493,-2.9130494e-09,0.0
1.61,0.1,0.1,0.3,0.092702106,0.09964287,0.29748896,6.508584,-1.5438014e-09,0.0
1.615,0.1,0.1,0.3,0.0896319,0.098685965,0.29744527,6.2961764,-1.1969065e-08,0.0
1.62,0.1,0.1,0.3,0.10127143,0.09039114,0.29758835,6.098488,-2.799231e-09,0.0
1.625,0.1,0.1,0.3,0.09610945,0.095619716,0.2978695,5.902495,3.2437548e-09,0.0
1.6300000000000001,0.1,0.1,0.3,0.10562069,0.08838924,0.29809672,5.8336954,-2.969192e-11,0.0
1.635,0.1,0.1,0.3,0.094618045,0.09776822,0.29834297,5.8031373,-1.3843814e-09,0.0
1.6400000000000001,0.1,0.1,0.3,0.098509595,0.09899988,0.29877082,5.857294,-1.9520858e-09,0.0
1.645,0.1,0.1,0.3,0.08294491,0.1082472,0.29871383,5.8591704,-1.1983624e-09,0.0
1.6500000000000001,0.1,0.1,0.3,0.08262262,0.104114875,0.2984034,5.819992,-4.4570823e-09,0.0
1.655,0.1,0.1,0.3,0.088669494,0.09919481,0.29854432,5.796172,1.1873474e-08,0.0
1.6600000000000001,0.1,0.1,0.3,0.10394094,0.08566034,0.29845583,5.649968,-8.288131e-10,0.0
1.665,0.1,0.1,0.3,0.10655493,0.088561684,0.29894713,5.4576015,2.6445175e-08,0.0
1.67,0.1,0.1,0.3,0.10254919,0.08981212,0.29892766,5.3208456,-1.6971131e-09,0.0
1.675,0.1,0.1,0.3,0.10275035,0.09075887,0.29902378,5.4235215,-5.853001e-08,0.0
1.68,0.1,0.1,0.3,0.09048094,0.10002771,0.29906932,5.565684,9.111324e-09,0.0
1.685,0.1,0.1,0.3,0.087343134,0.10439858,0.29920435,5.7268496,8.632124e-09,0.0
1.69,0.1,0.1,0.3,0.08961122,0.102376685,0.2990211,5.9146833,7.637606e-09,0.0
1.695,0.1,0.1,0.3,0.10415354,0.0934454,0.2989122,5.9180646,2.0536804e-08,0.0
1.7,0.1,0.1,0.3,0.09487888,0.09843382,0.2986105,5.796056,-1.7471664e-09,0.0
1.705,0.1,0.1,0.3,0.08681422,0.10581906,0.29850423,5.7838426,2.4824466e-08,0.0
1.71,0.1,0.1,0.3,0.082533106,0.10411488,0.29764175,5.857104,5.7702294e-08,0.0
1.715,0.1,0.1,0.3,0.0834558,0.10502045,0.29735836,5.9177046,-1.0458909e-08,0.0
1.72,0.1,0.1,0.3,0.07887929,0.10535261,0.29678398,5.78108,6.7928294e-09,0.0
1.725,0.1,0.1,0.3,0.077722825,0.10775594,0.2964304,5.582915,1.1261364e-08,0.0
1.73,0.1,0.1,0.3,0.08954678,0.09722436,0.2957531,5.4305267,-5.760553e-08,0.0
1.735,0.1,0.1,0.3,0.092455044,0.09485109,0.29535863,5.228423,-5.449943e-09,0.0
1.74,0.1,0.1,0.3,0.09279694,0.09347058,0.2951363,4.9870367,-8.676157e-09,0.0
1.745,0.1,0.1,0.3,0.09924943,0.088322535,0.29519144,4.7608523,2.6766729e-09,0.0
1.75,0.1,0.1,0.3,0.09142616,0.09396908,0.2953095,4.615439,1.0623764e-08,0.0
1.7550000000000001,0.1,0.1,0.3,0.09378473,0.09513688,0.29564834,4.7019873,-5.2249884e-09,0.0
1.76,0.1,0.1,0.3,0.10217925,0.09112917,0.29588187,4.832885,2.4876618e-11,0.0
1.7650000000000001,0.1,0.1,0.3,0.105883084,0.08852905,0.29599717,4.938739,1.0661139e-08,0.0
1.77,0.1,0.1,0.3,0.10242923,0.0900697,0.29614288,5.061256,5.705353e-09,0.0
1.7750000000000001,0.1,0.1,0.3,0.09002727,0.09627301,0.29625544,5.371066,2.1447743e-08,0.0
1.78,0.1,0.1,0.3,0.08950756,0.09893663,0.29655725,5.7681904,1.8603057e-08,0.0
1.7850000000000001,0.1,0.1,0.3,0.08206637,0.10123781,0.2965381,6.122858,1.2957738e-08,0.0
1.79,0.1,0.1,0.3,0.085185654,0.10268391,0.29701802,6.3495417,3.312975e-08,0.0
1.795,0.1,0.1,0.3,0.08242993,0.10444387,0.29717547,6.287292,4.59257e-09,0.0
1.8,0.1,0.1,0.3,0.08318731,0.105767176,0.2973178,6.1189184,-1.1658918e-08,0.0
1.805,0.1,0.1,0.3,0.08441297,0.10517773,0.29760388,5.810958,-9.263649e-09,0.0
1.81,0.1,0.1,0.3,0.091759965,0.100098506,0.29773065,5.3651695,3.5939196e-09,0.0
1.815,0.1,0.1,0.3,0.087076955,0.10148736,0.2976802,4.927945,-1.2527755e-08,0.0
1.82,0.1,0.1,0.3,0.08397055,0.10328224,0.29791832,4.721888,3.3249903e-09,0.0
1.825,0.1,0.1,0.3,0.10041423,0.09445483,0.29830888,4.751931,-7.616194e-09,0.0
1.83,0.1,0.1,0.3,0.10943034,0.09055706,0.29853752,4.849332,5.4024905e-09,0.0
1.835,0.1,0.1,0.3,0.114618465,0.083035894,0.2983135,4.9931445,-9.404743e-10,0.0
1.84,0.1,0.1,0.3,0.11045827,0.09258777,0.29885083,5.204114,5.0555986e-09,0.0
1.845,0.1,0.1,0.3,0.092289574,0.10317458,0.29878658,5.6380506,2.7068838e-08,0.0
1.85,0.1,0.1,0.3,0.10815075,0.091375984,0.29886052,6.128125,5.0373156e-08,0.0
1.855,0.1,0.1,0.3,0.08616572,0.10080207,0.29868636,6.435077,-6.0011334e-09,0.0
1.86,0.1,0.1,0.3,0.08749938,0.10559885,0.29906565,6.5871162,2.6673977e-08,0.0
1.865,0.1,0.1,0.3,0.09095385,0.09792026,0.29880005,6.4779387,-3.5813768e-09,0.0
1.87,0.1,0.1,0.3,0.08218133,0.105718054,0.29900083,6.1390285,6.93034e-10,0.0
1.875,0.1,0.1,0.3,0.089214936,0.100649185,0.2991668,5.8168473,-2.374468e-10,0.0
1.8800000000000001,0.1,0.1,0.3,0.086675555,0.10035231,0.2992089,5.473561,3.0825291e-09,0.0
1.885,0.1,0.1,0.3,0.0824617,0.100468874,0.29914787,5.2534447,-1.5595981e-08,0.0
1.8900000000000001,0.1,0.1,0.3,0.085864455,0.099535376,0.29926777,5.193129,2.0893156e-08,0.0
1.895,0.1,0.1,0.3,0.086681545,0.10286504,0.29949942,5.0812054,-8.38081e-09,0.0
1.9000000000000001,0.1,0.1,0.3,0.08510112,0.10078239,0.29924384,4.877466,-8.422775e-09,0.0
1.905,0.1,0.1,0.3,0.07594119,0.10439196,0.29895675,4.803953,2.854396e-08,0.0
1.9100000000000001,0.1,0.1,0.3,0.08749253,0.100856,0.29903275,4.8422275,3.250666e-08,0.0
1.915,0.1,0.1,0.3,0.0865773,0.103929386,0.29894403,4.825168,-2.1133635e-09,0.0
1.92,0.1,0.1,0.3,0.08406894,0.10447714,0.29834422,4.896563,1.8013276e-08,0.0
1.925,0.1,0.1,0.3,0.0818056,0.10566621,0.29793563,5.0863547,1.2850496e-08,0.0
1.93,0.1,0.1,0.3,0.08320199,0.10515769,0.2973254,5.3051534,4.095724e-08,0.0
1.935,0.1,0.1,0.3,0.08746103,0.099589616,0.29657528,5.3450227,-2.236171e-08,0.0
1.94,0.1,0.1,0.3,0.08531335,0.101943225,0.29603836,5.2022266,-3.1545742e-08,0.0
1.945,0.1,0.1,0.3,0.08007729,0.10682112,0.2957686,5.1312366,5.3613056e-09,0.0
1.95,0.1,0.1,0.3,0.095072284,0.098825276,0.29581156,5.1620064,1.5537296e-08,0.0
1.955,0.1,0.1,0.3,0.10987421,0.086311586,0.29552147,5.1601696,7.672834e-09,0.0
1.96,0.1,0.1,0.3,0.09790349,0.0935908,0.2953908,5.1812253,1.0856429e-08,0.0
1.965,0.1,0.1,0.3,0.10040117,0.0925782,0.29561198,5.3823943,-1.5420369e-08,0.0
1.97,0.1,0.1,0.3,0.09728497,0.095130086,0.29577264,5.5648837,2.1624498e-09,0.0
1.975,0.1,0.1,0.3,0.10540951,0.08823315,0.2957487,5.7959785,1.6340636e-08,0.0
1.98,0.1,0.1,0.3,0.10018361,0.09027225,0.29580712,5.9706826,-4.6753725e-09,0.0
1.985,0.1,0.1,0.3,0.09750291,0.09169232,0.29602563,6.180929,5.536815e-10,0.0
1.99,0.1,0.1,0.3,0.10943449,0.08678181,0.29635447,6.459099,1.1280647e-08,0.0
1.995,0.1,0.1,0.3,0.10564907,0.090456426,0.2967308,6.615283,5.1987694e-09,0.0
2.0,0.10702426,0.10095882,0.288,0.09384477,0.096499905,0.2966459,6.792685,3.4769763e-09,0.0
2.005,0.10702426,0.10095882,0.288,0.09122023,0.09738172,0.29671592,6.97213,4.8730755e-08,0.0
2.0100000000000002,0.10702426,0.10095882,0.288,0.08722879,0.09957923,0.2967519,7.0727057,2.1917077e-09,0.0
2.015,0.10702426,0.10095882,0.288,0.08354452,0.105115645,0.29722014,7.0735474,-7.676874e-09,0.0
2.02,0.11404853,0.101917654,0.276,0.078888044,0.10548882,0.29709548,6.967702,-3.1609153e-09,0.0
2.025,0.11404853,0.101917654,0.276,0.09291684,0.09578583,0.29711673,6.7536316,-3.2176565e-08,0.0
2.0300000000000002,0.11404853,0.101917654,0.276,0.09123507,0.095916085,0.29703087,6.387892,9.949409e-09,0.0
2.035,0.11404853,0.101917654,0.276,0.10027506,0.09397824,0.29758024,6.090558,1.4238593e-08,0.0
2.04,0.12107281,0.10287647,0.264,0.09248657,0.094709516,0.29723457,5.829553,-4.1247365e-08,0.0
2.045,0.12107281,0.10287647,0.264,0.09678771,0.08904267,0.296704,5.6938705,-4.0232244e-09,0.0
2.05,0.12107281,0.10287647,0.264,0.08506183,0.10004636,0.2965393,5.5672607,5.7702296e-09,0.0
2.055,0.12107281,0.10287647,0.264,0.08782662,0.10204779,0.2962441,5.4869766,-1.0189701e-08,0.0
2.06,0.12809709,0.10383529,0.252,0.089303456,0.09353428,0.29452214,5.3435254,2.5002795e-08,0.0
2.065,0.12809709,0.10383529,0.252,0.08422063,0.09694811,0.29315937,5.103146,-2.2304004e-08,0.0
2.07,0.12809709,0.10383529,0.252,0.08252639,0.10098763,0.29198045,4.976965,1.5494125e-09,0.0
2.075,0.12809709,0.10383529,0.252,0.08547904,0.105341084,0.2902115,5.0044026,-2.6550023e-08,0.0
2.08,0.13512135,0.10479412,0.24,0.076157026,0.113091506,0.2876922,4.9706516,-3.8790624e-09,0.0
2.085,0.13512135,0.10479412,0.24,0.09179824,0.10526862,0.2855818,4.928091,1.9983624e-08,0.0
2.09,0.13512135,0.10479412,0.24,0.09608755,0.101446666,0.28275597,4.8705072,-2.0795392e-08,0.0
2.095,0.13512135,0.10479412,0.24,0.085232005,0.10461311,0.2794506,4.800167,3.4041005e-08,0.0
2.1,0.14214562,0.10575292,0.228,0.08845863,0.10808443,0.27708623,4.854661,5.1941786e-08,0.0
2.105,0.14214562,0.10575292,0.228,0.085326105,0.11203491,0.2742917,4.8864894,2.628653e-08,0.0
2.11,0.14214562,0.10575292,0.228,0.08186706,0.11456877,0.27082714,4.9762797,4.048374e-09,0.0
2.115,0.14214562,0.10575292,0.228,0.08072647,0.10908301,0.26763865,5.1485043,2.0969657e-09,0.0
2.12,0.14916988,0.10671176,0.216,0.086713046,0.10146808,0.2647016,5.332772,1.8824804e-09,0.0
2.125,0.14916988,0.10671176,0.216,0.08948086,0.10182832,0.2614271,5.3640323,-5.248466e-09,0.0
2.13,0.14916988,0.10671176,0.216,0.09197645,0.10222796,0.25850496,5.2372646,-2.3553868e-08,0.0
2.1350000000000002,0.14916988,0.10671176,0.216,0.090504,0.10346962,0.25588658,5.043837,2.2585368e-08,0.0
2.14,0.15619415,0.10767058,0.204,0.09512523,0.10577883,0.25298062,5.012784,-1.8370596e-08,0.0
2.145,0.15619415,0.10767058,0.204,0.11032122,0.10054877,0.25016624,5.0277877,-7.1990787e-09,0.0
2.15,0.15619415,0.10767058,0.204,0.12755002,0.09066864,0.247937,5.080785,5.3744627e-09,0.0
2.1550000000000002,0.15619415,0.10767058,0.204,0.13334136,0.08957452,0.24500753,5.298114,2.2325867e-08,0.0
2.16,0.16321841,0.1086294,0.192,0.1404456,0.08651943,0.24211614,5.681665,-6.86706e-09,0.0
2.165,0.16321841,0.1086294,0.192,0.14185776,0.087964244,0.23971231,6.183579,3.1868563e-09,0.0
2.17,0.16321841,0.1086294,0.192,0.13039358,0.10041408,0.23714322,6.7308455,1.8914747e-08,0.0
2.1750000000000003,0.16321841,0.1086294,0.192,0.13240759,0.09842665,0.23429509,7.424784,-1.8444664e-09,0.0
2.18,0.1702427,0.109588236,0.18,0.13865174,0.09378715,0.23181318,7.994839,4.0582908e-08,0.0
2.185,0.1702427,0.109588236,0.18,0.15108095,0.087540254,0.22920536,8.33509,2.7906825e-08,0.0
2.19,0.1702427,0.109588236,0.18,0.16704349,0.08170389,0.22652929,8.575303,2.694154e-10,0.0
2.195,0.1702427,0.109588236,0.18,0.16433781,0.08707142,0.22434446,8.852061,6.9900605e-09,0.0
2.2,0.17726697,0.11054705,0.16799998,0.1563339,0.08505606,0.2221409,9.448774,6.922723e-08,0.0
2.205,0.17726697,0.11054705,0.16799998,0.16201662,0.08763271,0.21899277,10.280645,5.814077e-08,0.0
2.21,0.17726697,0.11054705,0.16799998,0.16491131,0.09847792,0.21672755,10.910446,5.091398e-09,0.0
2.215,0.17726697,0.11054705,0.16799998,0.16049929,0.10303024,0.21486495,11.23993,8.485148e-10,0.0
2.22,0.18429124,0.11150587,0.156,0.16098914,0.10154524,0.21174106,11.61311,3.3408924e-08,0.0
2.225,0.18429124,0.11150587,0.156,0.1687478,0.0973308,0.20912421,11.83165,1.2389809e-08,0.0
2.23,0.18429124,0.11150587,0.156,0.16431618,0.10465855,0.20684782,11.830825,-3.273751e-09,0.0
2.235,0.18429124,0.11150587,0.156,0.16138583,0.10168393,0.20444192,11.977044,5.8402176e-09,0.0
2.24,0.19131552,0.1124647,0.144,0.15152061,0.1160355,0.20153964,12.322951,9.491307e-09,0.0
2.245,0.19131552,0.1124647,0.144,0.16040896,0.11905489,0.19957201,12.688978,2.4936393e-08,0.0
2.25,0.19131552,0.1124647,0.144,0.16484319,0.1100544,0.19703254,12.756542,0.13549168,0.0
2.255,0.19131552,0.1124647,0.144,0.16574255,0.10713171,0.19480139,12.552084,0.31602168,0.0
2.2600000000000002,0.19833978,0.113423504,0.13199998,0.17399843,0.11613871,0.19242303,12.231699,0.36701775,0.0
2.265,0.19833978,0.113423504,0.13199998,0.16896617,0.11362669,0.19033442,11.937642,0.13352486,0.0
2.27,0.19833978,0.113423504,0.13199998,0.16984367,0.105360605,0.18772878,11.911994,1.421875e-09,0.0
2.275,0.19833978,0.113423504,0.13199998,0.17383191,0.107650146,0.18556264,11.911618,-1.7543456e-09,0.0
2.2800000000000002,0.20536406,0.11438234,0.12,0.18416579,0.113578185,0.18293506,11.817999,-1.1243031e-08,0.0
2.285,0.20536406,0.11438234,0.12,0.18714601,0.10502948,0.18001866,11.744477,-7.106752e-10,0.0
2.29,0.20536406,0.11438234,0.12,0.18554066,0.101957366,0.17795104,11.739318,-1.642802e-09,0.0
2.295,0.20536406,0.11438234,0.12,0.18823266,0.10217435,0.1757206,12.103053,4.0189065e-08,0.0
2.3000000000000003,0.21238832,0.11534118,0.10800001,0.181949,0.10660784,0.1731444,12.532154,3.4224643e-09,0.0
2.305,0.21238832,0.11534118,0.10800001,0.18941583,0.110732675,0.17056812,13.093324,3.99278e-08,0.0
2.31,0.21238832,0.11534118,0.10800001,0.1877837,0.111490265,0.1690275,13.564372,0.013174522,0.0
2.315,0.21238832,0.11534118,0.10800001,0.1923745,0.11239394,0.1662114,14.12327,6.674231e-08,0.0
2.32,0.2194126,0.116299994,0.096,0.196796,0.11400409,0.1634217,14.546161,0.053363785,0.0
2.325,0.2194126,0.116299994,0.096,0.19637637,0.11083183,0.16129969,14.734266,0.11154024,0.0
2.33,0.2194126,0.116299994,0.096,0.20187521,0.11065921,0.1589301,15.131456,2.9510002e-08,0.0
2.335,0.2194126,0.116299994,0.096,0.21072486,0.10707592,0.15617152,15.462241,0.0038947584,0.0
2.34,0.22643687,0.11725882,0.08399999,0.21081848,0.10768576,0.15426719,15.64041,5.3094387e-09,0.0
2.345,0.22643687,0.11725882,0.08399999,0.20836635,0.11495007,0.15176532,15.733537,-4.3559742e-09,0.0
2.35,0.22643687,0.11725882,0.08399999,0.2066039,0.114513755,0.14904115,16.109032,4.8204107e-08,0.0
2.355,0.22643687,0.11725882,0.08399999,0.21189779,0.11926661,0.14659381,16.805145,8.7510834e-08,0.0
2.36,0.23346113,0.118217655,0.072000004,0.20718522,0.114367425,0.14512473,17.316639,0.09468482,0.0
2.365,0.23346113,0.118217655,0.072000004,0.21319258,0.111709386,0.14252004,17.88255,4.5147313e-08,0.0
2.37,0.23346113,0.118217655,0.072000004,0.21924901,0.114791855,0.1400458,18.23234,0.1052168,0.0
2.375,0.23346113,0.118217655,0.072000004,0.21766658,0.11689544,0.13815232,18.319426,0.24961647,0.0
2.38,0.2404854,0.119176455,0.06,0.21461563,0.11819517,0.13555373,18.6775,2.7396679e-08,0.0
2.3850000000000002,0.2404854,0.119176455,0.06,0.22197573,0.11264752,0.13318157,19.251951,3.978135e-08,0.0
2.39,0.2404854,0.119176455,0.06,0.22167642,0.11035374,0.13097194,19.613169,0.12007404,0.0
2.395,0.2404854,0.119176455,0.06,0.22336975,0.11030935,0.12819076,20.082869,3.2793295e-08,0.0
2.4,0.24750967,0.120135285,0.047999993,0.22124209,0.105284914,0.12635408,20.339594,0.12903067,0.0
2.4050000000000002,0.24750967,0.120135285,0.047999993,0.22658397,0.10933005,0.12417877,20.701214,2.2336904e-08,0.0
2.41,0.24750967,0.120135285,0.047999993,0.23469047,0.11731564,0.12159051,20.868538,0.10856439,0.0
2.415,0.24750967,0.120135285,0.047999993,0.24239919,0.11867517,0.11936094,20.807705,0.22091329,0.0
2.42,0.25453395,0.12109411,0.036000002,0.2465422,0.120711796,0.11749506,20.7014,0.13409457,0.0
2.4250000000000003,0.25453395,0.12109411,0.036000002,0.2421824,0.12022517,0.11544127,20.588917,8.444093e-09,0.0
2.43,0.25453395,0.12109411,0.036000002,0.23315766,0.123313606,0.113221124,20.853004,4.7054293e-08,0.0
2.435,0.25453395,0.12109411,0.036000002,0.23248953,0.11449978,0.111468434,21.49582,4.2192344e-08,0.0
2.44,0.2615582,0.12205292,0.023999996,0.2253693,0.10741017,0.10951529,22.307056,6.299128e-08,0.0
2.445,0.2615582,0.12205292,0.023999996,0.23551282,0.10947406,0.10714698,23.126606,1.0542688e-07,0.0
2.45,0.2615582,0.12205292,0.023999996,0.23977375,0.11205453,0.104428686,23.505154,0.27132115,0.0
2.455,0.2615582,0.12205292,0.023999996,0.25481033,0.11151586,0.10330841,23.442093,0.78274727,0.0
2.46,0.2685825,0.12301176,0.012000007,0.2529358,0.11059369,0.10016721,23.246376,1.1848927,0.0
2.465,0.2685825,0.12301176,0.012000007,0.25028,0.118208826,0.09799293,23.544744,0.7830209,0.0
2.47,0.2685825,0.12301176,0.012000007,0.25178093,0.1103784,0.096315816,24.255222,7.5765854e-08,0.0
2.475,0.2685825,0.12301176,0.012000007,0.252487,0.11566009,0.09328565,24.5797,0.16472013,0.0
2.48,0.27560675,0.123970576,0.0,0.26324707,0.11732186,0.090920486,24.552189,0.47438377,0.0
2.485,0.27560675,0.123970576,0.0,0.25526595,0.11194932,0.08985828,24.399883,0.6728393,0.0
2.49,0.27560675,0.123970576,0.0,0.25855088,0.11142201,0.086804315,24.692787,0.12789977,0.0
2.495,0.27560675,0.123970576,0.0,0.25935492,0.110567436,0.07799636,24.84364,0.020004706,0.0
2.5,0.27560675,0.123970576,0.0,0.25926477,0.11356141,0.069943,24.752668,0.033984907,0.0
2.505,0.27560675,0.123970576,0.0,0.2597508,0.12242684,0.058196064,24.966726,2.5577902e-08,0.0
2.5100000000000002,0.27560675,0.123970576,0.0,0.25799525,0.120084636,0.05771448,25.134005,0.07535588,0.0
2.515,0.27560675,0.123970576,0.0,0.2616096,0.11777232,0.057775293,25.50349,2.0116552e-08,0.0
2.52,0.45831695,0.14970067,0.019965935,0.2706966,0.11452603,0.052059505,25.73698,0.11399306,0.0
2.525,0.45831695,0.14970067,0.019965935,0.26679516,0.116449974,0.042670414,25.738981,0.24185458,0.0
2.5300000000000002,0.45831695,0.14970067,0.019965935,0.2677439,0.12554918,0.042129926,26.09695,3.0587216e-08,0.0
2.535,0.45831695,0.14970067,0.019965935,0.26267716,0.12437408,0.030532146,26.33805,0.09039182,0.0
2.54,0.53294235,0.31088483,0.16631374,0.2710406,0.116821215,0.025459383,26.757753,3.264323e-08,0.0
2.545,0.53294235,0.31088483,0.16631374,0.2792579,0.115236305,0.03125061,27.031265,0.10766291,0.0
2.5500000000000003,0.53294235,0.31088483,0.16631374,0.2764731,0.12361703,0.009437874,27.070488,0.23448433,0.0
2.555,0.53294235,0.31088483,0.16631374,0.281701,0.11839883,0.012021812,27.47975,3.6342414e-08,0.0
2.56,0.5401259,0.44956136,0.11261663,0.30505756,0.12631835,0.013499913,27.807648,0.06118511,0.0
2.565,0.5401259,0.44956136,0.11261663,0.31052276,0.132069,0.003991871,28.04018,-1.4286386e-08,0.0
2.57,0.5401259,0.44956136,0.11261663,0.33180058,0.13073677,0.0072973417,28.262957,7.40178e-09,0.0
2.575,0.5401259,0.44956136,0.11261663,0.34723637,0.14408985,0.004494249,28.6036,1.6389519e-08,0.0
2.58,0.5771195,0.5131673,0.112481035,0.37039512,0.16242118,0.011560695,29.137125,5.062626e-08,0.0
2.585,0.5771195,0.5131673,0.112481035,0.37696895,0.1730997,0.020344177,29.921711,5.0314377e-08,0.0
2.59,0.5771195,0.5131673,0.112481035,0.3902104,0.18788144,0.028019607,30.922802,3.3223817e-08,0.0
2.595,0.5771195,0.5131673,0.112481035,0.41084042,0.20945193,0.04174838,32.097958,1.0536732e-07,0.0
2.6,0.6,0.6,0.0,0.41700873,0.22804862,0.042718336,33.457306,7.881479e-08,0.0
2.605,0.6,0.6,0.0,0.4243983,0.24367237,0.057320554,34.949883,1.3292949e-07,0.0
2.61,0.6,0.6,0.0,0.43446475,0.26355857,0.056664348,36.46681,1.2309732e-07,0.0
2.615,0.6,0.6,0.0,0.4390115,0.28129625,0.0634135,37.841644,1.1866224e-07,0.0
2.62,0.5213586,0.5882062,0.0,0.44655737,0.29683056,0.069507256,38.908134,0.057490867,0.0
2.625,0.5213586,0.5882062,0.0,0.4551078,0.31371024,0.06501908,39.582817,0.32639456,0.0
2.63,0.5213586,0.5882062,0.0,0.45439437,0.3304088,0.07842831,39.882614,0.79281265,0.0
2.6350000000000002,0.5213586,0.5882062,0.0,0.46323776,0.34467587,0.0828086,40.698063,0.46008852,0.0
2.64,0.6,0.6,0.0,0.45699215,0.36118472,0.08451623,41.200573,0.27907097,0.0
2.645,0.6,0.6,0.0,0.45709476,0.37764764,0.078901455,41.757793,5.311265e-08,0.0
2.65,0.6,0.6,0.0,0.4665835,0.39074945,0.07319088,41.660084,0.66080195,0.0
2.6550000000000002,0.6,0.6,0.0,0.46736282,0.40362808,0.076941215,40.77061,1.9781523,0.0
2.66,0.535419,0.6,0.0,0.4771386,0.417322,0.070741035,39.43394,3.5515358,0.0
2.665,0.535419,0.6,0.0,0.482954,0.4268333,0.06714302,37.912468,5.082223,0.0
2.67,0.535419,0.6,0.0,0.49096537,0.43744633,0.051106434,36.396164,6.360571,0.0
2.6750000000000003,0.535419,0.6,0.0,0.4984543,0.44769514,0.044618066,35.00025,7.2656364,0.0
2.68,0.520104,0.6,0.0,0.49578074,0.45478863,0.033467673,33.78422,7.741098,0.0
2.685,0.520104,0.6,0.0,0.50924665,0.46220428,0.03321814,33.693047,6.751337,0.0
2.69,0.520104,0.6,0.0,0.509854,0.46996087,0.03966387,33.777905,5.3888135,0.0
2.695,0.520104,0.6,0.0,0.508775,0.47545168,0.03213008,33.464687,4.2903695,0.0
2.7,0.44586632,0.6,0.0,0.5112156,0.4816381,0.026773036,33.883907,2.1895888,0.0
2.705,0.44586632,0.6,0.0,0.51286954,0.48872614,0.015349706,34.14138,0.109684035,0.0
2.71,0.44586632,0.6,0.0,0.5220085,0.4935643,0.01896812,33.51492,0.0895862,0.0
2.715,0.44586632,0.6,0.0,0.52295053,0.49793637,0.011621085,32.688457,0.15626457,0.0
2.72,0.46712947,0.6,0.0,0.5231511,0.5045974,-0.00036003903,31.839529,0.018613877,0.0
2.725,0.46712947,0.6,0.0,0.5293437,0.5095669,0.006166116,30.961966,-9.481968e-09,0.0
2.73,0.46712947,0.6,0.0,0.5145959,0.5133796,-0.00401417,30.157438,-4.022815e-08,0.0
2.735,0.46712947,0.6,0.0,0.51721746,0.51870245,-3.072222e-05,30.207743,2.493523e-08,0.0
2.74,0.34006917,0.5849803,0.0,0.520481,0.52366203,0.0033557788,30.331913,0.21109068,0.0
2.745,0.34006917,0.5849803,0.0,0.51654243,0.52715635,0.0054980437,30.073963,0.6092233,0.0
2.75,0.34006917,0.5849803,0.0,0.5221089,0.5319062,0.002549547,30.56136,-3.465497e-08,0.0
2.755,0.34006917,0.5849803,0.0,0.5265785,0.53606045,0.004176347,30.762655,0.33770463,0.0
2.7600000000000002,0.29591936,0.3933448,0.0,0.5225607,0.53876793,0.002258242,30.45575,1.0000882,0.0
2.765,0.29591936,0.3933448,0.0,0.5102586,0.54222566,0.0032550339,30.86299,0.61648494,0.0
2.77,0.29591936,0.3933448,0.0,0.5166212,0.54581636,-0.0074462667,31.861324,4.5431907e-08,0.0
2.775,0.29591936,0.3933448,0.0,0.51506674,0.54831606,-0.005459582,32.108135,0.65228635,0.0
2.7800000000000002,0.43397057,0.34705046,0.0,0.520948,0.5493168,-0.0049016587,32.49976,0.89376056,0.0
2.785,0.43397057,0.34705046,0.0,0.513524,0.54909295,0.0073872535,32.437958,1.4100665,0.0
2.79,0.43397057,0.34705046,0.0,0.5006551,0.5483951,-0.006162841,31.53839,2.6174233,0.0
2.795,0.43397057,0.34705046,0.0,0.4912548,0.5464723,-0.00512293,30.104269,4.1596355,0.0
2.8000000000000003,0.18258323,0.1039198,0.0,0.46761754,0.5444759,0.0012419341,28.414942,5.7164235,0.0
2.805,0.18258323,0.1039198,0.0,0.45602882,0.54294187,0.007297818,26.57656,7.169004,0.0
2.81,0.18258323,0.1039198,0.0,0.44905353,0.53950113,0.0064080306,24.704676,8.390724,0.0
2.815,0.18258323,0.1039198,0.0,0.43207917,0.5357867,-0.005669736,22.960545,9.2086115,0.0
2.82,0.42546943,0.21426705,0.0,0.43141714,0.533139,-0.0034618012,21.369717,9.604731,0.0
2.825,0.42546943,0.21426705,0.0,0.42834702,0.52889746,-0.009014097,20.013666,9.498735,0.0
2.83,0.42546943,0.21426705,0.0,0.4086617,0.52184504,-0.01372837,18.963242,8.824456,0.0
2.835,0.42546943,0.21426705,0.0,0.39292532,0.5093201,-0.011923993,18.102438,7.723058,0.0
2.84,0.24720652,0.18865386,0.0,0.37492508,0.49796388,-0.013049399,17.35127,6.2908616,0.0
2.845,0.24720652,0.18865386,0.0,0.36347163,0.47947392,-0.0013624011,16.65903,4.5897584,0.0
2.85,0.24720652,0.18865386,0.0,0.35209656,0.45827374,-0.010363603,16.078756,2.5647433,0.0
2.855,0.24720652,0.18865386,0.0,0.34703508,0.43965572,-0.010553308,15.696986,0.12559,0.0
2.86,0.2823776,0.23849776,0.06765184,0.3474542,0.42152137,-0.003855706,15.131776,-1.7485322e-08,0.0
2.865,0.2823776,0.23849776,0.06765184,0.35866255,0.40197077,0.001210477,14.399491,0.18566543,0.0
2.87,0.2823776,0.23849776,0.06765184,0.35712662,0.38629186,-0.0049561863,13.640432,0.14255524,0.0
2.875,0.2823776,0.23849776,0.06765184,0.3551568,0.3712067,-0.01043454,13.65023,5.3508193e-09,0.0
2.88,0.45120472,0.37886125,0.011346531,0.3632059,0.35618353,-0.0046261675,14.543922,3.876733e-08,0.0
2.8850000000000002,0.45120472,0.37886125,0.011346531,0.34412163,0.34294698,-0.012294203,15.523919,0.0027600976,0.0
2.89,0.45120472,0.37886125,0.011346531,0.3476817,0.33202958,-0.013964622,16.761917,1.11980974e-07,0.0
2.895,0.45120472,0.37886125,0.011346531,0.341865,0.3211168,-0.001960906,17.80669,0.17336875,0.0
2.9,0.4901929,0.31698114,0.17934367,0.3407813,0.3134428,0.0009038667,19.047384,7.123603e-08,0.0
2.9050000000000002,0.4901929,0.31698114,0.17934367,0.3403332,0.30941013,-0.0022930456,20.549969,7.594647e-08,0.0
2.91,0.4901929,0.31698114,0.17934367,0.34177518,0.30816597,-0.0027245302,22.152145,9.527408e-08,0.0
2.915,0.4901929,0.31698114,0.17934367,0.33476236,0.30717558,-0.011882631,23.057234,0.53701514,0.0
2.92,0.38781264,0.31311193,0.23368679,0.3363893,0.30740613,-0.010161805,23.771341,1.0245973,0.0
2.9250000000000003,0.38781264,0.31311193,0.23368679,0.33114752,0.3079247,-0.0043961783,24.56892,1.1638248,0.0
2.93,0.38781264,0.31311193,0.23368679,0.33350977,0.30839124,0.002207003,25.943422,0.413924,0.0
2.935,0.38781264,0.31311193,0.23368679,0.33932188,0.3090107,0.008258354,27.105047,0.012914019,0.0
2.94,0.6,0.44406104,0.18556218,0.32756507,0.30949828,0.017179627,27.78944,0.15814885,0.0
2.945,0.6,0.44406104,0.18556218,0.33326945,0.31024766,0.027339987,28.729645,1.9140776e-08,0.0
2.95,0.6,0.44406104,0.18556218,0.3304292,0.31066313,0.05390344,29.398653,0.2257597,0.0
2.955,0.6,0.44406104,0.18556218,0.35129705,0.31149894,0.05710937,30.249598,0.005566855,0.0
2.96,0.4534991,0.4657691,0.29590848,0.35995772,0.3120601,0.06882346,30.859295,0.08092305,0.0
2.965,0.4534991,0.4657691,0.29590848,0.35434946,0.31187528,0.086272135,31.114067,0.3085674,0.0
2.97,0.4534991,0.4657691,0.29590848,0.37097374,0.31241918,0.10024241,31.211658,0.47405332,0.0
2.975,0.4534991,0.4657691,0.29590848,0.3748971,0.3137092,0.10744919,31.245647,0.47580674,0.0
2.98,0.6,0.4860507,0.19007699,0.3952085,0.314664,0.11564405,31.2599,0.26965296,0.0
2.985,0.6,0.4860507,0.19007699,0.40450767,0.3172417,0.13072795,31.324278,6.1545467e-09,0.0
2.99,0.6,0.4860507,0.19007699,0.4208668,0.32667863,0.1426227,31.446299,6.5321832e-09,0.0
2.995,0.6,0.4860507,0.19007699,0.42853525,0.33774906,0.15039295,31.68052,2.3401272e-08,0.0
3.0,0.4638048,0.5004301,0.14798117,0.43360764,0.34650525,0.16255644,31.970932,9.503878e-09,0.0
3.005,0.4638048,0.5004301,0.14798117,0.4525691,0.3578591,0.17612585,32.253212,2.5748488e-08,0.0
3.0100000000000002,0.4638048,0.5004301,0.14798117,0.45945293,0.37029707,0.1851471,32.536255,2.1055367e-08,0.0
3.015,0.4638048,0.5004301,0.14798117,0.46288645,0.37970787,0.18979241,32.79447,1.5828212e-08,0.0
3.02,0.6,0.44910753,0.113044724,0.4588062,0.38991156,0.19287236,32.9806,6.9689734e-09,0.0
3.025,0.6,0.44910753,0.113044724,0.46557164,0.40027088,0.19444011,33.760983,1.1433357e-07,0.0
3.0300000000000002,0.6,0.44910753,0.113044724,0.46811077,0.40815964,0.19444421,34.420345,0.28217688,0.0
3.035,0.6,0.44910753,0.113044724,0.4698175,0.41581827,0.19444181,34.533905,0.9393121,0.0
3.04,0.49423692,0.4582143,0.025581034,0.4718845,0.4248406,0.19441107,34.27437,1.7712152,0.0
3.045,0.49423692,0.4582143,0.025581034,0.47359818,0.4306636,0.19405772,33.770367,2.6314406,0.0
3.0500000000000003,0.49423692,0.4582143,0.025581034,0.4799183,0.4360561,0.19310486,33.13278,3.3967063,0.0
3.055,0.49423692,0.4582143,0.025581034,0.48390645,0.44005698,0.1931305,32.47438,3.9446142,0.0
3.06,0.6,0.3881585,0.0,0.49475944,0.4429827,0.19227165,31.87214,4.1956267,0.0
3.065,0.6,0.3881585,0.0,0.48878023,0.44505513,0.19166836,31.408653,4.0654445,0.0
3.0700000000000003,0.6,0.3881585,0.0,0.49862078,0.4473245,0.19136551,32.000263,2.5442173,0.0
3.075,0.6,0.3881585,0.0,0.49743664,0.4486515,0.19090526,32.67642,0.7503409,0.0
3.08,0.58032846,0.41441748,0.0,0.5136989,0.4491587,0.18991828,33.536217,4.40628e-08,0.0
3.085,0.58032846,0.41441748,0.0,0.51219743,0.44869018,0.18993472,34.165638,0.23869616,0.0
3.09,0.58032846,0.41441748,0.0,0.5069382,0.44859758,0.18929718,34.432117,0.64905846,0.0
3.095,0.58032846,0.41441748,0.0,0.5079546,0.44728723,0.18679096,34.474674,1.074333,0.0
3.1,0.5864693,0.4407572,0.0,0.51711285,0.44617403,0.1787147,33.394596,2.5172622,0.0
3.105,0.5864693,0.4407572,0.0,0.512367,0.44621652,0.1668342,31.3604,4.7562394,0.0
3.11,0.5864693,0.4407572,0.0,0.5310903,0.44532734,0.15255421,30.84906,5.018671,0.0
3.115,0.5864693,0.4407572,0.0,0.5381129,0.4444097,0.13901743,30.418901,4.9714174,0.0
3.12,0.5457186,0.4875036,0.0,0.5347318,0.44420603,0.124615006,29.273933,5.493471,0.0
3.125,0.5457186,0.4875036,0.0,0.54989827,0.44368255,0.111401424,28.8713,4.9520407,0.0
3.13,0.5457186,0.4875036,0.0,0.53584087,0.4433023,0.0986558,28.493,4.177763,0.0
3.1350000000000002,0.5457186,0.4875036,0.0,0.53777343,0.44261876,0.100875005,28.66607,2.581661,0.0
3.14,0.5106281,0.46794865,0.0,0.5451366,0.4421567,0.08996162,28.586864,1.0832368,0.0
3.145,0.5106281,0.46794865,0.0,0.5524724,0.4423774,0.07692317,27.916956,0.047800455,0.0
3.15,0.5106281,0.46794865,0.0,0.5545871,0.44243303,0.058105253,27.58641,-5.202501e-09,0.0
3.1550000000000002,0.5106281,0.46794865,0.0,0.55216026,0.44227174,0.051487327,28.04617,5.010186e-08,0.0
3.16,0.45773664,0.42654565,0.0,0.5527046,0.44304514,0.030763868,29.149296,1.0458501e-07,0.0
3.165,0.45773664,0.42654565,0.0,0.5466468,0.44259906,0.031640094,30.494907,2.892663e-09,0.0
3.17,0.45773664,0.42654565,0.0,0.5425163,0.44261262,0.028194247,31.928953,1.08466246e-07,0.0
3.1750000000000003,0.45773664,0.42654565,0.0,0.53843486,0.44242996,0.028744247,34.03931,8.964224e-08,0.0
3.18,0.47649738,0.40692315,0.0,0.54421806,0.44265392,0.024191221,35.989845,0.25803548,0.0
3.185,0.47649738,0.40692315,0.0,0.5471331,0.44295776,0.020356575,37.119194,1.1912419,0.0
3.19,0.47649738,0.40692315,0.0,0.5538524,0.44283858,0.015477405,37.600292,2.6022296,0.0
3.1950000000000003,0.47649738,0.40692315,0.0,0.55191207,0.4420869,0.013226807,36.833817,5.1506033,0.0
3.2,0.47378248,0.40466514,0.0,0.5530613,0.44170395,0.019042034,36.074677,7.410978,0.0
3.205,0.47378248,0.40466514,0.0,0.555833,0.4415003,0.010703963,34.85564,9.918627,0.0
3.21,0.47378248,0.40466514,0.0,0.5542532,0.44042608,0.016671369,32.995777,12.8618965,0.0
3.215,0.47378248,0.40466514,0.0,0.54870576,0.4405795,0.00930057,32.033157,14.54001,0.0
3.22,0.465763,0.42634022,0.0,0.5437763,0.43973,0.0128401015,33.030502,13.832905,0.0
3.225,0.465763,0.42634022,0.0,0.5521949,0.43936032,0.013731166,34.56682,12.364095,0.0
3.23,0.465763,0.42634022,0.0,0.5453467,0.43933424,0.010448649,34.82045,12.1503105,0.0
3.235,0.465763,0.42634022,0.0,0.5383366,0.43893313,0.0036203347,34.82859,12.0145,0.0
3.24,0.5264743,0.49973997,0.0,0.53474873,0.4381729,0.0069094873,35.136974,11.360737,0.0
3.245,0.5264743,0.49973997,0.0,0.5355464,0.43834934,0.00030305987,35.54195,10.424914,0.0
3.25,0.5264743,0.49973997,0.0,0.5358262,0.43820924,-0.008262691,35.778915,9.504451,0.0
3.255,0.5264743,0.49973997,0.0,0.53535265,0.4376865,-0.009157432,34.954113,9.583738,0.0
3.2600000000000002,0.5473536,0.5682971,0.0,0.530304,0.43755528,-0.012891603,34.21457,9.362662,0.0
3.265,0.5473536,0.5682971,0.0,0.5186296,0.43679234,-0.008376379,34.066822,8.294856,0.0
3.27,0.5473536,0.5682971,0.0,0.5051286,0.4366861,-0.007828402,34.17599,6.768441,0.0
3.275,0.5473536,0.5682971,0.0,0.51511204,0.4376569,-0.0046910224,34.281425,5.0793514,0.0
3.2800000000000002,0.53949386,0.6,0.0,0.5108944,0.43733716,-0.007381364,34.25124,3.3737483,0.0
3.285,0.53949386,0.6,0.0,0.5045004,0.43746004,-0.010558959,34.220837,1.4972792,0.0
3.29,0.53949386,0.6,0.0,0.50885457,0.43875232,-0.007305822,34.783657,3.1911224e-08,0.0
3.295,0.53949386,0.6,0.0,0.51728404,0.4387075,-0.00036612496,35.07986,0.20033701,0.0
3.3000000000000003,0.5610485,0.6,0.0,0.5109374,0.43872055,-0.0014369104,34.181652,1.5039363,0.0
3.305,0.5610485,0.6,0.0,0.50773525,0.4405899,-0.0026495308,34.092743,1.6439842,0.0
3.31,0.5610485,0.6,0.0,0.50757,0.44612902,0.0010594747,35.33378,0.08188159,0.0
3.315,0.5610485,0.6,0.0,0.5118092,0.4519757,-0.0042678923,36.80062,1.4967262e-07,0.0
3.3200000000000003,0.5822218,0.6,0.0,0.5098476,0.45801267,-0.008207043,37.59842,0.6653097,0.0
3.325,0.5822218,0.6,0.0,0.50692517,0.46788022,-0.0059681903,38.428017,1.0566558,0.0
3.33,0.5822218,0.6,0.0,0.50413054,0.47688174,-0.008687642,39.583633,0.8615044,0.0
3.335,0.5822218,0.6,0.0,0.5114058,0.484347,-0.0025412377,40.71408,0.48775616,0.0
3.34,0.5793331,0.6,0.0,0.52047473,0.49366045,0.0037101656,40.710247,1.1796081,0.0
3.345,0.5793331,0.6,0.0,0.5203928,0.50155354,0.008250284,39.569588,2.9085238,0.0
3.35,0.5793331,0.6,0.0,0.52116114,0.5078684,0.0018960789,38.840725,3.9244127,0.0
3.355,0.5793331,0.6,0.0,0.52190274,0.51450115,0.008286184,37.847736,5.005505,0.0
3.36,0.5819032,0.6,0.0,0.5152164,0.52064633,0.008679864,36.256935,6.5137324,0.0
3.365,0.5819032,0.6,0.0,0.51501954,0.52552575,0.010035893,35.385265,6.9773164,0.0
3.37,0.5819032,0.6,0.0,0.513241,0.5308621,-0.008337062,35.43943,6.201507,0.0
3.375,0.5819032,0.6,0.0,0.50416094,0.53558224,-0.014799506,35.96922,4.7144527,0.0
3.38,0.5896392,0.58764887,0.0,0.5083529,0.53956246,-0.013180271,36.609486,2.9358635,0.0
3.3850000000000002,0.5896392,0.58764887,0.0,0.5154027,0.5430288,-0.00769569,36.22856,2.1295266,0.0
3.39,0.5896392,0.58764887,0.0,0.50754106,0.54601717,0.010281884,34.838673,2.2487576,0.0
3.395,0.5896392,0.58764887,0.0,0.49597198,0.54844,0.010654131,33.937695,1.5989089,0.0
3.4,0.5839932,0.5608366,0.0,0.49264866,0.5510978,0.014679472,33.751698,-3.602523e-07,0.0
3.4050000000000002,0.5839932,0.5608366,0.0,0.503382,0.5538299,0.006963025,33.578747,4.5612625e-09,0.0
3.41,0.5839932,0.5608366,0.0,0.5160541,0.5567674,0.0015903802,32.820465,0.64212984,0.0
3.415,0.5839932,0.5608366,0.0,0.51140445,0.55860525,0.004773567,31.451782,1.7180628,0.0
3.42,0.5725166,0.5285089,0.0,0.51769686,0.5604467,0.0075655887,30.860107,1.6704029,0.0
3.4250000000000003,0.5725166,0.5285089,0.0,0.50677997,0.5622483,-0.0028913373,30.286776,1.3802624,0.0
3.43,0.5725166,0.5285089,0.0,0.51932824,0.56311643,-0.0015522982,30.228634,0.29186144,0.0
3.435,0.5725166,0.5285089,0.0,0.52324885,0.56305283,0.00093053404,29.841873,0.17512803,0.0
3.44,0.5610707,0.49015352,0.0,0.5131345,0.5632004,-0.0061192205,27.932325,1.7449317,0.0
3.4450000000000003,0.5610707,0.49015352,0.0,0.5198314,0.5631264,-0.011093357,26.889177,2.065663,0.0
3.45,0.5610707,0.49015352,0.0,0.52141845,0.56232077,-0.013371852,25.414507,2.630651,0.0
3.455,0.5610707,0.49015352,0.0,0.51942825,0.5617399,-0.006999133,22.880459,4.1155014,0.0
3.46,0.545377,0.44953367,0.0,0.52219266,0.56070065,0.003938973,21.044525,4.539611,0.0
3.465,0.545377,0.44953367,0.0,0.5223078,0.55974925,0.0010075119,19.358461,4.5485363,0.0
3.47,0.545377,0.44953367,0.0,0.52352107,0.5594933,0.0031174882,17.513323,4.488063,0.0
3.475,0.545377,0.44953367,0.0,0.52602893,0.55895025,-0.008064064,15.839145,3.9922817,0.0
3.48,0.52512795,0.41775706,0.0,0.531117,0.5574912,-0.000692177,14.524509,2.8623784,0.0
3.485,0.52512795,0.41775706,0.0,0.53366655,0.5562883,0.0014608245,13.663918,1.0087956,0.0
3.49,0.52512795,0.41775706,0.0,0.5271258,0.55569607,0.0018917614,12.975068,1.5146679e-08,0.0
3.495,0.52512795,0.41775706,0.0,0.5399585,0.5547006,0.004010976,13.3162775,2.6065726e-08,0.0
3.5,0.5143758,0.4000297,0.0,0.5333558,0.5533737,0.0067253383,14.093793,3.317437e-08,0.0
3.505,0.5143758,0.4000297,0.0,0.528283,0.55320954,-0.004821138,15.48858,1.5937215e-07,0.0
3.5100000000000002,0.5143758,0.4000297,0.0,0.53075075,0.5513679,-0.007717085,17.506737,1.3887123e-07,0.0
3.515,0.5143758,0.4000297,0.0,0.53370553,0.5459562,-0.00456555,18.751568,0.72934246,0.0
3.52,0.41138712,0.50291705,0.0,0.5335946,0.54002905,-0.004572327,18.950502,2.3511977,0.0
3.525,0.41138712,0.50291705,0.0,0.535978,0.5338723,-0.0036726256,19.598438,3.1800048,0.0
3.5300000000000002,0.41138712,0.50291705,0.0,0.5339423,0.51958036,0.00033799544,19.965485,4.056674,0.0
3.535,0.41138712,0.50291705,0.0,0.52983576,0.50441754,0.0025991118,20.753391,4.1955895,0.0
3.54,0.30759546,0.56836826,0.0,0.5403395,0.49383628,-0.0012526507,22.294952,3.2527068,0.0
3.545,0.30759546,0.56836826,0.0,0.53784764,0.48459515,-0.0063159317,23.219044,2.780589,0.0
3.5500000000000003,0.30759546,0.56836826,0.0,0.5278811,0.47808444,-0.0047346717,24.312355,1.8875047,0.0
3.555,0.30759546,0.56836826,0.0,0.5368124,0.47400466,-0.0041322266,25.867908,0.26399487,0.0
3.56,0.4748799,0.35017353,0.0,0.5351576,0.47190878,-0.0047653723,26.39026,0.37831974,0.0
3.565,0.4748799,0.35017353,0.0,0.5410796,0.47125703,-0.0027623367,26.962347,0.3725646,0.0
3.5700000000000003,0.4748799,0.35017353,0.0,0.5303478,0.470704,-0.008833022,27.034021,0.6895409,0.0
3.575,0.4748799,0.35017353,0.0,0.53542924,0.47131887,0.0014004868,27.287525,0.55445975,0.0
3.58,0.4789303,0.3619658,0.008889288,0.525955,0.471577,0.0006624156,27.945736,3.9061398e-08,0.0
3.585,0.4789303,0.3619658,0.008889288,0.52497405,0.47129056,0.0033152641,29.423706,1.5808358e-07,0.0
3.59,0.4789303,0.3619658,0.008889288,0.5104335,0.47092658,-0.0062887142,31.021112,0.1015982,0.0
3.595,0.4789303,0.3619658,0.008889288,0.49839634,0.4701302,-0.002842892,32.033115,0.6073845,0.0
3.6,0.29491752,0.49986872,0.0,0.48948354,0.47047248,6.252154e-05,32.455227,1.5262141,0.0
3.605,0.29491752,0.49986872,0.0,0.48658782,0.46856248,-0.0042678616,33.29481,1.7271398,0.0
3.61,0.29491752,0.49986872,0.0,0.4870989,0.4634127,-0.00909239,33.777054,2.0993478,0.0
3.615,0.29491752,0.49986872,0.0,0.48183805,0.45735607,-0.006715684,32.64476,4.0350947,0.0
3.62,0.33778793,0.5634799,0.0,0.48756534,0.45350686,-0.009541066,31.200708,6.03906,0.0
3.625,0.33778793,0.5634799,0.0,0.4653129,0.45061505,-0.013147823,29.310064,8.265553,0.0
3.63,0.33778793,0.5634799,0.0,0.45119435,0.44869938,-0.009809585,27.733738,9.861634,0.0
3.6350000000000002,0.33778793,0.5634799,0.0,0.4482812,0.44792923,-0.00772013,26.805925,10.482959,0.0
3.64,0.54828334,0.39971575,0.14348842,0.44250566,0.44789928,-0.0017931971,26.291416,10.415311,0.0
3.645,0.54828334,0.39971575,0.14348842,0.4242131,0.44781476,-0.0042431112,26.019325,9.864306,0.0
3.65,0.54828334,0.39971575,0.14348842,0.42015728,0.44759572,-0.0075625544,25.754364,9.100259,0.0
3.6550000000000002,0.54828334,0.39971575,0.14348842,0.40245438,0.44839332,-0.0058542825,25.422222,8.207963,0.0
3.66,0.51458424,0.54229516,0.20773983,0.3991691,0.44832048,-0.006575674,25.80388,6.323925,0.0
3.665,0.51458424,0.54229516,0.20773983,0.39618322,0.44730264,-0.004495913,26.015413,4.4544163,0.0
3.67,0.51458424,0.54229516,0.20773983,0.3899406,0.44616106,0.0009956099,25.650225,3.0418568,0.0
3.6750000000000003,0.51458424,0.54229516,0.20773983,0.38305584,0.4449429,-0.0016722418,24.93887,1.8163832,0.0
3.68,0.44494176,0.6,0.063447565,0.38677412,0.44395077,-0.0010627059,24.034016,0.60066736,0.0
3.685,0.44494176,0.6,0.063447565,0.387039,0.4433364,0.010393874,22.360645,0.03325871,0.0
3.69,0.44494176,0.6,0.063447565,0.38330424,0.44326082,0.0316079,20.028244,0.1814513,0.0
3.6950000000000003,0.44494176,0.6,0.063447565,0.379552,0.44232434,0.041379932,18.239244,3.3369503e-09,0.0
3.7,0.49807647,0.6,0.06370014,0.38456944,0.44238666,0.045538153,17.183178,-4.3111616e-08,0.0
3.705,0.49807647,0.6,0.06370014,0.38489965,0.44306576,0.07131283,16.84195,3.0656022e-09,0.0
3.71,0.49807647,0.6,0.06370014,0.3886425,0.4430582,0.07897719,17.063713,3.3391935e-08,0.0
3.715,0.49807647,0.6,0.06370014,0.39206558,0.44354993,0.08581185,17.653666,2.0036635e-08,0.0
3.72,0.6,0.6,0.06818769,0.39861685,0.44695526,0.08962648,18.454815,5.1123756e-08,0.0
3.725,0.6,0.6,0.06818769,0.3976879,0.45383886,0.09258491,19.347965,7.094931e-08,0.0
3.73,0.6,0.6,0.06818769,0.39711335,0.4595295,0.09429697,20.836897,2.2717924e-07,0.0
3.735,0.6,0.6,0.06818769,0.4107499,0.4665113,0.08740264,22.866867,1.151526e-07,0.0
3.74,0.6,0.6,0.02701092,0.4181287,0.47666082,0.09720896,24.38401,0.42554057,0.0
3.745,0.6,0.6,0.02701092,0.42802083,0.48525995,0.09177252,25.085876,1.5011656,0.0
3.75,0.6,0.6,0.02701092,0.43494698,0.49288172,0.09474867,25.248688,2.9065468,0.0
3.755,0.6,0.6,0.02701092,0.42631394,0.50101995,0.088703,25.09005,4.3937654,0.0
3.7600000000000002,0.6,0.6,0.1864208,0.4378605,0.5080113,0.0939318,25.506523,4.9668183,0.0
3.765,0.6,0.6,0.1864208,0.45308653,0.51334023,0.095391594,25.770315,5.4641194,0.0
3.77,0.6,0.6,0.1864208,0.46872744,0.5199089,0.086360306,25.586477,6.211685,0.0
3.775,0.6,0.6,0.1864208,0.4828621,0.52463067,0.095941946,25.251362,6.876235,0.0
3.7800000000000002,0.6,0.6,0.48791423,0.48994854,0.52870846,0.09954937,24.953115,7.2529116,0.0
3.785,0.6,0.6,0.48791423,0.48331663,0.53297126,0.094186455,24.760065,7.2745104,0.0
3.79,0.6,0.6,0.48791423,0.49758285,0.53710586,0.09744629,25.541231,5.98729,0.0
3.795,0.6,0.6,0.48791423,0.50530285,0.54004467,0.090087555,26.34827,4.479406,0.0
3.8000000000000003,0.4307569,0.5798795,0.540304,0.5054164,0.54326224,0.09138028,26.674442,3.3121908,0.0
3.805,0.4307569,0.5798795,0.540304,0.51849586,0.5467838,0.08970303,26.678846,2.300137,0.0
3.81,0.4307569,0.5798795,0.540304,0.51708066,0.5486486,0.10516921,26.542444,1.2367624,0.0
3.815,0.4307569,0.5798795,0.540304,0.5223571,0.55126816,0.11962012,27.15294,4.3982116e-08,0.0
3.8200000000000003,0.34424105,0.49593,0.6,0.52358884,0.5539281,0.13804956,27.58451,0.1742296,0.0
3.825,0.34424105,0.49593,0.6,0.52324927,0.555465,0.15442812,27.619217,0.54773474,0.0
3.83,0.34424105,0.49593,0.6,0.5318501,0.5569976,0.17541857,28.383337,-9.102116e-08,0.0
3.835,0.34424105,0.49593,0.6,0.5318768,0.5579341,0.1949989,28.892931,0.3072757,0.0
3.84,0.34472248,0.6,0.6,0.5280086,0.55822337,0.21152169,28.864162,0.9698343,0.0
3.845,0.34472248,0.6,0.6,0.5399988,0.5580623,0.23029295,29.519312,0.6167116,0.0
3.85,0.34472248,0.6,0.6,0.53822064,0.55744916,0.25004348,28.956118,1.4028964,0.0
3.855,0.34472248,0.6,0.6,0.53691405,0.5572729,0.2660441,27.790445,2.599365,0.0
3.86,0.027613718,0.6,0.6,0.53102344,0.55658,0.2830658,26.938852,2.991698,0.0
3.865,0.027613718,0.6,0.6,0.52883947,0.5564604,0.30132633,26.459917,1.8423572,0.0
3.87,0.027613718,0.6,0.6,0.5258517,0.5559006,0.3168484,26.070442,3.583664e-08,0.0
3.875,0.027613718,0.6,0.6,0.53242624,0.5558563,0.33239076,25.411497,2.549735e-08,0.0
3.88,0.0,0.6,0.6,0.5186116,0.5558702,0.34892136,24.100458,-5.6335306e-08,0.0
3.8850000000000002,0.0,0.6,0.6,0.49803758,0.55522436,0.36410147,23.704515,1.7988478e-08,0.0
3.89,0.0,0.6,0.6,0.4820336,0.5551533,0.37755612,23.7949,-1.8362364e-08,0.0
3.895,0.0,0.6,0.6,0.46685308,0.55523175,0.39267594,23.59042,-9.831034e-09,0.0
3.9,0.0,0.6,0.6,0.44707784,0.55497986,0.40580288,23.93534,2.0828669e-08,0.0
3.9050000000000002,0.0,0.6,0.6,0.42949584,0.5546378,0.41774616,24.009424,-1.3173805e-08,0.0
3.91,0.0,0.6,0.6,0.4147737,0.5543375,0.42965284,23.275244,6.187108e-08,0.0
3.915,0.0,0.6,0.6,0.39379713,0.5533479,0.4407542,21.92704,-6.550529e-08,0.0
3.92,0.0,0.6,0.6,0.36446348,0.55144835,0.45021373,20.12578,2.0601524e-08,0.0
3.9250000000000003,0.0,0.6,0.6,0.33459774,0.5495971,0.46074632,17.956598,-5.977561e-08,0.0
3.93,0.0,0.6,0.6,0.3090222,0.54872715,0.4695063,15.487862,-4.1842792e-08,0.0
3.935,0.0,0.6,0.6,0.28457028,0.54805285,0.4761773,12.823778,-7.720631e-08,0.0
3.94,0.0,0.6,0.6,0.2640376,0.5473147,0.48383865,10.08295,-1.4011948e-07,0.0
3.9450000000000003,0.0,0.6,0.6,0.23433068,0.5477196,0.49080685,7.3917556,-1.473099e-10,0.0
3.95,0.0,0.6,0.6,0.21138667,0.5484371,0.4953598,5.647608,-5.321169e-08,0.0
3.955,0.0,0.6,0.6,0.20381829,0.54934496,0.5004557,4.9452233,-6.2930794e-09,0.0
3.96,0.1153071,0.31568322,0.6,0.17337534,0.5504482,0.50614417,4.9136376,-7.818834e-08,0.0
3.9650000000000003,0.1153071,0.31568322,0.6,0.15823069,0.55193126,0.510015,5.0862837,2.4925074e-08,0.0
3.97,0.1153071,0.31568322,0.6,0.14660557,0.5535263,0.5140205,5.1362033,6.572683e-08,0.0
3.975,0.1153071,0.31568322,0.6,0.13693838,0.5554436,0.5184733,4.944144,2.0175868e-09,0.0
3.98,0.44250128,0.3769088,0.5884787,0.11245853,0.55747545,0.52194977,4.4951725,9.50453e-10,0.0
3.985,0.44250128,0.3769088,0.5884787,0.101620786,0.5589663,0.5253038,3.7184837,-5.748138e-08,0.0
3.99,0.44250128,0.3769088,0.5884787,0.10097945,0.55841637,0.52909344,2.663678,1.7638213e-08,0.0
3.995,0.44250128,0.3769088,0.5884787,0.087263316,0.55738515,0.5314648,0.67487043,-8.666973e-08,0.0
4.0,0.14239419,0.18541798,0.5658709,0.08968222,0.5565658,0.5343226,3.9074166e-09,1.958739e-08,0.0
4.005,0.14239419,0.18541798,0.5658709,0.11006958,0.55429614,0.5373047,1.9125432e-10,-2.662324e-08,0.0
4.01,0.14239419,0.18541798,0.5658709,0.1083868,0.5524311,0.5400575,9.841259e-09,6.144647e-09,0.0
4.015,0.14239419,0.18541798,0.5658709,0.11035813,0.5522349,0.5421088,-6.681255e-09,2.0326265e-08,0.0
4.0200000000000005,0.0,0.0,0.5639222,0.11009207,0.5499557,0.5447465,8.726681e-09,-3.959013e-08,0.0
4.025,0.0,0.0,0.5639222,0.12764724,0.54150665,0.54698,-4.1647903e-09,-2.1655504e-08,0.0
4.03,0.0,0.0,0.5639222,0.13756996,0.52956045,0.5483516,1.6324474e-08,-2.8265834e-10,0.0
4.035,0.0,0.0,0.5639222,0.14657299,0.51614773,0.5496954,2.7814138e-09,3.5354535e-08,0.0
4.04,0.44446093,0.0,0.4306411,0.14722906,0.49726117,0.55099106,7.192283e-10,5.76778e-08,0.0
4.045,0.44446093,0.0,0.4306411,0.14777787,0.47618356,0.55126727,2.988201e-09,8.296639e-08,0.0
4.05,0.44446093,0.0,0.4306411,0.15353581,0.4576056,0.5516721,-1.723832e-09,-1.2168844e-08,0.0
4.055,0.44446093,0.0,0.4306411,0.14763485,0.43707675,0.55216694,1.4609215e-08,-8.383866e-09,0.0
4.0600000000000005,0.6,0.13325676,0.46085238,0.1506353,0.4128516,0.55240977,0.11445873,-5.6060454e-08,0.0
4.065,0.6,0.13325676,0.46085238,0.15214473,0.38595012,0.5508879,0.20782442,4.5105177e-09,0.0
4.07,0.6,0.13325676,0.46085238,0.1493917,0.35740736,0.5498844,0.33796063,4.8758633e-08,0.0
4.075,0.6,0.13325676,0.46085238,0.15031469,0.3284945,0.5496164,0.94218034,1.0792925e-07,0.0
4.08,0.33791625,0.30667764,0.0,0.17253067,0.29996425,0.54776096,1.8448184,-3.9112578e-08,0.0
4.085,0.33791625,0.30667764,0.0,0.18425345,0.2728642,0.5466135,2.9766934,4.740959e-08,0.0
4.09,0.33791625,0.30667764,0.0,0.20333907,0.24715057,0.5465653,4.3440537,-1.06081146e-07,0.0
4.095,0.33791625,0.30667764,0.0,0.22175272,0.22501439,0.5448307,6.0818954,-3.891328e-08,0.0
4.1,0.27820885,0.32171226,0.1267768,0.23991072,0.20785005,0.5434962,8.116478,1.1824607e-07,0.0
4.105,0.27820885,0.32171226,0.1267768,0.26139227,0.19715661,0.54378515,10.269357,2.8287326e-08,0.0
4.11,0.27820885,0.32171226,0.1267768,0.28326806,0.19180746,0.5419665,12.468598,1.357364e-07,0.0
4.115,0.27820885,0.32171226,0.1267768,0.2973195,0.18935311,0.5347788,14.690427,1.5782673e-07,0.0
4.12,0.6,0.59947765,0.29083467,0.2964385,0.18995471,0.51565224,16.88431,8.519737e-08,0.0
4.125,0.6,0.59947765,0.29083467,0.29782182,0.1902542,0.49311474,19.419943,1.5431505e-07,0.0
4.13,0.6,0.59947765,0.29083467,0.3033343,0.19097002,0.4682753,21.770569,1.1059862e-08,0.0
4.135,0.6,0.59947765,0.29083467,0.3135149,0.19559255,0.444266,23.63085,1.4708128e-07,0.0
4.14,0.6,0.6,0.39082703,0.31546584,0.20290059,0.42480338,25.127825,8.265066e-08,0.0
4.1450000000000005,0.6,0.6,0.39082703,0.30891636,0.20873553,0.40697405,26.343607,8.403794e-08,0.0
4.15,0.6,0.6,0.39082703,0.31036136,0.2203571,0.3907067,27.798107,3.9728704e-08,0.0
4.155,0.6,0.6,0.39082703,0.3187393,0.23990193,0.378008,29.08661,1.0556588e-07,0.0
4.16,0.3413554,0.5404349,0.5019555,0.3446675,0.2597922,0.36689782,30.004568,5.5761653e-08,0.0
4.165,0.3413554,0.5404349,0.5019555,0.35000485,0.27811626,0.35767627,30.769014,3.8146947e-08,0.0
4.17,0.3413554,0.5404349,0.5019555,0.36966154,0.3001354,0.351111,31.378916,4.700769e-08,0.0
4.175,0.3413554,0.5404349,0.5019555,0.3881137,0.31955308,0.34775347,31.796188,1.6911539e-08,0.0
4.18,0.34683046,0.6,0.4712261,0.39475498,0.33598194,0.3468535,32.040283,4.1276667e-08,0.0
4.1850000000000005,0.34683046,0.6,0.4712261,0.40651816,0.3534528,0.34637704,32.10528,1.3237182e-08,0.0
4.19,0.34683046,0.6,0.4712261,0.42075732,0.37074015,0.34647712,32.001686,1.0888501e-08,0.0
4.195,0.34683046,0.6,0.4712261,0.41604215,0.3839069,0.34832385,31.777546,6.2876078e-09,0.0
4.2,0.33081913,0.6,0.5392188,0.42888346,0.39798576,0.34961498,32.078983,2.6714407e-08,0.0
4.205,0.33081913,0.6,0.5392188,0.42201525,0.40959233,0.3506629,32.33517,1.9130043e-08,0.0
4.21,0.33081913,0.6,0.5392188,0.43027303,0.41847742,0.35281008,32.79503,3.0472616e-08,0.0
4.215,0.33081913,0.6,0.5392188,0.42738545,0.4284024,0.35546863,32.979393,6.925883e-10,0.0
4.22,0.0,0.6,0.6,0.43000916,0.4397914,0.35777882,33.248478,5.3048097e-08,0.0
4.225,0.0,0.6,0.6,0.41595742,0.4477861,0.36456224,33.150814,6.8605317e-09,0.0
4.23,0.0,0.6,0.6,0.42936215,0.45750785,0.37553367,33.020428,-6.6724457e-09,0.0
4.235,0.0,0.6,0.6,0.43674895,0.46736068,0.3854359,32.519623,-5.1761464e-08,0.0
4.24,0.0,0.6,0.6,0.4325577,0.4741801,0.39473426,31.471836,-5.926553e-08,0.0
4.245,0.0,0.6,0.6,0.42894366,0.48051903,0.40711483,30.789436,2.7642667e-08,0.0
4.25,0.0,0.6,0.6,0.4272695,0.48800984,0.41610354,30.685535,2.7606402e-08,0.0
4.255,0.0,0.6,0.6,0.42027056,0.49324656,0.4242432,30.903805,-9.1402586e-10,0.0
4.26,0.0,0.6,0.6,0.41266063,0.49793336,0.43444782,31.22954,2.2714033e-08,0.0
4.265,0.0,0.6,0.6,0.39296693,0.5032603,0.44395044,31.49999,2.6607028e-08,0.0
4.2700000000000005,0.0,0.6,0.6,0.37196764,0.5070552,0.4517129,31.53869,-3.4425764e-08,0.0
4.275,0.0,0.6,0.6,0.3466225,0.5089839,0.4622003,31.209375,2.82489e-08,0.0
4.28,0.0,0.571088,0.6,0.31493774,0.51081693,0.4727297,30.43028,-1.3555784e-08,0.0
4.285,0.0,0.571088,0.6,0.28813884,0.5130753,0.48063228,29.124857,7.5426904e-08,0.0
4.29,0.0,0.571088,0.6,0.2687945,0.5151929,0.48858947,27.279013,-1.1255191e-07,0.0
4.295,0.0,0.571088,0.6,0.24875602,0.5180007,0.4959604,24.98658,-6.680042e-08,0.0
4.3,0.0006843209,0.53020465,0.6,0.22211751,0.5202414,0.501723,22.37106,7.580156e-08,0.0
4.305,0.0006843209,0.53020465,0.6,0.19752753,0.5229013,0.5070017,19.504976,4.619533e-08,0.0
4.3100000000000005,0.0006843209,0.53020465,0.6,0.1774878,0.5260335,0.512278,16.445194,1.1514455e-08,0.0
4.315,0.0006843209,0.53020465,0.6,0.1627367,0.52957624,0.51548034,13.2842455,-3.684455e-07,0.0
4.32,0.22686261,0.19167176,0.6,0.15030341,0.5322788,0.51933664,10.177517,-1.4725184e-07,0.0
4.325,0.22686261,0.19167176,0.6,0.13753252,0.5349473,0.523274,7.307642,2.9402328e-08,0.0
4.33,0.22686261,0.19167176,0.6,0.1223519,0.5371363,0.52617025,4.8220606,-1.641777e-07,0.0
4.335,0.22686261,0.19167176,0.6,0.10866335,0.5389533,0.52889216,2.7962627,-4.6554522e-08,0.0
4.34,0.5657882,0.19370319,0.6,0.105662085,0.53874856,0.5326589,1.2465204,8.615357e-08,0.0
4.345,0.5657882,0.19370319,0.6,0.097232185,0.5381513,0.5355573,-1.9174813e-09,1.9173429e-08,0.0
4.3500000000000005,0.5657882,0.19370319,0.6,0.085838936,0.5381703,0.5379886,-3.354503e-09,-2.3187118e-08,0.0
4.355,0.5657882,0.19370319,0.6,0.080338515,0.53661335,0.5410001,0.0057464577,-2.4311657e-08,0.0
4.36,0.32518613,0.5618972,0.48883554,0.08289258,0.5343835,0.5437397,3.2264502e-09,-4.8895132e-09,0.0
4.365,0.32518613,0.5618972,0.48883554,0.09143851,0.5334444,0.54589796,1.5813203e-08,6.054197e-08,0.0
4.37,0.32518613,0.5618972,0.48883554,0.09350749,0.53184557,0.5484513,3.8423367e-09,4.0704577e-08,0.0
4.375,0.32518613,0.5618972,0.48883554,0.09239562,0.52562004,0.5502585,3.8150465e-09,-1.5085507e-09,0.0
4.38,0.0,0.20551945,0.6,0.11043716,0.5156308,0.55120105,-3.5923424e-09,2.620658e-08,0.0
4.385,0.0,0.20551945,0.6,0.14266087,0.50677913,0.55101585,-2.4241948e-09,2.2147397e-08,0.0
4.39,0.0,0.20551945,0.6,0.16068023,0.50187814,0.55092037,-1.50142e-08,-1.453042e-07,0.0
4.3950000000000005,0.0,0.20551945,0.6,0.1755178,0.49935937,0.54974514,9.411311e-09,-7.34426e-08,0.0
4.4,0.05195101,0.0,0.5074997,0.18601641,0.49713692,0.54825276,7.557303e-09,5.837505e-08,0.0
4.405,0.05195101,0.0,0.5074997,0.19363275,0.48830593,0.54783237,1.6979786e-08,8.594854e-08,0.0
4.41,0.05195101,0.0,0.5074997,0.19398956,0.47549713,0.5472794,-3.6281712e-08,-3.0912126e-08,0.0
4.415,0.05195101,0.0,0.5074997,0.20566179,0.46274242,0.5466627,-1.6288128e-08,-8.945366e-09,0.0
4.42,0.45660484,0.0,0.5036637,0.20475812,0.4472499,0.54672295,0.08788426,-9.245233e-08,0.0
4.425,0.45660484,0.0,0.5036637,0.2122192,0.42813647,0.5460215,0.6844127,-9.072654e-09,0.0
4.43,0.45660484,0.0,0.5036637,0.20376243,0.4104617,0.54509944,1.5042646,6.032483e-08,0.0
4.4350000000000005,0.45660484,0.0,0.5036637,0.20829482,0.39388788,0.54458773,2.5868766,-2.464922e-08,0.0
4.44,0.5769439,0.23661122,0.3106801,0.2019895,0.37374237,0.5444558,3.603704,-3.1194656e-08,0.0
4.445,0.5769439,0.23661122,0.3106801,0.19737734,0.3500102,0.5432529,4.685963,1.3921772e-08,0.0
4.45,0.5769439,0.23661122,0.3106801,0.19475694,0.32453573,0.542524,5.9337606,3.4207254e-08,0.0
4.455,0.5769439,0.23661122,0.3106801,0.19047356,0.2980998,0.5425716,7.243176,1.18181454e-07,0.0
4.46,0.34519428,0.42142525,0.0,0.20413673,0.27245137,0.5410814,8.535426,1.31234e-08,0.0
4.465,0.34519428,0.42142525,0.0,0.2058456,0.24719338,0.53921,9.519532,1.2690751e-07,0.0
4.47,0.34519428,0.42142525,0.0,0.21267033,0.22337498,0.5387602,10.412613,1.6772095e-08,0.0
4.4750000000000005,0.34519428,0.42142525,0.0,0.23141976,0.20169881,0.53793603,11.361896,5.624045e-08,0.0
4.48,0.29135755,0.31457937,0.16576955,0.24554768,0.18578586,0.53173757,12.399541,-2.8126907e-08,0.0
4.485,0.29135755,0.31457937,0.16576955,0.2679153,0.18018563,0.52042603,13.552551,3.0062694e-08,0.0
4.49,0.29135755,0.31457937,0.16576955,0.28401816,0.17756703,0.5091011,14.863102,1.3171446e-07,0.0
4.495,0.29135755,0.31457937,0.16576955,0.31408003,0.17683347,0.49403277,16.33319,-7.978123e-09,0.0
4.5,0.6,0.5419042,0.26338792,0.32689616,0.18198003,0.47089264,18.002094,1.1947044e-07,0.0
4.505,0.6,0.5419042,0.26338792,0.33723876,0.19683206,0.44702098,19.828302,4.7704706e-08,0.0
4.51,0.6,0.5419042,0.26338792,0.33661655,0.21316808,0.42163745,21.720516,1.1860822e-07,0.0
4.515,0.6,0.5419042,0.26338792,0.32810026,0.22828698,0.3976901,24.107727,1.6520741e-07,0.0
4.5200000000000005,0.6,0.5889087,0.5038311,0.31859785,0.24359326,0.37798062,26.898993,4.3361263e-07,0.0
4.525,0.6,0.5889087,0.5038311,0.3168415,0.2543924,0.3613252,29.717995,2.6800237e-07,0.0
4.53,0.6,0.5889087,0.5038311,0.3175187,0.26437208,0.34669697,32.39227,1.9840758e-07,0.0
4.535,0.6,0.5889087,0.5038311,0.3220045,0.28085724,0.3358053,34.262714,1.9032109e-07,0.0
4.54,0.38354656,0.4685187,0.5513701,0.33385038,0.30098215,0.32955098,35.139572,4.63739e-08,0.0
4.545,0.38354656,0.4685187,0.5513701,0.3457469,0.31666926,0.32736218,35.228592,1.8325261e-09,0.0
4.55,0.38354656,0.4685187,0.5513701,0.36597013,0.33551458,0.3260518,34.750725,-1.2374145e-09,0.0
4.555,0.38354656,0.4685187,0.5513701,0.38343248,0.35395136,0.32572684,33.93057,2.1828654e-08,0.0
4.5600000000000005,0.3489648,0.5660383,0.50610435,0.39753488,0.36876485,0.3274171,32.946182,-2.2107125e-08,0.0
4.565,0.3489648,0.5660383,0.50610435,0.4095253,0.38208374,0.32933614,31.928654,-2.2252323e-08,0.0
4.57,0.3489648,0.5660383,0.50610435,0.41535833,0.39466587,0.33018744,30.96463,-3.4183287e-08,0.0
4.575,0.3489648,0.5660383,0.50610435,0.4146803,0.4027992,0.33487377,30.08163,-6.08297e-08,0.0
4.58,0.33327013,0.6,0.56031364,0.42357805,0.41127795,0.34435725,29.933893,2.257213e-08,0.0
4.585,0.33327013,0.6,0.56031364,0.43607256,0.4181075,0.35520905,29.9411,6.2817485e-10,0.0
4.59,0.33327013,0.6,0.56031364,0.43260828,0.42213348,0.36544907,29.73925,1.1162717e-08,0.0
4.595,0.33327013,0.6,0.56031364,0.42464456,0.42739254,0.37804952,30.088854,2.0254856e-08,0.0
4.6000000000000005,0.0,0.6,0.56344056,0.41170502,0.4364597,0.3875213,31.038872,1.3473219e-09,0.0
4.605,0.0,0.6,0.56344056,0.41146892,0.44304967,0.39626727,32.154495,4.4724835e-08,0.0
4.61,0.0,0.6,0.56344056,0.41219229,0.4497163,0.40706775,33.199257,4.084663e-08,0.0
4.615,0.0,0.6,0.56344056,0.41685107,0.45920423,0.41662234,33.411724,4.494568e-09,0.0
4.62,0.0,0.6,0.6,0.41640717,0.46692446,0.4254082,32.687363,-4.8541217e-08,0.0
4.625,0.0,0.6,0.6,0.4175855,0.47112402,0.43703222,32.026108,9.0706145e-09,0.0
4.63,0.0,0.6,0.6,0.41426024,0.47760117,0.44736084,31.103521,-5.623251e-09,0.0
4.635,0.0,0.6,0.6,0.40272555,0.48396173,0.45504633,30.358807,2.2740988e-08,0.0
4.64,0.0,0.6,0.6,0.38764885,0.48852667,0.46335137,30.01548,-1.0066467e-08,0.0
4.6450000000000005,0.0,0.6,0.6,0.36933517,0.49426192,0.47082543,29.805506,4.340679e-08,0.0
4.65,0.0,0.6,0.6,0.33862668,0.49887198,0.47665435,29.508553,-3.872451e-09,0.0
4.655,0.0,0.6,0.6,0.3029939,0.5023753,0.48260546,28.898556,-1.1523112e-08,0.0
4.66,0.0,0.5837621,0.6,0.27461204,0.5063161,0.48935494,27.776255,-2.1868876e-09,0.0
4.665,0.0,0.5837621,0.6,0.25179642,0.51048857,0.4941326,26.069775,3.8634536e-09,0.0
4.67,0.0,0.5837621,0.6,0.22161138,0.5135567,0.49932832,23.838034,-1.5321785e-07,0.0
4.675,0.0,0.5837621,0.6,0.19487019,0.5171632,0.50478774,21.14407,7.380425e-08,0.0
4.68,0.014471627,0.6,0.6,0.18015654,0.52136284,0.50861156,18.06557,-9.470878e-08,0.0
4.6850000000000005,0.014471627,0.6,0.6,0.16541238,0.52420646,0.5126678,14.777553,-2.3057608e-07,0.0
4.69,0.014471627,0.6,0.6,0.1451718,0.5275027,0.5172366,11.484757,4.7241677e-08,0.0
4.695,0.014471627,0.6,0.6,0.12099501,0.5309813,0.52075225,8.332858,4.972617e-08,0.0
4.7,0.19943674,0.23605937,0.6,0.11080821,0.5339144,0.5238543,5.406513,4.9613597e-08,0.0
4.705,0.19943674,0.23605937,0.6,0.10642006,0.53666157,0.5278342,2.8679194,4.160911e-08,0.0
4.71,0.19943674,0.23605937,0.6,0.09615239,0.54037946,0.53065765,0.91094005,6.00809e-08,0.0
4.715,0.19943674,0.23605937,0.6,0.09009829,0.54351264,0.53291416,5.7654486e-09,-1.0588993e-08,0.0
4.72,0.5501734,0.2740135,0.6,0.08130669,0.54421204,0.53640246,0.022190863,1.3835271e-08,0.0
4.7250000000000005,0.5501734,0.2740135,0.6,0.084064536,0.5433081,0.53924644,-3.4261217e-07,-3.614372e-08,0.0
4.73,0.5501734,0.2740135,0.6,0.07857619,0.5434752,0.5412693,8.190411e-11,7.470588e-09,0.0
4.735,0.5501734,0.2740135,0.6,0.08535491,0.54190797,0.54429924,-8.067989e-09,3.9056452e-08,0.0
4.74,0.32470265,0.5284895,0.4909801,0.07913813,0.5395415,0.54719347,1.0049749e-08,-3.042822e-08,0.0
4.745,0.32470265,0.5284895,0.4909801,0.087728396,0.5387507,0.5487861,-8.583295e-09,3.4332512e-08,0.0
4.75,0.32470265,0.5284895,0.4909801,0.1027732,0.5377318,0.55101895,-1.0964927e-09,-3.2647776e-08,0.0
4.755,0.32470265,0.5284895,0.4909801,0.11370781,0.53197706,0.5529746,2.6967637e-09,1.8183584e-08,0.0
4.76,0.0,0.0975947,0.6,0.13751185,0.5181402,0.55411804,1.6105167e-08,5.3627375e-08,0.0
4.765,0.0,0.0975947,0.6,0.1630812,0.5040226,0.553649,5.7916862e-09,-2.2693754e-08,0.0
4.7700000000000005,0.0,0.0975947,0.6,0.18560477,0.49470493,0.5534084,-9.134076e-09,-3.4680927e-08,0.0
4.775,0.0,0.0975947,0.6,0.20543025,0.48940033,0.55321574,3.1172491e-09,-3.4963815e-08,0.0
4.78,0.05712882,0.0,0.5038791,0.21811205,0.48583853,0.55223966,1.0375694e-08,1.271847e-07,0.0
4.785,0.05712882,0.0,0.5038791,0.21282002,0.47958103,0.5516332,0.05839454,5.2954213e-08,0.0
4.79,0.05712882,0.0,0.5038791,0.21990077,0.46522877,0.5513267,0.53733623,-4.3707118e-08,0.0
4.795,0.05712882,0.0,0.5038791,0.22270487,0.4487455,0.55060637,1.1390145,1.1996202e-07,0.0
4.8,0.39784268,0.0,0.5018126,0.21979082,0.43274647,0.55071056,1.6644387,-1.6122986e-08,0.0
4.805,0.39784268,0.0,0.5018126,0.2156918,0.41316321,0.55066806,2.5150304,7.190821e-08,0.0
4.8100000000000005,0.39784268,0.0,0.5018126,0.21258067,0.3948036,0.5496901,3.7107272,1.246893e-07,0.0
4.815,0.39784268,0.0,0.5018126,0.2133751,0.37887105,0.5488299,5.026625,1.3145515e-07,0.0
4.82,0.6,0.20437698,0.34804326,0.21479098,0.36103565,0.54895335,5.9633956,1.6235148e-07,0.0
4.825,0.6,0.20437698,0.34804326,0.20606062,0.33990556,0.5481293,6.458078,5.6487604e-08,0.0
4.83,0.6,0.20437698,0.34804326,0.20949563,0.31646594,0.54689986,7.0384645,3.545028e-08,0.0
4.835,0.6,0.20437698,0.34804326,0.21740334,0.29189327,0.54669064,7.5754623,3.8851664e-09,0.0
4.84,0.44909754,0.29116488,0.09866715,0.21705428,0.2673568,0.54579943,8.036744,1.0647779e-07,0.0
4.845,0.44909754,0.29116488,0.09866715,0.21695572,0.24299537,0.5435666,8.909704,7.4335365e-09,0.0
4.8500000000000005,0.44909754,0.29116488,0.09866715,0.204467,0.21936111,0.5428527,10.469348,2.2859039e-08,0.0
4.855,0.44909754,0.29116488,0.09866715,0.22241499,0.19751216,0.5428035,12.380716,1.9406009e-07,0.0
4.86,0.39166576,0.39509705,0.0,0.24077174,0.17943369,0.5382613,14.066345,-4.631927e-10,0.0
4.865,0.39166576,0.39509705,0.0,0.25391465,0.17008555,0.52559084,15.45729,1.08377776e-07,0.0
4.87,0.39166576,0.39509705,0.0,0.2701721,0.16738537,0.5098009,16.686548,2.758141e-08,0.0
4.875,0.39166576,0.39509705,0.0,0.29287237,0.16500372,0.49456486,17.855202,-3.8414987e-09,0.0
4.88,0.49571708,0.40989774,0.07931632,0.306067,0.16616504,0.474425,19.073479,1.8741393e-07,0.0
4.885,0.49571708,0.40989774,0.07931632,0.32361963,0.17153107,0.45501482,20.37355,6.616158e-08,0.0
4.89,0.49571708,0.40989774,0.07931632,0.33646995,0.17828864,0.4382763,21.766438,2.3326639e-07,0.0
4.8950000000000005,0.49571708,0.40989774,0.07931632,0.3365544,0.1851563,0.4191472,23.242039,8.518908e-08,0.0
4.9,0.6,0.49062702,0.3244476,0.34928018,0.20088466,0.3977601,24.715538,1.455734e-07,0.0
4.905,0.6,0.49062702,0.3244476,0.3458952,0.21973963,0.376647,26.1692,1.03225e-07,0.0
4.91,0.6,0.49062702,0.3244476,0.35655123,0.23533157,0.35561237,28.115395,9.3674934e-08,0.0
4.915,0.6,0.49062702,0.3244476,0.36774227,0.2516679,0.33628756,30.06156,1.4069184e-07,0.0
4.92,0.6,0.49582273,0.59444547,0.3754497,0.2706703,0.31973654,31.720333,3.4139703e-08,0.0
4.925,0.6,0.49582273,0.59444547,0.3820616,0.2839214,0.30690062,33.077995,-7.5336954e-09,0.0
4.93,0.6,0.49582273,0.59444547,0.3915528,0.29848546,0.29723302,34.083603,7.903465e-08,0.0
4.9350000000000005,0.6,0.49582273,0.59444547,0.4058331,0.3155805,0.29081735,34.734535,2.7988994e-08,0.0
4.94,0.31987882,0.59633225,0.4695926,0.42625856,0.3296606,0.28788912,35.06601,3.3366955e-08,0.0
4.945,0.31987882,0.59633225,0.4695926,0.43187615,0.34145287,0.2874983,35.174454,7.462716e-09,0.0
4.95,0.31987882,0.59633225,0.4695926,0.4312032,0.35647467,0.28702548,35.111923,-3.030616e-08,0.0
4.955,0.31987882,0.59633225,0.4695926,0.44510275,0.3674058,0.2883744,35.54893,3.4539276e-08,0.0
4.96,0.35723817,0.6,0.6,0.45068944,0.3769626,0.29154983,35.92497,1.5564485e-08,0.0
4.965,0.35723817,0.6,0.6,0.45894447,0.38850954,0.29657936,35.87144,4.5629927e-09,0.0
4.97,0.35723817,0.6,0.6,0.4637275,0.39900774,0.30320704,35.519665,1.6471553e-08,0.0
4.9750000000000005,0.35723817,0.6,0.6,0.45927072,0.4070698,0.31584695,34.96976,-3.681808e-08,0.0
4.98,0.03990984,0.6,0.6,0.4555109,0.41914085,0.32961452,34.99677,2.0838147e-08,0.0
4.985,0.03990984,0.6,0.6,0.46051136,0.43126386,0.33991635,35.671158,1.6469825e-08,0.0
4.99,0.03990984,0.6,0.6,0.45881277,0.43983284,0.3534774,35.922485,1.1499464e-08,0.0
4.995,0.03990984,0.6,0.6,0.4562055,0.4496296,0.36920187,36.173424,2.2955735e-08,0.0
5.0,0.0,0.6,0.6,0.46236432,0.45921728,0.3825326,36.695522,2.6568614e-08,0.0
5.005,0.0,0.6,0.6,0.45782286,0.46561873,0.39531687,36.582375,-2.03233e-08,0.0
5.01,0.0,0.6,0.6,0.4554645,0.47283956,0.4086875,36.36106,-1.3146981e-08,0.0
5.015,0.0,0.6,0.6,0.44091296,0.47965837,0.41971394,36.38783,2.996456e-09,0.0
5.0200000000000005,0.0,0.6,0.6,0.44263658,0.4847463,0.43001518,36.435658,-1.4754332e-08,0.0
5.025,0.0,0.6,0.6,0.42864507,0.48788667,0.44243175,35.71569,2.6491807e-09,0.0
5.03,0.0,0.6,0.6,0.41402647,0.49164852,0.45360336,34.7907,1.6361236e-09,0.0
5.035,0.0,0.6,0.6,0.38985148,0.49499625,0.4623199,34.014908,-4.7447223e-08,0.0
5.04,0.0,0.6,0.6,0.3561112,0.49781293,0.47204068,33.192932,1.1214898e-09,0.0
5.045,0.0,0.6,0.6,0.33251622,0.5016222,0.47933298,32.11707,-3.240695e-08,0.0
5.05,0.0,0.6,0.6,0.31544513,0.50464934,0.4849597,30.690279,5.2562125e-08,0.0
5.055,0.0,0.6,0.6,0.28852257,0.50700986,0.4915285,28.939693,1.274206e-07,0.0
5.0600000000000005,0.0,0.6,0.6,0.25730076,0.5104376,0.49715614,26.859476,-5.898009e-08,0.0
5.065,0.0,0.6,0.6,0.23029822,0.5134493,0.50120294,24.402325,-6.983645e-08,0.0
5.07,0.0,0.6,0.6,0.20126946,0.51609653,0.50613344,21.590767,4.1864894e-08,0.0
5.075,0.0,0.6,0.6,0.19163348,0.5197907,0.5104791,18.477436,1.470676e-08,0.0
5.08,0.12573719,0.24499087,0.6,0.16293275,0.52309996,0.5138486,15.248678,-4.7558412e-08,0.0
5.085,0.12573719,0.24499087,0.6,0.14374788,0.5262758,0.5178371,11.978906,-3.557649e-08,0.0
5.09,0.12573719,0.24499087,0.6,0.12440377,0.5300428,0.52136153,8.771088,-2.7932009e-08,0.0
5.095,0.12573719,0.24499087,0.6,0.10442107,0.5342768,0.52368826,5.774712,-6.2676094e-08,0.0
5.1000000000000005,0.45122004,0.42880628,0.6,0.09534165,0.53702104,0.5264579,3.0991442,-4.5193598e-08,0.0
5.105,0.45122004,0.42880628,0.6,0.072983205,0.5364694,0.5299974,0.90033275,8.4255845e-08,0.0
5.11,0.45122004,0.42880628,0.6,0.0721721,0.535422,0.5325279,-6.366006e-10,-4.023038e-08,0.0
5.115,0.45122004,0.42880628,0.6,0.08305351,0.5352409,0.5350709,9.405218e-09,-2.1998314e-09,0.0
5.12,0.13447821,0.15977354,0.5252403,0.08689468,0.5333491,0.5378942,9.998074e-09,-7.3621704e-09,0.0
5.125,0.13447821,0.15977354,0.5252403,0.08510112,0.5313485,0.54047763,1.1932398e-08,2.9575153e-08,0.0
5.13,0.13447821,0.15977354,0.5252403,0.105202384,0.5304757,0.542742,-1.4005473e-08,-1.849979e-08,0.0
5.135,0.13447821,0.15977354,0.5252403,0.11401132,0.5275948,0.5453861,3.524254e-09,2.7651817e-08,0.0
5.14,0.0,0.0,0.55427706,0.13110718,0.5225304,0.54723626,4.9367346e-09,1.3258364e-08,0.0
5.1450000000000005,0.0,0.0,0.55427706,0.16420026,0.51693666,0.5479635,3.599898e-09,-3.759796e-08,0.0
5.15,0.0,0.0,0.55427706,0.1741377,0.5098286,0.5476525,-3.3059775e-09,3.174725e-09,0.0
5.155,0.0,0.0,0.55427706,0.18110946,0.492474,0.547258,-4.5336437e-09,6.0419296e-08,0.0
5.16,0.3902833,0.0,0.39111066,0.18624754,0.47242275,0.5467512,1.6947765e-09,-2.8586541e-08,0.0
5.165,0.3902833,0.0,0.39111066,0.18377364,0.45336512,0.5459392,-2.466761e-08,4.8451714e-08,0.0
5.17,0.3902833,0.0,0.39111066,0.18216424,0.43280914,0.5454906,0.31864578,3.6843243e-08,0.0
5.175,0.3902833,0.0,0.39111066,0.1665878,0.4073765,0.5451917,1.0382805,-9.89093e-08,0.0
5.18,0.6,0.18165806,0.42958346,0.17507432,0.380282,0.5444803,1.9372003,6.462408e-08,0.0
5.1850000000000005,0.6,0.18165806,0.42958346,0.17089714,0.35032117,0.54441357,2.6828554,7.854363e-08,0.0
5.19,0.6,0.18165806,0.42958346,0.17994829,0.32165563,0.54362375,3.5692925,-4.1623203e-08,0.0
5.195,0.6,0.18165806,0.42958346,0.18584286,0.29288077,0.5419841,4.5104914,-2.608801e-08,0.0
5.2,0.41490987,0.43252397,0.0,0.18659167,0.26533946,0.5411718,5.421027,4.3076138e-08,0.0
5.205,0.41490987,0.43252397,0.0,0.19961895,0.23917666,0.5412896,6.3228874,8.126692e-08,0.0
5.21,0.41490987,0.43252397,0.0,0.21500504,0.2165717,0.53975755,7.4611573,1.570263e-07,0.0
5.215,0.41490987,0.43252397,0.0,0.23937504,0.19950081,0.5385697,8.872517,6.3202286e-08,0.0
5.22,0.2562101,0.36222902,0.17638193,0.25986123,0.18917473,0.53869236,10.504818,5.9328055e-08,0.0
5.2250000000000005,0.2562101,0.36222902,0.17638193,0.27450728,0.18373777,0.53690183,12.327507,5.0074282e-09,0.0
5.23,0.2562101,0.36222902,0.17638193,0.28814754,0.18185602,0.5292481,14.259999,-5.0885287e-08,0.0
5.235,0.2562101,0.36222902,0.17638193,0.29933003,0.1830937,0.51841205,16.224138,7.07247e-08,0.0
5.24,0.6,0.5900939,0.00063618424,0.315535,0.18576434,0.5067762,18.158707,6.7124795e-08,0.0
5.245,0.6,0.5900939,0.00063618424,0.33486143,0.1902785,0.48904797,20.050869,3.8638014e-08,0.0
5.25,0.6,0.5900939,0.00063618424,0.3332253,0.20387253,0.4690262,21.929031,1.6009524e-07,0.0
5.255,0.6,0.5900939,0.00063618424,0.33736208,0.22073264,0.45168206,24.264252,-1.6843359e-08,0.0
5.26,0.6,0.6,0.20045488,0.34397107,0.23396021,0.43330726,26.510216,8.657053e-08,0.0
5.265,0.6,0.6,0.20045488,0.3389703,0.24961883,0.414225,28.347692,5.661964e-08,0.0
5.2700000000000005,0.6,0.6,0.20045488,0.3387685,0.27089566,0.39853767,30.385567,-3.826611e-08,0.0
5.275,0.6,0.6,0.20045488,0.35578868,0.28966,0.3822297,32.650616,4.61631e-08,0.0
5.28,0.6,0.6,0.41119674,0.36317778,0.30797666,0.36375904,34.321632,-9.230539e-09,0.0
5.285,0.6,0.6,0.41119674,0.3694753,0.32780445,0.34483606,35.142296,3.5441193e-08,0.0
5.29,0.6,0.6,0.41119674,0.3798893,0.34531707,0.3265907,35.251846,-4.2456377e-10,0.0
5.295,0.6,0.6,0.41119674,0.38444105,0.35950828,0.30961192,34.821857,1.2571708e-08,0.0
5.3,0.3884727,0.6,0.43324128,0.40120772,0.37645027,0.29670763,34.01426,8.587177e-09,0.0
5.305,0.3884727,0.6,0.43324128,0.42435429,0.39127532,0.28979373,33.00203,-5.6523827e-08,0.0
5.3100000000000005,0.3884727,0.6,0.43324128,0.43943855,0.40328154,0.28787217,31.973299,-2.0790841e-08,0.0
5.315,0.3884727,0.6,0.43324128,0.4529123,0.41583163,0.28689212,31.049967,-4.3365706e-08,0.0
5.32,0.38180128,0.49072137,0.6,0.46307614,0.42716095,0.28753766,30.284456,-5.6018608e-09,0.0
5.325,0.38180128,0.49072137,0.6,0.47144806,0.4359025,0.2903079,29.68949,-6.5376646e-09,0.0
5.33,0.38180128,0.49072137,0.6,0.46423602,0.44620627,0.2919871,29.25835,3.3859933e-09,0.0
5.335,0.38180128,0.49072137,0.6,0.47103196,0.455973,0.29259005,29.633955,5.4982088e-08,0.0
5.34,0.3366332,0.6,0.6,0.47254583,0.4632344,0.29842684,30.098494,2.112421e-08,0.0
5.345,0.3366332,0.6,0.6,0.47183147,0.4709582,0.3063425,30.173536,1.2011527e-08,0.0
5.3500000000000005,0.3366332,0.6,0.6,0.47847024,0.47727445,0.31277815,30.685429,5.7959657e-08,0.0
5.355,0.3366332,0.6,0.6,0.47965622,0.48121816,0.32231706,31.058245,8.560377e-10,0.0
5.36,0.049192537,0.6,0.6,0.483535,0.48432583,0.33862185,30.9122,-1.7218703e-08,0.0
5.365,0.049192537,0.6,0.6,0.48642424,0.48600462,0.35381997,30.435097,1.67611e-08,0.0
5.37,0.049192537,0.6,0.6,0.48609328,0.48713583,0.36856914,29.790688,-3.5106392e-08,0.0
5.375,0.049192537,0.6,0.6,0.48895127,0.48950642,0.38437456,29.861202,6.3524017e-09,0.0
5.38,0.0,0.6,0.6,0.46950102,0.49265504,0.39954934,30.020603,-1.0597038e-08,0.0
5.385,0.0,0.6,0.6,0.47348166,0.49564928,0.4114393,30.473738,5.3005927e-08,0.0
5.39,0.0,0.6,0.6,0.45976564,0.49837968,0.4253101,30.667965,-1.0786797e-08,0.0
5.3950000000000005,0.0,0.6,0.6,0.45836896,0.50060785,0.43843114,30.951626,5.2813625e-08,0.0
5.4,0.0,0.6,0.6,0.4387715,0.50205463,0.45023426,31.586966,-2.2591222e-09,0.0
5.405,0.0,0.6,0.6,0.4206151,0.50435036,0.46169198,32.265926,3.5636393e-08,0.0
5.41,0.0,0.6,0.6,0.40838575,0.5083517,0.4706652,32.73491,-1.934054e-08,0.0
5.415,0.0,0.6,0.6,0.39688766,0.5114818,0.47732544,32.87721,-4.2349384e-08,0.0
5.42,0.0,0.6,0.6,0.3690323,0.5134655,0.4847224,32.666954,-6.3314287e-09,0.0
5.425,0.0,0.6,0.6,0.3342234,0.51669663,0.49142933,32.028954,9.14655e-09,0.0
5.43,0.0,0.6,0.6,0.29943576,0.51875013,0.49704117,30.847523,6.718787e-08,0.0
5.4350000000000005,0.0,0.6,0.6,0.27251026,0.52116793,0.5020119,29.051552,-8.0312674e-08,0.0
5.44,0.0,0.6,0.6,0.2501259,0.52375716,0.5072238,26.67715,-2.4599409e-08,0.0
5.445,0.0,0.6,0.6,0.22387587,0.5266495,0.5108179,23.85094,-6.0471955e-08,0.0
5.45,0.0,0.6,0.6,0.19274163,0.52922356,0.51427144,20.693853,4.642889e-08,0.0
5.455,0.0,0.6,0.6,0.17811406,0.5323053,0.518375,17.268463,-1.0496727e-07,0.0
5.46,0.10900387,0.31373137,0.6,0.16702682,0.5356803,0.5210195,13.737725,-8.231617e-09,0.0
5.465,0.10900387,0.31373137,0.6,0.15172017,0.5383239,0.5241906,10.337763,1.0422961e-07,0.0
5.47,0.10900387,0.31373137,0.6,0.13813324,0.54109836,0.5276639,7.2477474,-7.817502e-08,0.0
5.4750000000000005,0.10900387,0.31373137,0.6,0.1359572,0.5448437,0.5299066,4.6002154,-4.4821284e-08,0.0
5.48,0.44827434,0.38119686,0.595914,0.12052877,0.5476607,0.5322541,2.5628395,-5.4243994e-08,0.0
5.485,0.44827434,0.38119686,0.595914,0.08891593,0.5481211,0.53553694,1.1406221,-4.0920625e-08,0.0
5.49,0.44827434,0.38119686,0.595914,0.07826587,0.54714984,0.53767395,0.0809613,-2.8519018e-09,0.0
5.495,0.44827434,0.38119686,0.595914,0.07794383,0.54658204,0.54008603,1.0919965e-09,1.839815e-08,0.0
5.5,0.14787416,0.18759911,0.5451954,0.08589887,0.54504836,0.5427489,1.8371816e-08,-2.0742922e-08,0.0
5.505,0.14787416,0.18759911,0.5451954,0.0859285,0.54299575,0.5450907,1.1762092e-08,1.8719495e-08,0.0
5.51,0.14787416,0.18759911,0.5451954,0.08874642,0.5428134,0.5468269,1.4043236e-08,4.091963e-09,0.0
5.515,0.14787416,0.18759911,0.5451954,0.10185579,0.5415788,0.54892254,9.928961e-09,2.5048244e-08,0.0
5.5200000000000005,0.0,0.0,0.55300355,0.10646385,0.53734773,0.55111647,-3.9917682e-09,-2.4246074e-08,0.0
5.525,0.0,0.0,0.55300355,0.13161294,0.5318972,0.55186284,-3.1168428e-09,-2.0492445e-08,0.0
5.53,0.0,0.0,0.55300355,0.14867206,0.52617234,0.5522634,-2.6424827e-09,-3.9945444e-08,0.0
5.535,0.0,0.0,0.55300355,0.15677835,0.5114824,0.5526712,4.7668762e-09,6.1520815e-08,0.0
5.54,0.43738574,0.0,0.44812402,0.1654427,0.4913915,0.5519699,1.8852397e-09,-3.914952e-08,0.0
5.545,0.43738574,0.0,0.44812402,0.16125304,0.4717569,0.5511217,-9.550287e-09,-3.3262744e-08,0.0
5.55,0.43738574,0.0,0.44812402,0.16877002,0.452164,0.5506349,0.06363839,9.13832e-08,0.0
5.555,0.43738574,0.0,0.44812402,0.16014889,0.42811024,0.5502459,0.037015833,5.8785483e-09,0.0
5.5600000000000005,0.6,0.13004196,0.46602425,0.1563318,0.40155104,0.54895973,0.21374528,-8.013098e-08,0.0
5.565,0.6,0.13004196,0.46602425,0.15984777,0.3715966,0.5485849,0.7675581,1.4033209e-07,0.0
5.57,0.6,0.13004196,0.46602425,0.16725057,0.34208658,0.5485028,1.4222034,-4.686005e-08,0.0
5.575,0.6,0.13004196,0.46602425,0.17967942,0.31261972,0.54710233,2.1687353,1.1411533e-07,0.0
5.58,0.35154742,0.40447402,0.0,0.19463378,0.28428084,0.54593664,3.1518624,1.0266794e-08,0.0
5.585,0.35154742,0.40447402,0.0,0.20314601,0.25710574,0.5461665,4.4178405,9.603345e-08,0.0
5.59,0.35154742,0.40447402,0.0,0.21682656,0.23258588,0.54510033,6.095611,1.5719137e-07,0.0
5.595,0.35154742,0.40447402,0.0,0.23895404,0.21231271,0.5439041,8.059968,-5.3224458e-08,0.0
5.6000000000000005,0.24663427,0.28228316,0.20012788,0.25685507,0.19695453,0.5441447,10.150968,2.1007752e-07,0.0
5.605,0.24663427,0.28228316,0.20012788,0.2681208,0.18750052,0.54327846,12.290268,1.7366763e-07,0.0
5.61,0.24663427,0.28228316,0.20012788,0.2929868,0.18337893,0.5388438,14.387875,1.4865469e-07,0.0
5.615,0.24663427,0.28228316,0.20012788,0.30757895,0.18248467,0.5297747,16.456945,1.07022174e-07,0.0
5.62,0.6,0.52697253,0.28528088,0.32487974,0.18317834,0.5204201,18.498281,1.5727392e-07,0.0
5.625,0.6,0.52697253,0.28528088,0.32802176,0.1844769,0.5045942,20.50479,-3.9007386e-08,0.0
5.63,0.6,0.52697253,0.28528088,0.3412023,0.19181108,0.48445028,22.417046,1.15399814e-07,0.0
5.635,0.6,0.52697253,0.28528088,0.33623695,0.20349215,0.46567854,24.222775,6.256096e-08,0.0
5.64,0.6,0.6,0.41976094,0.3393666,0.21211863,0.448403,26.411419,2.3386038e-07,0.0
5.6450000000000005,0.6,0.6,0.41976094,0.3387397,0.22207482,0.42808962,28.470947,4.7229072e-08,0.0
5.65,0.6,0.6,0.41976094,0.33661523,0.24075232,0.410748,30.632977,7.656971e-08,0.0
5.655,0.6,0.6,0.41976094,0.34100497,0.26161665,0.39474326,33.04532,1.1702766e-07,0.0
5.66,0.36636508,0.48803246,0.5467509,0.35548088,0.27968016,0.38061193,34.902683,2.861964e-08,0.0
5.665,0.36636508,0.48803246,0.5467509,0.36059818,0.2992422,0.36983946,35.950214,3.7017845e-08,0.0
5.67,0.36636508,0.48803246,0.5467509,0.37687147,0.32017675,0.363432,36.300186,2.445254e-08,0.0
5.675,0.36636508,0.48803246,0.5467509,0.39217663,0.33579153,0.3616394,36.0957,3.284718e-08,0.0
5.68,0.32846975,0.6,0.4954215,0.4006054,0.3526992,0.3609016,35.521626,6.2360805e-08,0.0
5.6850000000000005,0.32846975,0.6,0.4954215,0.41840374,0.36978856,0.3605911,34.709015,1.55494e-08,0.0
5.69,0.32846975,0.6,0.4954215,0.4291035,0.38344607,0.36260793,33.788277,6.215919e-08,0.0
5.695,0.32846975,0.6,0.4954215,0.43727687,0.39590818,0.36386517,32.863182,-6.6758528e-09,0.0
5.7,0.33315837,0.6,0.54870075,0.4388674,0.40662953,0.36419865,31.987366,-8.060085e-09,0.0
5.705,0.33315837,0.6,0.54870075,0.43399012,0.41297486,0.36664367,31.166561,-2.5143251e-08,0.0
5.71,0.33315837,0.6,0.54870075,0.4366968,0.42140335,0.3696793,31.072294,-6.4562813e-09,0.0
5.715,0.33315837,0.6,0.54870075,0.42846003,0.4320954,0.3721028,31.075518,1.4079432e-08,0.0
5.72,0.0,0.6,0.592589,0.42616716,0.44034728,0.3775175,31.37773,1.2220954e-09,0.0
5.7250000000000005,0.0,0.6,0.592589,0.4235379,0.4481256,0.38664252,32.110764,1.2312248e-08,0.0
5.73,0.0,0.6,0.592589,0.42844558,0.4585019,0.39504907,32.991787,8.9765585e-08,0.0
5.735,0.0,0.6,0.592589,0.4374673,0.46618107,0.40261552,33.170364,8.020304e-09,0.0
5.74,0.0,0.6,0.6,0.44180995,0.4724496,0.4134962,32.518623,-1.1389772e-08,0.0
5.745,0.0,0.6,0.6,0.43657485,0.47975978,0.42314205,31.369139,2.512956e-08,0.0
5.75,0.0,0.6,0.6,0.43095952,0.48549718,0.43130362,30.627144,-3.1330114e-09,0.0
5.755,0.0,0.6,0.6,0.42200804,0.4901523,0.44081753,30.487585,-4.110474e-09,0.0
5.76,0.0,0.6,0.6,0.41501087,0.49497014,0.45128763,30.653488,3.3871714e-08,0.0
5.765,0.0,0.6,0.6,0.39262086,0.49914286,0.45964348,30.906235,-2.9066212e-09,0.0
5.7700000000000005,0.0,0.6,0.6,0.37622207,0.5022633,0.46885884,31.011803,5.829379e-09,0.0
5.775,0.0,0.6,0.6,0.34670746,0.5057518,0.47782212,30.82317,1.5823248e-08,0.0
5.78,0.0,0.57736874,0.6,0.30977276,0.5089009,0.48445898,30.204784,-2.880509e-08,0.0
5.785,0.0,0.57736874,0.6,0.27947494,0.5114429,0.49120903,29.00332,1.5248048e-08,0.0
5.79,0.0,0.57736874,0.6,0.25503695,0.51444197,0.49808058,27.168222,8.498599e-08,0.0
5.795,0.0,0.57736874,0.6,0.23143093,0.5179599,0.5027766,24.772213,3.3116397e-08,0.0
5.8,0.003967667,0.56412125,0.6,0.2102618,0.5206602,0.50727844,21.941423,-1.1210752e-07,0.0
5.805,0.003967667,0.56412125,0.6,0.18576139,0.5237884,0.51232594,18.825575,1.2553843e-07,0.0
5.8100000000000005,0.003967667,0.56412125,0.6,0.1704339,0.52696776,0.5161223,15.5269985,-2.896148e-08,0.0
5.815,0.003967667,0.56412125,0.6,0.1389186,0.5297703,0.5195664,12.194729,-1.03463066e-07,0.0
5.82,0.21214487,0.21478601,0.6,0.12986408,0.53299826,0.52310055,8.896534,5.097549e-08,0.0
5.825,0.21214487,0.21478601,0.6,0.11341405,0.53599304,0.5261956,5.8277636,4.0775905e-08,0.0
5.83,0.21214487,0.21478601,0.6,0.100722946,0.53842413,0.528898,3.1688895,-1.6655353e-07,0.0
5.835,0.21214487,0.21478601,0.6,0.10163266,0.5408196,0.532157,1.0357469,-1.4490848e-07,0.0
5.84,0.5547741,0.1962107,0.6,0.09431635,0.5429508,0.53505826,1.2975682e-09,-1.1538803e-08,0.0
5.845,0.5547741,0.1962107,0.6,0.08783709,0.54463613,0.53753245,0.05770114,4.2115712e-08,0.0
5.8500000000000005,0.5547741,0.1962107,0.6,0.07727287,0.5451861,0.54032105,0.11673505,-9.268469e-09,0.0
5.855,0.5547741,0.1962107,0.6,0.07193704,0.54382294,0.54279804,0.05084814,4.1609184e-08,0.0
5.86,0.32241362,0.5478846,0.49280965,0.06675986,0.5430942,0.54478806,-3.018867e-09,-2.5713819e-08,0.0
5.865,0.32241362,0.5478846,0.49280965,0.061537106,0.5420944,0.5471534,-6.0963865e-09,8.363213e-08,0.0
5.87,0.32241362,0.5478846,0.49280965,0.06507968,0.5399039,0.5491857,1.2858645e-08,4.467586e-08,0.0
5.875,0.32241362,0.5478846,0.49280965,0.083529375,0.5379969,0.55046445,2.917037e-09,2.4889529e-08,0.0
5.88,0.0,0.18988183,0.6,0.1082762,0.5354647,0.5523109,4.5149333e-09,-4.480824e-08,0.0
5.885,0.0,0.18988183,0.6,0.11427677,0.52852994,0.55453146,3.1232854e-09,-1.12702e-08,0.0
5.89,0.0,0.18988183,0.6,0.1428817,0.5208048,0.55542165,-3.4789895e-09,-4.9438103e-08,0.0
5.8950000000000005,0.0,0.18988183,0.6,0.16808785,0.51470643,0.55481356,7.0604265e-09,-4.4074035e-08,0.0
5.9,0.052737687,0.0,0.526044,0.17857699,0.50641114,0.5549541,2.9802695e-08,1.3470289e-08,0.0
5.905,0.052737687,0.0,0.526044,0.17983024,0.4973572,0.55501145,2.2508726e-09,-4.9383967e-08,0.0
5.91,0.052737687,0.0,0.526044,0.18615174,0.4905415,0.5547425,1.6570565e-08,-2.4060013e-08,0.0
5.915,0.052737687,0.0,0.526044,0.18555185,0.48126146,0.55420756,6.986119e-09,-3.075099e-08,0.0
5.92,0.4616834,0.0,0.51196563,0.17258975,0.46413627,0.554136,0.2089484,-4.158892e-08,0.0
5.925,0.4616834,0.0,0.51196563,0.17230846,0.44441536,0.5534891,0.6051583,-1.4914528e-08,0.0
5.93,0.4616834,0.0,0.51196563,0.16921076,0.42674553,0.55318886,1.1270524,8.965501e-09,0.0
5.9350000000000005,0.4616834,0.0,0.51196563,0.1734329,0.40615562,0.5530089,1.7351453,5.637956e-08,0.0
5.94,0.57888675,0.24679781,0.29679507,0.1681291,0.38220918,0.55216163,2.1386633,-6.173532e-08,0.0
5.945,0.57888675,0.24679781,0.29679507,0.17175217,0.35514396,0.55128914,2.6247222,3.5870762e-08,0.0
5.95,0.57888675,0.24679781,0.29679507,0.17011052,0.32749614,0.55130553,3.146948,-1.2365017e-07,0.0
5.955,0.57888675,0.24679781,0.29679507,0.1656636,0.29977196,0.55035627,3.9678984,8.3634504e-08,0.0
5.96,0.34578085,0.43541804,0.0,0.17339227,0.2728299,0.5491022,5.150745,4.405461e-08,0.0
5.965,0.34578085,0.43541804,0.0,0.18581931,0.24700965,0.5490113,6.261565,1.556323e-07,0.0
5.97,0.34578085,0.43541804,0.0,0.19410488,0.2229913,0.5485725,7.413987,1.7479772e-07,0.0
5.9750000000000005,0.34578085,0.43541804,0.0,0.21586321,0.2030881,0.54617786,8.670785,8.4278014e-08,0.0
5.98,0.29290715,0.32698303,0.15999779,0.2337949,0.19328669,0.54395276,10.014145,1.1097348e-07,0.0
5.985,0.29290715,0.32698303,0.15999779,0.25346985,0.19016273,0.5412721,11.456326,1.4350853e-07,0.0
5.99,0.29290715,0.32698303,0.15999779,0.27042264,0.18783222,0.53365886,13.006733,1.7543445e-07,0.0
5.995,0.29290715,0.32698303,0.15999779,0.27482283,0.18805279,0.51375496,14.658789,1.2159836e-07,0.0
6.0,0.6,0.54487246,0.25833532,0.2913949,0.19382846,0.48782694,16.324497,1.7450574e-07,0.0
6.005,0.6,0.54487246,0.25833532,0.29788825,0.2028695,0.4614846,17.979445,1.8177847e-08,0.0
6.01,0.6,0.54487246,0.25833532,0.29898497,0.21301211,0.435357,19.592127,1.6481945e-07,0.0
6.015000000000001,0.6,0.54487246,0.25833532,0.30447552,0.22713004,0.41297534,21.092777,1.2479344e-07,0.0
6.0200000000000005,0.6,0.58969957,0.5001161,0.3020669,0.2400481,0.39466444,22.45485,1.3868547e-08,0.0
6.025,0.6,0.58969957,0.5001161,0.3079575,0.2502529,0.37700114,24.141758,8.300642e-09,0.0
6.03,0.6,0.58969957,0.5001161,0.32170925,0.2659177,0.3619229,25.723026,1.032115e-08,0.0
6.035,0.6,0.58969957,0.5001161,0.3305135,0.28476825,0.35065633,26.979288,9.964369e-08,0.0
6.04,0.3830952,0.47261035,0.54996204,0.33962977,0.30272758,0.33949634,27.941187,1.8368883e-08,0.0
6.045,0.3830952,0.47261035,0.54996204,0.3547465,0.32000217,0.33075485,28.588596,3.3092306e-08,0.0
6.05,0.3830952,0.47261035,0.54996204,0.365307,0.33995643,0.32513198,28.964256,-2.5931968e-08,0.0
6.055,0.3830952,0.47261035,0.54996204,0.3794556,0.3562123,0.32345366,29.09919,-7.3660003e-09,0.0
6.0600000000000005,0.3491224,0.56519026,0.5106863,0.38968486,0.37091985,0.32383198,29.048065,2.0654223e-08,0.0
6.065,0.3491224,0.56519026,0.5106863,0.40029022,0.38659233,0.323154,28.868753,-1.9438188e-08,0.0
6.07,0.3491224,0.56519026,0.5106863,0.40957448,0.39956692,0.3245191,28.596994,-2.6496801e-08,0.0
6.075,0.3491224,0.56519026,0.5106863,0.41933665,0.40968433,0.3292334,28.270296,1.0537937e-08,0.0
6.08,0.3335816,0.6,0.5613334,0.41583008,0.41900235,0.33608237,27.93416,-2.1694845e-08,0.0
6.085,0.3335816,0.6,0.5613334,0.42785797,0.42531225,0.3434879,28.232508,4.278119e-08,0.0
6.09,0.3335816,0.6,0.5613334,0.4294727,0.43011516,0.3563411,28.600203,-1.0567997e-08,0.0
6.095,0.3335816,0.6,0.5613334,0.41722926,0.43764657,0.36877385,28.645039,-1.1461174e-08,0.0
6.1000000000000005,0.0,0.6,0.567545,0.41226327,0.44505686,0.3788892,29.047836,-6.996757e-09,0.0
6.105,0.0,0.6,0.567545,0.4220004,0.45064402,0.3908387,29.88806,5.4501292e-09,0.0
6.11,0.0,0.6,0.567545,0.42361584,0.45900238,0.40225476,30.27468,1.0922148e-08,0.0
6.115,0.0,0.6,0.567545,0.41556415,0.4659372,0.41147235,29.97488,-1.7777747e-08,0.0
6.12,0.0,0.6,0.6,0.41744736,0.47075513,0.4215466,29.833992,-2.5006074e-08,0.0
6.125,0.0,0.6,0.6,0.41927278,0.4766936,0.43218917,29.438639,1.8139955e-08,0.0
6.13,0.0,0.6,0.6,0.4131226,0.48277548,0.4408993,28.545399,-3.9747224e-08,0.0
6.135,0.0,0.6,0.6,0.42234436,0.48733336,0.45010632,28.000687,-5.7276512e-08,0.0
6.140000000000001,0.0,0.6,0.6,0.40942466,0.49234745,0.45902213,27.40557,-2.1906718e-10,0.0
6.1450000000000005,0.0,0.6,0.6,0.39435056,0.49704522,0.46613717,27.077095,1.4264937e-08,0.0
6.15,0.0,0.6,0.6,0.37789422,0.5012172,0.47203705,27.133518,9.6620125e-09,0.0
6.155,0.0,0.6,0.6,0.35848287,0.5049614,0.47966418,27.260273,-9.423227e-09,0.0
6.16,0.0,0.58114123,0.6,0.326191,0.508892,0.48561406,27.223806,1.9764121e-08,0.0
6.165,0.0,0.58114123,0.6,0.30051187,0.51201373,0.4908547,26.789692,-4.7246687e-09,0.0
6.17,0.0,0.58114123,0.6,0.27121326,0.51503015,0.49667838,25.833479,-8.938796e-08,0.0
6.175,0.0,0.58114123,0.6,0.23810323,0.5180463,0.50199723,24.30823,3.1844227e-08,0.0
6.18,0.009174675,0.55612993,0.6,0.21715817,0.52080274,0.5059022,22.19195,-1.0862281e-07,0.0
6.1850000000000005,0.009174675,0.55612993,0.6,0.19749735,0.5230463,0.5110053,19.595743,1.0100202e-07,0.0
6.19,0.009174675,0.55612993,0.6,0.16973028,0.5256894,0.51525563,16.685453,-1.6579891e-07,0.0
6.195,0.009174675,0.55612993,0.6,0.15662506,0.5281709,0.51826346,13.54074,4.1196767e-08,0.0
6.2,0.22777602,0.20600745,0.6,0.13987462,0.5303868,0.52180666,10.346335,-2.0032613e-07,0.0
6.205,0.22777602,0.20600745,0.6,0.122525096,0.53293705,0.5252977,7.3096714,4.8689053e-08,0.0
6.21,0.22777602,0.20600745,0.6,0.11872564,0.53525496,0.52784127,4.5784197,-1.9038495e-08,0.0
6.215,0.22777602,0.20600745,0.6,0.10193174,0.5374386,0.53078234,2.3542156,9.343119e-08,0.0
6.22,0.5643906,0.31803375,0.6,0.09418842,0.5395854,0.5337015,0.68822974,-3.1923356e-08,0.0
6.2250000000000005,0.5643906,0.31803375,0.6,0.082849175,0.5413901,0.53593767,7.976771e-09,-1.8258682e-08,0.0
6.23,0.5643906,0.31803375,0.6,0.09374947,0.5427503,0.53835726,3.4495133e-09,-5.3259352e-09,0.0
6.235,0.5643906,0.31803375,0.6,0.109311536,0.5415962,0.5411245,5.270186e-09,3.0298885e-08,0.0
6.24,0.31128034,0.5504494,0.5147635,0.10366314,0.5399011,0.54347694,1.4218267e-08,-2.5989085e-08,0.0
6.245,0.31128034,0.5504494,0.5147635,0.102813415,0.5394537,0.54544336,1.0732558e-08,2.0221846e-08,0.0
6.25,0.31128034,0.5504494,0.5147635,0.097612835,0.537565,0.5480432,-2.3133162e-09,-2.4521798e-08,0.0
6.255,0.31128034,0.5504494,0.5147635,0.0987901,0.53617084,0.54957384,2.2395634e-09,-3.0141283e-08,0.0
6.26,0.0,0.10853012,0.6,0.1291224,0.53559554,0.55114913,-1.8401531e-09,-3.5450654e-08,0.0
6.265000000000001,0.0,0.10853012,0.6,0.14587261,0.53390026,0.5529105,-1.5779188e-08,4.9383025e-10,0.0
6.2700000000000005,0.0,0.10853012,0.6,0.15918104,0.5326343,0.55397576,-1.193251e-10,7.134556e-09,0.0
6.275,0.0,0.10853012,0.6,0.17619033,0.5315667,0.5538585,-4.8903166e-09,1.7276157e-08,0.0
6.28,0.06067184,0.0,0.4658864,0.19213416,0.52831525,0.5533474,5.3199376e-08,-8.481271e-08,0.0
6.285,0.06067184,0.0,0.4658864,0.19769609,0.51164854,0.5534415,-2.2995312e-09,1.2049891e-08,0.0
6.29,0.06067184,0.0,0.4658864,0.2013338,0.49159223,0.5533877,3.8911803e-09,2.8347541e-08,0.0
6.295,0.06067184,0.0,0.4658864,0.20108779,0.47323278,0.553241,3.6916394e-09,-1.2945e-09,0.0
6.3,0.39648497,0.0,0.50529563,0.20307401,0.45361733,0.55258954,0.3615648,-1.2458658e-07,0.0
6.305,0.39648497,0.0,0.50529563,0.19971144,0.43213728,0.55175024,0.83868515,-4.8937537e-08,0.0
6.3100000000000005,0.39648497,0.0,0.50529563,0.19701861,0.41444454,0.5504919,1.595973,1.1341081e-07,0.0
6.315,0.39648497,0.0,0.50529563,0.20253617,0.39592028,0.55024236,2.677527,4.3063608e-08,0.0
6.32,0.6,0.26594275,0.32775602,0.19714768,0.37473667,0.5500487,3.5965214,8.360314e-08,0.0
6.325,0.6,0.26594275,0.32775602,0.1983901,0.35013568,0.5482468,4.548511,-4.3422723e-08,0.0
6.33,0.6,0.26594275,0.32775602,0.20143409,0.3240631,0.5482034,5.3722258,1.1970657e-07,0.0
6.335,0.6,0.26594275,0.32775602,0.20413007,0.29731008,0.5480452,6.0141754,-1.7033196e-08,0.0
6.34,0.3725642,0.3912022,0.0,0.20437568,0.27130505,0.5461765,6.6315823,-4.1092957e-08,0.0
6.345,0.3725642,0.3912022,0.0,0.20879723,0.2459606,0.54520965,7.2918873,8.430255e-08,0.0
6.3500000000000005,0.3725642,0.3912022,0.0,0.20132142,0.22160643,0.5457585,8.239825,8.543561e-09,0.0
6.355,0.3725642,0.3912022,0.0,0.23099495,0.20046844,0.5435945,9.73299,-1.27852e-08,0.0
6.36,0.30635253,0.43870503,0.099528,0.25863934,0.18733852,0.5372716,11.418556,-5.363329e-08,0.0
6.365,0.30635253,0.43870503,0.099528,0.26404744,0.18304868,0.5298332,13.154028,1.411953e-07,0.0
6.37,0.30635253,0.43870503,0.099528,0.28283367,0.1802192,0.5207187,14.894847,4.0835054e-08,0.0
6.375,0.30635253,0.43870503,0.099528,0.29535407,0.18004172,0.50298274,16.625721,1.9659712e-08,0.0
6.38,0.6,0.5650189,0.20671083,0.2995366,0.1849386,0.47769898,18.34434,1.06851964e-07,0.0
6.385,0.6,0.5650189,0.20671083,0.3131749,0.19756128,0.45214957,19.992126,5.4856965e-08,0.0
6.390000000000001,0.6,0.5650189,0.20671083,0.32183367,0.20903656,0.42610377,21.565964,5.786211e-08,0.0
6.3950000000000005,0.6,0.5650189,0.20671083,0.3245464,0.22294052,0.40291318,23.071295,1.575425e-07,0.0
6.4,0.6,0.5340478,0.52336115,0.3204636,0.2429604,0.38404435,24.476717,8.956497e-08,0.0
6.405,0.6,0.5340478,0.52336115,0.320183,0.26073036,0.36711016,26.249266,1.8159038e-07,0.0
6.41,0.6,0.5340478,0.52336115,0.32442266,0.2779191,0.35090792,28.426212,2.2850801e-07,0.0
6.415,0.6,0.5340478,0.52336115,0.32241738,0.29760945,0.3388071,30.168924,4.018295e-08,0.0
6.42,0.33655867,0.50398225,0.5096944,0.33719617,0.3168872,0.3276323,31.651768,8.177109e-08,0.0
6.425,0.33655867,0.50398225,0.5096944,0.3539643,0.33264074,0.3186314,32.541294,5.0403106e-08,0.0
6.43,0.33655867,0.50398225,0.5096944,0.35617697,0.3507779,0.31241122,32.713604,3.221386e-08,0.0
6.4350000000000005,0.33655867,0.50398225,0.5096944,0.37279502,0.36634704,0.30948514,32.341755,-2.2340178e-08,0.0
6.44,0.31198186,0.5457181,0.51495,0.40088236,0.3783922,0.3099471,31.615246,-2.370381e-08,0.0
6.445,0.31198186,0.5457181,0.51495,0.3999037,0.39067435,0.31022766,30.791576,3.8004324e-09,0.0
6.45,0.31198186,0.5457181,0.51495,0.39975172,0.40082356,0.31095976,30.592863,-4.6342072e-10,0.0
6.455,0.31198186,0.5457181,0.51495,0.41054308,0.40762916,0.31633186,31.076126,3.1382513e-08,0.0
6.46,0.3665831,0.6,0.6,0.41483068,0.4167113,0.32471338,31.324076,-2.4447266e-09,0.0
6.465,0.3665831,0.6,0.6,0.41541612,0.4237419,0.33344683,31.05998,-1.3409268e-10,0.0
6.47,0.3665831,0.6,0.6,0.4160852,0.42864823,0.34484065,30.443487,-5.6324193e-08,0.0
6.4750000000000005,0.3665831,0.6,0.6,0.4176144,0.4354334,0.35817978,29.61291,1.2182091e-08,0.0
6.48,0.0,0.6,0.6,0.41426393,0.44326076,0.36852926,28.677364,-5.900828e-09,0.0
6.485,0.0,0.6,0.6,0.41396716,0.4481903,0.38024116,28.353193,1.1336218e-08,0.0
6.49,0.0,0.6,0.6,0.41220087,0.45489722,0.39336467,28.748976,1.8891491e-08,0.0
6.495,0.0,0.6,0.6,0.40912774,0.4629946,0.40458497,29.535004,8.276853e-08,0.0
6.5,0.0,0.6,0.6,0.4106683,0.46905556,0.41473487,30.438965,4.5243688e-08,0.0
6.505,0.0,0.6,0.6,0.4141462,0.4744789,0.42773974,30.642986,6.7471717e-09,0.0
6.51,0.0,0.6,0.6,0.41545454,0.47952116,0.43970838,30.016392,-1.0510889e-08,0.0
6.515000000000001,0.0,0.6,0.6,0.4068078,0.48448044,0.44988123,28.876713,-2.989359e-08,0.0
6.5200000000000005,0.0,0.6,0.6,0.38817555,0.48902407,0.45997164,28.080511,2.3159902e-08,0.0
6.525,0.0,0.6,0.6,0.35448635,0.49389195,0.46868762,27.747684,-3.402796e-08,0.0
6.53,0.0,0.6,0.6,0.33180243,0.49764132,0.47543713,27.448734,2.0067134e-08,0.0
6.535,0.0,0.6,0.6,0.3109977,0.5003942,0.4832004,26.917974,4.774138e-08,0.0
6.54,0.0,0.6,0.6,0.28563303,0.50430065,0.48953846,26.048292,-5.6670135e-08,0.0
6.545,0.0,0.6,0.6,0.25490537,0.50763917,0.49407703,24.765394,-3.2842706e-08,0.0
6.55,0.0,0.6,0.6,0.22397669,0.51012695,0.49952757,22.999828,-7.876285e-10,0.0
6.555,0.0,0.6,0.6,0.19191955,0.51389986,0.50434995,20.733376,-1.4439604e-07,0.0
6.5600000000000005,0.0,0.6,0.6,0.18367076,0.517606,0.507824,17.979086,-7.1031323e-09,0.0
6.565,0.0,0.6,0.6,0.1615918,0.52055293,0.5118523,14.948629,6.849455e-08,0.0
6.57,0.0,0.6,0.6,0.13870963,0.5239576,0.5159708,11.812972,-7.413898e-08,0.0
6.575,0.0,0.6,0.6,0.12672874,0.5280468,0.5184976,8.685775,-2.2360936e-07,0.0
6.58,0.14516288,0.19816494,0.6,0.11098516,0.53106064,0.5216638,5.763395,2.1292594e-07,0.0
6.585,0.14516288,0.19816494,0.6,0.09786555,0.53442985,0.5249867,3.210146,3.0564834e-08,0.0
6.59,0.14516288,0.19816494,0.6,0.08551143,0.53733945,0.5281046,1.1345643,-1.2880103e-08,0.0
6.595,0.14516288,0.19816494,0.6,0.08581856,0.5401491,0.5303183,6.523051e-09,-5.8631504e-09,0.0
6.6000000000000005,0.42537075,0.3406381,0.6,0.06981284,0.5407793,0.5334596,1.5835383e-09,2.2602643e-08,0.0
6.605,0.42537075,0.3406381,0.6,0.0636111,0.5408166,0.5355673,6.8166717e-09,3.8672166e-08,0.0
6.61,0.42537075,0.3406381,0.6,0.0516237,0.5411205,0.5376303,-1.3390344e-09,2.7727342e-08,0.0
6.615,0.42537075,0.3406381,0.6,0.059275206,0.5396042,0.5403816,-2.3687214e-09,4.0060726e-08,0.0
6.62,0.17638783,0.19627415,0.6,0.057980996,0.5376184,0.5426514,4.3994066e-09,-3.4196805e-08,0.0
6.625,0.17638783,0.19627415,0.6,0.05793465,0.536997,0.5442836,-8.176434e-09,3.0433107e-08,0.0
6.63,0.17638783,0.19627415,0.6,0.06394951,0.53568614,0.5468071,1.8183416e-08,-6.5299592e-09,0.0
6.635,0.17638783,0.19627415,0.6,0.07127834,0.5319074,0.5489136,3.2317642e-09,5.313748e-08,0.0
6.640000000000001,0.0,0.0,0.5384785,0.099033624,0.52741396,0.55032074,4.8813504e-09,-6.7372787e-09,0.0
6.6450000000000005,0.0,0.0,0.5384785,0.13385212,0.5215088,0.5518434,1.1422148e-08,2.0197641e-08,0.0
6.65,0.0,0.0,0.5384785,0.15227973,0.5076052,0.5529415,-1.9597879e-09,-3.4133947e-08,0.0
6.655,0.0,0.0,0.5384785,0.15851411,0.48543164,0.55419886,-1.0593341e-08,8.99481e-09,0.0
6.66,0.19212751,0.0,0.37918863,0.1634128,0.46586397,0.55567217,5.1261266e-09,2.8915894e-08,0.0
6.665,0.19212751,0.0,0.37918863,0.16831209,0.44555536,0.5564766,8.71759e-09,3.1653357e-08,0.0
6.67,0.19212751,0.0,0.37918863,0.1732695,0.4249056,0.5570757,2.9295315e-09,-6.477721e-09,0.0
6.675,0.19212751,0.0,0.37918863,0.17799264,0.40635812,0.556799,0.06393532,-6.4347855e-10,0.0
6.68,0.53185344,0.08252218,0.43174112,0.18412809,0.38902065,0.55661005,0.30481663,6.411033e-08,0.0
6.6850000000000005,0.53185344,0.08252218,0.43174112,0.18050227,0.36826298,0.55681753,0.8038051,1.2381442e-07,0.0
6.69,0.53185344,0.08252218,0.43174112,0.16205347,0.34532216,0.5557686,1.8569715,1.3752185e-07,0.0
6.695,0.53185344,0.08252218,0.43174112,0.17242588,0.32006773,0.5539853,3.2771826,2.7824639e-08,0.0
6.7,0.48997775,0.28058702,0.1877274,0.17740846,0.29443622,0.55399054,4.5762024,6.463068e-08,0.0
6.705,0.48997775,0.28058702,0.1877274,0.17579387,0.26871437,0.5522221,5.6464744,6.215142e-09,0.0
6.71,0.48997775,0.28058702,0.1877274,0.17370103,0.24379227,0.5504329,6.831152,-1.1077156e-08,0.0
6.715,0.48997775,0.28058702,0.1877274,0.1765906,0.21959883,0.5510943,8.365908,4.025659e-08,0.0
6.72,0.31549388,0.3602623,0.0,0.19631091,0.19852722,0.54955876,9.793997,1.1380257e-07,0.0
6.7250000000000005,0.31549388,0.3602623,0.0,0.21727885,0.18296264,0.54168975,10.968232,4.5781075e-08,0.0
6.73,0.31549388,0.3602623,0.0,0.23516701,0.17737998,0.52799666,12.05139,-4.374656e-08,0.0
6.735,0.31549388,0.3602623,0.0,0.24286343,0.17432454,0.5147112,13.156724,2.656384e-08,0.0
6.74,0.5904811,0.45481312,0.08905336,0.2676784,0.17337903,0.49672243,14.290217,-1.1399887e-07,0.0
6.745,0.5904811,0.45481312,0.08905336,0.28595603,0.17527975,0.4760581,15.523643,1.0061205e-07,0.0
6.75,0.5904811,0.45481312,0.08905336,0.3039226,0.17920494,0.45799738,16.905233,1.1936467e-07,0.0
6.755,0.5904811,0.45481312,0.08905336,0.30676815,0.1831051,0.44043252,18.430775,8.691253e-08,0.0
6.76,0.6,0.545981,0.10011292,0.29936928,0.19238324,0.4183213,20.008577,1.1405597e-07,0.0
6.765000000000001,0.6,0.545981,0.10011292,0.31441304,0.20938122,0.39611006,21.978508,1.8498616e-07,0.0
6.7700000000000005,0.6,0.545981,0.10011292,0.33260912,0.22534642,0.3735785,23.895363,1.116639e-07,0.0
6.775,0.6,0.545981,0.10011292,0.34327382,0.2391828,0.35289526,25.543287,1.94276e-08,0.0
6.78,0.6,0.55403113,0.39310572,0.3604676,0.2579468,0.33501956,27.0291,7.4779706e-08,0.0
6.785,0.6,0.55403113,0.39310572,0.36835742,0.27682257,0.31940117,28.450563,-7.729765e-09,0.0
6.79,0.6,0.55403113,0.39310572,0.37716797,0.29207087,0.30422717,29.758965,2.8042551e-08,0.0
6.795,0.6,0.55403113,0.39310572,0.40472075,0.30917913,0.29112363,30.859264,6.0102536e-08,0.0
6.8,0.4570787,0.5836143,0.46446326,0.41300336,0.32755065,0.2808194,31.775698,5.411677e-08,0.0
6.805,0.4570787,0.5836143,0.46446326,0.41993722,0.34240726,0.27257589,32.481525,3.272462e-08,0.0
6.8100000000000005,0.4570787,0.5836143,0.46446326,0.42921752,0.35771278,0.26732245,32.939075,1.5762456e-08,0.0
6.815,0.4570787,0.5836143,0.46446326,0.43704224,0.37285104,0.26417288,33.156696,3.6296814e-08,0.0
6.82,0.39017302,0.6,0.507678,0.4501184,0.3845713,0.2635963,33.157955,-9.2798755e-09,0.0
6.825,0.39017302,0.6,0.507678,0.4454649,0.39542645,0.26402882,33.010414,-2.5425333e-08,0.0
6.83,0.39017302,0.6,0.507678,0.4472719,0.40773845,0.26424178,33.42728,6.043382e-08,0.0
6.835,0.39017302,0.6,0.507678,0.4484596,0.41743976,0.26639387,33.704834,0.31458554,0.0
6.84,0.37271073,0.6,0.6,0.4599213,0.42701238,0.27209094,33.4448,0.9770285,0.0
6.845,0.37271073,0.6,0.6,0.47113696,0.43747202,0.27924463,32.933746,1.4274391,0.0
6.8500000000000005,0.37271073,0.6,0.6,0.4640059,0.4451306,0.28885475,32.410378,1.0141785,0.0
6.855,0.37271073,0.6,0.6,0.4591678,0.45169237,0.3050139,32.527615,4.96371e-09,0.0
6.86,0.048892755,0.6,0.6,0.46128124,0.4613513,0.32000327,33.125973,4.2812932e-08,0.0
6.865,0.048892755,0.6,0.6,0.45201537,0.4678803,0.3350252,33.34079,-3.2638607e-09,0.0
6.87,0.048892755,0.6,0.6,0.45099425,0.47384855,0.35149565,33.544163,3.6639443e-09,0.0
6.875,0.048892755,0.6,0.6,0.46851385,0.48097435,0.36778903,34.0231,2.7311959e-08,0.0
6.88,0.0,0.6,0.6,0.46389723,0.48679975,0.38081712,33.95431,-3.3293501e-09,0.0
6.885,0.0,0.6,0.6,0.46805567,0.4906054,0.3952494,33.877758,-4.16946e-09,0.0
6.890000000000001,0.0,0.6,0.6,0.4688136,0.49593982,0.40765804,33.42034,-3.2038013e-08,0.0
6.8950000000000005,0.0,0.6,0.6,0.45866716,0.5000616,0.41756207,32.353817,2.0944384e-08,0.0
6.9,0.0,0.6,0.6,0.4519725,0.5031691,0.42785692,31.633118,-2.7586427e-08,0.0
6.905,0.0,0.6,0.6,0.44661316,0.5063631,0.43906355,31.490667,-9.09012e-09,0.0
6.91,0.0,0.6,0.6,0.43967628,0.50800174,0.4487771,31.668905,1.6113981e-08,0.0
6.915,0.0,0.6,0.6,0.40757394,0.5089668,0.45877534,31.971205,-7.0612396e-09,0.0
6.92,0.0,0.6,0.6,0.37706548,0.51101404,0.46835107,32.11127,-3.2176024e-09,0.0
6.925,0.0,0.6,0.6,0.34890383,0.5131645,0.47554404,31.845434,-4.074848e-09,0.0
6.93,0.0,0.6,0.6,0.31633136,0.514589,0.48194987,31.059341,1.0096776e-08,0.0
6.9350000000000005,0.0,0.6,0.6,0.29167557,0.51655644,0.48852095,29.69081,-3.3551295e-08,0.0
6.94,0.0,0.6,0.6,0.25923806,0.5190441,0.49347395,27.765251,-2.2075234e-08,0.0
6.945,0.0,0.6,0.6,0.22616671,0.5206663,0.49767247,25.304092,-1.14074865e-07,0.0
6.95,0.0,0.6,0.6,0.20355509,0.5224811,0.5028996,22.34309,8.667942e-09,0.0
6.955,0.0,0.6,0.6,0.18267824,0.52489305,0.50701773,19.027409,-1.1158123e-07,0.0
6.96,0.074252814,0.3518749,0.6,0.1661295,0.52751964,0.51008064,15.523329,-2.7581822e-07,0.0
6.965,0.074252814,0.3518749,0.6,0.14259614,0.52961594,0.5145104,12.007485,-1.1001956e-07,0.0
6.97,0.074252814,0.3518749,0.6,0.12857194,0.5324508,0.5183105,8.617919,-1.28946755e-08,0.0
6.9750000000000005,0.074252814,0.3518749,0.6,0.11103045,0.5355067,0.5208274,5.530815,-3.702913e-08,0.0
6.98,0.4262528,0.39545408,0.6,0.09959993,0.53744996,0.5238828,2.8857465,1.0750751e-07,0.0
6.985,0.4262528,0.39545408,0.6,0.1049993,0.53686583,0.5265677,0.79677296,-1.1678008e-07,0.0
6.99,0.4262528,0.39545408,0.6,0.08178672,0.5368159,0.52872217,3.690607e-10,-7.885712e-08,0.0
6.995,0.4262528,0.39545408,0.6,0.072444014,0.5358257,0.5316714,6.773025e-09,-4.9281463e-09,0.0
7.0,0.15030095,0.14032653,0.56576073,0.06390025,0.5337943,0.53456426,8.185272e-09,-3.4176384e-08,0.0
7.005,0.15030095,0.14032653,0.56576073,0.06565997,0.53312004,0.5365836,1.6039104e-09,-2.2929711e-09,0.0
7.01,0.15030095,0.14032653,0.56576073,0.07320892,0.53212994,0.53903574,3.488543e-09,2.9589598e-08,0.0
7.015000000000001,0.15030095,0.14032653,0.56576073,0.0830731,0.5301676,0.5417256,1.11446425e-08,3.088082e-08,0.0
7.0200000000000005,0.0,0.0,0.5583066,0.08834667,0.5293962,0.5435593,3.6665233e-09,-3.347528e-08,0.0
7.025,0.0,0.0,0.5583066,0.11527213,0.52862763,0.54508966,1.7585991e-08,-3.471154e-08,0.0
7.03,0.0,0.0,0.5583066,0.13318339,0.5249039,0.5465417,-5.621702e-09,1.0564185e-08,0.0
7.035,0.0,0.0,0.5583066,0.14476846,0.51067543,0.5474379,-4.7178603e-09,-7.591462e-09,0.0
7.04,0.4268045,0.0,0.49408394,0.15514146,0.49533916,0.5478079,9.315336e-09,4.96827e-08,0.0
7.045,0.4268045,0.0,0.49408394,0.1608254,0.47843364,0.5485975,7.674707e-09,1.5292025e-08,0.0
7.05,0.4268045,0.0,0.49408394,0.15560745,0.45742512,0.5493038,-6.5209163e-09,8.58888e-08,0.0
7.055,0.4268045,0.0,0.49408394,0.15671188,0.42946792,0.5498768,0.08709682,4.5759478e-08,0.0
7.0600000000000005,0.6,0.12020937,0.466935,0.16002783,0.39971507,0.55069655,0.11414837,1.2037222e-08,0.0
7.065,0.6,0.12020937,0.466935,0.16044945,0.36741436,0.5514468,0.1809392,-3.6191572e-08,0.0
7.07,0.6,0.12020937,0.466935,0.16267022,0.33640003,0.55147314,0.51485455,1.694539e-08,0.0
7.075,0.6,0.12020937,0.466935,0.1806844,0.30575722,0.5507052,1.2274772,-4.8636424e-09,0.0
7.08,0.37594515,0.4405758,0.0,0.18356678,0.27780965,0.5508437,2.3933933,1.411157e-07,0.0
7.085,0.37594515,0.4405758,0.0,0.19589244,0.25068313,0.55021256,3.8888264,1.5722672e-07,0.0
7.09,0.37594515,0.4405758,0.0,0.21503185,0.22528636,0.5488072,5.7317004,6.9645886e-08,0.0
7.095,0.37594515,0.4405758,0.0,0.24102427,0.20223302,0.54851633,7.8183045,1.2675552e-07,0.0
7.1000000000000005,0.23170927,0.30871436,0.2093825,0.2538715,0.18136165,0.54789585,10.0240555,7.6862385e-08,0.0
7.105,0.23170927,0.30871436,0.2093825,0.274395,0.16464646,0.5453923,12.234842,2.07064e-07,0.0
7.11,0.23170927,0.30871436,0.2093825,0.28639936,0.15741768,0.54318005,14.408341,1.6371685e-07,0.0
7.115,0.23170927,0.30871436,0.2093825,0.3036109,0.1563942,0.5421103,16.508423,1.4200909e-08,0.0
7.12,0.6,0.6,0.2145368,0.30960628,0.1580725,0.53540003,18.527546,1.6395957e-07,0.0
7.125,0.6,0.6,0.2145368,0.31889173,0.16373016,0.51936793,20.429876,5.3913503e-08,0.0
7.13,0.6,0.6,0.2145368,0.31805763,0.17826915,0.5011523,22.19332,1.347782e-07,0.0
7.135,0.6,0.6,0.2145368,0.331079,0.19435085,0.48352602,24.296255,3.010581e-07,0.0
7.140000000000001,0.6,0.6,0.43681356,0.33063397,0.20685005,0.46290138,26.306128,1.3730191e-07,0.0
7.1450000000000005,0.6,0.6,0.43681356,0.33221993,0.22423814,0.44369906,28.456694,1.3921996e-07,0.0
7.15,0.6,0.6,0.43681356,0.3383943,0.2456689,0.4266765,30.347588,1.0537384e-07,0.0
7.155,0.6,0.6,0.43681356,0.3392582,0.26369113,0.40883932,31.757029,7.8177095e-08,0.0
7.16,0.39157262,0.4774963,0.55662256,0.3545178,0.28278443,0.3924557,32.746643,3.3993224e-08,0.0
7.165,0.39157262,0.4774963,0.55662256,0.35794374,0.30365592,0.3809735,33.347973,-1.4118268e-09,0.0
7.17,0.39157262,0.4774963,0.55662256,0.3731434,0.3210892,0.37537682,33.55217,2.0366802e-08,0.0
7.175,0.39157262,0.4774963,0.55662256,0.3746538,0.33629704,0.3732358,33.42126,-5.232836e-08,0.0
7.18,0.39059818,0.538457,0.47067598,0.39701948,0.35460764,0.3713213,33.011673,3.209464e-08,0.0
7.1850000000000005,0.39059818,0.538457,0.47067598,0.4101997,0.3694931,0.37229112,32.437477,-6.434246e-08,0.0
7.19,0.39059818,0.538457,0.47067598,0.4216682,0.381664,0.37446305,31.806751,4.2217017e-09,0.0
7.195,0.39059818,0.538457,0.47067598,0.4293404,0.3927609,0.3748167,31.18572,2.4897717e-09,0.0
7.2,0.39579526,0.6,0.6,0.43249047,0.4001405,0.37667584,30.60667,-1.739123e-08,0.0
7.205,0.39579526,0.6,0.6,0.4314295,0.40646684,0.37898016,30.07798,2.4739732e-08,0.0
7.21,0.39579526,0.6,0.6,0.42708108,0.41555005,0.3794542,30.273739,1.5197806e-08,0.0
7.215,0.39579526,0.6,0.6,0.4353893,0.4224837,0.38140067,31.201996,8.2076646e-08,0.0
7.22,0.07477039,0.6,0.5271769,0.43424532,0.4284736,0.38652664,31.828266,1.3754392e-08,0.0
7.2250000000000005,0.07477039,0.6,0.5271769,0.4320133,0.4371494,0.391965,32.52221,7.4222224e-09,0.0
7.23,0.07477039,0.6,0.5271769,0.43349147,0.4452178,0.39716357,33.49214,6.214857e-08,0.0
7.235,0.07477039,0.6,0.5271769,0.43485436,0.450972,0.4069633,33.81905,-2.6751698e-08,0.0
7.24,0.0,0.6,0.6,0.43264207,0.45912972,0.4185803,33.309162,1.1457502e-08,0.0
7.245,0.0,0.6,0.6,0.42939335,0.4668361,0.4281892,32.92597,-3.520823e-08,0.0
7.25,0.0,0.6,0.6,0.4287991,0.4721847,0.43819305,32.93422,3.9535937e-08,0.0
7.255,0.0,0.6,0.6,0.43486607,0.47762972,0.4477908,33.144356,1.0079163e-08,0.0
7.26,0.0,0.6,0.6,0.43094844,0.48389456,0.45445597,32.7729,-2.7620823e-08,0.0
7.265000000000001,0.0,0.6,0.6,0.41310957,0.48772323,0.4621325,32.34401,-8.931168e-09,0.0
7.2700000000000005,0.0,0.6,0.6,0.4017829,0.49206218,0.47061038,32.12175,1.9309365e-08,0.0
7.275,0.0,0.6,0.6,0.38778272,0.49707848,0.4766471,31.906797,-1.2324909e-08,0.0
7.28,0.0,0.5841643,0.6,0.36063433,0.5009333,0.48244077,31.566936,4.3765944e-08,0.0
7.285,0.0,0.5841643,0.6,0.33772856,0.5045669,0.48910993,30.941063,5.331467e-08,0.0
7.29,0.0,0.5841643,0.6,0.31165397,0.5090027,0.49438092,29.929556,-7.1445754e-08,0.0
7.295,0.0,0.5841643,0.6,0.28999713,0.5121027,0.4990519,28.477474,1.615633e-08,0.0
7.3,0.0,0.526256,0.6,0.26342937,0.5155537,0.5042815,26.596283,-3.392322e-08,0.0
7.305,0.0,0.526256,0.6,0.23707813,0.5190707,0.50864816,24.307348,1.610291e-08,0.0
7.3100000000000005,0.0,0.526256,0.6,0.20993853,0.5220476,0.51230097,21.649284,1.1924986e-08,0.0
7.315,0.0,0.526256,0.6,0.18954583,0.5246675,0.51645815,18.682674,-4.1876437e-08,0.0
7.32,0.13411796,0.2943942,0.6,0.1692632,0.5278118,0.5199492,15.516866,-9.071264e-08,0.0
7.325,0.13411796,0.2943942,0.6,0.15667307,0.53072137,0.5227343,12.274205,-6.858387e-08,0.0
7.33,0.13411796,0.2943942,0.6,0.14425336,0.5321938,0.52634984,9.143151,-1.228374e-08,0.0
7.335,0.13411796,0.2943942,0.6,0.13401173,0.53309274,0.52920866,6.3206224,-6.929229e-08,0.0
7.34,0.46995607,0.22633292,0.6,0.119353384,0.5334702,0.531526,3.9677763,-1.00719e-07,0.0
7.345,0.46995607,0.22633292,0.6,0.109953746,0.5333548,0.5342296,2.148614,5.0674362e-08,0.0
7.3500000000000005,0.46995607,0.22633292,0.6,0.11017029,0.5314101,0.5370619,0.035348628,-3.9728594e-08,0.0
7.355,0.46995607,0.22633292,0.6,0.09924872,0.5300723,0.5392103,-5.1036615e-09,-4.307014e-08,0.0
7.36,0.31939667,0.6,0.45504594,0.08733737,0.52923226,0.5417034,3.070325e-09,-7.516127e-09,0.0
7.365,0.31939667,0.6,0.45504594,0.08636607,0.5268822,0.54443467,1.2105658e-08,-5.191269e-08,0.0
7.37,0.31939667,0.6,0.45504594,0.079244815,0.52475125,0.5462907,-1.1792955e-08,-1.7487595e-08,0.0
7.375,0.31939667,0.6,0.45504594,0.10277597,0.5229757,0.5484682,7.182837e-09,5.149409e-08,0.0
7.38,0.0,0.028138269,0.6,0.11049678,0.516857,0.5504157,3.5047014e-09,-2.3343611e-08,0.0
7.385,0.0,0.028138269,0.6,0.11697468,0.5027671,0.5518995,2.6968485e-09,-8.25645e-08,0.0
7.390000000000001,0.0,0.028138269,0.6,0.14224796,0.48906705,0.5519888,-9.941974e-09,-6.869652e-08,0.0
7.3950000000000005,0.0,0.028138269,0.6,0.16380993,0.48086536,0.5508106,-8.874039e-09,-2.5231204e-08,0.0
7.4,0.10857016,0.0,0.41996014,0.17044003,0.477137,0.55091906,2.9895946e-09,-4.6046594e-08,0.0
7.405,0.10857016,0.0,0.41996014,0.17399792,0.47479144,0.550406,2.4544964e-09,7.6761975e-09,0.0
7.41,0.10857016,0.0,0.41996014,0.1778326,0.47302353,0.5499938,1.8885276e-08,-6.14661e-08,0.0
7.415,0.10857016,0.0,0.41996014,0.18351153,0.46669912,0.5496218,3.0011826e-09,5.0826728e-08,0.0
7.42,0.5007144,0.009616918,0.41317043,0.17247404,0.45494244,0.5487449,-2.0611337e-08,1.620323e-08,0.0
7.425,0.5007144,0.009616918,0.41317043,0.17698373,0.4427938,0.54760677,0.22484358,9.9763305e-08,0.0
7.43,0.5007144,0.009616918,0.41317043,0.1799075,0.42680863,0.5475064,0.4538344,8.361644e-08,0.0
7.4350000000000005,0.5007144,0.009616918,0.41317043,0.18074097,0.4033198,0.54726166,0.6173618,-6.336744e-08,0.0
7.44,0.556531,0.24063236,0.38173488,0.16368589,0.37665156,0.545551,0.8668033,6.679171e-08,0.0
7.445,0.556531,0.24063236,0.38173488,0.1598301,0.34800023,0.5450472,1.511351,7.5120354e-08,0.0
7.45,0.556531,0.24063236,0.38173488,0.16203561,0.3195518,0.54476106,2.5936782,2.979097e-08,0.0
7.455,0.556531,0.24063236,0.38173488,0.17283744,0.29120192,0.5424924,3.7061949,7.71141e-08,0.0
7.46,0.3733432,0.42929307,0.0,0.1819509,0.26447877,0.5400662,4.7466416,8.445141e-08,0.0
7.465,0.3733432,0.42929307,0.0,0.18570955,0.23806548,0.53832775,5.7810526,6.926398e-08,0.0
7.47,0.3733432,0.42929307,0.0,0.20751956,0.2159096,0.531038,6.9809823,1.0154028e-07,0.0
7.4750000000000005,0.3733432,0.42929307,0.0,0.2317004,0.2014997,0.51824206,8.40161,2.870402e-08,0.0
7.48,0.33131176,0.41903642,0.060041036,0.24684492,0.19509847,0.5055095,10.021402,9.611452e-08,0.0
7.485,0.33131176,0.41903642,0.060041036,0.26468098,0.19153923,0.49312153,11.775458,4.2472134e-08,0.0
7.49,0.33131176,0.41903642,0.060041036,0.28251976,0.19075577,0.47549874,13.611895,3.9873157e-08,0.0
7.495,0.33131176,0.41903642,0.060041036,0.30367866,0.19267677,0.45681465,15.505927,-7.103784e-09,0.0
7.5,0.6,0.6,0.3050223,0.32069436,0.19552897,0.44024056,17.45596,8.0709775e-08,0.0
7.505,0.6,0.6,0.3050223,0.31875238,0.1998608,0.42156196,19.445995,5.1938443e-08,0.0
7.51,0.6,0.6,0.3050223,0.3265381,0.21166483,0.40363565,21.884474,1.8393878e-07,0.0
7.515000000000001,0.6,0.6,0.3050223,0.32765517,0.23061106,0.38771576,24.238386,1.265674e-07,0.0
7.5200000000000005,0.6,0.6,0.42809176,0.33271378,0.24657688,0.3719126,26.156544,6.742254e-08,0.0
7.525,0.6,0.6,0.42809176,0.33254984,0.26285368,0.3555695,27.721155,4.59028e-08,0.0
7.53,0.6,0.6,0.42809176,0.34400135,0.28342897,0.34208748,29.52696,1.1846372e-08,0.0
7.535,0.6,0.6,0.42809176,0.34493923,0.30153573,0.33105847,31.073353,6.1377676e-08,0.0
7.54,0.36213148,0.50972766,0.51387066,0.34676412,0.31870517,0.32254565,31.970583,5.312903e-08,0.0
7.545,0.36213148,0.50972766,0.51387066,0.3709221,0.33755925,0.3169769,32.27161,4.120763e-08,0.0
7.55,0.36213148,0.50972766,0.51387066,0.3899219,0.35541448,0.31455088,32.15286,1.4416497e-09,0.0
7.555,0.36213148,0.50972766,0.51387066,0.40571624,0.3694336,0.31451207,31.789661,-1.5025034e-08,0.0
7.5600000000000005,0.3542176,0.5972078,0.49314514,0.41289675,0.38497248,0.31428197,31.308142,-5.389402e-08,0.0
7.565,0.3542176,0.5972078,0.49314514,0.42432052,0.3993043,0.31497207,30.758434,-3.355287e-08,0.0
7.57,0.3542176,0.5972078,0.49314514,0.43007636,0.41046882,0.31732765,30.183908,-9.477546e-09,0.0
7.575,0.3542176,0.5972078,0.49314514,0.42966324,0.42085874,0.3189605,29.614544,-2.753971e-08,0.0
7.58,0.32422575,0.6,0.5542851,0.43512735,0.42919028,0.32110614,29.724665,-1.2315952e-10,0.0
7.585,0.32422575,0.6,0.5542851,0.43121207,0.4345759,0.3302555,29.903366,1.34093785e-08,0.0
7.59,0.32422575,0.6,0.5542851,0.4331486,0.4430334,0.34277877,30.40381,5.906034e-08,0.0
7.595,0.32422575,0.6,0.5542851,0.43478113,0.4517338,0.35343063,30.68981,-2.0917588e-08,0.0
7.6000000000000005,0.0,0.6,0.6,0.43007174,0.4577065,0.36583102,30.413977,-1.2137384e-08,0.0
7.605,0.0,0.6,0.6,0.4320035,0.4644572,0.37740085,30.416676,2.2971623e-08,0.0
7.61,0.0,0.6,0.6,0.4328633,0.47176293,0.38643393,30.222445,-2.0117076e-08,0.0
7.615,0.0,0.6,0.6,0.42948517,0.47671828,0.39600956,29.525366,2.687885e-08,0.0
7.62,0.0,0.6,0.6,0.42655122,0.48263106,0.40739855,29.193108,-2.2412643e-09,0.0
7.625,0.0,0.6,0.6,0.42837045,0.48854268,0.41611654,29.419437,4.8201105e-08,0.0
7.63,0.0,0.6,0.6,0.42901787,0.4922084,0.42596585,29.27309,-8.8923855e-09,0.0
7.635,0.0,0.6,0.6,0.4123315,0.49460644,0.43753856,28.523783,2.8723919e-09,0.0
7.640000000000001,0.0,0.6,0.6,0.41499183,0.499493,0.44711843,28.010746,1.5864021e-08,0.0
7.6450000000000005,0.0,0.6,0.6,0.40400293,0.50265205,0.45540252,27.323112,-1.5405593e-08,0.0
7.65,0.0,0.6,0.6,0.3737507,0.5051326,0.46502036,26.821411,3.8056758e-09,0.0
7.655,0.0,0.6,0.6,0.3476307,0.50859,0.4727755,26.585361,-2.995586e-08,0.0
7.66,0.0,0.571221,0.6,0.31492642,0.5111206,0.47907957,26.262852,-2.4702882e-08,0.0
7.665,0.0,0.571221,0.6,0.2836524,0.5128624,0.48619482,25.595999,9.586313e-08,0.0
7.67,0.0,0.571221,0.6,0.25538477,0.51579374,0.49222788,24.426853,-2.3527477e-08,0.0
7.675,0.0,0.571221,0.6,0.22408019,0.5179579,0.49696264,22.711285,-1.389048e-08,0.0
7.68,0.0007739604,0.56676954,0.6,0.21091375,0.5198192,0.5020581,20.458279,-4.2234223e-08,0.0
7.6850000000000005,0.0007739604,0.56676954,0.6,0.18309797,0.52235574,0.5066924,17.838806,-3.671241e-08,0.0
7.69,0.0007739604,0.56676954,0.6,0.1597864,0.52517164,0.50972396,14.947665,2.5063028e-07,0.0
7.695,0.0007739604,0.56676954,0.6,0.14735188,0.5273671,0.51364243,11.862823,-9.155265e-08,0.0
7.7,0.23170786,0.22604632,0.6,0.13141567,0.5296356,0.51767176,8.797458,-1.382432e-07,0.0
7.705,0.23170786,0.22604632,0.6,0.112971745,0.5326776,0.52024406,5.9542007,6.531416e-08,0.0
7.71,0.23170786,0.22604632,0.6,0.095440984,0.53514695,0.5230159,3.449136,-5.9251666e-09,0.0
7.715,0.23170786,0.22604632,0.6,0.079816185,0.5376894,0.52633446,1.3506453,2.8934274e-08,0.0
7.72,0.56568605,0.23187837,0.6,0.07811206,0.53990924,0.5289905,-7.527871e-09,2.3362423e-08,0.0
7.7250000000000005,0.56568605,0.23187837,0.6,0.07183956,0.5418925,0.5313088,3.652468e-10,-2.9790975e-08,0.0
7.73,0.56568605,0.23187837,0.6,0.068009704,0.54193974,0.53435194,5.6947065e-09,-5.2429396e-08,0.0
7.735,0.56568605,0.23187837,0.6,0.06196919,0.540411,0.5367674,-1.9601746e-08,1.3019467e-08,0.0
7.74,0.30167687,0.584018,0.4241655,0.058239818,0.53998685,0.53875923,-1.2713619e-09,-6.2246706e-08,0.0
7.745,0.30167687,0.584018,0.4241655,0.0638826,0.538546,0.54127383,8.1728855e-09,4.5625693e-08,0.0
7.75,0.30167687,0.584018,0.4241655,0.06827068,0.53600776,0.5431761,3.3437186e-09,-1.5240897e-08,0.0
7.755,0.30167687,0.584018,0.4241655,0.09097634,0.5344458,0.5445384,5.6985145e-09,-9.84276e-09,0.0
7.76,0.0,0.13559282,0.6,0.1106279,0.5315567,0.5464866,4.3835393e-09,-5.5984973e-08,0.0
7.765000000000001,0.0,0.13559282,0.6,0.11608829,0.52385354,0.5481655,-9.508656e-11,2.0010864e-09,0.0
7.7700000000000005,0.0,0.13559282,0.6,0.13888948,0.51614934,0.54845583,-7.370776e-09,3.686149e-08,0.0
7.775,0.0,0.13559282,0.6,0.15198052,0.51045716,0.54743934,1.3318521e-08,3.6799673e-08,0.0
7.78,0.061708298,0.0,0.5630254,0.16899386,0.5081413,0.5468529,-1.2530384e-08,-7.016853e-08,0.0
7.785,0.061708298,0.0,0.5630254,0.17213696,0.50715,0.5467697,-5.934164e-10,5.113952e-08,0.0
7.79,0.061708298,0.0,0.5630254,0.17810562,0.5064064,0.54632336,1.052564e-08,1.4453404e-08,0.0
7.795,0.061708298,0.0,0.5630254,0.17418848,0.50085783,0.54571384,-5.9064664e-09,1.0429621e-07,0.0
7.8,0.41649508,0.0,0.5372065,0.1769696,0.48553523,0.545649,0.033361834,1.6464464e-08,0.0
7.805000000000001,0.41649508,0.0,0.5372065,0.18279701,0.4682729,0.5456663,1.4925911e-08,1.2844261e-08,0.0
7.8100000000000005,0.41649508,0.0,0.5372065,0.17973197,0.45155555,0.54561687,-1.0026793e-09,-1.7154317e-09,0.0
7.815,0.41649508,0.0,0.5372065,0.18194851,0.4287413,0.54532963,0.29571936,-6.942296e-08,0.0
7.82,0.6,0.23888434,0.2864302,0.17509544,0.4017293,0.545247,0.6902004,-8.7837015e-10,0.0
7.825,0.6,0.23888434,0.2864302,0.17575029,0.37201262,0.5449523,1.3691751,9.0380475e-08,0.0
7.83,0.6,0.23888434,0.2864302,0.17713208,0.34226802,0.54502374,2.1662776,-1.3690536e-08,0.0
7.835,0.6,0.23888434,0.2864302,0.17641376,0.3126956,0.5443374,2.9859877,-3.5344566e-08,0.0
7.84,0.37154,0.38480717,0.0,0.1760406,0.28488278,0.54416966,4.1984763,1.0184558e-07,0.0
7.845,0.37154,0.38480717,0.0,0.1818057,0.2580281,0.54383147,5.791442,-4.0766455e-08,0.0
7.8500000000000005,0.37154,0.38480717,0.0,0.19194144,0.23342638,0.54295886,7.4598784,4.5629076e-08,0.0
7.855,0.37154,0.38480717,0.0,0.21478803,0.21468584,0.5404739,9.030698,-3.0161033e-08,0.0
7.86,0.31505436,0.47576654,0.082480185,0.24098085,0.20414798,0.5394844,10.53212,3.5412928e-08,0.0
7.865,0.31505436,0.47576654,0.082480185,0.24991103,0.19901788,0.53913426,12.071458,7.043244e-08,0.0
7.87,0.31505436,0.47576654,0.082480185,0.27490664,0.19708513,0.5338383,13.635705,2.9006273e-09,0.0
7.875,0.31505436,0.47576654,0.082480185,0.28734455,0.1977066,0.51660925,15.260836,9.259398e-08,0.0
7.88,0.6,0.6,0.20347227,0.3015229,0.19855177,0.49496654,16.943941,5.377945e-08,0.0
7.885,0.6,0.6,0.20347227,0.3088965,0.19901824,0.46997178,18.653227,8.467535e-08,0.0
7.890000000000001,0.6,0.6,0.20347227,0.309166,0.20396166,0.44521037,20.338768,1.3822286e-07,0.0
7.8950000000000005,0.6,0.6,0.20347227,0.30907226,0.21921498,0.4247409,21.919022,8.7715994e-09,0.0
7.9,0.6,0.548689,0.5133183,0.30426782,0.23692231,0.40722135,23.838629,7.8627586e-08,0.0
7.905,0.6,0.548689,0.5133183,0.3164923,0.25308484,0.38831222,26.091805,6.225197e-08,0.0
7.91,0.6,0.548689,0.5133183,0.30612084,0.27325183,0.37200418,27.98836,5.228642e-08,0.0
7.915,0.6,0.548689,0.5133183,0.3213457,0.29345313,0.35755542,29.727911,2.421201e-08,0.0
7.92,0.3292803,0.5147239,0.49037656,0.3438225,0.31060874,0.3435344,30.943562,3.200319e-08,0.0
7.925,0.3292803,0.5147239,0.49037656,0.35871476,0.32897985,0.3317602,31.502937,2.2318731e-09,0.0
7.930000000000001,0.3292803,0.5147239,0.49037656,0.37282702,0.34786195,0.3250294,31.599127,-8.027449e-09,0.0
7.9350000000000005,0.3292803,0.5147239,0.49037656,0.394086,0.36275283,0.32344437,31.362144,-4.3396284e-08,0.0
7.94,0.3217091,0.533527,0.52188855,0.4028186,0.37794986,0.32251698,30.948105,-1.0930309e-08,0.0
7.945,0.3217091,0.533527,0.52188855,0.39768192,0.39143002,0.3220436,30.441656,-6.140889e-08,0.0
7.95,0.3217091,0.533527,0.52188855,0.40609843,0.40123937,0.32423404,30.461218,-1.1451004e-08,0.0
7.955,0.3217091,0.533527,0.52188855,0.40490967,0.4105821,0.3271517,30.471607,-7.57821e-09,0.0
7.96,0.3701573,0.6,0.6,0.4042295,0.41983998,0.32996863,30.753382,3.4341998e-08,0.0
7.965,0.3701573,0.6,0.6,0.41598207,0.4261379,0.33659783,31.458006,1.7237127e-08,0.0
7.97,0.3701573,0.6,0.6,0.40826896,0.43265316,0.3497538,31.738333,-2.4391915e-09,0.0
7.9750000000000005,0.3701573,0.6,0.6,0.41707337,0.44072777,0.3612972,31.99102,2.833418e-09,0.0
7.98,0.0,0.6,0.6,0.41334456,0.44591263,0.37296265,31.857151,1.7324506e-08,0.0
7.985,0.0,0.6,0.6,0.41487268,0.45088798,0.38561782,31.769865,6.1528382e-09,0.0
7.99,0.0,0.6,0.6,0.4101506,0.45808563,0.3966472,31.361795,-1.2580579e-08,0.0
7.995,0.0,0.6,0.6,0.40797162,0.4640563,0.4057247,31.034786,-4.3393023e-08,0.0
8.0,0.0,0.6,0.6,0.40685588,0.46911806,0.41706833,31.058918,1.1957733e-08,0.0
8.005,0.0,0.6,0.6,0.41087466,0.47620672,0.42766032,31.263021,-3.0514786e-09,0.0
8.01,0.0,0.6,0.6,0.41436312,0.48080567,0.43802512,30.88791,-1.662256e-08,0.0
8.015,0.0,0.6,0.6,0.40529895,0.48486504,0.44896504,29.818163,1.7046894e-08,0.0
8.02,0.0,0.6,0.6,0.4022271,0.49066177,0.45856896,28.971886,-3.049724e-08,0.0
8.025,0.0,0.6,0.6,0.38300806,0.49491492,0.46639773,28.604156,9.632155e-09,0.0
8.03,0.0,0.6,0.6,0.35502866,0.4977623,0.47481778,28.424883,2.4680329e-08,0.0
8.035,0.0,0.6,0.6,0.32903138,0.5015961,0.48233432,28.12966,-5.2900006e-08,0.0
8.040000000000001,0.0,0.6,0.6,0.31439456,0.5058181,0.48742652,27.505669,6.8525896e-09,0.0
8.045,0.0,0.6,0.6,0.28489256,0.508415,0.4930329,26.509762,-4.385473e-08,0.0
8.05,0.0,0.6,0.6,0.25922394,0.5114252,0.4988299,25.08371,1.6916726e-08,0.0
8.055,0.0,0.6,0.6,0.22798288,0.5147913,0.5030059,23.198708,-9.800932e-09,0.0
8.06,0.0,0.6,0.6,0.20621559,0.5170915,0.50707144,20.851574,8.48801e-08,0.0
8.065,0.0,0.6,0.6,0.18834922,0.52003723,0.5114971,18.130566,2.560894e-09,0.0
8.07,0.0,0.6,0.6,0.17825677,0.5234918,0.51447934,15.182175,5.1056734e-08,0.0
8.075,0.0,0.6,0.6,0.15452081,0.5258947,0.51765597,12.205365,-7.3676844e-08,0.0
8.08,0.038306132,0.27578193,0.6,0.1390714,0.52868265,0.5210232,9.302786,-7.758089e-08,0.0
8.085,0.038306132,0.27578193,0.6,0.10742984,0.5317759,0.5239057,6.5882797,9.511061e-08,0.0
8.09,0.038306132,0.27578193,0.6,0.106272824,0.53505,0.5258368,4.0718746,6.327589e-08,0.0
8.095,0.038306132,0.27578193,0.6,0.09686074,0.5378417,0.528795,1.928356,-3.5585252e-08,0.0
8.1,0.46503857,0.44177133,0.5788777,0.082091354,0.54063535,0.531512,0.30201054,4.7950063e-08,0.0
8.105,0.46503857,0.44177133,0.5788777,0.075421266,0.5432263,0.53373367,-4.9334226e-10,4.1622144e-08,0.0
8.11,0.46503857,0.44177133,0.5788777,0.058695678,0.54457426,0.5364082,3.0380969e-09,7.648265e-08,0.0
8.115,0.46503857,0.44177133,0.5788777,0.048711278,0.5439056,0.5384075,-1.1800254e-08,-1.3746277e-08,0.0
8.120000000000001,0.10105779,0.19915307,0.6,0.058033787,0.5433539,0.5398593,4.999572e-09,3.259711e-08,0.0
8.125,0.10105779,0.19915307,0.6,0.052534085,0.5424347,0.54207575,1.9777033e-09,-8.838532e-10,0.0
8.13,0.10105779,0.19915307,0.6,0.056089193,0.539995,0.5444101,-2.0446802e-09,-4.7767195e-08,0.0
8.135,0.10105779,0.19915307,0.6,0.053573754,0.5397942,0.5454827,-1.4665234e-08,1.9823553e-08,0.0
8.14,0.0,0.0,0.6,0.06350937,0.5389848,0.54720783,7.984786e-09,-1.5367057e-08,0.0
8.145,0.0,0.0,0.6,0.07063212,0.5358822,0.5485755,-7.7472034e-10,3.361709e-08,0.0
8.15,0.0,0.0,0.6,0.072488,0.5263952,0.5495526,1.4446762e-08,-3.8388904e-08,0.0
8.155,0.0,0.0,0.6,0.08680766,0.5141703,0.5507428,2.34488e-09,3.0006613e-09,0.0
8.16,0.43179178,0.0,0.55985534,0.09074818,0.50048953,0.5518955,-1.1751683e-08,5.830807e-09,0.0
8.165000000000001,0.43179178,0.0,0.55985534,0.092116766,0.4795427,0.5524109,-9.605781e-10,1.1470008e-09,0.0
8.17,0.43179178,0.0,0.55985534,0.08831064,0.4595843,0.55324286,1.8455433e-08,-1.7193164e-08,0.0
8.175,0.43179178,0.0,0.55985534,0.08413092,0.43967798,0.554853,9.745294e-09,-1.65601e-08,0.0
8.18,0.6,0.051554937,0.6,0.08963921,0.41867682,0.55610293,-6.0081224e-09,6.5484286e-08,0.0
8.185,0.6,0.051554937,0.6,0.095620155,0.39289254,0.5570769,-8.464602e-09,1.3184678e-08,0.0
8.19,0.6,0.051554937,0.6,0.10700307,0.36576265,0.55849725,-6.4069057e-09,6.6349624e-09,0.0
8.195,0.6,0.051554937,0.6,0.1089635,0.33662564,0.5592595,-6.562431e-09,-4.8557847e-09,0.0
8.2,0.46400738,0.34539893,0.13582385,0.11804576,0.3083354,0.56024534,0.09190429,-3.5691336e-08,0.0
8.205,0.46400738,0.34539893,0.13582385,0.15206279,0.27999794,0.561039,0.45702362,-3.1953284e-08,0.0
8.21,0.46400738,0.34539893,0.13582385,0.16992855,0.25405923,0.5613281,1.3402996,6.37174e-08,0.0
8.215,0.46400738,0.34539893,0.13582385,0.18781783,0.2288523,0.56181693,2.9279218,9.7082356e-08,0.0
8.22,0.1834829,0.19658083,0.36893097,0.20728163,0.20896165,0.5625775,5.0224586,1.2909564e-07,0.0
8.225,0.1834829,0.19658083,0.36893097,0.23500808,0.19930229,0.5629766,7.3171105,1.3824474e-07,0.0
8.23,0.1834829,0.19658083,0.36893097,0.24693215,0.19577487,0.5629796,9.670421,8.649678e-08,0.0
8.235,0.1834829,0.19658083,0.36893097,0.2616054,0.19268195,0.56191117,11.959641,7.256876e-08,0.0
8.24,0.6,0.2511218,0.43586028,0.29106927,0.19407567,0.5593522,14.113996,3.9140836e-08,0.0
8.245000000000001,0.6,0.2511218,0.43586028,0.3104574,0.1951983,0.55903184,16.210907,6.084061e-08,0.0
8.25,0.6,0.2511218,0.43586028,0.30705574,0.19556013,0.5576009,18.296362,-1.3466008e-08,0.0
8.255,0.6,0.2511218,0.43586028,0.30481583,0.19687852,0.5548244,20.76593,1.0565602e-07,0.0
8.26,0.6,0.35011545,0.40418836,0.30843163,0.19782737,0.5535679,23.555922,1.857726e-07,0.0
8.265,0.6,0.35011545,0.40418836,0.30503875,0.19906676,0.5488096,25.890715,4.3618343e-08,0.0
8.27,0.6,0.35011545,0.40418836,0.3154962,0.20107944,0.5387808,28.04019,1.1166447e-07,0.0
8.275,0.6,0.35011545,0.40418836,0.32692742,0.20679457,0.52809435,29.772943,7.6537084e-08,0.0
8.28,0.2583273,0.49038,0.003096807,0.33374512,0.21232924,0.5184399,30.9987,-3.903174e-08,0.0
8.285,0.2583273,0.49038,0.003096807,0.34719083,0.21690448,0.5057528,31.917671,5.4081685e-08,0.0
8.290000000000001,0.2583273,0.49038,0.003096807,0.35728526,0.22721158,0.49409896,32.68742,-1.7779891e-08,0.0
8.295,0.2583273,0.49038,0.003096807,0.372846,0.23996556,0.48491478,33.41179,3.1441964e-08,0.0
8.3,0.41093943,0.5307497,0.0,0.39642444,0.24986076,0.47385743,34.172035,-1.4369935e-08,0.0
8.305,0.41093943,0.5307497,0.0,0.40441942,0.26137376,0.46396148,35.005997,6.958756e-08,0.0
8.31,0.41093943,0.5307497,0.0,0.41349837,0.27846447,0.45622784,35.835537,-8.841788e-08,0.0
8.315,0.41093943,0.5307497,0.0,0.41289154,0.29338896,0.44539335,36.538277,-8.204474e-08,0.0
8.32,0.56988245,0.6,0.0,0.41568327,0.3072154,0.42653868,37.660084,1.9861002e-07,0.0
8.325,0.56988245,0.6,0.0,0.40102074,0.32344192,0.40381917,38.54922,-3.4396894e-08,0.0
8.33,0.56988245,0.6,0.0,0.41672096,0.33852458,0.37662238,39.3535,1.6104371e-08,0.0
8.335,0.56988245,0.6,0.0,0.42452064,0.35096678,0.34967387,39.653877,2.8450986e-08,0.0
8.34,0.40968183,0.59490216,0.0,0.40962124,0.36625785,0.3221567,39.2504,-2.2540612e-09,0.0
8.345,0.40968183,0.59490216,0.0,0.41580564,0.37884644,0.29663086,38.933674,-5.2383328e-08,0.0
8.35,0.40968183,0.59490216,0.0,0.42414096,0.3887828,0.271179,38.285236,3.2349707e-08,0.0
8.355,0.40968183,0.59490216,0.0,0.41387552,0.4003641,0.24852514,37.115658,7.721956e-08,0.0
8.36,0.4062922,0.6,0.0,0.4193309,0.4139237,0.22666295,36.26338,-1.9287459e-08,0.0
8.365,0.4062922,0.6,0.0,0.42220527,0.42332333,0.20656249,35.280853,8.538055e-09,0.0
8.370000000000001,0.4062922,0.6,0.0,0.42977655,0.4343394,0.18773893,33.8744,0.19598751,0.0
8.375,0.4062922,0.6,0.0,0.4273029,0.44494897,0.16986497,32.314327,0.3315048,0.0
8.38,0.4399112,0.53678274,0.0,0.43823695,0.452967,0.15303478,31.453869,-2.358974e-09,0.0
8.385,0.4399112,0.53678274,0.0,0.43878236,0.4609673,0.13733694,30.635275,0.14280227,0.0
8.39,0.4399112,0.53678274,0.0,0.43779743,0.46996924,0.123463936,29.610733,0.2791219,0.0
8.395,0.4399112,0.53678274,0.0,0.43646243,0.47596064,0.11151502,29.23663,5.139239e-09,0.0
8.4,0.4253167,0.33174962,0.0,0.43485942,0.48295677,0.10016992,29.524727,2.9528698e-08,0.0
8.405,0.4253167,0.33174962,0.0,0.4302974,0.49052364,0.07855055,30.206944,4.2926704e-08,0.0
8.41,0.4253167,0.33174962,0.0,0.4263222,0.49503663,0.08173442,31.00933,3.0537606e-09,0.0
8.415000000000001,0.4253167,0.33174962,0.0,0.4311284,0.4999741,0.06156243,31.747534,5.3038477e-08,0.0
8.42,0.25678483,0.26431066,0.0,0.4314731,0.50485116,0.05983384,31.538046,0.8278699,0.0
8.425,0.25678483,0.26431066,0.0,0.4352275,0.508149,0.04466947,30.36696,2.4728894,0.0
8.43,0.25678483,0.26431066,0.0,0.43082857,0.508643,0.042858705,28.752277,4.336447,0.0
8.435,0.25678483,0.26431066,0.0,0.43424803,0.50804263,0.04939137,27.872002,5.104468,0.0
8.44,0.51473767,0.32066423,0.0,0.4382042,0.50836784,0.034848385,26.104496,6.612722,0.0
8.445,0.51473767,0.32066423,0.0,0.4394745,0.5072919,0.03135809,24.140863,8.061069,0.0
8.45,0.51473767,0.32066423,0.0,0.44631955,0.50540423,0.02057577,21.80349,9.653436,0.0
8.455,0.51473767,0.32066423,0.0,0.44171503,0.50449723,0.01624106,19.097881,11.370443,0.0
8.46,0.2369717,0.26213813,0.0,0.43975788,0.5024461,0.017721482,17.359867,11.736636,0.0
8.465,0.2369717,0.26213813,0.0,0.44147164,0.49346,0.0076723257,16.796696,10.568075,0.0
8.47,0.2369717,0.26213813,0.0,0.43709585,0.478667,0.0024123709,16.193716,9.241683,0.0
8.475,0.2369717,0.26213813,0.0,0.4384836,0.4658841,0.004104152,16.177189,7.0606937,0.0
8.48,0.41335705,0.30656177,0.0,0.43977803,0.45123684,0.001421993,16.19102,4.6660967,0.0
8.485,0.41335705,0.30656177,0.0,0.43616575,0.43573418,0.00037191185,15.95179,2.3694463,0.0
8.49,0.41335705,0.30656177,0.0,0.4341208,0.42419246,-0.0032759903,16.375002,9.5671835e-09,0.0
8.495000000000001,0.41335705,0.30656177,0.0,0.43253633,0.41127077,-0.0054596215,17.284521,1.112181e-07,0.0
8.5,0.27469802,0.33885103,0.0,0.42899132,0.3968578,-0.003911675,18.862389,1.6241775e-07,0.0
8.505,0.27469802,0.33885103,0.0,0.41899565,0.38557944,-0.003117796,20.814175,1.4031252e-07,0.0
8.51,0.27469802,0.33885103,0.0,0.4074379,0.37513056,-0.0024568022,22.851835,1.5565388e-07,0.0
8.515,0.27469802,0.33885103,0.0,0.40821907,0.3653668,-0.002876878,24.736206,1.1057755e-07,0.0
8.52,0.47052243,0.35056856,0.029406989,0.40242404,0.35782585,0.0060530817,25.614426,0.77419704,0.0
8.525,0.47052243,0.35056856,0.029406989,0.3959863,0.352806,-0.00094232894,26.248543,1.5550275,0.0
8.53,0.47052243,0.35056856,0.029406989,0.39408135,0.34800258,0.00938973,27.05568,1.8848205,0.0
8.535,0.47052243,0.35056856,0.029406989,0.39103454,0.34460154,0.0077544777,27.893837,1.9350426,0.0
8.540000000000001,0.36928213,0.38968873,0.09022213,0.3775842,0.34258553,0.0055719316,28.681198,1.8057412,0.0
8.545,0.36928213,0.38968873,0.09022213,0.37979978,0.3419305,0.0003074223,29.281403,1.654959,0.0
8.55,0.36928213,0.38968873,0.09022213,0.3800421,0.34128857,-0.0070922454,28.947744,2.316444,0.0
8.555,0.36928213,0.38968873,0.09022213,0.3719469,0.3405491,-0.0019838072,27.75486,3.682134,0.0
8.56,0.49410847,0.3659296,0.15915303,0.37000784,0.34046072,-0.0031376325,26.868948,4.436696,0.0
8.565,0.49410847,0.3659296,0.15915303,0.36240777,0.33987826,0.0013622701,26.559814,4.301865,0.0
8.57,0.49410847,0.3659296,0.15915303,0.37115884,0.33969438,0.014435149,26.546925,3.6117995,0.0
8.575000000000001,0.49410847,0.3659296,0.15915303,0.3692378,0.3405882,0.014322784,26.010988,3.2904408,0.0
8.58,0.5293464,0.46125636,0.1497266,0.36625457,0.34077722,0.018749436,26.293148,1.8302929,0.0
8.585,0.5293464,0.46125636,0.1497266,0.37147704,0.34073192,0.019405214,27.482853,9.751236e-08,0.0
8.59,0.5293464,0.46125636,0.1497266,0.36607063,0.34089336,0.024486119,27.608488,0.8378986,0.0
8.595,0.5293464,0.46125636,0.1497266,0.37195393,0.34105736,0.03217508,28.108576,0.9950842,0.0
8.6,0.47691047,0.44140878,0.19823924,0.3744212,0.34116375,0.037442997,28.756395,0.75167215,0.0
8.605,0.47691047,0.44140878,0.19823924,0.37414593,0.34203136,0.054874048,29.107935,0.6094504,0.0
8.61,0.47691047,0.44140878,0.19823924,0.38145667,0.34320953,0.067389734,29.932138,6.470732e-08,0.0
8.615,0.47691047,0.44140878,0.19823924,0.372611,0.34328094,0.06734339,30.549112,0.15337314,0.0
8.620000000000001,0.53707707,0.4288424,0.12890321,0.37982947,0.34476617,0.076357976,31.423254,1.16820964e-07,0.0
8.625,0.53707707,0.4288424,0.12890321,0.38888612,0.34826374,0.08310903,31.994223,0.29018807,0.0
8.63,0.53707707,0.4288424,0.12890321,0.3939436,0.3517167,0.09328303,32.08367,0.87848705,0.0
8.635,0.53707707,0.4288424,0.12890321,0.40371862,0.35505825,0.106328554,31.911589,1.5140227,0.0
8.64,0.51039857,0.37809888,0.1005869,0.41246566,0.36191258,0.11962303,31.642971,2.0130777,0.0
8.645,0.51039857,0.37809888,0.1005869,0.41732746,0.3699947,0.12391549,31.37095,2.2765906,0.0
8.65,0.51039857,0.37809888,0.1005869,0.41785333,0.37609893,0.12354398,31.111595,2.2932534,0.0
8.655,0.51039857,0.37809888,0.1005869,0.41676152,0.3822902,0.1161398,30.847052,2.0891218,0.0
8.66,0.567086,0.3244603,0.072866485,0.43035868,0.3890025,0.121982336,31.371641,0.7838968,0.0
8.665000000000001,0.567086,0.3244603,0.072866485,0.44299278,0.39311218,0.12195614,31.77399,0.011960352,0.0
8.67,0.567086,0.3244603,0.072866485,0.45017934,0.3954154,0.11921001,31.776747,0.02708366,0.0
8.675,0.567086,0.3244603,0.072866485,0.45340595,0.3965912,0.12736799,31.674341,2.6915274e-09,0.0
8.68,0.4800423,0.31769618,0.02457145,0.46628368,0.39796564,0.12471249,31.52233,2.445312e-09,0.0
8.685,0.4800423,0.31769618,0.02457145,0.47133344,0.39768118,0.12374799,31.410385,-7.881741e-11,0.0
8.69,0.4800423,0.31769618,0.02457145,0.47194424,0.39720646,0.12960634,30.642174,0.621469,0.0
8.695,0.4800423,0.31769618,0.02457145,0.4777471,0.3974075,0.125224,29.228394,1.71219,0.0
8.700000000000001,0.5359118,0.31689313,0.0,0.48721346,0.39703268,0.117743276,28.399687,1.8881011,0.0
8.705,0.5359118,0.31689313,0.0,0.48754838,0.39653653,0.13069703,27.662497,1.7286379,0.0
8.71,0.5359118,0.31689313,0.0,0.48930022,0.39662132,0.13065465,26.704088,1.58481,0.0
8.715,0.5359118,0.31689313,0.0,0.4844872,0.39628202,0.13144135,26.511858,0.35442823,0.0
8.72,0.6,0.3097777,0.0,0.48280355,0.39578453,0.12572859,26.94285,7.5927304e-08,0.0
8.725,0.6,0.3097777,0.0,0.47801083,0.3957844,0.11987768,27.90566,7.6010686e-08,0.0
8.73,0.6,0.3097777,0.0,0.48558915,0.39487308,0.12759304,29.14749,1.5371263e-07,0.0
8.735,0.6,0.3097777,0.0,0.48103544,0.39405343,0.12926929,29.61629,0.70178187,0.0
8.74,0.41978544,0.26149213,0.0,0.48267937,0.39406556,0.11605782,30.085974,1.1467078,0.0
8.745000000000001,0.41978544,0.26149213,0.0,0.49951476,0.3937541,0.11075157,30.027218,1.9394665,0.0
8.75,0.41978544,0.26149213,0.0,0.49478504,0.39189756,0.097220846,29.312838,3.2084956,0.0
8.755,0.41978544,0.26149213,0.0,0.48706368,0.38974983,0.09783087,29.28383,3.4511156,0.0
8.76,0.6,0.31752664,0.0,0.49487165,0.38794068,0.09102382,30.071396,2.5544727,0.0
8.765,0.6,0.31752664,0.0,0.5038914,0.383249,0.08354212,30.340101,2.0330193,0.0
8.77,0.6,0.31752664,0.0,0.51048476,0.37379658,0.06219051,29.930174,2.0497603,0.0
8.775,0.6,0.31752664,0.0,0.5135309,0.3661114,0.04924655,29.310177,2.0694752,0.0
8.78,0.48572648,0.33559394,0.0,0.50430536,0.35883898,0.041406613,28.748241,1.7935976,0.0
8.785,0.48572648,0.33559394,0.0,0.5096024,0.35035998,0.03937479,29.283813,0.070395865,0.0
8.790000000000001,0.48572648,0.33559394,0.0,0.50774235,0.34363317,0.027400523,29.663609,0.00442637,0.0
8.795,0.48572648,0.33559394,0.0,0.5216078,0.3387089,0.019479312,30.639185,1.4209552e-07,0.0
8.8,0.6,0.36526155,0.0,0.50808245,0.33363256,0.014395594,31.624666,0.16261685,0.0
8.805,0.6,0.36526155,0.0,0.5117753,0.3301534,0.014839908,33.024082,1.2013334e-07,0.0
8.81,0.6,0.36526155,0.0,0.5125841,0.32788342,0.018305827,34.06937,0.4060471,0.0
8.815,0.6,0.36526155,0.0,0.51132447,0.32706365,0.0033372054,34.437656,1.3281456,0.0
8.82,0.47172934,0.42125466,0.0,0.50662035,0.32680467,0.006025108,35.378616,1.3630345,0.0
8.825000000000001,0.47172934,0.42125466,0.0,0.50397897,0.3273309,-0.0014910237,37.007523,0.41181603,0.0
8.83,0.47172934,0.42125466,0.0,0.5096424,0.32894042,-0.0062988256,39.2079,2.4236115e-07,0.0
8.835,0.47172934,0.42125466,0.0,0.50118226,0.32980922,-0.012340049,41.086456,0.33893126,0.0
8.84,0.5874425,0.5450149,0.0,0.5029575,0.33024588,-0.010530237,43.159046,0.23253953,0.0
8.845,0.5874425,0.5450149,0.0,0.50899285,0.33178133,-0.010669539,44.63985,0.58390266,0.0
8.85,0.5874425,0.5450149,0.0,0.51468796,0.33256522,-0.005492063,45.19751,1.7520729,0.0
8.855,0.5874425,0.5450149,0.0,0.5126684,0.3328757,-0.007683784,45.206978,3.3041837,0.0
8.86,0.5526506,0.6,0.0,0.5104154,0.33413982,-0.004170091,45.891926,3.873511,0.0
8.865,0.5526506,0.6,0.0,0.5057515,0.33526957,-0.013313881,47.358868,3.3757725,0.0
8.870000000000001,0.5526506,0.6,0.0,0.51433796,0.33564615,-0.010415803,49.093594,2.4105566,0.0
8.875,0.5526506,0.6,0.0,0.5144318,0.33695114,-0.0051630675,49.866093,2.3615618,0.0
8.88,0.47775188,0.6,0.0,0.50564855,0.3438525,-0.0052780276,49.546192,3.349009,0.0
8.885,0.47775188,0.6,0.0,0.49894875,0.3559098,-0.0009414208,49.514854,3.812209,0.0
8.89,0.47775188,0.6,0.0,0.5015979,0.36570454,-0.007489837,49.970184,3.5517757,0.0
8.895,0.47775188,0.6,0.0,0.51842135,0.37862453,-0.001332685,49.592335,4.054001,0.0
8.9,0.48826113,0.6,0.0,0.5219925,0.39505213,-0.008362348,48.282005,5.4032598,0.0
8.905,0.48826113,0.6,0.0,0.5259142,0.40845275,0.0048959013,46.48368,7.0827284,0.0
8.91,0.48826113,0.6,0.0,0.5253394,0.4216891,-0.006045375,44.485046,8.763098,0.0
8.915000000000001,0.48826113,0.6,0.0,0.5299171,0.4368024,-0.017911276,43.4841,9.119704,0.0
8.92,0.5151625,0.6,0.0,0.5288878,0.44763985,-0.02437806,42.545605,9.227746,0.0
8.925,0.5151625,0.6,0.0,0.5278751,0.457191,-0.028634738,42.171726,8.529248,0.0
8.93,0.5151625,0.6,0.0,0.5312922,0.4672478,-0.016217975,42.570774,6.817909,0.0
8.935,0.5151625,0.6,0.0,0.5290084,0.4744542,0.0015582578,42.291008,5.7224693,0.0
8.94,0.5364482,0.57094103,0.0,0.5349061,0.48089248,0.011247003,42.101467,4.363263,0.0
8.945,0.5364482,0.57094103,0.0,0.5396105,0.48909348,0.017749364,41.427338,3.389034,0.0
8.950000000000001,0.5364482,0.57094103,0.0,0.52866775,0.49515805,0.0002527202,40.014103,3.061419,0.0
8.955,0.5364482,0.57094103,0.0,0.526871,0.49992752,0.002439778,39.230194,1.836659,0.0
8.96,0.57097465,0.5429411,0.0,0.5292293,0.50639415,-0.008085034,39.201794,3.7911978e-08,0.0
8.965,0.57097465,0.5429411,0.0,0.5253682,0.51187855,-0.009270261,38.348602,0.58639127,0.0
8.97,0.57097465,0.5429411,0.0,0.52713406,0.5160954,-0.0072091995,37.86538,0.5273418,0.0
8.975,0.57097465,0.5429411,0.0,0.526992,0.5201531,-0.0037102,37.081596,0.59366435,0.0
8.98,0.5868505,0.57110137,0.0,0.5206328,0.52378494,0.00036226786,36.692764,-2.1685878e-07,0.0
8.985,0.5868505,0.57110137,0.0,0.5227717,0.52656543,-0.00016563987,36.737995,8.402858e-09,0.0
8.99,0.5868505,0.57110137,0.0,0.52609026,0.5293931,-0.002668751,36.201847,0.67821723,0.0
8.995000000000001,0.5868505,0.57110137,0.0,0.5244478,0.5310066,-0.0053801774,34.93411,1.9317827,0.0
9.0,0.6,0.5953992,0.0,0.5184174,0.5325201,-0.002071678,34.36836,2.148433,0.0
9.005,0.6,0.5953992,0.0,0.52232695,0.5345891,0.0055084815,34.699413,1.1448706,0.0
9.01,0.6,0.5953992,0.0,0.52286506,0.535875,-0.0023516666,34.496593,0.5450467,0.0
9.015,0.6,0.5953992,0.0,0.5201911,0.5366025,-0.004969686,33.51638,0.6024643,0.0
9.02,0.6,0.5853341,0.0,0.5220866,0.5379419,-0.015105433,33.12098,-1.387177e-08,0.0
9.025,0.6,0.5853341,0.0,0.53214663,0.53937024,-0.0071375957,32.478832,0.3561937,0.0
9.03,0.6,0.5853341,0.0,0.5334581,0.54039747,-0.007888266,31.48729,0.8631467,0.0
9.035,0.6,0.5853341,0.0,0.5318564,0.54187423,-0.00672545,30.427702,1.2030299,0.0
9.040000000000001,0.57228845,0.5516391,0.0,0.5330999,0.5439042,-0.012573305,30.45826,0.08810789,0.0
9.045,0.57228845,0.5516391,0.0,0.5312162,0.545231,-0.007897611,30.351826,0.10589375,0.0
9.05,0.57228845,0.5516391,0.0,0.53318065,0.54629606,-0.009087473,30.773235,3.120828e-08,0.0
9.055,0.57228845,0.5516391,0.0,0.536714,0.5481393,-0.00853674,30.994003,0.38090762,0.0
9.06,0.57106715,0.5174212,0.0,0.54652804,0.5501121,-0.010714322,30.667318,1.129382,0.0
9.065,0.57106715,0.5174212,0.0,0.54452896,0.55209,-0.009704623,30.10989,1.8840407,0.0
9.07,0.57106715,0.5174212,0.0,0.54921895,0.55359614,-0.0069201128,30.532036,1.2970809,0.0
9.075000000000001,0.57106715,0.5174212,0.0,0.5440418,0.5541925,-0.014391923,30.946875,0.5090984,0.0
9.08,0.5566701,0.4767908,0.0,0.5378977,0.5545044,-0.006180767,31.648169,3.974811e-08,0.0
9.085,0.5566701,0.4767908,0.0,0.5331897,0.5537136,-0.0027189006,32.838818,9.591222e-08,0.0
9.09,0.5566701,0.4767908,0.0,0.53139895,0.55362695,-0.0021447905,33.26421,0.79745173,0.0
9.095,0.5566701,0.4767908,0.0,0.53714055,0.5529817,-0.0062916214,32.674316,2.4760418,0.0
9.1,0.5239906,0.4287953,0.0,0.5472893,0.5521322,-0.003272221,30.559649,5.580196,0.0
9.105,0.5239906,0.4287953,0.0,0.53624797,0.55181646,-0.010874902,27.372133,9.558516,0.0
9.11,0.5239906,0.4287953,0.0,0.5349902,0.5512542,-0.011492951,24.921785,12.385447,0.0
9.115,0.5239906,0.4287953,0.0,0.53836673,0.55026823,-0.016203105,23.655098,13.615698,0.0
9.120000000000001,0.5031234,0.39892167,0.0,0.534847,0.5492077,-0.004778269,22.224844,14.776389,0.0
9.125,0.5031234,0.39892167,0.0,0.53215015,0.54902315,-0.0068422747,21.410362,15.008313,0.0
9.13,0.5031234,0.39892167,0.0,0.5330135,0.5475052,-0.010349676,21.54192,13.98111,0.0
9.135,0.5031234,0.39892167,0.0,0.54281986,0.54639035,-0.009671253,21.189379,13.294309,0.0
9.14,0.49703494,0.39154613,0.0,0.5299911,0.54557323,-0.008595395,20.168299,13.133163,0.0
9.145,0.49703494,0.39154613,0.0,0.53309584,0.54464597,-0.013859277,19.8757,11.94719,0.0
9.15,0.49703494,0.39154613,0.0,0.53838384,0.5409293,-0.0033951616,19.516716,10.64206,0.0
9.155,0.49703494,0.39154613,0.0,0.5355075,0.5364328,0.0011752062,18.734692,9.604033,0.0
9.16,0.4813395,0.39711717,0.0,0.54071635,0.5317201,0.0016924829,18.88257,7.329964,0.0
9.165000000000001,0.4813395,0.39711717,0.0,0.5372812,0.5201038,-0.00038044734,19.095432,4.811916,0.0
9.17,0.4813395,0.39711717,0.0,0.5330154,0.5034749,-0.007043719,19.935076,1.4198694,0.0
9.175,0.4813395,0.39711717,0.0,0.54297864,0.4919258,-0.0013694362,21.111506,4.850458e-08,0.0
9.18,0.47360846,0.41637892,0.0,0.53929156,0.4786553,-0.0013428899,21.793964,0.3238676,0.0
9.185,0.47360846,0.41637892,0.0,0.52644753,0.46519005,-0.0032179337,22.958715,1.8245455e-08,0.0
9.19,0.47360846,0.41637892,0.0,0.5180377,0.45531857,-0.009531874,24.616083,1.2619034e-07,0.0
9.195,0.47360846,0.41637892,0.0,0.5256043,0.44677722,-0.011957371,26.485205,1.8411934e-07,0.0
9.200000000000001,0.4806272,0.44891053,0.0,0.52710193,0.4372613,-0.010635138,27.448185,0.782463,0.0
9.205,0.4806272,0.44891053,0.0,0.5270384,0.4312974,-0.005574413,27.406063,2.4230762,0.0
9.21,0.4806272,0.44891053,0.0,0.5275881,0.42638373,-0.003786513,27.877832,3.211245,0.0
9.215,0.4806272,0.44891053,0.0,0.52721924,0.4218362,-0.0047390917,28.129898,3.9942322,0.0
9.22,0.49093592,0.48636797,0.0,0.5216727,0.41834092,-0.007740449,28.796305,4.063251,0.0
9.225,0.49093592,0.48636797,0.0,0.5243264,0.4164898,0.00279529,30.125582,3.16741,0.0
9.23,0.49093592,0.48636797,0.0,0.5235089,0.4160929,-0.008807583,30.710611,2.8966138,0.0
9.235,0.49093592,0.48636797,0.0,0.5159534,0.41555014,-0.0021683008,31.336622,2.3565161,0.0
9.24,0.5037585,0.5259316,0.0,0.52612364,0.41616395,-0.0066374955,32.36094,1.162669,0.0
9.245000000000001,0.5037585,0.5259316,0.0,0.52538955,0.41729394,-0.018029125,33.32065,-2.6970778e-08,0.0
9.25,0.5037585,0.5259316,0.0,0.52092236,0.41742817,-0.0038730116,34.76039,9.749188e-08,0.0
9.255,0.5037585,0.5259316,0.0,0.5252728,0.41828564,-0.0041688625,36.965443,2.1212678e-07,0.0
9.26,0.5240532,0.5645029,0.0,0.5208892,0.41945794,-0.016136706,38.572163,0.59566784,0.0
9.265,0.5240532,0.5645029,0.0,0.51713324,0.41980916,-0.009106989,40.195774,0.9357051,0.0
9.27,0.5240532,0.5645029,0.0,0.5290274,0.42036796,0.00827807,42.123837,0.7159114,0.0
9.275,0.5240532,0.5645029,0.0,0.5213598,0.42198,0.011898352,43.08791,1.3696383,0.0
9.28,0.5443286,0.59673554,0.0,0.51610833,0.42207128,0.007961931,43.90253,1.9668542,0.0
9.285,0.5443286,0.59673554,0.0,0.50835276,0.4227387,-0.008844318,44.98122,2.0580547,0.0
9.290000000000001,0.5443286,0.59673554,0.0,0.50641835,0.42404798,-0.00943464,46.02915,1.9873155,0.0
9.295,0.5443286,0.59673554,0.0,0.5073662,0.42577747,-0.008742497,46.9047,1.9191512,0.0
9.3,0.56010544,0.6,0.0,0.5063865,0.42784882,0.0050609643,46.593357,2.9868262,0.0
9.305,0.56010544,0.6,0.0,0.5081946,0.43045443,0.0011026409,46.108185,4.029695,0.0
9.31,0.56010544,0.6,0.0,0.4983261,0.4388291,-0.01296376,45.053024,5.49683,0.0
9.315,0.56010544,0.6,0.0,0.49808884,0.4485882,-0.0032498138,44.161667,6.5572577,0.0
9.32,0.57454765,0.6,0.0,0.4968877,0.45641747,-0.0037835932,43.824142,6.796639,0.0
9.325000000000001,0.57454765,0.6,0.0,0.5037876,0.4663608,0.0019173934,43.763023,6.54367,0.0
9.33,0.57454765,0.6,0.0,0.49809492,0.47675073,0.0015865851,42.859413,7.050165,0.0
9.335,0.57454765,0.6,0.0,0.5057484,0.48442885,0.0010405335,41.95642,7.3543663,0.0
9.34,0.5837638,0.6,0.0,0.5036435,0.49126434,-0.0048412248,40.60065,7.968407,0.0
9.345,0.5837638,0.6,0.0,0.50233203,0.49897948,-0.0021299126,39.56678,8.018045,0.0
9.35,0.5837638,0.6,0.0,0.50992024,0.5048506,-0.0040895576,39.215206,7.124078,0.0
9.355,0.5837638,0.6,0.0,0.5116282,0.5104228,-0.006670714,38.297577,6.6896744,0.0
9.36,0.58625454,0.6,0.0,0.51224643,0.5166176,-0.011179102,36.646057,6.878334,0.0
9.365,0.58625454,0.6,0.0,0.498388,0.52056706,-0.0070900097,34.684666,7.199516,0.0
9.370000000000001,0.58625454,0.6,0.0,0.49946335,0.52463734,0.0016006171,33.588493,6.344531,0.0
9.375,0.58625454,0.6,0.0,0.5122978,0.5298989,-0.005986186,32.544777,5.248248,0.0
9.38,0.58552766,0.6,0.0,0.49988493,0.5333744,-0.008842449,31.207012,4.2893705,0.0
9.385,0.58552766,0.6,0.0,0.50811154,0.5365471,-0.011636574,30.74709,2.1580162,0.0
9.39,0.58552766,0.6,0.0,0.5099987,0.54029757,0.0025925918,30.300995,-2.1161908e-07,0.0
9.395,0.58552766,0.6,0.0,0.5128474,0.5429384,0.0037769994,29.187689,-1.162274e-08,0.0
9.4,0.57957083,0.5734244,0.0,0.51165414,0.5452825,-0.0048583983,28.067984,1.7314132e-08,0.0
9.405,0.57957083,0.5734244,0.0,0.51226884,0.5480823,-0.0069689765,27.844679,1.2009159e-08,0.0
9.41,0.57957083,0.5734244,0.0,0.5103653,0.55004925,0.004116494,27.801434,0.14062159,0.0
9.415000000000001,0.57957083,0.5734244,0.0,0.50612277,0.5519752,-0.006256676,28.318434,5.3816844e-08,0.0
9.42,0.57080984,0.53466654,0.0,0.5080332,0.5541792,0.0025675672,29.464594,7.832744e-08,0.0
9.425,0.57080984,0.53466654,0.0,0.50295293,0.55584,-0.00381696,30.014189,0.62866277,0.0
9.43,0.57080984,0.53466654,0.0,0.5020117,0.55735147,-0.0036309739,30.643785,0.91490805,0.0
9.435,0.57080984,0.53466654,0.0,0.5044844,0.5586231,-0.00073491316,31.69029,0.4991312,0.0
9.44,0.5581948,0.49246883,0.0,0.5145027,0.55985004,0.0014973473,31.887512,0.81278855,0.0
9.445,0.5581948,0.49246883,0.0,0.5110002,0.5605312,-0.004559568,31.14734,1.9311849,0.0
9.450000000000001,0.5581948,0.49246883,0.0,0.51807183,0.560569,0.003984568,30.934385,2.2027273,0.0
9.455,0.5581948,0.49246883,0.0,0.52325183,0.56073684,0.0014725459,30.572311,2.4098709,0.0
9.46,0.54167986,0.45201817,0.0,0.51582783,0.5607799,-0.0015614273,29.728937,2.917835,0.0
9.465,0.54167986,0.45201817,0.0,0.5189389,0.5595937,0.0005570063,29.669569,2.310409,0.0
9.47,0.54167986,0.45201817,0.0,0.51898474,0.55869883,-0.0027201853,28.48399,2.7491431,0.0
9.475,0.54167986,0.45201817,0.0,0.5111074,0.55810505,-0.005042253,25.780703,4.624993,0.0
9.48,0.52383345,0.4196718,0.0,0.51864034,0.55716574,-0.0013130942,23.459543,5.784349,0.0
9.485,0.52383345,0.4196718,0.0,0.5215533,0.55662304,-0.008075102,21.163916,6.649515,0.0
9.49,0.52383345,0.4196718,0.0,0.526783,0.5563713,-0.009250398,18.737276,7.393694,0.0
9.495000000000001,0.52383345,0.4196718,0.0,0.5290216,0.55472654,-0.010601043,16.600737,7.5528784,0.0
9.5,0.5054336,0.4012027,0.0,0.5295951,0.5531753,-0.0044954345,14.970522,6.9034486,0.0
9.505,0.5054336,0.4012027,0.0,0.5358909,0.55295736,-0.0009852661,13.896338,5.4110847,0.0
9.51,0.5054336,0.4012027,0.0,0.53067976,0.55175424,-0.0021111132,13.357,3.1192212,0.0
9.515,0.5054336,0.4012027,0.0,0.52746147,0.54930264,-0.015376771,14.057836,5.131873e-08,0.0
9.52,0.4892514,0.39600754,0.0,0.53830034,0.5455605,-0.017287446,15.320226,1.6917014e-07,0.0
9.525,0.4892514,0.39600754,0.0,0.5360632,0.5420559,-0.00683193,16.473303,0.26245466,0.0
9.53,0.4892514,0.39600754,0.0,0.5317312,0.5308531,-0.0059680836,18.00982,2.1561538e-08,0.0
9.535,0.4892514,0.39600754,0.0,0.52688116,0.51543957,-0.007083901,19.95937,1.819313e-07,0.0
9.540000000000001,0.47909826,0.4041459,0.0,0.5191742,0.5024689,-0.0060900315,22.074402,1.7943832e-07,0.0
9.545,0.47909826,0.4041459,0.0,0.5289437,0.49075153,-0.0034589989,24.120012,1.08041476e-07,0.0
9.55,0.47909826,0.4041459,0.0,0.5277063,0.47623557,-0.0038580624,25.05705,0.90661556,0.0
9.555,0.47909826,0.4041459,0.0,0.51340574,0.46555313,-0.0049090823,25.898876,1.6487917,0.0
9.56,0.47642592,0.42501253,0.0,0.51788056,0.4562975,-0.013553158,27.092436,1.7416312,0.0
9.565,0.47642592,0.42501253,0.0,0.523865,0.4468843,-0.0069231875,27.429207,2.5502672,0.0
9.57,0.47642592,0.42501253,0.0,0.51952124,0.4398682,-0.005597744,26.883654,4.0817933,0.0
9.575000000000001,0.47642592,0.42501253,0.0,0.51648843,0.4337491,-0.006871691,26.960619,4.6467996,0.0
9.58,0.48101375,0.45606717,0.0,0.52850235,0.42792028,-0.0047800643,27.910254,4.0001483,0.0
9.585,0.48101375,0.45606717,0.0,0.5147295,0.423101,-0.0035282015,28.379963,3.6759696,0.0
9.59,0.48101375,0.45606717,0.0,0.50947434,0.41946012,-0.0045347256,29.03672,2.9193714,0.0
9.595,0.48101375,0.45606717,0.0,0.51900977,0.41762578,-0.0071627977,30.1811,1.4122659,0.0
9.6,0.49275592,0.4940038,0.0,0.5335796,0.4172262,-0.006799853,30.561584,0.56717676,0.0
9.605,0.49275592,0.4940038,0.0,0.524142,0.4163747,-0.0061504645,30.098644,0.45072463,0.0
9.61,0.49275592,0.4940038,0.0,0.534173,0.41720983,-0.0047784946,30.105238,1.5246158e-08,0.0
9.615,0.49275592,0.4940038,0.0,0.5290865,0.41722476,0.0022248419,30.58897,3.1108783e-08,0.0
9.620000000000001,0.50990415,0.53474545,0.0,0.5166484,0.41762885,0.0028169737,32.16077,1.6905473e-07,0.0
9.625,0.50990415,0.53474545,0.0,0.5131986,0.41889745,0.0030456851,34.652725,1.9117022e-07,0.0
9.63,0.50990415,0.53474545,0.0,0.5150089,0.41981673,-0.001864689,37.476345,5.5861403e-08,0.0
9.635,0.50990415,0.53474545,0.0,0.5188644,0.42027134,-0.004447694,39.329693,0.8301515,0.0
9.64,0.5293307,0.5729178,0.0,0.52750134,0.42112628,-0.0027029833,39.97159,2.769821,0.0
9.645,0.5293307,0.5729178,0.0,0.52194387,0.42156556,-0.0023263954,39.90236,5.240552,0.0
9.65,0.5293307,0.5729178,0.0,0.5160211,0.42140827,-0.00022277531,40.426548,6.7864494,0.0
9.655,0.5293307,0.5729178,0.0,0.51768047,0.42230102,-0.00074628985,40.850693,8.211972,0.0
9.66,0.54801,0.6,0.0,0.51609147,0.42356855,-0.00014396789,40.58336,10.175167,0.0
9.665000000000001,0.54801,0.6,0.0,0.52176076,0.42415786,-0.005798976,40.84283,11.321323,0.0
9.67,0.54801,0.6,0.0,0.5115363,0.42476487,-0.012199132,40.888016,12.499021,0.0
9.675,0.54801,0.6,0.0,0.5049208,0.428391,-0.011426428,41.26361,13.106526,0.0
9.68,0.56432194,0.6,0.0,0.49968064,0.43464726,-0.0125408415,42.182785,12.932772,0.0
9.685,0.56432194,0.6,0.0,0.5068858,0.44017485,-0.015522696,43.22617,12.4596815,0.0
9.69,0.56432194,0.6,0.0,0.5098,0.44716248,-0.005984259,43.244568,12.960915,0.0
9.695,0.56432194,0.6,0.0,0.5050983,0.45806885,-0.0095725125,42.175407,14.476411,0.0
9.700000000000001,0.57761467,0.6,0.0,0.50789386,0.4662911,-0.010809631,41.464523,15.393492,0.0
9.705,0.57761467,0.6,0.0,0.5085164,0.47435495,-0.00024691608,40.454918,16.455122,0.0
9.71,0.57761467,0.6,0.0,0.5058634,0.48426446,-0.007572154,38.833458,17.99268,0.0
9.715,0.57761467,0.6,0.0,0.5113922,0.4917997,-0.0074574715,37.89952,18.57439,0.0
9.72,0.58442044,0.6,0.0,0.51526916,0.49802637,-0.002926489,36.901203,19.052292,0.0
9.725,0.58442044,0.6,0.0,0.51729274,0.5054767,-0.0030898477,35.46145,19.831259,0.0
9.73,0.58442044,0.6,0.0,0.5203156,0.511079,-0.010082697,33.869446,20.585775,0.0
9.735,0.58442044,0.6,0.0,0.5131897,0.5159999,-0.009487535,32.321873,21.100191,0.0
9.74,0.58632326,0.6,0.0,0.51828766,0.52140605,-0.009855666,31.882156,20.224274,0.0
9.745000000000001,0.58632326,0.6,0.0,0.5191736,0.5258342,-0.0048269066,31.593622,19.03736,0.0
9.75,0.58632326,0.6,0.0,0.5271759,0.5296088,-0.010056596,30.922789,18.116497,0.0
9.755,0.58632326,0.6,0.0,0.5258372,0.53391707,-0.0009659506,30.121407,17.176174,0.0
9.76,0.5847926,0.5946902,0.0,0.5192491,0.5371785,-0.0052960585,30.333271,14.962232,0.0
9.765,0.5847926,0.5946902,0.0,0.52235055,0.54044175,-0.011470667,31.526768,11.539118,0.0
9.77,0.5847926,0.5946902,0.0,0.51760453,0.54336137,-0.0053432444,32.122906,8.664588,0.0
9.775,0.5847926,0.5946902,0.0,0.5104215,0.54605204,-0.014256609,32.77505,5.5911527,0.0
9.78,0.5775985,0.56462765,0.0,0.50686795,0.5479744,-0.00782802,33.787888,1.9866633,0.0
9.785,0.5775985,0.56462765,0.0,0.5187567,0.55035585,0.0024993513,34.51545,4.5881805e-09,0.0
9.790000000000001,0.5775985,0.56462765,0.0,0.51468235,0.5523785,-0.006895517,34.112396,0.7167528,0.0
9.795,0.5775985,0.56462765,0.0,0.5168751,0.5542159,-0.010459318,33.87893,0.998038,0.0
9.8,0.56788766,0.5244341,0.0,0.5131494,0.5556362,-0.021551562,33.242863,1.5002549,0.0
9.805,0.56788766,0.5244341,0.0,0.5103516,0.5566469,-0.019062033,32.920753,1.4123363,0.0
9.81,0.56788766,0.5244341,0.0,0.5083163,0.55816424,-0.020016214,33.25888,0.36949417,0.0
9.815,0.56788766,0.5244341,0.0,0.51570404,0.5593682,-0.01972001,33.702946,3.308582e-08,0.0
9.82,0.55450827,0.4821717,0.0,0.517572,0.5603708,-0.017559849,33.343315,0.7395137,0.0
9.825000000000001,0.55450827,0.4821717,0.0,0.51924413,0.56102157,-0.024835605,32.164654,2.1436784,0.0
9.83,0.55450827,0.4821717,0.0,0.52866644,0.5616649,-0.011299897,30.645086,3.662384,0.0
9.835,0.55450827,0.4821717,0.0,0.53278464,0.5616578,-0.010135568,29.148506,4.88802,0.0
9.84,0.5373525,0.44314873,0.0,0.5349541,0.5621116,-0.0167437,27.880672,5.60079,0.0
9.845,0.5373525,0.44314873,0.0,0.5351918,0.5609806,-0.024477297,26.910538,5.7381005,0.0
9.85,0.5373525,0.44314873,0.0,0.5372987,0.5591545,-0.0042228564,25.15461,6.51612,0.0
9.855,0.5373525,0.44314873,0.0,0.5217083,0.5583207,0.005602088,22.646002,7.8700886,0.0
9.86,0.51902103,0.4137949,0.0,0.51433736,0.5574687,0.010856604,20.947727,8.052644,0.0
9.865,0.51902103,0.4137949,0.0,0.51341134,0.5560631,-0.0044000666,20.34534,6.786589,0.0
9.870000000000001,0.51902103,0.4137949,0.0,0.518675,0.5557809,-0.0074973525,20.443415,4.5440607,0.0
9.875,0.51902103,0.4137949,0.0,0.52789533,0.55509,0.00015995471,19.979778,2.7479591,0.0
9.88,0.50103176,0.398551,0.0,0.5258037,0.5535467,0.0006133154,18.838308,1.5073012,0.0
9.885,0.50103176,0.398551,0.0,0.5206323,0.553335,-0.015268424,18.3397,-1.7169313e-08,0.0
9.89,0.50103176,0.398551,0.0,0.5199464,0.5527889,-0.018365195,18.458925,3.3221593e-08,0.0
9.895,0.50103176,0.398551,0.0,0.52451223,0.54953575,-0.018469142,19.183279,1.0138922e-07,0.0
9.9,0.48613167,0.39666763,0.0,0.52386755,0.53899574,-0.0166067,19.347387,0.60198104,0.0
9.905,0.48613167,0.39666763,0.0,0.5242976,0.5302322,-0.013076623,19.806265,0.6073732,0.0
9.91,0.48613167,0.39666763,0.0,0.51983935,0.5203899,-0.015471478,19.947683,0.7221276,0.0
9.915000000000001,0.48613167,0.39666763,0.0,0.5228122,0.50603473,-0.014211451,20.461416,0.16819537,0.0
9.92,0.47767434,0.40815905,0.0,0.5239837,0.49190277,-0.010580094,20.651054,0.18910639,0.0
9.925,0.47767434,0.40815905,0.0,0.52095723,0.4815946,-0.013124048,20.363836,0.6105468,0.0
9.93,0.47767434,0.40815905,0.0,0.5191864,0.4682845,-0.003393949,20.917324,1.2577055e-08,0.0
9.935,0.47767434,0.40815905,0.0,0.51108056,0.45754617,-3.600817e-05,22.205753,8.857614e-08,0.0
9.94,0.47686478,0.43192208,0.0,0.52346563,0.45000464,-0.0011416875,23.98621,9.623048e-08,0.0
9.945,0.47686478,0.43192208,0.0,0.5236841,0.44128683,-0.0024295528,25.107338,0.59951985,0.0
9.950000000000001,0.47686478,0.43192208,0.0,0.5188916,0.43464106,-2.0662005e-06,25.358696,1.9076492,0.0
9.955,0.47686478,0.43192208,0.0,0.51472306,0.42993504,0.0018725762,26.122791,2.3687057,0.0
9.96,0.48338875,0.46507052,0.0,0.5134958,0.42553952,0.002404391,27.59743,1.791521,0.0
9.965,0.48338875,0.46507052,0.0,0.52199924,0.421791,-0.0069149565,29.34257,0.69207114,0.0
9.97,0.48338875,0.46507052,0.0,0.5137745,0.41899237,0.00054720853,30.146807,0.43608615,0.0
9.975,0.48338875,0.46507052,0.0,0.5245537,0.41720775,0.0028836022,30.839836,0.073433846,0.0
9.98,0.49662805,0.5041913,0.0,0.52451324,0.4166364,0.00055639003,30.915436,0.3353442,0.0
9.985,0.49662805,0.5041913,0.0,0.5189306,0.4164722,-0.004204208,31.220438,0.14723688,0.0
9.99,0.49662805,0.5041913,0.0,0.52584183,0.4169303,0.0028352018,31.93949,3.2884756e-08,0.0
9.995000000000001,0.49662805,0.5041913,0.0,0.5200466,0.41780907,-0.0015805978,32.73033,1.5704959e-08,0.0
10.0,0.51464397,0.54476446,0.0,0.51797104,0.41822696,-0.0030391652,34.24849,1.5498348e-07,0.0
10.005,0.51464397,0.54476446,0.0,0.52991855,0.4192122,-0.00027246363,36.50806,1.5290715e-07,0.0
10.01,0.51464397,0.54476446,0.0,0.52395684,0.4201368,-0.0055719176,38.20129,0.551082,0.0
10.015,0.51464397,0.54476446,0.0,0.5211266,0.42077985,-0.01098976,39.940228,0.81419307,0.0
10.02,0.5341832,0.5814679,0.0,0.5142204,0.4214182,-0.013800263,41.991882,0.50889957,0.0
10.025,0.5341832,0.5814679,0.0,0.51750845,0.42301065,-0.022485979,43.965584,0.08872551,0.0
10.03,0.5341832,0.5814679,0.0,0.51100135,0.4233653,-0.0079039605,44.68941,0.86970776,0.0
10.035,0.5341832,0.5814679,0.0,0.5072949,0.42391673,-0.013756708,45.09098,1.7864602,0.0
10.040000000000001,0.5523341,0.6,0.0,0.5080433,0.42527062,-0.010783868,45.700954,2.2540617,0.0
10.045,0.5523341,0.6,0.0,0.4999354,0.42587546,-0.0146162715,45.367165,3.5703936,0.0
10.05,0.5523341,0.6,0.0,0.5047839,0.42702872,-0.010250968,44.96165,4.740215,0.0
10.055,0.5523341,0.6,0.0,0.5075228,0.43087274,-0.0021316682,44.052914,6.2549863,0.0
10.06,0.56819093,0.6,0.0,0.51415753,0.4395156,-0.0005836255,42.471256,8.288658,0.0
10.065,0.56819093,0.6,0.0,0.5087699,0.44742674,0.0013714219,40.63916,10.359783,0.0
10.07,0.56819093,0.6,0.0,0.5076068,0.45449552,-0.007770786,39.745903,11.156775,0.0
10.075000000000001,0.56819093,0.6,0.0,0.5007261,0.46481434,-0.0055696582,39.877827,10.626484,0.0
10.08,0.5798233,0.6,0.0,0.49756804,0.47436073,-0.006444499,40.46106,9.433572,0.0
10.085,0.5798233,0.6,0.0,0.5044355,0.48163065,-0.006984426,41.12463,8.000825,0.0
10.09,0.5798233,0.6,0.0,0.5014056,0.49002677,-0.0053030797,40.766247,7.5516906,0.0
10.095,0.5798233,0.6,0.0,0.4998781,0.49809527,-0.011672436,40.288464,7.053862,0.0
10.1,0.5852316,0.6,0.0,0.5014161,0.50348246,-0.0034006874,40.174988,5.9769588,0.0
10.105,0.5852316,0.6,0.0,0.500064,0.50997627,-0.008529378,39.262856,5.6219735,0.0
10.11,0.5852316,0.6,0.0,0.50288993,0.5165524,-0.015542411,38.41704,5.000231,0.0
10.115,0.5852316,0.6,0.0,0.5092211,0.52041286,-0.011081061,37.148384,4.665431,0.0
10.120000000000001,0.5864364,0.6,0.0,0.5045493,0.5253644,-0.020389102,35.284092,4.790588,0.0
10.125,0.5864364,0.6,0.0,0.5087491,0.52968127,-0.002094934,34.188175,3.844846,0.0
10.13,0.5864364,0.6,0.0,0.51128954,0.5331587,-0.001904777,33.119583,2.6833675,0.0
10.135,0.5864364,0.6,0.0,0.5140813,0.53674823,-0.008461937,31.696714,1.7244506,0.0
10.14,0.58327717,0.5883235,0.0,0.50260335,0.5398179,-0.0028856827,30.21653,0.6279567,0.0
10.145,0.58327717,0.5883235,0.0,0.50405854,0.5422797,-0.0022535806,29.446686,1.263589e-08,0.0
10.15,0.58327717,0.5883235,0.0,0.49588978,0.5447386,-0.00121063,28.777386,0.121719286,0.0
10.155,0.58327717,0.5883235,0.0,0.49854723,0.54742646,-0.0057539726,28.706457,1.6279397e-08,0.0
10.16,0.5754641,0.55518883,0.0,0.49612308,0.54954505,-0.007567234,28.52882,0.3028514,0.0
10.165000000000001,0.5754641,0.55518883,0.0,0.5035225,0.5517377,-0.0038335328,28.827986,4.297173e-08,0.0
10.17,0.5754641,0.55518883,0.0,0.5058996,0.5539458,-0.0029105877,28.834503,0.37522075,0.0
10.175,0.5754641,0.55518883,0.0,0.5083814,0.5556526,-0.008124017,28.321035,1.0837493,0.0
10.18,0.56494236,0.51396763,0.0,0.51775753,0.55719197,-0.007779807,27.569233,1.8036081,0.0
10.185,0.56494236,0.51396763,0.0,0.51067376,0.55819184,0.000587385,26.812431,2.274971,0.0
10.19,0.56494236,0.51396763,0.0,0.50575274,0.559451,-0.008727163,27.107422,1.3275787,0.0
10.195,0.56494236,0.51396763,0.0,0.513556,0.56011605,-0.008153588,28.227406,4.465181e-08,0.0
10.200000000000001,0.5504536,0.47194687,0.0,0.51014453,0.5597839,-0.005875973,28.698425,0.4532684,0.0
10.205,0.5504536,0.47194687,0.0,0.515652,0.5595959,-0.0032727474,28.38747,1.5289665,0.0
10.21,0.5504536,0.47194687,0.0,0.51927024,0.5591503,0.0009531045,26.645432,3.934365,0.0
10.215,0.5504536,0.47194687,0.0,0.51575106,0.5586132,-0.0055157994,23.827013,7.2298503,0.0
10.22,0.53284925,0.43476537,0.0,0.51801056,0.5581419,-0.004618958,21.711742,9.417998,0.0
10.225,0.53284925,0.43476537,0.0,0.5128388,0.5574839,-0.0033130117,19.770123,11.124801,0.0
10.23,0.53284925,0.43476537,0.0,0.51034534,0.55593634,0.0018210949,18.671783,11.620865,0.0
10.235,0.53284925,0.43476537,0.0,0.52290577,0.55594814,0.00021843679,18.677055,10.659833,0.0
10.24,0.5143877,0.40876067,0.0,0.5239238,0.55554026,-0.003085676,18.415016,9.788969,0.0
10.245000000000001,0.5143877,0.40876067,0.0,0.52638316,0.5538238,-0.008549779,17.59508,9.318949,0.0
10.25,0.5143877,0.40876067,0.0,0.5260762,0.5527064,-0.008269375,16.588463,8.82823,0.0
10.255,0.5143877,0.40876067,0.0,0.5258822,0.552346,-0.0028461448,16.64679,6.9322376,0.0
10.26,0.4968416,0.39678657,0.0,0.52997136,0.55131096,-0.012366732,17.82462,3.6084847,0.0
10.265,0.4968416,0.39678657,0.0,0.52798516,0.54872507,-0.008643876,18.513048,0.6747411,0.0
10.27,0.4968416,0.39678657,0.0,0.5252701,0.54617244,-0.006144928,18.92319,2.478631e-08,0.0
10.275,0.4968416,0.39678657,0.0,0.52996516,0.54265535,-0.0015735725,19.80622,6.292281e-08,0.0
10.28,0.48333713,0.39823642,0.0,0.5337686,0.52977496,0.006014345,20.102108,0.61932063,0.0
10.285,0.48333713,0.39823642,0.0,0.5317154,0.51573074,-0.0025708089,19.68266,1.7692143,0.0
10.290000000000001,0.48333713,0.39823642,0.0,0.5344147,0.50476176,0.00025531155,20.056412,1.756484,0.0
10.295,0.48333713,0.39823642,0.0,0.5344287,0.49184754,0.004610238,20.446312,1.4845152,0.0
10.3,0.47676727,0.4129972,0.0,0.53144336,0.4777119,-0.00030621365,20.42583,1.4295158,0.0
10.305,0.47676727,0.4129972,0.0,0.5249636,0.46759313,0.00078057975,21.307587,0.12326408,0.0
10.31,0.47676727,0.4129972,0.0,0.5286675,0.4573686,-0.0012372342,22.7559,7.3246106e-08,0.0
10.315,0.47676727,0.4129972,0.0,0.53027236,0.44726455,0.0032724075,23.792395,0.44657645,0.0
10.32,0.47780252,0.43943456,0.0,0.527414,0.4405773,-0.005983016,24.138718,1.4043052,0.0
10.325000000000001,0.47780252,0.43943456,0.0,0.52513856,0.43455184,0.0010378722,25.123865,1.3810494,0.0
10.33,0.47780252,0.43943456,0.0,0.5255262,0.42900634,-0.010286795,26.89806,0.24066141,0.0
10.335,0.47780252,0.43943456,0.0,0.52937925,0.4249831,-0.009097609,27.85678,0.32811388,0.0
10.34,0.48613918,0.47443673,0.0,0.5293739,0.42216375,-0.0013939523,27.895704,1.3561411,0.0
10.345,0.48613918,0.47443673,0.0,0.53147626,0.42062855,-0.0018683248,27.462593,2.6459472,0.0
10.35,0.48613918,0.47443673,0.0,0.5194838,0.4196453,-0.006069894,26.83115,3.8877192,0.0
10.355,0.48613918,0.47443673,0.0,0.5220374,0.41927534,-0.009581065,27.106277,3.8558216,0.0
10.36,0.5008025,0.51443714,0.0,0.51860446,0.4194507,-0.011292952,27.347874,3.6349778,0.0
10.365,0.5008025,0.51443714,0.0,0.53263956,0.41999003,-0.008992594,28.868702,1.7622602,0.0
10.370000000000001,0.5008025,0.51443714,0.0,0.5392721,0.42070943,0.0006144644,30.76372,1.0800088e-07,0.0
10.375,0.5008025,0.51443714,0.0,0.52300215,0.42188695,-0.008181648,32.18465,1.4612365e-07,0.0
10.38,0.51950735,0.5545183,0.0,0.5115295,0.42220995,-0.021984799,34.1881,1.5605073e-07,0.0
10.385,0.51950735,0.5545183,0.0,0.5224743,0.42253748,-0.017757654,36.715187,2.0208942e-07,0.0
10.39,0.51950735,0.5545183,0.0,0.5158592,0.42347836,-0.01226998,38.46789,0.6814078,0.0
10.395,0.51950735,0.5545183,0.0,0.5294175,0.4242521,-0.0072276583,40.111076,1.2450947,0.0
10.4,0.53892875,0.5894673,0.0,0.5220854,0.42447674,-0.0029199882,41.070805,2.345517,0.0
10.405,0.53892875,0.5894673,0.0,0.5247305,0.42576766,-0.007430777,42.060806,3.1747854,0.0
10.41,0.53892875,0.5894673,0.0,0.5216016,0.42700478,-0.012443778,42.44222,4.461672,0.0
10.415000000000001,0.53892875,0.5894673,0.0,0.51654774,0.42725208,-0.01596566,42.93201,5.396796,0.0
10.42,0.55645734,0.6,0.0,0.5111617,0.42832923,-0.013165877,43.88004,5.610819,0.0
10.425,0.55645734,0.6,0.0,0.51711595,0.4313497,-0.00461076,44.938194,5.511153,0.0
10.43,0.55645734,0.6,0.0,0.5080718,0.43442872,-0.009477565,44.95647,6.384995,0.0
10.435,0.55645734,0.6,0.0,0.50436056,0.43804595,-0.016201451,44.814533,7.2293124,0.0
10.44,0.57173234,0.6,0.0,0.5054357,0.44620082,-0.020716894,44.996418,7.517009,0.0
10.445,0.57173234,0.6,0.0,0.5149296,0.45623615,-0.012525429,44.307,8.587019,0.0
10.450000000000001,0.57173234,0.6,0.0,0.5154004,0.4630298,-0.006547969,42.67964,10.486098,0.0
10.455,0.57173234,0.6,0.0,0.52073056,0.47227454,-0.012347555,40.631645,12.619668,0.0
10.46,0.58171797,0.6,0.0,0.52161527,0.48147592,-0.008353392,38.49655,14.613365,0.0
10.465,0.58171797,0.6,0.0,0.5139048,0.48856494,-0.012311108,36.45355,16.274342,0.0
10.47,0.58171797,0.6,0.0,0.52145755,0.4955837,-0.011656174,35.547,16.469896,0.0
10.475,0.58171797,0.6,0.0,0.51625955,0.5034367,-0.009355519,34.83886,16.27173,0.0
10.48,0.58578223,0.6,0.0,0.5094792,0.5088898,-0.005058055,34.759594,15.209543,0.0
10.485,0.58578223,0.6,0.0,0.51582044,0.5147006,-0.005105284,35.42494,13.180564,0.0
10.49,0.58578223,0.6,0.0,0.5192708,0.5207057,-0.0032166217,35.434155,11.74196,0.0
10.495000000000001,0.58578223,0.6,0.0,0.5323139,0.52506626,-0.00027704172,34.57045,11.10807,0.0
10.5,0.5862674,0.6,0.0,0.5134561,0.5282281,-0.0056177094,33.332523,10.7053385,0.0
10.505,0.5862674,0.6,0.0,0.52170396,0.5329442,-0.004479616,32.901142,9.222152,0.0
10.51,0.5862674,0.6,0.0,0.516127,0.53625214,-0.007122634,32.436142,7.6159096,0.0
10.515,0.5862674,0.6,0.0,0.5170533,0.53913707,-0.0014477863,32.47788,5.2786565,0.0
10.52,0.5862674,0.6,0.0,0.5135317,0.54219836,-0.00276977,32.26339,3.0771582,0.0
10.525,0.5862674,0.6,0.0,0.51951665,0.5450029,-0.0049141613,32.39018,0.33007106,0.0
10.53,0.5862674,0.6,0.0,0.5237112,0.5472177,-0.0033234318,31.804186,0.19519238,0.0
10.535,0.5862674,0.6,0.0,0.513634,0.5498472,0.002082918,30.76706,0.58874834,0.0
10.540000000000001,0.5668167,0.58,0.012000007,0.5227838,0.5525571,-0.004279832,30.515675,-9.0614286e-08,0.0
10.545,0.5668167,0.58,0.012000007,0.5334468,0.5542738,-0.00840661,30.113653,0.25899985,0.0
10.55,0.5668167,0.58,0.012000007,0.5254137,0.5562992,-0.004076893,29.423197,0.5990634,0.0
10.555,0.5668167,0.58,0.012000007,0.52902454,0.55810076,-0.0009130429,29.57037,3.698009e-08,0.0
10.56,0.547366,0.56,0.023999996,0.52835023,0.5592553,-0.005185256,29.547792,0.27936003,0.0
10.565,0.547366,0.56,0.023999996,0.51147896,0.56023604,-0.0031842804,30.052847,3.3919314e-08,0.0
10.57,0.547366,0.56,0.023999996,0.5122322,0.5615464,-0.009623293,31.039703,8.659521e-08,0.0
10.575000000000001,0.547366,0.56,0.023999996,0.5148075,0.56258357,-0.015247711,31.310255,0.72415566,0.0
10.58,0.5279153,0.54,0.036000002,0.5074112,0.56344515,-0.011626905,30.682222,2.1976523,0.0
10.585,0.5279153,0.54,0.036000002,0.5021495,0.5638533,-0.0109478505,30.541128,2.8593438,0.0
10.59,0.5279153,0.54,0.036000002,0.50204283,0.56457216,-0.006079685,31.113262,2.4859369,0.0
10.595,0.5279153,0.54,0.036000002,0.5084265,0.56502646,-0.012375839,32.01132,1.5343547,0.0
10.6,0.50846463,0.52,0.047999993,0.51318336,0.56495273,-0.013264182,32.056034,1.3334036,0.0
10.605,0.50846463,0.52,0.047999993,0.5139206,0.56458175,-0.005097916,30.077997,3.1612358,0.0
10.61,0.50846463,0.52,0.047999993,0.51507914,0.56395286,-0.007297741,26.63112,6.3342485,0.0
10.615,0.50846463,0.52,0.047999993,0.52038085,0.56389445,-0.009644206,22.736706,9.674183,0.0
10.620000000000001,0.48901394,0.5,0.06,0.5095599,0.5633421,-0.006331517,19.08768,12.408253,0.0
10.625,0.48901394,0.5,0.06,0.5229443,0.56288534,-0.008572326,16.996504,13.114379,0.0
10.63,0.48901394,0.5,0.06,0.5162448,0.5617389,-0.012550973,15.658191,12.745398,0.0
10.635,0.48901394,0.5,0.06,0.51904786,0.5616192,-0.00670283,15.476615,10.877845,0.0
10.64,0.46956322,0.48,0.072000004,0.5232265,0.5611569,-0.013445998,15.493561,8.609431,0.0
10.645,0.46956322,0.48,0.072000004,0.51956755,0.55977476,-0.0014537844,15.17635,6.5280538,0.0
10.65,0.46956322,0.48,0.072000004,0.51283205,0.5598023,0.0003905632,15.712299,3.3103142,0.0
10.655,0.46956322,0.48,0.072000004,0.5232861,0.5596325,0.0021906325,17.77529,8.290182e-08,0.0
10.66,0.45011252,0.46,0.08399999,0.5158273,0.5581444,0.010366512,18.817345,0.8383048,0.0
10.665000000000001,0.45011252,0.46,0.08399999,0.5177092,0.55821466,0.013330399,19.65006,1.6330888,0.0
10.67,0.45011252,0.46,0.08399999,0.51594365,0.55809706,0.02218416,20.801874,1.8040285,0.0
10.675,0.45011252,0.46,0.08399999,0.5140144,0.55656767,0.02206785,21.941652,1.7375324,0.0
10.68,0.43066183,0.44,0.096,0.517056,0.55605227,0.042917676,22.875526,1.6565713,0.0
10.685,0.43066183,0.44,0.096,0.50861406,0.5555228,0.03691836,22.5885,2.6945288,0.0
10.69,0.43066183,0.44,0.096,0.5116005,0.554171,0.03993778,22.085445,3.6989233,0.0
10.695,0.43066183,0.44,0.096,0.5145921,0.55052525,0.0452227,21.017776,5.0653043,0.0
10.700000000000001,0.41121113,0.42,0.10800001,0.5184528,0.54700917,0.050723962,19.329384,6.8398433,0.0
10.705,0.41121113,0.42,0.10800001,0.5126688,0.5421946,0.05710615,17.564156,8.408579,0.0
10.71,0.41121113,0.42,0.10800001,0.51032925,0.5305438,0.06282837,16.999126,8.366345,0.0
10.715,0.41121113,0.42,0.10800001,0.5151229,0.5189607,0.07180936,17.751959,6.632127,0.0
10.72,0.39176044,0.4,0.12,0.5151184,0.5101732,0.085313946,18.32051,4.9098225,0.0
10.725,0.39176044,0.4,0.12,0.5084086,0.49869102,0.08335354,18.329752,3.6085463,0.0
10.73,0.39176044,0.4,0.12,0.5117234,0.48718727,0.08422711,19.053642,1.3002443,0.0
10.735,0.39176044,0.4,0.12,0.50365514,0.47926652,0.085607626,19.511713,0.0036308432,0.0
10.74,0.37230974,0.38000003,0.13199998,0.49713126,0.4705763,0.08785412,20.182781,6.0360065e-08,0.0
10.745000000000001,0.37230974,0.38000003,0.13199998,0.49627954,0.4619824,0.08836436,21.519314,7.641872e-08,0.0
10.75,0.37230974,0.38000003,0.13199998,0.4808046,0.45559397,0.09042002,23.204689,1.4027015e-07,0.0
10.755,0.37230974,0.38000003,0.13199998,0.45591858,0.4489898,0.0843826,24.910784,2.0620575e-08,0.0
10.76,0.35285905,0.36,0.144,0.45086813,0.44124955,0.09759033,26.300655,0.06959074,0.0
10.765,0.35285905,0.36,0.144,0.4333049,0.43605062,0.101990305,27.28328,0.33826277,0.0
10.77,0.35285905,0.36,0.144,0.4271319,0.4304162,0.1104526,27.827618,0.8488821,0.0
10.775,0.35285905,0.36,0.144,0.42195526,0.42382774,0.11351373,28.003101,1.5196427,0.0
10.78,0.33340836,0.34,0.156,0.41753948,0.4191254,0.11548609,27.947691,2.1945426,0.0
10.785,0.33340836,0.34,0.156,0.40376598,0.41369623,0.12579572,27.76433,2.7603707,0.0
10.790000000000001,0.33340836,0.34,0.156,0.39561498,0.40761092,0.12574701,27.455463,3.2183475,0.0
10.795,0.33340836,0.34,0.156,0.3896111,0.40253466,0.122383446,27.048555,3.5409927,0.0
10.8,0.31395766,0.32,0.16799998,0.38526276,0.39880928,0.124577254,26.60005,3.6692123,0.0
10.805,0.31395766,0.32,0.16799998,0.38189137,0.39263636,0.12165324,26.155273,3.5574677,0.0
10.81,0.31395766,0.32,0.16799998,0.37379074,0.3874408,0.1246931,25.765598,3.1542902,0.0
10.815,0.31395766,0.32,0.16799998,0.366119,0.38325554,0.12620544,25.423233,2.4750197,0.0
10.82,0.29450697,0.3,0.18,0.37122154,0.37845126,0.13643558,25.09411,1.5631987,0.0
10.825000000000001,0.29450697,0.3,0.18,0.36794296,0.37382358,0.1432621,24.122967,1.1534485,0.0
10.83,0.29450697,0.3,0.18,0.3565751,0.37016132,0.14126872,23.29613,0.3498921,0.0
10.835,0.29450697,0.3,0.18,0.35965705,0.3654788,0.14117253,22.732346,-6.2754513e-09,0.0
10.84,0.27505627,0.28,0.192,0.35357055,0.36084095,0.14652632,21.811823,0.33221522,0.0
10.845,0.27505627,0.28,0.192,0.34969696,0.3574618,0.15065339,21.245268,0.013458953,0.0
10.85,0.27505627,0.28,0.192,0.34739825,0.35317862,0.15527838,21.081003,5.838233e-09,0.0
10.855,0.27505627,0.28,0.192,0.34263957,0.34803256,0.15791853,21.255207,3.1444818e-09,0.0
10.86,0.25560558,0.26,0.204,0.33304965,0.34379905,0.16117151,21.639263,2.4150834e-08,0.0
10.865,0.25560558,0.26,0.204,0.3255357,0.3395713,0.16508579,22.085777,2.3888918e-08,0.0
10.870000000000001,0.25560558,0.26,0.204,0.32569662,0.33462456,0.16744588,22.486897,3.2366597e-08,0.0
10.875,0.25560558,0.26,0.204,0.3212108,0.3302813,0.17016098,22.213032,0.54903895,0.0
10.88,0.23615487,0.24,0.216,0.32277954,0.32667965,0.17343207,21.926836,0.8496792,0.0
10.885,0.23615487,0.24,0.216,0.32022512,0.3213725,0.1760481,21.366865,1.2048577,0.0
10.89,0.23615487,0.24,0.216,0.31524906,0.31692746,0.17837133,21.071873,1.0085052,0.0
10.895,0.23615487,0.24,0.216,0.31595442,0.31350073,0.18174542,21.274097,0.020135464,0.0
10.9,0.21670417,0.22,0.228,0.31114286,0.30875438,0.18462692,20.977623,0.1565514,0.0
10.905,0.21670417,0.22,0.228,0.30816293,0.30419168,0.18701655,20.871635,3.930877e-09,0.0
10.91,0.21670417,0.22,0.228,0.3082552,0.30108795,0.19039351,21.093342,2.3902768e-08,0.0
10.915000000000001,0.21670417,0.22,0.228,0.3002234,0.29683682,0.19369458,20.999826,0.29557613,0.0
10.92,0.19725348,0.2,0.24,0.29340073,0.29292083,0.19581024,21.05537,0.16863397,0.0
10.925,0.19725348,0.2,0.24,0.2809537,0.28942642,0.19956522,21.346703,2.1160092e-08,0.0
10.93,0.19725348,0.2,0.24,0.27274877,0.28550437,0.20338953,21.668818,3.0356446e-08,0.0
10.935,0.19725348,0.2,0.24,0.2633399,0.28055042,0.20613627,21.937634,2.734916e-08,0.0
10.94,0.17780279,0.18,0.252,0.26741174,0.27694464,0.20908172,22.092993,8.678681e-09,0.0
10.945,0.17780279,0.18,0.252,0.27087763,0.27304885,0.21246609,21.671719,0.43381009,0.0
10.950000000000001,0.17780279,0.18,0.252,0.2689609,0.26821,0.21471229,20.773603,1.1403245,0.0
10.955,0.17780279,0.18,0.252,0.26123235,0.26404303,0.2173845,20.27765,1.1328647,0.0
10.96,0.15835208,0.16,0.264,0.25540826,0.25975513,0.22116917,20.296482,0.3081853,0.0
10.965,0.15835208,0.16,0.264,0.25411585,0.25497392,0.22356868,20.392435,8.388602e-09,0.0
10.97,0.15835208,0.16,0.264,0.24315731,0.250587,0.2259619,20.586788,1.2038816e-08,0.0
10.975,0.15835208,0.16,0.264,0.24116613,0.24739937,0.22913375,20.820824,1.2137263e-08,0.0
10.98,0.1389014,0.14,0.276,0.24098629,0.2428333,0.23194715,21.03418,1.5362517e-08,0.0
10.985,0.1389014,0.14,0.276,0.23232086,0.23878379,0.23412472,21.23757,1.0338412e-08,0.0
10.99,0.1389014,0.14,0.276,0.23595363,0.23564357,0.2378439,21.38572,1.2768418e-08,0.0
10.995000000000001,0.1389014,0.14,0.276,0.22057979,0.23109703,0.24167624,21.047161,0.35051158,0.0
11.0,0.119450696,0.12,0.288,0.22275902,0.22689535,0.24412668,20.627909,0.53352386,0.0
11.005,0.119450696,0.12,0.288,0.21880172,0.22385155,0.24786578,19.952406,0.7520587,0.0
11.01,0.119450696,0.12,0.288,0.20850386,0.21982561,0.2516799,19.418938,0.5579863,0.0
11.015,0.119450696,0.12,0.288,0.20795807,0.21510905,0.25470898,19.305866,-4.662642e-09,0.0
11.02,0.1,0.1,0.3,0.20217745,0.21143463,0.2578441,19.406586,7.168698e-09,0.0
11.025,0.1,0.1,0.3,0.21086861,0.20817545,0.26115704,19.67651,2.4915966e-08,0.0
11.03,0.1,0.1,0.3,0.21129659,0.20312886,0.26355466,19.696705,0.145426,0.0
11.035,0.1,0.1,0.3,0.20243263,0.1991014,0.2665268,19.416914,0.37256062,0.0
11.040000000000001,0.1,0.1,0.3,0.18550462,0.19573858,0.26963332,19.355839,0.07648385,0.0
11.045,0.1,0.1,0.3,0.19272798,0.19119075,0.27197978,19.334911,-8.347259e-10,0.0
11.05,0.1,0.1,0.3,0.18653391,0.18724151,0.27435338,19.02733,-2.7123175e-08,0.0
11.055,0.1,0.1,0.3,0.17306328,0.1838414,0.27790314,18.70578,-3.4515693e-09,0.0
11.06,0.1,0.1,0.3,0.17703462,0.17934784,0.28065327,18.439995,1.0306421e-09,0.0
11.065,0.1,0.1,0.3,0.17244937,0.17539264,0.2830856,17.89214,-5.289882e-08,0.0
11.07,0.1,0.1,0.3,0.1752399,0.17302549,0.2852014,17.32689,-1.1741537e-08,0.0
11.075000000000001,0.1,0.1,0.3,0.17347142,0.16933827,0.2873403,16.638638,4.5128425e-09,0.0
11.08,0.1,0.1,0.3,0.1655615,0.1654839,0.2894536,16.06386,-4.5613255e-09,0.0
11.085,0.1,0.1,0.3,0.17055795,0.16272116,0.29174,15.693139,-1.023055e-09,0.0
11.09,0.1,0.1,0.3,0.15903136,0.1594899,0.2937695,15.185299,1.2023874e-08,0.0
11.095,0.1,0.1,0.3,0.15800856,0.15663959,0.2949703,14.70431,4.5320423e-09,0.0
11.1,0.1,0.1,0.3,0.16621229,0.1546326,0.29629672,14.37939,-1.5011508e-08,0.0
11.105,0.1,0.1,0.3,0.15615055,0.15215863,0.29785872,13.942459,-2.1734937e-08,0.0
11.11,0.1,0.1,0.3,0.1500348,0.14912583,0.29921845,13.566556,-8.257318e-09,0.0
11.115,0.1,0.1,0.3,0.13683377,0.14731072,0.30001765,13.328081,5.5034732e-09,0.0
11.120000000000001,0.1,0.1,0.3,0.13868284,0.14551981,0.30042863,13.082254,-6.113429e-09,0.0
11.125,0.1,0.1,0.3,0.13341302,0.14332172,0.30069506,12.561845,-1.1291374e-08,0.0
11.13,0.1,0.1,0.3,0.12690176,0.1418757,0.30048552,11.998909,2.2819266e-08,0.0
11.135,0.1,0.1,0.3,0.13209791,0.13989204,0.3006898,11.519411,1.2981444e-08,0.0
11.14,0.1,0.1,0.3,0.13314377,0.13835122,0.30024785,10.903215,-2.0849994e-08,0.0
11.145,0.1,0.1,0.3,0.14201683,0.13643858,0.30017924,10.14817,7.519982e-09,0.0
11.15,0.1,0.1,0.3,0.13039576,0.13471827,0.30001888,9.419732,7.193112e-09,0.0
11.155,0.1,0.1,0.3,0.12825914,0.13326798,0.29981703,8.979389,-3.363997e-08,0.0
11.16,0.1,0.1,0.3,0.13125184,0.13130024,0.29971057,8.848463,-9.961847e-09,0.0
11.165000000000001,0.1,0.1,0.3,0.1301778,0.1300367,0.2996193,8.704513,6.2833976e-08,0.0
11.17,0.1,0.1,0.3,0.12894526,0.12815818,0.29950526,8.688558,2.383564e-08,0.0
11.175,0.1,0.1,0.3,0.12210945,0.12635697,0.29934195,8.871209,-3.0227145e-08,0.0
11.18,0.1,0.1,0.3,0.12545168,0.1250895,0.2990597,9.114802,2.911639e-08,0.0
11.185,0.1,0.1,0.3,0.12049256,0.12272389,0.2991788,9.137854,-1.0430411e-08,0.0
11.19,0.1,0.1,0.3,0.12173599,0.1212438,0.29916373,9.107907,-1.1479386e-08,0.0
11.195,0.1,0.1,0.3,0.11551878,0.12079611,0.2987966,8.926615,3.0620466e-08,0.0
11.200000000000001,0.1,0.1,0.3,0.11932908,0.11831056,0.29907766,8.735697,-2.473838e-08,0.0
11.205,0.1,0.1,0.3,0.10846818,0.11841015,0.29893178,8.455749,-1.0447241e-08,0.0
11.21,0.1,0.1,0.3,0.11522021,0.11777233,0.29839024,8.192257,1.3274429e-08,0.0
11.215,0.1,0.1,0.3,0.11756413,0.11826784,0.29837975,7.868272,-3.585693e-08,0.0
11.22,0.1,0.1,0.3,0.119891286,0.117903784,0.29827973,7.4604053,-1.3309732e-08,0.0
11.225,0.1,0.1,0.3,0.11851487,0.115880765,0.2984152,7.0599246,-4.5522167e-08,0.0
11.23,0.1,0.1,0.3,0.10571465,0.1141302,0.29817984,6.9362564,7.373815e-10,0.0
11.235,0.1,0.1,0.3,0.10409859,0.11411863,0.2980455,7.030282,2.8416089e-08,0.0
11.24,0.1,0.1,0.3,0.1090668,0.11309525,0.29799655,7.199196,-1.7553583e-08,0.0
11.245000000000001,0.1,0.1,0.3,0.10250298,0.11226454,0.29820618,7.217061,6.6873653e-09,0.0
11.25,0.1,0.1,0.3,0.09564854,0.11102687,0.29800776,7.2097254,-3.2276595e-10,0.0
11.255,0.1,0.1,0.3,0.09991929,0.10928574,0.29795918,7.221298,-2.1987056e-08,0.0
11.26,0.1,0.1,0.3,0.110849835,0.10929625,0.29762927,7.050754,-3.1943634e-09,0.0
11.265,0.1,0.1,0.3,0.10224854,0.10746512,0.29777634,6.753707,-2.8859729e-08,0.0
11.27,0.1,0.1,0.3,0.09126199,0.1065084,0.29773805,6.5926194,5.325154e-10,0.0
11.275,0.1,0.1,0.3,0.08871267,0.10781448,0.29788834,6.538515,-3.415316e-08,0.0
11.28,0.1,0.1,0.3,0.10621945,0.10912514,0.29806107,6.504335,-3.899567e-09,0.0
11.285,0.1,0.1,0.3,0.105389476,0.10869237,0.29799584,6.3975673,-1.5701069e-08,0.0
11.290000000000001,0.1,0.1,0.3,0.10130804,0.10739132,0.2979363,6.411024,5.499487e-10,0.0
11.295,0.1,0.1,0.3,0.09324793,0.10482277,0.29816738,6.5751505,5.639983e-11,0.0
11.3,0.1,0.1,0.3,0.105502665,0.1032313,0.29796833,6.7510204,5.656914e-09,0.0
11.305,0.1,0.1,0.3,0.10457653,0.10355646,0.29793137,6.7659245,-1.1847337e-08,0.0
11.31,0.1,0.1,0.3,0.096588485,0.10439939,0.2978182,6.809376,9.271665e-09,0.0
11.315,0.1,0.1,0.3,0.10082036,0.103451364,0.2978512,6.91214,6.3622835e-08,0.0
11.32,0.1,0.1,0.3,0.09942539,0.10009043,0.29804814,6.8476553,-8.023344e-09,0.0
11.325000000000001,0.1,0.1,0.3,0.08664033,0.10119725,0.2981842,6.7830577,3.6485392e-09,0.0
11.33,0.1,0.1,0.3,0.091398,0.10210839,0.29805148,6.731454,-8.374325e-09,0.0
11.335,0.1,0.1,0.3,0.09575583,0.10080346,0.2977958,6.49409,-1.5988372e-08,0.0
11.34,0.1,0.1,0.3,0.10405816,0.098626666,0.2980929,6.105651,-2.7785738e-08,0.0
11.345,0.1,0.1,0.3,0.09355874,0.098969325,0.29806674,5.722778,-3.0277587e-08,0.0
11.35,0.1,0.1,0.3,0.0956161,0.10065516,0.2974724,5.5376525,2.7230378e-08,0.0
11.355,0.1,0.1,0.3,0.092215,0.10039588,0.29743126,5.3948517,1.0786117e-08,0.0
11.36,0.1,0.1,0.3,0.0834118,0.098888256,0.2976496,5.37457,-4.2019884e-08,0.0
11.365,0.1,0.1,0.3,0.07797644,0.09825101,0.29796758,5.461849,1.2963298e-08,0.0
11.370000000000001,0.1,0.1,0.3,0.09178115,0.09699905,0.2978348,5.5381856,-1.3256321e-08,0.0
11.375,0.1,0.1,0.3,0.097412914,0.095184155,0.29795408,5.490609,-8.434813e-09,0.0
11.38,0.1,0.1,0.3,0.08949236,0.09353026,0.2980537,5.3573284,-1.4275869e-08,0.0
11.385,0.1,0.1,0.3,0.08058588,0.094844215,0.29785684,5.3374887,5.7569487e-09,0.0
11.39,0.1,0.1,0.3,0.08074542,0.09237254,0.29817614,5.397365,-1.6417598e-08,0.0
11.395,0.1,0.1,0.3,0.090557545,0.09553783,0.29808217,5.302904,-7.688936e-09,0.0
11.4,0.1,0.1,0.3,0.09927086,0.097581424,0.29778937,5.0876412,-1.8142877e-08,0.0
11.405,0.1,0.1,0.3,0.09175388,0.095393434,0.29782513,4.8983035,-3.0496285e-08,0.0
11.41,0.1,0.1,0.3,0.09817422,0.094265066,0.2980308,4.920353,1.42465675e-08,0.0
11.415000000000001,0.1,0.1,0.3,0.10118556,0.093212366,0.29784548,5.0072427,-7.0323275e-10,0.0
11.42,0.1,0.1,0.3,0.09358217,0.0952981,0.29787105,5.0659566,3.3164789e-09,0.0
11.425,0.1,0.1,0.3,0.096396886,0.09675557,0.29805887,5.2519283,1.34662566e-08,0.0
11.43,0.1,0.1,0.3,0.10555718,0.09679242,0.29784185,5.4025683,2.8262883e-09,0.0
11.435,0.1,0.1,0.3,0.09708438,0.09607781,0.29811227,5.473134,7.300109e-09,0.0
11.44,0.1,0.1,0.3,0.1063241,0.09755753,0.29808977,5.6535096,1.0906086e-08,0.0
11.445,0.1,0.1,0.3,0.107435375,0.099248454,0.29805154,5.8170247,1.9620245e-08,0.0
11.450000000000001,0.1,0.1,0.3,0.09827735,0.098156266,0.2986006,5.881907,3.0215112e-08,0.0
11.455,0.1,0.1,0.3,0.10164573,0.09906059,0.29826826,6.021224,9.750413e-10,0.0
11.46,0.1,0.1,0.3,0.09223951,0.09933066,0.2982924,6.0903406,-3.928874e-08,0.0
11.465,0.1,0.1,0.3,0.09208853,0.09866126,0.29822132,6.148448,1.2618332e-08,0.0
11.47,0.1,0.1,0.3,0.09832845,0.099510156,0.29828224,6.2580776,1.9483783e-08,0.0
11.475,0.1,0.1,0.3,0.0958862,0.097150415,0.2982064,6.240398,9.549445e-09,0.0
11.48,0.1,0.1,0.3,0.09065693,0.09673929,0.29820645,6.2395,6.238484e-08,0.0
11.485,0.1,0.1,0.3,0.09789683,0.095293306,0.29807624,6.301762,-3.6393185e-08,0.0
11.49,0.1,0.1,0.3,0.100797385,0.096824735,0.29829997,6.237461,-1.9358941e-08,0.0
11.495000000000001,0.1,0.1,0.3,0.102944575,0.09779937,0.29837328,6.0425897,8.414662e-09,0.0
11.5,0.1,0.1,0.3,0.09531618,0.09893425,0.29808506,5.8049703,7.674065e-09,0.0
11.505,0.1,0.1,0.3,0.0898431,0.098125845,0.2984749,5.715938,-1.3698079e-08,0.0
11.51,0.1,0.1,0.3,0.109571,0.09837855,0.29821265,5.7728047,6.847712e-09,0.0
11.515,0.1,0.1,0.3,0.11868712,0.097668014,0.2981306,5.829883,3.3385013e-09,0.0
11.52,0.1,0.1,0.3,0.10227153,0.09870628,0.29830465,5.8960667,-8.5362135e-09,0.0
11.525,0.1,0.1,0.3,0.09978221,0.096437536,0.2985804,6.096663,1.4687918e-08,0.0
11.53,0.1,0.1,0.3,0.08607809,0.09516668,0.29856816,6.4019246,-4.911514e-09,0.0
11.535,0.1,0.1,0.3,0.08309067,0.09599906,0.29885903,6.6349607,1.1313079e-08,0.0
11.540000000000001,0.1,0.1,0.3,0.074983336,0.09650809,0.2988288,6.7228026,-4.0202526e-09,0.0
11.545,0.1,0.1,0.3,0.077451564,0.09552399,0.29852453,6.633541,2.7187298e-08,0.0
11.55,0.1,0.1,0.3,0.0858369,0.09597553,0.29853863,6.2589726,-3.4911654e-08,0.0
11.555,0.1,0.1,0.3,0.09192152,0.09430322,0.2989299,5.710856,2.8292536e-08,0.0
11.56,0.1,0.1,0.3,0.09187755,0.095528066,0.29873452,5.1691723,1.7160568e-08,0.0
11.565,0.1,0.1,0.3,0.08832627,0.095243126,0.298581,4.898462,1.8339888e-08,0.0
11.57,0.1,0.1,0.3,0.0886119,0.09540709,0.2989784,4.910814,5.483466e-08,0.0
11.575000000000001,0.1,0.1,0.3,0.080279425,0.09526166,0.2989606,4.9216475,7.732172e-09,0.0
11.58,0.1,0.1,0.3,0.09356548,0.09724529,0.29872417,4.9562263,2.0099173e-09,0.0
11.585,0.1,0.1,0.3,0.09640583,0.097509034,0.2988435,4.972105,-4.4953895e-11,0.0
11.59,0.1,0.1,0.3,0.0972248,0.0944563,0.2991732,4.9470463,9.431435e-09,0.0
11.595,0.1,0.1,0.3,0.0964643,0.094044484,0.29912817,4.9125075,4.1384456e-09,0.0
11.6,0.1,0.1,0.3,0.100224726,0.095092125,0.2989955,5.063679,2.7783406e-08,0.0
11.605,0.1,0.1,0.3,0.09840677,0.09357732,0.29872146,5.244472,7.737043e-09,0.0
11.61,0.1,0.1,0.3,0.105931886,0.09718475,0.29862243,5.519185,-6.242994e-09,0.0
11.615,0.1,0.1,0.3,0.10199199,0.099460475,0.2988702,5.7645407,-1.1096488e-08,0.0
11.620000000000001,0.1,0.1,0.3,0.09614613,0.09980672,0.2989012,6.061279,4.376097e-09,0.0
11.625,0.1,0.1,0.3,0.094997376,0.09561183,0.29902482,6.407228,3.5766576e-09,0.0
11.63,0.1,0.1,0.3,0.11038971,0.09253794,0.2992985,6.7172613,-2.9828549e-09,0.0
11.635,0.1,0.1,0.3,0.09690542,0.093268566,0.29941896,6.8614974,-3.321488e-09,0.0
11.64,0.1,0.1,0.3,0.10372185,0.09622225,0.2994809,6.943675,-3.0709318e-10,0.0
11.645,0.1,0.1,0.3,0.10003628,0.09427291,0.29932916,6.880679,1.6579579e-08,0.0
11.65,0.1,0.1,0.3,0.10061315,0.09621788,0.2991632,6.8233757,-2.0151708e-08,0.0
11.655,0.1,0.1,0.3,0.11010549,0.09605315,0.2992264,6.6712327,2.576761e-08,0.0
11.66,0.1,0.1,0.3,0.105926126,0.09589036,0.2993434,6.4297585,-1.427878e-08,0.0
11.665000000000001,0.1,0.1,0.3,0.09131778,0.09703349,0.29940036,6.3676696,4.382691e-09,0.0
11.67,0.1,0.1,0.3,0.08362687,0.098721035,0.29936558,6.4206543,1.3946332e-08,0.0
11.675,0.1,0.1,0.3,0.096000955,0.09754584,0.2994671,6.4327292,1.5866853e-08,0.0
11.68,0.1,0.1,0.3,0.10456847,0.096708395,0.29965127,6.286536,5.4667835e-09,0.0
11.685,0.1,0.1,0.3,0.09521661,0.097630925,0.29977328,6.0490403,8.636038e-09,0.0
11.69,0.1,0.1,0.3,0.098855734,0.09624419,0.2994965,5.939414,2.8214149e-09,0.0
11.695,0.1,0.1,0.3,0.09920518,0.09821266,0.29956335,5.824988,-1.0134518e-08,0.0
11.700000000000001,0.1,0.1,0.3,0.108672515,0.09727627,0.2993239,5.6366434,1.5217367e-08,0.0
11.705,0.1,0.1,0.3,0.10375396,0.09644965,0.2996989,5.47649,2.6695755e-08,0.0
11.71,0.1,0.1,0.3,0.09846401,0.09687169,0.29952005,5.5596423,2.6273225e-08,0.0
11.715,0.1,0.1,0.3,0.094733514,0.095315814,0.2999047,5.844705,-4.2806736e-09,0.0
11.72,0.1,0.1,0.3,0.10313142,0.097128786,0.2995147,6.1834264,1.4460606e-08,0.0
11.725,0.1,0.1,0.3,0.10470131,0.09875119,0.29955524,6.362002,-3.300703e-09,0.0
11.73,0.1,0.1,0.3,0.11220215,0.09738635,0.2996654,6.3519025,2.2797353e-09,0.0
11.735,0.1,0.1,0.3,0.10898756,0.097099654,0.2997763,6.266111,-1.520554e-08,0.0
11.74,0.1,0.1,0.3,0.09981801,0.09617107,0.29998836,6.354159,7.0905286e-09,0.0
11.745000000000001,0.1,0.1,0.3,0.102001995,0.09648808,0.30027175,6.580657,2.1159238e-08,0.0
11.75,0.1,0.1,0.3,0.093212664,0.096181236,0.30016726,6.655147,-1.10204015e-08,0.0
11.755,0.1,0.1,0.3,0.100076355,0.09542335,0.30018875,6.6608357,3.16408e-08,0.0
11.76,0.1,0.1,0.3,0.11246083,0.0962482,0.30014813,6.543372,-8.149737e-09,0.0
11.765,0.1,0.1,0.3,0.10378746,0.09413864,0.3004078,6.349879,1.2041274e-08,0.0
11.77,0.1,0.1,0.3,0.1100376,0.09339699,0.30018118,6.3188787,-4.011775e-09,0.0
11.775,0.1,0.1,0.3,0.111486174,0.09470381,0.2997921,6.3090954,7.5162685e-09,0.0
11.78,0.1,0.1,0.3,0.11139227,0.094906814,0.29920706,6.2358136,1.1444937e-08,0.0
11.785,0.1,0.1,0.3,0.10281806,0.09515477,0.29861677,6.346603,7.334651e-09,0.0
11.790000000000001,0.1,0.1,0.3,0.10609801,0.09579011,0.29836637,6.615508,4.0884345e-08,0.0
11.795,0.1,0.1,0.3,0.100400485,0.09569821,0.2980817,6.7445183,-3.0627305e-09,0.0
11.8,0.1,0.1,0.3,0.095783435,0.09603347,0.29787862,6.8382316,-2.2499214e-09,0.0
11.805,0.1,0.1,0.3,0.0933772,0.09653237,0.29713368,6.9502444,-2.2503908e-09,0.0
11.81,0.1,0.1,0.3,0.09912285,0.097576685,0.2965237,7.028163,-2.6659423e-08,0.0
11.815,0.1,0.1,0.3,0.10330042,0.09677506,0.29667428,6.910552,-1.1860588e-08,0.0
11.82,0.1,0.1,0.3,0.10522176,0.09718468,0.2963546,6.622568,-1.6553438e-08,0.0
11.825000000000001,0.1,0.1,0.3,0.10304398,0.097191215,0.29621726,6.275376,-3.132012e-08,0.0
11.83,0.1,0.1,0.3,0.10567474,0.09809858,0.2962926,6.1219125,1.4825029e-08,0.0
11.835,0.1,0.1,0.3,0.09397701,0.09679337,0.2965344,6.0272555,-4.3872825e-09,0.0
11.84,0.1,0.1,0.3,0.090256445,0.09594193,0.29663888,6.0093637,4.253495e-09,0.0
11.845,0.1,0.1,0.3,0.085730046,0.09687096,0.29700947,6.079721,-2.4488456e-09,0.0
11.85,0.1,0.1,0.3,0.08254473,0.09789705,0.29716307,6.1543007,1.3317293e-08,0.0
11.855,0.1,0.1,0.3,0.08271609,0.096437365,0.29726964,6.183707,-2.1495148e-09,0.0
11.86,0.1,0.1,0.3,0.081252195,0.09753747,0.29743758,5.997523,4.6967688e-09,0.0
11.865,0.1,0.1,0.3,0.08224167,0.098391764,0.2976802,5.7623262,7.71492e-09,0.0
11.870000000000001,0.1,0.1,0.3,0.08416013,0.095249295,0.29808858,5.438868,-5.8604646e-09,0.0
11.875,0.1,0.1,0.3,0.08780796,0.09640268,0.29789776,5.022941,1.8542966e-08,0.0
11.88,0.1,0.1,0.3,0.09943052,0.09551907,0.29806578,4.6222486,-9.66631e-09,0.0
11.885,0.1,0.1,0.3,0.094276816,0.09673287,0.29779512,4.3637266,1.7886666e-08,0.0
11.89,0.1,0.1,0.3,0.09774123,0.09559169,0.29814523,4.425839,1.6267235e-08,0.0
11.895,0.1,0.1,0.3,0.09232392,0.095693894,0.29849732,4.6086526,7.551621e-09,0.0
11.9,0.1,0.1,0.3,0.093388945,0.09596553,0.29856858,4.917821,-2.3643285e-09,0.0
11.905,0.1,0.1,0.3,0.10167108,0.09582027,0.29881874,5.171119,1.3910704e-08,0.0
11.91,0.1,0.1,0.3,0.09347025,0.095735535,0.29883465,5.311112,1.17955725e-08,0.0
11.915000000000001,0.1,0.1,0.3,0.089690514,0.09569296,0.29876682,5.5220566,2.781277e-09,0.0
11.92,0.1,0.1,0.3,0.09026993,0.098846056,0.2989519,5.7949386,2.983231e-08,0.0
11.925,0.1,0.1,0.3,0.09604092,0.09695159,0.29924643,5.882908,-1.1470316e-09,0.0
11.93,0.1,0.1,0.3,0.085628316,0.09853657,0.29884166,5.7801027,1.4438658e-08,0.0
11.935,0.1,0.1,0.3,0.07914106,0.0978926,0.29916677,5.6924934,-2.0546944e-08,0.0
11.94,0.1,0.1,0.3,0.08972439,0.09558474,0.2994387,5.638598,-4.2540376e-09,0.0
11.945,0.1,0.1,0.3,0.08647369,0.096358605,0.299337,5.48628,-4.8690505e-09,0.0
11.950000000000001,0.1,0.1,0.3,0.0948781,0.09556951,0.29956418,5.3895802,-2.5765708e-08,0.0
11.955,0.1,0.1,0.3,0.09773534,0.098285615,0.29919457,5.296504,-2.5232159e-09,0.0
11.96,0.1,0.1,0.3,0.08741434,0.09585292,0.2993115,5.1674275,4.5995936e-08,0.0
11.965,0.1,0.1,0.3,0.07619993,0.095177665,0.2998239,5.1588335,6.07558e-09,0.0
11.97,0.1,0.1,0.3,0.09523146,0.09666672,0.29977605,5.210822,-1.0576115e-08,0.0
11.975,0.1,0.1,0.3,0.09013132,0.09592642,0.29968223,5.2016363,-2.5723148e-09,0.0
11.98,0.1,0.1,0.3,0.09858058,0.0962082,0.29931766,5.27881,-1.6751404e-08,0.0
11.985,0.1,0.1,0.3,0.112511545,0.09680203,0.29918975,5.348944,2.5629216e-08,0.0
11.99,0.1,0.1,0.3,0.11022065,0.0977488,0.29899716,5.4180207,-2.8915121e-08,0.0
11.995000000000001,0.1,0.1,0.3,0.115124695,0.09745485,0.29898047,5.7182555,-1.4340333e-08,0.0
12.0,0.1,0.1,0.3,0.09517811,0.09634632,0.2991111,6.051998,4.962752e-08,0.0
12.005,0.1,0.1,0.3,0.09182737,0.094967544,0.2986194,6.3515553,2.0915576e-09,0.0
12.01,0.1,0.1,0.3,0.09899141,0.09393447,0.2978945,6.6080146,-4.4961276e-08,0.0
12.015,0.1,0.1,0.3,0.108970545,0.09669686,0.2969365,6.6490736,-2.2704862e-09,0.0
12.02,0.1,0.1,0.3,0.111896254,0.095888,0.29671425,6.524806,-8.45671e-09,0.0
12.025,0.1,0.1,0.3,0.090105735,0.09624379,0.29669413,6.3502316,-9.0745225e-09,0.0
12.030000000000001,0.1,0.1,0.3,0.08895936,0.09592877,0.2958622,6.2295036,7.6033496e-10,0.0
12.035,0.1,0.1,0.3,0.09625381,0.09596434,0.295675,6.179915,4.0008885e-08,0.0
12.040000000000001,0.1,0.1,0.3,0.09022255,0.09778473,0.29545316,6.039379,-2.2580739e-08,0.0
12.045,0.1,0.1,0.3,0.097173855,0.09700591,0.2953446,5.9310064,-3.1510788e-10,0.0
12.05,0.1,0.1,0.3,0.09140884,0.096340634,0.2954645,5.789007,-5.7799154e-10,0.0
12.055,0.1,0.1,0.3,0.09286274,0.097272836,0.29566342,5.7212343,6.806152e-10,0.0
12.06,0.1,0.1,0.3,0.10018477,0.09927777,0.2956526,5.6135416,-1.5188836e-09,0.0
12.065,0.1,0.1,0.3,0.10168275,0.09755181,0.2957371,5.4450417,-3.7212415e-09,0.0
12.07,0.1,0.1,0.3,0.10166207,0.098366156,0.29606792,5.287937,-5.4912236e-10,0.0
12.075000000000001,0.1,0.1,0.3,0.10291002,0.09746792,0.29625705,5.362964,1.6050876e-08,0.0
12.08,0.1,0.1,0.3,0.095019534,0.09715868,0.29636148,5.4934583,7.75284e-09,0.0
12.085,0.1,0.1,0.3,0.0975752,0.09591342,0.29684004,5.6898184,9.265566e-09,0.0
12.09,0.1,0.1,0.3,0.09420352,0.09657346,0.29711726,5.8036976,5.875202e-09,0.0
12.095,0.1,0.1,0.3,0.09440028,0.09473288,0.29728183,5.927526,6.023692e-09,0.0
12.1,0.1,0.1,0.3,0.09892758,0.09545564,0.29756758,5.942644,3.010396e-09,0.0
12.105,0.1,0.1,0.3,0.09782358,0.09485625,0.297946,5.8138113,1.4180916e-08,0.0
12.11,0.1,0.1,0.3,0.097748235,0.09631673,0.29785216,5.805054,1.4367533e-08,0.0
12.115,0.1,0.1,0.3,0.09633435,0.09592656,0.298347,5.9701033,4.9990906e-08,0.0
12.120000000000001,0.1,0.1,0.3,0.093339205,0.09664791,0.29841626,6.222874,2.1670827e-08,0.0
12.125,0.1,0.1,0.3,0.09487786,0.095829904,0.29857785,6.480275,7.672993e-09,0.0
12.13,0.1,0.1,0.3,0.087751,0.09862535,0.29833367,6.521816,1.1785462e-08,0.0
12.135,0.1,0.1,0.3,0.092113756,0.09700491,0.2982921,6.460295,-3.32568e-08,0.0
12.14,0.1,0.1,0.3,0.095060214,0.097128265,0.29847685,6.252799,-1.6637253e-08,0.0
12.145,0.1,0.1,0.3,0.08966452,0.096465275,0.29851264,5.9115534,1.0138699e-08,0.0
12.15,0.1,0.1,0.3,0.08862442,0.0968605,0.2988621,5.680292,1.2392131e-08,0.0
12.155000000000001,0.1,0.1,0.3,0.09029998,0.09535728,0.29904607,5.6184907,-1.1361465e-08,0.0
12.16,0.1,0.1,0.3,0.09872675,0.096067235,0.29927075,5.5024066,-7.519953e-09,0.0
12.165000000000001,0.1,0.1,0.3,0.09548065,0.09589315,0.2991237,5.3262835,-8.9638014e-10,0.0
12.17,0.1,0.1,0.3,0.09569262,0.09637404,0.2991421,5.326912,-5.5181015e-09,0.0
12.175,0.1,0.1,0.3,0.104269125,0.09610361,0.29924285,5.3455553,5.442219e-09,0.0
12.18,0.1,0.1,0.3,0.09189692,0.09574396,0.2994315,5.328075,-8.080131e-11,0.0
12.185,0.1,0.1,0.3,0.081643626,0.094934545,0.2995324,5.427547,2.481956e-09,0.0
12.19,0.1,0.1,0.3,0.08189354,0.09570965,0.2995457,5.575335,2.3769646e-08,0.0
12.195,0.1,0.1,0.3,0.09404257,0.09428623,0.29929268,5.529408,-9.211039e-09,0.0
12.200000000000001,0.1,0.1,0.3,0.09887413,0.09465768,0.2993441,5.341708,-4.2990362e-09,0.0
12.205,0.1,0.1,0.3,0.10446124,0.09673174,0.2997741,5.1489296,-7.771636e-09,0.0
12.21,0.1,0.1,0.3,0.10310376,0.0982722,0.29983538,5.0258927,-2.970803e-10,0.0
12.215,0.1,0.1,0.3,0.08969325,0.09889619,0.2998376,5.17632,1.5811482e-08,0.0
12.22,0.1,0.1,0.3,0.09199598,0.099488884,0.29997367,5.4914885,2.6923939e-08,0.0
12.225,0.1,0.1,0.3,0.1008641,0.09861472,0.29968852,5.6575813,-5.9725855e-09,0.0
12.23,0.1,0.1,0.3,0.099385045,0.100597054,0.29940984,5.665237,2.6244772e-08,0.0
12.235,0.1,0.1,0.3,0.10482182,0.09858493,0.29948884,5.778941,-1.4642107e-08,0.0
12.24,0.1,0.1,0.3,0.09470042,0.09743126,0.29938114,5.8827605,1.1870284e-09,0.0
12.245000000000001,0.1,0.1,0.3,0.10035436,0.09684794,0.29889518,6.012972,2.9446772e-08,0.0
12.25,0.1,0.1,0.3,0.09858596,0.09432003,0.29875997,6.0549088,-3.203384e-10,0.0
12.255,0.1,0.1,0.3,0.10399394,0.09624104,0.29807255,6.138333,-8.523969e-09,0.0
12.26,0.1,0.1,0.3,0.10486576,0.096354485,0.29763883,6.1704216,-2.7803069e-09,0.0
12.265,0.1,0.1,0.3,0.09797581,0.09639721,0.29734513,6.085564,8.345155e-09,0.0
12.27,0.1,0.1,0.3,0.099956915,0.09589761,0.29684475,6.090215,-1.07842375e-08,0.0
12.275,0.1,0.1,0.3,0.09391079,0.096058935,0.29652375,6.05011,4.3388457e-08,0.0
12.280000000000001,0.1,0.1,0.3,0.09768125,0.09489983,0.29633355,6.044747,-1.9276428e-08,0.0
12.285,0.1,0.1,0.3,0.09218347,0.09483346,0.29615352,5.9750037,4.6433307e-08,0.0
12.290000000000001,0.1,0.1,0.3,0.09160912,0.096972466,0.295844,5.939108,9.942516e-10,0.0
12.295,0.1,0.1,0.3,0.10535346,0.09630045,0.2958906,6.0045075,1.7718508e-08,0.0
12.3,0.1,0.1,0.3,0.11275887,0.09721236,0.29596505,6.0242925,-1.2816351e-09,0.0
12.305,0.1,0.1,0.3,0.10071551,0.097286746,0.29615352,6.000959,-8.0472085e-10,0.0
12.31,0.1,0.1,0.3,0.09960373,0.098606184,0.29618198,6.1029005,7.898585e-09,0.0
12.315,0.1,0.1,0.3,0.098393954,0.096582085,0.29669616,6.334963,8.22375e-09,0.0
12.32,0.1,0.1,0.3,0.09379091,0.09589593,0.29688144,6.614653,6.9166908e-09,0.0
12.325000000000001,0.1,0.1,0.3,0.09022375,0.0969161,0.2972722,6.8574433,8.911936e-09,0.0
12.33,0.1,0.1,0.3,0.09397984,0.09598889,0.2972671,7.006704,1.1738939e-08,0.0
12.335,0.1,0.1,0.3,0.101365484,0.09726059,0.29707354,6.9025187,2.9318707e-09,0.0
12.34,0.1,0.1,0.3,0.10447849,0.095938526,0.29731852,6.5974917,-8.202357e-09,0.0
12.345,0.1,0.1,0.3,0.09679453,0.09623961,0.29770398,6.233283,3.400227e-09,0.0
12.35,0.1,0.1,0.3,0.08889456,0.09602236,0.29796815,6.030052,5.40772e-09,0.0
12.355,0.1,0.1,0.3,0.08456493,0.095960446,0.29811832,5.975616,2.7532837e-11,0.0
12.36,0.1,0.1,0.3,0.09295928,0.09518908,0.29819262,5.9651775,-7.2474955e-09,0.0
12.365,0.1,0.1,0.3,0.09157755,0.095499255,0.29821497,5.8428216,-2.4138145e-09,0.0
12.370000000000001,0.1,0.1,0.3,0.08918217,0.09571204,0.29829207,5.772126,-1.0153621e-08,0.0
12.375,0.1,0.1,0.3,0.09547443,0.09694303,0.29829147,5.8169346,-5.461631e-09,0.0
12.38,0.1,0.1,0.3,0.091782376,0.0958472,0.29846424,5.779403,5.6475007e-09,0.0
12.385,0.1,0.1,0.3,0.098068774,0.09788431,0.29860023,5.7810636,-7.752376e-09,0.0
12.39,0.1,0.1,0.3,0.09105658,0.09578857,0.29880232,5.743656,-5.6590477e-10,0.0
12.395,0.1,0.1,0.3,0.09217781,0.0966024,0.2986595,5.7521873,-1.1367917e-09,0.0
12.4,0.1,0.1,0.3,0.09550205,0.09742855,0.2985014,5.6836247,-4.921282e-09,0.0
12.405000000000001,0.1,0.1,0.3,0.09625581,0.097246304,0.29880416,5.49911,-2.303788e-08,0.0
12.41,0.1,0.1,0.3,0.08979012,0.09950296,0.29889098,5.2774224,7.850006e-09,0.0
12.415000000000001,0.1,0.1,0.3,0.10069595,0.09798226,0.29918987,5.207271,3.494967e-09,0.0
12.42,0.1,0.1,0.3,0.105279185,0.09735481,0.2990312,5.203049,1.083212e-08,0.0
12.425,0.1,0.1,0.3,0.094727635,0.097912304,0.29932216,5.206806,4.4587434e-08,0.0
12.43,0.1,0.1,0.3,0.09725365,0.09608934,0.29938468,5.3586364,6.633916e-09,0.0
12.435,0.1,0.1,0.3,0.103482164,0.09606003,0.2993062,5.4820414,1.6469123e-08,0.0
12.44,0.1,0.1,0.3,0.09794405,0.09589821,0.2995289,5.5145826,2.8211769e-08,0.0
12.445,0.1,0.1,0.3,0.100343496,0.09641105,0.29977736,5.6642056,-5.940226e-09,0.0
12.450000000000001,0.1,0.1,0.3,0.101158425,0.096936464,0.29963297,5.776949,-7.205496e-09,0.0
12.455,0.1,0.1,0.3,0.10176464,0.09654404,0.29976767,5.76012,3.1477996e-09,0.0
12.46,0.1,0.1,0.3,0.093506776,0.09714368,0.30002192,5.6658683,-4.3940146e-10,0.0
12.465,0.1,0.1,0.3,0.09093987,0.09710215,0.29986823,5.6750393,-8.2001606e-09,0.0
12.47,0.1,0.1,0.3,0.08052312,0.09888957,0.29960215,5.80267,-2.4580364e-08,0.0
12.475,0.1,0.1,0.3,0.090891175,0.09760678,0.29926252,5.906459,-1.9357248e-08,0.0
12.48,0.1,0.1,0.3,0.08969917,0.09664542,0.29880235,5.8351336,2.8510685e-08,0.0
12.485,0.1,0.1,0.3,0.100549236,0.0967897,0.29810774,5.7753725,2.2904734e-08,0.0
12.49,0.1,0.1,0.3,0.09653317,0.09616858,0.2976145,5.7004833,2.2460792e-08,0.0
12.495000000000001,0.1,0.1,0.3,0.08746592,0.096792065,0.29748416,5.7327743,-7.836745e-09,0.0
12.5,0.1,0.1,0.3,0.08629274,0.09544597,0.29714057,5.8532505,2.7831515e-08,0.0
12.505,0.1,0.1,0.3,0.092840925,0.09760161,0.29619524,5.9757843,1.065534e-09,0.0
12.51,0.1,0.1,0.3,0.09762125,0.096926,0.29577628,5.942304,8.153164e-10,0.0
12.515,0.1,0.1,0.3,0.101592146,0.097886845,0.29570624,5.765271,4.766226e-09,0.0
12.52,0.1,0.1,0.3,0.10365751,0.09875414,0.2957249,5.550041,-3.867515e-08,0.0
12.525,0.1,0.1,0.3,0.101521194,0.09509758,0.29550064,5.3623867,-8.40552e-09,0.0
12.530000000000001,0.1,0.1,0.3,0.095204584,0.0963624,0.29574114,5.4096327,-8.827614e-09,0.0
12.535,0.1,0.1,0.3,0.1033025,0.09502382,0.29612347,5.6592197,-5.0150366e-11,0.0
12.540000000000001,0.1,0.1,0.3,0.09662702,0.09436477,0.29653418,5.8465185,1.2641201e-08,0.0
12.545,0.1,0.1,0.3,0.09481206,0.09591937,0.29645467,6.049107,8.4039337e-10,0.0
12.55,0.1,0.1,0.3,0.0939473,0.095096715,0.2964204,6.3016496,2.2481496e-08,0.0
12.555,0.1,0.1,0.3,0.09439175,0.097620174,0.2962994,6.5450754,3.28975e-09,0.0
12.56,0.1,0.1,0.3,0.08915607,0.09645773,0.29678854,6.566329,-8.865355e-09,0.0
12.565,0.1,0.1,0.3,0.07848243,0.09660414,0.29739204,6.4968696,-7.78247e-09,0.0
12.57,0.1,0.1,0.3,0.09420227,0.09610109,0.29727337,6.3773,-8.126373e-09,0.0
12.575000000000001,0.1,0.1,0.3,0.08062094,0.09567536,0.29780763,6.1196275,3.4203937e-09,0.0
12.58,0.1,0.1,0.3,0.080706246,0.09555504,0.29777762,5.851628,9.462482e-09,0.0
12.585,0.1,0.1,0.3,0.08814296,0.09535085,0.29783514,5.4825926,7.3498305e-09,0.0
12.59,0.1,0.1,0.3,0.09815745,0.09556877,0.2977566,5.0485244,1.4309259e-08,0.0
12.595,0.1,0.1,0.3,0.0852987,0.097842105,0.29836226,4.7053804,-3.010681e-08,0.0
12.6,0.1,0.1,0.3,0.08863159,0.095826335,0.29825854,4.5977693,-7.0839037e-09,0.0
12.605,0.1,0.1,0.3,0.096995994,0.09643148,0.2983466,4.555354,7.77231e-09,0.0
12.61,0.1,0.1,0.3,0.09114179,0.0973549,0.29854342,4.5331244,7.200131e-09,0.0
12.615,0.1,0.1,0.3,0.095125936,0.09696027,0.298305,4.703603,1.9142425e-08,0.0
12.620000000000001,0.1,0.1,0.3,0.10821805,0.09839211,0.29841578,4.8946123,1.3216864e-08,0.0
12.625,0.1,0.1,0.3,0.08357972,0.09839497,0.29884595,5.070801,1.8830299e-08,0.0
12.63,0.1,0.1,0.3,0.08598912,0.0966335,0.29883927,5.283374,2.4623221e-09,0.0
12.635,0.1,0.1,0.3,0.0876835,0.09714136,0.2988902,5.348852,6.5616548e-09,0.0
12.64,0.1,0.1,0.3,0.08711331,0.09667867,0.29927242,5.2362676,-4.7379887e-09,0.0
12.645,0.1,0.1,0.3,0.07785936,0.09584242,0.2993096,5.198962,-1.1900615e-09,0.0
12.65,0.1,0.1,0.3,0.0851769,0.09518228,0.29966477,5.2379117,1.5360494e-09,0.0
12.655000000000001,0.1,0.1,0.3,0.090750955,0.09643318,0.29997715,5.1665025,1.048519e-08,0.0
12.66,0.1,0.1,0.3,0.11253807,0.09528867,0.29972166,5.000966,-1.0101376e-08,0.0
12.665000000000001,0.1,0.1,0.3,0.10796693,0.094794385,0.29968596,4.935437,5.358039e-09,0.0
12.67,0.1,0.1,0.3,0.09665058,0.09453903,0.2998629,5.191999,-1.0566348e-08,0.0
12.675,0.1,0.1,0.3,0.09691598,0.095313646,0.29951578,5.644348,2.6214835e-08,0.0
12.68,0.1,0.1,0.3,0.10447814,0.09516808,0.29993954,5.9349856,-8.755606e-09,0.0
12.685,0.1,0.1,0.3,0.11558133,0.09644231,0.29968062,6.028658,-3.3781886e-09,0.0
12.69,0.1,0.1,0.3,0.1260145,0.097529806,0.29940316,6.0647287,-6.0054877e-09,0.0
12.695,0.1,0.1,0.3,0.12592684,0.0956491,0.29915807,6.1491523,2.9521384e-08,0.0
12.700000000000001,0.1,0.1,0.3,0.12223473,0.09714499,0.29859838,6.521848,3.1248135e-08,0.0
12.705,0.1,0.1,0.3,0.11478073,0.097518615,0.2980568,7.137208,-3.6144634e-08,0.0
12.71,0.1,0.1,0.3,0.10182253,0.099600114,0.29749936,7.776393,4.0413813e-08,0.0
12.715,0.1,0.1,0.3,0.09988864,0.0997282,0.2969835,8.241038,3.58667e-08,0.0
12.72,0.1,0.1,0.3,0.09972055,0.096135676,0.29649666,8.4829235,2.5841294e-08,0.0
12.725,0.1,0.1,0.3,0.10881882,0.095541365,0.29628432,8.547123,-1.6951871e-08,0.0
12.73,0.1,0.1,0.3,0.1171766,0.09725533,0.2960789,8.3392315,-2.1293187e-09,0.0
12.735,0.1,0.1,0.3,0.10474538,0.09806126,0.29586312,7.941637,-4.9992888e-08,0.0
12.74,0.1,0.1,0.3,0.0918001,0.09766797,0.29609913,7.6177907,-1.0780514e-08,0.0
12.745000000000001,0.1,0.1,0.3,0.08138848,0.09943527,0.296414,7.3574495,-8.256827e-09,0.0
12.75,0.1,0.1,0.3,0.07918918,0.10002049,0.29636788,7.0490932,-8.156076e-09,0.0
12.755,0.1,0.1,0.3,0.084093116,0.0982472,0.2962184,6.6866093,2.8016407e-08,0.0
12.76,0.1,0.1,0.3,0.08676518,0.09370142,0.29659066,6.1785846,-5.6816763e-08,0.0
12.765,0.1,0.1,0.3,0.07910143,0.09402991,0.29667777,5.5754547,-1.0530649e-08,0.0
12.77,0.1,0.1,0.3,0.07715777,0.096583985,0.29690543,5.10795,1.6321515e-09,0.0
12.775,0.1,0.1,0.3,0.07868625,0.09534471,0.29733145,4.835272,1.682722e-08,0.0
12.780000000000001,0.1,0.1,0.3,0.082586996,0.096485026,0.29749173,4.5648613,-2.3126061e-08,0.0
12.785,0.1,0.1,0.3,0.07855214,0.09624799,0.2974295,4.2740026,8.028378e-09,0.0
12.790000000000001,0.1,0.1,0.3,0.09273809,0.09957952,0.29736057,4.1566916,1.37560905e-08,0.0
12.795,0.1,0.1,0.3,0.08980992,0.09888726,0.29754108,4.161802,2.9365951e-08,0.0
12.8,0.1,0.1,0.3,0.08667985,0.09663945,0.29748145,4.3739014,3.975159e-08,0.0
12.805,0.1,0.1,0.3,0.08439399,0.09763901,0.297655,4.75707,-2.8854423e-08,0.0
12.81,0.1,0.1,0.3,0.09035337,0.09883542,0.2976732,5.178422,5.621323e-09,0.0
12.815,0.1,0.1,0.3,0.10023026,0.095803194,0.2981965,5.425583,-5.27503e-09,0.0
12.82,0.1,0.1,0.3,0.094186425,0.092695706,0.2983107,5.5112786,1.6596524e-10,0.0
12.825000000000001,0.1,0.1,0.3,0.0921089,0.092927255,0.29827833,5.6612167,1.536987e-08,0.0
12.83,0.1,0.1,0.3,0.09395357,0.09146189,0.2987894,5.895967,-1.1504083e-08,0.0
12.835,0.1,0.1,0.3,0.09544637,0.09254289,0.29857057,5.977132,1.0311156e-08,0.0
12.84,0.1,0.1,0.3,0.0931164,0.09413441,0.29867482,5.864293,-1.1937824e-08,0.0
12.845,0.1,0.1,0.3,0.098195836,0.09368387,0.29861665,5.814728,8.922276e-09,0.0
12.85,0.1,0.1,0.3,0.09503551,0.0930995,0.29937074,5.7424946,-5.2912283e-09,0.0
12.855,0.1,0.1,0.3,0.089452736,0.09255526,0.29934558,5.756009,2.864621e-09,0.0
12.86,0.1,0.1,0.3,0.0837529,0.09341032,0.29954392,5.8711457,2.6945626e-08,0.0
12.865,0.1,0.1,0.3,0.0942342,0.095830016,0.29981887,5.979473,7.964933e-09,0.0
12.870000000000001,0.1,0.1,0.3,0.08843295,0.0942478,0.29956225,5.9385247,-4.701182e-10,0.0
12.875,0.1,0.1,0.3,0.09741724,0.09592273,0.29945415,5.889576,3.737492e-08,0.0
12.88,0.1,0.1,0.3,0.0958104,0.09888685,0.29929212,5.7861404,-2.7811351e-08,0.0
12.885,0.1,0.1,0.3,0.09703815,0.09695697,0.2995197,5.774301,-3.021618e-09,0.0
12.89,0.1,0.1,0.3,0.098542005,0.09984407,0.2995953,5.736412,-1.0209563e-08,0.0
12.895,0.1,0.1,0.3,0.105103165,0.099964716,0.29953024,5.601619,2.8786324e-09,0.0
12.9,0.1,0.1,0.3,0.103803724,0.09986807,0.2994668,5.4590783,4.6758995e-08,0.0
12.905000000000001,0.1,0.1,0.3,0.10634737,0.09689148,0.2995992,5.5434704,-7.962373e-10,0.0
12.91,0.1,0.1,0.3,0.10659696,0.100873694,0.29904863,5.683396,1.11909655e-08,0.0
12.915000000000001,0.1,0.1,0.3,0.09932928,0.097645506,0.29907358,5.746063,-1.1998235e-08,0.0
12.92,0.1,0.1,0.3,0.101717174,0.09889904,0.29864874,5.905408,5.3575895e-09,0.0
12.925,0.1,0.1,0.3,0.09554408,0.099670224,0.29850146,6.005388,6.693835e-09,0.0
12.93,0.1,0.1,0.3,0.10123376,0.097884595,0.29791844,6.114945,2.7576469e-08,0.0
12.935,0.1,0.1,0.3,0.096971385,0.09899076,0.2972159,6.139485,-1.6117509e-08,0.0
12.94,0.1,0.1,0.3,0.10222435,0.098712504,0.29667562,6.1924877,-1.8586922e-08,0.0
12.945,0.1,0.1,0.3,0.10372081,0.09767943,0.29650068,6.1822934,1.2379565e-08,0.0
12.950000000000001,0.1,0.1,0.3,0.10306712,0.0979524,0.2961368,6.05635,-6.6979617e-09,0.0
12.955,0.1,0.1,0.3,0.11406056,0.10037074,0.29563338,6.070415,4.7433428e-08,0.0
12.96,0.1,0.1,0.3,0.106989026,0.10091789,0.2952759,6.1383266,5.7731757e-09,0.0
12.965,0.1,0.1,0.3,0.09473478,0.10048505,0.29542193,6.3304887,5.1393815e-08,0.0
12.97,0.1,0.1,0.3,0.10367927,0.09649363,0.2953551,6.583862,1.6600376e-08,0.0
12.975,0.1,0.1,0.3,0.10611717,0.09723286,0.2952632,6.6642156,1.6855457e-08,0.0
12.98,0.1,0.1,0.3,0.09836229,0.09700807,0.29563048,6.5619044,-2.9297675e-08,0.0
12.985,0.1,0.1,0.3,0.091544606,0.09857708,0.29576746,6.5105495,-3.5928474e-09,0.0
12.99,0.1,0.1,0.3,0.1014501,0.095802516,0.2960642,6.528722,-9.1760544e-11,0.0
12.995000000000001,0.1,0.1,0.3,0.08632429,0.09311228,0.29675344,6.43741,-5.3570863e-09,0.0
13.0,0.1,0.1,0.3,0.1040372,0.09511806,0.29656175,6.3088675,-8.246635e-10,0.0
13.005,0.1,0.1,0.3,0.10165535,0.09587651,0.29639992,6.137651,-3.311578e-09,0.0
13.01,0.1,0.1,0.3,0.095905505,0.094855934,0.2969939,6.1032166,-5.0178002e-08,0.0
13.015,0.1,0.1,0.3,0.106905855,0.096534185,0.29703292,6.2201085,-3.5463568e-10,0.0
13.02,0.1,0.1,0.3,0.10108578,0.09620101,0.29746816,6.275909,3.2548941e-09,0.0
13.025,0.1,0.1,0.3,0.10108578,0.09620101,0.29746816,6.3849216,6.3823884e-09,0.0
13.030000000000001,0.1,0.1,0.3,0.10108578,0.09620101,0.29746816,6.602026,9.464939e-09,0.0
13.035,0.1,0.1,0.3,0.10108578,0.09620101,0.29746816,6.8665667,1.2732811e-08,0.0
