time,P_cmd_DF,P_cmd_F,P_cmd_G,P_out_DF,P_out_F,P_out_G,wrist_angle_deg,grip_angle_deg,force_N
0.0,0.1,0.1,0.3,0.0,0.0,0.0,-0.0,8.099999,0.0
0.005,0.1,0.1,0.3,0.005,0.005,0.0,-2.8844488e-07,7.939893,0.0
0.01,0.1,0.1,0.3,0.009749999,0.009749999,0.0,-5.8565115e-07,7.528828,0.0
0.015,0.1,0.1,0.3,0.014262499,0.014262499,0.017647058,-8.620629e-07,6.8735766,0.0
0.02,0.1,0.1,0.3,0.018549375,0.018549375,0.034256056,-1.1427617e-06,5.980713,0.0
0.025,0.1,0.1,0.3,0.022621907,0.022621907,0.049888052,-1.4032063e-06,4.8566647,0.0
0.03,0.1,0.1,0.3,0.026490811,0.026490811,0.06460052,0.0072068954,3.499751,0.0
0.035,0.1,0.1,0.3,0.03016627,0.03016627,0.07844755,0.04796755,1.8871654,0.0
0.04,0.1,0.1,0.3,0.033657957,0.033657957,0.09148005,0.14231963,0.003926514,0.0
0.045,0.1,0.1,0.3,0.03697506,0.03697506,0.10374592,0.0040066405,-3.0803087e-09,0.0
0.05,0.1,0.1,0.3,0.040126305,0.040126305,0.11529028,0.08537886,9.947771e-09,0.0
0.055,0.1,0.1,0.3,0.04311999,0.04311999,0.12615556,0.25279284,1.14890115e-08,0.0
0.06,0.1,0.1,0.3,0.04596399,0.04596399,0.1363817,0.4825387,2.6815583e-08,0.0
0.065,0.1,0.1,0.3,0.04866579,0.04866579,0.1460063,0.7482956,8.836057e-09,0.0
0.07,0.1,0.1,0.3,0.051232502,0.051232502,0.15506476,1.0258772,5.1085842e-09,0.0
0.075,0.1,0.1,0.3,0.053670876,0.053670876,0.16359037,1.2960769,1.6831851e-08,0.0
0.08,0.1,0.1,0.3,0.055987332,0.055987332,0.17161447,1.5458772,9.228861e-09,0.0
0.085,0.1,0.1,0.3,0.058187965,0.058187965,0.17916656,1.768327,4.5321977e-09,0.0
0.09,0.1,0.1,0.3,0.06027857,0.06027857,0.18627441,1.9615835,6.5004575e-09,0.0
0.095,0.1,0.1,0.3,0.06226464,0.06226464,0.19296415,2.1277459,4.0564028e-09,0.0
0.1,0.1,0.1,0.3,0.06415141,0.06415141,0.19926038,2.2719126,-9.184962e-10,0.0
0.105,0.1,0.1,0.3,0.06594384,0.06594384,0.20518625,2.3999195,-3.7242354e-09,0.0
0.11,0.1,0.1,0.3,0.067646645,0.067646645,0.21076353,2.516917,3.8692742e-09,0.0
0.115,0.1,0.1,0.3,0.069264315,0.069264315,0.21601273,2.6269617,8.700819e-09,0.0
0.12,0.1,0.1,0.3,0.0708011,0.0708011,0.22095317,2.7328737,6.2977654e-09,0.0
0.125,0.1,0.1,0.3,0.07226104,0.07226104,0.22560298,2.8362556,1.3226102e-08,0.0
0.13,0.1,0.1,0.3,0.07364799,0.07364799,0.22997928,2.9377482,7.969615e-09,0.0
0.135,0.1,0.1,0.3,0.07496559,0.07496559,0.23409814,3.0373104,-2.7755498e-09,0.0
0.14,0.1,0.1,0.3,0.07621731,0.07621731,0.23797472,3.134481,9.273609e-09,0.0
0.145,0.1,0.1,0.3,0.07740644,0.07740644,0.24162327,3.2286067,6.686456e-09,0.0
0.15,0.1,0.1,0.3,0.07853612,0.07853612,0.2450572,3.3190174,-5.913553e-09,0.0
0.155,0.1,0.1,0.3,0.07960932,0.07960932,0.24828912,3.4051676,3.6900865e-09,0.0
0.16,0.1,0.1,0.3,0.08062886,0.08062886,0.25133094,3.4867196,3.557369e-09,0.0
0.165,0.1,0.1,0.3,0.08159742,0.08159742,0.25419384,3.563553,-6.2601244e-09,0.0
0.17,0.1,0.1,0.3,0.08251755,0.08251755,0.25688833,3.6357367,3.7052947e-09,0.0
0.17500000000000002,0.1,0.1,0.3,0.083391674,0.083391674,0.2594243,3.7034667,3.497466e-09,0.0
0.18,0.1,0.1,0.3,0.08422209,0.08422209,0.2618111,3.7670147,2.1420001e-09,0.0
0.185,0.1,0.1,0.3,0.08501099,0.08501099,0.26405752,3.82672,4.595236e-09,0.0
0.19,0.1,0.1,0.3,0.085760444,0.085760444,0.26617178,3.8829415,-6.2812205e-10,0.0
0.195,0.1,0.1,0.3,0.08647242,0.08647242,0.26816168,3.9362206,-2.6115021e-09,0.0
0.2,0.1,0.1,0.3,0.0871488,0.0871488,0.27003452,3.9872735,-3.3439143e-09,0.0
0.20500000000000002,0.1,0.1,0.3,0.08779136,0.08779136,0.2717972,4.0366254,-2.444473e-09,0.0
0.21,0.1,0.1,0.3,0.088401794,0.088401794,0.2734562,4.0845137,2.6644633e-09,0.0
0.215,0.1,0.1,0.3,0.0889817,0.0889817,0.2750176,4.130971,6.572224e-09,0.0
0.22,0.1,0.1,0.3,0.08953262,0.08953262,0.27648714,4.1758842,-9.0298813e-10,0.0
0.225,0.1,0.1,0.3,0.09005599,0.09005599,0.27787024,4.2191024,1.3913802e-09,0.0
0.23,0.1,0.1,0.3,0.09055319,0.09055319,0.279172,4.2604737,-8.793608e-10,0.0
0.23500000000000001,0.1,0.1,0.3,0.091025524,0.091025524,0.28039718,4.2998867,-5.5530436e-10,0.0
0.24,0.1,0.1,0.3,0.09147425,0.09147425,0.2815503,4.337281,2.6408067e-10,0.0
0.245,0.1,0.1,0.3,0.091900535,0.091900535,0.28263557,4.37266,-1.8953776e-09,0.0
0.25,0.1,0.1,0.3,0.09230551,0.09230551,0.283657,4.4060645,3.2815732e-09,0.0
0.255,0.1,0.1,0.3,0.09269024,0.09269024,0.28461838,4.43758,-1.0056789e-09,0.0
0.26,0.1,0.1,0.3,0.093055725,0.093055725,0.28552318,4.4673095,3.6315655e-09,0.0
0.265,0.1,0.1,0.3,0.09340294,0.09340294,0.28637475,4.4953756,6.4311925e-09,0.0
0.27,0.1,0.1,0.3,0.09373279,0.09373279,0.28717622,4.521895,-1.2687374e-09,0.0
0.275,0.1,0.1,0.3,0.09404615,0.09404615,0.28793055,4.546991,6.434472e-09,0.0
0.28,0.1,0.1,0.3,0.09434385,0.09434385,0.28864053,4.5707736,-3.3557133e-09,0.0
0.28500000000000003,0.1,0.1,0.3,0.09462666,0.09462666,0.28930873,4.59334,-5.7177543e-09,0.0
0.29,0.1,0.1,0.3,0.094895326,0.094895326,0.28993762,4.6147723,5.8893272e-09,0.0
0.295,0.1,0.1,0.3,0.09515056,0.09515056,0.29052952,4.635127,9.795511e-10,0.0
0.3,0.1,0.1,0.3,0.09539303,0.09539303,0.2910866,4.654463,2.8306029e-09,0.0
0.305,0.1,0.1,0.3,0.09562338,0.09562338,0.29161093,4.672831,6.15546e-09,0.0
0.31,0.1,0.1,0.3,0.09584221,0.09584221,0.2921044,4.690274,-1.1176671e-09,0.0
0.315,0.1,0.1,0.3,0.0960501,0.0960501,0.29256883,4.7068334,-5.2085283e-09,0.0
0.32,0.1,0.1,0.3,0.09624759,0.09624759,0.29300597,4.722559,2.9510945e-09,0.0
0.325,0.1,0.1,0.3,0.09643521,0.09643521,0.2934174,4.737493,5.8945195e-09,0.0
0.33,0.1,0.1,0.3,0.09661345,0.09661345,0.29380462,4.7516756,2.8249336e-09,0.0
0.335,0.1,0.1,0.3,0.09678278,0.09678278,0.29416904,4.76514,-2.9542788e-09,0.0
0.34,0.1,0.1,0.3,0.09694364,0.09694364,0.29451203,4.777925,-4.6578887e-09,0.0
0.34500000000000003,0.1,0.1,0.3,0.09709646,0.09709646,0.29483485,4.7900605,8.836654e-09,0.0
0.35000000000000003,0.1,0.1,0.3,0.09724163,0.09724163,0.2951387,4.801582,1.122278e-08,0.0
0.355,0.1,0.1,0.3,0.09737955,0.09737955,0.29542464,4.8125186,-6.872558e-09,0.0
0.36,0.1,0.1,0.3,0.097510576,0.097510576,0.29569378,4.822904,4.678207e-09,0.0
0.365,0.1,0.1,0.3,0.097635046,0.097635046,0.2959471,4.8327694,7.1622273e-09,0.0
0.37,0.1,0.1,0.3,0.097753294,0.097753294,0.29618552,4.8421373,5.582047e-09,0.0
0.375,0.1,0.1,0.3,0.097865626,0.097865626,0.2964099,4.8510337,2.170496e-09,0.0
0.38,0.1,0.1,0.3,0.09797235,0.09797235,0.29662108,4.8594804,-1.8807793e-09,0.0
0.385,0.1,0.1,0.3,0.09807373,0.09807373,0.29681984,4.867503,-2.918467e-09,0.0
0.39,0.1,0.1,0.3,0.09817004,0.09817004,0.2970069,4.875123,1.3076609e-09,0.0
0.395,0.1,0.1,0.3,0.09826154,0.09826154,0.29718298,4.8823624,-1.7062558e-09,0.0
0.4,0.1,0.1,0.3,0.09834847,0.09834847,0.29734868,4.88924,-5.92869e-09,0.0
0.405,0.1,0.1,0.3,0.09843104,0.09843104,0.29750463,4.895776,-5.2469864e-09,0.0
0.41000000000000003,0.1,0.1,0.3,0.09850949,0.09850949,0.2976514,4.9019856,-5.679828e-09,0.0
0.41500000000000004,0.1,0.1,0.3,0.09858402,0.09858402,0.29778957,4.907882,-3.9984373e-11,0.0
0.42,0.1,0.1,0.3,0.098654814,0.098654814,0.2979196,4.913481,-6.213588e-10,0.0
0.425,0.1,0.1,0.3,0.09872207,0.09872207,0.29804197,4.9187965,-3.0384681e-09,0.0
0.43,0.1,0.1,0.3,0.09878597,0.09878597,0.29815716,4.9238434,-1.9066162e-09,0.0
0.435,0.1,0.1,0.3,0.09884667,0.09884667,0.29826555,4.928634,9.787069e-10,0.0
0.44,0.1,0.1,0.3,0.098904334,0.098904334,0.29836756,4.933186,-1.0654126e-08,0.0
0.445,0.1,0.1,0.3,0.09895912,0.09895912,0.29846358,4.9375105,-8.940783e-09,0.0
0.45,0.1,0.1,0.3,0.09901116,0.09901116,0.29855397,4.941619,-8.259339e-09,0.0
0.455,0.1,0.1,0.3,0.0990606,0.0990606,0.29863903,4.9455247,2.5885254e-09,0.0
0.46,0.1,0.1,0.3,0.09910757,0.09910757,0.29871908,4.9492364,-1.037645e-08,0.0
0.465,0.1,0.1,0.3,0.09915219,0.09915219,0.29879442,4.952763,1.0762455e-08,0.0
0.47000000000000003,0.1,0.1,0.3,0.09919459,0.09919459,0.29886535,4.9561105,-8.396851e-09,0.0
0.47500000000000003,0.1,0.1,0.3,0.09923486,0.09923486,0.2989321,4.9592896,-1.9162836e-09,0.0
0.48,0.1,0.1,0.3,0.099273115,0.099273115,0.29899493,4.962309,-8.715965e-09,0.0
0.485,0.1,0.1,0.3,0.09930946,0.09930946,0.29905406,4.9651794,-1.0075088e-08,0.0
0.49,0.1,0.1,0.3,0.099343985,0.099343985,0.2991097,4.9679103,5.741749e-09,0.0
0.495,0.1,0.1,0.3,0.09937678,0.09937678,0.29916206,4.970506,-1.0844712e-09,0.0
0.5,0.1,0.1,0.3,0.09940794,0.09940794,0.29921135,4.9729695,1.4668891e-08,0.0
0.505,0.1,0.1,0.3,0.09943754,0.09943754,0.29925776,4.975308,-1.08925615e-08,0.0
0.51,0.1,0.1,0.3,0.09946567,0.09946567,0.29930142,4.977527,3.0682323e-09,0.0
0.515,0.1,0.1,0.3,0.099492386,0.099492386,0.2993425,4.9796357,1.8674857e-09,0.0
0.52,0.1,0.1,0.3,0.09951777,0.09951777,0.2993812,4.9816465,1.5509228e-08,0.0
0.525,0.1,0.1,0.3,0.09954188,0.09954188,0.2994176,4.98357,1.1719992e-08,0.0
0.53,0.1,0.1,0.3,0.09956478,0.09956478,0.29945186,4.98539,1.5676578e-09,0.0
0.535,0.1,0.1,0.3,0.09958655,0.09958655,0.2994841,4.9862323,-6.812215e-10,0.0
0.54,0.1,0.1,0.3,0.09960722,0.09960722,0.29951444,4.986241,-7.193119e-10,0.0
0.545,0.1,0.1,0.3,0.09962686,0.09962686,0.299543,4.9862514,3.5673653e-09,0.0
0.55,0.1,0.1,0.3,0.09964552,0.09964552,0.29956988,4.9862647,5.480808e-10,0.0
0.555,0.1,0.1,0.3,0.09966324,0.09966324,0.29959518,4.986282,-6.8722454e-09,0.0
0.56,0.1,0.1,0.3,0.09968008,0.09968008,0.299619,4.9863024,4.1598092e-10,0.0
0.5650000000000001,0.1,0.1,0.3,0.09969608,0.09969608,0.2996414,4.986326,1.7419046e-09,0.0
0.5700000000000001,0.1,0.1,0.3,0.09971128,0.09971128,0.2996625,4.9863553,-1.1428545e-08,0.0
0.5750000000000001,0.1,0.1,0.3,0.099725716,0.099725716,0.29968235,4.9863877,-2.915634e-10,0.0
0.58,0.1,0.1,0.3,0.09973943,0.09973943,0.29970104,4.9864273,5.080489e-09,0.0
0.585,0.1,0.1,0.3,0.09975246,0.09975246,0.29971862,4.986473,1.0304505e-08,0.0
0.59,0.1,0.1,0.3,0.09976484,0.09976484,0.29973516,4.986634,-8.011002e-09,0.0
0.595,0.1,0.1,0.3,0.099776596,0.099776596,0.29975075,4.987069,1.0948591e-08,0.0
0.6,0.1,0.1,0.3,0.099787764,0.099787764,0.2997654,4.989115,8.093448e-09,0.0
0.605,0.1,0.1,0.3,0.099798374,0.099798374,0.2997792,4.9948397,3.758286e-09,0.0
0.61,0.1,0.1,0.3,0.099808455,0.099808455,0.2997922,5.002294,-8.910429e-09,0.0
0.615,0.1,0.1,0.3,0.09981803,0.09981803,0.29980442,5.010031,-5.404652e-09,0.0
0.62,0.1,0.1,0.3,0.099827126,0.099827126,0.29981592,5.017045,8.07494e-09,0.0
0.625,0.1,0.1,0.3,0.09983577,0.09983577,0.29982674,5.0227547,-9.950256e-10,0.0
0.63,0.1,0.1,0.3,0.09984398,0.09984398,0.29983693,5.0269313,1.2343754e-08,0.0
0.635,0.1,0.1,0.3,0.09985178,0.09985178,0.29984653,5.0296183,-1.3652698e-08,0.0
0.64,0.1,0.1,0.3,0.09985919,0.09985919,0.29985556,5.030456,-1.1403134e-09,0.0
0.645,0.1,0.1,0.3,0.099866234,0.099866234,0.29986405,5.0304513,-2.0100487e-08,0.0
0.65,0.1,0.1,0.3,0.099872924,0.099872924,0.29987204,5.030446,-7.69393e-09,0.0
0.655,0.1,0.1,0.3,0.09987928,0.09987928,0.29987958,5.030444,-8.4677876e-11,0.0
0.66,0.1,0.1,0.3,0.099885315,0.099885315,0.29988667,5.0304427,6.9820185e-09,0.0
0.665,0.1,0.1,0.3,0.09989105,0.09989105,0.29989335,5.030441,-7.709945e-09,0.0
0.67,0.1,0.1,0.3,0.0998965,0.0998965,0.29989964,5.0304394,-1.288768e-09,0.0
0.675,0.1,0.1,0.3,0.099901676,0.099901676,0.29990554,5.0304394,-1.3385885e-09,0.0
0.68,0.1,0.1,0.3,0.09990659,0.09990659,0.29991108,5.0304394,-3.4706032e-10,0.0
0.685,0.1,0.1,0.3,0.099911265,0.099911265,0.29991633,5.0304394,-3.4849108e-09,0.0
0.6900000000000001,0.1,0.1,0.3,0.0999157,0.0999157,0.29992124,5.0304394,-3.0935534e-09,0.0
0.6950000000000001,0.1,0.1,0.3,0.099919915,0.099919915,0.29992586,5.030441,-2.786029e-09,0.0
0.7000000000000001,0.1,0.1,0.3,0.099923916,0.099923916,0.2999302,5.0304427,-8.799335e-09,0.0
0.705,0.1,0.1,0.3,0.09992772,0.09992772,0.29993433,5.030444,-6.3910717e-09,0.0
0.71,0.1,0.1,0.3,0.09993134,0.09993134,0.2999382,5.030446,5.7511285e-09,0.0
0.715,0.1,0.1,0.3,0.09993477,0.09993477,0.29994184,5.0304475,-7.0922157e-09,0.0
0.72,0.1,0.1,0.3,0.099938035,0.099938035,0.29994527,5.0304513,-7.563445e-09,0.0
0.725,0.1,0.1,0.3,0.099941134,0.099941134,0.29994848,5.0304546,-1.0631466e-09,0.0
0.73,0.1,0.1,0.3,0.09994408,0.09994408,0.29995152,5.030458,8.901454e-09,0.0
0.735,0.1,0.1,0.3,0.09994687,0.09994687,0.29995438,5.0304613,-2.926801e-09,0.0
0.74,0.1,0.1,0.3,0.09994953,0.09994953,0.29995707,5.0304646,-6.1024292e-09,0.0
0.745,0.1,0.1,0.3,0.09995206,0.09995206,0.2999596,5.030468,-5.4812523e-09,0.0
0.75,0.1,0.1,0.3,0.099954456,0.099954456,0.29996198,5.030473,7.710436e-09,0.0
0.755,0.1,0.1,0.3,0.099956736,0.099956736,0.29996422,5.0304785,6.9465154e-09,0.0
0.76,0.1,0.1,0.3,0.0999589,0.0999589,0.29996634,5.0304837,1.063992e-08,0.0
0.765,0.1,0.1,0.3,0.09996095,0.09996095,0.2999683,5.0304885,-6.492786e-09,0.0
0.77,0.1,0.1,0.3,0.099962905,0.099962905,0.29997018,5.0304956,-1.6419023e-08,0.0
0.775,0.1,0.1,0.3,0.09996476,0.09996476,0.29997194,5.0305023,1.9299928e-09,0.0
0.78,0.1,0.1,0.3,0.09996652,0.09996652,0.29997358,5.030509,-1.5711498e-08,0.0
0.785,0.1,0.1,0.3,0.099968195,0.099968195,0.29997513,5.030516,-5.8394396e-09,0.0
0.79,0.1,0.1,0.3,0.09996978,0.09996978,0.2999766,5.030523,2.143225e-09,0.0
0.795,0.1,0.1,0.3,0.099971294,0.099971294,0.29997796,5.0305295,3.360966e-09,0.0
0.8,0.1,0.1,0.3,0.09997273,0.09997273,0.29997927,5.0305367,-7.77612e-09,0.0
0.805,0.1,0.1,0.3,0.099974096,0.099974096,0.2999805,5.030545,9.44135e-09,0.0
0.81,0.1,0.1,0.3,0.09997539,0.09997539,0.29998165,5.0305533,-7.365801e-09,0.0
0.8150000000000001,0.1,0.1,0.3,0.09997662,0.09997662,0.29998273,5.030562,-5.4017346e-12,0.0
0.8200000000000001,0.1,0.1,0.3,0.09997779,0.09997779,0.29998374,5.0305705,-6.3270833e-09,0.0
0.8250000000000001,0.1,0.1,0.3,0.0999789,0.0999789,0.2999847,5.030579,1.6619306e-09,0.0
0.8300000000000001,0.1,0.1,0.3,0.09997996,0.09997996,0.2999856,5.0305877,-4.42415e-09,0.0
0.835,0.1,0.1,0.3,0.09998096,0.09998096,0.29998642,5.0305963,8.759686e-09,0.0
0.84,0.1,0.1,0.3,0.09998191,0.09998191,0.29998723,5.030605,7.461946e-09,0.0
0.845,0.1,0.1,0.3,0.09998281,0.09998281,0.29998797,5.0306134,-1.8744513e-09,0.0
0.85,0.1,0.1,0.3,0.09998367,0.09998367,0.2999887,5.030622,-3.2106426e-09,0.0
0.855,0.1,0.1,0.3,0.09998449,0.09998449,0.29998934,5.0306306,-2.1302622e-09,0.0
0.86,0.1,0.1,0.3,0.099985264,0.099985264,0.29998997,5.030639,-3.2387613e-09,0.0
0.865,0.1,0.1,0.3,0.099986,0.099986,0.29999056,5.0306473,1.9058849e-08,0.0
0.87,0.1,0.1,0.3,0.0999867,0.0999867,0.29999113,5.030656,8.837393e-09,0.0
0.875,0.1,0.1,0.3,0.099987365,0.099987365,0.29999167,5.0306644,-9.387982e-09,0.0
0.88,0.1,0.1,0.3,0.099988,0.099988,0.29999214,5.030673,-5.797961e-09,0.0
0.885,0.1,0.1,0.3,0.0999886,0.0999886,0.29999262,5.0306816,1.2893079e-08,0.0
0.89,0.1,0.1,0.3,0.09998917,0.09998917,0.29999307,5.03069,-7.822186e-09,0.0
0.895,0.1,0.1,0.3,0.09998971,0.09998971,0.2999935,5.030699,-3.895091e-09,0.0
0.9,0.1,0.1,0.3,0.09999023,0.09999023,0.29999387,5.0307074,-8.507215e-09,0.0
0.905,0.1,0.1,0.3,0.09999072,0.09999072,0.29999423,5.030716,1.058603e-08,0.0
0.91,0.1,0.1,0.3,0.09999118,0.09999118,0.29999456,5.0307245,9.871394e-09,0.0
0.915,0.1,0.1,0.3,0.09999162,0.09999162,0.2999949,5.0307326,8.617465e-10,0.0
0.92,0.1,0.1,0.3,0.09999204,0.09999204,0.29999518,5.030741,-2.7947409e-09,0.0
0.925,0.1,0.1,0.3,0.09999243,0.09999243,0.29999548,5.03075,1.904494e-09,0.0
0.93,0.1,0.1,0.3,0.09999281,0.09999281,0.29999575,5.0307584,-1.0884211e-09,0.0
0.935,0.1,0.1,0.3,0.09999317,0.09999317,0.299996,5.030767,-2.4976068e-09,0.0
0.9400000000000001,0.1,0.1,0.3,0.09999351,0.09999351,0.29999623,5.0307755,-1.8462425e-09,0.0
0.9450000000000001,0.1,0.1,0.3,0.09999384,0.09999384,0.29999644,5.030784,-3.0496043e-09,0.0
0.9500000000000001,0.1,0.1,0.3,0.099994145,0.099994145,0.29999664,5.0307927,-2.2675013e-09,0.0
0.9550000000000001,0.1,0.1,0.3,0.099994436,0.099994436,0.29999685,5.0308013,-1.5581153e-09,0.0
0.96,0.1,0.1,0.3,0.09999471,0.09999471,0.29999703,5.03081,-5.9065903e-09,0.0
0.965,0.1,0.1,0.3,0.09999497,0.09999497,0.2999972,5.0308185,-1.7954288e-09,0.0
0.97,0.1,0.1,0.3,0.099995226,0.099995226,0.2999974,5.0308266,-1.3532083e-08,0.0
0.975,0.1,0.1,0.3,0.099995464,0.099995464,0.29999754,5.030835,4.95919e-09,0.0
0.98,0.1,0.1,0.3,0.09999569,0.09999569,0.2999977,5.0308437,9.733978e-09,0.0
0.985,0.1,0.1,0.3,0.0999959,0.0999959,0.29999784,5.0308523,-3.1334977e-09,0.0
0.99,0.1,0.1,0.3,0.099996105,0.099996105,0.29999796,5.030861,-8.285e-09,0.0
0.995,0.1,0.1,0.3,0.0999963,0.0999963,0.29999807,5.0308695,-7.1968427e-09,0.0
1.0,0.1,0.1,0.3,0.099996485,0.099996485,0.2999982,5.030878,-7.114619e-10,0.0
1.0050000000000001,0.1,0.1,0.3,0.09999666,0.09999666,0.2999983,5.0308867,-1.00879936e-08,0.0
1.01,0.1,0.1,0.3,0.09999683,0.09999683,0.2999984,5.030895,-5.8099374e-09,0.0
1.0150000000000001,0.1,0.1,0.3,0.099996984,0.099996984,0.2999985,5.030904,7.197562e-09,0.0
1.02,0.1,0.1,0.3,0.09999713,0.09999713,0.29999858,5.030912,-2.6532472e-09,0.0
1.025,0.1,0.1,0.3,0.099997275,0.099997275,0.29999867,5.0309205,1.3155924e-09,0.0
1.03,0.1,0.1,0.3,0.09999741,0.09999741,0.29999876,5.030929,9.331998e-09,0.0
1.035,0.1,0.1,0.3,0.099997535,0.099997535,0.29999882,5.0309377,5.7618283e-09,0.0
1.04,0.1,0.1,0.3,0.09999766,0.09999766,0.29999888,5.0309463,1.5321772e-08,0.0
1.045,0.1,0.1,0.3,0.09999778,0.09999778,0.29999894,5.030955,9.085316e-10,0.0
1.05,0.1,0.1,0.3,0.09999789,0.09999789,0.299999,5.0309634,3.453159e-09,0.0
1.055,0.1,0.1,0.3,0.099998,0.099998,0.29999906,5.030972,-3.1760699e-09,0.0
1.06,0.1,0.1,0.3,0.099998094,0.099998094,0.29999912,5.0309806,-1.8142998e-08,0.0
1.065,0.1,0.1,0.3,0.09999819,0.09999819,0.29999918,5.030989,9.4081125e-09,0.0
1.07,0.1,0.1,0.3,0.09999828,0.09999828,0.29999924,5.0309978,-1.5428853e-09,0.0
1.075,0.1,0.1,0.3,0.09999837,0.09999837,0.2999993,5.031006,-9.263036e-09,0.0
1.08,0.1,0.1,0.3,0.09999845,0.09999845,0.29999933,5.0310144,-6.8558244e-09,0.0
1.085,0.1,0.1,0.3,0.09999853,0.09999853,0.29999936,5.031023,-1.779242e-10,0.0
1.09,0.1,0.1,0.3,0.0999986,0.0999986,0.2999994,5.0310316,-1.2465069e-08,0.0
1.095,0.1,0.1,0.3,0.09999867,0.09999867,0.29999942,5.03104,6.1686523e-09,0.0
1.1,0.1,0.1,0.3,0.099998735,0.099998735,0.29999945,5.031049,5.5237277e-09,0.0
1.105,0.1,0.1,0.3,0.099998794,0.099998794,0.29999948,5.0310574,-5.747993e-09,0.0
1.11,0.1,0.1,0.3,0.099998854,0.099998854,0.2999995,5.031066,-1.21548345e-08,0.0
1.115,0.1,0.1,0.3,0.09999891,0.09999891,0.29999954,5.0310745,7.381617e-09,0.0
1.12,0.1,0.1,0.3,0.099998966,0.099998966,0.29999956,5.031083,-7.685875e-10,0.0
1.125,0.1,0.1,0.3,0.09999902,0.09999902,0.2999996,5.0310917,-8.504885e-09,0.0
1.1300000000000001,0.1,0.1,0.3,0.09999907,0.09999907,0.29999962,5.0311,-3.0503728e-09,0.0
1.135,0.1,0.1,0.3,0.099999115,0.099999115,0.29999965,5.0311084,3.7093033e-09,0.0
1.1400000000000001,0.1,0.1,0.3,0.09999916,0.09999916,0.29999968,5.031117,8.7749e-09,0.0
1.145,0.1,0.1,0.3,0.099999204,0.099999204,0.2999997,5.0311255,-8.675672e-09,0.0
1.1500000000000001,0.1,0.1,0.3,0.09999924,0.09999924,0.29999974,5.031134,-3.4607093e-09,0.0
1.155,0.1,0.1,0.3,0.09999928,0.09999928,0.29999977,5.0311427,-9.023286e-09,0.0
1.16,0.1,0.1,0.3,0.099999316,0.099999316,0.29999977,5.0311513,-1.633733e-08,0.0
1.165,0.1,0.1,0.3,0.09999935,0.09999935,0.29999977,5.03116,-7.582692e-09,0.0
1.17,0.1,0.1,0.3,0.09999938,0.09999938,0.29999977,5.0311685,-2.9569824e-09,0.0
1.175,0.1,0.1,0.3,0.09999941,0.09999941,0.29999977,5.031177,3.6292724e-10,0.0
1.18,0.1,0.1,0.3,0.09999944,0.09999944,0.29999977,5.031185,6.1479226e-09,0.0
1.185,0.1,0.1,0.3,0.09999947,0.09999947,0.29999977,5.0311937,-7.1375243e-09,0.0
1.19,0.1,0.1,0.3,0.0999995,0.0999995,0.29999977,5.0312023,4.338757e-09,0.0
1.195,0.1,0.1,0.3,0.099999525,0.099999525,0.29999977,5.031211,-1.6115818e-08,0.0
1.2,0.1,0.1,0.3,0.09999955,0.09999955,0.29999977,5.0312195,-1.2952938e-08,0.0
1.205,0.1,0.1,0.3,0.09999957,0.09999957,0.29999977,5.031228,3.1892176e-09,0.0
1.21,0.1,0.1,0.3,0.09999959,0.09999959,0.29999977,5.0312366,7.852112e-09,0.0
1.215,0.1,0.1,0.3,0.099999614,0.099999614,0.29999977,5.031245,-2.6548388e-09,0.0
1.22,0.1,0.1,0.3,0.09999964,0.09999964,0.29999977,5.031254,-5.268805e-09,0.0
1.225,0.1,0.1,0.3,0.09999965,0.09999965,0.29999977,5.0312624,-6.225865e-09,0.0
1.23,0.1,0.1,0.3,0.099999666,0.099999666,0.29999977,5.031271,-5.1732774e-09,0.0
1.235,0.1,0.1,0.3,0.09999968,0.09999968,0.29999977,5.031279,-1.1714626e-09,0.0
1.24,0.1,0.1,0.3,0.099999696,0.099999696,0.29999977,5.0312877,-7.527432e-09,0.0
1.245,0.1,0.1,0.3,0.09999971,0.09999971,0.29999977,5.0312963,6.9406862e-09,0.0
1.25,0.1,0.1,0.3,0.099999726,0.099999726,0.29999977,5.031305,7.458642e-09,0.0
1.2550000000000001,0.1,0.1,0.3,0.09999974,0.09999974,0.29999977,5.0313134,-9.272485e-09,0.0
1.26,0.1,0.1,0.3,0.099999756,0.099999756,0.29999977,5.031322,-1.0177753e-08,0.0
1.2650000000000001,0.1,0.1,0.3,0.09999977,0.09999977,0.29999977,5.0313306,-8.969831e-09,0.0
1.27,0.1,0.1,0.3,0.099999785,0.099999785,0.29999977,5.031339,9.0737355e-09,0.0
1.2750000000000001,0.1,0.1,0.3,0.09999979,0.09999979,0.29999977,5.0313478,5.2829257e-09,0.0
1.28,0.1,0.1,0.3,0.0999998,0.0999998,0.29999977,5.0313563,6.6798846e-09,0.0
1.285,0.1,0.1,0.3,0.09999981,0.09999981,0.29999977,5.0313644,-4.865573e-09,0.0
1.29,0.1,0.1,0.3,0.099999815,0.099999815,0.29999977,5.031373,-3.7451957e-09,0.0
1.295,0.1,0.1,0.3,0.09999982,0.09999982,0.29999977,5.0313816,-6.1905667e-09,0.0
1.3,0.1,0.1,0.3,0.09999983,0.09999983,0.29999977,5.03139,-3.7336396e-09,0.0
1.305,0.1,0.1,0.3,0.09999984,0.09999984,0.29999977,5.031399,9.084349e-09,0.0
1.31,0.1,0.1,0.3,0.099999845,0.099999845,0.29999977,5.0314074,5.969992e-09,0.0
1.315,0.1,0.1,0.3,0.09999985,0.09999985,0.29999977,5.031416,-1.1893739e-09,0.0
1.32,0.1,0.1,0.3,0.09999986,0.09999986,0.29999977,5.0314245,-3.3123724e-09,0.0
1.325,0.1,0.1,0.3,0.09999987,0.09999987,0.29999977,5.031433,1.4513592e-08,0.0
1.33,0.1,0.1,0.3,0.099999875,0.099999875,0.29999977,5.0314417,7.783161e-09,0.0
1.335,0.1,0.1,0.3,0.09999988,0.09999988,0.29999977,5.0314503,1.2612e-08,0.0
1.34,0.1,0.1,0.3,0.09999989,0.09999989,0.29999977,5.0314584,8.88097e-09,0.0
1.345,0.1,0.1,0.3,0.0999999,0.0999999,0.29999977,5.031467,-1.116632e-08,0.0
1.35,0.1,0.1,0.3,0.099999905,0.099999905,0.29999977,5.0314755,-1.0040086e-08,0.0
1.355,0.1,0.1,0.3,0.09999991,0.09999991,0.29999977,5.031484,-7.3027406e-09,0.0
1.36,0.1,0.1,0.3,0.09999992,0.09999992,0.29999977,5.0314927,8.844844e-09,0.0
1.365,0.1,0.1,0.3,0.09999993,0.09999993,0.29999977,5.0315013,-1.3993743e-09,0.0
1.37,0.1,0.1,0.3,0.09999993,0.09999993,0.29999977,5.03151,-3.0752993e-09,0.0
1.375,0.1,0.1,0.3,0.09999993,0.09999993,0.29999977,5.0315185,-2.6338234e-09,0.0
1.3800000000000001,0.1,0.1,0.3,0.09999993,0.09999993,0.29999977,5.031527,8.7762e-09,0.0
1.385,0.1,0.1,0.3,0.09999993,0.09999993,0.29999977,5.0315356,-2.7762923e-10,0.0
1.3900000000000001,0.1,0.1,0.3,0.09999993,0.09999993,0.29999977,5.0315437,1.345861e-08,0.0
1.395,0.1,0.1,0.3,0.09999993,0.09999993,0.29999977,5.0315523,2.7710363e-09,0.0
1.4000000000000001,0.1,0.1,0.3,0.09999993,0.09999993,0.29999977,5.031561,2.3403959e-09,0.0
1.405,0.1,0.1,0.3,0.09999993,0.09999993,0.29999977,5.0315695,-5.62651e-09,0.0
1.41,0.1,0.1,0.3,0.09999993,0.09999993,0.29999977,5.031578,-6.2249685e-09,0.0
1.415,0.1,0.1,0.3,0.09999993,0.09999993,0.29999977,5.0315866,1.2120486e-08,0.0
1.42,0.1,0.1,0.3,0.09999993,0.09999993,0.29999977,5.031595,-2.6117692e-09,0.0
1.425,0.1,0.1,0.3,0.09999993,0.09999993,0.29999977,5.031604,-4.6854858e-09,0.0
1.43,0.1,0.1,0.3,0.09999993,0.09999993,0.29999977,5.0316124,-2.8917426e-09,0.0
1.435,0.1,0.1,0.3,0.09999993,0.09999993,0.29999977,5.031621,-1.6929972e-09,0.0
1.44,0.1,0.1,0.3,0.09999993,0.09999993,0.29999977,5.0316296,-1.8331295e-09,0.0
1.445,0.1,0.1,0.3,0.09999993,0.09999993,0.29999977,5.0316377,-4.067731e-09,0.0
1.45,0.1,0.1,0.3,0.09999993,0.09999993,0.29999977,5.0316463,-3.5106758e-09,0.0
1.455,0.1,0.1,0.3,0.09999993,0.09999993,0.29999977,5.031655,-1.1391295e-08,0.0
1.46,0.1,0.1,0.3,0.09999993,0.09999993,0.29999977,5.0316634,-9.289881e-09,0.0
1.465,0.1,0.1,0.3,0.09999993,0.09999993,0.29999977,5.031672,-1.24047865e-08,0.0
1.47,0.1,0.1,0.3,0.09999993,0.09999993,0.29999977,5.0316806,-6.3103887e-09,0.0
1.475,0.1,0.1,0.3,0.09999993,0.09999993,0.29999977,5.031689,-8.61025e-09,0.0
1.48,0.1,0.1,0.3,0.09999993,0.09999993,0.29999977,5.0316978,-6.153305e-09,0.0
1.485,0.1,0.1,0.3,0.09999993,0.09999993,0.29999977,5.0317063,-4.084165e-09,0.0
1.49,0.1,0.1,0.3,0.09999993,0.09999993,0.29999977,5.031715,-3.414873e-09,0.0
1.495,0.1,0.1,0.3,0.09999993,0.09999993,0.29999977,5.031723,1.6573436e-09,0.0
1.5,0.1,0.1,0.3,0.09999993,0.09999993,0.29999977,5.0317316,1.4782771e-09,0.0
1.5050000000000001,0.1,0.1,0.3,0.09999993,0.09999993,0.29999977,5.03174,1.7462075e-09,0.0
1.51,0.1,0.1,0.3,0.09999993,0.09999993,0.29999977,5.031749,-4.5236224e-09,0.0
1.5150000000000001,0.1,0.1,0.3,0.09999993,0.09999993,0.29999977,5.0317574,2.0533713e-09,0.0
1.52,0.1,0.1,0.3,0.09999993,0.09999993,0.29999977,5.031766,-1.272289e-08,0.0
1.5250000000000001,0.1,0.1,0.3,0.09999993,0.09999993,0.29999977,5.0317745,1.757166e-09,0.0
1.53,0.1,0.1,0.3,0.09999993,0.09999993,0.29999977,5.031783,2.092323e-09,0.0
1.5350000000000001,0.1,0.1,0.3,0.09999993,0.09999993,0.29999977,5.0317917,2.2379847e-09,0.0
1.54,0.1,0.1,0.3,0.09999993,0.09999993,0.29999977,5.0318003,8.542046e-09,0.0
1.545,0.1,0.1,0.3,0.09999993,0.09999993,0.29999977,5.031809,4.123341e-09,0.0
1.55,0.1,0.1,0.3,0.09999993,0.09999993,0.29999977,5.031817,-6.7990977e-09,0.0
1.555,0.1,0.1,0.3,0.09999993,0.09999993,0.29999977,5.0318255,-6.8347914e-09,0.0
1.56,0.1,0.1,0.3,0.09999993,0.09999993,0.29999977,5.031834,3.4542058e-09,0.0
1.565,0.1,0.1,0.3,0.09999993,0.09999993,0.29999977,5.0318427,5.275506e-09,0.0
1.57,0.1,0.1,0.3,0.09999993,0.09999993,0.29999977,5.0318513,-6.995745e-09,0.0
1.575,0.1,0.1,0.3,0.09999993,0.09999993,0.29999977,5.03186,-3.4874184e-09,0.0
1.58,0.1,0.1,0.3,0.09999993,0.09999993,0.29999977,5.0318685,-1.4904346e-08,0.0
1.585,0.1,0.1,0.3,0.09999993,0.09999993,0.29999977,5.031877,-2.8412322e-10,0.0
1.59,0.1,0.1,0.3,0.09999993,0.09999993,0.29999977,5.0318856,-2.3593794e-09,0.0
1.595,0.1,0.1,0.3,0.09999993,0.09999993,0.29999977,5.031894,7.925715e-09,0.0
1.6,0.1,0.1,0.3,0.09999993,0.09999993,0.29999977,5.0319023,-5.9371397e-09,0.0
1.605,0.1,0.1,0.3,0.09999993,0.09999993,0.29999977,5.031911,-1.3521192e-08,0.0
1.61,0.1,0.1,0.3,0.09999993,0.09999993,0.29999977,5.0319195,-4.558974e-09,0.0
1.615,0.1,0.1,0.3,0.09999993,0.09999993,0.29999977,5.031928,-4.6537547e-09,0.0
1.62,0.1,0.1,0.3,0.09999993,0.09999993,0.29999977,5.0319366,8.965252e-09,0.0
1.625,0.1,0.1,0.3,0.09999993,0.09999993,0.29999977,5.031945,1.0316186e-08,0.0
1.6300000000000001,0.1,0.1,0.3,0.09999993,0.09999993,0.29999977,5.031954,-1.4814469e-09,0.0
1.635,0.1,0.1,0.3,0.09999993,0.09999993,0.29999977,5.0319624,-2.0189421e-09,0.0
1.6400000000000001,0.1,0.1,0.3,0.09999993,0.09999993,0.29999977,5.031971,-5.839825e-09,0.0
1.645,0.1,0.1,0.3,0.09999993,0.09999993,0.29999977,5.0319796,9.63982e-09,0.0
1.6500000000000001,0.1,0.1,0.3,0.09999993,0.09999993,0.29999977,5.031988,-2.571238e-09,0.0
1.655,0.1,0.1,0.3,0.09999993,0.09999993,0.29999977,5.0319963,-5.3992912e-09,0.0
1.6600000000000001,0.1,0.1,0.3,0.09999993,0.09999993,0.29999977,5.032005,7.3125586e-09,0.0
1.665,0.1,0.1,0.3,0.09999993,0.09999993,0.29999977,5.0320134,5.1431495e-09,0.0
1.67,0.1,0.1,0.3,0.09999993,0.09999993,0.29999977,5.032022,7.0169768e-09,0.0
1.675,0.1,0.1,0.3,0.09999993,0.09999993,0.29999977,5.0320306,-3.0335616e-09,0.0
1.68,0.1,0.1,0.3,0.09999993,0.09999993,0.29999977,5.032039,-3.0584462e-09,0.0
1.685,0.1,0.1,0.3,0.09999993,0.09999993,0.29999977,5.0320477,-2.655071e-09,0.0
1.69,0.1,0.1,0.3,0.09999993,0.09999993,0.29999977,5.0320563,5.4221103e-09,0.0
1.695,0.1,0.1,0.3,0.09999993,0.09999993,0.29999977,5.032065,-5.462587e-09,0.0
1.7,0.1,0.1,0.3,0.09999993,0.09999993,0.29999977,5.0320735,-1.6985966e-09,0.0
1.705,0.1,0.1,0.3,0.09999993,0.09999993,0.29999977,5.0320816,2.0850413e-10,0.0
1.71,0.1,0.1,0.3,0.09999993,0.09999993,0.29999977,5.03209,-1.8307773e-09,0.0
1.715,0.1,0.1,0.3,0.09999993,0.09999993,0.29999977,5.032099,1.8231091e-09,0.0
1.72,0.1,0.1,0.3,0.09999993,0.09999993,0.29999977,5.0321074,2.2098394e-09,0.0
1.725,0.1,0.1,0.3,0.09999993,0.09999993,0.29999977,5.032116,7.611743e-09,0.0
1.73,0.1,0.1,0.3,0.09999993,0.09999993,0.29999977,5.0321245,7.633776e-09,0.0
1.735,0.1,0.1,0.3,0.09999993,0.09999993,0.29999977,5.032133,-5.4259113e-09,0.0
1.74,0.1,0.1,0.3,0.09999993,0.09999993,0.29999977,5.0321417,-1.18695125e-08,0.0
1.745,0.1,0.1,0.3,0.09999993,0.09999993,0.29999977,5.0321503,2.5305442e-09,0.0
1.75,0.1,0.1,0.3,0.09999993,0.09999993,0.29999977,5.032159,-4.410373e-09,0.0
1.7550000000000001,0.1,0.1,0.3,0.09999993,0.09999993,0.29999977,5.0321674,-4.598884e-09,0.0
1.76,0.1,0.1,0.3,0.09999993,0.09999993,0.29999977,5.0321755,-4.9269473e-09,0.0
1.7650000000000001,0.1,0.1,0.3,0.09999993,0.09999993,0.29999977,5.032184,-5.166192e-09,0.0
1.77,0.1,0.1,0.3,0.09999993,0.09999993,0.29999977,5.0321927,1.2437977e-08,0.0
1.7750000000000001,0.1,0.1,0.3,0.09999993,0.09999993,0.29999977,5.0322013,4.7799107e-09,0.0
1.78,0.1,0.1,0.3,0.09999993,0.09999993,0.29999977,5.03221,5.042219e-09,0.0
1.7850000000000001,0.1,0.1,0.3,0.09999993,0.09999993,0.29999977,5.0322185,-4.9234936e-11,0.0
1.79,0.1,0.1,0.3,0.09999993,0.09999993,0.29999977,5.032227,3.197263e-09,0.0
1.795,0.1,0.1,0.3,0.09999993,0.09999993,0.29999977,5.0322356,-1.8768913e-09,0.0
1.8,0.1,0.1,0.3,0.09999993,0.09999993,0.29999977,5.032244,-8.1812175e-09,0.0
1.805,0.1,0.1,0.3,0.09999993,0.09999993,0.29999977,5.032253,1.9190114e-09,0.0
1.81,0.1,0.1,0.3,0.09999993,0.09999993,0.29999977,5.032261,-9.197212e-09,0.0
1.815,0.1,0.1,0.3,0.09999993,0.09999993,0.29999977,5.0322695,1.2329266e-09,0.0
1.82,0.1,0.1,0.3,0.09999993,0.09999993,0.29999977,5.032278,-8.779921e-09,0.0
1.825,0.1,0.1,0.3,0.09999993,0.09999993,0.29999977,5.0322866,2.5895421e-09,0.0
1.83,0.1,0.1,0.3,0.09999993,0.09999993,0.29999977,5.032295,-2.7859828e-09,0.0
1.835,0.1,0.1,0.3,0.09999993,0.09999993,0.29999977,5.032304,3.1618295e-09,0.0
1.84,0.1,0.1,0.3,0.09999993,0.09999993,0.29999977,5.0323124,-1.7321826e-08,0.0
1.845,0.1,0.1,0.3,0.09999993,0.09999993,0.29999977,5.032321,-2.8430565e-09,0.0
1.85,0.1,0.1,0.3,0.09999993,0.09999993,0.29999977,5.0323296,-2.8648757e-09,0.0
1.855,0.1,0.1,0.3,0.09999993,0.09999993,0.29999977,5.032338,8.312918e-09,0.0
1.86,0.1,0.1,0.3,0.09999993,0.09999993,0.29999977,5.0323467,-1.9216377e-09,0.0
1.865,0.1,0.1,0.3,0.09999993,0.09999993,0.29999977,5.032355,1.46944465e-08,0.0
1.87,0.1,0.1,0.3,0.09999993,0.09999993,0.29999977,5.0323634,8.501557e-09,0.0
1.875,0.1,0.1,0.3,0.09999993,0.09999993,0.29999977,5.032372,-6.923016e-09,0.0
1.8800000000000001,0.1,0.1,0.3,0.09999993,0.09999993,0.29999977,5.0323806,-8.2612933e-10,0.0
1.885,0.1,0.1,0.3,0.09999993,0.09999993,0.29999977,5.032389,-8.08108e-09,0.0
1.8900000000000001,0.1,0.1,0.3,0.09999993,0.09999993,0.29999977,5.032396,-2.1713598e-09,0.0
1.895,0.1,0.1,0.3,0.09999993,0.09999993,0.29999977,5.0324035,-2.3465025e-09,0.0
1.9000000000000001,0.1,0.1,0.3,0.09999993,0.09999993,0.29999977,5.0324116,-5.857456e-09,0.0
1.905,0.1,0.1,0.3,0.09999993,0.09999993,0.29999977,5.0324183,1.6618187e-09,0.0
1.9100000000000001,0.1,0.1,0.3,0.09999993,0.09999993,0.29999977,5.032426,-7.1139294e-09,0.0
1.915,0.1,0.1,0.3,0.09999993,0.09999993,0.29999977,5.032433,-8.290502e-09,0.0
1.92,0.1,0.1,0.3,0.09999993,0.09999993,0.29999977,5.03244,-8.1860945e-09,0.0
1.925,0.1,0.1,0.3,0.09999993,0.09999993,0.29999977,5.032448,-8.527914e-09,0.0
1.93,0.1,0.1,0.3,0.09999993,0.09999993,0.29999977,5.0324545,-3.7857978e-10,0.0
1.935,0.1,0.1,0.3,0.09999993,0.09999993,0.29999977,5.032461,5.8061125e-09,0.0
1.94,0.1,0.1,0.3,0.09999993,0.09999993,0.29999977,5.0324683,9.29153e-09,0.0
1.945,0.1,0.1,0.3,0.09999993,0.09999993,0.29999977,5.032475,1.2398339e-08,0.0
1.95,0.1,0.1,0.3,0.09999993,0.09999993,0.29999977,5.0324817,1.0034201e-08,0.0
1.955,0.1,0.1,0.3,0.09999993,0.09999993,0.29999977,5.032489,1.2414944e-08,0.0
1.96,0.1,0.1,0.3,0.09999993,0.09999993,0.29999977,5.0324955,5.6583307e-09,0.0
1.965,0.1,0.1,0.3,0.09999993,0.09999993,0.29999977,5.032502,9.21502e-09,0.0
1.97,0.1,0.1,0.3,0.09999993,0.09999993,0.29999977,5.0325093,3.6299828e-09,0.0
1.975,0.1,0.1,0.3,0.09999993,0.09999993,0.29999977,5.032516,3.0326557e-09,0.0
1.98,0.1,0.1,0.3,0.09999993,0.09999993,0.29999977,5.0325227,1.2990186e-09,0.0
1.985,0.1,0.1,0.3,0.09999993,0.09999993,0.29999977,5.03253,6.9934947e-09,0.0
1.99,0.1,0.1,0.3,0.09999993,0.09999993,0.29999977,5.0325365,-1.29923e-09,0.0
1.995,0.1,0.1,0.3,0.09999993,0.09999993,0.29999977,5.032543,-1.4097887e-08,0.0
2.0,0.10702426,0.10095882,0.288,0.099999934,0.099999934,0.29999986,5.0325503,-6.332221e-09,0.0
2.005,0.10702426,0.10095882,0.288,0.10032879,0.10004746,0.29999992,5.032557,4.9321556e-09,0.0
2.0100000000000002,0.10702426,0.10095882,0.288,0.10066593,0.100093074,0.29623088,5.032571,3.7454004e-09,0.0
2.015,0.10702426,0.10095882,0.288,0.10098609,0.1001364,0.2929333,5.0325756,-1.0941362e-08,0.0
2.02,0.11404853,0.101917654,0.276,0.101292305,0.1001776,0.29236653,5.0326185,-8.9560935e-11,0.0
2.025,0.11404853,0.101917654,0.276,0.10188916,0.10026385,0.29121503,5.036715,-2.7672593e-08,0.0
2.0300000000000002,0.11404853,0.101917654,0.276,0.102505796,0.1003467,0.2903672,5.0486565,-4.4029555e-10,0.0
2.035,0.11404853,0.101917654,0.276,0.10309116,0.1004254,0.28974292,5.069743,6.4867947e-09,0.0
2.04,0.12107281,0.10287647,0.264,0.10365082,0.100500226,0.28940037,5.0995374,3.441292e-08,0.0
2.045,0.12107281,0.10287647,0.264,0.10446507,0.100618,0.28912514,5.13635,-3.5025277e-08,0.0
2.05,0.12107281,0.10287647,0.264,0.10531333,0.100731246,0.28713045,5.1795487,3.3110403e-08,0.0
2.055,0.12107281,0.10287647,0.264,0.10611827,0.10083882,0.28494287,5.228883,9.010451e-09,0.0
2.06,0.12809709,0.10383529,0.252,0.10688761,0.10094109,0.28403828,5.283258,-8.110099e-09,0.0
2.065,0.12809709,0.10383529,0.252,0.10787721,0.101084515,0.28277916,5.340905,-6.415518e-09,0.0
2.07,0.12809709,0.10383529,0.252,0.10891743,0.10122258,0.28171727,5.401347,1.3411988e-08,0.0
2.075,0.12809709,0.10383529,0.252,0.10990413,0.10135372,0.2808217,5.4648275,-1.1676612e-09,0.0
2.08,0.13512135,0.10479412,0.24,0.11084689,0.1014784,0.2801939,5.5309224,5.286424e-09,0.0
2.085,0.13512135,0.10479412,0.24,0.11197695,0.101642676,0.27964783,5.598567,-5.849081e-09,0.0
2.09,0.13512135,0.10479412,0.24,0.11317629,0.10180101,0.27804783,5.667765,-1.0272351e-08,0.0
2.095,0.13512135,0.10479412,0.24,0.11431348,0.10195138,0.27621868,5.739283,-2.5917146e-09,0.0
2.1,0.14214562,0.10575292,0.228,0.11539965,0.102094345,0.27525312,5.813164,3.7062222e-09,0.0
2.105,0.14214562,0.10575292,0.228,0.11664125,0.10227556,0.27399942,5.888819,2.977963e-09,0.0
2.11,0.14214562,0.10575292,0.228,0.11797258,0.10245043,0.2728854,5.96702,-2.6757552e-09,0.0
2.115,0.14214562,0.10575292,0.228,0.11923441,0.10261651,0.2718955,6.0492105,5.057501e-09,0.0
2.12,0.14916988,0.10671176,0.216,0.12043922,0.10277439,0.27112687,6.135722,8.53192e-09,0.0
2.125,0.14916988,0.10671176,0.216,0.121768415,0.10296935,0.27043304,6.2256866,3.4352084e-08,0.0
2.13,0.14916988,0.10671176,0.216,0.123209335,0.10315774,0.269003,6.3186493,1.2857095e-08,0.0
2.1350000000000002,0.14916988,0.10671176,0.216,0.12457449,0.10333664,0.26734772,6.414942,-2.5949871e-09,0.0
2.14,0.15619415,0.10767058,0.204,0.12587748,0.1035067,0.26636118,6.5142794,1.6869885e-08,0.0
2.145,0.15619415,0.10767058,0.204,0.12727445,0.1037128,0.26511973,6.61549,7.4453417e-09,0.0
2.15,0.15619415,0.10767058,0.204,0.12880653,0.10391222,0.2639856,6.717898,2.9324967e-08,0.0
2.1550000000000002,0.15619415,0.10767058,0.204,0.13025744,0.10410159,0.2629495,6.821933,-7.1800406e-09,0.0
2.16,0.16321841,0.1086294,0.192,0.13164179,0.1042816,0.26200724,6.9275784,2.370462e-08,0.0
2.165,0.16321841,0.1086294,0.192,0.13309015,0.1044967,0.26026616,7.0339937,6.508844e-09,0.0
2.17,0.16321841,0.1086294,0.192,0.13469823,0.10470513,0.25866282,7.140701,4.3119184e-09,0.0
2.1750000000000003,0.16321841,0.1086294,0.192,0.13622047,0.10490306,0.25718632,7.2484236,-2.4983429e-09,0.0
2.18,0.1702427,0.109588236,0.18,0.13767235,0.10509118,0.25574613,7.357464,6.315959e-10,0.0
2.185,0.1702427,0.109588236,0.18,0.13915856,0.10531356,0.25370598,7.46721,6.2813217e-09,0.0
2.19,0.1702427,0.109588236,0.18,0.14083019,0.10552937,0.25181583,7.577151,2.0719554e-08,0.0
2.195,0.1702427,0.109588236,0.18,0.14241192,0.105734274,0.25006467,7.6880827,-2.5774413e-10,0.0
2.2,0.17726697,0.11054705,0.16799998,0.14391997,0.105929025,0.24828547,7.80042,-1.1310729e-08,0.0
2.205,0.17726697,0.11054705,0.16799998,0.14543284,0.10615728,0.24606806,7.914374,1.4398944e-08,0.0
2.21,0.17726697,0.11054705,0.16799998,0.14715783,0.10637911,0.24400294,8.030525,7.986899e-09,0.0
2.215,0.17726697,0.11054705,0.16799998,0.14878935,0.10658973,0.24207966,8.150495,1.0115899e-08,0.0
2.22,0.18429124,0.11150587,0.156,0.1503443,0.106789894,0.24005903,8.275032,-2.2249554e-10,0.0
2.225,0.18429124,0.11150587,0.156,0.15187459,0.10702286,0.23773564,8.403456,-5.920491e-09,0.0
2.23,0.18429124,0.11150587,0.156,0.15364462,0.10724962,0.23556195,8.534603,-2.3343498e-08,0.0
2.235,0.18429124,0.11150587,0.156,0.155318,0.10746491,0.23352832,8.668747,-8.236167e-09,0.0
2.24,0.19131552,0.1124647,0.144,0.15691225,0.10766951,0.23132876,8.8059225,4.259841e-09,0.0
2.245,0.19131552,0.1124647,0.144,0.15845233,0.107906245,0.2289423,8.945109,1.2496312e-08,0.0
2.25,0.19131552,0.1124647,0.144,0.16026062,0.10813704,0.22670066,9.084936,2.1902032e-08,0.0
2.255,0.19131552,0.1124647,0.144,0.16196941,0.108356155,0.22459504,9.225869,7.75595e-09,0.0
2.2600000000000002,0.19833978,0.113423504,0.13199998,0.16359675,0.10856438,0.22225815,9.368322,2.1104826e-08,0.0
2.265,0.19833978,0.113423504,0.13199998,0.16514032,0.108804114,0.21983509,9.511679,7.627832e-09,0.0
2.27,0.19833978,0.113423504,0.13199998,0.16698134,0.10903823,0.21755096,9.65478,1.43656935e-08,0.0
2.275,0.19833978,0.113423504,0.13199998,0.16872026,0.10926048,0.2153978,9.798415,1.5415997e-08,0.0
2.2800000000000002,0.20536406,0.11438234,0.12,0.17037071,0.109471664,0.21295226,9.944501,2.2854845e-09,0.0
2.285,0.20536406,0.11438234,0.12,0.1719292,0.109713785,0.2105092,10.093933,8.351933e-09,0.0
2.29,0.20536406,0.11438234,0.12,0.17377125,0.10995062,0.2081989,10.247213,-8.51729e-10,0.0
2.295,0.20536406,0.11438234,0.12,0.17553166,0.11017544,0.20601417,10.4053,-5.9633614e-09,0.0
2.3000000000000003,0.21238832,0.11534118,0.10800001,0.1772005,0.11038906,0.20348036,10.568323,9.853253e-09,0.0
2.305,0.21238832,0.11534118,0.10800001,0.17877598,0.11063305,0.20102786,10.735221,1.2284559e-08,0.0
2.31,0.21238832,0.11534118,0.10800001,0.1806076,0.11087213,0.19870204,10.904232,1.0541555e-08,0.0
2.315,0.21238832,0.11534118,0.10800001,0.18238543,0.111099064,0.19649635,11.075308,1.1668608e-08,0.0
2.32,0.2194126,0.116299994,0.096,0.18407042,0.111314684,0.19382885,11.248741,5.6909313e-09,0.0
2.325,0.2194126,0.116299994,0.096,0.1856608,0.111560136,0.19129689,11.423892,6.2166423e-09,0.0
2.33,0.2194126,0.116299994,0.096,0.18747975,0.11180106,0.18889359,11.599438,2.895954e-09,0.0
2.335,0.2194126,0.116299994,0.096,0.18927313,0.11202973,0.18649045,11.775638,1.7744224e-08,0.0
2.34,0.22643687,0.11725882,0.08399999,0.1909725,0.112247,0.18357962,11.954163,8.659172e-09,0.0
2.345,0.22643687,0.11725882,0.08399999,0.19257607,0.11249357,0.1808243,12.135839,1.1135118e-08,0.0
2.35,0.22643687,0.11725882,0.08399999,0.19438055,0.11273602,0.17821616,12.320172,8.567468e-09,0.0
2.355,0.22643687,0.11725882,0.08399999,0.196188,0.11296613,0.17523451,12.507609,6.0942753e-09,0.0
2.36,0.23346113,0.118217655,0.072000004,0.19790033,0.11318474,0.17212446,12.698897,1.2404122e-08,0.0
2.365,0.23346113,0.118217655,0.072000004,0.19951572,0.11343216,0.16918953,12.893734,-2.1974427e-09,0.0
2.37,0.23346113,0.118217655,0.072000004,0.20130424,0.11367588,0.16614957,13.090806,6.8703443e-09,0.0
2.375,0.23346113,0.118217655,0.072000004,0.20312458,0.11390718,0.16287538,13.289883,6.258019e-09,0.0
2.38,0.2404854,0.119176455,0.06,0.20484872,0.11412692,0.15960899,13.491437,6.051744e-09,0.0
2.3850000000000002,0.2404854,0.119176455,0.06,0.20647487,0.11437496,0.15653701,13.6951275,1.2963018e-08,0.0
2.39,0.2404854,0.119176455,0.06,0.2082462,0.114619724,0.15293361,13.900275,1.2722329e-08,0.0
2.395,0.2404854,0.119176455,0.06,0.21007848,0.11485202,0.1495447,14.107334,1.079872e-08,0.0
2.4,0.24750967,0.120135285,0.047999993,0.21181355,0.11507268,0.14616436,14.31735,1.4463815e-08,0.0
2.4050000000000002,0.24750967,0.120135285,0.047999993,0.21344961,0.11532116,0.14254285,14.530419,4.121233e-09,0.0
2.41,0.24750967,0.120135285,0.047999993,0.2152027,0.11556681,0.13884696,14.7454815,1.7949214e-08,0.0
2.415,0.24750967,0.120135285,0.047999993,0.2170462,0.115799926,0.1353844,14.962112,2.2665324e-08,0.0
2.42,0.25453395,0.12109411,0.036000002,0.21879148,0.116021365,0.13176984,15.18081,2.272132e-08,0.0
2.4250000000000003,0.25453395,0.12109411,0.036000002,0.22043678,0.11627014,0.12775305,15.401451,6.0531353e-09,0.0
2.43,0.25453395,0.12109411,0.036000002,0.22217079,0.11651654,0.124006204,15.622901,1.0222009e-08,0.0
2.435,0.25453395,0.12109411,0.036000002,0.2240249,0.11675035,0.12051117,15.844943,9.10859e-09,0.0
2.44,0.2615582,0.12205292,0.023999996,0.22577988,0.11697244,0.1163365,16.068714,-4.0562365e-10,0.0
2.445,0.2615582,0.12205292,0.023999996,0.22743389,0.11722138,0.11228934,16.294664,1.1765968e-08,0.0
2.45,0.2615582,0.12205292,0.023999996,0.22914809,0.1174684,0.10853292,16.52198,9.910487e-09,0.0
2.455,0.2615582,0.12205292,0.023999996,0.2310124,0.1177028,0.10504636,16.750021,1.1198327e-08,0.0
2.46,0.2685825,0.12301176,0.012000007,0.23277661,0.11792543,0.10064464,16.979353,1.5815305e-08,0.0
2.465,0.2685825,0.12301176,0.012000007,0.23443893,0.11817444,0.096582554,17.210085,2.490943e-08,0.0
2.47,0.2685825,0.12301176,0.012000007,0.2361327,0.118422,0.0928339,17.44119,1.2701523e-08,0.0
2.475,0.2685825,0.12301176,0.012000007,0.23800687,0.118656896,0.08900411,17.671873,2.513483e-08,0.0
2.48,0.27560675,0.123970576,0.0,0.23978,0.11887999,0.084587105,17.903059,2.7535311e-08,0.0
2.485,0.27560675,0.123970576,0.0,0.2414503,0.119128995,0.08053818,18.13537,1.1591068e-08,0.0
2.49,0.27560675,0.123970576,0.0,0.2431231,0.11937702,0.076826654,18.368116,1.7376863e-08,0.0
2.495,0.27560675,0.123970576,0.0,0.24500687,0.119612336,0.072424434,18.600412,1.43339625e-08,0.0
2.5,0.27560675,0.123970576,0.0,0.24678141,0.1198356,0.068389066,18.832922,1.240647e-08,0.0
2.505,0.27560675,0.123970576,0.0,0.24845304,0.12004743,0.06468998,19.065983,1.3384413e-08,0.0
2.5100000000000002,0.27560675,0.123970576,0.0,0.25002772,0.1202484,0.06129913,19.298748,9.883992e-09,0.0
2.515,0.27560675,0.123970576,0.0,0.25151107,0.12043908,0.057190873,19.529804,1.9352715e-08,0.0
2.52,0.45831695,0.14970067,0.019965935,0.25246394,0.12062489,0.051742364,19.757694,4.3959734e-09,0.0
2.525,0.45831695,0.14970067,0.019965935,0.2533636,0.12148187,0.048539534,19.978497,9.605908e-09,0.0
2.5300000000000002,0.45831695,0.14970067,0.019965935,0.25421306,0.1229666,0.04581736,20.188248,2.9655869e-08,0.0
2.535,0.45831695,0.14970067,0.019965935,0.25524375,0.12437321,0.043354526,20.384626,1.0207e-08,0.0
2.54,0.53294235,0.31088483,0.16631374,0.2562454,0.12588239,0.0414894,20.567852,1.0034939e-08,0.0
2.545,0.53294235,0.31088483,0.16631374,0.2571978,0.12730163,0.03998356,20.739246,3.0978313e-09,0.0
2.5500000000000003,0.53294235,0.31088483,0.16631374,0.25810334,0.12863632,0.03858307,20.90008,1.412565e-08,0.0
2.555,0.53294235,0.31088483,0.16631374,0.25896433,0.13008706,0.037280563,21.051437,1.1477919e-08,0.0
2.56,0.5401259,0.44956136,0.11261663,0.25978008,0.12973711,0.046818003,21.194212,9.3031804e-09,0.0
2.565,0.5401259,0.44956136,0.11261663,0.26055586,0.12940718,0.05245464,21.329145,3.4750736e-09,0.0
2.57,0.5401259,0.44956136,0.11261663,0.26129362,0.12909614,0.056901492,21.457014,1.1792746e-08,0.0
2.575,0.5401259,0.44956136,0.11261663,0.27095103,0.12953249,0.061019655,21.578629,3.2367138e-09,0.0
2.58,0.5771195,0.5131673,0.112481035,0.2799715,0.1305343,0.06483506,21.74349,5.7579636e-10,0.0
2.585,0.5771195,0.5131673,0.112481035,0.2885577,0.13148636,0.068360195,22.001871,1.4237801e-08,0.0
2.59,0.5771195,0.5131673,0.112481035,0.29673052,0.13239111,0.07162277,22.375738,2.3894557e-08,0.0
2.595,0.5771195,0.5131673,0.112481035,0.3081026,0.14125742,0.07464408,22.86818,3.9982602e-08,0.0
2.6,0.6,0.6,0.0,0.31880927,0.14933492,0.07777045,23.488785,4.3565528e-08,0.0
2.605,0.6,0.6,0.0,0.32900608,0.15702778,0.067349836,24.24126,3.3953572e-08,0.0
2.61,0.6,0.6,0.0,0.33871734,0.16435431,0.0583255,25.117222,4.980684e-08,0.0
2.615,0.6,0.6,0.0,0.34830824,0.1779356,0.05051035,26.100744,6.4673564e-08,0.0
2.62,0.5213586,0.5882062,0.0,0.35653743,0.19104314,0.04374237,27.177996,6.565148e-08,0.0
2.625,0.5213586,0.5882062,0.0,0.36561695,0.20351815,0.037881244,28.330542,4.78511e-08,0.0
2.63,0.5213586,0.5882062,0.0,0.37469065,0.21539117,0.03280546,29.546331,9.255545e-08,0.0
2.6350000000000002,0.5213586,0.5882062,0.0,0.38337508,0.22695974,0.028409794,30.81772,1.06824714e-07,0.0
2.64,0.6,0.6,0.0,0.39149675,0.24084137,0.02460311,32.134777,1.3118205e-07,0.0
2.645,0.6,0.6,0.0,0.3993139,0.2548915,0.02130649,33.483368,1.5951886e-07,0.0
2.65,0.6,0.6,0.0,0.40486252,0.2682168,0.018451592,34.78076,1.2551052e-07,0.0
2.6550000000000002,0.6,0.6,0.0,0.40923017,0.28085455,0.015979227,35.902893,6.103428e-05,0.0
2.66,0.535419,0.6,0.0,0.41573435,0.29611248,0.013838138,36.750717,0.032023303,0.0
2.665,0.535419,0.6,0.0,0.42201677,0.311791,0.011983939,37.259174,0.21428554,0.0
2.67,0.535419,0.6,0.0,0.42683977,0.3266606,0.0103781875,37.428864,0.55065703,0.0
2.6750000000000003,0.535419,0.6,0.0,0.43054172,0.34076303,0.008987593,37.295418,0.9988058,0.0
2.68,0.520104,0.6,0.0,0.43412662,0.35369346,0.007783328,36.910683,1.4988116,0.0
2.685,0.520104,0.6,0.0,0.437475,0.3657927,0.006740425,36.33743,1.9796941,0.0
2.69,0.520104,0.6,0.0,0.4402994,0.37726772,0.005837262,35.639294,2.3709447,0.0
2.695,0.520104,0.6,0.0,0.44302726,0.3881507,0.005055116,34.868145,2.6166153,0.0
2.7,0.44586632,0.6,0.0,0.44724348,0.39891663,0.004377771,34.063946,2.6750505,0.0
2.705,0.44586632,0.6,0.0,0.44715264,0.40929115,0.003791185,33.26341,2.5088181,0.0
2.71,0.44586632,0.6,0.0,0.4470678,0.4191304,0.0032831968,33.344925,1.1436616,0.0
2.715,0.44586632,0.6,0.0,0.44698855,0.42846206,0.0028432747,34.03486,6.303941e-08,0.0
2.72,0.46712947,0.6,0.0,0.446917,0.43731225,0.0024622988,34.908382,7.254065e-08,0.0
2.725,0.46712947,0.6,0.0,0.44768995,0.44570583,0.0021323706,35.932117,5.987223e-08,0.0
2.73,0.46712947,0.6,0.0,0.44892955,0.45366636,0.0018466501,36.072094,0.80914646,0.0
2.735,0.46712947,0.6,0.0,0.4500901,0.46121618,0.0015992139,35.20995,2.4908638,0.0
2.74,0.34006917,0.5849803,0.0,0.44984657,0.46580252,0.0013849321,33.79621,4.5212636,0.0
2.745,0.34006917,0.5849803,0.0,0.4503057,0.4702373,0.0011993623,33.035503,5.5537634,0.0
2.75,0.34006917,0.5849803,0.0,0.45127574,0.47452554,0.0010386574,32.241318,6.3842907,0.0
2.755,0.34006917,0.5849803,0.0,0.45218986,0.47867206,0.00089948566,31.050066,7.4156656,0.0
2.7600000000000002,0.29591936,0.3933448,0.0,0.45292225,0.48552167,0.0007789618,29.725552,8.349946,0.0
2.765,0.29591936,0.3933448,0.0,0.45361874,0.49192995,0.0006745872,28.423786,9.01665,0.0
2.77,0.29591936,0.3933448,0.0,0.4542811,0.49792534,0.00058419793,27.231907,9.325794,0.0
2.775,0.29591936,0.3933448,0.0,0.4491819,0.5029401,0.0005059201,26.194412,9.236467,0.0
2.7800000000000002,0.43397057,0.34705046,0.0,0.43817267,0.5074864,0.00043813087,26.17301,7.805061,0.0
2.785,0.43397057,0.34705046,0.0,0.42795426,0.50490284,0.00037942486,27.039433,5.208912,0.0
2.79,0.43397057,0.34705046,0.0,0.42618862,0.49872082,0.00032858498,27.228119,3.2085147,0.0
2.795,0.43397057,0.34705046,0.0,0.42674762,0.4928814,0.00028455723,26.520308,2.0234647,0.0
2.8000000000000003,0.18258323,0.1039198,0.0,0.42033368,0.4984828,0.00024642886,24.589481,1.9951005,0.0
2.805,0.18258323,0.1039198,0.0,0.4142342,0.5033792,0.00021340937,23.490448,0.7952401,0.0
2.81,0.18258323,0.1039198,0.0,0.40843374,0.50764626,0.00018481423,23.396103,-7.787149e-09,0.0
2.815,0.18258323,0.1039198,0.0,0.4041156,0.5116902,0.00016005061,23.87695,3.8016438e-08,0.0
2.82,0.42546943,0.21426705,0.0,0.39160246,0.51675886,0.00013860512,24.727665,4.342672e-08,0.0
2.825,0.42546943,0.21426705,0.0,0.39519727,0.5076405,0.000120033146,25.621197,1.00209135e-07,0.0
2.83,0.42546943,0.21426705,0.0,0.3984105,0.4991958,0.00010394967,24.741995,1.7487556,0.0
2.835,0.42546943,0.21426705,0.0,0.40128267,0.4913751,9.002125e-05,22.180698,5.0752583,0.0
2.84,0.24720652,0.18865386,0.0,0.39135826,0.48427436,7.795912e-05,19.031834,8.715439,0.0
2.845,0.24720652,0.18865386,0.0,0.3825029,0.47509113,6.7513225e-05,16.686272,11.122971,0.0
2.85,0.24720652,0.18865386,0.0,0.3844527,0.46581665,5.8466998e-05,15.433209,12.024724,0.0
2.855,0.24720652,0.18865386,0.0,0.386314,0.45721394,5.063289e-05,14.2731905,12.564463,0.0
2.86,0.2823776,0.23849776,0.06765184,0.3884541,0.440356,0.0013050665,13.04896,12.919885,0.0
2.865,0.2823776,0.23849776,0.06765184,0.39047724,0.42810702,0.0060731187,12.1096115,12.712235,0.0
2.87,0.2823776,0.23849776,0.06765184,0.38975182,0.4165217,0.010498513,11.627047,11.767582,0.0
2.875,0.2823776,0.23849776,0.06765184,0.38196072,0.405564,0.014605872,12.370985,9.255351,0.0
2.88,0.45120472,0.37886125,0.011346531,0.3758528,0.39412636,0.019510584,14.148226,5.4262166,0.0
2.8850000000000002,0.45120472,0.37886125,0.011346531,0.37011948,0.38413882,0.017939653,16.312838,1.0193177,0.0
2.89,0.45120472,0.37886125,0.011346531,0.36473784,0.37479225,0.016671002,17.875652,1.2852294e-07,0.0
2.895,0.45120472,0.37886125,0.011346531,0.36879924,0.3660455,0.015646465,19.344046,9.363824e-08,0.0
2.9,0.4901929,0.31698114,0.17934367,0.3718405,0.35532734,0.015401555,20.144773,0.513152,0.0
2.9050000000000002,0.4901929,0.31698114,0.17934367,0.37476954,0.3493308,0.015170595,20.243137,1.5448856,0.0
2.91,0.4901929,0.31698114,0.17934367,0.37759048,0.35181233,0.018430054,20.02108,2.6584454,0.0
2.915,0.4901929,0.31698114,0.17934367,0.38149336,0.35408533,0.027595147,20.364742,2.8668218,0.0
2.92,0.38781264,0.31311193,0.23368679,0.4042295,0.35610107,0.036210496,21.352911,2.1103983,0.0
2.9250000000000003,0.38781264,0.31311193,0.23368679,0.42483297,0.35594967,0.044336718,22.739834,0.6860551,0.0
2.93,0.38781264,0.31311193,0.23368679,0.44049826,0.35277924,0.05200158,23.60321,0.009508601,0.0
2.935,0.38781264,0.31311193,0.23368679,0.45240894,0.34986675,0.062284287,23.917967,0.11683031,0.0
2.94,0.6,0.44406104,0.18556218,0.4535655,0.35207275,0.069820784,24.094072,0.13211203,0.0
2.945,0.6,0.44406104,0.18556218,0.4546867,0.3537339,0.078572065,24.769024,5.1085546e-08,0.0
2.95,0.6,0.44406104,0.18556218,0.45279065,0.35093763,0.08855864,25.96302,1.0990515e-07,0.0
2.955,0.6,0.44406104,0.18556218,0.45080164,0.34835413,0.09790225,27.563662,6.9748204e-08,0.0
2.96,0.4534991,0.4657691,0.29590848,0.46095613,0.3465457,0.102334514,29.376509,1.8269121e-07,0.0
2.965,0.4534991,0.4657691,0.29590848,0.468233,0.34474587,0.10654267,30.41252,0.6499626,0.0
2.97,0.4534991,0.4657691,0.29590848,0.4672302,0.34292242,0.114440694,30.558474,2.0389988,0.0
2.975,0.4534991,0.4657691,0.29590848,0.46629566,0.34120408,0.12361607,31.11983,2.6971822,0.0
2.98,0.6,0.4860507,0.19007699,0.47027016,0.33988374,0.12893967,32.318836,2.4036033,0.0
2.985,0.6,0.4860507,0.19007699,0.4741265,0.3432697,0.13380577,32.89565,2.5866618,0.0
2.99,0.6,0.4860507,0.19007699,0.47493264,0.34800687,0.143365,33.311703,2.7175615,0.0
2.995,0.6,0.4860507,0.19007699,0.4742955,0.3525214,0.15647446,33.906044,2.426089,0.0
3.0,0.4638048,0.5004301,0.14798117,0.48444715,0.3563403,0.1674392,35.432545,0.88284105,0.0
3.005,0.4638048,0.5004301,0.14798117,0.49257907,0.36088625,0.17028639,36.76111,0.013133294,0.0
3.0100000000000002,0.4638048,0.5004301,0.14798117,0.49025533,0.36526182,0.17277548,37.482517,0.20212114,0.0
3.015,0.4638048,0.5004301,0.14798117,0.48811924,0.36945486,0.17495151,38.71791,1.2935456e-07,0.0
3.02,0.6,0.44910753,0.113044724,0.49130052,0.37723717,0.16943893,40.45757,8.061347e-08,0.0
3.025,0.6,0.44910753,0.113044724,0.49439135,0.38450003,0.16505308,41.50288,0.6774978,0.0
3.0300000000000002,0.6,0.44910753,0.113044724,0.4964741,0.39202073,0.16073503,41.571327,2.2154467,0.0
3.035,0.6,0.44910753,0.113044724,0.49554515,0.39925662,0.1509874,41.029205,4.1877737,0.0
3.04,0.49423692,0.4582143,0.025581034,0.51079774,0.40196475,0.14831144,41.089893,5.2379932,0.0
3.045,0.49423692,0.4582143,0.025581034,0.5063797,0.40491256,0.14582421,41.0449,6.1861615,0.0
3.0500000000000003,0.49423692,0.4582143,0.025581034,0.50314033,0.40770587,0.138867,41.44901,6.4168677,0.0
3.055,0.49423692,0.4582143,0.025581034,0.5007651,0.4103528,0.13087736,42.49587,5.741124,0.0
3.06,0.6,0.3881585,0.0,0.5035421,0.41902432,0.1249498,43.76571,4.6467657,0.0
3.065,0.6,0.3881585,0.0,0.5062415,0.42140913,0.11935592,44.02312,4.517279,0.0
3.0700000000000003,0.6,0.3881585,0.0,0.50871134,0.4153848,0.11297697,43.180466,5.420876,0.0
3.075,0.6,0.3881585,0.0,0.50830626,0.41045195,0.106617026,41.009926,7.5822754,0.0
3.08,0.58032846,0.41441748,0.0,0.5077919,0.40800986,0.100615114,38.919834,9.39985,0.0
3.085,0.58032846,0.41441748,0.0,0.5103058,0.40889785,0.09495107,37.582016,10.148992,0.0
3.09,0.58032846,0.41441748,0.0,0.5135851,0.40966278,0.08960588,36.638042,10.254735,0.0
3.095,0.58032846,0.41441748,0.0,0.51674443,0.4103217,0.084561594,35.940292,9.894206,0.0
3.1,0.5864693,0.4407572,0.0,0.51983106,0.41090047,0.07980127,35.472927,9.094603,0.0
3.105,0.5864693,0.4407572,0.0,0.5221567,0.41305575,0.07530893,35.205338,7.8979,0.0
3.11,0.5864693,0.4407572,0.0,0.5243134,0.41505542,0.07106948,35.087624,6.365594,0.0
3.115,0.5864693,0.4407572,0.0,0.5263901,0.41691077,0.06706868,35.070057,4.557004,0.0
3.12,0.5457186,0.4875036,0.0,0.52982974,0.4180187,0.06329311,35.11422,2.5172002,0.0
3.125,0.5457186,0.4875036,0.0,0.5330725,0.42072958,0.059730075,35.20368,0.26565444,0.0
3.13,0.5457186,0.4875036,0.0,0.5352034,0.4233347,0.05636762,34.965115,-2.5664992e-08,0.0
3.1350000000000002,0.5457186,0.4875036,0.0,0.5358054,0.42583817,0.053194456,34.82068,-7.4738526e-10,0.0
3.14,0.5106281,0.46794865,0.0,0.5364295,0.42915192,0.05019992,34.77496,4.703592e-09,0.0
3.145,0.5106281,0.46794865,0.0,0.53417075,0.43132448,0.047373958,34.782036,3.092437e-10,0.0
3.15,0.5106281,0.46794865,0.0,0.5321097,0.43329257,0.044707082,35.638607,1.292917e-07,0.0
3.1550000000000002,0.5106281,0.46794865,0.0,0.5302291,0.4351549,0.042190336,37.38224,1.1135995e-07,0.0
3.16,0.45773664,0.42654565,0.0,0.52893305,0.4379842,0.039815266,39.53651,1.6699828e-07,0.0
3.165,0.45773664,0.42654565,0.0,0.5277227,0.43863437,0.0375739,41.760296,1.6121078e-07,0.0
3.17,0.45773664,0.42654565,0.0,0.5257991,0.4375914,0.03545871,43.836704,6.984398e-05,0.0
3.1750000000000003,0.45773664,0.42654565,0.0,0.5212987,0.4366384,0.03346259,44.784355,0.9391871,0.0
3.18,0.47649738,0.40692315,0.0,0.5157665,0.4354172,0.031578843,44.514595,3.0085948,0.0
3.185,0.47649738,0.40692315,0.0,0.5112163,0.43347937,0.02980114,43.52225,5.6320953,0.0
3.19,0.47649738,0.40692315,0.0,0.5081945,0.43026614,0.028123511,42.17442,8.390636,0.0
3.1950000000000003,0.47649738,0.40692315,0.0,0.5054357,0.4274417,0.026540322,40.74315,10.983131,0.0
3.2,0.47378248,0.40466514,0.0,0.50198317,0.42483842,0.025046257,39.39911,13.229912,0.0
3.205,0.47378248,0.40466514,0.0,0.49886242,0.42246702,0.0236363,38.22329,15.055196,0.0
3.21,0.47378248,0.40466514,0.0,0.4958702,0.42020842,0.022305716,37.244297,16.442297,0.0
3.215,0.47378248,0.40466514,0.0,0.49323496,0.4182364,0.021050034,36.46047,17.407194,0.0
3.22,0.465763,0.42634022,0.0,0.49129933,0.41699088,0.01986504,35.854225,17.981773,0.0
3.225,0.465763,0.42634022,0.0,0.4895563,0.41754776,0.018746754,35.399807,18.20495,0.0
3.23,0.465763,0.42634022,0.0,0.4873598,0.41835472,0.017691422,35.87745,17.234015,0.0
3.235,0.465763,0.42634022,0.0,0.4852108,0.4190876,0.0166955,37.218803,15.174881,0.0
3.24,0.5264743,0.49973997,0.0,0.48376897,0.41976684,0.01575564,38.90246,12.618569,0.0
3.245,0.5264743,0.49973997,0.0,0.48243403,0.42280436,0.01486869,40.60276,9.930123,0.0
3.25,0.5264743,0.49973997,0.0,0.4856589,0.4257265,0.01403167,42.12278,7.327006,0.0
3.255,0.5264743,0.49973997,0.0,0.48868492,0.42853767,0.01324177,42.447533,5.9302626,0.0
3.2600000000000002,0.5473536,0.5682971,0.0,0.49061424,0.43098935,0.012496335,41.594765,5.6840076,0.0
3.265,0.5473536,0.5682971,0.0,0.49244505,0.4333566,0.011792865,40.13846,5.9194655,0.0
3.27,0.5473536,0.5682971,0.0,0.4941824,0.43564236,0.011128996,38.465034,6.1918874,0.0
3.275,0.5473536,0.5682971,0.0,0.49653217,0.43800348,0.010502499,36.816025,6.229101,0.0
3.2800000000000002,0.53949386,0.6,0.0,0.4998122,0.44004256,0.00991127,35.331383,5.8787827,0.0
3.285,0.53949386,0.6,0.0,0.5028805,0.44345278,0.009353324,34.08908,5.060954,0.0
3.29,0.53949386,0.6,0.0,0.5056874,0.44757625,0.008826787,33.109825,3.7606165,0.0
3.295,0.53949386,0.6,0.0,0.5078693,0.45156354,0.008329891,32.373055,2.0083256,0.0
3.3000000000000003,0.5610485,0.6,0.0,0.50934124,0.45541912,0.007860967,31.810839,-9.3862056e-08,0.0
3.305,0.5610485,0.6,0.0,0.5107277,0.45981255,0.0074184407,31.046143,-2.4176373e-08,0.0
3.31,0.5610485,0.6,0.0,0.5120504,0.4644428,0.007000826,30.51202,-1.2988841e-08,0.0
3.315,0.5610485,0.6,0.0,0.5133123,0.46892008,0.0066067204,30.156673,3.0669252e-09,0.0
3.3200000000000003,0.5822218,0.6,0.0,0.5142471,0.4732495,0.006234801,29.93048,-4.137274e-09,0.0
3.325,0.5822218,0.6,0.0,0.51563936,0.47743592,0.005883818,29.788889,-3.370286e-09,0.0
3.33,0.5822218,0.6,0.0,0.51726073,0.48148406,0.0055525936,29.69731,5.8174565e-10,0.0
3.335,0.5822218,0.6,0.0,0.5188242,0.4853985,0.005240015,29.631647,5.560029e-10,0.0
3.34,0.5793331,0.6,0.0,0.5208556,0.48918366,0.004945033,29.574892,-4.9445575e-10,0.0
3.345,0.5793331,0.6,0.0,0.52332526,0.4928438,0.0046666567,29.517992,2.746696e-10,0.0
3.35,0.5793331,0.6,0.0,0.5256955,0.49638304,0.004403951,29.459017,2.4357316e-09,0.0
3.355,0.5793331,0.6,0.0,0.5279704,0.4998054,0.0041560344,29.398329,-3.2614218e-09,0.0
3.36,0.5819032,0.6,0.0,0.5302022,0.5031147,0.003922074,29.336435,-3.0577338e-09,0.0
3.365,0.5819032,0.6,0.0,0.53230727,0.5063147,0.0037012843,29.274094,-7.767252e-09,0.0
3.37,0.5819032,0.6,0.0,0.5343221,0.509409,0.0034929237,29.211931,-2.1323543e-10,0.0
3.375,0.5819032,0.6,0.0,0.5362506,0.5124011,0.0032962926,29.15032,-2.4952331e-09,0.0
3.38,0.5896392,0.58764887,0.0,0.53804296,0.51548487,0.0031107306,29.089539,-4.5223865e-09,0.0
3.3850000000000002,0.5896392,0.58764887,0.0,0.5398266,0.5184601,0.0029356147,29.028679,-1.6877338e-09,0.0
3.39,0.5896392,0.58764887,0.0,0.54153764,0.5213306,0.0027703568,28.96709,-4.8724202e-09,0.0
3.395,0.5896392,0.58764887,0.0,0.54317915,0.5241,0.002614402,28.90475,6.858829e-09,0.0
3.4,0.5839932,0.5608366,0.0,0.5455014,0.5270849,0.0024672265,28.841988,7.101924e-11,0.0
3.4050000000000002,0.5839932,0.5608366,0.0,0.5477076,0.5299296,0.002328336,28.78146,-9.752226e-10,0.0
3.41,0.5839932,0.5608366,0.0,0.5498035,0.53264064,0.0021972642,28.725964,6.0954934e-09,0.0
3.415,0.5839932,0.5608366,0.0,0.55165374,0.5350515,0.002073571,28.67692,-2.8079423e-09,0.0
3.42,0.5725166,0.5285089,0.0,0.5533282,0.5370802,0.0019568412,28.634775,3.3807697e-09,0.0
3.4250000000000003,0.5725166,0.5285089,0.0,0.554916,0.5388708,0.0018466825,28.599976,-1.6417263e-09,0.0
3.43,0.5725166,0.5285089,0.0,0.5564216,0.53805554,0.0017427251,28.573072,7.2199025e-10,0.0
3.435,0.5725166,0.5285089,0.0,0.5573125,0.5373044,0.00164462,27.557821,0.9600288,0.0
3.44,0.5610707,0.49015352,0.0,0.55812895,0.53526604,0.0015520375,25.604528,2.6989033,0.0
3.4450000000000003,0.5610707,0.49015352,0.0,0.5589016,0.5287649,0.0014646669,23.351395,4.483472,0.0
3.45,0.5610707,0.49015352,0.0,0.5594448,0.5232007,0.0013822147,21.254065,5.8059306,0.0
3.455,0.5610707,0.49015352,0.0,0.5595321,0.5184383,0.0013044041,19.583107,6.379747,0.0
3.46,0.545377,0.44953367,0.0,0.5596192,0.5164668,0.0012309738,18.438334,6.1152525,0.0
3.465,0.545377,0.44953367,0.0,0.5597013,0.5146327,0.0011616772,17.787151,5.0703106,0.0
3.47,0.545377,0.44953367,0.0,0.5590169,0.51292646,0.0010962816,17.53349,3.369996,0.0
3.475,0.545377,0.44953367,0.0,0.55824506,0.5090067,0.0010345674,18.630032,-1.9496813e-06,0.0
3.48,0.52512795,0.41775706,0.0,0.55746275,0.50804585,0.0009763273,20.153093,1.02921916e-07,0.0
3.485,0.52512795,0.41775706,0.0,0.5560258,0.50514084,0.0009213658,22.34226,7.0943706e-08,0.0
3.49,0.52512795,0.41775706,0.0,0.5541474,0.50238,0.0008694983,24.741207,1.07122766e-07,0.0
3.495,0.52512795,0.41775706,0.0,0.55238324,0.49975628,0.00082055066,27.032602,1.6058817e-07,0.0
3.5,0.5143758,0.4000297,0.0,0.55065817,0.49760768,0.00077435846,29.028545,0.009963179,0.0
3.505,0.5143758,0.4000297,0.0,0.54839665,0.4955487,0.0007307666,30.621147,0.1847317,0.0
3.5100000000000002,0.5143758,0.4000297,0.0,0.54624337,0.49222064,0.00068962877,31.794218,0.58679533,0.0
3.515,0.5143758,0.4000297,0.0,0.5442264,0.48903498,0.0006508067,32.59999,1.1559826,0.0
3.52,0.41138712,0.50291705,0.0,0.5433193,0.48260015,0.0006141701,33.11387,1.8073345,0.0
3.525,0.41138712,0.50291705,0.0,0.54213804,0.4863134,0.0005795959,33.44444,2.4206312,0.0
3.5300000000000002,0.41138712,0.50291705,0.0,0.5408194,0.489348,0.0005469681,34.561543,1.9189374,0.0
3.535,0.41138712,0.50291705,0.0,0.5395634,0.49182796,0.000516177,36.433823,0.3702805,0.0
3.54,0.30759546,0.56836826,0.0,0.5382956,0.4893336,0.00048711925,38.252033,1.0201946e-07,0.0
3.545,0.30759546,0.56836826,0.0,0.5370916,0.48986554,0.0004596973,39.12761,0.7873104,0.0
3.5500000000000003,0.30759546,0.56836826,0.0,0.5328326,0.49037665,0.00043381905,39.897415,1.4542599,0.0
3.555,0.30759546,0.56836826,0.0,0.5267197,0.49086773,0.0004093976,40.957584,1.571659,0.0
3.56,0.4748799,0.35017353,0.0,0.5098044,0.4914304,0.0003863509,42.02211,1.474744,0.0
3.565,0.4748799,0.35017353,0.0,0.49655774,0.49250087,0.0003646016,42.84169,1.4492841,0.0
3.5700000000000003,0.4748799,0.35017353,0.0,0.4948843,0.4960436,0.0003440767,43.27872,1.6488956,0.0
3.575,0.4748799,0.35017353,0.0,0.49334008,0.49942088,0.0003247072,43.368984,2.0297422,0.0
3.58,0.4789303,0.3619658,0.008889288,0.49185482,0.5024482,0.002420185,43.202396,2.488611,0.0
3.585,0.4789303,0.3619658,0.008889288,0.49062243,0.5051854,0.00463908,42.859722,2.9345737,0.0
3.59,0.4789303,0.3619658,0.008889288,0.48968172,0.49837917,0.0060968967,42.409927,3.2917452,0.0
3.595,0.4789303,0.3619658,0.008889288,0.48881668,0.49187177,0.0070546838,40.992916,4.5189905,0.0
3.6,0.29491752,0.49986872,0.0,0.48813698,0.4767672,0.0053156056,38.735184,6.444054,0.0
3.605,0.29491752,0.49986872,0.0,0.48749045,0.4931758,0.0030870147,36.32495,8.2823715,0.0
3.61,0.29491752,0.49986872,0.0,0.48696193,0.49792966,0.0017927703,34.93384,8.740984,0.0
3.615,0.29491752,0.49986872,0.0,0.48657024,0.49930695,0.0010411436,34.638775,7.7781415,0.0
3.62,0.33778793,0.5634799,0.0,0.48620456,0.49631074,0.0006046396,34.980934,5.934165,0.0
3.625,0.33778793,0.5634799,0.0,0.48473573,0.49646324,0.0003511418,34.701973,4.622318,0.0
3.63,0.33778793,0.5634799,0.0,0.4756505,0.4966092,0.00020392406,34.57921,2.955727,0.0
3.6350000000000002,0.33778793,0.5634799,0.0,0.4670001,0.49674892,0.00011842801,34.955353,0.56461495,0.0
3.64,0.54828334,0.39971575,0.14348842,0.46043706,0.4968831,0.000112232985,35.12717,9.9973425e-09,0.0
3.645,0.54828334,0.39971575,0.14348842,0.4542074,0.49752536,0.004325052,35.319065,8.951486e-09,0.0
3.65,0.54828334,0.39971575,0.14348842,0.44829413,0.50036186,0.011604758,35.523315,3.9692264e-08,0.0
3.6550000000000002,0.54828334,0.39971575,0.14348842,0.44899845,0.5030764,0.018503658,35.652344,6.3533654e-09,0.0
3.66,0.51458424,0.54229516,0.20773983,0.45417705,0.4966286,0.025477985,34.828487,0.8805053,0.0
3.665,0.51458424,0.54229516,0.20773983,0.45801592,0.49058306,0.032063134,32.20296,3.518951,0.0
3.67,0.51458424,0.54229516,0.20773983,0.46096647,0.48491463,0.04156155,28.421698,7.135313,0.0
3.6750000000000003,0.51458424,0.54229516,0.20773983,0.46376312,0.48847812,0.050834537,24.46043,10.614029,0.0
3.68,0.44494176,0.6,0.063447565,0.46728978,0.48593694,0.06317878,21.806398,12.320699,0.0
3.685,0.44494176,0.6,0.063447565,0.47032076,0.4834685,0.06320517,19.76878,13.078473,0.0
3.69,0.44494176,0.6,0.063447565,0.46855962,0.48192465,0.063228965,17.921375,13.375656,0.0
3.6950000000000003,0.44494176,0.6,0.063447565,0.4669207,0.483653,0.06325042,17.333439,12.049226,0.0
3.7,0.49807647,0.6,0.06370014,0.46716195,0.4853319,0.06327659,18.911331,8.1441345,0.0
3.705,0.49807647,0.6,0.06370014,0.46985346,0.4869627,0.06332137,21.095228,3.4392934,0.0
3.71,0.49807647,0.6,0.06370014,0.47231063,0.48889244,0.063361414,22.746132,6.193401e-08,0.0
3.715,0.49807647,0.6,0.06370014,0.47455388,0.49207336,0.06339723,23.607807,5.3469638e-08,0.0
3.72,0.6,0.6,0.06818769,0.47367477,0.4951632,0.06354446,24.378107,3.932423e-08,0.0
3.725,0.6,0.6,0.06818769,0.47282177,0.4981646,0.06404419,25.747286,1.1108911e-07,0.0
3.73,0.6,0.6,0.06818769,0.4730377,0.50108004,0.06449014,27.739155,1.5622867e-07,0.0
3.735,0.6,0.6,0.06818769,0.47378102,0.50391203,0.06488809,29.078558,0.6153599,0.0
3.74,0.6,0.6,0.02701092,0.4745023,0.50666296,0.065189704,29.436174,2.069864,0.0
3.745,0.6,0.6,0.02701092,0.47520214,0.5093351,0.06218297,29.16437,3.952942,0.0
3.75,0.6,0.6,0.02701092,0.47788307,0.51193076,0.05896788,28.540014,5.9483194,0.0
3.755,0.6,0.6,0.02701092,0.4815084,0.5144521,0.056046687,27.776773,7.8185964,0.0
3.7600000000000002,0.6,0.6,0.1864208,0.4850261,0.51690125,0.056811616,27.02713,9.401013,0.0
3.765,0.6,0.6,0.1864208,0.48843935,0.5192803,0.055436943,26.381754,10.6055975,0.0
3.77,0.6,0.6,0.1864208,0.49175128,0.52159125,0.053645995,25.882849,11.397848,0.0
3.775,0.6,0.6,0.1864208,0.4949649,0.523836,0.05196788,25.538013,11.7816515,0.0
3.7800000000000002,0.6,0.6,0.48791423,0.4980831,0.52601653,0.052859645,25.333248,11.783702,0.0
3.785,0.6,0.6,0.48791423,0.50110877,0.52813464,0.05370238,25.243813,11.441087,0.0
3.79,0.6,0.6,0.48791423,0.5040446,0.5301921,0.05449878,25.241354,10.793211,0.0
3.795,0.6,0.6,0.48791423,0.5068933,0.5321906,0.054571997,25.29877,9.876528,0.0
3.8000000000000003,0.4307569,0.5798795,0.540304,0.5122372,0.53525764,0.053167626,25.392797,8.721921,0.0
3.805,0.4307569,0.5798795,0.540304,0.5172744,0.5381859,0.051834814,25.51413,7.3437157,0.0
3.81,0.4307569,0.5798795,0.540304,0.5220225,0.5409817,0.050569914,25.657206,5.751424,0.0
3.815,0.4307569,0.5798795,0.540304,0.526498,0.54359204,0.05389169,25.81466,3.9560902,0.0
3.8200000000000003,0.34424105,0.49593,0.6,0.52983004,0.54440707,0.060038544,25.979391,1.9680111,0.0
3.825,0.34424105,0.49593,0.6,0.53301096,0.54032737,0.0659003,26.10831,-3.0881301e-07,0.0
3.83,0.34424105,0.49593,0.6,0.52867043,0.536591,0.07932754,24.95191,0.8431678,0.0
3.835,0.34424105,0.49593,0.6,0.5242318,0.53316903,0.09827827,24.013203,1.1762223,0.0
3.84,0.34472248,0.6,0.6,0.51986337,0.5342019,0.11635004,23.805317,0.44759077,0.0
3.845,0.34472248,0.6,0.6,0.51569915,0.53263706,0.13358362,24.68049,8.114479e-08,0.0
3.85,0.34472248,0.6,0.6,0.5082279,0.5311362,0.15137976,25.729511,0.07434869,0.0
3.855,0.34472248,0.6,0.6,0.5005642,0.5296967,0.16941853,26.34735,0.37822774,0.0
3.86,0.027613718,0.6,0.6,0.49588853,0.5294032,0.18662064,26.5672,0.8772761,0.0
3.865,0.027613718,0.6,0.6,0.491526,0.53228974,0.2030249,26.47095,1.476544,0.0
3.87,0.027613718,0.6,0.6,0.48399425,0.53505826,0.2202201,27.16077,0.94555086,0.0
3.875,0.027613718,0.6,0.6,0.47463357,0.5377136,0.23783475,28.508904,8.712382e-08,0.0
3.88,0.0,0.6,0.6,0.4646034,0.5402603,0.2546324,29.882404,8.1989484e-08,0.0
3.8850000000000002,0.0,0.6,0.6,0.45538074,0.5427029,0.27065098,31.174623,1.0353443e-07,0.0
3.89,0.0,0.6,0.6,0.44686857,0.5450457,0.28592658,32.191925,7.71347e-08,0.0
3.895,0.0,0.6,0.6,0.4390112,0.54729265,0.3004937,32.842415,4.3353737e-08,0.0
3.9,0.0,0.6,0.6,0.4317582,0.5494477,0.31438515,33.107147,6.8852675e-09,0.0
3.9050000000000002,0.0,0.6,0.6,0.4013583,0.5515147,0.3276323,33.01494,-5.4764837e-09,0.0
3.91,0.0,0.6,0.6,0.37260872,0.55349714,0.34026504,32.483635,-2.5986816e-08,0.0
3.915,0.0,0.6,0.6,0.34607065,0.5553985,0.35231185,31.435938,4.4877783e-08,0.0
3.92,0.0,0.6,0.6,0.32157397,0.5572222,0.36379993,29.876179,8.16768e-09,0.0
3.9250000000000003,0.0,0.6,0.6,0.29689744,0.5589713,0.37475517,27.856867,-1.1016339e-07,0.0
3.93,0.0,0.6,0.6,0.27405918,0.56064886,0.3852023,25.443422,-1.2446372e-08,0.0
3.935,0.0,0.6,0.6,0.2529777,0.5622578,0.39516485,22.721096,-1.1055512e-08,0.0
3.94,0.0,0.6,0.6,0.23351787,0.56380105,0.40466535,19.805267,2.7268806e-07,0.0
3.9450000000000003,0.0,0.6,0.6,0.21555495,0.56528115,0.4137252,16.822344,-5.022001e-08,0.0
3.95,0.0,0.6,0.6,0.1989738,0.56670076,0.42236483,13.884609,4.6194227e-08,0.0
3.955,0.0,0.6,0.6,0.18366812,0.5680623,0.43060377,11.0859785,-2.541356e-08,0.0
3.96,0.1153071,0.31568322,0.6,0.16375393,0.56972444,0.43846056,8.509468,4.3888942e-08,0.0
3.9650000000000003,0.1153071,0.31568322,0.6,0.14599892,0.5713,0.44595295,6.1876082,3.9705984e-08,0.0
3.97,0.1153071,0.31568322,0.6,0.130169,0.57279366,0.45309785,4.1479897,2.4684871e-08,0.0
3.975,0.1153071,0.31568322,0.6,0.116055444,0.5742096,0.45991135,2.4281588,8.525769e-09,0.0
3.98,0.44250128,0.3769088,0.5884787,0.1101322,0.575503,0.46444052,1.0471567,-9.229942e-08,0.0
3.985,0.44250128,0.3769088,0.5884787,0.10451127,0.57673156,0.46882328,0.04068359,7.185536e-08,0.0
3.99,0.44250128,0.3769088,0.5884787,0.09917722,0.56608295,0.47306433,0.013227575,3.716241e-08,0.0
3.995,0.44250128,0.3769088,0.5884787,0.09551626,0.553525,0.47716826,6.1940963e-10,5.1072327e-08,0.0
4.0,0.14239419,0.18541798,0.5658709,0.13890055,0.55675644,0.4814838,5.7706653e-09,1.1957047e-08,0.0
4.005,0.14239419,0.18541798,0.5658709,0.1768604,0.5597632,0.48552307,0.11232403,-1.7360642e-09,0.0
4.01,0.14239419,0.18541798,0.5658709,0.21007407,0.5625609,0.48940986,0.5680095,4.0321847e-08,0.0
4.015,0.14239419,0.18541798,0.5658709,0.23231673,0.5651641,0.4931499,1.4785006,3.6277882e-08,0.0
4.0200000000000005,0.0,0.0,0.5639222,0.22710285,0.54597324,0.49606535,2.7390125,5.651187e-08,0.0
4.025,0.0,0.0,0.5639222,0.22152492,0.5282586,0.4987393,3.6242838,6.807934e-10,0.0
4.03,0.0,0.0,0.5639222,0.20868047,0.5119067,0.5013108,3.9103267,1.0132794e-08,0.0
4.035,0.0,0.0,0.5639222,0.19658075,0.49833733,0.5037838,3.7413478,-5.590546e-08,0.0
4.04,0.44446093,0.0,0.4306411,0.19383295,0.48899668,0.50794345,3.2581475,6.78971e-09,0.0
4.045,0.44446093,0.0,0.4306411,0.19122449,0.48037454,0.51181537,2.6581438,-1.5649318e-08,0.0
4.05,0.44446093,0.0,0.4306411,0.1887483,0.47241566,0.5127312,2.1195521,-3.3857802e-08,0.0
4.055,0.44446093,0.0,0.4306411,0.18513748,0.4603001,0.5070532,1.7490021,-1.183915e-08,0.0
4.0600000000000005,0.6,0.13325676,0.46085238,0.1831054,0.44967353,0.50032234,1.5945584,-2.0123185e-09,0.0
4.065,0.6,0.13325676,0.46085238,0.18116991,0.43530703,0.49418435,1.6625385,1.1972768e-08,0.0
4.07,0.6,0.13325676,0.46085238,0.17932644,0.42172158,0.4899046,1.9375831,1.1443399e-07,0.0
4.075,0.6,0.13325676,0.46085238,0.17710768,0.40887472,0.4873455,2.3772056,9.838517e-08,0.0
4.08,0.33791625,0.30667764,0.0,0.17796019,0.38865882,0.493236,2.920137,8.415115e-08,0.0
4.085,0.33791625,0.30667764,0.0,0.19442151,0.36944246,0.4897184,3.2605836,7.672421e-09,0.0
4.09,0.33791625,0.30667764,0.0,0.20986605,0.35389584,0.485174,3.4950337,5.433911e-08,0.0
4.095,0.33791625,0.30667764,0.0,0.22435659,0.34298685,0.48097917,3.889786,4.0314514e-08,0.0
4.1,0.27820885,0.32171226,0.1267768,0.24398404,0.33216223,0.48553887,4.556726,8.832341e-08,0.0
4.105,0.27820885,0.32171226,0.1267768,0.26343685,0.32189628,0.48509568,5.547859,4.3430365e-08,0.0
4.11,0.27820885,0.32171226,0.1267768,0.2934493,0.3200219,0.4821021,6.8522296,1.2299185e-07,0.0
4.115,0.27820885,0.32171226,0.1267768,0.32078546,0.31933317,0.47927308,8.443535,1.478845e-07,0.0
4.12,0.6,0.59947765,0.29083467,0.33637536,0.31895104,0.45556024,10.25893,4.0552873e-08,0.0
4.125,0.6,0.59947765,0.29083467,0.35109478,0.31858045,0.43302062,12.149279,7.965948e-09,0.0
4.13,0.6,0.59947765,0.29083467,0.36499238,0.318595,0.41219556,13.974262,6.2196925e-08,0.0
4.135,0.6,0.59947765,0.29083467,0.36841443,0.3186891,0.398074,16.172997,1.5376558e-07,0.0
4.14,0.6,0.6,0.39082703,0.36671156,0.3187801,0.38435024,18.71327,7.280476e-08,0.0
4.1450000000000005,0.6,0.6,0.39082703,0.36510378,0.31886837,0.3793468,21.835056,2.949908e-07,0.0
4.15,0.6,0.6,0.39082703,0.36358577,0.3255927,0.37486935,25.347963,2.3904417e-07,0.0
4.155,0.6,0.6,0.39082703,0.3599428,0.33383703,0.3706184,28.77421,2.441908e-07,0.0
4.16,0.3413554,0.5404349,0.5019555,0.38680902,0.3332523,0.38096032,31.806427,1.8826216e-07,0.0
4.165,0.3413554,0.5404349,0.5019555,0.4106685,0.33269578,0.3968842,33.341908,1.2839437e-08,0.0
4.17,0.3413554,0.5404349,0.5019555,0.4318577,0.3321661,0.4107124,33.38586,1.503471e-08,0.0
4.175,0.3413554,0.5404349,0.5019555,0.45067552,0.34421024,0.4227207,32.600143,2.992043e-08,0.0
4.18,0.34683046,0.6,0.4712261,0.4595238,0.35625717,0.42675427,31.95188,3.3184026e-08,0.0
4.1850000000000005,0.34683046,0.6,0.4712261,0.4553536,0.3677488,0.42904872,31.724667,-2.3171093e-08,0.0
4.19,0.34683046,0.6,0.4712261,0.4485986,0.3787095,0.43119583,32.442867,8.950456e-08,0.0
4.195,0.34683046,0.6,0.4712261,0.44224387,0.38915294,0.43323362,33.97589,1.5169e-07,0.0
4.2,0.33081913,0.6,0.5392188,0.4364678,0.39910352,0.4347227,35.79717,2.9174759e-08,0.0
4.205,0.33081913,0.6,0.5392188,0.43109554,0.40707546,0.4361534,37.545933,3.898423e-08,0.0
4.21,0.33081913,0.6,0.5392188,0.4262712,0.41336915,0.43841323,39.00528,5.5862355e-08,0.0
4.215,0.33081913,0.6,0.5392188,0.42172307,0.4193658,0.4423642,40.07217,8.9576275e-08,0.0
4.22,0.0,0.6,0.6,0.41554093,0.42507944,0.44328552,40.71854,-2.047952e-09,0.0
4.225,0.0,0.6,0.6,0.41001227,0.4320325,0.44490525,40.951202,4.72347e-08,0.0
4.23,0.0,0.6,0.6,0.40515214,0.43995944,0.44791594,40.800755,-4.9463317e-08,0.0
4.235,0.0,0.6,0.6,0.40066585,0.4475123,0.45083052,40.315903,-5.5767455e-08,0.0
4.24,0.0,0.6,0.6,0.39652467,0.4547087,0.45365205,39.558464,-7.358706e-08,0.0
4.245,0.0,0.6,0.6,0.39218175,0.46156546,0.45703414,38.594837,-2.0259735e-08,0.0
4.25,0.0,0.6,0.6,0.38746154,0.46809864,0.4615979,37.486122,-8.765537e-08,0.0
4.255,0.0,0.6,0.6,0.38310444,0.4743235,0.46601596,36.283375,3.540657e-08,0.0
4.26,0.0,0.6,0.6,0.3790825,0.4802546,0.47029302,35.030605,-2.7055403e-08,0.0
4.265,0.0,0.6,0.6,0.3646199,0.48590577,0.4744335,33.765907,-1.5620367e-08,0.0
4.2700000000000005,0.0,0.6,0.6,0.33657223,0.49129024,0.47844183,32.458,-1.2167104e-08,0.0
4.275,0.0,0.6,0.6,0.31068206,0.49642062,0.48232222,30.9747,-4.7291653e-08,0.0
4.28,0.0,0.571088,0.6,0.28678343,0.5003923,0.48607874,29.20446,7.738534e-08,0.0
4.285,0.0,0.571088,0.6,0.26472315,0.5042117,0.48971534,27.108278,-3.7401453e-08,0.0
4.29,0.0,0.571088,0.6,0.24435984,0.5078847,0.49323586,24.705,-2.4883848e-08,0.0
4.295,0.0,0.571088,0.6,0.22556293,0.5114168,0.496644,22.061161,3.057211e-08,0.0
4.3,0.0006843209,0.53020465,0.6,0.21120536,0.51622707,0.49994332,19.269812,2.1093848e-07,0.0
4.305,0.0006843209,0.53020465,0.6,0.19776168,0.52064955,0.50313735,16.439621,-1.4535175e-07,0.0
4.3100000000000005,0.0006843209,0.53020465,0.6,0.18517372,0.52225125,0.5062294,13.671749,-1.4619017e-07,0.0
4.315,0.0006843209,0.53020465,0.6,0.173387,0.5228924,0.50922275,11.066251,-2.458251e-08,0.0
4.32,0.22686261,0.19167176,0.6,0.13990657,0.52879924,0.51212054,8.721037,-1.5817804e-07,0.0
4.325,0.22686261,0.19167176,0.6,0.11289109,0.53425354,0.51492584,6.536263,5.748664e-08,0.0
4.33,0.22686261,0.19167176,0.6,0.09118467,0.53929,0.5176416,4.4166574,-1.03998055e-07,0.0
4.335,0.22686261,0.19167176,0.6,0.07370936,0.54394066,0.52027065,2.3759995,7.5634354e-08,0.0
4.34,0.5657882,0.19370319,0.6,0.0697326,0.54803747,0.52281576,0.47964194,-6.807254e-08,0.0
4.345,0.5657882,0.19370319,0.6,0.06597039,0.5518349,0.52527964,-3.1525667e-09,1.6754601e-08,0.0
4.3500000000000005,0.5657882,0.19370319,0.6,0.062411163,0.5541703,0.52766484,-1.1626644e-08,-1.1712483e-08,0.0
4.355,0.5657882,0.19370319,0.6,0.059043963,0.55540663,0.5299739,1.6460259e-09,-2.1805784e-08,0.0
4.36,0.32518613,0.5618972,0.48883554,0.086560026,0.53595966,0.5357873,6.0199707e-09,-6.4136196e-10,0.0
4.365,0.32518613,0.5618972,0.48883554,0.112581976,0.5175582,0.53244835,9.288144e-09,7.8740364e-08,0.0
4.37,0.32518613,0.5618972,0.48883554,0.13719094,0.5062139,0.5288277,6.1777876e-09,-4.4409262e-08,0.0
4.375,0.32518613,0.5618972,0.48883554,0.15958528,0.5092077,0.5255077,6.841678e-09,-9.209443e-09,0.0
4.38,0.0,0.20551945,0.6,0.17447826,0.5108555,0.5282541,0.39928898,7.210977e-08,0.0
4.385,0.0,0.20551945,0.6,0.16647223,0.5030893,0.52788883,1.2937998,1.7914635e-08,0.0
4.39,0.0,0.20551945,0.6,0.15150088,0.47865,0.52644897,1.8768766,5.241494e-08,0.0
4.3950000000000005,0.0,0.20551945,0.6,0.13787594,0.45612863,0.5250622,1.8607379,7.579503e-09,0.0
4.4,0.05195101,0.0,0.5074997,0.12558244,0.43594205,0.53013855,1.429859,-9.86518e-10,0.0
4.405,0.05195101,0.0,0.5074997,0.11438507,0.43259156,0.5279882,0.79116064,7.2146776e-08,0.0
4.41,0.05195101,0.0,0.5074997,0.104285955,0.44253814,0.52604204,0.048700932,-4.8436505e-08,0.0
4.415,0.05195101,0.0,0.5074997,0.09961959,0.4517196,0.5242808,0.27393845,1.9178547e-08,0.0
4.42,0.45660484,0.0,0.5036637,0.11190468,0.46019483,0.52241033,1.0206813,6.217224e-08,0.0
4.425,0.45660484,0.0,0.5036637,0.11880389,0.45322528,0.5205039,1.7866135,-6.5513376e-08,0.0
4.43,0.45660484,0.0,0.5036637,0.11233344,0.434171,0.5187913,1.6992369,2.1569496e-08,0.0
4.4350000000000005,0.45660484,0.0,0.5036637,0.10621539,0.4165824,0.5172529,0.9663463,3.872347e-08,0.0
4.44,0.5769439,0.23661122,0.3106801,0.1010482,0.39705655,0.5167775,0.08794968,2.7122017e-08,0.0
4.445,0.5769439,0.23661122,0.3106801,0.09613239,0.3784459,0.5163253,-4.639192e-09,-2.0846786e-08,0.0
4.45,0.5769439,0.23661122,0.3106801,0.09145573,0.36070755,0.51575,5.6016223e-09,1.1743432e-07,0.0
4.455,0.5769439,0.23661122,0.3106801,0.08839862,0.34380063,0.51516086,0.03992578,-2.5891227e-08,0.0
4.46,0.34519428,0.42142525,0.0,0.11274472,0.33272213,0.51457155,0.18159567,6.576964e-08,0.0
4.465,0.34519428,0.42142525,0.0,0.13698794,0.34000477,0.51402754,0.43042317,6.633748e-08,0.0
4.47,0.34519428,0.42142525,0.0,0.15996504,0.34841993,0.513305,1.3005458,-1.7875912e-08,0.0
4.4750000000000005,0.34519428,0.42142525,0.0,0.18174213,0.35596535,0.51256335,2.889763,1.1163629e-07,0.0
4.48,0.29135755,0.31457937,0.16576955,0.19018649,0.34473103,0.51222354,4.9190984,1.6979548e-07,0.0
4.485,0.29135755,0.31457937,0.16576955,0.19819458,0.34735364,0.5119065,6.5198607,1.13887225e-07,0.0
4.49,0.29135755,0.31457937,0.16576955,0.20478982,0.35432568,0.5113857,7.935571,2.7841614e-07,0.0
4.495,0.29135755,0.31457937,0.16576955,0.20926212,0.36064148,0.5108674,9.33996,2.3175057e-08,0.0
4.5,0.6,0.5419042,0.26338792,0.22670151,0.36309487,0.49949571,10.56418,1.5846071e-07,0.0
4.505,0.6,0.5419042,0.26338792,0.24383308,0.36544925,0.4720853,11.621496,5.041463e-08,0.0
4.51,0.6,0.5419042,0.26338792,0.26012668,0.3677086,0.44526836,12.593242,2.3794009e-08,0.0
4.515,0.6,0.5419042,0.26338792,0.2756233,0.36838502,0.41997477,13.541326,1.5698649e-07,0.0
4.5200000000000005,0.6,0.5889087,0.5038311,0.28007618,0.36636236,0.4131701,14.5053625,-1.22953e-08,0.0
4.525,0.6,0.5889087,0.5038311,0.28326133,0.36418068,0.42777446,14.865074,-3.328621e-08,0.0
4.53,0.6,0.5889087,0.5038311,0.28629068,0.36209092,0.44002622,14.533897,-3.8833573e-08,0.0
4.535,0.6,0.5889087,0.5038311,0.28917184,0.36008918,0.4503044,13.822904,3.8422087e-08,0.0
4.54,0.38354656,0.4685187,0.5513701,0.29931518,0.3697691,0.45315555,12.9729,-5.587237e-08,0.0
4.545,0.38354656,0.4685187,0.5513701,0.304828,0.37893364,0.45585483,12.734703,2.1277373e-08,0.0
4.55,0.38354656,0.4685187,0.5513701,0.30967838,0.38761026,0.45841032,13.23054,4.9420574e-08,0.0
4.555,0.38354656,0.4685187,0.5513701,0.31394595,0.39648315,0.46259418,14.148067,2.5752136e-08,0.0
4.5600000000000005,0.3489648,0.5660383,0.50610435,0.3631515,0.39900002,0.4684591,15.229345,7.67599e-08,0.0
4.565,0.3489648,0.5660383,0.50610435,0.40389296,0.40135637,0.47115147,16.527298,3.0165186e-08,0.0
4.57,0.3489648,0.5660383,0.50610435,0.4376263,0.40363285,0.4736513,18.146685,3.9160522e-08,0.0
4.575,0.3489648,0.5660383,0.50610435,0.465557,0.40583217,0.47597232,20.085823,1.2904677e-07,0.0
4.58,0.33327013,0.6,0.56031364,0.44801405,0.4080311,0.4773868,22.271418,1.8522566e-07,0.0
4.585,0.33327013,0.6,0.56031364,0.4342237,0.4126113,0.47857782,25.097086,3.0887747e-07,0.0
4.59,0.33327013,0.6,0.56031364,0.4233833,0.41799328,0.47971946,28.292921,1.867594e-07,0.0
4.595,0.33327013,0.6,0.56031364,0.41120073,0.42318645,0.48081374,31.313,2.1784976e-07,0.0
4.6000000000000005,0.0,0.6,0.56344056,0.4089957,0.42819744,0.48339665,33.83217,1.6406256e-08,0.0
4.605,0.0,0.6,0.56344056,0.40696648,0.43388882,0.48648372,35.739372,1.3841183e-07,0.0
4.61,0.0,0.6,0.56344056,0.40271047,0.4397157,0.48944688,37.039547,1.6285179e-07,0.0
4.615,0.0,0.6,0.56344056,0.398425,0.44533822,0.49229112,37.769863,6.9756684e-10,0.0
4.62,0.0,0.6,0.6,0.39448127,0.4507635,0.49427325,37.994434,3.5700438e-08,0.0
4.625,0.0,0.6,0.6,0.39085197,0.45599845,0.4961976,37.798176,-9.359532e-09,0.0
4.63,0.0,0.6,0.6,0.386428,0.4610498,0.4981097,37.273193,-1.400289e-08,0.0
4.635,0.0,0.6,0.6,0.38218942,0.46592394,0.5000134,36.502697,6.1360894e-09,0.0
4.64,0.0,0.6,0.6,0.3782888,0.4706271,0.50186163,35.56025,1.3648461e-08,0.0
4.6450000000000005,0.0,0.6,0.6,0.3746992,0.47516528,0.50365597,34.51139,8.5079704e-10,0.0
4.65,0.0,0.6,0.6,0.3483764,0.47954428,0.50591,33.41133,-9.8317614e-08,0.0
4.655,0.0,0.6,0.6,0.3205983,0.48376966,0.5086517,32.16764,-3.171325e-08,0.0
4.66,0.0,0.5837621,0.6,0.29503512,0.48761716,0.5113135,30.644316,-5.569802e-09,0.0
4.665,0.0,0.5837621,0.6,0.27151024,0.4913373,0.5138978,28.769653,-1.08732166e-07,0.0
4.67,0.0,0.5837621,0.6,0.24986114,0.4949343,0.5164067,26.535702,-8.7034635e-08,0.0
4.675,0.0,0.5837621,0.6,0.22993824,0.49841222,0.5188426,23.989868,-1.8444496e-07,0.0
4.68,0.014471627,0.6,0.6,0.21495146,0.5012428,0.52120745,21.21995,2.5889324e-09,0.0
4.6850000000000005,0.014471627,0.6,0.6,0.20094147,0.5039946,0.5235034,18.353172,2.558226e-08,0.0
4.69,0.014471627,0.6,0.6,0.18784463,0.5066553,0.52573246,15.508597,-2.286932e-08,0.0
4.695,0.014471627,0.6,0.6,0.17560141,0.5088038,0.5278965,12.780877,-1.3314421e-07,0.0
4.7,0.19943674,0.23605937,0.6,0.1364871,0.5147569,0.5299976,10.260968,1.4146144e-07,0.0
4.705,0.19943674,0.23605937,0.6,0.10846207,0.5203215,0.5320374,7.820941,-1.0529607e-07,0.0
4.71,0.19943674,0.23605937,0.6,0.08752619,0.52552277,0.53401774,5.3787255,-4.825884e-08,0.0
4.715,0.19943674,0.23605937,0.6,0.07125366,0.52954,0.5359404,3.003008,8.982949e-08,0.0
4.72,0.5501734,0.2740135,0.6,0.06728553,0.53307056,0.53780705,0.81899196,-3.606335e-08,0.0
4.7250000000000005,0.5501734,0.2740135,0.6,0.06353839,0.53674084,0.5396193,1.490989e-08,-8.140731e-10,0.0
4.73,0.5501734,0.2740135,0.6,0.059999928,0.54020983,0.5413788,-1.7530226e-09,3.541926e-08,0.0
4.735,0.5501734,0.2740135,0.6,0.056658525,0.5434886,0.54308695,-3.6774943e-09,4.871968e-08,0.0
4.74,0.32470265,0.5284895,0.4909801,0.08355942,0.52540684,0.54675215,-1.7214853e-09,-9.205694e-08,0.0
4.745,0.32470265,0.5284895,0.4909801,0.108993985,0.51308036,0.5434185,-7.3907516e-09,-7.6238784e-08,0.0
4.75,0.32470265,0.5284895,0.4909801,0.13304214,0.5141143,0.5400415,6.789708e-09,1.2379945e-08,0.0
4.755,0.32470265,0.5284895,0.4909801,0.15524907,0.5150789,0.536882,0.21265958,-1.5539067e-08,0.0
4.76,0.0,0.0975947,0.6,0.17105833,0.5194255,0.53721607,0.7798069,1.5886354e-08,0.0
4.765,0.0,0.0975947,0.6,0.16175944,0.5235497,0.53522015,1.6422809,3.1794542e-08,0.0
4.7700000000000005,0.0,0.0975947,0.6,0.14666802,0.5096736,0.53331035,2.799775,8.475363e-08,0.0
4.775,0.0,0.0975947,0.6,0.13298455,0.4956689,0.531483,3.1833344,4.7388834e-08,0.0
4.78,0.05712882,0.0,0.5038791,0.1200685,0.47861847,0.53422916,2.48456,1.2220652e-07,0.0
4.785,0.05712882,0.0,0.5038791,0.10840691,0.4676962,0.5316458,1.133397,-7.8038084e-08,0.0
4.79,0.05712882,0.0,0.5038791,0.099146724,0.4723726,0.5292823,-6.5399236e-10,9.311377e-08,0.0
4.795,0.05712882,0.0,0.5038791,0.09506576,0.47668928,0.52711993,0.3173733,5.644585e-08,0.0
4.8,0.39784268,0.0,0.5018126,0.09111103,0.4806739,0.5250079,0.913885,1.4123225e-07,0.0
4.805,0.39784268,0.0,0.5018126,0.08940558,0.47619632,0.52298427,1.5311248,-5.2395354e-08,0.0
4.8100000000000005,0.39784268,0.0,0.5018126,0.08778573,0.4470731,0.5211372,1.2785398,-3.0307522e-08,0.0
4.815,0.39784268,0.0,0.5018126,0.08624717,0.42019016,0.51945126,0.20429936,-7.938203e-08,0.0
4.82,0.6,0.20437698,0.34804326,0.08226717,0.40066186,0.5187165,1.390153e-08,-7.727497e-09,0.0
4.825,0.6,0.20437698,0.34804326,0.07847084,0.38204113,0.51801646,2.369704e-08,4.2639552e-08,0.0
4.83,0.6,0.20437698,0.34804326,0.07574684,0.3642858,0.5172679,7.715012e-09,-2.0647368e-09,0.0
4.835,0.6,0.20437698,0.34804326,0.074887685,0.34735566,0.5165387,3.78919e-09,2.6910694e-08,0.0
4.84,0.44909754,0.29116488,0.09866715,0.07389427,0.33026427,0.5208664,1.8588501e-08,-1.3299745e-08,0.0
4.845,0.44909754,0.29116488,0.09866715,0.07377207,0.31401384,0.5249697,0.053384423,1.1398796e-08,0.0
4.8500000000000005,0.44909754,0.29116488,0.09866715,0.09190025,0.298563,0.52519673,0.22964796,-7.706571e-08,0.0
4.855,0.44909754,0.29116488,0.09866715,0.109014355,0.28933445,0.52409136,0.50918114,4.031661e-08,0.0
4.86,0.39166576,0.39509705,0.0,0.13614096,0.28961566,0.5223776,0.95405847,-1.9935005e-08,0.0
4.865,0.39166576,0.39509705,0.0,0.16176884,0.29502296,0.5207957,1.9384577,4.437046e-09,0.0
4.87,0.39166576,0.39509705,0.0,0.1859808,0.31039697,0.5142983,3.5090518,6.425489e-09,0.0
4.875,0.39166576,0.39509705,0.0,0.20109075,0.3234091,0.5015095,5.458315,2.7581251e-08,0.0
4.88,0.49571708,0.40989774,0.07931632,0.2125317,0.33262262,0.50147104,7.544547,2.4704134e-08,0.0
4.885,0.49571708,0.40989774,0.07931632,0.22330737,0.3419487,0.49319026,9.56912,1.309379e-07,0.0
4.89,0.49571708,0.40989774,0.07931632,0.23965178,0.35068166,0.48535642,11.385573,9.647757e-08,0.0
4.8950000000000005,0.49571708,0.40989774,0.07931632,0.26060572,0.35829225,0.4779454,12.9447975,4.6771365e-08,0.0
4.9,0.6,0.49062702,0.3244476,0.2696882,0.3608275,0.45590073,14.2968645,-1.9134756e-08,0.0
4.905,0.6,0.49062702,0.3244476,0.2782582,0.36625642,0.43487284,15.464174,1.07692536e-07,0.0
4.91,0.6,0.49062702,0.3244476,0.28641886,0.37145826,0.4184315,16.440104,9.7181356e-08,0.0
4.915,0.6,0.49062702,0.3244476,0.29418966,0.37644255,0.4027902,17.231363,1.03467336e-07,0.0
4.92,0.6,0.49582273,0.59444547,0.2988758,0.38104865,0.39316228,17.857677,1.6248443e-08,0.0
4.925,0.6,0.49582273,0.59444547,0.3033082,0.38564938,0.38382095,18.332104,4.0098815e-08,0.0
4.93,0.6,0.49582273,0.59444547,0.30752885,0.3900657,0.37821588,18.669245,6.3135035e-09,0.0
4.9350000000000005,0.6,0.49582273,0.59444547,0.3115479,0.394305,0.37661552,18.890661,6.312865e-09,0.0
4.94,0.31987882,0.59633225,0.4695926,0.38130498,0.39748988,0.37618405,19.020813,-9.910456e-09,0.0
4.945,0.31987882,0.59633225,0.4695926,0.43419254,0.40070066,0.38682356,19.412277,-9.6283035e-09,0.0
4.95,0.31987882,0.59633225,0.4695926,0.47429016,0.40384588,0.39694443,20.366913,6.199597e-08,0.0
4.955,0.31987882,0.59633225,0.4695926,0.5046909,0.40688708,0.40657195,21.927427,2.1375138e-07,0.0
4.96,0.35723817,0.6,0.6,0.5089226,0.40981132,0.41294917,23.97309,7.934526e-08,0.0
4.965,0.35723817,0.6,0.6,0.5129664,0.4146097,0.41542894,26.21792,1.1761885e-07,0.0
4.97,0.35723817,0.6,0.6,0.50464284,0.4205848,0.41726747,28.38512,1.7796587e-07,0.0
4.9750000000000005,0.35723817,0.6,0.6,0.4964394,0.42636344,0.4190436,31.040281,3.4061436e-08,0.0
4.98,0.03990984,0.6,0.6,0.5030083,0.43195206,0.42075944,34.088463,1.2379141e-07,0.0
4.985,0.03990984,0.6,0.6,0.5091605,0.43742883,0.4262618,36.32141,1.1358007e-07,0.0
4.99,0.03990984,0.6,0.6,0.5149225,0.44277424,0.43215925,37.44147,7.226091e-08,0.0
4.995,0.03990984,0.6,0.6,0.50259835,0.44794387,0.4378565,37.746143,1.2937262e-08,0.0
5.0,0.0,0.6,0.6,0.488543,0.45294353,0.44336033,38.210224,5.39501e-08,0.0
5.005,0.0,0.6,0.6,0.4783403,0.4577788,0.44867736,39.005035,-6.1493154e-08,0.0
5.01,0.0,0.6,0.6,0.46902475,0.4624551,0.4538139,39.820145,8.714401e-08,0.0
5.015,0.0,0.6,0.6,0.4604258,0.46697763,0.4587761,40.469448,2.641676e-08,0.0
5.0200000000000005,0.0,0.6,0.6,0.45248827,0.47135144,0.46356982,40.851345,-8.582715e-09,0.0
5.025,0.0,0.6,0.6,0.4216206,0.47558147,0.46820083,40.925674,2.7905717e-08,0.0
5.03,0.0,0.6,0.6,0.39225823,0.4796724,0.47267467,40.556946,3.7383202e-08,0.0
5.035,0.0,0.6,0.6,0.3651545,0.4836288,0.47699663,39.634346,-1.9117885e-09,0.0
5.04,0.0,0.6,0.6,0.3401357,0.48745513,0.4811719,38.150814,6.474699e-08,0.0
5.045,0.0,0.6,0.6,0.31408072,0.49115565,0.48520544,36.162655,-5.371161e-08,0.0
5.05,0.0,0.6,0.6,0.28992066,0.4947345,0.48910207,33.733833,-2.6120742e-07,0.0
5.055,0.0,0.6,0.6,0.26761907,0.49819565,0.49286643,30.93018,6.329474e-08,0.0
5.0600000000000005,0.0,0.6,0.6,0.24703299,0.501543,0.496503,27.831598,-2.863329e-07,0.0
5.065,0.0,0.6,0.6,0.22803044,0.5047803,0.50001615,24.538927,1.3480499e-07,0.0
5.07,0.0,0.6,0.6,0.21048965,0.50791115,0.50341004,21.169432,1.10890745e-07,0.0
5.075,0.0,0.6,0.6,0.19429813,0.51093906,0.5066887,17.835243,2.4049744e-09,0.0
5.08,0.12573719,0.24499087,0.6,0.172662,0.516477,0.5098561,14.624654,1.9162854e-08,0.0
5.085,0.12573719,0.24499087,0.6,0.15343517,0.5216705,0.51291597,11.556467,-1.089735e-08,0.0
5.09,0.12573719,0.24499087,0.6,0.13634935,0.5265411,0.515872,8.666251,-1.3459838e-07,0.0
5.095,0.12573719,0.24499087,0.6,0.121166125,0.53110886,0.51872766,6.0346875,-1.9190232e-07,0.0
5.1000000000000005,0.45122004,0.42880628,0.6,0.11490611,0.5236101,0.5214864,3.7482262,-2.9802068e-08,0.0
5.105,0.45122004,0.42880628,0.6,0.10896952,0.5090794,0.5241515,1.1433983,-1.0698935e-07,0.0
5.11,0.45122004,0.42880628,0.6,0.103339635,0.4953065,0.5267261,-2.7820868e-09,-1.74434e-08,0.0
5.115,0.45122004,0.42880628,0.6,0.098000616,0.48225188,0.52921337,-6.995129e-10,-1.7575484e-08,0.0
5.12,0.13447821,0.15977354,0.5252403,0.15182167,0.48945433,0.5341419,4.370975e-09,-1.6430954e-08,0.0
5.125,0.13447821,0.15977354,0.5252403,0.19744186,0.4962162,0.53659135,0.41587025,3.7099255e-08,0.0
5.13,0.13447821,0.15977354,0.5252403,0.23611076,0.5025645,0.53580105,1.5135826,4.001404e-08,0.0
5.135,0.13447821,0.15977354,0.5252403,0.23009913,0.5085244,0.53506577,3.2050853,8.4510916e-08,0.0
5.14,0.0,0.0,0.55427706,0.22468583,0.4882526,0.5345365,5.4266906,1.4809373e-07,0.0
5.1450000000000005,0.0,0.0,0.55427706,0.21930501,0.4811703,0.5340357,7.046688,1.5168771e-08,0.0
5.15,0.0,0.0,0.55427706,0.20688972,0.4771423,0.53399223,7.6063533,9.017044e-08,0.0
5.155,0.0,0.0,0.55427706,0.19517729,0.47342414,0.53508496,7.2842717,-1.3558835e-07,0.0
5.16,0.3902833,0.0,0.39111066,0.185813,0.46999198,0.53463835,6.3106637,-4.5474984e-09,0.0
5.165,0.3902833,0.0,0.39111066,0.17689799,0.44980198,0.534212,4.9510508,-7.32314e-08,0.0
5.17,0.3902833,0.0,0.39111066,0.1684107,0.4274921,0.53508127,3.5409405,-2.2440685e-07,0.0
5.175,0.3902833,0.0,0.39111066,0.17200728,0.40689838,0.53595215,2.3869839,2.142973e-08,0.0
5.18,0.6,0.18165806,0.42958346,0.17022428,0.38860986,0.5315853,1.4518328,3.2840102e-08,0.0
5.1850000000000005,0.6,0.18165806,0.42958346,0.16852598,0.3711433,0.5243336,1.1235601,-7.919623e-09,0.0
5.19,0.6,0.18165806,0.42958346,0.16690837,0.35446182,0.5174563,1.547439,-4.2328868e-08,0.0
5.195,0.6,0.18165806,0.42958346,0.16475137,0.33853012,0.510934,2.5264444,-1.8342183e-08,0.0
5.2,0.41490987,0.43252397,0.0,0.17583145,0.33122256,0.5142681,3.8131552,4.9725394e-08,0.0
5.205,0.41490987,0.43252397,0.0,0.19633138,0.33996478,0.5116562,4.9293914,7.373153e-08,0.0
5.21,0.41490987,0.43252397,0.0,0.21616308,0.34795254,0.5023835,6.236139,8.300901e-09,0.0
5.215,0.41490987,0.43252397,0.0,0.23502049,0.35525095,0.49382403,7.8952894,-3.0343283e-08,0.0
5.22,0.2562101,0.36222902,0.17638193,0.2688895,0.3305118,0.49801448,9.704131,-2.2026294e-08,0.0
5.2250000000000005,0.2562101,0.36222902,0.17638193,0.29961553,0.30929828,0.49641404,11.176515,7.177747e-08,0.0
5.23,0.2562101,0.36222902,0.17638193,0.3274903,0.29110795,0.48911467,12.392254,3.946784e-10,0.0
5.235,0.2562101,0.36222902,0.17638193,0.3407841,0.28909838,0.48232126,13.663271,-1.1172623e-08,0.0
5.24,0.6,0.5900939,0.00063618424,0.3533007,0.2706835,0.47827765,15.023572,1.756736e-07,0.0
5.245,0.6,0.5900939,0.00063618424,0.36286482,0.26181418,0.44840297,16.484604,2.3135282e-08,0.0
5.25,0.6,0.5900939,0.00063618424,0.3653779,0.2567084,0.41402227,18.035408,1.2086126e-07,0.0
5.255,0.6,0.5900939,0.00063618424,0.36776963,0.25192788,0.38227764,19.594866,1.1865163e-07,0.0
5.26,0.6,0.6,0.20045488,0.37004587,0.24918601,0.37285435,21.090485,1.399656e-07,0.0
5.265,0.6,0.6,0.20045488,0.3701989,0.26089782,0.36386234,22.473658,6.465863e-08,0.0
5.2700000000000005,0.6,0.6,0.20045488,0.3646948,0.27186146,0.34969437,24.024845,2.2591497e-08,0.0
5.275,0.6,0.6,0.20045488,0.35945648,0.28212476,0.3337189,26.310452,1.3328213e-07,0.0
5.28,0.6,0.6,0.41119674,0.3544711,0.29124287,0.30904624,29.125305,7.664613e-08,0.0
5.285,0.6,0.6,0.41119674,0.3540878,0.29577753,0.2889415,31.982523,2.5053305e-07,0.0
5.29,0.6,0.6,0.41119674,0.365962,0.3000225,0.272559,34.620193,1.3947877e-07,0.0
5.295,0.6,0.6,0.41119674,0.37726286,0.30399632,0.26386902,36.379383,8.159926e-08,0.0
5.3,0.3884727,0.6,0.43324128,0.4297669,0.30930313,0.27690658,37.18576,-3.5909526e-09,0.0
5.305,0.3884727,0.6,0.43324128,0.46989456,0.32724035,0.2887904,37.52094,1.2173472e-08,0.0
5.3100000000000005,0.3884727,0.6,0.43324128,0.50056326,0.3440317,0.2996226,37.71549,3.6872427e-09,0.0
5.315,0.3884727,0.6,0.43324128,0.5240027,0.3597504,0.30975094,37.91097,7.593022e-09,0.0
5.32,0.38180128,0.49072137,0.6,0.5388802,0.36995044,0.31357637,38.159225,1.7832166e-08,0.0
5.325,0.38180128,0.49072137,0.6,0.5162848,0.37971744,0.31725752,38.46318,1.9073502e-08,0.0
5.33,0.38180128,0.49072137,0.6,0.4912638,0.38906977,0.32128385,39.465096,5.0114068e-08,0.0
5.335,0.38180128,0.49072137,0.6,0.471141,0.39802504,0.32550564,41.00538,8.816684e-08,0.0
5.34,0.3366332,0.6,0.6,0.46360564,0.40505674,0.32956824,42.52775,4.1514998e-08,0.0
5.345,0.3366332,0.6,0.6,0.45660588,0.40864024,0.33347765,43.766384,6.41763e-08,0.0
5.3500000000000005,0.3366332,0.6,0.6,0.4497873,0.41149786,0.34090075,44.627632,4.2347352e-08,0.0
5.355,0.3366332,0.6,0.6,0.44359022,0.414256,0.3506711,45.092285,1.6954626e-08,0.0
5.36,0.049192537,0.6,0.6,0.44004974,0.41691813,0.36007306,45.184834,-2.8292806e-08,0.0
5.365,0.049192537,0.6,0.6,0.43673667,0.42269096,0.36912048,44.968433,2.4961674e-08,0.0
5.37,0.049192537,0.6,0.6,0.43363643,0.4288639,0.37782672,44.504402,2.0601894e-08,0.0
5.375,0.049192537,0.6,0.6,0.43070397,0.43482196,0.38620466,43.8455,1.1441884e-08,0.0
5.38,0.0,0.6,0.6,0.42687526,0.4405726,0.39426666,43.043304,-1.8396595e-09,0.0
5.385,0.0,0.6,0.6,0.4233463,0.446123,0.40202466,42.139355,-2.0851953e-08,0.0
5.39,0.0,0.6,0.6,0.41736138,0.45148018,0.4094901,41.169487,-2.9097302e-08,0.0
5.3950000000000005,0.0,0.6,0.6,0.41104096,0.45665085,0.41667405,40.149334,-9.208618e-09,0.0
5.4,0.0,0.6,0.6,0.4052154,0.46164152,0.42358708,39.085224,-2.3176574e-08,0.0
5.405,0.0,0.6,0.6,0.39984596,0.46645844,0.43023944,37.98721,-1.2347748e-08,0.0
5.41,0.0,0.6,0.6,0.37750933,0.47110766,0.43664095,36.87035,-4.1102877e-09,0.0
5.415,0.0,0.6,0.6,0.3518046,0.475595,0.44280106,35.651558,1.4302716e-08,0.0
5.42,0.0,0.6,0.6,0.3281124,0.4799261,0.44872886,34.21455,-3.4774963e-08,0.0
5.425,0.0,0.6,0.6,0.30627507,0.48410645,0.45443314,32.49441,-8.247045e-08,0.0
5.43,0.0,0.6,0.6,0.28317177,0.48814124,0.4599223,30.475975,8.011728e-08,0.0
5.4350000000000005,0.0,0.6,0.6,0.2610016,0.49203557,0.4652045,28.158873,-1.455747e-07,0.0
5.44,0.0,0.6,0.6,0.24056715,0.49579433,0.4702875,25.566225,-2.3421838e-07,0.0
5.445,0.0,0.6,0.6,0.22173256,0.49942222,0.47517884,22.76099,-1.5563408e-07,0.0
5.45,0.0,0.6,0.6,0.20437258,0.5029238,0.47988573,19.833971,8.668169e-08,0.0
5.455,0.0,0.6,0.6,0.18837176,0.5063035,0.4844151,16.874586,-2.8937565e-08,0.0
5.46,0.10900387,0.31373137,0.6,0.16960919,0.510722,0.4887737,13.96055,5.6809352e-08,0.0
5.465,0.10900387,0.31373137,0.6,0.15271544,0.5149321,0.49296793,11.141568,-1.786745e-07,0.0
5.47,0.10900387,0.31373137,0.6,0.13750438,0.51894367,0.497004,8.484351,4.3116987e-08,0.0
5.4750000000000005,0.10900387,0.31373137,0.6,0.12380841,0.5227661,0.5008879,6.077327,-1.0164732e-07,0.0
5.48,0.44827434,0.38119686,0.595914,0.11742845,0.5262166,0.503778,4.002463,7.170667e-08,0.0
5.485,0.44827434,0.38119686,0.595914,0.11137726,0.529513,0.50658387,2.3595083,-1.6059639e-07,0.0
5.49,0.44827434,0.38119686,0.595914,0.10563789,0.52042013,0.5093079,1.2008528,5.4949827e-09,0.0
5.495,0.44827434,0.38119686,0.595914,0.10019428,0.51118606,0.5119525,3.4767776e-08,-1.7060556e-08,0.0
5.5,0.14787416,0.18759911,0.5451954,0.1252759,0.5178848,0.516908,7.067065e-10,-3.0630187e-09,0.0
5.505,0.14787416,0.18759911,0.5451954,0.16427337,0.5240783,0.52157104,0.15493922,-1.6208604e-08,0.0
5.51,0.14787416,0.18759911,0.5451954,0.19856244,0.52980465,0.52595884,0.6956966,3.8144243e-09,0.0
5.515,0.14787416,0.18759911,0.5451954,0.2287116,0.5350991,0.5278422,1.7050307,2.1809193e-08,0.0
5.5200000000000005,0.0,0.0,0.55300355,0.22422016,0.5180708,0.52877164,3.0952737,9.351125e-08,0.0
5.525,0.0,0.0,0.55300355,0.21997826,0.50463945,0.5296513,4.163874,5.5677795e-08,0.0
5.53,0.0,0.0,0.55300355,0.20777188,0.49514386,0.53052336,4.6446137,1.3237094e-08,0.0
5.535,0.0,0.0,0.55300355,0.19622776,0.4863787,0.5317274,4.6105638,-2.3008512e-08,0.0
5.54,0.43738574,0.0,0.44812402,0.19381729,0.4782878,0.5329745,4.1626163,2.055159e-08,0.0
5.545,0.43738574,0.0,0.44812402,0.19152698,0.46425635,0.5341485,3.5039263,9.5270964e-09,0.0
5.55,0.43738574,0.0,0.44812402,0.18880844,0.442975,0.5352537,2.871947,-2.0756594e-09,0.0
5.555,0.43738574,0.0,0.44812402,0.17939618,0.42333072,0.5321811,2.470758,1.7855438e-09,0.0
5.5600000000000005,0.6,0.13004196,0.46602425,0.17789783,0.41110897,0.5266351,2.3545358,-2.1104665e-08,0.0
5.565,0.6,0.13004196,0.46602425,0.1764707,0.39952087,0.52145505,2.5098212,5.5568442e-08,0.0
5.57,0.6,0.13004196,0.46602425,0.1751114,0.38853356,0.51739556,2.8948421,3.943994e-08,0.0
5.575,0.6,0.13004196,0.46602425,0.17328641,0.36994916,0.51400614,3.43993,6.391413e-08,0.0
5.58,0.35154742,0.40447402,0.0,0.18844534,0.33725497,0.5170059,4.1076674,-8.114053e-09,0.0
5.585,0.35154742,0.40447402,0.0,0.20273419,0.32696483,0.5173572,4.7445207,1.182137e-08,0.0
5.59,0.35154742,0.40447402,0.0,0.21620287,0.33752766,0.51203156,5.366701,6.711715e-08,0.0
5.595,0.35154742,0.40447402,0.0,0.23667356,0.34665102,0.5071156,6.483178,4.7505324e-08,0.0
5.6000000000000005,0.24663427,0.28228316,0.20012788,0.27703768,0.32751894,0.5108694,8.16918,1.8411464e-08,0.0
5.605,0.24663427,0.28228316,0.20012788,0.3129175,0.33198735,0.5143161,9.845223,8.93457e-08,0.0
5.61,0.24663427,0.28228316,0.20012788,0.3375489,0.33838975,0.5094241,11.904933,1.2875157e-07,0.0
5.615,0.24663427,0.28228316,0.20012788,0.3391041,0.34422666,0.50440955,14.441024,1.4913462e-07,0.0
5.62,0.6,0.52697253,0.28528088,0.35184652,0.334736,0.47857505,17.046453,2.0340458e-08,0.0
5.625,0.6,0.52697253,0.28528088,0.3624094,0.32810816,0.4540637,18.97601,1.2401219e-07,0.0
5.63,0.6,0.52697253,0.28528088,0.3618789,0.33149198,0.4308078,20.133797,6.117845e-08,0.0
5.635,0.6,0.52697253,0.28528088,0.3613743,0.33472586,0.41644394,21.827995,1.1986097e-07,0.0
5.64,0.6,0.6,0.41976094,0.36089432,0.33801714,0.4060233,24.272987,1.7240338e-07,0.0
5.6450000000000005,0.6,0.6,0.41976094,0.35978025,0.33805028,0.39988056,26.972971,1.1058166e-07,0.0
5.65,0.6,0.6,0.41976094,0.35425407,0.33541873,0.39405036,29.606092,6.703464e-08,0.0
5.655,0.6,0.6,0.41976094,0.3489978,0.33291137,0.38851675,31.432663,4.1749725e-08,0.0
5.66,0.36636508,0.48803246,0.5467509,0.3588782,0.33045307,0.39030045,32.30053,4.1632823e-08,0.0
5.665,0.36636508,0.48803246,0.5467509,0.3954121,0.3279714,0.39198232,31.972137,2.368215e-08,0.0
5.67,0.36636508,0.48803246,0.5467509,0.4264105,0.32561758,0.39356816,30.805876,6.88433e-08,0.0
5.675,0.36636508,0.48803246,0.5467509,0.45271215,0.32338503,0.4009853,29.418877,6.033777e-08,0.0
5.68,0.32846975,0.6,0.4954215,0.46949434,0.3345259,0.40572405,28.199934,-1.1805712e-09,0.0
5.6850000000000005,0.32846975,0.6,0.4954215,0.48313886,0.34505713,0.40868333,27.810871,2.6660032e-09,0.0
5.69,0.32846975,0.6,0.4954215,0.4698335,0.35501206,0.41154498,28.3021,6.8530452e-09,0.0
5.695,0.32846975,0.6,0.4954215,0.45804417,0.3679022,0.4143122,29.983849,2.9874386e-08,0.0
5.7,0.33315837,0.6,0.54870075,0.45309988,0.38060325,0.41713187,32.516243,2.8720305e-07,0.0
5.705,0.33315837,0.6,0.54870075,0.44791946,0.39260927,0.4198535,35.260143,8.662298e-08,0.0
5.71,0.33315837,0.6,0.54870075,0.44147748,0.4039583,0.42248055,37.802563,2.2881105e-07,0.0
5.715,0.33315837,0.6,0.54870075,0.43538293,0.4093507,0.4268153,39.88578,5.0805017e-08,0.0
5.72,0.0,0.6,0.592589,0.43007386,0.41365638,0.429187,41.403507,4.0931887e-08,0.0
5.7250000000000005,0.0,0.6,0.592589,0.42414176,0.41772646,0.4331944,42.353226,2.1489889e-08,0.0
5.73,0.0,0.6,0.592589,0.41678238,0.4215738,0.43706742,42.779076,3.553894e-08,0.0
5.735,0.0,0.6,0.592589,0.4099891,0.43054616,0.4408106,42.74155,3.551101e-08,0.0
5.74,0.0,0.6,0.6,0.40371838,0.43981916,0.44440672,42.293514,-5.2162527e-08,0.0
5.745,0.0,0.6,0.6,0.39805764,0.4485847,0.4489271,41.49402,1.790863e-08,0.0
5.75,0.0,0.6,0.6,0.3930654,0.4568706,0.45371553,40.41537,-7.103406e-08,0.0
5.755,0.0,0.6,0.6,0.38845715,0.46470302,0.45834437,39.135475,-1.3522132e-08,0.0
5.76,0.0,0.6,0.6,0.3842034,0.47210687,0.46281892,37.7276,-4.0979504e-08,0.0
5.765,0.0,0.6,0.6,0.37120908,0.47910556,0.46732062,36.255764,-4.5355723e-08,0.0
5.7700000000000005,0.0,0.6,0.6,0.34265453,0.48572126,0.471743,34.72053,-8.065343e-08,0.0
5.775,0.0,0.6,0.6,0.3162965,0.49197492,0.47601795,33.010212,2.3814826e-08,0.0
5.78,0.0,0.57736874,0.6,0.291966,0.49579895,0.48015043,31.02269,-6.536446e-08,0.0
5.785,0.0,0.57736874,0.6,0.26950708,0.4994876,0.48414516,28.727652,9.3581576e-08,0.0
5.79,0.0,0.57736874,0.6,0.24877577,0.5030457,0.48800674,26.1461,-1.7965488e-07,0.0
5.795,0.0,0.57736874,0.6,0.22963917,0.5064778,0.49173963,23.340422,-6.707283e-08,0.0
5.8,0.003967667,0.56412125,0.6,0.21479745,0.50987875,0.4953481,20.401892,7.147881e-08,0.0
5.805,0.003967667,0.56412125,0.6,0.20091495,0.5126861,0.49883628,17.446712,4.9305107e-09,0.0
5.8100000000000005,0.003967667,0.56412125,0.6,0.18792969,0.5153766,0.5022082,14.578521,4.567091e-08,0.0
5.815,0.003967667,0.56412125,0.6,0.17578368,0.51795524,0.5054677,11.883688,-5.1980564e-08,0.0
5.82,0.21214487,0.21478601,0.6,0.1395374,0.52375776,0.5086186,9.441343,4.6809173e-08,0.0
5.825,0.21214487,0.21478601,0.6,0.110896476,0.5291499,0.51166445,7.1301227,-2.8370946e-08,0.0
5.83,0.21214487,0.21478601,0.6,0.08884794,0.5341607,0.5146088,4.8523216,-8.4654545e-08,0.0
5.835,0.21214487,0.21478601,0.6,0.07134578,0.5388171,0.517455,2.640832,-5.964782e-08,0.0
5.84,0.5547741,0.1962107,0.6,0.067400284,0.5434439,0.52020633,0.5854159,-8.71793e-08,0.0
5.845,0.5547741,0.1962107,0.6,0.063672975,0.5463942,0.52286595,-4.1187045e-09,-2.5447962e-08,0.0
5.8500000000000005,0.5547741,0.1962107,0.6,0.060151793,0.5487366,0.52543694,-7.0823045e-09,5.2872185e-08,0.0
5.855,0.5547741,0.1962107,0.6,0.056825336,0.55090183,0.5279222,5.256684e-09,2.4459125e-08,0.0
5.86,0.32241362,0.5478846,0.49280965,0.08391154,0.5309949,0.53277206,-3.4906025e-09,1.7081284e-08,0.0
5.865,0.32241362,0.5478846,0.49280965,0.10952437,0.5122052,0.5291324,9.740124e-09,-4.8926942e-08,0.0
5.87,0.32241362,0.5478846,0.49280965,0.13374397,0.5139919,0.5258243,8.734498e-09,5.4221285e-08,0.0
5.875,0.32241362,0.5478846,0.49280965,0.15427172,0.5158941,0.52281743,0.21801466,-1.0493272e-07,0.0
5.88,0.0,0.18988183,0.6,0.1699177,0.5195461,0.5255681,0.78212,-4.4503455e-08,0.0
5.885,0.0,0.18988183,0.6,0.16079246,0.5229215,0.5261136,1.630531,3.6807418e-08,0.0
5.89,0.0,0.18988183,0.6,0.14583036,0.50379276,0.5249267,2.776413,4.127307e-08,0.0
5.8950000000000005,0.0,0.18988183,0.6,0.13226053,0.48190802,0.52378213,3.1783164,-5.0508085e-08,0.0
5.9,0.052737687,0.0,0.526044,0.120042525,0.4599313,0.5293451,2.562983,3.7867473e-08,0.0
5.905,0.052737687,0.0,0.526044,0.1089532,0.44519866,0.5328315,1.369048,-2.3752525e-08,0.0
5.91,0.052737687,0.0,0.526044,0.100347996,0.45309758,0.5323361,-0.0018723357,-4.5418673e-07,0.0
5.915,0.052737687,0.0,0.526044,0.095949836,0.4603889,0.53187686,0.42578086,6.601378e-08,0.0
5.92,0.4616834,0.0,0.51196563,0.10843601,0.46711934,0.5313324,1.1671908,-5.0783884e-09,0.0
5.925,0.4616834,0.0,0.51196563,0.12023375,0.46767855,0.5295768,1.832979,1.0027725e-07,0.0
5.93,0.4616834,0.0,0.51196563,0.11753991,0.44630957,0.5279803,2.333283,5.1154366e-08,0.0
5.9350000000000005,0.4616834,0.0,0.51196563,0.1110593,0.42658436,0.5265286,2.229649,1.1556355e-07,0.0
5.94,0.57888675,0.24679781,0.29679507,0.105691485,0.40583134,0.5265044,1.5454302,7.422878e-08,0.0
5.945,0.57888675,0.24679781,0.29679507,0.100583114,0.38608792,0.52648145,0.65966856,-5.6908746e-08,0.0
5.95,0.57888675,0.24679781,0.29679507,0.09572164,0.367305,0.5261044,-3.0791497e-08,4.566667e-08,0.0
5.955,0.57888675,0.24679781,0.29679507,0.09293394,0.34943587,0.52539897,0.03950404,-6.7783326e-08,0.0
5.96,0.34578085,0.43541804,0.0,0.11772912,0.34161475,0.52544856,0.18872799,-1.6023794e-08,0.0
5.965,0.34578085,0.43541804,0.0,0.14162594,0.34295878,0.52549434,0.43981418,7.721307e-09,0.0
5.97,0.34578085,0.43541804,0.0,0.16428445,0.35000426,0.52465844,1.3405902,3.594375e-08,0.0
5.9750000000000005,0.34578085,0.43541804,0.0,0.18576881,0.35651287,0.52368206,2.9875107,1.0219393e-07,0.0
5.98,0.29290715,0.32698303,0.15999779,0.19396222,0.34526646,0.52383506,5.077752,9.542148e-08,0.0
5.985,0.29290715,0.32698303,0.15999779,0.20173608,0.3378934,0.5239782,6.73027,5.3124765e-08,0.0
5.99,0.29290715,0.32698303,0.15999779,0.20783146,0.34789023,0.523416,7.6697507,3.4148602e-08,0.0
5.995,0.29290715,0.32698303,0.15999779,0.21218775,0.35686234,0.52267426,8.577221,-5.0262967e-09,0.0
6.0,0.6,0.54487246,0.25833532,0.22957486,0.3589573,0.5094894,9.617043,8.752489e-08,0.0
6.005,0.6,0.54487246,0.25833532,0.24680889,0.36212483,0.48962468,10.70986,1.1032591e-07,0.0
6.01,0.6,0.54487246,0.25833532,0.26319262,0.36516115,0.4610447,11.853808,6.404653e-08,0.0
6.015000000000001,0.6,0.54487246,0.25833532,0.27876803,0.36807168,0.43413296,13.038211,1.5335033e-07,0.0
6.0200000000000005,0.6,0.58969957,0.5001161,0.28347594,0.36814436,0.43075314,14.244697,1.5959026e-08,0.0
6.025,0.6,0.58969957,0.5001161,0.28654987,0.3663687,0.43867764,15.405275,1.4484075e-07,0.0
6.03,0.6,0.58969957,0.5001161,0.28947216,0.36466965,0.44569677,15.863834,-1.2041812e-09,0.0
6.035,0.6,0.58969957,0.5001161,0.29225028,0.36304387,0.451914,15.546857,-9.2520995e-09,0.0
6.04,0.3830952,0.47261035,0.54996204,0.3124773,0.37215406,0.45455703,14.784396,-1.0076092e-08,0.0
6.045,0.3830952,0.47261035,0.54996204,0.3167034,0.3808078,0.45705512,14.473616,2.2950384e-09,0.0
6.05,0.3830952,0.47261035,0.54996204,0.32039323,0.38902792,0.45972332,14.818424,6.0582734e-09,0.0
6.055,0.3830952,0.47261035,0.54996204,0.32361484,0.39867854,0.46467128,15.541849,3.2957161e-09,0.0
6.0600000000000005,0.3491224,0.56519026,0.5106863,0.37423778,0.40115532,0.47060537,16.411896,4.952953e-08,0.0
6.065,0.3491224,0.56519026,0.5106863,0.41558856,0.4035491,0.47367707,17.515736,1.10797e-07,0.0
6.07,0.3491224,0.56519026,0.5106863,0.4493655,0.40586272,0.476252,18.984846,6.557599e-08,0.0
6.075,0.3491224,0.56519026,0.5106863,0.47695583,0.4088738,0.47864774,20.823318,9.3092225e-08,0.0
6.08,0.3335816,0.6,0.5613334,0.45539021,0.41108572,0.48025733,22.944183,9.5361216e-08,0.0
6.085,0.3335816,0.6,0.5613334,0.43877956,0.41609412,0.48151627,25.722559,1.624268e-07,0.0
6.09,0.3335816,0.6,0.5613334,0.4259854,0.42126837,0.48272312,28.86507,1.9332286e-07,0.0
6.095,0.3335816,0.6,0.5613334,0.4118556,0.42626306,0.48388004,31.812601,2.0283103e-07,0.0
6.1000000000000005,0.0,0.6,0.567545,0.4095339,0.43108442,0.48578045,34.235912,1.4628925e-07,0.0
6.105,0.0,0.6,0.567545,0.4073996,0.43681878,0.4887054,36.03372,1.0224696e-07,0.0
6.11,0.0,0.6,0.567545,0.40373728,0.44248185,0.49151713,37.22346,3.867794e-08,0.0
6.115,0.0,0.6,0.567545,0.3993284,0.44794837,0.49422,37.85529,-2.6163399e-08,0.0
6.12,0.0,0.6,0.6,0.39527544,0.4532252,0.496165,37.999046,1.627694e-08,0.0
6.125,0.0,0.6,0.6,0.39154968,0.4583189,0.49805364,37.73978,-4.547151e-09,0.0
6.13,0.0,0.6,0.6,0.38734686,0.46323583,0.49996442,37.168327,-3.0630677e-08,0.0
6.135,0.0,0.6,0.6,0.38300657,0.4679821,0.50192297,36.36761,6.0165256e-08,0.0
6.140000000000001,0.0,0.6,0.6,0.37901667,0.47256368,0.5038248,35.409065,-2.3887042e-08,0.0
6.1450000000000005,0.0,0.6,0.6,0.37534884,0.47698626,0.50567144,34.35467,1.6515349e-08,0.0
6.15,0.0,0.6,0.6,0.35528177,0.48125535,0.50786626,33.256645,-7.769624e-08,0.0
6.155,0.0,0.6,0.6,0.3266011,0.4853763,0.5105364,32.05824,1.9755808e-09,0.0
6.16,0.0,0.58114123,0.6,0.3002357,0.48926765,0.5131291,30.62186,3.4588912e-09,0.0
6.165,0.0,0.58114123,0.6,0.27599868,0.4930269,0.5156467,28.85022,-3.9044195e-08,0.0
6.17,0.0,0.58114123,0.6,0.25371823,0.49665853,0.5180913,26.715887,-1.7528096e-08,0.0
6.175,0.0,0.58114123,0.6,0.23323642,0.5001669,0.52046514,24.252203,-5.6338907e-09,0.0
6.18,0.009174675,0.55612993,0.6,0.21796812,0.5038252,0.52277017,21.539068,-2.409622e-08,0.0
6.1850000000000005,0.009174675,0.55612993,0.6,0.20369932,0.5073182,0.5250084,18.700745,-1.6956683e-07,0.0
6.19,0.009174675,0.55612993,0.6,0.1903646,0.5106534,0.52718174,15.856998,-1.1352824e-07,0.0
6.195,0.009174675,0.55612993,0.6,0.1779028,0.5137294,0.5292921,13.104739,9.278447e-08,0.0
6.2,0.22777602,0.20600745,0.6,0.14619018,0.5198128,0.5313413,10.535105,-2.1990203e-07,0.0
6.205,0.22777602,0.20600745,0.6,0.12013059,0.5254673,0.5333311,8.078878,-5.8937857e-08,0.0
6.21,0.22777602,0.20600745,0.6,0.0987534,0.530723,0.53526324,5.6814375,-1.3167228e-07,0.0
6.215,0.22777602,0.20600745,0.6,0.08278526,0.53560805,0.53713936,3.3863575,-1.13392744e-07,0.0
6.22,0.5643906,0.31803375,0.6,0.07822992,0.5366168,0.5389611,1.2932206,-4.023716e-08,0.0
6.2250000000000005,0.5643906,0.31803375,0.6,0.073925234,0.53757596,0.54073006,1.6663913e-08,-4.2497863e-08,0.0
6.23,0.5643906,0.31803375,0.6,0.06985742,0.5263011,0.54244775,1.4518672e-08,1.4684672e-09,0.0
6.235,0.5643906,0.31803375,0.6,0.06601344,0.5105575,0.54411566,5.974882e-10,4.5201627e-08,0.0
6.24,0.31128034,0.5504494,0.5147635,0.092481665,0.49993002,0.5476022,-3.7103147e-09,-1.5127297e-08,0.0
6.245,0.31128034,0.5504494,0.5147635,0.1175442,0.4898892,0.54588234,-4.9780264e-09,-5.1721376e-08,0.0
6.25,0.31128034,0.5504494,0.5147635,0.14104407,0.48617396,0.5439409,4.5929314e-09,-1.4717159e-07,0.0
6.255,0.31128034,0.5504494,0.5147635,0.15008512,0.489722,0.5421206,2.075621e-10,-5.6838334e-09,0.0
6.26,0.0,0.10853012,0.6,0.16320081,0.4931745,0.5413811,0.39925933,1.7925244e-09,0.0
6.265000000000001,0.0,0.10853012,0.6,0.1597551,0.49314034,0.54013395,1.274862,1.6777665e-07,0.0
6.2700000000000005,0.0,0.10853012,0.6,0.14675657,0.47821254,0.5389452,1.8335627,3.6479396e-08,0.0
6.275,0.0,0.10853012,0.6,0.1348157,0.4640608,0.5378121,1.7718314,5.0147897e-08,0.0
6.28,0.06067184,0.0,0.4658864,0.12126845,0.45282796,0.54163784,1.2494559,-1.5237891e-08,0.0
6.285,0.06067184,0.0,0.4658864,0.109082535,0.4584998,0.5452282,0.44142142,7.9045776e-08,0.0
6.29,0.06067184,0.0,0.4658864,0.09870837,0.46557283,0.543465,0.16458224,-3.8548755e-08,0.0
6.295,0.06067184,0.0,0.4658864,0.09488619,0.4721018,0.5386925,0.50512105,1.326607e-07,0.0
6.3,0.39648497,0.0,0.50529563,0.09111569,0.47812855,0.5342918,1.104565,8.790385e-08,0.0
6.305,0.39648497,0.0,0.50529563,0.08958837,0.4531918,0.53221804,1.70398,-1.30321824e-08,0.0
6.3100000000000005,0.39648497,0.0,0.50529563,0.088137664,0.42667934,0.5302926,1.5161395,-2.055291e-08,0.0
6.315,0.39648497,0.0,0.50529563,0.08675974,0.40220633,0.52850485,0.5926476,-5.229699e-09,0.0
6.32,0.6,0.26594275,0.32775602,0.082752705,0.38331157,0.52549714,-8.503088e-09,-3.919924e-08,0.0
6.325,0.6,0.26594275,0.32775602,0.078930736,0.36530447,0.5226339,3.023665e-09,7.127257e-08,0.0
6.33,0.6,0.26594275,0.32775602,0.07613626,0.34814328,0.5214113,4.4925916e-09,8.811515e-09,0.0
6.335,0.6,0.26594275,0.32775602,0.07542203,0.3317883,0.5206372,-6.6681225e-09,2.5323596e-08,0.0
6.34,0.3725642,0.3912022,0.0,0.09291039,0.31195942,0.5164256,0.054209687,-8.208624e-09,0.0
6.345,0.3725642,0.3912022,0.0,0.109446146,0.33586583,0.51253796,0.20016457,-1.2757491e-08,0.0
6.3500000000000005,0.3725642,0.3912022,0.0,0.13572231,0.35256,0.51069176,0.83885926,-5.3976954e-08,0.0
6.355,0.3725642,0.3912022,0.0,0.16101159,0.36421782,0.5102767,2.1032503,1.2484682e-07,0.0
6.36,0.30635253,0.43870503,0.099528,0.17203942,0.3677781,0.5080305,3.8230376,-3.606295e-08,0.0
6.365,0.30635253,0.43870503,0.099528,0.18249239,0.37316504,0.50589794,5.687027,2.0679886e-07,0.0
6.37,0.30635253,0.43870503,0.099528,0.19094375,0.37814283,0.5057057,7.408387,6.8180036e-08,0.0
6.375,0.30635253,0.43870503,0.099528,0.19695978,0.38274255,0.505685,8.826663,4.0634582e-08,0.0
6.38,0.6,0.5650189,0.20671083,0.21612443,0.38461345,0.5056547,9.884205,5.2279862e-08,0.0
6.385,0.6,0.5650189,0.20671083,0.2343778,0.3864218,0.4996389,10.68578,7.578352e-08,0.0
6.390000000000001,0.6,0.5650189,0.20671083,0.25176322,0.3881697,0.4862845,11.38303,1.0618257e-07,0.0
6.3950000000000005,0.6,0.5650189,0.20671083,0.26766437,0.39145002,0.47396767,12.083671,3.861818e-08,0.0
6.4,0.6,0.5340478,0.52336115,0.2726524,0.39730024,0.44966885,12.840554,2.7852542e-08,0.0
6.405,0.6,0.5340478,0.52336115,0.2774032,0.40295327,0.43655255,13.601384,1.2355142e-08,0.0
6.41,0.6,0.5340478,0.52336115,0.28192812,0.40841576,0.44444513,14.29162,6.4053616e-08,0.0
6.415,0.6,0.5340478,0.52336115,0.28604645,0.4131691,0.45162013,14.872647,-3.0334345e-08,0.0
6.42,0.33655867,0.50398225,0.5096944,0.33755696,0.4171298,0.4556729,15.328673,-6.635262e-10,0.0
6.425,0.33655867,0.50398225,0.5096944,0.38737822,0.42096075,0.45881337,15.901228,2.8108815e-08,0.0
6.43,0.33655867,0.50398225,0.5096944,0.4277416,0.42417365,0.4616877,16.844257,3.936659e-08,0.0
6.4350000000000005,0.33655867,0.50398225,0.5096944,0.4604425,0.42678866,0.4643997,18.24946,1.3514224e-07,0.0
6.44,0.31198186,0.5457181,0.51495,0.43922937,0.42964694,0.4673494,20.085245,2.86442e-07,0.0
6.445,0.31198186,0.5457181,0.51495,0.40949073,0.4323994,0.47032866,22.691147,1.6519573e-07,0.0
6.45,0.31198186,0.5457181,0.51495,0.3883659,0.43511584,0.4732345,25.653337,5.3514743e-08,0.0
6.455,0.31198186,0.5457181,0.51495,0.3733599,0.43921116,0.4759511,28.335066,1.0732257e-07,0.0
6.46,0.3665831,0.6,0.6,0.36811376,0.441309,0.47695813,30.425465,1.818618e-07,0.0
6.465,0.3665831,0.6,0.6,0.36292037,0.44396642,0.4779351,31.868015,5.4664426e-08,0.0
6.47,0.3665831,0.6,0.6,0.35565892,0.447262,0.4789946,32.71199,2.254573e-08,0.0
6.4750000000000005,0.3665831,0.6,0.6,0.34943262,0.45045084,0.48006764,33.019287,-5.8576283e-08,0.0
6.48,0.0,0.6,0.6,0.34840223,0.4535364,0.48110867,32.870083,5.288855e-10,0.0
6.485,0.0,0.6,0.6,0.3474543,0.45733818,0.4821186,32.386967,-2.1134417e-08,0.0
6.49,0.0,0.6,0.6,0.3456099,0.46195877,0.48490563,31.689112,6.039373e-08,0.0
6.495,0.0,0.6,0.6,0.34291843,0.4664297,0.48834047,30.860811,1.25961055e-08,0.0
6.5,0.0,0.6,0.6,0.3404424,0.47075585,0.49167278,29.958424,4.1533024e-08,0.0
6.505,0.0,0.6,0.6,0.3381645,0.47494185,0.49490565,29.024105,1.6188686e-08,0.0
6.51,0.0,0.6,0.6,0.33822918,0.47899228,0.49804205,28.091024,7.6876155e-08,0.0
6.515000000000001,0.0,0.6,0.6,0.34049854,0.48291153,0.50108486,26.647978,-1.3711156e-08,0.0
6.5200000000000005,0.0,0.6,0.6,0.34258625,0.48670384,0.50403684,24.690935,2.1630616e-08,0.0
6.525,0.0,0.6,0.6,0.34450686,0.49037334,0.5069007,22.552475,-9.461735e-08,0.0
6.53,0.0,0.6,0.6,0.33177027,0.493924,0.50967914,20.476244,-1.8820392e-08,0.0
6.535,0.0,0.6,0.6,0.3052166,0.49735963,0.51237464,19.094067,7.3849065e-09,0.0
6.54,0.0,0.6,0.6,0.28078818,0.500684,0.5149897,18.351307,-5.056454e-08,0.0
6.545,0.0,0.6,0.6,0.25831494,0.5039007,0.5175267,17.829515,-6.7496067e-09,0.0
6.55,0.0,0.6,0.6,0.23764035,0.5070132,0.519988,17.244833,6.52286e-08,0.0
6.555,0.0,0.6,0.6,0.2186205,0.5100249,0.5223758,16.428335,2.0374431e-08,0.0
6.5600000000000005,0.0,0.6,0.6,0.20112291,0.51293904,0.5246924,15.304813,-4.3441652e-08,0.0
6.565,0.0,0.6,0.6,0.18502577,0.5157588,0.52693987,13.869622,4.3072752e-08,0.0
6.57,0.0,0.6,0.6,0.17021698,0.5184873,0.52912027,12.172866,4.0224297e-08,0.0
6.575,0.0,0.6,0.6,0.15659344,0.52112734,0.5312356,10.30403,-5.6838715e-08,0.0
6.58,0.14516288,0.19816494,0.6,0.13558275,0.527308,0.53328776,8.374727,6.8714336e-08,0.0
6.585,0.14516288,0.19816494,0.6,0.11739113,0.5330043,0.5352787,6.4284844,-4.3408843e-08,0.0
6.59,0.14516288,0.19816494,0.6,0.10164035,0.5382542,0.5372102,4.5076027,4.7712188e-08,0.0
6.595,0.14516288,0.19816494,0.6,0.088002905,0.5430927,0.5390841,2.6866207,-3.563998e-11,0.0
6.6000000000000005,0.42537075,0.3406381,0.6,0.08354924,0.54585844,0.540902,1.0422516,-6.3412756e-08,0.0
6.605,0.42537075,0.3406381,0.6,0.07932096,0.54848975,0.5426657,-1.1202671e-08,-2.834956e-10,0.0
6.61,0.42537075,0.3406381,0.6,0.0799077,0.5364597,0.5443768,-2.4905251e-09,2.386925e-08,0.0
6.615,0.42537075,0.3406381,0.6,0.08321015,0.5200186,0.5460368,1.5231644e-08,2.2071564e-08,0.0
6.62,0.17638783,0.19627415,0.6,0.087796785,0.5262373,0.54764724,8.8128065e-09,-6.218201e-08,0.0
6.625,0.17638783,0.19627415,0.6,0.092043854,0.5319725,0.54920965,-1.2100026e-08,5.731158e-08,0.0
6.63,0.17638783,0.19627415,0.6,0.115558416,0.53726184,0.5507254,2.8219354e-09,-2.9813056e-09,0.0
6.635,0.17638783,0.19627415,0.6,0.1384952,0.5421399,0.5521959,0.0259482,9.156577e-09,0.0
6.640000000000001,0.0,0.0,0.5384785,0.14099154,0.51568025,0.5548796,0.21025363,-2.0198991e-08,0.0
6.6450000000000005,0.0,0.0,0.5384785,0.13981156,0.491256,0.5564031,-3.1280123e-09,6.4527995e-08,0.0
6.65,0.0,0.0,0.5384785,0.13060088,0.47965983,0.5553968,1.4488132e-08,3.3193075e-08,0.0
6.655,0.0,0.0,0.5384785,0.121997006,0.46896586,0.554447,2.293353e-08,2.8104719e-08,0.0
6.66,0.19212751,0.0,0.37918863,0.12652104,0.4590945,0.5566179,-2.3872486e-08,-4.8952934e-08,0.0
6.665,0.19212751,0.0,0.37918863,0.13066877,0.44998246,0.5586854,1.4109825e-08,-2.3121197e-08,0.0
6.67,0.19212751,0.0,0.37918863,0.12972194,0.43047675,0.5580409,-8.341265e-09,3.9561696e-09,0.0
6.675,0.19212751,0.0,0.37918863,0.11893213,0.41246116,0.55710864,1.2440224e-08,-7.045733e-08,0.0
6.68,0.53185344,0.08252218,0.43174112,0.12854457,0.40462485,0.55081606,3.9279623e-08,4.813562e-08,0.0
6.6850000000000005,0.53185344,0.08252218,0.43174112,0.13112754,0.39260355,0.5424758,1.7952276e-08,-2.3256067e-08,0.0
6.69,0.53185344,0.08252218,0.43174112,0.13357106,0.38127583,0.5345409,-5.0218767e-09,4.7206598e-08,0.0
6.695,0.53185344,0.08252218,0.43174112,0.13588266,0.3706017,0.52699155,0.021426136,2.3990092e-08,0.0
6.7,0.48997775,0.28058702,0.1877274,0.13618794,0.35259968,0.5323496,0.13542238,-7.201128e-08,0.0
6.705,0.48997775,0.28058702,0.1877274,0.12831959,0.3354721,0.5373144,0.4277729,-7.2328854e-09,0.0
6.71,0.48997775,0.28058702,0.1877274,0.12090585,0.3191765,0.5386185,1.113935,1.0474274e-08,0.0
6.715,0.48997775,0.28058702,0.1877274,0.113920435,0.30662054,0.53860825,2.1050944,1.0070277e-07,0.0
6.72,0.31549388,0.3602623,0.0,0.13810249,0.30412507,0.5263452,3.1398528,1.1602286e-07,0.0
6.7250000000000005,0.31549388,0.3602623,0.0,0.16088533,0.30186883,0.51502544,3.964473,-1.2658447e-07,0.0
6.73,0.31549388,0.3602623,0.0,0.18074925,0.29982883,0.5072058,4.6175523,8.003343e-08,0.0
6.735,0.31549388,0.3602623,0.0,0.19864154,0.300764,0.5014008,5.2445164,4.4672883e-09,0.0
6.74,0.5904811,0.45481312,0.08905336,0.21053727,0.30470118,0.4950385,6.266701,-4.287353e-08,0.0
6.745,0.5904811,0.45481312,0.08905336,0.2261113,0.31339702,0.49044973,7.716436,-2.786578e-09,0.0
6.75,0.5904811,0.45481312,0.08905336,0.24093045,0.3215891,0.48739338,9.405817,1.2231666e-07,0.0
6.755,0.5904811,0.45481312,0.08905336,0.25503135,0.32930663,0.48449615,11.212639,-8.159721e-09,0.0
6.76,0.6,0.545981,0.10011292,0.26621205,0.33364215,0.48185351,13.028552,4.881947e-08,0.0
6.765000000000001,0.6,0.545981,0.10011292,0.27686065,0.33782792,0.47934327,14.747454,-6.8460096e-08,0.0
6.7700000000000005,0.6,0.545981,0.10011292,0.28700253,0.34218407,0.4649067,16.297466,1.4353564e-07,0.0
6.775,0.6,0.545981,0.10011292,0.29643616,0.3492241,0.45102206,17.644688,-3.2831114e-08,0.0
6.78,0.6,0.55403113,0.39310572,0.29734308,0.35598874,0.43576527,18.77064,1.1008094e-07,0.0
6.785,0.6,0.55403113,0.39310572,0.29820684,0.3625208,0.42115152,19.633896,-4.420004e-08,0.0
6.79,0.6,0.55403113,0.39310572,0.2990295,0.3688283,0.40761945,20.210423,3.5361865e-08,0.0
6.795,0.6,0.55403113,0.39310572,0.30016854,0.37512648,0.3946582,20.512674,-2.9026443e-08,0.0
6.8,0.4570787,0.5836143,0.46446326,0.3152606,0.3810262,0.3944959,20.576984,7.592373e-08,0.0
6.805,0.4570787,0.5836143,0.46446326,0.32915264,0.38687253,0.39435056,20.523516,-5.279762e-09,0.0
6.8100000000000005,0.4570787,0.5836143,0.46446326,0.33758956,0.3925213,0.3996789,20.472673,2.5988559e-08,0.0
6.815,0.4570787,0.5836143,0.46446326,0.3358327,0.39797917,0.4064522,20.475887,8.49322e-09,0.0
6.82,0.39017302,0.6,0.507678,0.33305588,0.40320313,0.42291316,21.043413,6.6146195e-09,0.0
6.825,0.39017302,0.6,0.507678,0.3306582,0.40899575,0.4428777,22.15623,1.1871441e-07,0.0
6.83,0.39017302,0.6,0.507678,0.33137864,0.41484126,0.45814005,23.467861,2.7498569e-08,0.0
6.835,0.39017302,0.6,0.507678,0.3667532,0.4204911,0.46980765,24.213415,-2.5391113e-08,0.0
6.84,0.37271073,0.6,0.6,0.40471256,0.42595178,0.46965715,24.388163,-4.0499644e-09,0.0
6.845,0.37271073,0.6,0.6,0.4364943,0.4316415,0.46951088,24.411665,2.6227633e-08,0.0
6.8500000000000005,0.37271073,0.6,0.6,0.46310377,0.43727744,0.46948466,24.549795,4.707613e-08,0.0
6.855,0.37271073,0.6,0.6,0.48538274,0.4427247,0.47056013,24.927214,1.1308724e-07,0.0
6.86,0.048892755,0.6,0.6,0.49258655,0.44798964,0.47160533,25.57155,2.5999638e-08,0.0
6.865,0.048892755,0.6,0.6,0.494319,0.45307833,0.4726211,26.390135,8.72045e-08,0.0
6.87,0.048892755,0.6,0.6,0.4919784,0.45799667,0.4738559,27.241606,4.1668294e-08,0.0
6.875,0.048892755,0.6,0.6,0.48978493,0.46275035,0.47740802,28.776838,1.1717075e-07,0.0
6.88,0.0,0.6,0.6,0.4814851,0.4673449,0.4808601,30.971958,7.003623e-08,0.0
6.885,0.0,0.6,0.6,0.47387683,0.47178566,0.484215,33.317116,4.2139523e-09,0.0
6.890000000000001,0.0,0.6,0.6,0.46690005,0.47607774,0.4874754,35.455708,3.345323e-08,0.0
6.8950000000000005,0.0,0.6,0.6,0.45905206,0.48022613,0.49064398,37.187828,4.8978368e-08,0.0
6.9,0.0,0.6,0.6,0.45185795,0.48423567,0.49372333,38.421143,-8.3084345e-10,0.0
6.905,0.0,0.6,0.6,0.44526327,0.488111,0.496716,39.140377,5.7404144e-08,0.0
6.91,0.0,0.6,0.6,0.4391726,0.49185658,0.49962437,39.38127,1.0745479e-08,0.0
6.915,0.0,0.6,0.6,0.40665385,0.49547678,0.5024509,39.20892,4.1494497e-09,0.0
6.92,0.0,0.6,0.6,0.3768446,0.49897578,0.50519776,38.545643,-8.2417e-09,0.0
6.925,0.0,0.6,0.6,0.34951913,0.50235766,0.50786734,37.319736,-7.878376e-08,0.0
6.93,0.0,0.6,0.6,0.3244636,0.5056263,0.5104617,35.55128,-2.48503e-08,0.0
6.9350000000000005,0.0,0.6,0.6,0.2974288,0.50878555,0.512983,33.30786,-7.974926e-08,0.0
6.94,0.0,0.6,0.6,0.27264655,0.51183903,0.5154334,30.648201,1.7657729e-07,0.0
6.945,0.0,0.6,0.6,0.24992919,0.5147903,0.5178147,27.637276,-2.1271755e-07,0.0
6.95,0.0,0.6,0.6,0.22910468,0.51764274,0.52012897,24.370352,-1.2025926e-07,0.0
6.955,0.0,0.6,0.6,0.21001531,0.5203997,0.5223781,20.968939,-1.12648806e-07,0.0
6.96,0.074252814,0.3518749,0.6,0.1947452,0.5240624,0.52456385,17.556036,4.7396302e-08,0.0
6.965,0.074252814,0.3518749,0.6,0.18058537,0.5275566,0.52668804,14.246916,-2.3020579e-07,0.0
6.97,0.074252814,0.3518749,0.6,0.16745509,0.53089,0.52875245,11.150423,-2.4210013e-07,0.0
6.9750000000000005,0.074252814,0.3518749,0.6,0.15527952,0.53407,0.53075874,8.370094,-5.2022443e-08,0.0
6.98,0.4262528,0.39545408,0.6,0.147368,0.537041,0.5327085,5.994658,1.191023e-07,0.0
6.985,0.4262528,0.39545408,0.6,0.13985957,0.53987813,0.5346034,4.10861,1.294493e-08,0.0
6.99,0.4262528,0.39545408,0.6,0.1332301,0.5315793,0.5364449,2.7530458,-4.315152e-08,0.0
6.995,0.4262528,0.39545408,0.6,0.1302252,0.52348125,0.53823453,1.1027992,4.4265118e-08,0.0
7.0,0.15030095,0.14032653,0.56576073,0.1403466,0.528042,0.54140234,-9.119099e-09,2.6568935e-08,0.0
7.005,0.15030095,0.14032653,0.56576073,0.1760102,0.53233093,0.54440767,0.21803069,1.38063765e-08,0.0
7.01,0.15030095,0.14032653,0.56576073,0.20722517,0.5363642,0.54725885,0.86725074,6.997579e-08,0.0
7.015000000000001,0.15030095,0.14032653,0.56576073,0.23454642,0.5401571,0.54832494,1.968977,9.203956e-08,0.0
7.0200000000000005,0.0,0.0,0.5583066,0.22978619,0.5256738,0.5492523,3.4018612,1.0270845e-07,0.0
7.025,0.0,0.0,0.5583066,0.22529492,0.51230466,0.5501303,4.453927,1.5064197e-08,0.0
7.03,0.0,0.0,0.5583066,0.2151317,0.50273263,0.550873,4.8766294,1.1254404e-08,0.0
7.035,0.0,0.0,0.5583066,0.20297582,0.49448043,0.55126834,4.7831306,3.1835512e-08,0.0
7.04,0.4268045,0.0,0.49408394,0.20038697,0.48686302,0.55099297,4.2864275,-3.3098943e-10,0.0
7.045,0.4268045,0.0,0.49408394,0.19729297,0.47983155,0.54689145,3.5836241,3.302595e-08,0.0
7.05,0.4268045,0.0,0.49408394,0.18759649,0.45713177,0.5430855,2.8767927,-6.1771715e-08,0.0
7.055,0.4268045,0.0,0.49408394,0.17837656,0.43276215,0.5395539,2.3291898,-2.3399584e-09,0.0
7.0600000000000005,0.6,0.12020937,0.466935,0.17742254,0.4187326,0.5367549,2.0467062,3.8117807e-09,0.0
7.065,0.6,0.12020937,0.466935,0.17611995,0.4040339,0.5341282,2.076024,1.9873626e-08,0.0
7.07,0.6,0.12020937,0.466935,0.17487994,0.39011124,0.5305309,2.4052262,-2.904816e-08,0.0
7.075,0.6,0.12020937,0.466935,0.17369947,0.37692362,0.52661616,2.974976,-5.2454748e-08,0.0
7.08,0.37594515,0.4405758,0.0,0.18679734,0.35864148,0.52905387,3.7016344,2.1291605e-08,0.0
7.085,0.37594515,0.4405758,0.0,0.20725119,0.35198656,0.53130406,4.3113766,3.53264e-08,0.0
7.09,0.37594515,0.4405758,0.0,0.22757545,0.35829553,0.5329451,4.8282557,-5.060295e-10,0.0
7.095,0.37594515,0.4405758,0.0,0.24684796,0.3641552,0.5299558,5.946722,4.3810132e-08,0.0
7.1000000000000005,0.23170927,0.30871436,0.2093825,0.29261506,0.34451783,0.53204435,7.730197,-1.0217966e-08,0.0
7.105,0.23170927,0.30871436,0.2093825,0.3147201,0.34147704,0.5318451,9.539839,6.4575275e-08,0.0
7.11,0.23170927,0.30871436,0.2093825,0.3226546,0.34945437,0.52906334,11.151143,1.9835471e-07,0.0
7.115,0.23170927,0.30871436,0.2093825,0.32956085,0.35678956,0.5264865,13.065476,2.9678716e-07,0.0
7.12,0.6,0.6,0.2145368,0.34369147,0.35406333,0.524163,15.256724,4.2841442e-08,0.0
7.125,0.6,0.6,0.2145368,0.35708377,0.35783285,0.52032536,16.902325,6.051392e-08,0.0
7.13,0.6,0.6,0.2145368,0.36550477,0.36143813,0.5164969,18.391508,-7.813966e-08,0.0
7.135,0.6,0.6,0.2145368,0.36605027,0.3648863,0.51294297,19.982319,1.109359e-08,0.0
7.140000000000001,0.6,0.6,0.43681356,0.36656728,0.36506352,0.4965172,21.495176,1.1705807e-07,0.0
7.1450000000000005,0.6,0.6,0.43681356,0.3670573,0.36260828,0.4809956,22.81377,1.3843116e-07,0.0
7.15,0.6,0.6,0.43681356,0.3647719,0.36026,0.46632838,23.310926,1.6197093e-08,0.0
7.155,0.6,0.6,0.43681356,0.3578193,0.35801408,0.45304313,23.520128,3.1657184e-08,0.0
7.16,0.39157262,0.4774963,0.55662256,0.36118254,0.3698152,0.45219493,23.792639,1.1199652e-08,0.0
7.165,0.39157262,0.4774963,0.55662256,0.4115381,0.3810408,0.45139104,24.037691,5.1824546e-08,0.0
7.17,0.39157262,0.4774963,0.55662256,0.451276,0.39171895,0.45062917,24.432175,-1.8909004e-08,0.0
7.175,0.39157262,0.4774963,0.55662256,0.48263502,0.40187636,0.45616314,25.148224,-1.1624043e-08,0.0
7.18,0.39059818,0.538457,0.47067598,0.5069816,0.40435237,0.46309257,26.204626,4.5554177e-08,0.0
7.1850000000000005,0.39059818,0.538457,0.47067598,0.52627766,0.4067473,0.46600524,27.552193,1.0338769e-07,0.0
7.19,0.39059818,0.538457,0.47067598,0.54157084,0.40997505,0.4663274,29.103783,2.6593227e-08,0.0
7.195,0.39059818,0.538457,0.47067598,0.55369157,0.4141819,0.46662736,30.755278,1.05872054e-07,0.0
7.2,0.39579526,0.6,0.6,0.54605687,0.4163553,0.46930072,32.405758,9.577748e-08,0.0
7.205,0.39579526,0.6,0.6,0.5387817,0.4204682,0.47189465,34.752346,2.1315961e-07,0.0
7.21,0.39579526,0.6,0.6,0.53180426,0.42451844,0.47270748,37.712135,1.04246176e-07,0.0
7.215,0.39579526,0.6,0.6,0.5251544,0.42842963,0.47264713,40.73875,-2.7556274e-08,0.0
7.22,0.07477039,0.6,0.5271769,0.52934563,0.43220657,0.4804735,43.479225,1.8443187e-07,0.0
7.2250000000000005,0.07477039,0.6,0.5271769,0.52447754,0.4378872,0.48781887,44.96262,1.214366e-07,0.0
7.23,0.07477039,0.6,0.5271769,0.5170351,0.4434521,0.49050033,45.860565,1.937747e-08,0.0
7.235,0.07477039,0.6,0.5271769,0.51000947,0.44882596,0.49275425,46.631805,2.8916872e-08,0.0
7.24,0.0,0.6,0.6,0.500824,0.45401534,0.49577588,47.15596,3.4087165e-08,0.0
7.245,0.0,0.6,0.6,0.49234506,0.4590266,0.49871236,47.36376,2.4962683e-08,0.0
7.25,0.0,0.6,0.6,0.48481512,0.46386585,0.5012688,47.23506,-4.1688256e-08,0.0
7.255,0.0,0.6,0.6,0.47796744,0.46853897,0.5019988,46.79377,-1.4102197e-08,0.0
7.26,0.0,0.6,0.6,0.47164652,0.47305167,0.5027082,46.09,-1.8664073e-08,0.0
7.265000000000001,0.0,0.6,0.6,0.46581182,0.47740945,0.5033976,45.184967,2.607139e-08,0.0
7.2700000000000005,0.0,0.6,0.6,0.4420959,0.48161766,0.5043649,44.14,8.554319e-09,0.0
7.275,0.0,0.6,0.6,0.4138401,0.4856814,0.5070594,42.902897,-3.705096e-08,0.0
7.28,0.0,0.5841643,0.6,0.3877578,0.48944885,0.50967795,41.372528,-1.1314514e-08,0.0
7.285,0.0,0.5841643,0.6,0.36368185,0.49309212,0.51222277,39.507317,-9.370885e-08,0.0
7.29,0.0,0.5841643,0.6,0.33718863,0.49661532,0.5146959,37.327824,-4.4254808e-08,0.0
7.295,0.0,0.5841643,0.6,0.31125104,0.5000224,0.5170993,34.860394,-2.2196781e-08,0.0
7.3,0.0,0.526256,0.6,0.28730866,0.50633645,0.51943505,32.12664,6.8231415e-08,0.0
7.305,0.0,0.526256,0.6,0.265208,0.5121536,0.521705,29.145533,-5.150315e-08,0.0
7.3100000000000005,0.0,0.526256,0.6,0.24480739,0.51321185,0.52391094,25.957779,5.0794633e-08,0.0
7.315,0.0,0.526256,0.6,0.22597605,0.5141907,0.52605474,22.65779,4.3908244e-08,0.0
7.32,0.13411796,0.2943942,0.6,0.20474067,0.51761127,0.5281381,19.362698,-2.4944825e-07,0.0
7.325,0.13411796,0.2943942,0.6,0.18550083,0.52086467,0.5301628,16.133364,-1.3197482e-07,0.0
7.33,0.13411796,0.2943942,0.6,0.16806899,0.5229357,0.5321305,13.009133,-3.8725712e-08,0.0
7.335,0.13411796,0.2943942,0.6,0.15227525,0.523098,0.53404266,10.060463,-5.784212e-08,0.0
7.34,0.46995607,0.22633292,0.6,0.14343637,0.527013,0.535901,7.3876653,5.178691e-08,0.0
7.345,0.46995607,0.22633292,0.6,0.13511054,0.530677,0.537707,5.115653,2.653229e-08,0.0
7.3500000000000005,0.46995607,0.22633292,0.6,0.12726799,0.5337867,0.5394621,3.3391614,-1.2131666e-07,0.0
7.355,0.46995607,0.22633292,0.6,0.11988066,0.5333039,0.54116774,2.0836313,1.0662579e-08,0.0
7.36,0.31939667,0.6,0.45504594,0.1260159,0.5227787,0.54448587,0.47301313,-8.340975e-08,0.0
7.365,0.31939667,0.6,0.45504594,0.14462787,0.51063436,0.5476169,-4.791221e-09,-1.6185055e-08,0.0
7.37,0.31939667,0.6,0.45504594,0.16223267,0.49898756,0.55047834,-8.036563e-09,4.539896e-08,0.0
7.375,0.31939667,0.6,0.45504594,0.1788848,0.48781788,0.5450959,-5.5198166e-09,4.4083507e-08,0.0
7.38,0.0,0.028138269,0.6,0.1867782,0.4748374,0.5406614,-6.1415713e-09,3.7611525e-08,0.0
7.385,0.0,0.028138269,0.6,0.19422817,0.46272802,0.53644526,1.45739545e-08,3.573713e-08,0.0
7.390000000000001,0.0,0.028138269,0.6,0.18688428,0.44896564,0.5324367,0.019952474,5.980855e-08,0.0
7.3950000000000005,0.0,0.028138269,0.6,0.17638586,0.43402496,0.5291005,0.40220216,8.49532e-08,0.0
7.4,0.10857016,0.0,0.41996014,0.19220182,0.41804865,0.52622277,1.1227471,-2.4274017e-08,0.0
7.405,0.10857016,0.0,0.41996014,0.20626865,0.42854333,0.5298875,1.7901136,1.103335e-07,0.0
7.41,0.10857016,0.0,0.41996014,0.20196484,0.44173232,0.5333702,2.9426675,1.13284685e-07,0.0
7.415,0.10857016,0.0,0.41996014,0.17962898,0.45390674,0.5366799,4.8695765,8.503903e-08,0.0
7.42,0.5007144,0.009616918,0.41317043,0.1966767,0.46466112,0.539702,6.9336214,2.1146954e-07,0.0
7.425,0.5007144,0.009616918,0.41317043,0.21272339,0.46844083,0.53627944,8.406177,7.524144e-09,0.0
7.43,0.5007144,0.009616918,0.41317043,0.22346304,0.43602878,0.53072786,9.213577,7.051489e-08,0.0
7.4350000000000005,0.5007144,0.009616918,0.41317043,0.22909617,0.40600267,0.5254413,8.986311,-5.2505417e-08,0.0
7.44,0.556531,0.24063236,0.38173488,0.23098192,0.38493454,0.5206691,8.014417,-9.003168e-08,0.0
7.445,0.556531,0.24063236,0.38173488,0.2190724,0.36440837,0.5161128,6.8817925,9.8868284e-08,0.0
7.45,0.556531,0.24063236,0.38173488,0.20777695,0.34497675,0.5114718,6.2636175,-1.3285768e-07,0.0
7.455,0.556531,0.24063236,0.38173488,0.1970639,0.3265813,0.50702447,6.303694,-3.4775722e-09,0.0
7.46,0.3733432,0.42929307,0.0,0.21298385,0.32046354,0.5003272,6.799274,3.460555e-08,0.0
7.465,0.3733432,0.42929307,0.0,0.2296793,0.31478122,0.49414515,7.3174005,1.5399438e-08,0.0
7.47,0.3733432,0.42929307,0.0,0.24681565,0.31596616,0.488154,7.790579,-2.6705965e-08,0.0
7.4750000000000005,0.3733432,0.42929307,0.0,0.26305357,0.32403266,0.48238602,8.782115,1.5412215e-07,0.0
7.48,0.33131176,0.41903642,0.060041036,0.27933368,0.28775403,0.47831243,10.390001,1.15889016e-07,0.0
7.485,0.33131176,0.41903642,0.060041036,0.2944986,0.25553715,0.4744786,12.018482,1.8439238e-07,0.0
7.49,0.33131176,0.41903642,0.060041036,0.3097562,0.22692727,0.4708704,13.551405,1.4863794e-07,0.0
7.495,0.33131176,0.41903642,0.060041036,0.32666063,0.20210266,0.46741292,15.340845,5.441883e-08,0.0
7.5,0.6,0.6,0.3050223,0.33893186,0.20371579,0.44492134,17.423489,7.237494e-08,0.0
7.505,0.6,0.6,0.3050223,0.350548,0.20548435,0.42351204,19.650372,8.521941e-08,0.0
7.51,0.6,0.6,0.3050223,0.36024487,0.20716818,0.40520364,21.91135,1.053998e-07,0.0
7.515000000000001,0.6,0.6,0.3050223,0.3609441,0.20877133,0.38859466,24.129616,1.5835735e-07,0.0
7.5200000000000005,0.6,0.6,0.42809176,0.361606,0.21914579,0.3834458,26.217358,1.02123984e-07,0.0
7.525,0.6,0.6,0.42809176,0.36223257,0.22921328,0.37861416,28.115276,5.393394e-08,0.0
7.53,0.6,0.6,0.42809176,0.3625276,0.23879847,0.3740802,29.808174,3.440447e-08,0.0
7.535,0.6,0.6,0.42809176,0.3608612,0.24792446,0.37228495,31.302483,-5.0658972e-08,0.0
7.54,0.36213148,0.50972766,0.51387066,0.39413744,0.25879997,0.37758547,33.188328,6.704203e-08,0.0
7.545,0.36213148,0.50972766,0.51387066,0.4227833,0.26902336,0.38877237,35.031315,1.2513492e-07,0.0
7.55,0.36213148,0.50972766,0.51387066,0.44744307,0.2786337,0.40065414,36.538937,6.5523054e-08,0.0
7.555,0.36213148,0.50972766,0.51387066,0.4686714,0.2874341,0.41140738,37.80654,1.0287489e-07,0.0
7.5600000000000005,0.3542176,0.5972078,0.49314514,0.48533463,0.29598287,0.41515836,38.897495,8.385307e-08,0.0
7.565,0.3542176,0.5972078,0.49314514,0.4998836,0.31526798,0.41806892,39.844765,1.9216458e-08,0.0
7.57,0.3542176,0.5972078,0.49314514,0.5061626,0.33332977,0.42087087,40.611267,-9.0217345e-09,0.0
7.575,0.3542176,0.5972078,0.49314514,0.48788765,0.3502458,0.42356825,41.128994,8.1050615e-08,0.0
7.58,0.32422575,0.6,0.5542851,0.4759277,0.36609924,0.4260577,42.032406,6.1705464e-08,0.0
7.585,0.32422575,0.6,0.5542851,0.46493158,0.38094634,0.4284581,43.296406,7.783696e-08,0.0
7.59,0.32422575,0.6,0.5542851,0.4544022,0.39485103,0.4307726,44.499622,7.907236e-08,0.0
7.595,0.32422575,0.6,0.5542851,0.44487423,0.4078731,0.4344457,45.382088,1.1497488e-07,0.0
7.6000000000000005,0.0,0.6,0.6,0.43831182,0.41934854,0.43636087,45.810535,-5.4516343e-09,0.0
7.605,0.0,0.6,0.6,0.43226987,0.42508546,0.43926805,45.761463,6.9710686e-09,0.0
7.61,0.0,0.6,0.6,0.42632514,0.43045822,0.44302067,45.296608,1.1723369e-08,0.0
7.615,0.0,0.6,0.6,0.42060623,0.43548992,0.44665086,44.505394,6.1502035e-08,0.0
7.62,0.0,0.6,0.6,0.41534087,0.44090003,0.45016262,43.47576,4.1021146e-08,0.0
7.625,0.0,0.6,0.6,0.41049314,0.45082185,0.45434827,42.28646,-5.1729142e-08,0.0
7.63,0.0,0.6,0.6,0.40458217,0.46011385,0.4591004,40.98505,-1.954117e-08,0.0
7.635,0.0,0.6,0.6,0.39820904,0.46881604,0.4636975,39.598488,-7.165908e-09,0.0
7.640000000000001,0.0,0.6,0.6,0.39234135,0.47698814,0.4681446,38.14907,-1.1067513e-07,0.0
7.6450000000000005,0.0,0.6,0.6,0.38693905,0.48479646,0.4724466,36.66164,-8.50031e-08,0.0
7.65,0.0,0.6,0.6,0.36631498,0.49210915,0.47660825,35.162006,4.369989e-08,0.0
7.655,0.0,0.6,0.6,0.3372622,0.49895763,0.48063412,33.58595,7.2803847e-09,0.0
7.66,0.0,0.571221,0.6,0.31051365,0.5028401,0.48452863,31.801342,-1.7947559e-07,0.0
7.665,0.0,0.571221,0.6,0.28588653,0.5065734,0.4882961,29.726345,3.3783873e-08,0.0
7.67,0.0,0.571221,0.6,0.26321262,0.5101632,0.49194062,27.342985,-3.8939802e-08,0.0
7.675,0.0,0.571221,0.6,0.242337,0.5136151,0.49546623,24.681154,-8.6062606e-08,0.0
7.68,0.0007739604,0.56676954,0.6,0.22605863,0.5168237,0.4988768,21.814627,1.1365064e-07,0.0
7.6850000000000005,0.0007739604,0.56676954,0.6,0.21087372,0.5190446,0.5021761,18.862047,5.951614e-08,0.0
7.69,0.0007739604,0.56676954,0.6,0.19670881,0.5211748,0.50536776,15.941548,1.3504843e-08,0.0
7.695,0.0007739604,0.56676954,0.6,0.1834954,0.52321804,0.5084553,13.146584,-1.13133545e-07,0.0
7.7,0.23170786,0.22604632,0.6,0.15348499,0.5285376,0.51144207,10.559115,-3.974166e-08,0.0
7.705,0.23170786,0.22604632,0.6,0.12838273,0.5334886,0.5143314,8.114959,1.349328e-07,0.0
7.71,0.23170786,0.22604632,0.6,0.10738591,0.53809655,0.5171265,5.7623205,-8.459e-08,0.0
7.715,0.23170786,0.22604632,0.6,0.08985305,0.5420755,0.5198304,3.5372016,1.184138e-08,0.0
7.72,0.56568605,0.23187837,0.6,0.084808975,0.54397714,0.5224461,1.5161489,-9.76248e-09,0.0
7.7250000000000005,0.56568605,0.23187837,0.6,0.08004806,0.54575473,0.52497643,-6.6497373e-06,4.7893614e-08,0.0
7.73,0.56568605,0.23187837,0.6,0.075554416,0.5474163,0.5274242,1.6006583e-08,3.79961e-08,0.0
7.735,0.56568605,0.23187837,0.6,0.07131302,0.5489319,0.52979213,-4.3835326e-09,-4.9741496e-11,0.0
7.74,0.30167687,0.584018,0.4241655,0.09717231,0.53329384,0.5333651,-7.0832375e-11,5.9252816e-08,0.0
7.745,0.30167687,0.584018,0.4241655,0.12167897,0.51842713,0.53675616,6.7314145e-09,2.4353097e-08,0.0
7.75,0.30167687,0.584018,0.4241655,0.13631414,0.5042937,0.5399747,1.6250604e-10,-1.39224055e-08,0.0
7.755,0.30167687,0.584018,0.4241655,0.1449638,0.49844474,0.5430294,1.3456319e-08,-2.5925633e-08,0.0
7.76,0.0,0.13559282,0.6,0.15685348,0.5024173,0.53799504,-7.541724e-09,-6.777166e-08,0.0
7.765000000000001,0.0,0.13559282,0.6,0.15602255,0.50486386,0.5325812,0.4032875,-6.448563e-08,0.0
7.7700000000000005,0.0,0.13559282,0.6,0.14418525,0.48865256,0.5274249,1.4818215,7.418659e-08,0.0
7.775,0.0,0.13559282,0.6,0.13324603,0.47338384,0.5225138,2.144946,9.216254e-08,0.0
7.78,0.061708298,0.0,0.5630254,0.119539544,0.4548065,0.5262316,1.9675449,9.094859e-08,0.0
7.785,0.061708298,0.0,0.5630254,0.10724299,0.46432456,0.529771,1.2185352,-6.5326894e-08,0.0
7.79,0.061708298,0.0,0.5630254,0.097341694,0.47353175,0.53314054,0.8013893,5.7209398e-08,0.0
7.795,0.061708298,0.0,0.5630254,0.093676224,0.4820307,0.5356166,0.8881927,1.9722115e-08,0.0
7.8,0.41649508,0.0,0.5372065,0.08887304,0.48987585,0.5373592,1.197252,3.8367368e-08,0.0
7.805000000000001,0.41649508,0.0,0.5372065,0.08431614,0.4631598,0.53899103,1.5152628,-1.7461065e-08,0.0
7.8100000000000005,0.41649508,0.0,0.5372065,0.082670145,0.43796235,0.5393266,1.0616734,-2.4107944e-08,0.0
7.815,0.41649508,0.0,0.5372065,0.08159534,0.41470316,0.5391918,-3.6365633e-05,-1.0427024e-07,0.0
7.82,0.6,0.23888434,0.2864302,0.077829555,0.39534575,0.54042757,-6.0775696e-09,-1.3379209e-08,0.0
7.825,0.6,0.23888434,0.2864302,0.07423756,0.3768919,0.5415993,-1.2116247e-08,7.994916e-09,0.0
7.83,0.6,0.23888434,0.2864302,0.07176565,0.35929945,0.5427102,2.1745493e-08,-2.4728575e-08,0.0
7.835,0.6,0.23888434,0.2864302,0.07130148,0.34252816,0.5428408,1.593808e-08,-6.7954204e-08,0.0
7.84,0.37154,0.38480717,0.0,0.09024908,0.3275542,0.5443934,7.439953e-09,-2.6248832e-08,0.0
7.845,0.37154,0.38480717,0.0,0.10815664,0.31474358,0.5458267,0.0121532,3.599826e-08,0.0
7.8500000000000005,0.37154,0.38480717,0.0,0.13338979,0.32352552,0.5454132,0.2070256,7.128329e-08,0.0
7.855,0.37154,0.38480717,0.0,0.1590019,0.33237922,0.5447819,1.0789323,1.9832328e-08,0.0
7.86,0.31505436,0.47576654,0.082480185,0.17022042,0.33508807,0.5457935,2.6864188,1.5002762e-07,0.0
7.865,0.31505436,0.47576654,0.082480185,0.18084678,0.34150666,0.54658526,4.6916833,9.3525486e-08,0.0
7.87,0.31505436,0.47576654,0.082480185,0.19091225,0.3476324,0.5460652,6.7635593,3.2543497e-08,0.0
7.875,0.31505436,0.47576654,0.082480185,0.1977785,0.35347864,0.545574,8.66656,2.0063123e-08,0.0
7.88,0.6,0.6,0.20347227,0.21691166,0.3545219,0.54495704,10.24033,8.3781885e-08,0.0
7.885,0.6,0.6,0.20347227,0.23513468,0.35766873,0.54438555,11.517004,5.0324672e-08,0.0
7.890000000000001,0.6,0.6,0.20347227,0.25249085,0.3616015,0.5285101,12.605079,1.4857474e-07,0.0
7.8950000000000005,0.6,0.6,0.20347227,0.26853856,0.3654033,0.5106611,13.591587,-3.9041318e-08,0.0
7.9,0.6,0.548689,0.5133183,0.27343822,0.36975846,0.49158496,14.532217,1.5867683e-07,0.0
7.905,0.6,0.548689,0.5133183,0.27810478,0.37394175,0.49273023,15.398118,4.6246218e-08,0.0
7.91,0.6,0.548689,0.5133183,0.28254938,0.37795997,0.49400872,16.146494,6.014723e-08,0.0
7.915,0.6,0.548689,0.5133183,0.28666317,0.3860581,0.49520782,16.758226,5.6794264e-08,0.0
7.92,0.3292803,0.5147239,0.49037656,0.35387284,0.39424735,0.49796438,17.214386,3.6142918e-08,0.0
7.925,0.3292803,0.5147239,0.49037656,0.40666628,0.40212315,0.49632305,17.822323,-2.198791e-08,0.0
7.930000000000001,0.3292803,0.5147239,0.49037656,0.4481357,0.40914145,0.49503675,18.853266,1.3866261e-07,0.0
7.9350000000000005,0.3292803,0.5147239,0.49037656,0.4807101,0.41448304,0.49402872,20.368767,2.6677733e-09,0.0
7.94,0.3217091,0.533527,0.52188855,0.509771,0.41801652,0.49366933,22.301222,1.4889103e-07,0.0
7.945,0.3217091,0.533527,0.52188855,0.5126742,0.42142546,0.49427682,24.523294,1.8605714e-07,0.0
7.95,0.3217091,0.533527,0.52188855,0.46799663,0.42513764,0.4969939,26.789057,1.6808369e-07,0.0
7.955,0.3217091,0.533527,0.52188855,0.43420318,0.42895836,0.4994436,29.392246,2.2269846e-07,0.0
7.96,0.3701573,0.6,0.6,0.42511904,0.4318159,0.49918878,32.03295,1.7854407e-07,0.0
7.965,0.3701573,0.6,0.6,0.4167685,0.43502325,0.49894112,34.2952,2.333093e-07,0.0
7.97,0.3701573,0.6,0.6,0.40909225,0.4383052,0.49880618,36.02779,9.545402e-08,0.0
7.9750000000000005,0.3701573,0.6,0.6,0.4031495,0.4414778,0.4994549,37.184155,4.3272653e-08,0.0
7.98,0.0,0.6,0.6,0.39746723,0.4445447,0.50008535,37.7974,-3.6701218e-09,0.0
7.985,0.0,0.6,0.6,0.39220375,0.44908264,0.5006981,37.938133,-1.353901e-08,0.0
7.99,0.0,0.6,0.6,0.3867811,0.45411092,0.5015558,37.684383,-2.271567e-08,0.0
7.995,0.0,0.6,0.6,0.38177556,0.45897165,0.50432247,37.112545,5.036426e-08,0.0
8.0,0.0,0.6,0.6,0.37715507,0.46367043,0.5070114,36.298504,3.3171e-08,0.0
8.005,0.0,0.6,0.6,0.37300736,0.46821266,0.5096248,35.31554,-5.037794e-09,0.0
8.01,0.0,0.6,0.6,0.37278813,0.47260356,0.5121647,34.229576,-2.403892e-08,0.0
8.015,0.0,0.6,0.6,0.37258577,0.47684816,0.51463324,33.117226,-1.8756099e-08,0.0
8.02,0.0,0.6,0.6,0.37239897,0.48095134,0.5170324,32.044727,-1.3618883e-07,0.0
8.025,0.0,0.6,0.6,0.37132975,0.4849178,0.5193641,31.054365,-3.745934e-08,0.0
8.03,0.0,0.6,0.6,0.34276593,0.4887521,0.52163035,30.164259,-6.28027e-08,0.0
8.035,0.0,0.6,0.6,0.3163993,0.49245864,0.52383286,29.207045,-5.5222316e-08,0.0
8.040000000000001,0.0,0.6,0.6,0.2920609,0.49604172,0.52597344,27.997593,5.776704e-08,0.0
8.045,0.0,0.6,0.6,0.2695947,0.4995054,0.5280539,26.445045,-7.9853216e-08,0.0
8.05,0.0,0.6,0.6,0.24885665,0.5028537,0.53007585,24.533201,2.8992848e-09,0.0
8.055,0.0,0.6,0.6,0.22971383,0.5060904,0.532041,22.304823,1.4444993e-08,0.0
8.06,0.0,0.6,0.6,0.21204354,0.5092193,0.5339509,19.840487,1.4468334e-07,0.0
8.065,0.0,0.6,0.6,0.1957325,0.5122439,0.5358072,17.231169,-1.09671916e-07,0.0
8.07,0.0,0.6,0.6,0.18067616,0.5151678,0.53761125,14.56289,-1.2457366e-07,0.0
8.075,0.0,0.6,0.6,0.166778,0.5179942,0.53936464,11.926432,-4.555906e-08,0.0
8.08,0.038306132,0.27578193,0.6,0.15479273,0.52241695,0.54106873,9.422339,-1.2610948e-07,0.0
8.085,0.038306132,0.27578193,0.6,0.14366876,0.52660114,0.54272497,7.1502013,-7.857887e-08,0.0
8.09,0.038306132,0.27578193,0.6,0.13334419,0.53055966,0.54433465,5.194256,1.2538673e-08,0.0
8.095,0.038306132,0.27578193,0.6,0.1238345,0.5343047,0.5458991,3.6081526,-1.5962982e-07,0.0
8.1,0.46503857,0.44177133,0.5788777,0.117104225,0.5199695,0.5487267,2.402069,-3.2313242e-08,0.0
8.105,0.46503857,0.44177133,0.5788777,0.11073974,0.50642926,0.55140644,0.8003546,9.50838e-09,0.0
8.11,0.46503857,0.44177133,0.5788777,0.10472115,0.4936398,0.5539462,-1.4305119e-09,2.3729358e-09,0.0
8.115,0.46503857,0.44177133,0.5788777,0.09902967,0.48439533,0.5554472,3.0371665e-09,9.13371e-09,0.0
8.120000000000001,0.10105779,0.19915307,0.6,0.17139241,0.49269918,0.5568499,6.7026313e-09,5.5800406e-08,0.0
8.125,0.10105779,0.19915307,0.6,0.12563893,0.50040656,0.5581686,0.5293062,2.2269026e-10,0.0
8.13,0.10105779,0.19915307,0.6,0.109648615,0.5075603,0.5594083,1.5154566,1.0325254e-07,0.0
8.135,0.10105779,0.19915307,0.6,0.10406018,0.5142002,0.561548,2.4463782,5.5545122e-08,0.0
8.14,0.0,0.0,0.6,0.10389186,0.49586034,0.5638499,3.0330367,9.3099935e-08,0.0
8.145,0.0,0.0,0.6,0.103634015,0.48970717,0.56601405,2.5250714,-1.073289e-08,0.0
8.15,0.0,0.0,0.6,0.09782395,0.4860198,0.5680486,1.0108534,-1.3468978e-07,0.0
8.155,0.0,0.0,0.6,0.09233961,0.48261607,0.56996137,1.4513541e-09,4.030679e-09,0.0
8.16,0.43179178,0.0,0.55985534,0.10260656,0.47947416,0.57179433,1.2784593e-08,3.021467e-08,0.0
8.165000000000001,0.43179178,0.0,0.55985534,0.10252159,0.4608233,0.57265145,2.3066153e-08,-3.220515e-08,0.0
8.17,0.43179178,0.0,0.55985534,0.10244129,0.4406948,0.5718706,-8.18012e-09,-1.1395825e-08,0.0
8.175,0.43179178,0.0,0.55985534,0.10236539,0.42211467,0.5711375,3.016966e-08,-5.7982966e-08,0.0
8.18,0.6,0.051554937,0.6,0.10230575,0.40800834,0.5701341,1.5160783e-09,2.488828e-08,0.0
8.185,0.6,0.051554937,0.6,0.102248825,0.39479446,0.56921995,-1.2832592e-08,6.222993e-09,0.0
8.19,0.6,0.051554937,0.6,0.09793802,0.3824166,0.5713767,1.5715264e-08,4.125559e-08,0.0
8.195,0.6,0.051554937,0.6,0.09347074,0.3651963,0.5739223,-9.63343e-09,-8.37344e-08,0.0
8.2,0.46400738,0.34539893,0.13582385,0.088205144,0.3396198,0.5754581,0.035878595,-7.072136e-08,0.0
8.205,0.46400738,0.34539893,0.13582385,0.08323618,0.3188581,0.57690346,0.19516805,2.8886921e-08,0.0
8.21,0.46400738,0.34539893,0.13582385,0.089786686,0.29959276,0.5782637,0.5101735,4.64209e-09,0.0
8.215,0.46400738,0.34539893,0.13582385,0.10905325,0.28171593,0.5795438,0.8485811,-1.7532807e-08,0.0
8.22,0.1834829,0.19658083,0.36893097,0.14445661,0.25440824,0.58058834,1.2921417,-8.551426e-08,0.0
8.225,0.1834829,0.19658083,0.36893097,0.17730695,0.22974758,0.5815795,2.2879598,5.7443863e-08,0.0
8.23,0.1834829,0.19658083,0.36893097,0.20778838,0.20747736,0.5646767,3.9366481,-4.2969592e-09,0.0
8.235,0.1834829,0.19658083,0.36893097,0.22796707,0.18736587,0.5427797,6.05117,-5.3989805e-08,0.0
8.24,0.6,0.2511218,0.43586028,0.24478678,0.20787586,0.53345186,8.394264,2.180361e-08,0.0
8.245000000000001,0.6,0.2511218,0.43586028,0.2631707,0.22572401,0.52608865,10.772424,1.8694867e-07,0.0
8.25,0.6,0.2511218,0.43586028,0.28060314,0.24125578,0.519055,13.095533,-2.1459215e-08,0.0
8.255,0.6,0.2511218,0.43586028,0.2971334,0.24453168,0.5123362,15.334993,1.454676e-07,0.0
8.26,0.6,0.35011545,0.40418836,0.30773824,0.24169266,0.505996,17.482637,9.365419e-08,0.0
8.265,0.6,0.35011545,0.40418836,0.31582588,0.23902173,0.5006427,19.250977,9.750547e-08,0.0
8.27,0.6,0.35011545,0.40418836,0.32349494,0.23650895,0.49777856,20.586576,6.113134e-08,0.0
8.275,0.6,0.35011545,0.40418836,0.3307671,0.23440671,0.49504104,21.61695,3.7514376e-08,0.0
8.28,0.2583273,0.49038,0.003096807,0.3561353,0.24076928,0.48549387,22.446123,-3.4754493e-08,0.0
8.285,0.2583273,0.49038,0.003096807,0.37911323,0.24309577,0.4779039,23.497185,-1.2128644e-08,0.0
8.290000000000001,0.2583273,0.49038,0.003096807,0.39992607,0.24042933,0.47472098,24.939081,1.0302959e-07,0.0
8.295,0.2583273,0.49038,0.003096807,0.41877785,0.23791574,0.47177902,26.41225,1.6311407e-07,0.0
8.3,0.41093943,0.5307497,0.0,0.3980736,0.23565315,0.46901605,27.819664,4.870674e-08,0.0
8.305,0.41093943,0.5307497,0.0,0.39498678,0.23403737,0.46553203,29.704054,1.12572295e-07,0.0
8.31,0.41093943,0.5307497,0.0,0.39704528,0.23497254,0.46081328,32.057518,1.0526349e-07,0.0
8.315,0.41093943,0.5307497,0.0,0.39883816,0.23585652,0.45645753,34.281094,9.0139395e-08,0.0
8.32,0.56988245,0.6,0.0,0.39918867,0.24126488,0.45243683,36.17339,1.8033415e-07,0.0
8.325,0.56988245,0.6,0.0,0.39959276,0.24641724,0.4369028,37.722023,-9.509577e-08,0.0
8.33,0.56988245,0.6,0.0,0.39998293,0.25132573,0.4035331,38.90145,-6.7768106e-08,0.0
8.335,0.56988245,0.6,0.0,0.4003597,0.25767952,0.3727303,39.71897,1.0785055e-07,0.0
8.34,0.40968183,0.59490216,0.0,0.41372594,0.26489943,0.34429696,40.198563,4.588973e-08,0.0
8.345,0.40968183,0.59490216,0.0,0.41277334,0.27779704,0.31795952,40.42688,1.2746676e-08,0.0
8.35,0.40968183,0.59490216,0.0,0.41204512,0.28995693,0.29350108,41.072815,6.153028e-08,0.0
8.355,0.40968183,0.59490216,0.0,0.41148844,0.30142125,0.27092406,42.177845,9.3565575e-08,0.0
8.36,0.4062922,0.6,0.0,0.4101536,0.31415558,0.25008374,43.40641,-7.043005e-09,0.0
8.365,0.4062922,0.6,0.0,0.40894988,0.32840616,0.23084654,44.525505,7.083109e-08,0.0
8.370000000000001,0.4062922,0.6,0.0,0.4081214,0.34171912,0.21308911,45.382145,3.402601e-08,0.0
8.375,0.4062922,0.6,0.0,0.40755117,0.35415617,0.19669764,45.90172,3.253426e-08,0.0
8.38,0.4399112,0.53678274,0.0,0.408056,0.36432728,0.18156704,46.047287,0.13719404,0.0
8.385,0.4399112,0.53678274,0.0,0.41039848,0.37397528,0.16760035,45.055378,1.3443601,0.0
8.39,0.4399112,0.53678274,0.0,0.41256872,0.38321957,0.15470801,43.03278,3.468077,0.0
8.395,0.4399112,0.53678274,0.0,0.41457936,0.39207703,0.1428074,40.535164,5.862877,0.0
8.4,0.4253167,0.33174962,0.0,0.4170285,0.41482925,0.13182221,37.93704,8.103932,0.0
8.405,0.4253167,0.33174962,0.0,0.4178362,0.4350918,0.12168204,35.40055,10.015117,0.0
8.41,0.4253167,0.33174962,0.0,0.4185594,0.4469839,0.11232188,32.982918,11.540999,0.0
8.415000000000001,0.4253167,0.33174962,0.0,0.4192127,0.45681027,0.103681736,30.754478,12.613096,0.0
8.42,0.25678483,0.26431066,0.0,0.42019576,0.46255478,0.09570622,28.776398,13.174819,0.0
8.425,0.25678483,0.26431066,0.0,0.42113212,0.4678867,0.0883442,27.094446,13.187559,0.0
8.43,0.25678483,0.26431066,0.0,0.42184094,0.46399555,0.0815485,25.723524,12.6469145,0.0
8.435,0.25678483,0.26431066,0.0,0.422006,0.45449615,0.07527553,23.785997,12.528675,0.0
8.44,0.51473767,0.32066423,0.0,0.4156528,0.44807467,0.069485106,21.363941,12.719289,0.0
8.445,0.51473767,0.32066423,0.0,0.41446108,0.44198915,0.0641401,19.779549,11.753254,0.0
8.45,0.51473767,0.32066423,0.0,0.418317,0.43331712,0.059206244,19.289795,9.381725,0.0
8.455,0.51473767,0.32066423,0.0,0.42202464,0.42447558,0.054651916,18.77296,6.873572,0.0
8.46,0.2369717,0.26213813,0.0,0.4141323,0.41668338,0.050447922,18.021996,4.451372,0.0
8.465,0.2369717,0.26213813,0.0,0.40661693,0.4092703,0.046567313,18.074389,0.9569672,0.0
8.47,0.2369717,0.26213813,0.0,0.4031051,0.40221784,0.042985212,18.366062,5.6841145e-09,0.0
8.475,0.2369717,0.26213813,0.0,0.408437,0.39795396,0.039678656,19.107882,8.40448e-08,0.0
8.48,0.41335705,0.30656177,0.0,0.3899855,0.3937571,0.03662645,19.56142,0.3123652,0.0
8.485,0.41335705,0.30656177,0.0,0.39350873,0.38978815,0.033809032,20.162066,0.2013788,0.0
8.49,0.41335705,0.30656177,0.0,0.39650083,0.3860347,0.031208338,20.390778,0.26232383,0.0
8.495000000000001,0.41335705,0.30656177,0.0,0.3990419,0.38047338,0.028807696,20.067106,0.6883857,0.0
8.5,0.27469802,0.33885103,0.0,0.39126816,0.37101778,0.02659172,19.53048,1.0924978,0.0
8.505,0.27469802,0.33885103,0.0,0.3838673,0.36573476,0.024546202,19.741795,0.4043093,0.0
8.51,0.27469802,0.33885103,0.0,0.3771293,0.36100653,0.022658033,20.491379,4.3417383e-08,0.0
8.515,0.27469802,0.33885103,0.0,0.37886697,0.3566561,0.020915108,21.508532,9.001555e-08,0.0
8.52,0.47052243,0.35056856,0.029406989,0.3768375,0.35434213,0.019589333,21.999378,0.4596987,0.0
8.525,0.47052243,0.35056856,0.029406989,0.37196442,0.35284877,0.020808512,22.552227,0.5894705,0.0
8.53,0.47052243,0.35056856,0.029406989,0.36732385,0.35149938,0.021876292,23.416077,0.1255243,0.0
8.535,0.47052243,0.35056856,0.029406989,0.36290467,0.35028008,0.022811472,24.221523,6.974551e-08,0.0
8.540000000000001,0.36928213,0.38968873,0.09022213,0.34950012,0.35036957,0.024034562,24.929064,4.6060464e-08,0.0
8.545,0.36928213,0.38968873,0.09022213,0.33813262,0.35808247,0.028459527,25.999857,9.034711e-08,0.0
8.55,0.36928213,0.38968873,0.09022213,0.3284926,0.367887,0.03258866,27.366644,3.6145398e-08,0.0
8.555,0.36928213,0.38968873,0.09022213,0.3485028,0.37465006,0.036441743,28.669447,6.598416e-08,0.0
8.56,0.49410847,0.3659296,0.15915303,0.34524253,0.37126687,0.039612126,29.229694,0.54087013,0.0
8.565,0.49410847,0.3659296,0.15915303,0.3478524,0.3702268,0.04259561,28.976448,1.7374629,0.0
8.57,0.49410847,0.3659296,0.15915303,0.35327128,0.37296098,0.04788513,27.585917,3.9346173,0.0
8.575000000000001,0.49410847,0.3659296,0.15915303,0.35845077,0.37531105,0.05444443,26.088488,5.9556313,0.0
8.58,0.5293464,0.46125636,0.1497266,0.36328512,0.3760968,0.062306475,25.048553,7.18577,0.0
8.585,0.5293464,0.46125636,0.1497266,0.36443648,0.37567025,0.0695782,24.402697,7.7184396,0.0
8.59,0.5293464,0.46125636,0.1497266,0.3646455,0.3751379,0.07630393,23.32502,8.486805,0.0
8.595,0.5293464,0.46125636,0.1497266,0.3648455,0.37463465,0.08193962,21.754183,9.546605,0.0
8.6,0.47691047,0.44140878,0.19823924,0.37096754,0.37397936,0.086719446,20.0724,10.466703,0.0
8.605,0.47691047,0.44140878,0.19823924,0.3767996,0.37837443,0.09120338,18.555183,10.946415,0.0
8.61,0.47691047,0.44140878,0.19823924,0.38263986,0.3846137,0.095409736,18.077806,10.032597,0.0
8.615,0.47691047,0.44140878,0.19823924,0.38958803,0.39038327,0.09912557,18.631533,7.773771,0.0
8.620000000000001,0.53707707,0.4288424,0.12890321,0.3925684,0.39737254,0.11682568,19.73945,4.725084,0.0
8.625,0.53707707,0.4288424,0.12890321,0.39544708,0.4024112,0.13136484,21.036987,1.3052652,0.0
8.63,0.53707707,0.4288424,0.12890321,0.39822748,0.406257,0.13997377,21.904377,5.037727e-08,0.0
8.635,0.53707707,0.4288424,0.12890321,0.40124124,0.40972355,0.13799675,22.592854,5.1022706e-08,0.0
8.64,0.51039857,0.37809888,0.1005869,0.4055735,0.41536137,0.11724551,23.278908,5.8776546e-08,0.0
8.645,0.51039857,0.37809888,0.1005869,0.40926525,0.41909152,0.10575991,23.901314,4.231703e-08,0.0
8.65,0.51039857,0.37809888,0.1005869,0.41249073,0.42082652,0.10219328,24.429777,3.792334e-08,0.0
8.655,0.51039857,0.37809888,0.1005869,0.41561332,0.4222528,0.10108574,24.860723,3.098777e-08,0.0
8.66,0.567086,0.3244603,0.072866485,0.4188663,0.422792,0.099524766,25.203722,1.7147569e-08,0.0
8.665000000000001,0.567086,0.3244603,0.072866485,0.42200765,0.42282233,0.09495871,25.477154,1.1046588e-08,0.0
8.67,0.567086,0.3244603,0.072866485,0.4250412,0.4191628,0.09117473,25.703405,6.0199357e-09,0.0
8.675,0.567086,0.3244603,0.072866485,0.42825893,0.41580272,0.08803888,25.126131,0.71838325,0.0
8.68,0.4800423,0.31769618,0.02457145,0.43508273,0.4129143,0.08693955,23.80984,1.9977812,0.0
8.685,0.4800423,0.31769618,0.02457145,0.43731153,0.40993887,0.08433669,22.285877,3.2313104,0.0
8.69,0.4800423,0.31769618,0.02457145,0.43942982,0.40339056,0.080006376,20.87122,4.0680866,0.0
8.695,0.4800423,0.31769618,0.02457145,0.44144312,0.3973439,0.07598981,19.750813,4.313658,0.0
8.700000000000001,0.5359118,0.31689313,0.0,0.44306603,0.39180243,0.07310973,19.008295,3.8910582,0.0
8.705,0.5359118,0.31689313,0.0,0.4446207,0.38664594,0.07036931,18.642775,2.8181298,0.0
8.71,0.5359118,0.31689313,0.0,0.44723368,0.38140357,0.06642774,18.604786,1.1652652,0.0
8.715,0.5359118,0.31689313,0.0,0.45096216,0.37655976,0.06270694,18.656124,2.7398364e-09,0.0
8.72,0.6,0.3097777,0.0,0.45187372,0.37236363,0.059194557,18.760597,1.9071306e-08,0.0
8.725,0.6,0.3097777,0.0,0.45305645,0.3684648,0.05587891,19.107004,2.4730658e-08,0.0
8.73,0.6,0.3097777,0.0,0.45565373,0.36478847,0.052748982,19.620708,6.4121636e-08,0.0
8.735,0.6,0.3097777,0.0,0.45816958,0.3613742,0.04979437,20.24225,5.124853e-08,0.0
8.74,0.41978544,0.26149213,0.0,0.46802735,0.35882306,0.04700525,20.923317,4.6538446e-08,0.0
8.745000000000001,0.41978544,0.26149213,0.0,0.47719997,0.35641825,0.04437236,21.657827,6.5364446e-08,0.0
8.75,0.41978544,0.26149213,0.0,0.48539078,0.35395256,0.041886944,22.448093,4.9844818e-08,0.0
8.755,0.41978544,0.26149213,0.0,0.48083097,0.351419,0.039540745,23.28253,3.318829e-08,0.0
8.76,0.6,0.31752664,0.0,0.48426938,0.34714875,0.037325963,24.846758,2.0772093e-07,0.0
8.765,0.6,0.31752664,0.0,0.48760858,0.33974522,0.035235237,26.378595,0.1803183,0.0
8.77,0.6,0.31752664,0.0,0.48885795,0.3317205,0.033261616,27.424889,0.6470963,0.0
8.775,0.6,0.31752664,0.0,0.48686498,0.3245187,0.031398542,28.174242,1.1930523,0.0
8.78,0.48572648,0.33559394,0.0,0.5019596,0.3171916,0.029639825,29.69223,0.63036007,0.0
8.785,0.48572648,0.33559394,0.0,0.49993414,0.3107163,0.02797962,31.157358,2.2673799e-08,0.0
8.790000000000001,0.48572648,0.33559394,0.0,0.49803853,0.3090337,0.026412407,32.867455,1.173238e-07,0.0
8.795,0.48572648,0.33559394,0.0,0.49639583,0.31002104,0.024932977,35.117916,2.1323409e-07,0.0
8.8,0.6,0.36526155,0.0,0.49929404,0.30957133,0.023536414,38.039246,2.16439e-07,0.0
8.805,0.6,0.36526155,0.0,0.5021112,0.3107562,0.022218077,39.965458,1.0839639,0.0
8.81,0.6,0.36526155,0.0,0.5046191,0.3117646,0.020973582,41.036907,2.873396,0.0
8.815,0.6,0.36526155,0.0,0.5040906,0.31262282,0.019798795,41.83442,4.7154374,0.0
8.82,0.47172934,0.42125466,0.0,0.51534635,0.31318676,0.018689811,43.376503,5.484343,0.0
8.825000000000001,0.47172934,0.42125466,0.0,0.5232214,0.31372896,0.017642945,44.76089,6.2201853,0.0
8.83,0.47172934,0.42125466,0.0,0.51717836,0.31624344,0.016654717,45.518364,7.446102,0.0
8.835,0.47172934,0.42125466,0.0,0.5118446,0.31846875,0.01572184,46.819057,7.8604474,0.0
8.84,0.5874425,0.5450149,0.0,0.5149379,0.3194272,0.0148412185,48.730694,7.4183755,0.0
8.845,0.5874425,0.5450149,0.0,0.51546377,0.32139316,0.014009922,49.81509,7.737511,0.0
8.85,0.5874425,0.5450149,0.0,0.5139291,0.3232748,0.0132251885,49.834724,9.062674,0.0
8.855,0.5874425,0.5450149,0.0,0.5124484,0.32507572,0.01248441,50.208824,9.804228,0.0
8.86,0.5526506,0.6,0.0,0.5163715,0.32717234,0.011785124,51.20679,9.689403,0.0
8.865,0.5526506,0.6,0.0,0.5200894,0.33141053,0.011125008,51.4742,10.238013,0.0
8.870000000000001,0.5526506,0.6,0.0,0.5236128,0.3354578,0.010501866,50.804115,11.658856,0.0
8.875,0.5526506,0.6,0.0,0.5258266,0.33932275,0.009913629,49.64187,13.440135,0.0
8.88,0.47775188,0.6,0.0,0.52873844,0.3436465,0.00935834,48.28685,15.2446,0.0
8.885,0.47775188,0.6,0.0,0.52782035,0.3527177,0.008834154,46.926968,16.867222,0.0
8.89,0.47775188,0.6,0.0,0.5223852,0.36138025,0.00833933,46.646187,17.13025,0.0
8.895,0.47775188,0.6,0.0,0.51754004,0.36965257,0.007872221,47.397167,16.127863,0.0
8.9,0.48826113,0.6,0.0,0.51296484,0.37783343,0.0074312766,48.551575,14.575244,0.0
8.905,0.48826113,0.6,0.0,0.5101185,0.38784152,0.007015031,49.712807,12.917264,0.0
8.91,0.48826113,0.6,0.0,0.50760514,0.3973988,0.0066221002,50.652054,11.405801,0.0
8.915000000000001,0.48826113,0.6,0.0,0.5053808,0.40652552,0.0062511787,51.260124,10.155907,0.0
8.92,0.5151625,0.6,0.0,0.503716,0.41524112,0.0059010335,51.51085,9.188338,0.0
8.925,0.5151625,0.6,0.0,0.50438637,0.4235641,0.0055705006,51.43177,8.463482,0.0
8.93,0.5151625,0.6,0.0,0.50543433,0.43151215,0.005258482,50.113052,8.97854,0.0
8.935,0.5151625,0.6,0.0,0.5063804,0.43910214,0.00496394,47.66586,10.566183,0.0
8.94,0.5364482,0.57094103,0.0,0.506958,0.4447848,0.0046858964,44.75359,12.458564,0.0
8.945,0.5364482,0.57094103,0.0,0.50749767,0.45026675,0.004423427,41.821613,14.152108,0.0
8.950000000000001,0.5364482,0.57094103,0.0,0.5089357,0.45555508,0.004175659,39.128456,15.365637,0.0
8.955,0.5364482,0.57094103,0.0,0.5107452,0.46065664,0.003941769,36.793926,15.978769,0.0
8.96,0.57097465,0.5429411,0.0,0.5116514,0.46506533,0.0037209797,34.854927,15.964586,0.0
8.965,0.57097465,0.5429411,0.0,0.5127209,0.46929777,0.0035125576,33.301823,15.346461,0.0
8.97,0.57097465,0.5429411,0.0,0.51374424,0.47322106,0.0033158099,32.1012,14.171711,0.0
8.975,0.57097465,0.5429411,0.0,0.5147234,0.47600818,0.0031300825,31.205719,12.50052,0.0
8.98,0.5868505,0.57110137,0.0,0.5155324,0.4792781,0.0029547582,30.565763,10.393342,0.0
8.985,0.5868505,0.57110137,0.0,0.5174832,0.4816461,0.0027892543,30.12605,7.914951,0.0
8.99,0.5868505,0.57110137,0.0,0.519475,0.48392603,0.0026330207,29.84319,5.1153727,0.0
8.995000000000001,0.5868505,0.57110137,0.0,0.5213926,0.48612115,0.0024855381,29.6813,2.0354295,0.0
9.0,0.6,0.5953992,0.0,0.5230511,0.48783585,0.0023463164,29.37228,-3.1727276e-09,0.0
9.005,0.6,0.5953992,0.0,0.52475643,0.48949882,0.0022148928,28.89426,-2.2293825e-09,0.0
9.01,0.6,0.5953992,0.0,0.5268334,0.49175897,0.0020908306,28.643578,4.4312847e-09,0.0
9.015,0.6,0.5953992,0.0,0.52884096,0.49415338,0.0019737175,28.56698,-3.4070644e-09,0.0
9.02,0.6,0.5853341,0.0,0.5307813,0.4966508,0.0018631642,28.61194,-6.503894e-09,0.0
9.025,0.6,0.5853341,0.0,0.53274155,0.49913827,0.0017588034,28.73129,7.474716e-09,0.0
9.03,0.6,0.5853341,0.0,0.53499126,0.5022625,0.0016602881,28.88671,1.2730452e-08,0.0
9.035,0.6,0.5853341,0.0,0.53716576,0.5052853,0.0015672909,29.048225,1.5169876e-08,0.0
9.040000000000001,0.57228845,0.5516391,0.0,0.5402638,0.5093221,0.0014795027,29.19499,8.734084e-09,0.0
9.045,0.57228845,0.5516391,0.0,0.5432091,0.5131553,0.0013966317,29.315006,6.220214e-09,0.0
9.05,0.57228845,0.5516391,0.0,0.5460091,0.51679516,0.0013184026,29.40312,3.768213e-09,0.0
9.055,0.57228845,0.5516391,0.0,0.54781187,0.51969707,0.0012445553,29.459097,-3.0594902e-10,0.0
9.06,0.57106715,0.5174212,0.0,0.549026,0.5233777,0.0011748445,29.4842,-3.541398e-09,0.0
9.065,0.57106715,0.5174212,0.0,0.55017996,0.52427995,0.0011090382,29.475233,1.0159801e-09,0.0
9.07,0.57106715,0.5174212,0.0,0.5512766,0.5234896,0.001046918,29.441427,5.7454783e-09,0.0
9.075000000000001,0.57106715,0.5174212,0.0,0.55227786,0.5227903,0.0009882773,28.420296,0.9505147,0.0
9.08,0.5566701,0.4767908,0.0,0.55328196,0.5220806,0.0009329212,26.472692,2.668806,0.0
9.085,0.5566701,0.4767908,0.0,0.5542324,0.51879734,0.0008806658,24.220234,4.4404726,0.0
9.09,0.5566701,0.4767908,0.0,0.55493987,0.5132447,0.00083133735,22.088175,5.7910166,0.0
9.095,0.5566701,0.4767908,0.0,0.5550323,0.508426,0.0007847719,20.34882,6.4305415,0.0
9.1,0.5239906,0.4287953,0.0,0.55513847,0.506809,0.0007408147,19.12021,6.2481203,0.0
9.105,0.5239906,0.4287953,0.0,0.55407506,0.5050436,0.0006993197,18.382257,5.2874107,0.0
9.11,0.5239906,0.4287953,0.0,0.5521252,0.5033821,0.0006601489,19.11067,2.4826133,0.0
9.115,0.5239906,0.4287953,0.0,0.55030173,0.50181824,0.0006231722,20.776375,2.4001323e-09,0.0
9.120000000000001,0.5031234,0.39892167,0.0,0.54773587,0.50071317,0.00058826664,22.618671,1.4190756e-07,0.0
9.125,0.5031234,0.39892167,0.0,0.5443897,0.49894872,0.0005553162,24.72443,1.7184479e-07,0.0
9.13,0.5031234,0.39892167,0.0,0.5412946,0.49585122,0.00052421144,26.768858,1.8105519e-07,0.0
9.135,0.5031234,0.39892167,0.0,0.5384316,0.49289048,0.00049484894,28.56204,0.0043426524,0.0
9.14,0.49703494,0.39154613,0.0,0.53561914,0.49004447,0.00046713112,30.00328,0.10402362,0.0
9.145,0.49703494,0.39154613,0.0,0.53271574,0.48692617,0.00044096584,31.06624,0.38592726,0.0
9.15,0.49703494,0.39154613,0.0,0.5300308,0.48301852,0.00041626615,31.79058,0.80484134,0.0
9.155,0.49703494,0.39154613,0.0,0.5275479,0.47928438,0.00039294997,32.245174,1.2832825,0.0
9.16,0.4813395,0.39711717,0.0,0.52547514,0.4750658,0.0003709398,32.503685,1.7399498,0.0
9.165000000000001,0.4813395,0.39711717,0.0,0.5230359,0.47074294,0.00035016245,32.637383,2.0979564,0.0
9.17,0.4813395,0.39711717,0.0,0.5202035,0.46664384,0.0003305489,32.702614,2.2985156,0.0
9.175,0.4813395,0.39711717,0.0,0.51756346,0.4627569,0.00031203398,32.73412,2.3080103,0.0
9.18,0.47360846,0.41637892,0.0,0.5152153,0.45895278,0.0002945561,32.75349,2.107822,0.0
9.185,0.47360846,0.41637892,0.0,0.51299405,0.45539105,0.00027805724,32.77625,1.686037,0.0
9.19,0.47360846,0.41637892,0.0,0.51044095,0.45203447,0.0002624825,32.81118,1.0380604,0.0
9.195,0.47360846,0.41637892,0.0,0.5080533,0.44887123,0.00024778015,32.857826,0.16927482,0.0
9.200000000000001,0.4806272,0.44891053,0.0,0.50352335,0.44647434,0.00023390132,32.76171,-6.7634156e-09,0.0
9.205,0.4806272,0.44891053,0.0,0.5001655,0.44425428,0.00022079988,32.66322,-7.730582e-09,0.0
9.21,0.4806272,0.44891053,0.0,0.49759597,0.44308493,0.00020843228,32.57894,2.101307e-09,0.0
9.215,0.4806272,0.44891053,0.0,0.49536437,0.44351467,0.00019675742,32.49847,-5.932294e-09,0.0
9.22,0.49093592,0.48636797,0.0,0.49311328,0.44422525,0.00018573651,33.113728,6.6454184e-08,0.0
9.225,0.49093592,0.48636797,0.0,0.4927216,0.44881853,0.00017533291,34.471752,1.1276036e-07,0.0
9.23,0.49093592,0.48636797,0.0,0.49240038,0.45291117,0.00016551204,36.174393,1.2669148e-07,0.0
9.235,0.49093592,0.48636797,0.0,0.49213693,0.45655775,0.00015624127,37.935085,6.93861e-08,0.0
9.24,0.5037585,0.5259316,0.0,0.4932153,0.45860317,0.00014748977,39.569466,3.7152276e-08,0.0
9.245000000000001,0.5037585,0.5259316,0.0,0.4953814,0.4605662,0.00013922848,40.036087,1.0065578,0.0
9.25,0.5037585,0.5259316,0.0,0.4971025,0.46505126,0.00013142992,39.301624,3.1109579,0.0
9.255,0.5037585,0.5259316,0.0,0.49846998,0.46922857,0.00012406817,37.92497,5.6644034,0.0
9.26,0.5240532,0.5645029,0.0,0.49895778,0.4709004,0.00011711878,36.27969,8.241806,0.0
9.265,0.5240532,0.5645029,0.0,0.4998633,0.4731037,0.00011055865,34.61639,10.567275,0.0
9.27,0.5240532,0.5645029,0.0,0.50209457,0.4752188,0.000104365965,33.089638,12.479642,0.0
9.275,0.5240532,0.5645029,0.0,0.50412,0.47724923,9.852015e-05,31.790737,13.892012,0.0
9.28,0.5443286,0.59673554,0.0,0.5053058,0.47869512,9.300177e-05,30.759373,14.776142,0.0
9.285,0.5443286,0.59673554,0.0,0.5064211,0.48009807,8.779249e-05,29.992176,15.150696,0.0
9.290000000000001,0.5443286,0.59673554,0.0,0.50747,0.4821666,8.2875e-05,29.460075,15.060728,0.0
9.295,0.5443286,0.59673554,0.0,0.5096537,0.48461202,7.8232944e-05,29.117443,14.567184,0.0
9.3,0.56010544,0.6,0.0,0.5112699,0.48692435,7.3850904e-05,28.919811,13.727266,0.0
9.305,0.56010544,0.6,0.0,0.5128108,0.48916975,6.971432e-05,28.82525,12.593273,0.0
9.31,0.56010544,0.6,0.0,0.5142799,0.49173668,6.5809436e-05,28.796803,11.210207,0.0
9.315,0.56010544,0.6,0.0,0.5156925,0.49477574,6.2123276e-05,28.803469,9.615123,0.0
9.32,0.57454765,0.6,0.0,0.51688176,0.49772683,5.8643585e-05,28.819323,7.8383074,0.0
9.325000000000001,0.57454765,0.6,0.0,0.5185633,0.5005925,5.53588e-05,28.826023,5.9007974,0.0
9.33,0.57454765,0.6,0.0,0.5201794,0.5034144,5.2258005e-05,28.816734,3.8102043,0.0
9.335,0.57454765,0.6,0.0,0.5217326,0.5062099,4.9330894e-05,28.791082,1.5667843,0.0
9.34,0.5837638,0.6,0.0,0.5230829,0.50892454,4.6567737e-05,28.59761,-1.6201291e-08,0.0
9.345,0.5837638,0.6,0.0,0.52466637,0.5115606,4.3959353e-05,28.202393,-8.095462e-09,0.0
9.35,0.5837638,0.6,0.0,0.5264216,0.5141204,4.149707e-05,27.933426,-8.552771e-09,0.0
9.355,0.5837638,0.6,0.0,0.5281151,0.5166061,3.9172708e-05,27.768728,2.9049625e-09,0.0
9.36,0.58625454,0.6,0.0,0.5297079,0.51901984,3.697854e-05,27.684654,-7.892857e-10,0.0
9.365,0.58625454,0.6,0.0,0.53137195,0.5213637,3.4907272e-05,27.657814,1.3616879e-09,0.0
9.370000000000001,0.58625454,0.6,0.0,0.5331692,0.5236397,3.2952023e-05,27.66885,4.4187907e-09,0.0
9.375,0.58625454,0.6,0.0,0.5349048,0.5258498,3.110629e-05,27.700878,-3.010705e-09,0.0
9.38,0.58552766,0.6,0.0,0.53721684,0.527996,2.9363944e-05,27.742119,5.040579e-10,0.0
9.385,0.58552766,0.6,0.0,0.53942764,0.5300801,2.771919e-05,27.78688,2.6898748e-09,0.0
9.39,0.58552766,0.6,0.0,0.5415388,0.53210384,2.6166565e-05,27.832382,5.2902034e-09,0.0
9.395,0.58552766,0.6,0.0,0.5435547,0.534069,2.4700905e-05,27.87645,-6.001941e-10,0.0
9.4,0.57957083,0.5734244,0.0,0.5455076,0.5372197,2.3317341e-05,27.917484,-8.065932e-10,0.0
9.405,0.57957083,0.5734244,0.0,0.5473696,0.54021984,2.2011274e-05,27.949478,2.7955167e-09,0.0
9.41,0.57957083,0.5734244,0.0,0.549145,0.54307663,2.0778363e-05,27.966894,3.686329e-09,0.0
9.415000000000001,0.57957083,0.5734244,0.0,0.5507766,0.5452435,1.9614512e-05,27.968191,-4.473854e-10,0.0
9.42,0.57080984,0.53466654,0.0,0.5521825,0.5469796,1.851585e-05,27.95569,-3.9698161e-10,0.0
9.425,0.57080984,0.53466654,0.0,0.5535198,0.5484471,1.7478727e-05,27.933615,2.8264968e-09,0.0
9.43,0.57080984,0.53466654,0.0,0.55479175,0.5475981,1.6499696e-05,27.907228,-1.5663044e-09,0.0
9.435,0.57080984,0.53466654,0.0,0.55575174,0.54680145,1.5575504e-05,26.864979,0.98620564,0.0
9.44,0.5581948,0.49246883,0.0,0.5565433,0.54548764,1.4703079e-05,24.864166,2.7720582,0.0
9.445,0.5581948,0.49246883,0.0,0.55729324,0.54134774,1.3879519e-05,22.556896,4.608326,0.0
9.450000000000001,0.5581948,0.49246883,0.0,0.5579326,0.53753114,1.3102091e-05,20.39792,5.9880595,0.0
9.455,0.5581948,0.49246883,0.0,0.5579464,0.5340125,1.23682075e-05,18.65707,6.625486,0.0
9.46,0.54167986,0.45201817,0.0,0.5579609,0.53156275,1.1675431e-05,17.443035,6.4210887,0.0
9.465,0.54167986,0.45201817,0.0,0.5579746,0.5292574,1.1021459e-05,16.734798,5.420231,0.0
9.47,0.54167986,0.45201817,0.0,0.557223,0.52708805,1.0404117e-05,16.446709,3.7369893,0.0
9.475,0.54167986,0.45201817,0.0,0.5563149,0.52295876,9.821355e-06,17.531809,0.32510224,0.0
9.48,0.52383345,0.4196718,0.0,0.5553427,0.5212809,9.271234e-06,19.076126,6.326674e-08,0.0
9.485,0.52383345,0.4196718,0.0,0.5538039,0.5178652,8.751927e-06,21.230957,1.200831e-07,0.0
9.49,0.52383345,0.4196718,0.0,0.55181295,0.5146179,8.261709e-06,23.602398,1.6425935e-07,0.0
9.495000000000001,0.52383345,0.4196718,0.0,0.54995424,0.5115308,7.798948e-06,25.87008,2.0340931e-07,0.0
9.5,0.5054336,0.4012027,0.0,0.5475132,0.5088468,7.362108e-06,27.84201,0.010063828,0.0
9.505,0.5054336,0.4012027,0.0,0.5442581,0.5061869,6.949737e-06,29.403942,0.19174817,0.0
9.51,0.5054336,0.4012027,0.0,0.5412549,0.5022851,6.5604636e-06,30.536722,0.60917366,0.0
9.515,0.5054336,0.4012027,0.0,0.5384839,0.4985593,6.1929945e-06,31.29476,1.1992428,0.0
9.52,0.4892514,0.39600754,0.0,0.5360119,0.49500644,5.8461083e-06,31.757517,1.8721925,0.0
9.525,0.4892514,0.39600754,0.0,0.5326023,0.4916136,5.518652e-06,32.00508,2.5393636,0.0
9.53,0.4892514,0.39600754,0.0,0.5293598,0.4875531,5.2095374e-06,32.10005,3.1335554,0.0
9.535,0.4892514,0.39600754,0.0,0.52635986,0.48366413,4.9177374e-06,32.097652,3.5969605,0.0
9.540000000000001,0.47909826,0.4041459,0.0,0.5237794,0.47943902,4.642282e-06,32.044487,3.8826132,0.0
9.545,0.47909826,0.4041459,0.0,0.52111936,0.47520244,4.382255e-06,31.979158,3.9530554,0.0
9.55,0.47909826,0.4041459,0.0,0.51819724,0.471181,4.1367935e-06,31.92783,3.785204,0.0
9.555,0.47909826,0.4041459,0.0,0.5154784,0.46736377,3.9050806e-06,31.900507,3.3739693,0.0
9.56,0.47642592,0.42501253,0.0,0.5129945,0.46359244,3.6863464e-06,31.898508,2.7235262,0.0
9.565,0.47642592,0.42501253,0.0,0.5106402,0.46004608,3.4798643e-06,31.921846,1.8389034,0.0
9.57,0.47642592,0.42501253,0.0,0.5083042,0.4567113,3.2849478e-06,31.968637,0.7267104,0.0
9.575000000000001,0.47642592,0.42501253,0.0,0.50612766,0.45373544,3.100949e-06,31.924791,-6.2679466e-09,0.0
9.58,0.48101375,0.45606717,0.0,0.50191426,0.45141932,2.9272564e-06,31.80148,-6.3899184e-09,0.0
9.585,0.48101375,0.45606717,0.0,0.4987275,0.44928998,2.763293e-06,31.729885,5.134567e-09,0.0
9.59,0.48101375,0.45606717,0.0,0.49621466,0.448822,2.6085136e-06,31.685051,2.4292022e-09,0.0
9.595,0.48101375,0.45606717,0.0,0.49405828,0.4494062,2.4624037e-06,31.6454,-3.6662677e-09,0.0
9.6,0.49275592,0.4940038,0.0,0.4920918,0.45241904,2.324478e-06,32.30527,7.8346986e-08,0.0
9.605,0.49275592,0.4940038,0.0,0.49223503,0.45829794,2.1942776e-06,33.7016,1.8241438e-07,0.0
9.61,0.49275592,0.4940038,0.0,0.49234736,0.46334574,2.0713703e-06,34.54805,0.5900198,0.0
9.615,0.49275592,0.4940038,0.0,0.4924355,0.46767992,1.9553472e-06,34.51346,1.9197646,0.0
9.620000000000001,0.50990415,0.53474545,0.0,0.49282965,0.46930712,1.8458229e-06,33.93413,3.5982172,0.0
9.625,0.50990415,0.53474545,0.0,0.4955876,0.47083375,1.7424334e-06,33.07797,5.3203583,0.0
9.63,0.50990415,0.53474545,0.0,0.49790004,0.47343847,1.644835e-06,32.150333,6.85908,0.0
9.635,0.50990415,0.53474545,0.0,0.49983898,0.47722816,1.5527035e-06,31.278364,8.08039,0.0
9.64,0.5293307,0.5729178,0.0,0.5006668,0.4779139,1.4657323e-06,30.520262,8.929864,0.0
9.645,0.5293307,0.5729178,0.0,0.5014265,0.48001066,1.3836327e-06,29.905622,9.385492,0.0
9.65,0.5293307,0.5729178,0.0,0.5035507,0.4820301,1.3061317e-06,29.434616,9.45773,0.0
9.655,0.5293307,0.5729178,0.0,0.505671,0.48397502,1.2329717e-06,29.096584,9.167825,0.0
9.66,0.54801,0.6,0.0,0.50699306,0.48543158,1.1639097e-06,28.8753,8.541937,0.0
9.665000000000001,0.54801,0.6,0.0,0.5082412,0.48684636,1.098716e-06,28.747028,7.6132836,0.0
9.67,0.54801,0.6,0.0,0.50941956,0.48857835,1.037174e-06,28.68667,6.415194,0.0
9.675,0.54801,0.6,0.0,0.511273,0.49099797,9.790791e-07,28.66986,4.9789877,0.0
9.68,0.56432194,0.6,0.0,0.51261306,0.49334818,9.242383e-07,28.677204,3.3294063,0.0
9.685,0.56432194,0.6,0.0,0.51415825,0.49563095,8.7246923e-07,28.691502,1.4878913,0.0
9.69,0.56432194,0.6,0.0,0.515636,0.4981021,8.2359986e-07,28.602686,-1.4693612e-08,0.0
9.695,0.56432194,0.6,0.0,0.51704925,0.50102544,7.7746785e-07,28.297915,9.2691427e-10,0.0
9.700000000000001,0.57761467,0.6,0.0,0.51819634,0.50386494,7.3391976e-07,28.093441,-4.0271853e-10,0.0
9.705,0.57761467,0.6,0.0,0.5198053,0.50662297,6.9281094e-07,27.965033,-6.329587e-09,0.0
9.71,0.57761467,0.6,0.0,0.52145463,0.50930184,6.5400474e-07,27.891613,3.465031e-09,0.0
9.715,0.57761467,0.6,0.0,0.52304286,0.5119039,6.1737217e-07,27.855896,-5.873369e-09,0.0
9.72,0.58442044,0.6,0.0,0.5244623,0.5144313,5.827915e-07,27.843216,-2.1317665e-09,0.0
9.725,0.58442044,0.6,0.0,0.52601737,0.5168862,5.501478e-07,27.841555,-9.550386e-10,0.0
9.73,0.58442044,0.6,0.0,0.52779156,0.51927066,5.193325e-07,27.841555,-2.4293012e-09,0.0
9.735,0.58442044,0.6,0.0,0.5295048,0.5215867,4.902433e-07,27.841528,-3.3811827e-09,0.0
9.74,0.58632326,0.6,0.0,0.5311265,0.5238363,4.6278345e-07,27.83937,1.094384e-09,0.0
9.745000000000001,0.58632326,0.6,0.0,0.5327585,0.52602136,4.368617e-07,27.83157,-8.141934e-09,0.0
9.75,0.58632326,0.6,0.0,0.53449994,0.52814376,4.123919e-07,27.818361,1.4162008e-09,0.0
9.755,0.58632326,0.6,0.0,0.5361827,0.53020525,3.8929272e-07,27.801395,-1.2926293e-09,0.0
9.76,0.5847926,0.5946902,0.0,0.53848475,0.5330299,3.674874e-07,27.782484,-2.8805502e-09,0.0
9.765,0.5847926,0.5946902,0.0,0.5406811,0.53574026,3.4690342e-07,27.762733,-6.934332e-10,0.0
9.77,0.5847926,0.5946902,0.0,0.54277664,0.5383409,3.2747243e-07,27.74281,-3.0714792e-10,0.0
9.775,0.5847926,0.5946902,0.0,0.5447706,0.54083633,3.0912983e-07,27.723186,-3.0845118e-09,0.0
9.78,0.5775985,0.56462765,0.0,0.54667544,0.54348993,2.9181464e-07,27.704105,-5.2033475e-09,0.0
9.785,0.5775985,0.56462765,0.0,0.54848963,0.54601276,2.7546932e-07,27.684614,-4.3189554e-09,0.0
9.790000000000001,0.5775985,0.56462765,0.0,0.55021745,0.5484113,2.6003954e-07,27.663715,4.9358793e-09,0.0
9.795,0.5775985,0.56462765,0.0,0.5517371,0.54973286,2.4547404e-07,27.64109,-2.1461668e-09,0.0
9.8,0.56788766,0.5244341,0.0,0.55303204,0.5507677,2.3172439e-07,27.620184,4.194486e-09,0.0
9.805,0.56788766,0.5244341,0.0,0.5542621,0.5504524,2.1874487e-07,27.604996,-9.232587e-10,0.0
9.81,0.56788766,0.5244341,0.0,0.5554306,0.5486447,2.0649239e-07,26.573175,0.9894202,0.0
9.815,0.56788766,0.5244341,0.0,0.5561705,0.5469626,1.949262e-07,24.587114,2.7731245,0.0
9.82,0.55450827,0.4821717,0.0,0.5568025,0.54521465,1.8400786e-07,22.303808,4.596664,0.0
9.825000000000001,0.55450827,0.4821717,0.0,0.5574004,0.5417417,1.7370108e-07,20.157606,5.976141,0.0
9.83,0.55450827,0.4821717,0.0,0.5577475,0.53711975,1.6397162e-07,18.41231,6.631965,0.0
9.835,0.55450827,0.4821717,0.0,0.5575728,0.5328564,1.5478713e-07,17.187387,6.452198,0.0
9.84,0.5373525,0.44314873,0.0,0.5573893,0.5299515,1.4611709e-07,17.555193,4.2693257,0.0
9.845,0.5373525,0.44314873,0.0,0.5572168,0.5272131,1.3793267e-07,19.364862,0.3024461,0.0
9.85,0.5373525,0.44314873,0.0,0.55603,0.5246316,1.302067e-07,21.0729,1.2055372e-07,0.0
9.855,0.5373525,0.44314873,0.0,0.5549118,0.5213072,1.2291348e-07,23.093573,9.2600075e-08,0.0
9.86,0.51902103,0.4137949,0.0,0.55372065,0.51943266,1.16028765e-07,25.15256,9.285506e-08,0.0
9.865,0.51902103,0.4137949,0.0,0.5516899,0.5162148,1.0952968e-07,27.028479,0.00020818114,0.0
9.870000000000001,0.51902103,0.4137949,0.0,0.5494738,0.5127151,1.03394626e-07,28.601559,0.018,0.0
9.875,0.51902103,0.4137949,0.0,0.5474081,0.509383,9.760321e-08,29.817175,0.17403947,0.0
9.88,0.50103176,0.398551,0.0,0.5445353,0.50643337,9.21362e-08,30.696411,0.46496868,0.0
9.885,0.50103176,0.398551,0.0,0.541141,0.5036151,8.6975405e-08,31.284115,0.840113,0.0
9.89,0.50103176,0.398551,0.0,0.5380115,0.4996208,8.210368e-08,31.62954,1.244748,0.0
9.895,0.50103176,0.398551,0.0,0.53512615,0.49579868,7.7504836e-08,31.795908,1.6095239,0.0
9.9,0.48613167,0.39666763,0.0,0.5326946,0.4921394,7.3163584e-08,31.84555,1.8675207,0.0
9.905,0.48613167,0.39666763,0.0,0.52964336,0.4886434,6.906549e-08,31.830349,1.964723,0.0
9.91,0.48613167,0.39666763,0.0,0.52654016,0.48463005,6.519695e-08,31.782959,1.869495,0.0
9.915000000000001,0.48613167,0.39666763,0.0,0.5236583,0.48078892,6.1545094e-08,31.726429,1.5612025,0.0
9.92,0.47767434,0.40815905,0.0,0.52112675,0.47631845,5.809779e-08,31.677378,1.0264528,0.0
9.925,0.47767434,0.40815905,0.0,0.51860607,0.4720361,5.4843575e-08,31.652199,0.25196022,0.0
9.93,0.47767434,0.40815905,0.0,0.5158448,0.46798396,5.177164e-08,31.530396,8.03631e-10,0.0
9.935,0.47767434,0.40815905,0.0,0.51326984,0.4641497,4.8871772e-08,31.42407,-2.2600302e-09,0.0
9.94,0.47686478,0.43192208,0.0,0.51088095,0.46056715,4.6134332e-08,31.380438,-2.2989888e-09,0.0
9.945,0.47686478,0.43192208,0.0,0.5086396,0.45721382,4.3550223e-08,31.39125,3.5710706e-09,0.0
9.950000000000001,0.47686478,0.43192208,0.0,0.5065071,0.45407507,4.111086e-08,31.445755,8.546075e-09,0.0
9.955,0.47686478,0.43192208,0.0,0.50451773,0.4519901,3.880813e-08,31.532349,7.944006e-09,0.0
9.96,0.48338875,0.46507052,0.0,0.5000197,0.45024264,3.663438e-08,31.635065,1.9882538e-09,0.0
9.965,0.48338875,0.46507052,0.0,0.49710912,0.44883,3.458239e-08,31.721998,4.1370467e-09,0.0
9.97,0.48338875,0.46507052,0.0,0.49487737,0.45024416,3.2645335e-08,31.772535,-1.7565787e-09,0.0
9.975,0.48338875,0.46507052,0.0,0.49300864,0.4515352,3.0816782e-08,32.484936,6.672412e-08,0.0
9.98,0.49662805,0.5041913,0.0,0.49238762,0.45498714,2.9090652e-08,33.910564,1.4801167e-07,0.0
9.985,0.49662805,0.5041913,0.0,0.49365366,0.46093598,2.7461207e-08,35.657833,1.585753e-07,0.0
9.99,0.49662805,0.5041913,0.0,0.4945417,0.4661656,2.592303e-08,36.529354,0.802878,0.0
9.995000000000001,0.49662805,0.5041913,0.0,0.4951646,0.47076294,2.4471012e-08,36.31252,2.5747843,0.0
10.0,0.51464397,0.54476446,0.0,0.4953653,0.47248212,2.3100325e-08,35.452667,4.797638,0.0
10.005,0.51464397,0.54476446,0.0,0.49756026,0.47411287,2.1806414e-08,34.282898,7.091784,0.0
10.01,0.51464397,0.54476446,0.0,0.49990302,0.47565976,2.0584979e-08,33.045353,9.189513,0.0
10.015,0.51464397,0.54476446,0.0,0.5019245,0.47888637,1.9431958e-08,31.897812,10.924471,0.0
10.02,0.5341832,0.5814679,0.0,0.50286645,0.47974265,1.8343522e-08,30.917204,12.2241125,0.0
10.025,0.5341832,0.5814679,0.0,0.5037386,0.48131782,1.7316053e-08,30.135038,13.06728,0.0
10.03,0.5341832,0.5814679,0.0,0.5053518,0.48346478,1.6346133e-08,29.54959,13.46903,0.0
10.035,0.5341832,0.5814679,0.0,0.5074868,0.48553908,1.5430542e-08,29.138689,13.465459,0.0
10.040000000000001,0.5523341,0.6,0.0,0.5088719,0.48724806,1.4566236e-08,28.874548,13.097029,0.0
10.045,0.5523341,0.6,0.0,0.5101851,0.48890772,1.3750342e-08,28.724442,12.407755,0.0
10.05,0.5523341,0.6,0.0,0.5114302,0.49092644,1.29801485e-08,28.655643,11.439887,0.0
10.055,0.5523341,0.6,0.0,0.51297307,0.4935391,1.2253095e-08,28.637712,10.231674,0.0
10.06,0.56819093,0.6,0.0,0.51411486,0.49607635,1.1566767e-08,28.644682,8.815039,0.0
10.065,0.56819093,0.6,0.0,0.5156867,0.49854037,1.0918882e-08,28.65603,7.2148085,0.0
10.07,0.56819093,0.6,0.0,0.51719385,0.50113875,1.0307286e-08,28.660965,5.4442616,0.0
10.075000000000001,0.56819093,0.6,0.0,0.518639,0.5039915,9.729947e-09,28.654247,3.5099728,0.0
10.08,0.5798233,0.6,0.0,0.51984185,0.50676185,9.184946e-09,28.632471,1.4162632,0.0
10.085,0.5798233,0.6,0.0,0.521347,0.5094523,8.670472e-09,28.44096,-7.0235764e-09,0.0
10.09,0.5798233,0.6,0.0,0.5230192,0.5120651,8.1848155e-09,28.068941,3.5643444e-09,0.0
10.095,0.5798233,0.6,0.0,0.5246317,0.51460254,7.726362e-09,27.812805,9.974852e-09,0.0
10.1,0.5852316,0.6,0.0,0.5260967,0.5170667,7.2935875e-09,27.652647,-1.163356e-08,0.0
10.105,0.5852316,0.6,0.0,0.5276145,0.51945984,6.8850543e-09,27.565958,3.3048053e-09,0.0
10.11,0.5852316,0.6,0.0,0.5293704,0.5217839,6.4994037e-09,27.531315,1.3079731e-09,0.0
10.115,0.5852316,0.6,0.0,0.5310673,0.5240409,6.1353544e-09,27.531336,-1.6061514e-09,0.0
10.120000000000001,0.5864364,0.6,0.0,0.5326863,0.5262327,5.791697e-09,27.551998,4.675928e-09,0.0
10.125,0.5864364,0.6,0.0,0.53428435,0.5283613,5.4672884e-09,27.582033,4.5320196e-09,0.0
10.13,0.5864364,0.6,0.0,0.53597605,0.5304285,5.1610507e-09,27.61325,1.3318389e-09,0.0
10.135,0.5864364,0.6,0.0,0.5376116,0.5324361,4.8719664e-09,27.640915,3.2739218e-09,0.0
10.14,0.58327717,0.5883235,0.0,0.53990597,0.53535193,4.5990745e-09,27.662592,-1.7846324e-09,0.0
10.145,0.58327717,0.5883235,0.0,0.5420925,0.53814197,4.341468e-09,27.67656,1.4616047e-09,0.0
10.15,0.58327717,0.5883235,0.0,0.5441763,0.5408116,4.0982906e-09,27.6821,3.4271905e-09,0.0
10.155,0.58327717,0.5883235,0.0,0.54612994,0.543366,3.868734e-09,27.679293,1.0424126e-09,0.0
10.16,0.5754641,0.55518883,0.0,0.5479404,0.5457576,3.652036e-09,27.66947,-2.3496585e-09,0.0
10.165000000000001,0.5754641,0.55518883,0.0,0.54966253,0.548022,3.4474756e-09,27.653826,-6.3122987e-09,0.0
10.17,0.5754641,0.55518883,0.0,0.55130076,0.5499047,3.2543732e-09,27.633806,1.0027896e-09,0.0
10.175,0.5754641,0.55518883,0.0,0.5526594,0.5501858,3.072087e-09,27.612064,-9.686456e-10,0.0
10.18,0.56494236,0.51396763,0.0,0.5538293,0.55056036,2.9000111e-09,27.596323,-9.521598e-10,0.0
10.185,0.56494236,0.51396763,0.0,0.5549392,0.54802144,2.7375737e-09,27.592379,-2.8323735e-10,0.0
10.19,0.56494236,0.51396763,0.0,0.5559922,0.54547215,2.5842348e-09,26.591097,0.96890026,0.0
10.195,0.56494236,0.51396763,0.0,0.55648404,0.5431137,2.4394848e-09,24.655638,2.710443,0.0
10.200000000000001,0.5504536,0.47194687,0.0,0.5569519,0.54111224,2.3028428e-09,22.43355,4.481454,0.0
10.205,0.5504536,0.47194687,0.0,0.55739385,0.5392482,2.1738544e-09,20.348291,5.8104296,0.0
10.21,0.5504536,0.47194687,0.0,0.55740225,0.53466636,2.052091e-09,18.643139,6.440374,0.0
10.215,0.5504536,0.47194687,0.0,0.5570179,0.5303594,1.9371478e-09,17.43165,6.2649493,0.0
10.22,0.53284925,0.43476537,0.0,0.5566168,0.52738595,1.8286429e-09,17.791342,4.1098256,0.0
10.225,0.53284925,0.43476537,0.0,0.5560203,0.5244056,1.7262157e-09,19.579357,0.18481271,0.0
10.23,0.53284925,0.43476537,0.0,0.5546043,0.52158546,1.6295257e-09,21.25201,2.0650818e-07,0.0
10.235,0.53284925,0.43476537,0.0,0.5532748,0.5189169,1.5382516e-09,23.255375,1.7017761e-07,0.0
10.24,0.5143877,0.40876067,0.0,0.55187225,0.51672477,1.45209e-09,25.292225,2.5401974e-07,0.0
10.245000000000001,0.5143877,0.40876067,0.0,0.54938453,0.51379263,1.3707545e-09,27.144947,0.00018600358,0.0
10.25,0.5143877,0.40876067,0.0,0.54698145,0.51010436,1.2939748e-09,28.692749,0.020387407,0.0
10.255,0.5143877,0.40876067,0.0,0.5447434,0.5065882,1.2214958e-09,29.882004,0.18108848,0.0
10.26,0.4968416,0.39678657,0.0,0.5420607,0.50336784,1.1530765e-09,30.737343,0.473989,0.0
10.265,0.4968416,0.39678657,0.0,0.538697,0.5002919,1.0884896e-09,31.308632,0.84287435,0.0
10.27,0.4968416,0.39678657,0.0,0.53558356,0.4962,1.0275204e-09,31.647598,1.2304449,0.0
10.275,0.4968416,0.39678657,0.0,0.53270173,0.4922794,9.699662e-10,31.815954,1.5692388,0.0
10.28,0.48333713,0.39823642,0.0,0.5302545,0.4885201,9.156358e-10,31.873571,1.7952676,0.0
10.285,0.48333713,0.39823642,0.0,0.52743715,0.48469436,8.643486e-10,31.869371,1.8579223,0.0
10.290000000000001,0.48333713,0.39823642,0.0,0.5244276,0.48073748,8.159341e-10,31.838587,1.7226951,0.0
10.295,0.48333713,0.39823642,0.0,0.52162343,0.47695872,7.7023143e-10,31.80279,1.3707366,0.0
10.3,0.47676727,0.4129972,0.0,0.5191115,0.47292244,7.270887e-10,31.775015,0.7926399,0.0
10.305,0.47676727,0.4129972,0.0,0.5166689,0.46915314,6.863625e-10,31.762762,-3.8567157e-07,0.0
10.31,0.47676727,0.4129972,0.0,0.514051,0.46557406,6.479175e-10,31.612328,1.1720332e-09,0.0
10.315,0.47676727,0.4129972,0.0,0.5116049,0.4621756,6.116259e-10,31.51874,7.9415315e-11,0.0
10.32,0.47780252,0.43943456,0.0,0.50773555,0.4588707,5.773671e-10,31.477892,-1.9458038e-10,0.0
10.325000000000001,0.47780252,0.43943456,0.0,0.50434655,0.45578793,5.4502725e-10,31.473585,-3.3993668e-09,0.0
10.33,0.47780252,0.43943456,0.0,0.5013983,0.4529123,5.144988e-10,31.488304,1.9883344e-09,0.0
10.335,0.47780252,0.43943456,0.0,0.49877757,0.45117876,4.8568033e-10,31.511002,-1.0068687e-09,0.0
10.34,0.48613918,0.47443673,0.0,0.4959654,0.44977203,4.5847606e-10,31.530313,-4.743979e-09,0.0
10.345,0.48613918,0.47443673,0.0,0.4945542,0.4501514,4.3279558e-10,31.533329,-1.6699854e-09,0.0
10.35,0.48613918,0.47443673,0.0,0.49342597,0.45306036,4.0855352e-10,32.2268,4.140778e-08,0.0
10.355,0.48613918,0.47443673,0.0,0.49244902,0.45562086,3.8566933e-10,33.65719,3.812736e-08,0.0
10.36,0.5008025,0.51443714,0.0,0.49310747,0.45792088,3.6406694e-10,35.424213,1.5478265e-07,0.0
10.365,0.5008025,0.51443714,0.0,0.49461406,0.46379137,3.436746e-10,36.341377,0.77704775,0.0
10.370000000000001,0.5008025,0.51443714,0.0,0.49582568,0.4699822,3.2442446e-10,36.189095,2.5022767,0.0
10.375,0.5008025,0.51443714,0.0,0.49680007,0.4754163,3.0625258e-10,35.392986,4.680238,0.0
10.38,0.51950735,0.5545183,0.0,0.49719357,0.47727805,2.8909855e-10,34.261723,6.9583764,0.0
10.385,0.51950735,0.5545183,0.0,0.49856484,0.47905096,2.7290536e-10,33.0255,9.081308,0.0
10.39,0.51950735,0.5545183,0.0,0.5006238,0.4807393,2.576192e-10,31.845564,10.8775425,0.0
10.395,0.51950735,0.5545183,0.0,0.5024804,0.4826317,2.4318925e-10,30.821848,12.248144,0.0
10.4,0.53892875,0.5894673,0.0,0.50358397,0.4836225,2.2956756e-10,29.99922,13.157182,0.0
10.405,0.53892875,0.5894673,0.0,0.504616,0.4845824,2.1670886e-10,29.383844,13.611302,0.0
10.41,0.53892875,0.5894673,0.0,0.5060889,0.486571,2.0457042e-10,28.957651,13.642635,0.0
10.415000000000001,0.53892875,0.5894673,0.0,0.5082174,0.48868763,1.9311187e-10,28.68665,13.298949,0.0
10.42,0.55645734,0.6,0.0,0.5097397,0.49054414,1.8229517e-10,28.536345,12.626498,0.0
10.425,0.55645734,0.6,0.0,0.51118654,0.49234828,1.7208432e-10,28.472588,11.669398,0.0
10.43,0.55645734,0.6,0.0,0.5125617,0.49425372,1.6244542e-10,28.464432,10.466552,0.0
10.435,0.55645734,0.6,0.0,0.5141867,0.49693885,1.5334642e-10,28.486397,9.049532,0.0
10.44,0.57173234,0.6,0.0,0.5155376,0.49954826,1.4475707e-10,28.51741,7.443951,0.0
10.445,0.57173234,0.6,0.0,0.5172209,0.5020841,1.3664883e-10,28.541714,5.6687093,0.0
10.450000000000001,0.57173234,0.6,0.0,0.51883495,0.50459427,1.2899476e-10,28.552572,3.7320476,0.0
10.455,0.57173234,0.6,0.0,0.52038264,0.5072848,1.2176941e-10,28.548605,1.6359751,0.0
10.46,0.58171797,0.6,0.0,0.52171814,0.5098995,1.1494878e-10,28.413576,-1.0665049e-08,0.0
10.465,0.58171797,0.6,0.0,0.52349675,0.51244044,1.0851019e-10,28.04389,3.6479242e-09,0.0
10.47,0.58171797,0.6,0.0,0.52528244,0.51490974,1.0243224e-10,27.792236,-7.424867e-09,0.0
10.475,0.58171797,0.6,0.0,0.52700204,0.51730937,9.6694736e-11,27.639065,-1.2298436e-08,0.0
10.48,0.58578223,0.6,0.0,0.5285931,0.51964134,9.12786e-11,27.562328,1.1983532e-09,0.0
10.485,0.58578223,0.6,0.0,0.5303516,0.52190757,8.6165845e-11,27.539991,5.3726046e-09,0.0
10.49,0.58578223,0.6,0.0,0.53217876,0.52410984,8.133946e-11,27.553267,-4.676442e-09,0.0
10.495000000000001,0.58578223,0.6,0.0,0.5339409,0.52625,7.678342e-11,27.587536,1.2985941e-09,0.0
10.5,0.5862674,0.6,0.0,0.5356325,0.52832985,7.2482575e-11,27.631432,1.0764132e-08,0.0
10.505,0.5862674,0.6,0.0,0.5373508,0.53035104,6.842263e-11,27.676458,8.4929885e-09,0.0
10.51,0.5862674,0.6,0.0,0.53906554,0.5323152,6.459009e-11,27.717257,1.6541627e-09,0.0
10.515,0.5862674,0.6,0.0,0.54071957,0.534224,6.097223e-11,27.751118,4.3343262e-09,0.0
10.52,0.5862674,0.6,0.0,0.54231507,0.53607893,5.7557008e-11,27.776983,5.158193e-10,0.0
10.525,0.5862674,0.6,0.0,0.54386437,0.53788155,5.4333087e-11,27.794819,8.1694257e-10,0.0
10.53,0.5862674,0.6,0.0,0.5453657,0.5396334,5.1289743e-11,27.805378,3.719458e-09,0.0
10.535,0.5862674,0.6,0.0,0.54681385,0.5413358,4.8416868e-11,27.809816,4.8053654e-09,0.0
10.540000000000001,0.5668167,0.58,0.012000007,0.54894567,0.5442456,0.0024444447,27.8098,6.1997634e-09,0.0
10.545,0.5668167,0.58,0.012000007,0.5509623,0.5470111,0.005209363,27.80552,-2.3775477e-09,0.0
10.55,0.5668167,0.58,0.012000007,0.5525976,0.54963934,0.007174248,27.794678,-4.6572755e-09,0.0
10.555,0.5668167,0.58,0.012000007,0.5533659,0.5515991,0.00857059,27.776428,-8.303942e-09,0.0
10.56,0.547366,0.56,0.023999996,0.55412143,0.5531173,0.010448288,27.74895,3.8645362e-09,0.0
10.565,0.547366,0.56,0.023999996,0.55483454,0.55455434,0.012820786,27.71299,1.8381263e-09,0.0
10.57,0.547366,0.56,0.023999996,0.5545354,0.5556214,0.01477793,27.670864,-5.222879e-09,0.0
10.575000000000001,0.547366,0.56,0.023999996,0.55413264,0.55585545,0.016392438,28.493,5.6862824e-08,0.0
10.58,0.5279153,0.54,0.036000002,0.55373687,0.55609566,0.018118287,30.249502,1.4165475e-07,0.0
10.585,0.5279153,0.54,0.036000002,0.5527722,0.5563151,0.020362478,32.456272,1.4800318e-07,0.0
10.59,0.5279153,0.54,0.036000002,0.5513184,0.5553695,0.022325018,34.749775,1.0731258e-07,0.0
10.595,0.5279153,0.54,0.036000002,0.54994965,0.55447865,0.024041256,35.83315,1.0603677,0.0
10.6,0.50846463,0.52,0.047999993,0.54842633,0.5535622,0.025699193,35.551613,3.3882523,0.0
10.605,0.50846463,0.52,0.047999993,0.5459887,0.55177003,0.027880413,34.49795,6.2943435,0.0
10.61,0.50846463,0.52,0.047999993,0.5436997,0.54975915,0.02984829,33.097157,9.294503,0.0
10.615,0.50846463,0.52,0.047999993,0.54155034,0.5478755,0.03162369,31.637602,12.070745,0.0
10.620000000000001,0.48901394,0.5,0.06,0.539569,0.54527795,0.03324359,30.296904,14.437604,0.0
10.625,0.48901394,0.5,0.06,0.53674024,0.5421215,0.03538753,29.1731,16.30278,0.0
10.63,0.48901394,0.5,0.06,0.5338822,0.53918517,0.037359685,28.30058,17.645844,0.0
10.635,0.48901394,0.5,0.06,0.53119534,0.5364535,0.03917381,27.670168,18.493359,0.0
10.64,0.46956322,0.48,0.072000004,0.5288233,0.53415537,0.04076951,27.249313,18.895515,0.0
10.645,0.46956322,0.48,0.072000004,0.5265847,0.5315288,0.042888843,26.994932,18.911491,0.0
10.65,0.46956322,0.48,0.072000004,0.5236252,0.5282803,0.044864357,26.86646,18.59517,0.0
10.655,0.46956322,0.48,0.072000004,0.52058506,0.5252366,0.04670581,26.826899,17.994413,0.0
10.66,0.45011252,0.46,0.08399999,0.51788074,0.52263385,0.0482848,26.842838,17.151358,0.0
10.665000000000001,0.45011252,0.46,0.08399999,0.51531976,0.5201808,0.050386682,26.884535,16.102541,0.0
10.67,0.45011252,0.46,0.08399999,0.5128945,0.5175449,0.052364867,26.932138,14.87241,0.0
10.675,0.45011252,0.46,0.08399999,0.5098567,0.51423395,0.054226633,26.975716,13.473561,0.0
10.68,0.43066183,0.44,0.096,0.5071901,0.5113641,0.055793412,27.011135,11.91163,0.0
10.685,0.43066183,0.44,0.096,0.50432914,0.50864613,0.057882283,27.036713,10.189117,0.0
10.69,0.43066183,0.44,0.096,0.5016116,0.506072,0.05986263,27.050077,8.309037,0.0
10.695,0.43066183,0.44,0.096,0.49903026,0.5034354,0.06174009,27.05027,6.2725616,0.0
10.700000000000001,0.41121113,0.42,0.10800001,0.49670467,0.5012159,0.0634669,27.039532,4.0771003,0.0
10.705,0.41121113,0.42,0.10800001,0.49392718,0.49821737,0.06566312,27.020243,1.720052,0.0
10.71,0.41121113,0.42,0.10800001,0.4909195,0.49536574,0.067797035,26.847889,6.0447523e-09,0.0
10.715,0.41121113,0.42,0.10800001,0.4880548,0.4926538,0.06982339,26.45648,-1.0182145e-08,0.0
10.72,0.39176044,0.4,0.12,0.48538405,0.49025315,0.071771175,26.206974,-7.3995166e-10,0.0
10.725,0.39176044,0.4,0.12,0.48283756,0.48796195,0.07410938,26.070824,2.0109549e-10,0.0
10.73,0.39176044,0.4,0.12,0.47953933,0.48486337,0.07645074,26.017923,2.200962e-09,0.0
10.735,0.39176044,0.4,0.12,0.4763597,0.48190606,0.07867264,26.020277,2.1755129e-09,0.0
10.74,0.37230974,0.38000003,0.13199998,0.4732703,0.4790265,0.08080732,26.053911,-1.0563008e-09,0.0
10.745000000000001,0.37230974,0.38000003,0.13199998,0.4703274,0.4762809,0.08325322,26.100098,9.2797836e-10,0.0
10.75,0.37230974,0.38000003,0.13199998,0.46672127,0.4728096,0.08577113,26.14548,2.8402957e-11,0.0
10.755,0.37230974,0.38000003,0.13199998,0.46316656,0.46942288,0.08815898,26.181273,-4.865372e-10,0.0
10.76,0.35285905,0.36,0.144,0.45971474,0.46612707,0.09045192,26.202316,1.1317041e-09,0.0
10.765,0.35285905,0.36,0.144,0.45642978,0.46298772,0.0929764,26.206764,2.3105606e-09,0.0
10.77,0.35285905,0.36,0.144,0.45257086,0.4592049,0.095644996,26.194735,2.3868139e-09,0.0
10.775,0.35285905,0.36,0.144,0.44869098,0.4554447,0.09817402,26.168165,3.2090113e-09,0.0
10.78,0.33340836,0.34,0.156,0.44492558,0.45178753,0.10060124,26.1292,-7.2589174e-10,0.0
10.785,0.33340836,0.34,0.156,0.4413458,0.44830763,0.10317957,26.080257,2.4206106e-09,0.0
10.790000000000001,0.33340836,0.34,0.156,0.43728256,0.4442674,0.10597726,26.024002,6.1644134e-10,0.0
10.795,0.33340836,0.34,0.156,0.4331207,0.44018254,0.10862677,25.96284,1.8464101e-09,0.0
10.8,0.31395766,0.32,0.16799998,0.42908412,0.43621203,0.11116825,25.898275,-5.5475957e-09,0.0
10.805,0.31395766,0.32,0.16799998,0.42525056,0.43243814,0.113779396,25.831444,-2.0324695e-09,0.0
10.81,0.31395766,0.32,0.16799998,0.4210256,0.42818826,0.11668822,25.76341,7.2436807e-10,0.0
10.815,0.31395766,0.32,0.16799998,0.4166191,0.42382133,0.119440995,25.695084,-1.6341278e-09,0.0
10.82,0.29450697,0.3,0.18,0.4122977,0.41957936,0.12208007,25.62648,-2.312755e-09,0.0
10.825000000000001,0.29450697,0.3,0.18,0.4082007,0.41555205,0.12470616,25.557072,5.4103997e-09,0.0
10.83,0.29450697,0.3,0.18,0.40422314,0.41113478,0.12771125,25.486664,-6.0370935e-09,0.0
10.835,0.29450697,0.3,0.18,0.39953536,0.4065227,0.13055304,25.41806,1.3637522e-09,0.0
10.84,0.27505627,0.28,0.192,0.39529413,0.4018491,0.13327588,25.350878,4.731536e-10,0.0
10.845,0.27505627,0.28,0.192,0.3907883,0.39741427,0.13590166,25.286024,-2.3895033e-10,0.0
10.85,0.27505627,0.28,0.192,0.38653204,0.39321974,0.13899077,25.22248,3.3403094e-09,0.0
10.855,0.27505627,0.28,0.192,0.3825116,0.38925248,0.14190978,25.158129,-6.0686993e-09,0.0
10.86,0.25560558,0.26,0.204,0.3784424,0.3852149,0.14469877,25.091993,-3.3159502e-09,0.0
10.865,0.25560558,0.26,0.204,0.37461475,0.38096187,0.14733247,25.023855,-4.7984705e-09,0.0
10.870000000000001,0.25560558,0.26,0.204,0.36988246,0.3762416,0.15046096,24.956656,1.28322e-09,0.0
10.875,0.25560558,0.26,0.204,0.36540836,0.37179655,0.15344198,24.89038,2.63123e-10,0.0
10.88,0.23615487,0.24,0.216,0.36087584,0.36726624,0.15627594,24.823435,2.7194313e-09,0.0
10.885,0.23615487,0.24,0.216,0.35663307,0.3630218,0.15895106,24.754965,-5.123677e-09,0.0
10.89,0.23615487,0.24,0.216,0.35266152,0.35904515,0.16204125,24.684862,-1.990464e-09,0.0
10.895,0.23615487,0.24,0.216,0.34841636,0.3543267,0.16506584,24.613638,-1.0163533e-08,0.0
10.9,0.21670417,0.22,0.228,0.34468266,0.3503347,0.16794023,24.544123,-7.012723e-11,0.0
10.905,0.21670417,0.22,0.228,0.34003797,0.3454987,0.1706524,24.478556,-5.4274705e-09,0.0
10.91,0.21670417,0.22,0.228,0.3355374,0.34099525,0.17369911,24.416433,-3.091178e-09,0.0
10.915000000000001,0.21670417,0.22,0.228,0.33134857,0.3368014,0.17676349,24.355629,1.2927872e-09,0.0
10.92,0.19725348,0.2,0.24,0.32719716,0.3325113,0.17967466,24.29441,-1.8088688e-09,0.0
10.925,0.19725348,0.2,0.24,0.32335192,0.3285452,0.18242042,24.232664,1.237824e-10,0.0
10.93,0.19725348,0.2,0.24,0.31902733,0.32399252,0.18541926,24.170876,-3.26939e-09,0.0
10.935,0.19725348,0.2,0.24,0.31435016,0.31915927,0.18852045,24.10959,2.5791747e-09,0.0
10.94,0.17780279,0.18,0.252,0.3103432,0.3150586,0.1914655,24.048428,-5.835455e-09,0.0
10.945,0.17780279,0.18,0.252,0.30660957,0.31124216,0.19424208,23.986956,1.4314944e-09,0.0
10.950000000000001,0.17780279,0.18,0.252,0.30242497,0.306877,0.19718933,23.925241,-1.6358922e-09,0.0
10.955,0.17780279,0.18,0.252,0.2979047,0.30224136,0.20032495,23.863577,-4.1935686e-09,0.0
10.96,0.15835208,0.16,0.264,0.29398692,0.29825494,0.20330162,23.801254,-4.2267407e-09,0.0
10.965,0.15835208,0.16,0.264,0.29031768,0.29452384,0.20610683,23.737923,-2.5110545e-09,0.0
10.97,0.15835208,0.16,0.264,0.2862249,0.29028025,0.20899929,23.673637,-2.2708557e-09,0.0
10.975,0.15835208,0.16,0.264,0.28181407,0.28577897,0.21216753,23.608526,1.9079537e-11,0.0
10.98,0.1389014,0.14,0.276,0.27795276,0.28186354,0.21517405,23.541842,1.9473212e-09,0.0
10.985,0.1389014,0.14,0.276,0.27432045,0.2781812,0.21800618,23.472946,-4.2252077e-09,0.0
10.99,0.1389014,0.14,0.276,0.27029005,0.27401966,0.22084108,23.40167,3.3048295e-09,0.0
10.995000000000001,0.1389014,0.14,0.276,0.26595867,0.2696137,0.22404055,23.327738,-5.8063594e-09,0.0
11.0,0.119450696,0.12,0.288,0.26213384,0.2657434,0.22707556,23.249887,4.128424e-09,0.0
11.005,0.119450696,0.12,0.288,0.25852194,0.26208827,0.22993329,23.167114,-1.7257339e-09,0.0
11.01,0.119450696,0.12,0.288,0.2545352,0.25798404,0.23270822,23.07911,-2.5707785e-09,0.0
11.015,0.119450696,0.12,0.288,0.25026348,0.25364837,0.23593788,22.985626,-6.6308586e-10,0.0
11.02,0.1,0.1,0.3,0.24646251,0.24980718,0.23900035,22.885145,-2.7439162e-10,0.0
11.025,0.1,0.1,0.3,0.24286091,0.24616632,0.24188268,22.776525,1.7512988e-09,0.0
11.03,0.1,0.1,0.3,0.2389056,0.24210341,0.24459547,22.659504,1.5328546e-09,0.0
11.035,0.1,0.1,0.3,0.2346801,0.23782124,0.24785456,22.533005,-1.4521226e-09,0.0
11.040000000000001,0.1,0.1,0.3,0.23067626,0.2337624,0.25092193,22.39469,1.0794418e-09,0.0
11.045,0.1,0.1,0.3,0.22688246,0.22991525,0.2538089,22.242594,-9.866988e-09,0.0
11.05,0.1,0.1,0.3,0.222745,0.22565682,0.25652602,22.075535,9.920539e-11,0.0
11.055,0.1,0.1,0.3,0.21834692,0.22118932,0.25908333,21.891777,-8.6543256e-10,0.0
11.06,0.1,0.1,0.3,0.21417956,0.21695481,0.2614902,21.688038,-7.1006157e-09,0.0
11.065,0.1,0.1,0.3,0.2102308,0.21294117,0.26375547,21.650124,4.006562e-09,0.0
11.07,0.1,0.1,0.3,0.2059465,0.20852493,0.2658875,21.782547,1.11943805e-08,0.0
11.075000000000001,0.1,0.1,0.3,0.20140931,0.20390783,0.26789412,21.972652,2.2522455e-08,0.0
11.08,0.1,0.1,0.3,0.19711012,0.19953154,0.2697827,22.141645,1.4857091e-08,0.0
11.085,0.1,0.1,0.3,0.19303644,0.1953835,0.2715602,22.240877,1.0173666e-08,0.0
11.09,0.1,0.1,0.3,0.1886338,0.19083987,0.27323312,22.24541,-1.3244037e-09,0.0
11.095,0.1,0.1,0.3,0.18398446,0.18610203,0.27480763,22.142689,5.3294884e-09,0.0
11.1,0.1,0.1,0.3,0.179579,0.1816113,0.27628952,21.927063,-1.6663742e-08,0.0
11.105,0.1,0.1,0.3,0.17540464,0.17735478,0.27768427,21.600876,-3.121964e-10,0.0
11.11,0.1,0.1,0.3,0.17144924,0.17332028,0.27899697,21.172678,-1.0621265e-08,0.0
11.115,0.1,0.1,0.3,0.16770133,0.1694962,0.28023246,20.654484,-1.3227903e-08,0.0
11.120000000000001,0.1,0.1,0.3,0.16415001,0.16587156,0.28139526,20.061699,-2.796103e-08,0.0
11.125,0.1,0.1,0.3,0.16078499,0.16243596,0.28248966,19.410074,5.982226e-10,0.0
11.13,0.1,0.1,0.3,0.15759647,0.15917955,0.2835197,18.713854,8.021896e-09,0.0
11.135,0.1,0.1,0.3,0.15457521,0.15609299,0.28448913,17.990042,-1.32355495e-08,0.0
11.14,0.1,0.1,0.3,0.15171243,0.15316741,0.28540152,17.25575,-4.7419284e-08,0.0
11.145,0.1,0.1,0.3,0.14899983,0.15039441,0.28626025,16.525587,2.5027482e-09,0.0
11.15,0.1,0.1,0.3,0.14642951,0.14776604,0.28706846,15.815366,4.794962e-10,0.0
11.155,0.1,0.1,0.3,0.14399402,0.14527476,0.28782913,15.138183,-5.0709556e-08,0.0
11.16,0.1,0.1,0.3,0.14168629,0.14291342,0.28854507,14.503779,-4.0714035e-08,0.0
11.165000000000001,0.1,0.1,0.3,0.1394996,0.14067523,0.2892189,13.919954,-1.0927178e-08,0.0
11.17,0.1,0.1,0.3,0.13742763,0.13855378,0.2898531,13.390499,-2.0858172e-08,0.0
11.175,0.1,0.1,0.3,0.13546434,0.13654298,0.29044998,12.91569,1.6773225e-08,0.0
11.18,0.1,0.1,0.3,0.13360403,0.13463704,0.29101175,12.494129,-5.597241e-09,0.0
11.185,0.1,0.1,0.3,0.13184132,0.13283052,0.29154047,12.122291,3.1043417e-09,0.0
11.19,0.1,0.1,0.3,0.13017106,0.13111821,0.29203808,11.794934,-1.5895477e-08,0.0
11.195,0.1,0.1,0.3,0.12858842,0.1294952,0.29250643,11.506126,-6.4091346e-09,0.0
11.200000000000001,0.1,0.1,0.3,0.1270888,0.12795685,0.29294723,11.250128,-5.9715366e-09,0.0
11.205,0.1,0.1,0.3,0.12566784,0.12649874,0.2933621,11.022184,-2.446618e-08,0.0
11.21,0.1,0.1,0.3,0.124321416,0.12511668,0.29375258,10.817908,-6.4025962e-09,0.0
11.215,0.1,0.1,0.3,0.12304562,0.12380669,0.29412007,10.633185,-4.6514664e-10,0.0
11.22,0.1,0.1,0.3,0.12183675,0.12256503,0.29446596,10.464344,6.0187233e-09,0.0
11.225,0.1,0.1,0.3,0.12069129,0.12138813,0.2947915,10.3082,-3.870472e-09,0.0
11.23,0.1,0.1,0.3,0.119605914,0.120272614,0.2950979,10.162173,1.0699228e-08,0.0
11.235,0.1,0.1,0.3,0.11857747,0.11921528,0.29538625,10.024271,-1.5255393e-09,0.0
11.24,0.1,0.1,0.3,0.11760298,0.11821309,0.29565766,9.893122,9.4521395e-09,0.0
11.245000000000001,0.1,0.1,0.3,0.11667961,0.11726317,0.2959131,9.7677965,9.395579e-09,0.0
11.25,0.1,0.1,0.3,0.11580467,0.116362795,0.29615352,9.647655,-5.507539e-09,0.0
11.255,0.1,0.1,0.3,0.11497563,0.115509376,0.29637977,9.532395,-3.6077459e-09,0.0
11.26,0.1,0.1,0.3,0.11419007,0.114700474,0.29659274,9.422607,1.5336522e-09,0.0
11.265,0.1,0.1,0.3,0.11344572,0.11393376,0.29679316,9.318973,4.8456257e-09,0.0
11.27,0.1,0.1,0.3,0.11274042,0.11320703,0.2969818,9.221747,-7.917572e-09,0.0
11.275,0.1,0.1,0.3,0.11207211,0.112518206,0.29715934,9.130887,1.317842e-08,0.0
11.28,0.1,0.1,0.3,0.11143886,0.111865304,0.29732645,9.046131,-1.0231869e-08,0.0
11.285,0.1,0.1,0.3,0.11083883,0.11124646,0.2974837,8.967055,3.9938084e-09,0.0
11.290000000000001,0.1,0.1,0.3,0.11027027,0.11065989,0.29763174,8.893151,1.9413289e-09,0.0
11.295,0.1,0.1,0.3,0.10973153,0.11010391,0.29777104,8.823888,7.738424e-09,0.0
11.3,0.1,0.1,0.3,0.109221056,0.10957693,0.29790217,8.758766,-4.3660042e-10,0.0
11.305,0.1,0.1,0.3,0.10873736,0.10907744,0.29802558,8.697329,1.2586824e-08,0.0
11.31,0.1,0.1,0.3,0.108279034,0.108604,0.29814172,8.639195,4.9550892e-09,0.0
11.315,0.1,0.1,0.3,0.107844755,0.10815525,0.29825103,8.584048,9.781462e-11,0.0
11.32,0.1,0.1,0.3,0.10743325,0.107729904,0.2983539,8.531626,2.8796052e-09,0.0
11.325000000000001,0.1,0.1,0.3,0.10704333,0.107326746,0.29845074,8.481723,-7.3807502e-09,0.0
11.33,0.1,0.1,0.3,0.106673874,0.10694461,0.29854187,8.434187,2.8166132e-09,0.0
11.335,0.1,0.1,0.3,0.10632379,0.10658241,0.29862764,8.388904,-5.5979417e-09,0.0
11.34,0.1,0.1,0.3,0.10599207,0.1062391,0.29870838,8.345787,-9.540753e-09,0.0
11.345,0.1,0.1,0.3,0.10567775,0.1059137,0.29878435,8.304765,9.356268e-09,0.0
11.35,0.1,0.1,0.3,0.105379924,0.10560527,0.29885584,8.265752,3.7640855e-09,0.0
11.355,0.1,0.1,0.3,0.10509772,0.10531292,0.29892313,8.228673,-5.326854e-09,0.0
11.36,0.1,0.1,0.3,0.10483032,0.10503582,0.2989865,8.193451,-4.4467874e-10,0.0
11.365,0.1,0.1,0.3,0.10457694,0.10477317,0.2990461,8.160008,-3.4506202e-09,0.0
11.370000000000001,0.1,0.1,0.3,0.10433685,0.104524225,0.29910222,8.128269,-4.283634e-09,0.0
11.375,0.1,0.1,0.3,0.10410936,0.10428826,0.29915503,8.098159,1.275259e-09,0.0
11.38,0.1,0.1,0.3,0.1038938,0.1040646,0.29920474,8.069587,-6.9871433e-09,0.0
11.385,0.1,0.1,0.3,0.10368955,0.10385261,0.29925153,8.042488,-1.6489169e-09,0.0
11.39,0.1,0.1,0.3,0.103496015,0.10365167,0.29929554,8.016783,7.549188e-09,0.0
11.395,0.1,0.1,0.3,0.10331263,0.10346121,0.29933697,7.9924054,1.1788177e-09,0.0
11.4,0.1,0.1,0.3,0.103138864,0.10328069,0.29937598,7.969287,1.0721061e-09,0.0
11.405,0.1,0.1,0.3,0.10297421,0.10310958,0.2994127,7.947359,-5.147283e-09,0.0
11.41,0.1,0.1,0.3,0.1028182,0.1029474,0.29944724,7.9265637,-3.266669e-09,0.0
11.415000000000001,0.1,0.1,0.3,0.10267037,0.10279367,0.29947975,7.9068365,1.2961293e-09,0.0
11.42,0.1,0.1,0.3,0.10253029,0.10264797,0.29951036,7.888122,-1.0349036e-08,0.0
11.425,0.1,0.1,0.3,0.10239757,0.10250986,0.29953915,7.870375,-2.781644e-09,0.0
11.43,0.1,0.1,0.3,0.1022718,0.10237896,0.29956627,7.8535433,4.8734994e-09,0.0
11.435,0.1,0.1,0.3,0.10215263,0.10225488,0.29959178,7.83758,1.0108114e-09,0.0
11.44,0.1,0.1,0.3,0.10203971,0.102137275,0.2996158,7.8224435,-2.4868514e-09,0.0
11.445,0.1,0.1,0.3,0.10193271,0.10202581,0.2996384,7.808084,1.0290104e-08,0.0
11.450000000000001,0.1,0.1,0.3,0.10183133,0.10192015,0.29965967,7.794467,-1.151683e-08,0.0
11.455,0.1,0.1,0.3,0.10173527,0.10182,0.2996797,7.781548,9.692163e-09,0.0
11.46,0.1,0.1,0.3,0.10164425,0.10172508,0.29969853,7.769297,1.2643995e-09,0.0
11.465,0.1,0.1,0.3,0.101558,0.101635106,0.29971626,7.757677,7.884613e-09,0.0
11.47,0.1,0.1,0.3,0.101476274,0.10154983,0.29973295,7.746657,1.8618616e-10,0.0
11.475,0.1,0.1,0.3,0.10139883,0.101468995,0.29974866,7.7362075,2.2756412e-09,0.0
11.48,0.1,0.1,0.3,0.10132546,0.10139238,0.29976344,7.7262983,3.0378076e-09,0.0
11.485,0.1,0.1,0.3,0.10125593,0.10131976,0.29977736,7.7168994,-8.340426e-09,0.0
11.49,0.1,0.1,0.3,0.10119005,0.101250924,0.29979044,7.708069,-2.4421907e-09,0.0
11.495000000000001,0.1,0.1,0.3,0.101127625,0.10118568,0.29980278,7.699882,-2.8194154e-09,0.0
11.5,0.1,0.1,0.3,0.101068474,0.10112384,0.29981437,7.692361,-2.2174005e-09,0.0
11.505,0.1,0.1,0.3,0.10101242,0.101065226,0.29982528,7.685496,2.5731077e-09,0.0
11.51,0.1,0.1,0.3,0.100959316,0.10100967,0.29983556,7.6792254,-1.9899105e-09,0.0
11.515,0.1,0.1,0.3,0.100908995,0.100957006,0.29984525,7.6734834,-4.8364437e-09,0.0
11.52,0.1,0.1,0.3,0.10086131,0.100907095,0.29985434,7.66819,1.4640186e-10,0.0
11.525,0.1,0.1,0.3,0.10081613,0.10085978,0.29986292,7.663274,-9.993081e-10,0.0
11.53,0.1,0.1,0.3,0.10077332,0.10081494,0.299871,7.658676,-4.2614716e-09,0.0
11.535,0.1,0.1,0.3,0.10073275,0.10077243,0.2998786,7.6543384,-8.6532e-09,0.0
11.540000000000001,0.1,0.1,0.3,0.10069431,0.10073215,0.29988575,7.650227,5.2586615e-09,0.0
11.545,0.1,0.1,0.3,0.100657895,0.10069396,0.2998925,7.6463094,-4.1848587e-09,0.0
11.55,0.1,0.1,0.3,0.100623384,0.10065777,0.2998988,7.6425705,-1.1122363e-08,0.0
11.555,0.1,0.1,0.3,0.10059068,0.10062346,0.29990476,7.6389923,4.7739195e-09,0.0
11.56,0.1,0.1,0.3,0.1005597,0.100590944,0.29991037,7.6355724,1.357496e-08,0.0
11.565,0.1,0.1,0.3,0.100530334,0.10056012,0.29991564,7.6323056,-7.6477225e-09,0.0
11.57,0.1,0.1,0.3,0.10050251,0.10053091,0.29992062,7.629191,-5.05355e-09,0.0
11.575000000000001,0.1,0.1,0.3,0.10047615,0.10050322,0.2999253,7.6262293,1.5045325e-08,0.0
11.58,0.1,0.1,0.3,0.10045118,0.10047697,0.29992968,7.6234093,-5.815898e-09,0.0
11.585,0.1,0.1,0.3,0.10042751,0.100452095,0.29993382,7.620726,3.878871e-09,0.0
11.59,0.1,0.1,0.3,0.10040508,0.100428514,0.29993773,7.618174,-5.024579e-09,0.0
11.595,0.1,0.1,0.3,0.10038383,0.10040616,0.2999414,7.615743,2.9319072e-09,0.0
11.6,0.1,0.1,0.3,0.1003637,0.10038498,0.29994485,7.6134295,-1.097534e-08,0.0
11.605,0.1,0.1,0.3,0.10034462,0.1003649,0.2999481,7.611215,8.720268e-09,0.0
11.61,0.1,0.1,0.3,0.100326546,0.10034587,0.29995114,7.609078,1.3933941e-08,0.0
11.615,0.1,0.1,0.3,0.10030942,0.100327834,0.299954,7.607001,-5.0769735e-09,0.0
11.620000000000001,0.1,0.1,0.3,0.10029319,0.100310735,0.2999567,7.6049566,-4.0759627e-09,0.0
11.625,0.1,0.1,0.3,0.10027781,0.10029453,0.29995924,7.602917,-1.10496785e-08,0.0
11.63,0.1,0.1,0.3,0.10026324,0.10027917,0.29996163,7.6008415,7.718003e-09,0.0
11.635,0.1,0.1,0.3,0.10024943,0.10026461,0.2999639,7.598685,2.0923592e-09,0.0
11.64,0.1,0.1,0.3,0.10023635,0.10025081,0.299966,7.596394,1.2758198e-08,0.0
11.645,0.1,0.1,0.3,0.10022395,0.10023773,0.299968,7.593902,-2.8572142e-09,0.0
11.65,0.1,0.1,0.3,0.1002122,0.10022533,0.29996988,7.591339,-1.2647049e-09,0.0
11.655,0.1,0.1,0.3,0.10020107,0.10021358,0.29997164,7.5888896,-1.1918113e-08,0.0
11.66,0.1,0.1,0.3,0.10019052,0.10020244,0.2999733,7.5866756,1.1780659e-08,0.0
11.665000000000001,0.1,0.1,0.3,0.10018053,0.100191884,0.2999749,7.584759,4.0987715e-09,0.0
11.67,0.1,0.1,0.3,0.10017106,0.10018188,0.29997638,7.584088,-7.802924e-10,0.0
11.675,0.1,0.1,0.3,0.10016209,0.10017239,0.29997778,7.5840845,-4.693745e-10,0.0
11.68,0.1,0.1,0.3,0.10015359,0.1001634,0.2999791,7.584081,-3.9315617e-09,0.0
11.685,0.1,0.1,0.3,0.10014553,0.10015488,0.2999803,7.5840745,-7.792459e-09,0.0
11.69,0.1,0.1,0.3,0.1001379,0.1001468,0.29998147,7.584064,-2.9017533e-09,0.0
11.695,0.1,0.1,0.3,0.10013066,0.10013914,0.29998258,7.584054,-4.4939013e-09,0.0
11.700000000000001,0.1,0.1,0.3,0.10012381,0.100131884,0.2999836,7.5840435,8.494159e-09,0.0
11.705,0.1,0.1,0.3,0.10011731,0.10012501,0.29998454,7.5840297,-6.002487e-09,0.0
11.71,0.1,0.1,0.3,0.10011116,0.10011849,0.29998547,7.5840163,9.313355e-09,0.0
11.715,0.1,0.1,0.3,0.10010532,0.10011231,0.29998633,7.5840025,6.1271255e-09,0.0
11.72,0.1,0.1,0.3,0.100099795,0.100106455,0.29998714,7.583989,3.834078e-09,0.0
11.725,0.1,0.1,0.3,0.10009456,0.100100905,0.29998788,7.5839753,-1.4402008e-08,0.0
11.73,0.1,0.1,0.3,0.100089595,0.100095645,0.2999886,7.5839615,8.7493826e-09,0.0
11.735,0.1,0.1,0.3,0.10008489,0.10009065,0.29998928,7.5839443,-5.2429106e-09,0.0
11.74,0.1,0.1,0.3,0.10008044,0.10008592,0.2999899,7.5839276,4.8412594e-09,0.0
11.745000000000001,0.1,0.1,0.3,0.10007622,0.100081444,0.2999905,7.5839105,3.2936152e-09,0.0
11.75,0.1,0.1,0.3,0.10007222,0.1000772,0.29999107,7.5838933,5.1098756e-09,0.0
11.755,0.1,0.1,0.3,0.100068435,0.10007317,0.2999916,7.583876,-6.733902e-09,0.0
11.76,0.1,0.1,0.3,0.100064844,0.10006936,0.2999921,7.583859,-1.0670838e-08,0.0
11.765,0.1,0.1,0.3,0.10006144,0.10006574,0.2999926,7.5838423,4.9169184e-09,0.0
11.77,0.1,0.1,0.3,0.10005821,0.10006231,0.29999304,7.583825,-1.1707201e-09,0.0
11.775,0.1,0.1,0.3,0.10005516,0.10005906,0.29999346,7.583808,-3.4544898e-09,0.0
11.78,0.1,0.1,0.3,0.10005227,0.100055985,0.29999384,7.5837874,-2.6982667e-09,0.0
11.785,0.1,0.1,0.3,0.100049525,0.100053065,0.2999942,7.583767,-8.0201605e-09,0.0
11.790000000000001,0.1,0.1,0.3,0.100046925,0.1000503,0.29999453,7.5837464,1.5119614e-09,0.0
11.795,0.1,0.1,0.3,0.10004447,0.10004768,0.29999486,7.583726,2.3333928e-09,0.0
11.8,0.1,0.1,0.3,0.100042135,0.10004519,0.29999515,7.5837054,-3.961991e-09,0.0
11.805,0.1,0.1,0.3,0.10003992,0.100042835,0.29999545,7.583685,-5.095763e-10,0.0
11.81,0.1,0.1,0.3,0.10003783,0.1000406,0.29999572,7.5836644,-1.159643e-09,0.0
11.815,0.1,0.1,0.3,0.100035846,0.100038484,0.29999596,7.583644,6.083851e-09,0.0
11.82,0.1,0.1,0.3,0.10003397,0.10003648,0.2999962,7.5836234,4.608518e-09,0.0
11.825000000000001,0.1,0.1,0.3,0.10003219,0.10003458,0.29999644,7.583603,-1.005666e-08,0.0
11.83,0.1,0.1,0.3,0.1000305,0.10003278,0.29999664,7.5835824,-1.113265e-08,0.0
11.835,0.1,0.1,0.3,0.100028895,0.10003107,0.29999685,7.583562,-1.0539996e-08,0.0
11.84,0.1,0.1,0.3,0.10002738,0.10002945,0.29999703,7.5835414,1.2919461e-09,0.0
11.845,0.1,0.1,0.3,0.100025944,0.10002792,0.2999972,7.583521,-6.6215446e-09,0.0
11.85,0.1,0.1,0.3,0.10002458,0.100026466,0.2999974,7.5835004,-5.8914886e-09,0.0
11.855,0.1,0.1,0.3,0.10002329,0.10002509,0.29999754,7.58348,-8.230936e-09,0.0
11.86,0.1,0.1,0.3,0.10002207,0.10002378,0.2999977,7.5834594,4.4537712e-10,0.0
11.865,0.1,0.1,0.3,0.100020915,0.10002254,0.29999784,7.583439,-2.3983027e-09,0.0
11.870000000000001,0.1,0.1,0.3,0.10001982,0.10002136,0.29999796,7.5834184,1.0301345e-08,0.0
11.875,0.1,0.1,0.3,0.10001878,0.100020245,0.29999807,7.5833983,2.8081706e-10,0.0
11.88,0.1,0.1,0.3,0.10001779,0.10001919,0.2999982,7.583378,-1.1669765e-10,0.0
11.885,0.1,0.1,0.3,0.10001686,0.10001819,0.2999983,7.5833535,1.04239435e-08,0.0
11.89,0.1,0.1,0.3,0.100015976,0.10001724,0.2999984,7.5833297,-1.3043609e-08,0.0
11.895,0.1,0.1,0.3,0.10001514,0.10001634,0.2999985,7.583306,-4.3774753e-10,0.0
11.9,0.1,0.1,0.3,0.100014344,0.10001549,0.29999858,7.583282,9.462133e-09,0.0
11.905,0.1,0.1,0.3,0.10001359,0.10001469,0.29999867,7.583258,-4.369061e-09,0.0
11.91,0.1,0.1,0.3,0.100012876,0.10001392,0.29999876,7.5832343,7.552988e-11,0.0
11.915000000000001,0.1,0.1,0.3,0.1000122,0.1000132,0.29999882,7.5832105,3.8315964e-09,0.0
11.92,0.1,0.1,0.3,0.10001156,0.10001251,0.29999888,7.583186,3.6471908e-09,0.0
11.925,0.1,0.1,0.3,0.100010954,0.100011855,0.29999894,7.5831623,1.4684972e-09,0.0
11.93,0.1,0.1,0.3,0.10001038,0.10001124,0.299999,7.5831385,7.826534e-09,0.0
11.935,0.1,0.1,0.3,0.100009836,0.10001065,0.29999906,7.5831146,5.5570064e-09,0.0
11.94,0.1,0.1,0.3,0.10000932,0.10001009,0.29999912,7.583091,1.1640251e-08,0.0
11.945,0.1,0.1,0.3,0.10000883,0.10000956,0.29999918,7.583067,-1.8113167e-10,0.0
11.950000000000001,0.1,0.1,0.3,0.10000837,0.10000906,0.29999924,7.583043,3.540111e-09,0.0
11.955,0.1,0.1,0.3,0.10000793,0.10000859,0.2999993,7.5830193,4.461488e-09,0.0
11.96,0.1,0.1,0.3,0.10000751,0.100008145,0.29999933,7.582995,-8.855638e-10,0.0
11.965,0.1,0.1,0.3,0.10000712,0.10000772,0.29999936,7.582971,-3.8398285e-09,0.0
11.97,0.1,0.1,0.3,0.100006744,0.10000732,0.2999994,7.5829473,1.0701408e-08,0.0
11.975,0.1,0.1,0.3,0.100006394,0.10000694,0.29999942,7.5829234,4.3172763e-09,0.0
11.98,0.1,0.1,0.3,0.10000606,0.10000657,0.29999945,7.5828996,-7.75338e-09,0.0
11.985,0.1,0.1,0.3,0.10000574,0.10000623,0.29999948,7.5828757,-6.4132983e-09,0.0
11.99,0.1,0.1,0.3,0.10000544,0.1000059,0.2999995,7.582852,-1.3831959e-09,0.0
11.995000000000001,0.1,0.1,0.3,0.10000516,0.1000056,0.29999954,7.5828276,-3.3016734e-09,0.0
12.0,0.1,0.1,0.3,0.10000489,0.10000531,0.29999956,7.5828037,-6.1677925e-09,0.0
12.005,0.1,0.1,0.3,0.100004636,0.10000503,0.2999996,7.58278,1.3063819e-09,0.0
12.01,0.1,0.1,0.3,0.10000439,0.10000477,0.29999962,7.582756,1.2546567e-08,0.0
12.015,0.1,0.1,0.3,0.10000416,0.100004524,0.29999965,7.582732,1.1992685e-08,0.0
12.02,0.1,0.1,0.3,0.10000394,0.100004286,0.29999968,7.5827084,4.357982e-09,0.0
12.025,0.1,0.1,0.3,0.100003734,0.10000406,0.2999997,7.5826845,1.9804355e-08,0.0
12.030000000000001,0.1,0.1,0.3,0.10000354,0.10000385,0.29999974,7.5826607,1.202642e-08,0.0
12.035,0.1,0.1,0.3,0.100003354,0.10000365,0.29999977,7.5826364,1.0224699e-08,0.0
12.040000000000001,0.1,0.1,0.3,0.100003175,0.10000346,0.29999977,7.5826125,8.7856e-09,0.0
12.045,0.1,0.1,0.3,0.10000301,0.10000328,0.29999977,7.5825887,1.5563761e-09,0.0
12.05,0.1,0.1,0.3,0.100002855,0.10000311,0.29999977,7.582565,6.446047e-09,0.0
12.055,0.1,0.1,0.3,0.100002706,0.100002944,0.29999977,7.582541,-9.8836384e-11,0.0
12.06,0.1,0.1,0.3,0.100002564,0.10000279,0.29999977,7.582517,-1.447554e-08,0.0
12.065,0.1,0.1,0.3,0.10000243,0.10000264,0.29999977,7.5824933,8.676543e-09,0.0
12.07,0.1,0.1,0.3,0.1000023,0.100002505,0.29999977,7.582469,-3.9756762e-09,0.0
12.075000000000001,0.1,0.1,0.3,0.100002185,0.10000237,0.29999977,7.582445,1.0959943e-08,0.0
12.08,0.1,0.1,0.3,0.10000207,0.100002244,0.29999977,7.5824213,-1.3432332e-09,0.0
12.085,0.1,0.1,0.3,0.10000196,0.100002125,0.29999977,7.5823975,-2.4711302e-11,0.0
12.09,0.1,0.1,0.3,0.10000186,0.10000201,0.29999977,7.5823736,9.408302e-09,0.0
12.095,0.1,0.1,0.3,0.10000176,0.10000191,0.29999977,7.58235,1.7369612e-09,0.0
12.1,0.1,0.1,0.3,0.10000167,0.10000181,0.29999977,7.582326,4.767995e-09,0.0
12.105,0.1,0.1,0.3,0.10000158,0.100001715,0.29999977,7.582302,1.6866633e-08,0.0
12.11,0.1,0.1,0.3,0.1000015,0.100001626,0.29999977,7.582278,-1.576668e-08,0.0
12.115,0.1,0.1,0.3,0.10000142,0.100001544,0.29999977,7.582254,1.0043126e-08,0.0
12.120000000000001,0.1,0.1,0.3,0.10000134,0.10000146,0.29999977,7.58223,-9.6860395e-09,0.0
12.125,0.1,0.1,0.3,0.100001276,0.10000139,0.29999977,7.5822062,-1.2402362e-09,0.0
12.13,0.1,0.1,0.3,0.10000121,0.10000131,0.29999977,7.5821824,-9.643367e-09,0.0
12.135,0.1,0.1,0.3,0.10000115,0.100001246,0.29999977,7.5821586,8.8343395e-09,0.0
12.14,0.1,0.1,0.3,0.10000109,0.10000118,0.29999977,7.5821347,8.5027263e-10,0.0
12.145,0.1,0.1,0.3,0.10000103,0.10000112,0.29999977,7.5821104,1.00134e-09,0.0
12.15,0.1,0.1,0.3,0.10000098,0.10000106,0.29999977,7.5820866,-9.117153e-10,0.0
12.155000000000001,0.1,0.1,0.3,0.100000925,0.10000101,0.29999977,7.5820627,-3.0728928e-09,0.0
12.16,0.1,0.1,0.3,0.10000087,0.100000955,0.29999977,7.582039,-2.7129052e-09,0.0
12.165000000000001,0.1,0.1,0.3,0.10000083,0.1000009,0.29999977,7.582015,1.7395236e-09,0.0
12.17,0.1,0.1,0.3,0.100000784,0.10000086,0.29999977,7.581991,1.6327439e-09,0.0
12.175,0.1,0.1,0.3,0.10000074,0.10000081,0.29999977,7.5819674,1.406971e-09,0.0
12.18,0.1,0.1,0.3,0.1000007,0.10000077,0.29999977,7.5819435,-1.0194425e-09,0.0
12.185,0.1,0.1,0.3,0.100000665,0.10000073,0.29999977,7.581919,-1.7001692e-10,0.0
12.19,0.1,0.1,0.3,0.10000063,0.100000694,0.29999977,7.5818954,6.1603314e-09,0.0
12.195,0.1,0.1,0.3,0.1000006,0.10000066,0.29999977,7.5818715,-6.622887e-09,0.0
12.200000000000001,0.1,0.1,0.3,0.10000057,0.10000062,0.29999977,7.5818477,3.0551708e-09,0.0
12.205,0.1,0.1,0.3,0.10000054,0.10000059,0.29999977,7.581824,-2.4157e-09,0.0
12.21,0.1,0.1,0.3,0.10000051,0.10000056,0.29999977,7.5818,-5.616516e-09,0.0
12.215,0.1,0.1,0.3,0.10000048,0.10000053,0.29999977,7.581776,-5.4161103e-10,0.0
12.22,0.1,0.1,0.3,0.100000456,0.1000005,0.29999977,7.581752,-5.4798104e-09,0.0
12.225,0.1,0.1,0.3,0.10000043,0.10000048,0.29999977,7.581731,6.1109695e-09,0.0
12.23,0.1,0.1,0.3,0.10000041,0.100000456,0.29999977,7.5817075,2.0505442e-09,0.0
12.235,0.1,0.1,0.3,0.10000039,0.10000043,0.29999977,7.5816846,4.9296878e-09,0.0
12.24,0.1,0.1,0.3,0.10000037,0.10000041,0.29999977,7.581664,4.304819e-10,0.0
12.245000000000001,0.1,0.1,0.3,0.100000344,0.10000039,0.29999977,7.5816436,-7.7834565e-09,0.0
12.25,0.1,0.1,0.3,0.10000033,0.10000037,0.29999977,7.581623,5.187869e-09,0.0
12.255,0.1,0.1,0.3,0.100000314,0.100000344,0.29999977,7.5816026,-1.1351082e-08,0.0
12.26,0.1,0.1,0.3,0.1000003,0.10000033,0.29999977,7.581582,3.4193985e-09,0.0
12.265,0.1,0.1,0.3,0.100000285,0.100000314,0.29999977,7.5815616,-7.652189e-09,0.0
12.27,0.1,0.1,0.3,0.10000027,0.1000003,0.29999977,7.581541,2.0932929e-09,0.0
12.275,0.1,0.1,0.3,0.100000255,0.100000285,0.29999977,7.5815206,1.0190244e-08,0.0
12.280000000000001,0.1,0.1,0.3,0.10000024,0.10000027,0.29999977,7.5815,-6.4626073e-09,0.0
12.285,0.1,0.1,0.3,0.100000225,0.100000255,0.29999977,7.5814795,3.7625316e-09,0.0
12.290000000000001,0.1,0.1,0.3,0.10000021,0.10000024,0.29999977,7.581459,-1.1778464e-08,0.0
12.295,0.1,0.1,0.3,0.1000002,0.100000225,0.29999977,7.5814385,-3.3734722e-09,0.0
12.3,0.1,0.1,0.3,0.100000195,0.10000021,0.29999977,7.581418,-1.0381517e-08,0.0
12.305,0.1,0.1,0.3,0.10000019,0.1000002,0.29999977,7.5813975,6.925492e-09,0.0
12.31,0.1,0.1,0.3,0.10000018,0.100000195,0.29999977,7.581377,6.723329e-09,0.0
12.315,0.1,0.1,0.3,0.10000017,0.10000019,0.29999977,7.5813565,-4.1759245e-09,0.0
12.32,0.1,0.1,0.3,0.100000165,0.10000018,0.29999977,7.581336,4.0934864e-09,0.0
12.325000000000001,0.1,0.1,0.3,0.10000016,0.10000017,0.29999977,7.5813155,1.7863451e-10,0.0
12.33,0.1,0.1,0.3,0.10000015,0.100000165,0.29999977,7.5812955,2.9809542e-09,0.0
12.335,0.1,0.1,0.3,0.10000014,0.10000016,0.29999977,7.581275,-1.00357264e-10,0.0
12.34,0.1,0.1,0.3,0.100000136,0.10000015,0.29999977,7.5812545,9.016128e-10,0.0
12.345,0.1,0.1,0.3,0.10000013,0.10000014,0.29999977,7.581234,4.1018207e-09,0.0
12.35,0.1,0.1,0.3,0.10000012,0.100000136,0.29999977,7.5812135,4.3879984e-09,0.0
12.355,0.1,0.1,0.3,0.10000011,0.10000013,0.29999977,7.581193,-1.5104307e-09,0.0
12.36,0.1,0.1,0.3,0.100000106,0.10000012,0.29999977,7.5811725,-7.327468e-11,0.0
12.365,0.1,0.1,0.3,0.1000001,0.10000011,0.29999977,7.581152,-4.033493e-09,0.0
12.370000000000001,0.1,0.1,0.3,0.10000009,0.100000106,0.29999977,7.5811315,-1.519231e-08,0.0
12.375,0.1,0.1,0.3,0.10000008,0.1000001,0.29999977,7.581111,-3.4743544e-09,0.0
12.38,0.1,0.1,0.3,0.100000076,0.10000009,0.29999977,7.5810905,-1.0985823e-09,0.0
12.385,0.1,0.1,0.3,0.10000007,0.10000008,0.29999977,7.58107,-1.643587e-08,0.0
12.39,0.1,0.1,0.3,0.10000007,0.100000076,0.29999977,7.5810494,-6.075577e-09,0.0
12.395,0.1,0.1,0.3,0.10000007,0.10000007,0.29999977,7.581029,6.5190225e-10,0.0
12.4,0.1,0.1,0.3,0.10000007,0.10000007,0.29999977,7.5810084,5.566966e-09,0.0
12.405000000000001,0.1,0.1,0.3,0.10000007,0.10000007,0.29999977,7.580988,-4.219253e-09,0.0
12.41,0.1,0.1,0.3,0.10000007,0.10000007,0.29999977,7.5809674,-2.442475e-09,0.0
12.415000000000001,0.1,0.1,0.3,0.10000007,0.10000007,0.29999977,7.580947,-1.5763433e-08,0.0
12.42,0.1,0.1,0.3,0.10000007,0.10000007,0.29999977,7.5809264,-2.7060691e-09,0.0
12.425,0.1,0.1,0.3,0.10000007,0.10000007,0.29999977,7.580906,6.257682e-09,0.0
12.43,0.1,0.1,0.3,0.10000007,0.10000007,0.29999977,7.5808854,-1.621221e-08,0.0
12.435,0.1,0.1,0.3,0.10000007,0.10000007,0.29999977,7.580865,-2.5150906e-10,0.0
12.44,0.1,0.1,0.3,0.10000007,0.10000007,0.29999977,7.5808444,-6.611929e-09,0.0
12.445,0.1,0.1,0.3,0.10000007,0.10000007,0.29999977,7.580824,7.637027e-09,0.0
12.450000000000001,0.1,0.1,0.3,0.10000007,0.10000007,0.29999977,7.5808034,-7.738344e-09,0.0
12.455,0.1,0.1,0.3,0.10000007,0.10000007,0.29999977,7.580783,8.5990655e-09,0.0
12.46,0.1,0.1,0.3,0.10000007,0.10000007,0.29999977,7.5807624,-2.2896562e-09,0.0
12.465,0.1,0.1,0.3,0.10000007,0.10000007,0.29999977,7.580742,3.5807537e-09,0.0
12.47,0.1,0.1,0.3,0.10000007,0.10000007,0.29999977,7.5807214,5.4327183e-09,0.0
12.475,0.1,0.1,0.3,0.10000007,0.10000007,0.29999977,7.580701,1.4003354e-09,0.0
12.48,0.1,0.1,0.3,0.10000007,0.10000007,0.29999977,7.5806804,-2.659948e-09,0.0
12.485,0.1,0.1,0.3,0.10000007,0.10000007,0.29999977,7.58066,3.3929337e-09,0.0
12.49,0.1,0.1,0.3,0.10000007,0.10000007,0.29999977,7.5806394,-8.2081686e-10,0.0
12.495000000000001,0.1,0.1,0.3,0.10000007,0.10000007,0.29999977,7.580619,5.026304e-09,0.0
12.5,0.1,0.1,0.3,0.10000007,0.10000007,0.29999977,7.5805984,-3.4439795e-10,0.0
12.505,0.1,0.1,0.3,0.10000007,0.10000007,0.29999977,7.5805783,1.8086823e-09,0.0
12.51,0.1,0.1,0.3,0.10000007,0.10000007,0.29999977,7.580558,-1.4206154e-08,0.0
12.515,0.1,0.1,0.3,0.10000007,0.10000007,0.29999977,7.5805373,3.290439e-09,0.0
12.52,0.1,0.1,0.3,0.10000007,0.10000007,0.29999977,7.580517,4.5365642e-10,0.0
12.525,0.1,0.1,0.3,0.10000007,0.10000007,0.29999977,7.5804963,-9.355932e-09,0.0
12.530000000000001,0.1,0.1,0.3,0.10000007,0.10000007,0.29999977,7.580476,-7.5844095e-09,0.0
12.535,0.1,0.1,0.3,0.10000007,0.10000007,0.29999977,7.5804553,2.937812e-09,0.0
12.540000000000001,0.1,0.1,0.3,0.10000007,0.10000007,0.29999977,7.580435,7.725633e-09,0.0
12.545,0.1,0.1,0.3,0.10000007,0.10000007,0.29999977,7.5804143,1.149428e-08,0.0
12.55,0.1,0.1,0.3,0.10000007,0.10000007,0.29999977,7.580394,8.721701e-09,0.0
12.555,0.1,0.1,0.3,0.10000007,0.10000007,0.29999977,7.5803733,6.572766e-09,0.0
12.56,0.1,0.1,0.3,0.10000007,0.10000007,0.29999977,7.580353,-5.7624234e-09,0.0
12.565,0.1,0.1,0.3,0.10000007,0.10000007,0.29999977,7.5803323,7.4237545e-09,0.0
12.57,0.1,0.1,0.3,0.10000007,0.10000007,0.29999977,7.580312,7.9032186e-10,0.0
12.575000000000001,0.1,0.1,0.3,0.10000007,0.10000007,0.29999977,7.5802913,2.4005804e-11,0.0
12.58,0.1,0.1,0.3,0.10000007,0.10000007,0.29999977,7.580271,-7.126354e-10,0.0
12.585,0.1,0.1,0.3,0.10000007,0.10000007,0.29999977,7.5802503,-1.228122e-08,0.0
12.59,0.1,0.1,0.3,0.10000007,0.10000007,0.29999977,7.5802298,-1.3176745e-09,0.0
12.595,0.1,0.1,0.3,0.10000007,0.10000007,0.29999977,7.5802093,1.0603831e-09,0.0
12.6,0.1,0.1,0.3,0.10000007,0.10000007,0.29999977,7.5801888,-6.168107e-09,0.0
12.605,0.1,0.1,0.3,0.10000007,0.10000007,0.29999977,7.5801682,9.650911e-09,0.0
12.61,0.1,0.1,0.3,0.10000007,0.10000007,0.29999977,7.5801477,1.9930142e-09,0.0
12.615,0.1,0.1,0.3,0.10000007,0.10000007,0.29999977,7.5801272,-2.612724e-09,0.0
12.620000000000001,0.1,0.1,0.3,0.10000007,0.10000007,0.29999977,7.5801067,4.124808e-09,0.0
12.625,0.1,0.1,0.3,0.10000007,0.10000007,0.29999977,7.580086,-9.816302e-09,0.0
12.63,0.1,0.1,0.3,0.10000007,0.10000007,0.29999977,7.5800657,8.75828e-09,0.0
12.635,0.1,0.1,0.3,0.10000007,0.10000007,0.29999977,7.580045,4.0860355e-09,0.0
12.64,0.1,0.1,0.3,0.10000007,0.10000007,0.29999977,7.5800247,-1.3349547e-08,0.0
12.645,0.1,0.1,0.3,0.10000007,0.10000007,0.29999977,7.580004,-7.196912e-09,0.0
12.65,0.1,0.1,0.3,0.10000007,0.10000007,0.29999977,7.5799837,-2.554934e-09,0.0
12.655000000000001,0.1,0.1,0.3,0.10000007,0.10000007,0.29999977,7.579963,4.502273e-09,0.0
12.66,0.1,0.1,0.3,0.10000007,0.10000007,0.29999977,7.5799427,7.239829e-10,0.0
12.665000000000001,0.1,0.1,0.3,0.10000007,0.10000007,0.29999977,7.579922,-5.579628e-10,0.0
12.67,0.1,0.1,0.3,0.10000007,0.10000007,0.29999977,7.5799017,-5.476728e-09,0.0
12.675,0.1,0.1,0.3,0.10000007,0.10000007,0.29999977,7.579881,-2.8276614e-09,0.0
12.68,0.1,0.1,0.3,0.10000007,0.10000007,0.29999977,7.5798607,-5.7024176e-09,0.0
12.685,0.1,0.1,0.3,0.10000007,0.10000007,0.29999977,7.5798407,-1.1821172e-09,0.0
12.69,0.1,0.1,0.3,0.10000007,0.10000007,0.29999977,7.57982,2.4931868e-09,0.0
12.695,0.1,0.1,0.3,0.10000007,0.10000007,0.29999977,7.5797997,-4.747161e-09,0.0
12.700000000000001,0.1,0.1,0.3,0.10000007,0.10000007,0.29999977,7.579779,5.503182e-09,0.0
12.705,0.1,0.1,0.3,0.10000007,0.10000007,0.29999977,7.5797586,-5.469948e-09,0.0
12.71,0.1,0.1,0.3,0.10000007,0.10000007,0.29999977,7.579738,3.0618859e-09,0.0
12.715,0.1,0.1,0.3,0.10000007,0.10000007,0.29999977,7.5797176,7.496939e-09,0.0
12.72,0.1,0.1,0.3,0.10000007,0.10000007,0.29999977,7.579697,8.5111305e-09,0.0
12.725,0.1,0.1,0.3,0.10000007,0.10000007,0.29999977,7.5796766,2.2028366e-09,0.0
12.73,0.1,0.1,0.3,0.10000007,0.10000007,0.29999977,7.579656,1.9620177e-09,0.0
12.735,0.1,0.1,0.3,0.10000007,0.10000007,0.29999977,7.5796356,-1.07757705e-08,0.0
12.74,0.1,0.1,0.3,0.10000007,0.10000007,0.29999977,7.579615,1.3135103e-09,0.0
12.745000000000001,0.1,0.1,0.3,0.10000007,0.10000007,0.29999977,7.5795946,-1.0127814e-08,0.0
12.75,0.1,0.1,0.3,0.10000007,0.10000007,0.29999977,7.579574,-4.923843e-09,0.0
12.755,0.1,0.1,0.3,0.10000007,0.10000007,0.29999977,7.5795536,-6.3084173e-09,0.0
12.76,0.1,0.1,0.3,0.10000007,0.10000007,0.29999977,7.579533,-1.583163e-08,0.0
12.765,0.1,0.1,0.3,0.10000007,0.10000007,0.29999977,7.5795126,3.8929233e-09,0.0
12.77,0.1,0.1,0.3,0.10000007,0.10000007,0.29999977,7.579492,6.539892e-09,0.0
12.775,0.1,0.1,0.3,0.10000007,0.10000007,0.29999977,7.5794716,-3.7534753e-10,0.0
12.780000000000001,0.1,0.1,0.3,0.10000007,0.10000007,0.29999977,7.579451,-1.2618349e-09,0.0
12.785,0.1,0.1,0.3,0.10000007,0.10000007,0.29999977,7.5794306,4.330488e-09,0.0
12.790000000000001,0.1,0.1,0.3,0.10000007,0.10000007,0.29999977,7.57941,-3.537515e-09,0.0
12.795,0.1,0.1,0.3,0.10000007,0.10000007,0.29999977,7.5793896,-4.160818e-09,0.0
12.8,0.1,0.1,0.3,0.10000007,0.10000007,0.29999977,7.579369,5.2245066e-09,0.0
12.805,0.1,0.1,0.3,0.10000007,0.10000007,0.29999977,7.5793486,-6.2624332e-09,0.0
12.81,0.1,0.1,0.3,0.10000007,0.10000007,0.29999977,7.579328,1.6065796e-08,0.0
12.815,0.1,0.1,0.3,0.10000007,0.10000007,0.29999977,7.5793076,-9.1862884e-10,0.0
12.82,0.1,0.1,0.3,0.10000007,0.10000007,0.29999977,7.579287,-7.599896e-09,0.0
12.825000000000001,0.1,0.1,0.3,0.10000007,0.10000007,0.29999977,7.5792665,-2.8539044e-09,0.0
12.83,0.1,0.1,0.3,0.10000007,0.10000007,0.29999977,7.579246,1.5579907e-09,0.0
12.835,0.1,0.1,0.3,0.10000007,0.10000007,0.29999977,7.5792255,-7.963598e-09,0.0
12.84,0.1,0.1,0.3,0.10000007,0.10000007,0.29999977,7.579205,-1.1631352e-08,0.0
12.845,0.1,0.1,0.3,0.10000007,0.10000007,0.29999977,7.5791845,9.943542e-09,0.0
12.85,0.1,0.1,0.3,0.10000007,0.10000007,0.29999977,7.579164,-1.35065585e-08,0.0
12.855,0.1,0.1,0.3,0.10000007,0.10000007,0.29999977,7.5791435,-5.303181e-09,0.0
12.86,0.1,0.1,0.3,0.10000007,0.10000007,0.29999977,7.5791235,-8.5540397e-10,0.0
12.865,0.1,0.1,0.3,0.10000007,0.10000007,0.29999977,7.579103,1.9498057e-09,0.0
12.870000000000001,0.1,0.1,0.3,0.10000007,0.10000007,0.29999977,7.5790825,2.3646956e-09,0.0
12.875,0.1,0.1,0.3,0.10000007,0.10000007,0.29999977,7.579062,4.6248037e-09,0.0
12.88,0.1,0.1,0.3,0.10000007,0.10000007,0.29999977,7.5790415,-4.017419e-09,0.0
12.885,0.1,0.1,0.3,0.10000007,0.10000007,0.29999977,7.579021,-6.189796e-09,0.0
12.89,0.1,0.1,0.3,0.10000007,0.10000007,0.29999977,7.5790005,-1.4453906e-08,0.0
12.895,0.1,0.1,0.3,0.10000007,0.10000007,0.29999977,7.57898,-5.292172e-09,0.0
12.9,0.1,0.1,0.3,0.10000007,0.10000007,0.29999977,7.5789595,-7.975407e-09,0.0
12.905000000000001,0.1,0.1,0.3,0.10000007,0.10000007,0.29999977,7.578939,8.459682e-09,0.0
12.91,0.1,0.1,0.3,0.10000007,0.10000007,0.29999977,7.5789185,-7.048595e-10,0.0
12.915000000000001,0.1,0.1,0.3,0.10000007,0.10000007,0.29999977,7.578898,-1.04139275e-08,0.0
12.92,0.1,0.1,0.3,0.10000007,0.10000007,0.29999977,7.5788774,-7.734885e-09,0.0
12.925,0.1,0.1,0.3,0.10000007,0.10000007,0.29999977,7.578857,2.7233824e-09,0.0
12.93,0.1,0.1,0.3,0.10000007,0.10000007,0.29999977,7.5788364,-4.3785504e-09,0.0
12.935,0.1,0.1,0.3,0.10000007,0.10000007,0.29999977,7.578816,6.860835e-11,0.0
12.94,0.1,0.1,0.3,0.10000007,0.10000007,0.29999977,7.5787954,-7.952451e-09,0.0
12.945,0.1,0.1,0.3,0.10000007,0.10000007,0.29999977,7.578775,8.443357e-09,0.0
12.950000000000001,0.1,0.1,0.3,0.10000007,0.10000007,0.29999977,7.5787544,-8.033946e-09,0.0
12.955,0.1,0.1,0.3,0.10000007,0.10000007,0.29999977,7.578734,1.2215362e-08,0.0
12.96,0.1,0.1,0.3,0.10000007,0.10000007,0.29999977,7.5787134,-6.347862e-09,0.0
12.965,0.1,0.1,0.3,0.10000007,0.10000007,0.29999977,7.578693,-5.3065348e-09,0.0
12.97,0.1,0.1,0.3,0.10000007,0.10000007,0.29999977,7.5786724,7.0718675e-09,0.0
12.975,0.1,0.1,0.3,0.10000007,0.10000007,0.29999977,7.578652,-3.9674473e-09,0.0
12.98,0.1,0.1,0.3,0.10000007,0.10000007,0.29999977,7.5786314,-5.654413e-09,0.0
12.985,0.1,0.1,0.3,0.10000007,0.10000007,0.29999977,7.578611,5.5739937e-09,0.0
12.99,0.1,0.1,0.3,0.10000007,0.10000007,0.29999977,7.5785904,-8.006696e-09,0.0
12.995000000000001,0.1,0.1,0.3,0.10000007,0.10000007,0.29999977,7.57857,-1.283219e-09,0.0
13.0,0.1,0.1,0.3,0.10000007,0.10000007,0.29999977,7.5785494,1.6637709e-09,0.0
13.005,0.1,0.1,0.3,0.10000007,0.10000007,0.29999977,7.578529,6.678126e-09,0.0
13.01,0.1,0.1,0.3,0.10000007,0.10000007,0.29999977,7.5785084,8.95182e-11,0.0
13.015,0.1,0.1,0.3,0.10000007,0.10000007,0.29999977,7.5784917,-9.209735e-09,0.0
13.02,0.1,0.1,0.3,0.10000007,0.10000007,0.29999977,7.5784745,2.7274507e-09,0.0
13.025,0.1,0.1,0.3,0.10000007,0.10000007,0.29999977,7.5784574,-3.6137449e-09,0.0
13.030000000000001,0.1,0.1,0.3,0.10000007,0.10000007,0.29999977,7.57844,-6.5429234e-10,0.0
13.035,0.1,0.1,0.3,0.10000007,0.10000007,0.29999977,7.578423,-3.3925596e-09,0.0
