time,P_cmd_DF,P_cmd_F,P_cmd_G,P_out_DF,P_out_F,P_out_G,wrist_angle_deg,grip_angle_deg,force_N
0.0,0.1,0.1,0.3,0.005643341,0.005643341,0.016930023,-0.0,8.099999,0.0
0.005,0.1,0.1,0.3,0.010968209,0.010968209,0.03290463,-2.9686686e-07,7.939893,0.0
0.01,0.1,0.1,0.3,0.015992576,0.015992576,0.04797773,-5.869724e-07,7.528828,0.0
0.015,0.1,0.1,0.3,0.020733401,0.020733401,0.062200207,-8.6326145e-07,6.8735757,0.0
0.02,0.1,0.1,0.3,0.025206685,0.025206685,0.07562006,-1.1389686e-06,5.9807124,0.0
0.025,0.1,0.1,0.3,0.029427527,0.029427527,0.088282585,0.026920145,4.8267894,0.0
0.03,0.1,0.1,0.3,0.033410173,0.033410173,0.10023052,0.108359806,3.388332,0.0
0.035,0.1,0.1,0.3,0.037168063,0.037168063,0.1115042,0.25259098,1.6639649,0.0
0.04,0.1,0.1,0.3,0.040713884,0.040713884,0.12214166,0.38829243,-1.6995705e-07,0.0
0.045,0.1,0.1,0.3,0.0440596,0.0440596,0.13217881,0.29816213,2.0381519e-09,0.0
0.05,0.1,0.1,0.3,0.04721651,0.04721651,0.14164953,0.3551784,7.374165e-09,0.0
0.055,0.1,0.1,0.3,0.05019526,0.05019526,0.15058579,0.533798,1.8061858e-08,0.0
0.06,0.1,0.1,0.3,0.05300591,0.05300591,0.15901774,0.79744214,1.951243e-08,0.0
0.065,0.1,0.1,0.3,0.05565795,0.05565795,0.16697386,1.1075771,1.8229153e-08,0.0
0.07,0.1,0.1,0.3,0.058160324,0.058160324,0.17448097,1.4300144,5.590509e-09,0.0
0.075,0.1,0.1,0.3,0.06052148,0.06052148,0.18156444,1.738493,2.1874488e-08,0.0
0.08,0.1,0.1,0.3,0.062749386,0.062749386,0.18824816,2.015958,1.8262485e-08,0.0
0.085,0.1,0.1,0.3,0.06485157,0.06485157,0.1945547,2.254572,1.2836089e-08,0.0
0.09,0.1,0.1,0.3,0.06683511,0.06683511,0.20050535,2.4544067,1.4289956e-08,0.0
0.095,0.1,0.1,0.3,0.06870672,0.06870672,0.20612016,2.6200795,7.443176e-09,0.0
0.1,0.1,0.1,0.3,0.07047271,0.07047271,0.21141812,2.7582197,1.621877e-08,0.0
0.105,0.1,0.1,0.3,0.07213903,0.07213903,0.2164171,2.8759556,2.0823163e-09,0.0
0.11,0.1,0.1,0.3,0.07371132,0.07371132,0.22113398,2.9798346,1.2827259e-09,0.0
0.115,0.1,0.1,0.3,0.07519488,0.07519488,0.22558466,3.075216,6.8261468e-09,0.0
0.12,0.1,0.1,0.3,0.07659472,0.07659472,0.22978416,3.1659844,6.796563e-09,0.0
0.125,0.1,0.1,0.3,0.07791556,0.07791556,0.23374668,3.2545211,4.9191495e-10,0.0
0.13,0.1,0.1,0.3,0.07916186,0.07916186,0.23748557,3.341927,1.5268246e-09,0.0
0.135,0.1,0.1,0.3,0.08033783,0.08033783,0.24101348,3.4283504,2.0462938e-09,0.0
0.14,0.1,0.1,0.3,0.08144743,0.08144743,0.2443423,3.5133355,2.9892588e-09,0.0
0.145,0.1,0.1,0.3,0.082494415,0.082494415,0.24748325,3.5961218,5.788599e-09,0.0
0.15,0.1,0.1,0.3,0.08348232,0.08348232,0.25044695,3.6758611,2.848937e-09,0.0
0.155,0.1,0.1,0.3,0.08441447,0.08441447,0.2532434,3.7518005,6.4618253e-09,0.0
0.16,0.1,0.1,0.3,0.085294016,0.085294016,0.25588202,3.8234098,5.1180247e-09,0.0
0.165,0.1,0.1,0.3,0.08612392,0.08612392,0.25837174,3.8904178,5.042412e-09,0.0
0.17,0.1,0.1,0.3,0.08690699,0.08690699,0.26072097,3.9530623,6.5079315e-09,0.0
0.17500000000000002,0.1,0.1,0.3,0.08764587,0.08764587,0.2629376,4.0120506,2.9285885e-09,0.0
0.18,0.1,0.1,0.3,0.08834306,0.08834306,0.26502916,4.0680223,7.673268e-09,0.0
0.185,0.1,0.1,0.3,0.0890009,0.0890009,0.26700267,4.1213894,3.4584218e-09,0.0
0.19,0.1,0.1,0.3,0.08962162,0.08962162,0.2688648,4.1723437,2.348873e-10,0.0
0.195,0.1,0.1,0.3,0.09020731,0.09020731,0.27062187,4.220914,-1.4881417e-09,0.0
0.2,0.1,0.1,0.3,0.09075994,0.09075994,0.27227977,4.2670746,5.0211724e-09,0.0
0.20500000000000002,0.1,0.1,0.3,0.09128139,0.09128139,0.27384412,4.3108053,3.3329295e-10,0.0
0.21,0.1,0.1,0.3,0.09177341,0.09177341,0.2753202,4.352105,-4.8801536e-09,0.0
0.215,0.1,0.1,0.3,0.092237666,0.092237666,0.27671295,4.3910055,4.487689e-09,0.0
0.22,0.1,0.1,0.3,0.09267572,0.09267572,0.27802712,4.427574,3.5508896e-09,0.0
0.225,0.1,0.1,0.3,0.09308906,0.09308906,0.27926713,4.461906,6.750337e-10,0.0
0.23,0.1,0.1,0.3,0.09347907,0.09347907,0.28043717,4.49412,3.1679241e-09,0.0
0.23500000000000001,0.1,0.1,0.3,0.093847066,0.093847066,0.28154117,4.524354,-1.4993554e-09,0.0
0.24,0.1,0.1,0.3,0.0941943,0.0941943,0.28258288,4.5527387,2.10313e-09,0.0
0.245,0.1,0.1,0.3,0.09452193,0.09452193,0.2835658,4.5794163,3.6044687e-09,0.0
0.25,0.1,0.1,0.3,0.09483108,0.09483108,0.28449324,4.604512,1.2922593e-09,0.0
0.255,0.1,0.1,0.3,0.09512278,0.09512278,0.28536832,4.6281366,-3.0811045e-09,0.0
0.26,0.1,0.1,0.3,0.095398016,0.095398016,0.28619403,4.6503806,7.525733e-09,0.0
0.265,0.1,0.1,0.3,0.09565772,0.09565772,0.28697315,4.6713424,-4.9905595e-09,0.0
0.27,0.1,0.1,0.3,0.09590277,0.09590277,0.2877083,4.6911035,3.1973053e-09,0.0
0.275,0.1,0.1,0.3,0.09613399,0.09613399,0.28840196,4.7097383,-1.2414004e-09,0.0
0.28,0.1,0.1,0.3,0.09635217,0.09635217,0.28905648,4.727312,1.3094867e-09,0.0
0.28500000000000003,0.1,0.1,0.3,0.09655803,0.09655803,0.28967407,4.743887,8.169457e-09,0.0
0.29,0.1,0.1,0.3,0.09675227,0.09675227,0.2902568,4.7595224,1.4419586e-09,0.0
0.295,0.1,0.1,0.3,0.09693555,0.09693555,0.29080665,4.774269,3.1085332e-10,0.0
0.3,0.1,0.1,0.3,0.09710848,0.09710848,0.29132545,4.7881827,6.750136e-11,0.0
0.305,0.1,0.1,0.3,0.09727166,0.09727166,0.29181498,4.80131,2.4893485e-09,0.0
0.31,0.1,0.1,0.3,0.097425625,0.097425625,0.2922769,4.8136954,4.2812145e-09,0.0
0.315,0.1,0.1,0.3,0.0975709,0.0975709,0.29271272,4.8253794,-1.2018178e-09,0.0
0.32,0.1,0.1,0.3,0.09770799,0.09770799,0.29312396,4.836397,-4.4533053e-09,0.0
0.325,0.1,0.1,0.3,0.09783734,0.09783734,0.293512,4.846784,5.6560308e-09,0.0
0.33,0.1,0.1,0.3,0.097959384,0.097959384,0.29387814,4.856578,-2.0215079e-09,0.0
0.335,0.1,0.1,0.3,0.09807454,0.09807454,0.2942236,4.865812,3.5540484e-10,0.0
0.34,0.1,0.1,0.3,0.0981832,0.0981832,0.29454958,4.87452,3.6013192e-09,0.0
0.34500000000000003,0.1,0.1,0.3,0.09828573,0.09828573,0.29485717,4.882732,-2.3667315e-09,0.0
0.35000000000000003,0.1,0.1,0.3,0.09838247,0.09838247,0.2951474,4.89048,-1.3181124e-09,0.0
0.355,0.1,0.1,0.3,0.09847376,0.09847376,0.29542124,4.897787,-5.1015547e-09,0.0
0.36,0.1,0.1,0.3,0.098559886,0.098559886,0.29567963,4.9046817,-4.4192796e-09,0.0
0.365,0.1,0.1,0.3,0.09864116,0.09864116,0.29592344,4.9111886,-1.8029409e-09,0.0
0.37,0.1,0.1,0.3,0.09871784,0.09871784,0.2961535,4.917328,-1.9773498e-09,0.0
0.375,0.1,0.1,0.3,0.0987902,0.0987902,0.29637057,4.923117,-3.8913264e-09,0.0
0.38,0.1,0.1,0.3,0.09885847,0.09885847,0.2965754,4.928575,-1.0159837e-08,0.0
0.385,0.1,0.1,0.3,0.098922886,0.098922886,0.29676867,4.9337254,1.0192977e-08,0.0
0.39,0.1,0.1,0.3,0.09898367,0.09898367,0.29695103,4.9385834,-3.272571e-09,0.0
0.395,0.1,0.1,0.3,0.09904102,0.09904102,0.2971231,4.943167,-3.2808216e-09,0.0
0.4,0.1,0.1,0.3,0.09909514,0.09909514,0.29728547,4.947494,-9.973086e-10,0.0
0.405,0.1,0.1,0.3,0.09914621,0.09914621,0.29743865,4.951579,-2.823935e-09,0.0
0.41000000000000003,0.1,0.1,0.3,0.09919439,0.09919439,0.2975832,4.9554334,3.3811303e-09,0.0
0.41500000000000004,0.1,0.1,0.3,0.099239856,0.099239856,0.29771957,4.9590664,-7.918313e-10,0.0
0.42,0.1,0.1,0.3,0.09928276,0.09928276,0.29784825,4.9624915,-9.692714e-09,0.0
0.425,0.1,0.1,0.3,0.099323235,0.099323235,0.2979697,4.965724,1.67912e-08,0.0
0.43,0.1,0.1,0.3,0.09936143,0.09936143,0.2980843,4.9687743,-4.98645e-09,0.0
0.435,0.1,0.1,0.3,0.099397466,0.099397466,0.2981924,4.971653,-4.474245e-09,0.0
0.44,0.1,0.1,0.3,0.09943147,0.09943147,0.29829443,4.974365,4.3515747e-09,0.0
0.445,0.1,0.1,0.3,0.09946355,0.09946355,0.2983907,4.976923,3.780199e-09,0.0
0.45,0.1,0.1,0.3,0.099493824,0.099493824,0.2984815,4.979337,-3.7736108e-09,0.0
0.455,0.1,0.1,0.3,0.09952239,0.09952239,0.29856718,4.981615,-8.261632e-09,0.0
0.46,0.1,0.1,0.3,0.099549346,0.099549346,0.29864803,4.9837656,-1.2024672e-08,0.0
0.465,0.1,0.1,0.3,0.099574775,0.099574775,0.29872432,4.985801,7.891651e-10,0.0
0.47000000000000003,0.1,0.1,0.3,0.09959877,0.09959877,0.29879633,4.9877305,-2.590618e-09,0.0
0.47500000000000003,0.1,0.1,0.3,0.099621415,0.099621415,0.29886425,4.9895363,-9.32435e-09,0.0
0.48,0.1,0.1,0.3,0.09964278,0.09964278,0.29892835,4.9895487,3.5630437e-10,0.0
0.485,0.1,0.1,0.3,0.099662945,0.099662945,0.29898882,4.9895587,-8.886625e-09,0.0
0.49,0.1,0.1,0.3,0.099681966,0.099681966,0.2990459,4.9895706,3.7357567e-10,0.0
0.495,0.1,0.1,0.3,0.099699914,0.099699914,0.29909974,4.989588,1.5463326e-10,0.0
0.5,0.1,0.1,0.3,0.09971685,0.09971685,0.29915056,4.9896064,-1.3261263e-08,0.0
0.505,0.1,0.1,0.3,0.09973283,0.09973283,0.2991985,4.9896307,-2.8133622e-09,0.0
0.51,0.1,0.1,0.3,0.09974791,0.09974791,0.29924375,4.9896593,-1.1452441e-08,0.0
0.515,0.1,0.1,0.3,0.099762134,0.099762134,0.29928643,4.9896917,-1.0963146e-09,0.0
0.52,0.1,0.1,0.3,0.09977556,0.09977556,0.2993267,4.9897313,8.547349e-09,0.0
0.525,0.1,0.1,0.3,0.099788226,0.099788226,0.2993647,4.989779,-7.034046e-09,0.0
0.53,0.1,0.1,0.3,0.09980018,0.09980018,0.29940054,4.992696,-1.1033367e-08,0.0
0.535,0.1,0.1,0.3,0.09981146,0.09981146,0.29943436,4.9990654,-4.927926e-10,0.0
0.54,0.1,0.1,0.3,0.0998221,0.0998221,0.29946628,5.0069075,-5.956956e-09,0.0
0.545,0.1,0.1,0.3,0.09983214,0.09983214,0.2994964,5.0148234,-1.0347525e-08,0.0
0.55,0.1,0.1,0.3,0.09984161,0.09984161,0.29952484,5.021856,-3.17299e-09,0.0
0.555,0.1,0.1,0.3,0.09985055,0.09985055,0.29955167,5.027475,-8.2847995e-10,0.0
0.56,0.1,0.1,0.3,0.099858984,0.099858984,0.29957697,5.03151,1.2736919e-08,0.0
0.5650000000000001,0.1,0.1,0.3,0.09986694,0.09986694,0.29960084,5.0340376,-2.6135811e-09,0.0
0.5700000000000001,0.1,0.1,0.3,0.09987445,0.09987445,0.29962337,5.0343523,5.99507e-09,0.0
0.5750000000000001,0.1,0.1,0.3,0.09988154,0.09988154,0.29964462,5.0343475,1.1485985e-09,0.0
0.58,0.1,0.1,0.3,0.09988822,0.09988822,0.29966468,5.0343423,9.678913e-09,0.0
0.585,0.1,0.1,0.3,0.09989453,0.09989453,0.2996836,5.0343404,-2.4222904e-09,0.0
0.59,0.1,0.1,0.3,0.099900484,0.099900484,0.29970145,5.034339,1.4244675e-09,0.0
0.595,0.1,0.1,0.3,0.0999061,0.0999061,0.2997183,5.034337,-1.2571969e-08,0.0
0.6,0.1,0.1,0.3,0.0999114,0.0999114,0.29973418,5.034337,5.832286e-09,0.0
0.605,0.1,0.1,0.3,0.0999164,0.0999164,0.29974917,5.034337,2.1451547e-09,0.0
0.61,0.1,0.1,0.3,0.099921115,0.099921115,0.29976332,5.034337,1.7203593e-08,0.0
0.615,0.1,0.1,0.3,0.09992557,0.09992557,0.29977667,5.034337,7.7829565e-09,0.0
0.62,0.1,0.1,0.3,0.09992977,0.09992977,0.29978928,5.034337,-8.048484e-09,0.0
0.625,0.1,0.1,0.3,0.099933736,0.099933736,0.29980117,5.034339,-1.9921458e-09,0.0
0.63,0.1,0.1,0.3,0.099937476,0.099937476,0.2998124,5.0343404,1.8085943e-09,0.0
0.635,0.1,0.1,0.3,0.09994101,0.09994101,0.299823,5.0343423,-2.0909703e-09,0.0
0.64,0.1,0.1,0.3,0.09994434,0.09994434,0.29983297,5.0343437,2.8536107e-09,0.0
0.645,0.1,0.1,0.3,0.09994748,0.09994748,0.2998424,5.0343456,1.3180518e-08,0.0
0.65,0.1,0.1,0.3,0.09995045,0.09995045,0.29985127,5.0343475,-6.1426677e-09,0.0
0.655,0.1,0.1,0.3,0.09995324,0.09995324,0.29985967,5.034351,1.1824202e-08,0.0
0.66,0.1,0.1,0.3,0.09995588,0.09995588,0.2998676,5.034354,-4.9615365e-09,0.0
0.665,0.1,0.1,0.3,0.09995837,0.09995837,0.29987508,5.0343575,1.9655323e-08,0.0
0.67,0.1,0.1,0.3,0.099960715,0.099960715,0.29988214,5.034361,-9.1919805e-09,0.0
0.675,0.1,0.1,0.3,0.099962935,0.099962935,0.2998888,5.034364,8.608132e-09,0.0
0.68,0.1,0.1,0.3,0.09996503,0.09996503,0.29989508,5.034368,-7.498737e-09,0.0
0.685,0.1,0.1,0.3,0.099967,0.099967,0.299901,5.0343714,4.167326e-09,0.0
0.6900000000000001,0.1,0.1,0.3,0.099968866,0.099968866,0.29990658,5.0343747,1.0751952e-08,0.0
0.6950000000000001,0.1,0.1,0.3,0.099970624,0.099970624,0.29991186,5.034378,6.5250716e-10,0.0
0.7000000000000001,0.1,0.1,0.3,0.099972285,0.099972285,0.29991683,5.0343833,-2.0898838e-09,0.0
0.705,0.1,0.1,0.3,0.09997385,0.09997385,0.29992154,5.034388,-7.3854416e-11,0.0
0.71,0.1,0.1,0.3,0.099975325,0.099975325,0.29992598,5.0343933,-9.141477e-09,0.0
0.715,0.1,0.1,0.3,0.09997672,0.09997672,0.29993016,5.0343986,-3.5697598e-09,0.0
0.72,0.1,0.1,0.3,0.09997803,0.09997803,0.2999341,5.034404,7.0477406e-09,0.0
0.725,0.1,0.1,0.3,0.09997927,0.09997927,0.2999378,5.0344086,-6.736672e-09,0.0
0.73,0.1,0.1,0.3,0.099980436,0.099980436,0.29994133,5.0344152,-1.1428067e-08,0.0
0.735,0.1,0.1,0.3,0.09998154,0.09998154,0.29994464,5.034422,1.8802105e-08,0.0
0.74,0.1,0.1,0.3,0.09998258,0.09998258,0.29994777,5.034429,-1.2799232e-09,0.0
0.745,0.1,0.1,0.3,0.099983566,0.099983566,0.29995072,5.0344357,-9.830496e-09,0.0
0.75,0.1,0.1,0.3,0.09998449,0.09998449,0.2999535,5.0344424,-1.084569e-08,0.0
0.755,0.1,0.1,0.3,0.09998536,0.09998536,0.2999561,5.0344496,1.4425808e-09,0.0
0.76,0.1,0.1,0.3,0.09998619,0.09998619,0.2999586,5.0344563,-1.026738e-08,0.0
0.765,0.1,0.1,0.3,0.09998697,0.09998697,0.2999609,5.034463,4.9040216e-09,0.0
0.77,0.1,0.1,0.3,0.09998771,0.09998771,0.29996312,5.0344696,6.115212e-09,0.0
0.775,0.1,0.1,0.3,0.0999884,0.0999884,0.2999652,5.0344768,1.6489347e-08,0.0
0.78,0.1,0.1,0.3,0.09998906,0.09998906,0.29996717,5.0344834,4.0966817e-09,0.0
0.785,0.1,0.1,0.3,0.099989675,0.099989675,0.29996902,5.03449,1.0738237e-08,0.0
0.79,0.1,0.1,0.3,0.099990256,0.099990256,0.29997078,5.0344973,2.0224928e-08,0.0
0.795,0.1,0.1,0.3,0.09999081,0.09999081,0.29997241,5.034504,1.0178667e-09,0.0
0.8,0.1,0.1,0.3,0.09999133,0.09999133,0.29997396,5.0345125,-5.979312e-09,0.0
0.805,0.1,0.1,0.3,0.09999182,0.09999182,0.29997543,5.034521,1.2637491e-08,0.0
0.81,0.1,0.1,0.3,0.09999228,0.09999228,0.29997683,5.0345297,7.7252595e-09,0.0
0.8150000000000001,0.1,0.1,0.3,0.099992715,0.099992715,0.29997814,5.0345383,1.3171861e-08,0.0
0.8200000000000001,0.1,0.1,0.3,0.099993125,0.099993125,0.29997936,5.034547,-1.7176263e-09,0.0
0.8250000000000001,0.1,0.1,0.3,0.09999351,0.09999351,0.29998052,5.0345554,3.0520797e-09,0.0
0.8300000000000001,0.1,0.1,0.3,0.09999388,0.09999388,0.29998162,5.0345635,-4.1136765e-09,0.0
0.835,0.1,0.1,0.3,0.09999422,0.09999422,0.29998267,5.034572,-7.632676e-09,0.0
0.84,0.1,0.1,0.3,0.09999455,0.09999455,0.29998365,5.0345807,3.8987307e-09,0.0
0.845,0.1,0.1,0.3,0.09999485,0.09999485,0.29998457,5.0345893,-9.414415e-10,0.0
0.85,0.1,0.1,0.3,0.09999514,0.09999514,0.29998544,5.034598,6.49353e-09,0.0
0.855,0.1,0.1,0.3,0.09999542,0.09999542,0.29998627,5.0346065,-8.463965e-09,0.0
0.86,0.1,0.1,0.3,0.09999568,0.09999568,0.29998705,5.034615,8.331486e-09,0.0
0.865,0.1,0.1,0.3,0.099995926,0.099995926,0.2999878,5.0346236,-9.623797e-10,0.0
0.87,0.1,0.1,0.3,0.09999616,0.09999616,0.29998848,5.034632,-4.047305e-09,0.0
0.875,0.1,0.1,0.3,0.09999637,0.09999637,0.29998913,5.034641,2.711321e-09,0.0
0.88,0.1,0.1,0.3,0.099996574,0.099996574,0.29998976,5.034649,-5.6368856e-09,0.0
0.885,0.1,0.1,0.3,0.09999677,0.09999677,0.29999033,5.0346575,-2.6320388e-10,0.0
0.89,0.1,0.1,0.3,0.09999695,0.09999695,0.29999086,5.034666,-1.3744275e-08,0.0
0.895,0.1,0.1,0.3,0.09999712,0.09999712,0.29999137,5.0346746,-3.1179486e-09,0.0
0.9,0.1,0.1,0.3,0.09999728,0.09999728,0.29999185,5.034683,4.3427315e-09,0.0
0.905,0.1,0.1,0.3,0.09999744,0.09999744,0.2999923,5.034692,-1.7851178e-09,0.0
0.91,0.1,0.1,0.3,0.09999758,0.09999758,0.29999274,5.0347004,2.744862e-09,0.0
0.915,0.1,0.1,0.3,0.099997714,0.099997714,0.29999316,5.034709,8.6907495e-09,0.0
0.92,0.1,0.1,0.3,0.09999784,0.09999784,0.29999354,5.0347176,3.9782484e-09,0.0
0.925,0.1,0.1,0.3,0.09999796,0.09999796,0.2999939,5.034726,2.9854847e-09,0.0
0.93,0.1,0.1,0.3,0.09999807,0.09999807,0.29999426,5.0347347,-2.5249594e-09,0.0
0.935,0.1,0.1,0.3,0.09999818,0.09999818,0.2999946,5.034743,2.4094834e-10,0.0
0.9400000000000001,0.1,0.1,0.3,0.09999829,0.09999829,0.2999949,5.0347514,-1.6812364e-09,0.0
0.9450000000000001,0.1,0.1,0.3,0.099998385,0.099998385,0.29999518,5.03476,-1.2827792e-08,0.0
0.9500000000000001,0.1,0.1,0.3,0.099998474,0.099998474,0.29999545,5.0347686,5.088282e-10,0.0
0.9550000000000001,0.1,0.1,0.3,0.09999856,0.09999856,0.29999572,5.034777,7.7142195e-09,0.0
0.96,0.1,0.1,0.3,0.099998645,0.099998645,0.29999596,5.0347857,-4.7259103e-09,0.0
0.965,0.1,0.1,0.3,0.09999872,0.09999872,0.2999962,5.0347943,-7.227313e-10,0.0
0.97,0.1,0.1,0.3,0.099998794,0.099998794,0.2999964,5.034803,-4.6124753e-09,0.0
0.975,0.1,0.1,0.3,0.09999886,0.09999886,0.2999966,5.0348115,5.7442646e-09,0.0
0.98,0.1,0.1,0.3,0.09999893,0.09999893,0.2999968,5.03482,9.817593e-09,0.0
0.985,0.1,0.1,0.3,0.09999899,0.09999899,0.29999697,5.034828,7.4704705e-09,0.0
0.99,0.1,0.1,0.3,0.09999905,0.09999905,0.29999715,5.034837,-1.4597707e-08,0.0
0.995,0.1,0.1,0.3,0.0999991,0.0999991,0.2999973,5.0348454,-3.1730987e-09,0.0
1.0,0.1,0.1,0.3,0.09999915,0.09999915,0.29999745,5.034854,-5.8216667e-09,0.0
1.0050000000000001,0.1,0.1,0.3,0.0999992,0.0999992,0.2999976,5.0348625,-1.0411018e-08,0.0
1.01,0.1,0.1,0.3,0.09999924,0.09999924,0.29999775,5.034871,6.8555828e-09,0.0
1.0150000000000001,0.1,0.1,0.3,0.099999286,0.099999286,0.29999787,5.0348797,1.4434367e-08,0.0
1.02,0.1,0.1,0.3,0.09999932,0.09999932,0.299998,5.0348883,3.003145e-09,0.0
1.025,0.1,0.1,0.3,0.09999936,0.09999936,0.2999981,5.034897,8.768618e-10,0.0
1.03,0.1,0.1,0.3,0.0999994,0.0999994,0.29999822,5.0349054,3.4398548e-09,0.0
1.035,0.1,0.1,0.3,0.099999435,0.099999435,0.2999983,5.034914,-1.0071659e-08,0.0
1.04,0.1,0.1,0.3,0.099999465,0.099999465,0.2999984,5.034922,4.4602766e-09,0.0
1.045,0.1,0.1,0.3,0.099999495,0.099999495,0.2999985,5.0349307,-5.5712697e-09,0.0
1.05,0.1,0.1,0.3,0.099999525,0.099999525,0.29999858,5.0349393,1.4960579e-08,0.0
1.055,0.1,0.1,0.3,0.099999554,0.099999554,0.29999867,5.034948,3.292935e-09,0.0
1.06,0.1,0.1,0.3,0.09999958,0.09999958,0.29999876,5.0349565,-2.9114292e-10,0.0
1.065,0.1,0.1,0.3,0.0999996,0.0999996,0.29999882,5.034965,-8.722126e-10,0.0
1.07,0.1,0.1,0.3,0.09999962,0.09999962,0.29999888,5.0349736,-3.0058374e-09,0.0
1.075,0.1,0.1,0.3,0.099999644,0.099999644,0.29999894,5.034982,7.459414e-09,0.0
1.08,0.1,0.1,0.3,0.099999666,0.099999666,0.299999,5.034991,-4.804403e-09,0.0
1.085,0.1,0.1,0.3,0.09999969,0.09999969,0.29999906,5.0349994,-7.532509e-09,0.0
1.09,0.1,0.1,0.3,0.0999997,0.0999997,0.29999912,5.0350075,-1.0069762e-08,0.0
1.095,0.1,0.1,0.3,0.09999972,0.09999972,0.29999918,5.035016,5.1395896e-09,0.0
1.1,0.1,0.1,0.3,0.09999973,0.09999973,0.29999924,5.0350246,-2.10304e-09,0.0
1.105,0.1,0.1,0.3,0.09999975,0.09999975,0.29999927,5.035033,7.552124e-09,0.0
1.11,0.1,0.1,0.3,0.09999976,0.09999976,0.2999993,5.035042,-3.693716e-10,0.0
1.115,0.1,0.1,0.3,0.09999978,0.09999978,0.29999933,5.0350504,-1.4180477e-08,0.0
1.12,0.1,0.1,0.3,0.09999979,0.09999979,0.29999936,5.035059,6.854925e-09,0.0
1.125,0.1,0.1,0.3,0.09999981,0.09999981,0.2999994,5.0350676,2.6208986e-09,0.0
1.1300000000000001,0.1,0.1,0.3,0.099999815,0.099999815,0.29999942,5.035076,-1.2052289e-08,0.0
1.135,0.1,0.1,0.3,0.09999982,0.09999982,0.29999945,5.0350847,1.2227587e-09,0.0
1.1400000000000001,0.1,0.1,0.3,0.09999983,0.09999983,0.29999948,5.0350933,-5.5123603e-09,0.0
1.145,0.1,0.1,0.3,0.09999984,0.09999984,0.2999995,5.0351014,1.272116e-09,0.0
1.1500000000000001,0.1,0.1,0.3,0.099999845,0.099999845,0.29999954,5.03511,-4.2253507e-09,0.0
1.155,0.1,0.1,0.3,0.09999985,0.09999985,0.29999956,5.0351186,5.662993e-09,0.0
1.16,0.1,0.1,0.3,0.09999986,0.09999986,0.2999996,5.035127,8.113043e-10,0.0
1.165,0.1,0.1,0.3,0.09999987,0.09999987,0.29999962,5.0351357,1.3089799e-09,0.0
1.17,0.1,0.1,0.3,0.099999875,0.099999875,0.29999965,5.0351424,-2.5107746e-10,0.0
1.175,0.1,0.1,0.3,0.09999988,0.09999988,0.29999968,5.0351496,9.534639e-09,0.0
1.18,0.1,0.1,0.3,0.09999989,0.09999989,0.2999997,5.0351562,-1.5276518e-08,0.0
1.185,0.1,0.1,0.3,0.0999999,0.0999999,0.29999974,5.035163,-6.7783995e-10,0.0
1.19,0.1,0.1,0.3,0.099999905,0.099999905,0.29999977,5.03517,-3.8296406e-09,0.0
1.195,0.1,0.1,0.3,0.09999991,0.09999991,0.29999977,5.0351768,2.6854645e-09,0.0
1.2,0.1,0.1,0.3,0.09999992,0.09999992,0.29999977,5.0351834,2.623607e-09,0.0
1.205,0.1,0.1,0.3,0.09999993,0.09999993,0.29999977,5.0351906,-6.9266775e-09,0.0
1.21,0.1,0.1,0.3,0.099999934,0.099999934,0.29999977,5.0351973,1.4807617e-08,0.0
1.215,0.1,0.1,0.3,0.09999994,0.09999994,0.29999977,5.035204,1.1421615e-09,0.0
1.22,0.1,0.1,0.3,0.09999994,0.09999994,0.29999977,5.035211,1.4942994e-08,0.0
1.225,0.1,0.1,0.3,0.09999994,0.09999994,0.29999977,5.035218,8.930546e-09,0.0
1.23,0.1,0.1,0.3,0.09999994,0.09999994,0.29999977,5.0352244,1.00120205e-08,0.0
1.235,0.1,0.1,0.3,0.09999994,0.09999994,0.29999977,5.0352316,8.185036e-09,0.0
1.24,0.1,0.1,0.3,0.09999994,0.09999994,0.29999977,5.0352383,-3.7331316e-09,0.0
1.245,0.1,0.1,0.3,0.09999994,0.09999994,0.29999977,5.035245,-5.7844503e-09,0.0
1.25,0.1,0.1,0.3,0.09999994,0.09999994,0.29999977,5.035252,-1.2388018e-08,0.0
1.2550000000000001,0.1,0.1,0.3,0.09999994,0.09999994,0.29999977,5.035259,-3.4362664e-09,0.0
1.26,0.1,0.1,0.3,0.09999994,0.09999994,0.29999977,5.0352654,7.412561e-09,0.0
1.2650000000000001,0.1,0.1,0.3,0.09999994,0.09999994,0.29999977,5.0352726,3.608458e-09,0.0
1.27,0.1,0.1,0.3,0.09999994,0.09999994,0.29999977,5.0352793,-3.2230777e-11,0.0
1.2750000000000001,0.1,0.1,0.3,0.09999994,0.09999994,0.29999977,5.035286,1.1473505e-08,0.0
1.28,0.1,0.1,0.3,0.09999994,0.09999994,0.29999977,5.035293,1.5668832e-08,0.0
1.285,0.1,0.1,0.3,0.09999994,0.09999994,0.29999977,5.0353,5.2292446e-09,0.0
1.29,0.1,0.1,0.3,0.09999994,0.09999994,0.29999977,5.0353065,-4.781804e-09,0.0
1.295,0.1,0.1,0.3,0.09999994,0.09999994,0.29999977,5.035313,-1.4895623e-09,0.0
1.3,0.1,0.1,0.3,0.09999994,0.09999994,0.29999977,5.0353203,-1.7729459e-08,0.0
1.305,0.1,0.1,0.3,0.09999994,0.09999994,0.29999977,5.035327,9.359429e-10,0.0
1.31,0.1,0.1,0.3,0.09999994,0.09999994,0.29999977,5.0353336,3.2797451e-09,0.0
1.315,0.1,0.1,0.3,0.09999994,0.09999994,0.29999977,5.035341,1.6224049e-09,0.0
1.32,0.1,0.1,0.3,0.09999994,0.09999994,0.29999977,5.0353475,-5.5319744e-09,0.0
1.325,0.1,0.1,0.3,0.09999994,0.09999994,0.29999977,5.035354,-3.0608511e-09,0.0
1.33,0.1,0.1,0.3,0.09999994,0.09999994,0.29999977,5.0353613,-3.2346146e-09,0.0
1.335,0.1,0.1,0.3,0.09999994,0.09999994,0.29999977,5.035368,1.4836517e-08,0.0
1.34,0.1,0.1,0.3,0.09999994,0.09999994,0.29999977,5.0353746,9.68271e-09,0.0
1.345,0.1,0.1,0.3,0.09999994,0.09999994,0.29999977,5.035382,6.909183e-09,0.0
1.35,0.1,0.1,0.3,0.09999994,0.09999994,0.29999977,5.0353885,-6.116648e-09,0.0
1.355,0.1,0.1,0.3,0.09999994,0.09999994,0.29999977,5.035395,-3.6542807e-09,0.0
1.36,0.1,0.1,0.3,0.09999994,0.09999994,0.29999977,5.0354023,-2.1054082e-11,0.0
1.365,0.1,0.1,0.3,0.09999994,0.09999994,0.29999977,5.035409,6.6953956e-11,0.0
1.37,0.1,0.1,0.3,0.09999994,0.09999994,0.29999977,5.0354156,6.9922192e-09,0.0
1.375,0.1,0.1,0.3,0.09999994,0.09999994,0.29999977,5.035423,-4.765972e-09,0.0
1.3800000000000001,0.1,0.1,0.3,0.09999994,0.09999994,0.29999977,5.0354295,-2.6384988e-09,0.0
1.385,0.1,0.1,0.3,0.09999994,0.09999994,0.29999977,5.035436,-6.496968e-10,0.0
1.3900000000000001,0.1,0.1,0.3,0.09999994,0.09999994,0.29999977,5.0354433,-1.4093918e-10,0.0
1.395,0.1,0.1,0.3,0.09999994,0.09999994,0.29999977,5.03545,-7.7417575e-09,0.0
1.4000000000000001,0.1,0.1,0.3,0.09999994,0.09999994,0.29999977,5.0354567,3.4309973e-09,0.0
1.405,0.1,0.1,0.3,0.09999994,0.09999994,0.29999977,5.035464,6.684658e-10,0.0
1.41,0.1,0.1,0.3,0.09999994,0.09999994,0.29999977,5.0354705,-3.777418e-09,0.0
1.415,0.1,0.1,0.3,0.09999994,0.09999994,0.29999977,5.035477,-2.3754219e-09,0.0
1.42,0.1,0.1,0.3,0.09999994,0.09999994,0.29999977,5.0354843,-2.663816e-09,0.0
1.425,0.1,0.1,0.3,0.09999994,0.09999994,0.29999977,5.035491,-2.5058426e-09,0.0
1.43,0.1,0.1,0.3,0.09999994,0.09999994,0.29999977,5.0354977,-5.402893e-09,0.0
1.435,0.1,0.1,0.3,0.09999994,0.09999994,0.29999977,5.035505,-4.0074113e-09,0.0
1.44,0.1,0.1,0.3,0.09999994,0.09999994,0.29999977,5.0355115,-2.900377e-09,0.0
1.445,0.1,0.1,0.3,0.09999994,0.09999994,0.29999977,5.035518,-1.0158926e-08,0.0
1.45,0.1,0.1,0.3,0.09999994,0.09999994,0.29999977,5.0355253,2.8906755e-09,0.0
1.455,0.1,0.1,0.3,0.09999994,0.09999994,0.29999977,5.035532,-4.2892596e-09,0.0
1.46,0.1,0.1,0.3,0.09999994,0.09999994,0.29999977,5.0355387,7.74243e-09,0.0
1.465,0.1,0.1,0.3,0.09999994,0.09999994,0.29999977,5.035546,-6.3073684e-09,0.0
1.47,0.1,0.1,0.3,0.09999994,0.09999994,0.29999977,5.0355525,-1.2869562e-08,0.0
1.475,0.1,0.1,0.3,0.09999994,0.09999994,0.29999977,5.035559,-8.629385e-10,0.0
1.48,0.1,0.1,0.3,0.09999994,0.09999994,0.29999977,5.035566,5.0918114e-09,0.0
1.485,0.1,0.1,0.3,0.09999994,0.09999994,0.29999977,5.035573,1.1692731e-08,0.0
1.49,0.1,0.1,0.3,0.09999994,0.09999994,0.29999977,5.0355797,8.235551e-09,0.0
1.495,0.1,0.1,0.3,0.09999994,0.09999994,0.29999977,5.0355864,-1.7064532e-09,0.0
1.5,0.1,0.1,0.3,0.09999994,0.09999994,0.29999977,5.0355935,2.544029e-09,0.0
1.5050000000000001,0.1,0.1,0.3,0.09999994,0.09999994,0.29999977,5.0356,-1.8544746e-09,0.0
1.51,0.1,0.1,0.3,0.09999994,0.09999994,0.29999977,5.035607,-6.4993135e-09,0.0
1.5150000000000001,0.1,0.1,0.3,0.09999994,0.09999994,0.29999977,5.035614,-3.5454268e-09,0.0
1.52,0.1,0.1,0.3,0.09999994,0.09999994,0.29999977,5.0356207,2.4181162e-09,0.0
1.5250000000000001,0.1,0.1,0.3,0.09999994,0.09999994,0.29999977,5.0356274,-1.1172753e-09,0.0
1.53,0.1,0.1,0.3,0.09999994,0.09999994,0.29999977,5.0356345,-1.3400171e-09,0.0
1.5350000000000001,0.1,0.1,0.3,0.09999994,0.09999994,0.29999977,5.035641,-1.1162066e-09,0.0
1.54,0.1,0.1,0.3,0.09999994,0.09999994,0.29999977,5.035648,-2.7728828e-09,0.0
1.545,0.1,0.1,0.3,0.09999994,0.09999994,0.29999977,5.035655,-2.8915144e-09,0.0
1.55,0.1,0.1,0.3,0.09999994,0.09999994,0.29999977,5.0356617,-3.010368e-09,0.0
1.555,0.1,0.1,0.3,0.09999994,0.09999994,0.29999977,5.0356684,-8.83434e-09,0.0
1.56,0.1,0.1,0.3,0.09999994,0.09999994,0.29999977,5.0356755,2.6392952e-09,0.0
1.565,0.1,0.1,0.3,0.09999994,0.09999994,0.29999977,5.035682,5.1130113e-09,0.0
1.57,0.1,0.1,0.3,0.09999994,0.09999994,0.29999977,5.035689,1.2811237e-08,0.0
1.575,0.1,0.1,0.3,0.09999994,0.09999994,0.29999977,5.035696,4.8890763e-09,0.0
1.58,0.1,0.1,0.3,0.09999994,0.09999994,0.29999977,5.0357027,1.1901743e-09,0.0
1.585,0.1,0.1,0.3,0.09999994,0.09999994,0.29999977,5.0357094,1.2469053e-08,0.0
1.59,0.1,0.1,0.3,0.09999994,0.09999994,0.29999977,5.0357165,-9.76113e-09,0.0
1.595,0.1,0.1,0.3,0.09999994,0.09999994,0.29999977,5.035723,-1.628404e-08,0.0
1.6,0.1,0.1,0.3,0.09999994,0.09999994,0.29999977,5.03573,-7.559075e-10,0.0
1.605,0.1,0.1,0.3,0.09999994,0.09999994,0.29999977,5.035737,1.7098143e-08,0.0
1.61,0.1,0.1,0.3,0.09999994,0.09999994,0.29999977,5.0357437,-1.8457612e-09,0.0
1.615,0.1,0.1,0.3,0.09999994,0.09999994,0.29999977,5.0357504,3.6285017e-09,0.0
1.62,0.1,0.1,0.3,0.09999994,0.09999994,0.29999977,5.0357575,1.129347e-09,0.0
1.625,0.1,0.1,0.3,0.09999994,0.09999994,0.29999977,5.035764,-1.7903447e-09,0.0
1.6300000000000001,0.1,0.1,0.3,0.09999994,0.09999994,0.29999977,5.035771,-1.7661214e-09,0.0
1.635,0.1,0.1,0.3,0.09999994,0.09999994,0.29999977,5.035778,1.3546585e-09,0.0
1.6400000000000001,0.1,0.1,0.3,0.09999994,0.09999994,0.29999977,5.0357847,4.600362e-09,0.0
1.645,0.1,0.1,0.3,0.09999994,0.09999994,0.29999977,5.0357914,2.8033316e-09,0.0
1.6500000000000001,0.1,0.1,0.3,0.09999994,0.09999994,0.29999977,5.035798,-1.9386779e-09,0.0
1.655,0.1,0.1,0.3,0.09999994,0.09999994,0.29999977,5.035805,-2.065918e-09,0.0
1.6600000000000001,0.1,0.1,0.3,0.09999994,0.09999994,0.29999977,5.035812,6.6034858e-09,0.0
1.665,0.1,0.1,0.3,0.09999994,0.09999994,0.29999977,5.035818,4.853713e-09,0.0
1.67,0.1,0.1,0.3,0.09999994,0.09999994,0.29999977,5.035825,7.0608293e-09,0.0
1.675,0.1,0.1,0.3,0.09999994,0.09999994,0.29999977,5.0358305,-6.875602e-09,0.0
1.68,0.1,0.1,0.3,0.09999994,0.09999994,0.29999977,5.035837,2.9376737e-09,0.0
1.685,0.1,0.1,0.3,0.09999994,0.09999994,0.29999977,5.035844,3.086257e-09,0.0
1.69,0.1,0.1,0.3,0.09999994,0.09999994,0.29999977,5.035851,1.800565e-09,0.0
1.695,0.1,0.1,0.3,0.09999994,0.09999994,0.29999977,5.0358577,8.7908845e-09,0.0
1.7,0.1,0.1,0.3,0.09999994,0.09999994,0.29999977,5.0358634,-1.4410111e-08,0.0
1.705,0.1,0.1,0.3,0.09999994,0.09999994,0.29999977,5.0358686,-1.02633155e-08,0.0
1.71,0.1,0.1,0.3,0.09999994,0.09999994,0.29999977,5.035874,3.3821095e-09,0.0
1.715,0.1,0.1,0.3,0.09999994,0.09999994,0.29999977,5.035879,-3.611608e-09,0.0
1.72,0.1,0.1,0.3,0.09999994,0.09999994,0.29999977,5.035884,-8.789816e-09,0.0
1.725,0.1,0.1,0.3,0.09999994,0.09999994,0.29999977,5.035889,5.0096727e-09,0.0
1.73,0.1,0.1,0.3,0.09999994,0.09999994,0.29999977,5.0358944,7.3440085e-09,0.0
1.735,0.1,0.1,0.3,0.09999994,0.09999994,0.29999977,5.0358996,-5.435433e-09,0.0
1.74,0.1,0.1,0.3,0.09999994,0.09999994,0.29999977,5.0359044,-8.7927905e-09,0.0
1.745,0.1,0.1,0.3,0.09999994,0.09999994,0.29999977,5.0359097,6.822071e-09,0.0
1.75,0.1,0.1,0.3,0.09999994,0.09999994,0.29999977,5.035915,6.6701937e-09,0.0
1.7550000000000001,0.1,0.1,0.3,0.09999994,0.09999994,0.29999977,5.03592,6.5186976e-09,0.0
1.76,0.1,0.1,0.3,0.09999994,0.09999994,0.29999977,5.035925,2.6074114e-09,0.0
1.7650000000000001,0.1,0.1,0.3,0.09999994,0.09999994,0.29999977,5.03593,-4.4182116e-09,0.0
1.77,0.1,0.1,0.3,0.09999994,0.09999994,0.29999977,5.0359354,8.689883e-09,0.0
1.7750000000000001,0.1,0.1,0.3,0.09999994,0.09999994,0.29999977,5.0359406,-1.4131886e-09,0.0
1.78,0.1,0.1,0.3,0.09999994,0.09999994,0.29999977,5.0359454,-1.0764757e-08,0.0
1.7850000000000001,0.1,0.1,0.3,0.09999994,0.09999994,0.29999977,5.0359507,7.915839e-09,0.0
1.79,0.1,0.1,0.3,0.09999994,0.09999994,0.29999977,5.035956,4.257644e-09,0.0
1.795,0.1,0.1,0.3,0.09999994,0.09999994,0.29999977,5.035961,4.1864268e-09,0.0
1.8,0.1,0.1,0.3,0.09999994,0.09999994,0.29999977,5.035966,4.1151815e-09,0.0
1.805,0.1,0.1,0.3,0.09999994,0.09999994,0.29999977,5.035971,9.613839e-09,0.0
1.81,0.1,0.1,0.3,0.09999994,0.09999994,0.29999977,5.0359764,1.6876394e-09,0.0
1.815,0.1,0.1,0.3,0.09999994,0.09999994,0.29999977,5.0359817,4.292358e-09,0.0
1.82,0.1,0.1,0.3,0.09999994,0.09999994,0.29999977,5.0359864,-1.8136254e-09,0.0
1.825,0.1,0.1,0.3,0.09999994,0.09999994,0.29999977,5.0359917,1.985513e-09,0.0
1.83,0.1,0.1,0.3,0.09999994,0.09999994,0.29999977,5.035997,2.004342e-09,0.0
1.835,0.1,0.1,0.3,0.09999994,0.09999994,0.29999977,5.036002,2.0231707e-09,0.0
1.84,0.1,0.1,0.3,0.09999994,0.09999994,0.29999977,5.036007,2.0418875e-09,0.0
1.845,0.1,0.1,0.3,0.09999994,0.09999994,0.29999977,5.036012,6.8645973e-09,0.0
1.85,0.1,0.1,0.3,0.09999994,0.09999994,0.29999977,5.0360174,7.0439663e-09,0.0
1.855,0.1,0.1,0.3,0.09999994,0.09999994,0.29999977,5.036022,3.9738715e-09,0.0
1.86,0.1,0.1,0.3,0.09999994,0.09999994,0.29999977,5.0360274,-9.95332e-09,0.0
1.865,0.1,0.1,0.3,0.09999994,0.09999994,0.29999977,5.0360327,-5.8460103e-09,0.0
1.87,0.1,0.1,0.3,0.09999994,0.09999994,0.29999977,5.036038,-3.50902e-09,0.0
1.875,0.1,0.1,0.3,0.09999994,0.09999994,0.29999977,5.0360427,-3.5584613e-09,0.0
1.8800000000000001,0.1,0.1,0.3,0.09999994,0.09999994,0.29999977,5.036048,-3.6078978e-09,0.0
1.885,0.1,0.1,0.3,0.09999994,0.09999994,0.29999977,5.036053,-2.3152777e-09,0.0
1.8900000000000001,0.1,0.1,0.3,0.09999994,0.09999994,0.29999977,5.0360584,6.540431e-09,0.0
1.895,0.1,0.1,0.3,0.09999994,0.09999994,0.29999977,5.036063,-3.5091953e-12,0.0
1.9000000000000001,0.1,0.1,0.3,0.09999994,0.09999994,0.29999977,5.0360684,3.1862002e-09,0.0
1.905,0.1,0.1,0.3,0.09999994,0.09999994,0.29999977,5.0360737,-2.2869744e-09,0.0
1.9100000000000001,0.1,0.1,0.3,0.09999994,0.09999994,0.29999977,5.036079,8.899738e-09,0.0
1.915,0.1,0.1,0.3,0.09999994,0.09999994,0.29999977,5.0360837,4.398397e-09,0.0
1.92,0.1,0.1,0.3,0.09999994,0.09999994,0.29999977,5.036089,7.453883e-09,0.0
1.925,0.1,0.1,0.3,0.09999994,0.09999994,0.29999977,5.036094,6.5069843e-09,0.0
1.93,0.1,0.1,0.3,0.09999994,0.09999994,0.29999977,5.0360994,1.1016369e-09,0.0
1.935,0.1,0.1,0.3,0.09999994,0.09999994,0.29999977,5.036104,-1.0511903e-08,0.0
1.94,0.1,0.1,0.3,0.09999994,0.09999994,0.29999977,5.0361094,-1.0352522e-08,0.0
1.945,0.1,0.1,0.3,0.09999994,0.09999994,0.29999977,5.0361147,2.4127864e-09,0.0
1.95,0.1,0.1,0.3,0.09999994,0.09999994,0.29999977,5.03612,9.761521e-09,0.0
1.955,0.1,0.1,0.3,0.09999994,0.09999994,0.29999977,5.0361247,1.4406045e-08,0.0
1.96,0.1,0.1,0.3,0.09999994,0.09999994,0.29999977,5.03613,1.0038333e-08,0.0
1.965,0.1,0.1,0.3,0.09999994,0.09999994,0.29999977,5.036135,5.425336e-09,0.0
1.97,0.1,0.1,0.3,0.09999994,0.09999994,0.29999977,5.0361404,4.906024e-09,0.0
1.975,0.1,0.1,0.3,0.09999994,0.09999994,0.29999977,5.036145,2.637217e-09,0.0
1.98,0.1,0.1,0.3,0.09999994,0.09999994,0.29999977,5.0361505,-1.6557246e-08,0.0
1.985,0.1,0.1,0.3,0.09999994,0.09999994,0.29999977,5.0361557,-1.6687768e-08,0.0
1.99,0.1,0.1,0.3,0.09999994,0.09999994,0.29999977,5.036161,2.3357067e-09,0.0
1.995,0.1,0.1,0.3,0.09999994,0.09999994,0.29999977,5.0361657,-4.0992374e-09,0.0
2.0,0.10702426,0.10095882,0.288,0.09999994,0.09999994,0.29999977,5.036171,-3.7101537e-09,0.0
2.005,0.10702426,0.10095882,0.288,0.09999994,0.09999994,0.29999977,5.036176,-4.680578e-09,0.0
2.0100000000000002,0.10702426,0.10095882,0.288,0.09999994,0.09999994,0.29999977,5.0361814,-7.3423188e-09,0.0
2.015,0.10702426,0.10095882,0.288,0.09999994,0.09999994,0.29999977,5.036186,-4.4027826e-09,0.0
2.02,0.11404853,0.101917654,0.276,0.09999994,0.09999994,0.29999977,5.0361915,8.85138e-09,0.0
2.025,0.11404853,0.101917654,0.276,0.09999994,0.09999994,0.29999977,5.0361967,-9.647252e-10,0.0
2.0300000000000002,0.11404853,0.101917654,0.276,0.09999994,0.09999994,0.29999977,5.0362015,-8.7059275e-09,0.0
2.035,0.11404853,0.101917654,0.276,0.09999994,0.09999994,0.29999977,5.0362067,-7.3217445e-09,0.0
2.04,0.12107281,0.10287647,0.264,0.10003166,0.10000427,0.29994562,5.036212,2.0749298e-09,0.0
2.045,0.12107281,0.10287647,0.264,0.10042628,0.10005814,0.2992715,5.0332503,1.9605135e-08,0.0
2.05,0.12107281,0.10287647,0.264,0.10079863,0.100108966,0.2986354,5.0283303,-1.3114943e-08,0.0
2.055,0.12107281,0.10287647,0.264,0.10114996,0.100156926,0.2980352,5.0262265,-5.020414e-09,0.0
2.06,0.12809709,0.10383529,0.252,0.10151318,0.10020651,0.29741472,5.0289764,3.7433598e-08,0.0
2.065,0.12809709,0.10383529,0.252,0.10222059,0.100303076,0.2962062,5.037988,-6.0247753e-09,0.0
2.07,0.12809709,0.10383529,0.252,0.10288808,0.10039419,0.2950659,5.055414,2.0446207e-08,0.0
2.075,0.12809709,0.10383529,0.252,0.1035179,0.10048016,0.29398996,5.0823054,-4.7725055e-09,0.0
2.08,0.13512135,0.10479412,0.24,0.10414389,0.10056561,0.29292056,5.1177897,-3.214691e-08,0.0
2.085,0.13512135,0.10479412,0.24,0.105099246,0.10069602,0.29128847,5.1600347,8.932425e-09,0.0
2.09,0.13512135,0.10479412,0.24,0.10600069,0.10081907,0.2897485,5.208856,-4.6347943e-09,0.0
2.095,0.13512135,0.10479412,0.24,0.106851265,0.10093518,0.28829542,5.2639437,2.4358407e-08,0.0
2.1,0.14214562,0.10575292,0.228,0.10768555,0.101049066,0.28687018,5.3238015,-3.031885e-08,0.0
2.105,0.14214562,0.10575292,0.228,0.10883744,0.1012063,0.28490233,5.3865323,-2.8040391e-08,0.0
2.11,0.14214562,0.10575292,0.228,0.10992433,0.101354666,0.28304553,5.4522743,3.4417662e-09,0.0
2.115,0.14214562,0.10575292,0.228,0.11094988,0.101494655,0.2812935,5.521276,-7.89957e-09,0.0
2.12,0.14916988,0.10671176,0.216,0.111949265,0.101631075,0.2795862,5.5927134,5.88395e-09,0.0
2.125,0.14916988,0.10671176,0.216,0.113256946,0.101809576,0.2773522,5.6653466,1.20018715e-08,0.0
2.13,0.14916988,0.10671176,0.216,0.11449083,0.101978004,0.2752443,5.739885,-2.7278503e-08,0.0
2.1350000000000002,0.14916988,0.10671176,0.216,0.11565508,0.102136925,0.27325535,5.817011,3.1498566e-08,0.0
2.14,0.15619415,0.10767058,0.204,0.11678534,0.10229121,0.27132446,5.896444,1.6518712e-08,0.0
2.145,0.15619415,0.10767058,0.204,0.11821651,0.102486566,0.2688795,5.9779673,1.3585234e-08,0.0
2.15,0.15619415,0.10767058,0.204,0.11956691,0.1026709,0.26657254,6.063087,-1.0060423e-08,0.0
2.1550000000000002,0.15619415,0.10767058,0.204,0.1208411,0.10284483,0.26439574,6.152775,1.5338513e-08,0.0
2.16,0.16321841,0.1086294,0.192,0.1220751,0.10301327,0.26228765,6.246438,2.282714e-08,0.0
2.165,0.16321841,0.1086294,0.192,0.123604156,0.10322199,0.25967547,6.34273,2.8584843e-08,0.0
2.17,0.16321841,0.1086294,0.192,0.12504692,0.10341893,0.25721073,6.441988,-1.8847594e-08,0.0
2.1750000000000003,0.16321841,0.1086294,0.192,0.12640826,0.10360476,0.25488508,6.5444274,-1.7891784e-08,0.0
2.18,0.1702427,0.109588236,0.18,0.1277245,0.10378443,0.2526365,6.6490703,5.8031535e-09,0.0
2.185,0.1702427,0.109588236,0.18,0.12933114,0.104003735,0.24989177,6.754482,2.6700695e-09,0.0
2.19,0.1702427,0.109588236,0.18,0.13084711,0.10421067,0.24730195,6.8611207,1.1701689e-08,0.0
2.195,0.1702427,0.109588236,0.18,0.13227753,0.104405925,0.24485828,6.9694347,1.5929427e-08,0.0
2.2,0.17726697,0.11054705,0.16799998,0.13365895,0.10459449,0.24249834,7.0787463,8.782261e-09,0.0
2.205,0.17726697,0.11054705,0.16799998,0.13532709,0.104822196,0.23964855,7.1879454,9.478086e-09,0.0
2.21,0.17726697,0.11054705,0.16799998,0.1369011,0.10503705,0.23695958,7.2977767,-7.547639e-09,0.0
2.215,0.17726697,0.11054705,0.16799998,0.13838626,0.10523978,0.23442236,7.4089246,-5.6764965e-10,0.0
2.22,0.18429124,0.11150587,0.156,0.13981934,0.105435394,0.23197414,7.520883,3.7698134e-09,0.0
2.225,0.18429124,0.11150587,0.156,0.14153624,0.10566975,0.22904107,7.6326685,-3.4016198e-10,0.0
2.23,0.18429124,0.11150587,0.156,0.14315625,0.105890885,0.22627352,7.7450943,3.268313e-08,0.0
2.235,0.18429124,0.11150587,0.156,0.14468482,0.10609954,0.22366215,7.8590817,-1.3339725e-08,0.0
2.24,0.19131552,0.1124647,0.144,0.14615886,0.10630075,0.22114398,7.9753494,5.048181e-09,0.0
2.245,0.19131552,0.1124647,0.144,0.1479144,0.10654038,0.21814488,8.094085,5.916498e-09,0.0
2.25,0.19131552,0.1124647,0.144,0.14957087,0.10676649,0.21531503,8.216617,2.2534197e-09,0.0
2.255,0.19131552,0.1124647,0.144,0.15113385,0.10697984,0.21264488,8.343675,-5.1812803e-09,0.0
2.2600000000000002,0.19833978,0.113423504,0.13199998,0.15264034,0.107185476,0.21007124,8.474464,6.636452e-09,0.0
2.265,0.19833978,0.113423504,0.13199998,0.15442652,0.10742929,0.2070198,8.608415,1.129682e-08,0.0
2.27,0.19833978,0.113423504,0.13199998,0.15611188,0.10765935,0.20414059,8.745797,7.697463e-09,0.0
2.275,0.19833978,0.113423504,0.13199998,0.15770213,0.10787642,0.20142385,8.886201,6.7128583e-09,0.0
2.2800000000000002,0.20536406,0.11438234,0.12,0.15923436,0.10808557,0.19880626,9.028218,9.193997e-09,0.0
2.285,0.20536406,0.11438234,0.12,0.1610448,0.1083327,0.19571336,9.170218,5.4977525e-09,0.0
2.29,0.20536406,0.11438234,0.12,0.16275309,0.10856588,0.192795,9.312587,9.257282e-09,0.0
2.295,0.20536406,0.11438234,0.12,0.16436496,0.108785905,0.19004132,9.45578,6.4925643e-09,0.0
2.3000000000000003,0.21238832,0.11534118,0.10800001,0.16591759,0.108997844,0.18738887,9.599191,1.2869845e-08,0.0
2.305,0.21238832,0.11534118,0.10800001,0.16774729,0.1092476,0.18426308,9.741853,1.2921309e-08,0.0
2.31,0.21238832,0.11534118,0.10800001,0.16947372,0.109483264,0.1813137,9.8853445,8.938261e-09,0.0
2.315,0.21238832,0.11534118,0.10800001,0.17110273,0.10970563,0.17853075,10.031715,1.2486095e-08,0.0
2.32,0.2194126,0.116299994,0.096,0.17267153,0.10991977,0.17585069,10.18152,5.894486e-09,0.0
2.325,0.2194126,0.116299994,0.096,0.17451648,0.11017161,0.17269884,10.334263,5.3074376e-09,0.0
2.33,0.2194126,0.116299994,0.096,0.17625731,0.11040924,0.16972487,10.49084,1.652448e-08,0.0
2.335,0.2194126,0.116299994,0.096,0.17789991,0.110633455,0.16691872,10.651769,1.5529137e-08,0.0
2.34,0.22643687,0.11725882,0.08399999,0.17948152,0.11084934,0.16421677,10.816216,5.635964e-09,0.0
2.345,0.22643687,0.11725882,0.08399999,0.18133856,0.111102834,0.16104427,10.982752,2.3426634e-09,0.0
2.35,0.22643687,0.11725882,0.08399999,0.1830908,0.11134202,0.1580508,11.151741,4.1634793e-09,0.0
2.355,0.22643687,0.11725882,0.08399999,0.18474416,0.111567706,0.15522628,11.323483,2.738803e-09,0.0
2.36,0.23346113,0.118217655,0.072000004,0.18633594,0.11178499,0.15250696,11.49714,8.021461e-09,0.0
2.365,0.23346113,0.118217655,0.072000004,0.18820256,0.11203978,0.14931808,11.671381,1.7570477e-08,0.0
2.37,0.23346113,0.118217655,0.072000004,0.18996385,0.1122802,0.14630917,11.847219,8.49141e-09,0.0
2.375,0.23346113,0.118217655,0.072000004,0.19162574,0.112507045,0.14347005,12.026215,1.4756825e-08,0.0
2.38,0.2404854,0.119176455,0.06,0.19322556,0.11272542,0.14073698,12.208591,7.271989e-09,0.0
2.3850000000000002,0.2404854,0.119176455,0.06,0.19509979,0.11298126,0.13753513,12.393596,1.7893136e-08,0.0
2.39,0.2404854,0.119176455,0.06,0.19686824,0.11322266,0.13451396,12.582066,5.841656e-09,0.0
2.395,0.2404854,0.119176455,0.06,0.1985369,0.11345043,0.13166328,12.774548,8.166476e-09,0.0
2.4,0.24750967,0.120135285,0.047999993,0.2001431,0.11366968,0.1289193,12.970231,1.5452798e-09,0.0
2.4050000000000002,0.24750967,0.120135285,0.047999993,0.20202334,0.113926336,0.12570715,13.167683,1.2903409e-08,0.0
2.41,0.24750967,0.120135285,0.047999993,0.20379749,0.11416851,0.122676276,13.367362,7.221022e-09,0.0
2.415,0.24750967,0.120135285,0.047999993,0.20547152,0.11439702,0.11981644,13.569618,1.13857705e-08,0.0
2.42,0.25453395,0.12109411,0.036000002,0.20708278,0.11461696,0.11706382,13.773738,1.698036e-08,0.0
2.4250000000000003,0.25453395,0.12109411,0.036000002,0.2089678,0.114874266,0.113843516,13.97906,1.6324211e-08,0.0
2.43,0.25453395,0.12109411,0.036000002,0.21074645,0.11511705,0.110804945,14.186833,1.1764455e-08,0.0
2.435,0.25453395,0.12109411,0.036000002,0.21242473,0.11534613,0.10793785,14.397896,1.7503906e-08,0.0
2.44,0.2615582,0.12205292,0.023999996,0.21404,0.11556662,0.10517838,14.611635,1.5906933e-08,0.0
2.445,0.2615582,0.12205292,0.023999996,0.21592881,0.115824446,0.10195161,14.82679,2.0280263e-08,0.0
2.45,0.2615582,0.12205292,0.023999996,0.21771102,0.11606772,0.098906934,15.043877,1.5796532e-08,0.0
2.455,0.2615582,0.12205292,0.023999996,0.21939266,0.11629727,0.09603408,15.26328,1.1664846e-08,0.0
2.46,0.2685825,0.12301176,0.012000007,0.2210111,0.11651819,0.09326918,15.484147,2.1660137e-08,0.0
2.465,0.2685825,0.12301176,0.012000007,0.22290291,0.11677643,0.09003728,15.705199,2.2004818e-08,0.0
2.47,0.2685825,0.12301176,0.012000007,0.22468796,0.11702009,0.08698777,15.9275,1.5551729e-08,0.0
2.475,0.2685825,0.12301176,0.012000007,0.22637227,0.11725,0.08411036,16.152067,1.8294164e-08,0.0
2.48,0.27560675,0.123970576,0.0,0.22799325,0.11747127,0.08134115,16.37848,5.801097e-09,0.0
2.485,0.27560675,0.123970576,0.0,0.22988744,0.11772983,0.07810519,16.605564,9.614242e-09,0.0
2.49,0.27560675,0.123970576,0.0,0.23167473,0.1179738,0.07505185,16.833883,1.0833615e-08,0.0
2.495,0.27560675,0.123970576,0.0,0.23336115,0.118204,0.072170824,17.063871,1.7308798e-08,0.0
2.5,0.27560675,0.123970576,0.0,0.23498413,0.11842553,0.0693982,17.294758,5.4502963e-10,0.0
2.505,0.27560675,0.123970576,0.0,0.2368802,0.11868435,0.066159025,17.525175,1.5824165e-08,0.0
2.5100000000000002,0.27560675,0.123970576,0.0,0.23866926,0.11892856,0.06310265,17.755852,1.0086094e-08,0.0
2.515,0.27560675,0.123970576,0.0,0.24035737,0.11915899,0.06021875,17.987642,2.1969234e-08,0.0
2.52,0.45831695,0.14970067,0.019965935,0.24198192,0.11938074,0.05744343,18.22011,2.8689126e-08,0.0
2.525,0.45831695,0.14970067,0.019965935,0.24387948,0.11963976,0.0542017,18.452148,1.5242277e-08,0.0
2.5300000000000002,0.45831695,0.14970067,0.019965935,0.24566996,0.11988416,0.051142912,18.684397,1.9659359e-08,0.0
2.535,0.45831695,0.14970067,0.019965935,0.2473594,0.12011477,0.048256744,18.917421,1.539545e-08,0.0
2.54,0.53294235,0.31088483,0.16631374,0.24895349,0.12033237,0.045533452,19.150484,1.6465014e-08,0.0
2.545,0.53294235,0.31088483,0.16631374,0.2504576,0.12053768,0.042963844,19.382215,1.3148528e-08,0.0
2.5500000000000003,0.53294235,0.31088483,0.16631374,0.25187686,0.12073141,0.040539246,19.61105,1.7575061e-08,0.0
2.555,0.53294235,0.31088483,0.16631374,0.25321603,0.12091421,0.03825148,19.835566,2.1526544e-08,0.0
2.56,0.5401259,0.44956136,0.11261663,0.2553045,0.12120286,0.036182955,20.054413,1.41161705e-08,0.0
2.565,0.5401259,0.44956136,0.11261663,0.26676118,0.12281109,0.035267774,20.270967,1.9735447e-08,0.0
2.57,0.5401259,0.44956136,0.11261663,0.27757132,0.12432855,0.03440424,20.541271,1.7750825e-08,0.0
2.575,0.5401259,0.44956136,0.11261663,0.2877714,0.12576039,0.033589438,20.920057,2.1943254e-08,0.0
2.58,0.5771195,0.5131673,0.112481035,0.29773277,0.12783912,0.03348133,21.42929,4.5024734e-08,0.0
2.585,0.5771195,0.5131673,0.112481035,0.31100646,0.138169,0.040977515,22.070988,6.11538e-08,0.0
2.59,0.5771195,0.5131673,0.112481035,0.32353106,0.14791594,0.048050664,22.854557,4.931508e-08,0.0
2.595,0.5771195,0.5131673,0.112481035,0.33534884,0.15711284,0.054724652,23.78162,9.379481e-08,0.0
2.6,0.6,0.6,0.0,0.34653217,0.1664168,0.06077958,24.840277,4.101983e-08,0.0
2.605,0.6,0.6,0.0,0.3574573,0.1823956,0.06370492,26.012058,7.0940786e-08,0.0
2.61,0.6,0.6,0.0,0.36776593,0.19747268,0.06646518,27.280115,9.007056e-08,0.0
2.615,0.6,0.6,0.0,0.3774928,0.2116989,0.06906966,28.628143,6.025766e-08,0.0
2.62,0.5213586,0.5882062,0.0,0.38683775,0.22540945,0.07152655,30.040688,1.4682516e-07,0.0
2.625,0.5213586,0.5882062,0.0,0.397576,0.24164861,0.07383775,31.502535,1.0064267e-07,0.0
2.63,0.5213586,0.5882062,0.0,0.40770826,0.25697133,0.07601852,33.005344,1.141461e-07,0.0
2.6350000000000002,0.5213586,0.5882062,0.0,0.41726872,0.27142933,0.07807622,34.47153,1.4588603e-07,0.0
2.64,0.6,0.6,0.0,0.42639294,0.28546345,0.07950999,35.777443,8.3155456e-08,0.0
2.645,0.6,0.6,0.0,0.4361902,0.30321383,0.075022966,36.8276,0.009946729,0.0
2.65,0.6,0.6,0.0,0.44543454,0.3199625,0.070789166,37.54288,0.15535831,0.0
2.6550000000000002,0.6,0.6,0.0,0.4541572,0.335766,0.06679429,37.915916,0.45993847,0.0
2.66,0.535419,0.6,0.0,0.4620326,0.35062438,0.06302486,37.98989,0.87333995,0.0
2.665,0.535419,0.6,0.0,0.46538055,0.36403194,0.059468158,37.825287,1.3266406,0.0
2.67,0.535419,0.6,0.0,0.4685396,0.37668285,0.056112166,37.466347,1.7703944,0.0
2.6750000000000003,0.535419,0.6,0.0,0.47152036,0.38861984,0.052945565,36.95342,2.1602123,0.0
2.68,0.520104,0.6,0.0,0.47468793,0.3999364,0.049957667,36.328983,2.4499712,0.0
2.685,0.520104,0.6,0.0,0.48175973,0.4112267,0.047138385,35.634533,2.5954826,0.0
2.69,0.520104,0.6,0.0,0.48843244,0.42187983,0.044478204,34.92345,2.54002,0.0
2.695,0.520104,0.6,0.0,0.49472857,0.43193176,0.04196815,34.239017,2.2392392,0.0
2.7,0.44586632,0.6,0.0,0.50037783,0.44141644,0.039599743,33.606705,1.6693212,0.0
2.705,0.44586632,0.6,0.0,0.50235534,0.45036584,0.037364993,33.03737,0.8228369,0.0
2.71,0.44586632,0.6,0.0,0.50422126,0.4588102,0.03525636,32.461746,3.4087e-08,0.0
2.715,0.44586632,0.6,0.0,0.50598186,0.46677804,0.033266723,31.774069,-5.9324816e-09,0.0
2.72,0.46712947,0.6,0.0,0.50757396,0.4742962,0.031389367,31.154581,2.7604097e-08,0.0
2.725,0.46712947,0.6,0.0,0.50828105,0.48139012,0.029617958,30.595581,-1.6425998e-08,0.0
2.73,0.46712947,0.6,0.0,0.50894827,0.4880837,0.027946515,30.0861,2.5916527e-09,0.0
2.735,0.46712947,0.6,0.0,0.5095778,0.49439952,0.026369398,29.616081,6.0169647e-09,0.0
2.74,0.34006917,0.5849803,0.0,0.5098367,0.50035894,0.024881283,29.178284,-9.755831e-09,0.0
2.745,0.34006917,0.5849803,0.0,0.5062266,0.50598204,0.023477146,28.766037,-7.780251e-09,0.0
2.75,0.34006917,0.5849803,0.0,0.50282025,0.5112878,0.02215225,29.156628,5.862851e-08,0.0
2.755,0.34006917,0.5849803,0.0,0.49960616,0.5162941,0.020902123,30.386503,1.3779601e-07,0.0
2.7600000000000002,0.29591936,0.3933448,0.0,0.49666944,0.5210179,0.019722546,31.99311,9.616061e-08,0.0
2.765,0.29591936,0.3933448,0.0,0.4950024,0.52547514,0.018609535,33.64243,5.7058525e-08,0.0
2.77,0.29591936,0.3933448,0.0,0.49342942,0.52968085,0.017559335,35.125515,6.892331e-05,0.0
2.775,0.29591936,0.3933448,0.0,0.49194524,0.5336492,0.016568402,36.3268,0.023744013,0.0
2.7800000000000002,0.43397057,0.34705046,0.0,0.48997116,0.5373258,0.015633391,37.18631,0.19121037,0.0
2.785,0.43397057,0.34705046,0.0,0.48151168,0.5400151,0.014751146,37.712456,0.50624514,0.0
2.79,0.43397057,0.34705046,0.0,0.4735296,0.54255265,0.0139186885,37.902378,0.9706656,0.0
2.795,0.43397057,0.34705046,0.0,0.465998,0.54494697,0.013133209,37.770416,1.5662447,0.0
2.8000000000000003,0.18258323,0.1039198,0.0,0.45869207,0.546341,0.012392057,37.361313,2.240772,0.0
2.805,0.18258323,0.1039198,0.0,0.44950625,0.5377069,0.011692731,36.73628,2.9246192,0.0
2.81,0.18258323,0.1039198,0.0,0.4408388,0.5295601,0.01103287,34.95427,4.664282,0.0
2.815,0.18258323,0.1039198,0.0,0.43266052,0.521873,0.010410247,32.152733,7.2681227,0.0
2.82,0.42546943,0.21426705,0.0,0.425567,0.51441073,0.009822762,29.03506,9.928521,0.0
2.825,0.42546943,0.21426705,0.0,0.42604125,0.504966,0.00926843,26.059614,12.13602,0.0
2.83,0.42546943,0.21426705,0.0,0.42648873,0.4960543,0.008745381,22.72243,14.456585,0.0
2.835,0.42546943,0.21426705,0.0,0.42691097,0.4876455,0.008251849,19.235956,16.644203,0.0
2.84,0.24720652,0.18865386,0.0,0.42617443,0.4786136,0.0077861687,16.147636,18.102781,0.0
2.845,0.24720652,0.18865386,0.0,0.41242775,0.45746833,0.007346769,14.567628,17.644842,0.0
2.85,0.24720652,0.18865386,0.0,0.39945683,0.4375164,0.0069321655,14.520628,15.302123,0.0
2.855,0.24720652,0.18865386,0.0,0.3872179,0.41869038,0.0065409597,15.413678,11.76355,0.0
2.86,0.2823776,0.23849776,0.06765184,0.37676623,0.40142497,0.006171831,16.778774,7.563349,0.0
2.865,0.2823776,0.23849776,0.06765184,0.37951472,0.390863,0.0058235335,18.298487,3.0610569,0.0
2.87,0.2823776,0.23849776,0.06765184,0.3821081,0.3808971,0.0054948917,18.945875,-4.5468415e-08,0.0
2.875,0.2823776,0.23849776,0.06765184,0.38455513,0.3714936,0.005184796,18.541084,0.048626587,0.0
2.88,0.45120472,0.37886125,0.011346531,0.38605925,0.36250514,0.0048922,18.056051,6.6318266e-09,0.0
2.8850000000000002,0.45120472,0.37886125,0.011346531,0.37822333,0.35269412,0.0046161166,17.62808,6.2248517e-09,0.0
2.89,0.45120472,0.37886125,0.011346531,0.3708296,0.34343678,0.0043556136,17.936592,3.3392045e-08,0.0
2.895,0.45120472,0.37886125,0.011346531,0.36385313,0.33470184,0.0041098115,19.022892,6.357888e-08,0.0
2.9,0.4901929,0.31698114,0.17934367,0.35742915,0.3266849,0.004183307,20.524422,7.3834926e-08,0.0
2.9050000000000002,0.4901929,0.31698114,0.17934367,0.35319373,0.3217082,0.0077650524,22.16451,6.092937e-08,0.0
2.91,0.4901929,0.31698114,0.17934367,0.34919733,0.31701234,0.011144668,23.748484,1.2877176e-07,0.0
2.915,0.4901929,0.31698114,0.17934367,0.34542647,0.31258148,0.01433356,25.157558,2.9428433e-08,0.0
2.92,0.38781264,0.31311193,0.23368679,0.3426306,0.30903438,0.017088292,26.335865,0.00025841102,0.0
2.9250000000000003,0.38781264,0.31311193,0.23368679,0.3487578,0.31297496,0.016764265,27.276833,0.00063719274,0.0
2.93,0.38781264,0.31311193,0.23368679,0.35453925,0.31669316,0.016458523,27.955643,0.024320878,0.0
2.935,0.38781264,0.31311193,0.23368679,0.3599944,0.32020152,0.016170036,28.413216,0.052702703,0.0
2.94,0.6,0.44406104,0.18556218,0.36531773,0.32323253,0.016656281,28.724909,0.0062962226,0.0
2.945,0.6,0.44406104,0.18556218,0.37236485,0.32287973,0.025837285,28.918264,1.3536489e-08,0.0
2.95,0.6,0.44406104,0.18556218,0.37901428,0.32254684,0.034500174,28.449286,0.54671377,0.0
2.955,0.6,0.44406104,0.18556218,0.38528848,0.32223275,0.042674184,27.392262,1.496959,0.0
2.96,0.4534991,0.4657691,0.29590848,0.39074638,0.3219189,0.05063225,26.144922,2.396938,0.0
2.965,0.4534991,0.4657691,0.29590848,0.39058083,0.3214219,0.06096264,24.951355,2.976346,0.0
2.97,0.4534991,0.4657691,0.29590848,0.3904246,0.32095292,0.070710056,24.6898,2.2662482,0.0
2.975,0.4534991,0.4657691,0.29590848,0.3902772,0.32051042,0.07990739,25.369848,0.29258728,0.0
2.98,0.6,0.4860507,0.19007699,0.3910961,0.32068408,0.088368416,26.136274,8.768937e-08,0.0
2.985,0.6,0.4860507,0.19007699,0.40288526,0.32764667,0.09385339,27.04321,6.617252e-08,0.0
2.99,0.6,0.4860507,0.19007699,0.41400912,0.33421633,0.09902883,27.984783,5.7716715e-08,0.0
2.995,0.6,0.4860507,0.19007699,0.42450523,0.34041524,0.103912205,28.916403,7.748799e-08,0.0
3.0,0.4638048,0.5004301,0.14798117,0.4337476,0.34636232,0.10901817,29.806507,6.278181e-08,0.0
3.005,0.4638048,0.5004301,0.14798117,0.43486223,0.35310087,0.119565025,30.630907,2.9896018e-08,0.0
3.0100000000000002,0.4638048,0.5004301,0.14798117,0.43591398,0.35945913,0.12951669,31.335598,5.3651796e-08,0.0
3.015,0.4638048,0.5004301,0.14798117,0.43690637,0.36545858,0.13890675,31.874147,4.371994e-08,0.0
3.02,0.6,0.44910753,0.113044724,0.43850416,0.37121102,0.1472891,32.23056,1.590955e-08,0.0
3.025,0.6,0.44910753,0.113044724,0.44761792,0.3776918,0.14970377,32.412685,9.340399e-09,0.0
3.0300000000000002,0.6,0.44910753,0.113044724,0.45621735,0.38380685,0.15198217,32.470894,-4.105486e-09,0.0
3.035,0.6,0.44910753,0.113044724,0.4643315,0.38957682,0.154132,32.46257,3.5013814e-09,0.0
3.04,0.49423692,0.4582143,0.025581034,0.47137287,0.39508608,0.15597044,32.429607,2.2629558e-09,0.0
3.045,0.49423692,0.4582143,0.025581034,0.47094578,0.40103102,0.15551957,32.397614,-6.049402e-09,0.0
3.0500000000000003,0.49423692,0.4582143,0.025581034,0.4705428,0.40664044,0.15509416,33.09376,7.061833e-08,0.0
3.055,0.49423692,0.4582143,0.025581034,0.47016254,0.4119333,0.15469275,34.553997,1.09824875e-07,0.0
3.06,0.6,0.3881585,0.0,0.47041863,0.41669577,0.15415627,36.359722,1.7077723e-07,0.0
3.065,0.6,0.3881585,0.0,0.47773135,0.4185249,0.1518362,37.34511,0.7442462,0.0
3.0700000000000003,0.6,0.3881585,0.0,0.4846314,0.42025077,0.14964707,37.339813,2.3520403,0.0
3.075,0.6,0.3881585,0.0,0.49114203,0.42187926,0.14758147,36.80436,4.292074,0.0
3.08,0.58032846,0.41441748,0.0,0.49680778,0.42345697,0.14523758,36.05177,6.211068,0.0
3.085,0.58032846,0.41441748,0.0,0.4966627,0.42541844,0.13848495,35.279785,7.893539,0.0
3.09,0.58032846,0.41441748,0.0,0.49652582,0.42726922,0.1321134,35.533653,8.192194,0.0
3.095,0.58032846,0.41441748,0.0,0.49639666,0.42901555,0.12610142,36.808826,7.154713,0.0
3.1,0.5864693,0.4407572,0.0,0.49675226,0.43034706,0.12031322,38.53562,5.4429197,0.0
3.105,0.5864693,0.4407572,0.0,0.5025789,0.4279662,0.113523535,39.386124,4.54665,0.0
3.11,0.5864693,0.4407572,0.0,0.5080767,0.4257197,0.10711701,38.382782,5.52787,0.0
3.115,0.5864693,0.4407572,0.0,0.5132643,0.4236,0.101072036,36.05971,7.7378125,0.0
3.12,0.5457186,0.4875036,0.0,0.5180703,0.42171845,0.0953682,33.259235,10.206235,0.0
3.125,0.5457186,0.4875036,0.0,0.52158374,0.42130643,0.08998625,30.518564,12.331041,0.0
3.13,0.5457186,0.4875036,0.0,0.5248989,0.42091766,0.084908016,28.13224,13.798131,0.0
3.1350000000000002,0.5457186,0.4875036,0.0,0.52802694,0.42055082,0.08011637,26.22919,14.484965,0.0
3.14,0.5106281,0.46794865,0.0,0.5310062,0.4203236,0.075595126,24.838278,14.38104,0.0
3.145,0.5106281,0.46794865,0.0,0.5341362,0.42147675,0.071329035,23.926348,13.542091,0.0
3.15,0.5106281,0.46794865,0.0,0.5370895,0.4225648,0.067303695,24.245163,11.15749,0.0
3.1550000000000002,0.5106281,0.46794865,0.0,0.5398762,0.42359146,0.063505515,25.664871,7.4059267,0.0
3.16,0.45773664,0.42654565,0.0,0.5423216,0.42477122,0.059921682,27.578423,2.9804301,0.0
3.165,0.45773664,0.42654565,0.0,0.5425133,0.4283114,0.056540098,29.277502,1.5184893e-08,0.0
3.17,0.45773664,0.42654565,0.0,0.5426942,0.43165183,0.053349346,30.51491,6.42885e-08,0.0
3.1750000000000003,0.45773664,0.42654565,0.0,0.54286486,0.43480372,0.05033866,31.756731,7.299689e-08,0.0
3.18,0.47649738,0.40692315,0.0,0.5428675,0.43768948,0.047497876,32.876854,4.91795e-08,0.0
3.185,0.47649738,0.40692315,0.0,0.5410481,0.4393971,0.04481741,33.802357,7.882536e-08,0.0
3.19,0.47649738,0.40692315,0.0,0.5393314,0.44100836,0.04228821,35.34969,1.04924396e-07,0.0
3.1950000000000003,0.47649738,0.40692315,0.0,0.53771156,0.4425287,0.03990174,37.5851,2.1466185e-07,0.0
3.2,0.47378248,0.40466514,0.0,0.53594434,0.4437763,0.03764995,40.063232,1.8897339e-07,0.0
3.205,0.47378248,0.40466514,0.0,0.5315308,0.44280392,0.035525233,42.48021,1.9267888e-07,0.0
3.21,0.47378248,0.40466514,0.0,0.52736634,0.4418864,0.033520423,43.777996,0.91866475,0.0
3.215,0.47378248,0.40466514,0.0,0.5234369,0.44102067,0.03162875,43.81936,3.0080192,0.0
3.22,0.465763,0.42634022,0.0,0.5198139,0.4401152,0.029843831,43.094494,5.6972985,0.0
3.225,0.465763,0.42634022,0.0,0.5173694,0.43824208,0.028159643,41.9657,8.572689,0.0
3.23,0.465763,0.42634022,0.0,0.51506287,0.43647465,0.026570497,40.69792,11.340425,0.0
3.235,0.465763,0.42634022,0.0,0.51288646,0.43480697,0.025071034,39.462917,13.818865,0.0
3.24,0.5264743,0.49973997,0.0,0.5108206,0.4332232,0.02365619,38.3554,15.916563,0.0
3.245,0.5264743,0.49973997,0.0,0.5087304,0.43161157,0.02232119,37.41839,17.601046,0.0
3.25,0.5264743,0.49973997,0.0,0.50675815,0.4300909,0.02106153,36.660736,18.877245,0.0
3.255,0.5264743,0.49973997,0.0,0.50489724,0.42865604,0.019872956,36.071274,19.770866,0.0
3.2600000000000002,0.5473536,0.5682971,0.0,0.5031051,0.42740002,0.018751457,35.629726,20.315819,0.0
3.265,0.5473536,0.5682971,0.0,0.5009978,0.4273402,0.01769325,35.309814,20.550697,0.0
3.27,0.5473536,0.5682971,0.0,0.49900937,0.42728376,0.01669476,35.073067,20.525467,0.0
3.275,0.5473536,0.5682971,0.0,0.49713317,0.4272305,0.015752617,34.88469,20.283924,0.0
3.2800000000000002,0.53949386,0.6,0.0,0.49563694,0.42751163,0.014863644,34.72122,19.855938,0.0
3.285,0.53949386,0.6,0.0,0.4973772,0.43158773,0.014024838,35.406044,18.34786,0.0
3.29,0.53949386,0.6,0.0,0.49901924,0.43543378,0.013233368,35.943127,16.874025,0.0
3.295,0.53949386,0.6,0.0,0.5005686,0.4390628,0.012486564,35.855595,15.945755,0.0
3.3000000000000003,0.5610485,0.6,0.0,0.50212485,0.44279653,0.011781905,35.397602,15.26937,0.0
3.305,0.5610485,0.6,0.0,0.50467724,0.44987896,0.011117011,34.751476,14.63579,0.0
3.31,0.5610485,0.6,0.0,0.5070856,0.45656168,0.010489641,34.02811,13.918888,0.0
3.315,0.5610485,0.6,0.0,0.5093581,0.4628673,0.009897674,33.296642,13.041037,0.0
3.3200000000000003,0.5822218,0.6,0.0,0.51146686,0.4689602,0.009339115,32.601467,11.953299,0.0
3.325,0.5822218,0.6,0.0,0.5130485,0.47635522,0.008812076,31.966751,10.629807,0.0
3.33,0.5822218,0.6,0.0,0.5145409,0.48333293,0.008314781,31.392658,9.07146,0.0
3.335,0.5822218,0.6,0.0,0.5159491,0.48991686,0.00784555,30.871374,7.2876124,0.0
3.34,0.5793331,0.6,0.0,0.5173751,0.4961292,0.0074027986,30.396156,5.28609,0.0
3.345,0.5793331,0.6,0.0,0.51983976,0.501991,0.0069850334,29.9621,3.0723975,0.0
3.35,0.5793331,0.6,0.0,0.5221653,0.507522,0.006590844,29.571589,0.64391816,0.0
3.355,0.5793331,0.6,0.0,0.52435964,0.51274085,0.0062189004,28.890882,-3.6487058e-09,0.0
3.36,0.5819032,0.6,0.0,0.52652574,0.5176652,0.005867947,28.278416,-8.030009e-09,0.0
3.365,0.5819032,0.6,0.0,0.52966887,0.5223116,0.005536799,27.836973,2.8364056e-09,0.0
3.37,0.5819032,0.6,0.0,0.5326346,0.52669585,0.0052243383,27.540056,-7.3994033e-09,0.0
3.375,0.5819032,0.6,0.0,0.535433,0.53083265,0.004929511,27.359709,9.793577e-09,0.0
3.38,0.5896392,0.58764887,0.0,0.5380604,0.534736,0.0046513216,27.266874,5.4955245e-09,0.0
3.3850000000000002,0.5896392,0.58764887,0.0,0.5403896,0.53841907,0.0043888316,27.234497,-3.6458936e-09,0.0
3.39,0.5896392,0.58764887,0.0,0.54258734,0.5418943,0.0041411547,27.237877,7.695432e-09,0.0
3.395,0.5896392,0.58764887,0.0,0.54466105,0.5451734,0.003907455,27.258759,1.4650191e-09,0.0
3.4,0.5839932,0.5608366,0.0,0.5466293,0.5482675,0.003686944,27.28351,-5.911599e-09,0.0
3.4050000000000002,0.5839932,0.5608366,0.0,0.5486199,0.5511869,0.0034788772,27.302994,-3.923144e-09,0.0
3.41,0.5839932,0.5608366,0.0,0.5504982,0.5539416,0.0032825524,27.312658,1.2137983e-09,0.0
3.415,0.5839932,0.5608366,0.0,0.5522705,0.55654085,0.0030973067,27.311321,-2.2446072e-09,0.0
3.42,0.5725166,0.5285089,0.0,0.55397767,0.5589376,0.0029225152,27.29901,3.152965e-09,0.0
3.4250000000000003,0.5725166,0.5285089,0.0,0.55599016,0.5605579,0.0027575877,27.277485,6.267801e-09,0.0
3.43,0.5725166,0.5285089,0.0,0.5578891,0.56208676,0.0026019677,27.253706,3.370226e-09,0.0
3.435,0.5725166,0.5285089,0.0,0.5596809,0.5635293,0.0024551298,27.234697,-1.7641707e-09,0.0
3.44,0.5610707,0.49015352,0.0,0.56134605,0.5647694,0.0023165783,27.224434,-3.2952576e-09,0.0
3.4450000000000003,0.5610707,0.49015352,0.0,0.5626241,0.5645474,0.002185846,27.225357,-4.570294e-09,0.0
3.45,0.5610707,0.49015352,0.0,0.56383,0.564338,0.0020624911,26.186535,1.0154966,0.0
3.455,0.5610707,0.49015352,0.0,0.5649679,0.56414044,0.0019460977,24.158758,2.8624587,0.0
3.46,0.545377,0.44953367,0.0,0.56598973,0.563808,0.0018362728,21.809256,4.773891,0.0
3.465,0.545377,0.44953367,0.0,0.5663581,0.561816,0.0017326457,19.586487,6.249514,0.0
3.47,0.545377,0.44953367,0.0,0.56670564,0.55993634,0.0016348666,17.762716,7.000319,0.0
3.475,0.545377,0.44953367,0.0,0.5670336,0.5581628,0.0015426055,16.45415,6.918249,0.0
3.48,0.52512795,0.41775706,0.0,0.5672913,0.5563162,0.001455551,15.658136,6.0283456,0.0
3.485,0.52512795,0.41775706,0.0,0.56694025,0.5525824,0.0013734093,15.299851,4.4332967,0.0
3.49,0.52512795,0.41775706,0.0,0.566609,0.54905933,0.0012959031,16.371576,1.0448141,0.0
3.495,0.52512795,0.41775706,0.0,0.56629646,0.54573506,0.0012227709,18.043108,1.2008464e-07,0.0
3.5,0.5143758,0.4000297,0.0,0.5659307,0.542415,0.0011537657,20.213303,1.6098251e-07,0.0
3.505,0.5143758,0.4000297,0.0,0.5647708,0.5371734,0.0010886547,22.623943,4.7441315e-08,0.0
3.5100000000000002,0.5143758,0.4000297,0.0,0.56367636,0.5322276,0.0010272183,24.950947,2.1416147e-07,0.0
3.515,0.5143758,0.4000297,0.0,0.56264365,0.5275609,0.0009692489,27.001251,0.0067389263,0.0
3.52,0.41138712,0.50291705,0.0,0.5615778,0.52301407,0.00091455085,28.674198,0.13163944,0.0
3.525,0.41138712,0.50291705,0.0,0.5595208,0.51707405,0.00086293963,29.960783,0.44433656,0.0
3.5300000000000002,0.41138712,0.50291705,0.0,0.5575799,0.51146924,0.000814241,30.915873,0.8825911,0.0
3.535,0.41138712,0.50291705,0.0,0.5557485,0.50618076,0.0007682906,31.609045,1.3689927,0.0
3.54,0.30759546,0.56836826,0.0,0.55397195,0.5011107,0.00072493334,32.10727,1.8305564,0.0
3.545,0.30759546,0.56836826,0.0,0.5517374,0.49540633,0.0006840229,32.469276,2.2049296,0.0
3.5500000000000003,0.30759546,0.56836826,0.0,0.549629,0.4900239,0.00064542115,32.745316,2.4404426,0.0
3.555,0.30759546,0.56836826,0.0,0.5476395,0.48494524,0.0006089978,32.97407,2.499125,0.0
3.56,0.4748799,0.35017353,0.0,0.5452973,0.48061767,0.00057463,33.181896,2.3572605,0.0
3.565,0.4748799,0.35017353,0.0,0.5377403,0.4818761,0.0005422017,33.3779,2.0103729,0.0
3.5700000000000003,0.4748799,0.35017353,0.0,0.5306097,0.48306352,0.0005116034,34.422897,0.50396883,0.0
3.575,0.4748799,0.35017353,0.0,0.5238816,0.4841839,0.00048273185,35.87734,9.50962e-08,0.0
3.58,0.4789303,0.3619658,0.008889288,0.5170646,0.48553658,0.00045548964,37.52334,1.8225491e-07,0.0
3.585,0.4789303,0.3619658,0.008889288,0.50524354,0.49021104,0.00042978482,39.159023,1.2141851e-07,0.0
3.59,0.4789303,0.3619658,0.008889288,0.49408957,0.49462172,0.0004055306,40.54165,0.029648516,0.0
3.595,0.4789303,0.3619658,0.008889288,0.48356506,0.4987835,0.0003826451,41.48514,0.31783956,0.0
3.6,0.29491752,0.49986872,0.0,0.47438973,0.5017253,0.00036105115,41.932903,0.94194794,0.0
3.605,0.29491752,0.49986872,0.0,0.4744174,0.49317273,0.0003406758,41.91924,1.8579862,0.0
3.61,0.29491752,0.49986872,0.0,0.4744435,0.4851028,0.0003214503,39.762638,4.932504,0.0
3.615,0.29491752,0.49986872,0.0,0.4744681,0.47748828,0.00030330976,35.732414,9.787819,0.0
3.62,0.33778793,0.5634799,0.0,0.47450963,0.4703567,0.0003263252,31.076427,14.980767,0.0
3.625,0.33778793,0.5634799,0.0,0.4747591,0.46423984,0.0008095624,26.59514,19.618158,0.0
3.63,0.33778793,0.5634799,0.0,0.4749945,0.45846817,0.0012655288,22.764383,23.203072,0.0
3.6350000000000002,0.33778793,0.5634799,0.0,0.47521663,0.4530222,0.0016957636,19.807226,25.53475,0.0
3.64,0.54828334,0.39971575,0.14348842,0.47459546,0.44850618,0.0020615864,17.761232,26.617378,0.0
3.645,0.54828334,0.39971575,0.14348842,0.4644556,0.45140475,0.001945244,17.457352,25.596573,0.0
3.65,0.54828334,0.39971575,0.14348842,0.454888,0.45413974,0.0018354673,19.44799,21.931177,0.0
3.6550000000000002,0.54828334,0.39971575,0.14348842,0.4458603,0.45672038,0.0017318856,22.832088,16.640652,0.0
3.66,0.51458424,0.54229516,0.20773983,0.4375356,0.4594426,0.0016341493,26.509876,10.94089,0.0
3.665,0.51458424,0.54229516,0.20773983,0.43190652,0.46531376,0.0015419287,29.827888,5.5542517,0.0
3.67,0.51458424,0.54229516,0.20773983,0.4265951,0.47085363,0.0014549125,32.46993,0.8257295,0.0
3.6750000000000003,0.51458424,0.54229516,0.20773983,0.4215834,0.47608083,0.0013728068,33.821976,0.0017904566,0.0
3.68,0.44494176,0.6,0.063447565,0.41780487,0.48027372,0.001943138,34.64324,0.12479833,0.0
3.685,0.44494176,0.6,0.063447565,0.42516822,0.47572756,0.009931022,35.077557,0.4505003,0.0
3.69,0.44494176,0.6,0.063447565,0.43211603,0.47143796,0.017468123,33.53554,2.7484157,0.0
3.6950000000000003,0.44494176,0.6,0.063447565,0.43867174,0.46739042,0.024579879,30.247799,6.694117,0.0
3.7,0.49807647,0.6,0.06370014,0.44470537,0.464215,0.031580366,26.37952,10.941334,0.0
3.705,0.49807647,0.6,0.06370014,0.44864887,0.46862134,0.041521646,22.67054,14.662788,0.0
3.71,0.49807647,0.6,0.06370014,0.45236984,0.472779,0.050901905,20.398134,16.478695,0.0
3.715,0.49807647,0.6,0.06370014,0.45588082,0.47670203,0.059752803,19.666344,16.34411,0.0
3.72,0.6,0.6,0.06818769,0.45887923,0.4806642,0.06745278,19.921654,14.916748,0.0
3.725,0.6,0.6,0.06818769,0.4580927,0.4873987,0.06722675,20.724155,12.706826,0.0
3.73,0.6,0.6,0.06818769,0.45735055,0.4937532,0.06701348,22.608686,9.138045,0.0
3.735,0.6,0.6,0.06818769,0.4566503,0.49974906,0.06681224,25.2858,4.556969,0.0
3.74,0.6,0.6,0.02701092,0.45622942,0.50540656,0.0666235,28.012064,-7.5859975e-07,0.0
3.745,0.6,0.6,0.02701092,0.45859098,0.5107448,0.06645852,29.776274,1.4865897e-07,0.0
3.75,0.6,0.6,0.02701092,0.46081927,0.51578176,0.06630286,30.56352,0.83899194,0.0
3.755,0.6,0.6,0.02701092,0.46292183,0.52053446,0.06615598,30.233192,2.665875,0.0
3.7600000000000002,0.6,0.6,0.1864208,0.4653659,0.525019,0.06603765,29.267899,4.91971,0.0
3.765,0.6,0.6,0.1864208,0.47296375,0.52925044,0.06615898,28.023531,7.1955056,0.0
3.77,0.6,0.6,0.1864208,0.48013285,0.53324306,0.066273466,26.773378,9.191975,0.0
3.775,0.6,0.6,0.1864208,0.48689735,0.5370104,0.06638149,25.694412,10.7236595,0.0
3.7800000000000002,0.6,0.6,0.48791423,0.4932801,0.5405651,0.06629752,24.870554,11.712846,0.0
3.785,0.6,0.6,0.48791423,0.4993027,0.5439192,0.06408045,24.321333,12.154087,0.0
3.79,0.6,0.6,0.48791423,0.5049854,0.54708403,0.061988488,24.025478,12.085828,0.0
3.795,0.6,0.6,0.48791423,0.51034737,0.5500703,0.060014583,23.938923,11.569488,0.0
3.8000000000000003,0.4307569,0.5798795,0.540304,0.5154068,0.552888,0.058871757,24.008907,10.673614,0.0
3.805,0.4307569,0.5798795,0.540304,0.52018064,0.55554664,0.06606978,24.183779,9.463163,0.0
3.81,0.4307569,0.5798795,0.540304,0.52468514,0.5580553,0.0728616,24.418808,7.9934297,0.0
3.815,0.4307569,0.5798795,0.540304,0.52893543,0.56042236,0.07927013,24.678892,6.307451,0.0
3.8200000000000003,0.34424105,0.49593,0.6,0.5329459,0.56265587,0.086678155,24.938986,4.4359317,0.0
3.825,0.34424105,0.49593,0.6,0.53673,0.5647633,0.109321274,25.182955,2.3988078,0.0
3.83,0.34424105,0.49593,0.6,0.54030055,0.56675184,0.13068657,25.402359,0.20694456,0.0
3.835,0.34424105,0.49593,0.6,0.5436696,0.56862813,0.15084614,25.24874,3.6412933e-09,0.0
3.84,0.34472248,0.6,0.6,0.5460844,0.57030773,0.17010456,25.170938,-3.7168628e-09,0.0
3.845,0.34472248,0.6,0.6,0.53957605,0.5708479,0.19099618,25.185484,3.5413061e-09,0.0
3.85,0.34472248,0.6,0.6,0.53343505,0.5713576,0.21070881,26.079279,3.3359427e-08,0.0
3.855,0.34472248,0.6,0.6,0.5276406,0.57183856,0.229309,27.84664,1.795017e-07,0.0
3.86,0.027613718,0.6,0.6,0.5217825,0.57191336,0.24712901,29.963287,1.5715558e-07,0.0
3.865,0.027613718,0.6,0.6,0.5117633,0.56762534,0.26704273,32.054935,8.513336e-08,0.0
3.87,0.027613718,0.6,0.6,0.50230944,0.5635793,0.28583264,32.782047,1.1915406,0.0
3.875,0.027613718,0.6,0.6,0.4933891,0.55976164,0.30356216,32.148888,2.9482622,0.0
3.88,0.0,0.6,0.6,0.48497432,0.55662924,0.32029116,30.942326,3.2452018,0.0
3.8850000000000002,0.0,0.6,0.6,0.47705942,0.5590768,0.33607608,29.646936,0.6047926,0.0
3.89,0.0,0.6,0.6,0.4695912,0.5613862,0.3509702,28.379488,2.3662457e-08,0.0
3.895,0.0,0.6,0.6,0.46254444,0.5635653,0.36502382,27.895117,3.9036796e-09,0.0
3.9,0.0,0.6,0.6,0.4544637,0.56562144,0.37828434,27.970825,1.6789679e-08,0.0
3.9050000000000002,0.0,0.6,0.6,0.4303751,0.5675615,0.3907965,28.324492,1.4980008e-08,0.0
3.91,0.0,0.6,0.6,0.4076459,0.56939214,0.40260258,28.643442,3.98532e-08,0.0
3.915,0.0,0.6,0.6,0.3861994,0.5711194,0.4137424,28.684559,-5.5365033e-09,0.0
3.92,0.0,0.6,0.6,0.36583853,0.57274926,0.42425355,28.325865,-3.355538e-08,0.0
3.9250000000000003,0.0,0.6,0.6,0.345193,0.5742871,0.43417153,27.531507,5.966796e-09,0.0
3.93,0.0,0.6,0.6,0.3257126,0.5757382,0.44352978,26.312998,2.1421718e-08,0.0
3.935,0.0,0.6,0.6,0.30733153,0.57710737,0.45235994,24.717033,-1.120468e-07,0.0
3.94,0.0,0.6,0.6,0.28998777,0.5783993,0.46069178,22.816881,9.631136e-08,0.0
3.9450000000000003,0.0,0.6,0.6,0.27362278,0.5796183,0.46855342,20.704185,3.1633967e-08,0.0
3.95,0.0,0.6,0.6,0.2581813,0.58076847,0.4759714,18.479834,1.0180498e-08,0.0
3.955,0.0,0.6,0.6,0.24361125,0.58185375,0.48297074,16.239666,-1.2286664e-07,0.0
3.96,0.1153071,0.31568322,0.6,0.22986344,0.5828778,0.48957512,14.061194,-6.857038e-08,0.0
3.9650000000000003,0.1153071,0.31568322,0.6,0.21689145,0.58384407,0.49580678,11.999863,-3.47704e-08,0.0
3.97,0.1153071,0.31568322,0.6,0.20465153,0.5847558,0.50168675,10.092487,2.8759185e-08,0.0
3.975,0.1153071,0.31568322,0.6,0.19310234,0.58561605,0.50723493,8.364626,-2.8947403e-08,0.0
3.98,0.44250128,0.3769088,0.5884787,0.18220492,0.5864278,0.51247,6.8372245,4.2073385e-08,0.0
3.985,0.44250128,0.3769088,0.5884787,0.17192248,0.5871937,0.5174096,5.52705,8.2674866e-08,0.0
3.99,0.44250128,0.3769088,0.5884787,0.1622203,0.58791643,0.52207047,4.4393587,2.6429564e-08,0.0
3.995,0.44250128,0.3769088,0.5884787,0.15306565,0.5885984,0.5264683,3.5665443,4.5491273e-08,0.0
4.0,0.14239419,0.18541798,0.5658709,0.14494821,0.5879582,0.53061795,2.8822799,3.2647815e-08,0.0
4.005,0.14239419,0.18541798,0.5658709,0.14327547,0.5725928,0.53453344,1.4358349,4.8086615e-09,0.0
4.01,0.14239419,0.18541798,0.5658709,0.14169712,0.5580945,0.5382279,-5.0009956e-09,2.6865141e-08,0.0
4.015,0.14239419,0.18541798,0.5658709,0.14020784,0.5444144,0.54171395,8.822015e-09,2.8122441e-08,0.0
4.0200000000000005,0.0,0.0,0.5639222,0.14027978,0.53178275,0.5449512,-1.1926133e-08,4.9401518e-08,0.0
4.025,0.0,0.0,0.5639222,0.15733518,0.5230427,0.5474076,1.1616322e-08,-3.0679722e-08,0.0
4.03,0.0,0.0,0.5639222,0.17342807,0.51479584,0.5497254,-1.10546505e-08,3.4282532e-09,0.0
4.035,0.0,0.0,0.5639222,0.18861279,0.5070144,0.55191237,1.3391369e-08,4.805248e-08,0.0
4.04,0.44446093,0.0,0.4306411,0.2015857,0.49880758,0.55387384,1.1713155e-08,3.508409e-08,0.0
4.045,0.44446093,0.0,0.4306411,0.19824532,0.48112193,0.5545509,-3.2620893e-09,-2.0679526e-08,0.0
4.05,0.44446093,0.0,0.4306411,0.19509345,0.46443436,0.5551897,0.30993778,4.6909893e-08,0.0
4.055,0.44446093,0.0,0.4306411,0.19211945,0.4486885,0.5557925,0.9825201,1.4114728e-07,0.0
4.0600000000000005,0.6,0.13325676,0.46085238,0.18867043,0.43299416,0.5563525,1.8473439,6.583124e-08,0.0
4.065,0.6,0.13325676,0.46085238,0.17802311,0.40855882,0.5567797,2.7455695,4.210559e-09,0.0
4.07,0.6,0.13325676,0.46085238,0.16797666,0.38550246,0.5571828,3.559667,-3.529154e-08,0.0
4.075,0.6,0.13325676,0.46085238,0.15849717,0.36374724,0.5575631,4.2330747,-4.311794e-08,0.0
4.08,0.33791625,0.30667764,0.0,0.15155923,0.34321976,0.5573203,4.7634006,4.910447e-08,0.0
4.085,0.33791625,0.30667764,0.0,0.16808867,0.3238507,0.5501714,5.184282,-4.723308e-08,0.0
4.09,0.33791625,0.30667764,0.0,0.1836853,0.3055747,0.54342586,5.4047832,4.1192738e-08,0.0
4.095,0.33791625,0.30667764,0.0,0.19840176,0.28833008,0.53706104,5.5792737,1.1238342e-07,0.0
4.1,0.27820885,0.32171226,0.1267768,0.21298993,0.27266023,0.53119177,5.929938,6.9942905e-09,0.0
4.105,0.27820885,0.32171226,0.1267768,0.23483023,0.26479322,0.5272223,6.556753,-2.5809346e-08,0.0
4.11,0.27820885,0.32171226,0.1267768,0.255438,0.25737017,0.5234768,7.504017,-3.550884e-08,0.0
4.115,0.27820885,0.32171226,0.1267768,0.27488282,0.25036603,0.5199427,8.762256,9.0616794e-08,0.0
4.12,0.6,0.59947765,0.29083467,0.29204708,0.2445401,0.51452744,10.520667,8.40167e-08,0.0
4.125,0.6,0.59947765,0.29083467,0.29463562,0.24804673,0.48549092,12.718614,6.1637415e-08,0.0
4.13,0.6,0.59947765,0.29083467,0.2970781,0.25135547,0.45809302,15.071565,6.8988946e-08,0.0
4.135,0.6,0.59947765,0.29083467,0.29938275,0.2544775,0.43224126,17.3553,1.6709265e-07,0.0
4.14,0.6,0.6,0.39082703,0.30128777,0.2574912,0.40842077,19.445137,9.481643e-08,0.0
4.1450000000000005,0.6,0.6,0.39082703,0.29998535,0.2611154,0.39252663,21.282911,3.2464364e-08,0.0
4.15,0.6,0.6,0.39082703,0.29875642,0.2645351,0.37752947,23.32962,3.1141937e-08,0.0
4.155,0.6,0.6,0.39082703,0.29759684,0.2677618,0.36337864,25.627434,1.0223728e-07,0.0
4.16,0.3413554,0.5404349,0.5019555,0.29795548,0.27206042,0.35076708,27.937958,9.340623e-08,0.0
4.165,0.3413554,0.5404349,0.5019555,0.3150009,0.2905377,0.3473849,29.602148,3.975367e-08,0.0
4.17,0.3413554,0.5404349,0.5019555,0.33108437,0.30797222,0.34419358,30.48259,1.378439e-08,0.0
4.175,0.3413554,0.5404349,0.5019555,0.3462602,0.32442287,0.34118235,30.795477,3.6285785e-09,0.0
4.18,0.34683046,0.6,0.4712261,0.36057958,0.3399475,0.3387925,30.71553,-3.1708325e-08,0.0
4.1850000000000005,0.34683046,0.6,0.4712261,0.37409088,0.35462314,0.341729,30.383211,-2.3771682e-08,0.0
4.19,0.34683046,0.6,0.4712261,0.38683972,0.36847058,0.34449977,29.911747,-1.8035376e-08,0.0
4.195,0.34683046,0.6,0.4712261,0.39886907,0.38153657,0.34711418,29.385084,3.4659713e-08,0.0
4.2,0.33081913,0.6,0.5392188,0.40905187,0.3935963,0.35008276,28.862637,8.4865315e-09,0.0
4.205,0.33081913,0.6,0.5392188,0.40523154,0.4018829,0.35865346,28.380857,1.642594e-09,0.0
4.21,0.33081913,0.6,0.5392188,0.4016268,0.40970185,0.36674047,28.560772,3.477012e-08,0.0
4.215,0.33081913,0.6,0.5392188,0.3982255,0.41707957,0.3743711,29.412966,6.23781e-08,0.0
4.22,0.0,0.6,0.6,0.39504084,0.42430985,0.3814324,30.56058,4.3875108e-08,0.0
4.225,0.0,0.6,0.6,0.39232016,0.43422464,0.3864998,31.737442,6.5602435e-08,0.0
4.23,0.0,0.6,0.6,0.389753,0.4435799,0.3912812,32.757748,8.9343395e-08,0.0
4.235,0.0,0.6,0.6,0.38733074,0.45240724,0.39579275,33.509125,4.356091e-08,0.0
4.24,0.0,0.6,0.6,0.3849729,0.4607364,0.40035668,33.942707,1.3481402e-08,0.0
4.245,0.0,0.6,0.6,0.38191682,0.4685955,0.40819314,34.055378,3.2919075e-08,0.0
4.25,0.0,0.6,0.6,0.3790332,0.4760111,0.41558737,33.869713,-3.87789e-09,0.0
4.255,0.0,0.6,0.6,0.37631232,0.4830082,0.4225643,33.426235,1.1263859e-08,0.0
4.26,0.0,0.6,0.6,0.37225145,0.48961046,0.4294219,32.776585,-4.8959315e-08,0.0
4.265,0.0,0.6,0.6,0.35124403,0.49584013,0.4390482,31.966642,1.006223e-08,0.0
4.2700000000000005,0.0,0.6,0.6,0.33142212,0.5017182,0.44813126,30.93575,-4.3374122e-08,0.0
4.275,0.0,0.6,0.6,0.31271884,0.5072646,0.45670173,29.614462,-4.1595603e-09,0.0
4.28,0.0,0.571088,0.6,0.29507104,0.51249796,0.46478853,27.985434,2.6717151e-08,0.0
4.285,0.0,0.571088,0.6,0.27841917,0.517436,0.47241896,26.069075,-8.372337e-08,0.0
4.29,0.0,0.571088,0.6,0.26270702,0.5220954,0.4796188,23.914831,-5.3568115e-08,0.0
4.295,0.0,0.571088,0.6,0.24788158,0.5264918,0.48641232,21.595112,5.0626117e-08,0.0
4.3,0.0006843209,0.53020465,0.6,0.23389277,0.5306401,0.49282247,19.194012,-2.9147708e-08,0.0
4.305,0.0006843209,0.53020465,0.6,0.22069341,0.53455436,0.49887085,16.790998,3.2638646e-08,0.0
4.3100000000000005,0.0006843209,0.53020465,0.6,0.20823893,0.5382477,0.50457793,14.451339,2.0355307e-08,0.0
4.315,0.0006843209,0.53020465,0.6,0.1964873,0.5417326,0.5099629,12.229271,-6.407845e-08,0.0
4.32,0.22686261,0.19167176,0.6,0.18539885,0.5448903,0.51504403,10.172328,9.153083e-08,0.0
4.325,0.22686261,0.19167176,0.6,0.17493616,0.5463687,0.5198384,8.321986,6.170586e-08,0.0
4.33,0.22686261,0.19167176,0.6,0.16506392,0.5477637,0.5243622,6.7170205,-3.5743938e-08,0.0
4.335,0.22686261,0.19167176,0.6,0.1557488,0.54907995,0.52863073,5.38428,1.2886412e-07,0.0
4.34,0.5657882,0.19370319,0.6,0.14696245,0.5501374,0.53265834,4.3269515,3.9683606e-10,0.0
4.345,0.5657882,0.19370319,0.6,0.13870747,0.54901254,0.5364587,3.5239377,3.0353924e-08,0.0
4.3500000000000005,0.5657882,0.19370319,0.6,0.13091835,0.54795116,0.54004455,2.076778,3.934005e-09,0.0
4.355,0.5657882,0.19370319,0.6,0.1235688,0.5469497,0.54342806,-0.0012706517,-3.607277e-07,0.0
4.36,0.32518613,0.5618972,0.48883554,0.117655136,0.54447633,0.5466206,1.9863649e-09,2.4212772e-08,0.0
4.365,0.32518613,0.5618972,0.48883554,0.123818085,0.52456635,0.54963297,-3.4017695e-09,-3.6167688e-08,0.0
4.37,0.32518613,0.5618972,0.48883554,0.12963323,0.50578,0.55247533,-5.144307e-10,-2.16503e-08,0.0
4.375,0.32518613,0.5618972,0.48883554,0.13512021,0.4880538,0.5551573,5.976001e-09,-4.682639e-08,0.0
4.38,0.0,0.20551945,0.6,0.14182769,0.4713371,0.55768794,7.949737e-09,4.800013e-09,0.0
4.385,0.0,0.20551945,0.6,0.16575323,0.45566928,0.56007576,3.3922263e-09,-6.3396875e-08,0.0
4.39,0.0,0.20551945,0.6,0.18832856,0.44088563,0.5623288,1.9934005e-08,-4.6388546e-08,0.0
4.3950000000000005,0.0,0.20551945,0.6,0.2096299,0.4269363,0.56445473,0.08448514,2.1180325e-08,0.0
4.4,0.05195101,0.0,0.5074997,0.22864288,0.41543645,0.5659588,0.44464034,5.4384064e-10,0.0
4.405,0.05195101,0.0,0.5074997,0.23409115,0.42370173,0.56160647,1.1869361,9.4918935e-09,0.0
4.41,0.05195101,0.0,0.5074997,0.23923194,0.43150058,0.55749977,2.7994401,1.7106092e-07,0.0
4.415,0.05195101,0.0,0.5074997,0.24408263,0.4388593,0.5536248,5.0591316,2.2680878e-07,0.0
4.42,0.45660484,0.0,0.5036637,0.24719147,0.44419384,0.5504704,7.381267,1.5957494e-07,0.0
4.425,0.45660484,0.0,0.5036637,0.23324162,0.43072462,0.5532655,9.388081,-7.232828e-08,0.0
4.43,0.45660484,0.0,0.5036637,0.220079,0.41801554,0.5559029,10.578722,4.6637442e-08,0.0
4.4350000000000005,0.45660484,0.0,0.5036637,0.2076592,0.40602365,0.55839145,10.873041,-7.1460505e-08,0.0
4.44,0.5769439,0.23661122,0.3106801,0.19617483,0.39378065,0.560322,10.486252,-1.189375e-08,0.0
4.445,0.5769439,0.23661122,0.3106801,0.18803579,0.37155825,0.55734104,9.651548,-2.328704e-08,0.0
4.45,0.5769439,0.23661122,0.3106801,0.18035606,0.35058996,0.5545283,8.6525135,-3.6227373e-08,0.0
4.455,0.5769439,0.23661122,0.3106801,0.17310973,0.33080497,0.55187434,7.742498,-3.6469192e-08,0.0
4.46,0.34519428,0.42142525,0.0,0.16809921,0.31213653,0.5493528,7.0774417,1.6880788e-08,0.0
4.465,0.34519428,0.42142525,0.0,0.18438056,0.2945216,0.54677445,6.7387505,-7.273231e-08,0.0
4.47,0.34519428,0.42142525,0.0,0.1997431,0.27790076,0.54434156,6.559619,5.536738e-08,0.0
4.4750000000000005,0.34519428,0.42142525,0.0,0.21423869,0.26221788,0.54204595,6.590989,-1.6666206e-08,0.0
4.48,0.29135755,0.31457937,0.16576955,0.22845954,0.24848825,0.5390087,6.9650235,-1.3338407e-08,0.0
4.485,0.29135755,0.31457937,0.16576955,0.2481257,0.247818,0.52612334,7.9234333,1.0741384e-07,0.0
4.49,0.29135755,0.31457937,0.16576955,0.26668203,0.24718556,0.51396513,9.451242,1.4457376e-07,0.0
4.495,0.29135755,0.31457937,0.16576955,0.28419116,0.24658881,0.5024931,11.369542,1.4990967e-07,0.0
4.5,0.6,0.5419042,0.26338792,0.29966593,0.24686012,0.49026582,13.278198,1.9396873e-07,0.0
4.505,0.6,0.5419042,0.26338792,0.30223525,0.25671142,0.46259844,15.271061,1.8514531e-07,0.0
4.51,0.6,0.5419042,0.26338792,0.30465958,0.2660068,0.43649244,17.343409,4.0096012e-08,0.0
4.515,0.6,0.5419042,0.26338792,0.30694708,0.2747776,0.4118597,19.336714,-1.5762962e-08,0.0
4.5200000000000005,0.6,0.5889087,0.5038311,0.30886245,0.28257105,0.38936543,21.161745,1.001852e-07,0.0
4.525,0.6,0.5889087,0.5038311,0.3078746,0.2843774,0.37674716,22.757374,1.2668637e-07,0.0
4.53,0.6,0.5889087,0.5038311,0.30694246,0.2860818,0.36484098,24.573172,1.078403e-07,0.0
4.535,0.6,0.5889087,0.5038311,0.30606297,0.28769,0.3536067,26.630194,1.9293623e-07,0.0
4.54,0.38354656,0.4685187,0.5513701,0.3066265,0.29023376,0.34344712,28.676254,2.2563768e-07,0.0
4.545,0.38354656,0.4685187,0.5513701,0.32318255,0.3044364,0.33892912,30.062008,4.7300574e-08,0.0
4.55,0.38354656,0.4685187,0.5513701,0.3388043,0.3178375,0.33466607,30.685822,6.9427074e-08,0.0
4.555,0.38354656,0.4685187,0.5513701,0.35354447,0.33048236,0.3306436,30.798038,-5.5625588e-08,0.0
4.5600000000000005,0.3489648,0.5660383,0.50610435,0.3674528,0.34262583,0.32793364,30.591063,-2.9790986e-08,0.0
4.565,0.3489648,0.5660383,0.50610435,0.38057622,0.3565244,0.33786014,30.208996,3.7115637e-08,0.0
4.57,0.3489648,0.5660383,0.50610435,0.39295906,0.36963865,0.34722644,29.749481,2.8058846e-08,0.0
4.575,0.3489648,0.5660383,0.50610435,0.4046431,0.3820128,0.35606417,29.276337,-1.8759017e-08,0.0
4.58,0.33327013,0.6,0.56031364,0.41469052,0.39314514,0.3646178,28.832914,-5.21552e-09,0.0
4.585,0.33327013,0.6,0.56031364,0.41293296,0.39739874,0.37515685,28.444973,4.589776e-09,0.0
4.59,0.33327013,0.6,0.56031364,0.41127458,0.40141228,0.38510117,28.760214,5.608708e-08,0.0
4.595,0.33327013,0.6,0.56031364,0.40970978,0.40519932,0.39448428,29.810734,7.793252e-08,0.0
4.6000000000000005,0.0,0.6,0.56344056,0.40807718,0.40921292,0.4031335,31.22259,4.626103e-08,0.0
4.605,0.0,0.6,0.56344056,0.40474126,0.4180631,0.40894452,32.72242,1.4447701e-07,0.0
4.61,0.0,0.6,0.56344056,0.4015936,0.42641386,0.41442758,34.09192,9.442588e-08,0.0
4.615,0.0,0.6,0.56344056,0.3986236,0.43429336,0.4196012,35.183853,2.7323749e-08,0.0
4.62,0.0,0.6,0.6,0.3957503,0.4418815,0.42472762,35.927223,5.1497285e-08,0.0
4.625,0.0,0.6,0.6,0.39222434,0.45080468,0.4323792,36.306572,-8.217538e-09,0.0
4.63,0.0,0.6,0.6,0.38889736,0.45922428,0.43959898,36.331676,2.3130324e-08,0.0
4.635,0.0,0.6,0.6,0.38575813,0.46716875,0.4464113,36.035015,9.705482e-09,0.0
4.64,0.0,0.6,0.6,0.38129145,0.47466487,0.45285332,35.46782,-4.6259252e-08,0.0
4.6450000000000005,0.0,0.6,0.6,0.35977387,0.48173797,0.45909414,34.680805,-1.8789247e-08,0.0
4.65,0.0,0.6,0.6,0.3394706,0.4884119,0.46498275,33.624012,-3.8159293e-08,0.0
4.655,0.0,0.6,0.6,0.32031313,0.4947092,0.47053906,32.240734,3.0471323e-09,0.0
4.66,0.0,0.5837621,0.6,0.30223677,0.5006511,0.47594687,30.524513,-2.4104999e-08,0.0
4.665,0.0,0.5837621,0.6,0.2851805,0.5062577,0.48294762,28.502077,4.722153e-08,0.0
4.67,0.0,0.5837621,0.6,0.2690868,0.5115479,0.48955327,26.222866,2.965938e-08,0.0
4.675,0.0,0.5837621,0.6,0.25390133,0.5165396,0.49578616,23.755604,-8.326875e-08,0.0
4.68,0.014471627,0.6,0.6,0.23957281,0.52124953,0.5016673,21.184715,1.2330545e-07,0.0
4.6850000000000005,0.014471627,0.6,0.6,0.2260529,0.5256937,0.5072166,18.598322,7.705717e-08,0.0
4.69,0.014471627,0.6,0.6,0.21329597,0.5298871,0.51245266,16.0721,1.0071091e-07,0.0
4.695,0.014471627,0.6,0.6,0.20125894,0.5338438,0.51739323,13.664136,5.432011e-08,0.0
4.7,0.19943674,0.23605937,0.6,0.18990122,0.5375039,0.52205503,11.422389,-2.3100466e-08,0.0
4.705,0.19943674,0.23605937,0.6,0.17918444,0.5401144,0.52645373,9.389817,-3.4080152e-08,0.0
4.71,0.19943674,0.23605937,0.6,0.16907245,0.54257756,0.5306042,7.6056175,-1.1821886e-07,0.0
4.715,0.19943674,0.23605937,0.6,0.15953112,0.5449017,0.53452045,6.0970535,-1.234572e-07,0.0
4.72,0.5501734,0.2740135,0.6,0.15059356,0.5471681,0.5382157,4.8749375,3.676179e-08,0.0
4.7250000000000005,0.5501734,0.2740135,0.6,0.14291173,0.55014956,0.5417024,3.92846,2.2770797e-08,0.0
4.73,0.5501734,0.2740135,0.6,0.13566342,0.5529628,0.5449923,3.2215874,6.777768e-08,0.0
4.735,0.5501734,0.2740135,0.6,0.12882416,0.5556173,0.5480966,2.7029612,8.028657e-10,0.0
4.74,0.32470265,0.5284895,0.4909801,0.123205915,0.55647886,0.5510257,2.3124804,1.9191729e-08,0.0
4.745,0.32470265,0.5284895,0.4909801,0.12750788,0.5383965,0.5537895,2.002653,4.410735e-08,0.0
4.75,0.32470265,0.5284895,0.4909801,0.13156708,0.5213346,0.5563973,0.7916131,-1.1947513e-07,0.0
4.755,0.32470265,0.5284895,0.4909801,0.1353972,0.50523555,0.558858,1.909049e-08,-1.8235777e-08,0.0
4.76,0.0,0.0975947,0.6,0.14059463,0.49021637,0.56117976,1.2831893e-08,-1.7124727e-09,0.0
4.765,0.0,0.0975947,0.6,0.16370855,0.4780153,0.5633705,2.1696344e-08,3.160833e-09,0.0
4.7700000000000005,0.0,0.0975947,0.6,0.18551809,0.4665028,0.5654377,-1.6211839e-08,2.2904489e-08,0.0
4.775,0.0,0.0975947,0.6,0.20609683,0.45563996,0.5673881,5.8522396e-09,-7.654723e-09,0.0
4.78,0.05712882,0.0,0.5038791,0.22449632,0.44653904,0.5687363,0.12579636,-3.3866e-08,0.0
4.785,0.05712882,0.0,0.5038791,0.23015131,0.4511638,0.5643483,0.52583075,-1.8784554e-08,0.0
4.79,0.05712882,0.0,0.5038791,0.23548716,0.45552754,0.56020784,1.8383836,3.0256356e-08,0.0
4.795,0.05712882,0.0,0.5038791,0.2405219,0.45964503,0.5563011,3.9180696,7.858097e-09,0.0
4.8,0.39784268,0.0,0.5018126,0.24380657,0.4615848,0.553107,6.173475,4.2196056e-08,0.0
4.805,0.39784268,0.0,0.5018126,0.23004773,0.44104362,0.55575335,8.196133,1.1219855e-07,0.0
4.8100000000000005,0.39784268,0.0,0.5018126,0.21706535,0.42166162,0.55825037,9.442418,2.484599e-08,0.0
4.815,0.39784268,0.0,0.5018126,0.20481561,0.40337342,0.5606064,9.831533,-5.5137748e-09,0.0
4.82,0.6,0.20437698,0.34804326,0.19351509,0.38567668,0.5623956,9.598604,-1.5081929e-08,0.0
4.825,0.6,0.20437698,0.34804326,0.18581834,0.36391163,0.5590933,8.98573,-4.014928e-08,0.0
4.83,0.6,0.20437698,0.34804326,0.17855595,0.34337485,0.55597734,8.249932,-5.4814382e-08,0.0
4.835,0.6,0.20437698,0.34804326,0.1717034,0.32399702,0.5530373,7.6015673,2.6814625e-08,0.0
4.84,0.44909754,0.29116488,0.09866715,0.16677578,0.30571276,0.5502538,7.1640363,-3.9070617e-08,0.0
4.845,0.44909754,0.29116488,0.09866715,0.17981566,0.28846034,0.5475201,6.994357,-8.355238e-09,0.0
4.8500000000000005,0.44909754,0.29116488,0.09866715,0.19211967,0.27218154,0.54494065,6.8960743,-1.5515788e-08,0.0
4.855,0.44909754,0.29116488,0.09866715,0.20372932,0.2568214,0.5425068,6.903611,4.7263168e-08,0.0
4.86,0.39166576,0.39509705,0.0,0.21559647,0.24325079,0.5395161,7.392059,1.8089648e-07,0.0
4.865,0.39166576,0.39509705,0.0,0.23728967,0.24105701,0.5287106,8.3922,1.10837895e-07,0.0
4.87,0.39166576,0.39509705,0.0,0.25775865,0.23898703,0.51851493,9.7912445,7.315392e-08,0.0
4.875,0.39166576,0.39509705,0.0,0.2770725,0.23703387,0.5088946,11.503444,1.0540267e-07,0.0
4.88,0.49571708,0.40989774,0.07931632,0.29461512,0.23558275,0.49869138,13.44022,3.4695415e-08,0.0
4.885,0.49571708,0.40989774,0.07931632,0.3033331,0.23871945,0.47611666,15.515099,1.2100111e-07,0.0
4.89,0.49571708,0.40989774,0.07931632,0.31155908,0.24167912,0.4548159,17.613585,1.4982727e-07,0.0
4.8950000000000005,0.49571708,0.40989774,0.07931632,0.31932086,0.24447177,0.4347172,19.642225,1.815328e-08,0.0
4.9,0.6,0.49062702,0.3244476,0.32638532,0.24757604,0.4153073,21.550028,8.043536e-08,0.0
4.905,0.6,0.49062702,0.3244476,0.3300693,0.25590116,0.3918701,23.312796,1.10446955e-07,0.0
4.91,0.6,0.49062702,0.3244476,0.3335454,0.26375645,0.36975554,24.911196,4.5648456e-08,0.0
4.915,0.6,0.49062702,0.3244476,0.3368253,0.27116844,0.34888896,26.341267,9.55138e-08,0.0
4.92,0.6,0.49582273,0.59444547,0.3403899,0.27822897,0.32955804,27.581827,1.4844656e-07,0.0
4.925,0.6,0.49582273,0.59444547,0.34915555,0.2856595,0.31543607,28.603289,9.435382e-08,0.0
4.93,0.6,0.49582273,0.59444547,0.35742652,0.29267067,0.30211103,29.417551,6.7348964e-08,0.0
4.9350000000000005,0.6,0.49582273,0.59444547,0.36523074,0.2992862,0.28953797,30.054764,5.3728478e-08,0.0
4.94,0.31987882,0.59633225,0.4695926,0.37306532,0.30589285,0.27878112,30.543549,3.824444e-09,0.0
4.945,0.31987882,0.59633225,0.4695926,0.385872,0.31631804,0.28135824,30.91116,2.8936643e-08,0.0
4.95,0.31987882,0.59633225,0.4695926,0.39795598,0.3261549,0.28378993,31.189104,1.8251972e-08,0.0
4.955,0.31987882,0.59633225,0.4695926,0.40935802,0.3354366,0.28608438,31.404194,7.921658e-09,0.0
4.96,0.35723817,0.6,0.6,0.4201166,0.344218,0.2894683,31.57686,7.958993e-09,0.0
4.965,0.35723817,0.6,0.6,0.43026805,0.35277355,0.3066792,31.723362,1.5763597e-08,0.0
4.97,0.35723817,0.6,0.6,0.4398466,0.3608463,0.32291883,31.854494,5.3247406e-09,0.0
4.9750000000000005,0.35723817,0.6,0.6,0.4488846,0.3684635,0.338242,31.977625,8.010817e-09,0.0
4.98,0.03990984,0.6,0.6,0.4561479,0.37610456,0.35213676,32.097954,7.9533713e-10,0.0
4.985,0.03990984,0.6,0.6,0.44845778,0.38853276,0.35876518,32.21119,-9.097397e-09,0.0
4.99,0.03990984,0.6,0.6,0.44120163,0.40025958,0.36501956,32.93934,3.4877832e-08,0.0
4.995,0.03990984,0.6,0.6,0.43435496,0.41132465,0.370921,34.242374,1.1298814e-07,0.0
5.0,0.0,0.6,0.6,0.42806333,0.4217818,0.37707812,35.684093,1.3547543e-07,0.0
5.005,0.0,0.6,0.6,0.42406642,0.43183926,0.38965836,36.97522,3.492405e-08,0.0
5.01,0.0,0.6,0.6,0.4202951,0.44132915,0.40152866,37.955864,5.1876924e-08,0.0
5.015,0.0,0.6,0.6,0.41673657,0.4502835,0.41272908,38.558277,2.1349475e-08,0.0
5.0200000000000005,0.0,0.6,0.6,0.41194624,0.45873252,0.42329744,38.772915,5.788408e-09,0.0
5.025,0.0,0.6,0.6,0.39095095,0.46670473,0.43326935,38.620136,-2.7494795e-09,0.0
5.03,0.0,0.6,0.6,0.3711405,0.47422704,0.44267854,38.04838,1.2602507e-08,0.0
5.035,0.0,0.6,0.6,0.35244805,0.48132485,0.45155674,37.01962,-3.7747842e-08,0.0
5.04,0.0,0.6,0.6,0.33463028,0.4880221,0.4599339,35.555027,5.203329e-09,0.0
5.045,0.0,0.6,0.6,0.31574595,0.49434137,0.46783832,33.70836,-6.2908487e-09,0.0
5.05,0.0,0.6,0.6,0.29792732,0.50030404,0.47529665,31.534967,-1.3297233e-07,0.0
5.055,0.0,0.6,0.6,0.28111428,0.50593024,0.48233408,29.093647,1.0221745e-07,0.0
5.0600000000000005,0.0,0.6,0.6,0.26525003,0.51123893,0.48897436,26.452013,1.8829828e-08,0.0
5.065,0.0,0.6,0.6,0.25028107,0.51624805,0.4952399,23.688967,-7.971369e-08,0.0
5.07,0.0,0.6,0.6,0.23615685,0.52097446,0.50115186,20.892836,-2.1539802e-07,0.0
5.075,0.0,0.6,0.6,0.22282971,0.52543414,0.5067302,18.1502,-2.3005004e-08,0.0
5.08,0.12573719,0.24499087,0.6,0.21025467,0.52964216,0.5119937,15.529515,-6.689871e-08,0.0
5.085,0.12573719,0.24499087,0.6,0.19838928,0.5336127,0.5169602,13.079671,7.173907e-08,0.0
5.09,0.12573719,0.24499087,0.6,0.1871935,0.5373592,0.52164644,10.841607,-8.894791e-09,0.0
5.095,0.12573719,0.24499087,0.6,0.17662953,0.5408942,0.5260682,8.850701,-1.3957464e-07,0.0
5.1000000000000005,0.45122004,0.42880628,0.6,0.16666172,0.54422975,0.5302404,7.133713,3.0731407e-08,0.0
5.105,0.45122004,0.42880628,0.6,0.15725644,0.54737705,0.5341772,5.7050567,-2.12812e-08,0.0
5.11,0.45122004,0.42880628,0.6,0.14838192,0.55034673,0.5378918,4.560054,-1.3446445e-08,0.0
5.115,0.45122004,0.42880628,0.6,0.14000823,0.55314887,0.5413968,3.676507,2.7119246e-08,0.0
5.12,0.13447821,0.15977354,0.5252403,0.13267475,0.5541901,0.54470396,3.0097237,5.870353e-08,0.0
5.125,0.13447821,0.15977354,0.5252403,0.13228324,0.53674096,0.5478245,2.5130274,-7.268281e-08,0.0
5.13,0.13447821,0.15977354,0.5252403,0.13191383,0.5202765,0.550769,1.4068514,6.0118985e-08,0.0
5.135,0.13447821,0.15977354,0.5252403,0.13156526,0.5047412,0.55354726,-3.9882414e-07,2.0386155e-08,0.0
5.14,0.0,0.0,0.55427706,0.13270581,0.49091247,0.55616874,-7.788675e-09,-2.8605236e-08,0.0
5.1450000000000005,0.0,0.0,0.55427706,0.15068065,0.4874076,0.55864227,8.253574e-09,6.9263845e-10,0.0
5.15,0.0,0.0,0.55427706,0.1676411,0.48410052,0.5609762,9.985534e-09,1.8200318e-08,0.0
5.155,0.0,0.0,0.55427706,0.18364443,0.48098007,0.5631785,7.934901e-09,2.9009971e-08,0.0
5.16,0.3902833,0.0,0.39111066,0.19731465,0.47682112,0.56491894,5.0307714e-09,-5.1036793e-08,0.0
5.165,0.3902833,0.0,0.39111066,0.19376858,0.45892906,0.5626797,1.1940761e-09,-2.0182581e-08,0.0
5.17,0.3902833,0.0,0.39111066,0.19042262,0.4420467,0.5605669,0.36941102,-6.31499e-08,0.0
5.175,0.3902833,0.0,0.39111066,0.18726549,0.42611706,0.5585733,1.1609275,-6.387147e-08,0.0
5.18,0.6,0.18165806,0.42958346,0.1836794,0.41036507,0.5568233,2.164122,4.2737717e-08,0.0
5.1850000000000005,0.6,0.18165806,0.42958346,0.17331375,0.38720676,0.5566796,3.1942985,7.3235267e-09,0.0
5.19,0.6,0.18165806,0.42958346,0.16353306,0.36535537,0.556544,4.1209717,1.817323e-08,0.0
5.195,0.6,0.18165806,0.42958346,0.15430434,0.3447371,0.5564161,4.880563,9.6706884e-08,0.0
5.2,0.41490987,0.43252397,0.0,0.14735842,0.32528242,0.55555874,5.4632874,-1.1547785e-07,0.0
5.205,0.41490987,0.43252397,0.0,0.1610675,0.30692562,0.54627836,5.8964105,7.991839e-08,0.0
5.21,0.41490987,0.43252397,0.0,0.17400293,0.28960475,0.5375217,6.072542,-2.5910404e-08,0.0
5.215,0.41490987,0.43252397,0.0,0.18620837,0.27326137,0.52925926,6.13119,-4.1989196e-08,0.0
5.22,0.2562101,0.36222902,0.17638193,0.19867182,0.25866044,0.5216368,6.295101,1.7253805e-08,0.0
5.2250000000000005,0.2562101,0.36222902,0.17638193,0.22132014,0.25431493,0.5164419,6.9168386,7.422154e-09,0.0
5.23,0.2562101,0.36222902,0.17638193,0.24269034,0.25021467,0.5115402,8.082766,-9.509471e-08,0.0
5.235,0.2562101,0.36222902,0.17638193,0.26285455,0.24634579,0.5069151,9.6771345,2.4694637e-07,0.0
5.24,0.6,0.5900939,0.00063618424,0.2810452,0.24382782,0.5006116,11.577077,7.1920645e-08,0.0
5.245,0.6,0.5900939,0.00063618424,0.28859964,0.25447658,0.47236037,13.669168,1.2720933e-07,0.0
5.25,0.6,0.5900939,0.00063618424,0.29572776,0.2645244,0.44570348,15.8074045,1.8657686e-07,0.0
5.255,0.6,0.5900939,0.00063618424,0.3024536,0.2740052,0.4205509,17.871284,7.6151565e-08,0.0
5.26,0.6,0.6,0.20045488,0.30808342,0.2826336,0.3976141,19.794767,1.0912795e-07,0.0
5.265,0.6,0.6,0.20045488,0.30515602,0.28712544,0.3851292,21.544989,1.3709419e-07,0.0
5.2700000000000005,0.6,0.6,0.20045488,0.30239382,0.29136378,0.3733489,23.530903,1.3897917e-07,0.0
5.275,0.6,0.6,0.20045488,0.29978752,0.29536295,0.36223337,25.712797,1.04038335e-07,0.0
5.28,0.6,0.6,0.41119674,0.2988804,0.30016518,0.3509517,27.800991,3.1597647e-08,0.0
5.285,0.6,0.6,0.41119674,0.3158736,0.31652686,0.3311822,29.63538,1.3065626e-07,0.0
5.29,0.6,0.6,0.41119674,0.3319078,0.33196518,0.31252837,30.691835,2.1381405e-11,0.0
5.295,0.6,0.6,0.41119674,0.34703717,0.34653226,0.29492724,30.941698,-2.127947e-08,0.0
5.3,0.3884727,0.6,0.43324128,0.36131272,0.360322,0.2792215,30.667023,-3.6434038e-08,0.0
5.305,0.3884727,0.6,0.43324128,0.37478265,0.37384784,0.27477643,30.084146,-1.3988184e-08,0.0
5.3100000000000005,0.3884727,0.6,0.43324128,0.38749245,0.3866104,0.2705822,29.35216,3.384875e-08,0.0
5.315,0.3884727,0.6,0.43324128,0.39948496,0.3986527,0.2666247,28.585005,-9.9591535e-09,0.0
5.32,0.38180128,0.49072137,0.6,0.41080073,0.4100154,0.26384193,27.861992,-2.9277121e-08,0.0
5.325,0.38180128,0.49072137,0.6,0.42147788,0.42073688,0.27215767,27.23412,-2.7537578e-08,0.0
5.33,0.38180128,0.49072137,0.6,0.4315525,0.4308533,0.2800041,26.731417,2.5184775e-08,0.0
5.335,0.38180128,0.49072137,0.6,0.44105858,0.44039884,0.28740776,26.364693,-1.4375425e-08,0.0
5.34,0.3366332,0.6,0.6,0.4490732,0.44940567,0.2944931,26.129671,-3.861949e-11,0.0
5.345,0.3366332,0.6,0.6,0.4456533,0.45790422,0.30232313,26.007656,1.07232445e-10,0.0
5.3500000000000005,0.3366332,0.6,0.6,0.44242638,0.46592316,0.30971128,26.631332,9.789158e-08,0.0
5.355,0.3366332,0.6,0.6,0.4393816,0.47348958,0.3166825,27.975088,1.3812078e-07,0.0
5.36,0.049192537,0.6,0.6,0.43647853,0.48013565,0.32401317,29.5957,1.2757685e-07,0.0
5.365,0.049192537,0.6,0.6,0.4333929,0.48073304,0.33958805,31.183588,1.4371471e-08,0.0
5.37,0.049192537,0.6,0.6,0.43048143,0.48129672,0.354284,32.566444,4.4432195e-08,0.0
5.375,0.049192537,0.6,0.6,0.42773426,0.48182857,0.3681506,33.664745,4.8798068e-08,0.0
5.38,0.0,0.6,0.6,0.42493817,0.4828238,0.38123465,34.455315,6.197646e-08,0.0
5.385,0.0,0.6,0.6,0.41995484,0.48943645,0.39358032,34.94821,2.5778963e-08,0.0
5.39,0.0,0.6,0.6,0.41525272,0.49567592,0.40522927,35.136692,1.3000458e-09,0.0
5.3950000000000005,0.0,0.6,0.6,0.41081595,0.5015633,0.41622084,35.025654,6.0879612e-09,0.0
5.4,0.0,0.6,0.6,0.40533188,0.5071184,0.42659214,34.64724,1.5389771e-08,0.0
5.405,0.0,0.6,0.6,0.38523373,0.51236004,0.43637815,34.041145,5.446011e-09,0.0
5.41,0.0,0.6,0.6,0.36626977,0.51730585,0.4456119,33.167213,-1.3009106e-10,0.0
5.415,0.0,0.6,0.6,0.348376,0.52197254,0.45432454,31.984907,-9.27217e-08,0.0
5.42,0.0,0.6,0.6,0.33126998,0.5263759,0.4625455,30.499823,7.391491e-08,0.0
5.425,0.0,0.6,0.6,0.31257528,0.53053075,0.47030255,28.743921,1.1878029e-07,0.0
5.43,0.0,0.6,0.6,0.29493558,0.5344511,0.47762182,26.74725,3.905018e-08,0.0
5.4350000000000005,0.0,0.6,0.6,0.27829137,0.53815025,0.48452803,24.548931,6.1226424e-10,0.0
5.44,0.0,0.6,0.6,0.26258644,0.54164064,0.49104452,22.208065,2.954697e-08,0.0
5.445,0.0,0.6,0.6,0.24776779,0.54493403,0.49719325,19.799463,-1.5093883e-07,0.0
5.45,0.0,0.6,0.6,0.2337854,0.5480416,0.50299495,17.39953,-2.2715886e-08,0.0
5.455,0.0,0.6,0.6,0.2205921,0.5509738,0.5084693,15.071831,-4.0199637e-08,0.0
5.46,0.10900387,0.31373137,0.6,0.20814334,0.5537405,0.5136347,12.865553,-9.637611e-08,0.0
5.465,0.10900387,0.31373137,0.6,0.1963971,0.55635107,0.51850855,10.819715,-3.4633068e-08,0.0
5.47,0.10900387,0.31373137,0.6,0.18531373,0.55881435,0.5231074,8.965572,-1.4707791e-07,0.0
5.4750000000000005,0.10900387,0.31373137,0.6,0.17485584,0.5611386,0.52744675,7.3282957,-4.5775494e-08,0.0
5.48,0.44827434,0.38119686,0.595914,0.16498813,0.56333166,0.53154117,5.925479,3.755704e-08,0.0
5.485,0.44827434,0.38119686,0.595914,0.15567729,0.56540096,0.53540456,4.762767,-6.189875e-08,0.0
5.49,0.44827434,0.38119686,0.595914,0.14689189,0.5673535,0.5390499,3.8329427,-3.5805183e-08,0.0
5.495,0.44827434,0.38119686,0.595914,0.13860229,0.56919587,0.5424895,3.106751,-3.0098715e-08,0.0
5.5,0.14787416,0.18759911,0.5451954,0.1312726,0.5696418,0.54573506,2.5426965,2.6316203e-08,0.0
5.505,0.14787416,0.18759911,0.5451954,0.1300159,0.5551999,0.5487974,2.1001554,5.9082037e-09,0.0
5.51,0.14787416,0.18759911,0.5451954,0.12883012,0.54157305,0.55168694,0.9611552,2.5012381e-08,0.0
5.515,0.14787416,0.18759911,0.5451954,0.12771125,0.5287152,0.55441344,9.744216e-09,3.0485623e-08,0.0
5.5200000000000005,0.0,0.0,0.55300355,0.12818722,0.5168875,0.5569676,-8.963782e-09,3.0093556e-08,0.0
5.525,0.0,0.0,0.55300355,0.14625083,0.50923,0.5591655,-6.658688e-09,-2.3822686e-08,0.0
5.53,0.0,0.0,0.55300355,0.16329505,0.5020047,0.5612393,9.52569e-09,-3.14802e-08,0.0
5.535,0.0,0.0,0.55300355,0.17937739,0.49518707,0.5631961,5.7165095e-09,-2.0187985e-08,0.0
5.54,0.43738574,0.0,0.44812402,0.19319595,0.4878802,0.56481355,-2.4476785e-09,-8.964927e-09,0.0
5.545,0.43738574,0.0,0.44812402,0.19063829,0.4709343,0.56370646,1.6826299e-08,-6.214525e-08,0.0
5.55,0.43738574,0.0,0.44812402,0.18822496,0.45494473,0.5626618,0.29298043,-3.9758286e-09,0.0
5.555,0.43738574,0.0,0.44812402,0.18594782,0.4398575,0.56167614,0.93361896,-4.5574016e-08,0.0
5.5600000000000005,0.6,0.13004196,0.46602425,0.18313159,0.42477477,0.56078136,1.7664118,2.320658e-08,0.0
5.565,0.6,0.13004196,0.46602425,0.17279685,0.40080327,0.56034243,2.6436582,9.096729e-08,0.0
5.57,0.6,0.13004196,0.46602425,0.16304533,0.3781846,0.5599283,3.4523985,7.624693e-08,0.0
5.575,0.6,0.13004196,0.46602425,0.15384413,0.35684234,0.55953753,4.1359367,1.6162579e-07,0.0
5.58,0.35154742,0.40447402,0.0,0.14713684,0.33670452,0.5586953,4.6855054,3.6812256e-08,0.0
5.585,0.35154742,0.40447402,0.0,0.16351657,0.31770313,0.5524554,5.1306524,-6.0810315e-08,0.0
5.59,0.35154742,0.40447402,0.0,0.17897193,0.29977405,0.5465677,5.3770504,6.507268e-08,0.0
5.595,0.35154742,0.40447402,0.0,0.1935551,0.2828568,0.54101217,5.5684843,5.673094e-08,0.0
5.6000000000000005,0.24663427,0.28228316,0.20012788,0.20804945,0.26748133,0.535851,5.918029,3.9593884e-09,0.0
5.605,0.24663427,0.28228316,0.20012788,0.23016855,0.25972515,0.5319104,6.5237846,1.17315146e-07,0.0
5.61,0.24663427,0.28228316,0.20012788,0.25103942,0.2524067,0.5281922,7.4372754,1.6279156e-08,0.0
5.615,0.24663427,0.28228316,0.20012788,0.27073246,0.24550122,0.5246839,8.890587,1.2717696e-07,0.0
5.62,0.6,0.52697253,0.28528088,0.28819248,0.24022444,0.5192696,10.851703,5.0398988e-08,0.0
5.625,0.6,0.52697253,0.28528088,0.2917678,0.2494936,0.48996544,13.117206,1.5366534e-07,0.0
5.63,0.6,0.52697253,0.28528088,0.29514137,0.2582397,0.46231502,15.453309,1.1560448e-07,0.0
5.635,0.6,0.52697253,0.28528088,0.29832456,0.2664922,0.436225,17.677866,2.0750413e-07,0.0
5.64,0.6,0.6,0.41976094,0.30085444,0.27372733,0.41251084,19.695559,1.2365e-07,0.0
5.6450000000000005,0.6,0.6,0.41976094,0.2977946,0.27421016,0.40052536,21.464703,1.5568735e-07,0.0
5.65,0.6,0.6,0.41976094,0.29490745,0.27466574,0.38921624,23.439354,2.0627294e-07,0.0
5.655,0.6,0.6,0.41976094,0.29218322,0.2750956,0.37854534,25.63491,1.0639637e-07,0.0
5.66,0.36636508,0.48803246,0.5467509,0.29120806,0.27660593,0.36886108,27.787573,8.849569e-08,0.0
5.665,0.36636508,0.48803246,0.5467509,0.30863425,0.29073498,0.36414436,29.745298,1.3151752e-07,0.0
5.67,0.36636508,0.48803246,0.5467509,0.32507703,0.30406666,0.35969383,30.98993,1.24035e-07,0.0
5.675,0.36636508,0.48803246,0.5467509,0.34059188,0.316646,0.35549444,31.478441,2.0229843e-08,0.0
5.68,0.32846975,0.6,0.4954215,0.35523117,0.32884514,0.35213917,31.469664,-5.2002454e-11,0.0
5.6850000000000005,0.32846975,0.6,0.4954215,0.3690443,0.34414732,0.3559553,31.159492,5.4558228e-08,0.0
5.69,0.32846975,0.6,0.4954215,0.38207793,0.35858595,0.35955608,30.681025,-2.3425956e-08,0.0
5.695,0.32846975,0.6,0.4954215,0.394376,0.3722098,0.36295363,30.124687,-4.456266e-08,0.0
5.7,0.33315837,0.6,0.54870075,0.4049253,0.38455927,0.36673278,29.55587,5.642463e-09,0.0
5.705,0.33315837,0.6,0.54870075,0.4027492,0.39039862,0.37689182,29.017754,1.6255019e-08,0.0
5.71,0.33315837,0.6,0.54870075,0.40069592,0.39590845,0.38647756,29.151396,2.61025e-08,0.0
5.715,0.33315837,0.6,0.54870075,0.3987585,0.4011073,0.39552233,29.993265,8.10182e-08,0.0
5.72,0.0,0.6,0.592589,0.39675933,0.40651828,0.40382493,31.18408,2.9151712e-08,0.0
5.7250000000000005,0.0,0.6,0.592589,0.3929055,0.4174371,0.40899402,32.461582,5.3568343e-08,0.0
5.73,0.0,0.6,0.592589,0.38926917,0.42773974,0.4138714,33.61089,6.537697e-08,0.0
5.735,0.0,0.6,0.592589,0.38583806,0.437461,0.41847357,34.48507,3.600925e-08,0.0
5.74,0.0,0.6,0.6,0.38262174,0.4466336,0.42305654,35.01349,-5.635264e-09,0.0
5.745,0.0,0.6,0.6,0.37983036,0.4552886,0.43014708,35.182,1.7920947e-08,0.0
5.75,0.0,0.6,0.6,0.3771965,0.46345514,0.43683746,35.01597,-1.5230572e-08,0.0
5.755,0.0,0.6,0.6,0.37471128,0.47116083,0.44315028,34.563694,-6.1673866e-10,0.0
5.76,0.0,0.6,0.6,0.37086222,0.47843167,0.449305,33.883656,1.10743255e-08,0.0
5.765,0.0,0.6,0.6,0.3499332,0.4852922,0.457391,33.02798,-6.073994e-08,0.0
5.7700000000000005,0.0,0.6,0.6,0.3301853,0.49176556,0.4650207,31.941572,-4.901988e-08,0.0
5.775,0.0,0.6,0.6,0.3115518,0.4978736,0.4722198,30.558657,-1.834651e-07,0.0
5.78,0.0,0.57736874,0.6,0.29396987,0.50363696,0.4790461,28.864746,-4.945725e-08,0.0
5.785,0.0,0.57736874,0.6,0.27738014,0.50907505,0.48587194,26.881107,-5.6253445e-08,0.0
5.79,0.0,0.57736874,0.6,0.26172662,0.51420623,0.49231258,24.656654,-1.651528e-08,0.0
5.795,0.0,0.57736874,0.6,0.2469565,0.51904786,0.49838975,22.263578,-6.572637e-08,0.0
5.8,0.003967667,0.56412125,0.6,0.2330199,0.52361625,0.504124,19.787443,1.7462956e-08,0.0
5.805,0.003967667,0.56412125,0.6,0.21986979,0.52792686,0.5095346,17.310032,-1.14887584e-07,0.0
5.8100000000000005,0.003967667,0.56412125,0.6,0.20746179,0.5319942,0.51463985,14.897653,5.761409e-08,0.0
5.815,0.003967667,0.56412125,0.6,0.195754,0.53583205,0.51945704,12.605061,-1.6590793e-07,0.0
5.82,0.21214487,0.21478601,0.6,0.18470694,0.5393511,0.5240024,10.481584,-9.468656e-09,0.0
5.825,0.21214487,0.21478601,0.6,0.1742833,0.5414966,0.52829117,8.570838,-1.1580282e-08,0.0
5.83,0.21214487,0.21478601,0.6,0.16444789,0.543521,0.53233796,6.911961,-9.223583e-08,0.0
5.835,0.21214487,0.21478601,0.6,0.15516753,0.54543114,0.53615636,5.531235,7.8625895e-08,0.0
5.84,0.5547741,0.1962107,0.6,0.14642881,0.5471737,0.5397593,4.4317155,-7.262059e-08,0.0
5.845,0.5547741,0.1962107,0.6,0.13838924,0.5481301,0.5431589,3.5935185,-1.16596354e-07,0.0
5.8500000000000005,0.5547741,0.1962107,0.6,0.13080338,0.5490325,0.54636663,2.9767573,1.4942996e-08,0.0
5.855,0.5547741,0.1962107,0.6,0.1236456,0.549884,0.54939336,2.5278263,8.5154646e-08,0.0
5.86,0.32241362,0.5478846,0.49280965,0.117831625,0.54911035,0.55224925,2.1862552,-5.3768375e-08,0.0
5.865,0.32241362,0.5478846,0.49280965,0.123154044,0.5302433,0.554944,1.0453897,-1.1821114e-08,0.0
5.87,0.32241362,0.5478846,0.49280965,0.1281761,0.5124409,0.55748665,-4.2444586e-09,-2.2551811e-08,0.0
5.875,0.32241362,0.5478846,0.49280965,0.13291474,0.49564323,0.5598858,1.2608296e-08,-4.6534744e-08,0.0
5.88,0.0,0.18988183,0.6,0.13893282,0.47970963,0.5621496,1.6172764e-08,-4.7251948e-08,0.0
5.885,0.0,0.18988183,0.6,0.16240017,0.4637108,0.56428564,1.2571894e-09,-5.3138585e-08,0.0
5.89,0.0,0.18988183,0.6,0.18454316,0.44861487,0.5663011,-9.375591e-10,-3.973248e-08,0.0
5.8950000000000005,0.0,0.18988183,0.6,0.20543656,0.43437085,0.56820285,0.02692155,4.832193e-08,0.0
5.9,0.052737687,0.0,0.526044,0.22410184,0.42251834,0.5695133,0.27040562,4.9354987e-09,0.0
5.905,0.052737687,0.0,0.526044,0.22964992,0.42959318,0.56518465,0.8763247,2.3871573e-08,0.0
5.91,0.052737687,0.0,0.526044,0.23488489,0.43626878,0.5611003,2.3796542,1.7247139e-07,0.0
5.915,0.052737687,0.0,0.526044,0.23982443,0.44256765,0.55724645,4.5770955,1.7372902e-07,0.0
5.92,0.4616834,0.0,0.51196563,0.24302962,0.44689476,0.55409396,6.878418,1.1335952e-07,0.0
5.925,0.4616834,0.0,0.51196563,0.22931464,0.43239066,0.5566846,8.89298,3.87691e-08,0.0
5.93,0.4616834,0.0,0.51196563,0.21637364,0.41870505,0.55912906,10.099227,3.304117e-08,0.0
5.9350000000000005,0.4616834,0.0,0.51196563,0.20416294,0.40579176,0.5614355,10.409997,-3.5903867e-08,0.0
5.94,0.57888675,0.24679781,0.29679507,0.19287942,0.39274997,0.56327796,10.04559,2.8566987e-08,0.0
5.945,0.57888675,0.24679781,0.29679507,0.18497075,0.37058574,0.5611767,9.2436,-1.979285e-08,0.0
5.95,0.57888675,0.24679781,0.29679507,0.17750838,0.34967232,0.5591941,8.288436,2.5918553e-08,0.0
5.955,0.57888675,0.24679781,0.29679507,0.17046715,0.32993913,0.55732334,7.4284306,5.6765227e-08,0.0
5.96,0.34578085,0.43541804,0.0,0.16566953,0.31131953,0.5554946,6.8164973,-7.570481e-08,0.0
5.965,0.34578085,0.43541804,0.0,0.1823746,0.2937507,0.5530381,6.529195,7.818612e-08,0.0
5.97,0.34578085,0.43541804,0.0,0.19813694,0.27717334,0.5507203,6.398351,4.5163475e-08,0.0
5.9750000000000005,0.34578085,0.43541804,0.0,0.21300976,0.2615315,0.5485332,6.472851,-4.0317534e-08,0.0
5.98,0.29290715,0.32698303,0.15999779,0.2275724,0.2478866,0.54549813,6.8824205,4.9900827e-08,0.0
5.985,0.29290715,0.32698303,0.15999779,0.24739827,0.24782516,0.53146297,7.866408,-4.959925e-09,0.0
5.99,0.29290715,0.32698303,0.15999779,0.2661053,0.24776718,0.5182198,9.409933,9.550244e-08,0.0
5.995,0.29290715,0.32698303,0.15999779,0.2837566,0.24771248,0.5057241,11.336925,4.1315985e-08,0.0
6.0,0.6,0.54487246,0.25833532,0.2993594,0.24851242,0.49259356,13.246895,9.117796e-08,0.0
6.005,0.6,0.54487246,0.25833532,0.30197912,0.25906014,0.4647948,15.23873,-3.7393907e-08,0.0
6.01,0.6,0.54487246,0.25833532,0.30445102,0.26901263,0.43856487,17.310688,1.1061357e-07,0.0
6.015000000000001,0.6,0.54487246,0.25833532,0.3067834,0.27840346,0.41381514,19.304249,-7.7026826e-08,0.0
6.0200000000000005,0.6,0.58969957,0.5001161,0.30874547,0.28677478,0.39118448,21.130161,1.51548e-07,0.0
6.025,0.6,0.58969957,0.5001161,0.30785167,0.28904387,0.37813783,22.711704,2.9045044e-08,0.0
6.03,0.6,0.58969957,0.5001161,0.3070083,0.2911849,0.36582744,24.494165,7.394407e-08,0.0
6.035,0.6,0.58969957,0.5001161,0.3062125,0.2932051,0.35421178,26.503601,-3.9745178e-08,0.0
6.04,0.3830952,0.47261035,0.54996204,0.30684808,0.296095,0.34369558,28.491526,1.3658311e-07,0.0
6.045,0.3830952,0.47261035,0.54996204,0.32339165,0.31013438,0.33887842,29.811415,3.4261557e-08,0.0
6.05,0.3830952,0.47261035,0.54996204,0.3390016,0.32338145,0.3343331,30.368437,7.2409034e-10,0.0
6.055,0.3830952,0.47261035,0.54996204,0.35373062,0.33588094,0.33004427,30.420301,1.8627938e-08,0.0
6.0600000000000005,0.3491224,0.56519026,0.5106863,0.36762846,0.3478774,0.32708904,30.164095,-3.2828037e-08,0.0
6.065,0.3491224,0.56519026,0.5106863,0.38074198,0.36152425,0.33685356,29.74592,-4.7681844e-08,0.0
6.07,0.3491224,0.56519026,0.5106863,0.39311546,0.37440097,0.346067,29.264317,-2.6408427e-08,0.0
6.075,0.3491224,0.56519026,0.5106863,0.40479067,0.386551,0.35476053,28.782934,1.754764e-08,0.0
6.08,0.3335816,0.6,0.5613334,0.41482773,0.39748675,0.36318848,28.343983,5.735943e-09,0.0
6.085,0.3335816,0.6,0.5613334,0.41303697,0.40172622,0.37372875,27.971186,1.6708018e-08,0.0
6.09,0.3335816,0.6,0.5613334,0.41134727,0.40572646,0.3836742,28.308329,2.7957325e-08,0.0
6.095,0.3335816,0.6,0.5613334,0.4097529,0.40950096,0.3930584,29.383202,4.8541494e-08,0.0
6.1000000000000005,0.0,0.6,0.567545,0.40809515,0.4134804,0.4017357,30.818092,1.1068051e-07,0.0
6.105,0.0,0.6,0.567545,0.40476713,0.42204192,0.40788415,32.337673,8.3302496e-08,0.0
6.11,0.0,0.6,0.567545,0.4016269,0.4301203,0.41368562,33.72409,1.465135e-07,0.0
6.115,0.0,0.6,0.567545,0.3986639,0.43774274,0.4191597,34.8313,3.3804533e-08,0.0
6.12,0.0,0.6,0.6,0.39579794,0.4450922,0.4245535,35.589104,2.3887674e-08,0.0
6.125,0.0,0.6,0.6,0.39228687,0.45383418,0.43227246,35.98267,2.353287e-08,0.0
6.13,0.0,0.6,0.6,0.38897392,0.4620828,0.43955582,36.02208,3.3127565e-09,0.0
6.135,0.0,0.6,0.6,0.38584796,0.46986595,0.44642815,35.739872,4.633825e-09,0.0
6.140000000000001,0.0,0.6,0.6,0.3813924,0.47720987,0.4529407,35.187347,-7.265883e-08,0.0
6.1450000000000005,0.0,0.6,0.6,0.35986912,0.48413932,0.45940822,34.415215,2.1570365e-08,0.0
6.15,0.0,0.6,0.6,0.33956048,0.49067774,0.46551076,33.373222,1.1940436e-08,0.0
6.155,0.0,0.6,0.6,0.3203979,0.49684718,0.4712689,32.004536,-1.5321486e-08,0.0
6.16,0.0,0.58114123,0.6,0.30231676,0.50266844,0.4768486,30.30268,5.0781397e-09,0.0
6.165,0.0,0.58114123,0.6,0.285256,0.5081612,0.48379844,28.294394,-8.504373e-08,0.0
6.17,0.0,0.58114123,0.6,0.26915804,0.513344,0.4903561,26.02942,-3.782486e-08,0.0
6.175,0.0,0.58114123,0.6,0.25396854,0.5182343,0.49654368,23.576952,-1.2422755e-07,0.0
6.18,0.009174675,0.55612993,0.6,0.23963623,0.5228486,0.5023821,21.021725,-9.3155144e-08,0.0
6.1850000000000005,0.009174675,0.55612993,0.6,0.22611274,0.52720255,0.507891,18.451984,-6.778366e-08,0.0
6.19,0.009174675,0.55612993,0.6,0.21335243,0.53131074,0.513089,15.9427805,2.4268727e-08,0.0
6.195,0.009174675,0.55612993,0.6,0.20131221,0.5351871,0.5179937,13.551664,-2.8964317e-08,0.0
6.2,0.22777602,0.20600745,0.6,0.18995148,0.5387596,0.5226216,11.326363,1.2962937e-07,0.0
6.205,0.22777602,0.20600745,0.6,0.17923187,0.54115134,0.5269883,9.309972,-3.748521e-09,0.0
6.21,0.22777602,0.20600745,0.6,0.1691172,0.5434081,0.5311086,7.5418725,1.902796e-08,0.0
6.215,0.22777602,0.20600745,0.6,0.15957333,0.54553753,0.5349964,6.04923,-1.03199454e-07,0.0
6.22,0.5643906,0.31803375,0.6,0.15060948,0.54743385,0.53866476,4.841847,-4.1350642e-08,0.0
6.2250000000000005,0.5643906,0.31803375,0.6,0.14262784,0.5479246,0.5421261,3.9088206,-2.5146196e-08,0.0
6.23,0.5643906,0.31803375,0.6,0.13509662,0.54838765,0.54539216,3.2198749,-9.060721e-08,0.0
6.235,0.5643906,0.31803375,0.6,0.12799042,0.54882455,0.54847383,2.7290096,-1.3004064e-09,0.0
6.24,0.31128034,0.5504494,0.5147635,0.12227216,0.5476561,0.55138165,2.3771684,6.048072e-08,0.0
6.245,0.31128034,0.5504494,0.5147635,0.1282261,0.52837574,0.55412537,1.2554308,2.906794e-08,0.0
6.25,0.31128034,0.5504494,0.5147635,0.13384405,0.5101834,0.55671424,1.206306e-08,-1.659634e-08,0.0
6.255,0.31128034,0.5504494,0.5147635,0.13914494,0.4930177,0.559157,-3.8293093e-09,-1.9778172e-08,0.0
6.26,0.0,0.10853012,0.6,0.1456664,0.4773265,0.5614619,1.4185071e-09,-4.9256748e-08,0.0
6.265000000000001,0.0,0.10853012,0.6,0.16929644,0.4683371,0.5636368,-2.9759646e-09,6.9340214e-09,0.0
6.2700000000000005,0.0,0.10853012,0.6,0.19159296,0.45985496,0.5656889,-7.544727e-09,-1.5614418e-09,0.0
6.275,0.0,0.10853012,0.6,0.2126312,0.45185152,0.5676252,0.020452218,4.1055028e-08,0.0
6.28,0.06067184,0.0,0.4658864,0.23133947,0.445349,0.5690674,0.22194536,6.120127e-08,0.0
6.285,0.06067184,0.0,0.4658864,0.23585081,0.45128018,0.56600285,0.7284633,-3.3050018e-08,0.0
6.29,0.06067184,0.0,0.4658864,0.24010755,0.45687664,0.56311125,2.130777,5.172235e-09,0.0
6.295,0.06067184,0.0,0.4658864,0.24412407,0.46215728,0.56038284,4.257823,9.046519e-08,0.0
6.3,0.39648497,0.0,0.50529563,0.2465086,0.46514478,0.5581932,6.5138164,1.1686712e-07,0.0
6.305,0.39648497,0.0,0.50529563,0.23259728,0.4450198,0.56055254,8.496865,3.5824403e-08,0.0
6.3100000000000005,0.39648497,0.0,0.50529563,0.21947102,0.42603055,0.5627787,9.677916,-1.5748096e-09,0.0
6.315,0.39648497,0.0,0.50529563,0.20708552,0.4081129,0.56487924,9.988993,-6.249103e-08,0.0
6.32,0.6,0.26594275,0.32775602,0.19567288,0.39071646,0.56625575,9.675617,4.6432023e-09,0.0
6.325,0.6,0.26594275,0.32775602,0.18805431,0.368667,0.5605916,8.985927,-2.1548356e-08,0.0
6.33,0.6,0.26594275,0.32775602,0.18086568,0.3478619,0.55524707,8.185463,7.935213e-08,0.0
6.335,0.6,0.26594275,0.32775602,0.17408273,0.32823086,0.55020416,7.4925146,-3.7843495e-08,0.0
6.34,0.3725642,0.3912022,0.0,0.16919865,0.30970767,0.5456237,7.03541,-2.2091012e-07,0.0
6.345,0.3725642,0.3912022,0.0,0.1820252,0.2922298,0.5433479,6.8713737,-1.696381e-07,0.0
6.3500000000000005,0.3725642,0.3912022,0.0,0.19412789,0.27573827,0.54120046,6.7950087,2.8329222e-08,0.0
6.355,0.3725642,0.3912022,0.0,0.20554759,0.26017743,0.5391742,6.832919,-5.5802428e-08,0.0
6.36,0.30635253,0.43870503,0.099528,0.21724164,0.24669538,0.53646076,7.1174946,2.0466162e-08,0.0
6.365,0.30635253,0.43870503,0.099528,0.23884201,0.24778157,0.5246828,7.9046245,4.820743e-08,0.0
6.37,0.30635253,0.43870503,0.099528,0.2592234,0.24880648,0.5135696,9.228729,9.392251e-08,0.0
6.375,0.30635253,0.43870503,0.099528,0.2784546,0.24977353,0.5030835,10.961347,6.72773e-08,0.0
6.38,0.6,0.5650189,0.20671083,0.2955737,0.25125152,0.4917095,12.974974,2.1077565e-07,0.0
6.385,0.6,0.5650189,0.20671083,0.29991853,0.2591494,0.46396065,15.149875,2.2042384e-08,0.0
6.390000000000001,0.6,0.5650189,0.20671083,0.30401817,0.2666016,0.43777776,17.327868,9.3701416e-08,0.0
6.3950000000000005,0.6,0.5650189,0.20671083,0.30788645,0.27363324,0.41307247,19.3818,7.355574e-08,0.0
6.4,0.6,0.5340478,0.52336115,0.3112375,0.28048253,0.39021072,21.246387,9.533912e-08,0.0
6.405,0.6,0.5340478,0.52336115,0.31096184,0.28941157,0.3738065,22.883636,9.8887405e-08,0.0
6.41,0.6,0.5340478,0.52336115,0.31070173,0.29783672,0.35832804,24.726381,1.259057e-07,0.0
6.415,0.6,0.5340478,0.52336115,0.31045628,0.3057864,0.3437231,26.762415,9.502654e-08,0.0
6.42,0.33655867,0.50398225,0.5096944,0.3115504,0.3138577,0.33042622,28.717712,1.9833712e-07,0.0
6.425,0.33655867,0.50398225,0.5096944,0.32782862,0.3280316,0.32344455,29.928555,5.796421e-08,0.0
6.43,0.33655867,0.50398225,0.5096944,0.34318817,0.3414056,0.31685686,30.319412,2.0097495e-08,0.0
6.4350000000000005,0.33655867,0.50398225,0.5096944,0.35768095,0.35402486,0.31064093,30.178797,-1.0801818e-09,0.0
6.44,0.31198186,0.5457181,0.51495,0.37135583,0.36579216,0.30620536,29.72606,1.0051763e-09,0.0
6.445,0.31198186,0.5457181,0.51495,0.38425902,0.37528738,0.3184602,29.12413,2.1739986e-08,0.0
6.45,0.31198186,0.5457181,0.51495,0.396434,0.38424677,0.33002347,28.49855,-7.2684974e-09,0.0
6.455,0.31198186,0.5457181,0.51495,0.40792194,0.39270055,0.34093416,27.93546,-3.0723465e-10,0.0
6.46,0.3665831,0.6,0.6,0.4175722,0.4005415,0.35116744,27.485754,3.3998976e-08,0.0
6.465,0.3665831,0.6,0.6,0.41300035,0.406379,0.36011365,27.169128,-2.438187e-08,0.0
6.47,0.3665831,0.6,0.6,0.4086865,0.4118871,0.368555,27.588459,3.2088647e-09,0.0
6.4750000000000005,0.3665831,0.6,0.6,0.40461606,0.41708437,0.37651998,28.723677,1.6279614e-07,0.0
6.48,0.0,0.6,0.6,0.4006644,0.42217672,0.3840592,30.167051,8.913576e-08,0.0
6.485,0.0,0.6,0.6,0.39565974,0.42914858,0.39144582,31.63058,1.3265736e-07,0.0
6.49,0.0,0.6,0.6,0.3909375,0.435727,0.39841557,32.910366,7.014136e-08,0.0
6.495,0.0,0.6,0.6,0.38648176,0.44193417,0.404992,33.882492,5.0069353e-08,0.0
6.5,0.0,0.6,0.6,0.38252398,0.4480361,0.41158128,34.493893,4.790285e-08,0.0
6.505,0.0,0.6,0.6,0.3816244,0.45661193,0.4222144,34.742928,1.9548919e-08,0.0
6.51,0.0,0.6,0.6,0.38077557,0.4647038,0.43224743,34.66528,2.6267212e-08,0.0
6.515000000000001,0.0,0.6,0.6,0.37997463,0.47233903,0.4417143,34.315914,-2.1309468e-08,0.0
6.5200000000000005,0.0,0.6,0.6,0.3775639,0.4795434,0.45064688,33.755993,4.861325e-08,0.0
6.525,0.0,0.6,0.6,0.35625666,0.48634118,0.4590754,33.03647,-4.3963077e-08,0.0
6.53,0.0,0.6,0.6,0.3361519,0.49275532,0.46702826,32.089767,2.21408e-08,0.0
6.535,0.0,0.6,0.6,0.3171817,0.49880752,0.4745323,30.837227,-5.2881862e-08,0.0
6.54,0.0,0.6,0.6,0.29928207,0.50451815,0.4816129,29.257158,7.455084e-09,0.0
6.545,0.0,0.6,0.6,0.28239256,0.50990653,0.4882939,27.366577,9.085965e-09,0.0
6.55,0.0,0.6,0.6,0.2664562,0.5149908,0.49459785,25.21105,3.9137085e-08,0.0
6.555,0.0,0.6,0.6,0.25141916,0.51978815,0.50054604,22.859514,4.9563795e-08,0.0
6.5600000000000005,0.0,0.6,0.6,0.23723072,0.52431476,0.5061586,20.398481,3.0247058e-08,0.0
6.565,0.0,0.6,0.6,0.22384298,0.5285859,0.5114544,17.914825,-2.1137478e-07,0.0
6.57,0.0,0.6,0.6,0.21121076,0.5326161,0.51645136,15.480739,-7.411958e-08,0.0
6.575,0.0,0.6,0.6,0.19929141,0.5364188,0.5211663,13.153412,-5.946759e-08,0.0
6.58,0.14516288,0.19816494,0.6,0.18804471,0.5400069,0.52561516,10.983617,-1.4709418e-08,0.0
6.585,0.14516288,0.19816494,0.6,0.1774327,0.5433925,0.52981293,9.016677,-4.7071428e-08,0.0
6.59,0.14516288,0.19816494,0.6,0.16741957,0.54658705,0.53377384,7.2895427,-8.849236e-08,0.0
6.595,0.14516288,0.19816494,0.6,0.15797152,0.5496013,0.5375112,5.8269644,-1.3264358e-07,0.0
6.6000000000000005,0.42537075,0.3406381,0.6,0.14905664,0.5524455,0.5410377,4.6352644,2.5244725e-08,0.0
6.605,0.42537075,0.3406381,0.6,0.14064486,0.5551291,0.5443651,3.703325,-6.0558167e-09,0.0
6.61,0.42537075,0.3406381,0.6,0.13270779,0.55766135,0.5475048,2.9949663,-3.158313e-08,0.0
6.615,0.42537075,0.3406381,0.6,0.12521863,0.56005067,0.55046725,2.458871,4.2683958e-08,0.0
6.62,0.17638783,0.19627415,0.6,0.11880748,0.56049097,0.55326253,2.0368996,-4.3117794e-08,0.0
6.625,0.17638783,0.19627415,0.6,0.1202948,0.54004365,0.5559001,1.6844867,1.3155909e-08,0.0
6.63,0.17638783,0.19627415,0.6,0.12169819,0.5207503,0.5583888,0.4247201,2.04666e-08,0.0
6.635,0.17638783,0.19627415,0.6,0.123022385,0.5025457,0.5607371,-4.712201e-10,-2.714386e-08,0.0
6.640000000000001,0.0,0.0,0.5384785,0.12553689,0.48601168,0.5629528,1.6938696e-08,-7.692511e-08,0.0
6.6450000000000005,0.0,0.0,0.5384785,0.14245753,0.47780776,0.5650435,-6.8115242e-09,4.043544e-08,0.0
6.65,0.0,0.0,0.5384785,0.15842329,0.47006682,0.56701624,2.795896e-09,-9.378776e-08,0.0
6.655,0.0,0.0,0.5384785,0.17348805,0.4627627,0.56887764,1.7048926e-08,3.9598675e-08,0.0
6.66,0.19212751,0.0,0.37918863,0.18657857,0.45521906,0.570634,1.0133482e-08,-1.4751963e-08,0.0
6.665,0.19212751,0.0,0.37918863,0.18600348,0.4406059,0.57229125,0.0101816105,-1.8101014e-08,0.0
6.67,0.19212751,0.0,0.37918863,0.18546084,0.42681745,0.573855,0.4165594,-1.8867186e-09,0.0
6.675,0.19212751,0.0,0.37918863,0.18494882,0.4138071,0.57533044,1.2737987,7.7666186e-08,0.0
6.68,0.53185344,0.08252218,0.43174112,0.18366936,0.40064487,0.57644486,2.3634102,3.4040198e-08,0.0
6.6850000000000005,0.53185344,0.08252218,0.43174112,0.17330427,0.37803513,0.5743023,3.4919,-9.7044195e-09,0.0
6.69,0.53185344,0.08252218,0.43174112,0.16352412,0.3567013,0.57228065,4.508177,1.2265543e-08,0.0
6.695,0.53185344,0.08252218,0.43174112,0.15429589,0.33657146,0.57037306,5.334598,4.6517776e-08,0.0
6.7,0.48997775,0.28058702,0.1877274,0.14645584,0.31757757,0.567854,5.953167,1.0328167e-07,0.0
6.705,0.48997775,0.28058702,0.1877274,0.14903325,0.2996556,0.5572069,6.381938,2.4217858e-08,0.0
6.71,0.48997775,0.28058702,0.1877274,0.1514652,0.282745,0.54716074,6.4563594,2.811738e-08,0.0
6.715,0.48997775,0.28058702,0.1877274,0.15375993,0.26678875,0.5376815,6.262718,2.1830926e-08,0.0
6.72,0.31549388,0.3602623,0.0,0.15745889,0.2521055,0.5289745,6.01212,9.377491e-08,0.0
6.7250000000000005,0.31549388,0.3602623,0.0,0.17858724,0.24253534,0.52348727,6.0623,-4.43678e-08,0.0
6.73,0.31549388,0.3602623,0.0,0.19852325,0.23350525,0.5183097,6.5714474,-7.1188055e-09,0.0
6.735,0.31549388,0.3602623,0.0,0.21733421,0.22498477,0.51342434,7.5058722,-2.1199744e-08,0.0
6.74,0.5904811,0.45481312,0.08905336,0.23489454,0.21783932,0.507713,8.785571,-5.4738836e-09,0.0
6.745,0.5904811,0.45481312,0.08905336,0.24928975,0.22138038,0.48965514,10.320649,-5.6434684e-09,0.0
6.75,0.5904811,0.45481312,0.08905336,0.2628726,0.22472161,0.4726163,12.016367,1.5729172e-07,0.0
6.755,0.5904811,0.45481312,0.08905336,0.27568892,0.22787428,0.45653906,13.792338,5.936793e-08,0.0
6.76,0.6,0.545981,0.10011292,0.28699422,0.23120874,0.44052157,15.590601,1.1600953e-07,0.0
6.765000000000001,0.6,0.545981,0.10011292,0.28860256,0.23849167,0.41566142,17.36607,7.845392e-08,0.0
6.7700000000000005,0.6,0.545981,0.10011292,0.29012012,0.24536361,0.39220423,19.040531,3.9366732e-08,0.0
6.775,0.6,0.545981,0.10011292,0.29155207,0.25184774,0.37007082,20.548574,1.0172671e-07,0.0
6.78,0.6,0.55403113,0.39310572,0.29414466,0.2583928,0.3495885,21.86155,9.504584e-08,0.0
6.785,0.6,0.55403113,0.39310572,0.31086794,0.2694775,0.33488563,22.982254,1.0204594e-07,0.0
6.79,0.6,0.55403113,0.39310572,0.32664746,0.2799366,0.32101247,24.003765,6.4670246e-08,0.0
6.795,0.6,0.55403113,0.39310572,0.3415365,0.2898055,0.3079222,24.983135,5.867332e-09,0.0
6.8,0.4570787,0.5836143,0.46446326,0.35562825,0.29952905,0.29562062,25.918106,7.928727e-09,0.0
6.805,0.4570787,0.5836143,0.46446326,0.36941898,0.31343716,0.28458744,26.798332,8.939048e-08,0.0
6.8100000000000005,0.4570787,0.5836143,0.46446326,0.38243145,0.3265604,0.27417693,27.597692,6.354433e-08,0.0
6.815,0.4570787,0.5836143,0.46446326,0.3947096,0.33894306,0.2643539,28.294842,3.249755e-08,0.0
6.82,0.39017302,0.6,0.507678,0.40629482,0.35066327,0.25640798,28.883478,2.4886724e-08,0.0
6.825,0.39017302,0.6,0.507678,0.41722625,0.36214003,0.2641223,29.366106,2.2849731e-08,0.0
6.83,0.39017302,0.6,0.507678,0.4275408,0.3729691,0.2714013,29.751299,3.53139e-08,0.0
6.835,0.39017302,0.6,0.507678,0.43727326,0.38318703,0.27826947,30.048944,2.0142359e-08,0.0
6.84,0.37271073,0.6,0.6,0.44581124,0.3929619,0.28507224,30.270035,1.30856765e-08,0.0
6.845,0.37271073,0.6,0.6,0.4464471,0.40372106,0.29519588,30.423113,6.4316077e-09,0.0
6.8500000000000005,0.37271073,0.6,0.6,0.44704708,0.41387305,0.3047482,30.476774,-4.7555893e-09,0.0
6.855,0.37271073,0.6,0.6,0.4476132,0.42345214,0.31376147,30.39953,-7.258996e-09,0.0
6.86,0.048892755,0.6,0.6,0.4478453,0.43256462,0.3224612,30.184189,-6.7555948e-09,0.0
6.865,0.048892755,0.6,0.6,0.44459066,0.44201356,0.3329136,29.838793,3.37244e-09,0.0
6.87,0.048892755,0.6,0.6,0.44151968,0.45092928,0.34277615,30.071201,2.7113845e-08,0.0
6.875,0.048892755,0.6,0.6,0.438622,0.45934185,0.35208213,30.941885,5.29957e-08,0.0
6.88,0.0,0.6,0.6,0.43580902,0.46727967,0.36127976,32.075554,6.1180366e-08,0.0
6.885,0.0,0.6,0.6,0.43224818,0.47476953,0.37475157,33.207222,4.5071072e-08,0.0
6.890000000000001,0.0,0.6,0.6,0.42888826,0.4818367,0.3874631,34.162373,6.252125e-08,0.0
6.8950000000000005,0.0,0.6,0.6,0.42571798,0.48850507,0.39945728,34.843918,5.997242e-09,0.0
6.9,0.0,0.6,0.6,0.42126468,0.4947971,0.4107746,35.215946,4.9026516e-09,0.0
6.905,0.0,0.6,0.6,0.40025046,0.5007341,0.42145324,35.276722,3.979632e-09,0.0
6.91,0.0,0.6,0.6,0.38042215,0.50633603,0.43152925,34.953568,-1.1060014e-08,0.0
6.915,0.0,0.6,0.6,0.3617128,0.51162183,0.44103664,34.189854,-6.942162e-08,0.0
6.92,0.0,0.6,0.6,0.34383857,0.5166093,0.4500075,32.994476,2.84953e-08,0.0
6.925,0.0,0.6,0.6,0.32443458,0.52131534,0.45847207,31.41416,-1.5462897e-08,0.0
6.93,0.0,0.6,0.6,0.30612564,0.52575576,0.46645898,29.498398,-3.243145e-08,0.0
6.9350000000000005,0.0,0.6,0.6,0.28884992,0.5299456,0.47399515,27.302208,-4.417333e-08,0.0
6.94,0.0,0.6,0.6,0.27254912,0.533899,0.48110604,24.892109,1.2929847e-07,0.0
6.945,0.0,0.6,0.6,0.25716823,0.5376293,0.48781565,22.34748,1.6845934e-08,0.0
6.95,0.0,0.6,0.6,0.24265535,0.5411491,0.4941466,19.758411,-1.5551336e-08,0.0
6.955,0.0,0.6,0.6,0.22896148,0.54447025,0.5001203,17.210285,-1.928406e-07,0.0
6.96,0.074252814,0.3518749,0.6,0.2160404,0.54760396,0.50575686,14.76999,8.4079424e-08,0.0
6.965,0.074252814,0.3518749,0.6,0.20384851,0.55056083,0.5110753,12.487144,8.744551e-08,0.0
6.97,0.074252814,0.3518749,0.6,0.19234465,0.55335087,0.5160937,10.3998375,1.6543583e-08,0.0
6.9750000000000005,0.074252814,0.3518749,0.6,0.18148999,0.5559834,0.5208288,8.537391,-1.300516e-09,0.0
6.98,0.4262528,0.39545408,0.6,0.17124788,0.55846745,0.5252967,6.921939,-6.9151966e-08,0.0
6.985,0.4262528,0.39545408,0.6,0.16158378,0.5608113,0.52951247,5.5665584,2.751714e-08,0.0
6.99,0.4262528,0.39545408,0.6,0.15246506,0.56302285,0.5334903,4.468216,6.388756e-08,0.0
6.995,0.4262528,0.39545408,0.6,0.14386094,0.5651096,0.53724366,3.607809,3.929846e-08,0.0
7.0,0.15030095,0.14032653,0.56576073,0.1360776,0.5659584,0.5407852,2.946547,-1.3159992e-08,0.0
7.005,0.15030095,0.14032653,0.56576073,0.13258861,0.55387694,0.54412687,2.44122,-4.328857e-08,0.0
7.01,0.15030095,0.14032653,0.56576073,0.12929653,0.54247725,0.54727995,1.2495321,-5.152905e-08,0.0
7.015000000000001,0.15030095,0.14032653,0.56576073,0.12619022,0.53172094,0.5502551,-4.6403272e-09,5.7433784e-08,0.0
7.0200000000000005,0.0,0.0,0.5583066,0.12484837,0.52176833,0.5530624,1.3307908e-08,-5.8360154e-08,0.0
7.025,0.0,0.0,0.5583066,0.14185765,0.51464,0.5557112,-6.7940844e-09,-3.7187757e-08,0.0
7.03,0.0,0.0,0.5583066,0.15790704,0.5079139,0.55821055,1.7317552e-08,2.6687639e-08,0.0
7.035,0.0,0.0,0.5583066,0.1730507,0.5015674,0.56056887,-3.653889e-09,1.2331691e-08,0.0
7.04,0.4268045,0.0,0.49408394,0.18609393,0.49442726,0.56263953,3.6197847e-09,5.3298248e-08,0.0
7.045,0.4268045,0.0,0.49408394,0.184074,0.47444415,0.56281567,1.28076545e-08,-1.5339818e-08,0.0
7.05,0.4268045,0.0,0.49408394,0.18216807,0.45558876,0.56298184,0.23237121,2.3467711e-08,0.0
7.055,0.4268045,0.0,0.49408394,0.18036969,0.43779743,0.56313866,0.76769865,-2.7384294e-08,0.0
7.0600000000000005,0.6,0.12020937,0.466935,0.17799425,0.4203766,0.563253,1.5089593,9.3771924e-08,0.0
7.065,0.6,0.12020937,0.466935,0.16794942,0.39665332,0.56297386,2.344607,-5.161963e-10,0.0
7.07,0.6,0.12020937,0.466935,0.15847147,0.37426883,0.56271046,3.1566982,-1.3093863e-07,0.0
7.075,0.6,0.12020937,0.466935,0.14952838,0.35314757,0.5624619,3.873248,-3.6966313e-08,0.0
7.08,0.37594515,0.4405758,0.0,0.14301687,0.33321825,0.56193745,4.4694867,7.178796e-08,0.0
7.085,0.37594515,0.4405758,0.0,0.15903199,0.3144136,0.55810827,4.9612484,1.0225938e-07,0.0
7.09,0.37594515,0.4405758,0.0,0.1741433,0.29667017,0.55449516,5.247788,5.711458e-08,0.0
7.095,0.37594515,0.4405758,0.0,0.18840183,0.27992806,0.55108595,5.464077,5.564123e-08,0.0
7.1000000000000005,0.23170927,0.30871436,0.2093825,0.20263763,0.26467347,0.54774654,5.8163724,-3.498154e-08,0.0
7.105,0.23170927,0.30871436,0.2093825,0.22506215,0.25652087,0.54318607,6.4019003,3.1521534e-08,0.0
7.11,0.23170927,0.30871436,0.2093825,0.24622117,0.24882835,0.538883,7.5132527,8.9919396e-08,0.0
7.115,0.23170927,0.30871436,0.2093825,0.26618612,0.24156994,0.5348227,9.166877,8.158108e-08,0.0
7.12,0.6,0.6,0.2145368,0.28401285,0.23616749,0.5288835,11.188875,9.0447955e-08,0.0
7.125,0.6,0.6,0.2145368,0.2892009,0.24770296,0.49903682,13.4243555,-1.9150008e-08,0.0
7.13,0.6,0.6,0.2145368,0.29409617,0.25858742,0.47087446,15.687942,5.909569e-08,0.0
7.135,0.6,0.6,0.2145368,0.29871517,0.26885766,0.4443014,17.834469,3.5317026e-08,0.0
7.140000000000001,0.6,0.6,0.43681356,0.30242234,0.277953,0.42017326,19.789486,1.4515986e-07,0.0
7.1450000000000005,0.6,0.6,0.43681356,0.29843175,0.27968895,0.40827763,21.520533,1.3914293e-07,0.0
7.15,0.6,0.6,0.43681356,0.29466638,0.28132695,0.3970533,23.463802,1.7905245e-07,0.0
7.155,0.6,0.6,0.43681356,0.2911135,0.28287253,0.3864624,25.604038,1.3133813e-07,0.0
7.16,0.39157262,0.4774963,0.55662256,0.28942382,0.28564593,0.37649244,27.664803,1.0576032e-07,0.0
7.165,0.39157262,0.4774963,0.55662256,0.3069507,0.303386,0.36735272,29.492609,1.1978148e-07,0.0
7.17,0.39157262,0.4774963,0.55662256,0.32348847,0.32012495,0.3587288,30.569477,1.2784866e-08,0.0
7.175,0.39157262,0.4774963,0.55662256,0.33909297,0.33591926,0.35059154,30.857235,3.4744247e-08,0.0
7.18,0.39059818,0.538457,0.47067598,0.35381684,0.35082224,0.343917,30.62383,-1.9844593e-09,0.0
7.1850000000000005,0.39059818,0.538457,0.47067598,0.3677098,0.3648842,0.34915948,30.076641,5.4076608e-08,0.0
7.19,0.39059818,0.538457,0.47067598,0.38081872,0.37815258,0.3541061,29.374676,-1.4354283e-08,0.0
7.195,0.39059818,0.538457,0.47067598,0.39318788,0.39067218,0.35877356,28.631882,9.36835e-10,0.0
7.2,0.39579526,0.6,0.6,0.40391803,0.4019322,0.3637185,27.926529,4.089334e-08,0.0
7.205,0.39579526,0.6,0.6,0.40322134,0.40619653,0.37460473,27.307186,-2.2594037e-08,0.0
7.21,0.39579526,0.6,0.6,0.40256396,0.41022024,0.3848766,27.421156,3.4969144e-08,0.0
7.215,0.39579526,0.6,0.6,0.40194368,0.41401684,0.39456883,28.306993,6.333332e-08,0.0
7.22,0.07477039,0.6,0.5271769,0.401354,0.41787443,0.40332606,29.599327,1.4655723e-07,0.0
7.2250000000000005,0.07477039,0.6,0.5271769,0.40074703,0.4246793,0.40712684,31.027584,5.294699e-08,0.0
7.23,0.07477039,0.6,0.5271769,0.4001743,0.43110016,0.41071314,32.391457,4.572702e-08,0.0
7.235,0.07477039,0.6,0.5271769,0.39963388,0.43715867,0.41409704,33.55852,8.4794756e-08,0.0
7.24,0.0,0.6,0.6,0.39914742,0.44315314,0.41787383,34.458393,-6.710643e-09,0.0
7.245,0.0,0.6,0.6,0.39895824,0.45200455,0.42815185,35.066784,1.1865196e-08,0.0
7.25,0.0,0.6,0.6,0.39877975,0.46035644,0.43784982,35.379875,-6.3369306e-08,0.0
7.255,0.0,0.6,0.6,0.39861134,0.468237,0.4470005,35.4151,4.147364e-08,0.0
7.26,0.0,0.6,0.6,0.39700308,0.47567284,0.45530602,35.209366,5.7465205e-10,0.0
7.265000000000001,0.0,0.6,0.6,0.3788184,0.48268905,0.45936194,34.80068,-6.5772554e-08,0.0
7.2700000000000005,0.0,0.6,0.6,0.3616599,0.4893093,0.46318898,34.133293,1.6568425e-08,0.0
7.275,0.0,0.6,0.6,0.34546977,0.49555597,0.46680003,33.14968,-6.339309e-08,0.0
7.28,0.0,0.5841643,0.6,0.3298557,0.5014501,0.47053608,31.845345,-7.907204e-09,0.0
7.285,0.0,0.5841643,0.6,0.31124082,0.50701165,0.47784218,30.246357,-1.1316257e-09,0.0
7.29,0.0,0.5841643,0.6,0.29367644,0.5122593,0.48473597,28.371916,-5.0247827e-08,0.0
7.295,0.0,0.5841643,0.6,0.27710328,0.51721084,0.4912407,26.250334,-6.3063595e-08,0.0
7.3,0.0,0.526256,0.6,0.2614654,0.5218829,0.49737838,23.933311,3.8986027e-08,0.0
7.305,0.0,0.526256,0.6,0.24671002,0.5262913,0.50316966,21.49252,-1.1925474e-07,0.0
7.3100000000000005,0.0,0.526256,0.6,0.23278733,0.53045094,0.50863415,19.009314,1.3523646e-07,0.0
7.315,0.0,0.526256,0.6,0.21965034,0.53437585,0.51379025,16.558413,1.2580074e-08,0.0
7.32,0.13411796,0.2943942,0.6,0.20725472,0.53800774,0.51865536,14.199134,-5.4363774e-08,0.0
7.325,0.13411796,0.2943942,0.6,0.19555864,0.5406125,0.52324593,11.980064,-5.2643387e-08,0.0
7.33,0.13411796,0.2943942,0.6,0.1845226,0.5430703,0.5275774,9.946213,1.604067e-08,0.0
7.335,0.13411796,0.2943942,0.6,0.17410935,0.5453894,0.53166443,8.136304,-3.2004593e-08,0.0
7.34,0.46995607,0.22633292,0.6,0.16428377,0.5473162,0.53552085,6.579688,-5.7859664e-09,0.0
7.345,0.46995607,0.22633292,0.6,0.15501267,0.5461277,0.53915966,5.293681,4.1934676e-08,0.0
7.3500000000000005,0.46995607,0.22633292,0.6,0.14626478,0.5450063,0.54259306,3.4271784,-1.1002585e-07,0.0
7.355,0.46995607,0.22633292,0.6,0.13801056,0.5439481,0.54583275,0.9453327,6.484016e-08,0.0
7.36,0.31939667,0.6,0.45504594,0.13082765,0.5419029,0.5488896,5.2829483e-09,3.0313096e-09,0.0
7.365,0.31939667,0.6,0.45504594,0.13101333,0.52793515,0.5517739,4.3395993e-09,9.862255e-09,0.0
7.37,0.31939667,0.6,0.45504594,0.13118854,0.5147556,0.55449545,-4.7067674e-09,-2.0306867e-08,0.0
7.375,0.31939667,0.6,0.45504594,0.13135386,0.5023199,0.55706346,1.5776819e-09,-8.7431085e-09,0.0
7.38,0.0,0.028138269,0.6,0.13302605,0.49027863,0.5594865,-5.077241e-09,-6.286768e-10,0.0
7.385,0.0,0.028138269,0.6,0.15204015,0.47538328,0.5617728,1.714102e-08,-2.9109252e-08,0.0
7.390000000000001,0.0,0.028138269,0.6,0.16998124,0.4613285,0.5639301,9.3670565e-09,-3.9801612e-10,0.0
7.3950000000000005,0.0,0.028138269,0.6,0.18690984,0.4480669,0.56596565,1.44953916e-08,-8.439262e-09,0.0
7.4,0.10857016,0.0,0.41996014,0.20220338,0.43724066,0.5672319,0.043846224,4.898206e-09,0.0
7.405,0.10857016,0.0,0.41996014,0.20881699,0.44642574,0.56090087,0.27240443,3.4517733e-08,0.0
7.41,0.10857016,0.0,0.41996014,0.21505737,0.45509246,0.5549271,1.360175,1.1065357e-08,0.0
7.415,0.10857016,0.0,0.41996014,0.2209456,0.4632701,0.5492905,3.2021778,7.483527e-08,0.0
7.42,0.5007144,0.009616918,0.41317043,0.22505955,0.46840447,0.54462636,5.235708,1.980625e-07,0.0
7.425,0.5007144,0.009616918,0.41317043,0.21235868,0.44355875,0.5477513,7.059598,3.0196226e-09,0.0
7.43,0.5007144,0.009616918,0.41317043,0.20037456,0.42011517,0.5506999,8.121085,-5.101097e-09,0.0
7.4350000000000005,0.5007144,0.009616918,0.41317043,0.18906674,0.39799458,0.55348206,8.367003,-3.7005503e-08,0.0
7.44,0.556531,0.24063236,0.38173488,0.17888722,0.3769953,0.5552944,8.072586,1.3611109e-08,0.0
7.445,0.556531,0.24063236,0.38173488,0.17491898,0.35572016,0.547657,7.5015125,4.088436e-08,0.0
7.45,0.556531,0.24063236,0.38173488,0.17117469,0.33564568,0.54045063,6.914096,-1.4174138e-08,0.0
7.455,0.556531,0.24063236,0.38173488,0.1676417,0.31670403,0.53365093,6.5106926,6.016522e-08,0.0
7.46,0.3733432,0.42929307,0.0,0.1660785,0.29887477,0.52720433,6.389458,-1.7987178e-07,0.0
7.465,0.3733432,0.42929307,0.0,0.18496314,0.28255096,0.520769,6.569477,-3.152418e-08,0.0
7.47,0.3733432,0.42929307,0.0,0.20278206,0.26714838,0.51469684,6.8296657,5.236229e-08,0.0
7.4750000000000005,0.3733432,0.42929307,0.0,0.2195954,0.252615,0.50896734,7.1922727,9.98716e-08,0.0
7.48,0.33131176,0.41903642,0.060041036,0.2357119,0.23994476,0.5034193,8.020115,3.2486717e-08,0.0
7.485,0.33131176,0.41903642,0.060041036,0.2538168,0.23998356,0.49655223,9.34819,7.493999e-08,0.0
7.49,0.33131176,0.41903642,0.060041036,0.2709,0.24002017,0.4900727,11.029695,4.2196405e-08,0.0
7.495,0.33131176,0.41903642,0.060041036,0.28701913,0.24005471,0.4839588,12.943302,8.277949e-08,0.0
7.5,0.6,0.6,0.3050223,0.3014016,0.24093905,0.47646657,14.986739,1.1054453e-07,0.0
7.505,0.6,0.6,0.3050223,0.3054615,0.2515685,0.44957793,17.075058,2.6351407e-07,0.0
7.51,0.6,0.6,0.3050223,0.3092923,0.2615981,0.4242067,19.099455,4.5185185e-08,0.0
7.515000000000001,0.6,0.6,0.3050223,0.3129069,0.27106172,0.40026727,20.974325,1.00538756e-07,0.0
7.5200000000000005,0.6,0.6,0.42809176,0.31612775,0.27994496,0.3779499,22.658379,6.350761e-08,0.0
7.525,0.6,0.6,0.42809176,0.31698462,0.28779435,0.36000922,24.113066,6.167343e-08,0.0
7.53,0.6,0.6,0.42809176,0.31779316,0.2952008,0.343081,25.28098,1.10234765e-07,0.0
7.535,0.6,0.6,0.42809176,0.31855607,0.30218926,0.3271081,26.12937,-6.396417e-09,0.0
7.54,0.36213148,0.50972766,0.51387066,0.32048896,0.30960032,0.3131426,26.666079,4.0691717e-08,0.0
7.545,0.36213148,0.50972766,0.51387066,0.33626273,0.32598856,0.31268433,26.924723,3.1407012e-08,0.0
7.55,0.36213148,0.50972766,0.51387066,0.35114634,0.34145197,0.31225193,26.979471,2.3012767e-09,0.0
7.555,0.36213148,0.50972766,0.51387066,0.36519,0.3560427,0.31184393,26.909534,4.80519e-08,0.0
7.5600000000000005,0.3542176,0.5972078,0.49314514,0.37844113,0.36981004,0.31201458,26.77642,-5.3997354e-08,0.0
7.565,0.3542176,0.5972078,0.49314514,0.39094445,0.38280046,0.31856522,26.628098,-1.757814e-09,0.0
7.57,0.3542176,0.5972078,0.49314514,0.40274218,0.39505777,0.32474616,26.495811,-1.963018e-08,0.0
7.575,0.3542176,0.5972078,0.49314514,0.41387412,0.40662336,0.3305783,26.397104,2.2218802e-09,0.0
7.58,0.32422575,0.6,0.5542851,0.42330393,0.4171287,0.33646858,26.34031,6.8676815e-09,0.0
7.585,0.32422575,0.6,0.5542851,0.41985175,0.4223544,0.34647998,26.323215,-4.4506447e-09,0.0
7.59,0.32422575,0.6,0.5542851,0.4165944,0.42728516,0.3559264,26.969687,2.9794785e-08,0.0
7.595,0.32422575,0.6,0.5542851,0.41352087,0.43193766,0.36483973,28.281847,6.040452e-08,0.0
7.6000000000000005,0.0,0.6,0.6,0.41058508,0.43672258,0.3731565,29.864134,1.0586576e-07,0.0
7.605,0.0,0.6,0.6,0.40740407,0.4457793,0.37992784,31.437805,-6.5012834e-08,0.0
7.61,0.0,0.6,0.6,0.40440258,0.45432493,0.38631707,32.801655,6.931985e-08,0.0
7.615,0.0,0.6,0.6,0.40157047,0.4623883,0.39234576,33.832863,1.0912472e-08,0.0
7.62,0.0,0.6,0.6,0.3987628,0.47000924,0.39831024,34.48205,2.8484331e-08,0.0
7.625,0.0,0.6,0.6,0.3945564,0.47734505,0.40711245,34.751198,2.4690014e-08,0.0
7.63,0.0,0.6,0.6,0.39058742,0.48426688,0.4154179,34.66656,-2.2205509e-08,0.0
7.635,0.0,0.6,0.6,0.3868424,0.4907981,0.42325467,34.273617,1.36529135e-08,0.0
7.640000000000001,0.0,0.6,0.6,0.38184497,0.49696073,0.43085554,33.631752,-4.253336e-08,0.0
7.6450000000000005,0.0,0.6,0.6,0.36029616,0.5027756,0.44040093,32.796196,-7.2625824e-08,0.0
7.65,0.0,0.6,0.6,0.3399634,0.50826234,0.44940764,31.719547,-9.203536e-08,0.0
7.655,0.0,0.6,0.6,0.3207781,0.5134394,0.45790607,30.344791,1.3149486e-08,0.0
7.66,0.0,0.571221,0.6,0.3026755,0.5183243,0.46592492,28.663431,-3.3006796e-08,0.0
7.665,0.0,0.571221,0.6,0.28559446,0.52293354,0.47349122,26.699896,1.2478236e-07,0.0
7.67,0.0,0.571221,0.6,0.2694774,0.52728266,0.48063055,24.50295,1.6640911e-07,0.0
7.675,0.0,0.571221,0.6,0.25426987,0.5313863,0.48736697,22.14225,9.285687e-08,0.0
7.68,0.0007739604,0.56676954,0.6,0.23992056,0.5352584,0.49372324,19.701365,3.8763506e-08,0.0
7.6850000000000005,0.0007739604,0.56676954,0.6,0.22638102,0.538912,0.4997208,17.261942,-1.1502699e-08,0.0
7.69,0.0007739604,0.56676954,0.6,0.21360557,0.5423594,0.5053799,14.890827,-2.3217521e-07,0.0
7.695,0.0007739604,0.56676954,0.6,0.20155108,0.5456123,0.51071966,12.641274,-8.5267075e-08,0.0
7.7,0.23170786,0.22604632,0.6,0.19017686,0.5485516,0.51575804,10.558168,-9.823927e-08,0.0
7.705,0.23170786,0.22604632,0.6,0.17944454,0.5498309,0.5205121,8.679581,-7.983789e-08,0.0
7.71,0.23170786,0.22604632,0.6,0.16931787,0.551038,0.5249979,7.041399,-1.5432687e-07,0.0
7.715,0.23170786,0.22604632,0.6,0.15976268,0.552177,0.52923054,5.669031,6.123716e-08,0.0
7.72,0.56568605,0.23187837,0.6,0.15075022,0.55323166,0.5332243,4.566621,-5.472499e-08,0.0
7.7250000000000005,0.56568605,0.23187837,0.6,0.14228655,0.55399567,0.53699267,3.7186446,-4.6694918e-08,0.0
7.73,0.56568605,0.23187837,0.6,0.13430052,0.5547165,0.5405484,3.0862277,-1.4750238e-08,0.0
7.735,0.56568605,0.23187837,0.6,0.12676516,0.55539674,0.54390347,2.6168926,7.651898e-08,0.0
7.74,0.30167687,0.584018,0.4241655,0.12069764,0.5545003,0.5470692,2.2525616,-2.8971053e-08,0.0
7.745,0.30167687,0.584018,0.4241655,0.12696232,0.5359645,0.5500563,1.0812398,-2.7393241e-08,0.0
7.75,0.30167687,0.584018,0.4241655,0.13287346,0.51847476,0.5528748,6.7040657e-09,-3.4256594e-08,0.0
7.755,0.30167687,0.584018,0.4241655,0.13845102,0.501972,0.55553424,-1.0843323e-09,1.17699415e-08,0.0
7.76,0.0,0.13559282,0.6,0.14522162,0.48642692,0.5580436,1.5651974e-08,-2.2346146e-08,0.0
7.765000000000001,0.0,0.13559282,0.6,0.16894986,0.47206187,0.56041133,-5.6643312e-09,-4.94642e-08,0.0
7.7700000000000005,0.0,0.13559282,0.6,0.19133903,0.4585075,0.56264544,1.3781499e-08,-2.7886797e-09,0.0
7.775,0.0,0.13559282,0.6,0.2124647,0.44571805,0.5647535,0.02490296,4.960528e-10,0.0
7.78,0.061708298,0.0,0.5630254,0.23120627,0.43524015,0.5659487,0.25708285,1.0695067e-07,0.0
7.785,0.061708298,0.0,0.5630254,0.23518316,0.44363618,0.5579474,0.8359012,6.108587e-08,0.0
7.79,0.061708298,0.0,0.5630254,0.23893563,0.4515584,0.55039763,2.3092687,1.0479127e-07,0.0
7.795,0.061708298,0.0,0.5630254,0.24247633,0.45903355,0.5432739,4.4717517,2.3052374e-07,0.0
7.8,0.41649508,0.0,0.5372065,0.24445525,0.46406236,0.53734607,6.720936,6.938936e-08,0.0
7.805000000000001,0.41649508,0.0,0.5372065,0.23065981,0.4455257,0.5408818,8.659332,1.3504307e-07,0.0
7.8100000000000005,0.41649508,0.0,0.5372065,0.21764289,0.42803514,0.54421806,9.767117,6.162587e-08,0.0
7.815,0.41649508,0.0,0.5372065,0.20536056,0.41153163,0.547366,9.986223,-1.9184295e-08,0.0
7.82,0.6,0.23888434,0.2864302,0.19404995,0.3953473,0.5501694,9.569757,-3.6975713e-08,0.0
7.825,0.6,0.23888434,0.2864302,0.18658146,0.3730365,0.5508949,8.773134,-1.0861967e-07,0.0
7.83,0.6,0.23888434,0.2864302,0.17953445,0.35198477,0.5515795,7.8809733,2.5663272e-08,0.0
7.835,0.6,0.23888434,0.2864302,0.17288512,0.33212107,0.5522254,7.1248293,1.6985556e-08,0.0
7.84,0.37154,0.38480717,0.0,0.16821279,0.31337833,0.55271834,6.640774,-1.8032248e-08,0.0
7.845,0.37154,0.38480717,0.0,0.1822242,0.29569334,0.5518429,6.4859385,-4.46437e-09,0.0
7.8500000000000005,0.37154,0.38480717,0.0,0.19544491,0.27900636,0.5510169,6.450461,-2.2141334e-08,0.0
7.855,0.37154,0.38480717,0.0,0.20791952,0.26326108,0.55023754,6.5563474,7.238887e-08,0.0
7.86,0.31505436,0.47576654,0.082480185,0.22051862,0.24948284,0.54837,6.929502,-1.13089285e-07,0.0
7.865,0.31505436,0.47576654,0.082480185,0.24193405,0.24888474,0.5335879,7.8222346,-7.917259e-10,0.0
7.87,0.31505436,0.47576654,0.082480185,0.26214093,0.24832039,0.5196399,9.25422,1.4393912e-07,0.0
7.875,0.31505436,0.47576654,0.082480185,0.28120747,0.24778788,0.5064791,11.082441,2.4151282e-08,0.0
7.88,0.6,0.6,0.20347227,0.2981666,0.24794422,0.49276784,12.925946,6.3579094e-08,0.0
7.885,0.6,0.6,0.20347227,0.3023073,0.25566787,0.46495926,14.888755,1.36086165e-08,0.0
7.890000000000001,0.6,0.6,0.20347227,0.30621433,0.26295564,0.43872002,16.967718,1.8158563e-07,0.0
7.8950000000000005,0.6,0.6,0.20347227,0.30990088,0.26983213,0.41396156,19.000486,1.18390744e-07,0.0
7.9,0.6,0.548689,0.5133183,0.31312436,0.27673122,0.39097267,20.89302,1.0167174e-07,0.0
7.905,0.6,0.548689,0.5133183,0.3132333,0.28796345,0.37356338,22.596972,8.9577775e-08,0.0
7.91,0.6,0.548689,0.5133183,0.31333604,0.2985618,0.35713655,24.022663,8.010054e-08,0.0
7.915,0.6,0.548689,0.5133183,0.31343302,0.30856207,0.34163675,25.089476,6.0320886e-08,0.0
7.92,0.3292803,0.5147239,0.49037656,0.31481096,0.31855887,0.3275579,25.771645,4.464341e-08,0.0
7.925,0.3292803,0.5147239,0.49037656,0.33090514,0.33444154,0.32055533,26.09351,3.3618978e-08,0.0
7.930000000000001,0.3292803,0.5147239,0.49037656,0.3460911,0.3494279,0.31394795,26.153261,-1.9312589e-08,0.0
7.9350000000000005,0.3292803,0.5147239,0.49037656,0.36042005,0.36356854,0.30771342,26.05939,3.1877885e-08,0.0
7.94,0.3217091,0.533527,0.52188855,0.37394035,0.37667954,0.3032296,25.893436,1.1983686e-08,0.0
7.945,0.3217091,0.533527,0.52188855,0.38669768,0.38638663,0.31508562,25.714338,1.2389363e-08,0.0
7.95,0.3217091,0.533527,0.52188855,0.39873505,0.3955459,0.32627258,25.57404,-1.4359594e-08,0.0
7.955,0.3217091,0.533527,0.52188855,0.41009313,0.40418828,0.3368282,25.505953,5.49506e-09,0.0
7.96,0.3701573,0.6,0.6,0.419588,0.4121896,0.34668458,25.523218,-1.2602527e-08,0.0
7.965,0.3701573,0.6,0.6,0.41449162,0.41797596,0.3547936,25.620316,8.86271e-09,0.0
7.97,0.3701573,0.6,0.6,0.40968287,0.42343578,0.36244503,26.385254,4.9242853e-08,0.0
7.9750000000000005,0.3701573,0.6,0.6,0.40514547,0.42858747,0.36966464,27.788074,1.0469509e-08,0.0
7.98,0.0,0.6,0.6,0.40082994,0.43353334,0.3766191,29.418133,1.2365341e-07,0.0
7.985,0.0,0.6,0.6,0.39636487,0.43917632,0.38481715,30.994003,8.2572484e-08,0.0
7.99,0.0,0.6,0.6,0.39215177,0.44450086,0.39255255,32.334743,6.550915e-08,0.0
7.995,0.0,0.6,0.6,0.38817644,0.4495249,0.3998514,33.340885,3.2125435e-08,0.0
8.0,0.0,0.6,0.6,0.38464418,0.45456553,0.40709102,33.977608,6.044878e-08,0.0
8.005,0.0,0.6,0.6,0.38382664,0.46277288,0.41797754,34.255196,1.6082128e-08,0.0
8.01,0.0,0.6,0.6,0.38305524,0.47051707,0.4282497,34.211643,-2.5649912e-08,0.0
8.015,0.0,0.6,0.6,0.38232738,0.47782424,0.43794215,33.90047,4.6135654e-08,0.0
8.02,0.0,0.6,0.6,0.37996945,0.48471904,0.44708762,33.38163,1.6606991e-08,0.0
8.025,0.0,0.6,0.6,0.35852647,0.49122474,0.455717,32.704918,-1.03148885e-08,0.0
8.03,0.0,0.6,0.6,0.3382936,0.4973633,0.46385938,31.800426,-2.2273424e-08,0.0
8.035,0.0,0.6,0.6,0.31920254,0.5031554,0.47154227,30.587921,-8.319388e-08,0.0
8.040000000000001,0.0,0.6,0.6,0.30118886,0.5086207,0.47879156,29.044971,-3.27421e-08,0.0
8.045,0.0,0.6,0.6,0.28419173,0.51377755,0.48563176,27.188421,-9.07758e-08,0.0
8.05,0.0,0.6,0.6,0.26815382,0.5186434,0.49208596,25.063791,-7.2544374e-08,0.0
8.055,0.0,0.6,0.6,0.25302097,0.5232346,0.49817592,22.740261,-1.4466512e-08,0.0
8.06,0.0,0.6,0.6,0.23874214,0.52756673,0.5039222,20.3045,-3.7539025e-09,0.0
8.065,0.0,0.6,0.6,0.22526911,0.5316544,0.5093442,17.843431,-8.3016864e-08,0.0
8.07,0.0,0.6,0.6,0.2125564,0.5355114,0.51446027,15.429596,-4.350714e-08,0.0
8.075,0.0,0.6,0.6,0.20056112,0.5391507,0.5192876,13.120526,1.4070374e-08,0.0
8.08,0.038306132,0.27578193,0.6,0.18924278,0.54258466,0.52384245,10.9667635,-6.297008e-08,0.0
8.085,0.038306132,0.27578193,0.6,0.17856316,0.5458248,0.5281403,9.012778,2.3638206e-08,0.0
8.09,0.038306132,0.27578193,0.6,0.16848624,0.5488821,0.53219557,7.2947345,-1.0688997e-08,0.0
8.095,0.038306132,0.27578193,0.6,0.15897799,0.5517669,0.536022,5.837076,1.6207487e-08,0.0
8.1,0.46503857,0.44177133,0.5788777,0.15000631,0.55448884,0.5396325,4.6465726,-4.1670127e-08,0.0
8.105,0.46503857,0.44177133,0.5788777,0.14154094,0.5570572,0.54303926,3.7130218,5.174703e-09,0.0
8.11,0.46503857,0.44177133,0.5788777,0.13355331,0.5594806,0.54625374,3.0013888,8.4218765e-09,0.0
8.115,0.46503857,0.44177133,0.5788777,0.12601644,0.5617673,0.54928684,2.4615943,7.8692686e-08,0.0
8.120000000000001,0.10105779,0.19915307,0.6,0.11907784,0.56246114,0.55214876,2.0365117,-1.7446379e-08,0.0
8.125,0.10105779,0.19915307,0.6,0.11451962,0.5462828,0.55484915,1.677184,2.0243881e-08,0.0
8.13,0.10105779,0.19915307,0.6,0.11021863,0.53101754,0.5573972,0.5633142,-6.783014e-09,0.0
8.135,0.10105779,0.19915307,0.6,0.106160365,0.5166137,0.5598014,5.99076e-09,4.2713058e-08,0.0
8.14,0.0,0.0,0.6,0.10425767,0.50377214,0.5619746,-1.7725648e-09,-8.747621e-09,0.0
8.145,0.0,0.0,0.6,0.12461777,0.5002732,0.5629285,8.631866e-09,-2.316621e-08,0.0
8.15,0.0,0.0,0.6,0.14382887,0.49697176,0.5638286,2.0626961e-08,5.94601e-08,0.0
8.155,0.0,0.0,0.6,0.16195583,0.4938566,0.56467783,-2.418353e-09,-2.3199176e-08,0.0
8.16,0.43179178,0.0,0.55985534,0.17741658,0.4898219,0.5655745,-3.5479837e-09,4.5679148e-08,0.0
8.165000000000001,0.43179178,0.0,0.55985534,0.17310739,0.47341847,0.5675173,3.922703e-09,-4.425581e-08,0.0
8.17,0.43179178,0.0,0.55985534,0.16904138,0.45794076,0.5693504,0.15263136,-4.6982457e-08,0.0
8.175,0.43179178,0.0,0.55985534,0.16520484,0.4433365,0.5710801,0.49611098,8.151667e-08,0.0
8.18,0.6,0.051554937,0.6,0.16112855,0.42865726,0.5727121,0.95908767,3.9443062e-08,0.0
8.185,0.6,0.051554937,0.6,0.15203552,0.40446666,0.57425207,1.4688065,6.4829e-08,0.0
8.19,0.6,0.051554937,0.6,0.14345564,0.38164124,0.5757051,1.9772944,-2.7312497e-08,0.0
8.195,0.6,0.051554937,0.6,0.13535994,0.36010394,0.57707614,2.465786,5.168842e-08,0.0
8.2,0.46400738,0.34539893,0.13582385,0.12967052,0.33978203,0.5781886,2.9344535,7.557624e-08,0.0
8.205,0.46400738,0.34539893,0.13582385,0.14672025,0.32060698,0.577154,3.3987794,5.183519e-08,0.0
8.21,0.46400738,0.34539893,0.13582385,0.1628078,0.30251402,0.5761778,3.7592108,2.6929813e-08,0.0
8.215,0.46400738,0.34539893,0.13582385,0.17798749,0.2854421,0.57525665,4.127946,8.757485e-08,0.0
8.22,0.1834829,0.19658083,0.36893097,0.19306993,0.2695664,0.57456875,4.6730995,-3.661606e-08,0.0
8.225,0.1834829,0.19658083,0.36893097,0.21603438,0.25726324,0.5760039,5.4580097,-1.5629585e-09,0.0
8.23,0.1834829,0.19658083,0.36893097,0.23770288,0.24565442,0.57735807,6.746167,6.169735e-08,0.0
8.235,0.1834829,0.19658083,0.36893097,0.25814855,0.23470072,0.5786358,8.536589,-9.5785655e-09,0.0
8.24,0.6,0.2511218,0.43586028,0.27682644,0.2256918,0.57774585,10.648076,1.204269e-07,0.0
8.245000000000001,0.6,0.2511218,0.43586028,0.2873897,0.23244728,0.5528067,12.928458,3.2440106e-08,0.0
8.25,0.6,0.2511218,0.43586028,0.29735684,0.23882152,0.52927494,15.230645,5.510644e-08,0.0
8.255,0.6,0.2511218,0.43586028,0.3067615,0.24483605,0.50707114,17.446815,6.419018e-08,0.0
8.26,0.6,0.35011545,0.40418836,0.31436893,0.24983929,0.48717278,19.521427,2.0564565e-07,0.0
8.265,0.6,0.35011545,0.40418836,0.30698258,0.24683374,0.48049998,21.427261,2.3125955e-07,0.0
8.27,0.6,0.35011545,0.40418836,0.30001307,0.2439978,0.47420377,23.276793,8.0455386e-08,0.0
8.275,0.6,0.35011545,0.40418836,0.29343688,0.24132189,0.46826285,25.011505,1.9083656e-07,0.0
8.28,0.2583273,0.49038,0.003096807,0.28911224,0.23904324,0.46295938,26.509325,-8.55738e-08,0.0
8.285,0.2583273,0.49038,0.003096807,0.3066567,0.23972487,0.46143007,27.730694,9.419364e-08,0.0
8.290000000000001,0.2583273,0.49038,0.003096807,0.32321104,0.24036804,0.45998707,28.625425,7.704672e-09,0.0
8.295,0.2583273,0.49038,0.003096807,0.3388312,0.2409749,0.45862553,29.31777,1.3673064e-08,0.0
8.3,0.41093943,0.5307497,0.0,0.35356984,0.24199446,0.45719782,29.974443,-9.057932e-08,0.0
8.305,0.41093943,0.5307497,0.0,0.36747673,0.2480961,0.45420632,30.693745,3.2811634e-08,0.0
8.31,0.41093943,0.5307497,0.0,0.3805988,0.25385338,0.45138362,31.526684,9.162184e-08,0.0
8.315,0.41093943,0.5307497,0.0,0.39298037,0.25928578,0.44872022,32.465023,1.0784922e-07,0.0
8.32,0.56988245,0.6,0.0,0.40312067,0.26504487,0.44439635,33.46182,6.502146e-08,0.0
8.325,0.56988245,0.6,0.0,0.3949495,0.2777613,0.4194923,34.456264,7.890138e-08,0.0
8.33,0.56988245,0.6,0.0,0.38723943,0.2897601,0.39599368,35.91945,2.1269229e-07,0.0
8.335,0.56988245,0.6,0.0,0.37996447,0.30108178,0.37382117,37.74679,6.7696334e-08,0.0
8.34,0.40968183,0.59490216,0.0,0.37378907,0.31194678,0.35288596,39.519733,7.053343e-08,0.0
8.345,0.40968183,0.59490216,0.0,0.3758856,0.32429457,0.3329714,40.983177,1.7456877e-07,0.0
8.35,0.40968183,0.59490216,0.0,0.37786382,0.33594555,0.31418067,41.43528,3.1239122e-10,0.0
8.355,0.40968183,0.59490216,0.0,0.3797304,0.346939,0.29645038,40.81145,-1.7183787e-08,0.0
8.36,0.4062922,0.6,0.0,0.3822092,0.3576247,0.27972066,39.464508,-8.432452e-08,0.0
8.365,0.4062922,0.6,0.0,0.39280024,0.37130278,0.26393506,37.68921,1.6548459e-08,0.0
8.370000000000001,0.4062922,0.6,0.0,0.4027936,0.38420895,0.2490403,35.739693,-6.23706e-08,0.0
8.375,0.4062922,0.6,0.0,0.41222298,0.39638677,0.23498611,33.81136,-7.272813e-08,0.0
8.38,0.4399112,0.53678274,0.0,0.42039698,0.40785435,0.22172505,32.03294,-1.1869491e-07,0.0
8.385,0.4399112,0.53678274,0.0,0.4197923,0.4184101,0.20921235,30.475039,1.1223348e-10,0.0
8.39,0.4399112,0.53678274,0.0,0.41922173,0.42837015,0.19740579,29.804174,-1.5025166e-09,0.0
8.395,0.4399112,0.53678274,0.0,0.41868335,0.4377681,0.1862655,30.043488,3.2246543e-08,0.0
8.4,0.4253167,0.33174962,0.0,0.41816005,0.44665873,0.1757539,30.794336,6.463903e-08,0.0
8.405,0.4253167,0.33174962,0.0,0.4174903,0.4553123,0.16583551,31.756628,6.827331e-08,0.0
8.41,0.4253167,0.33174962,0.0,0.41685835,0.46347752,0.15647686,32.71614,6.101194e-08,0.0
8.415000000000001,0.4253167,0.33174962,0.0,0.41626206,0.47118196,0.14764634,33.53395,4.1581153e-08,0.0
8.42,0.25678483,0.26431066,0.0,0.4158512,0.4781662,0.13931414,34.13371,0.0014113621,0.0
8.425,0.25678483,0.26431066,0.0,0.417209,0.48147413,0.13145217,34.482643,0.041888617,0.0
8.43,0.25678483,0.26431066,0.0,0.41849017,0.4845954,0.124033876,33.79949,1.0082153,0.0
8.435,0.25678483,0.26431066,0.0,0.41969904,0.48754048,0.11703422,32.17143,2.7737641,0.0
8.44,0.51473767,0.32066423,0.0,0.4207738,0.48939374,0.11042958,30.144016,4.7086773,0.0
8.445,0.51473767,0.32066423,0.0,0.42103016,0.48049736,0.10419766,28.08408,6.400243,0.0
8.45,0.51473767,0.32066423,0.0,0.42127207,0.47210303,0.09831743,25.330635,8.586499,0.0
8.455,0.51473767,0.32066423,0.0,0.42150033,0.4641824,0.09276904,22.092962,11.01178,0.0
8.46,0.2369717,0.26213813,0.0,0.42095482,0.4564043,0.08753377,19.012203,12.960062,0.0
8.465,0.2369717,0.26213813,0.0,0.41169015,0.4455638,0.08259394,17.268297,13.149991,0.0
8.47,0.2369717,0.26213813,0.0,0.40294832,0.43533507,0.07793288,16.920559,11.572657,0.0
8.475,0.2369717,0.26213813,0.0,0.3946998,0.4256836,0.07353486,17.419502,8.873794,0.0
8.48,0.41335705,0.30656177,0.0,0.38808137,0.4168312,0.06938504,18.349228,5.5339413,0.0
8.485,0.41335705,0.30656177,0.0,0.395229,0.41140416,0.0654694,19.428993,1.8744473,0.0
8.49,0.41335705,0.30656177,0.0,0.4019733,0.4062834,0.061774738,19.580872,0.028937466,0.0
8.495000000000001,0.41335705,0.30656177,0.0,0.408337,0.40145162,0.058288578,18.912134,0.19560146,0.0
8.5,0.27469802,0.33885103,0.0,0.41308752,0.3966283,0.054999154,18.171532,0.1886431,0.0
8.505,0.27469802,0.33885103,0.0,0.4031487,0.38903856,0.051895365,17.527725,-1.6764218e-08,0.0
8.51,0.27469802,0.33885103,0.0,0.39377078,0.38187712,0.048966732,17.618011,1.01927675e-08,0.0
8.515,0.27469802,0.33885103,0.0,0.3849221,0.37511984,0.04620337,18.514954,2.91737e-08,0.0
8.52,0.47052243,0.35056856,0.029406989,0.37736908,0.36894444,0.04359596,19.82813,1.3953587e-07,0.0
8.525,0.47052243,0.35056856,0.029406989,0.3794,0.36542398,0.04113569,21.26824,9.6504984e-08,0.0
8.53,0.47052243,0.35056856,0.029406989,0.38131633,0.36210218,0.038814265,21.97186,0.59268504,0.0
8.535,0.47052243,0.35056856,0.029406989,0.3831245,0.35896784,0.036623843,21.855982,1.8346043,0.0
8.540000000000001,0.36928213,0.38968873,0.09022213,0.38420463,0.35615617,0.034557033,21.323263,3.262181,0.0
8.545,0.36928213,0.38968873,0.09022213,0.3780248,0.35517958,0.032606862,20.645958,4.5691366,0.0
8.55,0.36928213,0.38968873,0.09022213,0.3721937,0.3542581,0.030766746,20.688044,4.800328,0.0
8.555,0.36928213,0.38968873,0.09022213,0.36669168,0.3533886,0.029030474,21.452383,3.9854379,0.0
8.56,0.49410847,0.3659296,0.15915303,0.36238426,0.3526211,0.027524948,22.493498,2.6444345,0.0
8.565,0.49410847,0.3659296,0.15915303,0.36848685,0.35250527,0.027631158,23.532856,1.0991439,0.0
8.57,0.49410847,0.3659296,0.15915303,0.37424508,0.35239598,0.027731374,23.761385,0.2566506,0.0
8.575000000000001,0.49410847,0.3659296,0.15915303,0.37967834,0.35229287,0.027825935,23.19713,0.07531476,0.0
8.58,0.5293464,0.46125636,0.1497266,0.38434792,0.35237217,0.028189719,22.28208,0.04502641,0.0
8.585,0.5293464,0.46125636,0.1497266,0.38349771,0.35447806,0.03169042,21.848322,-5.6881135e-09,0.0
8.59,0.5293464,0.46125636,0.1497266,0.38269547,0.35646513,0.034993563,22.674109,2.3404092e-09,0.0
8.595,0.5293464,0.46125636,0.1497266,0.38193852,0.35834005,0.0381103,24.55754,2.9070776e-07,0.0
8.6,0.47691047,0.44140878,0.19823924,0.38178784,0.3600019,0.04136235,26.952522,3.1088737e-07,0.0
8.605,0.47691047,0.44140878,0.19823924,0.38812646,0.36033642,0.04800968,29.472706,1.39118e-07,0.0
8.61,0.47691047,0.44140878,0.19823924,0.3941074,0.36065206,0.054281875,31.194302,0.5919981,0.0
8.615,0.47691047,0.44140878,0.19823924,0.3997508,0.3609499,0.060200114,31.971697,1.9845395,0.0
8.620000000000001,0.53707707,0.4288424,0.12890321,0.4052348,0.3616613,0.06574181,32.180267,3.7444465,0.0
8.625,0.53707707,0.4288424,0.12890321,0.41223887,0.36728176,0.07048136,32.080994,5.576376,0.0
8.63,0.53707707,0.4288424,0.12890321,0.41884765,0.37258506,0.07495344,31.833143,7.3057766,0.0
8.635,0.53707707,0.4288424,0.12890321,0.42508346,0.37758908,0.07917314,31.533575,8.83185,0.0
8.64,0.51039857,0.37809888,0.1005869,0.43073064,0.3822211,0.08337373,31.242792,10.096463,0.0
8.645,0.51039857,0.37809888,0.1005869,0.43333673,0.38556126,0.089855984,30.99401,11.072723,0.0
8.65,0.51039857,0.37809888,0.1005869,0.43579575,0.3887129,0.09597242,30.792387,11.764845,0.0
8.655,0.51039857,0.37809888,0.1005869,0.43811598,0.3916867,0.10174368,30.63216,12.188232,0.0
8.66,0.567086,0.3244603,0.072866485,0.4405769,0.39443597,0.106876224,30.506641,12.358279,0.0
8.665000000000001,0.567086,0.3244603,0.072866485,0.44602275,0.39637765,0.10811928,30.410662,12.287625,0.0
8.67,0.567086,0.3244603,0.072866485,0.45116127,0.39820975,0.10929219,30.359991,11.964997,0.0
8.675,0.567086,0.3244603,0.072866485,0.45600978,0.39993846,0.1103989,30.368427,11.381086,0.0
8.68,0.4800423,0.31769618,0.02457145,0.46046424,0.4013405,0.111315325,30.436697,10.540589,0.0
8.685,0.4800423,0.31769618,0.02457145,0.4632822,0.4000289,0.11070988,30.558426,9.455383,0.0
8.69,0.4800423,0.31769618,0.02457145,0.46594113,0.3987913,0.11013861,29.940529,9.0058565,0.0
8.695,0.4800423,0.31769618,0.02457145,0.46845,0.39762357,0.109599575,28.604782,9.144137,0.0
8.700000000000001,0.5359118,0.31689313,0.0,0.47107324,0.39627957,0.108965814,27.0202,9.334087,0.0
8.705,0.5359118,0.31689313,0.0,0.47649157,0.39222658,0.10692861,25.487543,9.239716,0.0
8.71,0.5359118,0.31689313,0.0,0.48160413,0.38840228,0.10500637,24.216908,8.634218,0.0
8.715,0.5359118,0.31689313,0.0,0.48642817,0.38479382,0.103192605,23.321663,7.4033413,0.0
8.72,0.6,0.3097777,0.0,0.490587,0.38135844,0.101263165,22.824697,5.5347605,0.0
8.725,0.6,0.3097777,0.0,0.48999193,0.37776577,0.09693519,22.689703,3.0810382,0.0
8.73,0.6,0.3097777,0.0,0.48943046,0.37437585,0.09285146,23.605091,2.936724e-08,0.0
8.735,0.6,0.3097777,0.0,0.48890066,0.37117723,0.08899818,24.994925,1.15449296e-07,0.0
8.74,0.41978544,0.26149213,0.0,0.48865297,0.36815548,0.08525143,27.058525,2.1447136e-07,0.0
8.745000000000001,0.41978544,0.26149213,0.0,0.49131995,0.36526257,0.0804404,29.401768,1.8339713e-07,0.0
8.75,0.41978544,0.26149213,0.0,0.49383643,0.3625329,0.075900875,30.865889,0.7457703,0.0
8.755,0.41978544,0.26149213,0.0,0.4962109,0.3599573,0.07161753,31.259459,2.4287364,0.0
8.76,0.6,0.31752664,0.0,0.4987407,0.35749492,0.06757591,31.04172,4.517938,0.0
8.765,0.6,0.31752664,0.0,0.5044551,0.35480207,0.06376237,30.53679,6.64631,0.0
8.77,0.6,0.31752664,0.0,0.50984704,0.3522612,0.060164038,29.980244,8.555494,0.0
8.775,0.6,0.31752664,0.0,0.51493466,0.3498637,0.056768775,29.5198,10.091803,0.0
8.78,0.48572648,0.33559394,0.0,0.51892155,0.34738353,0.05356512,29.2273,11.1893425,0.0
8.785,0.48572648,0.33559394,0.0,0.51332694,0.3425364,0.050542258,29.120947,11.842427,0.0
8.790000000000001,0.48572648,0.33559394,0.0,0.50804806,0.33796278,0.047689985,30.146767,11.022254,0.0
8.795,0.48572648,0.33559394,0.0,0.5030671,0.33364728,0.044998676,32.205517,8.878173,0.0
8.8,0.6,0.36526155,0.0,0.49918082,0.3298283,0.042459246,34.653286,6.1479483,0.0
8.805,0.6,0.36526155,0.0,0.5048704,0.32913408,0.040063124,37.086056,3.2905562,0.0
8.81,0.6,0.36526155,0.0,0.5102389,0.32847902,0.037802227,38.342968,1.6017842,0.0
8.815,0.6,0.36526155,0.0,0.5153044,0.32786095,0.035668917,38.380634,1.0991856,0.0
8.82,0.47172934,0.42125466,0.0,0.51956815,0.32735932,0.033655997,37.758503,1.1303203,0.0
8.825000000000001,0.47172934,0.42125466,0.0,0.51765835,0.32782403,0.031756673,36.85531,1.2586187,0.0
8.83,0.47172934,0.42125466,0.0,0.5158563,0.3282625,0.029964536,37.421387,1.770839e-08,0.0
8.835,0.47172934,0.42125466,0.0,0.514156,0.32867625,0.028273536,39.166466,1.441089e-07,0.0
8.84,0.5874425,0.5450149,0.0,0.51306754,0.3292006,0.026677964,41.728973,2.3053987e-07,0.0
8.845,0.5874425,0.5450149,0.0,0.5179734,0.33123565,0.025172437,44.62062,3.9167062e-07,0.0
8.85,0.5874425,0.5450149,0.0,0.52260244,0.33315584,0.02375187,46.5741,0.8086311,0.0
8.855,0.5874425,0.5450149,0.0,0.52697027,0.33496767,0.022411471,47.33359,2.7274876,0.0
8.86,0.5526506,0.6,0.0,0.5305125,0.33693004,0.021146715,47.35087,5.23372,0.0
8.865,0.5526506,0.6,0.0,0.52719516,0.34168875,0.019953333,46.94819,7.9613338,0.0
8.870000000000001,0.5526506,0.6,0.0,0.524065,0.34617892,0.018827299,47.316463,9.594045,0.0
8.875,0.5526506,0.6,0.0,0.52111155,0.3504157,0.01776481,48.522476,10.099419,0.0
8.88,0.47775188,0.6,0.0,0.51884717,0.35497212,0.01676228,50.03212,10.100082,0.0
8.885,0.47775188,0.6,0.0,0.52271825,0.36569688,0.015816329,51.512722,9.980161,0.0
8.89,0.47775188,0.6,0.0,0.5263709,0.3758164,0.01492376,51.765003,11.071966,0.0
8.895,0.47775188,0.6,0.0,0.52981734,0.38536486,0.014081561,50.725925,13.412673,0.0
8.9,0.48826113,0.6,0.0,0.53291225,0.39462268,0.01328689,48.976963,16.330872,0.0
8.905,0.48826113,0.6,0.0,0.53402615,0.40621284,0.012537066,46.927746,19.363302,0.0
8.91,0.48826113,0.6,0.0,0.5350772,0.41714892,0.011829557,44.825817,22.239231,0.0
8.915000000000001,0.48826113,0.6,0.0,0.5360689,0.42746782,0.011161975,42.817745,24.807154,0.0
8.92,0.5151625,0.6,0.0,0.5366665,0.4372044,0.010532066,40.98592,26.990088,0.0
8.925,0.5151625,0.6,0.0,0.53334177,0.4463915,0.0099377055,39.360184,28.769705,0.0
8.93,0.5151625,0.6,0.0,0.53020465,0.45506015,0.009376887,38.94765,29.081509,0.0
8.935,0.5151625,0.6,0.0,0.52724457,0.4632396,0.008847717,39.676254,28.048899,0.0
8.94,0.5364482,0.57094103,0.0,0.524499,0.47095746,0.00834841,40.897892,26.395645,0.0
8.945,0.5364482,0.57094103,0.0,0.52245396,0.47823977,0.007877281,42.197227,24.578959,0.0
8.950000000000001,0.5364482,0.57094103,0.0,0.5205243,0.48511112,0.0074327393,43.335155,22.858091,0.0
8.955,0.5364482,0.57094103,0.0,0.5187036,0.4915947,0.0070132846,44.190758,21.360071,0.0
8.96,0.57097465,0.5429411,0.0,0.51710707,0.49771237,0.006617501,44.723064,20.122503,0.0
8.965,0.57097465,0.5429411,0.0,0.51699734,0.5034848,0.0062440527,44.94322,19.125135,0.0
8.97,0.57097465,0.5429411,0.0,0.5168938,0.50893146,0.0058916793,44.90217,18.304096,0.0
8.975,0.57097465,0.5429411,0.0,0.5167961,0.51407075,0.0055591916,44.66433,17.581957,0.0
8.98,0.5868505,0.57110137,0.0,0.51680005,0.5187888,0.0052454676,44.290325,16.886715,0.0
8.985,0.5868505,0.57110137,0.0,0.5179089,0.5217319,0.004949448,43.833454,16.155815,0.0
8.99,0.5868505,0.57110137,0.0,0.5189551,0.52450895,0.004670134,42.3488,16.41984,0.0
8.995000000000001,0.5868505,0.57110137,0.0,0.5199423,0.5271293,0.004406582,39.91333,17.55462,0.0
9.0,0.6,0.5953992,0.0,0.52102965,0.52947533,0.0041579036,37.151936,18.846395,0.0
9.005,0.6,0.5953992,0.0,0.52384824,0.53023523,0.0039232587,34.456436,19.85844,0.0
9.01,0.6,0.5953992,0.0,0.52650774,0.5309523,0.003701856,32.073456,20.326473,0.0
9.015,0.6,0.5953992,0.0,0.52901715,0.53162885,0.0034929477,30.138649,20.11486,0.0
9.02,0.6,0.5853341,0.0,0.53145665,0.53239435,0.0032958288,28.693428,19.192907,0.0
9.025,0.6,0.5853341,0.0,0.53458273,0.53457874,0.003109834,27.710938,17.603132,0.0
9.03,0.6,0.5853341,0.0,0.5375324,0.5366398,0.0029343355,27.1211,15.432325,0.0
9.035,0.6,0.5853341,0.0,0.54031557,0.5385846,0.002768741,26.836658,12.782978,0.0
9.040000000000001,0.57228845,0.5516391,0.0,0.54300106,0.5405293,0.0026124916,26.772366,9.752659,0.0
9.045,0.57228845,0.5516391,0.0,0.5462177,0.54362583,0.0024650597,26.852472,6.426603,0.0
9.05,0.57228845,0.5516391,0.0,0.5492528,0.5465476,0.002325948,27.01224,2.876502,0.0
9.055,0.57228845,0.5516391,0.0,0.55211663,0.5493044,0.0021946868,27.043554,-2.7300372e-08,0.0
9.06,0.57106715,0.5174212,0.0,0.55481887,0.5518603,0.0020708332,26.68768,1.89512e-08,0.0
9.065,0.57106715,0.5174212,0.0,0.5573686,0.5537493,0.001953969,26.545034,-8.267638e-10,0.0
9.07,0.57106715,0.5174212,0.0,0.5597744,0.55553174,0.0018436998,26.56262,4.1573385e-09,0.0
9.075000000000001,0.57106715,0.5174212,0.0,0.56204444,0.5572136,0.0017396535,26.690403,8.018054e-09,0.0
9.08,0.5566701,0.4767908,0.0,0.5640613,0.5586484,0.001641479,26.884417,2.164149e-08,0.0
9.085,0.5566701,0.4767908,0.0,0.5645256,0.5582529,0.0015488447,27.1087,5.1651723e-09,0.0
9.09,0.5566701,0.4767908,0.0,0.5649637,0.5578796,0.0014614381,26.29255,1.0051783,0.0
9.095,0.5566701,0.4767908,0.0,0.56537706,0.5575274,0.0013789642,24.45972,2.8735116,0.0
9.1,0.5239906,0.4287953,0.0,0.56576157,0.55704063,0.0013011445,22.25928,4.857816,0.0
9.105,0.5239906,0.4287953,0.0,0.56606096,0.55480474,0.0012277164,20.131725,6.4653254,0.0
9.11,0.5239906,0.4287953,0.0,0.5663435,0.55269504,0.0011584322,18.35415,7.400121,0.0
9.115,0.5239906,0.4287953,0.0,0.56661004,0.5507044,0.0010930579,17.05466,7.5397654,0.0
9.120000000000001,0.5031234,0.39892167,0.0,0.5667966,0.5486427,0.0010313729,16.243052,6.894851,0.0
9.125,0.5031234,0.39892167,0.0,0.5662251,0.54458785,0.00097316905,15.8567,5.5541897,0.0
9.13,0.5031234,0.39892167,0.0,0.56568587,0.5407618,0.00091824983,16.89599,2.4219458,0.0
9.135,0.5031234,0.39892167,0.0,0.5651771,0.53715175,0.0008664299,18.784718,1.190171e-07,0.0
9.14,0.49703494,0.39154613,0.0,0.56454945,0.5335287,0.0008175343,20.862732,2.4342776e-07,0.0
9.145,0.49703494,0.39154613,0.0,0.56226057,0.5276182,0.000771398,23.195961,8.9955286e-08,0.0
9.15,0.49703494,0.39154613,0.0,0.56010085,0.5220413,0.0007278654,25.464638,9.360739e-08,0.0
9.155,0.49703494,0.39154613,0.0,0.55806303,0.5167791,0.00068678946,27.47738,0.0042900383,0.0
9.16,0.4813395,0.39711717,0.0,0.556046,0.51167905,0.0006480316,29.135674,0.09482411,0.0
9.165000000000001,0.4813395,0.39711717,0.0,0.5530594,0.5053158,0.00061146094,30.418085,0.36099538,0.0
9.17,0.4813395,0.39711717,0.0,0.55024135,0.4993116,0.0005769541,31.370712,0.7528722,0.0
9.175,0.4813395,0.39711717,0.0,0.5475823,0.49364626,0.0005443946,32.05736,1.1993616,0.0
9.18,0.47360846,0.41637892,0.0,0.54504585,0.48826733,0.00051367254,32.542713,1.6297628,0.0
9.185,0.47360846,0.41637892,0.0,0.5423364,0.48280904,0.00048468425,32.885372,1.9816134,0.0
9.19,0.47360846,0.41637892,0.0,0.5397799,0.47765875,0.00045733186,33.134796,2.203744,0.0
9.195,0.47360846,0.41637892,0.0,0.53736764,0.47279912,0.00043152308,33.32897,2.2586675,0.0
9.200000000000001,0.4806272,0.44891053,0.0,0.53502065,0.4682389,0.00040717077,33.494644,2.1218467,0.0
9.205,0.4806272,0.44891053,0.0,0.53199124,0.46422526,0.00038419274,33.648552,1.7800171,0.0
9.21,0.4806272,0.44891053,0.0,0.5291328,0.46043813,0.00036251143,33.79196,1.2369955,0.0
9.215,0.4806272,0.44891053,0.0,0.5264357,0.4568647,0.00034205368,33.92215,0.50044435,0.0
9.22,0.49093592,0.48636797,0.0,0.52385587,0.45357993,0.00032275042,33.962128,1.8393338e-09,0.0
9.225,0.49093592,0.48636797,0.0,0.52102023,0.45148057,0.00030453652,33.919987,1.9715507e-09,0.0
9.23,0.49093592,0.48636797,0.0,0.51834464,0.44949967,0.00028735047,33.895584,-2.8268836e-09,0.0
9.235,0.49093592,0.48636797,0.0,0.51582,0.44763055,0.0002711343,33.87757,-6.1870757e-09,0.0
9.24,0.5037585,0.5259316,0.0,0.5134696,0.44601378,0.00025583326,33.858387,5.2614406e-09,0.0
9.245000000000001,0.5037585,0.5259316,0.0,0.5116162,0.44617724,0.00024139573,33.832855,1.1071455e-09,0.0
9.25,0.5037585,0.5259316,0.0,0.50986737,0.4463315,0.00022777294,34.501427,1.0209029e-07,0.0
9.255,0.5037585,0.5259316,0.0,0.5082173,0.44647706,0.00021491894,35.917023,1.2543417e-07,0.0
9.26,0.5240532,0.5645029,0.0,0.50670683,0.44678348,0.00020279032,37.69215,1.2140325e-07,0.0
9.265,0.5240532,0.5645029,0.0,0.5058168,0.44901738,0.00019134617,39.547695,1.3258635e-07,0.0
9.27,0.5240532,0.5645029,0.0,0.50497705,0.4511252,0.00018054785,41.293274,8.2836905e-08,0.0
9.275,0.5240532,0.5645029,0.0,0.50418466,0.45311406,0.00017035892,42.81107,0.0038241649,0.0
9.28,0.5443286,0.59673554,0.0,0.50349486,0.45516932,0.00016074498,44.028473,0.08814965,0.0
9.285,0.5443286,0.59673554,0.0,0.50350976,0.45916268,0.0001516736,44.920795,0.3293703,0.0
9.290000000000001,0.5443286,0.59673554,0.0,0.50352377,0.46293068,0.00014311413,44.530483,1.7959586,0.0
9.295,0.5443286,0.59673554,0.0,0.503537,0.46648604,0.00013503771,42.929585,4.3715873,0.0
9.3,0.56010544,0.6,0.0,0.5036411,0.4700149,0.00012741708,40.75719,7.3157587,0.0
9.305,0.56010544,0.6,0.0,0.50479305,0.4753472,0.0001202265,38.42689,10.160389,0.0
9.31,0.56010544,0.6,0.0,0.50587994,0.48037854,0.0001134417,36.18532,12.637245,0.0
9.315,0.56010544,0.6,0.0,0.5069055,0.48512596,0.0001070398,34.169426,14.607795,0.0
9.32,0.57454765,0.6,0.0,0.50796473,0.48975098,0.000100999176,32.447014,16.013361,0.0
9.325000000000001,0.57454765,0.6,0.0,0.51001686,0.49578848,9.5299445e-05,31.040333,16.846014,0.0
9.33,0.57454765,0.6,0.0,0.5119532,0.5014853,8.992137e-05,29.93711,17.134567,0.0
9.335,0.57454765,0.6,0.0,0.51378024,0.5068606,8.4846804e-05,29.102962,16.929781,0.0
9.34,0.5837638,0.6,0.0,0.5155754,0.5119473,8.005861e-05,28.491869,16.292627,0.0
9.345,0.5837638,0.6,0.0,0.5180884,0.5169164,7.5540636e-05,28.05558,15.283916,0.0
9.35,0.5837638,0.6,0.0,0.5204596,0.5216051,7.1277624e-05,27.751993,13.955538,0.0
9.355,0.5837638,0.6,0.0,0.522697,0.52602917,6.725518e-05,27.544313,12.351805,0.0
9.36,0.58625454,0.6,0.0,0.52487326,0.5302036,6.3459745e-05,27.401085,10.509823,0.0
9.365,0.58625454,0.6,0.0,0.5276765,0.53414243,5.9878497e-05,27.2978,8.45796,0.0
9.370000000000001,0.58625454,0.6,0.0,0.5303216,0.537859,5.649935e-05,27.220768,6.2118783,0.0
9.375,0.58625454,0.6,0.0,0.5328174,0.54136586,5.3310898e-05,27.161572,3.7810986,0.0
9.38,0.58552766,0.6,0.0,0.535214,0.5446748,5.0302384e-05,27.113548,1.1730015,0.0
9.385,0.58552766,0.6,0.0,0.53795385,0.547797,4.7463647e-05,26.7915,-1.3906978e-08,0.0
9.39,0.58552766,0.6,0.0,0.5405391,0.55074304,4.4785113e-05,26.408278,3.779766e-09,0.0
9.395,0.58552766,0.6,0.0,0.5429784,0.55352277,4.2257736e-05,26.183527,-5.0269473e-09,0.0
9.4,0.57957083,0.5734244,0.0,0.5452913,0.5561456,3.9872986e-05,26.085316,5.6300435e-09,0.0
9.405,0.57957083,0.5734244,0.0,0.547603,0.55862045,3.7622816e-05,26.080227,2.1227222e-09,0.0
9.41,0.57957083,0.5734244,0.0,0.54978424,0.56095564,3.5499634e-05,26.137777,7.622703e-09,0.0
9.415000000000001,0.57957083,0.5734244,0.0,0.5518424,0.56315905,3.3496268e-05,26.23201,5.08449e-09,0.0
9.42,0.57080984,0.53466654,0.0,0.5537811,0.5652381,3.160596e-05,26.342205,6.1385617e-09,0.0
9.425,0.57080984,0.53466654,0.0,0.5555727,0.5671998,2.9822328e-05,26.453089,2.8212837e-09,0.0
9.43,0.57080984,0.53466654,0.0,0.55726314,0.56905085,2.8139351e-05,26.554298,2.4159055e-09,0.0
9.435,0.57080984,0.53466654,0.0,0.5588582,0.57079744,2.6551352e-05,26.639872,5.0892854e-09,0.0
9.44,0.5581948,0.49246883,0.0,0.56033635,0.57232547,2.5052968e-05,26.70739,4.2840784e-09,0.0
9.445,0.5581948,0.49246883,0.0,0.5614218,0.57238746,2.3639144e-05,26.7573,-1.6800339e-09,0.0
9.450000000000001,0.5581948,0.49246883,0.0,0.562446,0.572446,2.2305107e-05,26.795858,-2.3871667e-09,0.0
9.455,0.5581948,0.49246883,0.0,0.5634124,0.5725012,2.1046353e-05,26.830086,3.9045247e-09,0.0
9.46,0.54167986,0.45201817,0.0,0.56428474,0.5723783,1.9858635e-05,26.86464,2.1241833e-09,0.0
9.465,0.54167986,0.45201817,0.0,0.564653,0.5702501,1.8737945e-05,25.832047,1.0401354,0.0
9.47,0.54167986,0.45201817,0.0,0.5650004,0.568242,1.7680499e-05,23.793114,2.9297464,0.0
9.475,0.54167986,0.45201817,0.0,0.56532824,0.56634724,1.6682729e-05,21.43824,4.875682,0.0
9.48,0.52383345,0.4196718,0.0,0.5655806,0.5643689,1.5741265e-05,19.228125,6.3644457,0.0
9.485,0.52383345,0.4196718,0.0,0.5651638,0.5603113,1.4852932e-05,17.431189,7.1121173,0.0
9.49,0.52383345,0.4196718,0.0,0.5647705,0.55648273,1.401473e-05,17.252787,5.8046536,0.0
9.495000000000001,0.52383345,0.4196718,0.0,0.5643994,0.5528702,1.3223831e-05,18.619892,2.5800514,0.0
9.5,0.5054336,0.4012027,0.0,0.56397474,0.5492789,1.2477565e-05,20.437572,1.3314936e-08,0.0
9.505,0.5054336,0.4012027,0.0,0.56271654,0.54379016,1.17734135e-05,22.139318,9.595095e-08,0.0
9.51,0.5054336,0.4012027,0.0,0.5615294,0.5386112,1.1108999e-05,23.973995,1.2440896e-07,0.0
9.515,0.5054336,0.4012027,0.0,0.56040925,0.5337244,1.0482081e-05,25.728312,1.9601005e-07,0.0
9.52,0.4892514,0.39600754,0.0,0.5592717,0.52896744,9.890541e-06,27.278015,6.303014e-05,0.0
9.525,0.4892514,0.39600754,0.0,0.5572718,0.5227995,9.332384e-06,28.569765,0.0027469452,0.0
9.53,0.4892514,0.39600754,0.0,0.55538476,0.51697963,8.805726e-06,29.600895,0.021149974,0.0
9.535,0.4892514,0.39600754,0.0,0.5536042,0.5114882,8.308789e-06,30.397833,0.061527006,0.0
9.540000000000001,0.47909826,0.4041459,0.0,0.5518411,0.5062233,7.839895e-06,31.006592,0.07684684,0.0
9.545,0.47909826,0.4041459,0.0,0.5492222,0.50029665,7.3974634e-06,31.473602,0.017632661,0.0
9.55,0.47909826,0.4041459,0.0,0.546751,0.49470446,6.9799994e-06,31.81258,2.403273e-08,0.0
9.555,0.47909826,0.4041459,0.0,0.54441935,0.48942783,6.586094e-06,32.067635,6.6582797e-09,0.0
9.56,0.47642592,0.42501253,0.0,0.5421462,0.48442554,6.214418e-06,32.271286,1.3254852e-08,0.0
9.565,0.47642592,0.42501253,0.0,0.53916115,0.47943583,5.8637174e-06,32.445965,9.694535e-09,0.0
9.57,0.47642592,0.42501253,0.0,0.5363446,0.4747277,5.532808e-06,32.60412,8.54176e-09,0.0
9.575000000000001,0.47642592,0.42501253,0.0,0.53368694,0.47028524,5.2205723e-06,32.75287,6.2652434e-09,0.0
9.58,0.48101375,0.45606717,0.0,0.5311335,0.46613023,4.9259575e-06,32.897125,1.379474e-08,0.0
9.585,0.48101375,0.45606717,0.0,0.52819693,0.46263224,4.647969e-06,33.03937,7.7758004e-09,0.0
9.59,0.48101375,0.45606717,0.0,0.52542615,0.45933166,4.3856685e-06,33.17478,6.058429e-09,0.0
9.595,0.48101375,0.45606717,0.0,0.5228117,0.45621735,4.1381704e-06,33.297543,9.296102e-09,0.0
9.6,0.49275592,0.4940038,0.0,0.52033275,0.453373,3.9046395e-06,33.404896,2.4147127e-09,0.0
9.605,0.49275592,0.4940038,0.0,0.5178549,0.4517725,3.6842873e-06,33.49559,2.8789357e-10,0.0
9.61,0.49275592,0.4940038,0.0,0.51551694,0.45026237,3.4763705e-06,33.562565,-5.782218e-10,0.0
9.615,0.49275592,0.4940038,0.0,0.5133109,0.44883743,3.280187e-06,33.599804,1.5523952e-09,0.0
9.620000000000001,0.50990415,0.53474545,0.0,0.5112501,0.44763312,3.0950748e-06,33.60639,-1.106063e-09,0.0
9.625,0.50990415,0.53474545,0.0,0.5095437,0.4481091,2.920409e-06,33.584087,-3.2121015e-09,0.0
9.63,0.50990415,0.53474545,0.0,0.5079337,0.44855818,2.7556005e-06,34.24233,6.028502e-08,0.0
9.635,0.50990415,0.53474545,0.0,0.5064145,0.44898194,2.6000926e-06,35.64005,8.4053596e-08,0.0
9.64,0.5293307,0.5729178,0.0,0.505034,0.44955304,2.4533604e-06,37.392586,8.034347e-08,0.0
9.645,0.5293307,0.5729178,0.0,0.5043411,0.45206156,2.314909e-06,39.22291,1.7814561e-07,0.0
9.65,0.5293307,0.5729178,0.0,0.5036873,0.4544285,2.1842707e-06,40.942917,1.5014386e-07,0.0
9.655,0.5293307,0.5729178,0.0,0.5030704,0.45666185,2.0610048e-06,42.437386,0.0034210742,0.0
9.66,0.54801,0.6,0.0,0.50256574,0.4589531,1.9446952e-06,43.63688,0.0801305,0.0
9.665000000000001,0.54801,0.6,0.0,0.5029799,0.46323034,1.8349494e-06,44.516594,0.3063368,0.0
9.67,0.54801,0.6,0.0,0.50337064,0.46726617,1.731397e-06,44.117874,1.7525147,0.0
9.675,0.54801,0.6,0.0,0.50373936,0.47107425,1.6336884e-06,42.510345,4.305071,0.0
9.68,0.56432194,0.6,0.0,0.50417495,0.47483978,1.5414938e-06,40.3304,7.2264466,0.0
9.685,0.56432194,0.6,0.0,0.50559455,0.48037466,1.454502e-06,37.998135,10.041138,0.0
9.69,0.56432194,0.6,0.0,0.50693405,0.4855972,1.3724195e-06,35.760906,12.480346,0.0
9.695,0.56432194,0.6,0.0,0.50819796,0.490525,1.2949693e-06,33.75409,14.407291,0.0
9.700000000000001,0.57761467,0.6,0.0,0.5094749,0.49529698,1.2218898e-06,32.045967,15.762872,0.0
9.705,0.57761467,0.6,0.0,0.51164955,0.50120574,1.1529344e-06,30.658833,16.539171,0.0
9.71,0.57761467,0.6,0.0,0.5137015,0.50678104,1.0878704e-06,29.579735,16.765772,0.0
9.715,0.57761467,0.6,0.0,0.51563764,0.5120417,1.0264781e-06,28.772907,16.495031,0.0
9.72,0.58442044,0.6,0.0,0.5175382,0.5170055,9.685505e-07,28.190893,15.789489,0.0
9.725,0.58442044,0.6,0.0,0.5201784,0.5216892,9.138919e-07,27.783602,14.711986,0.0
9.73,0.58442044,0.6,0.0,0.52266955,0.5261085,8.6231785e-07,27.508514,13.314841,0.0
9.735,0.58442044,0.6,0.0,0.5250201,0.53027844,8.136543e-07,27.328964,11.642233,0.0
9.74,0.58632326,0.6,0.0,0.5272981,0.53421307,7.6773705e-07,27.21336,9.731419,0.0
9.745000000000001,0.58632326,0.6,0.0,0.53013766,0.53792566,7.2441105e-07,27.136992,7.6110563,0.0
9.75,0.58632326,0.6,0.0,0.53281695,0.54142874,6.8353006e-07,27.085596,5.2974753,0.0
9.755,0.58632326,0.6,0.0,0.535345,0.5447341,6.449561e-07,27.050268,2.8008046,0.0
9.76,0.5847926,0.5946902,0.0,0.53776115,0.547853,6.0855905e-07,27.02424,0.12864186,0.0
9.765,0.5847926,0.5946902,0.0,0.5403943,0.55079585,5.7421596e-07,26.56644,-3.753248e-08,0.0
9.77,0.5847926,0.5946902,0.0,0.54287887,0.5535726,5.41811e-07,26.259138,-1.43225e-08,0.0
9.775,0.5847926,0.5946902,0.0,0.5452232,0.55619264,5.1123476e-07,26.097862,-1.359449e-09,0.0
9.78,0.5775985,0.56462765,0.0,0.5474438,0.55866486,4.8238405e-07,26.049017,-7.552269e-09,0.0
9.785,0.5775985,0.56462765,0.0,0.5496379,0.56099755,4.5516148e-07,26.07949,-1.6499759e-10,0.0
9.790000000000001,0.5775985,0.56462765,0.0,0.5517082,0.56319857,4.2947516e-07,26.160175,-3.0768668e-10,0.0
9.795,0.5775985,0.56462765,0.0,0.55366164,0.5652754,4.052384e-07,26.26719,5.0475077e-09,0.0
9.8,0.56788766,0.5244341,0.0,0.55549794,0.56721103,3.8236942e-07,26.382147,6.5390258e-09,0.0
9.805,0.56788766,0.5244341,0.0,0.55715114,0.56876177,3.60791e-07,26.492191,7.0409127e-09,0.0
9.81,0.56788766,0.5244341,0.0,0.55871105,0.570225,3.4043035e-07,26.59007,7.686002e-09,0.0
9.815,0.56788766,0.5244341,0.0,0.5601829,0.5716057,3.212187e-07,26.672478,7.3450046e-09,0.0
9.82,0.55450827,0.4821717,0.0,0.56153923,0.5727727,3.030912e-07,26.738628,3.0961952e-10,0.0
9.825000000000001,0.55450827,0.4821717,0.0,0.5624455,0.572313,2.8598674e-07,26.789877,9.842128e-09,0.0
9.83,0.55450827,0.4821717,0.0,0.56330067,0.5718793,2.6984753e-07,25.761293,1.0475312,0.0
9.835,0.55450827,0.4821717,0.0,0.56410754,0.5714701,2.5461912e-07,23.709574,2.962922,0.0
9.84,0.5373525,0.44314873,0.0,0.56482506,0.57090247,2.402501e-07,21.321867,4.955989,0.0
9.845,0.5373525,0.44314873,0.0,0.5649979,0.5682801,2.2669197e-07,19.062162,6.5089326,0.0
9.85,0.5373525,0.44314873,0.0,0.565161,0.56580573,2.1389897e-07,17.214888,7.3196297,0.0
9.855,0.5373525,0.44314873,0.0,0.5653149,0.563471,2.0182793e-07,15.901366,7.275139,0.0
9.86,0.51902103,0.4137949,0.0,0.56539965,0.56107724,1.9043809e-07,15.117763,6.4025893,0.0
9.865,0.51902103,0.4137949,0.0,0.564785,0.55662435,1.7969101e-07,14.785639,4.8092337,0.0
9.870000000000001,0.51902103,0.4137949,0.0,0.56420505,0.55242276,1.6955043e-07,15.888783,1.4170609,0.0
9.875,0.51902103,0.4137949,0.0,0.5636578,0.5484583,1.5998212e-07,17.64215,1.0631556e-07,0.0
9.88,0.50103176,0.398551,0.0,0.56306404,0.5445413,1.5095378e-07,19.81416,2.0679771e-07,0.0
9.885,0.50103176,0.398551,0.0,0.561613,0.5388194,1.4243494e-07,22.226837,1.11357004e-07,0.0
9.89,0.50103176,0.398551,0.0,0.5602439,0.5334203,1.3439686e-07,24.556028,2.182764e-07,0.0
9.895,0.50103176,0.398551,0.0,0.5589521,0.528326,1.2681238e-07,26.607655,0.0068218866,0.0
9.9,0.48613167,0.39666763,0.0,0.5576504,0.5233866,1.1965592e-07,28.27944,0.13421904,0.0
9.905,0.48613167,0.39666763,0.0,0.5554704,0.51720196,1.1290333e-07,29.561525,0.4523655,0.0
9.91,0.48613167,0.39666763,0.0,0.55341345,0.51136637,1.0653181e-07,30.510225,0.89732,0.0
9.915000000000001,0.48613167,0.39666763,0.0,0.55147254,0.5058601,1.00519856e-07,31.197004,1.3894696,0.0
9.92,0.47767434,0.40815905,0.0,0.54955995,0.5005957,9.484718e-08,31.690874,1.8536121,0.0
9.925,0.47767434,0.40815905,0.0,0.54682136,0.49483696,8.9494634e-08,32.050953,2.226978,0.0
9.93,0.47767434,0.40815905,0.0,0.5442373,0.48940322,8.4444146e-08,32.323185,2.4627378,0.0
9.935,0.47767434,0.40815905,0.0,0.54179907,0.48427612,7.967868e-08,32.541977,2.5276518,0.0
9.94,0.47686478,0.43192208,0.0,0.53943115,0.47942984,7.5182136e-08,32.732025,2.399637,0.0
9.945,0.47686478,0.43192208,0.0,0.53642327,0.47475928,7.093935e-08,32.909466,2.066187,0.0
9.950000000000001,0.47686478,0.43192208,0.0,0.53358513,0.4703523,6.6936e-08,33.07863,1.5278383,0.0
9.955,0.47686478,0.43192208,0.0,0.53090715,0.466194,6.315857e-08,33.239525,0.7893542,0.0
9.96,0.48338875,0.46507052,0.0,0.5283421,0.46232226,5.959432e-08,33.364548,-6.157893e-08,0.0
9.965,0.48338875,0.46507052,0.0,0.5254828,0.45926565,5.6231208e-08,33.341106,-7.393474e-10,0.0
9.97,0.48338875,0.46507052,0.0,0.52278477,0.45638153,5.305789e-08,33.34732,9.190663e-10,0.0
9.975,0.48338875,0.46507052,0.0,0.52023906,0.45366016,5.006365e-08,33.372997,6.748503e-09,0.0
9.98,0.49662805,0.5041913,0.0,0.51783335,0.45119965,4.7238387e-08,33.4098,5.172039e-09,0.0
9.985,0.49662805,0.5041913,0.0,0.51552135,0.45011175,4.4572563e-08,33.450626,1.1721711e-09,0.0
9.99,0.49662805,0.5041913,0.0,0.5133398,0.44908524,4.205718e-08,33.482662,2.6173181e-09,0.0
9.995000000000001,0.49662805,0.5041913,0.0,0.51128143,0.44811666,3.968375e-08,33.49483,2.3349396e-09,0.0
10.0,0.51464397,0.54476446,0.0,0.50936866,0.4473524,3.7444263e-08,33.48218,-3.3704747e-10,0.0
10.005,0.51464397,0.54476446,0.0,0.5079025,0.4483523,3.5331155e-08,33.44348,-4.00857e-10,0.0
10.01,0.51464397,0.54476446,0.0,0.5065191,0.44929576,3.3337297e-08,34.08643,7.083804e-08,0.0
10.015,0.51464397,0.54476446,0.0,0.50521374,0.45018598,3.145596e-08,35.46943,1.2571685e-07,0.0
10.02,0.5341832,0.5814679,0.0,0.50404185,0.4512026,2.9680795e-08,37.2073,9.9413526e-08,0.0
10.025,0.5341832,0.5814679,0.0,0.5036235,0.45419294,2.8005806e-08,39.022583,1.1554808e-07,0.0
10.03,0.5341832,0.5814679,0.0,0.5032287,0.4570145,2.6425342e-08,40.72738,1.6426854e-07,0.0
10.035,0.5341832,0.5814679,0.0,0.50285625,0.45967686,2.4934069e-08,42.20728,0.0032867992,0.0
10.040000000000001,0.5523341,0.6,0.0,0.5025861,0.46237212,2.3526955e-08,43.393967,0.077534325,0.0
10.045,0.5523341,0.6,0.0,0.5032666,0.4670218,2.2199249e-08,44.262684,0.29848912,0.0
10.05,0.5523341,0.6,0.0,0.50390863,0.47140908,2.094647e-08,43.85464,1.7370137,0.0
10.055,0.5523341,0.6,0.0,0.50451446,0.47554877,1.976439e-08,42.23845,4.280632,0.0
10.06,0.56819093,0.6,0.0,0.50517434,0.47962055,1.8649017e-08,40.04983,7.1924143,0.0
10.065,0.56819093,0.6,0.0,0.5068114,0.48536813,1.7596589e-08,37.708015,9.997775,0.0
10.07,0.56819093,0.6,0.0,0.5083561,0.49079138,1.6603554e-08,35.46116,12.426949,0.0
10.075000000000001,0.56819093,0.6,0.0,0.5098136,0.49590856,1.566656e-08,33.447086,14.34046,0.0
10.08,0.5798233,0.6,0.0,0.5112708,0.50082064,1.4782442e-08,31.736311,15.67675,0.0
10.085,0.5798233,0.6,0.0,0.5135882,0.5064177,1.3948219e-08,30.352375,16.426645,0.0
10.09,0.5798233,0.6,0.0,0.5157747,0.51169884,1.3161073e-08,29.284008,16.618092,0.0
10.095,0.5798233,0.6,0.0,0.5178379,0.51668197,1.2418349e-08,28.495415,16.30366,0.0
10.1,0.5852316,0.6,0.0,0.5198562,0.5213839,1.1717539e-08,27.937988,15.547306,0.0
10.105,0.5852316,0.6,0.0,0.5225839,0.52582043,1.1056279e-08,27.559502,14.414369,0.0
10.11,0.5852316,0.6,0.0,0.5251577,0.53000665,1.0432335e-08,27.31512,12.959783,0.0
10.115,0.5852316,0.6,0.0,0.5275862,0.5339566,9.843602e-09,27.166397,11.229711,0.0
10.120000000000001,0.5864364,0.6,0.0,0.5299302,0.53768367,9.288095e-09,27.080515,9.262762,0.0
10.125,0.5864364,0.6,0.0,0.53274584,0.5412004,8.763936e-09,27.03199,7.088414,0.0
10.13,0.5864364,0.6,0.0,0.5354026,0.54451865,8.269358e-09,27.005854,4.7238164,0.0
10.135,0.5864364,0.6,0.0,0.5379094,0.5476497,7.80269e-09,26.99279,2.179491,0.0
10.14,0.58327717,0.5883235,0.0,0.5402992,0.550604,7.362358e-09,26.884068,-5.200712e-08,0.0
10.145,0.58327717,0.5883235,0.0,0.5428349,0.5533916,6.946875e-09,26.464293,-4.4955095e-10,0.0
10.15,0.58327717,0.5883235,0.0,0.54522747,0.55602187,6.5548393e-09,26.209246,2.2216806e-10,0.0
10.155,0.58327717,0.5883235,0.0,0.54748505,0.5585037,6.1849272e-09,26.088545,-1.3322266e-09,0.0
10.16,0.5754641,0.55518883,0.0,0.5496207,0.5608455,5.835891e-09,26.068872,3.4606091e-09,0.0
10.165000000000001,0.5754641,0.55518883,0.0,0.5516983,0.5630551,5.5065517e-09,26.118397,-2.9341696e-09,0.0
10.17,0.5754641,0.55518883,0.0,0.5536587,0.56514,5.195798e-09,26.209661,1.0997086e-08,0.0
10.175,0.5754641,0.55518883,0.0,0.5555085,0.56710726,4.9025815e-09,26.320599,6.571488e-09,0.0
10.18,0.56494236,0.51396763,0.0,0.5572396,0.5689108,4.625912e-09,26.43469,9.83998e-09,0.0
10.185,0.56494236,0.51396763,0.0,0.55870897,0.5700063,4.364856e-09,26.54087,5.29486e-09,0.0
10.19,0.56494236,0.51396763,0.0,0.5600954,0.57104003,4.118532e-09,26.634302,3.4598735e-09,0.0
10.195,0.56494236,0.51396763,0.0,0.56140363,0.5720154,3.886109e-09,26.713747,4.1640145e-09,0.0
10.200000000000001,0.5504536,0.47194687,0.0,0.56260276,0.57278615,3.6668029e-09,26.779572,3.6011236e-09,0.0
10.205,0.5504536,0.47194687,0.0,0.56332856,0.5717931,3.4598726e-09,26.833538,2.1187965e-09,0.0
10.21,0.5504536,0.47194687,0.0,0.5640134,0.57085603,3.2646201e-09,25.812643,1.0429491,0.0
10.215,0.5504536,0.47194687,0.0,0.5646596,0.56997186,3.0803864e-09,23.774479,2.9474614,0.0
10.22,0.53284925,0.43476537,0.0,0.56522185,0.5689515,2.9065497e-09,21.40514,4.9247556,0.0
10.225,0.53284925,0.43476537,0.0,0.56520605,0.5658486,2.742523e-09,19.16665,6.4593744,0.0
10.23,0.53284925,0.43476537,0.0,0.56519115,0.56292075,2.5877531e-09,18.428934,6.046547,0.0
10.235,0.53284925,0.43476537,0.0,0.5651771,0.56015813,2.4417175e-09,19.241201,3.6901355,0.0
10.24,0.5143877,0.40876067,0.0,0.5650984,0.5573617,2.303923e-09,20.879519,0.23660272,0.0
10.245000000000001,0.5143877,0.40876067,0.0,0.5642719,0.5525415,2.1739048e-09,22.208088,6.847453e-08,0.0
10.25,0.5143877,0.40876067,0.0,0.5634921,0.54799324,2.051224e-09,23.699554,1.01081945e-07,0.0
10.255,0.5143877,0.40876067,0.0,0.5627563,0.5437017,1.9354665e-09,25.19544,6.7629784e-08,0.0
10.26,0.4968416,0.39678657,0.0,0.5619825,0.5394845,1.8262415e-09,26.565006,9.299532e-08,0.0
10.265,0.4968416,0.39678657,0.0,0.56033844,0.5335748,1.7231805e-09,27.743525,1.0132846e-07,0.0
10.27,0.4968416,0.39678657,0.0,0.5587871,0.5279987,1.6259355e-09,28.716265,9.032324e-08,0.0
10.275,0.4968416,0.39678657,0.0,0.55732334,0.5227372,1.5341785e-09,29.496525,3.070664e-08,0.0
10.28,0.48333713,0.39823642,0.0,0.55585885,0.51765525,1.4475995e-09,30.11005,3.6718628e-08,0.0
10.285,0.48333713,0.39823642,0.0,0.5535185,0.51150995,1.3659065e-09,30.588089,2.9631462e-08,0.0
10.290000000000001,0.48333713,0.39823642,0.0,0.5513102,0.50571144,1.2888237e-09,30.96397,6.9591337e-09,0.0
10.295,0.48333713,0.39823642,0.0,0.5492265,0.50024015,1.216091e-09,31.268427,1.4902177e-08,0.0
10.3,0.47676727,0.4129972,0.0,0.54718125,0.49502358,1.1474628e-09,31.52652,1.647913e-08,0.0
10.305,0.47676727,0.4129972,0.0,0.54434043,0.48947972,1.0827076e-09,31.757353,2.5012872e-08,0.0
10.31,0.47676727,0.4129972,0.0,0.5416599,0.48424873,1.0216067e-09,31.972555,2.204832e-08,0.0
10.315,0.47676727,0.4129972,0.0,0.5391306,0.47931293,9.639539e-10,32.179134,1.4823957e-08,0.0
10.32,0.47780252,0.43943456,0.0,0.53668314,0.4746622,9.095547e-10,32.381577,2.7918603e-08,0.0
10.325000000000001,0.47780252,0.43943456,0.0,0.53367263,0.47034925,8.5822544e-10,32.581924,1.9599012e-08,0.0
10.33,0.47780252,0.43943456,0.0,0.53083205,0.4662797,8.0979284e-10,32.775875,3.2209222e-08,0.0
10.335,0.47780252,0.43943456,0.0,0.52815175,0.46243978,7.6409346e-10,32.958313,1.19786625e-08,0.0
10.34,0.48613918,0.47443673,0.0,0.52559304,0.4588832,7.2097306e-10,33.12658,7.633901e-09,0.0
10.345,0.48613918,0.47443673,0.0,0.52283764,0.4562937,6.802861e-10,33.27921,1.8382568e-09,0.0
10.35,0.48613918,0.47443673,0.0,0.52023774,0.45385033,6.4189526e-10,33.409348,8.54276e-09,0.0
10.355,0.48613918,0.47443673,0.0,0.51778454,0.45154485,6.056709e-10,33.51111,7.0512534e-09,0.0
10.36,0.5008025,0.51443714,0.0,0.51547444,0.44948882,5.7149085e-10,33.583214,2.4476918e-09,0.0
10.365,0.5008025,0.51443714,0.0,0.51334846,0.4489214,5.3923965e-10,33.626877,1.9414754e-09,0.0
10.370000000000001,0.5008025,0.51443714,0.0,0.51134247,0.44838604,5.088085e-10,33.637493,3.9595434e-09,0.0
10.375,0.5008025,0.51443714,0.0,0.5094497,0.4478809,4.800947e-10,33.612087,1.0370509e-09,0.0
10.38,0.51950735,0.5545183,0.0,0.5077014,0.44756225,4.530013e-10,33.5509,4.79362e-09,0.0
10.385,0.51950735,0.5545183,0.0,0.50648457,0.44907886,4.274369e-10,33.458023,-1.8389174e-09,0.0
10.39,0.51950735,0.5545183,0.0,0.5053364,0.45050988,4.0331516e-10,34.04638,5.5885312e-08,0.0
10.395,0.51950735,0.5545183,0.0,0.50425303,0.45186016,3.805547e-10,35.378067,6.4166734e-08,0.0
10.4,0.53892875,0.5894673,0.0,0.50329703,0.4533148,3.590787e-10,37.069836,8.2883616e-08,0.0
10.405,0.53892875,0.5894673,0.0,0.50315624,0.45676416,3.3881467e-10,38.84481,1.8401055e-07,0.0
10.41,0.53892875,0.5894673,0.0,0.50302345,0.46001884,3.1969422e-10,40.51535,9.109321e-08,0.0
10.415000000000001,0.53892875,0.5894673,0.0,0.5028981,0.46308985,3.0165279e-10,41.96748,0.0025709502,0.0
10.42,0.55645734,0.6,0.0,0.5028643,0.46616852,2.846295e-10,43.133812,0.06599435,0.0
10.425,0.55645734,0.6,0.0,0.50380355,0.4711544,2.6856686e-10,43.988285,0.2677319,0.0
10.43,0.55645734,0.6,0.0,0.50468975,0.4758589,2.534107e-10,43.569965,1.6823736,0.0
10.435,0.55645734,0.6,0.0,0.50552595,0.48029792,2.3910987e-10,41.945644,4.199457,0.0
10.44,0.57173234,0.6,0.0,0.5064027,0.4846442,2.2561608e-10,39.74946,7.083776,0.0
10.445,0.57173234,0.6,0.0,0.50823826,0.49055973,2.128838e-10,37.39977,9.861603,0.0
10.450000000000001,0.57173234,0.6,0.0,0.50997025,0.49614143,2.0087004e-10,35.14589,12.261662,0.0
10.455,0.57173234,0.6,0.0,0.5116045,0.50140816,1.8953426e-10,33.128025,14.141793,0.0
10.46,0.58171797,0.6,0.0,0.5132256,0.5064252,1.788382e-10,31.418753,15.438186,0.0
10.465,0.58171797,0.6,0.0,0.51566535,0.51170594,1.6874574e-10,30.042486,16.140842,0.0
10.47,0.58171797,0.6,0.0,0.5179674,0.51668864,1.5922284e-10,28.988783,16.276854,0.0
10.475,0.58171797,0.6,0.0,0.5201395,0.5213902,1.5023735e-10,28.22138,15.899461,0.0
10.48,0.58578223,0.6,0.0,0.52225804,0.5258264,1.4175894e-10,27.690235,15.074295,0.0
10.485,0.58578223,0.6,0.0,0.52505004,0.53001225,1.33759e-10,27.341187,13.868902,0.0
10.49,0.58578223,0.6,0.0,0.5276845,0.5339619,1.2621053e-10,27.127308,12.340552,0.0
10.495000000000001,0.58578223,0.6,0.0,0.53017026,0.5376887,1.1908803e-10,27.008543,10.537194,0.0
10.5,0.5862674,0.6,0.0,0.5325608,0.5412051,1.1236749e-10,26.951319,8.498283,0.0
10.505,0.5862674,0.6,0.0,0.53533494,0.5445231,1.0602621e-10,26.929804,6.253677,0.0
10.51,0.5862674,0.6,0.0,0.5379525,0.54765385,1.0004279e-10,26.928532,3.8210762,0.0
10.515,0.5862674,0.6,0.0,0.5404223,0.5506079,9.439703e-11,26.937666,1.2116692,0.0
10.52,0.5862674,0.6,0.0,0.5427711,0.5533953,8.906988e-11,26.674961,5.39091e-10,0.0
10.525,0.5862674,0.6,0.0,0.5451984,0.5560253,8.404337e-11,26.335724,1.09265e-08,0.0
10.53,0.5862674,0.6,0.0,0.5474887,0.55850697,7.930052e-11,26.14673,1.0888364e-08,0.0
10.535,0.5862674,0.6,0.0,0.5496497,0.56084853,7.482532e-11,26.07616,-9.25794e-09,0.0
10.540000000000001,0.5668167,0.58,0.012000007,0.551691,0.56305796,7.060267e-11,26.091444,8.6858837e-10,0.0
10.545,0.5668167,0.58,0.012000007,0.5536423,0.56514275,6.661832e-11,26.162704,8.692564e-09,0.0
10.55,0.5668167,0.58,0.012000007,0.5554834,0.5671099,6.285882e-11,26.264864,8.158264e-09,0.0
10.555,0.5668167,0.58,0.012000007,0.55722064,0.568966,5.9311486e-11,26.37839,4.903737e-09,0.0
10.56,0.547366,0.56,0.023999996,0.5588598,0.57071733,5.5964337e-11,26.489265,6.2898473e-09,0.0
10.565,0.547366,0.56,0.023999996,0.5604065,0.5723699,5.280608e-11,26.588491,9.0879e-09,0.0
10.57,0.547366,0.56,0.023999996,0.5618659,0.57392913,4.9826053e-11,26.671202,3.668962e-09,0.0
10.575000000000001,0.547366,0.56,0.023999996,0.563243,0.5754004,4.7014198e-11,26.735771,4.2699586e-09,0.0
10.58,0.5279153,0.54,0.036000002,0.5644545,0.57669836,5.4176144e-05,26.78291,-2.1901887e-10,0.0
10.585,0.5279153,0.54,0.036000002,0.56458783,0.5768847,0.0007283201,26.814594,4.25025e-09,0.0
10.59,0.5279153,0.54,0.036000002,0.5647136,0.5770605,0.0013644197,26.833027,-6.021805e-09,0.0
10.595,0.5279153,0.54,0.036000002,0.56483227,0.5772264,0.0019646222,26.840683,5.3559925e-09,0.0
10.6,0.50846463,0.52,0.047999993,0.56485647,0.5772926,0.002585129,26.840185,6.2643157e-09,0.0
10.605,0.50846463,0.52,0.047999993,0.5638694,0.5763167,0.003793643,26.834114,-4.5160085e-09,0.0
10.61,0.50846463,0.52,0.047999993,0.5629381,0.5753959,0.0049339565,26.80587,3.5745187e-09,0.0
10.615,0.50846463,0.52,0.047999993,0.5620593,0.574527,0.006009918,26.755245,-6.2002163e-09,0.0
10.620000000000001,0.48901394,0.5,0.06,0.56114227,0.5736169,0.007079336,26.69386,2.44618e-10,0.0
10.625,0.48901394,0.5,0.06,0.55926716,0.5717198,0.008711427,26.630371,-8.770869e-09,0.0
10.63,0.48901394,0.5,0.06,0.55749786,0.5699298,0.010251415,26.570312,-4.585589e-09,0.0
10.635,0.48901394,0.5,0.06,0.5558284,0.56824076,0.011704495,26.516829,4.4305606e-10,0.0
10.64,0.46956322,0.48,0.072000004,0.55416536,0.56655675,0.013129749,26.471474,-2.1120497e-10,0.0
10.645,0.46956322,0.48,0.072000004,0.55158633,0.5639294,0.015097596,26.43454,-6.343185e-09,0.0
10.65,0.46956322,0.48,0.072000004,0.54915285,0.5614503,0.01695439,26.40511,5.6768497e-09,0.0
10.655,0.46956322,0.48,0.072000004,0.5468567,0.5591111,0.0187064,26.381748,-4.6185953e-09,0.0
10.66,0.45011252,0.46,0.08399999,0.5446023,0.55681366,0.020413714,26.363077,3.6541985e-11,0.0
10.665000000000001,0.45011252,0.46,0.08399999,0.5414652,0.55360746,0.022647703,26.347824,9.897508e-10,0.0
10.67,0.45011252,0.46,0.08399999,0.5385052,0.55058223,0.02475562,26.3345,3.9305768e-09,0.0
10.675,0.45011252,0.46,0.08399999,0.53571224,0.5477277,0.02674458,26.32198,-1.2726116e-09,0.0
10.68,0.43066183,0.44,0.096,0.5329891,0.544944,0.028675472,26.309525,2.7237708e-09,0.0
10.685,0.43066183,0.44,0.096,0.52940977,0.54127896,0.031120423,26.296722,2.4100462e-09,0.0
10.69,0.43066183,0.44,0.096,0.52603245,0.53782076,0.0334274,26.283167,-6.6304094e-11,0.0
10.695,0.43066183,0.44,0.096,0.5228457,0.53455776,0.035604183,26.26858,-3.4375771e-09,0.0
10.700000000000001,0.41121113,0.42,0.10800001,0.51975095,0.5313886,0.0377123,26.252983,2.7579814e-09,0.0
10.705,0.41121113,0.42,0.10800001,0.51582104,0.5273599,0.040324472,26.23656,-4.497899e-09,0.0
10.71,0.41121113,0.42,0.10800001,0.51211286,0.52355856,0.042789232,26.219284,-1.5648903e-09,0.0
10.715,0.41121113,0.42,0.10800001,0.50861394,0.5199717,0.045114897,26.201115,-6.367939e-09,0.0
10.72,0.39176044,0.4,0.12,0.5052247,0.516497,0.04736349,26.182186,6.559329e-10,0.0
10.725,0.39176044,0.4,0.12,0.50101686,0.51218003,0.050108213,26.162697,-6.3150006e-11,0.0
10.73,0.39176044,0.4,0.12,0.49704647,0.50810665,0.052698042,26.14247,3.922998e-09,0.0
10.735,0.39176044,0.4,0.12,0.49330017,0.50426316,0.05514172,26.12133,-1.7422058e-09,0.0
10.74,0.37230974,0.38000003,0.13199998,0.48967746,0.5005463,0.05750167,26.09925,2.5597036e-10,0.0
10.745000000000001,0.37230974,0.38000003,0.13199998,0.48524934,0.49600077,0.060351465,26.07629,-4.171361e-09,0.0
10.75,0.37230974,0.38000003,0.13199998,0.4810711,0.4917118,0.063040435,26.052137,-8.1665436e-10,0.0
10.755,0.37230974,0.38000003,0.13199998,0.47712868,0.48766485,0.065577656,26.026485,-3.4133636e-09,0.0
10.76,0.35285905,0.36,0.144,0.47332093,0.483756,0.06802587,25.999275,1.1636542e-09,0.0
10.765,0.35285905,0.36,0.144,0.4687182,0.47902936,0.07095895,25.970646,4.2525277e-09,0.0
10.77,0.35285905,0.36,0.144,0.4643752,0.47456947,0.073726505,25.940277,-1.527394e-09,0.0
10.775,0.35285905,0.36,0.144,0.4602773,0.47036126,0.076337874,25.907888,-2.608033e-09,0.0
10.78,0.33340836,0.34,0.156,0.45632285,0.46630025,0.07885605,25.873558,4.740503e-09,0.0
10.785,0.33340836,0.34,0.156,0.45158172,0.46143004,0.08185515,25.837523,2.598062e-09,0.0
10.790000000000001,0.33340836,0.34,0.156,0.44710812,0.45683467,0.08468499,25.799501,3.0782994e-09,0.0
10.795,0.33340836,0.34,0.156,0.44288698,0.45249864,0.08735514,25.759262,4.6063475e-10,0.0
10.8,0.31395766,0.32,0.16799998,0.43881625,0.44831702,0.089928776,25.716946,9.786105e-09,0.0
10.805,0.31395766,0.32,0.16799998,0.43396538,0.443333,0.0929802,25.672855,2.815204e-09,0.0
10.81,0.31395766,0.32,0.16799998,0.42938828,0.43863022,0.09585942,25.626722,-2.3418394e-09,0.0
10.815,0.31395766,0.32,0.16799998,0.42506948,0.43419287,0.09857616,25.578304,3.216727e-09,0.0
10.82,0.29450697,0.3,0.18,0.42090657,0.4299156,0.101193756,25.527788,-3.349294e-09,0.0
10.825000000000001,0.29450697,0.3,0.18,0.41596875,0.42484137,0.10428666,25.475536,-4.7680544e-09,0.0
10.83,0.29450697,0.3,0.18,0.41130957,0.42005348,0.107205026,25.421303,-2.2454494e-09,0.0
10.835,0.29450697,0.3,0.18,0.40691334,0.4155358,0.10995869,25.364845,1.5112293e-09,0.0
10.84,0.27505627,0.28,0.192,0.4026774,0.41118276,0.11261114,25.306389,-1.089888e-09,0.0
10.845,0.27505627,0.28,0.192,0.39767063,0.406037,0.11573692,25.246407,3.8807954e-10,0.0
10.85,0.27505627,0.28,0.192,0.39294642,0.40118164,0.1186863,25.184628,2.3032112e-09,0.0
10.855,0.27505627,0.28,0.192,0.38848883,0.39660028,0.121469244,25.1209,2.5837268e-09,0.0
10.86,0.25560558,0.26,0.204,0.38419497,0.39218718,0.12414931,25.055513,-6.5948025e-10,0.0
10.865,0.25560558,0.26,0.204,0.37913358,0.38698474,0.12730116,24.989195,1.7137194e-09,0.0
10.870000000000001,0.25560558,0.26,0.204,0.37435782,0.3820759,0.13027513,24.922014,2.1162714e-09,0.0
10.875,0.25560558,0.26,0.204,0.36985156,0.3774441,0.13308127,24.85393,-8.664115e-10,0.0
10.88,0.23615487,0.24,0.216,0.3655118,0.37298337,0.13578324,24.785301,2.3035547e-09,0.0
10.885,0.23615487,0.24,0.216,0.36040708,0.367736,0.13895574,24.716627,1.6920868e-09,0.0
10.89,0.23615487,0.24,0.216,0.35559046,0.36278477,0.1419492,24.647652,1.446307e-09,0.0
10.895,0.23615487,0.24,0.216,0.35104564,0.35811293,0.14477374,24.578133,-1.1747133e-09,0.0
10.9,0.21670417,0.22,0.228,0.3466695,0.35361445,0.14749305,24.508284,-2.919104e-09,0.0
10.905,0.21670417,0.22,0.228,0.34153044,0.34833145,0.15068193,24.438543,1.9213846e-09,0.0
10.91,0.21670417,0.22,0.228,0.3366814,0.3433466,0.15369084,24.368593,-2.8230054e-09,0.0
10.915000000000001,0.21670417,0.22,0.228,0.33210602,0.33864307,0.15652996,24.298143,-7.406738e-09,0.0
10.92,0.19725348,0.2,0.24,0.32770103,0.33411467,0.15926303,24.227379,-2.4572594e-10,0.0
10.925,0.19725348,0.2,0.24,0.32253477,0.32880345,0.16246489,24.156683,-4.5462323e-09,0.0
10.93,0.19725348,0.2,0.24,0.31766006,0.32379198,0.16548605,24.085695,-1.6476953e-09,0.0
10.935,0.19725348,0.2,0.24,0.31306046,0.3190633,0.16833673,24.014074,-1.3157907e-09,0.0
10.94,0.17780279,0.18,0.252,0.3086326,0.3145112,0.17108071,23.941952,-8.900923e-09,0.0
10.945,0.17780279,0.18,0.252,0.30344477,0.3091776,0.17429286,23.869646,-8.445111e-09,0.0
10.950000000000001,0.17780279,0.18,0.252,0.2985497,0.304145,0.17732374,23.796711,-3.961181e-09,0.0
10.955,0.17780279,0.18,0.252,0.2939309,0.29939643,0.18018357,23.722704,6.8294193e-09,0.0
10.96,0.15835208,0.16,0.264,0.28948492,0.29482552,0.18293619,23.6477,8.3056895e-09,0.0
10.965,0.15835208,0.16,0.264,0.28427997,0.2894742,0.1861565,23.571957,2.4252698e-09,0.0
10.97,0.15835208,0.16,0.264,0.27936876,0.28442484,0.18919507,23.494865,-4.450842e-09,0.0
10.975,0.15835208,0.16,0.264,0.2747347,0.27966046,0.19206217,23.41566,-5.4984532e-09,0.0
10.98,0.1389014,0.14,0.276,0.27027437,0.27507466,0.19482164,23.333935,2.3273834e-09,0.0
10.985,0.1389014,0.14,0.276,0.2650559,0.2697093,0.19804841,23.249361,-3.9222536e-09,0.0
10.99,0.1389014,0.14,0.276,0.2601319,0.26464668,0.20109308,23.160452,2.637542e-09,0.0
10.995000000000001,0.1389014,0.14,0.276,0.25548577,0.25986978,0.20396593,23.06565,2.0921416e-09,0.0
11.0,0.119450696,0.12,0.288,0.25101405,0.25527218,0.20673084,22.964062,1.2741459e-09,0.0
11.005,0.119450696,0.12,0.288,0.24578482,0.24989565,0.20996274,22.855003,-5.1502242e-09,0.0
11.01,0.119450696,0.12,0.288,0.24085069,0.24482253,0.21301225,22.736183,-1.4634247e-09,0.0
11.015,0.119450696,0.12,0.288,0.23619501,0.24003571,0.21588966,22.605062,-5.076832e-09,0.0
11.02,0.1,0.1,0.3,0.23171426,0.23542874,0.21865886,22.4599,-8.5725527e-10,0.0
11.025,0.1,0.1,0.3,0.22647652,0.23004337,0.22189482,22.299314,-6.277984e-09,0.0
11.03,0.1,0.1,0.3,0.22153436,0.2249619,0.22494815,22.119717,1.5292897e-09,0.0
11.035,0.1,0.1,0.3,0.2168711,0.22016722,0.22782919,21.917461,-1.984053e-09,0.0
11.040000000000001,0.1,0.1,0.3,0.21238318,0.21555282,0.2306018,21.690475,-8.547716e-09,0.0
11.045,0.1,0.1,0.3,0.20713869,0.21016045,0.23384097,21.62105,-1.3921798e-09,0.0
11.05,0.1,0.1,0.3,0.20219016,0.20507239,0.23689735,21.705889,-3.6353576e-09,0.0
11.055,0.1,0.1,0.3,0.1975209,0.20027146,0.23978125,21.831018,1.1212688e-08,0.0
11.06,0.1,0.1,0.3,0.19302732,0.19565117,0.24255657,21.92386,4.6987014e-09,0.0
11.065,0.1,0.1,0.3,0.18777747,0.19025326,0.2457983,21.941813,-1.7311466e-10,0.0
11.07,0.1,0.1,0.3,0.1828239,0.18515995,0.2488571,21.85666,5.465534e-09,0.0
11.075000000000001,0.1,0.1,0.3,0.17814986,0.18035409,0.25174326,21.65474,1.0021882e-08,0.0
11.08,0.1,0.1,0.3,0.1737396,0.17581943,0.25446656,21.33571,-2.527168e-09,0.0
11.085,0.1,0.1,0.3,0.16957822,0.17154068,0.25703618,20.907072,-1.0518489e-08,0.0
11.09,0.1,0.1,0.3,0.1656517,0.16750339,0.25946078,20.38213,-1.956245e-09,0.0
11.095,0.1,0.1,0.3,0.16194674,0.16369393,0.26174855,19.777073,-3.1129915e-08,0.0
11.1,0.1,0.1,0.3,0.15845087,0.16009946,0.26390722,19.108103,-2.310029e-09,0.0
11.105,0.1,0.1,0.3,0.15515229,0.15670784,0.26594406,18.391685,1.6882863e-09,0.0
11.11,0.1,0.1,0.3,0.15203986,0.15350762,0.26786596,17.647034,-3.1060765e-08,0.0
11.115,0.1,0.1,0.3,0.14910308,0.150488,0.2696794,16.891756,-3.194427e-08,0.0
11.120000000000001,0.1,0.1,0.3,0.14633203,0.1476388,0.2713905,16.143597,-2.1319023e-08,0.0
11.125,0.1,0.1,0.3,0.14371735,0.14495037,0.27300504,15.419378,2.0421194e-08,0.0
11.13,0.1,0.1,0.3,0.14125022,0.14241368,0.27452844,14.731711,-6.606742e-09,0.0
11.135,0.1,0.1,0.3,0.13892233,0.14002013,0.2759659,14.091898,-9.863935e-09,0.0
11.14,0.1,0.1,0.3,0.13672581,0.13776165,0.27732223,13.507371,-2.0806908e-08,0.0
11.145,0.1,0.1,0.3,0.13465326,0.13563064,0.278602,12.980694,2.1712513e-08,0.0
11.15,0.1,0.1,0.3,0.13269766,0.13361987,0.27980956,12.512163,2.3147606e-09,0.0
11.155,0.1,0.1,0.3,0.13085242,0.13172258,0.28094897,12.099374,-1.5114896e-08,0.0
11.16,0.1,0.1,0.3,0.1291113,0.12993237,0.2820241,11.7375555,-1.8555822e-08,0.0
11.165000000000001,0.1,0.1,0.3,0.12746845,0.1282432,0.28303853,11.420631,-1.6841172e-08,0.0
11.17,0.1,0.1,0.3,0.12591831,0.12664934,0.28399572,11.142649,-8.537433e-09,0.0
11.175,0.1,0.1,0.3,0.12445565,0.12514542,0.2848989,10.898207,-1.1556832e-09,0.0
11.18,0.1,0.1,0.3,0.12307554,0.123726375,0.2857511,10.682115,5.720632e-09,0.0
11.185,0.1,0.1,0.3,0.1217733,0.12238742,0.28655523,10.489322,-4.325601e-09,0.0
11.19,0.1,0.1,0.3,0.12054456,0.12112402,0.28731397,10.315213,-8.441275e-09,0.0
11.195,0.1,0.1,0.3,0.11938516,0.11993192,0.28802988,10.15582,4.3530926e-09,0.0
11.200000000000001,0.1,0.1,0.3,0.11829119,0.11880709,0.2887054,10.007969,-1.991284e-09,0.0
11.205,0.1,0.1,0.3,0.11725896,0.11774574,0.2893428,9.869279,1.694211e-09,0.0
11.21,0.1,0.1,0.3,0.116284974,0.11674429,0.2899442,9.738011,-1.1379413e-08,0.0
11.215,0.1,0.1,0.3,0.11536596,0.11579935,0.2905117,9.612945,-2.9710698e-09,0.0
11.22,0.1,0.1,0.3,0.11449881,0.11490774,0.29104716,9.493587,7.840264e-09,0.0
11.225,0.1,0.1,0.3,0.11368059,0.114066444,0.2915524,9.3803425,1.7102442e-09,0.0
11.23,0.1,0.1,0.3,0.11290855,0.11327263,0.2920291,9.27363,3.323599e-09,0.0
11.235,0.1,0.1,0.3,0.11218008,0.11252361,0.29247895,9.17357,2.0138538e-09,0.0
11.24,0.1,0.1,0.3,0.111492716,0.11181686,0.2929034,9.080054,-8.608954e-09,0.0
11.245000000000001,0.1,0.1,0.3,0.11084414,0.11115,0.29330388,8.992791,-8.385229e-09,0.0
11.25,0.1,0.1,0.3,0.110232174,0.110520765,0.29368177,8.911357,-4.782788e-09,0.0
11.255,0.1,0.1,0.3,0.10965474,0.10992704,0.29403833,8.835251,1.1165665e-08,0.0
11.26,0.1,0.1,0.3,0.10910989,0.10936683,0.29437476,8.763992,-3.9937076e-09,0.0
11.265,0.1,0.1,0.3,0.10859579,0.10883822,0.29469222,8.697102,3.9787427e-09,0.0
11.27,0.1,0.1,0.3,0.108110696,0.10833945,0.29499176,8.634145,-2.0663413e-09,0.0
11.275,0.1,0.1,0.3,0.107652985,0.10786883,0.2952744,8.574768,-4.3159096e-10,0.0
11.28,0.1,0.1,0.3,0.107221104,0.107424766,0.29554108,8.518661,-1.6166176e-09,0.0
11.285,0.1,0.1,0.3,0.106813595,0.10700576,0.2957927,8.465552,-2.3658244e-09,0.0
11.290000000000001,0.1,0.1,0.3,0.10642908,0.1066104,0.29603013,8.415239,3.6494112e-09,0.0
11.295,0.1,0.1,0.3,0.106066264,0.10623735,0.29625416,8.36757,-5.36033e-09,0.0
11.3,0.1,0.1,0.3,0.105723925,0.10588536,0.29646555,8.322405,2.3955842e-09,0.0
11.305,0.1,0.1,0.3,0.105400905,0.105553225,0.296665,8.27962,7.0560198e-09,0.0
11.31,0.1,0.1,0.3,0.10509612,0.10523984,0.2968532,8.2390995,-5.020282e-09,0.0
11.315,0.1,0.1,0.3,0.104808524,0.10494414,0.2970308,8.200743,-5.6838307e-09,0.0
11.32,0.1,0.1,0.3,0.10453716,0.10466512,0.29719836,8.164446,-5.8287286e-09,0.0
11.325000000000001,0.1,0.1,0.3,0.10428111,0.10440186,0.29735646,8.130112,-8.534967e-10,0.0
11.33,0.1,0.1,0.3,0.10403951,0.10415345,0.29750565,8.09765,-1.8656685e-09,0.0
11.335,0.1,0.1,0.3,0.10381155,0.10391905,0.2976464,8.0669565,-4.0726618e-09,0.0
11.34,0.1,0.1,0.3,0.10359645,0.10369789,0.29777923,8.037961,-2.6400346e-09,0.0
11.345,0.1,0.1,0.3,0.10339349,0.103489205,0.29790455,8.01056,9.598449e-11,0.0
11.35,0.1,0.1,0.3,0.103201985,0.1032923,0.2980228,7.9846725,9.0379295e-09,0.0
11.355,0.1,0.1,0.3,0.10302129,0.103106506,0.2981344,7.96022,-1.0201391e-08,0.0
11.36,0.1,0.1,0.3,0.10285079,0.102931194,0.29823968,7.9371233,-5.487975e-09,0.0
11.365,0.1,0.1,0.3,0.10268991,0.102765776,0.298339,7.915303,-2.3299256e-09,0.0
11.370000000000001,0.1,0.1,0.3,0.10253811,0.102609694,0.29843274,7.8946934,-2.660872e-09,0.0
11.375,0.1,0.1,0.3,0.10239487,0.10246242,0.2985212,7.875229,5.7080096e-09,0.0
11.38,0.1,0.1,0.3,0.10225972,0.10232346,0.29860464,7.8568463,-3.061732e-09,0.0
11.385,0.1,0.1,0.3,0.102132194,0.102192335,0.29868338,7.839485,-4.09761e-09,0.0
11.39,0.1,0.1,0.3,0.10201187,0.10206861,0.29875767,7.823088,1.5784622e-10,0.0
11.395,0.1,0.1,0.3,0.10189833,0.101951875,0.29882777,7.807599,-3.724239e-09,0.0
11.4,0.1,0.1,0.3,0.101791196,0.101841725,0.29889393,7.7929797,3.5032355e-11,0.0
11.405,0.1,0.1,0.3,0.10169011,0.10173779,0.29895633,7.7791686,-4.400777e-09,0.0
11.41,0.1,0.1,0.3,0.10159473,0.10163972,0.29901522,7.766126,-9.593018e-09,0.0
11.415000000000001,0.1,0.1,0.3,0.101504736,0.10154718,0.2990708,7.7538114,-9.570247e-10,0.0
11.42,0.1,0.1,0.3,0.10141982,0.10145987,0.29912326,7.7421827,1.20758745e-08,0.0
11.425,0.1,0.1,0.3,0.1013397,0.10137748,0.29917273,7.731205,-1.7080118e-10,0.0
11.43,0.1,0.1,0.3,0.1012641,0.10129974,0.29921943,7.7208447,-9.01286e-09,0.0
11.435,0.1,0.1,0.3,0.10119276,0.10122639,0.29926348,7.711115,2.9195432e-10,0.0
11.44,0.1,0.1,0.3,0.10112545,0.10115718,0.29930505,7.702083,9.05364e-09,0.0
11.445,0.1,0.1,0.3,0.10106193,0.10109188,0.29934427,7.6937985,3.726641e-09,0.0
11.450000000000001,0.1,0.1,0.3,0.10100201,0.10103026,0.2993813,7.686251,-6.580447e-09,0.0
11.455,0.1,0.1,0.3,0.10094546,0.100972116,0.2994162,7.679398,-1.8112942e-08,0.0
11.46,0.1,0.1,0.3,0.100892104,0.10091726,0.29944915,7.6731596,-7.6092654e-10,0.0
11.465,0.1,0.1,0.3,0.10084176,0.10086549,0.29948023,7.6674514,1.8126389e-09,0.0
11.47,0.1,0.1,0.3,0.100794256,0.100816645,0.29950956,7.6621904,3.1820113e-09,0.0
11.475,0.1,0.1,0.3,0.10074943,0.100770555,0.29953724,7.6573014,5.513787e-09,0.0
11.48,0.1,0.1,0.3,0.10070714,0.100727074,0.29956335,7.652725,-1.16139205e-08,0.0
11.485,0.1,0.1,0.3,0.10066724,0.10068604,0.299588,7.6484146,-4.139906e-09,0.0
11.49,0.1,0.1,0.3,0.10062958,0.10064733,0.29961124,7.6443267,-4.245044e-09,0.0
11.495000000000001,0.1,0.1,0.3,0.10059405,0.1006108,0.29963318,7.640436,-4.653096e-09,0.0
11.5,0.1,0.1,0.3,0.10056052,0.10057633,0.2996539,7.6367273,1.10540945e-08,0.0
11.505,0.1,0.1,0.3,0.10052889,0.10054381,0.2996734,7.6331964,3.734173e-09,0.0
11.51,0.1,0.1,0.3,0.10049904,0.10051312,0.29969183,7.6298323,-2.1887612e-09,0.0
11.515,0.1,0.1,0.3,0.10047088,0.10048416,0.29970923,7.6266365,7.826877e-09,0.0
11.52,0.1,0.1,0.3,0.1004443,0.10045684,0.29972565,7.6236033,1.2520803e-08,0.0
11.525,0.1,0.1,0.3,0.10041923,0.10043106,0.29974115,7.620725,9.596197e-10,0.0
11.53,0.1,0.1,0.3,0.100395575,0.100406736,0.29975575,7.6179905,-1.0650702e-08,0.0
11.535,0.1,0.1,0.3,0.10037325,0.10038378,0.29976955,7.615395,-7.484208e-09,0.0
11.540000000000001,0.1,0.1,0.3,0.10035219,0.10036212,0.29978254,7.6129293,7.1069546e-09,0.0
11.545,0.1,0.1,0.3,0.10033231,0.100341685,0.29979482,7.6105747,-1.0462324e-08,0.0
11.55,0.1,0.1,0.3,0.10031356,0.1003224,0.29980642,7.608319,-2.6113676e-09,0.0
11.555,0.1,0.1,0.3,0.100295864,0.10030421,0.29981735,7.606146,8.534741e-09,0.0
11.56,0.1,0.1,0.3,0.10027917,0.10028704,0.29982767,7.6040406,4.2760813e-09,0.0
11.565,0.1,0.1,0.3,0.10026341,0.100270845,0.29983738,7.6019626,-2.693037e-09,0.0
11.57,0.1,0.1,0.3,0.100248545,0.100255564,0.29984656,7.5998735,-9.064838e-09,0.0
11.575000000000001,0.1,0.1,0.3,0.100234516,0.10024114,0.29985523,7.597715,1.5170201e-09,0.0
11.58,0.1,0.1,0.3,0.100221284,0.100227535,0.2998634,7.595438,-4.460295e-11,0.0
11.585,0.1,0.1,0.3,0.1002088,0.1002147,0.29987112,7.5929637,-1.189885e-08,0.0
11.59,0.1,0.1,0.3,0.10019702,0.10020258,0.2998784,7.590422,1.7386936e-09,0.0
11.595,0.1,0.1,0.3,0.1001859,0.10019115,0.29988524,7.5879855,-8.395833e-09,0.0
11.6,0.1,0.1,0.3,0.10017541,0.100180365,0.2998917,7.5857725,4.1753063e-09,0.0
11.605,0.1,0.1,0.3,0.10016551,0.10017019,0.29989782,7.5838556,-6.8875967e-09,0.0
11.61,0.1,0.1,0.3,0.100156166,0.100160584,0.2999036,7.583485,3.8507224e-09,0.0
11.615,0.1,0.1,0.3,0.10014735,0.100151524,0.29990906,7.583482,9.11942e-09,0.0
11.620000000000001,0.1,0.1,0.3,0.10013904,0.10014297,0.29991418,7.5834785,-9.194779e-09,0.0
11.625,0.1,0.1,0.3,0.10013119,0.1001349,0.29991904,7.5834713,1.9686777e-09,0.0
11.63,0.1,0.1,0.3,0.100123785,0.10012729,0.2999236,7.5834613,9.849044e-09,0.0
11.635,0.1,0.1,0.3,0.1001168,0.100120105,0.29992792,7.5834513,8.0934255e-09,0.0
11.64,0.1,0.1,0.3,0.1001102,0.100113325,0.299932,7.583441,3.6186643e-09,0.0
11.645,0.1,0.1,0.3,0.10010398,0.10010693,0.29993585,7.583427,1.5646419e-09,0.0
11.65,0.1,0.1,0.3,0.10009811,0.1001009,0.29993948,7.5834136,1.0830191e-08,0.0
11.655,0.1,0.1,0.3,0.100092575,0.100095205,0.2999429,7.5834,-1.235383e-09,0.0
11.66,0.1,0.1,0.3,0.10008735,0.10008983,0.29994613,7.583386,6.3046173e-09,0.0
11.665000000000001,0.1,0.1,0.3,0.10008242,0.10008477,0.29994917,7.5833726,-1.5463382e-10,0.0
11.67,0.1,0.1,0.3,0.10007777,0.10007998,0.29995203,7.583359,-1.040527e-08,0.0
11.675,0.1,0.1,0.3,0.10007338,0.10007547,0.29995474,7.5833416,1.6672656e-08,0.0
11.68,0.1,0.1,0.3,0.10006924,0.10007121,0.2999573,7.583325,-7.504034e-09,0.0
11.685,0.1,0.1,0.3,0.100065336,0.10006719,0.29995972,7.5833077,-5.6279172e-09,0.0
11.69,0.1,0.1,0.3,0.10006165,0.1000634,0.29996198,7.5832906,-8.057698e-09,0.0
11.695,0.1,0.1,0.3,0.10005817,0.10005982,0.29996413,7.5832734,-7.559233e-09,0.0
11.700000000000001,0.1,0.1,0.3,0.10005488,0.10005645,0.29996616,7.5832562,-1.0609172e-09,0.0
11.705,0.1,0.1,0.3,0.10005178,0.10005326,0.29996806,7.583239,-1.5743087e-08,0.0
11.71,0.1,0.1,0.3,0.10004886,0.100050256,0.29996985,7.5832224,-1.3783832e-08,0.0
11.715,0.1,0.1,0.3,0.100046106,0.10004742,0.29997155,7.583205,-3.1559213e-09,0.0
11.72,0.1,0.1,0.3,0.100043505,0.10004474,0.29997316,7.583188,-3.4110497e-09,0.0
11.725,0.1,0.1,0.3,0.10004105,0.10004222,0.29997468,7.5831676,-5.0055275e-09,0.0
11.73,0.1,0.1,0.3,0.10003873,0.10003983,0.2999761,7.583147,-2.0295146e-09,0.0
11.735,0.1,0.1,0.3,0.10003655,0.10003758,0.29997745,7.5831265,6.702104e-10,0.0
11.74,0.1,0.1,0.3,0.10003448,0.10003546,0.29997873,7.583106,5.709552e-09,0.0
11.745000000000001,0.1,0.1,0.3,0.10003254,0.100033455,0.29997993,7.5830855,3.4423455e-09,0.0
11.75,0.1,0.1,0.3,0.100030705,0.10003157,0.29998106,7.583065,4.8935394e-09,0.0
11.755,0.1,0.1,0.3,0.10002897,0.10002979,0.29998213,7.5830445,-5.0208033e-09,0.0
11.76,0.1,0.1,0.3,0.10002734,0.100028105,0.29998314,7.583024,6.025731e-09,0.0
11.765,0.1,0.1,0.3,0.100025795,0.10002652,0.2999841,7.5830035,6.1324497e-09,0.0
11.77,0.1,0.1,0.3,0.10002434,0.10002502,0.299985,7.582983,1.2424466e-09,0.0
11.775,0.1,0.1,0.3,0.10002297,0.100023605,0.29998583,7.5829625,1.4461639e-09,0.0
11.78,0.1,0.1,0.3,0.100021675,0.10002227,0.29998663,7.582942,5.132788e-09,0.0
11.785,0.1,0.1,0.3,0.10002045,0.10002101,0.29998738,7.5829215,1.4953505e-08,0.0
11.790000000000001,0.1,0.1,0.3,0.1000193,0.10001983,0.2999881,7.582901,5.5409144e-09,0.0
11.795,0.1,0.1,0.3,0.10001821,0.10001871,0.29998878,7.5828805,-1.1457186e-08,0.0
11.8,0.1,0.1,0.3,0.10001718,0.10001765,0.2999894,7.5828605,-8.834971e-09,0.0
11.805,0.1,0.1,0.3,0.100016214,0.10001665,0.29999,7.58284,3.760901e-09,0.0
11.81,0.1,0.1,0.3,0.1000153,0.100015715,0.29999056,7.5828195,1.1496762e-09,0.0
11.815,0.1,0.1,0.3,0.10001443,0.10001483,0.2999911,7.582799,-6.017452e-10,0.0
11.82,0.1,0.1,0.3,0.10001362,0.10001399,0.2999916,7.5827785,-2.5152058e-09,0.0
11.825000000000001,0.1,0.1,0.3,0.100012854,0.100013204,0.29999208,7.582758,7.84748e-10,0.0
11.83,0.1,0.1,0.3,0.10001213,0.10001246,0.29999253,7.5827374,9.9064446e-09,0.0
11.835,0.1,0.1,0.3,0.100011446,0.10001176,0.29999295,7.582717,3.8809054e-09,0.0
11.84,0.1,0.1,0.3,0.1000108,0.100011095,0.29999334,7.5826964,-1.182235e-08,0.0
11.845,0.1,0.1,0.3,0.10001019,0.10001047,0.29999372,7.582676,-1.9867914e-09,0.0
11.85,0.1,0.1,0.3,0.10000961,0.10000988,0.29999408,7.5826554,4.421642e-09,0.0
11.855,0.1,0.1,0.3,0.10000907,0.10000932,0.2999944,7.582635,1.4050754e-09,0.0
11.86,0.1,0.1,0.3,0.100008555,0.10000879,0.29999474,7.5826144,-9.2518775e-09,0.0
11.865,0.1,0.1,0.3,0.10000807,0.100008294,0.29999503,7.582594,-5.9489778e-09,0.0
11.870000000000001,0.1,0.1,0.3,0.100007616,0.100007825,0.2999953,7.5825734,-4.2447352e-09,0.0
11.875,0.1,0.1,0.3,0.100007184,0.100007385,0.29999557,7.582553,-1.0245349e-08,0.0
11.88,0.1,0.1,0.3,0.10000678,0.10000697,0.2999958,7.5825324,-5.3515055e-09,0.0
11.885,0.1,0.1,0.3,0.1000064,0.10000657,0.29999605,7.582512,-1.0517106e-08,0.0
11.89,0.1,0.1,0.3,0.100006044,0.1000062,0.2999963,7.5824914,-9.039553e-11,0.0
11.895,0.1,0.1,0.3,0.1000057,0.10000585,0.2999965,7.582471,-1.4758108e-09,0.0
11.9,0.1,0.1,0.3,0.10000538,0.10000552,0.2999967,7.5824504,-1.186581e-08,0.0
11.905,0.1,0.1,0.3,0.100005075,0.10000521,0.29999688,7.58243,1.5965708e-09,0.0
11.91,0.1,0.1,0.3,0.10000479,0.10000492,0.29999706,7.5824094,-4.660483e-09,0.0
11.915000000000001,0.1,0.1,0.3,0.100004524,0.10000464,0.29999724,7.582389,-1.1417676e-09,0.0
11.92,0.1,0.1,0.3,0.10000427,0.10000438,0.2999974,7.5823684,-9.928733e-09,0.0
11.925,0.1,0.1,0.3,0.10000403,0.10000414,0.29999754,7.582348,-8.631693e-11,0.0
11.93,0.1,0.1,0.3,0.1000038,0.100003906,0.2999977,7.5823274,1.4356843e-09,0.0
11.935,0.1,0.1,0.3,0.100003585,0.10000368,0.2999978,7.582307,8.28595e-09,0.0
11.94,0.1,0.1,0.3,0.100003384,0.10000347,0.29999793,7.5822864,1.603816e-09,0.0
11.945,0.1,0.1,0.3,0.10000319,0.10000328,0.29999804,7.582266,2.271892e-09,0.0
11.950000000000001,0.1,0.1,0.3,0.10000301,0.10000309,0.29999816,7.5822453,-1.2219813e-08,0.0
11.955,0.1,0.1,0.3,0.10000284,0.10000292,0.29999825,7.582225,2.92541e-09,0.0
11.96,0.1,0.1,0.3,0.100002676,0.10000276,0.29999834,7.5822043,-9.194091e-09,0.0
11.965,0.1,0.1,0.3,0.10000253,0.1000026,0.29999843,7.582184,4.2242103e-09,0.0
11.97,0.1,0.1,0.3,0.100002386,0.10000245,0.29999852,7.5821633,5.273683e-09,0.0
11.975,0.1,0.1,0.3,0.10000225,0.10000231,0.2999986,7.582143,-8.582445e-09,0.0
11.98,0.1,0.1,0.3,0.100002125,0.100002185,0.2999987,7.582123,3.902744e-09,0.0
11.985,0.1,0.1,0.3,0.100002006,0.10000206,0.29999876,7.5821023,-7.601717e-09,0.0
11.99,0.1,0.1,0.3,0.100001894,0.10000194,0.29999882,7.582082,6.5089125e-09,0.0
11.995000000000001,0.1,0.1,0.3,0.10000179,0.10000183,0.29999888,7.5820613,5.5941767e-09,0.0
12.0,0.1,0.1,0.3,0.100001685,0.10000172,0.29999894,7.582041,-8.578269e-09,0.0
12.005,0.1,0.1,0.3,0.10000159,0.100001626,0.299999,7.5820203,-5.384652e-09,0.0
12.01,0.1,0.1,0.3,0.1000015,0.10000154,0.29999906,7.582,8.636727e-09,0.0
12.015,0.1,0.1,0.3,0.10000142,0.10000145,0.29999912,7.5819793,7.952237e-09,0.0
12.02,0.1,0.1,0.3,0.100001335,0.100001365,0.29999918,7.581959,1.2930812e-09,0.0
12.025,0.1,0.1,0.3,0.10000126,0.10000129,0.29999924,7.5819383,9.150015e-10,0.0
12.030000000000001,0.1,0.1,0.3,0.100001186,0.100001216,0.29999927,7.581918,6.3857355e-09,0.0
12.035,0.1,0.1,0.3,0.10000112,0.10000115,0.2999993,7.5818973,5.038762e-09,0.0
12.040000000000001,0.1,0.1,0.3,0.10000106,0.10000108,0.29999933,7.5818768,5.5372934e-10,0.0
12.045,0.1,0.1,0.3,0.100001,0.10000102,0.29999936,7.5818563,8.8055513e-10,0.0
12.05,0.1,0.1,0.3,0.10000094,0.10000096,0.2999994,7.5818357,1.927182e-09,0.0
12.055,0.1,0.1,0.3,0.10000089,0.10000091,0.29999942,7.5818152,8.835093e-09,0.0
12.06,0.1,0.1,0.3,0.100000836,0.10000086,0.29999945,7.5817947,-1.2724374e-09,0.0
12.065,0.1,0.1,0.3,0.10000079,0.10000081,0.29999948,7.581774,-1.8803934e-09,0.0
12.07,0.1,0.1,0.3,0.10000075,0.10000077,0.2999995,7.5817537,5.71188e-09,0.0
12.075000000000001,0.1,0.1,0.3,0.1000007,0.100000724,0.29999954,7.581733,-4.136275e-09,0.0
12.08,0.1,0.1,0.3,0.100000665,0.10000069,0.29999956,7.5817127,-4.6397486e-09,0.0
12.085,0.1,0.1,0.3,0.10000063,0.10000065,0.2999996,7.581692,1.2069482e-08,0.0
12.09,0.1,0.1,0.3,0.10000059,0.10000061,0.29999962,7.5816717,4.1813673e-09,0.0
12.095,0.1,0.1,0.3,0.10000056,0.100000575,0.29999965,7.581651,-1.3761385e-09,0.0
12.1,0.1,0.1,0.3,0.10000053,0.100000545,0.29999968,7.5816307,-1.5855884e-08,0.0
12.105,0.1,0.1,0.3,0.1000005,0.100000516,0.2999997,7.58161,1.91284e-09,0.0
12.11,0.1,0.1,0.3,0.10000047,0.100000486,0.29999974,7.5815897,-2.7842189e-09,0.0
12.115,0.1,0.1,0.3,0.10000044,0.100000456,0.29999977,7.581569,-8.071874e-09,0.0
12.120000000000001,0.1,0.1,0.3,0.10000042,0.10000043,0.29999977,7.5815487,7.525002e-09,0.0
12.125,0.1,0.1,0.3,0.1000004,0.10000041,0.29999977,7.581528,1.03352535e-08,0.0
12.13,0.1,0.1,0.3,0.100000374,0.10000039,0.29999977,7.5815077,1.466818e-08,0.0
12.135,0.1,0.1,0.3,0.10000035,0.10000037,0.29999977,7.581487,7.524034e-09,0.0
12.14,0.1,0.1,0.3,0.10000033,0.100000344,0.29999977,7.5814667,-1.7213296e-09,0.0
12.145,0.1,0.1,0.3,0.100000314,0.10000032,0.29999977,7.581446,9.219047e-09,0.0
12.15,0.1,0.1,0.3,0.1000003,0.10000031,0.29999977,7.5814257,-1.2744543e-08,0.0
12.155000000000001,0.1,0.1,0.3,0.100000285,0.10000029,0.29999977,7.5814056,1.0519167e-08,0.0
12.16,0.1,0.1,0.3,0.10000027,0.10000028,0.29999977,7.581385,7.88344e-09,0.0
12.165000000000001,0.1,0.1,0.3,0.100000255,0.10000026,0.29999977,7.5813646,2.8979221e-09,0.0
12.17,0.1,0.1,0.3,0.10000024,0.10000025,0.29999977,7.581344,-6.5310477e-09,0.0
12.175,0.1,0.1,0.3,0.100000225,0.10000023,0.29999977,7.5813236,-7.658849e-09,0.0
12.18,0.1,0.1,0.3,0.10000021,0.10000022,0.29999977,7.581303,-1.0065672e-08,0.0
12.185,0.1,0.1,0.3,0.100000195,0.1000002,0.29999977,7.5812826,-5.409664e-09,0.0
12.19,0.1,0.1,0.3,0.10000019,0.10000019,0.29999977,7.581262,-5.0676783e-09,0.0
12.195,0.1,0.1,0.3,0.10000018,0.10000018,0.29999977,7.5812416,3.6279026e-09,0.0
12.200000000000001,0.1,0.1,0.3,0.10000017,0.10000017,0.29999977,7.581221,-7.3169515e-09,0.0
12.205,0.1,0.1,0.3,0.100000165,0.100000165,0.29999977,7.5812006,3.0217489e-09,0.0
12.21,0.1,0.1,0.3,0.10000016,0.10000016,0.29999977,7.58118,-8.927656e-09,0.0
12.215,0.1,0.1,0.3,0.10000015,0.10000015,0.29999977,7.5811596,1.0705664e-08,0.0
12.22,0.1,0.1,0.3,0.10000014,0.10000014,0.29999977,7.581139,-7.527974e-09,0.0
12.225,0.1,0.1,0.3,0.100000136,0.100000136,0.29999977,7.5811186,4.517121e-09,0.0
12.23,0.1,0.1,0.3,0.10000013,0.10000013,0.29999977,7.581098,-1.089203e-08,0.0
12.235,0.1,0.1,0.3,0.10000012,0.10000012,0.29999977,7.5810776,-1.0665405e-09,0.0
12.24,0.1,0.1,0.3,0.10000011,0.10000011,0.29999977,7.581057,-1.0549945e-09,0.0
12.245000000000001,0.1,0.1,0.3,0.100000106,0.100000106,0.29999977,7.5810366,8.968362e-09,0.0
12.25,0.1,0.1,0.3,0.1000001,0.1000001,0.29999977,7.581016,7.6819284e-10,0.0
12.255,0.1,0.1,0.3,0.10000009,0.10000009,0.29999977,7.5809956,1.9487816e-09,0.0
12.26,0.1,0.1,0.3,0.10000008,0.10000008,0.29999977,7.580975,-5.1199534e-09,0.0
12.265,0.1,0.1,0.3,0.100000076,0.100000076,0.29999977,7.5809546,-2.3266968e-09,0.0
12.27,0.1,0.1,0.3,0.10000007,0.10000007,0.29999977,7.580934,-1.0253648e-08,0.0
12.275,0.1,0.1,0.3,0.10000006,0.10000006,0.29999977,7.5809135,1.88888e-09,0.0
12.280000000000001,0.1,0.1,0.3,0.10000006,0.10000006,0.29999977,7.580893,8.50437e-09,0.0
12.285,0.1,0.1,0.3,0.10000006,0.10000006,0.29999977,7.5808725,1.5285694e-08,0.0
12.290000000000001,0.1,0.1,0.3,0.10000006,0.10000006,0.29999977,7.580852,-1.2564289e-08,0.0
12.295,0.1,0.1,0.3,0.10000006,0.10000006,0.29999977,7.5808315,8.704063e-09,0.0
12.3,0.1,0.1,0.3,0.10000006,0.10000006,0.29999977,7.580811,-3.3033867e-09,0.0
12.305,0.1,0.1,0.3,0.10000006,0.10000006,0.29999977,7.5807905,8.531262e-09,0.0
12.31,0.1,0.1,0.3,0.10000006,0.10000006,0.29999977,7.58077,-3.2691965e-09,0.0
12.315,0.1,0.1,0.3,0.10000006,0.10000006,0.29999977,7.5807495,8.117929e-10,0.0
12.32,0.1,0.1,0.3,0.10000006,0.10000006,0.29999977,7.580729,-7.1165136e-09,0.0
12.325000000000001,0.1,0.1,0.3,0.10000006,0.10000006,0.29999977,7.5807085,1.8680737e-09,0.0
12.33,0.1,0.1,0.3,0.10000006,0.10000006,0.29999977,7.580688,-8.724568e-09,0.0
12.335,0.1,0.1,0.3,0.10000006,0.10000006,0.29999977,7.580668,-6.269451e-09,0.0
12.34,0.1,0.1,0.3,0.10000006,0.10000006,0.29999977,7.5806475,1.420308e-10,0.0
12.345,0.1,0.1,0.3,0.10000006,0.10000006,0.29999977,7.580627,2.08007e-09,0.0
12.35,0.1,0.1,0.3,0.10000006,0.10000006,0.29999977,7.5806065,-1.0010517e-08,0.0
12.355,0.1,0.1,0.3,0.10000006,0.10000006,0.29999977,7.580586,-3.865077e-10,0.0
12.36,0.1,0.1,0.3,0.10000006,0.10000006,0.29999977,7.5805655,-3.2216688e-11,0.0
12.365,0.1,0.1,0.3,0.10000006,0.10000006,0.29999977,7.580545,-3.545036e-10,0.0
12.370000000000001,0.1,0.1,0.3,0.10000006,0.10000006,0.29999977,7.5805244,-6.3969803e-09,0.0
12.375,0.1,0.1,0.3,0.10000006,0.10000006,0.29999977,7.580504,-1.373212e-08,0.0
12.38,0.1,0.1,0.3,0.10000006,0.10000006,0.29999977,7.5804834,1.1503425e-08,0.0
12.385,0.1,0.1,0.3,0.10000006,0.10000006,0.29999977,7.580463,2.2847315e-09,0.0
12.39,0.1,0.1,0.3,0.10000006,0.10000006,0.29999977,7.5804424,-1.1545152e-09,0.0
12.395,0.1,0.1,0.3,0.10000006,0.10000006,0.29999977,7.580422,6.226398e-09,0.0
12.4,0.1,0.1,0.3,0.10000006,0.10000006,0.29999977,7.5804014,-1.4479693e-09,0.0
12.405000000000001,0.1,0.1,0.3,0.10000006,0.10000006,0.29999977,7.580381,7.1639494e-09,0.0
12.41,0.1,0.1,0.3,0.10000006,0.10000006,0.29999977,7.5803604,6.3825154e-09,0.0
12.415000000000001,0.1,0.1,0.3,0.10000006,0.10000006,0.29999977,7.58034,2.1209539e-09,0.0
12.42,0.1,0.1,0.3,0.10000006,0.10000006,0.29999977,7.5803194,7.644041e-09,0.0
12.425,0.1,0.1,0.3,0.10000006,0.10000006,0.29999977,7.580299,1.1426738e-08,0.0
12.43,0.1,0.1,0.3,0.10000006,0.10000006,0.29999977,7.5802784,6.9148793e-09,0.0
12.435,0.1,0.1,0.3,0.10000006,0.10000006,0.29999977,7.580258,2.7251146e-09,0.0
12.44,0.1,0.1,0.3,0.10000006,0.10000006,0.29999977,7.5802374,-3.3654748e-09,0.0
12.445,0.1,0.1,0.3,0.10000006,0.10000006,0.29999977,7.580217,1.25978525e-08,0.0
12.450000000000001,0.1,0.1,0.3,0.10000006,0.10000006,0.29999977,7.5801964,7.3910456e-09,0.0
12.455,0.1,0.1,0.3,0.10000006,0.10000006,0.29999977,7.580176,8.555618e-09,0.0
12.46,0.1,0.1,0.3,0.10000006,0.10000006,0.29999977,7.5801554,9.029846e-09,0.0
12.465,0.1,0.1,0.3,0.10000006,0.10000006,0.29999977,7.580135,-7.071571e-09,0.0
12.47,0.1,0.1,0.3,0.10000006,0.10000006,0.29999977,7.5801144,1.3363453e-08,0.0
12.475,0.1,0.1,0.3,0.10000006,0.10000006,0.29999977,7.580094,-8.8678185e-09,0.0
12.48,0.1,0.1,0.3,0.10000006,0.10000006,0.29999977,7.5800734,1.1058402e-08,0.0
12.485,0.1,0.1,0.3,0.10000006,0.10000006,0.29999977,7.580053,-4.4365662e-09,0.0
12.49,0.1,0.1,0.3,0.10000006,0.10000006,0.29999977,7.5800323,-1.1371912e-09,0.0
12.495000000000001,0.1,0.1,0.3,0.10000006,0.10000006,0.29999977,7.580012,-7.906859e-09,0.0
12.5,0.1,0.1,0.3,0.10000006,0.10000006,0.29999977,7.5799913,-9.008525e-09,0.0
12.505,0.1,0.1,0.3,0.10000006,0.10000006,0.29999977,7.579971,-2.6722866e-09,0.0
12.51,0.1,0.1,0.3,0.10000006,0.10000006,0.29999977,7.579951,-1.1797487e-08,0.0
12.515,0.1,0.1,0.3,0.10000006,0.10000006,0.29999977,7.5799303,3.5299141e-09,0.0
12.52,0.1,0.1,0.3,0.10000006,0.10000006,0.29999977,7.57991,-9.819783e-09,0.0
12.525,0.1,0.1,0.3,0.10000006,0.10000006,0.29999977,7.5798893,-9.711105e-09,0.0
12.530000000000001,0.1,0.1,0.3,0.10000006,0.10000006,0.29999977,7.579869,6.202604e-09,0.0
12.535,0.1,0.1,0.3,0.10000006,0.10000006,0.29999977,7.5798483,6.823074e-09,0.0
12.540000000000001,0.1,0.1,0.3,0.10000006,0.10000006,0.29999977,7.579828,1.1194672e-08,0.0
12.545,0.1,0.1,0.3,0.10000006,0.10000006,0.29999977,7.5798073,1.3872587e-08,0.0
12.55,0.1,0.1,0.3,0.10000006,0.10000006,0.29999977,7.579787,5.96668e-09,0.0
12.555,0.1,0.1,0.3,0.10000006,0.10000006,0.29999977,7.5797663,-1.9713753e-09,0.0
12.56,0.1,0.1,0.3,0.10000006,0.10000006,0.29999977,7.579746,1.2949647e-08,0.0
12.565,0.1,0.1,0.3,0.10000006,0.10000006,0.29999977,7.5797253,1.6063773e-08,0.0
12.57,0.1,0.1,0.3,0.10000006,0.10000006,0.29999977,7.5797048,-8.754125e-09,0.0
12.575000000000001,0.1,0.1,0.3,0.10000006,0.10000006,0.29999977,7.5796843,-5.7227103e-09,0.0
12.58,0.1,0.1,0.3,0.10000006,0.10000006,0.29999977,7.5796638,-6.9936767e-09,0.0
12.585,0.1,0.1,0.3,0.10000006,0.10000006,0.29999977,7.5796432,6.947127e-09,0.0
12.59,0.1,0.1,0.3,0.10000006,0.10000006,0.29999977,7.5796227,-8.5546095e-09,0.0
12.595,0.1,0.1,0.3,0.10000006,0.10000006,0.29999977,7.5796022,-6.766373e-09,0.0
12.6,0.1,0.1,0.3,0.10000006,0.10000006,0.29999977,7.5795817,4.0051713e-09,0.0
12.605,0.1,0.1,0.3,0.10000006,0.10000006,0.29999977,7.579561,1.3060226e-08,0.0
12.61,0.1,0.1,0.3,0.10000006,0.10000006,0.29999977,7.5795407,-5.0085847e-09,0.0
12.615,0.1,0.1,0.3,0.10000006,0.10000006,0.29999977,7.57952,-4.6201123e-09,0.0
12.620000000000001,0.1,0.1,0.3,0.10000006,0.10000006,0.29999977,7.5794997,5.3056985e-09,0.0
12.625,0.1,0.1,0.3,0.10000006,0.10000006,0.29999977,7.579479,6.7648576e-09,0.0
12.63,0.1,0.1,0.3,0.10000006,0.10000006,0.29999977,7.5794587,1.4875875e-09,0.0
12.635,0.1,0.1,0.3,0.10000006,0.10000006,0.29999977,7.579438,-1.4358446e-08,0.0
12.64,0.1,0.1,0.3,0.10000006,0.10000006,0.29999977,7.5794177,-1.1511238e-08,0.0
12.645,0.1,0.1,0.3,0.10000006,0.10000006,0.29999977,7.579397,-8.453897e-09,0.0
12.65,0.1,0.1,0.3,0.10000006,0.10000006,0.29999977,7.5793767,-9.400816e-09,0.0
12.655000000000001,0.1,0.1,0.3,0.10000006,0.10000006,0.29999977,7.579356,-7.246794e-10,0.0
12.66,0.1,0.1,0.3,0.10000006,0.10000006,0.29999977,7.5793357,1.725392e-08,0.0
12.665000000000001,0.1,0.1,0.3,0.10000006,0.10000006,0.29999977,7.579315,1.0679018e-08,0.0
12.67,0.1,0.1,0.3,0.10000006,0.10000006,0.29999977,7.5792947,2.025955e-09,0.0
12.675,0.1,0.1,0.3,0.10000006,0.10000006,0.29999977,7.579274,2.4402618e-09,0.0
12.68,0.1,0.1,0.3,0.10000006,0.10000006,0.29999977,7.5792537,-1.3093333e-08,0.0
12.685,0.1,0.1,0.3,0.10000006,0.10000006,0.29999977,7.579233,1.2481628e-09,0.0
12.69,0.1,0.1,0.3,0.10000006,0.10000006,0.29999977,7.579213,1.2116696e-08,0.0
12.695,0.1,0.1,0.3,0.10000006,0.10000006,0.29999977,7.5791926,4.980089e-09,0.0
12.700000000000001,0.1,0.1,0.3,0.10000006,0.10000006,0.29999977,7.579172,-7.294508e-09,0.0
12.705,0.1,0.1,0.3,0.10000006,0.10000006,0.29999977,7.5791516,-7.122284e-09,0.0
12.71,0.1,0.1,0.3,0.10000006,0.10000006,0.29999977,7.579131,3.445599e-09,0.0
12.715,0.1,0.1,0.3,0.10000006,0.10000006,0.29999977,7.5791106,4.2447836e-09,0.0
12.72,0.1,0.1,0.3,0.10000006,0.10000006,0.29999977,7.57909,1.2110843e-09,0.0
12.725,0.1,0.1,0.3,0.10000006,0.10000006,0.29999977,7.5790696,-7.0893265e-09,0.0
12.73,0.1,0.1,0.3,0.10000006,0.10000006,0.29999977,7.579049,-5.6328533e-09,0.0
12.735,0.1,0.1,0.3,0.10000006,0.10000006,0.29999977,7.5790286,4.4572928e-09,0.0
12.74,0.1,0.1,0.3,0.10000006,0.10000006,0.29999977,7.579008,-6.8970762e-09,0.0
12.745000000000001,0.1,0.1,0.3,0.10000006,0.10000006,0.29999977,7.578991,2.6962865e-09,0.0
12.75,0.1,0.1,0.3,0.10000006,0.10000006,0.29999977,7.578974,8.841512e-10,0.0
12.755,0.1,0.1,0.3,0.10000006,0.10000006,0.29999977,7.5789566,-4.875347e-09,0.0
12.76,0.1,0.1,0.3,0.10000006,0.10000006,0.29999977,7.57894,5.654777e-09,0.0
12.765,0.1,0.1,0.3,0.10000006,0.10000006,0.29999977,7.5789227,-9.317898e-09,0.0
12.77,0.1,0.1,0.3,0.10000006,0.10000006,0.29999977,7.5789056,1.2567068e-08,0.0
12.775,0.1,0.1,0.3,0.10000006,0.10000006,0.29999977,7.5788884,5.659435e-09,0.0
12.780000000000001,0.1,0.1,0.3,0.10000006,0.10000006,0.29999977,7.5788713,9.003724e-09,0.0
12.785,0.1,0.1,0.3,0.10000006,0.10000006,0.29999977,7.5788546,2.7642717e-09,0.0
12.790000000000001,0.1,0.1,0.3,0.10000006,0.10000006,0.29999977,7.5788374,-6.2962885e-10,0.0
12.795,0.1,0.1,0.3,0.10000006,0.10000006,0.29999977,7.57882,-1.2692598e-08,0.0
12.8,0.1,0.1,0.3,0.10000006,0.10000006,0.29999977,7.578803,1.5666132e-09,0.0
12.805,0.1,0.1,0.3,0.10000006,0.10000006,0.29999977,7.578786,-8.8402896e-10,0.0
12.81,0.1,0.1,0.3,0.10000006,0.10000006,0.29999977,7.5787687,4.0665453e-09,0.0
12.815,0.1,0.1,0.3,0.10000006,0.10000006,0.29999977,7.578752,-1.1450706e-09,0.0
12.82,0.1,0.1,0.3,0.10000006,0.10000006,0.29999977,7.578735,-8.153518e-09,0.0
12.825000000000001,0.1,0.1,0.3,0.10000006,0.10000006,0.29999977,7.5787177,-5.3131566e-09,0.0
12.83,0.1,0.1,0.3,0.10000006,0.10000006,0.29999977,7.5787005,-9.961316e-09,0.0
12.835,0.1,0.1,0.3,0.10000006,0.10000006,0.29999977,7.5786834,5.07707e-09,0.0
12.84,0.1,0.1,0.3,0.10000006,0.10000006,0.29999977,7.5786667,-8.866054e-09,0.0
12.845,0.1,0.1,0.3,0.10000006,0.10000006,0.29999977,7.5786495,-7.9396173e-10,0.0
12.85,0.1,0.1,0.3,0.10000006,0.10000006,0.29999977,7.5786324,-1.0608623e-08,0.0
12.855,0.1,0.1,0.3,0.10000006,0.10000006,0.29999977,7.578615,-1.2122794e-08,0.0
12.86,0.1,0.1,0.3,0.10000006,0.10000006,0.29999977,7.578598,1.0826072e-08,0.0
12.865,0.1,0.1,0.3,0.10000006,0.10000006,0.29999977,7.5785813,3.909963e-09,0.0
12.870000000000001,0.1,0.1,0.3,0.10000006,0.10000006,0.29999977,7.578564,1.8020291e-08,0.0
12.875,0.1,0.1,0.3,0.10000006,0.10000006,0.29999977,7.578547,3.3512593e-09,0.0
12.88,0.1,0.1,0.3,0.10000006,0.10000006,0.29999977,7.57853,-1.6020137e-09,0.0
12.885,0.1,0.1,0.3,0.10000006,0.10000006,0.29999977,7.5785127,-1.2212178e-09,0.0
12.89,0.1,0.1,0.3,0.10000006,0.10000006,0.29999977,7.578496,1.317152e-09,0.0
12.895,0.1,0.1,0.3,0.10000006,0.10000006,0.29999977,7.578479,-6.9968786e-09,0.0
12.9,0.1,0.1,0.3,0.10000006,0.10000006,0.29999977,7.5784616,-6.780445e-09,0.0
12.905000000000001,0.1,0.1,0.3,0.10000006,0.10000006,0.29999977,7.5784445,7.0586723e-09,0.0
12.91,0.1,0.1,0.3,0.10000006,0.10000006,0.29999977,7.5784273,-5.0301776e-09,0.0
12.915000000000001,0.1,0.1,0.3,0.10000006,0.10000006,0.29999977,7.57841,-6.456118e-09,0.0
12.92,0.1,0.1,0.3,0.10000006,0.10000006,0.29999977,7.5783935,5.041875e-09,0.0
12.925,0.1,0.1,0.3,0.10000006,0.10000006,0.29999977,7.5783763,4.718849e-09,0.0
12.93,0.1,0.1,0.3,0.10000006,0.10000006,0.29999977,7.578359,8.204264e-09,0.0
12.935,0.1,0.1,0.3,0.10000006,0.10000006,0.29999977,7.578342,5.0725535e-09,0.0
12.94,0.1,0.1,0.3,0.10000006,0.10000006,0.29999977,7.578325,9.195166e-09,0.0
12.945,0.1,0.1,0.3,0.10000006,0.10000006,0.29999977,7.578308,-1.608907e-08,0.0
12.950000000000001,0.1,0.1,0.3,0.10000006,0.10000006,0.29999977,7.578291,-8.215955e-09,0.0
12.955,0.1,0.1,0.3,0.10000006,0.10000006,0.29999977,7.578274,6.507882e-09,0.0
12.96,0.1,0.1,0.3,0.10000006,0.10000006,0.29999977,7.5782566,2.793552e-09,0.0
12.965,0.1,0.1,0.3,0.10000006,0.10000006,0.29999977,7.5782394,-8.617938e-10,0.0
12.97,0.1,0.1,0.3,0.10000006,0.10000006,0.29999977,7.5782228,-2.1261493e-09,0.0
12.975,0.1,0.1,0.3,0.10000006,0.10000006,0.29999977,7.5782056,-2.096774e-09,0.0
12.98,0.1,0.1,0.3,0.10000006,0.10000006,0.29999977,7.5781884,-3.519959e-09,0.0
12.985,0.1,0.1,0.3,0.10000006,0.10000006,0.29999977,7.5781713,1.8837316e-09,0.0
12.99,0.1,0.1,0.3,0.10000006,0.10000006,0.29999977,7.578154,-1.2305666e-08,0.0
12.995000000000001,0.1,0.1,0.3,0.10000006,0.10000006,0.29999977,7.578137,1.17185674e-08,0.0
13.0,0.1,0.1,0.3,0.10000006,0.10000006,0.29999977,7.57812,9.9811786e-09,0.0
13.005,0.1,0.1,0.3,0.10000006,0.10000006,0.29999977,7.578103,9.992229e-09,0.0
13.01,0.1,0.1,0.3,0.10000006,0.10000006,0.29999977,7.578086,-1.2314294e-08,0.0
13.015,0.1,0.1,0.3,0.10000006,0.10000006,0.29999977,7.5780687,-6.752228e-09,0.0
13.02,0.1,0.1,0.3,0.10000006,0.10000006,0.29999977,7.5780516,-6.7485595e-09,0.0
13.025,0.1,0.1,0.3,0.10000006,0.10000006,0.29999977,7.578035,-7.2296946e-09,0.0
13.030000000000001,0.1,0.1,0.3,0.10000006,0.10000006,0.29999977,7.5780177,-6.258672e-09,0.0
13.035,0.1,0.1,0.3,0.10000006,0.10000006,0.29999977,7.5780005,-1.4576564e-08,0.0
