time,P_cmd_DF,P_cmd_F,P_cmd_G,P_out_DF,P_out_F,P_out_G,wrist_angle_deg,grip_angle_deg,force_N
0.0,0.1,0.1,0.3,-0.0072487993,-0.00989842,0.0033238148,-0.0,8.099999,0.0
0.005,0.1,0.1,0.3,-0.0016598736,-0.0049584247,-0.0044551287,-2.935416e-07,7.939893,0.0
0.01,0.1,0.1,0.3,-0.0050867284,0.0010096447,0.0038080316,-5.8760514e-07,7.528828,0.0
0.015,0.1,0.1,0.3,-0.013808767,-0.0018749083,0.008713593,-8.657674e-07,6.8735757,0.0
0.02,0.1,0.1,0.3,-0.0049110567,-0.019687468,-0.0045596096,-1.1440229e-06,5.9807124,0.0
0.025,0.1,0.1,0.3,-0.003801426,-0.002918373,-0.0043358896,-1.4099966e-06,4.856663,0.0
0.03,0.1,0.1,0.3,0.0030493285,-0.005944163,-0.0013247451,-1.6745117e-06,3.507755,0.0
0.035,0.1,0.1,0.3,-0.0031958595,-0.005891023,-0.0017518826,-1.9159927e-06,1.94028,0.0
0.04,0.1,0.1,0.3,0.004393082,-0.0040199785,0.01138326,-2.1678463e-06,0.16056216,0.0
0.045,0.1,0.1,0.3,-0.00068917405,0.0029950233,0.029412167,2.3987843e-09,-7.3972395e-10,0.0
0.05,0.1,0.1,0.3,-0.005529562,-0.0038432532,0.04685748,1.8340433e-09,-5.1067056e-10,0.0
0.055,0.1,0.1,0.3,0.007493606,-0.0021840564,0.07154186,1.1463128e-09,1.6511145e-09,0.0
0.06,0.1,0.1,0.3,0.014834619,0.01616779,0.10123967,-7.753327e-10,3.505841e-09,0.0
0.065,0.1,0.1,0.3,0.02860739,0.027867,0.12031827,2.7614326e-09,1.0270017e-09,0.0
0.07,0.1,0.1,0.3,0.03171148,0.04214727,0.13450451,0.018219456,1.946765e-09,0.0
0.075,0.1,0.1,0.3,0.035891127,0.05218406,0.1530776,0.074373156,6.6367782e-09,0.0
0.08,0.1,0.1,0.3,0.046483893,0.06338989,0.1666281,0.18341985,6.116927e-09,0.0
0.085,0.1,0.1,0.3,0.05793969,0.06719677,0.17758009,0.39153206,-1.7872103e-09,0.0
0.09,0.1,0.1,0.3,0.063589565,0.07188728,0.19102226,0.74245876,-5.9706062e-09,0.0
0.095,0.1,0.1,0.3,0.067707784,0.06894246,0.20203598,1.2117873,2.0414694e-08,0.0
0.1,0.1,0.1,0.3,0.07416535,0.06935936,0.21026234,1.7374166,1.1359104e-08,0.0
0.105,0.1,0.1,0.3,0.08113968,0.080784306,0.22040452,2.2788632,2.4080085e-08,0.0
0.11,0.1,0.1,0.3,0.08248701,0.088075414,0.22888616,2.8184972,3.402896e-08,0.0
0.115,0.1,0.1,0.3,0.085233025,0.09280361,0.2348365,3.3124034,3.763418e-08,0.0
0.12,0.1,0.1,0.3,0.09735107,0.080054045,0.24233802,3.7281377,2.3050008e-08,0.0
0.125,0.1,0.1,0.3,0.09949912,0.091523595,0.24928945,4.1155405,3.6388876e-08,0.0
0.13,0.1,0.1,0.3,0.09773422,0.08410494,0.25394264,4.482086,2.2289129e-08,0.0
0.135,0.1,0.1,0.3,0.104841635,0.084790654,0.25879377,4.977154,2.2911347e-08,0.0
0.14,0.1,0.1,0.3,0.102021754,0.086452305,0.26428545,5.436269,-3.0610254e-11,0.0
0.145,0.1,0.1,0.3,0.11075044,0.07951925,0.26770282,5.9180603,3.8703682e-08,0.0
0.15,0.1,0.1,0.3,0.106179625,0.081075825,0.2712377,6.298115,1.5023554e-08,0.0
0.155,0.1,0.1,0.3,0.10190529,0.08365698,0.27498057,6.668945,1.8705917e-08,0.0
0.16,0.1,0.1,0.3,0.092659034,0.091374785,0.27769792,7.0534854,3.922989e-08,0.0
0.165,0.1,0.1,0.3,0.108357474,0.082858615,0.2803808,7.322845,1.4584501e-08,0.0
0.17,0.1,0.1,0.3,0.106077746,0.084182754,0.28286025,7.352716,-7.3391715e-10,0.0
0.17500000000000002,0.1,0.1,0.3,0.095257,0.09211598,0.28465614,7.36377,9.449511e-09,0.0
0.18,0.1,0.1,0.3,0.07969381,0.10143237,0.2860073,7.384013,-2.840584e-09,0.0
0.185,0.1,0.1,0.3,0.09767459,0.089255236,0.28819495,7.2598844,5.33085e-09,0.0
0.19,0.1,0.1,0.3,0.08653759,0.09941707,0.29023793,6.9296393,-1.2452302e-08,0.0
0.195,0.1,0.1,0.3,0.096031204,0.090705164,0.29125032,6.5794454,1.9816268e-08,0.0
0.2,0.1,0.1,0.3,0.09487477,0.093000844,0.29298753,6.189469,-1.3941556e-08,0.0
0.20500000000000002,0.1,0.1,0.3,0.10863787,0.08439686,0.29439396,5.935915,-7.957332e-09,0.0
0.21,0.1,0.1,0.3,0.10595519,0.086439885,0.29520896,5.784106,1.099876e-09,0.0
0.215,0.1,0.1,0.3,0.10682391,0.08451192,0.29516628,5.85114,1.5882334e-08,0.0
0.22,0.1,0.1,0.3,0.09880839,0.0905134,0.2950978,5.94986,4.2153427e-09,0.0
0.225,0.1,0.1,0.3,0.09729875,0.09199901,0.29504877,6.1036215,2.0041936e-08,0.0
0.23,0.1,0.1,0.3,0.090688854,0.0950392,0.29447433,6.34246,-3.758379e-09,0.0
0.23500000000000001,0.1,0.1,0.3,0.09087321,0.09466479,0.2943363,6.5581326,9.17846e-10,0.0
0.24,0.1,0.1,0.3,0.07896249,0.10307905,0.2939924,6.527684,-4.409728e-08,0.0
0.245,0.1,0.1,0.3,0.08730228,0.09730697,0.29375213,6.3423986,-1.4276718e-08,0.0
0.25,0.1,0.1,0.3,0.09605736,0.0912781,0.29364368,6.0062423,3.342274e-08,0.0
0.255,0.1,0.1,0.3,0.088479154,0.09681255,0.29355425,5.59619,-5.049559e-09,0.0
0.26,0.1,0.1,0.3,0.077280514,0.10373399,0.29295993,5.346738,-1.1721756e-08,0.0
0.265,0.1,0.1,0.3,0.068056434,0.11049966,0.29270995,5.222485,-3.064824e-09,0.0
0.27,0.1,0.1,0.3,0.07788181,0.10312334,0.29246572,5.086527,-6.7403816e-09,0.0
0.275,0.1,0.1,0.3,0.091707736,0.09252785,0.29213712,4.8329244,-1.9828725e-08,0.0
0.28,0.1,0.1,0.3,0.087155275,0.095870055,0.29186228,4.5677185,5.3675024e-09,0.0
0.28500000000000003,0.1,0.1,0.3,0.09024433,0.09352693,0.2916727,4.5218005,3.6920206e-08,0.0
0.29,0.1,0.1,0.3,0.09500406,0.08921627,0.29143837,4.545949,4.6351807e-09,0.0
0.295,0.1,0.1,0.3,0.08932264,0.09500419,0.29193103,4.560278,-1.899016e-08,0.0
0.3,0.1,0.1,0.3,0.08931714,0.09594296,0.2920782,4.73112,7.7609394e-09,0.0
0.305,0.1,0.1,0.3,0.09025838,0.09502112,0.29185328,5.061975,3.499194e-08,0.0
0.31,0.1,0.1,0.3,0.09652746,0.08950644,0.29167375,5.2792115,-4.9998277e-09,0.0
0.315,0.1,0.1,0.3,0.08869866,0.09628532,0.29172787,5.3380737,-1.1345907e-08,0.0
0.32,0.1,0.1,0.3,0.08826512,0.09636679,0.2916087,5.4397645,-2.319806e-09,0.0
0.325,0.1,0.1,0.3,0.09052504,0.09356636,0.29133552,5.621899,2.1375783e-08,0.0
0.33,0.1,0.1,0.3,0.092908196,0.091085896,0.29110298,5.664937,1.09203855e-08,0.0
0.335,0.1,0.1,0.3,0.09156657,0.09204358,0.29109496,5.537831,-2.2516469e-08,0.0
0.34,0.1,0.1,0.3,0.081149735,0.10064593,0.29138383,5.4973297,2.1477012e-08,0.0
0.34500000000000003,0.1,0.1,0.3,0.08058121,0.10037192,0.29125482,5.5367675,-9.265591e-09,0.0
0.35000000000000003,0.1,0.1,0.3,0.08004934,0.10255193,0.29140353,5.5801287,-2.8161852e-08,0.0
0.355,0.1,0.1,0.3,0.10106632,0.08697373,0.29151365,5.6158705,1.865505e-09,0.0
0.36,0.1,0.1,0.3,0.0878137,0.096447386,0.29162574,5.5959454,6.6739205e-09,0.0
0.365,0.1,0.1,0.3,0.075587794,0.10704159,0.2919593,5.620446,-8.020257e-09,0.0
0.37,0.1,0.1,0.3,0.07211648,0.1077978,0.29190156,5.6341877,-5.4801133e-09,0.0
0.375,0.1,0.1,0.3,0.09014056,0.093414664,0.29204682,5.564774,-3.052501e-08,0.0
0.38,0.1,0.1,0.3,0.10171229,0.08399361,0.29213813,5.3862267,-9.570078e-09,0.0
0.385,0.1,0.1,0.3,0.09740666,0.08624805,0.29243785,5.200333,1.3143855e-08,0.0
0.39,0.1,0.1,0.3,0.10829526,0.07858219,0.29273865,5.2364426,-1.325413e-09,0.0
0.395,0.1,0.1,0.3,0.10033528,0.08594001,0.2932628,5.3727326,1.3889111e-08,0.0
0.4,0.1,0.1,0.3,0.1033561,0.085856065,0.29375646,5.643503,1.3054751e-08,0.0
0.405,0.1,0.1,0.3,0.10063027,0.08940457,0.29428148,5.8666215,2.5152638e-09,0.0
0.41000000000000003,0.1,0.1,0.3,0.09357186,0.09300281,0.29425472,6.1201096,1.9282364e-08,0.0
0.41500000000000004,0.1,0.1,0.3,0.08757555,0.098332405,0.29455087,6.4045696,1.995418e-08,0.0
0.42,0.1,0.1,0.3,0.09323195,0.093824066,0.2946154,6.6101484,6.68696e-09,0.0
0.425,0.1,0.1,0.3,0.09700018,0.09235204,0.29485258,6.5730886,-1.0690429e-08,0.0
0.43,0.1,0.1,0.3,0.09698402,0.090560466,0.29455388,6.3251934,5.9912657e-09,0.0
0.435,0.1,0.1,0.3,0.0930091,0.093526974,0.29452968,6.166012,6.201689e-09,0.0
0.44,0.1,0.1,0.3,0.09166833,0.09693989,0.29483235,6.1520715,2.1033594e-08,0.0
0.445,0.1,0.1,0.3,0.101014726,0.08969502,0.294776,6.214453,-1.0515722e-09,0.0
0.45,0.1,0.1,0.3,0.09964095,0.092085905,0.29494885,6.1829453,-2.5867735e-08,0.0
0.455,0.1,0.1,0.3,0.09491829,0.09489498,0.29492098,6.2155614,6.5438743e-09,0.0
0.46,0.1,0.1,0.3,0.09955778,0.08957929,0.29468247,6.3487434,-1.1999726e-08,0.0
0.465,0.1,0.1,0.3,0.09640109,0.094720386,0.29490125,6.351621,-1.5397898e-08,0.0
0.47000000000000003,0.1,0.1,0.3,0.11353662,0.08132044,0.29467297,6.3606873,5.6995795e-09,0.0
0.47500000000000003,0.1,0.1,0.3,0.108682565,0.08533571,0.2947472,6.3660536,-4.1176797e-08,0.0
0.48,0.1,0.1,0.3,0.10934169,0.086680435,0.29489025,6.503866,3.943556e-09,0.0
0.485,0.1,0.1,0.3,0.10826594,0.08652186,0.29462013,6.6023574,1.2126218e-08,0.0
0.49,0.1,0.1,0.3,0.10010519,0.09312707,0.2947762,6.7587414,-2.0489924e-08,0.0
0.495,0.1,0.1,0.3,0.10016542,0.09036888,0.29453084,6.9834046,1.3149267e-08,0.0
0.5,0.1,0.1,0.3,0.099760704,0.08539332,0.29389238,6.9998956,7.3734636e-09,0.0
0.505,0.1,0.1,0.3,0.08861924,0.09813968,0.2943461,6.9687705,-3.902657e-11,0.0
0.51,0.1,0.1,0.3,0.094092876,0.090774946,0.29406843,6.9330163,3.4940027e-11,0.0
0.515,0.1,0.1,0.3,0.09393766,0.0946212,0.2943682,6.7065716,-2.435488e-08,0.0
0.52,0.1,0.1,0.3,0.09922065,0.088653296,0.2942274,6.490641,4.255934e-09,0.0
0.525,0.1,0.1,0.3,0.093659736,0.093770824,0.29441094,6.241841,-3.2423713e-08,0.0
0.53,0.1,0.1,0.3,0.09228213,0.09782856,0.29456562,6.075316,-1.9849619e-10,0.0
0.535,0.1,0.1,0.3,0.10029367,0.09233027,0.29461187,6.0533457,5.340298e-09,0.0
0.54,0.1,0.1,0.3,0.0878713,0.09920535,0.2945418,5.984576,5.7780287e-09,0.0
0.545,0.1,0.1,0.3,0.097376004,0.09343379,0.2944501,5.9260707,-1.3016934e-08,0.0
0.55,0.1,0.1,0.3,0.09542782,0.09472603,0.29440862,5.8101664,3.895261e-09,0.0
0.555,0.1,0.1,0.3,0.094846524,0.09501238,0.29450017,5.784187,1.0912856e-08,0.0
0.56,0.1,0.1,0.3,0.084462464,0.10191988,0.29441947,5.9112487,1.5658566e-08,0.0
0.5650000000000001,0.1,0.1,0.3,0.097724,0.09543181,0.29451287,6.04721,1.2373117e-08,0.0
0.5700000000000001,0.1,0.1,0.3,0.09913252,0.094971865,0.2947254,6.038699,-6.9429653e-09,0.0
0.5750000000000001,0.1,0.1,0.3,0.10782732,0.08473127,0.29431728,5.894531,6.564497e-09,0.0
0.58,0.1,0.1,0.3,0.10048468,0.09216592,0.29435396,5.7279906,-1.3593834e-09,0.0
0.585,0.1,0.1,0.3,0.10942938,0.0882002,0.29466707,5.7488494,-2.8095786e-09,0.0
0.59,0.1,0.1,0.3,0.10031879,0.09289921,0.29462972,5.8265347,4.9212674e-09,0.0
0.595,0.1,0.1,0.3,0.09453813,0.09576642,0.29436588,6.0004,-6.2830874e-09,0.0
0.6,0.1,0.1,0.3,0.09370126,0.095075235,0.29443464,6.2497907,1.8875493e-08,0.0
0.605,0.1,0.1,0.3,0.08684875,0.099102244,0.29445976,6.4967504,9.1356815e-09,0.0
0.61,0.1,0.1,0.3,0.0910537,0.09315494,0.2939622,6.66395,1.2454889e-08,0.0
0.615,0.1,0.1,0.3,0.08974066,0.097597085,0.29446733,6.578006,4.869333e-09,0.0
0.62,0.1,0.1,0.3,0.086932346,0.09949092,0.29457873,6.4307327,-5.633801e-09,0.0
0.625,0.1,0.1,0.3,0.08494474,0.10006598,0.29448095,6.3296313,3.789567e-09,0.0
0.63,0.1,0.1,0.3,0.09316363,0.09158184,0.29409456,6.242942,7.764994e-10,0.0
0.635,0.1,0.1,0.3,0.09071241,0.09440565,0.29451987,6.03844,-5.719486e-09,0.0
0.64,0.1,0.1,0.3,0.088158496,0.096014716,0.2947706,5.8848405,9.940376e-10,0.0
0.645,0.1,0.1,0.3,0.09951969,0.08700322,0.29453063,5.851814,4.084624e-09,0.0
0.65,0.1,0.1,0.3,0.088549614,0.09576619,0.29428938,5.7764497,1.0157394e-08,0.0
0.655,0.1,0.1,0.3,0.084930256,0.100881144,0.29427665,5.737952,-4.0831218e-08,0.0
0.66,0.1,0.1,0.3,0.08210822,0.10161228,0.29414085,5.7620645,-3.610668e-08,0.0
0.665,0.1,0.1,0.3,0.09682385,0.08975829,0.29441276,5.790969,-1.859207e-08,0.0
0.67,0.1,0.1,0.3,0.091144994,0.09402569,0.29441667,5.7259574,2.1986883e-09,0.0
0.675,0.1,0.1,0.3,0.09253013,0.09801852,0.29456615,5.715371,6.813267e-09,0.0
0.68,0.1,0.1,0.3,0.090229765,0.09652986,0.2946643,5.643808,-9.638765e-09,0.0
0.685,0.1,0.1,0.3,0.086547114,0.09824279,0.29483572,5.6198525,1.2878372e-08,0.0
0.6900000000000001,0.1,0.1,0.3,0.08287102,0.095524505,0.29459938,5.6907296,9.187023e-09,0.0
0.6950000000000001,0.1,0.1,0.3,0.0747507,0.100959085,0.29470286,5.7728066,-5.1205763e-08,0.0
0.7000000000000001,0.1,0.1,0.3,0.09118726,0.09928047,0.2947727,5.7799134,1.9309238e-10,0.0
0.705,0.1,0.1,0.3,0.094719715,0.09833954,0.29480255,5.642688,-1.6644204e-08,0.0
0.71,0.1,0.1,0.3,0.09519904,0.099764325,0.29513457,5.414041,5.0287285e-09,0.0
0.715,0.1,0.1,0.3,0.08736147,0.097697265,0.29495826,5.166682,1.7007768e-08,0.0
0.72,0.1,0.1,0.3,0.08694423,0.10524097,0.29477444,5.0699368,4.1385032e-08,0.0
0.725,0.1,0.1,0.3,0.093876556,0.091770746,0.2950778,5.1498537,6.5290986e-09,0.0
0.73,0.1,0.1,0.3,0.09716094,0.09519329,0.29477218,5.201486,-2.5578488e-09,0.0
0.735,0.1,0.1,0.3,0.09457505,0.093811005,0.29457325,5.1752615,-1.4820576e-08,0.0
0.74,0.1,0.1,0.3,0.10058262,0.08757618,0.2945139,5.2831464,-3.422858e-08,0.0
0.745,0.1,0.1,0.3,0.09915266,0.0878661,0.29477358,5.4019566,-2.3308134e-08,0.0
0.75,0.1,0.1,0.3,0.110257514,0.08573292,0.29501674,5.6242228,5.475233e-10,0.0
0.755,0.1,0.1,0.3,0.11334793,0.078578286,0.2950554,5.8527293,4.7732422e-09,0.0
0.76,0.1,0.1,0.3,0.101758465,0.08640956,0.29504988,6.0065346,5.439839e-09,0.0
0.765,0.1,0.1,0.3,0.100447856,0.081651546,0.29510728,6.2349434,2.0043098e-08,0.0
0.77,0.1,0.1,0.3,0.0908077,0.09105607,0.2952987,6.5461745,2.3487716e-09,0.0
0.775,0.1,0.1,0.3,0.1003789,0.08501735,0.2955746,6.8037887,1.1713779e-08,0.0
0.78,0.1,0.1,0.3,0.0891382,0.092797525,0.29578033,6.8319707,8.409215e-09,0.0
0.785,0.1,0.1,0.3,0.08582434,0.09553427,0.29556826,6.7564597,6.689592e-09,0.0
0.79,0.1,0.1,0.3,0.096652724,0.08846653,0.29556662,6.6548095,1.22407675e-08,0.0
0.795,0.1,0.1,0.3,0.08648826,0.09660998,0.29578388,6.4181304,-2.1611509e-08,0.0
0.8,0.1,0.1,0.3,0.09076244,0.09380213,0.29552758,6.181156,1.1058005e-09,0.0
0.805,0.1,0.1,0.3,0.0881591,0.095770024,0.29531977,5.8769917,-1.15098615e-08,0.0
0.81,0.1,0.1,0.3,0.0870406,0.09724852,0.2955562,5.6467843,8.607574e-09,0.0
0.8150000000000001,0.1,0.1,0.3,0.096119426,0.09003341,0.2955758,5.5713196,8.859959e-09,0.0
0.8200000000000001,0.1,0.1,0.3,0.086766794,0.0957372,0.2958432,5.480145,3.4604735e-09,0.0
0.8250000000000001,0.1,0.1,0.3,0.089063205,0.09361124,0.29606873,5.4491024,1.6130282e-10,0.0
0.8300000000000001,0.1,0.1,0.3,0.08693412,0.08929043,0.2961192,5.360951,-6.4478254e-09,0.0
0.835,0.1,0.1,0.3,0.0824482,0.098119594,0.29586852,5.3271565,1.457398e-09,0.0
0.84,0.1,0.1,0.3,0.078227416,0.097647145,0.29600418,5.3832097,-9.152537e-09,0.0
0.845,0.1,0.1,0.3,0.09545559,0.09451317,0.29559696,5.445454,-2.6510418e-09,0.0
0.85,0.1,0.1,0.3,0.091080055,0.09444545,0.2955009,5.422668,-7.074188e-10,0.0
0.855,0.1,0.1,0.3,0.08760913,0.09411206,0.29561603,5.4704676,-1.504587e-08,0.0
0.86,0.1,0.1,0.3,0.08597065,0.09191493,0.29528633,5.6178823,1.2392389e-08,0.0
0.865,0.1,0.1,0.3,0.08537628,0.09168526,0.29528284,5.7869964,2.7865093e-08,0.0
0.87,0.1,0.1,0.3,0.086737655,0.09168373,0.2949805,5.937485,1.5615475e-08,0.0
0.875,0.1,0.1,0.3,0.09972309,0.09087403,0.29453492,5.888111,1.3478522e-08,0.0
0.88,0.1,0.1,0.3,0.08500387,0.09703562,0.293742,5.700656,-2.6661898e-08,0.0
0.885,0.1,0.1,0.3,0.078974694,0.095208645,0.2935277,5.5716624,-4.555558e-08,0.0
0.89,0.1,0.1,0.3,0.07065589,0.101367205,0.29277882,5.4992847,-1.750142e-08,0.0
0.895,0.1,0.1,0.3,0.07586201,0.10084131,0.29254144,5.389591,-2.3769017e-08,0.0
0.9,0.1,0.1,0.3,0.06631293,0.10990029,0.29184785,5.1139317,-7.782766e-09,0.0
0.905,0.1,0.1,0.3,0.08598574,0.0945417,0.29101905,4.788909,-1.6482122e-08,0.0
0.91,0.1,0.1,0.3,0.07578904,0.091867745,0.29083696,4.487749,2.2258991e-08,0.0
0.915,0.1,0.1,0.3,0.085442424,0.08779416,0.29105085,4.325382,-2.7161493e-08,0.0
0.92,0.1,0.1,0.3,0.082184345,0.08828811,0.2912598,4.2267222,-7.984808e-09,0.0
0.925,0.1,0.1,0.3,0.08651015,0.09673305,0.29114515,4.282845,1.4563292e-08,0.0
0.93,0.1,0.1,0.3,0.094913796,0.08920638,0.2912879,4.3653846,-3.8831153e-08,0.0
0.935,0.1,0.1,0.3,0.089058325,0.09516918,0.29111835,4.4323897,2.9418676e-09,0.0
0.9400000000000001,0.1,0.1,0.3,0.09625214,0.089014605,0.2913182,4.6513124,-4.386658e-09,0.0
0.9450000000000001,0.1,0.1,0.3,0.10302891,0.08405902,0.29177022,4.881683,1.8400204e-08,0.0
0.9500000000000001,0.1,0.1,0.3,0.0975876,0.08762092,0.29227412,5.060455,3.5843246e-09,0.0
0.9550000000000001,0.1,0.1,0.3,0.10232424,0.085027725,0.2917366,5.364078,2.1338732e-08,0.0
0.96,0.1,0.1,0.3,0.10279561,0.08421051,0.29203254,5.626409,1.7531221e-08,0.0
0.965,0.1,0.1,0.3,0.09327435,0.09138619,0.2920326,5.74609,-1.0788965e-09,0.0
0.97,0.1,0.1,0.3,0.0943356,0.090954065,0.29190823,5.889927,1.6273786e-08,0.0
0.975,0.1,0.1,0.3,0.09032715,0.09170509,0.2921822,5.9165297,2.204187e-08,0.0
0.98,0.1,0.1,0.3,0.08461166,0.09717086,0.2923746,5.9304643,1.3559319e-08,0.0
0.985,0.1,0.1,0.3,0.09075331,0.093786195,0.2923665,5.97614,1.2294326e-09,0.0
0.99,0.1,0.1,0.3,0.08716046,0.0959957,0.29269156,5.8774157,-1.4422705e-08,0.0
0.995,0.1,0.1,0.3,0.09056586,0.09348266,0.29293296,5.780137,-1.9842752e-09,0.0
1.0,0.1,0.1,0.3,0.07753725,0.10370239,0.29315138,5.616635,-1.2394158e-08,0.0
1.0050000000000001,0.1,0.1,0.3,0.08229533,0.10013607,0.29309902,5.435667,1.3230382e-08,0.0
1.01,0.1,0.1,0.3,0.07884779,0.10195027,0.29327935,5.172016,-2.558736e-08,0.0
1.0150000000000001,0.1,0.1,0.3,0.07814738,0.10108146,0.2937047,4.9632983,-6.394955e-09,0.0
1.02,0.1,0.1,0.3,0.09312826,0.08419674,0.29382625,4.8881187,4.0765897e-09,0.0
1.025,0.1,0.1,0.3,0.09145613,0.087316796,0.2942237,4.8327756,-7.0316736e-10,0.0
1.03,0.1,0.1,0.3,0.10080532,0.08532339,0.2941384,4.933645,1.1035878e-08,0.0
1.035,0.1,0.1,0.3,0.08893899,0.08434203,0.29414475,5.083486,2.5719433e-09,0.0
1.04,0.1,0.1,0.3,0.097921394,0.081411555,0.29419315,5.290445,1.8712779e-08,0.0
1.045,0.1,0.1,0.3,0.08747078,0.08905918,0.29419392,5.440397,5.1378785e-10,0.0
1.05,0.1,0.1,0.3,0.08963946,0.09106848,0.29417473,5.586436,1.01178035e-08,0.0
1.055,0.1,0.1,0.3,0.08177041,0.098533265,0.2942705,5.602857,1.7713838e-08,0.0
1.06,0.1,0.1,0.3,0.07613743,0.10224549,0.29423764,5.571046,-5.3606364e-09,0.0
1.065,0.1,0.1,0.3,0.08072077,0.10562441,0.2946338,5.531965,3.0595363e-08,0.0
1.07,0.1,0.1,0.3,0.07964829,0.1085094,0.2945687,5.33773,-1.0874764e-08,0.0
1.075,0.1,0.1,0.3,0.081139565,0.110203974,0.2944562,5.154581,2.1799192e-08,0.0
1.08,0.1,0.1,0.3,0.09812235,0.096053936,0.2946338,4.924395,5.2849387e-08,0.0
1.085,0.1,0.1,0.3,0.09838728,0.09276513,0.29459327,4.713475,-8.7867785e-10,0.0
1.09,0.1,0.1,0.3,0.09002305,0.095565654,0.29479423,4.5941033,9.697059e-09,0.0
1.095,0.1,0.1,0.3,0.08618005,0.090416044,0.29491666,4.686473,3.009374e-09,0.0
1.1,0.1,0.1,0.3,0.0906258,0.08596054,0.29544783,4.949721,2.027118e-08,0.0
1.105,0.1,0.1,0.3,0.09358683,0.091258444,0.29537526,5.1286287,1.1280602e-08,0.0
1.11,0.1,0.1,0.3,0.09452481,0.09472309,0.29536232,5.166088,-3.5425554e-08,0.0
1.115,0.1,0.1,0.3,0.09146449,0.10446856,0.29541102,5.1172605,-9.136734e-09,0.0
1.12,0.1,0.1,0.3,0.09055816,0.10145956,0.29563394,5.189162,2.326855e-09,0.0
1.125,0.1,0.1,0.3,0.07951048,0.1010069,0.29527277,5.412817,1.6333434e-08,0.0
1.1300000000000001,0.1,0.1,0.3,0.07775655,0.10302316,0.29533145,5.6223097,-1.4268027e-08,0.0
1.135,0.1,0.1,0.3,0.084936194,0.105469264,0.29511142,5.7427406,4.909033e-10,0.0
1.1400000000000001,0.1,0.1,0.3,0.079318784,0.102776125,0.29474455,5.6582527,-2.7685315e-08,0.0
1.145,0.1,0.1,0.3,0.073674954,0.1049328,0.29465896,5.517288,-1.4925833e-08,0.0
1.1500000000000001,0.1,0.1,0.3,0.076332316,0.09967485,0.29382926,5.383123,-2.3528846e-09,0.0
1.155,0.1,0.1,0.3,0.089569524,0.094726466,0.29319918,5.106089,-4.7115098e-08,0.0
1.16,0.1,0.1,0.3,0.09252559,0.09394352,0.29245648,4.7733645,3.9665633e-08,0.0
1.165,0.1,0.1,0.3,0.0989725,0.090800814,0.29224914,4.5031114,-2.6393385e-08,0.0
1.17,0.1,0.1,0.3,0.0975187,0.0857045,0.29170322,4.356378,9.195646e-09,0.0
1.175,0.1,0.1,0.3,0.101766415,0.0844857,0.29152516,4.515947,2.53715e-08,0.0
1.18,0.1,0.1,0.3,0.09789477,0.089898326,0.29117432,4.786331,3.922403e-09,0.0
1.185,0.1,0.1,0.3,0.08610882,0.09348326,0.29119745,5.181212,5.90586e-09,0.0
1.19,0.1,0.1,0.3,0.085143365,0.0983674,0.29146898,5.6123967,7.747209e-09,0.0
1.195,0.1,0.1,0.3,0.078034624,0.10612598,0.29153353,5.962999,1.5069078e-08,0.0
1.2,0.1,0.1,0.3,0.07514415,0.10341304,0.2916608,6.1621175,-1.1553883e-09,0.0
1.205,0.1,0.1,0.3,0.082141824,0.09594773,0.29210424,6.19098,4.320256e-09,0.0
1.21,0.1,0.1,0.3,0.09360609,0.08478726,0.29197815,5.973031,1.5909375e-08,0.0
1.215,0.1,0.1,0.3,0.08537596,0.08693191,0.29212737,5.6170907,-1.9428862e-08,0.0
1.22,0.1,0.1,0.3,0.07390764,0.09631315,0.29265922,5.3736835,-6.5231056e-09,0.0
1.225,0.1,0.1,0.3,0.090841554,0.08794664,0.29255953,5.2173586,6.1954966e-09,0.0
1.23,0.1,0.1,0.3,0.101278074,0.08079136,0.29246104,5.0340843,-4.716927e-08,0.0
1.235,0.1,0.1,0.3,0.10866271,0.07362562,0.2930658,4.8858986,2.5294487e-08,0.0
1.24,0.1,0.1,0.3,0.10804776,0.077002265,0.29310343,4.8574896,1.2595506e-08,0.0
1.245,0.1,0.1,0.3,0.11463766,0.07452008,0.29287913,5.1422806,2.8482393e-08,0.0
1.25,0.1,0.1,0.3,0.09970913,0.086166844,0.29342306,5.531678,5.5751115e-09,0.0
1.2550000000000001,0.1,0.1,0.3,0.09667544,0.08919679,0.2934301,5.9645505,4.126751e-08,0.0
1.26,0.1,0.1,0.3,0.09909615,0.087761745,0.29339787,6.408514,1.5100184e-08,0.0
1.2650000000000001,0.1,0.1,0.3,0.09645996,0.09009355,0.2935213,6.6162686,6.8890342e-09,0.0
1.27,0.1,0.1,0.3,0.101857215,0.086447306,0.2935196,6.731048,3.6562358e-09,0.0
1.2750000000000001,0.1,0.1,0.3,0.1049209,0.083598405,0.2935794,6.701624,2.1919226e-09,0.0
1.28,0.1,0.1,0.3,0.105222434,0.08320421,0.29372886,6.514118,-5.497204e-09,0.0
1.285,0.1,0.1,0.3,0.0955946,0.09091412,0.29360965,6.2532973,2.903166e-10,0.0
1.29,0.1,0.1,0.3,0.09499964,0.091330364,0.29376113,6.1076255,-3.1697205e-09,0.0
1.295,0.1,0.1,0.3,0.09551926,0.09035782,0.29414433,6.1217623,-3.9894837e-10,0.0
1.3,0.1,0.1,0.3,0.083228804,0.09672068,0.29483327,6.052141,-3.2833638e-09,0.0
1.305,0.1,0.1,0.3,0.095483184,0.09838179,0.29468474,5.940504,-4.9589697e-09,0.0
1.31,0.1,0.1,0.3,0.09025576,0.10253725,0.294756,5.76092,-2.2122133e-08,0.0
1.315,0.1,0.1,0.3,0.07371044,0.10892345,0.2950227,5.65825,6.8772654e-09,0.0
1.32,0.1,0.1,0.3,0.07162888,0.1051675,0.2951752,5.577344,-1.2253098e-08,0.0
1.325,0.1,0.1,0.3,0.0804193,0.10101035,0.29496938,5.4434443,1.2463498e-08,0.0
1.33,0.1,0.1,0.3,0.095159434,0.095246844,0.29445645,5.1767535,-1.4415647e-08,0.0
1.335,0.1,0.1,0.3,0.08573375,0.100775465,0.29451403,4.8871875,-8.871546e-09,0.0
1.34,0.1,0.1,0.3,0.06907311,0.11114306,0.29491812,4.7867465,-3.9786987e-09,0.0
1.345,0.1,0.1,0.3,0.0791197,0.100941226,0.2947905,4.7641153,-8.023838e-09,0.0
1.35,0.1,0.1,0.3,0.07756255,0.10722841,0.29474822,4.6386995,2.5788147e-08,0.0
1.355,0.1,0.1,0.3,0.089405455,0.090634845,0.29502726,4.5670896,7.473455e-09,0.0
1.36,0.1,0.1,0.3,0.076790094,0.093910605,0.2948723,4.529023,-1.8387153e-09,0.0
1.365,0.1,0.1,0.3,0.08935984,0.086942606,0.2950102,4.5565586,4.0298804e-09,0.0
1.37,0.1,0.1,0.3,0.07924269,0.095354974,0.29443982,4.5828323,8.697226e-10,0.0
1.375,0.1,0.1,0.3,0.09105191,0.08936634,0.29397318,4.6649256,-6.799309e-09,0.0
1.3800000000000001,0.1,0.1,0.3,0.09428754,0.08701723,0.29381946,4.7309155,-1.0862039e-08,0.0
1.385,0.1,0.1,0.3,0.09601531,0.0890739,0.29304284,4.7477217,6.1860317e-09,0.0
1.3900000000000001,0.1,0.1,0.3,0.088500686,0.09976388,0.2926223,4.7493877,2.6813225e-08,0.0
1.395,0.1,0.1,0.3,0.095059305,0.09986705,0.29218858,4.882414,-1.6629368e-08,0.0
1.4000000000000001,0.1,0.1,0.3,0.088854775,0.100467674,0.29161498,5.014055,-2.0472982e-08,0.0
1.405,0.1,0.1,0.3,0.087996,0.10732845,0.29098493,5.199832,4.2203247e-08,0.0
1.41,0.1,0.1,0.3,0.08980976,0.099989325,0.2911647,5.4659023,-9.700412e-09,0.0
1.415,0.1,0.1,0.3,0.09686128,0.09532618,0.2913375,5.5822306,-1.1527906e-09,0.0
1.42,0.1,0.1,0.3,0.098847106,0.09467278,0.29122892,5.5393796,-4.502933e-10,0.0
1.425,0.1,0.1,0.3,0.08894427,0.099440694,0.2916885,5.425522,-1.2616462e-09,0.0
1.43,0.1,0.1,0.3,0.084609,0.09714257,0.29153544,5.4091845,2.9347422e-09,0.0
1.435,0.1,0.1,0.3,0.09315191,0.10060656,0.29131404,5.4902596,1.9925507e-10,0.0
1.44,0.1,0.1,0.3,0.111292385,0.08348219,0.29170057,5.483938,-4.9433986e-09,0.0
1.445,0.1,0.1,0.3,0.1057997,0.09089206,0.29186615,5.4636736,-2.4543998e-09,0.0
1.45,0.1,0.1,0.3,0.10340457,0.08611151,0.29264072,5.6658225,1.9977625e-08,0.0
1.455,0.1,0.1,0.3,0.09070137,0.09349218,0.29279393,6.0633526,6.938727e-09,0.0
1.46,0.1,0.1,0.3,0.09949617,0.08979152,0.2928274,6.442663,3.0848066e-09,0.0
1.465,0.1,0.1,0.3,0.08986768,0.086274736,0.29315463,6.586418,2.8037923e-09,0.0
1.47,0.1,0.1,0.3,0.0973106,0.08234687,0.29340425,6.6174397,7.1430715e-09,0.0
1.475,0.1,0.1,0.3,0.08323478,0.088391304,0.29370603,6.495332,-1.2499154e-08,0.0
1.48,0.1,0.1,0.3,0.09526433,0.08821667,0.29360855,6.305948,-3.6923857e-09,0.0
1.485,0.1,0.1,0.3,0.08727979,0.09907291,0.2938859,6.0335307,-4.4768868e-08,0.0
1.49,0.1,0.1,0.3,0.08745937,0.09056219,0.29405764,5.816698,-1.7602693e-10,0.0
1.495,0.1,0.1,0.3,0.08542386,0.090538494,0.2940395,5.55217,2.1665703e-09,0.0
1.5,0.1,0.1,0.3,0.088916674,0.08436853,0.29466024,5.3580084,-6.332941e-09,0.0
1.5050000000000001,0.1,0.1,0.3,0.086018205,0.10009086,0.29458645,5.16511,5.6496813e-10,0.0
1.51,0.1,0.1,0.3,0.0899948,0.09912502,0.29445073,5.0762744,-4.50556e-08,0.0
1.5150000000000001,0.1,0.1,0.3,0.08786597,0.097809635,0.2946336,4.9954634,-2.4706337e-08,0.0
1.52,0.1,0.1,0.3,0.10627705,0.094514675,0.29452,5.021258,1.7961898e-09,0.0
1.5250000000000001,0.1,0.1,0.3,0.09190901,0.08917964,0.2947764,5.1280346,9.976148e-09,0.0
1.53,0.1,0.1,0.3,0.09868346,0.08851797,0.29451197,5.341307,1.730158e-08,0.0
1.5350000000000001,0.1,0.1,0.3,0.10114157,0.09287381,0.29468772,5.5033617,1.9669567e-08,0.0
1.54,0.1,0.1,0.3,0.10291759,0.09381183,0.29463547,5.5511994,2.46585e-09,0.0
1.545,0.1,0.1,0.3,0.08885913,0.10178731,0.29455218,5.532064,-3.7506975e-08,0.0
1.55,0.1,0.1,0.3,0.09008835,0.09935778,0.2945338,5.5744686,-1.1012532e-08,0.0
1.555,0.1,0.1,0.3,0.10106741,0.09492752,0.29418015,5.529479,2.584625e-08,0.0
1.56,0.1,0.1,0.3,0.09865133,0.09012779,0.2936042,5.4067106,-2.6196261e-08,0.0
1.565,0.1,0.1,0.3,0.09674056,0.086780146,0.29315847,5.461819,2.2989664e-08,0.0
1.57,0.1,0.1,0.3,0.078029476,0.096238784,0.29299822,5.707977,8.758806e-09,0.0
1.575,0.1,0.1,0.3,0.0781134,0.09239107,0.2932629,5.9065633,2.5845509e-08,0.0
1.58,0.1,0.1,0.3,0.0860461,0.08853216,0.2928003,5.8177614,-1.847692e-08,0.0
1.585,0.1,0.1,0.3,0.0681582,0.10147642,0.2925504,5.5084167,-2.2025548e-08,0.0
1.59,0.1,0.1,0.3,0.07477329,0.102804504,0.29220524,5.156787,1.7585787e-08,0.0
1.595,0.1,0.1,0.3,0.08045131,0.097681016,0.2920097,4.7324033,1.7926062e-08,0.0
1.6,0.1,0.1,0.3,0.082107976,0.09352028,0.2920178,4.2892585,-1.9327455e-08,0.0
1.605,0.1,0.1,0.3,0.09108309,0.09086959,0.29237854,3.916408,-4.4240496e-09,0.0
1.61,0.1,0.1,0.3,0.091563374,0.09111636,0.29243615,3.6994207,-4.632416e-09,0.0
1.615,0.1,0.1,0.3,0.083970346,0.0968131,0.29265,3.6475756,7.453004e-09,0.0
1.62,0.1,0.1,0.3,0.08565659,0.09516275,0.2929972,3.8430493,3.07827e-08,0.0
1.625,0.1,0.1,0.3,0.08378092,0.09589261,0.29302356,4.079573,2.7159807e-08,0.0
1.6300000000000001,0.1,0.1,0.3,0.08119651,0.09401034,0.29320204,4.3910637,1.339258e-08,0.0
1.635,0.1,0.1,0.3,0.07889537,0.09752296,0.29354665,4.7770047,3.7905163e-08,0.0
1.6400000000000001,0.1,0.1,0.3,0.084239684,0.088512234,0.29363737,5.137129,2.6041796e-08,0.0
1.645,0.1,0.1,0.3,0.08814118,0.09042314,0.29390904,5.2916307,3.1448664e-09,0.0
1.6500000000000001,0.1,0.1,0.3,0.084663846,0.08845203,0.29376826,5.24339,-2.7173659e-09,0.0
1.655,0.1,0.1,0.3,0.09353771,0.084064245,0.29402253,5.229147,1.0281128e-08,0.0
1.6600000000000001,0.1,0.1,0.3,0.10095916,0.090144105,0.29408002,5.1971464,1.0340098e-09,0.0
1.665,0.1,0.1,0.3,0.09360501,0.09102702,0.29391414,5.139318,6.5986208e-09,0.0
1.67,0.1,0.1,0.3,0.089571655,0.09910311,0.29422757,5.2362313,1.3888749e-08,0.0
1.675,0.1,0.1,0.3,0.08691831,0.09714474,0.29435375,5.4702,2.074763e-08,0.0
1.68,0.1,0.1,0.3,0.09133732,0.092795216,0.29448846,5.7328224,1.3945766e-08,0.0
1.685,0.1,0.1,0.3,0.08133534,0.10010788,0.29457578,5.819049,-7.615862e-09,0.0
1.69,0.1,0.1,0.3,0.104031,0.08493255,0.29459321,5.810262,-4.085491e-09,0.0
1.695,0.1,0.1,0.3,0.10135634,0.08998158,0.29439664,5.7579694,4.811131e-09,0.0
1.7,0.1,0.1,0.3,0.10724862,0.09815305,0.29442897,5.8458066,1.9281599e-08,0.0
1.705,0.1,0.1,0.3,0.09399169,0.10353044,0.2947152,5.945889,-9.583235e-10,0.0
1.71,0.1,0.1,0.3,0.085258,0.10075222,0.2944995,6.071297,2.0509086e-09,0.0
1.715,0.1,0.1,0.3,0.07924893,0.106178045,0.29446453,6.1912713,-6.194354e-09,0.0
1.72,0.1,0.1,0.3,0.09156405,0.10248992,0.2943558,6.2173395,-5.6968017e-09,0.0
1.725,0.1,0.1,0.3,0.09081643,0.100250915,0.29361537,6.060078,-3.9589636e-08,0.0
1.73,0.1,0.1,0.3,0.089268364,0.09760524,0.29338336,5.928954,-2.1189424e-08,0.0
1.735,0.1,0.1,0.3,0.079800285,0.10387925,0.2930276,5.910353,5.6254326e-09,0.0
1.74,0.1,0.1,0.3,0.07984379,0.09574923,0.2930272,5.894017,2.628944e-08,0.0
1.745,0.1,0.1,0.3,0.07939366,0.0992726,0.29245627,5.677916,-3.0179223e-08,0.0
1.75,0.1,0.1,0.3,0.09375755,0.09123617,0.29189047,5.4325643,-2.8085687e-08,0.0
1.7550000000000001,0.1,0.1,0.3,0.08973377,0.09321725,0.2917,5.199189,-2.5159022e-08,0.0
1.76,0.1,0.1,0.3,0.08588914,0.0971729,0.29145235,5.119678,2.5191513e-08,0.0
1.7650000000000001,0.1,0.1,0.3,0.08676132,0.101310425,0.2915435,5.2061386,2.3961556e-08,0.0
1.77,0.1,0.1,0.3,0.09616936,0.09309824,0.29193863,5.2092805,-8.395512e-10,0.0
1.7750000000000001,0.1,0.1,0.3,0.08369744,0.098677754,0.29197004,5.1250544,-2.5156416e-10,0.0
1.78,0.1,0.1,0.3,0.08435066,0.09618477,0.29223698,5.121295,-3.3939833e-09,0.0
1.7850000000000001,0.1,0.1,0.3,0.07935973,0.10018846,0.29191038,5.0535455,-3.9404515e-09,0.0
1.79,0.1,0.1,0.3,0.08834601,0.08691525,0.29243428,4.99944,1.07833555e-08,0.0
1.795,0.1,0.1,0.3,0.097814865,0.088834174,0.29260758,4.9192386,-4.4843675e-09,0.0
1.8,0.1,0.1,0.3,0.1004506,0.08343,0.29312208,4.830718,-3.5277254e-09,0.0
1.805,0.1,0.1,0.3,0.08892186,0.09452745,0.29316008,4.7920995,-9.873945e-09,0.0
1.81,0.1,0.1,0.3,0.09798218,0.09010463,0.29334712,4.912733,1.5679657e-08,0.0
1.815,0.1,0.1,0.3,0.0786642,0.10206742,0.29336017,5.054858,1.05204006e-08,0.0
1.82,0.1,0.1,0.3,0.092620604,0.08767866,0.29371196,5.1795373,4.1758637e-09,0.0
1.825,0.1,0.1,0.3,0.0872655,0.08891637,0.29431176,5.2198544,-2.6991234e-09,0.0
1.83,0.1,0.1,0.3,0.09712096,0.07864748,0.29446125,5.303074,4.3957993e-09,0.0
1.835,0.1,0.1,0.3,0.09877334,0.086909354,0.29409528,5.3589478,1.342263e-09,0.0
1.84,0.1,0.1,0.3,0.092939675,0.09867205,0.2939665,5.335013,-1.3312645e-08,0.0
1.845,0.1,0.1,0.3,0.09842689,0.091247,0.29402223,5.416844,-4.9736393e-09,0.0
1.85,0.1,0.1,0.3,0.090647176,0.10281695,0.29419732,5.4849334,-3.642102e-09,0.0
1.855,0.1,0.1,0.3,0.099617876,0.09327681,0.29416385,5.5952983,6.176307e-09,0.0
1.86,0.1,0.1,0.3,0.08868792,0.09843124,0.2944092,5.6566973,-1.9094837e-10,0.0
1.865,0.1,0.1,0.3,0.0928795,0.09108095,0.2944825,5.7286105,4.4213464e-09,0.0
1.87,0.1,0.1,0.3,0.083838746,0.09629036,0.29482585,5.703408,3.5132401e-09,0.0
1.875,0.1,0.1,0.3,0.080094,0.0973523,0.2950451,5.6572037,-1.292476e-09,0.0
1.8800000000000001,0.1,0.1,0.3,0.07854129,0.10355947,0.29512107,5.6371937,-9.789523e-10,0.0
1.885,0.1,0.1,0.3,0.083927594,0.10228832,0.2952044,5.6116867,-2.9218639e-09,0.0
1.8900000000000001,0.1,0.1,0.3,0.0897951,0.08863123,0.2954402,5.445739,-4.668391e-09,0.0
1.895,0.1,0.1,0.3,0.06988791,0.10072502,0.29528686,5.1724463,-7.2829898e-09,0.0
1.9000000000000001,0.1,0.1,0.3,0.07998845,0.0906651,0.29534218,4.9117384,9.470028e-09,0.0
1.905,0.1,0.1,0.3,0.07988279,0.09715193,0.29532918,4.6185784,-1.5077996e-08,0.0
1.9100000000000001,0.1,0.1,0.3,0.08521962,0.09723552,0.2952441,4.4587183,-4.0109768e-08,0.0
1.915,0.1,0.1,0.3,0.07141213,0.104006074,0.2950372,4.356603,-5.2293156e-09,0.0
1.92,0.1,0.1,0.3,0.08344918,0.097792454,0.29466528,4.3081017,2.021273e-10,0.0
1.925,0.1,0.1,0.3,0.08495857,0.09541956,0.29437628,4.2560043,1.0392249e-08,0.0
1.93,0.1,0.1,0.3,0.08602789,0.09771795,0.29382285,4.1750255,-1.3762723e-09,0.0
1.935,0.1,0.1,0.3,0.092197046,0.093876146,0.29311404,4.0960865,5.0165476e-09,0.0
1.94,0.1,0.1,0.3,0.09450602,0.093879454,0.2924037,4.068988,-5.94586e-09,0.0
1.945,0.1,0.1,0.3,0.08961989,0.09755278,0.29201108,4.112965,-2.7769765e-08,0.0
1.95,0.1,0.1,0.3,0.09856137,0.0942422,0.2915788,4.3587627,-2.0311708e-08,0.0
1.955,0.1,0.1,0.3,0.09134667,0.09229859,0.29130667,4.657828,-2.5641452e-08,0.0
1.96,0.1,0.1,0.3,0.09734696,0.09277243,0.29082072,5.0301747,1.1349554e-08,0.0
1.965,0.1,0.1,0.3,0.103042655,0.078947134,0.29087496,5.3273883,-4.165262e-09,0.0
1.97,0.1,0.1,0.3,0.094550446,0.09043997,0.29102504,5.4955635,3.465686e-09,0.0
1.975,0.1,0.1,0.3,0.09543219,0.08999193,0.2910893,5.7140484,1.4831673e-08,0.0
1.98,0.1,0.1,0.3,0.1043356,0.09399511,0.29124466,5.825674,7.3199904e-09,0.0
1.985,0.1,0.1,0.3,0.088166974,0.0961414,0.29138505,5.808841,-7.3949833e-09,0.0
1.99,0.1,0.1,0.3,0.07684629,0.099051565,0.29144529,5.8209586,4.0368904e-09,0.0
1.995,0.1,0.1,0.3,0.07597399,0.10114168,0.29177514,5.813008,7.827762e-09,0.0
2.0,0.11483181,0.107047774,0.29266074,0.08645892,0.093269676,0.2919933,5.743338,-7.560876e-09,0.0
2.005,0.11483181,0.107047774,0.29266074,0.0954142,0.08681349,0.29227737,5.5367613,-1.257119e-08,0.0
2.0100000000000002,0.11483181,0.107047774,0.29266074,0.10547723,0.0909647,0.29253843,5.2652426,2.5466045e-09,0.0
2.015,0.11483181,0.107047774,0.29266074,0.10412144,0.09324833,0.29268166,5.0703335,-2.3110078e-09,0.0
2.02,0.12966365,0.114095524,0.2853215,0.08518321,0.09838205,0.29297742,5.177601,6.821836e-09,0.0
2.025,0.12966365,0.114095524,0.2853215,0.09344618,0.0870635,0.29296747,5.434487,1.1290102e-08,0.0
2.0300000000000002,0.12966365,0.114095524,0.2853215,0.1007867,0.08177212,0.29314923,5.560503,-4.309817e-09,0.0
2.035,0.12966365,0.114095524,0.2853215,0.0867732,0.09378366,0.29333422,5.56054,3.5972354e-09,0.0
2.04,0.14449543,0.1211433,0.27798226,0.0819131,0.09930949,0.2931914,5.5947385,-4.651467e-09,0.0
2.045,0.14449543,0.1211433,0.27798226,0.0930827,0.092720546,0.29332626,5.6582313,-3.2010075e-08,0.0
2.05,0.14449543,0.1211433,0.27798226,0.07861329,0.10466268,0.2933564,5.6107955,-6.141587e-09,0.0
2.055,0.14449543,0.1211433,0.27798226,0.09170847,0.09595514,0.29329354,5.523636,-5.2365494e-09,0.0
2.06,0.15932727,0.12819105,0.270643,0.09934369,0.08950385,0.2925622,5.3708153,-5.183337e-09,0.0
2.065,0.15932727,0.12819105,0.270643,0.10444247,0.08822826,0.29194185,5.1911006,-5.2574123e-09,0.0
2.07,0.15932727,0.12819105,0.270643,0.098157406,0.09621881,0.2916921,5.069057,-2.8769416e-09,0.0
2.075,0.15932727,0.12819105,0.270643,0.08891777,0.102971114,0.29023978,5.1746316,1.5240381e-08,0.0
2.08,0.17415908,0.13523883,0.26330376,0.08518218,0.101579815,0.28816718,5.4321437,-9.621953e-11,0.0
2.085,0.17415908,0.13523883,0.26330376,0.086255215,0.102325045,0.28677717,5.696455,2.4914721e-09,0.0
2.09,0.17415908,0.13523883,0.26330376,0.098778754,0.09261494,0.28484556,5.7487164,1.8706451e-08,0.0
2.095,0.17415908,0.13523883,0.26330376,0.10105224,0.09994541,0.28283688,5.6386633,-4.5672564e-08,0.0
2.1,0.18899089,0.14228658,0.25596452,0.10626508,0.098970324,0.2806637,5.484611,-2.0937905e-09,0.0
2.105,0.18899089,0.14228658,0.25596452,0.121352345,0.09227258,0.2784601,5.357999,1.5439072e-08,0.0
2.11,0.18899089,0.14228658,0.25596452,0.12542436,0.08968821,0.27572918,5.3690863,-1.4755131e-08,0.0
2.115,0.18899089,0.14228658,0.25596452,0.14005587,0.08439462,0.2732483,5.5393515,2.1280266e-08,0.0
2.12,0.20382272,0.14933436,0.24862526,0.13585028,0.094673075,0.27108875,5.8901534,1.8097387e-08,0.0
2.125,0.20382272,0.14933436,0.24862526,0.15093797,0.09560223,0.26856977,6.5859237,3.5192155e-08,0.0
2.13,0.20382272,0.14933436,0.24862526,0.15545523,0.1010039,0.26642027,7.379556,2.0730957e-08,0.0
2.1350000000000002,0.20382272,0.14933436,0.24862526,0.17117041,0.096927874,0.26461294,8.085939,5.3046384e-10,0.0
2.14,0.21865453,0.15638211,0.24128601,0.16518769,0.10815037,0.26228157,8.757693,1.2517471e-08,0.0
2.145,0.21865453,0.15638211,0.24128601,0.16347781,0.11673397,0.26010942,9.641911,4.1102954e-08,0.0
2.15,0.21865453,0.15638211,0.24128601,0.16019167,0.12350833,0.2581113,10.697193,4.2876774e-08,0.0
2.1550000000000002,0.21865453,0.15638211,0.24128601,0.16260022,0.13145158,0.25623652,11.736767,1.434976e-07,0.0
2.16,0.23348634,0.16342986,0.23394676,0.17591451,0.12646787,0.25415248,12.389157,2.4570376e-08,0.0
2.165,0.23348634,0.16342986,0.23394676,0.17558622,0.13104905,0.2525256,12.671833,-3.1981102e-09,0.0
2.17,0.23348634,0.16342986,0.23394676,0.16624264,0.14645922,0.25081155,13.037789,2.189763e-09,0.0
2.1750000000000003,0.23348634,0.16342986,0.23394676,0.17068712,0.14931054,0.24891965,13.517092,3.1371425e-08,0.0
2.18,0.24831815,0.17047763,0.22660752,0.17587124,0.14231054,0.246935,13.727287,6.512989e-09,0.0
2.185,0.24831815,0.17047763,0.22660752,0.18063906,0.14044411,0.24520029,13.638638,-4.91909e-09,0.0
2.19,0.24831815,0.17047763,0.22660752,0.18079448,0.14017527,0.24312618,13.4065895,-1.5362078e-08,0.0
2.195,0.24831815,0.17047763,0.22660752,0.18609984,0.14269678,0.24150957,13.114486,1.3516226e-08,0.0
2.2,0.26314998,0.1775254,0.21926828,0.19024149,0.14816806,0.24002421,12.838771,3.9284367e-09,0.0
2.205,0.26314998,0.1775254,0.21926828,0.20357893,0.14464636,0.23789425,12.637176,-5.4250777e-09,0.0
2.21,0.26314998,0.1775254,0.21926828,0.2034101,0.14982721,0.23622215,12.5937805,-1.7184968e-09,0.0
2.215,0.26314998,0.1775254,0.21926828,0.20683813,0.14552477,0.23470616,13.048432,2.3977915e-08,0.0
2.22,0.2779818,0.18457316,0.21192901,0.20705986,0.1522459,0.23301497,13.642342,5.2975775e-08,0.0
2.225,0.2779818,0.18457316,0.21192901,0.22151983,0.15745868,0.23131767,14.113943,1.5882193e-08,0.0
2.23,0.2779818,0.18457316,0.21192901,0.22818723,0.15532082,0.22984125,14.559441,3.8370462e-08,0.0
2.235,0.2779818,0.18457316,0.21192901,0.22857153,0.1508528,0.22810738,15.040897,4.2471225e-08,0.0
2.24,0.2928136,0.19162093,0.20458977,0.23232202,0.15838309,0.22655594,15.534006,2.9436086e-08,0.0
2.245,0.2928136,0.19162093,0.20458977,0.2311344,0.15551496,0.22516027,16.02302,4.562323e-08,0.0
2.25,0.2928136,0.19162093,0.20458977,0.23340192,0.15487233,0.22341716,16.871862,1.054875e-08,0.0
2.255,0.2928136,0.19162093,0.20458977,0.2430906,0.1601339,0.22150204,17.715738,4.4841638e-08,0.0
2.2600000000000002,0.3076454,0.19866869,0.19725052,0.24756819,0.1605512,0.22010222,18.362324,4.6854684e-08,0.0
2.265,0.3076454,0.19866869,0.19725052,0.24981576,0.16805318,0.21884835,18.892496,2.113877e-08,0.0
2.27,0.3076454,0.19866869,0.19725052,0.25449377,0.17839855,0.21723314,19.338118,3.287536e-08,0.0
2.275,0.3076454,0.19866869,0.19725052,0.26751432,0.17901799,0.21530053,19.732391,3.4624744e-08,0.0
2.2800000000000002,0.32247722,0.20571646,0.18991126,0.269076,0.1802902,0.21394679,20.153296,2.8573997e-08,0.0
2.285,0.32247722,0.20571646,0.18991126,0.27507722,0.18423887,0.21184221,20.609701,4.616947e-08,0.0
2.29,0.32247722,0.20571646,0.18991126,0.28272256,0.18708394,0.21010023,21.096546,3.3972903e-08,0.0
2.295,0.32247722,0.20571646,0.18991126,0.28400993,0.18300658,0.20861371,21.630304,3.0204983e-08,0.0
2.3000000000000003,0.33730906,0.21276422,0.18257202,0.2840255,0.1853625,0.2067438,22.189165,3.984825e-08,0.0
2.305,0.33730906,0.21276422,0.18257202,0.2954085,0.18692112,0.20530038,22.734743,4.2878806e-08,0.0
2.31,0.33730906,0.21276422,0.18257202,0.28709146,0.18846609,0.20385931,23.298052,4.5990635e-08,0.0
2.315,0.33730906,0.21276422,0.18257202,0.29594883,0.19055098,0.20204473,24.300083,5.461352e-08,0.0
2.32,0.35214087,0.21981199,0.17523277,0.29627064,0.19250958,0.20040144,25.320925,0.009969978,0.0
2.325,0.35214087,0.21981199,0.17523277,0.29989442,0.19386552,0.19917627,26.078333,0.05457175,0.0
2.33,0.35214087,0.21981199,0.17523277,0.3034986,0.1961756,0.1973859,26.662909,0.049480874,0.0
2.335,0.35214087,0.21981199,0.17523277,0.31458172,0.1984942,0.19542216,27.135365,2.9097281e-08,0.0
2.34,0.36697268,0.22685975,0.1678935,0.320953,0.20050074,0.1936778,27.568808,2.2032486e-08,0.0
2.345,0.36697268,0.22685975,0.1678935,0.32396197,0.20200264,0.19269349,28.028244,3.648062e-08,0.0
2.35,0.36697268,0.22685975,0.1678935,0.31947213,0.20416781,0.19089638,28.518143,4.8759834e-08,0.0
2.355,0.36697268,0.22685975,0.1678935,0.33071744,0.20599602,0.18906754,29.516548,1.1978486e-07,0.0
2.36,0.3818045,0.2339075,0.16055426,0.3309569,0.20794676,0.18742608,30.59219,0.0032163493,0.0
2.365,0.3818045,0.2339075,0.16055426,0.33634675,0.2103519,0.1853538,31.441286,0.001839376,0.0
2.37,0.3818045,0.2339075,0.16055426,0.33379364,0.21229233,0.18359138,32.14017,8.363076e-08,0.0
2.375,0.3818045,0.2339075,0.16055426,0.33397308,0.21392196,0.18235624,33.26206,1.0666389e-07,0.0
2.38,0.39663634,0.24095528,0.15321502,0.3412105,0.21659186,0.18055488,34.323746,0.11162285,0.0
2.3850000000000002,0.39663634,0.24095528,0.15321502,0.34063125,0.21839878,0.1791612,35.063023,0.34750178,0.0
2.39,0.39663634,0.24095528,0.15321502,0.34421194,0.22006582,0.17786346,36.248215,2.5615408e-08,0.0
2.395,0.39663634,0.24095528,0.15321502,0.34647146,0.2227852,0.17605054,37.245903,0.1417913,0.0
2.4,0.41146812,0.24800302,0.14587577,0.34816676,0.2253032,0.17404711,37.871872,0.4704631,0.0
2.4050000000000002,0.41146812,0.24800302,0.14587577,0.35370344,0.22689056,0.17303596,38.245575,0.8546586,0.0
2.41,0.41146812,0.24800302,0.14587577,0.35412598,0.22926486,0.17133534,38.4614,1.1899042,0.0
2.415,0.41146812,0.24800302,0.14587577,0.35863626,0.23162287,0.16963653,38.566406,1.4269199,0.0
2.42,0.42629996,0.2550508,0.13853653,0.36565593,0.23346709,0.16812012,38.602814,1.522312,0.0
2.4250000000000003,0.42629996,0.2550508,0.13853653,0.37173322,0.2361036,0.16631626,38.627075,1.4175572,0.0
2.43,0.42629996,0.2550508,0.13853653,0.375467,0.23884659,0.16416971,38.670265,1.0834438,0.0
2.435,0.42629996,0.2550508,0.13853653,0.36862123,0.24040374,0.16302997,38.73083,0.52726114,0.0
2.44,0.44113177,0.26209858,0.13119727,0.37234795,0.24266613,0.16099896,39.308178,6.790619e-08,0.0
2.445,0.44113177,0.26209858,0.13119727,0.37904507,0.24485596,0.15870893,39.799084,0.12179242,0.0
2.45,0.44113177,0.26209858,0.13119727,0.37718654,0.24570276,0.15766744,39.98972,0.3616935,0.0
2.455,0.44113177,0.26209858,0.13119727,0.3886444,0.24686097,0.15619665,40.689342,4.2979472e-08,0.0
2.46,0.45596358,0.26914632,0.12385801,0.40516877,0.24827354,0.15423325,41.229042,0.17340507,0.0
2.465,0.45596358,0.26914632,0.12385801,0.4073229,0.24902153,0.15280122,41.469078,0.46664372,0.0
2.47,0.45596358,0.26914632,0.12385801,0.41402626,0.25009215,0.15133795,41.560085,0.7110752,0.0
2.475,0.45596358,0.26914632,0.12385801,0.41384175,0.25129426,0.1499033,41.588806,0.81255597,0.0
2.48,0.4707954,0.2761941,0.11651877,0.4135327,0.25269714,0.1482796,42.36619,-5.8099044e-08,0.0
2.485,0.4707954,0.2761941,0.11651877,0.41778848,0.25428188,0.14675754,43.628048,9.306052e-08,0.0
2.49,0.4707954,0.2761941,0.11651877,0.43242085,0.25657588,0.14489117,44.527287,0.3964174,0.0
2.495,0.4707954,0.2761941,0.11651877,0.4272274,0.25826627,0.14352329,44.847103,1.226711,0.0
2.5,0.4707954,0.2761941,0.11651877,0.42323178,0.25961515,0.14237861,45.637257,1.3132669,0.0
2.505,0.4707954,0.2761941,0.11651877,0.4270211,0.26200768,0.14085339,46.984394,0.585095,0.0
2.5100000000000002,0.4707954,0.2761941,0.11651877,0.43165773,0.2643666,0.13905434,47.694912,0.39531267,0.0
2.515,0.4707954,0.2761941,0.11651877,0.43957254,0.26634258,0.13733503,47.5857,0.9322036,0.0
2.52,0.44074878,0.42893302,0.060299423,0.44421548,0.26822597,0.13579081,47.044777,1.7463953,0.0
2.525,0.44074878,0.42893302,0.060299423,0.43842676,0.26996717,0.13407192,46.32391,2.5513923,0.0
2.5300000000000002,0.44074878,0.42893302,0.060299423,0.4427137,0.27136993,0.13256066,46.380844,2.2816672,0.0
2.535,0.44074878,0.42893302,0.060299423,0.44502383,0.2722724,0.13104814,46.431347,1.8432174,0.0
2.54,0.48616278,0.6,0.0004135609,0.4515924,0.27256072,0.1296682,46.06672,1.6890415,0.0
2.545,0.48616278,0.6,0.0004135609,0.44723254,0.27289408,0.1284043,45.52879,1.5415335,0.0
2.5500000000000003,0.48616278,0.6,0.0004135609,0.44492006,0.27382883,0.12738939,45.801285,0.302395,0.0
2.555,0.48616278,0.6,0.0004135609,0.44744772,0.2828551,0.12548393,46.572914,5.1379214e-08,0.0
2.56,0.5151917,0.6,0.0,0.4454862,0.29517978,0.12328278,46.905308,0.48734492,0.0
2.565,0.5151917,0.6,0.0,0.4471521,0.30430377,0.12154676,47.36556,0.6246302,0.0
2.57,0.5151917,0.6,0.0,0.45365763,0.31766796,0.11823238,47.31735,1.1377518,0.0
2.575,0.5151917,0.6,0.0,0.4479726,0.33749822,0.11264458,46.47921,2.3265648,0.0
2.58,0.54316664,0.6,0.0,0.45107985,0.35539845,0.1038305,45.957485,2.942027,0.0
2.585,0.54316664,0.6,0.0,0.45817202,0.37223,0.096344426,45.050877,3.7853086,0.0
2.59,0.54316664,0.6,0.0,0.45132488,0.39147544,0.07821229,43.475475,5.1591377,0.0
2.595,0.54316664,0.6,0.0,0.4601808,0.4083868,0.06691784,42.371143,5.782692,0.0
2.6,0.555329,0.6,0.0,0.46017554,0.42242616,0.059696823,41.079144,6.4115386,0.0
2.605,0.555329,0.6,0.0,0.45895854,0.43778497,0.042657655,39.274456,7.3973618,0.0
2.61,0.555329,0.6,0.0,0.46877468,0.44985676,0.034830213,38.111813,7.449342,0.0
2.615,0.555329,0.6,0.0,0.47714058,0.4598081,0.028088713,36.912445,7.3478684,0.0
2.62,0.6,0.6,0.0,0.48406577,0.47088376,0.026587127,35.349792,7.448717,0.0
2.625,0.6,0.6,0.0,0.48682502,0.48004583,0.01608889,33.69637,7.4411783,0.0
2.63,0.6,0.6,0.0,0.49649924,0.4869364,0.024697948,32.10545,7.154811,0.0
2.6350000000000002,0.6,0.6,0.0,0.5097232,0.49527693,0.030250546,30.71319,6.442305,0.0
2.64,0.5764289,0.6,0.0,0.5098663,0.5022639,0.029709699,29.625036,5.194281,0.0
2.645,0.5764289,0.6,0.0,0.51862824,0.50734603,0.022341277,28.813606,3.4508245,0.0
2.65,0.5764289,0.6,0.0,0.5148647,0.51428324,0.008538437,28.260937,1.2394378,0.0
2.6550000000000002,0.5764289,0.6,0.0,0.5222033,0.5202767,0.011307034,28.449131,4.3879748e-08,0.0
2.66,0.6,0.6,0.0,0.5187893,0.5241901,0.0061780615,28.705057,0.029620038,0.0
2.665,0.6,0.6,0.0,0.5289208,0.52899945,0.0062637534,29.540062,1.15845744e-07,0.0
2.67,0.6,0.6,0.0,0.5196394,0.533641,0.004353341,30.224535,0.31948003,0.0
2.6750000000000003,0.6,0.6,0.0,0.5271872,0.53678095,0.00056024437,31.266296,-4.8596047e-07,0.0
2.68,0.43264106,0.6,0.0,0.5238971,0.54025275,-0.0001725221,31.78248,0.52540374,0.0
2.685,0.43264106,0.6,0.0,0.52447575,0.5434113,0.0016595355,32.528667,0.5474668,0.0
2.69,0.43264106,0.6,0.0,0.5407237,0.5466588,-0.0077633243,32.774403,0.90186167,0.0
2.695,0.43264106,0.6,0.0,0.54038614,0.54904217,-0.007311888,32.27847,1.8442653,0.0
2.7,0.52051336,0.6,0.0,0.5389481,0.5521233,-0.007934249,32.472637,1.765662,0.0
2.705,0.52051336,0.6,0.0,0.5396079,0.5546827,-0.013001264,33.52171,0.51514155,0.0
2.71,0.52051336,0.6,0.0,0.5413666,0.55662185,-0.0097764665,33.85005,0.05304565,0.0
2.715,0.52051336,0.6,0.0,0.5458881,0.55913043,-0.009845059,33.215168,0.6620213,0.0
2.72,0.37826332,0.6,0.0,0.53892374,0.56106603,-0.014035595,32.137775,1.5204626,0.0
2.725,0.37826332,0.6,0.0,0.55152696,0.56292814,-0.0094721485,31.9178,1.1730156,0.0
2.73,0.37826332,0.6,0.0,0.5441093,0.5652199,-0.022701383,31.726288,0.5812638,0.0
2.735,0.37826332,0.6,0.0,0.5441512,0.5663105,-0.007906131,31.940353,1.2365152e-08,0.0
2.74,0.5201277,0.37838975,0.0,0.54342175,0.5674783,0.009394552,31.809875,0.43577874,0.0
2.745,0.5201277,0.37838975,0.0,0.5326987,0.5690688,0.0031600702,32.161194,0.09080848,0.0
2.75,0.5201277,0.37838975,0.0,0.530649,0.5711959,-0.011298982,32.97217,8.446756e-08,0.0
2.755,0.5201277,0.37838975,0.0,0.52061623,0.57202566,-0.008180331,33.993206,5.2011167e-08,0.0
2.7600000000000002,0.57813084,0.3214656,0.0,0.53896874,0.57193357,-0.004215204,34.996475,5.3978685e-08,0.0
2.765,0.57813084,0.3214656,0.0,0.5489042,0.57189864,-0.017424576,33.877525,2.1315696,0.0
2.77,0.57813084,0.3214656,0.0,0.5482425,0.571467,-0.015334768,30.721073,6.240799,0.0
2.775,0.57813084,0.3214656,0.0,0.5401213,0.5691183,-0.0117282765,27.811275,9.733248,0.0
2.7800000000000002,0.6,0.3598051,0.0,0.53044736,0.56690943,-0.0027038634,25.838291,11.876108,0.0
2.785,0.6,0.3598051,0.0,0.52596486,0.56587934,-0.0019127101,24.557781,12.981601,0.0
2.79,0.6,0.3598051,0.0,0.53488594,0.56353116,-0.0026617537,23.780666,13.287672,0.0
2.795,0.6,0.3598051,0.0,0.534462,0.56145364,-0.005999438,22.430151,13.99826,0.0
2.8000000000000003,0.4541034,0.6,0.0,0.53045535,0.560178,-0.01099914,21.496212,14.007921,0.0
2.805,0.4541034,0.6,0.0,0.53377634,0.5559546,-0.0076555093,21.416357,12.861489,0.0
2.81,0.4541034,0.6,0.0,0.53670675,0.54028213,-0.008986287,20.860397,12.048098,0.0
2.815,0.4541034,0.6,0.0,0.537687,0.52124745,-0.011334141,19.741861,11.645149,0.0
2.82,0.5825894,0.5493406,0.0,0.53094655,0.50717455,-0.023382775,18.630785,11.013006,0.0
2.825,0.5825894,0.5493406,0.0,0.5267848,0.4971197,-0.018097315,18.811277,8.740428,0.0
2.83,0.5825894,0.5493406,0.0,0.5221214,0.49047384,-0.022349108,20.28505,4.867061,0.0
2.835,0.5825894,0.5493406,0.0,0.52589804,0.4864543,-0.015914539,22.35092,0.19872332,0.0
2.84,0.47618517,0.32159042,0.0,0.5278544,0.4850581,-0.010118756,22.922787,0.272297,0.0
2.845,0.47618517,0.32159042,0.0,0.52643347,0.48398292,-0.010185803,22.71331,1.1036268,0.0
2.85,0.47618517,0.32159042,0.0,0.51988405,0.48291674,-0.008093161,23.118166,0.9825188,0.0
2.855,0.47618517,0.32159042,0.0,0.52516866,0.48386988,-0.0030694709,24.241713,-6.4199156e-08,0.0
2.86,0.3795744,0.6,0.0,0.5213743,0.48365894,-0.0046162284,25.398106,7.325092e-08,0.0
2.865,0.3795744,0.6,0.0,0.52935743,0.48410326,-0.0097553395,26.635612,1.4860639e-07,0.0
2.87,0.3795744,0.6,0.0,0.52655673,0.48321512,-0.011447031,27.806181,8.935529e-08,0.0
2.875,0.3795744,0.6,0.0,0.5191432,0.48189008,-0.009761282,28.866308,7.8146265e-08,0.0
2.88,0.42404625,0.6,0.0,0.5165964,0.48202378,-0.010534121,29.745247,3.8607393e-08,0.0
2.8850000000000002,0.42404625,0.6,0.0,0.51843,0.48231637,-0.0067993244,31.1523,1.2305371e-07,0.0
2.89,0.42404625,0.6,0.0,0.51991695,0.4836497,-0.015284631,32.288246,0.3960495,0.0
2.895,0.42404625,0.6,0.0,0.51530266,0.4830571,0.0048152735,32.713444,1.342099,0.0
2.9,0.37652168,0.35764036,0.0,0.50020146,0.48351327,-0.0031774587,32.714233,2.508305,0.0
2.9050000000000002,0.37652168,0.35764036,0.0,0.48076648,0.48490143,-0.01712237,33.307243,2.7597368,0.0
2.91,0.37652168,0.35764036,0.0,0.47345805,0.48467284,-0.015215132,34.43091,2.194764,0.0
2.915,0.37652168,0.35764036,0.0,0.4561999,0.48494107,-0.013441985,34.6777,2.4017103,0.0
2.92,0.43682396,0.4783987,0.0,0.45839673,0.48550275,-0.009688207,34.721745,2.605865,0.0
2.9250000000000003,0.43682396,0.4783987,0.0,0.4533092,0.485736,-0.018047547,34.15833,3.264377,0.0
2.93,0.43682396,0.4783987,0.0,0.4440111,0.48601153,-0.0061047236,33.725163,3.5393202,0.0
2.935,0.43682396,0.4783987,0.0,0.43606746,0.48475987,-0.015343411,33.758472,3.0725796,0.0
2.94,0.44711578,0.6,0.0,0.4259714,0.4842291,-0.010721415,33.031315,3.2471943,0.0
2.945,0.44711578,0.6,0.0,0.41706586,0.4829421,-0.00912268,31.38286,4.217419,0.0
2.95,0.44711578,0.6,0.0,0.4140602,0.48119983,-0.007011444,29.279104,5.4412837,0.0
2.955,0.44711578,0.6,0.0,0.4078614,0.48058125,-0.012391637,27.09068,6.4981136,0.0
2.96,0.5164414,0.5451518,0.0,0.41439965,0.47983694,-0.00923546,25.032331,7.152862,0.0
2.965,0.5164414,0.5451518,0.0,0.40264645,0.4794066,-0.011559337,22.487328,8.09706,0.0
2.97,0.5164414,0.5451518,0.0,0.40433845,0.4795523,-0.010621325,20.293545,8.387372,0.0
2.975,0.5164414,0.5451518,0.0,0.3961253,0.4783539,-0.006647957,19.051712,7.3820853,0.0
2.98,0.50412047,0.6,0.0,0.40031198,0.47872508,-0.011158115,18.380938,5.5359063,0.0
2.985,0.50412047,0.6,0.0,0.41669676,0.4789356,-0.011671042,18.19577,2.9597085,0.0
2.99,0.50412047,0.6,0.0,0.41566247,0.47777706,-0.017988496,18.434269,-1.0633323e-07,0.0
2.995,0.50412047,0.6,0.0,0.4124003,0.47789824,-0.009666138,18.367954,6.3057365e-10,0.0
3.0,0.5334351,0.5534048,0.0,0.41618967,0.47996762,-0.009647089,19.255222,8.922274e-08,0.0
3.005,0.5334351,0.5534048,0.0,0.41354167,0.48189166,-0.0032580863,20.415674,0.00028502883,0.0
3.0100000000000002,0.5334351,0.5534048,0.0,0.41273615,0.4840598,-0.012382488,21.957178,1.13732675e-07,0.0
3.015,0.5334351,0.5534048,0.0,0.41303977,0.4888686,-0.009268137,23.92102,1.8941448e-07,0.0
3.02,0.5694743,0.6,0.0,0.4206035,0.4965787,-0.0018113682,25.19518,0.5941556,0.0
3.025,0.5694743,0.6,0.0,0.42811784,0.5027562,-0.0043864986,25.534874,1.9689816,0.0
3.0300000000000002,0.5694743,0.6,0.0,0.42461005,0.5082035,-0.010032578,25.309507,3.695923,0.0
3.035,0.5694743,0.6,0.0,0.42390442,0.5142343,-0.0155335,25.570871,4.5986953,0.0
3.04,0.59378886,0.43379182,0.0,0.42272407,0.51841784,-0.009731512,26.43206,4.5799613,0.0
3.045,0.59378886,0.43379182,0.0,0.4281391,0.5228097,-0.0077340817,27.498486,4.1020837,0.0
3.0500000000000003,0.59378886,0.43379182,0.0,0.42664132,0.52859366,-0.008436421,27.73,4.333985,0.0
3.055,0.59378886,0.43379182,0.0,0.4271409,0.53297144,-0.011959413,27.848146,4.4523044,0.0
3.06,0.5461614,0.6,0.0,0.4359494,0.5355193,-0.015712455,27.419464,4.9478507,0.0
3.065,0.5461614,0.6,0.0,0.45249468,0.5363252,-0.0092254,26.338976,5.922008,0.0
3.0700000000000003,0.5461614,0.6,0.0,0.4593854,0.5366435,-0.0077006384,25.110384,6.8033943,0.0
3.075,0.5461614,0.6,0.0,0.47594053,0.5363271,-0.00881483,24.019096,7.2788043,0.0
3.08,0.55248874,0.34766647,0.0,0.48646873,0.5350843,-0.008266597,22.217789,8.296846,0.0
3.085,0.55248874,0.34766647,0.0,0.49354836,0.53459865,-0.008175813,19.833136,9.69343,0.0
3.09,0.55248874,0.34766647,0.0,0.49554515,0.53434825,-0.009930411,17.483835,10.773224,0.0
3.095,0.55248874,0.34766647,0.0,0.5043536,0.5348024,-0.0025688158,15.492001,11.1897955,0.0
3.1,0.52419865,0.50578856,0.0,0.5120203,0.53471416,0.0021332942,15.070759,9.624564,0.0
3.105,0.52419865,0.50578856,0.0,0.51383793,0.5338913,0.0005178757,15.182142,7.2798815,0.0
3.11,0.52419865,0.50578856,0.0,0.514518,0.5323901,-0.0039076274,15.129683,4.934905,0.0
3.115,0.52419865,0.50578856,0.0,0.5149777,0.5305735,0.005389139,15.009032,2.4816089,0.0
3.12,0.4808188,0.23980479,0.0,0.52396303,0.5306958,0.009116599,14.855976,-4.5331964e-07,0.0
3.125,0.4808188,0.23980479,0.0,0.5262863,0.52948946,-0.0038221623,15.199006,2.3182396e-08,0.0
3.13,0.4808188,0.23980479,0.0,0.52530813,0.52917665,-0.01842425,15.849433,0.030917397,0.0
3.1350000000000002,0.4808188,0.23980479,0.0,0.5327126,0.5283947,-0.0122529175,17.048386,1.4940568e-07,0.0
3.14,0.5435308,0.40902552,0.0,0.5284306,0.5268127,-0.017395439,18.04011,0.34006423,0.0
3.145,0.5435308,0.40902552,0.0,0.5206986,0.52187186,4.3110907e-05,19.371746,0.037586447,0.0
3.15,0.5435308,0.40902552,0.0,0.51360935,0.5161659,-0.0059332433,21.015537,1.4371196e-07,0.0
3.1550000000000002,0.5435308,0.40902552,0.0,0.5202803,0.5094384,-0.0029029315,22.707851,8.1592816e-08,0.0
3.16,0.52269876,0.2251922,0.0,0.514654,0.4928795,-0.013430963,23.361053,0.88640034,0.0
3.165,0.52269876,0.2251922,0.0,0.51935655,0.47140908,-0.00012097788,23.946875,1.5760657,0.0
3.17,0.52269876,0.2251922,0.0,0.517843,0.45455313,-0.005085738,24.118105,2.4697804,0.0
3.1750000000000003,0.52269876,0.2251922,0.0,0.51780546,0.43932602,-0.0032807793,24.728838,2.607836,0.0
3.18,0.4702107,0.5428923,0.0,0.51531565,0.42859644,-0.008656975,26.163342,1.5889332,0.0
3.185,0.4702107,0.5428923,0.0,0.5105116,0.42145047,-0.0074675516,27.994371,-1.2201258e-07,0.0
3.19,0.4702107,0.5428923,0.0,0.52207446,0.41103688,-0.004951551,29.617865,1.0731113e-07,0.0
3.1950000000000003,0.4702107,0.5428923,0.0,0.51388234,0.3971136,-0.004671247,30.404026,0.7206197,0.0
3.2,0.4396569,0.47874823,0.0,0.5046528,0.3863887,-0.011518625,31.254599,1.1137158,0.0
3.205,0.4396569,0.47874823,0.0,0.4992183,0.3825797,-0.007787262,32.56909,0.7506612,0.0
3.21,0.4396569,0.47874823,0.0,0.50974226,0.38209242,-0.008510535,34.008354,0.029683657,0.0
3.215,0.4396569,0.47874823,0.0,0.5037616,0.3821255,-0.010943976,34.424175,0.4468445,0.0
3.22,0.41605982,0.5442573,0.0,0.5038531,0.38418174,-0.0070045586,35.48278,-1.1642719e-07,0.0
3.225,0.41605982,0.5442573,0.0,0.50040656,0.38672096,-0.0066471356,36.524956,0.15734246,0.0
3.23,0.41605982,0.5442573,0.0,0.5028839,0.38854334,-0.01586366,37.98093,1.0954318e-07,0.0
3.235,0.41605982,0.5442573,0.0,0.50469595,0.3906973,-0.006201297,39.050205,0.44639575,0.0
3.24,0.34812117,0.6,0.0,0.49884304,0.3928839,-0.009593639,39.38475,1.4835378,0.0
3.245,0.34812117,0.6,0.0,0.49868375,0.3931207,-0.004147674,40.187653,1.7589413,0.0
3.25,0.34812117,0.6,0.0,0.49896306,0.39442128,-0.010656022,41.63469,1.1037819,0.0
3.255,0.34812117,0.6,0.0,0.4989517,0.4004764,-0.0059941355,42.342384,1.0854945,0.0
3.2600000000000002,0.39608115,0.58888817,0.0,0.50109017,0.40965638,-0.013888177,42.048805,1.9770906,0.0
3.265,0.39608115,0.58888817,0.0,0.49322343,0.41624683,-0.015316582,41.15058,3.3148983,0.0
3.27,0.39608115,0.58888817,0.0,0.49852252,0.4258948,-0.013689347,40.849636,3.7510266,0.0
3.275,0.39608115,0.58888817,0.0,0.49736398,0.44046903,-0.00822902,40.3693,4.1794915,0.0
3.2800000000000002,0.45028576,0.5734965,0.0,0.495845,0.4513531,-0.008003524,40.23365,4.0116587,0.0
3.285,0.45028576,0.5734965,0.0,0.48080444,0.46230683,-0.013405938,40.66962,3.01568,0.0
3.29,0.45028576,0.5734965,0.0,0.47684696,0.47482076,-0.004679662,41.191936,1.74982,0.0
3.295,0.45028576,0.5734965,0.0,0.46261758,0.48378038,-0.009675418,41.535706,0.5129521,0.0
3.3000000000000003,0.51386213,0.5666344,0.0,0.45460936,0.49142966,-0.008580775,41.449467,0.012785415,0.0
3.305,0.51386213,0.5666344,0.0,0.43981156,0.4995079,-0.011070413,40.982666,0.11650434,0.0
3.31,0.51386213,0.5666344,0.0,0.4336049,0.50528705,-0.010520854,40.198936,0.36204377,0.0
3.315,0.51386213,0.5666344,0.0,0.43664417,0.51024365,-0.0130511625,39.153942,0.6817055,0.0
3.3200000000000003,0.5666261,0.6,0.0,0.44837928,0.5160167,-0.007072219,37.15568,1.8430443,0.0
3.325,0.5666261,0.6,0.0,0.44317943,0.520371,-0.009606804,34.40472,3.590179,0.0
3.33,0.5666261,0.6,0.0,0.43968147,0.52369845,-0.011914166,32.313198,4.334052,0.0
3.335,0.5666261,0.6,0.0,0.4319011,0.52812153,-0.01664552,31.168003,3.788996,0.0
3.34,0.6,0.6,0.0,0.44471285,0.53191525,-0.002627251,30.59171,2.4058437,0.0
3.345,0.6,0.6,0.0,0.44973388,0.53502536,-0.005126802,29.572483,1.3285046,0.0
3.35,0.6,0.6,0.0,0.44501904,0.53936136,-0.008441902,28.030607,0.62870276,0.0
3.355,0.6,0.6,0.0,0.45358315,0.543932,-0.0073181014,26.995037,-4.3551854e-08,0.0
3.36,0.6,0.486168,0.0,0.46361986,0.54769665,-0.0044417605,25.955692,0.1404852,0.0
3.365,0.6,0.486168,0.0,0.4575106,0.5518059,-0.015228396,24.82888,0.13419743,0.0
3.37,0.6,0.486168,0.0,0.45561993,0.55577517,-0.022245627,24.440886,-4.915465e-09,0.0
3.375,0.6,0.486168,0.0,0.45703086,0.55829835,-0.016499506,24.86765,3.467654e-08,0.0
3.38,0.6,0.6,0.0,0.46029314,0.56022865,-0.012861256,24.999468,0.4015544,0.0
3.3850000000000002,0.6,0.6,0.0,0.46470094,0.5617772,-0.0052494346,24.568403,1.1770741,0.0
3.39,0.6,0.6,0.0,0.47389704,0.56312597,-0.0015645238,23.881899,1.9749562,0.0
3.395,0.6,0.6,0.0,0.46680835,0.5631625,-0.0031153536,23.184252,2.52325,0.0
3.4,0.6,0.5723728,0.0,0.45512113,0.56203943,0.0005001342,23.453783,1.7396919,0.0
3.4050000000000002,0.6,0.5723728,0.0,0.4541755,0.5619488,-0.006703526,23.508432,0.98043925,0.0
3.41,0.6,0.5723728,0.0,0.46633762,0.56089395,-0.0004598235,22.852772,0.7888016,0.0
3.415,0.6,0.5723728,0.0,0.48038217,0.56067526,0.00030942025,21.050394,1.6361597,0.0
3.42,0.6,0.6,0.0,0.4863503,0.559873,0.0020707343,18.49294,3.050288,0.0
3.4250000000000003,0.6,0.6,0.0,0.5015476,0.5599346,0.0012390664,15.904827,4.208265,0.0
3.43,0.6,0.6,0.0,0.50631416,0.5600855,-0.007403298,14.843887,3.38694,0.0
3.435,0.6,0.6,0.0,0.51572007,0.5600933,-0.0074128415,15.437542,0.50469214,0.0
3.44,0.6,0.36902994,0.0,0.51901156,0.5599876,-0.0041274466,16.40284,9.0906006e-08,0.0
3.4450000000000003,0.6,0.36902994,0.0,0.5247215,0.5603703,-0.016931973,16.918507,0.4943216,0.0
3.45,0.6,0.36902994,0.0,0.52588934,0.56058437,-0.01712225,17.80815,0.30374542,0.0
3.455,0.6,0.36902994,0.0,0.5376992,0.5602742,-0.0038659384,19.196095,3.8811347e-08,0.0
3.46,0.6,0.48231474,0.0,0.5312843,0.5599251,-0.005912329,19.771362,0.73891306,0.0
3.465,0.6,0.48231474,0.0,0.54001224,0.5599237,-0.0125111425,20.346535,1.205966,0.0
3.47,0.6,0.48231474,0.0,0.53945196,0.5592442,-0.019776443,20.348988,2.0542774,0.0
3.475,0.6,0.48231474,0.0,0.5547724,0.5580073,-7.599528e-05,20.579796,2.3767698,0.0
3.48,0.59432256,0.440569,0.0,0.556869,0.5566745,-0.013372409,20.476837,2.8206885,0.0
3.485,0.59432256,0.440569,0.0,0.56053436,0.55679613,-0.023932854,19.750772,3.6995914,0.0
3.49,0.59432256,0.440569,0.0,0.56035626,0.5551348,-0.021553019,19.861677,3.3789828,0.0
3.495,0.59432256,0.440569,0.0,0.55354625,0.553825,-0.02821378,21.000092,1.6840246,0.0
3.5,0.5567993,0.39469352,0.0,0.56215215,0.5540208,-0.02088164,22.425367,9.6244555e-08,0.0
3.505,0.5567993,0.39469352,0.0,0.5730263,0.5522477,-0.0041167503,23.675884,6.976598e-08,0.0
3.5100000000000002,0.5567993,0.39469352,0.0,0.57633084,0.54728174,0.009051513,23.988045,0.86833155,0.0
3.515,0.5567993,0.39469352,0.0,0.57272667,0.5426275,0.00047812326,23.283754,2.600368,0.0
3.52,0.40783566,0.37941703,0.0,0.58080053,0.5376087,0.0031371545,23.210224,3.3410451,0.0
3.525,0.40783566,0.37941703,0.0,0.5798475,0.5252616,0.0126808835,23.03525,3.939608,0.0
3.5300000000000002,0.40783566,0.37941703,0.0,0.56680614,0.5108557,-0.004906654,23.51778,3.550134,0.0
3.535,0.40783566,0.37941703,0.0,0.57014495,0.50032765,-0.009064092,24.904072,1.9306124,0.0
3.54,0.121950194,0.47173765,0.0,0.56089675,0.48797235,-0.017631691,25.643019,0.83762294,0.0
3.545,0.121950194,0.47173765,0.0,0.5603123,0.47464547,-0.017813023,26.419117,4.4302862e-08,0.0
3.5500000000000003,0.121950194,0.47173765,0.0,0.5667281,0.46489573,0.0009224282,27.600306,5.221048e-08,0.0
3.555,0.121950194,0.47173765,0.0,0.55672646,0.45435452,-0.009433156,28.200829,0.6105318,0.0
3.56,0.113454886,0.3225776,0.0,0.54486996,0.4438296,-0.015670655,29.043005,0.6952998,0.0
3.565,0.113454886,0.3225776,0.0,0.54772973,0.4360699,-0.0026078143,30.4328,-4.1364647e-08,0.0
3.5700000000000003,0.113454886,0.3225776,0.0,0.53729975,0.43174863,0.00077640347,30.907677,0.7275434,0.0
3.575,0.113454886,0.3225776,0.0,0.5352319,0.43118995,-0.0049288343,31.449669,1.1260109,0.0
3.58,0.35206127,0.3334379,0.08536277,0.5390835,0.43113944,-0.0038467906,32.452946,0.77232426,0.0
3.585,0.35206127,0.3334379,0.08536277,0.53479475,0.42997947,-0.014356304,32.601097,1.1550401,0.0
3.59,0.35206127,0.3334379,0.08536277,0.5274197,0.42376348,-0.0027188305,32.760998,1.2840391,0.0
3.595,0.35206127,0.3334379,0.08536277,0.52453417,0.41793218,-0.00951759,33.394196,0.6586467,0.0
3.6,0.37944734,0.38509753,0.0,0.50505096,0.41285825,-0.0048687956,34.172764,4.4503597e-08,0.0
3.605,0.37944734,0.38509753,0.0,0.48649618,0.40351456,0.010690897,34.810295,3.6299337e-08,0.0
3.61,0.37944734,0.38509753,0.0,0.46135214,0.39559564,0.005817323,35.294907,2.7405019e-08,0.0
3.615,0.37944734,0.38509753,0.0,0.43863717,0.38988888,-0.008210488,35.493244,0.08258542,0.0
3.62,0.18408567,0.5814814,0.010506678,0.42880628,0.3827952,-0.002920708,35.317825,0.35723633,0.0
3.625,0.18408567,0.5814814,0.010506678,0.4224119,0.37622407,-0.0014182864,34.86129,0.7156006,0.0
3.63,0.18408567,0.5814814,0.010506678,0.41017687,0.37196374,-0.008288035,34.275158,0.9866085,0.0
3.6350000000000002,0.18408567,0.5814814,0.010506678,0.41186213,0.36922544,-0.008915162,33.612473,1.1132149,0.0
3.64,0.098052986,0.5172938,0.35426188,0.40338635,0.368082,-0.0017318724,32.16007,1.8930995,0.0
3.645,0.098052986,0.5172938,0.35426188,0.38740343,0.36683285,-0.0116025945,30.76498,2.3584974,0.0
3.65,0.098052986,0.5172938,0.35426188,0.37802836,0.36719134,-0.002367199,29.791145,2.1169038,0.0
3.6550000000000002,0.098052986,0.5172938,0.35426188,0.3780392,0.36849958,0.002760719,29.749218,0.6153597,0.0
3.66,0.39693844,0.44782963,0.29563308,0.36544374,0.368609,0.005131839,30.217113,4.6197147e-08,0.0
3.665,0.39693844,0.44782963,0.29563308,0.35599548,0.36942652,0.0035215174,30.98798,1.2016301e-08,0.0
3.67,0.39693844,0.44782963,0.29563308,0.33960846,0.37367812,0.021036498,31.88371,5.857848e-08,0.0
3.6750000000000003,0.39693844,0.44782963,0.29563308,0.32195824,0.3792579,0.04097733,32.648346,2.4648305e-08,0.0
3.68,0.44859937,0.3772562,0.21568502,0.31190997,0.38406363,0.0606191,33.05698,0.1297029,0.0
3.685,0.44859937,0.3772562,0.21568502,0.30228055,0.39196908,0.08377605,33.032806,0.5103306,0.0
3.69,0.44859937,0.3772562,0.21568502,0.30442572,0.40042013,0.10827239,32.59089,1.1193732,0.0
3.6950000000000003,0.44859937,0.3772562,0.21568502,0.3094461,0.4065666,0.12156635,31.246529,2.490993,0.0
3.7,0.5181252,0.50564873,0.3396472,0.3061909,0.4133101,0.13796353,29.184301,4.3939095,0.0
3.705,0.5181252,0.50564873,0.3396472,0.31561673,0.41967353,0.15491654,27.44582,5.655281,0.0
3.71,0.5181252,0.50564873,0.3396472,0.311886,0.42316446,0.16707313,25.726553,6.6346817,0.0
3.715,0.5181252,0.50564873,0.3396472,0.3096272,0.42453378,0.17602299,24.47469,6.838411,0.0
3.72,0.39776453,0.58568484,0.3131386,0.30824807,0.425002,0.18308176,23.875204,6.0856953,0.0
3.725,0.39776453,0.58568484,0.3131386,0.3098961,0.425149,0.18706068,23.687963,4.6652446,0.0
3.73,0.39776453,0.58568484,0.3131386,0.3155378,0.42606458,0.19269092,23.139875,3.4500349,0.0
3.735,0.39776453,0.58568484,0.3131386,0.32502228,0.4292027,0.20475657,22.172213,2.4936862,0.0
3.74,0.50973284,0.6,0.1193226,0.33602512,0.43156493,0.21630207,21.125208,1.4091109,0.0
3.745,0.50973284,0.6,0.1193226,0.35601225,0.43531227,0.22521499,20.214626,-3.92109e-07,0.0
3.75,0.50973284,0.6,0.1193226,0.37436333,0.4441928,0.23620978,19.310886,-1.1251207e-08,0.0
3.755,0.50973284,0.6,0.1193226,0.38080058,0.45243493,0.24570848,18.81799,-2.8449735e-08,0.0
3.7600000000000002,0.6,0.38589823,0.25347784,0.38524574,0.459734,0.25030765,18.6696,-2.6798538e-10,0.0
3.765,0.6,0.38589823,0.25347784,0.37619442,0.46869463,0.2520248,18.755442,5.5450293e-09,0.0
3.77,0.6,0.38589823,0.25347784,0.3825026,0.47824132,0.2531277,19.512291,8.6858016e-08,0.0
3.775,0.6,0.38589823,0.25347784,0.39689624,0.4852465,0.25348723,20.27926,0.11466828,0.0
3.7800000000000002,0.6,0.41301858,0.6,0.40479752,0.49394965,0.25217873,20.71518,0.34343705,0.0
3.785,0.6,0.41301858,0.6,0.41780168,0.5026221,0.2516383,21.018501,3.9864272e-08,0.0
3.79,0.6,0.41301858,0.6,0.42896998,0.5082515,0.25159395,21.11071,7.880963e-09,0.0
3.795,0.6,0.41301858,0.6,0.44095892,0.5104801,0.25075728,21.151539,-8.192127e-09,0.0
3.8000000000000003,0.3287254,0.6,0.6,0.4526179,0.51276296,0.25019422,21.224104,-3.4210883e-09,0.0
3.805,0.3287254,0.6,0.6,0.46439958,0.51456344,0.24983051,21.387226,5.472635e-10,0.0
3.81,0.3287254,0.6,0.6,0.46463633,0.5140104,0.2500925,21.67216,8.15229e-09,0.0
3.815,0.3287254,0.6,0.6,0.47862023,0.5148976,0.25488892,21.090324,0.8422764,0.0
3.8200000000000003,0.3038615,0.6,0.5835116,0.49015662,0.51546735,0.26432592,20.686537,1.2136184,0.0
3.825,0.3038615,0.6,0.5835116,0.49834558,0.5162269,0.2750314,21.033363,0.47177672,0.0
3.83,0.3038615,0.6,0.5835116,0.50254637,0.5172816,0.29025906,21.673006,4.824085e-08,0.0
3.835,0.3038615,0.6,0.5835116,0.50655895,0.51772094,0.30805823,22.47195,3.7126068e-08,0.0
3.84,0.6,0.6,0.6,0.5068028,0.5186417,0.3236908,23.38307,9.30513e-08,0.0
3.845,0.6,0.6,0.6,0.49777645,0.5189105,0.3409244,24.280651,5.5031684e-08,0.0
3.85,0.6,0.6,0.6,0.5010437,0.51860905,0.35894746,25.820395,8.599408e-08,0.0
3.855,0.6,0.6,0.6,0.5050141,0.51914537,0.37470558,26.423588,2.4569993e-09,0.0
3.86,0.14772585,0.6,0.6,0.5038184,0.5188702,0.38991815,26.368057,-1.256137e-08,0.0
3.865,0.14772585,0.6,0.6,0.50564855,0.51885927,0.4059292,26.282383,-3.9825704e-08,0.0
3.87,0.14772585,0.6,0.6,0.5020433,0.5189562,0.4187144,25.383207,2.5378533e-08,0.0
3.875,0.14772585,0.6,0.6,0.49782866,0.5188725,0.4311551,25.224812,3.721989e-08,0.0
3.88,0.0,0.6,0.6,0.4977282,0.5186067,0.44382894,25.544098,2.5693359e-08,0.0
3.8850000000000002,0.0,0.6,0.6,0.4947981,0.5187565,0.45393428,25.716417,2.8551653e-08,0.0
3.89,0.0,0.6,0.6,0.4953617,0.5190721,0.4625658,26.57443,4.1731354e-08,0.0
3.895,0.0,0.6,0.6,0.48991784,0.5194319,0.47208828,27.430212,3.2589906e-08,0.0
3.9,0.0,0.6,0.6,0.49181524,0.51995736,0.47937298,28.549776,1.6546407e-08,0.0
3.9050000000000002,0.0,0.6,0.6,0.47769928,0.5212319,0.48583177,29.350632,2.984872e-08,0.0
3.91,0.0,0.6,0.6,0.4559771,0.52352315,0.49379575,30.157858,8.477958e-08,0.0
3.915,0.0,0.6,0.6,0.43587202,0.52503186,0.50089884,31.104841,7.302984e-08,0.0
3.92,0.0,0.6,0.6,0.4059517,0.52675813,0.50627154,31.859543,-1.1756747e-08,0.0
3.9250000000000003,0.0,0.6,0.6,0.38331157,0.53063744,0.5120844,32.172817,7.907638e-09,0.0
3.93,0.0,0.6,0.6,0.34541216,0.5334148,0.51752174,31.925268,2.0989935e-08,0.0
3.935,0.0,0.6,0.6,0.321834,0.5356147,0.5214973,31.013414,3.129759e-08,0.0
3.94,0.0,0.46020514,0.6,0.29953408,0.53880095,0.5261967,29.458109,-1.5028268e-08,0.0
3.9450000000000003,0.0,0.46020514,0.6,0.26338053,0.5416568,0.53025246,27.361996,-1.8959943e-08,0.0
3.95,0.0,0.46020514,0.6,0.2338694,0.5435414,0.5333331,24.736395,-7.032058e-08,0.0
3.955,0.0,0.46020514,0.6,0.21491411,0.5464257,0.5364977,21.641933,6.2269585e-08,0.0
3.96,0.0,0.59175014,0.6,0.19026501,0.5492564,0.5398461,18.265059,2.880792e-09,0.0
3.9650000000000003,0.0,0.59175014,0.6,0.17436902,0.5508513,0.5419674,14.750252,-1.2831755e-07,0.0
3.97,0.0,0.59175014,0.6,0.15305896,0.5493105,0.5445288,11.271107,-2.482167e-08,0.0
3.975,0.0,0.59175014,0.6,0.13923676,0.54765916,0.5472914,7.1254687,-1.2408145e-07,0.0
3.98,0.32229397,0.6,0.53452706,0.123319946,0.54622555,0.54931545,2.4562283,5.502473e-08,0.0
3.985,0.32229397,0.6,0.53452706,0.11522623,0.5437206,0.5518229,-1.5823679e-09,1.569198e-08,0.0
3.99,0.32229397,0.6,0.53452706,0.11999626,0.5427819,0.55423313,-1.2316596e-09,-2.8541132e-08,0.0
3.995,0.32229397,0.6,0.53452706,0.10269408,0.54180163,0.5560881,1.0896175e-08,4.5794526e-08,0.0
4.0,0.0,0.10083527,0.5947626,0.0913872,0.54102784,0.55793303,1.4029216e-08,-6.227817e-09,0.0
4.005,0.0,0.10083527,0.5947626,0.0875511,0.5417708,0.5595049,1.0263587e-09,3.6119005e-08,0.0
4.01,0.0,0.10083527,0.5947626,0.06479042,0.54258204,0.5606994,0.0072603696,1.7776053e-08,0.0
4.015,0.0,0.10083527,0.5947626,0.07763361,0.5438885,0.56110734,5.6515295e-09,4.478664e-08,0.0
4.0200000000000005,0.0,0.0,0.6,0.08361608,0.54649657,0.5607025,-2.5849787e-09,-4.8372574e-08,0.0
4.025,0.0,0.0,0.6,0.07646423,0.54901797,0.5607369,4.4612603e-09,1.0434076e-07,0.0
4.03,0.0,0.0,0.6,0.07179135,0.5505721,0.5602671,1.4805715e-08,2.2343524e-08,0.0
4.035,0.0,0.0,0.6,0.07750094,0.54957396,0.55947006,2.4554637e-08,2.2089688e-08,0.0
4.04,0.29339263,0.0,0.6,0.08206052,0.54861647,0.55926317,2.4513659e-08,-2.5526548e-08,0.0
4.045,0.29339263,0.0,0.6,0.07356425,0.5485451,0.5583819,2.8680594e-08,3.6708986e-08,0.0
4.05,0.29339263,0.0,0.6,0.08135222,0.54686856,0.5576191,-6.37506e-09,6.7053874e-09,0.0
4.055,0.29339263,0.0,0.6,0.07263883,0.5409486,0.557461,8.535646e-09,-2.0777767e-08,0.0
4.0600000000000005,0.6,0.21543856,0.6,0.07466753,0.5233533,0.55737597,1.7116559e-08,-2.0416957e-08,0.0
4.065,0.6,0.21543856,0.6,0.07578244,0.49456322,0.55766773,3.3261331e-09,-8.317173e-08,0.0
4.07,0.6,0.21543856,0.6,0.078904405,0.46151763,0.5584774,-1.4199304e-08,-9.139727e-09,0.0
4.075,0.6,0.21543856,0.6,0.07611717,0.42573935,0.5593543,-6.664338e-09,-7.4373126e-08,0.0
4.08,0.6,0.24450432,0.104361914,0.0823486,0.39046454,0.56073046,-7.272338e-09,-2.9618157e-08,0.0
4.085,0.6,0.24450432,0.104361914,0.08155713,0.35690466,0.5621944,-3.149648e-09,-2.8035863e-08,0.0
4.09,0.6,0.24450432,0.104361914,0.09145962,0.32732764,0.56314886,1.2627409e-08,-3.1571552e-08,0.0
4.095,0.6,0.24450432,0.104361914,0.110425174,0.30142444,0.5646052,0.020592317,5.704582e-08,0.0
4.1,0.23132624,0.5568402,0.3599772,0.12624212,0.28088194,0.5665338,0.28689536,1.0360628e-07,0.0
4.105,0.23132624,0.5568402,0.3599772,0.1449637,0.2669149,0.5679069,0.9514774,-3.594514e-08,0.0
4.11,0.23132624,0.5568402,0.3599772,0.17275015,0.2588373,0.56818205,2.214358,4.724842e-08,0.0
4.115,0.23132624,0.5568402,0.3599772,0.19046153,0.2538709,0.5669838,4.0310388,9.254818e-08,0.0
4.12,0.6,0.49863228,0.24593654,0.209628,0.25138244,0.5657279,6.1289797,1.1652394e-07,0.0
4.125,0.6,0.49863228,0.24593654,0.24043775,0.25106096,0.56500006,8.286729,3.5821575e-08,0.0
4.13,0.6,0.49863228,0.24593654,0.2698422,0.25223747,0.56263405,10.468224,1.2636036e-07,0.0
4.135,0.6,0.49863228,0.24593654,0.28616032,0.2542029,0.56026715,12.714001,1.258292e-07,0.0
4.14,0.6,0.33874026,0.55181295,0.29281458,0.25589114,0.55862355,14.984044,8.8366704e-08,0.0
4.1450000000000005,0.6,0.33874026,0.55181295,0.2802529,0.2622577,0.5508402,17.170074,1.6191673e-07,0.0
4.15,0.6,0.33874026,0.55181295,0.2816348,0.27933744,0.5326886,19.5566,2.5580763e-07,0.0
4.155,0.6,0.33874026,0.55181295,0.2838036,0.2971772,0.5140164,21.657513,6.8047875e-08,0.0
4.16,0.3766574,0.5308544,0.6,0.3004139,0.31427893,0.4962836,23.132542,2.361278e-08,0.0
4.165,0.3766574,0.5308544,0.6,0.31483832,0.33171067,0.47726703,24.068205,3.2500797e-08,0.0
4.17,0.3766574,0.5308544,0.6,0.3235392,0.34619796,0.46198595,24.584558,-1.4059832e-08,0.0
4.175,0.3766574,0.5308544,0.6,0.34623078,0.35561025,0.45209518,24.771118,-1.269098e-07,0.0
4.18,0.2791932,0.6,0.6,0.36639726,0.36063194,0.4487416,24.794962,-2.7458983e-08,0.0
4.1850000000000005,0.2791932,0.6,0.6,0.37820286,0.36420035,0.44597593,24.828577,-3.409184e-08,0.0
4.19,0.2791932,0.6,0.6,0.38843796,0.36681524,0.44426432,24.950148,5.3528527e-08,0.0
4.195,0.2791932,0.6,0.6,0.39500442,0.37372458,0.44533178,25.181154,4.2625693e-08,0.0
4.2,0.48333862,0.6,0.4547599,0.39343452,0.38342962,0.44566622,25.49335,2.4678624e-08,0.0
4.205,0.48333862,0.6,0.4547599,0.39193258,0.39061552,0.4452166,26.424725,7.21316e-08,0.0
4.21,0.48333862,0.6,0.4547599,0.3912736,0.4020346,0.4470808,27.946339,-3.1985874e-09,0.0
4.215,0.48333862,0.6,0.4547599,0.4009152,0.41678503,0.44776323,29.668446,1.2100453e-07,0.0
4.22,0.0,0.6,0.38911024,0.38502288,0.42863855,0.44767308,30.720552,2.8136858e-08,0.0
4.225,0.0,0.6,0.38911024,0.3895058,0.44044778,0.4489047,31.417648,5.907742e-09,0.0
4.23,0.0,0.6,0.38911024,0.39799255,0.4548078,0.449675,31.434189,2.1800034e-08,0.0
4.235,0.0,0.6,0.38911024,0.40065262,0.46500325,0.45018414,30.647184,3.6579657e-08,0.0
4.24,0.0,0.6,0.6,0.4019063,0.47374597,0.4512718,29.351858,-6.57595e-08,0.0
4.245,0.0,0.6,0.6,0.40048167,0.48361614,0.45188382,27.781303,-3.4341873e-08,0.0
4.25,0.0,0.6,0.6,0.3928793,0.49115506,0.4515566,26.74081,6.972718e-08,0.0
4.255,0.0,0.6,0.6,0.38991222,0.49789387,0.45051092,26.360403,4.2110738e-08,0.0
4.26,0.0,0.6,0.6,0.38690716,0.50515956,0.45046481,26.35875,5.645742e-10,0.0
4.265,0.0,0.6,0.6,0.39503366,0.51121956,0.45025313,26.534088,-8.2742254e-08,0.0
4.2700000000000005,0.0,0.6,0.6,0.38846824,0.5157256,0.4505714,26.176813,-2.9713473e-08,0.0
4.275,0.0,0.6,0.6,0.3658068,0.5213089,0.45169324,25.767618,-4.173786e-09,0.0
4.28,0.0,0.6,0.6,0.3396403,0.52560663,0.45342654,25.490404,-3.3954223e-08,0.0
4.285,0.0,0.6,0.6,0.3219238,0.5288381,0.45481464,25.053844,-3.501197e-08,0.0
4.29,0.0,0.6,0.6,0.29967925,0.5328302,0.46074697,24.326832,-2.19279e-08,0.0
4.295,0.0,0.6,0.6,0.2728853,0.5359513,0.4696199,23.244085,-6.064599e-08,0.0
4.3,0.0,0.39531714,0.6,0.24813433,0.53790456,0.47725007,21.74653,5.198074e-10,0.0
4.305,0.0,0.39531714,0.6,0.21434444,0.5403838,0.48500767,19.837202,-1.2540013e-07,0.0
4.3100000000000005,0.0,0.39531714,0.6,0.19337083,0.5427865,0.49424592,17.494709,1.1962127e-09,0.0
4.315,0.0,0.39531714,0.6,0.1789372,0.5452219,0.5009433,14.795229,-3.663606e-08,0.0
4.32,0.0,0.43161157,0.6,0.16660653,0.54742825,0.5073308,11.929419,5.4427225e-08,0.0
4.325,0.0,0.43161157,0.6,0.1565691,0.54997736,0.5138654,9.110305,-3.7617667e-07,0.0
4.33,0.0,0.43161157,0.6,0.126693,0.55114746,0.5196045,6.5340424,4.684552e-08,0.0
4.335,0.0,0.43161157,0.6,0.11209243,0.55016583,0.52458036,4.2128716,1.0767275e-07,0.0
4.34,0.41984114,0.58016753,0.6,0.10002117,0.54841584,0.5300638,1.3390883,-1.4582066e-07,0.0
4.345,0.41984114,0.58016753,0.6,0.08304957,0.5478379,0.53438663,-6.561376e-09,1.616071e-08,0.0
4.3500000000000005,0.41984114,0.58016753,0.6,0.08453435,0.5463911,0.5375437,1.7524233e-08,2.216657e-09,0.0
4.355,0.41984114,0.58016753,0.6,0.0644571,0.5450721,0.5417368,2.1685833e-09,5.528938e-08,0.0
4.36,0.29696387,0.6,0.54811114,0.06723367,0.5441909,0.54577655,1.4319935e-09,-1.5780207e-08,0.0
4.365,0.29696387,0.6,0.54811114,0.05669654,0.5430484,0.5487042,3.547107e-09,1.57448e-08,0.0
4.37,0.29696387,0.6,0.54811114,0.05260418,0.54289716,0.5516778,1.7658513e-08,5.9610215e-08,0.0
4.375,0.29696387,0.6,0.54811114,0.05686119,0.54176813,0.55507004,9.627077e-09,1.7315129e-09,0.0
4.38,0.0,0.37523517,0.6,0.0629699,0.54130113,0.55698377,-4.8759463e-09,1.8594534e-08,0.0
4.385,0.0,0.37523517,0.6,0.08327455,0.5423664,0.5579188,7.529936e-09,-1.1673914e-09,0.0
4.39,0.0,0.37523517,0.6,0.079425104,0.5416531,0.55938935,7.0989983e-09,7.446863e-08,0.0
4.3950000000000005,0.0,0.37523517,0.6,0.10262367,0.54173297,0.5600478,8.705654e-10,-2.8282482e-08,0.0
4.4,0.0,0.0,0.6,0.13098106,0.542455,0.5596254,-3.9719517e-09,-2.9504232e-08,0.0
4.405,0.0,0.0,0.6,0.15622035,0.5428,0.55897754,0.10358147,1.2630791e-07,0.0
4.41,0.0,0.0,0.6,0.16749418,0.5433851,0.55865574,0.4726569,1.3090553e-09,0.0
4.415,0.0,0.0,0.6,0.16381167,0.5428488,0.558209,1.1042511,1.3811069e-07,0.0
4.42,0.26571274,0.0,0.48872146,0.17065847,0.54289913,0.5578926,1.2459775,2.7651044e-08,0.0
4.425,0.26571274,0.0,0.48872146,0.16412327,0.543663,0.5577318,1.3253695,6.740575e-08,0.0
4.43,0.26571274,0.0,0.48872146,0.15741295,0.5416897,0.5580921,1.9046389,-5.497134e-08,0.0
4.4350000000000005,0.26571274,0.0,0.48872146,0.14650042,0.5289448,0.55879414,1.953307,-3.793862e-08,0.0
4.44,0.6,0.21746022,0.5347987,0.13166605,0.5035999,0.55961436,1.150305,7.030034e-09,0.0
4.445,0.6,0.21746022,0.5347987,0.11969831,0.47061458,0.55904746,-6.1736966e-05,-2.6664997e-08,0.0
4.45,0.6,0.21746022,0.5347987,0.1092184,0.43558162,0.5585655,4.574483e-09,2.9314208e-08,0.0
4.455,0.6,0.21746022,0.5347987,0.08798177,0.4005073,0.55843544,2.6226847e-09,-4.0765002e-08,0.0
4.46,0.6,0.21425502,0.1316528,0.09583311,0.3670424,0.5578384,1.4455628e-08,2.120142e-08,0.0
4.465,0.6,0.21425502,0.1316528,0.10378704,0.33528978,0.55657244,3.41397e-08,-1.0138261e-07,0.0
4.47,0.6,0.21425502,0.1316528,0.106431,0.30558482,0.55670136,0.059929095,2.4152754e-08,0.0
4.4750000000000005,0.6,0.21425502,0.1316528,0.10990966,0.2800423,0.55657,0.32651776,2.8067593e-08,0.0
4.48,0.2636449,0.5246157,0.41792038,0.13205285,0.2595765,0.555183,0.85633457,4.357476e-08,0.0
4.485,0.2636449,0.5246157,0.41792038,0.14219643,0.24580914,0.5550283,1.901899,3.630018e-08,0.0
4.49,0.2636449,0.5246157,0.41792038,0.16063108,0.23791212,0.5549913,3.3860586,-2.5005612e-08,0.0
4.495,0.2636449,0.5246157,0.41792038,0.18151021,0.23348945,0.5527352,5.0829315,1.9797563e-08,0.0
4.5,0.6,0.43405405,0.30233586,0.20732233,0.23081428,0.5501089,6.857265,1.5021693e-07,0.0
4.505,0.6,0.43405405,0.30233586,0.22777675,0.2297913,0.5473333,8.665408,-1.0600777e-07,0.0
4.51,0.6,0.43405405,0.30233586,0.24120112,0.22984213,0.54167193,10.489667,9.769193e-08,0.0
4.515,0.6,0.43405405,0.30233586,0.251584,0.23206869,0.5288598,12.287788,1.1555312e-07,0.0
4.5200000000000005,0.6,0.3328447,0.57132465,0.268693,0.23421809,0.5167397,14.015053,4.8733643e-08,0.0
4.525,0.6,0.3328447,0.57132465,0.27494785,0.23849346,0.50531524,15.688749,2.1776378e-07,0.0
4.53,0.6,0.3328447,0.57132465,0.27519745,0.2527926,0.4891069,17.287737,9.173152e-08,0.0
4.535,0.6,0.3328447,0.57132465,0.2748273,0.26994213,0.47233722,18.744179,1.0961406e-07,0.0
4.54,0.36787605,0.5509732,0.6,0.29528353,0.2853028,0.45916644,20.464867,9.874744e-08,0.0
4.545,0.36787605,0.5509732,0.6,0.31486562,0.29936752,0.45029572,22.11114,7.693095e-09,0.0
4.55,0.36787605,0.5509732,0.6,0.3300563,0.31156042,0.44449416,23.439228,9.5131384e-08,0.0
4.555,0.36787605,0.5509732,0.6,0.33926603,0.31995082,0.44058108,24.496824,6.765384e-08,0.0
4.5600000000000005,0.27361456,0.6,0.56169456,0.3593681,0.3261547,0.43959722,25.314695,9.947516e-08,0.0
4.565,0.27361456,0.6,0.56169456,0.37458864,0.3307956,0.43943462,25.988523,5.9576816e-08,0.0
4.57,0.27361456,0.6,0.56169456,0.38461822,0.33433887,0.43843642,26.608063,-8.5564544e-08,0.0
4.575,0.27361456,0.6,0.56169456,0.39054674,0.34056,0.43991098,27.206095,5.0550938e-08,0.0
4.58,0.45918143,0.6,0.4025945,0.38671687,0.3538144,0.44138068,27.767654,-1.1955501e-08,0.0
4.585,0.45918143,0.6,0.4025945,0.39896363,0.36709574,0.44082746,28.817263,-2.1890532e-08,0.0
4.59,0.45918143,0.6,0.4025945,0.39359403,0.37983298,0.44192347,29.767263,8.8444935e-08,0.0
4.595,0.45918143,0.6,0.4025945,0.39302367,0.39598647,0.44386882,30.823751,3.156612e-08,0.0
4.6000000000000005,0.0,0.6,0.31209573,0.39003813,0.41238773,0.44462866,32.089546,8.238517e-08,0.0
4.605,0.0,0.6,0.31209573,0.38858983,0.42547998,0.44536924,33.27456,3.4417457e-08,0.0
4.61,0.0,0.6,0.31209573,0.38098305,0.4403857,0.44604585,34.205734,6.535536e-08,0.0
4.615,0.0,0.6,0.31209573,0.38365677,0.45332727,0.4462338,34.754486,2.8884386e-08,0.0
4.62,0.0,0.6,0.6,0.3788979,0.46317586,0.44586298,34.292587,3.961938e-08,0.0
4.625,0.0,0.6,0.6,0.38203892,0.47412866,0.44518796,33.40916,-6.1577836e-08,0.0
4.63,0.0,0.6,0.6,0.3773097,0.4841011,0.4453962,31.951262,1.2215862e-07,0.0
4.635,0.0,0.6,0.6,0.36917454,0.4904211,0.4454604,30.450607,-4.833212e-08,0.0
4.64,0.0,0.6,0.6,0.36829072,0.49818063,0.44400418,29.247948,-5.6594494e-08,0.0
4.6450000000000005,0.0,0.6,0.6,0.3713878,0.50556076,0.44372684,28.25761,5.6078047e-08,0.0
4.65,0.0,0.6,0.6,0.3533296,0.51004225,0.444388,26.85493,-1.0612945e-07,0.0
4.655,0.0,0.6,0.6,0.3307166,0.5151274,0.4450932,25.456705,-5.866933e-08,0.0
4.66,0.0,0.6,0.6,0.30404672,0.52050227,0.4460163,24.254526,9.783445e-08,0.0
4.665,0.0,0.6,0.6,0.28050265,0.5237486,0.44632125,23.003641,-3.716658e-09,0.0
4.67,0.0,0.6,0.6,0.24487874,0.5268285,0.4475022,21.560516,-9.059882e-08,0.0
4.675,0.0,0.6,0.6,0.22196211,0.5311951,0.44846383,19.778528,-8.801179e-08,0.0
4.68,0.0,0.46415675,0.6,0.20086305,0.533852,0.44886684,17.628643,-2.2725786e-09,0.0
4.6850000000000005,0.0,0.46415675,0.6,0.17842662,0.5361101,0.45135915,15.181614,-1.10572344e-07,0.0
4.69,0.0,0.46415675,0.6,0.1623096,0.54010916,0.45782718,12.517206,-9.505291e-08,0.0
4.695,0.0,0.46415675,0.6,0.15138935,0.54260075,0.46641308,9.773593,-1.3458065e-07,0.0
4.7,0.0,0.40920082,0.6,0.14279616,0.54340035,0.4734175,7.1489573,-1.07966315e-07,0.0
4.705,0.0,0.40920082,0.6,0.115296155,0.5430386,0.482504,4.844824,3.443846e-08,0.0
4.71,0.0,0.40920082,0.6,0.1157392,0.5426441,0.4911969,2.0171854,2.4211847e-08,0.0
4.715,0.0,0.40920082,0.6,0.10327714,0.5416083,0.49766827,5.1073346e-09,3.257822e-08,0.0
4.72,0.39573377,0.51864564,0.6,0.09105353,0.5400041,0.50518245,2.2473154e-09,-3.575686e-09,0.0
4.7250000000000005,0.39573377,0.51864564,0.6,0.07904198,0.5390205,0.51307124,-2.826694e-09,-2.4057272e-08,0.0
4.73,0.39573377,0.51864564,0.6,0.06408895,0.5375686,0.51885533,8.219757e-09,-1.4339843e-08,0.0
4.735,0.39573377,0.51864564,0.6,0.05718168,0.53572375,0.52452326,6.683241e-09,-2.13189e-08,0.0
4.74,0.24970788,0.52278155,0.5431882,0.05790039,0.5351255,0.52999485,9.243557e-09,1.7438756e-08,0.0
4.745,0.24970788,0.52278155,0.5431882,0.056141585,0.5337831,0.5345443,1.4857831e-08,-1.2134075e-08,0.0
4.75,0.24970788,0.52278155,0.5431882,0.07200933,0.53314334,0.538169,2.4630713e-09,5.3420575e-08,0.0
4.755,0.24970788,0.52278155,0.5431882,0.06686406,0.533463,0.54199415,1.3987871e-09,2.7632769e-08,0.0
4.76,0.0,0.4477122,0.6,0.08086244,0.53301,0.54486513,-3.3429197e-09,3.8677e-08,0.0
4.765,0.0,0.4477122,0.6,0.10155445,0.53221315,0.5474302,3.7854013e-09,-2.9383543e-08,0.0
4.7700000000000005,0.0,0.4477122,0.6,0.12196207,0.5316243,0.54962623,7.0134827e-09,1.0186272e-08,0.0
4.775,0.0,0.4477122,0.6,0.12736157,0.5312958,0.55072075,-7.088225e-09,5.84841e-08,0.0
4.78,0.07030698,0.016662491,0.6,0.14575246,0.5309866,0.55154586,1.2561956e-09,4.1669615e-08,0.0
4.785,0.07030698,0.016662491,0.6,0.1617105,0.53125083,0.5525386,-1.0316702e-09,-5.260067e-08,0.0
4.79,0.07030698,0.016662491,0.6,0.16026221,0.531794,0.5531894,0.34348682,6.0412944e-08,0.0
4.795,0.07030698,0.016662491,0.6,0.16448191,0.5315888,0.55403453,1.3091044,6.0955216e-08,0.0
4.8,0.3388759,0.0,0.5335732,0.16042732,0.52978015,0.55561465,1.5610944,4.9646236e-08,0.0
4.805,0.3388759,0.0,0.5335732,0.16842516,0.5279584,0.5567479,0.9794815,3.7213606e-08,0.0
4.8100000000000005,0.3388759,0.0,0.5335732,0.16172563,0.52483505,0.55792415,-1.0481565e-06,5.8163028e-08,0.0
4.815,0.3388759,0.0,0.5335732,0.15802029,0.5099631,0.55997944,3.0987277e-08,1.6908881e-08,0.0
4.82,0.53354925,0.14035381,0.3375402,0.15962869,0.48868114,0.5621199,-1.33803795e-08,-6.000534e-08,0.0
4.825,0.53354925,0.14035381,0.3375402,0.15582572,0.46930873,0.5631806,4.3150816e-09,1.2606976e-08,0.0
4.83,0.53354925,0.14035381,0.3375402,0.15184835,0.44870168,0.5634523,0.03626688,-2.4522096e-08,0.0
4.835,0.53354925,0.14035381,0.3375402,0.16271542,0.4241834,0.56334025,0.16870895,6.452921e-08,0.0
4.84,0.4643858,0.12815277,0.38633326,0.16463219,0.40001518,0.5632527,0.27318245,-1.2804723e-08,0.0
4.845,0.4643858,0.12815277,0.38633326,0.17324795,0.37679148,0.56159693,0.41511738,6.265175e-08,0.0
4.8500000000000005,0.4643858,0.12815277,0.38633326,0.19062948,0.35461113,0.5598268,0.79438347,-1.373273e-07,0.0
4.855,0.4643858,0.12815277,0.38633326,0.19596697,0.3362071,0.5598576,1.5759779,1.2160575e-08,0.0
4.86,0.42755443,0.31981504,0.2782765,0.22084457,0.32020134,0.558377,2.7297878,9.8073535e-08,0.0
4.865,0.42755443,0.31981504,0.2782765,0.24286456,0.3048929,0.55540115,4.2122445,1.303819e-07,0.0
4.87,0.42755443,0.31981504,0.2782765,0.24779974,0.29228786,0.5537379,5.9685616,1.601903e-07,0.0
4.875,0.42755443,0.31981504,0.2782765,0.27109116,0.2817889,0.54937106,7.803076,5.897727e-08,0.0
4.88,0.53286,0.41866183,0.25245252,0.28986388,0.27130422,0.5371543,9.639043,1.5075739e-07,0.0
4.885,0.53286,0.41866183,0.25245252,0.3061061,0.26258034,0.5220503,11.4771385,8.946769e-08,0.0
4.89,0.53286,0.41866183,0.25245252,0.31931266,0.257367,0.510221,13.302948,5.6149325e-09,0.0
4.8950000000000005,0.53286,0.41866183,0.25245252,0.3302013,0.2559073,0.49300945,15.082406,2.2672677e-07,0.0
4.9,0.6,0.43740943,0.3635111,0.33523732,0.2553139,0.47376892,16.769855,2.6618238e-08,0.0
4.905,0.6,0.43740943,0.3635111,0.34770432,0.25539118,0.4569771,18.309942,-4.806168e-09,0.0
4.91,0.6,0.43740943,0.3635111,0.3643956,0.25750867,0.4395689,20.028252,7.649979e-08,0.0
4.915,0.6,0.43740943,0.3635111,0.38213766,0.25905475,0.42126203,22.02395,1.963473e-07,0.0
4.92,0.6,0.6,0.6,0.39100593,0.25985515,0.4071006,24.205168,-3.011862e-08,0.0
4.925,0.6,0.6,0.6,0.39882284,0.26593482,0.3944005,26.466457,1.1383257e-07,0.0
4.93,0.6,0.6,0.6,0.40944183,0.2798662,0.3838716,28.70431,1.5419853e-07,0.0
4.9350000000000005,0.6,0.6,0.6,0.41734967,0.29206267,0.37715378,30.784624,1.3375363e-07,0.0
4.94,0.24374354,0.6,0.3826176,0.4312871,0.3040493,0.37396482,32.58694,1.4809288e-07,0.0
4.945,0.24374354,0.6,0.3826176,0.4358356,0.32094935,0.3732188,34.06859,-1.5394932e-08,0.0
4.95,0.24374354,0.6,0.3826176,0.45276105,0.3385596,0.37209576,35.17,8.388202e-08,0.0
4.955,0.24374354,0.6,0.3826176,0.46185374,0.35166597,0.372447,35.900444,-6.4455605e-09,0.0
4.96,0.5332378,0.6,0.461918,0.4700784,0.36971572,0.37453675,36.313988,7.976063e-09,0.0
4.965,0.5332378,0.6,0.461918,0.46946394,0.3872751,0.3761327,36.439907,-5.5560205e-09,0.0
4.97,0.5332378,0.6,0.461918,0.47531694,0.4019316,0.37626615,37.015373,2.7424552e-08,0.0
4.9750000000000005,0.5332378,0.6,0.461918,0.47145176,0.41635212,0.37775546,37.400974,2.49084e-08,0.0
4.98,0.0,0.6,0.6,0.47537953,0.43223366,0.37842828,37.900967,1.1646644e-08,0.0
4.985,0.0,0.6,0.6,0.46766484,0.4431601,0.3789421,37.97998,-5.9728764e-09,0.0
4.99,0.0,0.6,0.6,0.47219115,0.4544767,0.38126513,38.027836,1.8260726e-09,0.0
4.995,0.0,0.6,0.6,0.4710546,0.46661586,0.3826917,37.616898,-2.9167431e-08,0.0
5.0,0.0,0.6,0.6,0.47027463,0.4745391,0.3843307,37.22944,-1.598377e-08,0.0
5.005,0.0,0.6,0.6,0.47318715,0.48264235,0.3898558,37.199272,-1.03326965e-08,0.0
5.01,0.0,0.6,0.6,0.46793604,0.4917739,0.4014483,36.614887,-3.040759e-08,0.0
5.015,0.0,0.6,0.6,0.47304985,0.4983151,0.41223472,35.996834,-2.449509e-08,0.0
5.0200000000000005,0.0,0.6,0.6,0.4634343,0.5037987,0.42241988,35.002956,-3.03045e-08,0.0
5.025,0.0,0.6,0.6,0.44310817,0.51003236,0.43537647,34.12674,-3.6591164e-08,0.0
5.03,0.0,0.6,0.6,0.4210469,0.5142696,0.44663808,33.594894,-1.8223124e-08,0.0
5.035,0.0,0.6,0.6,0.3956753,0.51756746,0.45659477,33.111366,2.5237736e-09,0.0
5.04,0.0,0.6,0.6,0.36583757,0.5209525,0.4678899,32.462925,-3.313939e-09,0.0
5.045,0.0,0.6,0.6,0.3452714,0.52355194,0.47794247,31.486607,-2.6094092e-08,0.0
5.05,0.0,0.6,0.6,0.30622905,0.5249337,0.4859719,30.141026,-7.385956e-08,0.0
5.055,0.0,0.6,0.6,0.26978388,0.5271318,0.49488115,28.3338,5.9636214e-08,0.0
5.0600000000000005,0.0,0.49937275,0.6,0.24080229,0.5293768,0.5024127,25.97672,-4.6582702e-08,0.0
5.065,0.0,0.49937275,0.6,0.21130763,0.5307943,0.50839126,23.111732,-7.061224e-08,0.0
5.07,0.0,0.49937275,0.6,0.20037849,0.53380245,0.5140026,19.845432,-1.8629123e-09,0.0
5.075,0.0,0.49937275,0.6,0.18706031,0.53684944,0.5193715,16.41014,1.2973378e-07,0.0
5.08,0.0,0.6,0.6,0.16945904,0.53895104,0.5229794,13.029541,-1.1241716e-08,0.0
5.085,0.0,0.6,0.6,0.15084131,0.53898776,0.5270812,9.840996,-2.2532058e-07,0.0
5.09,0.0,0.6,0.6,0.11874511,0.53845674,0.5316025,6.947199,-1.4035393e-07,0.0
5.095,0.0,0.6,0.6,0.10376552,0.5380358,0.53465605,3.493365,1.0127198e-07,0.0
5.1000000000000005,0.36141503,0.5958893,0.5813364,0.094047606,0.53664017,0.5381398,-3.5430958e-06,9.006997e-08,0.0
5.105,0.36141503,0.5958893,0.5813364,0.08114813,0.53614765,0.5416711,1.282939e-09,5.213529e-09,0.0
5.11,0.36141503,0.5958893,0.5813364,0.07831301,0.5351498,0.5448667,-1.7971356e-09,-2.5226344e-08,0.0
5.115,0.36141503,0.5958893,0.5813364,0.080414206,0.5353428,0.5472642,-4.111431e-09,-7.056016e-08,0.0
5.12,0.07814732,0.0,0.4656285,0.064506255,0.535509,0.550844,5.2942313e-09,-6.452725e-09,0.0
5.125,0.07814732,0.0,0.4656285,0.06110964,0.5359195,0.5532493,-7.749552e-09,1.163648e-08,0.0
5.13,0.07814732,0.0,0.4656285,0.057024468,0.53667206,0.55530924,2.223539e-08,-3.124436e-09,0.0
5.135,0.07814732,0.0,0.4656285,0.055668652,0.538839,0.55703545,-6.8897483e-09,1.337126e-08,0.0
5.14,0.0,0.050727583,0.6,0.0646463,0.5410635,0.55791694,8.415315e-09,3.373797e-08,0.0
5.1450000000000005,0.0,0.050727583,0.6,0.08639961,0.54198664,0.557842,-6.671478e-09,-7.350271e-08,0.0
5.15,0.0,0.050727583,0.6,0.09712571,0.5410259,0.5566513,1.9611896e-08,-4.726115e-08,0.0
5.155,0.0,0.050727583,0.6,0.1084337,0.54108983,0.5560088,1.2089685e-08,2.403312e-09,0.0
5.16,0.26357168,0.043316353,0.48293957,0.11886884,0.54093313,0.55564076,-1.9134617e-08,1.1655482e-08,0.0
5.165,0.26357168,0.043316353,0.48293957,0.12734789,0.5391082,0.55441713,6.5107524e-09,1.2815192e-07,0.0
5.17,0.26357168,0.043316353,0.48293957,0.12508707,0.5376506,0.55425304,1.0786892e-08,-4.2274976e-08,0.0
5.175,0.26357168,0.043316353,0.48293957,0.13801636,0.5354803,0.55377626,-1.6496356e-08,-5.1950972e-09,0.0
5.18,0.6,0.18561083,0.5463159,0.13260995,0.52475035,0.55320096,1.8192007e-09,-6.226874e-08,0.0
5.1850000000000005,0.6,0.18561083,0.5463159,0.13046977,0.50314355,0.55338156,-1.8492784e-08,4.0251276e-08,0.0
5.19,0.6,0.18561083,0.5463159,0.12496771,0.48347893,0.55323946,-4.351279e-09,-1.22891155e-08,0.0
5.195,0.6,0.18561083,0.5463159,0.1325657,0.46376923,0.5519328,-1.76253e-08,1.30971705e-08,0.0
5.2,0.50630605,0.07853249,0.1741287,0.12875082,0.4422189,0.5510999,-2.211815e-09,-3.7264833e-08,0.0
5.205,0.50630605,0.07853249,0.1741287,0.14937252,0.4223364,0.55121726,-6.3413075e-09,1.06252145e-07,0.0
5.21,0.50630605,0.07853249,0.1741287,0.16910958,0.4052327,0.55024934,-4.1401393e-09,2.977409e-08,0.0
5.215,0.50630605,0.07853249,0.1741287,0.1866931,0.38612902,0.5500073,0.12653999,1.3335645e-07,0.0
5.22,0.24975511,0.4091226,0.39013973,0.20561929,0.3696045,0.5502486,0.58614725,-3.008733e-08,0.0
5.2250000000000005,0.24975511,0.4091226,0.39013973,0.22849423,0.35534215,0.54862547,1.4971589,4.236518e-08,0.0
5.23,0.24975511,0.4091226,0.39013973,0.24914473,0.3397787,0.5460367,2.8554072,-4.5916615e-08,0.0
5.235,0.24975511,0.4091226,0.39013973,0.2677416,0.3243312,0.54328245,4.580404,1.8464458e-07,0.0
5.24,0.6,0.6,0.16816698,0.28312135,0.31184486,0.5396948,6.5505023,1.8143358e-07,0.0
5.245,0.6,0.6,0.16816698,0.3068707,0.3027464,0.52597874,8.61883,1.0889248e-07,0.0
5.25,0.6,0.6,0.16816698,0.31157205,0.2967307,0.5074738,10.709566,1.05728745e-07,0.0
5.255,0.6,0.6,0.16816698,0.3206104,0.293538,0.49092817,12.687838,2.1333067e-08,0.0
5.26,0.6,0.4283759,0.08210373,0.31703028,0.2933873,0.47480687,14.449968,1.5307359e-07,0.0
5.265,0.6,0.4283759,0.08210373,0.32973993,0.29409456,0.45977494,16.418259,1.2711337e-08,0.0
5.2700000000000005,0.6,0.4283759,0.08210373,0.33035293,0.29457834,0.4490902,18.60933,5.7358367e-08,0.0
5.275,0.6,0.4283759,0.08210373,0.3400981,0.29687107,0.43765077,20.767197,-3.4020545e-08,0.0
5.28,0.6,0.41925058,0.6,0.35616755,0.30329219,0.4219312,22.758718,-2.207279e-08,0.0
5.285,0.6,0.41925058,0.6,0.3621381,0.31200305,0.4073786,24.54485,1.16201264e-07,0.0
5.29,0.6,0.41925058,0.6,0.38911843,0.32277152,0.39263225,26.068888,3.588243e-08,0.0
5.295,0.6,0.41925058,0.6,0.4105635,0.33608937,0.37642157,27.382437,1.2536665e-07,0.0
5.3,0.3702276,0.6,0.59314036,0.42150217,0.3468666,0.36137244,28.54724,1.3300903e-08,0.0
5.305,0.3702276,0.6,0.59314036,0.43473065,0.3551646,0.3512748,29.556658,1.5481334e-08,0.0
5.3100000000000005,0.3702276,0.6,0.59314036,0.43905666,0.3652602,0.34907052,30.417593,4.1933472e-08,0.0
5.315,0.3702276,0.6,0.59314036,0.4520984,0.37268755,0.34870422,31.107046,5.7190217e-08,0.0
5.32,0.31678757,0.6,0.58285505,0.45458582,0.37854272,0.34743354,31.646963,7.04008e-08,0.0
5.325,0.31678757,0.6,0.58285505,0.46908098,0.3889403,0.34911394,32.047497,-7.0076003e-09,0.0
5.33,0.31678757,0.6,0.58285505,0.47522944,0.401051,0.35502613,32.3428,-3.757165e-09,0.0
5.335,0.31678757,0.6,0.58285505,0.4855452,0.40989798,0.36091137,32.534668,2.7917762e-08,0.0
5.34,0.47588578,0.6,0.5147584,0.48299706,0.42057532,0.37124646,32.639942,-6.2589796e-09,0.0
5.345,0.47588578,0.6,0.5147584,0.48296446,0.43398786,0.3853185,33.391804,2.6099487e-08,0.0
5.3500000000000005,0.47588578,0.6,0.5147584,0.4801803,0.44486213,0.39906988,34.80979,8.218227e-08,0.0
5.355,0.47588578,0.6,0.5147584,0.469598,0.45469266,0.4121975,36.45411,1.1283064e-07,0.0
5.36,0.104445115,0.6,0.6,0.4851901,0.46608642,0.4264668,37.97662,8.2217774e-08,0.0
5.365,0.104445115,0.6,0.6,0.48940942,0.47445753,0.4380427,38.520508,2.0026144e-08,0.0
5.37,0.104445115,0.6,0.6,0.49024832,0.48178482,0.44791338,37.990753,-9.007036e-09,0.0
5.375,0.104445115,0.6,0.6,0.47217014,0.48824844,0.45780203,36.759026,9.54472e-08,0.0
5.38,0.0,0.6,0.6,0.47808945,0.49462998,0.4642888,35.78558,-5.0485767e-09,0.0
5.385,0.0,0.6,0.6,0.47218508,0.49976963,0.46992052,34.6329,-5.4189123e-08,0.0
5.39,0.0,0.6,0.6,0.46648768,0.50652546,0.47724152,33.76954,-6.727207e-08,0.0
5.3950000000000005,0.0,0.6,0.6,0.473585,0.511457,0.48480496,33.462345,-1.3078382e-08,0.0
5.4,0.0,0.6,0.6,0.45496762,0.5154114,0.49012548,32.783405,1.6141657e-08,0.0
5.405,0.0,0.6,0.6,0.43420514,0.51996154,0.49743044,32.167362,3.2680617e-08,0.0
5.41,0.0,0.6,0.6,0.41813314,0.5238536,0.50386995,31.823936,5.807958e-09,0.0
5.415,0.0,0.6,0.6,0.39168122,0.52663875,0.5086417,31.506592,1.9349681e-08,0.0
5.42,0.0,0.6,0.6,0.3751942,0.53014475,0.5140933,31.009577,6.678248e-08,0.0
5.425,0.0,0.6,0.6,0.34630582,0.5330103,0.51989555,30.237751,-4.9177558e-08,0.0
5.43,0.0,0.6,0.6,0.31767252,0.5350508,0.5237727,29.102356,4.4720952e-08,0.0
5.4350000000000005,0.0,0.6,0.6,0.29052323,0.53776413,0.52791196,27.531275,5.7752096e-08,0.0
5.44,0.0,0.46321574,0.6,0.26173487,0.5406259,0.5319693,25.50943,-4.1319893e-08,0.0
5.445,0.0,0.46321574,0.6,0.23791626,0.5428787,0.5344746,23.05186,-1.383074e-07,0.0
5.45,0.0,0.46321574,0.6,0.22241902,0.5450699,0.5375384,20.245108,9.192991e-08,0.0
5.455,0.0,0.46321574,0.6,0.2079757,0.54769784,0.54081905,17.263807,1.8119718e-07,0.0
5.46,0.0,0.56712157,0.6,0.18177465,0.5497279,0.54314876,14.279006,1.8353468e-07,0.0
5.465,0.0,0.56712157,0.6,0.16581355,0.5490201,0.54546016,11.332547,-1.8660442e-07,0.0
5.47,0.0,0.56712157,0.6,0.15281774,0.54731774,0.54823554,7.6578035,1.2655755e-07,0.0
5.4750000000000005,0.0,0.56712157,0.6,0.13408604,0.5457792,0.55063725,3.3745062,-2.2431558e-07,0.0
5.48,0.3226319,0.6,0.5988924,0.12315412,0.5435236,0.5528772,5.3117876e-08,-1.8325571e-07,0.0
5.485,0.3226319,0.6,0.5988924,0.105166405,0.5423096,0.5552793,1.3228873e-08,-5.013727e-09,0.0
5.49,0.3226319,0.6,0.5988924,0.084729865,0.54120743,0.55758977,-5.246531e-09,-1.5011798e-08,0.0
5.495,0.3226319,0.6,0.5988924,0.08562193,0.53993076,0.55947274,-4.952123e-09,-2.2830955e-08,0.0
5.5,0.0,0.010532535,0.54547775,0.08423855,0.5398059,0.5616048,-1.0419784e-08,9.516683e-08,0.0
5.505,0.0,0.010532535,0.54547775,0.06189864,0.5389874,0.56378454,-3.3267773e-09,3.167492e-08,0.0
5.51,0.0,0.010532535,0.54547775,0.06427833,0.53856426,0.565341,3.7796855e-09,-9.125542e-08,0.0
5.515,0.0,0.010532535,0.54547775,0.06268898,0.5385995,0.5671475,-5.9452825e-09,4.3586397e-08,0.0
5.5200000000000005,0.0,0.0,0.6,0.068520226,0.5384767,0.56846756,1.8855268e-08,-3.2533567e-08,0.0
5.525,0.0,0.0,0.6,0.08066309,0.53829557,0.5691655,4.3555803e-09,-3.4227654e-08,0.0
5.53,0.0,0.0,0.6,0.09553742,0.53711796,0.5688069,-1.2846143e-08,2.270533e-08,0.0
5.535,0.0,0.0,0.6,0.08504687,0.53510875,0.56909823,1.1324685e-08,1.0882392e-07,0.0
5.54,0.2598086,0.0,0.53891903,0.07640788,0.5352407,0.56866485,9.44737e-09,5.0738112e-08,0.0
5.545,0.2598086,0.0,0.53891903,0.070365615,0.53362453,0.5681284,-1.6142787e-08,5.3266307e-09,0.0
5.55,0.2598086,0.0,0.53891903,0.074076176,0.5280932,0.5681224,1.4294126e-09,6.217514e-08,0.0
5.555,0.2598086,0.0,0.53891903,0.07754348,0.5098308,0.56735134,8.8528984e-10,9.871768e-08,0.0
5.5600000000000005,0.6,0.24892698,0.6,0.07383164,0.48303312,0.5665501,-1.6176223e-08,9.833843e-09,0.0
5.565,0.6,0.24892698,0.6,0.07657934,0.4494348,0.565981,2.1773843e-08,-3.4116802e-08,0.0
5.57,0.6,0.24892698,0.6,0.0773856,0.4155428,0.56551814,-1.1181934e-08,-2.68112e-08,0.0
5.575,0.6,0.24892698,0.6,0.0818961,0.381078,0.56438845,4.2277337e-09,1.09679576e-07,0.0
5.58,0.6,0.24026684,0.09067868,0.08417971,0.3484007,0.56372875,-5.8066223e-09,-1.8217538e-08,0.0
5.585,0.6,0.24026684,0.09067868,0.077461764,0.3166146,0.5640532,3.79572e-08,4.5116785e-08,0.0
5.59,0.6,0.24026684,0.09067868,0.09544241,0.28755707,0.56387967,0.13923122,5.6037752e-08,0.0
5.595,0.6,0.24026684,0.09067868,0.111165866,0.25997695,0.5637203,0.46669638,7.2813144e-08,0.0
5.6000000000000005,0.26648986,0.49193218,0.37048048,0.1374825,0.23510776,0.56385714,1.2449623,1.1335996e-07,0.0
5.605,0.26648986,0.49193218,0.37048048,0.15370174,0.21557604,0.56286806,2.5590465,3.89588e-08,0.0
5.61,0.26648986,0.49193218,0.37048048,0.18223764,0.20413162,0.56112725,4.213946,7.0458364e-09,0.0
5.615,0.26648986,0.49193218,0.37048048,0.19709551,0.19913325,0.5596261,6.0666556,1.3412551e-07,0.0
5.62,0.6,0.51149154,0.26332825,0.21902287,0.19664817,0.55946434,7.96776,-2.3365104e-08,0.0
5.625,0.6,0.51149154,0.26332825,0.24992277,0.19692023,0.55711216,9.843795,1.2408745e-07,0.0
5.63,0.6,0.51149154,0.26332825,0.25600773,0.19935656,0.5477413,11.7605095,8.853042e-08,0.0
5.635,0.6,0.51149154,0.26332825,0.27583456,0.20326157,0.5359933,13.661243,1.9984961e-07,0.0
5.64,0.6,0.37086454,0.5416332,0.28142014,0.21109381,0.52157456,15.527872,1.5222304e-07,0.0
5.6450000000000005,0.6,0.37086454,0.5416332,0.29106537,0.22763517,0.5031047,17.31933,-3.5163556e-08,0.0
5.65,0.6,0.37086454,0.5416332,0.2914829,0.24730295,0.4854559,19.00137,1.0273416e-07,0.0
5.655,0.6,0.37086454,0.5416332,0.29427835,0.26484555,0.47002706,20.526854,-9.645155e-08,0.0
5.66,0.36831605,0.5671204,0.6,0.31891465,0.28474364,0.45144007,21.86635,-3.247659e-08,0.0
5.665,0.36831605,0.5671204,0.6,0.33141232,0.3059572,0.43417308,23.099428,7.894483e-08,0.0
5.67,0.36831605,0.5671204,0.6,0.3417886,0.32407218,0.42188695,24.193422,1.2300345e-08,0.0
5.675,0.36831605,0.5671204,0.6,0.36817336,0.33894157,0.41697073,25.07173,4.499397e-08,0.0
5.68,0.27647513,0.6,0.56727433,0.38072807,0.34920877,0.41493356,25.793629,5.056267e-08,0.0
5.6850000000000005,0.27647513,0.6,0.56727433,0.39160335,0.35566017,0.4128406,26.410286,-3.6166414e-09,0.0
5.69,0.27647513,0.6,0.56727433,0.39331332,0.36462054,0.41436067,26.946115,3.9932566e-08,0.0
5.695,0.27647513,0.6,0.56727433,0.39778748,0.37753436,0.41578338,27.37607,-4.310181e-09,0.0
5.7,0.4809901,0.6,0.42703393,0.39839298,0.38872424,0.41530445,27.661034,5.847917e-09,0.0
5.705,0.4809901,0.6,0.42703393,0.40178052,0.39947525,0.41702226,27.769104,-2.2612479e-08,0.0
5.71,0.4809901,0.6,0.42703393,0.40326646,0.41406387,0.42010108,27.706768,-7.868433e-09,0.0
5.715,0.4809901,0.6,0.42703393,0.4045566,0.42638007,0.42223927,27.47416,-1.47951e-08,0.0
5.72,0.0,0.6,0.39062434,0.3963012,0.43678334,0.42620632,27.07827,-1.4842624e-08,0.0
5.7250000000000005,0.0,0.6,0.39062434,0.39883614,0.44938698,0.43338326,27.140291,5.228152e-08,0.0
5.73,0.0,0.6,0.39062434,0.40204674,0.46005398,0.440286,27.105984,-2.8898919e-09,0.0
5.735,0.0,0.6,0.39062434,0.39755353,0.46771896,0.4441552,26.636736,-3.5854267e-08,0.0
5.74,0.0,0.6,0.6,0.40258783,0.47742367,0.4455081,26.493542,-3.478483e-08,0.0
5.745,0.0,0.6,0.6,0.3905989,0.48461083,0.44745612,26.223106,1.944541e-08,0.0
5.75,0.0,0.6,0.6,0.3893101,0.48996738,0.44787806,26.09899,-1.9626812e-08,0.0
5.755,0.0,0.6,0.6,0.395488,0.49705693,0.44728237,26.329212,2.307701e-09,0.0
5.76,0.0,0.6,0.6,0.39718497,0.50354755,0.44808635,26.127682,7.5728074e-08,0.0
5.765,0.0,0.6,0.6,0.3979105,0.50801516,0.44829065,25.322733,-5.29209e-08,0.0
5.7700000000000005,0.0,0.6,0.6,0.38243514,0.5136213,0.44937435,24.169191,-6.609028e-10,0.0
5.775,0.0,0.6,0.6,0.3603644,0.51934767,0.4513349,23.400772,3.9617842e-09,0.0
5.78,0.0,0.6,0.6,0.34084678,0.523008,0.45343935,23.05713,-6.24574e-08,0.0
5.785,0.0,0.6,0.6,0.31021896,0.52623326,0.45876512,22.800446,2.5851083e-08,0.0
5.79,0.0,0.6,0.6,0.28890797,0.5303324,0.46724558,22.340044,1.3424578e-08,0.0
5.795,0.0,0.6,0.6,0.26556522,0.5330399,0.4747316,21.52026,3.0405857e-08,0.0
5.8,0.0,0.3761355,0.6,0.23503555,0.5354628,0.48217183,20.288954,-3.1990508e-09,0.0
5.805,0.0,0.3761355,0.6,0.20087416,0.53809994,0.49095088,18.59261,-5.8748125e-08,0.0
5.8100000000000005,0.0,0.3761355,0.6,0.18665433,0.5401027,0.49807966,16.37531,-3.508919e-08,0.0
5.815,0.0,0.3761355,0.6,0.17438109,0.5423954,0.5040688,13.780819,-1.05332944e-07,0.0
5.82,0.0,0.4259959,0.6,0.15241127,0.545182,0.5114533,11.047446,5.2335054e-08,0.0
5.825,0.0,0.4259959,0.6,0.15037417,0.5475834,0.5173662,8.312952,-4.8241695e-08,0.0
5.83,0.0,0.4259959,0.6,0.1186967,0.548124,0.5219748,5.8128567,-1.06101304e-07,0.0
5.835,0.0,0.4259959,0.6,0.107721016,0.54670525,0.52682066,3.5812328,-3.610775e-08,0.0
5.84,0.44740817,0.4714768,0.6,0.09556594,0.54593265,0.53151387,0.8303819,-3.9445165e-08,0.0
5.845,0.44740817,0.4714768,0.6,0.0900232,0.54443824,0.5347379,1.461392e-09,-4.0701142e-08,0.0
5.8500000000000005,0.44740817,0.4714768,0.6,0.07398887,0.542462,0.53867686,1.7502001e-09,4.5524878e-08,0.0
5.855,0.44740817,0.4714768,0.6,0.06409353,0.54162025,0.5427342,1.5973164e-09,-1.9210157e-08,0.0
5.86,0.2945093,0.6,0.48692045,0.050227214,0.5402725,0.5455445,2.1809331e-08,9.4277176e-11,0.0
5.865,0.2945093,0.6,0.48692045,0.04269564,0.53850967,0.54887986,-7.3825004e-09,-1.5255026e-08,0.0
5.87,0.2945093,0.6,0.48692045,0.028974978,0.53782386,0.5520756,5.1679634e-09,1.3464814e-09,0.0
5.875,0.2945093,0.6,0.48692045,0.029972289,0.53677255,0.55427384,9.071595e-09,2.104803e-08,0.0
5.88,0.0,0.41153714,0.6,0.03717789,0.5357251,0.5563182,1.961387e-08,-3.3111473e-08,0.0
5.885,0.0,0.41153714,0.6,0.054416638,0.5355003,0.55820554,6.2631083e-09,-8.045902e-09,0.0
5.89,0.0,0.41153714,0.6,0.06738213,0.5347389,0.5597832,3.6257988e-09,-1.1310712e-08,0.0
5.8950000000000005,0.0,0.41153714,0.6,0.10507037,0.5350825,0.55917513,-1.2429026e-08,9.043263e-10,0.0
5.9,0.0,0.0,0.6,0.12221041,0.53534627,0.5586186,-9.701727e-09,1.5022467e-08,0.0
5.905,0.0,0.0,0.6,0.12502886,0.5356544,0.5585602,0.07090086,2.3288914e-08,0.0
5.91,0.0,0.0,0.6,0.12527098,0.53486645,0.5581358,0.23096988,3.404921e-08,0.0
5.915,0.0,0.0,0.6,0.12902644,0.5284997,0.5580342,-6.330824e-09,-9.591413e-08,0.0
5.92,0.25003636,0.0,0.2594454,0.13125305,0.52201974,0.5577752,-4.894784e-09,-8.1797e-08,0.0
5.925,0.25003636,0.0,0.2594454,0.1269777,0.514044,0.55755746,1.1423675e-08,1.1621727e-08,0.0
5.93,0.25003636,0.0,0.2594454,0.1226176,0.49815804,0.5574348,1.6353645e-09,1.6921838e-08,0.0
5.9350000000000005,0.25003636,0.0,0.2594454,0.12367931,0.47611204,0.557604,5.693207e-09,6.2889264e-08,0.0
5.94,0.6,0.0889989,0.6,0.12247309,0.45755133,0.5571476,1.714758e-08,7.1037296e-09,0.0
5.945,0.6,0.0889989,0.6,0.12300625,0.4368493,0.5550033,-2.0417465e-09,-3.739866e-08,0.0
5.95,0.6,0.0889989,0.6,0.108969,0.41341743,0.55387735,-1.4153235e-08,4.4299075e-11,0.0
5.955,0.6,0.0889989,0.6,0.10330886,0.38518006,0.5538053,1.9131962e-08,-7.4112556e-08,0.0
5.96,0.6,0.27955514,0.15993989,0.10843216,0.35657355,0.5513909,0.0062942463,-6.113951e-08,0.0
5.965,0.6,0.27955514,0.15993989,0.102246195,0.32674426,0.5481387,1.6243303e-09,7.219168e-08,0.0
5.97,0.6,0.27955514,0.15993989,0.108133964,0.29881388,0.544449,0.2897893,4.6065356e-08,0.0
5.9750000000000005,0.6,0.27955514,0.15993989,0.1265696,0.271661,0.5422462,0.822356,1.15472986e-07,0.0
5.98,0.27550375,0.50046504,0.4306851,0.13504054,0.24557917,0.5415112,1.8088169,1.8684048e-08,0.0
5.985,0.27550375,0.50046504,0.4306851,0.14783594,0.22282274,0.54065144,3.206574,1.2045224e-07,0.0
5.99,0.27550375,0.50046504,0.4306851,0.17010154,0.20885538,0.53694534,4.7745523,4.576509e-10,0.0
5.995,0.27550375,0.50046504,0.4306851,0.19858584,0.20397423,0.52442336,6.40049,1.1991673e-07,0.0
6.0,0.6,0.4410812,0.29830226,0.21087757,0.20046715,0.50743145,8.080775,-5.82385e-08,0.0
6.005,0.6,0.4410812,0.29830226,0.23591654,0.1998702,0.49193868,9.754754,6.499467e-08,0.0
6.01,0.6,0.4410812,0.29830226,0.2583373,0.20305143,0.47528273,11.438801,1.9152291e-07,0.0
6.015000000000001,0.6,0.4410812,0.29830226,0.2659175,0.20900196,0.46294203,13.187624,9.513787e-08,0.0
6.0200000000000005,0.6,0.37757036,0.5298357,0.27695996,0.2162263,0.4532994,14.947102,1.950347e-07,0.0
6.025,0.6,0.37757036,0.5298357,0.2741367,0.22990717,0.44143534,16.662544,7.380093e-08,0.0
6.03,0.6,0.37757036,0.5298357,0.28069666,0.2495813,0.43014097,18.696861,7.85919e-08,0.0
6.035,0.6,0.37757036,0.5298357,0.28242844,0.2669835,0.4220398,20.604311,2.4159857e-07,0.0
6.04,0.35645437,0.5782721,0.6,0.3004529,0.28468862,0.41186684,22.097181,1.1700083e-07,0.0
6.045,0.35645437,0.5782721,0.6,0.31252357,0.30319774,0.4012456,23.287315,8.0030365e-09,0.0
6.05,0.35645437,0.5782721,0.6,0.3280216,0.3184015,0.39318356,24.206074,1.5839722e-08,0.0
6.055,0.35645437,0.5782721,0.6,0.3507956,0.33068228,0.3896523,24.880781,5.1714824e-09,0.0
6.0600000000000005,0.27833828,0.6,0.57207763,0.36834297,0.3404325,0.38956353,25.411264,1.305961e-08,0.0
6.065,0.27833828,0.6,0.57207763,0.37086916,0.34665418,0.38885972,25.882751,-5.7135107e-08,0.0
6.07,0.27833828,0.6,0.57207763,0.38260916,0.35369474,0.38891807,26.28954,-1.9814589e-08,0.0
6.075,0.27833828,0.6,0.57207763,0.39186746,0.3656735,0.3910394,26.647388,1.34666935e-08,0.0
6.08,0.4750885,0.6,0.42435575,0.3948662,0.3795891,0.39110044,26.957739,-1.6164709e-08,0.0
6.085,0.4750885,0.6,0.42435575,0.39217442,0.39066055,0.3923584,27.169867,4.028244e-08,0.0
6.09,0.4750885,0.6,0.42435575,0.38877916,0.40512565,0.3983913,27.85445,3.9972456e-08,0.0
6.095,0.4750885,0.6,0.42435575,0.3879446,0.41972074,0.4084222,29.011377,1.385633e-07,0.0
6.1000000000000005,0.0,0.6,0.3735221,0.39151257,0.43147588,0.41660297,30.283941,7.547521e-08,0.0
6.105,0.0,0.6,0.3735221,0.3856729,0.4431573,0.42528337,30.843824,3.2916518e-08,0.0
6.11,0.0,0.6,0.3735221,0.38853374,0.45530424,0.43250534,31.10177,6.5229107e-09,0.0
6.115,0.0,0.6,0.3735221,0.3799914,0.46391135,0.43684983,30.759523,-2.6634783e-08,0.0
6.12,0.0,0.6,0.6,0.38396093,0.47298136,0.43905327,30.249622,3.6417543e-08,0.0
6.125,0.0,0.6,0.6,0.37881646,0.481942,0.44035116,29.311878,-7.779783e-09,0.0
6.13,0.0,0.6,0.6,0.3817782,0.48775867,0.4414235,28.394096,4.316925e-08,0.0
6.135,0.0,0.6,0.6,0.39340815,0.4939613,0.44087684,27.2245,1.4902803e-08,0.0
6.140000000000001,0.0,0.6,0.6,0.38845387,0.50151813,0.4407689,25.694159,-6.0275845e-08,0.0
6.1450000000000005,0.0,0.6,0.6,0.3752605,0.5067388,0.44109747,24.64207,2.8197485e-08,0.0
6.15,0.0,0.6,0.6,0.3526695,0.51163584,0.44138503,24.18873,-1.2315301e-08,0.0
6.155,0.0,0.6,0.6,0.31860253,0.51676714,0.4432915,23.9543,-2.3508829e-08,0.0
6.16,0.0,0.6,0.6,0.28565794,0.5204839,0.4450744,23.559067,-1.92368e-08,0.0
6.165,0.0,0.6,0.6,0.25905412,0.5233284,0.44814393,22.733923,-6.0390846e-08,0.0
6.17,0.0,0.6,0.6,0.24208455,0.52750945,0.45577958,21.386845,-8.79657e-08,0.0
6.175,0.0,0.6,0.6,0.20877732,0.53033626,0.46444342,19.5873,3.2059233e-09,0.0
6.18,0.0,0.37491173,0.6,0.18583302,0.53258246,0.4717274,17.337835,-7.882387e-08,0.0
6.1850000000000005,0.0,0.37491173,0.6,0.16853935,0.5350392,0.48051634,14.693229,-1.7730514e-07,0.0
6.19,0.0,0.37491173,0.6,0.15016057,0.53769106,0.48895818,11.821139,-3.3632976e-08,0.0
6.195,0.0,0.37491173,0.6,0.13037674,0.53976446,0.49529263,8.903023,1.0784782e-07,0.0
6.2,0.0,0.43458506,0.6,0.12218251,0.5426367,0.50247663,6.0944843,3.206267e-08,0.0
6.205,0.0,0.43458506,0.6,0.105565585,0.54566556,0.5094015,3.6022496,-1.0311095e-07,0.0
6.21,0.0,0.43458506,0.6,0.09146917,0.5475089,0.5145113,1.5419492,8.975145e-08,0.0
6.215,0.0,0.43458506,0.6,0.08861779,0.54629767,0.5199237,-0.0005290933,-1.5594681e-07,0.0
6.22,0.40404305,0.5928338,0.6,0.07370054,0.5455656,0.52504736,-1.2980845e-09,-4.3638316e-08,0.0
6.2250000000000005,0.40404305,0.5928338,0.6,0.07333962,0.54497296,0.5291482,-1.4798203e-09,-3.808085e-08,0.0
6.23,0.40404305,0.5928338,0.6,0.06402189,0.5428208,0.5329989,3.4399197e-09,-2.6717961e-08,0.0
6.235,0.40404305,0.5928338,0.6,0.05481223,0.54215324,0.5370989,-4.8870468e-09,2.2527376e-09,0.0
6.24,0.23547833,0.6,0.58633065,0.052826066,0.5420053,0.540061,5.7838188e-09,-3.8462037e-08,0.0
6.245,0.23547833,0.6,0.58633065,0.056232397,0.54081845,0.54331225,-7.1373067e-09,3.709596e-08,0.0
6.25,0.23547833,0.6,0.58633065,0.05172953,0.5401686,0.54720676,4.6102855e-09,-4.952489e-09,0.0
6.255,0.23547833,0.6,0.58633065,0.045996286,0.53917813,0.55006045,4.1662385e-09,3.4651016e-08,0.0
6.26,0.0,0.37901747,0.6,0.06314182,0.5395607,0.5516934,-7.832901e-10,-3.6595463e-08,0.0
6.265000000000001,0.0,0.37901747,0.6,0.078157835,0.5398448,0.5542565,-4.6487587e-09,2.9610431e-08,0.0
6.2700000000000005,0.0,0.37901747,0.6,0.09917852,0.5395886,0.55595416,7.2675506e-09,-3.554699e-10,0.0
6.275,0.0,0.37901747,0.6,0.11430208,0.539984,0.55749995,1.224576e-08,-2.9925943e-08,0.0
6.28,0.07447259,0.0,0.6,0.12386263,0.54065377,0.55891585,0.00836392,1.2251966e-09,0.0
6.285,0.07447259,0.0,0.6,0.12206711,0.54079294,0.56049806,0.085058704,2.5033676e-08,0.0
6.29,0.07447259,0.0,0.6,0.13426498,0.5411287,0.561693,0.44312075,8.534171e-08,0.0
6.295,0.07447259,0.0,0.6,0.13839911,0.5404905,0.5629568,0.88661915,1.5104986e-09,0.0
6.3,0.33854923,0.0,0.6,0.14047375,0.5406305,0.56422806,0.40523443,-9.5296514e-08,0.0
6.305,0.33854923,0.0,0.6,0.14289454,0.5410225,0.5654579,0.014039727,2.6162056e-08,0.0
6.3100000000000005,0.33854923,0.0,0.6,0.13622966,0.53833765,0.5666855,0.24443898,-4.4124025e-08,0.0
6.315,0.33854923,0.0,0.6,0.1414749,0.5215431,0.5681375,0.014745037,1.848093e-08,0.0
6.32,0.6,0.23535664,0.39714667,0.15447459,0.4938082,0.56903964,-7.3357076e-10,3.1772696e-08,0.0
6.325,0.6,0.23535664,0.39714667,0.15247756,0.45965254,0.5699997,9.8364445e-09,-3.5893242e-09,0.0
6.33,0.6,0.23535664,0.39714667,0.1433332,0.4248958,0.57113796,0.052274115,4.4589168e-08,0.0
6.335,0.6,0.23535664,0.39714667,0.14906245,0.38966843,0.57224286,0.24069756,-3.0404845e-08,0.0
6.34,0.44895807,0.15265217,0.13695921,0.14614424,0.3569728,0.5720084,0.47653636,3.9626133e-08,0.0
6.345,0.44895807,0.15265217,0.13695921,0.15371646,0.32486954,0.5718744,1.0865092,1.14184836e-07,0.0
6.3500000000000005,0.44895807,0.15265217,0.13695921,0.15789106,0.2965203,0.5722003,1.9915434,-8.5249326e-08,0.0
6.355,0.44895807,0.15265217,0.13695921,0.17160934,0.2728152,0.5711142,3.0448232,7.5506875e-08,0.0
6.36,0.4054478,0.45332882,0.24953257,0.19540583,0.2548262,0.5687702,4.233512,1.8876632e-08,0.0
6.365,0.4054478,0.45332882,0.24953257,0.20795883,0.243626,0.5684055,5.7791414,1.7517813e-07,0.0
6.37,0.4054478,0.45332882,0.24953257,0.23788042,0.2376226,0.56752706,7.6142416,6.994605e-08,0.0
6.375,0.4054478,0.45332882,0.24953257,0.26323828,0.23282087,0.56404746,9.633341,6.4078186e-08,0.0
6.38,0.6,0.41511428,0.26865283,0.28281507,0.22893827,0.5586231,11.803648,3.672348e-08,0.0
6.385,0.6,0.41511428,0.26865283,0.2926127,0.22674568,0.55213296,14.062851,1.5004844e-07,0.0
6.390000000000001,0.6,0.41511428,0.26865283,0.30515596,0.22709605,0.53861296,16.30321,7.893979e-08,0.0
6.3950000000000005,0.6,0.41511428,0.26865283,0.32082185,0.22877245,0.5175082,18.45365,9.2336265e-08,0.0
6.4,0.6,0.48943993,0.6,0.33280274,0.22925901,0.49832413,20.507643,4.1510884e-08,0.0
6.405,0.6,0.48943993,0.6,0.34806556,0.23396435,0.4787726,22.464355,1.2858848e-07,0.0
6.41,0.6,0.48943993,0.6,0.35154057,0.24595158,0.45828104,24.342682,7.542629e-08,0.0
6.415,0.6,0.48943993,0.6,0.35576808,0.25964874,0.43989685,26.11768,6.488271e-08,0.0
6.42,0.4113716,0.6,0.6,0.37272274,0.27212304,0.42471904,27.763443,7.158475e-08,0.0
6.425,0.4113716,0.6,0.6,0.3950537,0.28874028,0.41184822,29.282867,1.8941702e-07,0.0
6.43,0.4113716,0.6,0.6,0.39405203,0.30464694,0.4036631,30.667171,1.0494748e-07,0.0
6.4350000000000005,0.4113716,0.6,0.6,0.41009006,0.31785616,0.39900258,32.434887,1.6725183e-07,0.0
6.44,0.22823046,0.6,0.41565654,0.41843522,0.33354443,0.3980594,33.986122,9.2112096e-08,0.0
6.445,0.22823046,0.6,0.41565654,0.4269481,0.34905356,0.39759207,34.925175,-1.8825391e-08,0.0
6.45,0.22823046,0.6,0.41565654,0.43186736,0.36108166,0.3971286,35.341446,-1.2697378e-08,0.0
6.455,0.22823046,0.6,0.41565654,0.43191957,0.37476632,0.39895988,35.33612,-1.7291311e-08,0.0
6.46,0.58648986,0.6,0.55564785,0.43124396,0.39158407,0.4009973,34.985077,-9.545085e-09,0.0
6.465,0.58648986,0.6,0.55564785,0.4324967,0.40471846,0.40241438,35.02209,3.246201e-08,0.0
6.47,0.58648986,0.6,0.55564785,0.43201283,0.41852066,0.40417114,34.886036,-1.3214828e-08,0.0
6.4750000000000005,0.58648986,0.6,0.55564785,0.42942744,0.43323672,0.40634742,34.89639,-1.28119595e-08,0.0
6.48,0.0,0.6,0.6,0.43513727,0.44456044,0.40828338,35.243576,4.3037403e-08,0.0
6.485,0.0,0.6,0.6,0.4276269,0.45402682,0.41311336,35.031742,-1.9018625e-08,0.0
6.49,0.0,0.6,0.6,0.42204505,0.46575716,0.42146188,34.7141,-1.9879089e-08,0.0
6.495,0.0,0.6,0.6,0.427806,0.47401989,0.4289053,34.578976,2.8342452e-08,0.0
6.5,0.0,0.6,0.6,0.4243521,0.48081708,0.43626115,33.84373,-1.2331683e-08,0.0
6.505,0.0,0.6,0.6,0.43053648,0.48920038,0.4454454,33.055878,-2.3676915e-08,0.0
6.51,0.0,0.6,0.6,0.43303186,0.49501917,0.4543202,31.933857,5.7450745e-08,0.0
6.515000000000001,0.0,0.6,0.6,0.4310338,0.49974242,0.46130323,30.319614,-6.556226e-08,0.0
6.5200000000000005,0.0,0.6,0.6,0.4368934,0.50529635,0.47116747,29.173153,3.830879e-08,0.0
6.525,0.0,0.6,0.6,0.4245826,0.5102527,0.48020408,28.08809,3.056864e-08,0.0
6.53,0.0,0.6,0.6,0.39929676,0.51315963,0.4877453,27.391117,2.9172618e-08,0.0
6.535,0.0,0.6,0.6,0.36667782,0.51708144,0.49555555,27.151308,-5.883463e-09,0.0
6.54,0.0,0.6,0.6,0.34043655,0.52030474,0.5030209,26.927084,8.708853e-09,0.0
6.545,0.0,0.6,0.6,0.30628932,0.52224106,0.5087183,26.439735,-4.9367213e-09,0.0
6.55,0.0,0.6,0.6,0.2787292,0.525269,0.5144355,25.497246,-1.7970105e-08,0.0
6.555,0.0,0.6,0.6,0.25312376,0.5276024,0.52032715,24.017221,-4.3744812e-08,0.0
6.5600000000000005,0.0,0.55818963,0.6,0.21645385,0.5297966,0.52400833,22.02609,4.6104027e-08,0.0
6.565,0.0,0.55818963,0.6,0.19233024,0.5326938,0.52778655,19.519323,1.2045115e-08,0.0
6.57,0.0,0.55818963,0.6,0.1735331,0.5358007,0.53180146,16.577456,2.0634165e-08,0.0
6.575,0.0,0.55818963,0.6,0.15695429,0.5386697,0.5346693,13.375668,-4.6757663e-08,0.0
6.58,0.0,0.55992216,0.6,0.14859065,0.5417256,0.53741485,10.1237135,3.595805e-08,0.0
6.585,0.0,0.55992216,0.6,0.13577147,0.545269,0.5404798,7.080458,1.9686334e-08,0.0
6.59,0.0,0.55992216,0.6,0.124719515,0.5477765,0.54302907,4.4384227,-2.2747319e-08,0.0
6.595,0.0,0.55992216,0.6,0.10005393,0.5498735,0.5458366,2.3210726,5.6214176e-08,0.0
6.6000000000000005,0.2602778,0.5759089,0.6,0.088285334,0.5519297,0.54882455,0.6739121,-7.90813e-08,0.0
6.605,0.2602778,0.5759089,0.6,0.08434086,0.55349135,0.5512414,1.0442883e-08,-1.560233e-08,0.0
6.61,0.2602778,0.5759089,0.6,0.06790739,0.5542377,0.5534627,6.613154e-10,-5.707524e-08,0.0
6.615,0.2602778,0.5759089,0.6,0.05137796,0.5549224,0.5560568,4.188979e-09,6.795477e-08,0.0
6.62,0.14995271,0.044309825,0.5530007,0.053233244,0.55517435,0.55814475,-1.3787225e-08,-5.0072867e-08,0.0
6.625,0.14995271,0.044309825,0.5530007,0.052754458,0.5556379,0.5595173,-5.0058615e-09,3.06973e-08,0.0
6.63,0.14995271,0.044309825,0.5530007,0.053991828,0.5561331,0.56142604,-5.863842e-09,2.5345207e-08,0.0
6.635,0.14995271,0.044309825,0.5530007,0.059702333,0.55642515,0.56306845,9.56565e-09,-1.3996321e-08,0.0
6.640000000000001,0.0,0.123282984,0.6,0.0761353,0.5567803,0.5636443,9.6268025e-09,4.0589338e-08,0.0
6.6450000000000005,0.0,0.123282984,0.6,0.09767891,0.55538404,0.5636482,2.0398724e-08,-6.4529736e-08,0.0
6.65,0.0,0.123282984,0.6,0.1011845,0.5546466,0.56333166,2.9841074e-09,-1.1763859e-08,0.0
6.655,0.0,0.123282984,0.6,0.09817218,0.5540292,0.56341136,4.481335e-09,-9.111291e-08,0.0
6.66,0.1318301,0.0,0.6,0.10576656,0.5525727,0.562584,1.5371896e-08,3.322203e-09,0.0
6.665,0.1318301,0.0,0.6,0.11604923,0.54942435,0.56209123,-4.449412e-09,6.881475e-08,0.0
6.67,0.1318301,0.0,0.6,0.11814075,0.54616386,0.561688,-4.7761093e-09,-3.411585e-08,0.0
6.675,0.1318301,0.0,0.6,0.123349845,0.53660613,0.5609454,-6.7468164e-09,-1.0134085e-07,0.0
6.68,0.47413272,0.030790258,0.53114766,0.118997596,0.51655143,0.56087834,4.4407167e-09,-8.668369e-09,0.0
6.6850000000000005,0.47413272,0.030790258,0.53114766,0.12562388,0.4942466,0.56071746,-2.7530925e-08,-8.847048e-08,0.0
6.69,0.47413272,0.030790258,0.53114766,0.124448,0.47476187,0.56087506,-4.719658e-09,5.2237557e-09,0.0
6.695,0.47413272,0.030790258,0.53114766,0.10593137,0.45096442,0.5611056,6.791389e-10,-1.5133473e-08,0.0
6.7,0.5847113,0.048309002,0.45658365,0.09667986,0.42593935,0.5611716,-6.3093664e-09,-1.2098853e-08,0.0
6.705,0.5847113,0.048309002,0.45658365,0.1051365,0.40145534,0.56065553,9.806674e-09,-3.978972e-09,0.0
6.71,0.5847113,0.048309002,0.45658365,0.13231996,0.37815243,0.56015295,-1.1774888e-08,-2.3739824e-08,0.0
6.715,0.5847113,0.048309002,0.45658365,0.14932749,0.35651213,0.56010103,0.028820395,1.5191866e-08,0.0
6.72,0.3839387,0.14015076,0.35487968,0.16310312,0.33929658,0.55938387,0.30863595,-7.034448e-08,0.0
6.7250000000000005,0.3839387,0.14015076,0.35487968,0.18003178,0.32216656,0.55825186,0.99625176,1.039111e-07,0.0
6.73,0.3839387,0.14015076,0.35487968,0.20648983,0.30644807,0.558119,2.1095169,-1.5465085e-08,0.0
6.735,0.3839387,0.14015076,0.35487968,0.23044762,0.29285315,0.5580282,3.6267414,-4.4659682e-08,0.0
6.74,0.45148173,0.54932386,0.29885036,0.25677976,0.2803587,0.5560578,5.458262,1.2311025e-07,0.0
6.745,0.45148173,0.54932386,0.29885036,0.26103675,0.2668723,0.5558161,7.500376,8.056463e-08,0.0
6.75,0.45148173,0.54932386,0.29885036,0.28655842,0.2561856,0.5559264,9.551534,1.1384988e-07,0.0
6.755,0.45148173,0.54932386,0.29885036,0.29827252,0.24638353,0.55295855,11.568816,4.955922e-08,0.0
6.76,0.6,0.57945156,0.12216712,0.31116295,0.23774225,0.54770947,13.528487,2.1753338e-07,0.0
6.765000000000001,0.6,0.57945156,0.12216712,0.30797487,0.23131552,0.5422942,15.6298895,1.0252147e-07,0.0
6.7700000000000005,0.6,0.57945156,0.12216712,0.3214423,0.22870828,0.53418535,18.308004,-2.5141231e-08,0.0
6.775,0.6,0.57945156,0.12216712,0.32995093,0.22965506,0.5151668,20.763351,1.4081485e-07,0.0
6.78,0.579764,0.5850631,0.2062469,0.33406034,0.23103698,0.4957088,22.837788,1.5457321e-07,0.0
6.785,0.579764,0.5850631,0.2062469,0.34698457,0.23411283,0.47765762,24.69179,1.2183793e-07,0.0
6.79,0.579764,0.5850631,0.2062469,0.37136716,0.24731669,0.45819366,26.37227,1.1105704e-07,0.0
6.795,0.579764,0.5850631,0.2062469,0.39291355,0.26707572,0.4383818,28.007647,1.5231639e-07,0.0
6.8,0.44971177,0.6,0.538076,0.39806488,0.2852997,0.4220468,29.663418,1.1357692e-07,0.0
6.805,0.44971177,0.6,0.538076,0.41037568,0.30397293,0.4043936,31.202639,1.0804241e-07,0.0
6.8100000000000005,0.44971177,0.6,0.538076,0.42591643,0.32576838,0.38722184,32.4916,9.907874e-08,0.0
6.815,0.44971177,0.6,0.538076,0.4394497,0.34441203,0.37239268,33.47356,-1.6013729e-08,0.0
6.82,0.22490437,0.6,0.5070895,0.44840452,0.36129105,0.35813615,34.14063,1.8311137e-08,0.0
6.825,0.22490437,0.6,0.5070895,0.4610488,0.37969103,0.34453037,34.50515,-1.0186342e-08,0.0
6.83,0.22490437,0.6,0.5070895,0.47028226,0.39469308,0.33468738,34.604504,-8.55052e-09,0.0
6.835,0.22490437,0.6,0.5070895,0.46927857,0.4070785,0.33056775,34.488663,-5.8329857e-08,0.0
6.84,0.6,0.6,0.5362768,0.46190578,0.42213365,0.33012748,34.917408,7.82855e-08,0.0
6.845,0.6,0.6,0.5362768,0.46897534,0.43380183,0.32948095,35.912086,4.911583e-08,0.0
6.8500000000000005,0.6,0.6,0.5362768,0.45687285,0.44341454,0.3304159,36.389362,7.055747e-08,0.0
6.855,0.6,0.6,0.5362768,0.45518714,0.45473528,0.33370298,36.73734,4.8870962e-08,0.0
6.86,0.022877563,0.6,0.6,0.45300362,0.46415985,0.3377441,37.237087,4.8605504e-08,0.0
6.865,0.022877563,0.6,0.6,0.4551463,0.47095987,0.34274155,37.712276,-1.031589e-08,0.0
6.87,0.022877563,0.6,0.6,0.4634559,0.48016787,0.3548687,37.365387,6.200214e-08,0.0
6.875,0.022877563,0.6,0.6,0.45812675,0.48821163,0.36920613,36.121696,-1.0363294e-08,0.0
6.88,0.0,0.6,0.6,0.4612005,0.49398932,0.38093093,35.05251,-1.624045e-08,0.0
6.885,0.0,0.6,0.6,0.46900505,0.50068027,0.39336267,33.782833,-1.152474e-07,0.0
6.890000000000001,0.0,0.6,0.6,0.46291548,0.50670236,0.40758672,32.110214,-2.4356547e-08,0.0
6.8950000000000005,0.0,0.6,0.6,0.45938155,0.5108427,0.41851735,30.999243,1.3449197e-08,0.0
6.9,0.0,0.6,0.6,0.46414244,0.5160672,0.42895362,30.665936,2.1755442e-08,0.0
6.905,0.0,0.6,0.6,0.455861,0.520314,0.4411059,30.12397,-4.3453777e-08,0.0
6.91,0.0,0.6,0.6,0.4548999,0.52143854,0.45239484,29.789265,-2.319731e-10,0.0
6.915,0.0,0.6,0.6,0.44939047,0.5240073,0.46331602,29.954285,5.0916285e-08,0.0
6.92,0.0,0.6,0.6,0.42567503,0.527189,0.47407708,30.384354,3.9824943e-08,0.0
6.925,0.0,0.6,0.6,0.3918995,0.5288008,0.48248172,30.772537,4.518311e-09,0.0
6.93,0.0,0.6,0.6,0.3664996,0.5307809,0.48930714,30.811703,-5.3065897e-08,0.0
6.9350000000000005,0.0,0.6,0.6,0.33761993,0.53268653,0.49745294,30.350626,-8.709301e-09,0.0
6.94,0.0,0.47438875,0.6,0.30155522,0.5340321,0.50357884,29.329521,1.43174965e-08,0.0
6.945,0.0,0.47438875,0.6,0.2755192,0.53539145,0.50848776,27.685743,4.30604e-08,0.0
6.95,0.0,0.47438875,0.6,0.24263541,0.53728217,0.5141549,25.457958,-1.7811e-07,0.0
6.955,0.0,0.47438875,0.6,0.21400504,0.53909737,0.5185796,22.704336,-1.16026335e-08,0.0
6.96,0.0,0.58258283,0.6,0.19574673,0.5395197,0.5216565,19.522646,-3.927678e-08,0.0
6.965,0.0,0.58258283,0.6,0.18106522,0.5386278,0.5256401,16.10819,-1.7172155e-07,0.0
6.97,0.0,0.58258283,0.6,0.16178466,0.53752667,0.5292744,11.842025,-1.1268903e-07,0.0
6.9750000000000005,0.0,0.58258283,0.6,0.15103006,0.53630424,0.5316101,6.842893,-2.1433057e-07,0.0
6.98,0.3157067,0.6,0.6,0.120796785,0.533779,0.53529453,1.8472941,-1.2538676e-07,0.0
6.985,0.3157067,0.6,0.6,0.11427552,0.53273356,0.53819466,2.182503e-08,-5.188166e-09,0.0
6.99,0.3157067,0.6,0.6,0.10129133,0.531364,0.54068047,6.4722245e-09,-1.6281146e-09,0.0
6.995,0.3157067,0.6,0.6,0.104710944,0.5303443,0.54357827,5.0838995e-09,-5.074316e-09,0.0
7.0,0.0,0.0,0.548747,0.09122721,0.5294387,0.5470227,-3.2152592e-09,3.550554e-08,0.0
7.005,0.0,0.0,0.548747,0.07289566,0.52849233,0.5496241,6.9345485e-09,7.7430595e-09,0.0
7.01,0.0,0.0,0.548747,0.08489193,0.52906936,0.5517962,7.800278e-09,-1.5771981e-08,0.0
7.015000000000001,0.0,0.0,0.548747,0.0767145,0.529691,0.55471754,-7.988137e-09,1.0366117e-08,0.0
7.0200000000000005,0.0,0.0,0.6,0.07331871,0.53091466,0.5561886,-3.858404e-09,4.1509555e-08,0.0
7.025,0.0,0.0,0.6,0.0756397,0.5306191,0.5566421,2.3793781e-08,2.5170753e-08,0.0
7.03,0.0,0.0,0.6,0.09509424,0.5292403,0.5565366,2.79971e-09,1.409537e-08,0.0
7.035,0.0,0.0,0.6,0.09896525,0.5292281,0.55625737,1.8488551e-08,3.587262e-08,0.0
7.04,0.26296023,0.0,0.5427712,0.09178613,0.5284232,0.55602735,-1.0479505e-08,5.6062788e-08,0.0
7.045,0.26296023,0.0,0.5427712,0.09290408,0.52581567,0.555683,6.9971007e-09,-3.141457e-08,0.0
7.05,0.26296023,0.0,0.5427712,0.10084527,0.5153235,0.5556412,-4.274574e-09,4.5373203e-09,0.0
7.055,0.26296023,0.0,0.5427712,0.1058931,0.49123704,0.5555617,2.2138646e-08,-9.355132e-09,0.0
7.0600000000000005,0.6,0.2746647,0.6,0.102387674,0.46122447,0.5561039,1.6396186e-08,-1.4133333e-07,0.0
7.065,0.6,0.2746647,0.6,0.09040505,0.4265397,0.5569267,3.7988954e-10,-1.2555246e-08,0.0
7.07,0.6,0.2746647,0.6,0.09397177,0.39305195,0.55708915,-1.1646927e-08,4.8890293e-08,0.0
7.075,0.6,0.2746647,0.6,0.091238864,0.35889617,0.5568151,-2.9049017e-09,2.0940972e-08,0.0
7.08,0.6,0.23015264,0.081934854,0.092438266,0.32751018,0.5568504,0.046332583,-1.217925e-08,0.0
7.085,0.6,0.23015264,0.081934854,0.10537831,0.2966162,0.55690056,0.12027509,5.1536105e-08,0.0
7.09,0.6,0.23015264,0.081934854,0.11180292,0.2691023,0.55689174,0.39215353,4.918768e-08,0.0
7.095,0.6,0.23015264,0.081934854,0.13469324,0.24208719,0.5571835,1.1755666,5.4533032e-08,0.0
7.1000000000000005,0.2651549,0.49614763,0.35850814,0.14865923,0.21985455,0.5572863,2.4913511,-6.199751e-08,0.0
7.105,0.2651549,0.49614763,0.35850814,0.16447139,0.20642303,0.55538464,4.1234016,1.2596947e-08,0.0
7.11,0.2651549,0.49614763,0.35850814,0.19022976,0.19974299,0.5536046,5.8562207,1.30205e-07,0.0
7.115,0.2651549,0.49614763,0.35850814,0.19925196,0.19605827,0.5534981,7.6093364,-6.776536e-08,0.0
7.12,0.6,0.53244334,0.25261086,0.22320473,0.19529058,0.5525443,9.287017,-3.3566145e-08,0.0
7.125,0.6,0.53244334,0.25261086,0.250339,0.19720921,0.5474874,10.905057,3.9266755e-08,0.0
7.13,0.6,0.53244334,0.25261086,0.26907542,0.19815834,0.5410931,12.569071,7.250161e-08,0.0
7.135,0.6,0.53244334,0.25261086,0.27787575,0.20022258,0.53220165,14.314535,7.597811e-08,0.0
7.140000000000001,0.6,0.37682894,0.439204,0.2769936,0.21009156,0.5164326,16.080067,1.28201e-07,0.0
7.1450000000000005,0.6,0.37682894,0.439204,0.27505073,0.22821215,0.49815387,18.207785,-3.5416576e-08,0.0
7.15,0.6,0.37682894,0.439204,0.28136766,0.2441559,0.48405427,20.642841,3.626447e-08,0.0
7.155,0.6,0.37682894,0.439204,0.29775417,0.26148656,0.4668793,22.68627,4.3275232e-08,0.0
7.16,0.43659806,0.48666996,0.6,0.31423742,0.28272155,0.4478313,24.216492,1.4075138e-07,0.0
7.165,0.43659806,0.48666996,0.6,0.32210815,0.30194697,0.4317799,25.395369,6.3707525e-08,0.0
7.17,0.43659806,0.48666996,0.6,0.34104115,0.318497,0.41939983,26.23488,1.2989399e-07,0.0
7.175,0.43659806,0.48666996,0.6,0.36259645,0.33182555,0.4110844,26.791473,3.399915e-08,0.0
7.18,0.30946743,0.6,0.6,0.37664136,0.34018207,0.40605527,27.183062,-1.7775193e-08,0.0
7.1850000000000005,0.30946743,0.6,0.6,0.39969835,0.34866837,0.4034997,27.49556,1.7738385e-08,0.0
7.19,0.30946743,0.6,0.6,0.41027313,0.35979614,0.40351135,27.824722,2.0767414e-08,0.0
7.195,0.30946743,0.6,0.6,0.42054504,0.36819184,0.40321976,28.182968,3.7657706e-08,0.0
7.2,0.34494275,0.6,0.5483452,0.4243414,0.37618223,0.40362605,28.549452,7.979946e-08,0.0
7.205,0.34494275,0.6,0.5483452,0.42254454,0.38679484,0.40617284,28.889116,3.216332e-08,0.0
7.21,0.34494275,0.6,0.5483452,0.41173407,0.397171,0.40652132,29.803856,1.4336334e-08,0.0
7.215,0.34494275,0.6,0.5483452,0.40599006,0.4055274,0.40722123,31.237179,5.557374e-08,0.0
7.22,0.1955894,0.6,0.450355,0.4082578,0.4170495,0.41471812,32.776016,-2.6844929e-09,0.0
7.2250000000000005,0.1955894,0.6,0.450355,0.4159348,0.43043378,0.42388865,33.53847,2.2913214e-08,0.0
7.23,0.1955894,0.6,0.450355,0.41939488,0.44013712,0.43261158,33.3526,-1.5296399e-08,0.0
7.235,0.1955894,0.6,0.450355,0.41222793,0.4503676,0.44207898,32.518353,-9.1140215e-08,0.0
7.24,0.0,0.6,0.6,0.40967938,0.46090367,0.45118782,31.895742,5.1151833e-11,0.0
7.245,0.0,0.6,0.6,0.40899873,0.46787986,0.45735997,31.700659,-3.5374587e-08,0.0
7.25,0.0,0.6,0.6,0.41284683,0.47593978,0.46037325,31.736408,5.040345e-09,0.0
7.255,0.0,0.6,0.6,0.4114026,0.48379737,0.46281987,31.229048,-2.0247695e-08,0.0
7.26,0.0,0.6,0.6,0.4066302,0.48962688,0.4642258,30.681091,3.9987132e-08,0.0
7.265000000000001,0.0,0.6,0.6,0.4021326,0.49514848,0.46714404,30.416224,6.842447e-08,0.0
7.2700000000000005,0.0,0.6,0.6,0.3953053,0.5021167,0.47183707,30.282227,3.871869e-08,0.0
7.275,0.0,0.6,0.6,0.3862944,0.50638527,0.4762625,30.149315,-2.8168994e-08,0.0
7.28,0.0,0.6,0.6,0.36531147,0.51042587,0.48090097,29.920008,-2.1989809e-08,0.0
7.285,0.0,0.6,0.6,0.33956006,0.5155753,0.48795688,29.46499,-5.0954352e-08,0.0
7.29,0.0,0.6,0.6,0.3103911,0.5192591,0.49414772,28.64279,-9.9189435e-08,0.0
7.295,0.0,0.6,0.6,0.27955973,0.5219932,0.49959385,27.347939,5.134605e-08,0.0
7.3,0.0,0.5221215,0.6,0.25170177,0.5255573,0.5060356,25.521431,7.747581e-08,0.0
7.305,0.0,0.5221215,0.6,0.22346799,0.52820724,0.5118767,23.178696,-8.061827e-08,0.0
7.3100000000000005,0.0,0.5221215,0.6,0.20125516,0.5303107,0.5161439,20.390759,-1.8202206e-08,0.0
7.315,0.0,0.5221215,0.6,0.17595766,0.5333934,0.52131754,17.289318,1.494942e-07,0.0
7.32,0.0,0.4136314,0.6,0.1703109,0.5366202,0.52545476,13.979112,-1.0297884e-07,0.0
7.325,0.0,0.4136314,0.6,0.14996761,0.5387001,0.5285432,10.709521,-3.6712748e-07,0.0
7.33,0.0,0.4136314,0.6,0.13042332,0.53876805,0.53224045,7.6582193,-2.0012817e-07,0.0
7.335,0.0,0.4136314,0.6,0.1202621,0.53865445,0.5358588,4.9246683,-1.1933803e-07,0.0
7.34,0.31206512,0.43001464,0.6,0.118644945,0.5375213,0.5390264,1.8137622,-1.706689e-07,0.0
7.345,0.31206512,0.43001464,0.6,0.10663217,0.535493,0.54222363,9.0443475e-09,2.2276778e-08,0.0
7.3500000000000005,0.31206512,0.43001464,0.6,0.09262013,0.5349911,0.54512215,-9.486352e-09,-8.599801e-09,0.0
7.355,0.31206512,0.43001464,0.6,0.07415778,0.5337812,0.54768384,1.476578e-08,-4.4559084e-08,0.0
7.36,0.28376538,0.6,0.48779777,0.061244156,0.5317089,0.55038244,9.506621e-09,-2.9605218e-08,0.0
7.365,0.28376538,0.6,0.48779777,0.060036425,0.5306201,0.55316585,9.878553e-09,-4.0879473e-09,0.0
7.37,0.28376538,0.6,0.48779777,0.04532116,0.52965814,0.55557454,7.709623e-09,2.537786e-08,0.0
7.375,0.28376538,0.6,0.48779777,0.046387713,0.52821267,0.5572679,1.7841838e-08,-2.1135149e-08,0.0
7.38,0.0,0.3662205,0.6,0.052691896,0.52737236,0.55933994,1.303858e-09,-1.9030201e-08,0.0
7.385,0.0,0.3662205,0.6,0.055133045,0.5269287,0.56091714,-1.8658568e-09,-2.5097986e-08,0.0
7.390000000000001,0.0,0.3662205,0.6,0.08475851,0.5264929,0.5609129,-3.927292e-09,4.778396e-09,0.0
7.3950000000000005,0.0,0.3662205,0.6,0.1047607,0.5267897,0.56027967,1.3871589e-09,-8.010527e-09,0.0
7.4,0.0,0.0,0.6,0.12568484,0.5268721,0.5601725,-1.848689e-08,8.812709e-08,0.0
7.405,0.0,0.0,0.6,0.12875222,0.5267848,0.55977523,0.122038946,-1.3193154e-07,0.0
7.41,0.0,0.0,0.6,0.1262776,0.525456,0.558902,-5.7610907e-09,-1.2112506e-08,0.0
7.415,0.0,0.0,0.6,0.12961335,0.5224977,0.5588934,8.116728e-09,-4.7768943e-08,0.0
7.42,0.25558195,0.0,0.29694822,0.13884203,0.51926655,0.5585627,2.2629836e-08,-1.1735343e-07,0.0
7.425,0.25558195,0.0,0.29694822,0.14130898,0.50611806,0.5583586,9.156057e-09,-4.0268933e-08,0.0
7.43,0.25558195,0.0,0.29694822,0.15288709,0.48535976,0.5583363,-1.5134167e-09,-5.394809e-08,0.0
7.4350000000000005,0.25558195,0.0,0.29694822,0.14172457,0.4654812,0.55829936,-1.5011645e-08,-4.07395e-08,0.0
7.44,0.6,0.15073638,0.6,0.13337928,0.44637927,0.5583048,5.829593e-08,-8.509075e-08,0.0
7.445,0.6,0.15073638,0.6,0.12554623,0.4228009,0.55798525,-8.730076e-09,-4.2031548e-08,0.0
7.45,0.6,0.15073638,0.6,0.12684669,0.39630657,0.55771947,3.766196e-08,6.975542e-08,0.0
7.455,0.6,0.15073638,0.6,0.11641623,0.3662323,0.5567927,1.3583474e-08,5.0852407e-08,0.0
7.46,0.6,0.26195556,0.11786088,0.11239968,0.3373937,0.55492866,0.20952263,1.0539205e-08,0.0
7.465,0.6,0.26195556,0.11786088,0.10320004,0.307381,0.55509764,0.74615467,6.816655e-08,0.0
7.47,0.6,0.26195556,0.11786088,0.10701948,0.28041542,0.5550132,1.5331067,3.5269142e-08,0.0
7.4750000000000005,0.6,0.26195556,0.11786088,0.1241846,0.25318566,0.55444264,2.2912257,3.60034e-08,0.0
7.48,0.2732637,0.4947439,0.41707554,0.14169317,0.22936793,0.5543551,3.207773,3.1860246e-08,0.0
7.485,0.2732637,0.4947439,0.41707554,0.15813689,0.21142167,0.55367774,4.378723,7.8956525e-08,0.0
7.49,0.2732637,0.4947439,0.41707554,0.17648607,0.20359804,0.5503809,5.7026505,1.1881255e-07,0.0
7.495,0.2732637,0.4947439,0.41707554,0.19970989,0.19959186,0.5457956,7.101755,1.435734e-07,0.0
7.5,0.6,0.47046283,0.28539827,0.21654817,0.19756803,0.540613,8.566287,4.9106788e-08,0.0
7.505,0.6,0.47046283,0.28539827,0.23771426,0.1988225,0.52643377,10.0807705,1.11047484e-07,0.0
7.51,0.6,0.47046283,0.28539827,0.26132244,0.2020166,0.5062726,11.656377,-6.31202e-08,0.0
7.515000000000001,0.6,0.47046283,0.28539827,0.27544245,0.20576282,0.48889935,13.336856,1.8588824e-07,0.0
7.5200000000000005,0.6,0.34698573,0.5504028,0.2886005,0.2152644,0.4727686,15.100866,1.6111179e-07,0.0
7.525,0.6,0.34698573,0.5504028,0.29219255,0.2334745,0.4593431,16.89722,9.782668e-08,0.0
7.53,0.6,0.34698573,0.5504028,0.2853684,0.25245234,0.4495821,18.640364,7.68869e-08,0.0
7.535,0.6,0.34698573,0.5504028,0.29632926,0.27007005,0.4390542,20.67482,1.4737273e-07,0.0
7.54,0.3673488,0.5591357,0.6,0.31444174,0.28979838,0.42560324,22.573153,8.4283364e-08,0.0
7.545,0.3673488,0.5591357,0.6,0.32823387,0.30837026,0.41459092,24.079077,-9.442958e-09,0.0
7.55,0.3673488,0.5591357,0.6,0.348092,0.322407,0.40885234,25.225058,4.8849643e-08,0.0
7.555,0.3673488,0.5591357,0.6,0.3709159,0.33269784,0.40756425,26.078915,9.3485646e-08,0.0
7.5600000000000005,0.27206683,0.6,0.56162435,0.38729718,0.33920914,0.4061268,26.764559,2.7436162e-09,0.0
7.565,0.27206683,0.6,0.56162435,0.39754593,0.34432635,0.40545893,27.37464,-1.7369904e-09,0.0
7.57,0.27206683,0.6,0.56162435,0.39548075,0.35375053,0.40817794,27.943075,-5.3912192e-08,0.0
7.575,0.27206683,0.6,0.56162435,0.4046466,0.36676225,0.40836033,29.047014,1.0676359e-07,0.0
7.58,0.46508792,0.6,0.4089306,0.40514994,0.37692845,0.40854332,30.075544,5.4881728e-08,0.0
7.585,0.46508792,0.6,0.4089306,0.40535924,0.38897163,0.41161332,30.608753,3.483352e-09,0.0
7.59,0.46508792,0.6,0.4089306,0.40124577,0.40368968,0.4170238,30.710209,6.5718044e-09,0.0
7.595,0.46508792,0.6,0.4089306,0.39816257,0.41541436,0.42185232,31.0618,2.7184067e-08,0.0
7.6000000000000005,0.0,0.6,0.34945008,0.39915434,0.42751637,0.42877972,31.771685,1.1230198e-07,0.0
7.605,0.0,0.6,0.34945008,0.39754367,0.4408548,0.4384351,31.938957,-3.8212097e-08,0.0
7.61,0.0,0.6,0.34945008,0.40076128,0.4512454,0.4459243,31.959059,-6.9688837e-09,0.0
7.615,0.0,0.6,0.34945008,0.40265036,0.46010506,0.44888654,31.504435,-8.844893e-08,0.0
7.62,0.0,0.6,0.6,0.39972752,0.4701206,0.45066887,30.401564,2.7426843e-08,0.0
7.625,0.0,0.6,0.6,0.39643103,0.47764286,0.45235234,29.533638,-4.1303537e-08,0.0
7.63,0.0,0.6,0.6,0.39747024,0.48397753,0.45210302,29.13964,-1.8925624e-08,0.0
7.635,0.0,0.6,0.6,0.38997254,0.4914376,0.45203707,28.400127,-9.604326e-08,0.0
7.640000000000001,0.0,0.6,0.6,0.39556372,0.4979074,0.45282468,27.718037,-4.8999308e-08,0.0
7.6450000000000005,0.0,0.6,0.6,0.39473867,0.5026461,0.4529915,26.79449,-6.5661894e-08,0.0
7.65,0.0,0.6,0.6,0.38443598,0.5090358,0.45365214,26.08303,9.897825e-09,0.0
7.655,0.0,0.6,0.6,0.36334878,0.51426756,0.45399934,25.795055,4.039344e-08,0.0
7.66,0.0,0.6,0.6,0.34789312,0.5179043,0.45390218,25.609375,-2.9899116e-08,0.0
7.665,0.0,0.6,0.6,0.31424862,0.52201134,0.45737416,25.310268,-3.0887932e-08,0.0
7.67,0.0,0.6,0.6,0.2812646,0.52603334,0.46213302,24.670013,2.0005477e-09,0.0
7.675,0.0,0.6,0.6,0.25552037,0.5280938,0.46689823,23.504488,-9.9171755e-09,0.0
7.68,0.0,0.37109646,0.6,0.22902612,0.5310294,0.47343582,21.790424,2.5575108e-08,0.0
7.6850000000000005,0.0,0.37109646,0.6,0.20585866,0.53386265,0.4816571,19.581392,-9.4453576e-08,0.0
7.69,0.0,0.37109646,0.6,0.19743991,0.5358371,0.48798028,16.97209,1.4825159e-07,0.0
7.695,0.0,0.37109646,0.6,0.16783147,0.5376567,0.49498105,14.18535,3.1145075e-07,0.0
7.7,0.0,0.43485692,0.6,0.14805879,0.5405043,0.50199586,11.298867,9.8592075e-08,0.0
7.705,0.0,0.43485692,0.6,0.13348378,0.54281324,0.5074089,8.400901,1.2591118e-08,0.0
7.71,0.0,0.43485692,0.6,0.11630464,0.5423472,0.51273453,5.66953,2.7460811e-09,0.0
7.715,0.0,0.43485692,0.6,0.10922518,0.54079986,0.5183355,2.4026098,-1.5980206e-07,0.0
7.72,0.4465968,0.47636613,0.6,0.10493527,0.5399709,0.52293134,4.15026e-09,1.6990242e-08,0.0
7.7250000000000005,0.4465968,0.47636613,0.6,0.102985635,0.5378632,0.52674323,7.2672863e-09,5.0673652e-08,0.0
7.73,0.4465968,0.47636613,0.6,0.087454386,0.5356427,0.5319278,7.769903e-09,-4.97046e-08,0.0
7.735,0.4465968,0.47636613,0.6,0.07108135,0.53450733,0.5361983,3.0622684e-09,-1.7847423e-08,0.0
7.74,0.24693196,0.6,0.53141594,0.052625816,0.5324906,0.53960454,9.81247e-09,4.43084e-08,0.0
7.745,0.24693196,0.6,0.53141594,0.038194835,0.5312832,0.5432486,5.9689746e-09,8.632265e-09,0.0
7.75,0.24693196,0.6,0.53141594,0.041892186,0.5312011,0.5460189,5.956001e-10,3.8054683e-08,0.0
7.755,0.24693196,0.6,0.53141594,0.049746554,0.5304197,0.5478646,1.13236345e-08,6.2194268e-09,0.0
7.76,0.0,0.3915315,0.6,0.048416063,0.52979344,0.5504719,-3.6363772e-09,2.88164e-08,0.0
7.765000000000001,0.0,0.3915315,0.6,0.043878693,0.5291234,0.5531191,1.2034795e-08,5.1832405e-08,0.0
7.7700000000000005,0.0,0.3915315,0.6,0.05272945,0.52837056,0.5546258,8.9172986e-10,-1.4038891e-08,0.0
7.775,0.0,0.3915315,0.6,0.07034004,0.5287796,0.5544792,-4.261422e-09,-2.2726498e-08,0.0
7.78,0.09202123,0.04979618,0.6,0.10273203,0.5286638,0.55467963,-1.9730848e-08,-6.352215e-08,0.0
7.785,0.09202123,0.04979618,0.6,0.12233444,0.5287709,0.55432516,-1.5605406e-09,2.6311868e-08,0.0
7.79,0.09202123,0.04979618,0.6,0.122946665,0.5270286,0.55405205,0.094072655,1.5073181e-07,0.0
7.795,0.09202123,0.04979618,0.6,0.12347178,0.5214035,0.55361426,1.464958e-08,1.2280135e-07,0.0
7.8,0.30208823,0.0,0.32583642,0.12750596,0.5153371,0.553287,1.9957273e-08,2.8425808e-09,0.0
7.805000000000001,0.30208823,0.0,0.32583642,0.11611121,0.50520855,0.5536823,2.6204711e-08,2.98849e-08,0.0
7.8100000000000005,0.30208823,0.0,0.32583642,0.113635726,0.4868922,0.5541709,-9.469734e-10,-2.600614e-08,0.0
7.815,0.30208823,0.0,0.32583642,0.114400335,0.46611714,0.5546669,1.1687845e-08,4.366558e-08,0.0
7.82,0.6,0.16421598,0.5267905,0.114046045,0.44809988,0.5539958,2.5422409e-09,-1.9154308e-08,0.0
7.825,0.6,0.16421598,0.5267905,0.12466885,0.4262588,0.5532544,-2.1828379e-08,-4.1532143e-08,0.0
7.83,0.6,0.16421598,0.5267905,0.12834632,0.40154782,0.55380535,6.090001e-09,1.0270903e-07,0.0
7.835,0.6,0.16421598,0.5267905,0.12924767,0.37268156,0.55289966,7.496024e-10,-2.839073e-08,0.0
7.84,0.44706786,0.13473259,0.14190227,0.12050044,0.34440055,0.5507858,0.037644245,-4.7528143e-08,0.0
7.845,0.44706786,0.13473259,0.14190227,0.11739528,0.3149135,0.5502098,0.42917526,-7.1296256e-08,0.0
7.8500000000000005,0.44706786,0.13473259,0.14190227,0.12449916,0.28756064,0.54994184,1.2650468,1.7101362e-08,0.0
7.855,0.44706786,0.13473259,0.14190227,0.14222036,0.26010504,0.5485031,2.2324915,1.3755975e-07,0.0
7.86,0.4209132,0.4652517,0.2473832,0.1609505,0.23497413,0.5485682,3.457524,1.3607286e-07,0.0
7.865,0.4209132,0.4652517,0.2473832,0.1808608,0.21339257,0.54857546,4.975025,-7.674376e-09,0.0
7.87,0.4209132,0.4652517,0.2473832,0.21046244,0.1968617,0.5421352,6.647539,1.6222842e-07,0.0
7.875,0.4209132,0.4652517,0.2473832,0.2285604,0.18500587,0.52793574,8.433097,1.9831742e-07,0.0
7.88,0.6,0.41365823,0.28129947,0.24008861,0.17884645,0.51244175,10.282321,-4.252353e-08,0.0
7.885,0.6,0.41365823,0.28129947,0.26628658,0.17694102,0.49599084,12.112907,2.0041878e-07,0.0
7.890000000000001,0.6,0.41365823,0.28129947,0.2822155,0.17845759,0.47464234,13.959792,1.09645555e-07,0.0
7.8950000000000005,0.6,0.41365823,0.28129947,0.30229038,0.18129225,0.45607612,15.836923,7.943317e-08,0.0
7.9,0.6,0.48352116,0.6,0.3102392,0.18690711,0.43862036,17.744125,9.1083514e-08,0.0
7.905,0.6,0.48352116,0.6,0.3259466,0.20331505,0.42054385,19.630669,5.2152846e-08,0.0
7.91,0.6,0.48352116,0.6,0.33752173,0.22375144,0.40459287,21.477331,1.7508312e-07,0.0
7.915,0.6,0.48352116,0.6,0.34471038,0.24100715,0.3920596,23.278248,1.6768338e-07,0.0
7.92,0.41274774,0.6,0.6,0.3562215,0.25946286,0.37882376,25.005365,1.798768e-07,0.0
7.925,0.41274774,0.6,0.6,0.369542,0.2779241,0.36824867,26.6633,8.041824e-09,0.0
7.930000000000001,0.41274774,0.6,0.6,0.3835426,0.29211575,0.36151057,28.216581,2.1942523e-09,0.0
7.9350000000000005,0.41274774,0.6,0.6,0.4042282,0.30645818,0.36009562,29.60459,1.1655745e-07,0.0
7.94,0.23141073,0.6,0.41632152,0.41564617,0.32278502,0.36016592,30.817375,9.211687e-08,0.0
7.945,0.23141073,0.6,0.41632152,0.42144647,0.33567694,0.35949418,31.824121,3.1263717e-08,0.0
7.95,0.23141073,0.6,0.41632152,0.42415056,0.34859043,0.36131102,32.57775,7.317744e-08,0.0
7.955,0.23141073,0.6,0.41632152,0.4249582,0.36526623,0.36769757,33.05093,2.7509593e-08,0.0
7.96,0.5820102,0.6,0.55400854,0.43198436,0.3806749,0.37498423,33.215927,-2.6713705e-09,0.0
7.965,0.5820102,0.6,0.55400854,0.42574182,0.39341605,0.38340896,33.097466,1.0798177e-08,0.0
7.97,0.5820102,0.6,0.55400854,0.42343307,0.40881056,0.39173755,33.384857,3.4379585e-08,0.0
7.9750000000000005,0.5820102,0.6,0.55400854,0.41679344,0.42171296,0.39847553,34.14363,7.678977e-08,0.0
7.98,0.0,0.6,0.6,0.42196763,0.43219414,0.40435117,35.016113,6.464666e-08,0.0
7.985,0.0,0.6,0.6,0.42400694,0.44394693,0.4110689,35.15366,2.082799e-08,0.0
7.99,0.0,0.6,0.6,0.41761842,0.453541,0.41687214,34.40046,1.9193592e-08,0.0
7.995,0.0,0.6,0.6,0.42085764,0.46119395,0.42149174,33.698757,4.9137827e-09,0.0
8.0,0.0,0.6,0.6,0.4158264,0.4698975,0.42909735,32.70493,-8.077983e-09,0.0
8.005,0.0,0.6,0.6,0.41164288,0.477576,0.43756473,31.85308,-2.029252e-08,0.0
8.01,0.0,0.6,0.6,0.41534314,0.4830477,0.44388127,31.416754,1.0613515e-08,0.0
8.015,0.0,0.6,0.6,0.41187295,0.48916483,0.4524698,30.59303,1.2901546e-09,0.0
8.02,0.0,0.6,0.6,0.40741476,0.49481088,0.46231323,29.860855,-1.4743157e-08,0.0
8.025,0.0,0.6,0.6,0.39006612,0.4986705,0.46997064,29.51695,-3.6743797e-09,0.0
8.03,0.0,0.6,0.6,0.36187574,0.5033318,0.47775427,29.310581,2.016795e-08,0.0
8.035,0.0,0.6,0.6,0.33290526,0.50784713,0.48586628,28.957739,-3.7535834e-08,0.0
8.040000000000001,0.0,0.6,0.6,0.3185766,0.5108657,0.49178758,28.237644,6.695071e-08,0.0
8.045,0.0,0.6,0.6,0.2798733,0.5131551,0.4983247,27.125923,9.361621e-09,0.0
8.05,0.0,0.6,0.6,0.26445425,0.51659137,0.5048484,25.521603,-2.8674016e-08,0.0
8.055,0.0,0.6,0.6,0.24518691,0.51921064,0.5095334,23.469013,-1.9573156e-08,0.0
8.06,0.0,0.5369498,0.6,0.22489661,0.52196854,0.5138819,21.097326,-2.4119085e-08,0.0
8.065,0.0,0.5369498,0.6,0.18699007,0.5250954,0.5189061,18.505743,1.3701352e-07,0.0
8.07,0.0,0.5369498,0.6,0.1667583,0.52804047,0.5225992,15.637419,-2.6863438e-08,0.0
8.075,0.0,0.5369498,0.6,0.15098596,0.530554,0.5259228,12.548157,-1.3171409e-07,0.0
8.08,0.0,0.5566157,0.6,0.13096088,0.5345822,0.52963686,9.436973,-1.6390632e-07,0.0
8.085,0.0,0.5566157,0.6,0.12334949,0.5381383,0.5325853,6.4671345,1.0427661e-08,0.0
8.09,0.0,0.5566157,0.6,0.11384008,0.54041433,0.53502285,3.8476827,-2.2286439e-07,0.0
8.095,0.0,0.5566157,0.6,0.10253214,0.54116833,0.53842396,1.7530737,8.452119e-08,0.0
8.1,0.30626407,0.55121875,0.57794607,0.092344776,0.5421843,0.5407769,0.24122626,-7.41249e-08,0.0
8.105,0.30626407,0.55121875,0.57794607,0.08647791,0.5419146,0.54352766,0.030714825,4.295093e-09,0.0
8.11,0.30626407,0.55121875,0.57794607,0.07058224,0.5421901,0.5465588,1.6433569e-09,1.295914e-08,0.0
8.115,0.30626407,0.55121875,0.57794607,0.059219174,0.54295236,0.5491405,2.2193312e-08,3.722774e-08,0.0
8.120000000000001,0.16628677,0.0,0.45769933,0.04686911,0.5429554,0.5513382,2.1277755e-08,2.5472417e-08,0.0
8.125,0.16628677,0.0,0.45769933,0.052653518,0.5436437,0.552922,1.9553452e-08,-1.6996013e-08,0.0
8.13,0.16628677,0.0,0.45769933,0.049424116,0.5442044,0.55452126,8.088919e-09,4.9414677e-08,0.0
8.135,0.16628677,0.0,0.45769933,0.04095111,0.544562,0.555366,-3.1618863e-09,1.2357598e-08,0.0
8.14,0.0,0.0,0.6,0.06514383,0.54362464,0.55629176,9.6335455e-09,-6.023837e-08,0.0
8.145,0.0,0.0,0.6,0.08492892,0.542675,0.55706745,1.35749545e-08,-2.0395413e-08,0.0
8.15,0.0,0.0,0.6,0.103585124,0.5427149,0.5576262,4.0925596e-09,-6.127584e-08,0.0
8.155,0.0,0.0,0.6,0.12680477,0.54147327,0.5565618,3.4847467e-09,-5.1972215e-08,0.0
8.16,0.32725346,0.021898592,0.6,0.14056382,0.53973544,0.55513394,1.1335543e-08,4.043246e-09,0.0
8.165000000000001,0.32725346,0.021898592,0.6,0.1298299,0.53019035,0.5550817,5.3361897e-09,2.0288176e-08,0.0
8.17,0.32725346,0.021898592,0.6,0.1410532,0.507323,0.5546169,4.281003e-09,-6.170628e-08,0.0
8.175,0.32725346,0.021898592,0.6,0.13008554,0.47531182,0.5540568,-8.882284e-09,-5.3839035e-08,0.0
8.18,0.6,0.46846315,0.40345603,0.11831746,0.44117102,0.55424273,-1.7421712e-08,-4.014946e-08,0.0
8.185,0.6,0.46846315,0.40345603,0.11577014,0.4045437,0.5545648,-1.900667e-08,2.259561e-08,0.0
8.19,0.6,0.46846315,0.40345603,0.121543705,0.37062967,0.55445,0.012736676,2.3520736e-08,0.0
8.195,0.6,0.46846315,0.40345603,0.13377613,0.33732614,0.5542945,0.024020044,5.6684033e-08,0.0
8.2,0.5171663,0.06538913,0.020828176,0.14013492,0.3093005,0.55365515,0.2718987,2.758994e-08,0.0
8.205,0.5171663,0.06538913,0.020828176,0.1534577,0.29206127,0.5524967,0.92563444,5.7582433e-08,0.0
8.21,0.5171663,0.06538913,0.020828176,0.18565854,0.28397003,0.5522667,1.9666133,7.766175e-08,0.0
8.215,0.5171663,0.06538913,0.020828176,0.20017254,0.279642,0.55192477,3.3794868,-1.7736427e-08,0.0
8.22,0.28009427,0.36224172,0.28130618,0.22549868,0.27860713,0.54970723,5.013206,5.5411125e-08,0.0
8.225,0.28009427,0.36224172,0.28130618,0.24934629,0.27848202,0.54872495,6.733994,2.4201145e-07,0.0
8.23,0.28009427,0.36224172,0.28130618,0.26568553,0.27806476,0.5489995,8.477171,-2.426967e-08,0.0
8.235,0.28009427,0.36224172,0.28130618,0.27814442,0.2781061,0.54599905,10.177017,2.408933e-07,0.0
8.24,0.6,0.6,0.17402203,0.29913923,0.277821,0.5317658,12.100177,1.8249226e-07,0.0
8.245000000000001,0.6,0.6,0.17402203,0.30733624,0.2781003,0.5101722,13.950978,1.5166461e-07,0.0
8.25,0.6,0.6,0.17402203,0.3184486,0.27916998,0.48506603,15.874638,1.4269421e-09,0.0
8.255,0.6,0.6,0.17402203,0.31353873,0.28041688,0.45948195,17.957802,6.491678e-08,0.0
8.26,0.6,0.6,0.0,0.31662,0.28148454,0.4361589,20.51581,2.1419109e-07,0.0
8.265,0.6,0.6,0.0,0.32162416,0.28250727,0.41813543,22.960629,1.9676557e-07,0.0
8.27,0.6,0.6,0.0,0.3311511,0.28605822,0.39841813,24.909983,1.3844041e-07,0.0
8.275,0.6,0.6,0.0,0.35105276,0.29297224,0.38126445,26.42703,-8.192848e-08,0.0
8.28,0.4636085,0.6,0.0,0.36355767,0.30058992,0.3668037,27.63671,5.3586827e-08,0.0
8.285,0.4636085,0.6,0.0,0.37448007,0.31270903,0.3514675,28.6228,1.08547615e-08,0.0
8.290000000000001,0.4636085,0.6,0.0,0.38337466,0.330269,0.33624974,29.406008,1.05459375e-08,0.0
8.295,0.4636085,0.6,0.0,0.40318522,0.34731403,0.32345307,29.96564,1.9409036e-08,0.0
8.3,0.46151522,0.6,0.0,0.41818917,0.36280957,0.31079116,30.339846,2.17386e-08,0.0
8.305,0.46151522,0.6,0.0,0.4266382,0.38132656,0.29525548,30.57869,-6.3109327e-09,0.0
8.31,0.46151522,0.6,0.0,0.42779815,0.3970294,0.27857783,30.675327,-9.8382404e-09,0.0
8.315,0.46151522,0.6,0.0,0.43052316,0.4096943,0.2604649,30.593277,-3.02978e-08,0.0
8.32,0.35023525,0.6,0.0,0.43053067,0.42403802,0.24174243,30.33044,-1.8525332e-09,0.0
8.325,0.35023525,0.6,0.0,0.4501755,0.436787,0.22202058,29.889791,-2.4643562e-08,0.0
8.33,0.35023525,0.6,0.0,0.450967,0.44658995,0.2032138,29.37309,-4.674406e-09,0.0
8.335,0.35023525,0.6,0.0,0.45179114,0.45662937,0.18543637,28.831453,1.2406068e-08,0.0
8.34,0.48664358,0.49783558,0.0,0.45526063,0.46523213,0.1690078,28.26323,-1.971677e-08,0.0
8.345,0.48664358,0.49783558,0.0,0.45065376,0.4717918,0.15202263,27.688389,-1.2840177e-08,0.0
8.35,0.48664358,0.49783558,0.0,0.4655497,0.48057473,0.13674699,27.819448,3.6976388e-08,0.0
8.355,0.48664358,0.49783558,0.0,0.45551005,0.48822942,0.12237354,28.041454,0.122484505,0.0
8.36,0.5740238,0.41946712,0.0,0.45687762,0.49338183,0.11008351,28.65712,5.912985e-08,0.0
8.365,0.5740238,0.41946712,0.0,0.45680308,0.4982604,0.09741395,28.943577,0.41088623,0.0
8.370000000000001,0.5740238,0.41946712,0.0,0.46017346,0.5018415,0.09122551,29.495167,0.27758455,0.0
8.375,0.5740238,0.41946712,0.0,0.4637233,0.5036599,0.0749202,29.669224,0.33770263,0.0
8.38,0.6,0.31743723,0.0,0.45280322,0.5035913,0.07171557,29.178785,0.9016763,0.0
8.385,0.6,0.31743723,0.0,0.45668557,0.50341994,0.06472145,28.20633,1.753514,0.0
8.39,0.6,0.31743723,0.0,0.4588492,0.5031009,0.04973017,26.124224,3.583158,0.0
8.395,0.6,0.31743723,0.0,0.46177208,0.5013408,0.05125202,23.225004,6.029482,0.0
8.4,0.4534667,0.6,0.0,0.460385,0.5004729,0.047532365,20.21894,8.284333,0.0
8.405,0.4534667,0.6,0.0,0.4572999,0.5002705,0.041574907,18.412518,8.909343,0.0
8.41,0.4534667,0.6,0.0,0.4568076,0.49880648,0.028942479,17.932552,7.817916,0.0
8.415000000000001,0.4534667,0.6,0.0,0.4540444,0.49730614,0.02951944,18.277187,5.6071324,0.0
8.42,0.6,0.4528006,0.0,0.44818923,0.49683338,0.018945735,19.050915,2.7389152,0.0
8.425,0.6,0.4528006,0.0,0.45011684,0.49629068,0.012665557,19.851133,-1.134163e-07,0.0
8.43,0.6,0.4528006,0.0,0.45298544,0.49681106,0.007979198,19.381481,0.6275381,0.0
8.435,0.6,0.4528006,0.0,0.45221698,0.49670634,0.006578721,19.185,0.6824325,0.0
8.44,0.55765194,0.2878552,0.0,0.4573116,0.49667293,0.00096506806,19.533287,-9.925212e-09,0.0
8.445,0.55765194,0.2878552,0.0,0.46336603,0.4961556,-0.006881315,19.16928,0.56523174,0.0
8.45,0.55765194,0.2878552,0.0,0.45954284,0.49545178,-0.009218315,18.186531,1.5543813,0.0
8.455,0.55765194,0.2878552,0.0,0.46085244,0.4950211,0.00037197178,17.85604,1.5403767,0.0
8.46,0.43946862,0.6,0.0,0.46600652,0.49337563,0.0032743975,17.48663,1.3259395,0.0
8.465,0.43946862,0.6,0.0,0.47337624,0.49348572,-0.0030982988,16.750267,1.2756714,0.0
8.47,0.43946862,0.6,0.0,0.4838651,0.49331036,-0.0037784453,16.91192,-7.218335e-07,0.0
8.475,0.43946862,0.6,0.0,0.4833658,0.4905446,-0.004857621,16.918669,0.09284387,0.0
8.48,0.44511363,0.6,0.0,0.4940076,0.4812942,-0.007906254,17.48269,5.4913226e-08,0.0
8.485,0.44511363,0.6,0.0,0.5032322,0.47273245,-0.007705071,18.028433,0.15262581,0.0
8.49,0.44511363,0.6,0.0,0.5060786,0.4687654,-0.01997621,18.291182,0.36488962,0.0
8.495000000000001,0.44511363,0.6,0.0,0.5134385,0.46747723,-0.016230632,18.453863,0.4331646,0.0
8.5,0.3170674,0.35351208,0.0,0.5076295,0.46567965,-0.006132128,18.61218,0.2552293,0.0
8.505,0.3170674,0.35351208,0.0,0.5056012,0.46658203,-0.006649861,19.520329,8.3275374e-08,0.0
8.51,0.3170674,0.35351208,0.0,0.5051292,0.4671238,0.00066051737,21.915834,2.1215635e-07,0.0
8.515,0.3170674,0.35351208,0.0,0.51085955,0.46758738,0.0022508479,25.451572,2.0252023e-07,0.0
8.52,0.37659347,0.49022257,0.0,0.51535165,0.46790883,0.003356216,28.540264,0.43305522,0.0
8.525,0.37659347,0.49022257,0.0,0.50603306,0.46748954,-0.009087331,30.600523,1.742966,0.0
8.53,0.37659347,0.49022257,0.0,0.50960255,0.4673508,-0.00050126226,31.86132,3.6720414,0.0
8.535,0.37659347,0.49022257,0.0,0.49108702,0.4664087,0.0029602882,31.568453,7.0500774,0.0
8.540000000000001,0.412163,0.51668185,0.0,0.48455402,0.46483704,0.0013287804,30.789303,10.655224,0.0
8.545,0.412163,0.51668185,0.0,0.48193562,0.4643223,0.002048092,30.187723,13.7594,0.0
8.55,0.412163,0.51668185,0.0,0.47743097,0.46423736,-7.882195e-05,29.717844,16.434069,0.0
8.555,0.412163,0.51668185,0.0,0.48689976,0.46467397,-0.0019521527,29.332857,18.748898,0.0
8.56,0.4793067,0.452207,0.0,0.48038682,0.46480486,0.002737884,29.048336,20.702614,0.0
8.565,0.4793067,0.452207,0.0,0.4757777,0.46444955,-0.0026266836,29.761456,21.335802,0.0
8.57,0.4793067,0.452207,0.0,0.45813993,0.46471807,0.0031527001,30.476196,21.77276,0.0
8.575000000000001,0.4793067,0.452207,0.0,0.44794682,0.46507436,-0.0022118627,31.429792,21.7593,0.0
8.58,0.46923485,0.6,0.0,0.44324577,0.46505675,-0.0052659065,32.72143,21.205843,0.0
8.585,0.46923485,0.6,0.0,0.4423051,0.46497753,-0.007912439,33.097855,21.488224,0.0
8.59,0.46923485,0.6,0.0,0.43326342,0.464736,-0.005725578,32.438892,22.713404,0.0
8.595,0.46923485,0.6,0.0,0.43728146,0.465062,-0.005482003,31.178308,24.387205,0.0
8.6,0.48810616,0.5595091,0.0,0.43444768,0.46505275,-0.004247918,29.742563,26.036352,0.0
8.605,0.48810616,0.5595091,0.0,0.42863905,0.46558,0.004163538,29.225199,26.486324,0.0
8.61,0.48810616,0.5595091,0.0,0.42013592,0.4653417,0.001080553,29.65568,25.74402,0.0
8.615,0.48810616,0.5595091,0.0,0.42634943,0.46571863,0.004232062,29.601038,25.381035,0.0
8.620000000000001,0.5287818,0.6,0.0,0.42649865,0.4668436,0.004569959,28.912237,25.541193,0.0
8.625,0.5287818,0.6,0.0,0.43062624,0.46731374,-0.0027804056,27.97682,25.792488,0.0
8.63,0.5287818,0.6,0.0,0.43285525,0.46749395,-0.00132222,27.014109,25.894314,0.0
8.635,0.5287818,0.6,0.0,0.43541366,0.4688398,0.0011899807,26.15889,25.703451,0.0
8.64,0.54592526,0.47624877,0.0,0.43239948,0.46886295,-0.009857578,25.471981,25.159552,0.0
8.645,0.54592526,0.47624877,0.0,0.43150765,0.4695182,-0.013662598,25.789621,23.36616,0.0
8.65,0.54592526,0.47624877,0.0,0.43453693,0.47027656,0.0017713556,27.05116,20.417664,0.0
8.655,0.54592526,0.47624877,0.0,0.43469274,0.4721867,-0.0025158748,27.888515,17.81943,0.0
8.66,0.6,0.5997582,0.0,0.43819338,0.4739953,-0.010584884,27.974401,15.911733,0.0
8.665000000000001,0.6,0.5997582,0.0,0.44392028,0.47548163,0.0068584247,27.620464,14.334336,0.0
8.67,0.6,0.5997582,0.0,0.4385167,0.47788814,-0.0033049812,27.079123,12.798402,0.0
8.675,0.6,0.5997582,0.0,0.44057736,0.47970787,-0.013297919,27.314215,10.238124,0.0
8.68,0.5294322,0.56892174,0.0,0.43060482,0.4820963,-0.01047439,27.51665,7.5708203,0.0
8.685,0.5294322,0.56892174,0.0,0.4334636,0.4860254,-0.0069539775,28.035053,4.4003687,0.0
8.69,0.5294322,0.56892174,0.0,0.43398908,0.48953843,-0.009629287,28.210611,1.4715098,0.0
8.695,0.5294322,0.56892174,0.0,0.45082223,0.4925681,-0.008197525,27.5744,0.015101387,0.0
8.700000000000001,0.5426055,0.57516795,0.0,0.45650005,0.49866864,-0.014237582,26.564543,-5.8228434e-08,0.0
8.705,0.5426055,0.57516795,0.0,0.4637179,0.5048492,0.0004765811,25.640972,-3.604519e-08,0.0
8.71,0.5426055,0.57516795,0.0,0.46427116,0.5095098,-0.009467763,24.87329,1.9257003e-08,0.0
8.715,0.5426055,0.57516795,0.0,0.47093537,0.5141677,-0.0035228492,24.27025,-2.2906994e-08,0.0
8.72,0.6,0.3275016,0.0,0.47135523,0.5183891,-0.001897511,23.839388,-9.523526e-09,0.0
8.725,0.6,0.3275016,0.0,0.47382748,0.52209586,-0.009073424,23.556095,-1.0622786e-09,0.0
8.73,0.6,0.3275016,0.0,0.4848904,0.5261855,-0.007997346,23.387424,2.5892348e-09,0.0
8.735,0.6,0.3275016,0.0,0.48373887,0.5295668,-0.009457222,23.346771,-7.31463e-09,0.0
8.74,0.5659927,0.26488075,0.0,0.48345834,0.53234106,-0.013190272,24.161037,4.715886e-08,0.0
8.745000000000001,0.5659927,0.26488075,0.0,0.4967406,0.5328441,-0.0037405388,25.829933,2.0820396e-07,0.0
8.75,0.5659927,0.26488075,0.0,0.5020893,0.5327384,-0.012303724,27.117666,0.4091317,0.0
8.755,0.5659927,0.26488075,0.0,0.49670717,0.53315264,-0.011123237,26.642365,2.5318303,0.0
8.76,0.5666433,0.5331947,0.0,0.50622505,0.531252,-0.011775543,26.667091,3.7997684,0.0
8.765,0.5666433,0.5331947,0.0,0.5198542,0.5296897,-0.002027166,26.007715,5.566748,0.0
8.77,0.5666433,0.5331947,0.0,0.518402,0.5288313,-0.008142855,24.172443,8.353818,0.0
8.775,0.5666433,0.5331947,0.0,0.5225203,0.52713937,-0.0075731194,22.913477,10.195278,0.0
8.78,0.53644323,0.42951003,0.0,0.5378147,0.516022,-0.0070255073,21.665361,11.750528,0.0
8.785,0.53644323,0.42951003,0.0,0.54568124,0.49918944,-0.006075465,20.271503,13.194631,0.0
8.790000000000001,0.53644323,0.42951003,0.0,0.54090333,0.4861865,-0.00645585,19.209372,14.007832,0.0
8.795,0.53644323,0.42951003,0.0,0.53205884,0.47902215,-0.0014167037,19.658094,12.91438,0.0
8.8,0.47377992,0.49575192,0.0,0.53616077,0.47457752,-0.010243162,21.450447,10.149069,0.0
8.805,0.47377992,0.49575192,0.0,0.5396951,0.4722598,-0.0006064108,22.815199,7.699244,0.0
8.81,0.47377992,0.49575192,0.0,0.5384218,0.46899503,-0.0019390074,23.315107,6.0349927,0.0
8.815,0.47377992,0.49575192,0.0,0.5398972,0.46574518,-0.005374223,24.315832,3.62233,0.0
8.82,0.42370299,0.49170688,0.0,0.539997,0.46407935,-0.0052925767,24.990612,1.4034472,0.0
8.825000000000001,0.42370299,0.49170688,0.0,0.5386639,0.46257922,0.0016456055,24.880608,3.374204e-08,0.0
8.83,0.42370299,0.49170688,0.0,0.52696013,0.46220914,-0.011335226,25.033916,2.7783598e-09,0.0
8.835,0.42370299,0.49170688,0.0,0.52671164,0.46189207,-0.013220555,25.927246,5.6997603e-08,0.0
8.84,0.42454708,0.50047004,0.0,0.5328724,0.46224767,-0.015460102,27.189348,8.1445016e-08,0.0
8.845,0.42454708,0.50047004,0.0,0.5447972,0.46242604,0.0024204366,28.507074,5.0551115e-08,0.0
8.85,0.42454708,0.50047004,0.0,0.53306466,0.46244794,-0.0019034247,29.761045,9.5343914e-08,0.0
8.855,0.42454708,0.50047004,0.0,0.5338409,0.46297437,-0.008633853,31.674,5.129132e-08,0.0
8.86,0.44203204,0.48165524,0.0,0.5346401,0.46328956,-0.02049257,33.353657,0.36763725,0.0
8.865,0.44203204,0.48165524,0.0,0.52850723,0.46314648,-0.012936344,34.27584,1.3363643,0.0
8.870000000000001,0.44203204,0.48165524,0.0,0.52160543,0.4631987,-0.02063436,34.745926,2.5577705,0.0
8.875,0.44203204,0.48165524,0.0,0.52412283,0.46366215,-0.015336018,35.79643,2.8800516,0.0
8.88,0.44978684,0.5455051,0.0,0.5277448,0.46384412,-0.017713308,36.4938,3.3732393,0.0
8.885,0.44978684,0.5455051,0.0,0.53073347,0.4641091,-0.0073212315,36.449055,4.463121,0.0
8.89,0.44978684,0.5455051,0.0,0.5167435,0.46408913,-0.012841193,36.0022,5.7594533,0.0
8.895,0.44978684,0.5455051,0.0,0.5188545,0.4644958,-0.0067946925,35.390686,6.995706,0.0
8.9,0.48323938,0.57748264,0.0,0.5065793,0.46446216,-0.0076056775,34.664795,8.119753,0.0
8.905,0.48323938,0.57748264,0.0,0.49677157,0.46530023,-0.0064208144,33.90787,9.043195,0.0
8.91,0.48323938,0.57748264,0.0,0.4930424,0.4656487,-0.006452129,34.039402,8.756162,0.0
8.915000000000001,0.48323938,0.57748264,0.0,0.4912935,0.46600595,-0.009425995,35.045982,7.3088427,0.0
8.92,0.48583034,0.6,0.0,0.47470045,0.46646187,-0.00824999,36.42956,5.2775545,0.0
8.925,0.48583034,0.6,0.0,0.45585647,0.466757,-0.012965464,37.76664,3.1435654,0.0
8.93,0.48583034,0.6,0.0,0.4513464,0.4672383,-0.009806143,38.753082,1.2454866,0.0
8.935,0.48583034,0.6,0.0,0.44404235,0.4678542,-0.010186027,39.272785,2.6032994e-08,0.0
8.94,0.5239208,0.6,0.0,0.44382796,0.46863773,-0.0072363475,39.313953,0.0056409175,0.0
8.945,0.5239208,0.6,0.0,0.4419809,0.46879303,-0.007028672,39.19823,2.033829e-10,0.0
8.950000000000001,0.5239208,0.6,0.0,0.4420855,0.46941224,-0.009007228,38.971928,-2.2340684e-08,0.0
8.955,0.5239208,0.6,0.0,0.4494995,0.47346753,-0.0066058673,37.83475,0.86236316,0.0
8.96,0.5465362,0.6,0.0,0.45841694,0.47913453,-0.0046125557,35.881145,2.3923655,0.0
8.965,0.5465362,0.6,0.0,0.46622732,0.48378506,-0.008394592,33.662785,3.95575,0.0
8.97,0.5465362,0.6,0.0,0.45393068,0.4893894,-0.0053571323,31.529425,5.161589,0.0
8.975,0.5465362,0.6,0.0,0.4445125,0.4970442,-0.010438084,30.459545,4.933137,0.0
8.98,0.58825386,0.6,0.0,0.45520523,0.50300485,-0.0077382713,30.39524,3.3768992,0.0
8.985,0.58825386,0.6,0.0,0.45529047,0.5099059,-0.0043165297,30.026669,1.9789832,0.0
8.99,0.58825386,0.6,0.0,0.46021184,0.51698667,-0.006475098,29.075195,1.036865,0.0
8.995000000000001,0.58825386,0.6,0.0,0.46552202,0.5218911,-0.00018299908,27.863113,0.1767462,0.0
9.0,0.6,0.6,0.0,0.46439746,0.52679676,-0.0020267882,26.489357,0.0019437503,0.0
9.005,0.6,0.6,0.0,0.45688546,0.53233767,-0.010619929,25.945017,-1.2092627e-08,0.0
9.01,0.6,0.6,0.0,0.457368,0.5358801,-0.011010285,26.318163,4.160061e-08,0.0
9.015,0.6,0.6,0.0,0.45924553,0.539746,-0.0046106065,26.422039,0.39215106,0.0
9.02,0.6,0.6,0.0,0.46706465,0.54398793,-0.0033945467,25.960321,1.1638118,0.0
9.025,0.6,0.6,0.0,0.45988235,0.54696393,-0.012569904,25.241259,1.9622183,0.0
9.03,0.6,0.6,0.0,0.46118438,0.5499616,-0.008266511,25.306646,1.6267036,0.0
9.035,0.6,0.6,0.0,0.4611283,0.552953,-0.006835367,25.32583,1.1175971,0.0
9.040000000000001,0.6,0.6,0.0,0.46564153,0.5555344,-0.01133776,25.74263,-1.6950402e-07,0.0
9.045,0.6,0.6,0.0,0.46148196,0.55770165,-0.006940998,25.688276,0.3405053,0.0
9.05,0.6,0.6,0.0,0.4736832,0.56011236,-0.0070716124,26.018726,0.00037799415,0.0
9.055,0.6,0.6,0.0,0.4796444,0.5620319,-0.012580133,26.017174,0.3094295,0.0
9.06,0.6,0.54562354,0.0,0.48815018,0.56386673,-0.016890233,25.534933,0.9050396,0.0
9.065,0.6,0.54562354,0.0,0.4937513,0.5650185,-0.020260202,24.879892,1.4371902,0.0
9.07,0.6,0.54562354,0.0,0.50517315,0.56629723,-0.013240379,24.247389,1.6904547,0.0
9.075000000000001,0.6,0.54562354,0.0,0.5078664,0.5674726,-0.0104558505,23.776712,1.5171349,0.0
9.08,0.6,0.49898487,0.0,0.5149316,0.5685309,-0.012093608,23.496582,0.8962597,0.0
9.085,0.6,0.49898487,0.0,0.5312435,0.56982464,-0.009793301,23.371916,-4.434255e-08,0.0
9.09,0.6,0.49898487,0.0,0.52634865,0.5699023,-0.009637626,23.270527,2.0733977e-09,0.0
9.095,0.6,0.49898487,0.0,0.5312947,0.56961685,-0.004485773,24.176994,1.321754e-07,0.0
9.1,0.6,0.46439797,0.0,0.53512305,0.5694764,0.0003042159,24.149015,1.331982,0.0
9.105,0.6,0.46439797,0.0,0.5421056,0.5695349,-0.007742345,22.669092,3.9987895,0.0
9.11,0.6,0.46439797,0.0,0.54131085,0.56861633,-0.0039872346,21.673033,5.812519,0.0
9.115,0.6,0.46439797,0.0,0.5495718,0.56758744,0.008969705,21.59575,6.324026,0.0
9.120000000000001,0.59948117,0.44165993,0.0,0.5503648,0.5674339,0.0055986643,21.053532,7.1028295,0.0
9.125,0.59948117,0.44165993,0.0,0.5523322,0.5659399,0.0055597634,19.832483,8.372683,0.0
9.13,0.59948117,0.44165993,0.0,0.5468971,0.56467617,-0.009168644,18.403803,9.599009,0.0
9.135,0.59948117,0.44165993,0.0,0.55455256,0.5643159,0.003020535,18.093903,9.3189945,0.0
9.14,0.5518965,0.43004602,0.0,0.55892617,0.5636836,-0.008322109,17.984291,8.5936775,0.0
9.145,0.5518965,0.43004602,0.0,0.5567709,0.56243575,-0.02239807,17.547268,8.009745,0.0
9.15,0.5518965,0.43004602,0.0,0.5497831,0.5618889,-0.025365103,18.06102,6.148006,0.0
9.155,0.5518965,0.43004602,0.0,0.5526589,0.56099534,-0.02990773,19.532454,3.035466,0.0
9.16,0.50895965,0.42673287,0.0,0.5526843,0.5549043,-0.017567772,20.297995,0.54829127,0.0
9.165000000000001,0.50895965,0.42673287,0.0,0.54893696,0.54600334,-0.013298056,19.885939,0.08094526,0.0
9.17,0.50895965,0.42673287,0.0,0.54983395,0.53892165,-0.020869475,19.924356,2.5959594e-08,0.0
9.175,0.50895965,0.42673287,0.0,0.5563161,0.5286227,-0.01201959,19.88251,0.29782543,0.0
9.18,0.47119212,0.43874353,0.0,0.5656291,0.513361,0.00247262,19.501513,0.716624,0.0
9.185,0.47119212,0.43874353,0.0,0.56216806,0.5021188,0.010930313,19.17752,0.81263214,0.0
9.19,0.47119212,0.43874353,0.0,0.5513358,0.4911516,0.0042054155,19.998857,1.0137226e-07,0.0
9.195,0.47119212,0.43874353,0.0,0.55272615,0.47921944,0.0012214233,21.700043,1.5517206e-07,0.0
9.200000000000001,0.44736534,0.4483638,0.0,0.5593303,0.47094828,-0.0146192815,23.047802,0.43617746,0.0
9.205,0.44736534,0.4483638,0.0,0.55320513,0.46407908,0.00013320736,23.675228,1.4153682,0.0
9.21,0.44736534,0.4483638,0.0,0.5634861,0.45600083,0.0030659095,24.922827,1.4324589,0.0
9.215,0.44736534,0.4483638,0.0,0.5585975,0.45116618,-0.0067515033,25.949875,1.456768,0.0
9.22,0.43101054,0.47949147,0.0,0.5605432,0.44713646,-0.0059333136,27.343185,0.8295537,0.0
9.225,0.43101054,0.47949147,0.0,0.5596943,0.44368017,-0.0073057166,28.281818,0.49059185,0.0
9.23,0.43101054,0.47949147,0.0,0.5579359,0.44137174,-0.0011574153,29.384928,3.6465803e-08,0.0
9.235,0.43101054,0.47949147,0.0,0.54938155,0.43993112,-0.003181884,30.859745,1.3574095e-07,0.0
9.24,0.43324313,0.513291,0.0,0.5443678,0.43816543,0.0027683035,32.485123,2.8229387e-08,0.0
9.245000000000001,0.43324313,0.513291,0.0,0.54264706,0.4373113,0.0015799537,34.02677,1.492172e-07,0.0
9.25,0.43324313,0.513291,0.0,0.5429276,0.4370915,-0.005414973,35.3648,0.00042565304,0.0
9.255,0.43324313,0.513291,0.0,0.53729045,0.43779477,-0.009123422,35.407413,1.1596416,0.0
9.26,0.44456264,0.55741394,0.0,0.5363243,0.4388299,-0.007259252,36.031338,1.4140947,0.0
9.265,0.44456264,0.55741394,0.0,0.529769,0.43961978,-0.007856908,37.822086,0.14657031,0.0
9.27,0.44456264,0.55741394,0.0,0.50339323,0.44066322,-0.002156907,39.761715,1.6737454e-07,0.0
9.275,0.44456264,0.55741394,0.0,0.49355313,0.44171166,-0.0032201854,41.636337,1.5383998e-06,0.0
9.28,0.47179893,0.59248924,0.0,0.4886597,0.44195276,0.0035976958,43.189163,0.055704556,0.0
9.285,0.47179893,0.59248924,0.0,0.48098332,0.44273776,0.00038730452,44.318302,0.36043113,0.0
9.290000000000001,0.47179893,0.59248924,0.0,0.46610147,0.4434053,-0.0011630695,45.01257,0.940146,0.0
9.295,0.47179893,0.59248924,0.0,0.46067342,0.44378927,0.002311537,45.245556,1.8211783,0.0
9.3,0.5028151,0.6,0.0,0.45266154,0.44469732,-0.0075080744,45.09155,2.9158957,0.0
9.305,0.5028151,0.6,0.0,0.45457277,0.4456305,0.001302004,44.644356,4.11709,0.0
9.31,0.5028151,0.6,0.0,0.45424035,0.4454398,0.0074462118,43.15924,6.2511053,0.0
9.315,0.5028151,0.6,0.0,0.4519755,0.4462222,0.0040218565,40.80125,9.103087,0.0
9.32,0.53780967,0.6,0.0,0.44485927,0.4490175,-0.002160292,39.018295,11.05291,0.0
9.325000000000001,0.53780967,0.6,0.0,0.44225395,0.45337257,-0.0021413872,38.079937,11.837793,0.0
9.33,0.53780967,0.6,0.0,0.44567993,0.45762768,-0.0053505246,37.64029,11.871015,0.0
9.335,0.53780967,0.6,0.0,0.44415244,0.46409306,-0.0041979766,36.637363,12.340349,0.0
9.34,0.5703957,0.6,0.0,0.44723457,0.47378573,-0.0026069796,35.801907,12.422739,0.0
9.345,0.5703957,0.6,0.0,0.44600973,0.4810842,0.006089611,34.637955,12.67813,0.0
9.35,0.5703957,0.6,0.0,0.45215067,0.48848414,-0.0012287272,33.778946,12.396582,0.0
9.355,0.5703957,0.6,0.0,0.45588553,0.49768877,-0.0018363491,32.70344,12.169269,0.0
9.36,0.6,0.6,0.0,0.45959467,0.50426954,-0.005294457,31.152567,12.269767,0.0
9.365,0.6,0.6,0.0,0.45412377,0.5099962,-0.0021822085,29.459608,12.318678,0.0
9.370000000000001,0.6,0.6,0.0,0.45766422,0.5169469,-0.009959964,28.687685,11.144299,0.0
9.375,0.6,0.6,0.0,0.451017,0.5219324,-0.0031548536,28.03823,9.660586,0.0
9.38,0.6,0.6,0.0,0.46629447,0.526193,-0.0049507758,27.910814,7.4220324,0.0
9.385,0.6,0.6,0.0,0.46562237,0.5317458,-0.007939278,27.684761,5.1355944,0.0
9.39,0.6,0.6,0.0,0.45766383,0.5359233,-0.0077052545,27.904842,2.1858528,0.0
9.395,0.6,0.6,0.0,0.46695215,0.53900576,-0.0014191113,28.422869,8.917664e-09,0.0
9.4,0.6,0.6,0.0,0.46033987,0.54210293,-0.001129502,28.129435,0.43076727,0.0
9.405,0.6,0.6,0.0,0.45310605,0.5454579,-0.003685571,28.149857,0.26166603,0.0
9.41,0.6,0.6,0.0,0.46313843,0.5491319,-0.008728608,28.567465,3.330026e-08,0.0
9.415000000000001,0.6,0.6,0.0,0.47405028,0.5522994,-0.0071438,28.353863,0.58477694,0.0
9.42,0.6,0.58914375,0.0,0.48536733,0.5553925,0.0005680151,27.489162,1.6419939,0.0
9.425,0.6,0.58914375,0.0,0.48716518,0.557962,0.0028572083,26.414663,2.668197,0.0
9.43,0.6,0.58914375,0.0,0.48876786,0.56063527,0.0024356653,25.363983,3.4048865,0.0
9.435,0.6,0.58914375,0.0,0.5033484,0.5627412,0.0038033354,24.445024,3.739959,0.0
9.44,0.6,0.536701,0.0,0.50202215,0.56407225,0.0006952198,23.784674,3.5427377,0.0
9.445,0.6,0.536701,0.0,0.5082198,0.5654542,-0.0061055133,24.351892,1.7484704,0.0
9.450000000000001,0.6,0.536701,0.0,0.50899285,0.56665003,-0.003854436,25.01,-1.8824498e-09,0.0
9.455,0.6,0.536701,0.0,0.5090742,0.5675766,-0.009323195,25.035967,-4.5465174e-09,0.0
9.46,0.6,0.4931905,0.0,0.51723003,0.5677363,-0.00826791,24.897861,9.600276e-11,0.0
9.465,0.6,0.4931905,0.0,0.5279993,0.567778,-0.0123062935,24.700571,-3.331888e-09,0.0
9.47,0.6,0.4931905,0.0,0.53843284,0.5678494,-0.010170674,24.552557,4.6101617e-10,0.0
9.475,0.6,0.4931905,0.0,0.5414774,0.56735533,-0.01194213,24.525196,-5.571872e-09,0.0
9.48,0.6,0.45428792,0.0,0.5401932,0.5661164,-0.014442734,23.576372,0.9284138,0.0
9.485,0.6,0.45428792,0.0,0.54514897,0.56630856,-0.015211259,22.751518,1.4468049,0.0
9.49,0.6,0.45428792,0.0,0.5554536,0.56554455,-0.0038700134,22.688736,0.8621684,0.0
9.495000000000001,0.6,0.45428792,0.0,0.55082643,0.5643099,-0.0056881756,22.090254,0.65021086,0.0
9.5,0.5892114,0.43145114,0.0,0.552044,0.5639544,-0.0016862368,21.771332,-2.3051028e-08,0.0
9.505,0.5892114,0.43145114,0.0,0.5595829,0.5635653,0.0013471956,20.985952,0.50266254,0.0
9.51,0.5892114,0.43145114,0.0,0.5641428,0.5617886,-0.004697474,19.726574,1.2717819,0.0
9.515,0.5892114,0.43145114,0.0,0.55854744,0.56152475,-0.009622311,18.423445,1.8208997,0.0
9.52,0.5407177,0.42848405,0.0,0.55629504,0.5606717,-0.011473392,18.342155,0.7460751,0.0
9.525,0.5407177,0.42848405,0.0,0.55920047,0.55899245,0.00055348594,19.162971,4.5207752e-08,0.0
9.53,0.5407177,0.42848405,0.0,0.5715098,0.5568087,0.00038349567,19.537767,0.4563246,0.0
9.535,0.5407177,0.42848405,0.0,0.56318146,0.554892,0.00037126167,19.323637,1.306526,0.0
9.540000000000001,0.4997042,0.42954993,0.0,0.57040715,0.54815924,0.00781925,19.88121,1.0249063,0.0
9.545,0.4997042,0.42954993,0.0,0.5694884,0.535417,-0.0063723316,20.327248,0.6321885,0.0
9.55,0.4997042,0.42954993,0.0,0.5666167,0.5227781,0.0061960975,21.218073,1.1043514e-07,0.0
9.555,0.4997042,0.42954993,0.0,0.56879765,0.5124763,0.002884203,22.715662,1.7963417e-07,0.0
9.56,0.46418855,0.44048375,0.0,0.55792207,0.49841884,0.0066812225,23.64606,0.6072156,0.0
9.565,0.46418855,0.44048375,0.0,0.5479346,0.48750645,-0.012167462,24.771896,0.73229694,0.0
9.57,0.46418855,0.44048375,0.0,0.5455616,0.47929972,-0.0069486047,26.409796,0.041982684,0.0
9.575000000000001,0.46418855,0.44048375,0.0,0.5471267,0.46988475,-0.011311099,28.02339,7.488975e-08,0.0
9.58,0.44167745,0.45472467,0.0,0.5512761,0.4615076,-0.0016380629,28.64219,0.8805891,0.0
9.585,0.44167745,0.45472467,0.0,0.55382246,0.45644245,0.009921197,28.223057,2.65567,0.0
9.59,0.44167745,0.45472467,0.0,0.5444093,0.45031893,0.010805532,27.333773,4.672149,0.0
9.595,0.44167745,0.45472467,0.0,0.5470984,0.44646543,0.0028319156,27.32844,5.421905,0.0
9.6,0.42705813,0.49240217,0.0,0.5504799,0.443453,0.014238969,27.332361,5.917722,0.0
9.605,0.42705813,0.49240217,0.0,0.54558575,0.44093448,0.008843325,26.887308,6.669304,0.0
9.61,0.42705813,0.49240217,0.0,0.53660715,0.438689,-0.000225367,27.29043,6.233311,0.0
9.615,0.42705813,0.49240217,0.0,0.53399104,0.4378045,-0.006540933,28.598299,4.5827265,0.0
9.620000000000001,0.43474287,0.52440536,0.0,0.52990943,0.4375201,0.0050074253,30.253105,2.363095,0.0
9.625,0.43474287,0.52440536,0.0,0.52521783,0.43799245,0.0009217095,31.89599,-1.4446408e-06,0.0
9.63,0.43474287,0.52440536,0.0,0.5296203,0.43807054,-0.0040611858,33.65008,8.993289e-08,0.0
9.635,0.43474287,0.52440536,0.0,0.53289944,0.43884438,-0.0050366847,35.17578,0.35521257,0.0
9.64,0.45063764,0.56445533,0.0,0.52603316,0.43986914,-0.0025357658,35.996536,1.2583085,0.0
9.645,0.45063764,0.56445533,0.0,0.51424205,0.4399023,-0.006163299,37.30615,1.3704506,0.0
9.65,0.45063764,0.56445533,0.0,0.50808996,0.44055942,-0.0058456655,39.15779,0.6601877,0.0
9.655,0.45063764,0.56445533,0.0,0.48588276,0.4414035,-0.008983068,41.00126,1.08097865e-07,0.0
9.66,0.47962013,0.59836274,0.0,0.48566496,0.44162473,-0.015037041,42.45778,0.041580483,0.0
9.665000000000001,0.47962013,0.59836274,0.0,0.4666381,0.44183734,-0.0023516847,43.554535,0.2585117,0.0
9.67,0.47962013,0.59836274,0.0,0.46550295,0.4430204,-0.004111169,44.194485,0.77527267,0.0
9.675,0.47962013,0.59836274,0.0,0.4590512,0.44380713,-0.0145664485,44.42478,1.5346298,0.0
9.68,0.5125147,0.6,0.0,0.46166715,0.4441672,-0.008765395,44.3363,2.432218,0.0
9.685,0.5125147,0.6,0.0,0.45448622,0.44607824,-0.018887972,43.161003,4.321587,0.0
9.69,0.5125147,0.6,0.0,0.44827884,0.44752315,-0.0099542,41.87588,6.0858755,0.0
9.695,0.5125147,0.6,0.0,0.45057297,0.4487425,-0.018666497,41.004143,7.155646,0.0
9.700000000000001,0.54923373,0.6,0.0,0.44730547,0.45194104,-0.00479021,39.55512,8.647566,0.0
9.705,0.54923373,0.6,0.0,0.4520909,0.4606534,-0.007024553,38.321175,9.668236,0.0
9.71,0.54923373,0.6,0.0,0.4466177,0.4677556,0.00025809,36.837517,10.749332,0.0
9.715,0.54923373,0.6,0.0,0.44682357,0.47402552,0.0014942972,35.713104,11.210818,0.0
9.72,0.57995147,0.6,0.0,0.45136926,0.48334426,0.00056295266,34.386353,11.692775,0.0
9.725,0.57995147,0.6,0.0,0.44278666,0.4914811,-0.0071469382,32.600693,12.46822,0.0
9.73,0.57995147,0.6,0.0,0.45717016,0.49727896,-0.0017391375,31.489695,12.27958,0.0
9.735,0.57995147,0.6,0.0,0.46030685,0.50494075,-0.0044988836,30.444437,11.826117,0.0
9.74,0.6,0.6,0.0,0.4674325,0.51198226,-0.0059044724,29.127146,11.477067,0.0
9.745000000000001,0.6,0.6,0.0,0.46435547,0.51697063,-0.006394135,27.788797,10.949535,0.0
9.75,0.6,0.6,0.0,0.46320578,0.5218799,0.00056035165,27.453259,9.115793,0.0
9.755,0.6,0.6,0.0,0.46532312,0.52758086,-0.0022428809,28.127531,6.001286,0.0
9.76,0.6,0.6,0.0,0.47388235,0.53121644,-0.00060780713,28.376734,3.2205758,0.0
9.765,0.6,0.6,0.0,0.47375214,0.5355722,-0.0051682172,27.930445,1.0559027,0.0
9.77,0.6,0.6,0.0,0.47321373,0.5403947,-0.009160026,27.710947,-1.1398957e-09,0.0
9.775,0.6,0.6,0.0,0.46545127,0.543578,-0.0045449375,28.064074,2.8239288e-08,0.0
9.78,0.6,0.6,0.0,0.4596301,0.5478352,-0.010271476,28.834684,7.795453e-08,0.0
9.785,0.6,0.6,0.0,0.47765335,0.55213994,-0.0037295201,29.724258,6.013978e-08,0.0
9.790000000000001,0.6,0.6,0.0,0.4743023,0.55493575,-0.009247124,29.795254,0.7235365,0.0
9.795,0.6,0.6,0.0,0.4868417,0.55731183,-0.0018458911,29.878948,1.177317,0.0
9.8,0.6,0.57214093,0.0,0.4735521,0.5594208,-0.0015513138,29.528412,1.8738425,0.0
9.805,0.6,0.57214093,0.0,0.47276148,0.5615179,0.0013886198,29.378565,2.0946913,0.0
9.81,0.6,0.57214093,0.0,0.4812874,0.56324834,0.0007556524,29.753252,1.4973541,0.0
9.815,0.6,0.57214093,0.0,0.4946071,0.5647675,0.0018612678,29.500387,1.3862453,0.0
9.82,0.6,0.5237549,0.0,0.49946454,0.566028,-0.0062466534,28.547369,1.8238018,0.0
9.825000000000001,0.6,0.5237549,0.0,0.507381,0.5668241,-0.001144773,27.349031,2.2888002,0.0
9.83,0.6,0.5237549,0.0,0.5112345,0.5670644,-0.003962161,26.196894,2.4553874,0.0
9.835,0.6,0.5237549,0.0,0.52539295,0.5674036,-0.004978311,25.247353,2.156771,0.0
9.84,0.6,0.4849605,0.0,0.52702826,0.5670803,-0.0057514906,24.616308,1.2749436,0.0
9.845,0.6,0.4849605,0.0,0.53198934,0.566274,-0.0025248635,23.204214,1.0495223,0.0
9.85,0.6,0.4849605,0.0,0.53119296,0.56648123,-0.004988053,21.016958,1.4466153,0.0
9.855,0.6,0.4849605,0.0,0.53930163,0.5656467,-0.004308297,20.675615,-1.3483861e-07,0.0
9.86,0.6,0.44634306,0.0,0.54437643,0.5650352,-0.005828492,20.177076,0.58535373,0.0
9.865,0.6,0.44634306,0.0,0.54894394,0.56499386,-0.0059354175,19.060728,1.5940907,0.0
9.870000000000001,0.6,0.44634306,0.0,0.54857427,0.5642376,-0.0074575157,17.778606,2.5115323,0.0
9.875,0.6,0.44634306,0.0,0.5524739,0.5633344,-0.013030039,17.653442,1.8679919,0.0
9.88,0.57730323,0.428508,0.0,0.5606229,0.563009,-0.008080798,17.716969,0.78945047,0.0
9.885,0.57730323,0.428508,0.0,0.5558268,0.56284815,-0.01199994,17.408154,-5.665822e-08,0.0
9.89,0.57730323,0.428508,0.0,0.5585887,0.5613285,-0.00826533,17.685646,4.3299767e-08,0.0
9.895,0.57730323,0.428508,0.0,0.556538,0.5597263,-0.0057302825,17.98531,0.24503548,0.0
9.9,0.52926815,0.42900264,0.0,0.5512481,0.55910623,-0.011099688,18.819431,4.4152014e-08,0.0
9.905,0.52926815,0.42900264,0.0,0.55610466,0.55743134,-0.013458246,20.213772,1.176224e-07,0.0
9.91,0.52926815,0.42900264,0.0,0.5655439,0.5493939,-0.0061726565,20.885181,0.72580206,0.0
9.915000000000001,0.52926815,0.42900264,0.0,0.56507695,0.5400949,-0.008292899,20.669975,2.170277,0.0
9.92,0.4902561,0.43178275,0.0,0.5652049,0.53274924,-0.011128571,21.159847,2.5439444,0.0
9.925,0.4902561,0.43178275,0.0,0.5676207,0.51963437,-0.0033449172,21.516748,2.8158903,0.0
9.93,0.4902561,0.43178275,0.0,0.56197584,0.50606555,-0.0066687744,21.339962,3.429325,0.0
9.935,0.4902561,0.43178275,0.0,0.55561405,0.4970642,-0.00957141,22.061152,2.78416,0.0
9.94,0.45727924,0.44341388,0.0,0.55508584,0.4851704,-0.0065411013,23.782751,0.8036902,0.0
9.945,0.45727924,0.44341388,0.0,0.55163634,0.47472844,-0.0035837116,25.633503,1.2364463e-07,0.0
9.950000000000001,0.45727924,0.44341388,0.0,0.5580713,0.46774897,-0.0003449803,27.55337,2.7812737e-07,0.0
9.955,0.45727924,0.44341388,0.0,0.5497903,0.46025914,-0.00077190617,28.522871,0.843618,0.0
9.96,0.4377259,0.46085218,0.0,0.5562056,0.4520034,-0.0037264873,29.421534,1.5031347,0.0
9.965,0.4377259,0.46085218,0.0,0.55543655,0.44689056,-0.0060986322,29.73487,2.5663698,0.0
9.97,0.4377259,0.46085218,0.0,0.53801847,0.4428147,-0.005655491,30.306044,3.0811222,0.0
9.975,0.4377259,0.46085218,0.0,0.5431551,0.4396831,-0.00466986,31.399508,2.7758248,0.0
9.98,0.43152013,0.4941014,0.0,0.54497176,0.43801573,-0.002162917,31.642612,3.199998,0.0
9.985,0.43152013,0.4941014,0.0,0.53836673,0.4368939,-0.007189775,30.906868,4.4738235,0.0
9.99,0.43152013,0.4941014,0.0,0.5403895,0.43680942,-0.012117149,30.6992,4.901946,0.0
9.995000000000001,0.43152013,0.4941014,0.0,0.5456321,0.43713576,-0.0064675533,30.28228,5.332991,0.0
10.0,0.43554696,0.53885746,0.0,0.54834074,0.43776524,-0.012870913,30.169159,5.1908865,0.0
10.005,0.43554696,0.53885746,0.0,0.5404713,0.43864238,-0.011087197,30.68644,4.133162,0.0
10.01,0.43554696,0.53885746,0.0,0.53909487,0.4385898,0.00036797492,32.515324,1.4218966,0.0
10.015,0.43554696,0.53885746,0.0,0.5333866,0.4395652,-0.0037363162,34.242573,9.223397e-08,0.0
10.02,0.45788336,0.57623273,0.0,0.5231312,0.4403641,0.00067383796,36.100643,1.510225e-07,0.0
10.025,0.45788336,0.57623273,0.0,0.50338525,0.4405769,0.0023926983,38.35835,1.8922677e-07,0.0
10.03,0.45788336,0.57623273,0.0,0.49841827,0.44147894,0.0037518246,40.546967,8.259301e-05,0.0
10.035,0.45788336,0.57623273,0.0,0.4792486,0.4421366,0.0014042461,42.422176,0.03620913,0.0
10.040000000000001,0.4854642,0.6,0.0,0.4685308,0.44255805,-0.0028926616,43.762665,0.43479222,0.0
10.045,0.4854642,0.6,0.0,0.46382174,0.44285575,-0.0026545732,44.51213,1.2776694,0.0
10.05,0.4854642,0.6,0.0,0.4643545,0.443986,0.00013045422,44.771027,2.4462197,0.0
10.055,0.4854642,0.6,0.0,0.45504424,0.4451091,-0.010424295,43.792877,4.76703,0.0
10.06,0.5204946,0.6,0.0,0.45045456,0.44559488,-0.009600654,42.58136,7.091286,0.0
10.065,0.5204946,0.6,0.0,0.44502866,0.44664222,-0.011396605,41.71934,8.781957,0.0
10.07,0.5204946,0.6,0.0,0.44222957,0.45061028,-0.013126971,41.07694,10.003207,0.0
10.075000000000001,0.5204946,0.6,0.0,0.43919104,0.45546895,-0.012850828,40.55644,10.877666,0.0
10.08,0.5558535,0.6,0.0,0.45213163,0.4592663,-0.0021794727,40.08504,11.49609,0.0
10.085,0.5558535,0.6,0.0,0.46180812,0.46754265,-0.0050865104,38.851444,12.759057,0.0
10.09,0.5558535,0.6,0.0,0.45946223,0.47733694,-0.004357223,36.902107,14.591201,0.0
10.095,0.5558535,0.6,0.0,0.4576554,0.48392394,-0.0032271636,35.551105,15.5345545,0.0
10.1,0.5885925,0.6,0.0,0.45753595,0.49153528,-0.0024990477,35.026943,15.369763,0.0
10.105,0.5885925,0.6,0.0,0.4568551,0.4998752,-0.0047170883,34.963776,14.524912,0.0
10.11,0.5885925,0.6,0.0,0.45565462,0.50572467,-0.0085268775,35.10226,13.2984,0.0
10.115,0.5885925,0.6,0.0,0.46608457,0.51184595,-0.0051076766,35.279392,11.87511,0.0
10.120000000000001,0.6,0.6,0.0,0.45199615,0.5184782,-0.008064681,34.57595,11.268659,0.0
10.125,0.6,0.6,0.0,0.45203477,0.5231322,-0.0050185868,33.78062,10.579997,0.0
10.13,0.6,0.6,0.0,0.4570029,0.526833,-0.003112367,32.48008,10.269357,0.0
10.135,0.6,0.6,0.0,0.45424223,0.531949,-0.003019079,30.58475,10.414557,0.0
10.14,0.6,0.6,0.0,0.45522606,0.53570414,-0.0049244827,29.39565,9.564433,0.0
10.145,0.6,0.6,0.0,0.4590204,0.5398849,-0.0023833674,28.259724,8.469204,0.0
10.15,0.6,0.6,0.0,0.46615228,0.5443222,-0.0102049485,26.843298,7.49263,0.0
10.155,0.6,0.6,0.0,0.46108282,0.5480681,-0.0136381015,25.443644,6.2983346,0.0
10.16,0.6,0.6,0.0,0.48026988,0.5513851,-0.0055655544,25.075844,3.7621841,0.0
10.165000000000001,0.6,0.6,0.0,0.4774209,0.55485326,-0.0100748595,24.964314,0.7809539,0.0
10.17,0.6,0.6,0.0,0.4793662,0.5574871,-0.0020712547,24.997349,1.2255994e-08,0.0
10.175,0.6,0.6,0.0,0.48977607,0.55966234,0.0044399267,24.976524,0.15921535,0.0
10.18,0.6,0.5601815,0.0,0.4997861,0.5617062,-0.0026420092,24.698719,0.3585579,0.0
10.185,0.6,0.5601815,0.0,0.503117,0.5634382,-0.005173745,24.375292,0.36190456,0.0
10.19,0.6,0.5601815,0.0,0.49996367,0.5648661,-0.0026282272,24.097612,0.072758086,0.0
10.195,0.6,0.5601815,0.0,0.5105667,0.5665466,-0.0045411983,24.567791,1.1261786e-07,0.0
10.200000000000001,0.6,0.5112884,0.0,0.5209172,0.5677775,-0.0034479173,25.139969,0.12521334,0.0
10.205,0.6,0.5112884,0.0,0.5119221,0.5683809,-0.006056924,25.395384,0.35674277,0.0
10.21,0.6,0.5112884,0.0,0.5116595,0.5683117,0.004170363,26.307293,1.0884276e-07,0.0
10.215,0.6,0.5112884,0.0,0.5166372,0.56789184,-0.0028141765,26.838549,0.47785437,0.0
10.22,0.6,0.4753396,0.0,0.5220465,0.56783175,0.00032123164,25.697647,2.566904,0.0
10.225,0.6,0.4753396,0.0,0.5218718,0.56655043,-0.0024524778,23.276243,5.7805433,0.0
10.23,0.6,0.4753396,0.0,0.5271284,0.5660873,-0.0067204433,21.434551,8.022458,0.0
10.235,0.6,0.4753396,0.0,0.53141767,0.56605625,-0.004864924,19.688364,9.865321,0.0
10.24,0.6,0.43989173,0.0,0.5400409,0.56510854,-0.00973801,17.782162,11.596731,0.0
10.245000000000001,0.6,0.43989173,0.0,0.5443191,0.56443244,-0.007955774,16.11641,12.7793455,0.0
10.25,0.6,0.43989173,0.0,0.54678917,0.5641556,-0.0061044064,14.888553,13.212722,0.0
10.255,0.6,0.43989173,0.0,0.54666674,0.5638156,-0.0049254163,14.1306715,12.882489,0.0
10.26,0.56334084,0.43058828,0.0,0.5529324,0.5626483,-0.007429028,14.827913,10.723842,0.0
10.265,0.56334084,0.43058828,0.0,0.55273396,0.56248367,-0.008924197,15.79014,8.09648,0.0
10.27,0.56334084,0.43058828,0.0,0.5528883,0.56137955,-1.5928172e-05,17.339302,4.642949,0.0
10.275,0.56334084,0.43058828,0.0,0.5576791,0.55944884,0.0012016608,18.470888,1.502545,0.0
10.28,0.5197979,0.4267968,0.0,0.5617305,0.55804485,-0.005938886,18.566202,0.012724154,0.0
10.285,0.5197979,0.4267968,0.0,0.5625312,0.55619556,-0.01229771,18.061832,0.046818152,0.0
10.290000000000001,0.5197979,0.4267968,0.0,0.56557953,0.546774,-0.0050784573,17.474213,-5.4172733e-09,0.0
10.295,0.5197979,0.4267968,0.0,0.5680005,0.5329388,-0.0040287417,16.95153,3.3333143e-09,0.0
10.3,0.4805938,0.43410638,0.0,0.56069267,0.5218839,-0.0029071306,16.655529,4.06013e-09,0.0
10.305,0.4805938,0.43410638,0.0,0.563065,0.5106744,-0.008090397,17.488636,1.1329407e-07,0.0
10.31,0.4805938,0.43410638,0.0,0.56537396,0.49660307,-0.00533634,18.624254,0.026411984,0.0
10.315,0.4805938,0.43410638,0.0,0.56242794,0.48665315,-0.00828137,19.505749,0.0698816,0.0
10.32,0.4521386,0.44386828,0.0,0.5611326,0.47739837,-0.0030226624,21.103281,2.0953296e-07,0.0
10.325000000000001,0.4521386,0.44386828,0.0,0.5484088,0.46759853,-0.008113683,23.49037,1.5488986e-07,0.0
10.33,0.4521386,0.44386828,0.0,0.5451794,0.46009082,0.004987032,26.15174,1.5103718e-07,0.0
10.335,0.4521386,0.44386828,0.0,0.5488398,0.45499006,0.0015137319,28.736456,2.0577808e-07,0.0
10.34,0.43235505,0.47369194,0.0,0.549177,0.44883817,0.0025476639,30.0545,1.0459738,0.0
10.345,0.43235505,0.47369194,0.0,0.55312055,0.4448049,-0.0054658107,30.029123,3.3231995,0.0
10.35,0.43235505,0.47369194,0.0,0.55319166,0.4414837,0.0029522872,29.298569,6.0932126,0.0
10.355,0.43235505,0.47369194,0.0,0.53496575,0.43831867,-5.284e-05,28.281305,8.882004,0.0
10.36,0.43189153,0.50374264,0.0,0.5263948,0.43601745,-0.009240586,28.164457,10.3812895,0.0
10.365,0.43189153,0.50374264,0.0,0.5347114,0.43443418,-0.00036388205,28.995638,10.582834,0.0
10.370000000000001,0.43189153,0.50374264,0.0,0.52655476,0.43475133,-0.01222569,29.304317,11.14365,0.0
10.375,0.43189153,0.50374264,0.0,0.5348199,0.4352906,-0.0001701273,30.629189,10.354525,0.0
10.38,0.43746045,0.54994065,0.0,0.5359845,0.4358939,-0.0036968861,32.320282,8.976178,0.0
10.385,0.43746045,0.54994065,0.0,0.5387431,0.43785447,-0.00347974,33.577194,7.9013057,0.0
10.39,0.43746045,0.54994065,0.0,0.5230702,0.43782786,-0.0035962719,34.458668,7.0597324,0.0
10.395,0.43746045,0.54994065,0.0,0.51261777,0.43839237,-0.0019209849,35.09849,6.2987337,0.0
10.4,0.46352214,0.58382756,0.0,0.50368327,0.43938723,-0.014341029,36.34074,4.680365,0.0
10.405,0.46352214,0.58382756,0.0,0.48725304,0.43942204,0.0007383799,38.116905,2.303599,0.0
10.41,0.46352214,0.58382756,0.0,0.48154402,0.43986762,-0.0071694315,39.838516,-1.6934784e-07,0.0
10.415000000000001,0.46352214,0.58382756,0.0,0.479652,0.44057277,0.0057301936,40.971233,7.731095e-08,0.0
10.42,0.49510118,0.6,0.0,0.4679542,0.44126764,0.007224504,41.956985,6.161298e-08,0.0
10.425,0.49510118,0.6,0.0,0.46331796,0.44140163,-0.0032652183,42.6838,0.043241866,0.0
10.43,0.49510118,0.6,0.0,0.46183035,0.44157565,0.007493485,43.106712,0.21342899,0.0
10.435,0.49510118,0.6,0.0,0.44108832,0.442567,-0.0019906943,43.282993,0.45034787,0.0
10.44,0.530086,0.6,0.0,0.44764528,0.4431087,-0.0011210032,43.136543,0.8387131,0.0
10.445,0.530086,0.6,0.0,0.43661067,0.4444663,-0.004827703,41.908653,2.220639,0.0
10.450000000000001,0.530086,0.6,0.0,0.4465951,0.44950518,-0.014177133,40.553745,3.50111,0.0
10.455,0.530086,0.6,0.0,0.4363538,0.4587577,-0.023666678,38.8069,4.982707,0.0
10.46,0.5678876,0.6,0.0,0.43804494,0.46582976,-0.015352238,37.339672,5.9080305,0.0
10.465,0.5678876,0.6,0.0,0.44729498,0.47391963,-0.0151325185,35.649166,6.8545976,0.0
10.47,0.5678876,0.6,0.0,0.44408315,0.484021,-0.026341708,33.56138,8.006224,0.0
10.475,0.5678876,0.6,0.0,0.4484581,0.49171546,-0.026871433,32.2444,8.063078,0.0
10.48,0.5975842,0.6,0.0,0.45114666,0.49828446,-0.020054977,31.007137,7.823476,0.0
10.485,0.5975842,0.6,0.0,0.45141935,0.50726914,-0.016790165,29.49296,7.6803493,0.0
10.49,0.5975842,0.6,0.0,0.4518662,0.51346576,-0.013668793,27.926394,7.379297,0.0
10.495000000000001,0.5975842,0.6,0.0,0.4571176,0.51894784,-0.0030627411,26.451456,6.761559,0.0
10.5,0.6,0.6,0.0,0.46634963,0.5250714,0.010274217,25.184704,5.7028584,0.0
10.505,0.6,0.6,0.0,0.46337688,0.53026253,0.005031973,24.208796,4.119505,0.0
10.51,0.6,0.6,0.0,0.4615341,0.53423357,-0.0025141377,24.388424,1.0593698,0.0
10.515,0.6,0.6,0.0,0.46300936,0.5395426,-0.019083483,25.04816,5.5618713e-08,0.0
10.52,0.6,0.6,0.0,0.45526305,0.54331034,-0.01893942,25.361692,0.29912028,0.0
10.525,0.6,0.6,0.0,0.45635408,0.54641885,-0.02514847,25.997795,-1.3452222e-07,0.0
10.53,0.6,0.6,0.0,0.46227148,0.5500363,-0.02091572,26.164757,0.46535453,0.0
10.535,0.6,0.6,0.0,0.47105235,0.55312884,-0.025687026,25.707977,1.3723485,0.0
10.540000000000001,0.58,0.58,0.012000007,0.47241753,0.55558944,-0.029527918,24.982996,2.3142784,0.0
10.545,0.58,0.58,0.012000007,0.4731395,0.5576639,-0.026514173,24.198662,3.0586233,0.0
10.55,0.58,0.58,0.012000007,0.48033342,0.55971754,-0.028796483,23.464262,3.4895017,0.0
10.555,0.58,0.58,0.012000007,0.48859057,0.5613326,-0.028927842,22.876171,3.5081048,0.0
10.56,0.56,0.56,0.023999996,0.49664754,0.5628968,-0.020930229,22.501886,3.050065,0.0
10.565,0.56,0.56,0.023999996,0.5049873,0.5642223,-0.0009294749,22.359068,2.1074533,0.0
10.57,0.56,0.56,0.023999996,0.5071705,0.5653146,-0.010922378,22.431583,0.70944107,0.0
10.575000000000001,0.56,0.56,0.023999996,0.5122025,0.56666845,-0.012264723,22.46459,2.4135918e-09,0.0
10.58,0.54,0.54,0.036000002,0.51811564,0.56751835,-0.00814712,22.517754,4.5570427e-09,0.0
10.585,0.54,0.54,0.036000002,0.5289397,0.5686309,-0.015505358,22.710428,1.8757415e-08,0.0
10.59,0.54,0.54,0.036000002,0.53296125,0.56880426,-0.017242309,23.03391,1.887723e-08,0.0
10.595,0.54,0.54,0.036000002,0.53476334,0.5688629,-0.0037469845,23.450762,8.914796e-09,0.0
10.6,0.52,0.52,0.047999993,0.53477436,0.5687798,-0.008323162,23.902136,3.405625e-08,0.0
10.605,0.52,0.52,0.047999993,0.5336113,0.5677612,-0.0012038088,23.268583,1.0361208,0.0
10.61,0.52,0.52,0.047999993,0.530521,0.56693465,-0.0028188312,22.586657,1.850858,0.0
10.615,0.52,0.52,0.047999993,0.53233236,0.5667846,-0.009702036,22.449207,1.7971618,0.0
10.620000000000001,0.5,0.5,0.06,0.53312427,0.5663025,-0.009327558,21.62571,2.2686822,0.0
10.625,0.5,0.5,0.06,0.5342991,0.5654589,-0.014909663,20.019833,3.3515487,0.0
10.63,0.5,0.5,0.06,0.5370297,0.56538826,-0.006377634,18.186161,4.411567,0.0
10.635,0.5,0.5,0.06,0.53181,0.5648114,-0.002821948,16.4945,5.0383873,0.0
10.64,0.48,0.48,0.072000004,0.5382136,0.56433505,0.0021168662,16.13257,3.925367,0.0
10.645,0.48,0.48,0.072000004,0.5363682,0.5640086,-0.003970738,16.110113,2.224318,0.0
10.65,0.48,0.48,0.072000004,0.52986306,0.5636691,-0.014065908,16.738619,-2.8644456e-07,0.0
10.655,0.48,0.48,0.072000004,0.5274604,0.5623256,-0.010234201,17.692684,6.990117e-08,0.0
10.66,0.46,0.46,0.08399999,0.52640593,0.56210935,-0.011754943,19.065641,3.1621617e-08,0.0
10.665000000000001,0.46,0.46,0.08399999,0.52512604,0.56152886,-0.010001968,20.548954,1.0357127e-07,0.0
10.67,0.46,0.46,0.08399999,0.5303873,0.5601603,-0.0018212342,21.92962,1.3125857e-07,0.0
10.675,0.46,0.46,0.08399999,0.5274829,0.5595484,0.011565499,22.118013,1.0328112,0.0
10.68,0.44,0.44,0.096,0.5275812,0.55917686,0.02171058,22.09979,2.018855,0.0
10.685,0.44,0.44,0.096,0.5232263,0.5576033,0.031311627,21.434757,3.4576302,0.0
10.69,0.44,0.44,0.096,0.5312966,0.5510415,0.036769096,20.97689,4.3819294,0.0
10.695,0.44,0.44,0.096,0.53051156,0.54427516,0.031640492,20.264877,5.3256927,0.0
10.700000000000001,0.42,0.42,0.10800001,0.5188122,0.5373728,0.05062539,20.113846,5.3782907,0.0
10.705,0.42,0.42,0.10800001,0.5126531,0.5257951,0.047513302,20.785458,4.2793875,0.0
10.71,0.42,0.42,0.10800001,0.51748514,0.51337576,0.05978491,21.857649,2.5244439,0.0
10.715,0.42,0.42,0.10800001,0.51363134,0.5053047,0.05934155,22.158081,1.4339489,0.0
10.72,0.4,0.4,0.12,0.5184219,0.49483967,0.06371328,22.563425,0.008122416,0.0
10.725,0.4,0.4,0.12,0.5218353,0.48479897,0.06212759,22.35788,0.22869363,0.0
10.73,0.4,0.4,0.12,0.5182237,0.47766536,0.070353664,21.696873,0.7094376,0.0
10.735,0.4,0.4,0.12,0.5060872,0.46936053,0.08196819,21.911596,-1.9396846e-07,0.0
10.74,0.38000003,0.38000003,0.13199998,0.5044351,0.46115348,0.089868754,22.765997,7.616637e-08,0.0
10.745000000000001,0.38000003,0.38000003,0.13199998,0.5003187,0.45517588,0.09025425,24.096052,8.9064606e-08,0.0
10.75,0.38000003,0.38000003,0.13199998,0.47855914,0.44817042,0.09365358,25.633396,1.3111173e-07,0.0
10.755,0.38000003,0.38000003,0.13199998,0.46834037,0.4410892,0.09255897,27.066486,6.512578e-08,0.0
10.76,0.36,0.36,0.144,0.4574767,0.43551952,0.100157745,28.221369,0.0120234825,0.0
10.765,0.36,0.36,0.144,0.44515797,0.4301137,0.10960948,29.020857,0.16349752,0.0
10.77,0.36,0.36,0.144,0.44566697,0.42336214,0.10947407,29.449451,0.4881028,0.0
10.775,0.36,0.36,0.144,0.43471932,0.417751,0.1060432,28.769598,1.8059056,0.0
10.78,0.34,0.34,0.156,0.43795803,0.41361436,0.107744634,27.943932,3.014021,0.0
10.785,0.34,0.34,0.156,0.41766238,0.4069705,0.104151666,26.714334,4.408925,0.0
10.790000000000001,0.34,0.34,0.156,0.402811,0.40154168,0.11039567,25.72842,5.2612004,0.0
10.795,0.34,0.34,0.156,0.39268452,0.39732465,0.11476254,25.267172,5.279148,0.0
10.8,0.32,0.32,0.16799998,0.3959039,0.3923623,0.11881742,25.065052,4.7784896,0.0
10.805,0.32,0.32,0.16799998,0.38300246,0.38810933,0.124939956,24.283863,4.7022977,0.0
10.81,0.32,0.32,0.16799998,0.38782445,0.3848481,0.12639867,23.60338,4.2784166,0.0
10.815,0.32,0.32,0.16799998,0.37620974,0.37989366,0.12162076,22.689972,3.8905852,0.0
10.82,0.3,0.3,0.18,0.37020206,0.37489766,0.1243131,22.10122,2.9113216,0.0
10.825000000000001,0.3,0.3,0.18,0.36519358,0.37120295,0.12459033,22.09507,1.0718935,0.0
10.83,0.3,0.3,0.18,0.35816157,0.3667578,0.12388622,22.17398,-5.4803224e-09,0.0
10.835,0.3,0.3,0.18,0.36002278,0.36170426,0.12782969,22.270302,7.194476e-09,0.0
10.84,0.28,0.28,0.192,0.3448759,0.3577456,0.13900307,21.890715,0.4413919,0.0
10.845,0.28,0.28,0.192,0.34344426,0.35379276,0.14425667,21.598196,0.5263614,0.0
10.85,0.28,0.28,0.192,0.35002565,0.34855863,0.14882414,21.689825,-6.612123e-08,0.0
10.855,0.28,0.28,0.192,0.34385878,0.34390062,0.15211415,21.302284,0.3351832,0.0
10.86,0.26,0.26,0.204,0.34157428,0.34021306,0.15497094,21.165556,0.13368699,0.0
10.865,0.26,0.26,0.204,0.3333266,0.3348218,0.15870155,21.381943,1.7454559e-08,0.0
10.870000000000001,0.26,0.26,0.204,0.33370715,0.33042678,0.16128105,21.792263,2.2271015e-08,0.0
10.875,0.26,0.26,0.204,0.33446634,0.32661504,0.16373229,21.709013,0.4285141,0.0
10.88,0.24,0.24,0.216,0.33399236,0.32198536,0.16740012,21.087505,1.1983055,0.0
10.885,0.24,0.24,0.216,0.3210901,0.31756273,0.17034781,20.93057,1.1831678,0.0
10.89,0.24,0.24,0.216,0.3184128,0.31425527,0.17256021,21.324804,0.31145304,0.0
10.895,0.24,0.24,0.216,0.30363643,0.3096075,0.17584564,21.78218,1.1393798e-08,0.0
10.9,0.22,0.22,0.228,0.29647455,0.3046157,0.17941381,22.227407,3.3204262e-08,0.0
10.905,0.22,0.22,0.228,0.29336047,0.30144358,0.18151997,22.609196,2.2938671e-08,0.0
10.91,0.22,0.22,0.228,0.2906957,0.29761985,0.18467534,22.902254,1.1303181e-08,0.0
10.915000000000001,0.22,0.22,0.228,0.29073802,0.2923146,0.1885497,23.113476,1.8605977e-08,0.0
10.92,0.2,0.2,0.24,0.29397288,0.2888679,0.19072515,22.725607,0.47531864,0.0
10.925,0.2,0.2,0.24,0.28341943,0.2843514,0.19466281,21.813063,1.2767715,0.0
10.93,0.2,0.2,0.24,0.27665314,0.27950343,0.19871433,21.247591,1.424518,0.0
10.935,0.2,0.2,0.24,0.27601406,0.2754425,0.20164618,21.174833,0.77697,0.0
10.94,0.18,0.18,0.252,0.2782371,0.27167708,0.20452458,21.32162,8.15486e-09,0.0
10.945,0.18,0.18,0.252,0.27725843,0.26650605,0.20832095,21.018135,0.24508937,0.0
10.950000000000001,0.18,0.18,0.252,0.2751949,0.26250568,0.21092434,20.945498,-5.342733e-08,0.0
10.955,0.18,0.18,0.252,0.26446858,0.2589732,0.21346022,21.155752,1.703051e-10,0.0
10.96,0.16,0.16,0.264,0.25829855,0.25482452,0.21650754,21.52359,3.8916486e-08,0.0
10.965,0.16,0.16,0.264,0.25173414,0.25088176,0.219131,21.914537,2.6013009e-08,0.0
10.97,0.16,0.16,0.264,0.2504793,0.24760471,0.2216088,22.253448,2.3284604e-08,0.0
10.975,0.16,0.16,0.264,0.24541852,0.24358049,0.22477594,22.527403,8.103658e-09,0.0
10.98,0.14,0.14,0.276,0.2424918,0.23890854,0.22806811,22.727102,7.1897053e-09,0.0
10.985,0.14,0.14,0.276,0.24110025,0.23593047,0.2300282,22.857822,6.1758625e-09,0.0
10.99,0.14,0.14,0.276,0.2386804,0.2317391,0.23364826,22.9393,9.916521e-09,0.0
10.995000000000001,0.14,0.14,0.276,0.22832015,0.22719263,0.23707677,22.986996,7.9232825e-09,0.0
11.0,0.12,0.12,0.288,0.23234196,0.22372001,0.23968814,22.957571,-1.0091313e-08,0.0
11.005,0.12,0.12,0.288,0.21988791,0.21943082,0.24339142,22.442455,0.35468575,0.0
11.01,0.12,0.12,0.288,0.21277404,0.21470943,0.2471881,21.883406,0.50254,0.0
11.015,0.12,0.12,0.288,0.2215261,0.21108747,0.24978612,21.706196,-1.5914442e-07,0.0
11.02,0.1,0.1,0.3,0.21116854,0.20725349,0.25294828,21.354185,0.04213476,0.0
11.025,0.1,0.1,0.3,0.19754559,0.20266075,0.2561452,21.15218,7.3947612e-09,0.0
11.03,0.1,0.1,0.3,0.19403227,0.19851786,0.25887927,21.09725,4.3874753e-09,0.0
11.035,0.1,0.1,0.3,0.18646792,0.1951552,0.26136735,21.069769,2.388486e-09,0.0
11.040000000000001,0.1,0.1,0.3,0.18005283,0.191143,0.264506,20.993095,-4.216114e-09,0.0
11.045,0.1,0.1,0.3,0.18561736,0.18746518,0.26707947,20.813654,-1.5967963e-09,0.0
11.05,0.1,0.1,0.3,0.17933735,0.18404864,0.2700612,20.22712,0.25808835,0.0
11.055,0.1,0.1,0.3,0.17575778,0.18053526,0.2729446,19.652359,0.1219146,0.0
11.06,0.1,0.1,0.3,0.17072807,0.17643578,0.2759621,19.152548,-9.039863e-09,0.0
11.065,0.1,0.1,0.3,0.16903292,0.17345762,0.27820426,18.670092,-4.757987e-09,0.0
11.07,0.1,0.1,0.3,0.17190959,0.16963857,0.28076205,18.210293,-1.8142401e-08,0.0
11.075000000000001,0.1,0.1,0.3,0.16843745,0.16548218,0.28329384,17.503496,-1.6011482e-08,0.0
11.08,0.1,0.1,0.3,0.15638427,0.16279913,0.2848841,16.81188,1.5786984e-08,0.0
11.085,0.1,0.1,0.3,0.1508396,0.15989347,0.286817,16.226036,-1.9207505e-08,0.0
11.09,0.1,0.1,0.3,0.14756767,0.15644693,0.28887627,15.66131,2.6074662e-09,0.0
11.095,0.1,0.1,0.3,0.1533406,0.15411787,0.2902095,15.104433,2.4363427e-08,0.0
11.1,0.1,0.1,0.3,0.14775087,0.15137947,0.29181978,14.3461,9.800066e-10,0.0
11.105,0.1,0.1,0.3,0.12887993,0.14854573,0.29321763,13.629676,-1.1336772e-08,0.0
11.11,0.1,0.1,0.3,0.12838173,0.14623362,0.2942178,12.985162,-5.1525184e-08,0.0
11.115,0.1,0.1,0.3,0.12961051,0.14461328,0.29426214,12.368409,1.2505174e-08,0.0
11.120000000000001,0.1,0.1,0.3,0.13098606,0.14186619,0.29452267,11.585555,-2.8733167e-08,0.0
11.125,0.1,0.1,0.3,0.13430116,0.13989286,0.2946357,10.646443,4.367988e-08,0.0
11.13,0.1,0.1,0.3,0.14151692,0.13800475,0.29460013,9.708308,-4.1372292e-08,0.0
11.135,0.1,0.1,0.3,0.13037224,0.13595606,0.29448768,8.901092,-4.5923114e-09,0.0
11.14,0.1,0.1,0.3,0.12724175,0.13421108,0.29441082,8.457964,2.215877e-08,0.0
11.145,0.1,0.1,0.3,0.120488934,0.13286954,0.29427236,8.370653,-4.3775542e-10,0.0
11.15,0.1,0.1,0.3,0.12520732,0.1315447,0.2940811,8.468803,1.2008939e-09,0.0
11.155,0.1,0.1,0.3,0.12715836,0.12943222,0.2940398,8.4535,-1.41081165e-08,0.0
11.16,0.1,0.1,0.3,0.117473125,0.12808627,0.29360116,8.272118,1.7064819e-08,0.0
11.165000000000001,0.1,0.1,0.3,0.11948957,0.12610643,0.2934848,8.174942,-1.6711974e-08,0.0
11.17,0.1,0.1,0.3,0.12182498,0.124121584,0.29303345,8.017885,2.2174595e-08,0.0
11.175,0.1,0.1,0.3,0.1270336,0.12324872,0.2928677,7.741031,3.0052956e-08,0.0
11.18,0.1,0.1,0.3,0.13300408,0.12183432,0.29314336,7.4482894,-1.0689467e-08,0.0
11.185,0.1,0.1,0.3,0.11858217,0.12015281,0.29327703,7.2281466,-6.875042e-10,0.0
11.19,0.1,0.1,0.3,0.1253146,0.11936323,0.29275373,7.2446036,6.8808474e-09,0.0
11.195,0.1,0.1,0.3,0.12558836,0.11701796,0.2927371,7.3006506,2.1273582e-08,0.0
11.200000000000001,0.1,0.1,0.3,0.11717643,0.11598581,0.29276943,7.2807918,1.3910157e-09,0.0
11.205,0.1,0.1,0.3,0.10996561,0.11584243,0.2924733,7.3920026,1.01584865e-08,0.0
11.21,0.1,0.1,0.3,0.110435635,0.11384074,0.29268777,7.6157365,2.7409605e-08,0.0
11.215,0.1,0.1,0.3,0.11216091,0.11350422,0.2924172,7.6547403,-8.880673e-09,0.0
11.22,0.1,0.1,0.3,0.10167788,0.11248959,0.2928837,7.4674506,-1.246602e-08,0.0
11.225,0.1,0.1,0.3,0.09425186,0.112703286,0.29286963,7.2986894,-1.3962098e-08,0.0
11.23,0.1,0.1,0.3,0.08742914,0.11177788,0.2927937,7.1805854,-1.5493665e-08,0.0
11.235,0.1,0.1,0.3,0.08510351,0.11034068,0.29260916,7.033191,1.7319451e-09,0.0
11.24,0.1,0.1,0.3,0.09555827,0.10928332,0.29254088,6.8414245,1.0432899e-08,0.0
11.245000000000001,0.1,0.1,0.3,0.107943125,0.107856385,0.29252985,6.515857,-7.970342e-09,0.0
11.25,0.1,0.1,0.3,0.10969095,0.10744907,0.29238454,6.147742,-3.0027558e-09,0.0
11.255,0.1,0.1,0.3,0.09491432,0.10658229,0.29262552,5.8388042,-1.0829304e-08,0.0
11.26,0.1,0.1,0.3,0.0976196,0.10683488,0.29233474,5.716928,-3.4017942e-09,0.0
11.265,0.1,0.1,0.3,0.10635157,0.108021684,0.29216644,5.6120477,-5.8263874e-09,0.0
11.27,0.1,0.1,0.3,0.09898503,0.106274836,0.29249734,5.491682,6.2263945e-09,0.0
11.275,0.1,0.1,0.3,0.105141684,0.10486081,0.29244033,5.558196,1.18133405e-08,0.0
11.28,0.1,0.1,0.3,0.10288306,0.10466254,0.29222038,5.658298,2.8733198e-09,0.0
11.285,0.1,0.1,0.3,0.088695176,0.10310358,0.29236743,5.873257,-1.7931368e-08,0.0
11.290000000000001,0.1,0.1,0.3,0.09762953,0.10106344,0.2925394,6.1345553,1.4387246e-08,0.0
11.295,0.1,0.1,0.3,0.09860449,0.09872625,0.2927193,6.2161264,3.164197e-09,0.0
11.3,0.1,0.1,0.3,0.095229216,0.098162785,0.292838,6.1087117,2.0484248e-09,0.0
11.305,0.1,0.1,0.3,0.09365028,0.09989048,0.29276615,6.0617547,6.8302843e-09,0.0
11.31,0.1,0.1,0.3,0.08407399,0.10152554,0.29270062,6.133826,4.464973e-09,0.0
11.315,0.1,0.1,0.3,0.09030843,0.10035586,0.29242486,6.2005115,-5.3459597e-09,0.0
11.32,0.1,0.1,0.3,0.07362346,0.09829086,0.29284817,6.0827975,-1.2515465e-08,0.0
11.325000000000001,0.1,0.1,0.3,0.0828459,0.100670956,0.29264143,5.8494606,-6.357069e-09,0.0
11.33,0.1,0.1,0.3,0.0863009,0.09851652,0.2929137,5.4902086,-1.2008097e-08,0.0
11.335,0.1,0.1,0.3,0.086156674,0.096896574,0.292885,5.0574846,-2.554326e-08,0.0
11.34,0.1,0.1,0.3,0.09664553,0.09483327,0.29294753,4.815064,2.8163716e-09,0.0
11.345,0.1,0.1,0.3,0.080362946,0.09382634,0.2931593,4.707145,-5.785599e-09,0.0
11.35,0.1,0.1,0.3,0.076460324,0.095775954,0.29280737,4.7169333,5.3944977e-09,0.0
11.355,0.1,0.1,0.3,0.08906033,0.09672462,0.2927141,4.8091674,4.113738e-08,0.0
11.36,0.1,0.1,0.3,0.093796305,0.09592846,0.292316,4.841303,-3.85693e-09,0.0
11.365,0.1,0.1,0.3,0.08677458,0.10276653,0.29224023,4.8124824,-2.277543e-08,0.0
11.370000000000001,0.1,0.1,0.3,0.09096955,0.10425339,0.2924879,4.8971877,2.7495512e-08,0.0
11.375,0.1,0.1,0.3,0.11197848,0.09628491,0.29246965,4.9664354,4.113536e-09,0.0
11.38,0.1,0.1,0.3,0.112131074,0.08667413,0.2930085,5.060184,5.7661294e-09,0.0
11.385,0.1,0.1,0.3,0.100186996,0.09184771,0.2929146,5.223454,9.810222e-09,0.0
11.39,0.1,0.1,0.3,0.111275926,0.094708845,0.29284644,5.539399,1.7119335e-08,0.0
11.395,0.1,0.1,0.3,0.09240523,0.09781279,0.29275653,5.8476005,1.7519257e-08,0.0
11.4,0.1,0.1,0.3,0.07493363,0.10599186,0.29291177,6.120254,8.729923e-09,0.0
11.405,0.1,0.1,0.3,0.077629685,0.097499035,0.29346827,6.2530503,-1.6803802e-09,0.0
11.41,0.1,0.1,0.3,0.09127062,0.09588933,0.2933842,6.0704594,1.146795e-08,0.0
11.415000000000001,0.1,0.1,0.3,0.10623947,0.08949222,0.29336888,5.7004747,7.919918e-09,0.0
11.42,0.1,0.1,0.3,0.09550757,0.09199827,0.29338485,5.373368,-1.7806169e-08,0.0
11.425,0.1,0.1,0.3,0.09840937,0.087047175,0.2932738,5.2908072,-6.670238e-10,0.0
11.43,0.1,0.1,0.3,0.09309693,0.092667125,0.29289177,5.2733283,-1.2965603e-08,0.0
11.435,0.1,0.1,0.3,0.089555085,0.08479268,0.29297394,5.367478,1.2939593e-08,0.0
11.44,0.1,0.1,0.3,0.085404426,0.09223546,0.29307404,5.580934,4.218021e-09,0.0
11.445,0.1,0.1,0.3,0.09077566,0.09165686,0.29318625,5.804719,3.852853e-09,0.0
11.450000000000001,0.1,0.1,0.3,0.088989526,0.085474774,0.29354343,5.8471055,-1.9419406e-09,0.0
11.455,0.1,0.1,0.3,0.090150625,0.09476398,0.29321387,5.860102,4.4576587e-09,0.0
11.46,0.1,0.1,0.3,0.0865115,0.10550936,0.29310328,5.762669,1.8431239e-08,0.0
11.465,0.1,0.1,0.3,0.08663489,0.09995008,0.29344437,5.6686687,1.9960886e-08,0.0
11.47,0.1,0.1,0.3,0.09219468,0.09303502,0.29360768,5.494295,5.16378e-09,0.0
11.475,0.1,0.1,0.3,0.086792424,0.09350122,0.29352415,5.231415,-1.04030695e-08,0.0
11.48,0.1,0.1,0.3,0.091152824,0.092789605,0.2936909,5.102956,-3.5600125e-09,0.0
11.485,0.1,0.1,0.3,0.093095444,0.09079802,0.29401797,5.00462,7.018517e-09,0.0
11.49,0.1,0.1,0.3,0.103432946,0.08110884,0.29377934,4.873711,-4.2294834e-09,0.0
11.495000000000001,0.1,0.1,0.3,0.091929674,0.08203875,0.2940701,4.8018603,-5.54211e-09,0.0
11.5,0.1,0.1,0.3,0.09469868,0.08088087,0.29416335,4.92889,1.6784078e-08,0.0
11.505,0.1,0.1,0.3,0.08548195,0.10167883,0.2939818,5.065289,1.2495016e-08,0.0
11.51,0.1,0.1,0.3,0.08450857,0.100714944,0.2943063,5.222913,1.0329947e-08,0.0
11.515,0.1,0.1,0.3,0.092035785,0.10213087,0.29358327,5.4311376,3.944341e-09,0.0
11.52,0.1,0.1,0.3,0.08696555,0.102325514,0.29395828,5.5116386,-1.7431365e-08,0.0
11.525,0.1,0.1,0.3,0.08444972,0.10553803,0.2938605,5.57953,2.2467666e-09,0.0
11.53,0.1,0.1,0.3,0.08223921,0.09995572,0.2939234,5.6867757,1.4701919e-08,0.0
11.535,0.1,0.1,0.3,0.08621823,0.09411066,0.29422072,5.782452,5.2387067e-10,0.0
11.540000000000001,0.1,0.1,0.3,0.079997614,0.0960945,0.2944808,5.7034187,-3.6359415e-09,0.0
11.545,0.1,0.1,0.3,0.071293764,0.090589546,0.29440358,5.573192,-1.3957853e-09,0.0
11.55,0.1,0.1,0.3,0.08923131,0.097929694,0.29374248,5.4255314,8.260213e-09,0.0
11.555,0.1,0.1,0.3,0.09438079,0.093770765,0.29404718,5.2011313,-8.12811e-09,0.0
11.56,0.1,0.1,0.3,0.09381131,0.09893497,0.2937051,4.961315,3.7054517e-09,0.0
11.565,0.1,0.1,0.3,0.10183849,0.08901582,0.2939377,4.9409566,-1.0345028e-08,0.0
11.57,0.1,0.1,0.3,0.09899062,0.09355044,0.2942353,5.0249767,3.0237783e-09,0.0
11.575000000000001,0.1,0.1,0.3,0.09041612,0.095201544,0.29419574,5.276367,4.1411052e-08,0.0
11.58,0.1,0.1,0.3,0.09281075,0.094396085,0.29432592,5.6338677,1.8342105e-08,0.0
11.585,0.1,0.1,0.3,0.08696056,0.09342162,0.29456335,5.816545,-5.897355e-09,0.0
11.59,0.1,0.1,0.3,0.091788575,0.08498578,0.2944351,5.918093,-1.3250838e-09,0.0
11.595,0.1,0.1,0.3,0.08893101,0.08563333,0.2945904,5.874862,9.94379e-09,0.0
11.6,0.1,0.1,0.3,0.09028092,0.09612079,0.29475707,5.8292437,-1.0947385e-08,0.0
11.605,0.1,0.1,0.3,0.0841534,0.097948626,0.29467633,5.699374,-6.814894e-10,0.0
11.61,0.1,0.1,0.3,0.08180634,0.09789495,0.29418647,5.5758557,-4.7588287e-08,0.0
11.615,0.1,0.1,0.3,0.08252593,0.08968228,0.29464373,5.5242505,-3.4120333e-08,0.0
11.620000000000001,0.1,0.1,0.3,0.07703919,0.08985802,0.29461282,5.3546243,-7.405258e-09,0.0
11.625,0.1,0.1,0.3,0.074383184,0.09364634,0.29461065,5.1719513,8.426199e-09,0.0
11.63,0.1,0.1,0.3,0.07326502,0.09489961,0.29455012,5.049397,-1.9033823e-09,0.0
11.635,0.1,0.1,0.3,0.07555567,0.0906579,0.2945463,4.9637513,-2.4844486e-08,0.0
11.64,0.1,0.1,0.3,0.08233291,0.090539925,0.29481608,4.7649403,-4.6142162e-08,0.0
11.645,0.1,0.1,0.3,0.07869949,0.08893794,0.29479015,4.4845314,1.1382816e-08,0.0
11.65,0.1,0.1,0.3,0.07862588,0.09366855,0.29472947,4.3482914,-2.4117616e-10,0.0
11.655,0.1,0.1,0.3,0.08664231,0.08968468,0.29506263,4.397403,-2.0700608e-09,0.0
11.66,0.1,0.1,0.3,0.08432219,0.09020349,0.2950315,4.448974,-9.371475e-10,0.0
11.665000000000001,0.1,0.1,0.3,0.08761898,0.10051479,0.2950531,4.594541,4.6389804e-08,0.0
11.67,0.1,0.1,0.3,0.08114708,0.092685446,0.29506978,4.713462,2.5892049e-09,0.0
11.675,0.1,0.1,0.3,0.08465256,0.08954121,0.29489142,4.852606,7.2921393e-09,0.0
11.68,0.1,0.1,0.3,0.07951114,0.095322005,0.29515982,4.90359,-6.128268e-09,0.0
11.685,0.1,0.1,0.3,0.08446153,0.08418076,0.2951426,4.9508324,2.682221e-09,0.0
11.69,0.1,0.1,0.3,0.080262035,0.102841526,0.2949517,4.9206395,-1.7384803e-08,0.0
11.695,0.1,0.1,0.3,0.08034503,0.10390506,0.29500923,4.9139028,1.7562587e-09,0.0
11.700000000000001,0.1,0.1,0.3,0.084566385,0.10239749,0.29482567,4.8318996,2.326484e-09,0.0
11.705,0.1,0.1,0.3,0.079007156,0.09960575,0.29516065,4.647829,4.3240085e-08,0.0
11.71,0.1,0.1,0.3,0.08229732,0.0892615,0.2956043,4.565917,-1.6884628e-09,0.0
11.715,0.1,0.1,0.3,0.07541356,0.099354126,0.29585117,4.485458,1.3781632e-08,0.0
11.72,0.1,0.1,0.3,0.077271946,0.09624934,0.29535997,4.460529,6.190495e-09,0.0
11.725,0.1,0.1,0.3,0.076677255,0.08762818,0.29551703,4.3846574,1.4941575e-08,0.0
11.73,0.1,0.1,0.3,0.088194735,0.08577987,0.29568803,4.36805,1.5049798e-09,0.0
11.735,0.1,0.1,0.3,0.09088361,0.087031536,0.2955246,4.382512,6.0532073e-09,0.0
11.74,0.1,0.1,0.3,0.10092637,0.08162319,0.29523492,4.3824844,-3.3872315e-08,0.0
11.745000000000001,0.1,0.1,0.3,0.101748586,0.08382807,0.29539442,4.439823,2.392415e-08,0.0
11.75,0.1,0.1,0.3,0.09380713,0.09590308,0.29522163,4.564978,-1.3166055e-09,0.0
11.755,0.1,0.1,0.3,0.099433824,0.09402883,0.29539534,4.861865,3.0558112e-08,0.0
11.76,0.1,0.1,0.3,0.08668566,0.09483153,0.29569805,5.154171,1.0347225e-08,0.0
11.765,0.1,0.1,0.3,0.092601635,0.10013702,0.29550186,5.4306035,7.407389e-09,0.0
11.77,0.1,0.1,0.3,0.08744193,0.089238495,0.29552686,5.5682626,2.7002727e-08,0.0
11.775,0.1,0.1,0.3,0.09795435,0.081435226,0.29525784,5.6723576,6.5677597e-10,0.0
11.78,0.1,0.1,0.3,0.10197035,0.0868638,0.2951184,5.6979837,-3.356027e-08,0.0
11.785,0.1,0.1,0.3,0.09627879,0.08956158,0.29534355,5.629442,-1.4503372e-08,0.0
11.790000000000001,0.1,0.1,0.3,0.09235516,0.093714416,0.29537496,5.6801553,5.6832192e-09,0.0
11.795,0.1,0.1,0.3,0.09657025,0.10270039,0.29553252,5.8583984,1.4882586e-09,0.0
11.8,0.1,0.1,0.3,0.08671945,0.10256002,0.2953255,5.9236,2.3904956e-09,0.0
11.805,0.1,0.1,0.3,0.098775856,0.089710794,0.29569188,5.9413567,5.381066e-10,0.0
11.81,0.1,0.1,0.3,0.10512141,0.09422902,0.2952283,5.8806167,4.720119e-09,0.0
11.815,0.1,0.1,0.3,0.09522424,0.09295476,0.2948125,5.7544084,9.726856e-09,0.0
11.82,0.1,0.1,0.3,0.09705152,0.092853636,0.29439944,5.7500067,1.9058581e-09,0.0
11.825000000000001,0.1,0.1,0.3,0.08238079,0.09836102,0.29403502,5.7157125,-4.7470476e-08,0.0
11.83,0.1,0.1,0.3,0.08223407,0.09667816,0.29341507,5.6597095,-1.2121094e-08,0.0
11.835,0.1,0.1,0.3,0.0960781,0.09866347,0.29281488,5.639264,-1.272022e-08,0.0
11.84,0.1,0.1,0.3,0.092578396,0.100180596,0.29211897,5.5541725,1.7084208e-08,0.0
11.845,0.1,0.1,0.3,0.09211873,0.09379755,0.29152474,5.5564857,-2.4548637e-08,0.0
11.85,0.1,0.1,0.3,0.09093091,0.087680995,0.29081646,5.698778,-1.0981575e-09,0.0
11.855,0.1,0.1,0.3,0.0867186,0.088118374,0.29014838,5.906298,-1.1947107e-08,0.0
11.86,0.1,0.1,0.3,0.081453204,0.0891634,0.29018688,6.097364,4.8133803e-08,0.0
11.865,0.1,0.1,0.3,0.09272215,0.08859247,0.28987214,6.2048235,5.655007e-09,0.0
11.870000000000001,0.1,0.1,0.3,0.095236175,0.08847447,0.28958517,6.119178,-2.3673813e-08,0.0
11.875,0.1,0.1,0.3,0.08720092,0.09455621,0.28947252,5.8741536,-2.6082704e-08,0.0
11.88,0.1,0.1,0.3,0.07199837,0.095322154,0.28989187,5.689936,-2.0339012e-08,0.0
11.885,0.1,0.1,0.3,0.09536491,0.08136905,0.29004845,5.5258465,-4.0604546e-09,0.0
11.89,0.1,0.1,0.3,0.08857692,0.08749958,0.2900939,5.3203635,-6.8845765e-09,0.0
11.895,0.1,0.1,0.3,0.09254469,0.08646274,0.29055023,5.2443495,8.450102e-09,0.0
11.9,0.1,0.1,0.3,0.09874182,0.086399496,0.29081112,5.179497,3.4497558e-09,0.0
11.905,0.1,0.1,0.3,0.100493416,0.08585332,0.29104146,5.086099,5.126581e-09,0.0
11.91,0.1,0.1,0.3,0.09044765,0.09590671,0.291485,5.0144453,-1.0638133e-08,0.0
11.915000000000001,0.1,0.1,0.3,0.09800784,0.0879184,0.29140043,5.0960608,6.8479213e-09,0.0
11.92,0.1,0.1,0.3,0.09788138,0.08227346,0.29180458,5.1920724,4.5251705e-09,0.0
11.925,0.1,0.1,0.3,0.10575737,0.0793446,0.29184425,5.40913,4.5439483e-09,0.0
11.93,0.1,0.1,0.3,0.090512946,0.09179883,0.29204896,5.6313024,1.2237441e-08,0.0
11.935,0.1,0.1,0.3,0.08882615,0.092862494,0.29184613,5.847122,-3.8069374e-09,0.0
11.94,0.1,0.1,0.3,0.08945446,0.08779699,0.29202345,6.0655837,-2.9405933e-09,0.0
11.945,0.1,0.1,0.3,0.09455051,0.088816226,0.29249942,6.0785875,-6.96101e-09,0.0
11.950000000000001,0.1,0.1,0.3,0.08998876,0.0790693,0.29255188,5.893698,-7.250825e-09,0.0
11.955,0.1,0.1,0.3,0.08242485,0.08172329,0.2926146,5.769247,-4.5731244e-10,0.0
11.96,0.1,0.1,0.3,0.08237318,0.08894318,0.2929801,5.7236457,6.8975794e-09,0.0
11.965,0.1,0.1,0.3,0.08682223,0.09031729,0.29306698,5.7072372,5.8428613e-09,0.0
11.97,0.1,0.1,0.3,0.08462049,0.09177483,0.29327512,5.5667987,-7.774355e-09,0.0
11.975,0.1,0.1,0.3,0.0966048,0.085649624,0.2936199,5.4484434,-8.008066e-09,0.0
11.98,0.1,0.1,0.3,0.097896904,0.08646323,0.29291162,5.3380322,-5.0542983e-09,0.0
11.985,0.1,0.1,0.3,0.088032946,0.09157169,0.29340836,5.1983943,-3.033388e-08,0.0
11.99,0.1,0.1,0.3,0.1000569,0.08783403,0.2933345,5.1840854,8.992354e-09,0.0
11.995000000000001,0.1,0.1,0.3,0.09538964,0.09418253,0.29318464,5.207467,3.8840998e-08,0.0
12.0,0.1,0.1,0.3,0.09070991,0.09341478,0.29334465,5.359163,-6.996362e-09,0.0
12.005,0.1,0.1,0.3,0.08306441,0.096644856,0.29363734,5.629277,1.7456406e-08,0.0
12.01,0.1,0.1,0.3,0.08570714,0.09942124,0.2938853,5.872037,1.6213903e-08,0.0
12.015,0.1,0.1,0.3,0.08367942,0.10378437,0.29399464,5.8811374,-2.508665e-09,0.0
12.02,0.1,0.1,0.3,0.07643831,0.095430195,0.29409602,5.814544,3.7517296e-09,0.0
12.025,0.1,0.1,0.3,0.071975954,0.099340774,0.2943392,5.7346563,-7.3597968e-09,0.0
12.030000000000001,0.1,0.1,0.3,0.08391739,0.09502067,0.2944673,5.595061,3.1354561e-09,0.0
12.035,0.1,0.1,0.3,0.08620921,0.09471153,0.29445124,5.330151,4.2626587e-09,0.0
12.040000000000001,0.1,0.1,0.3,0.0871378,0.09635866,0.29451922,4.981667,1.1308316e-08,0.0
12.045,0.1,0.1,0.3,0.089328334,0.09494515,0.29457673,4.634894,-3.539519e-08,0.0
12.05,0.1,0.1,0.3,0.08437741,0.09793041,0.29469112,4.3503118,-1.1242566e-08,0.0
12.055,0.1,0.1,0.3,0.08450475,0.09481244,0.29471,4.2947245,2.7657932e-09,0.0
12.06,0.1,0.1,0.3,0.08416941,0.093750894,0.2947375,4.299857,-6.1611556e-09,0.0
12.065,0.1,0.1,0.3,0.08850728,0.0913824,0.29475754,4.4280457,1.2097546e-08,0.0
12.07,0.1,0.1,0.3,0.08891633,0.08764389,0.29456502,4.562464,1.0882537e-08,0.0
12.075000000000001,0.1,0.1,0.3,0.095273755,0.081424214,0.29462105,4.608077,-2.8155366e-08,0.0
12.08,0.1,0.1,0.3,0.08889456,0.0811397,0.29471385,4.6288066,7.027471e-09,0.0
12.085,0.1,0.1,0.3,0.08467761,0.1018407,0.29428044,4.7940483,-4.4630695e-09,0.0
12.09,0.1,0.1,0.3,0.08496102,0.09445196,0.29425153,5.0744095,4.1981053e-08,0.0
12.095,0.1,0.1,0.3,0.084555045,0.095854685,0.29342344,5.2059073,2.6259217e-08,0.0
12.1,0.1,0.1,0.3,0.084836274,0.09477954,0.2929465,5.304857,1.3550385e-08,0.0
12.105,0.1,0.1,0.3,0.08207847,0.09334952,0.292445,5.284882,2.2876314e-08,0.0
12.11,0.1,0.1,0.3,0.088190116,0.09117871,0.29197586,5.254013,3.1951718e-08,0.0
12.115,0.1,0.1,0.3,0.0928707,0.08872677,0.2916646,5.1640935,1.928763e-08,0.0
12.120000000000001,0.1,0.1,0.3,0.0882097,0.09181423,0.29129615,5.0044804,1.175145e-08,0.0
12.125,0.1,0.1,0.3,0.09498302,0.097201765,0.29072842,4.9851894,-3.436723e-08,0.0
12.13,0.1,0.1,0.3,0.10072538,0.092009515,0.29054257,5.000348,8.35653e-09,0.0
12.135,0.1,0.1,0.3,0.09771603,0.09325579,0.2902366,4.9987884,6.4830883e-09,0.0
12.14,0.1,0.1,0.3,0.0814362,0.10051419,0.29076558,5.1801987,3.504667e-09,0.0
12.145,0.1,0.1,0.3,0.089755446,0.093429804,0.290861,5.433408,2.5413017e-08,0.0
12.15,0.1,0.1,0.3,0.08326656,0.09110002,0.29111502,5.521414,-5.5389644e-09,0.0
12.155000000000001,0.1,0.1,0.3,0.0825129,0.08907358,0.29123324,5.5605073,-1.4177502e-10,0.0
12.16,0.1,0.1,0.3,0.09625192,0.098298684,0.29114068,5.625421,3.5907792e-09,0.0
12.165000000000001,0.1,0.1,0.3,0.09145877,0.08936785,0.29158577,5.602602,1.6313203e-08,0.0
12.17,0.1,0.1,0.3,0.090199865,0.09579743,0.29209545,5.6353636,1.8904778e-09,0.0
12.175,0.1,0.1,0.3,0.105232775,0.08319944,0.29193163,5.773658,3.5849406e-09,0.0
12.18,0.1,0.1,0.3,0.10780252,0.081533864,0.29184628,5.861732,-2.5910344e-08,0.0
12.185,0.1,0.1,0.3,0.10267429,0.0849348,0.2918265,5.869814,-2.3305027e-08,0.0
12.19,0.1,0.1,0.3,0.10411106,0.08875705,0.29193032,6.003285,1.35107e-08,0.0
12.195,0.1,0.1,0.3,0.10660561,0.0844919,0.29204425,6.102515,-9.02411e-10,0.0
12.200000000000001,0.1,0.1,0.3,0.09205342,0.085007995,0.29255253,6.0843863,9.050324e-09,0.0
12.205,0.1,0.1,0.3,0.09491402,0.0810373,0.2927738,6.0999365,6.5745382e-09,0.0
12.21,0.1,0.1,0.3,0.094136335,0.08430448,0.2928108,6.019242,8.584047e-09,0.0
12.215,0.1,0.1,0.3,0.0884576,0.085484296,0.29331616,5.9812346,-3.7169494e-09,0.0
12.22,0.1,0.1,0.3,0.088941105,0.08704232,0.29349557,6.0290065,-2.466429e-09,0.0
12.225,0.1,0.1,0.3,0.074065216,0.10012607,0.29329944,5.9297466,2.2630937e-10,0.0
12.23,0.1,0.1,0.3,0.09510709,0.09428025,0.29346582,5.722836,1.8519255e-08,0.0
12.235,0.1,0.1,0.3,0.09162009,0.09469512,0.29359013,5.469631,-9.4311945e-09,0.0
12.24,0.1,0.1,0.3,0.09782142,0.08245279,0.29385823,5.364123,-2.586475e-09,0.0
12.245000000000001,0.1,0.1,0.3,0.09231085,0.083675265,0.2936937,5.306434,1.1751587e-08,0.0
12.25,0.1,0.1,0.3,0.07957891,0.093767524,0.293851,5.363184,-3.3562856e-08,0.0
12.255,0.1,0.1,0.3,0.07911694,0.088308476,0.29447758,5.4756594,1.4181565e-09,0.0
12.26,0.1,0.1,0.3,0.09678646,0.08407793,0.294219,5.561173,8.345818e-10,0.0
12.265,0.1,0.1,0.3,0.09342643,0.09070181,0.29375744,5.5504317,1.2759545e-08,0.0
12.27,0.1,0.1,0.3,0.09240538,0.084243946,0.2941165,5.6112347,2.9136052e-08,0.0
12.275,0.1,0.1,0.3,0.08748258,0.0945014,0.29432338,5.7934556,4.127322e-10,0.0
12.280000000000001,0.1,0.1,0.3,0.09102232,0.09077269,0.2943446,5.9953713,8.849594e-09,0.0
12.285,0.1,0.1,0.3,0.08624115,0.096723974,0.29437822,6.010327,-1.0334381e-08,0.0
12.290000000000001,0.1,0.1,0.3,0.08278214,0.09504613,0.29444274,5.967999,-3.0465828e-09,0.0
12.295,0.1,0.1,0.3,0.08551021,0.098986745,0.29405954,5.943704,-1.5534999e-09,0.0
12.3,0.1,0.1,0.3,0.09121274,0.092931084,0.29384708,5.7623515,-8.493948e-09,0.0
12.305,0.1,0.1,0.3,0.09981409,0.09077741,0.2938718,5.4487596,-2.1176556e-08,0.0
12.31,0.1,0.1,0.3,0.099236414,0.08338562,0.29299042,5.155274,-1.0813143e-09,0.0
12.315,0.1,0.1,0.3,0.101896115,0.08362788,0.29235038,5.130288,-8.2599394e-10,0.0
12.32,0.1,0.1,0.3,0.08556189,0.094915636,0.29170156,5.205081,-5.9576264e-09,0.0
12.325000000000001,0.1,0.1,0.3,0.07115068,0.10341804,0.2912356,5.324735,-8.765142e-10,0.0
12.33,0.1,0.1,0.3,0.076304406,0.09911082,0.29098624,5.393685,1.1096217e-09,0.0
12.335,0.1,0.1,0.3,0.07285728,0.10175878,0.29041508,5.241378,4.6666162e-08,0.0
12.34,0.1,0.1,0.3,0.078366995,0.09912881,0.290243,5.033367,1.720867e-08,0.0
12.345,0.1,0.1,0.3,0.07368097,0.097656615,0.29042888,4.759584,-2.8218559e-09,0.0
12.35,0.1,0.1,0.3,0.087044194,0.09416367,0.29026967,4.545111,-1.7105164e-08,0.0
12.355,0.1,0.1,0.3,0.087447725,0.087277696,0.29062396,4.3843,2.481337e-08,0.0
12.36,0.1,0.1,0.3,0.09115964,0.08518033,0.2907844,4.243174,4.2459453e-10,0.0
12.365,0.1,0.1,0.3,0.09094017,0.087995246,0.29077044,4.157902,-7.782349e-10,0.0
12.370000000000001,0.1,0.1,0.3,0.09089027,0.08829535,0.29074043,4.3124456,3.2382932e-09,0.0
12.375,0.1,0.1,0.3,0.085292466,0.08590465,0.29134986,4.6997023,3.121555e-08,0.0
12.38,0.1,0.1,0.3,0.08865522,0.085182905,0.29141468,5.1541104,3.6321502e-08,0.0
12.385,0.1,0.1,0.3,0.08772,0.09486922,0.2916096,5.4201193,5.2970046e-09,0.0
12.39,0.1,0.1,0.3,0.092768,0.08959155,0.2918804,5.6204967,2.1894486e-08,0.0
12.395,0.1,0.1,0.3,0.09233263,0.08683542,0.29173607,5.690773,-2.5217834e-09,0.0
12.4,0.1,0.1,0.3,0.09833942,0.08739296,0.29160127,5.769368,1.3293418e-08,0.0
12.405000000000001,0.1,0.1,0.3,0.09322581,0.084003955,0.29189843,5.784942,-1.7746636e-08,0.0
12.41,0.1,0.1,0.3,0.09109417,0.08695232,0.29218215,5.8392344,7.8636075e-09,0.0
12.415000000000001,0.1,0.1,0.3,0.09067752,0.091872826,0.29253134,5.979704,5.9013877e-10,0.0
12.42,0.1,0.1,0.3,0.08044934,0.10203453,0.29265156,6.1508784,-1.9883861e-09,0.0
12.425,0.1,0.1,0.3,0.08413185,0.09505539,0.2927366,6.2480445,6.0333666e-10,0.0
12.43,0.1,0.1,0.3,0.09955576,0.09415715,0.29285166,6.100347,5.6426117e-09,0.0
12.435,0.1,0.1,0.3,0.10104742,0.08056204,0.29321626,5.8195157,1.1330188e-08,0.0
12.44,0.1,0.1,0.3,0.09550303,0.09273178,0.29330486,5.535544,-9.763583e-09,0.0
12.445,0.1,0.1,0.3,0.10313138,0.09498974,0.2936126,5.447177,2.8992642e-09,0.0
12.450000000000001,0.1,0.1,0.3,0.097440496,0.09593495,0.2936199,5.4359493,1.1066573e-09,0.0
12.455,0.1,0.1,0.3,0.09812403,0.0919958,0.2937866,5.5631876,-5.54127e-09,0.0
12.46,0.1,0.1,0.3,0.08662761,0.09018758,0.29379162,5.6593623,4.5843924e-09,0.0
12.465,0.1,0.1,0.3,0.0883273,0.08725441,0.29372853,5.736035,1.523554e-08,0.0
12.47,0.1,0.1,0.3,0.09717113,0.08462164,0.29406202,5.676351,6.234832e-09,0.0
12.475,0.1,0.1,0.3,0.08124538,0.099838324,0.29415122,5.499706,-8.681932e-09,0.0
12.48,0.1,0.1,0.3,0.09589264,0.09701258,0.29430315,5.371565,-2.9420135e-09,0.0
12.485,0.1,0.1,0.3,0.0906218,0.097220875,0.29430163,5.247511,2.163091e-09,0.0
12.49,0.1,0.1,0.3,0.10179478,0.08274502,0.2948467,5.2517195,-1.281675e-09,0.0
12.495000000000001,0.1,0.1,0.3,0.09439053,0.090435244,0.29433283,5.3012404,9.261775e-09,0.0
12.5,0.1,0.1,0.3,0.10299574,0.09353679,0.2944304,5.4575624,5.753813e-09,0.0
12.505,0.1,0.1,0.3,0.10018261,0.088291205,0.2947773,5.6022925,3.4904255e-09,0.0
12.51,0.1,0.1,0.3,0.096969455,0.09555445,0.29460895,5.832159,9.3308525e-09,0.0
12.515,0.1,0.1,0.3,0.10787769,0.08101462,0.29462555,6.156968,3.4016008e-08,0.0
12.52,0.1,0.1,0.3,0.10592528,0.079452105,0.29444137,6.3661647,1.07434195e-08,0.0
12.525,0.1,0.1,0.3,0.099044904,0.086371474,0.29449102,6.6019893,6.37828e-08,0.0
12.530000000000001,0.1,0.1,0.3,0.08924928,0.09195994,0.29399693,6.8809533,3.6597763e-09,0.0
12.535,0.1,0.1,0.3,0.07753449,0.100607716,0.2935251,7.0614643,1.4153641e-08,0.0
12.540000000000001,0.1,0.1,0.3,0.08477336,0.09697444,0.29296175,7.037161,1.8757966e-08,0.0
12.545,0.1,0.1,0.3,0.09591422,0.086200625,0.29278305,6.7134876,2.2257113e-08,0.0
12.55,0.1,0.1,0.3,0.10310162,0.083413996,0.2923636,6.225729,1.4850734e-08,0.0
12.555,0.1,0.1,0.3,0.09433717,0.087965325,0.29180983,5.7561026,-7.520787e-09,0.0
12.56,0.1,0.1,0.3,0.103482716,0.09180395,0.29157585,5.511084,-1.1172448e-08,0.0
12.565,0.1,0.1,0.3,0.09985129,0.09660083,0.29131058,5.380478,-3.7558284e-08,0.0
12.57,0.1,0.1,0.3,0.0896325,0.09851572,0.29123342,5.4497724,-1.1609017e-08,0.0
12.575000000000001,0.1,0.1,0.3,0.08673851,0.08955478,0.29128277,5.659543,1.9646222e-08,0.0
12.58,0.1,0.1,0.3,0.08570195,0.09572106,0.29155713,5.879767,2.541005e-08,0.0
12.585,0.1,0.1,0.3,0.08811671,0.09095598,0.29165503,6.063078,5.4770224e-09,0.0
12.59,0.1,0.1,0.3,0.08727814,0.08770102,0.29165757,6.034999,-1.1472526e-09,0.0
12.595,0.1,0.1,0.3,0.07469245,0.09322568,0.29214108,5.9604983,-1.4077595e-09,0.0
12.6,0.1,0.1,0.3,0.084652536,0.09120861,0.29252985,5.8605537,3.0395644e-09,0.0
12.605,0.1,0.1,0.3,0.08581745,0.091143586,0.292609,5.605452,-7.473606e-10,0.0
12.61,0.1,0.1,0.3,0.0943617,0.08032366,0.29260466,5.2317944,-1.8375614e-08,0.0
12.615,0.1,0.1,0.3,0.08685372,0.089414775,0.29284993,4.879258,-2.4439496e-08,0.0
12.620000000000001,0.1,0.1,0.3,0.09413616,0.09162842,0.2930368,4.7449794,1.2267629e-08,0.0
12.625,0.1,0.1,0.3,0.08391663,0.08160712,0.29345918,4.707461,4.578665e-09,0.0
12.63,0.1,0.1,0.3,0.07837715,0.09235859,0.29341918,4.7832537,8.346585e-09,0.0
12.635,0.1,0.1,0.3,0.08169464,0.094707064,0.29350552,4.939225,2.8587793e-08,0.0
12.64,0.1,0.1,0.3,0.08407332,0.093280636,0.2936627,4.9637136,3.955689e-09,0.0
12.645,0.1,0.1,0.3,0.082162164,0.102023445,0.29352918,4.838092,2.1734056e-08,0.0
12.65,0.1,0.1,0.3,0.090307124,0.106787674,0.29332036,4.7922688,1.936197e-08,0.0
12.655000000000001,0.1,0.1,0.3,0.10769019,0.09629129,0.29336888,4.763446,9.320531e-09,0.0
12.66,0.1,0.1,0.3,0.1032021,0.0836987,0.29392186,4.791955,8.855192e-09,0.0
12.665000000000001,0.1,0.1,0.3,0.09544003,0.084507115,0.29404008,5.084847,1.3867147e-08,0.0
12.67,0.1,0.1,0.3,0.093835704,0.082496814,0.29425213,5.550044,1.8557765e-08,0.0
12.675,0.1,0.1,0.3,0.08827906,0.091205224,0.2944724,6.030059,3.5664858e-08,0.0
12.68,0.1,0.1,0.3,0.08997089,0.0881379,0.29452464,6.4151697,4.178357e-08,0.0
12.685,0.1,0.1,0.3,0.09427823,0.07816976,0.29476717,6.50261,-6.212088e-09,0.0
12.69,0.1,0.1,0.3,0.10081425,0.08353498,0.29482007,6.3202076,-2.0519087e-08,0.0
12.695,0.1,0.1,0.3,0.08694461,0.09198453,0.2949106,6.028698,-1.2965441e-08,0.0
12.700000000000001,0.1,0.1,0.3,0.08655017,0.0841138,0.29472592,5.8147597,-1.4232009e-08,0.0
12.705,0.1,0.1,0.3,0.09777966,0.092212796,0.2941871,5.7207856,-1.0157115e-08,0.0
12.71,0.1,0.1,0.3,0.079515085,0.10033719,0.29355776,5.60226,-1.7802341e-08,0.0
12.715,0.1,0.1,0.3,0.09939746,0.086367235,0.29330176,5.4852805,3.7712675e-10,0.0
12.72,0.1,0.1,0.3,0.08485862,0.090682335,0.29267728,5.3642516,1.9411276e-08,0.0
12.725,0.1,0.1,0.3,0.09922279,0.084655754,0.29226202,5.319788,2.7981514e-08,0.0
12.73,0.1,0.1,0.3,0.08423521,0.08876716,0.29205287,5.2873254,-1.7915886e-08,0.0
12.735,0.1,0.1,0.3,0.09395164,0.08135886,0.29169214,5.306915,9.820513e-09,0.0
12.74,0.1,0.1,0.3,0.08085551,0.0883603,0.29206532,5.286001,2.2101343e-09,0.0
12.745000000000001,0.1,0.1,0.3,0.09526315,0.08935537,0.29174894,5.275792,5.9253904e-09,0.0
12.75,0.1,0.1,0.3,0.092383355,0.08916505,0.29190153,5.235481,-8.621366e-09,0.0
12.755,0.1,0.1,0.3,0.08265832,0.09356554,0.2914669,5.307123,5.769319e-09,0.0
12.76,0.1,0.1,0.3,0.09783405,0.08270358,0.29192707,5.4584937,-1.803303e-08,0.0
12.765,0.1,0.1,0.3,0.09487061,0.08985195,0.29180667,5.5256658,-3.5498768e-09,0.0
12.77,0.1,0.1,0.3,0.09840269,0.08547058,0.2922726,5.6568804,1.3338206e-08,0.0
12.775,0.1,0.1,0.3,0.10439369,0.08741987,0.2921296,5.7344613,-8.194392e-09,0.0
12.780000000000001,0.1,0.1,0.3,0.097123176,0.09447833,0.29245,5.7127876,-1.0736533e-09,0.0
12.785,0.1,0.1,0.3,0.08859488,0.088453196,0.29294378,5.7976174,-1.988988e-09,0.0
12.790000000000001,0.1,0.1,0.3,0.099598646,0.09373285,0.29271764,5.9596443,4.441593e-09,0.0
12.795,0.1,0.1,0.3,0.081827864,0.10480281,0.29274085,6.003145,-7.804496e-09,0.0
12.8,0.1,0.1,0.3,0.07607239,0.10385843,0.2930536,5.9725137,2.1027269e-09,0.0
12.805,0.1,0.1,0.3,0.098140836,0.09728107,0.2932888,5.890146,-7.011402e-09,0.0
12.81,0.1,0.1,0.3,0.11130283,0.08924689,0.29295415,5.726705,-3.0004679e-09,0.0
12.815,0.1,0.1,0.3,0.09567529,0.094063856,0.29378057,5.5841966,3.1755093e-08,0.0
12.82,0.1,0.1,0.3,0.0946812,0.08589051,0.29424295,5.6143975,1.0712855e-08,0.0
12.825000000000001,0.1,0.1,0.3,0.07950804,0.08397182,0.29459605,5.802074,1.5984643e-08,0.0
12.83,0.1,0.1,0.3,0.07296045,0.08397476,0.29438108,5.956807,5.6827094e-09,0.0
12.835,0.1,0.1,0.3,0.06981603,0.09221027,0.29446486,5.9647436,1.12444685e-08,0.0
12.84,0.1,0.1,0.3,0.07312705,0.092759624,0.29480276,5.8283134,-5.390618e-10,0.0
12.845,0.1,0.1,0.3,0.09007396,0.094862275,0.29478693,5.466705,-1.7944402e-08,0.0
12.85,0.1,0.1,0.3,0.10325053,0.08720779,0.29439926,5.0268574,-2.7858555e-09,0.0
12.855,0.1,0.1,0.3,0.10756002,0.09398493,0.2938243,4.717073,1.4989853e-08,0.0
12.86,0.1,0.1,0.3,0.103664234,0.09715785,0.2935432,4.59919,-1.6580564e-08,0.0
12.865,0.1,0.1,0.3,0.11089838,0.09060153,0.2933575,4.8181157,2.4747596e-08,0.0
12.870000000000001,0.1,0.1,0.3,0.09398051,0.09310681,0.29314783,5.1660333,-2.9712613e-08,0.0
12.875,0.1,0.1,0.3,0.0740043,0.098913305,0.2933882,5.5626206,3.7228993e-08,0.0
12.88,0.1,0.1,0.3,0.064065054,0.09609068,0.29351112,5.8426385,2.231154e-10,0.0
12.885,0.1,0.1,0.3,0.07339712,0.094058655,0.2933134,5.86308,-3.1393401e-09,0.0
12.89,0.1,0.1,0.3,0.07653631,0.092970416,0.29327452,5.5788493,-2.9801366e-09,0.0
12.895,0.1,0.1,0.3,0.070496686,0.0947805,0.29276302,5.0969834,1.34639375e-08,0.0
12.9,0.1,0.1,0.3,0.066045076,0.09958952,0.29187793,4.6696196,5.996874e-09,0.0
12.905000000000001,0.1,0.1,0.3,0.09553795,0.090948395,0.29142123,4.3581877,2.4155327e-08,0.0
12.91,0.1,0.1,0.3,0.10219533,0.09220589,0.2909625,4.17605,-4.3274392e-10,0.0
12.915000000000001,0.1,0.1,0.3,0.09058947,0.09381378,0.29124576,4.1587725,-1.071781e-08,0.0
12.92,0.1,0.1,0.3,0.0817031,0.0981759,0.2916466,4.3911023,-1.8100863e-08,0.0
12.925,0.1,0.1,0.3,0.06524273,0.09983836,0.29184446,4.754153,1.263512e-08,0.0
12.93,0.1,0.1,0.3,0.061415598,0.10133754,0.29179075,5.001254,3.405624e-09,0.0
12.935,0.1,0.1,0.3,0.07048026,0.10483624,0.2915006,5.0457006,-1.13151515e-08,0.0
12.94,0.1,0.1,0.3,0.081589915,0.10922562,0.291634,4.847761,-3.2738126e-10,0.0
12.945,0.1,0.1,0.3,0.10038205,0.09932573,0.2915999,4.5376954,-2.3759124e-08,0.0
12.950000000000001,0.1,0.1,0.3,0.10891866,0.08691112,0.2923474,4.336318,5.9182156e-08,0.0
12.955,0.1,0.1,0.3,0.08326535,0.0899557,0.29253536,4.342535,1.579455e-08,0.0
12.96,0.1,0.1,0.3,0.08744826,0.08980312,0.2928218,4.533921,1.8227682e-08,0.0
12.965,0.1,0.1,0.3,0.07158905,0.09461853,0.2933112,4.687471,-4.257048e-09,0.0
12.97,0.1,0.1,0.3,0.06999474,0.09794764,0.29302737,4.7809186,1.3420326e-10,0.0
12.975,0.1,0.1,0.3,0.0913915,0.089988254,0.29315484,4.8388653,1.0381347e-08,0.0
12.98,0.1,0.1,0.3,0.07373338,0.09543241,0.29333118,4.8358474,7.696219e-09,0.0
12.985,0.1,0.1,0.3,0.09048607,0.0926116,0.29332176,4.8341494,7.466328e-09,0.0
12.99,0.1,0.1,0.3,0.08544941,0.09081249,0.2934644,4.8022094,-3.398725e-09,0.0
12.995000000000001,0.1,0.1,0.3,0.0885259,0.102177225,0.2935725,4.8696856,-8.091607e-09,0.0
13.0,0.1,0.1,0.3,0.094297774,0.08961447,0.29383773,4.9128075,2.9295142e-09,0.0
13.005,0.1,0.1,0.3,0.111732945,0.08823998,0.29382843,4.887255,1.4304095e-09,0.0
13.01,0.1,0.1,0.3,0.112080894,0.0908599,0.29405802,4.9389853,-3.659486e-09,0.0
13.015,0.1,0.1,0.3,0.089685366,0.09221664,0.29446325,5.090186,-1.9551713e-11,0.0
13.02,0.1,0.1,0.3,0.08536185,0.088161394,0.29471943,5.3403955,3.580889e-09,0.0
13.025,0.1,0.1,0.3,0.08536185,0.088161394,0.29471943,5.6192465,1.9967068e-08,0.0
13.030000000000001,0.1,0.1,0.3,0.08536185,0.088161394,0.29471943,5.865767,1.2037652e-08,0.0
13.035,0.1,0.1,0.3,0.08536185,0.088161394,0.29471943,6.0605,-2.5198401e-09,0.0
