time,P_cmd_DF,P_cmd_F,P_cmd_G,P_out_DF,P_out_F,P_out_G,wrist_angle_deg,grip_angle_deg,force_N
0.0,0.1,0.1,0.3,0.005643341,0.005643341,0.016930023,-0.0,8.099999,0.0
0.005,0.1,0.1,0.3,0.010968209,0.010968209,0.03290463,-2.9686686e-07,7.939893,0.0
0.01,0.1,0.1,0.3,0.015992576,0.015992576,0.04797773,-5.869724e-07,7.528828,0.0
0.015,0.1,0.1,0.3,0.020733401,0.020733401,0.062200207,-8.6326145e-07,6.8735757,0.0
0.02,0.1,0.1,0.3,0.025206685,0.025206685,0.07562006,-1.1389686e-06,5.9807124,0.0
0.025,0.1,0.1,0.3,0.029427527,0.029427527,0.088282585,0.026920145,4.8267894,0.0
0.03,0.1,0.1,0.3,0.033410173,0.033410173,0.10023052,0.108359806,3.388332,0.0
0.035,0.1,0.1,0.3,0.037168063,0.037168063,0.1115042,0.25259098,1.6639649,0.0
0.04,0.1,0.1,0.3,0.040713884,0.040713884,0.12214166,0.38829243,-1.6995705e-07,0.0
0.045,0.1,0.1,0.3,0.0440596,0.0440596,0.13217881,0.29816213,2.0381519e-09,0.0
0.05,0.1,0.1,0.3,0.04721651,0.04721651,0.14164953,0.3551784,7.374165e-09,0.0
0.055,0.1,0.1,0.3,0.05019526,0.05019526,0.15058579,0.533798,1.8061858e-08,0.0
0.06,0.1,0.1,0.3,0.05300591,0.05300591,0.15901774,0.79744214,1.951243e-08,0.0
0.065,0.1,0.1,0.3,0.05565795,0.05565795,0.16697386,1.1075771,1.8229153e-08,0.0
0.07,0.1,0.1,0.3,0.058160324,0.058160324,0.17448097,1.4300144,5.590509e-09,0.0
0.075,0.1,0.1,0.3,0.06052148,0.06052148,0.18156444,1.738493,2.1874488e-08,0.0
0.08,0.1,0.1,0.3,0.062749386,0.062749386,0.18824816,2.015958,1.8262485e-08,0.0
0.085,0.1,0.1,0.3,0.06485157,0.06485157,0.1945547,2.254572,1.2836089e-08,0.0
0.09,0.1,0.1,0.3,0.06683511,0.06683511,0.20050535,2.4544067,1.4289956e-08,0.0
0.095,0.1,0.1,0.3,0.06870672,0.06870672,0.20612016,2.6200795,7.443176e-09,0.0
0.1,0.1,0.1,0.3,0.07047271,0.07047271,0.21141812,2.7582197,1.621877e-08,0.0
0.105,0.1,0.1,0.3,0.07213903,0.07213903,0.2164171,2.8759556,2.0823163e-09,0.0
0.11,0.1,0.1,0.3,0.07371132,0.07371132,0.22113398,2.9798346,1.2827259e-09,0.0
0.115,0.1,0.1,0.3,0.07519488,0.07519488,0.22558466,3.075216,6.8261468e-09,0.0
0.12,0.1,0.1,0.3,0.07659472,0.07659472,0.22978416,3.1659844,6.796563e-09,0.0
0.125,0.1,0.1,0.3,0.07791556,0.07791556,0.23374668,3.2545211,4.9191495e-10,0.0
0.13,0.1,0.1,0.3,0.07916186,0.07916186,0.23748557,3.341927,1.5268246e-09,0.0
0.135,0.1,0.1,0.3,0.08033783,0.08033783,0.24101348,3.4283504,2.0462938e-09,0.0
0.14,0.1,0.1,0.3,0.08144743,0.08144743,0.2443423,3.5133355,2.9892588e-09,0.0
0.145,0.1,0.1,0.3,0.082494415,0.082494415,0.24748325,3.5961218,5.788599e-09,0.0
0.15,0.1,0.1,0.3,0.08348232,0.08348232,0.25044695,3.6758611,2.848937e-09,0.0
0.155,0.1,0.1,0.3,0.08441447,0.08441447,0.2532434,3.7518005,6.4618253e-09,0.0
0.16,0.1,0.1,0.3,0.085294016,0.085294016,0.25588202,3.8234098,5.1180247e-09,0.0
0.165,0.1,0.1,0.3,0.08612392,0.08612392,0.25837174,3.8904178,5.042412e-09,0.0
0.17,0.1,0.1,0.3,0.08690699,0.08690699,0.26072097,3.9530623,6.5079315e-09,0.0
0.17500000000000002,0.1,0.1,0.3,0.08764587,0.08764587,0.2629376,4.0120506,2.9285885e-09,0.0
0.18,0.1,0.1,0.3,0.08834306,0.08834306,0.26502916,4.0680223,7.673268e-09,0.0
0.185,0.1,0.1,0.3,0.0890009,0.0890009,0.26700267,4.1213894,3.4584218e-09,0.0
0.19,0.1,0.1,0.3,0.08962162,0.08962162,0.2688648,4.1723437,2.348873e-10,0.0
0.195,0.1,0.1,0.3,0.09020731,0.09020731,0.27062187,4.220914,-1.4881417e-09,0.0
0.2,0.1,0.1,0.3,0.09075994,0.09075994,0.27227977,4.2670746,5.0211724e-09,0.0
0.20500000000000002,0.1,0.1,0.3,0.09128139,0.09128139,0.27384412,4.3108053,3.3329295e-10,0.0
0.21,0.1,0.1,0.3,0.09177341,0.09177341,0.2753202,4.352105,-4.8801536e-09,0.0
0.215,0.1,0.1,0.3,0.092237666,0.092237666,0.27671295,4.3910055,4.487689e-09,0.0
0.22,0.1,0.1,0.3,0.09267572,0.09267572,0.27802712,4.427574,3.5508896e-09,0.0
0.225,0.1,0.1,0.3,0.09308906,0.09308906,0.27926713,4.461906,6.750337e-10,0.0
0.23,0.1,0.1,0.3,0.09347907,0.09347907,0.28043717,4.49412,3.1679241e-09,0.0
0.23500000000000001,0.1,0.1,0.3,0.093847066,0.093847066,0.28154117,4.524354,-1.4993554e-09,0.0
0.24,0.1,0.1,0.3,0.0941943,0.0941943,0.28258288,4.5527387,2.10313e-09,0.0
0.245,0.1,0.1,0.3,0.09452193,0.09452193,0.2835658,4.5794163,3.6044687e-09,0.0
0.25,0.1,0.1,0.3,0.09483108,0.09483108,0.28449324,4.604512,1.2922593e-09,0.0
0.255,0.1,0.1,0.3,0.09512278,0.09512278,0.28536832,4.6281366,-3.0811045e-09,0.0
0.26,0.1,0.1,0.3,0.095398016,0.095398016,0.28619403,4.6503806,7.525733e-09,0.0
0.265,0.1,0.1,0.3,0.09565772,0.09565772,0.28697315,4.6713424,-4.9905595e-09,0.0
0.27,0.1,0.1,0.3,0.09590277,0.09590277,0.2877083,4.6911035,3.1973053e-09,0.0
0.275,0.1,0.1,0.3,0.09613399,0.09613399,0.28840196,4.7097383,-1.2414004e-09,0.0
0.28,0.1,0.1,0.3,0.09635217,0.09635217,0.28905648,4.727312,1.3094867e-09,0.0
0.28500000000000003,0.1,0.1,0.3,0.09655803,0.09655803,0.28967407,4.743887,8.169457e-09,0.0
0.29,0.1,0.1,0.3,0.09675227,0.09675227,0.2902568,4.7595224,1.4419586e-09,0.0
0.295,0.1,0.1,0.3,0.09693555,0.09693555,0.29080665,4.774269,3.1085332e-10,0.0
0.3,0.1,0.1,0.3,0.09710848,0.09710848,0.29132545,4.7881827,6.750136e-11,0.0
0.305,0.1,0.1,0.3,0.09727166,0.09727166,0.29181498,4.80131,2.4893485e-09,0.0
0.31,0.1,0.1,0.3,0.097425625,0.097425625,0.2922769,4.8136954,4.2812145e-09,0.0
0.315,0.1,0.1,0.3,0.0975709,0.0975709,0.29271272,4.8253794,-1.2018178e-09,0.0
0.32,0.1,0.1,0.3,0.09770799,0.09770799,0.29312396,4.836397,-4.4533053e-09,0.0
0.325,0.1,0.1,0.3,0.09783734,0.09783734,0.293512,4.846784,5.6560308e-09,0.0
0.33,0.1,0.1,0.3,0.097959384,0.097959384,0.29387814,4.856578,-2.0215079e-09,0.0
0.335,0.1,0.1,0.3,0.09807454,0.09807454,0.2942236,4.865812,3.5540484e-10,0.0
0.34,0.1,0.1,0.3,0.0981832,0.0981832,0.29454958,4.87452,3.6013192e-09,0.0
0.34500000000000003,0.1,0.1,0.3,0.09828573,0.09828573,0.29485717,4.882732,-2.3667315e-09,0.0
0.35000000000000003,0.1,0.1,0.3,0.09838247,0.09838247,0.2951474,4.89048,-1.3181124e-09,0.0
0.355,0.1,0.1,0.3,0.09847376,0.09847376,0.29542124,4.897787,-5.1015547e-09,0.0
0.36,0.1,0.1,0.3,0.098559886,0.098559886,0.29567963,4.9046817,-4.4192796e-09,0.0
0.365,0.1,0.1,0.3,0.09864116,0.09864116,0.29592344,4.9111886,-1.8029409e-09,0.0
0.37,0.1,0.1,0.3,0.09871784,0.09871784,0.2961535,4.917328,-1.9773498e-09,0.0
0.375,0.1,0.1,0.3,0.0987902,0.0987902,0.29637057,4.923117,-3.8913264e-09,0.0
0.38,0.1,0.1,0.3,0.09885847,0.09885847,0.2965754,4.928575,-1.0159837e-08,0.0
0.385,0.1,0.1,0.3,0.098922886,0.098922886,0.29676867,4.9337254,1.0192977e-08,0.0
0.39,0.1,0.1,0.3,0.09898367,0.09898367,0.29695103,4.9385834,-3.272571e-09,0.0
0.395,0.1,0.1,0.3,0.09904102,0.09904102,0.2971231,4.943167,-3.2808216e-09,0.0
0.4,0.1,0.1,0.3,0.09909514,0.09909514,0.29728547,4.947494,-9.973086e-10,0.0
0.405,0.1,0.1,0.3,0.09914621,0.09914621,0.29743865,4.951579,-2.823935e-09,0.0
0.41000000000000003,0.1,0.1,0.3,0.09919439,0.09919439,0.2975832,4.9554334,3.3811303e-09,0.0
0.41500000000000004,0.1,0.1,0.3,0.099239856,0.099239856,0.29771957,4.9590664,-7.918313e-10,0.0
0.42,0.1,0.1,0.3,0.09928276,0.09928276,0.29784825,4.9624915,-9.692714e-09,0.0
0.425,0.1,0.1,0.3,0.099323235,0.099323235,0.2979697,4.965724,1.67912e-08,0.0
0.43,0.1,0.1,0.3,0.09936143,0.09936143,0.2980843,4.9687743,-4.98645e-09,0.0
0.435,0.1,0.1,0.3,0.099397466,0.099397466,0.2981924,4.971653,-4.474245e-09,0.0
0.44,0.1,0.1,0.3,0.09943147,0.09943147,0.29829443,4.974365,4.3515747e-09,0.0
0.445,0.1,0.1,0.3,0.09946355,0.09946355,0.2983907,4.976923,3.780199e-09,0.0
0.45,0.1,0.1,0.3,0.099493824,0.099493824,0.2984815,4.979337,-3.7736108e-09,0.0
0.455,0.1,0.1,0.3,0.09952239,0.09952239,0.29856718,4.981615,-8.261632e-09,0.0
0.46,0.1,0.1,0.3,0.099549346,0.099549346,0.29864803,4.9837656,-1.2024672e-08,0.0
0.465,0.1,0.1,0.3,0.099574775,0.099574775,0.29872432,4.985801,7.891651e-10,0.0
0.47000000000000003,0.1,0.1,0.3,0.09959877,0.09959877,0.29879633,4.9877305,-2.590618e-09,0.0
0.47500000000000003,0.1,0.1,0.3,0.099621415,0.099621415,0.29886425,4.9895363,-9.32435e-09,0.0
0.48,0.1,0.1,0.3,0.09964278,0.09964278,0.29892835,4.9895487,3.5630437e-10,0.0
0.485,0.1,0.1,0.3,0.099662945,0.099662945,0.29898882,4.9895587,-8.886625e-09,0.0
0.49,0.1,0.1,0.3,0.099681966,0.099681966,0.2990459,4.9895706,3.7357567e-10,0.0
0.495,0.1,0.1,0.3,0.099699914,0.099699914,0.29909974,4.989588,1.5463326e-10,0.0
0.5,0.1,0.1,0.3,0.09971685,0.09971685,0.29915056,4.9896064,-1.3261263e-08,0.0
0.505,0.1,0.1,0.3,0.09973283,0.09973283,0.2991985,4.9896307,-2.8133622e-09,0.0
0.51,0.1,0.1,0.3,0.09974791,0.09974791,0.29924375,4.9896593,-1.1452441e-08,0.0
0.515,0.1,0.1,0.3,0.099762134,0.099762134,0.29928643,4.9896917,-1.0963146e-09,0.0
0.52,0.1,0.1,0.3,0.09977556,0.09977556,0.2993267,4.9897313,8.547349e-09,0.0
0.525,0.1,0.1,0.3,0.099788226,0.099788226,0.2993647,4.989779,-7.034046e-09,0.0
0.53,0.1,0.1,0.3,0.09980018,0.09980018,0.29940054,4.992696,-1.1033367e-08,0.0
0.535,0.1,0.1,0.3,0.09981146,0.09981146,0.29943436,4.9990654,-4.927926e-10,0.0
0.54,0.1,0.1,0.3,0.0998221,0.0998221,0.29946628,5.0069075,-5.956956e-09,0.0
0.545,0.1,0.1,0.3,0.09983214,0.09983214,0.2994964,5.0148234,-1.0347525e-08,0.0
0.55,0.1,0.1,0.3,0.09984161,0.09984161,0.29952484,5.021856,-3.17299e-09,0.0
0.555,0.1,0.1,0.3,0.09985055,0.09985055,0.29955167,5.027475,-8.2847995e-10,0.0
0.56,0.1,0.1,0.3,0.099858984,0.099858984,0.29957697,5.03151,1.2736919e-08,0.0
0.5650000000000001,0.1,0.1,0.3,0.09986694,0.09986694,0.29960084,5.0340376,-2.6135811e-09,0.0
0.5700000000000001,0.1,0.1,0.3,0.09987445,0.09987445,0.29962337,5.0343523,5.99507e-09,0.0
0.5750000000000001,0.1,0.1,0.3,0.09988154,0.09988154,0.29964462,5.0343475,1.1485985e-09,0.0
0.58,0.1,0.1,0.3,0.09988822,0.09988822,0.29966468,5.0343423,9.678913e-09,0.0
0.585,0.1,0.1,0.3,0.09989453,0.09989453,0.2996836,5.0343404,-2.4222904e-09,0.0
0.59,0.1,0.1,0.3,0.099900484,0.099900484,0.29970145,5.034339,1.4244675e-09,0.0
0.595,0.1,0.1,0.3,0.0999061,0.0999061,0.2997183,5.034337,-1.2571969e-08,0.0
0.6,0.1,0.1,0.3,0.0999114,0.0999114,0.29973418,5.034337,5.832286e-09,0.0
0.605,0.1,0.1,0.3,0.0999164,0.0999164,0.29974917,5.034337,2.1451547e-09,0.0
0.61,0.1,0.1,0.3,0.099921115,0.099921115,0.29976332,5.034337,1.7203593e-08,0.0
0.615,0.1,0.1,0.3,0.09992557,0.09992557,0.29977667,5.034337,7.7829565e-09,0.0
0.62,0.1,0.1,0.3,0.09992977,0.09992977,0.29978928,5.034337,-8.048484e-09,0.0
0.625,0.1,0.1,0.3,0.099933736,0.099933736,0.29980117,5.034339,-1.9921458e-09,0.0
0.63,0.1,0.1,0.3,0.099937476,0.099937476,0.2998124,5.0343404,1.8085943e-09,0.0
0.635,0.1,0.1,0.3,0.09994101,0.09994101,0.299823,5.0343423,-2.0909703e-09,0.0
0.64,0.1,0.1,0.3,0.09994434,0.09994434,0.29983297,5.0343437,2.8536107e-09,0.0
0.645,0.1,0.1,0.3,0.09994748,0.09994748,0.2998424,5.0343456,1.3180518e-08,0.0
0.65,0.1,0.1,0.3,0.09995045,0.09995045,0.29985127,5.0343475,-6.1426677e-09,0.0
0.655,0.1,0.1,0.3,0.09995324,0.09995324,0.29985967,5.034351,1.1824202e-08,0.0
0.66,0.1,0.1,0.3,0.09995588,0.09995588,0.2998676,5.034354,-4.9615365e-09,0.0
0.665,0.1,0.1,0.3,0.09995837,0.09995837,0.29987508,5.0343575,1.9655323e-08,0.0
0.67,0.1,0.1,0.3,0.099960715,0.099960715,0.29988214,5.034361,-9.1919805e-09,0.0
0.675,0.1,0.1,0.3,0.099962935,0.099962935,0.2998888,5.034364,8.608132e-09,0.0
0.68,0.1,0.1,0.3,0.09996503,0.09996503,0.29989508,5.034368,-7.498737e-09,0.0
0.685,0.1,0.1,0.3,0.099967,0.099967,0.299901,5.0343714,4.167326e-09,0.0
0.6900000000000001,0.1,0.1,0.3,0.099968866,0.099968866,0.29990658,5.0343747,1.0751952e-08,0.0
0.6950000000000001,0.1,0.1,0.3,0.099970624,0.099970624,0.29991186,5.034378,6.5250716e-10,0.0
0.7000000000000001,0.1,0.1,0.3,0.099972285,0.099972285,0.29991683,5.0343833,-2.0898838e-09,0.0
0.705,0.1,0.1,0.3,0.09997385,0.09997385,0.29992154,5.034388,-7.3854416e-11,0.0
0.71,0.1,0.1,0.3,0.099975325,0.099975325,0.29992598,5.0343933,-9.141477e-09,0.0
0.715,0.1,0.1,0.3,0.09997672,0.09997672,0.29993016,5.0343986,-3.5697598e-09,0.0
0.72,0.1,0.1,0.3,0.09997803,0.09997803,0.2999341,5.034404,7.0477406e-09,0.0
0.725,0.1,0.1,0.3,0.09997927,0.09997927,0.2999378,5.0344086,-6.736672e-09,0.0
0.73,0.1,0.1,0.3,0.099980436,0.099980436,0.29994133,5.0344152,-1.1428067e-08,0.0
0.735,0.1,0.1,0.3,0.09998154,0.09998154,0.29994464,5.034422,1.8802105e-08,0.0
0.74,0.1,0.1,0.3,0.09998258,0.09998258,0.29994777,5.034429,-1.2799232e-09,0.0
0.745,0.1,0.1,0.3,0.099983566,0.099983566,0.29995072,5.0344357,-9.830496e-09,0.0
0.75,0.1,0.1,0.3,0.09998449,0.09998449,0.2999535,5.0344424,-1.084569e-08,0.0
0.755,0.1,0.1,0.3,0.09998536,0.09998536,0.2999561,5.0344496,1.4425808e-09,0.0
0.76,0.1,0.1,0.3,0.09998619,0.09998619,0.2999586,5.0344563,-1.026738e-08,0.0
0.765,0.1,0.1,0.3,0.09998697,0.09998697,0.2999609,5.034463,4.9040216e-09,0.0
0.77,0.1,0.1,0.3,0.09998771,0.09998771,0.29996312,5.0344696,6.115212e-09,0.0
0.775,0.1,0.1,0.3,0.0999884,0.0999884,0.2999652,5.0344768,1.6489347e-08,0.0
0.78,0.1,0.1,0.3,0.09998906,0.09998906,0.29996717,5.0344834,4.0966817e-09,0.0
0.785,0.1,0.1,0.3,0.099989675,0.099989675,0.29996902,5.03449,1.0738237e-08,0.0
0.79,0.1,0.1,0.3,0.099990256,0.099990256,0.29997078,5.0344973,2.0224928e-08,0.0
0.795,0.1,0.1,0.3,0.09999081,0.09999081,0.29997241,5.034504,1.0178667e-09,0.0
0.8,0.1,0.1,0.3,0.09999133,0.09999133,0.29997396,5.0345125,-5.979312e-09,0.0
0.805,0.1,0.1,0.3,0.09999182,0.09999182,0.29997543,5.034521,1.2637491e-08,0.0
0.81,0.1,0.1,0.3,0.09999228,0.09999228,0.29997683,5.0345297,7.7252595e-09,0.0
0.8150000000000001,0.1,0.1,0.3,0.099992715,0.099992715,0.29997814,5.0345383,1.3171861e-08,0.0
0.8200000000000001,0.1,0.1,0.3,0.099993125,0.099993125,0.29997936,5.034547,-1.7176263e-09,0.0
0.8250000000000001,0.1,0.1,0.3,0.09999351,0.09999351,0.29998052,5.0345554,3.0520797e-09,0.0
0.8300000000000001,0.1,0.1,0.3,0.09999388,0.09999388,0.29998162,5.0345635,-4.1136765e-09,0.0
0.835,0.1,0.1,0.3,0.09999422,0.09999422,0.29998267,5.034572,-7.632676e-09,0.0
0.84,0.1,0.1,0.3,0.09999455,0.09999455,0.29998365,5.0345807,3.8987307e-09,0.0
0.845,0.1,0.1,0.3,0.09999485,0.09999485,0.29998457,5.0345893,-9.414415e-10,0.0
0.85,0.1,0.1,0.3,0.09999514,0.09999514,0.29998544,5.034598,6.49353e-09,0.0
0.855,0.1,0.1,0.3,0.09999542,0.09999542,0.29998627,5.0346065,-8.463965e-09,0.0
0.86,0.1,0.1,0.3,0.09999568,0.09999568,0.29998705,5.034615,8.331486e-09,0.0
0.865,0.1,0.1,0.3,0.099995926,0.099995926,0.2999878,5.0346236,-9.623797e-10,0.0
0.87,0.1,0.1,0.3,0.09999616,0.09999616,0.29998848,5.034632,-4.047305e-09,0.0
0.875,0.1,0.1,0.3,0.09999637,0.09999637,0.29998913,5.034641,2.711321e-09,0.0
0.88,0.1,0.1,0.3,0.099996574,0.099996574,0.29998976,5.034649,-5.6368856e-09,0.0
0.885,0.1,0.1,0.3,0.09999677,0.09999677,0.29999033,5.0346575,-2.6320388e-10,0.0
0.89,0.1,0.1,0.3,0.09999695,0.09999695,0.29999086,5.034666,-1.3744275e-08,0.0
0.895,0.1,0.1,0.3,0.09999712,0.09999712,0.29999137,5.0346746,-3.1179486e-09,0.0
0.9,0.1,0.1,0.3,0.09999728,0.09999728,0.29999185,5.034683,4.3427315e-09,0.0
0.905,0.1,0.1,0.3,0.09999744,0.09999744,0.2999923,5.034692,-1.7851178e-09,0.0
0.91,0.1,0.1,0.3,0.09999758,0.09999758,0.29999274,5.0347004,2.744862e-09,0.0
0.915,0.1,0.1,0.3,0.099997714,0.099997714,0.29999316,5.034709,8.6907495e-09,0.0
0.92,0.1,0.1,0.3,0.09999784,0.09999784,0.29999354,5.0347176,3.9782484e-09,0.0
0.925,0.1,0.1,0.3,0.09999796,0.09999796,0.2999939,5.034726,2.9854847e-09,0.0
0.93,0.1,0.1,0.3,0.09999807,0.09999807,0.29999426,5.0347347,-2.5249594e-09,0.0
0.935,0.1,0.1,0.3,0.09999818,0.09999818,0.2999946,5.034743,2.4094834e-10,0.0
0.9400000000000001,0.1,0.1,0.3,0.09999829,0.09999829,0.2999949,5.0347514,-1.6812364e-09,0.0
0.9450000000000001,0.1,0.1,0.3,0.099998385,0.099998385,0.29999518,5.03476,-1.2827792e-08,0.0
0.9500000000000001,0.1,0.1,0.3,0.099998474,0.099998474,0.29999545,5.0347686,5.088282e-10,0.0
0.9550000000000001,0.1,0.1,0.3,0.09999856,0.09999856,0.29999572,5.034777,7.7142195e-09,0.0
0.96,0.1,0.1,0.3,0.099998645,0.099998645,0.29999596,5.0347857,-4.7259103e-09,0.0
0.965,0.1,0.1,0.3,0.09999872,0.09999872,0.2999962,5.0347943,-7.227313e-10,0.0
0.97,0.1,0.1,0.3,0.099998794,0.099998794,0.2999964,5.034803,-4.6124753e-09,0.0
0.975,0.1,0.1,0.3,0.09999886,0.09999886,0.2999966,5.0348115,5.7442646e-09,0.0
0.98,0.1,0.1,0.3,0.09999893,0.09999893,0.2999968,5.03482,9.817593e-09,0.0
0.985,0.1,0.1,0.3,0.09999899,0.09999899,0.29999697,5.034828,7.4704705e-09,0.0
0.99,0.1,0.1,0.3,0.09999905,0.09999905,0.29999715,5.034837,-1.4597707e-08,0.0
0.995,0.1,0.1,0.3,0.0999991,0.0999991,0.2999973,5.0348454,-3.1730987e-09,0.0
1.0,0.1,0.1,0.3,0.09999915,0.09999915,0.29999745,5.034854,-5.8216667e-09,0.0
1.0050000000000001,0.1,0.1,0.3,0.0999992,0.0999992,0.2999976,5.0348625,-1.0411018e-08,0.0
1.01,0.1,0.1,0.3,0.09999924,0.09999924,0.29999775,5.034871,6.8555828e-09,0.0
1.0150000000000001,0.1,0.1,0.3,0.099999286,0.099999286,0.29999787,5.0348797,1.4434367e-08,0.0
1.02,0.1,0.1,0.3,0.09999932,0.09999932,0.299998,5.0348883,3.003145e-09,0.0
1.025,0.1,0.1,0.3,0.09999936,0.09999936,0.2999981,5.034897,8.768618e-10,0.0
1.03,0.1,0.1,0.3,0.0999994,0.0999994,0.29999822,5.0349054,3.4398548e-09,0.0
1.035,0.1,0.1,0.3,0.099999435,0.099999435,0.2999983,5.034914,-1.0071659e-08,0.0
1.04,0.1,0.1,0.3,0.099999465,0.099999465,0.2999984,5.034922,4.4602766e-09,0.0
1.045,0.1,0.1,0.3,0.099999495,0.099999495,0.2999985,5.0349307,-5.5712697e-09,0.0
1.05,0.1,0.1,0.3,0.099999525,0.099999525,0.29999858,5.0349393,1.4960579e-08,0.0
1.055,0.1,0.1,0.3,0.099999554,0.099999554,0.29999867,5.034948,3.292935e-09,0.0
1.06,0.1,0.1,0.3,0.09999958,0.09999958,0.29999876,5.0349565,-2.9114292e-10,0.0
1.065,0.1,0.1,0.3,0.0999996,0.0999996,0.29999882,5.034965,-8.722126e-10,0.0
1.07,0.1,0.1,0.3,0.09999962,0.09999962,0.29999888,5.0349736,-3.0058374e-09,0.0
1.075,0.1,0.1,0.3,0.099999644,0.099999644,0.29999894,5.034982,7.459414e-09,0.0
1.08,0.1,0.1,0.3,0.099999666,0.099999666,0.299999,5.034991,-4.804403e-09,0.0
1.085,0.1,0.1,0.3,0.09999969,0.09999969,0.29999906,5.0349994,-7.532509e-09,0.0
1.09,0.1,0.1,0.3,0.0999997,0.0999997,0.29999912,5.0350075,-1.0069762e-08,0.0
1.095,0.1,0.1,0.3,0.09999972,0.09999972,0.29999918,5.035016,5.1395896e-09,0.0
1.1,0.1,0.1,0.3,0.09999973,0.09999973,0.29999924,5.0350246,-2.10304e-09,0.0
1.105,0.1,0.1,0.3,0.09999975,0.09999975,0.29999927,5.035033,7.552124e-09,0.0
1.11,0.1,0.1,0.3,0.09999976,0.09999976,0.2999993,5.035042,-3.693716e-10,0.0
1.115,0.1,0.1,0.3,0.09999978,0.09999978,0.29999933,5.0350504,-1.4180477e-08,0.0
1.12,0.1,0.1,0.3,0.09999979,0.09999979,0.29999936,5.035059,6.854925e-09,0.0
1.125,0.1,0.1,0.3,0.09999981,0.09999981,0.2999994,5.0350676,2.6208986e-09,0.0
1.1300000000000001,0.1,0.1,0.3,0.099999815,0.099999815,0.29999942,5.035076,-1.2052289e-08,0.0
1.135,0.1,0.1,0.3,0.09999982,0.09999982,0.29999945,5.0350847,1.2227587e-09,0.0
1.1400000000000001,0.1,0.1,0.3,0.09999983,0.09999983,0.29999948,5.0350933,-5.5123603e-09,0.0
1.145,0.1,0.1,0.3,0.09999984,0.09999984,0.2999995,5.0351014,1.272116e-09,0.0
1.1500000000000001,0.1,0.1,0.3,0.099999845,0.099999845,0.29999954,5.03511,-4.2253507e-09,0.0
1.155,0.1,0.1,0.3,0.09999985,0.09999985,0.29999956,5.0351186,5.662993e-09,0.0
1.16,0.1,0.1,0.3,0.09999986,0.09999986,0.2999996,5.035127,8.113043e-10,0.0
1.165,0.1,0.1,0.3,0.09999987,0.09999987,0.29999962,5.0351357,1.3089799e-09,0.0
1.17,0.1,0.1,0.3,0.099999875,0.099999875,0.29999965,5.0351424,-2.5107746e-10,0.0
1.175,0.1,0.1,0.3,0.09999988,0.09999988,0.29999968,5.0351496,9.534639e-09,0.0
1.18,0.1,0.1,0.3,0.09999989,0.09999989,0.2999997,5.0351562,-1.5276518e-08,0.0
1.185,0.1,0.1,0.3,0.0999999,0.0999999,0.29999974,5.035163,-6.7783995e-10,0.0
1.19,0.1,0.1,0.3,0.099999905,0.099999905,0.29999977,5.03517,-3.8296406e-09,0.0
1.195,0.1,0.1,0.3,0.09999991,0.09999991,0.29999977,5.0351768,2.6854645e-09,0.0
1.2,0.1,0.1,0.3,0.09999992,0.09999992,0.29999977,5.0351834,2.623607e-09,0.0
1.205,0.1,0.1,0.3,0.09999993,0.09999993,0.29999977,5.0351906,-6.9266775e-09,0.0
1.21,0.1,0.1,0.3,0.099999934,0.099999934,0.29999977,5.0351973,1.4807617e-08,0.0
1.215,0.1,0.1,0.3,0.09999994,0.09999994,0.29999977,5.035204,1.1421615e-09,0.0
1.22,0.1,0.1,0.3,0.09999994,0.09999994,0.29999977,5.035211,1.4942994e-08,0.0
1.225,0.1,0.1,0.3,0.09999994,0.09999994,0.29999977,5.035218,8.930546e-09,0.0
1.23,0.1,0.1,0.3,0.09999994,0.09999994,0.29999977,5.0352244,1.00120205e-08,0.0
1.235,0.1,0.1,0.3,0.09999994,0.09999994,0.29999977,5.0352316,8.185036e-09,0.0
1.24,0.1,0.1,0.3,0.09999994,0.09999994,0.29999977,5.0352383,-3.7331316e-09,0.0
1.245,0.1,0.1,0.3,0.09999994,0.09999994,0.29999977,5.035245,-5.7844503e-09,0.0
1.25,0.1,0.1,0.3,0.09999994,0.09999994,0.29999977,5.035252,-1.2388018e-08,0.0
1.2550000000000001,0.1,0.1,0.3,0.09999994,0.09999994,0.29999977,5.035259,-3.4362664e-09,0.0
1.26,0.1,0.1,0.3,0.09999994,0.09999994,0.29999977,5.0352654,7.412561e-09,0.0
1.2650000000000001,0.1,0.1,0.3,0.09999994,0.09999994,0.29999977,5.0352726,3.608458e-09,0.0
1.27,0.1,0.1,0.3,0.09999994,0.09999994,0.29999977,5.0352793,-3.2230777e-11,0.0
1.2750000000000001,0.1,0.1,0.3,0.09999994,0.09999994,0.29999977,5.035286,1.1473505e-08,0.0
1.28,0.1,0.1,0.3,0.09999994,0.09999994,0.29999977,5.035293,1.5668832e-08,0.0
1.285,0.1,0.1,0.3,0.09999994,0.09999994,0.29999977,5.0353,5.2292446e-09,0.0
1.29,0.1,0.1,0.3,0.09999994,0.09999994,0.29999977,5.0353065,-4.781804e-09,0.0
1.295,0.1,0.1,0.3,0.09999994,0.09999994,0.29999977,5.035313,-1.4895623e-09,0.0
1.3,0.1,0.1,0.3,0.09999994,0.09999994,0.29999977,5.0353203,-1.7729459e-08,0.0
1.305,0.1,0.1,0.3,0.09999994,0.09999994,0.29999977,5.035327,9.359429e-10,0.0
1.31,0.1,0.1,0.3,0.09999994,0.09999994,0.29999977,5.0353336,3.2797451e-09,0.0
1.315,0.1,0.1,0.3,0.09999994,0.09999994,0.29999977,5.035341,1.6224049e-09,0.0
1.32,0.1,0.1,0.3,0.09999994,0.09999994,0.29999977,5.0353475,-5.5319744e-09,0.0
1.325,0.1,0.1,0.3,0.09999994,0.09999994,0.29999977,5.035354,-3.0608511e-09,0.0
1.33,0.1,0.1,0.3,0.09999994,0.09999994,0.29999977,5.0353613,-3.2346146e-09,0.0
1.335,0.1,0.1,0.3,0.09999994,0.09999994,0.29999977,5.035368,1.4836517e-08,0.0
1.34,0.1,0.1,0.3,0.09999994,0.09999994,0.29999977,5.0353746,9.68271e-09,0.0
1.345,0.1,0.1,0.3,0.09999994,0.09999994,0.29999977,5.035382,6.909183e-09,0.0
1.35,0.1,0.1,0.3,0.09999994,0.09999994,0.29999977,5.0353885,-6.116648e-09,0.0
1.355,0.1,0.1,0.3,0.09999994,0.09999994,0.29999977,5.035395,-3.6542807e-09,0.0
1.36,0.1,0.1,0.3,0.09999994,0.09999994,0.29999977,5.0354023,-2.1054082e-11,0.0
1.365,0.1,0.1,0.3,0.09999994,0.09999994,0.29999977,5.035409,6.6953956e-11,0.0
1.37,0.1,0.1,0.3,0.09999994,0.09999994,0.29999977,5.0354156,6.9922192e-09,0.0
1.375,0.1,0.1,0.3,0.09999994,0.09999994,0.29999977,5.035423,-4.765972e-09,0.0
1.3800000000000001,0.1,0.1,0.3,0.09999994,0.09999994,0.29999977,5.0354295,-2.6384988e-09,0.0
1.385,0.1,0.1,0.3,0.09999994,0.09999994,0.29999977,5.035436,-6.496968e-10,0.0
1.3900000000000001,0.1,0.1,0.3,0.09999994,0.09999994,0.29999977,5.0354433,-1.4093918e-10,0.0
1.395,0.1,0.1,0.3,0.09999994,0.09999994,0.29999977,5.03545,-7.7417575e-09,0.0
1.4000000000000001,0.1,0.1,0.3,0.09999994,0.09999994,0.29999977,5.0354567,3.4309973e-09,0.0
1.405,0.1,0.1,0.3,0.09999994,0.09999994,0.29999977,5.035464,6.684658e-10,0.0
1.41,0.1,0.1,0.3,0.09999994,0.09999994,0.29999977,5.0354705,-3.777418e-09,0.0
1.415,0.1,0.1,0.3,0.09999994,0.09999994,0.29999977,5.035477,-2.3754219e-09,0.0
1.42,0.1,0.1,0.3,0.09999994,0.09999994,0.29999977,5.0354843,-2.663816e-09,0.0
1.425,0.1,0.1,0.3,0.09999994,0.09999994,0.29999977,5.035491,-2.5058426e-09,0.0
1.43,0.1,0.1,0.3,0.09999994,0.09999994,0.29999977,5.0354977,-5.402893e-09,0.0
1.435,0.1,0.1,0.3,0.09999994,0.09999994,0.29999977,5.035505,-4.0074113e-09,0.0
1.44,0.1,0.1,0.3,0.09999994,0.09999994,0.29999977,5.0355115,-2.900377e-09,0.0
1.445,0.1,0.1,0.3,0.09999994,0.09999994,0.29999977,5.035518,-1.0158926e-08,0.0
1.45,0.1,0.1,0.3,0.09999994,0.09999994,0.29999977,5.0355253,2.8906755e-09,0.0
1.455,0.1,0.1,0.3,0.09999994,0.09999994,0.29999977,5.035532,-4.2892596e-09,0.0
1.46,0.1,0.1,0.3,0.09999994,0.09999994,0.29999977,5.0355387,7.74243e-09,0.0
1.465,0.1,0.1,0.3,0.09999994,0.09999994,0.29999977,5.035546,-6.3073684e-09,0.0
1.47,0.1,0.1,0.3,0.09999994,0.09999994,0.29999977,5.0355525,-1.2869562e-08,0.0
1.475,0.1,0.1,0.3,0.09999994,0.09999994,0.29999977,5.035559,-8.629385e-10,0.0
1.48,0.1,0.1,0.3,0.09999994,0.09999994,0.29999977,5.035566,5.0918114e-09,0.0
1.485,0.1,0.1,0.3,0.09999994,0.09999994,0.29999977,5.035573,1.1692731e-08,0.0
1.49,0.1,0.1,0.3,0.09999994,0.09999994,0.29999977,5.0355797,8.235551e-09,0.0
1.495,0.1,0.1,0.3,0.09999994,0.09999994,0.29999977,5.0355864,-1.7064532e-09,0.0
1.5,0.1,0.1,0.3,0.09999994,0.09999994,0.29999977,5.0355935,2.544029e-09,0.0
1.5050000000000001,0.1,0.1,0.3,0.09999994,0.09999994,0.29999977,5.0356,-1.8544746e-09,0.0
1.51,0.1,0.1,0.3,0.09999994,0.09999994,0.29999977,5.035607,-6.4993135e-09,0.0
1.5150000000000001,0.1,0.1,0.3,0.09999994,0.09999994,0.29999977,5.035614,-3.5454268e-09,0.0
1.52,0.1,0.1,0.3,0.09999994,0.09999994,0.29999977,5.0356207,2.4181162e-09,0.0
1.5250000000000001,0.1,0.1,0.3,0.09999994,0.09999994,0.29999977,5.0356274,-1.1172753e-09,0.0
1.53,0.1,0.1,0.3,0.09999994,0.09999994,0.29999977,5.0356345,-1.3400171e-09,0.0
1.5350000000000001,0.1,0.1,0.3,0.09999994,0.09999994,0.29999977,5.035641,-1.1162066e-09,0.0
1.54,0.1,0.1,0.3,0.09999994,0.09999994,0.29999977,5.035648,-2.7728828e-09,0.0
1.545,0.1,0.1,0.3,0.09999994,0.09999994,0.29999977,5.035655,-2.8915144e-09,0.0
1.55,0.1,0.1,0.3,0.09999994,0.09999994,0.29999977,5.0356617,-3.010368e-09,0.0
1.555,0.1,0.1,0.3,0.09999994,0.09999994,0.29999977,5.0356684,-8.83434e-09,0.0
1.56,0.1,0.1,0.3,0.09999994,0.09999994,0.29999977,5.0356755,2.6392952e-09,0.0
1.565,0.1,0.1,0.3,0.09999994,0.09999994,0.29999977,5.035682,5.1130113e-09,0.0
1.57,0.1,0.1,0.3,0.09999994,0.09999994,0.29999977,5.035689,1.2811237e-08,0.0
1.575,0.1,0.1,0.3,0.09999994,0.09999994,0.29999977,5.035696,4.8890763e-09,0.0
1.58,0.1,0.1,0.3,0.09999994,0.09999994,0.29999977,5.0357027,1.1901743e-09,0.0
1.585,0.1,0.1,0.3,0.09999994,0.09999994,0.29999977,5.0357094,1.2469053e-08,0.0
1.59,0.1,0.1,0.3,0.09999994,0.09999994,0.29999977,5.0357165,-9.76113e-09,0.0
1.595,0.1,0.1,0.3,0.09999994,0.09999994,0.29999977,5.035723,-1.628404e-08,0.0
1.6,0.1,0.1,0.3,0.09999994,0.09999994,0.29999977,5.03573,-7.559075e-10,0.0
1.605,0.1,0.1,0.3,0.09999994,0.09999994,0.29999977,5.035737,1.7098143e-08,0.0
1.61,0.1,0.1,0.3,0.09999994,0.09999994,0.29999977,5.0357437,-1.8457612e-09,0.0
1.615,0.1,0.1,0.3,0.09999994,0.09999994,0.29999977,5.0357504,3.6285017e-09,0.0
1.62,0.1,0.1,0.3,0.09999994,0.09999994,0.29999977,5.0357575,1.129347e-09,0.0
1.625,0.1,0.1,0.3,0.09999994,0.09999994,0.29999977,5.035764,-1.7903447e-09,0.0
1.6300000000000001,0.1,0.1,0.3,0.09999994,0.09999994,0.29999977,5.035771,-1.7661214e-09,0.0
1.635,0.1,0.1,0.3,0.09999994,0.09999994,0.29999977,5.035778,1.3546585e-09,0.0
1.6400000000000001,0.1,0.1,0.3,0.09999994,0.09999994,0.29999977,5.0357847,4.600362e-09,0.0
1.645,0.1,0.1,0.3,0.09999994,0.09999994,0.29999977,5.0357914,2.8033316e-09,0.0
1.6500000000000001,0.1,0.1,0.3,0.09999994,0.09999994,0.29999977,5.035798,-1.9386779e-09,0.0
1.655,0.1,0.1,0.3,0.09999994,0.09999994,0.29999977,5.035805,-2.065918e-09,0.0
1.6600000000000001,0.1,0.1,0.3,0.09999994,0.09999994,0.29999977,5.035812,6.6034858e-09,0.0
1.665,0.1,0.1,0.3,0.09999994,0.09999994,0.29999977,5.035818,4.853713e-09,0.0
1.67,0.1,0.1,0.3,0.09999994,0.09999994,0.29999977,5.035825,7.0608293e-09,0.0
1.675,0.1,0.1,0.3,0.09999994,0.09999994,0.29999977,5.0358305,-6.875602e-09,0.0
1.68,0.1,0.1,0.3,0.09999994,0.09999994,0.29999977,5.035837,2.9376737e-09,0.0
1.685,0.1,0.1,0.3,0.09999994,0.09999994,0.29999977,5.035844,3.086257e-09,0.0
1.69,0.1,0.1,0.3,0.09999994,0.09999994,0.29999977,5.035851,1.800565e-09,0.0
1.695,0.1,0.1,0.3,0.09999994,0.09999994,0.29999977,5.0358577,8.7908845e-09,0.0
1.7,0.1,0.1,0.3,0.09999994,0.09999994,0.29999977,5.0358634,-1.4410111e-08,0.0
1.705,0.1,0.1,0.3,0.09999994,0.09999994,0.29999977,5.0358686,-1.02633155e-08,0.0
1.71,0.1,0.1,0.3,0.09999994,0.09999994,0.29999977,5.035874,3.3821095e-09,0.0
1.715,0.1,0.1,0.3,0.09999994,0.09999994,0.29999977,5.035879,-3.611608e-09,0.0
1.72,0.1,0.1,0.3,0.09999994,0.09999994,0.29999977,5.035884,-8.789816e-09,0.0
1.725,0.1,0.1,0.3,0.09999994,0.09999994,0.29999977,5.035889,5.0096727e-09,0.0
1.73,0.1,0.1,0.3,0.09999994,0.09999994,0.29999977,5.0358944,7.3440085e-09,0.0
1.735,0.1,0.1,0.3,0.09999994,0.09999994,0.29999977,5.0358996,-5.435433e-09,0.0
1.74,0.1,0.1,0.3,0.09999994,0.09999994,0.29999977,5.0359044,-8.7927905e-09,0.0
1.745,0.1,0.1,0.3,0.09999994,0.09999994,0.29999977,5.0359097,6.822071e-09,0.0
1.75,0.1,0.1,0.3,0.09999994,0.09999994,0.29999977,5.035915,6.6701937e-09,0.0
1.7550000000000001,0.1,0.1,0.3,0.09999994,0.09999994,0.29999977,5.03592,6.5186976e-09,0.0
1.76,0.1,0.1,0.3,0.09999994,0.09999994,0.29999977,5.035925,2.6074114e-09,0.0
1.7650000000000001,0.1,0.1,0.3,0.09999994,0.09999994,0.29999977,5.03593,-4.4182116e-09,0.0
1.77,0.1,0.1,0.3,0.09999994,0.09999994,0.29999977,5.0359354,8.689883e-09,0.0
1.7750000000000001,0.1,0.1,0.3,0.09999994,0.09999994,0.29999977,5.0359406,-1.4131886e-09,0.0
1.78,0.1,0.1,0.3,0.09999994,0.09999994,0.29999977,5.0359454,-1.0764757e-08,0.0
1.7850000000000001,0.1,0.1,0.3,0.09999994,0.09999994,0.29999977,5.0359507,7.915839e-09,0.0
1.79,0.1,0.1,0.3,0.09999994,0.09999994,0.29999977,5.035956,4.257644e-09,0.0
1.795,0.1,0.1,0.3,0.09999994,0.09999994,0.29999977,5.035961,4.1864268e-09,0.0
1.8,0.1,0.1,0.3,0.09999994,0.09999994,0.29999977,5.035966,4.1151815e-09,0.0
1.805,0.1,0.1,0.3,0.09999994,0.09999994,0.29999977,5.035971,9.613839e-09,0.0
1.81,0.1,0.1,0.3,0.09999994,0.09999994,0.29999977,5.0359764,1.6876394e-09,0.0
1.815,0.1,0.1,0.3,0.09999994,0.09999994,0.29999977,5.0359817,4.292358e-09,0.0
1.82,0.1,0.1,0.3,0.09999994,0.09999994,0.29999977,5.0359864,-1.8136254e-09,0.0
1.825,0.1,0.1,0.3,0.09999994,0.09999994,0.29999977,5.0359917,1.985513e-09,0.0
1.83,0.1,0.1,0.3,0.09999994,0.09999994,0.29999977,5.035997,2.004342e-09,0.0
1.835,0.1,0.1,0.3,0.09999994,0.09999994,0.29999977,5.036002,2.0231707e-09,0.0
1.84,0.1,0.1,0.3,0.09999994,0.09999994,0.29999977,5.036007,2.0418875e-09,0.0
1.845,0.1,0.1,0.3,0.09999994,0.09999994,0.29999977,5.036012,6.8645973e-09,0.0
1.85,0.1,0.1,0.3,0.09999994,0.09999994,0.29999977,5.0360174,7.0439663e-09,0.0
1.855,0.1,0.1,0.3,0.09999994,0.09999994,0.29999977,5.036022,3.9738715e-09,0.0
1.86,0.1,0.1,0.3,0.09999994,0.09999994,0.29999977,5.0360274,-9.95332e-09,0.0
1.865,0.1,0.1,0.3,0.09999994,0.09999994,0.29999977,5.0360327,-5.8460103e-09,0.0
1.87,0.1,0.1,0.3,0.09999994,0.09999994,0.29999977,5.036038,-3.50902e-09,0.0
1.875,0.1,0.1,0.3,0.09999994,0.09999994,0.29999977,5.0360427,-3.5584613e-09,0.0
1.8800000000000001,0.1,0.1,0.3,0.09999994,0.09999994,0.29999977,5.036048,-3.6078978e-09,0.0
1.885,0.1,0.1,0.3,0.09999994,0.09999994,0.29999977,5.036053,-2.3152777e-09,0.0
1.8900000000000001,0.1,0.1,0.3,0.09999994,0.09999994,0.29999977,5.0360584,6.540431e-09,0.0
1.895,0.1,0.1,0.3,0.09999994,0.09999994,0.29999977,5.036063,-3.5091953e-12,0.0
1.9000000000000001,0.1,0.1,0.3,0.09999994,0.09999994,0.29999977,5.0360684,3.1862002e-09,0.0
1.905,0.1,0.1,0.3,0.09999994,0.09999994,0.29999977,5.0360737,-2.2869744e-09,0.0
1.9100000000000001,0.1,0.1,0.3,0.09999994,0.09999994,0.29999977,5.036079,8.899738e-09,0.0
1.915,0.1,0.1,0.3,0.09999994,0.09999994,0.29999977,5.0360837,4.398397e-09,0.0
1.92,0.1,0.1,0.3,0.09999994,0.09999994,0.29999977,5.036089,7.453883e-09,0.0
1.925,0.1,0.1,0.3,0.09999994,0.09999994,0.29999977,5.036094,6.5069843e-09,0.0
1.93,0.1,0.1,0.3,0.09999994,0.09999994,0.29999977,5.0360994,1.1016369e-09,0.0
1.935,0.1,0.1,0.3,0.09999994,0.09999994,0.29999977,5.036104,-1.0511903e-08,0.0
1.94,0.1,0.1,0.3,0.09999994,0.09999994,0.29999977,5.0361094,-1.0352522e-08,0.0
1.945,0.1,0.1,0.3,0.09999994,0.09999994,0.29999977,5.0361147,2.4127864e-09,0.0
1.95,0.1,0.1,0.3,0.09999994,0.09999994,0.29999977,5.03612,9.761521e-09,0.0
1.955,0.1,0.1,0.3,0.09999994,0.09999994,0.29999977,5.0361247,1.4406045e-08,0.0
1.96,0.1,0.1,0.3,0.09999994,0.09999994,0.29999977,5.03613,1.0038333e-08,0.0
1.965,0.1,0.1,0.3,0.09999994,0.09999994,0.29999977,5.036135,5.425336e-09,0.0
1.97,0.1,0.1,0.3,0.09999994,0.09999994,0.29999977,5.0361404,4.906024e-09,0.0
1.975,0.1,0.1,0.3,0.09999994,0.09999994,0.29999977,5.036145,2.637217e-09,0.0
1.98,0.1,0.1,0.3,0.09999994,0.09999994,0.29999977,5.0361505,-1.6557246e-08,0.0
1.985,0.1,0.1,0.3,0.09999994,0.09999994,0.29999977,5.0361557,-1.6687768e-08,0.0
1.99,0.1,0.1,0.3,0.09999994,0.09999994,0.29999977,5.036161,2.3357067e-09,0.0
1.995,0.1,0.1,0.3,0.09999994,0.09999994,0.29999977,5.0361657,-4.0992374e-09,0.0
2.0,0.10739408,0.097295314,0.288,0.09999994,0.09999994,0.29999977,5.036171,-3.7101537e-09,0.0
2.005,0.10739408,0.097295314,0.288,0.09999994,0.09999994,0.29999977,5.036176,-4.680578e-09,0.0
2.0100000000000002,0.10739408,0.097295314,0.288,0.09999994,0.09999994,0.29999977,5.0361814,-7.3423188e-09,0.0
2.015,0.10739408,0.097295314,0.288,0.09999994,0.09999994,0.29999977,5.036186,-4.4027826e-09,0.0
2.02,0.11478818,0.09459061,0.276,0.09999994,0.09999994,0.29999977,5.0361915,8.85138e-09,0.0
2.025,0.11478818,0.09459061,0.276,0.09999994,0.09999994,0.29999977,5.0361967,-9.647252e-10,0.0
2.0300000000000002,0.11478818,0.09459061,0.276,0.09999994,0.09999994,0.29999977,5.0362015,-8.7059275e-09,0.0
2.035,0.11478818,0.09459061,0.276,0.09999994,0.09999994,0.29999977,5.0362067,-7.3217445e-09,0.0
2.04,0.12218228,0.0918859,0.264,0.10003333,0.09998774,0.29994562,5.036212,2.0749298e-09,0.0
2.045,0.12218228,0.0918859,0.264,0.10044872,0.0998358,0.2992715,5.0324564,2.0950095e-08,0.0
2.05,0.12218228,0.0918859,0.264,0.10084067,0.09969243,0.2986354,5.027024,3.446305e-08,0.0
2.055,0.12218228,0.0918859,0.264,0.101210505,0.09955715,0.2980352,5.0251207,-3.432234e-08,0.0
2.06,0.12957639,0.089181215,0.252,0.101592846,0.09941729,0.29741472,5.02919,-2.624574e-08,0.0
2.065,0.12957639,0.089181215,0.252,0.1023375,0.099144906,0.2962062,5.039819,1.9637744e-08,0.0
2.07,0.12957639,0.089181215,0.252,0.10304014,0.09888789,0.2950659,5.0590167,2.590882e-09,0.0
2.075,0.12957639,0.089181215,0.252,0.10370312,0.09864538,0.29398996,5.0878673,-2.6215499e-08,0.0
2.08,0.13697048,0.086476535,0.24,0.10436207,0.09840435,0.29292056,5.1254845,2.1602915e-08,0.0
2.085,0.13697048,0.086476535,0.24,0.10536773,0.09803649,0.29128847,5.169991,-8.4699625e-09,0.0
2.09,0.13697048,0.086476535,0.24,0.10631663,0.09768939,0.2897485,5.2212586,-5.1263185e-09,0.0
2.095,0.13697048,0.086476535,0.24,0.107211985,0.09736188,0.28829542,5.27902,1.5392194e-08,0.0
2.1,0.14436458,0.083771825,0.228,0.10809019,0.09704064,0.28687018,5.341748,3.6306545e-08,0.0
2.105,0.14436458,0.083771825,0.228,0.10930273,0.096597105,0.28490233,5.407494,-1.9935298e-08,0.0
2.11,0.14436458,0.083771825,0.228,0.11044684,0.0961786,0.28304553,5.47643,1.3614183e-08,0.0
2.115,0.14436458,0.083771825,0.228,0.111526385,0.09578371,0.2812935,5.548829,5.9181626e-10,0.0
2.12,0.15175866,0.081067145,0.216,0.11257839,0.095398895,0.2795862,5.6238275,2.7979322e-08,0.0
2.125,0.15175866,0.081067145,0.216,0.113954924,0.09489538,0.2773522,5.7001185,2.6793183e-08,0.0
2.13,0.15175866,0.081067145,0.216,0.11525377,0.09442028,0.2752443,5.778438,-7.972519e-09,0.0
2.1350000000000002,0.15175866,0.081067145,0.216,0.116479315,0.09397198,0.27325535,5.8594856,-1.5129292e-08,0.0
2.14,0.15915276,0.07836246,0.204,0.11766908,0.09353678,0.27132446,5.9433966,-7.607689e-09,0.0
2.145,0.15915276,0.07836246,0.204,0.1191756,0.09298571,0.2688795,6.0299606,2.9174012e-09,0.0
2.15,0.15915276,0.07836246,0.204,0.1205971,0.09246574,0.26657254,6.12049,-2.6802374e-08,0.0
2.1550000000000002,0.15915276,0.07836246,0.204,0.121938385,0.091975115,0.26439574,6.2158155,9.369388e-11,0.0
2.16,0.16654685,0.075657755,0.192,0.12323736,0.09149996,0.26228765,6.315177,1.8369612e-08,0.0
2.165,0.16654685,0.075657755,0.192,0.12484691,0.0909112,0.25967547,6.417087,-5.914889e-09,0.0
2.17,0.16654685,0.075657755,0.192,0.12636563,0.09035567,0.25721073,6.521873,2.7051488e-08,0.0
2.1750000000000003,0.16654685,0.075657755,0.192,0.12779865,0.08983149,0.25488508,6.629776,5.813498e-09,0.0
2.18,0.17394094,0.07295307,0.18,0.12918417,0.089324676,0.2526365,6.739807,3.0678684e-08,0.0
2.185,0.17394094,0.07295307,0.18,0.13087541,0.08870604,0.24989177,6.85051,3.059346e-10,0.0
2.19,0.17394094,0.07295307,0.18,0.13247119,0.088122316,0.24730195,6.9623938,-1.47672505e-08,0.0
2.195,0.17394094,0.07295307,0.18,0.13397692,0.08757153,0.24485828,7.07598,-6.9020474e-09,0.0
2.2,0.18133503,0.070248365,0.16799998,0.13543107,0.08703962,0.24249834,7.1906033,-1.657989e-08,0.0
2.205,0.18133503,0.070248365,0.16799998,0.13718703,0.086397305,0.23964855,7.305132,1.2554e-08,0.0
2.21,0.18133503,0.070248365,0.16799998,0.13884391,0.08579124,0.23695958,7.4203496,5.4293654e-09,0.0
2.215,0.18133503,0.070248365,0.16799998,0.14040728,0.08521937,0.23442236,7.536975,1.7158428e-08,0.0
2.22,0.18872914,0.06754368,0.156,0.14191581,0.08466756,0.23197414,7.654514,5.9709295e-09,0.0
2.225,0.18872914,0.06754368,0.156,0.1437231,0.08400647,0.22904107,7.771923,1.2517494e-08,0.0
2.23,0.18872914,0.06754368,0.156,0.14542839,0.083382696,0.22627352,7.890534,1.0710392e-08,0.0
2.235,0.18872914,0.06754368,0.156,0.14703745,0.082794115,0.22366215,8.012389,1.4995067e-08,0.0
2.24,0.19612323,0.064838976,0.144,0.14858909,0.08222654,0.22114398,8.138061,-1.7676985e-09,0.0
2.245,0.19612323,0.064838976,0.144,0.15043706,0.08155057,0.21814488,8.266944,-2.09062e-09,0.0
2.25,0.19612323,0.064838976,0.144,0.15218073,0.08091275,0.21531503,8.399818,2.4180604e-09,0.0
2.255,0.19612323,0.064838976,0.144,0.15382601,0.08031092,0.21264488,8.537088,2.2769965e-08,0.0
2.2600000000000002,0.20351732,0.062134285,0.13199998,0.15541182,0.079730846,0.21007124,8.677747,2.0497824e-08,0.0
2.265,0.20351732,0.062134285,0.13199998,0.15729204,0.07904308,0.2070198,8.821053,6.273072e-09,0.0
2.27,0.20351732,0.062134285,0.13199998,0.15906614,0.07839413,0.20414059,8.967266,5.148974e-09,0.0
2.275,0.20351732,0.062134285,0.13199998,0.16074012,0.077781804,0.20142385,9.116099,6.541891e-09,0.0
2.2800000000000002,0.21091141,0.0594296,0.12,0.16235302,0.07719182,0.19880626,9.266254,1.1510073e-08,0.0
2.285,0.21091141,0.0594296,0.12,0.1642588,0.07649471,0.19571336,9.4161215,4.8123816e-09,0.0
2.29,0.21091141,0.0594296,0.12,0.166057,0.075836934,0.192795,9.566202,7.2130666e-09,0.0
2.295,0.21091141,0.0594296,0.12,0.16775374,0.07521628,0.19004132,9.717115,1.2553992e-08,0.0
2.3000000000000003,0.21830551,0.056724895,0.10800001,0.16938812,0.074618444,0.18738887,9.868821,4.4000505e-09,0.0
2.305,0.21830551,0.056724895,0.10800001,0.17131415,0.07391392,0.18426308,10.021585,4.2486414e-10,0.0
2.31,0.21830551,0.056724895,0.10800001,0.17313148,0.073249154,0.1813137,10.177476,8.358054e-09,0.0
2.315,0.21830551,0.056724895,0.10800001,0.17484626,0.072621904,0.17853075,10.337892,3.974481e-09,0.0
2.32,0.2256996,0.05402021,0.096,0.17649765,0.07201784,0.17585069,10.502496,5.4076654e-09,0.0
2.325,0.2256996,0.05402021,0.096,0.17843974,0.07130744,0.17269884,10.670059,2.3367654e-09,0.0
2.33,0.2256996,0.05402021,0.096,0.18027222,0.07063714,0.16972487,10.841163,-6.4576864e-09,0.0
2.335,0.2256996,0.05402021,0.096,0.1820013,0.07000466,0.16691872,11.016177,1.1115883e-08,0.0
2.34,0.2330937,0.051315505,0.08399999,0.18366617,0.06939566,0.16421677,11.194106,7.7230995e-09,0.0
2.345,0.2330937,0.051315505,0.08399999,0.185621,0.06868061,0.16104427,11.373435,1.3287036e-08,0.0
2.35,0.2330937,0.051315505,0.08399999,0.18746549,0.068005905,0.1580508,11.554676,1.4496352e-08,0.0
2.355,0.2330937,0.051315505,0.08399999,0.1892059,0.06736928,0.15522628,11.738295,1.3611948e-08,0.0
2.36,0.24048778,0.04861082,0.072000004,0.19088148,0.066756375,0.15250696,11.924266,1.4538111e-08,0.0
2.365,0.24048778,0.04861082,0.072000004,0.19284639,0.06603763,0.14931808,12.112417,7.1012074e-10,0.0
2.37,0.24048778,0.04861082,0.072000004,0.1947004,0.06535945,0.14630917,12.304183,2.958378e-09,0.0
2.375,0.24048778,0.04861082,0.072000004,0.1964498,0.064719535,0.14347005,12.5005,1.26864546e-08,0.0
2.38,0.24788187,0.045906115,0.06,0.19813386,0.06410353,0.14073698,12.700727,9.727343e-09,0.0
2.3850000000000002,0.24788187,0.045906115,0.06,0.20010675,0.06338186,0.13753513,12.903492,9.604394e-09,0.0
2.39,0.24788187,0.045906115,0.06,0.20196833,0.06270091,0.13451396,13.109305,7.1050423e-09,0.0
2.395,0.24788187,0.045906115,0.06,0.20372483,0.062058397,0.13166328,13.318536,1.501913e-08,0.0
2.4,0.25527596,0.04320143,0.047999993,0.20541559,0.061439928,0.1289193,13.530222,1.5718967e-08,0.0
2.4050000000000002,0.25527596,0.04320143,0.047999993,0.20739484,0.060715936,0.12570715,13.742864,2.7595508e-08,0.0
2.41,0.25527596,0.04320143,0.047999993,0.20926239,0.060032804,0.122676276,13.9577055,1.7600719e-08,0.0
2.415,0.25527596,0.04320143,0.047999993,0.21102454,0.05938822,0.11981644,14.175988,2.6646138e-08,0.0
2.42,0.26267007,0.040496726,0.036000002,0.21272063,0.058767803,0.11706382,14.3972845,4.081937e-09,0.0
2.4250000000000003,0.26267007,0.040496726,0.036000002,0.2147049,0.058041975,0.113843516,14.620408,1.1704292e-08,0.0
2.43,0.26267007,0.040496726,0.036000002,0.21657719,0.057357106,0.110804945,14.846,1.675024e-08,0.0
2.435,0.26267007,0.040496726,0.036000002,0.21834382,0.056710888,0.10793785,15.074493,1.466556e-08,0.0
2.44,0.27006418,0.037792042,0.023999996,0.22004414,0.056088928,0.10517838,15.304971,1.4852794e-08,0.0
2.445,0.27006418,0.037792042,0.023999996,0.22203238,0.055361643,0.10195161,15.536009,2.727979e-08,0.0
2.45,0.27006418,0.037792042,0.023999996,0.22390842,0.0546754,0.098906934,15.768232,1.571259e-08,0.0
2.455,0.27006418,0.037792042,0.023999996,0.22567861,0.054027885,0.09603408,16.002712,1.1076994e-08,0.0
2.46,0.27745825,0.035087354,0.012000007,0.22738227,0.0534047,0.09326918,16.239128,1.6935454e-08,0.0
2.465,0.27745825,0.035087354,0.012000007,0.22937368,0.05267626,0.09003728,16.47641,6.6552928e-09,0.0
2.47,0.27745825,0.035087354,0.012000007,0.2312527,0.05198893,0.08698777,16.715189,1.30371625e-08,0.0
2.475,0.27745825,0.035087354,0.012000007,0.23302568,0.051340386,0.08411036,16.955965,3.1200553e-09,0.0
2.48,0.28485236,0.032382652,0.0,0.234732,0.050716233,0.08134115,17.197931,1.1477008e-08,0.0
2.485,0.28485236,0.032382652,0.0,0.23672591,0.049986877,0.07810519,17.43966,1.7681261e-08,0.0
2.49,0.28485236,0.032382652,0.0,0.2386073,0.04929868,0.07505185,17.68167,1.4050913e-08,0.0
2.495,0.28485236,0.032382652,0.0,0.24038252,0.048649322,0.072170824,17.924864,1.35865985e-08,0.0
2.5,0.28485236,0.032382652,0.0,0.24209094,0.048024397,0.0693982,18.168816,1.0574718e-08,0.0
2.505,0.28485236,0.032382652,0.0,0.24408683,0.047294315,0.066159025,18.412369,1.8619513e-08,0.0
2.5100000000000002,0.28485236,0.032382652,0.0,0.2459701,0.046605434,0.06310265,18.656218,1.126464e-08,0.0
2.515,0.28485236,0.032382652,0.0,0.24774708,0.04595543,0.06021875,18.900925,1.0845494e-08,0.0
2.52,0.37351084,0.06690245,0.056762394,0.24945717,0.0453299,0.05744343,19.145742,2.135715e-08,0.0
2.525,0.37351084,0.06690245,0.056762394,0.25145465,0.044599243,0.0542017,19.389406,2.007643e-08,0.0
2.5300000000000002,0.37351084,0.06690245,0.056762394,0.2533394,0.043909818,0.051142912,19.632614,4.9271938e-09,0.0
2.535,0.37351084,0.06690245,0.056762394,0.2551178,0.0432593,0.048256744,19.876137,1.08768665e-08,0.0
2.54,0.50008214,0.20146741,0.22794375,0.25679582,0.042645495,0.045533452,20.119518,5.456473e-09,0.0
2.545,0.50008214,0.20146741,0.22794375,0.25837916,0.04206633,0.042963844,20.36156,5.8119096e-09,0.0
2.5500000000000003,0.50008214,0.20146741,0.22794375,0.25987312,0.041519847,0.040539246,20.600702,1.7638241e-08,0.0
2.555,0.50008214,0.20146741,0.22794375,0.26128277,0.041004203,0.03825148,20.8353,1.1120975e-08,0.0
2.56,0.57098174,0.37284446,0.2028163,0.26301315,0.040673506,0.03634908,21.063799,2.5296414e-08,0.0
2.565,0.57098174,0.37284446,0.2028163,0.2692489,0.042153694,0.037501074,21.287086,1.7746407e-08,0.0
2.57,0.57098174,0.37284446,0.2028163,0.27513275,0.04355035,0.038588054,21.531569,1.0955977e-08,0.0
2.575,0.57098174,0.37284446,0.2028163,0.28068456,0.04486819,0.039613694,21.82384,2.5217124e-08,0.0
2.58,0.55701655,0.6,0.084771074,0.2864945,0.046719175,0.04135428,22.17531,3.7670144e-08,0.0
2.585,0.55701655,0.6,0.084771074,0.29854798,0.055452146,0.05188416,22.589933,2.2158245e-08,0.0
2.59,0.55701655,0.6,0.084771074,0.30992123,0.06369229,0.061819803,23.099615,3.545893e-08,0.0
2.595,0.55701655,0.6,0.084771074,0.32065266,0.07146741,0.071194746,23.731579,3.2054242e-08,0.0
2.6,0.5575297,0.6,0.0,0.33109856,0.07957746,0.07992718,24.491909,2.2057183e-08,0.0
2.605,0.5575297,0.6,0.0,0.344636,0.09612752,0.086862236,25.374702,4.0889116e-08,0.0
2.61,0.5575297,0.6,0.0,0.35740945,0.1117436,0.09340592,26.384754,8.3615916e-08,0.0
2.615,0.5575297,0.6,0.0,0.36946207,0.1264784,0.09958032,27.525452,6.7671955e-08,0.0
2.62,0.5587836,0.6,0.0,0.38077146,0.1414072,0.104873344,28.78873,1.5972904e-07,0.0
2.625,0.5587836,0.6,0.0,0.39071757,0.16728717,0.103738904,30.159399,2.9027102e-08,0.0
2.63,0.5587836,0.6,0.0,0.40010238,0.19170663,0.10266849,31.614826,6.7567775e-08,0.0
2.6350000000000002,0.5587836,0.6,0.0,0.40895757,0.21474801,0.10165847,33.128914,1.7015766e-07,0.0
2.64,0.6,0.6,0.0,0.41731536,0.23648909,0.100322746,34.676304,1.5669434e-07,0.0
2.645,0.6,0.6,0.0,0.42522815,0.25700325,0.09466119,36.230427,9.717759e-08,0.0
2.65,0.6,0.6,0.0,0.43269438,0.27635974,0.08931914,37.642292,2.5970554e-05,0.0
2.6550000000000002,0.6,0.6,0.0,0.43973926,0.29462385,0.08427855,38.743404,0.05769747,0.0
2.66,0.599674,0.6,0.0,0.44639224,0.31185728,0.07952243,39.42929,0.3523916,0.0
2.665,0.599674,0.6,0.0,0.45273486,0.32811815,0.07503471,39.701843,0.88632166,0.0
2.67,0.599674,0.6,0.0,0.45871955,0.34346136,0.070800245,39.615807,1.5944597,0.0
2.6750000000000003,0.599674,0.6,0.0,0.4643665,0.3579387,0.066804744,39.247486,2.3889015,0.0
2.68,0.5030674,0.6,0.073682666,0.46988085,0.37159905,0.06303473,38.67598,3.1803358,0.0
2.685,0.5030674,0.6,0.073682666,0.47722393,0.3844885,0.059477463,37.973972,3.888566,0.0
2.69,0.5030674,0.6,0.073682666,0.48415262,0.39665055,0.056120947,37.214333,4.434993,0.0
2.695,0.5030674,0.6,0.073682666,0.4906903,0.40812626,0.05295385,36.45297,4.7614717,0.0
2.7,0.455462,0.6,0.51260895,0.49685755,0.41895434,0.049965486,35.72458,4.83449,0.0
2.705,0.455462,0.6,0.51260895,0.50265986,0.42917135,0.04714576,35.048153,4.6383023,0.0
2.71,0.455462,0.6,0.51260895,0.5081347,0.4388118,0.044485167,34.43146,4.169482,0.0
2.715,0.455462,0.6,0.51260895,0.5133006,0.44790822,0.041974716,33.87632,3.4308114,0.0
2.72,0.16626543,0.55546343,0.5384885,0.5177388,0.4564913,0.03993859,33.380943,2.4284894,0.0
2.725,0.16626543,0.55546343,0.5384885,0.51691085,0.46458998,0.041842885,32.938656,1.1737037,0.0
2.73,0.16626543,0.55546343,0.5384885,0.5161296,0.47223163,0.043639712,33.262497,3.286305e-08,0.0
2.735,0.16626543,0.55546343,0.5384885,0.5153925,0.47944203,0.04533514,34.286552,1.1367149e-07,0.0
2.74,0.2853139,0.41566706,0.6,0.514482,0.48624554,0.048916496,35.795532,5.6834594e-08,0.0
2.745,0.2853139,0.41566706,0.6,0.5111513,0.49266508,0.07508424,37.44452,1.3002315e-07,0.0
2.75,0.2853139,0.41566706,0.6,0.5080086,0.49872234,0.099775255,38.987755,9.442575e-08,0.0
2.755,0.2853139,0.41566706,0.6,0.5050432,0.5044378,0.12307287,40.269115,0.017185984,0.0
2.7600000000000002,0.36534452,0.5169775,0.6,0.50093955,0.50962967,0.14517255,41.191353,0.20272803,0.0
2.765,0.36534452,0.5169775,0.6,0.48205274,0.5122162,0.16736871,41.731266,0.59973866,0.0
2.77,0.36534452,0.5169775,0.6,0.4642318,0.5146568,0.18831226,41.81773,1.2848554,0.0
2.775,0.36534452,0.5169775,0.6,0.44741654,0.51695967,0.2080739,41.415237,2.2917697,0.0
2.7800000000000002,0.0,0.6,0.5146186,0.4320877,0.51850146,0.22699803,40.56137,3.5711026,0.0
2.785,0.0,0.6,0.5146186,0.42380473,0.5126982,0.2480478,39.34066,5.0217066,0.0
2.79,0.0,0.6,0.5146186,0.41598922,0.50722235,0.26790968,36.941986,7.538019,0.0
2.795,0.0,0.6,0.5146186,0.40861475,0.5020556,0.28665066,33.72716,9.918909,0.0
2.8000000000000003,0.0,0.6,0.6,0.40201777,0.49763778,0.30433404,30.59577,9.736479,0.0
2.805,0.0,0.6,0.6,0.39994818,0.49872917,0.32101947,28.00807,5.39504,0.0
2.81,0.0,0.6,0.6,0.39799538,0.499759,0.3367633,26.174915,3.666749e-08,0.0
2.815,0.0,0.6,0.6,0.3961528,0.5007307,0.35161865,24.510733,-7.778949e-08,0.0
2.82,0.0,0.6,0.6,0.39276478,0.5020224,0.3652502,23.863157,-5.091108e-08,0.0
2.825,0.0,0.6,0.6,0.37059972,0.5075516,0.37367958,23.908346,2.5429385e-08,0.0
2.83,0.0,0.6,0.6,0.34968552,0.5127688,0.38163325,24.228056,8.729169e-09,0.0
2.835,0.0,0.6,0.6,0.32995158,0.51769155,0.38913807,24.460583,-8.6778407e-10,0.0
2.84,0.0,0.3398839,0.6,0.3113313,0.5223365,0.39660484,24.387527,4.4987947e-09,0.0
2.845,0.0,0.3398839,0.6,0.29376182,0.5267193,0.4080831,23.90277,9.549959e-09,0.0
2.85,0.0,0.3398839,0.6,0.27718383,0.53085476,0.41891363,22.982517,-7.7291995e-09,0.0
2.855,0.0,0.3398839,0.6,0.2615414,0.53475684,0.42913297,21.660624,-7.0556865e-08,0.0
2.86,0.026208438,0.0,0.6,0.24678172,0.53843874,0.43877557,20.008953,-6.1228974e-08,0.0
2.865,0.026208438,0.0,0.6,0.23285499,0.54191285,0.447874,18.11841,5.806274e-08,0.0
2.87,0.026208438,0.0,0.6,0.2197142,0.54519093,0.456459,16.082268,-1.0021225e-07,0.0
2.875,0.026208438,0.0,0.6,0.20731497,0.548284,0.4645595,13.987431,-5.5987446e-08,0.0
2.88,0.2661183,0.0,0.3255171,0.19561547,0.55002815,0.47220287,11.913251,-1.09686944e-07,0.0
2.8850000000000002,0.2661183,0.0,0.3255171,0.18457623,0.53816897,0.4794149,9.93511,-7.890454e-09,0.0
2.89,0.2661183,0.0,0.3255171,0.17415996,0.5269791,0.48621994,7.319694,-1.4748356e-07,0.0
2.895,0.2661183,0.0,0.3255171,0.16433153,0.51642066,0.49264094,4.148918,2.4371963e-07,0.0
2.9,0.6,0.07617277,0.43310118,0.15517606,0.50492364,0.49869958,1.0590826,-2.9498985e-08,0.0
2.9050000000000002,0.6,0.07617277,0.43310118,0.14789797,0.47642908,0.5044163,2.0839812e-08,-5.238393e-09,0.0
2.91,0.6,0.07617277,0.43310118,0.14103062,0.44954255,0.5098104,-1.4478934e-08,-1.6346025e-08,0.0
2.915,0.6,0.07617277,0.43310118,0.13455081,0.42417333,0.5149001,0.007704051,1.9837277e-08,0.0
2.92,0.44887504,0.30977863,0.04559178,0.12951979,0.40023577,0.5184634,0.08578526,8.353022e-08,0.0
2.9250000000000003,0.44887504,0.30977863,0.04559178,0.1372285,0.3776491,0.50757474,0.30431318,-6.0280904e-08,0.0
2.93,0.44887504,0.30977863,0.04559178,0.1445022,0.35633707,0.4973006,0.5378939,-8.0110595e-08,0.0
2.935,0.44887504,0.30977863,0.04559178,0.1513654,0.33622774,0.48760626,0.8561679,-4.4633374e-08,0.0
2.94,0.3879611,0.2734479,0.30303532,0.15934867,0.31759715,0.47894472,1.3992306,3.1454817e-08,0.0
2.945,0.3879611,0.2734479,0.30303532,0.18421613,0.30397275,0.4763576,2.2055938,-7.005248e-08,0.0
2.95,0.3879611,0.2734479,0.30303532,0.20768023,0.29111722,0.4739165,3.3198805,8.023521e-08,0.0
2.955,0.3879611,0.2734479,0.30303532,0.22982016,0.27898717,0.47161314,4.7383213,7.553984e-08,0.0
2.96,0.6,0.4194171,0.38952592,0.2500284,0.26859632,0.4676903,6.3908343,2.1177705e-08,0.0
2.965,0.6,0.4194171,0.38952592,0.26125,0.27092037,0.44386983,8.186128,2.6302832e-08,0.0
2.97,0.6,0.4194171,0.38952592,0.2718383,0.27311328,0.42139363,10.260123,1.6028523e-07,0.0
2.975,0.6,0.4194171,0.38952592,0.2818291,0.27518243,0.40018585,12.537002,2.6506345e-07,0.0
2.98,0.6,0.6,0.24150755,0.29098105,0.27697077,0.38133717,14.83127,9.676316e-08,0.0
2.985,0.6,0.6,0.24150755,0.29645398,0.27677196,0.37691832,17.030582,1.0880779e-07,0.0
2.99,0.6,0.6,0.24150755,0.30161804,0.2765844,0.37274885,18.654327,4.5939565e-08,0.0
2.995,0.6,0.6,0.24150755,0.30649066,0.2764074,0.36881468,19.606432,-3.0021294e-09,0.0
3.0,0.22267318,0.6,0.31575006,0.3120456,0.27689937,0.365493,20.077032,8.5709544e-08,0.0
3.005,0.22267318,0.6,0.31575006,0.32829586,0.28494212,0.36684927,20.674204,-1.539849e-08,0.0
3.0100000000000002,0.22267318,0.6,0.31575006,0.34362906,0.292531,0.368129,21.617535,8.17992e-08,0.0
3.015,0.22267318,0.6,0.31575006,0.35809696,0.29969162,0.3693365,22.793327,8.4367834e-08,0.0
3.02,0.4862129,0.6,0.5915894,0.37174836,0.3072634,0.3698076,24.089912,8.65281e-08,0.0
3.025,0.4862129,0.6,0.5915894,0.38462937,0.32378352,0.3625672,25.41616,4.5364757e-08,0.0
3.0300000000000002,0.4862129,0.6,0.5915894,0.39678347,0.33937135,0.3557354,26.662664,2.6870508e-08,0.0
3.035,0.4862129,0.6,0.5915894,0.40825167,0.3540795,0.34928912,27.747396,7.204767e-08,0.0
3.04,0.28415564,0.5584207,0.6,0.4173692,0.36795765,0.34354183,28.634216,7.928921e-10,0.0
3.045,0.28415564,0.5584207,0.6,0.40638182,0.38105258,0.34197345,29.307579,3.8690363e-08,0.0
3.0500000000000003,0.28415564,0.5584207,0.6,0.3960145,0.39340854,0.3404936,30.331827,1.5235717e-07,0.0
3.055,0.28415564,0.5584207,0.6,0.38623226,0.4050672,0.33909723,31.67737,9.431363e-08,0.0
3.06,0.3460344,0.6,0.6,0.37819186,0.41606793,0.339025,32.967842,1.08742306e-07,0.0
3.065,0.3460344,0.6,0.6,0.38428786,0.42644784,0.35327807,33.975433,3.4385362e-08,0.0
3.0700000000000003,0.3460344,0.6,0.6,0.39003983,0.43624198,0.3667268,34.045303,2.082859e-08,0.0
3.075,0.3460344,0.6,0.6,0.3954672,0.44548342,0.37941656,33.15556,3.1950943e-08,0.0
3.08,0.36834076,0.6,0.6,0.39967605,0.4540156,0.39142817,31.679628,-3.544072e-08,0.0
3.085,0.36834076,0.6,0.6,0.39315686,0.45990756,0.4031986,29.908926,-2.8131451e-08,0.0
3.09,0.36834076,0.6,0.6,0.38700554,0.465467,0.41430476,28.655552,-4.674132e-08,0.0
3.095,0.36834076,0.6,0.6,0.38120136,0.4707127,0.42478418,28.078255,1.2684938e-09,0.0
3.1,0.25946045,0.6,0.6,0.3760041,0.47585008,0.4346722,27.902582,1.3156413e-08,0.0
3.105,0.25946045,0.6,0.6,0.37431282,0.48285627,0.4440022,27.92144,-3.7589437e-08,0.0
3.11,0.25946045,0.6,0.6,0.37271696,0.48946708,0.4528057,27.999165,4.6765017e-08,0.0
3.115,0.25946045,0.6,0.6,0.37121117,0.49570483,0.46111238,28.051289,4.1976618e-09,0.0
3.12,0.0,0.6,0.6,0.36989108,0.50159055,0.46895027,28.02767,7.132683e-09,0.0
3.125,0.0,0.6,0.6,0.36980358,0.50714415,0.47634587,27.90531,6.515174e-08,0.0
3.13,0.0,0.6,0.6,0.36972103,0.51238436,0.48332408,27.687681,-3.1324166e-08,0.0
3.1350000000000002,0.0,0.6,0.6,0.36964312,0.5173288,0.48990852,27.391012,1.11616565e-08,0.0
3.14,0.0,0.6,0.6,0.36907807,0.52199423,0.49612135,27.034605,-3.801956e-09,0.0
3.145,0.0,0.6,0.6,0.36289197,0.5263964,0.5019836,26.635077,3.0115444e-08,0.0
3.15,0.0,0.6,0.6,0.35705498,0.5305501,0.507515,26.172869,6.717634e-08,0.0
3.1550000000000002,0.0,0.6,0.6,0.3515474,0.5344694,0.51273423,25.625881,-2.9361678e-08,0.0
3.16,0.0,0.38866374,0.6,0.34517923,0.53816754,0.51765895,24.990997,2.284173e-08,0.0
3.165,0.0,0.38866374,0.6,0.3256996,0.541657,0.5223057,24.271038,-1.4535099e-09,0.0
3.17,0.0,0.38866374,0.6,0.30731925,0.5449495,0.5266903,23.390598,-6.151599e-08,0.0
3.1750000000000003,0.0,0.38866374,0.6,0.28997618,0.5480562,0.5308274,22.278164,3.0042983e-08,0.0
3.18,0.0,0.0,0.6,0.27361184,0.55098754,0.53473103,20.920095,-1.1106374e-08,0.0
3.185,0.0,0.0,0.6,0.258171,0.5537535,0.53841436,19.34275,4.7787296e-08,0.0
3.19,0.0,0.0,0.6,0.24360152,0.55636334,0.54188985,17.596651,-7.826932e-08,0.0
3.1950000000000003,0.0,0.0,0.6,0.22985426,0.5588259,0.5451692,15.742277,-2.135489e-08,0.0
3.2,0.3203961,0.0,0.5437207,0.2168828,0.5601954,0.5482635,13.840731,-2.1820603e-09,0.0
3.205,0.3203961,0.0,0.5437207,0.20464335,0.5505153,0.55118316,11.953495,9.631536e-08,0.0
3.21,0.3203961,0.0,0.5437207,0.19309463,0.5413815,0.5539381,9.309868,-1.4072836e-07,0.0
3.215,0.3203961,0.0,0.5437207,0.18219763,0.5327631,0.5565375,5.9658303,4.811699e-08,0.0
3.22,0.6,0.04874089,0.44635728,0.17191559,0.52287644,0.55899024,2.5540805,-1.07171275e-07,0.0
3.225,0.6,0.04874089,0.44635728,0.1622138,0.49336874,0.56130457,-3.9584828e-07,1.341937e-07,0.0
3.23,0.6,0.04874089,0.44635728,0.15305953,0.46552625,0.5634883,1.237337e-08,7.205294e-09,0.0
3.235,0.6,0.04874089,0.44635728,0.14442186,0.43925503,0.5655488,0.031176686,-7.2260233e-09,0.0
3.24,0.40043196,0.10926462,0.4734556,0.13771813,0.41446638,0.5672389,0.14184986,-1.6038966e-08,0.0
3.245,0.40043196,0.10926462,0.4734556,0.14802727,0.39107662,0.5659117,0.3719334,5.1457768e-08,0.0
3.25,0.40043196,0.10926462,0.4734556,0.15775463,0.36900684,0.5646594,0.59596026,-1.08474666e-07,0.0
3.255,0.40043196,0.10926462,0.4734556,0.16693304,0.34818253,0.56347775,0.91139853,-7.732297e-09,0.0
3.2600000000000002,0.14295423,0.14624609,0.6,0.1768558,0.32875344,0.56192327,1.486242,3.651879e-08,0.0
3.265,0.14295423,0.14624609,0.6,0.20073527,0.3129514,0.5554015,2.3722832,-3.373382e-08,0.0
3.27,0.14295423,0.14624609,0.6,0.22326714,0.29804108,0.54924774,3.6018429,1.6990964e-07,0.0
3.275,0.14295423,0.14624609,0.6,0.24452746,0.2839722,0.5434413,5.150068,1.5815398e-07,0.0
3.2800000000000002,0.42955464,0.36953703,0.6,0.263687,0.27097055,0.53808486,6.932334,2.3401607e-07,0.0
3.285,0.42955464,0.36953703,0.6,0.271404,0.26184493,0.5344376,8.849992,2.1167016e-07,0.0
3.29,0.42955464,0.36953703,0.6,0.27868548,0.2532343,0.5309962,10.757307,3.83234e-08,0.0
3.295,0.42955464,0.36953703,0.6,0.28555605,0.2451096,0.527749,12.544894,1.7463503e-07,0.0
3.3000000000000003,0.48712716,0.6,0.6,0.29087645,0.23761037,0.52525634,14.172361,1.4888775e-07,0.0
3.305,0.48712716,0.6,0.6,0.2825287,0.23245437,0.5294744,15.863848,-6.606659e-08,0.0
3.31,0.48712716,0.6,0.6,0.27465203,0.22758935,0.53345436,18.037348,7.0082336e-08,0.0
3.315,0.48712716,0.6,0.6,0.26721987,0.22299887,0.53720975,20.536085,2.1062813e-07,0.0
3.3200000000000003,0.0,0.6,0.42148256,0.26150104,0.21967554,0.54075325,22.791975,1.3867071e-07,0.0
3.325,0.0,0.6,0.42148256,0.2709849,0.22813274,0.54409677,24.582895,8.6164455e-08,0.0
3.33,0.0,0.6,0.42148256,0.2799335,0.23611267,0.5472516,25.766148,5.0729433e-08,0.0
3.335,0.0,0.6,0.42148256,0.28837714,0.24364226,0.55022836,26.447407,4.9521297e-08,0.0
3.34,0.0,0.6,0.58138984,0.2966042,0.2517874,0.55303717,26.842342,7.565935e-08,0.0
3.345,0.0,0.6,0.58138984,0.30735606,0.2714382,0.5556874,27.10176,6.3965764e-08,0.0
3.35,0.0,0.6,0.58138984,0.31750116,0.28998008,0.55818814,27.293898,7.1635014e-08,0.0
3.355,0.0,0.6,0.58138984,0.32707372,0.30747557,0.5605477,27.400913,1.3457551e-09,0.0
3.36,0.0,0.6,0.5798174,0.33390686,0.32398373,0.5619682,27.3946,-1.0736681e-08,0.0
3.365,0.0,0.6,0.5798174,0.31506336,0.33956027,0.55404013,27.25939,-9.37907e-09,0.0
3.37,0.0,0.6,0.5798174,0.29728326,0.35425776,0.54655945,27.380589,6.864525e-08,0.0
3.375,0.0,0.6,0.5798174,0.28050655,0.36812583,0.53950095,27.661398,3.966368e-08,0.0
3.38,0.0,0.5799593,0.6,0.2646766,0.38121128,0.5335627,27.764729,1.8846723e-08,0.0
3.3850000000000002,0.0,0.5799593,0.6,0.24974,0.39355826,0.5362618,27.496227,3.0962333e-08,0.0
3.39,0.0,0.5799593,0.6,0.23564632,0.40520847,0.5388085,26.773796,9.478752e-09,0.0
3.395,0.0,0.5799593,0.6,0.222348,0.41620123,0.54121155,25.59036,1.2346107e-08,0.0
3.4,0.0,0.26275244,0.57940704,0.20980015,0.42657363,0.5434719,23.990505,-7.8787124e-08,0.0
3.4050000000000002,0.0,0.26275244,0.57940704,0.19796042,0.4363607,0.545523,22.051977,-1.2834312e-07,0.0
3.41,0.0,0.26275244,0.57940704,0.18678884,0.4455954,0.54745835,19.864971,1.1497119e-08,0.0
3.415,0.0,0.26275244,0.57940704,0.17624772,0.454309,0.54928446,17.517225,-1.212965e-08,0.0
3.42,0.15025148,0.0,0.21988605,0.16630146,0.46244034,0.55109864,15.092779,-3.7984984e-09,0.0
3.4250000000000003,0.15025148,0.0,0.21988605,0.1569165,0.46907234,0.55385834,12.6825695,2.5189026e-08,0.0
3.43,0.15025148,0.0,0.21988605,0.14806117,0.47533005,0.5564623,10.388397,-9.457246e-08,0.0
3.435,0.15025148,0.0,0.21988605,0.13970557,0.48123464,0.55891925,8.304074,-4.9469666e-08,0.0
3.44,0.6,0.21880059,0.29401848,0.13182151,0.4853739,0.5611446,6.5010357,8.5796444e-08,0.0
3.4450000000000003,0.6,0.21880059,0.29401848,0.12438238,0.47281063,0.5621752,5.0279703,-3.7178687e-08,0.0
3.45,0.6,0.21880059,0.29401848,0.11736306,0.46095634,0.56314766,3.2020223,-6.335102e-09,0.0
3.455,0.6,0.21880059,0.29401848,0.11073986,0.44977102,0.5640652,1.0420853,-6.913558e-08,0.0
3.46,0.48279557,0.03547488,0.23012047,0.10516877,0.4380307,0.5633079,2.3778226e-09,-3.673058e-08,0.0
3.465,0.48279557,0.03547488,0.23012047,0.10771294,0.41331112,0.54392743,-2.263819e-09,-2.6885793e-08,0.0
3.47,0.48279557,0.03547488,0.23012047,0.11011353,0.38998657,0.52564067,2.1989043e-08,2.7206353e-08,0.0
3.475,0.48279557,0.03547488,0.23012047,0.11237865,0.3679783,0.5083859,2.3856295e-09,3.2904524e-08,0.0
3.48,0.29238275,0.0,0.5010911,0.11654641,0.34819984,0.49243954,9.796112e-10,3.7194482e-08,0.0
3.485,0.29238275,0.0,0.5010911,0.14382935,0.3408974,0.48124197,0.082479104,8.497886e-08,0.0
3.49,0.29238275,0.0,0.5010911,0.1695726,0.33400708,0.4706763,0.46181008,-2.5157256e-08,0.0
3.495,0.29238275,0.0,0.5010911,0.1938631,0.3275056,0.4607069,1.2808535,6.020065e-08,0.0
3.5,0.6,0.0,0.6,0.21625364,0.32054335,0.45101163,2.5295858,2.1390868e-07,0.0
3.505,0.6,0.0,0.6,0.23129551,0.30445597,0.43854597,4.1012425,1.1279469e-07,0.0
3.5100000000000002,0.6,0.0,0.6,0.24548852,0.28927645,0.4267838,5.8591413,5.130312e-08,0.0
3.515,0.6,0.0,0.6,0.2588806,0.27495357,0.41568542,7.67771,8.09467e-08,0.0
3.52,0.6,0.021628225,0.6,0.2706572,0.2612788,0.40643668,9.471252,-3.329327e-08,0.0
3.525,0.6,0.021628225,0.6,0.27188325,0.24653396,0.41177836,11.199461,1.1973161e-07,0.0
3.5300000000000002,0.6,0.021628225,0.6,0.27304012,0.23262121,0.4168186,12.808541,8.333705e-08,0.0
3.535,0.6,0.021628225,0.6,0.2741317,0.2194936,0.42157438,14.47186,-3.3143681e-09,0.0
3.54,0.38784662,0.6,0.02776605,0.27655044,0.20710683,0.42650834,16.17282,2.5330568e-08,0.0
3.545,0.38784662,0.6,0.02776605,0.2948038,0.19541909,0.43629906,17.788557,1.4976845e-07,0.0
3.5500000000000003,0.38784662,0.6,0.02776605,0.31202707,0.18439092,0.44553727,19.339014,1.1434644e-07,0.0
3.555,0.38784662,0.6,0.02776605,0.32827836,0.17398511,0.45425412,20.880371,6.199085e-08,0.0
3.56,0.27896026,0.6,0.0,0.34361255,0.16426419,0.46247905,22.442505,2.8236029e-08,0.0
3.565,0.27896026,0.6,0.0,0.35808137,0.15621476,0.47023982,24.039164,7.125747e-08,0.0
3.5700000000000003,0.27896026,0.6,0.0,0.37173367,0.14861958,0.47756264,25.67541,3.6240944e-08,0.0
3.575,0.27896026,0.6,0.0,0.3846155,0.14145303,0.4844722,27.352386,1.3159962e-07,0.0
3.58,0.39223218,0.6,0.0,0.3958126,0.13730207,0.48840836,29.069553,1.0510222e-07,0.0
3.585,0.39223218,0.6,0.0,0.39536306,0.16341369,0.46241274,30.81929,1.8164398e-07,0.0
3.59,0.39223218,0.6,0.0,0.3949389,0.18805175,0.43788415,33.172215,-8.2046485e-09,0.0
3.595,0.39223218,0.6,0.0,0.39453864,0.21129939,0.4147398,36.135,2.8496416e-07,0.0
3.6,0.24873942,0.6,0.0,0.3936694,0.23323509,0.3927762,39.364544,1.4839867e-07,0.0
3.605,0.24873942,0.6,0.0,0.38719597,0.2539329,0.3706105,42.543167,4.3252945e-07,0.0
3.61,0.24873942,0.6,0.0,0.38108787,0.27346265,0.34969568,45.31271,2.80217e-08,0.0
3.615,0.24873942,0.6,0.0,0.37532446,0.29189026,0.32996115,47.41692,1.2454551e-07,0.0
3.62,0.3789977,0.6,0.0,0.3703977,0.30927795,0.31134033,48.749115,3.5745558e-08,0.0
3.625,0.3789977,0.6,0.0,0.3716299,0.3256844,0.29377034,49.309025,-3.9634095e-08,0.0
3.63,0.3789977,0.6,0.0,0.37279254,0.34116498,0.27719188,48.592754,-3.6707508e-08,0.0
3.6350000000000002,0.3789977,0.6,0.0,0.3738896,0.35577193,0.261549,46.671635,1.0755152e-07,0.0
3.64,0.20483169,0.6,0.0,0.3742769,0.36955455,0.24678889,43.985554,-8.68825e-10,0.0
3.645,0.20483169,0.6,0.0,0.3671924,0.38255936,0.23286176,40.885384,6.76209e-08,0.0
3.65,0.20483169,0.6,0.0,0.3605077,0.3948303,0.21972057,38.2168,-6.249416e-08,0.0
3.6550000000000002,0.20483169,0.6,0.0,0.35420024,0.40640873,0.20732099,36.207188,4.4569315e-08,0.0
3.66,0.24139217,0.40192088,0.0,0.3488368,0.41733375,0.19562116,34.65555,1.03754685e-08,0.0
3.665,0.24139217,0.40192088,0.0,0.35053888,0.42764223,0.1845816,33.400772,-6.544419e-08,0.0
3.67,0.24139217,0.40192088,0.0,0.3521449,0.43736896,0.17416503,31.70714,0.5119356,0.0
3.6750000000000003,0.24139217,0.40192088,0.0,0.3536603,0.4465468,0.1643363,29.553871,1.2900234,0.0
3.68,0.37037933,0.38516384,0.0,0.35430387,0.4552067,0.15506224,27.271046,1.9562662,0.0
3.685,0.37037933,0.38516384,0.0,0.34586865,0.46337786,0.14631155,25.065042,2.2814221,0.0
3.69,0.37037933,0.38516384,0.0,0.33790946,0.47108793,0.1380547,23.696493,1.4257705,0.0
3.6950000000000003,0.37037933,0.38516384,0.0,0.33039942,0.4783629,0.1302638,23.04086,-7.7546574e-08,0.0
3.7,0.183112,0.0,0.0,0.32347828,0.48433304,0.12291257,22.506313,-8.782086e-09,0.0
3.705,0.183112,0.0,0.0,0.31884587,0.47968224,0.11597619,22.20675,-7.254605e-09,0.0
3.71,0.183112,0.0,0.0,0.31447488,0.4752939,0.10943126,21.15544,0.76503164,0.0
3.715,0.183112,0.0,0.0,0.31035057,0.47115323,0.10325568,19.344479,2.1066759,0.0
3.72,0.35807917,0.13291246,0.121600434,0.30704135,0.46717057,0.09742861,17.287258,3.4364314,0.0
3.725,0.35807917,0.13291246,0.121600434,0.31061572,0.46254265,0.09193038,15.319801,4.3805313,0.0
3.73,0.35807917,0.13291246,0.121600434,0.3139884,0.4581759,0.08674244,13.072458,5.3599486,0.0
3.735,0.35807917,0.13291246,0.121600434,0.3171707,0.45405558,0.081847265,10.724667,6.1695724,0.0
3.74,0.19852732,0.13882495,0.11958944,0.319328,0.4484289,0.077228345,8.724207,6.3180737,0.0
3.745,0.19852732,0.13882495,0.11958944,0.3116409,0.42312253,0.07287008,7.315754,5.553583,0.0
3.75,0.19852732,0.13882495,0.11958944,0.30438757,0.39924428,0.06875777,7.2454257,3.0727003,0.0
3.755,0.19852732,0.13882495,0.11958944,0.2975436,0.37671357,0.06487754,8.239211,-6.223681e-08,0.0
3.7600000000000002,0.58752054,0.0839783,0.5333303,0.29187575,0.3560544,0.061765265,9.387066,5.2793663e-08,0.0
3.765,0.58752054,0.0839783,0.5333303,0.29561183,0.34346172,0.06514197,11.049593,1.3647814e-07,0.0
3.77,0.58752054,0.0839783,0.5333303,0.2991371,0.33157972,0.06832811,12.458756,0.16909444,0.0
3.775,0.58752054,0.0839783,0.5333303,0.30246338,0.32036823,0.07133445,13.401882,0.5893635,0.0
3.7800000000000002,0.35701165,0.43624687,0.25415128,0.30488166,0.30981615,0.07416205,14.078874,1.0395368,0.0
3.785,0.35701165,0.43624687,0.25415128,0.2988797,0.30016655,0.07672568,14.633591,1.3600821,0.0
3.79,0.35701165,0.43624687,0.25415128,0.2932165,0.2910615,0.07914463,15.7077265,0.83994764,0.0
3.795,0.35701165,0.43624687,0.25415128,0.28787285,0.28247026,0.08142707,17.181704,9.5999205e-08,0.0
3.8000000000000003,0.6,0.47248277,0.05267839,0.28458697,0.27411625,0.08544861,18.63009,8.148074e-08,0.0
3.805,0.6,0.47248277,0.05267839,0.30168253,0.2633861,0.1107241,20.078176,1.1100741e-07,0.0
3.81,0.6,0.47248277,0.05267839,0.31781334,0.2532615,0.1345732,21.03482,0.2873285,0.0
3.815,0.6,0.47248277,0.05267839,0.33303383,0.24370828,0.15707643,21.57364,0.78297913,0.0
3.8200000000000003,0.5116219,0.47808084,0.1548661,0.34635472,0.23628455,0.17704932,22.048618,1.0899748,0.0
3.825,0.5116219,0.47808084,0.1548661,0.34695613,0.24756911,0.18140045,22.639946,1.0143807,0.0
3.83,0.5116219,0.47808084,0.1548661,0.3475236,0.25821686,0.18550603,23.64092,0.24011774,0.0
3.835,0.5116219,0.47808084,0.1548661,0.34805903,0.2682637,0.18937992,24.780548,6.771313e-08,0.0
3.84,0.6,0.6,0.012316884,0.34966126,0.27790716,0.1921256,26.011053,1.1424328e-07,0.0
3.845,0.6,0.6,0.012316884,0.36378872,0.28888774,0.18425612,27.217894,8.839931e-08,0.0
3.85,0.6,0.6,0.012316884,0.37711895,0.29924864,0.17683074,28.326782,8.0416285e-08,0.0
3.855,0.6,0.6,0.012316884,0.3896969,0.30902484,0.16982439,29.320976,7.9077964e-08,0.0
3.86,0.6,0.6,0.0017157734,0.40116602,0.31827462,0.16367479,30.193235,-7.1437203e-09,0.0
3.865,0.6,0.6,0.0017157734,0.40739942,0.32729304,0.16317768,30.942291,-1.833497e-08,0.0
3.87,0.6,0.6,0.0017157734,0.41328105,0.3358025,0.16270864,31.550493,6.122358e-08,0.0
3.875,0.6,0.6,0.0017157734,0.41883075,0.34383175,0.16226606,32.00457,1.9770528e-08,0.0
3.88,0.516583,0.6,0.4271976,0.42446628,0.3519583,0.16120489,32.30801,8.497674e-09,0.0
3.8850000000000002,0.516583,0.6,0.4271976,0.43437225,0.36595616,0.15280263,32.474888,1.2989613e-08,0.0
3.89,0.516583,0.6,0.4271976,0.44371918,0.37916404,0.14487454,32.518955,1.5286582e-09,0.0
3.895,0.516583,0.6,0.4271976,0.45253864,0.39162657,0.13739386,32.45712,8.2396723e-10,0.0
3.9,0.5557762,0.6,0.6,0.4608604,0.4033858,0.13028748,32.31026,9.519276e-09,0.0
3.9050000000000002,0.5557762,0.6,0.6,0.46871254,0.4144814,0.12303174,32.099865,-1.3108155e-09,0.0
3.91,0.5557762,0.6,0.6,0.47612154,0.42495084,0.11618547,31.846012,-8.740541e-09,0.0
3.915,0.5557762,0.6,0.6,0.48311242,0.43482947,0.10972556,31.566504,-6.7474293e-09,0.0
3.92,0.18189627,0.6,0.6,0.4893322,0.4441506,0.10555111,31.27654,-2.0195362e-08,0.0
3.9250000000000003,0.18189627,0.6,0.6,0.49087006,0.4529457,0.12370272,30.98676,5.110639e-09,0.0
3.93,0.18189627,0.6,0.6,0.49232113,0.4612445,0.14082997,30.684887,-2.0186278e-08,0.0
3.935,0.18189627,0.6,0.6,0.4936903,0.46907493,0.15699066,30.356539,1.2406235e-08,0.0
3.94,0.2754133,0.5324582,0.6,0.49515918,0.4764635,0.17301951,29.99781,-1.2663206e-08,0.0
3.9450000000000003,0.2754133,0.5324582,0.6,0.49858,0.4834351,0.19711548,29.612656,7.677436e-09,0.0
3.95,0.2754133,0.5324582,0.6,0.5018078,0.49001324,0.21985163,29.21867,-9.074471e-09,0.0
3.955,0.2754133,0.5324582,0.6,0.5048534,0.49622017,0.2413047,28.835186,-1.9112646e-08,0.0
3.96,0.4096209,0.6,0.6,0.5060392,0.5020768,0.2615471,28.475828,-1.4662546e-09,0.0
3.9650000000000003,0.4096209,0.6,0.6,0.48774672,0.50760293,0.28064713,28.141321,-1.5565638e-08,0.0
3.97,0.4096209,0.6,0.6,0.47048652,0.5128172,0.2986693,28.509542,5.637115e-08,0.0
3.975,0.4096209,0.6,0.6,0.4542004,0.5177372,0.31567442,29.519814,6.39998e-08,0.0
3.98,0.0,0.6,0.5815009,0.43925554,0.52207464,0.33171988,30.674576,9.784614e-08,0.0
3.985,0.0,0.6,0.5815009,0.43000937,0.5226606,0.34685984,31.649742,6.569231e-08,0.0
3.99,0.0,0.6,0.5815009,0.42128497,0.5232135,0.3611454,32.30691,4.6803034e-08,0.0
3.995,0.0,0.6,0.5815009,0.41305295,0.5237352,0.3746248,32.613937,6.1477454e-09,0.0
4.0,0.0,0.6,0.6,0.4058914,0.52453244,0.3873435,32.585815,-1.2597533e-09,0.0
4.005,0.0,0.6,0.6,0.40610185,0.5287913,0.39934444,32.26829,5.842466e-09,0.0
4.01,0.0,0.6,0.6,0.40630046,0.53280985,0.41066813,31.095745,-5.442969e-09,0.0
4.015,0.0,0.6,0.6,0.40648785,0.5366016,0.42135277,29.102932,1.5505087e-08,0.0
4.0200000000000005,0.0,0.6,0.6,0.40481535,0.5401794,0.43135092,26.719477,2.08956e-08,0.0
4.025,0.0,0.6,0.6,0.38197023,0.54355526,0.4398244,24.90771,-5.8305876e-08,0.0
4.03,0.0,0.6,0.6,0.36041436,0.54674065,0.44781968,23.796885,-1.8326451e-08,0.0
4.035,0.0,0.6,0.6,0.34007496,0.5497463,0.45536378,23.01756,1.8421362e-08,0.0
4.04,0.0,0.14271498,0.6,0.32088336,0.55258226,0.46256563,22.308784,2.8927417e-08,0.0
4.045,0.0,0.14271498,0.6,0.30277482,0.5552582,0.47032154,21.50442,2.4555737e-08,0.0
4.05,0.0,0.14271498,0.6,0.2856882,0.5577831,0.47763973,20.514662,-2.497758e-08,0.0
4.055,0.0,0.14271498,0.6,0.26956582,0.5601656,0.48454493,19.308887,1.6581339e-08,0.0
4.0600000000000005,0.0,0.0,0.6,0.2543533,0.5624136,0.49106047,17.89838,1.05978664e-07,0.0
4.065,0.0,0.0,0.6,0.2399993,0.5645347,0.4972083,16.320665,-2.6221285e-08,0.0
4.07,0.0,0.0,0.6,0.22645532,0.5665361,0.5030092,14.626694,-5.131816e-08,0.0
4.075,0.0,0.0,0.6,0.21367568,0.5684246,0.5084827,12.872158,-4.34036e-08,0.0
4.08,0.3568047,0.0,0.33724782,0.20161723,0.568142,0.5136473,11.112903,1.1678402e-08,0.0
4.085,0.3568047,0.0,0.33724782,0.19023928,0.5441337,0.5185205,8.51859,-9.513291e-08,0.0
4.09,0.3568047,0.0,0.33724782,0.17950343,0.5214803,0.5231186,5.2206964,-2.4681228e-07,0.0
4.095,0.3568047,0.0,0.33724782,0.16937344,0.5001053,0.5274573,1.9758594,2.93654e-08,0.0
4.1,0.6,0.0,0.39404035,0.15981512,0.47929224,0.5315511,0.003742711,7.1450565e-08,0.0
4.105,0.6,0.0,0.39404035,0.1507962,0.45224416,0.5354139,0.042273387,-2.3331847e-08,0.0
4.11,0.6,0.0,0.39404035,0.14228626,0.42672247,0.53905874,0.14559211,-7.63684e-09,0.0
4.115,0.6,0.0,0.39404035,0.13425656,0.40264106,0.5424979,0.34611043,1.8953905e-08,0.0
4.12,0.43551987,0.11342911,0.024819661,0.12829086,0.37991863,0.5445567,0.65142375,3.0489282e-08,0.0
4.125,0.43551987,0.11342911,0.024819661,0.14118668,0.35847855,0.53285754,1.0685104,6.349478e-08,0.0
4.13,0.43551987,0.11342911,0.024819661,0.15335475,0.33824837,0.52181864,1.4729393,5.390054e-08,0.0
4.135,0.43551987,0.11342911,0.024819661,0.16483612,0.31915987,0.51140267,1.9482418,7.73985e-08,0.0
4.14,0.3262644,0.026146282,0.15228552,0.17676751,0.3011486,0.50183094,2.6346931,1.6919254e-08,0.0
4.1450000000000005,0.3262644,0.026146282,0.15228552,0.20065197,0.28415376,0.49574795,3.5691268,6.098107e-08,0.0
4.15,0.3262644,0.026146282,0.15228552,0.22318855,0.268118,0.49000823,4.7819242,-1.437942e-07,0.0
4.155,0.3262644,0.026146282,0.15228552,0.24445331,0.25298718,0.48459244,6.2631607,1.3853075e-07,0.0
4.16,0.6,0.17299238,0.4775545,0.26377544,0.23922235,0.47781536,8.180006,1.4025667e-07,0.0
4.165,0.6,0.17299238,0.4775545,0.27346757,0.2321234,0.45225126,10.466541,3.8686036e-08,0.0
4.17,0.6,0.17299238,0.4775545,0.28261274,0.22542508,0.42812982,12.880428,3.309124e-08,0.0
4.175,0.6,0.17299238,0.4775545,0.29124182,0.21910477,0.40536964,15.243665,-4.2478137e-09,0.0
4.18,0.56891936,0.6,0.30046886,0.29889068,0.21274708,0.38446936,17.458643,1.3183151e-07,0.0
4.1850000000000005,0.56891936,0.6,0.30046886,0.30043548,0.20221657,0.37136644,19.480131,-6.783607e-08,0.0
4.19,0.56891936,0.6,0.30046886,0.3018931,0.19228032,0.35900295,21.26715,8.584447e-08,0.0
4.195,0.56891936,0.6,0.30046886,0.30326843,0.18290481,0.3473372,22.79701,2.1456196e-07,0.0
4.2,0.03727078,0.6,0.0,0.305802,0.17472136,0.33779824,24.076164,9.260312e-08,0.0
4.205,0.03727078,0.6,0.0,0.3224046,0.17462379,0.34568515,25.135868,6.197616e-08,0.0
4.21,0.03727078,0.6,0.0,0.33807024,0.17453173,0.353127,26.090332,7.8566174e-08,0.0
4.215,0.03727078,0.6,0.0,0.35285184,0.17444485,0.36014888,27.053875,4.5240046e-08,0.0
4.22,0.33911157,0.6,0.0,0.36665893,0.17629069,0.365975,28.091616,8.732965e-08,0.0
4.225,0.33911157,0.6,0.0,0.3780732,0.20020205,0.36227825,29.236015,2.701547e-08,0.0
4.23,0.33911157,0.6,0.0,0.3888433,0.22276402,0.35879013,30.485954,4.794331e-08,0.0
4.235,0.33911157,0.6,0.0,0.39900562,0.24405272,0.35549885,31.82748,6.651298e-08,0.0
4.24,0.41224954,0.6,0.0,0.4061942,0.26414004,0.3510368,33.242516,1.0708937e-07,0.0
4.245,0.41224954,0.6,0.0,0.3853746,0.28309375,0.3312266,34.590626,8.337336e-08,0.0
4.25,0.41224954,0.6,0.0,0.36572993,0.30097786,0.31253433,36.205,6.4916804e-08,0.0
4.255,0.41224954,0.6,0.0,0.34719387,0.3178527,0.29489696,37.890003,1.3717103e-07,0.0
4.26,0.3481732,0.6,0.0,0.33106655,0.33377525,0.27825493,39.198803,7.58244e-08,0.0
4.265,0.3481732,0.6,0.0,0.33152056,0.34879923,0.26255205,39.89552,2.2613968e-08,0.0
4.2700000000000005,0.3481732,0.6,0.0,0.33194894,0.36297536,0.24773535,39.446976,-8.335641e-09,0.0
4.275,0.3481732,0.6,0.0,0.33235314,0.37635148,0.2337548,37.913155,-3.2606405e-08,0.0
4.28,0.3094614,0.6,0.0,0.33306473,0.38897273,0.22056322,35.701023,-9.117959e-08,0.0
4.285,0.3094614,0.6,0.0,0.3375334,0.4008817,0.20811608,33.13621,-2.0025105e-07,0.0
4.29,0.3094614,0.6,0.0,0.3417499,0.41211864,0.19637138,30.47756,0.02540975,0.0
4.295,0.3094614,0.6,0.0,0.34572843,0.42272145,0.18528947,27.917164,-2.4036199e-08,0.0
4.3,0.41772068,0.42368332,0.0,0.34919316,0.43272588,0.17483296,25.558546,1.0435505e-08,0.0
4.305,0.41772068,0.42368332,0.0,0.3491356,0.44216573,0.16496654,23.479145,-1.717268e-07,0.0
4.3100000000000005,0.41772068,0.42368332,0.0,0.3490813,0.45107287,0.15565692,22.272482,6.279336e-09,0.0
4.315,0.41772068,0.42368332,0.0,0.34903005,0.45947734,0.14687267,21.9829,2.589968e-09,0.0
4.32,0.5529065,0.6,0.0,0.34880692,0.46740752,0.13858414,22.272587,1.0750153e-08,0.0
4.325,0.5529065,0.6,0.0,0.34658653,0.47489017,0.13076337,22.868114,3.9203332e-08,0.0
4.33,0.5529065,0.6,0.0,0.34449142,0.48195055,0.12338395,23.550516,6.4872985e-08,0.0
4.335,0.5529065,0.6,0.0,0.34251454,0.48861247,0.11642097,24.164238,1.2655198e-08,0.0
4.34,0.23246878,0.30435035,0.16195437,0.341138,0.49410245,0.109850936,24.61738,3.3517473e-08,0.0
4.345,0.23246878,0.30435035,0.16195437,0.34545982,0.49012846,0.10365167,24.873682,1.20661685e-08,0.0
4.3500000000000005,0.23246878,0.30435035,0.16195437,0.34953773,0.48637873,0.09780225,23.38409,1.7087737,0.0
4.355,0.23246878,0.30435035,0.16195437,0.35338554,0.48284063,0.092282936,20.316294,4.8773613,0.0
4.36,0.6,0.33102417,0.2195842,0.3576265,0.4802982,0.08707509,16.742496,8.267842,0.0
4.365,0.6,0.33102417,0.2195842,0.36864683,0.48705336,0.08216115,13.345079,11.116937,0.0
4.37,0.6,0.33102417,0.2195842,0.37904525,0.49342734,0.07752452,11.463295,11.968472,0.0
4.375,0.6,0.33102417,0.2195842,0.38885683,0.4994416,0.07314955,11.256266,10.714632,0.0
4.38,0.4251302,0.4317585,0.22128855,0.39666805,0.5037817,0.06975264,12.133065,8.058637,0.0
4.385,0.4251302,0.4317585,0.22128855,0.38740173,0.4925271,0.074955896,13.560903,4.618032,0.0
4.39,0.4251302,0.4317585,0.22128855,0.37865832,0.48190764,0.079865515,14.905205,1.1120021,0.0
4.3950000000000005,0.4251302,0.4317585,0.22128855,0.37040836,0.47188747,0.08449807,15.53786,7.710888e-09,0.0
4.4,0.6,0.3188009,0.37445676,0.36428323,0.4625532,0.08912937,15.881896,2.0576127e-08,0.0
4.405,0.6,0.3188009,0.37445676,0.37758553,0.45513058,0.09649138,16.159391,1.5721671e-08,0.0
4.41,0.6,0.3188009,0.37445676,0.39013714,0.44812682,0.10343793,15.800349,0.5131787,0.0
4.415,0.6,0.3188009,0.37445676,0.4019804,0.4415183,0.10999246,14.951433,1.3049759,0.0
4.42,0.36240488,0.4553029,0.6,0.41236585,0.43573752,0.11618479,14.096703,1.8296914,0.0
4.425,0.36240488,0.4553029,0.6,0.41308618,0.43551296,0.122116156,13.510217,1.7902915,0.0
4.43,0.36240488,0.4553029,0.6,0.41376585,0.4353011,0.12771279,13.215594,1.176094,0.0
4.4350000000000005,0.36240488,0.4553029,0.6,0.41440716,0.43510118,0.13299358,13.143419,0.0790411,0.0
4.44,0.6,0.4426343,0.6,0.4158018,0.43440259,0.13866787,12.993486,1.11952e-09,0.0
4.445,0.6,0.4426343,0.6,0.42619672,0.4278788,0.15197423,12.980101,1.3684038e-09,0.0
4.45,0.6,0.4426343,0.6,0.43600503,0.42172316,0.16452968,13.165764,1.1088308e-08,0.0
4.455,0.6,0.4426343,0.6,0.4452598,0.4159149,0.17637658,13.593549,3.1338963e-08,0.0
4.46,0.20604767,0.37983292,0.6,0.45291966,0.41105068,0.18857318,14.256256,3.923746e-08,0.0
4.465,0.20604767,0.37983292,0.6,0.4478116,0.413548,0.2117914,15.109792,7.426448e-08,0.0
4.47,0.20604767,0.37983292,0.6,0.44299182,0.41590437,0.23369934,17.363838,1.881334e-07,0.0
4.4750000000000005,0.20604767,0.37983292,0.6,0.43844402,0.41812778,0.25437093,20.952698,3.4482568e-07,0.0
4.48,0.38616258,0.37617487,0.6,0.43522555,0.4201685,0.27387595,25.01613,4.1699212e-07,0.0
4.485,0.38616258,0.37617487,0.6,0.44452432,0.4214363,0.29228026,28.967531,2.2466412e-07,0.0
4.49,0.38616258,0.37617487,0.6,0.45329833,0.42263258,0.30964592,31.82687,0.01016749,0.0
4.495,0.38616258,0.37617487,0.6,0.4615772,0.42376134,0.3260316,33.43263,1.5888477e-07,0.0
4.5,0.37922996,0.6,0.6,0.4676103,0.42454287,0.34149256,34.12788,1.36013245e-08,0.0
4.505,0.37922996,0.6,0.6,0.45284942,0.42201975,0.356081,34.209255,-7.892692e-09,0.0
4.51,0.37922996,0.6,0.6,0.43892154,0.419639,0.3698462,33.884155,3.211962e-08,0.0
4.515,0.37922996,0.6,0.6,0.42577967,0.4173926,0.38283455,33.245987,1.6910696e-09,0.0
4.5200000000000005,0.0,0.6,0.5980074,0.41419262,0.41525647,0.39508995,32.35488,-4.1593236e-09,0.0
4.525,0.0,0.6,0.5980074,0.4126108,0.41305095,0.40665373,31.280994,-1.2713998e-08,0.0
4.53,0.0,0.6,0.5980074,0.41111824,0.4109699,0.41756493,30.147083,1.4206786e-08,0.0
4.535,0.0,0.6,0.5980074,0.4097099,0.4090063,0.42786035,29.067327,7.131101e-08,0.0
4.54,0.0,0.6,0.5994197,0.40834975,0.408164,0.43757477,28.111042,-4.771836e-09,0.0
4.545,0.0,0.6,0.5994197,0.40670642,0.41898996,0.44674098,27.30812,-6.8659243e-09,0.0
4.55,0.0,0.6,0.5994197,0.40515584,0.42920497,0.45538992,27.267832,8.210864e-09,0.0
4.555,0.0,0.6,0.5994197,0.40369275,0.43884352,0.46355075,27.98711,3.1161346e-08,0.0
4.5600000000000005,0.0,0.6,0.6,0.40060014,0.44793814,0.47124204,29.07196,3.963479e-08,0.0
4.565,0.0,0.6,0.6,0.3779929,0.4565195,0.47839585,30.227093,4.4620194e-08,0.0
4.57,0.0,0.6,0.6,0.35666147,0.4646166,0.48514593,31.133507,7.4856146e-08,0.0
4.575,0.0,0.6,0.6,0.33653384,0.47225675,0.49151507,31.552456,3.187063e-08,0.0
4.58,0.0,0.39123753,0.6,0.3175421,0.47946575,0.49753118,31.377323,-2.2985352e-08,0.0
4.585,0.0,0.39123753,0.6,0.29962212,0.48626792,0.5032811,30.592932,-2.3592236e-08,0.0
4.59,0.0,0.39123753,0.6,0.2827134,0.4926862,0.50870657,29.242767,-7.025636e-08,0.0
4.595,0.0,0.39123753,0.6,0.26675892,0.49874228,0.51382583,27.40641,8.013628e-08,0.0
4.6000000000000005,0.0,0.0,0.6,0.2517048,0.5044566,0.5186588,25.187487,1.5233938e-07,0.0
4.605,0.0,0.0,0.6,0.23750025,0.5098484,0.52324915,22.70486,-2.206572e-07,0.0
4.61,0.0,0.0,0.6,0.2240973,0.514936,0.52758044,20.083313,-4.227425e-09,0.0
4.615,0.0,0.0,0.6,0.21145073,0.5197364,0.53166735,17.434921,-9.839398e-08,0.0
4.62,0.21089588,0.0,0.2637401,0.19951785,0.5233235,0.5355236,14.847588,5.198439e-08,0.0
4.625,0.21089588,0.0,0.2637401,0.18825838,0.51586944,0.5391622,12.396968,-4.140334e-08,0.0
4.63,0.21089588,0.0,0.2637401,0.17763431,0.50883603,0.5425955,9.375148,-1.5116916e-07,0.0
4.635,0.21089588,0.0,0.2637401,0.16760981,0.50219953,0.545835,5.8427696,-3.591816e-08,0.0
4.64,0.6,0.0,0.4682773,0.15815102,0.49417126,0.5488917,2.3922431,2.317138e-08,0.0
4.6450000000000005,0.6,0.0,0.4682773,0.14922601,0.4662835,0.55177593,-2.1232275e-07,4.4722857e-08,0.0
4.65,0.6,0.0,0.4682773,0.14080468,0.43996954,0.55449736,1.1248905e-08,-8.1207006e-08,0.0
4.655,0.6,0.0,0.4682773,0.13285859,0.41514057,0.55706525,0.04743788,3.4306527e-08,0.0
4.66,0.46080855,0.27573895,0.09720029,0.12631305,0.39171278,0.5579701,0.19367923,-2.3799172e-08,0.0
4.665,0.46080855,0.27573895,0.09720029,0.13108635,0.3696071,0.5413657,0.4703699,4.2293767e-08,0.0
4.67,0.46080855,0.27573895,0.09720029,0.13559027,0.3487489,0.5256983,0.7242509,4.998051e-08,0.0
4.675,0.46080855,0.27573895,0.09720029,0.13984002,0.3290678,0.5109151,1.0051296,-1.453419e-08,0.0
4.68,0.32854602,0.23678744,0.20629936,0.14560662,0.31049737,0.49788958,1.4468001,-8.422257e-08,0.0
4.6850000000000005,0.32854602,0.23678744,0.20629936,0.1712496,0.29297495,0.49621844,2.0983927,8.2919777e-10,0.0
4.69,0.32854602,0.23678744,0.20629936,0.19544545,0.27644137,0.49464163,3.0546787,-3.7495216e-08,0.0
4.695,0.32854602,0.23678744,0.20629936,0.21827585,0.26084083,0.4931538,4.3564863,1.3731751e-07,0.0
4.7,0.6,0.32619834,0.4018183,0.23918945,0.24736556,0.49007466,6.1692495,8.28631e-08,0.0
4.705,0.6,0.32619834,0.4018183,0.25169617,0.24896677,0.46790344,8.397624,1.6075414e-07,0.0
4.71,0.6,0.32619834,0.4018183,0.26349708,0.2504776,0.4469834,10.77878,6.8119974e-08,0.0
4.715,0.6,0.32619834,0.4018183,0.27463204,0.2519032,0.42724395,13.130063,3.454193e-08,0.0
4.72,0.6,0.5358205,0.436079,0.2845415,0.25307247,0.409111,15.356602,1.551978e-07,0.0
4.7250000000000005,0.6,0.5358205,0.436079,0.28702483,0.25215346,0.39766565,17.41462,6.520405e-08,0.0
4.73,0.6,0.5358205,0.436079,0.289368,0.2512863,0.3868662,18.952072,8.359444e-08,0.0
4.735,0.6,0.5358205,0.436079,0.29157895,0.25046808,0.3766762,19.901672,9.291833e-08,0.0
4.74,0.20786738,0.6,0.0,0.29489064,0.2500997,0.36794397,20.41679,-2.3979027e-08,0.0
4.745,0.20786738,0.6,0.0,0.312109,0.2543942,0.3698556,20.63563,-4.8957098e-08,0.0
4.75,0.20786738,0.6,0.0,0.32835567,0.25844637,0.37165937,21.065426,3.73863e-08,0.0
4.755,0.20786738,0.6,0.0,0.34368548,0.26226985,0.37336135,21.896626,1.00345396e-07,0.0
4.76,0.47308898,0.6,0.37159812,0.35815018,0.26682392,0.37512195,23.055403,8.0673004e-08,0.0
4.765,0.47308898,0.6,0.37159812,0.3717986,0.2820043,0.37856197,24.467337,-1.6501899e-08,0.0
4.7700000000000005,0.47308898,0.6,0.37159812,0.38467678,0.296328,0.38180786,26.006704,1.372121e-07,0.0
4.775,0.47308898,0.6,0.37159812,0.3968282,0.3098434,0.38487056,27.526299,2.8658599e-08,0.0
4.78,0.5761136,0.6,0.51749665,0.40652353,0.3228858,0.38579166,28.917543,2.4077037e-08,0.0
4.785,0.5761136,0.6,0.51749665,0.3953127,0.3385243,0.3640201,30.109882,1.3220727e-08,0.0
4.79,0.5761136,0.6,0.51749665,0.3847345,0.35328028,0.34347722,31.59463,9.902769e-08,0.0
4.795,0.5761136,0.6,0.51749665,0.3747533,0.3672035,0.32409364,33.302345,6.3424615e-08,0.0
4.8,0.15856767,0.6,0.5974206,0.36653274,0.380341,0.3074816,34.850384,1.4171012e-07,0.0
4.805,0.15856767,0.6,0.5974206,0.37254608,0.3927371,0.3110999,36.01513,6.188512e-08,0.0
4.8100000000000005,0.15856767,0.6,0.5974206,0.37822005,0.40443364,0.314514,36.169865,-2.2552934e-08,0.0
4.815,0.15856767,0.6,0.5974206,0.38357383,0.41547012,0.31773546,35.308807,4.206275e-08,0.0
4.82,0.33825937,0.6,0.48829445,0.3890906,0.42588377,0.3214338,33.81051,8.56802e-08,0.0
4.825,0.33825937,0.6,0.48829445,0.39964494,0.43570974,0.3324983,31.976929,-6.685257e-08,0.0
4.83,0.33825937,0.6,0.48829445,0.4096037,0.44498122,0.3429384,30.059563,-8.137223e-08,0.0
4.835,0.33825937,0.6,0.48829445,0.41900042,0.45372945,0.3527893,28.246109,-1.422923e-08,0.0
4.84,0.4281201,0.6,0.6,0.42598176,0.461984,0.36244515,26.657942,3.461916e-08,0.0
4.845,0.4281201,0.6,0.6,0.41089067,0.46977273,0.3757056,25.35504,3.4139504e-08,0.0
4.8500000000000005,0.4281201,0.6,0.6,0.3966512,0.4771219,0.38821772,24.906874,1.7504599e-08,0.0
4.855,0.4281201,0.6,0.6,0.38321534,0.48405632,0.40002376,25.224476,-1.6690363e-08,0.0
4.86,0.33519027,0.6,0.6,0.37134895,0.49059942,0.41067088,25.84286,5.2927852e-08,0.0
4.865,0.33519027,0.6,0.6,0.3694816,0.49677327,0.41505143,26.445774,3.8952155e-08,0.0
4.87,0.33519027,0.6,0.6,0.36771962,0.5025987,0.41918477,26.898092,4.9495608e-08,0.0
4.875,0.33519027,0.6,0.6,0.36605707,0.5080954,0.42308486,27.158682,3.243298e-08,0.0
4.88,0.0,0.6,0.6,0.36489403,0.5132819,0.42726916,27.219688,1.1443928e-08,0.0
4.885,0.0,0.6,0.6,0.3684621,0.51817566,0.43701696,27.098555,9.3506785e-09,0.0
4.89,0.0,0.6,0.6,0.3718288,0.5227933,0.44621465,26.259598,-4.3529706e-08,0.0
4.8950000000000005,0.0,0.6,0.6,0.3750055,0.52715033,0.4548933,24.714285,-3.2880163e-09,0.0
4.9,0.0,0.6,0.6,0.3775834,0.5312615,0.46308216,22.836128,-8.583753e-08,0.0
4.905,0.0,0.6,0.6,0.37519103,0.53514063,0.4708089,20.904747,1.9680844e-09,0.0
4.91,0.0,0.6,0.6,0.37293366,0.5388009,0.47809958,19.696985,6.215014e-08,0.0
4.915,0.0,0.6,0.6,0.37080368,0.54225457,0.48497885,19.3508,6.995302e-09,0.0
4.92,0.0,0.54618067,0.6,0.36728063,0.54551333,0.4914699,19.565739,-1.1291544e-08,0.0
4.925,0.0,0.54618067,0.6,0.34655374,0.5485882,0.49759462,20.08156,1.08284555e-08,0.0
4.93,0.0,0.54618067,0.6,0.32699654,0.55148953,0.5033737,20.583147,4.9512263e-08,0.0
4.9350000000000005,0.0,0.54618067,0.6,0.308543,0.5542272,0.5088266,20.814182,-4.4416076e-08,0.0
4.94,0.03861308,0.029259343,0.6,0.29113087,0.5568103,0.51397187,20.641035,4.274033e-08,0.0
4.945,0.03861308,0.029259343,0.6,0.27470136,0.5592477,0.5188267,20.023872,8.74115e-09,0.0
4.95,0.03861308,0.029259343,0.6,0.25919902,0.56154746,0.52340764,18.988956,-2.7525385e-08,0.0
4.955,0.03861308,0.029259343,0.6,0.24457154,0.5637175,0.52773,17.60403,8.3674436e-08,0.0
4.96,0.2555117,0.0,0.54940677,0.23076953,0.5655221,0.53180844,15.957705,-2.9821415e-08,0.0
4.965,0.2555117,0.0,0.54940677,0.21774642,0.5644306,0.5356567,14.145299,-9.737359e-08,0.0
4.97,0.2555117,0.0,0.54940677,0.20545825,0.5634007,0.5392878,11.38267,-3.2912416e-07,0.0
4.9750000000000005,0.2555117,0.0,0.54940677,0.19386354,0.5624289,0.542714,7.7095876,-9.838619e-09,0.0
4.98,0.6,0.16845779,0.6,0.18309748,0.55917823,0.54594684,3.7583807,6.093082e-08,0.0
4.985,0.6,0.16845779,0.6,0.17494373,0.5292731,0.5489972,0.108255714,-1.7720058e-07,0.0
4.99,0.6,0.16845779,0.6,0.16725013,0.5010556,0.5518755,2.3194981e-09,-5.0923077e-08,0.0
4.995,0.6,0.16845779,0.6,0.1599907,0.47443053,0.5545913,6.8523116e-09,-5.142846e-09,0.0
5.0,0.2738368,0.18425779,0.3743534,0.15412018,0.4491759,0.5569255,0.0464813,2.476339e-08,0.0
5.005,0.2738368,0.18425779,0.3743534,0.15984204,0.42382738,0.55650115,0.20514506,-2.8855291e-08,0.0
5.01,0.2738368,0.18425779,0.3743534,0.165241,0.39990935,0.5561008,0.31263766,-2.7185058e-08,0.0
5.015,0.2738368,0.18425779,0.3743534,0.1703353,0.3773411,0.555723,0.44536665,-6.752947e-09,0.0
5.0200000000000005,0.15373892,0.25116417,0.6,0.17669734,0.356807,0.555595,0.79413295,-8.07568e-08,0.0
5.025,0.15373892,0.25116417,0.6,0.20058575,0.34617782,0.5581009,1.4481585,-3.1599572e-09,0.0
5.03,0.15373892,0.25116417,0.6,0.22312605,0.33614847,0.5604654,2.467357,7.591316e-08,0.0
5.035,0.15373892,0.25116417,0.6,0.24439433,0.3266851,0.56269646,3.837393,1.9081941e-08,0.0
5.04,0.5412502,0.5252299,0.6,0.26298985,0.31782714,0.56378293,5.4715357,6.439325e-08,0.0
5.045,0.5412502,0.5252299,0.6,0.263602,0.31028935,0.5530928,7.257251,1.265103e-07,0.0
5.05,0.5412502,0.5252299,0.6,0.2641796,0.30317697,0.5430059,8.984776,1.07331466e-07,0.0
5.055,0.5412502,0.5252299,0.6,0.26472458,0.29646596,0.5334883,10.486462,-1.1488422e-07,0.0
5.0600000000000005,0.087032266,0.6,0.6,0.26469663,0.29043573,0.52552646,11.701949,8.6824226e-10,0.0
5.065,0.087032266,0.6,0.6,0.2584349,0.2882195,0.52972925,13.073703,1.3823733e-07,0.0
5.07,0.087032266,0.6,0.6,0.25252655,0.28612834,0.53369486,14.616507,8.9051206e-08,0.0
5.075,0.087032266,0.6,0.6,0.24695162,0.2841552,0.53743666,16.0755,8.559722e-08,0.0
5.08,0.0,0.6,0.6,0.2434408,0.2835307,0.54096735,17.297745,5.3684936e-08,0.0
5.085,0.0,0.6,0.6,0.2602472,0.2971706,0.54429877,18.217924,2.5100409e-08,0.0
5.09,0.0,0.6,0.6,0.27610517,0.31004077,0.5474422,18.95681,-4.31723e-09,0.0
5.095,0.0,0.6,0.6,0.2910682,0.32218462,0.55040824,19.607477,1.9989345e-08,0.0
5.1000000000000005,0.0,0.6,0.6,0.30313617,0.3339807,0.55320686,20.196,3.2028634e-08,0.0
5.105,0.0,0.6,0.6,0.2909407,0.3489931,0.5558476,20.724611,1.2641386e-08,0.0
5.11,0.0,0.6,0.6,0.27943346,0.36315826,0.55833924,21.53225,5.0311684e-08,0.0
5.115,0.0,0.6,0.6,0.2685756,0.37652403,0.5606903,22.498453,5.1335707e-08,0.0
5.12,0.0,0.5385233,0.6,0.25793758,0.38913554,0.56290865,23.284906,1.526165e-08,0.0
5.125,0.0,0.5385233,0.6,0.24338128,0.40103534,0.56500185,23.693737,-1.854338e-08,0.0
5.13,0.0,0.5385233,0.6,0.22964644,0.4122636,0.5669769,23.608019,6.45156e-08,0.0
5.135,0.0,0.5385233,0.6,0.21668671,0.4228582,0.5688405,22.990248,-8.489932e-08,0.0
5.14,0.0,0.07540375,0.6,0.20445834,0.43285492,0.57059896,21.873013,3.4440887e-08,0.0
5.1450000000000005,0.0,0.07540375,0.6,0.19292006,0.44228747,0.5722582,20.330452,5.143275e-08,0.0
5.15,0.0,0.07540375,0.6,0.18203293,0.45118773,0.57382375,18.454884,7.4710336e-08,0.0
5.155,0.0,0.07540375,0.6,0.17176019,0.45958573,0.575301,16.343678,-3.7494576e-08,0.0
5.16,0.2566018,0.0,0.3253775,0.16206717,0.46723223,0.57669485,14.099091,-2.017223e-07,0.0
5.165,0.2566018,0.0,0.3253775,0.15292117,0.47125542,0.57801,11.832185,-5.6302567e-09,0.0
5.17,0.2566018,0.0,0.3253775,0.14429131,0.47505158,0.579251,9.665991,-4.4168953e-08,0.0
5.175,0.2566018,0.0,0.3253775,0.13614847,0.47863352,0.5804219,7.7089515,5.757725e-09,0.0
5.18,0.6,0.2944914,0.29410592,0.12846515,0.47992247,0.58152676,6.038654,-7.31293e-08,0.0
5.1850000000000005,0.6,0.2944914,0.29410592,0.12121542,0.4570941,0.58256924,4.7057433,-2.0052164e-09,0.0
5.19,0.6,0.2944914,0.29410592,0.11437482,0.43555403,0.5835529,3.0699894,9.066211e-10,0.0
5.195,0.6,0.2944914,0.29410592,0.10792026,0.41522953,0.58448106,1.1780939,5.412683e-08,0.0
5.2,0.42339236,0.23398767,0.22606196,0.10298842,0.39571157,0.584117,-6.5180656e-09,1.585537e-08,0.0
5.205,0.42339236,0.23398767,0.22606196,0.11165735,0.3733802,0.56951547,2.6398267e-08,1.1939079e-08,0.0
5.21,0.42339236,0.23398767,0.22606196,0.11983706,0.3523091,0.5557379,-4.0153902e-10,2.6689728e-08,0.0
5.215,0.42339236,0.23398767,0.22606196,0.12755516,0.3324271,0.5427379,0.08148264,2.446027e-08,0.0
5.22,0.286513,0.034332313,0.3779752,0.13638803,0.31499666,0.53033036,0.39296335,3.4659134e-08,0.0
5.2250000000000005,0.286513,0.034332313,0.3779752,0.16255124,0.31383947,0.5169994,1.0151787,7.13812e-08,0.0
5.23,0.286513,0.034332313,0.3779752,0.18723796,0.3127476,0.50442076,1.977605,-2.5913511e-08,0.0
5.235,0.286513,0.034332313,0.3779752,0.21053153,0.31171733,0.49255198,3.240192,-1.9861124e-09,0.0
5.24,0.6,0.38154796,0.26822072,0.23171325,0.31047207,0.4810458,4.70783,2.6138459e-08,0.0
5.245,0.6,0.38154796,0.26822072,0.24253036,0.3061558,0.4666562,6.2726507,1.2557699e-07,0.0
5.25,0.6,0.38154796,0.26822072,0.25273702,0.3020831,0.45307866,7.8053646,1.7170134e-07,0.0
5.255,0.6,0.38154796,0.26822072,0.26236767,0.29824024,0.44026732,9.212999,1.1384888e-07,0.0
5.26,0.6,0.496394,0.30451298,0.27083686,0.29371288,0.42886484,10.466027,2.8063507e-10,0.0
5.265,0.6,0.496394,0.30451298,0.2717215,0.27907515,0.42599297,11.57369,4.981582e-09,0.0
5.2700000000000005,0.6,0.496394,0.30451298,0.27255625,0.26526347,0.42328316,12.559337,3.992352e-08,0.0
5.275,0.6,0.496394,0.30451298,0.27334386,0.25223124,0.42072627,13.453012,2.8313172e-08,0.0
5.28,0.4106556,0.6,0.23973013,0.27550232,0.24150203,0.4178182,14.281116,6.459479e-08,0.0
5.285,0.4106556,0.6,0.23973013,0.29381484,0.2494053,0.4093759,15.067167,-7.449637e-09,0.0
5.29,0.4106556,0.6,0.23973013,0.31109393,0.25686255,0.40141004,16.132812,7.5820516e-08,0.0
5.295,0.4106556,0.6,0.23973013,0.32739788,0.26389897,0.39389372,17.5681,6.3782345e-08,0.0
5.3,0.46031073,0.6,0.5432522,0.34278175,0.2710568,0.38696542,19.26987,1.2288479e-07,0.0
5.305,0.46031073,0.6,0.5432522,0.35729745,0.28377336,0.38231236,21.148817,7.3736686e-08,0.0
5.3100000000000005,0.46031073,0.6,0.5432522,0.37099397,0.29577228,0.37792188,23.111277,-6.673343e-09,0.0
5.315,0.46031073,0.6,0.5432522,0.38391757,0.30709407,0.37377918,25.023928,6.731012e-08,0.0
5.32,0.26517,0.49674428,0.6,0.39525703,0.31824467,0.36957777,26.773958,3.8579476e-08,0.0
5.325,0.26517,0.49674428,0.6,0.39612603,0.33414507,0.36225003,28.295795,5.991548e-08,0.0
5.33,0.26517,0.49674428,0.6,0.39694598,0.34914818,0.3553358,29.494968,9.687272e-08,0.0
5.335,0.26517,0.49674428,0.6,0.39771965,0.36330462,0.34881178,30.30471,-2.883699e-08,0.0
5.34,0.16121371,0.6,0.5724881,0.39867383,0.37666214,0.34402624,30.716698,-2.7070303e-08,0.0
5.345,0.16121371,0.6,0.5724881,0.4021522,0.38926587,0.35526925,30.7604,-1.4855936e-08,0.0
5.3500000000000005,0.16121371,0.6,0.5724881,0.40543428,0.4011583,0.36587778,30.500864,-3.7016903e-08,0.0
5.355,0.16121371,0.6,0.5724881,0.40853116,0.41237962,0.37588763,30.010775,5.153925e-09,0.0
5.36,0.40393385,0.6,0.6,0.41057226,0.4225015,0.3855888,29.356558,-8.07676e-08,0.0
5.365,0.40393385,0.6,0.6,0.40236673,0.4266913,0.39768875,28.595848,3.8997968e-08,0.0
5.37,0.40393385,0.6,0.6,0.39462426,0.43064463,0.40910587,28.39941,2.0321345e-09,0.0
5.375,0.40393385,0.6,0.6,0.38731873,0.43437487,0.41987866,28.827099,1.5621554e-08,0.0
5.38,0.0,0.6,0.44484374,0.37995613,0.43836075,0.42991933,29.537014,-2.1683555e-09,0.0
5.385,0.0,0.6,0.44484374,0.36761174,0.44748262,0.43796498,30.283745,3.917735e-08,0.0
5.39,0.0,0.6,0.44484374,0.355964,0.4560897,0.44555658,30.851454,-2.0555412e-08,0.0
5.3950000000000005,0.0,0.6,0.44484374,0.3449736,0.46421105,0.45271978,31.091812,-8.624999e-09,0.0
5.4,0.0,0.6,0.5295721,0.3356992,0.4718741,0.45960292,30.940817,-1.8247357e-08,0.0
5.405,0.0,0.6,0.5295721,0.33954993,0.47910467,0.46752602,30.40102,4.0180423e-09,0.0
5.41,0.0,0.6,0.5295721,0.34318334,0.4859272,0.475002,29.041494,6.782795e-08,0.0
5.415,0.0,0.6,0.5295721,0.3466117,0.4923647,0.48205605,26.952604,9.383432e-08,0.0
5.42,0.0,0.5549628,0.6,0.34802297,0.49843892,0.48801154,24.536434,1.6089855e-08,0.0
5.425,0.0,0.5549628,0.6,0.32838285,0.50417036,0.48557544,22.085741,-1.4709939e-07,0.0
5.43,0.0,0.5549628,0.6,0.30985108,0.50957835,0.4832768,20.23388,-1.2425866e-07,0.0
5.4350000000000005,0.0,0.5549628,0.6,0.29236513,0.51468116,0.4811079,19.018564,-1.08632044e-07,0.0
5.44,0.0,0.26470736,0.6,0.27586597,0.519496,0.4794439,18.1317,6.940078e-08,0.0
5.445,0.0,0.26470736,0.6,0.26029792,0.52403915,0.4822728,17.348663,-1.3155211e-08,0.0
5.45,0.0,0.26470736,0.6,0.24560842,0.52832586,0.48494208,16.523228,1.112556e-08,0.0
5.455,0.0,0.26470736,0.6,0.2317479,0.5323707,0.4874607,15.569817,3.4299006e-08,0.0
5.46,0.0,0.0,0.6,0.21866958,0.5359839,0.49015516,14.450861,5.3421573e-08,0.0
5.465,0.0,0.0,0.6,0.20632932,0.53705496,0.49635407,13.169959,2.540217e-09,0.0
5.47,0.0,0.0,0.6,0.19468544,0.53806555,0.50220317,11.767117,7.297367e-08,0.0
5.4750000000000005,0.0,0.0,0.6,0.18369868,0.5390191,0.5077222,10.300504,3.2321794e-09,0.0
5.48,0.2956621,0.0,0.3608476,0.17333195,0.53860843,0.51292974,8.835022,-1.5560166e-08,0.0
5.485,0.2956621,0.0,0.3608476,0.16355023,0.5231513,0.5178434,6.5921874,-1.1567589e-07,0.0
5.49,0.2956621,0.0,0.3608476,0.15432054,0.5085664,0.5224798,3.6750844,-8.79859e-08,0.0
5.495,0.2956621,0.0,0.3608476,0.1456117,0.4948046,0.5268545,0.7700626,-1.3816612e-08,0.0
5.5,0.6,0.13531215,0.47680137,0.13739434,0.48062435,0.5309824,-9.159298e-09,3.0585724e-08,0.0
5.505,0.6,0.13531215,0.47680137,0.12964071,0.45350108,0.5348773,4.6237922e-10,3.3225568e-08,0.0
5.51,0.6,0.13531215,0.47680137,0.122324646,0.42790845,0.5385524,1.2584066e-08,2.0324498e-08,0.0
5.515,0.6,0.13531215,0.47680137,0.11542145,0.4037601,0.5420201,1.4115883e-08,-2.8022598e-08,0.0
5.5200000000000005,0.4222379,0.39533022,0.06869733,0.11024264,0.38097453,0.5442124,0.014030402,5.136546e-08,0.0
5.525,0.4222379,0.39533022,0.06869733,0.1207065,0.35947484,0.5338645,0.116704926,-1.06348725e-08,0.0
5.53,0.4222379,0.39533022,0.06869733,0.13057984,0.33918846,0.52410054,0.2630586,1.1924287e-07,0.0
5.535,0.4222379,0.39533022,0.06869733,0.139896,0.3200469,0.51488763,0.5599765,3.917463e-09,0.0
5.54,0.24864103,0.25242645,0.18489815,0.1500604,0.30259645,0.5067181,1.1389377,5.476813e-08,0.0
5.545,0.24864103,0.25242645,0.18489815,0.17545202,0.29315603,0.5050298,2.015892,5.882982e-08,0.0
5.55,0.24864103,0.25242645,0.18489815,0.1994107,0.28424835,0.50343674,3.1943107,-2.1965247e-08,0.0
5.555,0.24864103,0.25242645,0.18489815,0.22201733,0.27584338,0.50193363,4.6395926,4.9929284e-08,0.0
5.5600000000000005,0.59177077,0.25413087,0.19382341,0.24254565,0.26908663,0.49867287,6.271725,1.1294454e-07,0.0
5.565,0.59177077,0.25413087,0.19382341,0.2526863,0.276211,0.47440788,8.002155,9.4530535e-08,0.0
5.57,0.59177077,0.25413087,0.19382341,0.26225466,0.2829333,0.45151225,9.975985,2.7953162e-08,0.0
5.575,0.59177077,0.25413087,0.19382341,0.27128306,0.28927624,0.4299087,12.128586,1.2057377e-07,0.0
5.58,0.5248512,0.43414927,0.18447271,0.27901822,0.29461607,0.4100489,14.285544,1.11185784e-07,0.0
5.585,0.5248512,0.43414927,0.18447271,0.27730393,0.29223517,0.3973429,16.340515,1.2422471e-07,0.0
5.59,0.5248512,0.43414927,0.18447271,0.27568638,0.28998864,0.38535392,18.18105,4.1306688e-08,0.0
5.595,0.5248512,0.43414927,0.18447271,0.27416012,0.2878689,0.37404153,19.719187,9.7037855e-08,0.0
5.6000000000000005,0.4285806,0.55276144,0.038668264,0.2742691,0.28587645,0.36340782,20.92333,6.158246e-08,0.0
5.605,0.4285806,0.55276144,0.038668264,0.2921868,0.28408495,0.3538376,21.35958,-3.7865714e-08,0.0
5.61,0.4285806,0.55276144,0.038668264,0.30909336,0.28239453,0.34480748,21.13198,-3.8675324e-08,0.0
5.615,0.4285806,0.55276144,0.038668264,0.3250458,0.2807995,0.33628693,20.638847,-5.907889e-08,0.0
5.62,0.5710259,0.6,0.4051846,0.3397959,0.28010723,0.32820502,20.152327,-7.9490476e-08,0.0
5.625,0.5710259,0.6,0.4051846,0.3502392,0.28880036,0.32009372,19.834162,-2.5450975e-08,0.0
5.63,0.5710259,0.6,0.4051846,0.36009315,0.29700288,0.31244016,20.177628,-9.65961e-09,0.0
5.635,0.5710259,0.6,0.4051846,0.369391,0.30474252,0.30521852,21.192614,7.957337e-08,0.0
5.64,0.5710336,0.6,0.4336509,0.3777295,0.31258088,0.29774615,22.586546,9.64305e-08,0.0
5.6450000000000005,0.5710336,0.6,0.4336509,0.3805992,0.3261351,0.2831255,24.127367,7.950377e-08,0.0
5.65,0.5710336,0.6,0.4336509,0.38330695,0.3389244,0.26932994,25.597542,9.354026e-08,0.0
5.655,0.5710336,0.6,0.4336509,0.3858619,0.35099196,0.2563129,26.839674,9.8669354e-08,0.0
5.66,0.28309104,0.6,0.6,0.38891575,0.36259177,0.24568518,27.77733,5.6345087e-08,0.0
5.665,0.28309104,0.6,0.6,0.39919284,0.37598953,0.25468627,28.39411,3.6601303e-08,0.0
5.67,0.28309104,0.6,0.6,0.40888998,0.3886312,0.2631794,28.73274,0.012889,0.0
5.675,0.28309104,0.6,0.6,0.41803986,0.40055946,0.27119324,28.859142,0.023240186,0.0
5.68,0.33470958,0.6,0.5404825,0.4266734,0.41181457,0.27888334,28.831541,1.7794216e-09,0.0
5.6850000000000005,0.33470958,0.6,0.5404825,0.43482015,0.4224345,0.2876174,28.68821,-1.2426965e-08,0.0
5.69,0.33470958,0.6,0.5404825,0.44250715,0.43245512,0.29585856,28.474306,-2.773706e-09,0.0
5.695,0.33470958,0.6,0.5404825,0.44976035,0.44191027,0.30363464,28.22279,-5.3395497e-09,0.0
5.7,0.3392969,0.6,0.5240149,0.45530424,0.4508318,0.3117229,27.959362,-1.2252292e-08,0.0
5.705,0.3392969,0.6,0.5240149,0.44558567,0.45924988,0.32799137,27.696983,-1.09753e-08,0.0
5.71,0.3392969,0.6,0.5240149,0.43641555,0.4671929,0.34334174,28.082266,2.8394274e-08,0.0
5.715,0.3392969,0.6,0.5240149,0.42776293,0.47468764,0.35782585,29.09294,9.147138e-08,0.0
5.72,0.0,0.6,0.4812976,0.41983163,0.48175943,0.37122387,30.296488,4.7153236e-08,0.0
5.7250000000000005,0.0,0.6,0.4812976,0.41502792,0.48843214,0.38077572,31.401722,1.3160069e-08,0.0
5.73,0.0,0.6,0.4812976,0.41049528,0.4947283,0.3897885,32.250614,6.000689e-08,0.0
5.735,0.0,0.6,0.4812976,0.40621844,0.5006691,0.3982927,32.775513,3.730178e-08,0.0
5.74,0.0,0.6,0.5719776,0.40220365,0.5062747,0.4062426,32.964752,-1.616925e-08,0.0
5.745,0.0,0.6,0.5719776,0.3986536,0.51156396,0.4128889,32.844055,-2.3231436e-08,0.0
5.75,0.0,0.6,0.5719776,0.3953039,0.5165547,0.41916013,32.461845,2.6691792e-08,0.0
5.755,0.0,0.6,0.5719776,0.39214325,0.52126384,0.42507744,31.87622,-5.225917e-08,0.0
5.76,0.0,0.6,0.6,0.38762912,0.5257072,0.43046796,31.14655,-5.3741957e-08,0.0
5.765,0.0,0.6,0.6,0.3657539,0.5298998,0.43333647,30.318586,1.0571772e-08,0.0
5.7700000000000005,0.0,0.6,0.6,0.34511316,0.5338558,0.43604308,29.322721,-6.994772e-09,0.0
5.775,0.0,0.6,0.6,0.32563725,0.53758854,0.43859696,28.077477,9.178616e-08,0.0
5.78,0.0,0.32917923,0.6,0.30726042,0.54111063,0.44141608,26.55597,-3.813654e-08,0.0
5.785,0.0,0.32917923,0.6,0.28992066,0.54443395,0.4487841,24.77112,9.7419694e-08,0.0
5.79,0.0,0.32917923,0.6,0.27355945,0.54756975,0.45573634,22.765747,-8.871773e-08,0.0
5.795,0.0,0.32917923,0.6,0.25812155,0.5505286,0.46229622,20.606224,1.997178e-08,0.0
5.8,0.0,0.0,0.6,0.24355488,0.5533204,0.46861243,18.370636,-6.058842e-08,0.0
5.805,0.0,0.0,0.6,0.22981024,0.5559547,0.47602707,16.133102,-1.4194563e-07,0.0
5.8100000000000005,0.0,0.0,0.6,0.21684127,0.5584403,0.4830233,13.954857,-7.265647e-08,0.0
5.815,0.0,0.0,0.6,0.20460418,0.5607857,0.48962468,11.884783,2.8219967e-08,0.0
5.82,0.4267894,0.18963677,0.5666742,0.19305767,0.56177604,0.49585354,9.962227,2.2682503e-08,0.0
5.825,0.4267894,0.18963677,0.5666742,0.18216276,0.5486498,0.50173086,8.2240715,-4.479274e-08,0.0
5.83,0.4267894,0.18963677,0.5666742,0.17188269,0.5362643,0.50727654,5.8896236,-2.8715302e-08,0.0
5.835,0.4267894,0.18963677,0.5666742,0.16218276,0.5245778,0.5125092,3.0162115,-3.2336164e-08,0.0
5.84,0.57309294,0.046752676,0.5493117,0.15303023,0.51206464,0.51744664,0.23058002,5.5805454e-08,0.0
5.845,0.57309294,0.046752676,0.5493117,0.14439422,0.48316708,0.5221054,-8.490887e-09,-3.3212093e-08,0.0
5.8500000000000005,0.57309294,0.046752676,0.5493117,0.13624556,0.4559003,0.52650124,5.0648676e-09,2.6694048e-08,0.0
5.855,0.57309294,0.046752676,0.5493117,0.12855676,0.4301723,0.530649,3.5670904e-09,6.041172e-08,0.0
5.86,0.37498075,0.5053357,0.34606805,0.12322868,0.40675235,0.53441226,-5.6521405e-09,4.4390298e-08,0.0
5.865,0.37498075,0.5053357,0.34606805,0.14035964,0.39449978,0.5362329,0.061975226,2.4855078e-08,0.0
5.87,0.37498075,0.5053357,0.34606805,0.15652385,0.38293865,0.5379508,0.12668908,-6.523457e-08,0.0
5.875,0.37498075,0.5053357,0.34606805,0.17177586,0.37202996,0.53957176,0.31308573,-1.4350751e-09,0.0
5.88,0.0,0.6,0.6,0.18682766,0.36109182,0.54102284,0.784346,6.727561e-08,0.0
5.885,0.0,0.6,0.6,0.20862593,0.3433526,0.5414906,1.5905725,2.0920572e-08,0.0
5.89,0.0,0.6,0.6,0.22919405,0.32661444,0.541932,2.7728674,5.5857814e-08,0.0
5.8950000000000005,0.0,0.6,0.6,0.24860144,0.31082088,0.54234844,4.313986,7.079421e-08,0.0
5.9,0.0,0.33497977,0.6,0.2660192,0.29798895,0.5418238,6.1231313,1.1483378e-07,0.0
5.905,0.0,0.33497977,0.6,0.27216828,0.30969024,0.5307766,8.070112,1.01697786e-07,0.0
5.91,0.0,0.33497977,0.6,0.27797034,0.32073116,0.5203529,10.32437,7.394717e-08,0.0
5.915,0.0,0.33497977,0.6,0.28344497,0.331149,0.5105174,12.779865,1.043216e-07,0.0
5.92,0.0,0.0,0.6,0.28691775,0.34140635,0.5023834,15.132836,1.0524302e-07,0.0
5.925,0.0,0.0,0.6,0.270726,0.35599968,0.50789225,17.158598,2.6848705e-08,0.0
5.93,0.0,0.0,0.6,0.255448,0.36976945,0.5130902,19.070522,1.6115376e-07,0.0
5.9350000000000005,0.0,0.0,0.6,0.24103221,0.38276216,0.5179948,20.722507,7.8813464e-08,0.0
5.94,0.0951337,0.0,0.118224695,0.22742994,0.39382514,0.52262264,21.811676,4.368138e-08,0.0
5.945,0.0951337,0.0,0.118224695,0.21459529,0.3905043,0.52698934,22.21129,-3.5776267e-08,0.0
5.95,0.0951337,0.0,0.118224695,0.20248495,0.38737085,0.5311096,21.343206,6.050385e-08,0.0
5.955,0.0951337,0.0,0.118224695,0.19105804,0.38441426,0.5349973,19.28425,6.053873e-08,0.0
5.96,0.6,0.16701253,0.22351687,0.18027598,0.38011217,0.5386656,16.51552,-1.2448573e-08,0.0
5.965,0.6,0.16701253,0.22351687,0.17010239,0.35866114,0.5421269,13.435693,-8.6488384e-08,0.0
5.97,0.6,0.16701253,0.22351687,0.16050293,0.3384207,0.5453929,10.45656,3.147126e-08,0.0
5.9750000000000005,0.6,0.16701253,0.22351687,0.1514452,0.31932247,0.54847455,7.9098787,-1.4263965e-07,0.0
5.98,0.5072275,0.34861073,0.0,0.14332813,0.30130202,0.54920727,5.992098,9.43525e-08,0.0
5.985,0.5072275,0.34861073,0.0,0.14060836,0.2842985,0.5248855,4.7841883,-4.7972053e-09,0.0
5.99,0.5072275,0.34861073,0.0,0.13804206,0.26825458,0.5019362,4.2795997,-5.026763e-08,0.0
5.995,0.5072275,0.34861073,0.0,0.1356206,0.25311607,0.48028204,4.371654,1.4046232e-08,0.0
6.0,0.21704264,0.1177024,0.294472,0.13561508,0.23958588,0.46032527,5.087855,1.0908519e-07,0.0
6.005,0.21704264,0.1177024,0.294472,0.1618219,0.23549032,0.44696137,6.2402987,3.9365858e-08,0.0
6.01,0.21704264,0.1177024,0.294472,0.18654978,0.23162588,0.43435162,7.4364705,5.607058e-08,0.0
6.015000000000001,0.21704264,0.1177024,0.294472,0.20988218,0.22797954,0.4224535,8.608631,7.53906e-08,0.0
6.0200000000000005,0.6,0.07885881,0.46475542,0.23147902,0.22535883,0.4102177,9.848552,1.120353e-07,0.0
6.025,0.6,0.07885881,0.46475542,0.24704045,0.23231435,0.3870677,11.210772,3.0339603e-08,0.0
6.03,0.6,0.07885881,0.46475542,0.2617237,0.23887736,0.36522415,12.691226,8.836251e-08,0.0
6.035,0.6,0.07885881,0.46475542,0.27557832,0.24506998,0.3446133,14.261069,1.451144e-07,0.0
6.04,0.6,0.2507989,0.50184655,0.28734097,0.24987066,0.32649505,15.889401,1.2299746e-07,0.0
6.045,0.6,0.2507989,0.50184655,0.2833738,0.24241196,0.32468787,17.538996,6.308859e-08,0.0
6.05,0.6,0.2507989,0.50184655,0.2796305,0.23537417,0.3229827,19.299675,9.4160065e-08,0.0
6.055,0.6,0.2507989,0.50184655,0.27609846,0.22873355,0.32137373,21.097672,6.3702366e-08,0.0
6.0600000000000005,0.2952854,0.33061862,0.26774347,0.27449468,0.22229232,0.32062435,22.79201,1.3643246e-07,0.0
6.065,0.2952854,0.33061862,0.26774347,0.29286405,0.21419787,0.32875815,24.320099,8.405287e-08,0.0
6.07,0.2952854,0.33061862,0.26774347,0.3101968,0.20656022,0.33643293,25.329796,4.771426e-08,0.0
6.075,0.2952854,0.33061862,0.26774347,0.32655138,0.1993536,0.3436746,26.054123,5.4695175e-08,0.0
6.08,0.4156577,0.5067077,0.08314839,0.34198302,0.19332993,0.35067505,26.781803,4.7293135e-08,0.0
6.085,0.4156577,0.5067077,0.08314839,0.3565438,0.1965731,0.35920617,27.597746,9.745e-08,0.0
6.09,0.4156577,0.5067077,0.08314839,0.3702829,0.19963324,0.36725587,28.54505,2.051887e-08,0.0
6.095,0.4156577,0.5067077,0.08314839,0.3832466,0.2025207,0.3748513,29.638823,4.84036e-08,0.0
6.1000000000000005,0.4877667,0.6,0.0,0.39410305,0.20560557,0.38096115,30.875097,1.02191265e-07,0.0
6.105,0.4877667,0.6,0.0,0.38852644,0.21266048,0.3745719,32.231663,8.7007706e-08,0.0
6.11,0.4877667,0.6,0.0,0.38326454,0.21931726,0.3685432,34.231743,1.8853493e-07,0.0
6.115,0.4877667,0.6,0.0,0.3782996,0.22559838,0.36285475,36.838078,-3.300221e-08,0.0
6.12,0.3713457,0.6,0.0,0.37415826,0.23232001,0.3566539,39.682632,2.4767394e-07,0.0
6.125,0.3713457,0.6,0.0,0.37650022,0.24780464,0.34121904,42.44084,7.3172956e-08,0.0
6.13,0.3713457,0.6,0.0,0.37871,0.26241544,0.32665524,44.253036,5.555399e-08,0.0
6.135,0.3713457,0.6,0.0,0.3807951,0.2762017,0.31291333,44.91274,1.2175517e-08,0.0
6.140000000000001,0.34132814,0.6,0.0,0.38308805,0.28963113,0.2995715,44.67512,1.6826853e-08,0.0
6.1450000000000005,0.34132814,0.6,0.0,0.38899544,0.3071463,0.28266567,43.769794,-6.733345e-09,0.0
6.15,0.34132814,0.6,0.0,0.39456943,0.32367304,0.2667139,42.388798,1.107036e-07,0.0
6.155,0.34132814,0.6,0.0,0.39982888,0.3392671,0.2516623,40.69939,-2.4361e-08,0.0
6.16,0.32533255,0.6,0.0,0.4042659,0.35398114,0.23746015,38.850525,6.726654e-08,0.0
6.165,0.32533255,0.6,0.0,0.40240812,0.36786482,0.22405946,36.965645,1.3028816e-07,0.0
6.17,0.32533255,0.6,0.0,0.40065515,0.380965,0.21141502,35.759827,2.8839806e-09,0.0
6.175,0.32533255,0.6,0.0,0.39900112,0.3933259,0.19948415,35.326435,-9.837951e-09,0.0
6.18,0.26808086,0.42001966,0.0,0.39730492,0.4049892,0.18822658,35.340084,7.61466e-09,0.0
6.1850000000000005,0.26808086,0.42001966,0.0,0.39414597,0.41599435,0.17760432,35.55511,1.6525659e-08,0.0
6.19,0.26808086,0.42001966,0.0,0.3911653,0.42637843,0.1675815,35.788948,1.9128414e-08,0.0
6.195,0.26808086,0.42001966,0.0,0.3883528,0.43617648,0.1581243,35.920437,1.0306996e-10,0.0
6.2,0.4439607,0.33308023,0.0,0.38562682,0.4454216,0.1492008,35.883015,-8.141667e-09,0.0
6.205,0.4439607,0.33308023,0.0,0.3822242,0.45414498,0.14078088,35.647915,0.018011512,0.0
6.21,0.4439607,0.33308023,0.0,0.3790136,0.4623761,0.13283613,35.217533,0.031610392,0.0
6.215,0.4439607,0.33308023,0.0,0.3759842,0.47014266,0.12533973,34.6112,0.018487375,0.0
6.22,0.19549088,0.0,0.0,0.3728673,0.4766584,0.11826638,33.850555,0.009079362,0.0
6.2250000000000005,0.19549088,0.0,0.0,0.36695382,0.47346207,0.1115922,32.976013,0.0034693028,0.0
6.23,0.19549088,0.0,0.0,0.36137408,0.47044614,0.105294675,31.156029,0.86545694,0.0
6.235,0.19549088,0.0,0.0,0.35610923,0.4676004,0.09935254,28.488321,2.4132736,0.0
6.24,0.36595,0.14536333,0.092549264,0.35193554,0.46452275,0.09374574,25.555553,3.9755464,0.0
6.245,0.36595,0.14536333,0.092549264,0.35712883,0.457105,0.08845535,22.732796,5.13254,0.0
6.25,0.36595,0.14536333,0.092549264,0.36202905,0.45010588,0.08346351,19.639898,6.3154407,0.0
6.255,0.36595,0.14536333,0.092549264,0.36665273,0.4435017,0.07875338,16.50264,7.2656093,0.0
6.26,0.18720339,0.27504262,0.0,0.36989373,0.4357665,0.07430906,13.80219,7.4561687,0.0
6.265000000000001,0.18720339,0.27504262,0.0,0.36005157,0.4111747,0.070115544,11.790617,6.629722,0.0
6.2700000000000005,0.18720339,0.27504262,0.0,0.35076484,0.38797072,0.06615868,11.311072,3.8788931,0.0
6.275,0.18720339,0.27504262,0.0,0.3420022,0.3660762,0.06242512,12.15637,-9.736885e-08,0.0
6.28,0.6,0.074296445,0.23484491,0.33450365,0.34607354,0.05932009,13.119133,8.882183e-08,0.0
6.285,0.6,0.074296445,0.23484491,0.3362783,0.33474678,0.061195325,14.731722,7.020811e-08,0.0
6.29,0.6,0.074296445,0.23484491,0.33795276,0.32405922,0.06296474,16.118574,0.18607426,0.0
6.295,0.6,0.074296445,0.23484491,0.33953273,0.3139748,0.06463429,17.02171,0.6459291,0.0
6.3,0.2362642,0.1425999,0.261501,0.34021658,0.30504495,0.0657918,17.64425,1.1536509,0.0
6.305,0.2362642,0.1425999,0.261501,0.33158153,0.30335182,0.062078945,18.125734,1.554376,0.0
6.3100000000000005,0.2362642,0.1425999,0.261501,0.3234338,0.30175424,0.05857562,19.1223,1.1207373,0.0
6.315,0.2362642,0.1425999,0.261501,0.31574583,0.3002468,0.055269998,20.55014,-2.444142e-07,0.0
6.32,0.6,0.2369235,0.0,0.3103554,0.29791814,0.05321117,21.78674,1.3246864e-07,0.0
6.325,0.6,0.2369235,0.0,0.32670102,0.2852984,0.063461386,22.923315,6.474159e-08,0.0
6.33,0.6,0.2369235,0.0,0.34212422,0.27339086,0.07313314,23.464672,0.3882661,0.0
6.335,0.6,0.2369235,0.0,0.35667703,0.2621553,0.08225909,23.565847,1.0111258,0.0
6.34,0.3615139,0.28479013,0.13569768,0.36876643,0.25186214,0.09099037,23.654184,1.3886414,0.0
6.345,0.3615139,0.28479013,0.13569768,0.36128888,0.2456961,0.10061287,23.947206,1.2867041,0.0
6.3500000000000005,0.3615139,0.28479013,0.13569768,0.3542333,0.23987803,0.109692335,25.107601,-6.675588e-07,0.0
6.355,0.3615139,0.28479013,0.13569768,0.3475759,0.23438829,0.118259415,26.634823,1.5226664e-07,0.0
6.36,0.6,0.38468423,0.16614616,0.34293637,0.2296342,0.12516244,28.49822,1.5304691e-07,0.0
6.365,0.6,0.38468423,0.16614616,0.35744333,0.23004556,0.11809909,30.463676,1.357749e-07,0.0
6.37,0.6,0.38468423,0.16614616,0.37113163,0.2304337,0.111434355,32.183475,0.040081613,0.0
6.375,0.6,0.38468423,0.16614616,0.38404745,0.23079994,0.10514574,33.631126,0.12761189,0.0
6.38,0.5636549,0.6,0.007745773,0.3951577,0.23136161,0.09982464,34.957333,0.11890082,0.0
6.385,0.5636549,0.6,0.007745773,0.39325905,0.23437677,0.10184907,36.22738,6.32467e-08,0.0
6.390000000000001,0.5636549,0.6,0.007745773,0.39146757,0.23722178,0.10375927,37.99738,4.0483737e-08,0.0
6.3950000000000005,0.5636549,0.6,0.007745773,0.38977718,0.23990622,0.10556166,40.280434,1.6056025e-07,0.0
6.4,0.48681703,0.6,0.0,0.3892589,0.24289016,0.1073998,42.701782,2.5737336e-07,0.0
6.405,0.48681703,0.6,0.0,0.40115172,0.25089207,0.110715054,45.0164,2.0026137e-07,0.0
6.41,0.48681703,0.6,0.0,0.4123734,0.25844243,0.11384322,46.350044,0.76563686,0.0
6.415,0.48681703,0.6,0.0,0.4229618,0.26556668,0.116794854,46.62663,2.4914382,0.0
6.42,0.55950135,0.6,0.0,0.43278858,0.27326098,0.11886479,46.283882,4.671346,0.0
6.425,0.55950135,0.6,0.0,0.4401738,0.29169998,0.112593964,45.614376,6.973439,0.0
6.43,0.55950135,0.6,0.0,0.44714227,0.3090984,0.106677026,44.72533,9.280462,0.0
6.4350000000000005,0.55950135,0.6,0.0,0.45371747,0.32551497,0.101094,43.66583,11.541823,0.0
6.44,0.5649789,0.6,0.0,0.45957473,0.3410051,0.09579107,42.495342,13.696604,0.0
6.445,0.5649789,0.6,0.0,0.4611121,0.35562104,0.09038526,41.27254,15.686155,0.0
6.45,0.5649789,0.6,0.0,0.46256274,0.36941218,0.08528451,40.027363,17.484665,0.0
6.455,0.5649789,0.6,0.0,0.4639315,0.38242504,0.08047161,38.781284,19.075739,0.0
6.46,0.45067108,0.6,0.0,0.46555117,0.39470354,0.07593033,37.5561,20.442533,0.0
6.465,0.45067108,0.6,0.0,0.4708531,0.40628913,0.07164532,36.372005,21.569872,0.0
6.47,0.45067108,0.6,0.0,0.47585583,0.4172209,0.06760213,35.26366,22.426731,0.0
6.4750000000000005,0.45067108,0.6,0.0,0.48057622,0.42753574,0.06378711,34.256878,22.992176,0.0
6.48,0.28508124,0.6,0.2628318,0.48505497,0.4372685,0.060187384,33.360397,23.263504,0.0
6.485,0.28508124,0.6,0.2628318,0.48956534,0.446452,0.056790806,32.57277,23.248463,0.0
6.49,0.28508124,0.6,0.2628318,0.49382117,0.45511723,0.05358591,31.888294,22.95842,0.0
6.495,0.28508124,0.6,0.2628318,0.49783686,0.46329346,0.050561875,31.298906,22.406359,0.0
6.5,0.6,0.58616817,0.6,0.50110984,0.47100827,0.047708496,30.794004,21.607056,0.0
6.505,0.6,0.58616817,0.6,0.49826342,0.47828773,0.045016143,30.358988,20.578754,0.0
6.51,0.6,0.58616817,0.6,0.49557763,0.48515636,0.04247573,30.912706,18.323296,0.0
6.515000000000001,0.6,0.58616817,0.6,0.4930434,0.49163738,0.04007868,32.369915,14.960646,0.0
6.5200000000000005,0.31530696,0.4273484,0.6,0.48990458,0.49775267,0.039003503,34.114765,11.179836,0.0
6.525,0.31530696,0.4273484,0.6,0.4783457,0.5035228,0.051634897,35.762497,7.406431,0.0
6.53,0.31530696,0.4273484,0.6,0.46743912,0.50896734,0.06355346,37.046707,3.9301474,0.0
6.535,0.31530696,0.4273484,0.6,0.45714805,0.5141046,0.07479942,37.83229,0.8900291,0.0
6.54,0.2641756,0.40679893,0.6,0.44885948,0.51888955,0.08693293,37.81055,0.00034611247,0.0
6.545,0.2641756,0.40679893,0.6,0.45738885,0.5226863,0.11588705,37.384235,0.028458279,0.0
6.55,0.2641756,0.40679893,0.6,0.46543688,0.5262688,0.14320719,35.97343,0.93649006,0.0
6.555,0.2641756,0.40679893,0.6,0.47303075,0.52964914,0.16898558,33.73586,2.517345,0.0
6.5600000000000005,0.45989344,0.6,0.6,0.47891077,0.53212166,0.19330919,31.27442,4.078992,0.0
6.565,0.45989344,0.6,0.6,0.46967804,0.52620894,0.21626014,28.970371,5.1968055,0.0
6.57,0.45989344,0.6,0.6,0.46096635,0.5206299,0.23791589,26.896494,5.8014307,0.0
6.575,0.45989344,0.6,0.6,0.4527463,0.5153657,0.25834954,25.104378,5.8474674,0.0
6.58,0.039616264,0.6,0.6,0.44475928,0.5103058,0.27763003,23.692085,4.9902773,0.0
6.585,0.039616264,0.6,0.6,0.43456832,0.50446457,0.29582247,22.758438,2.445014,0.0
6.59,0.039616264,0.6,0.6,0.42495248,0.49895296,0.31298825,21.847965,2.7324027e-09,0.0
6.595,0.039616264,0.6,0.6,0.41587928,0.4937524,0.3291853,20.701294,6.666162e-08,0.0
6.6000000000000005,0.0,0.6,0.6,0.40820172,0.48971754,0.3444683,19.809027,-2.4884717e-08,0.0
6.605,0.0,0.6,0.6,0.41111887,0.49594116,0.35888883,19.123447,1.7402115e-08,0.0
6.61,0.0,0.6,0.6,0.41387138,0.50181353,0.37249556,18.734938,-1.3715272e-08,0.0
6.615,0.0,0.6,0.6,0.41646856,0.50735456,0.3853344,18.62719,1.5339436e-08,0.0
6.62,0.0,0.6,0.6,0.41702175,0.51258284,0.39744872,18.702301,2.3110527e-09,0.0
6.625,0.0,0.6,0.6,0.39572346,0.5175161,0.40887937,18.869514,1.7763899e-08,0.0
6.63,0.0,0.6,0.6,0.37562713,0.5221709,0.41966495,19.5818,3.060557e-08,0.0
6.635,0.0,0.6,0.6,0.3566649,0.52656305,0.42984188,20.699415,5.8048453e-08,0.0
6.640000000000001,0.0,0.45141643,0.6,0.3385939,0.53070736,0.43944448,21.763828,1.2747729e-07,0.0
6.6450000000000005,0.0,0.45141643,0.6,0.3194859,0.5346178,0.4485052,22.48734,3.6163776e-08,0.0
6.65,0.0,0.45141643,0.6,0.3014562,0.53830755,0.45705456,22.70845,9.229427e-09,0.0
6.655,0.0,0.45141643,0.6,0.284444,0.54178905,0.46512145,22.370527,2.3063661e-08,0.0
6.66,0.11457003,0.0,0.6,0.26839185,0.5450741,0.4727331,21.498062,-2.695338e-08,0.0
6.665,0.11457003,0.0,0.6,0.2532456,0.5481738,0.4799152,20.167353,-5.442622e-08,0.0
6.67,0.11457003,0.0,0.6,0.23895408,0.5510985,0.486692,18.483747,-2.2045127e-08,0.0
6.675,0.11457003,0.0,0.6,0.22546908,0.5538582,0.49308637,16.561361,-9.004205e-08,0.0
6.68,0.064449035,0.0,0.5739378,0.2127451,0.5557914,0.49911988,14.509091,-1.6268475e-08,0.0
6.6850000000000005,0.064449035,0.0,0.5739378,0.20073918,0.5499011,0.5048129,12.427753,6.9025866e-08,0.0
6.69,0.064449035,0.0,0.5739378,0.18941078,0.5443433,0.51018465,9.568599,-9.1509904e-08,0.0
6.695,0.064449035,0.0,0.5739378,0.17872168,0.5390991,0.51525325,5.993627,6.362425e-08,0.0
6.7,0.5926008,0.0,0.6,0.16915305,0.5321129,0.5200358,2.3449495,-1.423511e-07,0.0
6.705,0.5926008,0.0,0.6,0.16607274,0.50208396,0.5245485,-7.240876e-09,2.733439e-08,0.0
6.71,0.5926008,0.0,0.6,0.16316627,0.47374964,0.52880645,3.8316763e-09,6.323371e-09,0.0
6.715,0.5926008,0.0,0.6,0.16042382,0.44701433,0.53282416,0.07486748,2.9107335e-08,0.0
6.72,0.6,0.09509215,0.3828963,0.15760985,0.4217878,0.5364975,0.3216811,-4.1440675e-08,0.0
6.7250000000000005,0.6,0.09509215,0.3828963,0.15235247,0.39798486,0.53861034,0.7815256,-5.896273e-08,0.0
6.73,0.6,0.09509215,0.3828963,0.14739178,0.3755252,0.540604,1.4227657,-8.734139e-09,0.0
6.735,0.6,0.09509215,0.3828963,0.14271104,0.35433304,0.5424851,2.1859791,5.1655046e-08,0.0
6.74,0.31335187,0.38280752,0.5570408,0.14067888,0.33433682,0.54437774,3.0111127,3.6050146e-08,0.0
6.745,0.31335187,0.38280752,0.5570408,0.16618238,0.31546906,0.5475167,3.860146,8.263761e-08,0.0
6.75,0.31335187,0.38280752,0.5570408,0.19024663,0.29766607,0.5504785,4.6027083,4.543981e-08,0.0
6.755,0.31335187,0.38280752,0.5570408,0.21295285,0.28086776,0.5532732,5.3501234,7.802847e-08,0.0
6.76,0.2282182,0.43063584,0.6,0.23441109,0.26544675,0.55493003,6.2787347,1.3570921e-07,0.0
6.765000000000001,0.2282182,0.43063584,0.6,0.25504252,0.25583306,0.54522157,7.459631,4.9686015e-08,0.0
6.7700000000000005,0.2282182,0.43063584,0.6,0.27450964,0.2467619,0.536061,8.8814335,5.962621e-08,0.0
6.775,0.2282182,0.43063584,0.6,0.29287818,0.23820266,0.52741736,10.7338505,6.002006e-08,0.0
6.78,0.40700868,0.58156776,0.6,0.308916,0.23142539,0.5200477,12.976294,1.3087357e-07,0.0
6.785,0.40700868,0.58156776,0.6,0.30916634,0.2399684,0.5221354,15.412641,1.3104194e-07,0.0
6.79,0.40700868,0.58156776,0.6,0.30940256,0.2480293,0.5241052,17.82687,1.16559946e-07,0.0
6.795,0.40700868,0.58156776,0.6,0.30962542,0.2556353,0.52596384,20.054947,1.8175314e-07,0.0
6.8,0.114430174,0.6,0.6,0.30945137,0.263028,0.52791154,22.013632,1.9465835e-08,0.0
6.805,0.114430174,0.6,0.6,0.30486712,0.2724867,0.53197974,24.179409,1.6300727e-07,0.0
6.8100000000000005,0.114430174,0.6,0.6,0.30054155,0.2814116,0.53581834,26.564568,1.3950587e-07,0.0
6.815,0.114430174,0.6,0.6,0.2964601,0.28983283,0.53944033,28.844034,1.200153e-07,0.0
6.82,0.0,0.6,0.6,0.29341614,0.29846025,0.54285794,30.802813,1.0281338e-07,0.0
6.825,0.0,0.6,0.6,0.29982656,0.31443697,0.5460827,32.3339,8.729882e-08,0.0
6.83,0.0,0.6,0.6,0.3058752,0.32951206,0.54912543,32.931774,-3.2156056e-08,0.0
6.835,0.0,0.6,0.6,0.3115825,0.3437364,0.55199647,32.57607,3.64633e-08,0.0
6.84,0.0,0.6,0.6,0.31564683,0.35724127,0.5547055,31.57094,-3.0847506e-08,0.0
6.845,0.0,0.6,0.6,0.3042915,0.37094098,0.55726165,30.156311,1.7129018e-08,0.0
6.8500000000000005,0.0,0.6,0.6,0.29357696,0.38386756,0.55967355,28.936132,-2.5644388e-08,0.0
6.855,0.0,0.6,0.6,0.28346708,0.39606464,0.5619493,27.996479,-4.535892e-09,0.0
6.86,0.0,0.47075066,0.6,0.27341115,0.4075734,0.5640966,27.122301,-7.7644335e-09,0.0
6.865,0.0,0.47075066,0.6,0.25798163,0.41843268,0.5661228,26.177225,-2.4012925e-08,0.0
6.87,0.0,0.47075066,0.6,0.24342285,0.42867914,0.5680346,25.049038,-7.337515e-08,0.0
6.875,0.0,0.47075066,0.6,0.22968566,0.43834737,0.5698385,23.673307,-1.0411173e-07,0.0
6.88,0.0,0.13499554,0.6,0.21672373,0.44746998,0.57154065,22.045773,7.124405e-08,0.0
6.885,0.0,0.13499554,0.6,0.20449327,0.45607778,0.5731467,20.199324,5.747264e-08,0.0
6.890000000000001,0.0,0.13499554,0.6,0.19295302,0.4641998,0.57466215,18.183613,4.818692e-08,0.0
6.8950000000000005,0.0,0.13499554,0.6,0.18206403,0.47186348,0.57609206,16.054483,7.60508e-08,0.0
6.9,0.20710403,0.0,0.33713865,0.17178953,0.47851115,0.5774413,13.87493,-5.5549943e-08,0.0
6.905,0.20710403,0.0,0.33713865,0.16209486,0.4780732,0.5787144,11.721469,-4.5330257e-08,0.0
6.91,0.20710403,0.0,0.33713865,0.15294729,0.47765997,0.5799156,8.942848,8.0535216e-08,0.0
6.915,0.20710403,0.0,0.33713865,0.14431596,0.47727007,0.581049,5.5998473,-1.1295443e-07,0.0
6.92,0.6,0.13151564,0.49118,0.13617171,0.47538632,0.5821185,2.2500582,-1.0397912e-07,0.0
6.925,0.6,0.13151564,0.49118,0.12848708,0.4561769,0.5831276,-3.1740306e-08,9.7743495e-08,0.0
6.93,0.6,0.13151564,0.49118,0.121236116,0.43805155,0.5840798,5.409718e-09,-2.0934328e-08,0.0
6.9350000000000005,0.6,0.13151564,0.49118,0.11439435,0.42094907,0.5849782,-1.0205155e-08,3.7869494e-08,0.0
6.94,0.53756255,0.2255299,0.10780891,0.108873695,0.40420228,0.58463925,-9.7552535e-09,6.7336354e-09,0.0
6.945,0.53756255,0.2255299,0.10780891,0.114417166,0.38139176,0.570672,8.372978e-10,-3.235359e-08,0.0
6.95,0.53756255,0.2255299,0.10780891,0.1196478,0.35986853,0.5574929,1.3009296e-09,2.2515268e-08,0.0
6.955,0.53756255,0.2255299,0.10780891,0.12458325,0.3395599,0.5450576,0.0416622,-7.877437e-08,0.0
6.96,0.2413376,0.0,0.6,0.13101397,0.32099113,0.5340195,0.25966763,1.7574132e-08,0.0
6.965,0.2413376,0.0,0.6,0.15748045,0.31029838,0.5316019,0.7548607,-2.2383983e-08,0.0
6.97,0.2413376,0.0,0.6,0.18245333,0.30020908,0.5293208,1.6281391,1.5271594e-07,0.0
6.9750000000000005,0.2413376,0.0,0.6,0.20601691,0.29068914,0.52716833,2.9015682,-2.581763e-09,0.0
6.98,0.6,0.0,0.6,0.22796884,0.28213087,0.52340657,4.4926963,1.1808806e-07,0.0
6.985,0.6,0.0,0.6,0.24544027,0.27893668,0.49995297,6.276321,3.4843474e-08,0.0
6.99,0.6,0.0,0.6,0.26192573,0.27592275,0.47782296,8.107765,1.5676886e-07,0.0
6.995,0.6,0.0,0.6,0.27748084,0.27307892,0.4569418,9.883714,5.0385704e-08,0.0
7.0,0.6,0.5707122,0.45227984,0.29082078,0.26937738,0.43946114,11.560783,6.0796964e-08,0.0
7.005,0.6,0.5707122,0.45227984,0.28802827,0.25417548,0.4485209,13.12766,9.516497e-08,0.0
7.01,0.6,0.5707122,0.45227984,0.28539336,0.23983149,0.4570694,15.02868,1.0213808e-07,0.0
7.015000000000001,0.6,0.5707122,0.45227984,0.28290713,0.22629699,0.46513546,17.275099,1.0220199e-07,0.0
7.0200000000000005,0.06502578,0.6,0.008737779,0.28218046,0.21352628,0.4727463,19.81871,1.571896e-07,0.0
7.025,0.06502578,0.6,0.008737779,0.3001161,0.20147626,0.47992766,22.493376,1.308568e-07,0.0
7.03,0.06502578,0.6,0.008737779,0.31703955,0.19010627,0.48670375,24.705753,1.3874818e-07,0.0
7.035,0.06502578,0.6,0.008737779,0.33300796,0.17937793,0.49309745,26.384731,1.0781957e-07,0.0
7.04,0.25100812,0.6,0.0,0.34807524,0.1718316,0.49846342,27.758743,1.5634865e-07,0.0
7.045,0.25100812,0.6,0.0,0.36229223,0.19434178,0.49585712,28.990429,5.3306204e-09,0.0
7.05,0.25100812,0.6,0.0,0.37570688,0.21558164,0.4933979,30.18159,8.0632056e-08,0.0
7.055,0.25100812,0.6,0.0,0.3883645,0.23562287,0.49107745,31.39441,6.4419254e-08,0.0
7.0600000000000005,0.40489012,0.6,0.0,0.39789256,0.25466532,0.48688552,32.661293,3.4501166e-08,0.0
7.065,0.40489012,0.6,0.0,0.37910774,0.27415374,0.45990202,33.93141,9.678583e-10,0.0
7.07,0.40489012,0.6,0.0,0.36138302,0.29254237,0.43444127,35.55304,3.980357e-08,0.0
7.075,0.40489012,0.6,0.0,0.34465858,0.30989325,0.41041738,37.308704,1.0944322e-07,0.0
7.08,0.33486733,0.6,0.0,0.3297176,0.32626498,0.3877098,38.73462,1.0328211e-07,0.0
7.085,0.33486733,0.6,0.0,0.32527575,0.34171277,0.36583,39.57615,8.602463e-08,0.0
7.09,0.33486733,0.6,0.0,0.32108456,0.3562888,0.34518498,39.78988,1.0960691e-08,0.0
7.095,0.33486733,0.6,0.0,0.3171299,0.37004223,0.32570502,39.437813,2.9470346e-08,0.0
7.1000000000000005,0.24364062,0.6,0.0,0.31409317,0.38301954,0.30732438,38.613144,3.2635128e-09,0.0
7.105,0.24364062,0.6,0.0,0.31921715,0.39526448,0.289981,37.425907,-1.1433686e-08,0.0
7.11,0.24364062,0.6,0.0,0.32405198,0.4068184,0.2736164,35.51224,8.580975e-08,0.0
7.115,0.24364062,0.6,0.0,0.32861394,0.4177203,0.25817528,32.964157,-7.060926e-08,0.0
7.12,0.34273097,0.18094927,0.0,0.33260232,0.42800695,0.24360557,30.152517,-1.2486145e-08,0.0
7.125,0.34273097,0.18094927,0.0,0.33273014,0.43771312,0.22985807,27.33694,-1.6018635e-08,0.0
7.13,0.34273097,0.18094927,0.0,0.33285075,0.44687152,0.2168864,24.673986,-1.1057083e-07,0.0
7.135,0.34273097,0.18094927,0.0,0.33296457,0.4555131,0.20464677,22.264534,8.369933e-08,0.0
7.140000000000001,0.5985117,0.4152461,0.0,0.33266008,0.46366698,0.19309784,20.179022,6.893793e-08,0.0
7.1450000000000005,0.5985117,0.4152461,0.0,0.32763642,0.4713607,0.18220067,18.989616,-2.891894e-08,0.0
7.15,0.5985117,0.4152461,0.0,0.32289624,0.47862026,0.17191847,18.70127,4.3443607e-10,0.0
7.155,0.5985117,0.4152461,0.0,0.31842357,0.48547015,0.16221651,18.944069,1.2603567e-08,0.0
7.16,0.32496455,0.40549594,0.0,0.31465068,0.49004158,0.15306209,19.428818,3.9553203e-08,0.0
7.165,0.32496455,0.40549594,0.0,0.31623536,0.47259846,0.14442427,19.956291,2.4825468e-08,0.0
7.17,0.32496455,0.40549594,0.0,0.3177306,0.4561397,0.13627392,19.008091,1.4541901,0.0
7.175,0.32496455,0.40549594,0.0,0.31914145,0.44060978,0.12858352,16.721905,4.10475,0.0
7.18,0.22509266,0.16020204,0.18471253,0.32162744,0.42701402,0.12132712,14.088477,6.815161,0.0
7.1850000000000005,0.22509266,0.16020204,0.18471253,0.33725297,0.4263499,0.11448021,11.731588,8.893165,0.0
7.19,0.22509266,0.16020204,0.18471253,0.3519967,0.42572328,0.1080197,10.003753,9.969999,0.0
7.195,0.22509266,0.16020204,0.18471253,0.36590838,0.425132,0.10192378,9.053539,9.912381,0.0
7.2,0.6,0.28060964,0.0,0.37780002,0.4245301,0.09617187,8.863279,8.771236,0.0
7.205,0.6,0.28060964,0.0,0.37481833,0.42345592,0.09074456,9.286473,6.7352033,0.0
7.21,0.6,0.28060964,0.0,0.3720049,0.42244238,0.08562354,10.771997,3.3253665,0.0
7.215,0.6,0.28060964,0.0,0.36935025,0.42148602,0.08079151,12.783866,-4.6880107e-08,0.0
7.22,0.6,0.18660891,0.15551178,0.36639452,0.4194762,0.077066086,14.415634,1.13447214e-07,0.0
7.2250000000000005,0.6,0.18660891,0.15551178,0.35842037,0.4048445,0.08314094,16.083298,8.67517e-08,0.0
7.23,0.6,0.18660891,0.15551178,0.35089624,0.39103848,0.08887297,17.620209,-2.6388708e-08,0.0
7.235,0.6,0.18660891,0.15551178,0.3437967,0.37801158,0.094281524,18.959503,1.0653716e-07,0.0
7.24,0.30529687,0.35230204,0.6,0.33879042,0.36626345,0.09855094,20.080029,8.406294e-08,0.0
7.245,0.30529687,0.35230204,0.6,0.35353136,0.36142972,0.09298937,20.994913,2.4858833e-08,0.0
7.25,0.30529687,0.35230204,0.6,0.36744043,0.35686877,0.087741666,21.158993,0.5563825,0.0
7.255,0.30529687,0.35230204,0.6,0.38056457,0.3525652,0.08279011,20.703098,1.5403311,0.0
7.26,0.6,0.6,0.456712,0.39294806,0.34808013,0.078820065,20.09978,2.415725,0.0
7.265000000000001,0.6,0.6,0.456712,0.40463272,0.33896777,0.08314804,19.633883,2.8697598,0.0
7.2700000000000005,0.6,0.6,0.456712,0.41565797,0.33036965,0.08723177,19.480791,2.7194726,0.0
7.275,0.6,0.6,0.456712,0.426061,0.32225674,0.09108505,19.713726,1.8996085,0.0
7.28,0.33117104,0.48731846,0.6,0.4345465,0.31534973,0.09672759,20.322529,0.43823433,0.0
7.285,0.33117104,0.48731846,0.6,0.4272525,0.3174351,0.12512897,20.973324,2.7338253e-08,0.0
7.29,0.33117104,0.48731846,0.6,0.42037013,0.31940275,0.15192756,22.907295,3.3654925e-07,0.0
7.295,0.33117104,0.48731846,0.6,0.41387615,0.32125938,0.17721382,26.108856,2.5339332e-07,0.0
7.3,0.2903374,0.6,0.6,0.40907913,0.3241295,0.20042619,29.794615,1.2666749e-07,0.0
7.305,0.2903374,0.6,0.6,0.41985345,0.3396978,0.21488927,33.44585,2.5080925e-07,0.0
7.3100000000000005,0.2903374,0.6,0.6,0.43001974,0.35438755,0.22853616,35.965298,0.82800573,0.0
7.315,0.2903374,0.6,0.6,0.4396123,0.3682483,0.2414129,37.13012,2.9141402,0.0
7.32,0.27441248,0.6,0.6,0.44744986,0.38081813,0.25420985,37.36701,5.7600684,0.0
7.325,0.27441248,0.6,0.6,0.44088784,0.3868283,0.27372396,37.03189,8.850199,0.0
7.33,0.27441248,0.6,0.6,0.43469614,0.3924993,0.29213682,37.39999,9.681604,0.0
7.335,0.27441248,0.6,0.6,0.42885387,0.39785028,0.3095106,38.70018,6.701934,0.0
7.34,0.12018861,0.6,0.6,0.42315695,0.403408,0.3259039,40.40271,-1.8007108e-06,0.0
7.345,0.12018861,0.6,0.6,0.41566148,0.41450235,0.34137207,40.48073,1.7000195e-08,0.0
7.3500000000000005,0.12018861,0.6,0.6,0.40858904,0.42497063,0.35596734,40.448044,1.5612054e-08,0.0
7.355,0.12018861,0.6,0.6,0.4019157,0.43484813,0.36973894,40.211662,1.9971926e-08,0.0
7.36,0.0,0.6,0.6,0.39554706,0.4441682,0.38273335,39.73415,1.8324299e-08,0.0
7.365,0.0,0.6,0.6,0.38871104,0.45296234,0.39499444,39.01582,-3.732454e-08,0.0
7.37,0.0,0.6,0.6,0.38226077,0.46126017,0.4065636,38.076767,-6.613137e-09,0.0
7.375,0.0,0.6,0.6,0.3761745,0.46908975,0.41747987,36.951893,7.0464964e-08,0.0
7.38,0.0,0.6,0.6,0.36973545,0.47647747,0.4277801,35.684,-4.0034525e-08,0.0
7.385,0.0,0.6,0.6,0.35565266,0.48344827,0.43749905,34.314335,-4.5015664e-08,0.0
7.390000000000001,0.0,0.6,0.6,0.3423646,0.49002567,0.44666952,32.834522,-2.5122354e-08,0.0
7.3950000000000005,0.0,0.6,0.6,0.32982647,0.49623188,0.45532247,31.23015,-1.386473e-07,0.0
7.4,0.0,0.43011054,0.6,0.3174533,0.5020879,0.46348712,29.507946,3.4177226e-08,0.0
7.405,0.0,0.43011054,0.6,0.2995383,0.5076134,0.47119102,27.683992,-5.190856e-08,0.0
7.41,0.0,0.43011054,0.6,0.28263435,0.5128271,0.47846016,25.741348,-5.9468814e-08,0.0
7.415,0.0,0.43011054,0.6,0.26668432,0.51774657,0.48531908,23.670692,6.362285e-08,0.0
7.42,0.0,0.0,0.6,0.25163442,0.5223884,0.49179092,21.496908,-1.3993103e-07,0.0
7.425,0.0,0.0,0.6,0.23743384,0.52676827,0.49789754,19.266615,-5.127909e-08,0.0
7.43,0.0,0.0,0.6,0.22403464,0.53090096,0.50365955,17.031296,-8.862983e-09,0.0
7.4350000000000005,0.0,0.0,0.6,0.2113916,0.53480047,0.5090964,14.836946,-6.9920105e-08,0.0
7.44,0.30930793,0.0,0.38049322,0.19946206,0.53771293,0.5142264,12.725444,1.6734036e-08,0.0
7.445,0.30930793,0.0,0.38049322,0.18820573,0.5316406,0.5190669,10.740528,-8.102982e-08,0.0
7.45,0.30930793,0.0,0.38049322,0.17758465,0.5259109,0.5236342,8.117584,-1.8765544e-07,0.0
7.455,0.30930793,0.0,0.38049322,0.16756295,0.5205046,0.5279438,4.891125,3.0207573e-08,0.0
7.46,0.6,0.3075046,0.3267384,0.1581068,0.51346153,0.5320102,1.6623468,-2.007593e-07,0.0
7.465,0.6,0.3075046,0.3267384,0.1491843,0.48448515,0.53584707,1.34713405e-08,2.8724676e-08,0.0
7.47,0.6,0.3075046,0.3267384,0.14076532,0.457144,0.53946745,1.9918625e-09,6.4727615e-08,0.0
7.4750000000000005,0.6,0.3075046,0.3267384,0.13282146,0.4313458,0.5428835,-8.513375e-09,-2.71918e-08,0.0
7.48,0.33110332,0.13260603,0.16982853,0.1267223,0.40700346,0.54511577,0.023135256,-1.5127766e-08,0.0
7.485,0.33110332,0.13260603,0.16982853,0.13702624,0.38403487,0.53582555,0.13507436,-9.640052e-09,0.0
7.49,0.33110332,0.13260603,0.16982853,0.14674868,0.36236247,0.5270596,0.2620649,-6.045335e-09,0.0
7.495,0.33110332,0.13260603,0.16982853,0.15592244,0.34191313,0.5187884,0.5214572,7.759465e-08,0.0
7.5,0.2996961,0.008040494,0.31654292,0.16589089,0.32400608,0.51074123,1.0760777,3.5110894e-08,0.0
7.505,0.2996961,0.008040494,0.31654292,0.19038914,0.32307485,0.50035733,1.9608829,2.7084724e-08,0.0
7.51,0.2996961,0.008040494,0.31654292,0.21350488,0.32219616,0.49055943,3.137071,6.9596624e-08,0.0
7.515000000000001,0.2996961,0.008040494,0.31654292,0.23531613,0.32136706,0.48131445,4.5240016,5.5918587e-08,0.0
7.5200000000000005,0.6,0.37114507,0.15322387,0.2546825,0.31979513,0.4718828,6.025445,1.4862503e-07,0.0
7.525,0.6,0.37114507,0.15322387,0.2589952,0.3092314,0.45483685,7.5557966,-1.5337179e-08,0.0
7.53,0.6,0.37114507,0.15322387,0.2630645,0.29926383,0.43875286,9.014022,-5.444945e-09,0.0
7.535,0.6,0.37114507,0.15322387,0.26690418,0.28985876,0.42357653,10.331565,4.716813e-09,0.0
7.54,0.6,0.5111967,0.6,0.27038535,0.2804221,0.40991902,11.490192,1.4089936e-07,0.0
7.545,0.6,0.5111967,0.6,0.27203947,0.26505068,0.4046495,12.502276,1.270503e-07,0.0
7.55,0.6,0.5111967,0.6,0.27360022,0.25054672,0.39967734,13.411119,4.216283e-09,0.0
7.555,0.6,0.5111967,0.6,0.2750729,0.23686127,0.39498577,14.259891,6.6280386e-08,0.0
7.5600000000000005,0.44719708,0.6,0.37394226,0.27781826,0.22558743,0.38982165,15.308427,2.987036e-08,0.0
7.565,0.44719708,0.6,0.37394226,0.29600006,0.23380174,0.37646964,16.56644,-5.3994576e-08,0.0
7.57,0.44719708,0.6,0.37394226,0.31315583,0.24155249,0.36387113,17.97575,1.15200535e-07,0.0
7.575,0.44719708,0.6,0.37394226,0.32934344,0.24886584,0.35198358,19.523623,6.646392e-08,0.0
7.58,0.1310306,0.6,0.48446298,0.34461752,0.25639877,0.34278393,21.184626,1.12790175e-07,0.0
7.585,0.1310306,0.6,0.48446298,0.35902962,0.27077788,0.3572995,22.929943,1.7320862e-07,0.0
7.59,0.1310306,0.6,0.48446298,0.3726284,0.28434554,0.37099594,24.73574,1.9708988e-07,0.0
7.595,0.1310306,0.6,0.48446298,0.38545975,0.2971475,0.38391942,26.50795,9.8660195e-08,0.0
7.6000000000000005,0.29629114,0.6,0.6,0.39687714,0.30962795,0.395093,28.139675,1.1266354e-08,0.0
7.605,0.29629114,0.6,0.6,0.39971685,0.32601464,0.39389938,29.561354,3.335243e-08,0.0
7.61,0.29629114,0.6,0.6,0.40239632,0.34147656,0.39277312,30.679993,7.7605017e-10,0.0
7.615,0.29629114,0.6,0.6,0.40492457,0.35606593,0.39171043,31.434093,3.8943266e-08,0.0
7.62,0.3129251,0.6,0.6,0.40588278,0.36983195,0.39120668,31.816721,1.4062213e-08,0.0
7.625,0.3129251,0.6,0.6,0.39037192,0.3828211,0.39646944,31.848993,4.1066464e-08,0.0
7.63,0.3129251,0.6,0.6,0.37573642,0.39507726,0.40143523,32.131775,1.4138772e-08,0.0
7.635,0.3129251,0.6,0.6,0.36192682,0.40664175,0.40612078,32.68058,4.980544e-08,0.0
7.640000000000001,0.0,0.6,0.48561066,0.34964266,0.4175536,0.41106352,33.160885,6.421164e-09,0.0
7.6450000000000005,0.0,0.6,0.48561066,0.34663185,0.42784968,0.42172584,33.372173,1.296076e-08,0.0
7.65,0.0,0.6,0.48561066,0.34379095,0.4375647,0.43178645,33.2661,-1.6622945e-08,0.0
7.655,0.0,0.6,0.48561066,0.34111038,0.44673148,0.44127932,32.867527,-3.3317022e-08,0.0
7.66,0.0,0.6,0.58819157,0.3386562,0.45538095,0.45023647,32.219685,-2.3422256e-08,0.0
7.665,0.0,0.6,0.58819157,0.3372041,0.46354228,0.45868814,31.374704,-3.07548e-08,0.0
7.67,0.0,0.6,0.58819157,0.33583397,0.47124305,0.46666285,30.392431,-6.9832474e-08,0.0
7.675,0.0,0.6,0.58819157,0.33454114,0.47850925,0.47418752,29.330214,-4.4452005e-08,0.0
7.68,0.0,0.6,0.6,0.33190852,0.4853654,0.48077112,28.236387,-5.3891608e-08,0.0
7.6850000000000005,0.0,0.6,0.6,0.3131778,0.4918346,0.48104423,27.141495,8.4722856e-08,0.0
7.69,0.0,0.6,0.6,0.2955041,0.49793875,0.48130193,25.959795,-7.2589216e-08,0.0
7.695,0.0,0.6,0.6,0.2788278,0.5036984,0.4815451,24.598366,-8.3081e-11,0.0
7.7,0.0,0.37841704,0.6,0.26309258,0.50913304,0.48223764,23.024912,-1.00754065e-07,0.0
7.705,0.0,0.37841704,0.6,0.24824536,0.51426095,0.48821697,21.252247,-4.6990984e-08,0.0
7.71,0.0,0.37841704,0.6,0.23423603,0.5190995,0.49385887,19.322554,-9.0984614e-08,0.0
7.715,0.0,0.37841704,0.6,0.2210173,0.52366495,0.4991824,17.290514,1.03946256e-07,0.0
7.72,0.0,0.0,0.6,0.20854454,0.5279728,0.5042588,15.211835,1.2359367e-07,0.0
7.7250000000000005,0.0,0.0,0.6,0.19677566,0.53203756,0.5096618,13.142047,4.3583186e-09,0.0
7.73,0.0,0.0,0.6,0.18567094,0.53587294,0.5147599,11.138692,6.237355e-08,0.0
7.735,0.0,0.0,0.6,0.1751929,0.53949183,0.5195703,9.258735,-3.8592405e-09,0.0
7.74,0.29060912,0.0,0.45653918,0.16530617,0.5419061,0.52410924,7.5537024,-7.913639e-09,0.0
7.745,0.29060912,0.0,0.45653918,0.15597737,0.53267986,0.528392,6.067471,-1.1187431e-08,0.0
7.75,0.29060912,0.0,0.45653918,0.14717503,0.5239743,0.5324331,4.0319285,1.1379001e-09,0.0
7.755,0.29060912,0.0,0.45653918,0.13886943,0.51576,0.5362461,1.4829435,8.5581306e-08,0.0
7.76,0.6,0.17463616,0.46310106,0.13103256,0.50630087,0.539844,5.0958024e-09,-3.925282e-08,0.0
7.765000000000001,0.6,0.17463616,0.46310106,0.123637944,0.47772858,0.54323876,1.9068592e-08,-1.6318971e-08,0.0
7.7700000000000005,0.6,0.17463616,0.46310106,0.11666063,0.4507687,0.546442,1.0889758e-09,-6.19517e-08,0.0
7.775,0.6,0.17463616,0.46310106,0.110077076,0.42533028,0.54946446,1.2890223e-08,-1.5191262e-08,0.0
7.78,0.44038424,0.35382664,0.23797904,0.10517705,0.40132743,0.5516687,8.655178e-10,4.128843e-08,0.0
7.785,0.44038424,0.35382664,0.23797904,0.11564162,0.37867916,0.54630023,1.3655501e-08,-6.8924795e-09,0.0
7.79,0.44038424,0.35382664,0.23797904,0.12551562,0.357309,0.54123473,1.6170183e-08,-1.0694389e-08,0.0
7.795,0.44038424,0.35382664,0.23797904,0.13483241,0.33714485,0.5364551,0.09336314,-2.9660114e-08,0.0
7.8,0.2643685,0.24746238,0.32895362,0.14502022,0.31890705,0.5319748,0.44214588,5.203774e-08,0.0
7.805000000000001,0.2643685,0.24746238,0.32895362,0.17069627,0.31076536,0.52808803,1.1330059,-6.895671e-09,0.0
7.8100000000000005,0.2643685,0.24746238,0.32895362,0.19492334,0.30308312,0.5244206,2.2030861,8.7156835e-08,0.0
7.815,0.2643685,0.24746238,0.32895362,0.2177832,0.29583442,0.52096015,3.6138828,6.687324e-08,0.0
7.82,0.6,0.46329287,0.12837425,0.23863238,0.28980377,0.51667863,5.2619753,1.7147752e-07,0.0
7.825,0.6,0.46329287,0.12837425,0.25001794,0.2934168,0.5009507,7.028574,6.065932e-08,0.0
7.83,0.6,0.46329287,0.12837425,0.26076096,0.29682595,0.4861103,9.088269,1.4840764e-07,0.0
7.835,0.6,0.46329287,0.12837425,0.27089772,0.3000427,0.4721074,11.370736,1.992241e-07,0.0
7.84,0.6,0.6,0.2216215,0.27966776,0.3025977,0.45930547,13.6717415,-5.436555e-09,0.0
7.845,0.6,0.6,0.2216215,0.27880436,0.29948622,0.45194927,15.86931,1.3039589e-07,0.0
7.8500000000000005,0.6,0.6,0.2216215,0.2779897,0.29655033,0.44500822,17.819002,3.2291286e-08,0.0
7.855,0.6,0.6,0.2216215,0.277221,0.29378015,0.43845886,19.430399,1.2050397e-07,0.0
7.86,0.44532982,0.6,0.0,0.27801096,0.2921407,0.43137357,20.687906,9.736677e-08,0.0
7.865,0.44532982,0.6,0.0,0.29618192,0.3017994,0.41427428,21.159271,-7.932754e-09,0.0
7.87,0.44532982,0.6,0.0,0.3133274,0.31091303,0.39813995,21.385414,-2.7171723e-08,0.0
7.875,0.44532982,0.6,0.0,0.32950532,0.31951234,0.38291615,21.761482,1.9134996e-08,0.0
7.88,0.52303857,0.6,0.3029703,0.34477025,0.32824355,0.36897248,22.27902,4.8189815e-08,0.0
7.885,0.52303857,0.6,0.3029703,0.35917374,0.3435797,0.36065698,22.910835,3.3988638e-08,0.0
7.890000000000001,0.52303857,0.6,0.3029703,0.37276438,0.35805038,0.35281074,23.593899,4.9162995e-08,0.0
7.8950000000000005,0.52303857,0.6,0.3029703,0.38558805,0.37170443,0.34540728,24.266134,4.1636373e-08,0.0
7.9,0.5932164,0.6,0.56671745,0.39698976,0.3845879,0.3374211,24.887814,-2.2920301e-09,0.0
7.905,0.5932164,0.6,0.56671745,0.39971775,0.39674434,0.31837925,25.433167,1.500154e-08,0.0
7.91,0.5932164,0.6,0.56671745,0.4022918,0.40821475,0.30041203,25.851444,-5.037496e-08,0.0
7.915,0.5932164,0.6,0.56671745,0.40472057,0.41903785,0.28345877,26.10262,1.1124666e-08,0.0
7.92,0.20852484,0.5443152,0.6,0.40736312,0.42925015,0.26883003,26.17661,-4.069553e-09,0.0
7.925,0.20852484,0.5443152,0.6,0.41389108,0.43888614,0.2707567,26.085175,-1.2852061e-08,0.0
7.930000000000001,0.20852484,0.5443152,0.6,0.42005065,0.44797835,0.2725746,25.874113,-8.800617e-09,0.0
7.9350000000000005,0.20852484,0.5443152,0.6,0.4258626,0.45655745,0.27428994,25.593422,-1.6256173e-08,0.0
7.94,0.2213317,0.55118334,0.6,0.43166342,0.46465242,0.2770992,25.281689,-3.4927683e-10,0.0
7.945,0.2213317,0.55118334,0.6,0.4407804,0.47229055,0.29344332,24.969564,1.3356987e-09,0.0
7.95,0.2213317,0.55118334,0.6,0.4493829,0.47949764,0.3088651,24.696886,-1.2810195e-08,0.0
7.955,0.2213317,0.55118334,0.6,0.45749992,0.486298,0.3234166,24.49546,-1.3979707e-09,0.0
7.96,0.2813109,0.6,0.6,0.46342212,0.4924632,0.33729714,24.37858,-3.293165e-09,0.0
7.965,0.2813109,0.6,0.6,0.4490374,0.4953894,0.35212237,24.338482,-9.592944e-09,0.0
7.97,0.2813109,0.6,0.6,0.43546447,0.49815044,0.36611095,24.98761,8.4899206e-08,0.0
7.9750000000000005,0.2813109,0.6,0.6,0.4226575,0.50075567,0.3793101,26.25657,1.1917731e-07,0.0
7.98,0.0,0.6,0.6,0.41063106,0.5032449,0.39176437,27.675583,1.2622061e-07,0.0
7.985,0.0,0.6,0.6,0.39994824,0.5059502,0.40351582,28.933407,9.815185e-08,0.0
7.99,0.0,0.6,0.6,0.3898683,0.5085029,0.4146041,29.854223,5.8539836e-08,0.0
7.995,0.0,0.6,0.6,0.3803572,0.5109115,0.42506662,30.363287,1.653529e-08,0.0
8.0,0.0,0.6,0.6,0.37165365,0.5134046,0.4349387,30.454418,-9.425478e-09,0.0
8.005,0.0,0.6,0.6,0.3665553,0.5182915,0.44425368,30.165533,5.188787e-08,0.0
8.01,0.0,0.6,0.6,0.36174467,0.52290255,0.45304298,29.566685,-4.8610538e-08,0.0
8.015,0.0,0.6,0.6,0.3572055,0.52725345,0.46133628,28.738043,-1.5342376e-08,0.0
8.02,0.0,0.6,0.6,0.3516525,0.5313588,0.46916154,27.755194,5.4988767e-08,0.0
8.025,0.0,0.6,0.6,0.33180755,0.5352324,0.4765452,26.676348,-4.0731604e-10,0.0
8.03,0.0,0.6,0.6,0.31308252,0.5388875,0.4835122,25.454617,-7.183039e-08,0.0
8.035,0.0,0.6,0.6,0.2954142,0.5423363,0.490086,24.031141,2.322616e-08,0.0
8.040000000000001,0.0,0.2726912,0.6,0.27874297,0.54559046,0.4962888,22.398052,5.403755e-08,0.0
8.045,0.0,0.2726912,0.6,0.26301256,0.548661,0.5021416,20.584402,-1.3302632e-07,0.0
8.05,0.0,0.2726912,0.6,0.24816987,0.55155826,0.5076641,18.641886,-6.829004e-08,0.0
8.055,0.0,0.2726912,0.6,0.2341648,0.55429196,0.5128749,16.630428,9.360211e-08,0.0
8.06,0.0,0.0,0.5536722,0.22095008,0.5568714,0.5177917,14.607479,-6.42973e-08,0.0
8.065,0.0,0.0,0.5536722,0.20848112,0.5593053,0.52243096,12.624793,-4.9665772e-08,0.0
8.07,0.0,0.0,0.5536722,0.19671582,0.5616019,0.52680844,10.728768,-1.2679779e-08,0.0
8.075,0.0,0.0,0.5536722,0.18561447,0.5637688,0.53093886,8.961007,-3.4863994e-09,0.0
8.08,0.294306,0.0,0.53858966,0.1751396,0.56433576,0.53483623,7.3588567,6.811412e-09,0.0
8.085,0.294306,0.0,0.53858966,0.16525587,0.54787725,0.53851366,5.9581227,-7.7545087e-10,0.0
8.09,0.294306,0.0,0.53858966,0.15592992,0.53234756,0.54198354,3.983226,1.7014467e-07,0.0
8.095,0.294306,0.0,0.53858966,0.14713027,0.5176943,0.5452576,1.5002176,-5.523239e-08,0.0
8.1,0.6,0.18884785,0.27218023,0.1388272,0.50263685,0.5481378,-1.4261392e-08,-5.434653e-09,0.0
8.105,0.6,0.18884785,0.27218023,0.13099271,0.47427133,0.5484501,8.263648e-09,-1.5693296e-08,0.0
8.11,0.6,0.18884785,0.27218023,0.12360035,0.44750658,0.5487448,7.0418147e-09,2.9019057e-08,0.0
8.115,0.6,0.18884785,0.27218023,0.11662516,0.42225227,0.54902285,2.9798736e-08,-1.3861025e-08,0.0
8.120000000000001,0.47165403,0.28748104,0.020188076,0.1113723,0.39842314,0.54921716,-2.865193e-09,-7.81287e-10,0.0
8.125,0.47165403,0.28748104,0.020188076,0.121695876,0.37593877,0.5486174,0.007992873,-4.6617004e-09,0.0
8.13,0.47165403,0.28748104,0.020188076,0.13143685,0.35472327,0.54805154,-9.737213e-09,-6.7129044e-08,0.0
8.135,0.47165403,0.28748104,0.020188076,0.14062811,0.33470502,0.5475176,0.14473109,-2.2343114e-08,0.0
8.14,0.22469549,0.1645461,0.34020168,0.1506808,0.31666908,0.545811,0.59442866,2.894467e-08,0.0
8.145,0.22469549,0.1645461,0.34020168,0.17603742,0.3094557,0.5303691,1.3969215,-2.8266056e-08,0.0
8.15,0.22469549,0.1645461,0.34020168,0.19996306,0.30264938,0.5157986,2.5564868,-2.692966e-09,0.0
8.155,0.22469549,0.1645461,0.34020168,0.22253852,0.29622716,0.5020504,4.017679,1.9884283e-08,0.0
8.16,0.6,0.35734916,0.38405737,0.24326052,0.29061267,0.48794037,5.675229,1.6391338e-07,0.0
8.165000000000001,0.6,0.35734916,0.38405737,0.25614953,0.29043594,0.4615435,7.421621,5.2881045e-08,0.0
8.17,0.6,0.35734916,0.38405737,0.26831117,0.2902692,0.4366363,9.123503,1.0327841e-07,0.0
8.175,0.6,0.35734916,0.38405737,0.2797865,0.29011184,0.4131347,10.685784,1.2462311e-07,0.0
8.18,0.6,0.5727853,0.6,0.2894993,0.28940836,0.39240414,12.075932,-5.8742426e-08,0.0
8.185,0.6,0.5727853,0.6,0.2858422,0.28236195,0.38945818,13.292405,8.843226e-08,0.0
8.19,0.6,0.5727853,0.6,0.2823915,0.2757132,0.38667846,14.780385,8.264817e-08,0.0
8.195,0.6,0.5727853,0.6,0.2791355,0.26943967,0.3840556,16.556408,1.1987905e-07,0.0
8.2,0.27213728,0.6,0.6,0.27775764,0.26439062,0.38177878,18.369278,1.4855331e-07,0.0
8.205,0.27213728,0.6,0.6,0.29594287,0.26963657,0.38190737,20.06729,2.7442558e-08,0.0
8.21,0.27213728,0.6,0.6,0.31310186,0.2745865,0.3820287,21.57733,7.138199e-08,0.0
8.215,0.27213728,0.6,0.6,0.3292925,0.2792571,0.38214317,22.957771,8.3242135e-08,0.0
8.22,0.1857574,0.5708431,0.6,0.34456944,0.2846367,0.3832261,24.268341,6.921789e-08,0.0
8.225,0.1857574,0.5708431,0.6,0.35898426,0.30089793,0.39545938,25.522186,7.741449e-08,0.0
8.23,0.1857574,0.5708431,0.6,0.3725856,0.31624147,0.4070023,26.67068,1.1964148e-07,0.0
8.235,0.1857574,0.5708431,0.6,0.38541937,0.3307191,0.41789383,27.662785,1.1367499e-08,0.0
8.24,0.40125126,0.6,0.6,0.3960487,0.3445026,0.4281707,28.478306,2.8814943e-08,0.0
8.245000000000001,0.40125126,0.6,0.6,0.38905594,0.3589212,0.4378676,29.110508,4.47541e-08,0.0
8.25,0.40125126,0.6,0.6,0.38245782,0.3725261,0.44701728,30.107,8.8035875e-08,0.0
8.255,0.40125126,0.6,0.6,0.37623206,0.38536325,0.45565063,31.447924,1.1048155e-07,0.0
8.26,0.38029662,0.6,0.6,0.36996767,0.3973443,0.46379676,32.777958,8.078931e-08,0.0
8.265,0.38029662,0.6,0.6,0.35957205,0.40713543,0.47148317,33.86983,1.5859758e-08,0.0
8.27,0.38029662,0.6,0.6,0.3497631,0.41637403,0.4787358,34.575546,2.6550149e-08,0.0
8.275,0.38029662,0.6,0.6,0.3405077,0.42509124,0.48557916,34.82336,2.5748664e-08,0.0
8.28,0.028850485,0.6,0.41010877,0.3327475,0.43344814,0.4920363,34.60797,-4.8165997e-08,0.0
8.285,0.028850485,0.6,0.41010877,0.3366134,0.44284722,0.49812907,33.97277,2.3799677e-08,0.0
8.290000000000001,0.028850485,0.6,0.41010877,0.34026113,0.4517159,0.503878,32.500523,5.72209e-09,0.0
8.295,0.028850485,0.6,0.41010877,0.343703,0.46008408,0.5093025,30.278854,-1.1729161e-07,0.0
8.3,0.0,0.6,0.6,0.34685606,0.46798003,0.51442087,27.703667,7.393213e-08,0.0
8.305,0.0,0.6,0.6,0.34874323,0.47543037,0.5192504,25.067255,-1.9744515e-08,0.0
8.31,0.0,0.6,0.6,0.3505239,0.48246026,0.52380735,22.57305,-8.048597e-08,0.0
8.315,0.0,0.6,0.6,0.35220405,0.48909342,0.52810717,20.359953,-1.7006204e-07,0.0
8.32,0.0,0.6,0.6,0.35220274,0.49535227,0.53130704,18.50809,3.7193736e-08,0.0
8.325,0.0,0.6,0.6,0.33395487,0.5012579,0.5244674,17.035034,-5.3575805e-10,0.0
8.33,0.0,0.6,0.6,0.3167368,0.5068303,0.5180138,16.369598,-7.7444476e-08,0.0
8.335,0.0,0.6,0.6,0.30049038,0.5120882,0.5119243,16.392859,-2.2973884e-08,0.0
8.34,0.0,0.49299517,0.6,0.28503057,0.5170494,0.50703585,16.677094,1.1656949e-07,0.0
8.345,0.0,0.49299517,0.6,0.26894534,0.52173054,0.51228213,16.918404,-1.561188e-08,0.0
8.35,0.0,0.49299517,0.6,0.25376785,0.52614754,0.51723236,16.91955,-4.281395e-08,0.0
8.355,0.0,0.49299517,0.6,0.23944686,0.5303153,0.5219032,16.574032,8.586949e-08,0.0
8.36,0.0,0.0,0.6,0.22593406,0.5342478,0.5263105,15.851937,3.6319754e-08,0.0
8.365,0.0,0.0,0.6,0.21318384,0.53795844,0.53046906,14.779325,-3.4284522e-08,0.0
8.370000000000001,0.0,0.0,0.6,0.20115314,0.5414597,0.53439295,13.419134,8.394908e-08,0.0
8.375,0.0,0.0,0.6,0.18980138,0.5447633,0.53809536,11.855517,6.554163e-08,0.0
8.38,0.33685675,0.0,0.5024369,0.17909025,0.54739743,0.54158884,10.183159,-1.7924151e-07,0.0
8.385,0.33685675,0.0,0.5024369,0.16898358,0.5443273,0.54488516,8.500339,-8.619238e-08,0.0
8.39,0.33685675,0.0,0.5024369,0.15944725,0.5414305,0.5479955,6.062899,-1.6437943e-07,0.0
8.395,0.33685675,0.0,0.5024369,0.1504491,0.5386971,0.5509303,2.938996,1.5730092e-07,0.0
8.4,0.6,0.11543328,0.36741507,0.14195874,0.5338923,0.5536995,-9.72655e-05,9.641453e-09,0.0
8.405,0.6,0.11543328,0.36741507,0.13394752,0.5037629,0.5563124,1.12867475e-08,-7.1847865e-08,0.0
8.41,0.6,0.11543328,0.36741507,0.1263884,0.47533384,0.5587778,-2.860987e-08,-1.38413085e-08,0.0
8.415000000000001,0.6,0.11543328,0.36741507,0.11925587,0.44850913,0.5611041,5.9235528e-09,-1.2844031e-08,0.0
8.42,0.37195745,0.023015125,0.3700477,0.114046656,0.42319822,0.5628587,8.165772e-09,-4.8842555e-08,0.0
8.425,0.37195745,0.023015125,0.3700477,0.12662059,0.3993157,0.5594489,2.6207656e-08,1.3566974e-10,0.0
8.43,0.37195745,0.023015125,0.3700477,0.13848494,0.37678096,0.5562315,5.2193933e-08,7.3814714e-09,0.0
8.435,0.37195745,0.023015125,0.3700477,0.14967974,0.35551792,0.55319566,0.07592812,1.6642264e-08,0.0
8.44,0.32319668,0.1495833,0.6,0.16143078,0.33597597,0.5497216,0.411172,7.529801e-08,0.0
8.445,0.32319668,0.1495833,0.6,0.18618074,0.32353,0.5394334,1.1274927,-1.4345045e-08,0.0
8.45,0.32319668,0.1495833,0.6,0.20953397,0.31178638,0.52972585,2.2709749,1.062475e-07,0.0
8.455,0.32319668,0.1495833,0.6,0.2315693,0.30070552,0.5205661,3.7948089,2.3678113e-07,0.0
8.46,0.47007632,0.32651317,0.6,0.25133157,0.28983274,0.5119352,5.581555,7.412023e-08,0.0
8.465,0.47007632,0.32651317,0.6,0.2581389,0.27477533,0.503928,7.501756,2.0031463e-08,0.0
8.47,0.47007632,0.32651317,0.6,0.26456207,0.26056764,0.49637267,9.399011,1.3980774e-07,0.0
8.475,0.47007632,0.32651317,0.6,0.27062276,0.24716173,0.48924372,11.165709,1.4441412e-07,0.0
8.48,0.35200083,0.36741722,0.6,0.2761213,0.23508379,0.48355523,12.7702,1.6930686e-07,0.0
8.485,0.35200083,0.36741722,0.6,0.27877793,0.2302587,0.4901266,14.438167,9.871078e-08,0.0
8.49,0.35200083,0.36741722,0.6,0.28128463,0.22570592,0.49632713,16.175144,1.4013509e-07,0.0
8.495000000000001,0.35200083,0.36741722,0.6,0.28364986,0.22141007,0.5021778,17.850857,1.2375287e-07,0.0
8.5,0.2149636,0.6,0.52916086,0.28654474,0.21815541,0.50769824,19.388182,6.5535e-08,0.0
8.505,0.2149636,0.6,0.52916086,0.29690206,0.22427042,0.51290715,20.753143,1.069686e-07,0.0
8.51,0.2149636,0.6,0.52916086,0.30667487,0.23004033,0.5178221,21.978737,8.6114035e-08,0.0
8.515,0.2149636,0.6,0.52916086,0.31589618,0.23548461,0.5224597,23.114603,2.9172554e-08,0.0
8.52,0.0,0.6,0.4246811,0.32406402,0.24080634,0.52683556,24.195852,3.3572576e-08,0.0
8.525,0.0,0.6,0.4246811,0.3256406,0.24795142,0.5309645,25.245977,7.0120976e-08,0.0
8.53,0.0,0.6,0.4246811,0.3271282,0.25469327,0.53486043,26.248755,2.2940423e-08,0.0
8.535,0.0,0.6,0.4246811,0.32853186,0.26105466,0.5385365,27.184002,1.0760645e-07,0.0
8.540000000000001,0.0,0.6,0.52477235,0.3292376,0.26810712,0.5416853,28.044085,7.73558e-08,0.0
8.545,0.0,0.6,0.52477235,0.32278875,0.28683695,0.5409785,28.783413,-1.0082152e-08,0.0
8.55,0.0,0.6,0.52477235,0.3167038,0.30450982,0.5403116,29.784998,1.0411939e-07,0.0
8.555,0.0,0.6,0.52477235,0.31096226,0.32118535,0.5396823,30.97479,8.121317e-08,0.0
8.56,0.0,0.6,0.6,0.30457425,0.3369198,0.5386169,32.033276,7.2173734e-08,0.0
8.565,0.0,0.6,0.6,0.2873861,0.35176632,0.5321871,32.767094,6.9116615e-09,0.0
8.57,0.0,0.6,0.6,0.2711679,0.365775,0.5261202,33.0027,1.14936945e-07,0.0
8.575000000000001,0.0,0.6,0.6,0.25586498,0.3789931,0.52039564,32.632942,2.1213346e-08,0.0
8.58,0.0,0.6,0.6,0.24142565,0.39146528,0.515446,31.644098,2.9433084e-08,0.0
8.585,0.0,0.6,0.6,0.22780117,0.40323362,0.5159723,30.085886,-8.555382e-08,0.0
8.59,0.0,0.6,0.6,0.21494558,0.4143378,0.51646894,28.051413,2.1099961e-08,0.0
8.595,0.0,0.6,0.6,0.20281547,0.42481536,0.51693755,25.65123,-3.869064e-09,0.0
8.6,0.0,0.24528809,0.59769624,0.1913699,0.43470162,0.5177193,23.001434,-6.251543e-08,0.0
8.605,0.0,0.24528809,0.59769624,0.18057024,0.44403,0.5223627,20.213547,-1.3152224e-07,0.0
8.61,0.0,0.24528809,0.59769624,0.17038006,0.4528319,0.52674407,17.38356,-2.7717755e-07,0.0
8.615,0.0,0.24528809,0.59769624,0.16076493,0.4611371,0.5308781,14.595463,7.066418e-08,0.0
8.620000000000001,0.20742485,0.0,0.4359349,0.15169242,0.4689736,0.5347789,11.94065,5.6213647e-08,0.0
8.625,0.20742485,0.0,0.4359349,0.1431319,0.47636786,0.53845954,9.512493,-2.9499882e-08,0.0
8.63,0.20742485,0.0,0.4359349,0.13505447,0.48334485,0.54193246,7.3890595,-1.6180651e-07,0.0
8.635,0.20742485,0.0,0.4359349,0.12743288,0.4899281,0.5452094,5.624567,1.0166478e-07,0.0
8.64,0.6,0.10457773,0.37160012,0.12024141,0.49453843,0.548291,4.2404304,-1.3470326e-08,0.0
8.645,0.6,0.10457773,0.37160012,0.11345578,0.4804724,0.55107915,3.2259626,-3.1165015e-08,0.0
8.65,0.6,0.10457773,0.37160012,0.107053086,0.46720013,0.5537099,1.830266,-1.3427929e-07,0.0
8.655,0.6,0.10457773,0.37160012,0.101011716,0.45467687,0.5561922,0.029349698,-2.9417425e-08,0.0
8.66,0.38299778,0.0,0.284978,0.09624773,0.44175294,0.5578041,1.5834835e-09,3.262847e-08,0.0
8.665000000000001,0.38299778,0.0,0.284978,0.10252184,0.41682333,0.5509266,1.00742215e-08,-3.8748684e-08,0.0
8.67,0.38299778,0.0,0.284978,0.108441874,0.39330056,0.5444372,1.2851551e-08,6.070114e-08,0.0
8.675,0.38299778,0.0,0.284978,0.11402782,0.37110528,0.53831404,1.6949468e-08,-1.2304316e-09,0.0
8.68,0.3146738,0.0,0.6,0.121070884,0.3506347,0.532246,2.1911413e-08,-1.0786689e-07,0.0
8.685,0.3146738,0.0,0.6,0.14809848,0.33674887,0.5231802,0.098560326,1.0100257e-07,0.0
8.69,0.3146738,0.0,0.6,0.17360082,0.32364666,0.514626,0.5400951,1.5489151e-08,0.0
8.695,0.3146738,0.0,0.6,0.19766398,0.31128386,0.5065546,1.4812953,4.6950206e-08,0.0
8.700000000000001,0.6,0.04820436,0.6,0.21938948,0.2991466,0.49854758,2.903142,2.4114488e-09,0.0
8.705,0.6,0.04820436,0.6,0.22862245,0.28226474,0.48649514,4.6752257,1.2098924e-07,0.0
8.71,0.6,0.04820436,0.6,0.23733437,0.26633558,0.47512284,6.584782,1.424211e-07,0.0
8.715,0.6,0.04820436,0.6,0.24555466,0.25130534,0.4643923,8.446448,4.1276596e-08,0.0
8.72,0.6,0.6,0.53378516,0.25300258,0.23712333,0.45568958,10.402743,1.16768e-07,0.0
8.725,0.6,0.6,0.53378516,0.2564829,0.22374165,0.4638335,12.426429,7.8641804e-08,0.0
8.73,0.6,0.6,0.53378516,0.25976682,0.21111515,0.47151786,14.362664,8.5586976e-08,0.0
8.735,0.6,0.6,0.53378516,0.2628654,0.1992012,0.47876856,16.118979,9.224592e-08,0.0
8.74,0.0,0.6,0.04710061,0.26707727,0.18817723,0.48561007,17.655643,1.2599465e-07,0.0
8.745000000000001,0.0,0.6,0.04710061,0.28586525,0.18027808,0.4920655,18.97406,1.1839567e-07,0.0
8.75,0.0,0.6,0.04710061,0.30359295,0.17282471,0.4981566,20.175045,6.409952e-08,0.0
8.755,0.0,0.6,0.04710061,0.32032022,0.16579196,0.503904,21.36522,6.4401576e-08,0.0
8.76,0.32849693,0.6,0.0,0.3361035,0.16164726,0.5090281,22.60434,7.261032e-08,0.0
8.765,0.32849693,0.6,0.0,0.35099608,0.186385,0.5104252,23.921778,6.096621e-08,0.0
8.77,0.32849693,0.6,0.0,0.36504823,0.2097267,0.5117435,25.32804,1.04638396e-07,0.0
8.775,0.32849693,0.6,0.0,0.37830737,0.23175116,0.5129874,26.821999,1.2927644e-07,0.0
8.78,0.43109074,0.6,0.0,0.38810945,0.2525327,0.51196384,28.39799,8.357716e-08,0.0
8.785,0.43109074,0.6,0.0,0.3662071,0.27214146,0.48573002,30.030384,3.326624e-08,0.0
8.790000000000001,0.43109074,0.6,0.0,0.3455408,0.29064363,0.46097666,32.05097,3.9374147e-08,0.0
8.795,0.43109074,0.6,0.0,0.32604074,0.30810165,0.43762022,34.191856,5.6015683e-08,0.0
8.8,0.3426663,0.6,0.0,0.3091242,0.32457447,0.4153692,35.94779,1.0895312e-07,0.0
8.805,0.3426663,0.6,0.0,0.31021747,0.34011766,0.39192852,37.037212,8.444622e-08,0.0
8.81,0.3426663,0.6,0.0,0.31124905,0.3547837,0.36981067,36.944477,2.0994701e-08,0.0
8.815,0.3426663,0.6,0.0,0.3122224,0.3686221,0.348941,35.734013,-4.215433e-08,0.0
8.82,0.24546896,0.6,0.0,0.313604,0.38167953,0.32924905,33.79905,-2.4917087e-08,0.0
8.825000000000001,0.24546896,0.6,0.0,0.32023418,0.3940001,0.3106684,31.457521,-6.647078e-08,0.0
8.83,0.24546896,0.6,0.0,0.3264902,0.4056254,0.29313633,28.975365,-6.2487885e-08,0.0
8.835,0.24546896,0.6,0.0,0.33239317,0.41659462,0.27659366,26.549572,-5.4033507e-09,0.0
8.84,0.49559137,0.32716778,0.0,0.3375638,0.42694482,0.26098454,24.313528,-3.2527648e-08,0.0
8.845,0.49559137,0.32716778,0.0,0.33785176,0.43671092,0.24625629,22.35618,1.41354946e-08,0.0
8.85,0.49559137,0.32716778,0.0,0.33812347,0.4459259,0.23235922,20.706701,4.2751125e-08,0.0
8.855,0.49559137,0.32716778,0.0,0.33837983,0.4546208,0.21924639,19.357174,-7.161631e-08,0.0
8.86,0.50677466,0.51605475,0.0,0.33818293,0.46282506,0.20687357,18.281092,-4.8165262e-08,0.0
8.865,0.50677466,0.51605475,0.0,0.33295077,0.4705663,0.19519898,17.98888,1.41141e-08,0.0
8.870000000000001,0.50677466,0.51605475,0.0,0.32801387,0.4778707,0.18418324,18.44382,5.4958157e-08,0.0
8.875,0.50677466,0.51605475,0.0,0.3233556,0.48476288,0.17378916,19.25638,4.776893e-08,0.0
8.88,0.24318562,0.18771982,0.0,0.3200894,0.49003434,0.16398165,20.140352,4.1118927e-08,0.0
8.885,0.24318562,0.18771982,0.0,0.32999358,0.48084322,0.15472761,20.91703,2.5283338e-08,0.0
8.89,0.24318562,0.18771982,0.0,0.33933884,0.4721708,0.1459958,20.069025,1.555348,0.0
8.895,0.24318562,0.18771982,0.0,0.3481567,0.4639878,0.13775675,17.763414,4.4383793,0.0
8.9,0.6,0.26388317,0.0,0.35652742,0.45711935,0.12998267,15.032477,7.4625583,0.0
8.905,0.6,0.26388317,0.0,0.3650064,0.46044528,0.1226473,12.52192,9.909127,0.0
8.91,0.6,0.26388317,0.0,0.37300685,0.46358353,0.1157259,11.447225,10.456804,0.0
8.915000000000001,0.6,0.26388317,0.0,0.38055584,0.46654466,0.10919509,11.866601,9.101718,0.0
8.92,0.5402307,0.280282,0.07862594,0.38648877,0.46785635,0.10303284,13.157728,6.5760612,0.0
8.925,0.5402307,0.280282,0.07862594,0.37840167,0.4520473,0.09721835,14.81319,3.4655833,0.0
8.93,0.5402307,0.280282,0.07862594,0.37077096,0.4371304,0.09173199,16.352152,0.31607518,0.0
8.935,0.5402307,0.280282,0.07862594,0.3635709,0.4230553,0.08655524,17.173166,5.4021267e-08,0.0
8.94,0.3996367,0.27116635,0.29504338,0.35838804,0.41011837,0.081670634,17.901138,4.3010324e-08,0.0
8.945,0.3996367,0.27116635,0.29504338,0.37202302,0.4018658,0.07706168,18.59065,4.2700364e-08,0.0
8.950000000000001,0.3996367,0.27116635,0.29504338,0.38488853,0.39407897,0.07271283,18.659357,0.48056307,0.0
8.955,0.3996367,0.27116635,0.29504338,0.397028,0.38673156,0.0686094,18.21163,1.2728173,0.0
8.96,0.6,0.6,0.2073306,0.40821257,0.37987286,0.06509251,17.697937,1.8680459,0.0
8.965,0.6,0.6,0.2073306,0.4156628,0.37425262,0.06585625,17.376652,1.9849726,0.0
8.97,0.6,0.6,0.2073306,0.4226926,0.36894953,0.06657688,17.342152,1.5318602,0.0
8.975,0.6,0.6,0.2073306,0.42932567,0.36394572,0.06725685,17.598007,0.5194993,0.0
8.98,0.44150928,0.6,0.6,0.4349497,0.35918313,0.06887551,17.93449,1.5455424e-08,0.0
8.985,0.44150928,0.6,0.6,0.43295687,0.35421604,0.08163893,18.400345,1.2314292e-08,0.0
8.99,0.44150928,0.6,0.6,0.4310765,0.34952927,0.09368207,19.713434,1.1372205e-07,0.0
8.995000000000001,0.44150928,0.6,0.6,0.42930225,0.345107,0.10504558,21.836346,1.6132333e-07,0.0
9.0,0.31457597,0.5374362,0.6,0.4285327,0.34241885,0.11537181,24.313843,4.1035003e-07,0.0
9.005,0.31457597,0.5374362,0.6,0.43820918,0.35695502,0.12056136,26.815527,1.6089575e-07,0.0
9.01,0.31457597,0.5374362,0.6,0.4473396,0.37067088,0.12545805,28.968224,0.07815,0.0
9.015,0.31457597,0.5374362,0.6,0.45595473,0.38361272,0.13007839,30.593372,0.47968873,0.0
9.02,0.27891624,0.5711749,0.6,0.46336818,0.3958242,0.13621077,31.728027,1.181602,0.0
9.025,0.27891624,0.5711749,0.6,0.4621346,0.40734655,0.16238397,32.438576,2.106626,0.0
9.03,0.27891624,0.5711749,0.6,0.46097064,0.41821864,0.18708014,33.658077,2.212941,0.0
9.035,0.27891624,0.5711749,0.6,0.45987236,0.4284772,0.21038263,35.392185,1.521631,0.0
9.040000000000001,0.36328655,0.6,0.6,0.458263,0.43787438,0.23237006,37.158882,0.5903201,0.0
9.045,0.36328655,0.6,0.6,0.45015424,0.44349298,0.25311667,38.633133,5.137518e-08,0.0
9.05,0.36328655,0.6,0.6,0.4425031,0.4487945,0.27269247,39.669502,0.058511928,0.0
9.055,0.36328655,0.6,0.6,0.43528372,0.45379686,0.29116356,40.329723,0.1336662,0.0
9.06,0.0,0.6,0.6,0.42831078,0.45866925,0.30859226,40.624565,6.097099e-09,0.0
9.065,0.0,0.6,0.6,0.41987994,0.46501833,0.3250374,40.51228,-8.639854e-09,0.0
9.07,0.0,0.6,0.6,0.41192487,0.4710091,0.34055448,40.049778,-1.4298226e-08,0.0
9.075000000000001,0.0,0.6,0.6,0.40441874,0.4766618,0.35519588,39.280212,-1.1800117e-08,0.0
9.08,0.0,0.6,0.6,0.39771712,0.48212564,0.369011,38.261536,2.1257645e-08,0.0
9.085,0.0,0.6,0.6,0.3957741,0.4887777,0.38204652,37.05945,3.1077708e-08,0.0
9.09,0.0,0.6,0.6,0.39394072,0.49505436,0.3943464,35.756134,-6.463013e-08,0.0
9.095,0.0,0.6,0.6,0.3922108,0.5009768,0.40595213,34.42836,6.0179325e-08,0.0
9.1,0.0,0.6,0.6,0.3889384,0.50656503,0.4169029,33.13354,-3.0047648e-08,0.0
9.105,0.0,0.6,0.6,0.36698928,0.5118379,0.4272357,31.903166,6.277416e-09,0.0
9.11,0.0,0.6,0.6,0.34627882,0.51681316,0.43698537,30.64116,-6.98479e-08,0.0
9.115,0.0,0.6,0.6,0.32673714,0.5215077,0.44618484,29.235342,6.5272566e-08,0.0
9.120000000000001,0.0,0.39754173,0.6,0.30829823,0.52593726,0.45486516,27.628473,-9.957649e-08,0.0
9.125,0.0,0.39754173,0.6,0.2908999,0.53011686,0.4630556,25.805607,1.7494743e-08,0.0
9.13,0.0,0.39754173,0.6,0.27448344,0.5340606,0.47078386,23.785816,-4.881257e-08,0.0
9.135,0.0,0.39754173,0.6,0.25899342,0.5377818,0.47807598,21.616232,-6.1685974e-08,0.0
9.14,0.0,0.0,0.6,0.24437754,0.54129297,0.48495656,19.362408,-2.2129568e-08,0.0
9.145,0.0,0.0,0.6,0.23058648,0.54460603,0.49144885,17.092648,-1.2158591e-07,0.0
9.15,0.0,0.0,0.6,0.2175737,0.5477321,0.49757478,14.866098,-1.6814487e-07,0.0
9.155,0.0,0.0,0.6,0.20529528,0.55068177,0.50335497,12.731809,-1.0793064e-07,0.0
9.16,0.2879418,0.0,0.4308374,0.19370976,0.5525509,0.508809,10.732067,-8.9758935e-08,0.0
9.165000000000001,0.2879418,0.0,0.4308374,0.18277806,0.5438032,0.5139552,8.906611,-1.4331544e-08,0.0
9.17,0.2879418,0.0,0.4308374,0.17246327,0.53554916,0.518811,6.4714317,-1.0294842e-07,0.0
9.175,0.2879418,0.0,0.4308374,0.16273057,0.5277609,0.52339274,3.4674194,-5.532584e-08,0.0
9.18,0.6,0.16180645,0.53266627,0.15354714,0.51861745,0.5277159,0.50753015,1.8561408e-08,0.0
9.185,0.6,0.16180645,0.53266627,0.14488195,0.4893501,0.53179514,6.051955e-09,-6.6785186e-09,0.0
9.19,0.6,0.16180645,0.53266627,0.13670577,0.4617344,0.5356442,9.193582e-09,-2.400524e-08,0.0
9.195,0.6,0.16180645,0.53266627,0.128991,0.43567717,0.539276,2.1835922e-08,9.99528e-09,0.0
9.200000000000001,0.48529223,0.2047075,0.012091613,0.12301155,0.41109043,0.54193914,1.2624329e-08,7.067438e-08,0.0
9.205,0.48529223,0.2047075,0.012091613,0.13231912,0.3878912,0.53566927,0.03915873,-3.2040234e-08,0.0
9.21,0.48529223,0.2047075,0.012091613,0.14110143,0.3660012,0.52975327,0.05823407,-1.1683052e-07,0.0
9.215,0.48529223,0.2047075,0.012091613,0.14938813,0.34534648,0.5241711,0.1996394,-3.6394223e-08,0.0
9.22,0.41733873,0.31984338,0.18787709,0.15861604,0.32658792,0.5193637,0.64523035,1.3056746e-07,0.0
9.225,0.41733873,0.31984338,0.18787709,0.18352485,0.31728873,0.5201144,1.4468561,3.4413663e-08,0.0
9.23,0.41733873,0.31984338,0.18787709,0.20702796,0.30851433,0.52082276,2.6194255,-2.2873378e-08,0.0
9.235,0.41733873,0.31984338,0.18787709,0.22920471,0.3002351,0.5214911,4.112176,3.9643464e-08,0.0
9.24,0.6,0.34454027,0.3291082,0.2496121,0.29261678,0.5197715,5.8178377,4.5439794e-08,0.0
9.245000000000001,0.6,0.34454027,0.3291082,0.26291233,0.28765577,0.4911214,7.6205955,1.3870427e-08,0.0
9.25,0.6,0.34454027,0.3291082,0.275462,0.28297472,0.46408814,9.39767,9.511903e-08,0.0
9.255,0.6,0.34454027,0.3291082,0.28730345,0.27855784,0.43858042,11.069348,2.6255685e-07,0.0
9.26,0.6,0.6,0.26422027,0.29816985,0.27491,0.41530582,12.609973,7.903406e-08,0.0
9.265,0.6,0.6,0.26422027,0.30489495,0.27744573,0.40247124,14.019019,4.0373568e-08,0.0
9.27,0.6,0.6,0.26422027,0.31124055,0.27983838,0.39036095,15.640342,8.986253e-08,0.0
9.275,0.6,0.6,0.26422027,0.31722805,0.282096,0.3789341,17.504944,1.6105594e-07,0.0
9.28,0.40830025,0.6,0.5867918,0.3237023,0.2843377,0.3687897,19.441093,7.384011e-08,0.0
9.285,0.40830025,0.6,0.5867918,0.33929473,0.28773513,0.36655033,21.34057,3.718126e-08,0.0
9.290000000000001,0.40830025,0.6,0.5867918,0.3540072,0.29094085,0.36443734,23.148935,5.3860326e-08,0.0
9.295,0.40830025,0.6,0.5867918,0.36788943,0.29396564,0.3624436,24.840816,1.3489289e-07,0.0
9.3,0.16102515,0.6,0.5262449,0.38098824,0.29797307,0.36026943,26.407976,9.2045276e-08,0.0
9.305,0.16102515,0.6,0.5262449,0.39334783,0.31501746,0.35484904,27.849895,2.6423805e-07,0.0
9.31,0.16102515,0.6,0.5262449,0.40500993,0.3311,0.34973454,29.111027,1.2908363e-07,0.0
9.315,0.16102515,0.6,0.5262449,0.4160139,0.34627494,0.34490868,30.1381,3.738143e-09,0.0
9.32,0.17743285,0.49632037,0.6,0.4255314,0.36059353,0.34181148,30.915216,4.2824535e-08,0.0
9.325000000000001,0.17743285,0.49632037,0.6,0.42455897,0.37410405,0.35563657,31.44674,-3.155888e-08,0.0
9.33,0.17743285,0.49632037,0.6,0.42364144,0.38685215,0.36868146,32.389736,1.1179858e-07,0.0
9.335,0.17743285,0.49632037,0.6,0.4227757,0.3988808,0.38099018,33.789276,1.5450095e-07,0.0
9.34,0.41880992,0.6,0.6,0.4208424,0.41023067,0.3923309,35.292423,1.3062046e-07,0.0
9.345,0.41880992,0.6,0.6,0.40618002,0.42094,0.39988813,36.65573,6.6357146e-08,0.0
9.35,0.41880992,0.6,0.6,0.3923451,0.43104497,0.40701887,37.657192,5.3355707e-09,0.0
9.355,0.41880992,0.6,0.6,0.37929094,0.44057968,0.4137472,38.151882,1.27962325e-08,0.0
9.36,0.0,0.6,0.4154826,0.36704752,0.44910824,0.4204288,38.095955,-4.6581365e-09,0.0
9.365,0.0,0.6,0.4154826,0.3563469,0.45177257,0.43056262,37.516003,-6.675026e-09,0.0
9.370000000000001,0.0,0.6,0.4154826,0.34625018,0.45428655,0.44012454,36.507736,4.348873e-08,0.0
9.375,0.0,0.6,0.4154826,0.33672324,0.45665866,0.44914687,35.18736,-2.6680091e-10,0.0
9.38,0.0,0.6,0.6,0.3288237,0.45936498,0.45766002,33.65849,-5.8634864e-08,0.0
9.385,0.0,0.6,0.6,0.3339019,0.4673015,0.46569276,32.012535,5.145278e-08,0.0
9.39,0.0,0.6,0.6,0.33869356,0.47479013,0.47327217,29.835285,7.4228105e-08,0.0
9.395,0.0,0.6,0.6,0.3432148,0.48185614,0.48042387,27.186903,-1.273914e-08,0.0
9.4,0.0,0.6,0.6,0.3455901,0.4885234,0.4863389,24.424782,3.865963e-08,0.0
9.405,0.0,0.6,0.6,0.3260873,0.4948144,0.48234025,21.798151,-2.1016099e-08,0.0
9.41,0.0,0.6,0.6,0.30768508,0.50075036,0.47856724,19.893204,-9.2576464e-08,0.0
9.415000000000001,0.0,0.6,0.6,0.29032135,0.50635135,0.47500718,18.70664,-1.5009473e-08,0.0
9.42,0.0,0.43803588,0.6,0.27393752,0.51163626,0.47248104,17.897533,4.7880796e-08,0.0
9.425,0.0,0.43803588,0.6,0.25847828,0.5166229,0.47967738,17.214525,-4.6744866e-08,0.0
9.43,0.0,0.43803588,0.6,0.24389148,0.52132815,0.4864676,16.491472,3.1625394e-08,0.0
9.435,0.0,0.43803588,0.6,0.23012786,0.52576786,0.49287462,15.629246,1.286024e-07,0.0
9.44,0.0,0.0,0.6,0.21714096,0.52995706,0.49892008,14.582405,5.3938248e-08,0.0
9.445,0.0,0.0,0.6,0.20488696,0.5339098,0.50462437,13.350431,-1.7491146e-07,0.0
9.450000000000001,0.0,0.0,0.6,0.19332449,0.5376395,0.5100067,11.964425,-1.14826705e-07,0.0
9.455,0.0,0.0,0.6,0.18241453,0.54115874,0.51508534,10.477338,-6.8631664e-08,0.0
9.46,0.23199438,0.0,0.45720306,0.17212026,0.54374814,0.5198774,8.955224,-4.6219129e-10,0.0
9.465,0.23199438,0.0,0.45720306,0.16240692,0.53778243,0.524399,7.4703293,7.3230715e-09,0.0
9.47,0.23199438,0.0,0.45720306,0.15324174,0.53215337,0.5286654,5.272879,-6.016736e-08,0.0
9.475,0.23199438,0.0,0.45720306,0.14459379,0.526842,0.53269106,2.427751,-9.1332524e-08,0.0
9.48,0.6,0.0,0.596001,0.13643387,0.51985276,0.53648955,-2.2504476e-07,4.389538e-08,0.0
9.485,0.6,0.0,0.596001,0.12873444,0.4905157,0.54007363,1.2916367e-08,-7.7253844e-08,0.0
9.49,0.6,0.0,0.596001,0.12146951,0.46283424,0.5434555,6.2146595e-09,3.4017962e-08,0.0
9.495000000000001,0.6,0.0,0.596001,0.114614576,0.43671492,0.5466465,2.802467e-09,5.519211e-08,0.0
9.5,0.4819083,0.14477567,0.2549573,0.10919386,0.41206962,0.5490127,3.5715866e-09,5.69032e-08,0.0
9.505,0.4819083,0.14477567,0.2549573,0.116123915,0.38881513,0.5438316,1.969245e-08,-6.13901e-08,0.0
9.51,0.4819083,0.14477567,0.2549573,0.12266288,0.36687297,0.5389428,7.75776e-09,1.7837595e-08,0.0
9.515,0.4819083,0.14477567,0.2549573,0.12883283,0.34616908,0.53432995,0.02556059,5.619114e-09,0.0
9.52,0.34246454,0.4564134,0.23855743,0.13631602,0.32663357,0.53060406,0.22283289,1.3482134e-08,0.0
9.525,0.34246454,0.4564134,0.23855743,0.16248329,0.30820054,0.53429466,0.71779114,-5.4424458e-08,0.0
9.53,0.34246454,0.4564134,0.23855743,0.18717384,0.29080772,0.53777695,1.6460326,7.552188e-08,0.0
9.535,0.34246454,0.4564134,0.23855743,0.21047103,0.27439645,0.5410627,3.0386348,8.778234e-09,0.0
9.540000000000001,0.57848877,0.5343521,0.23248783,0.23192033,0.25956494,0.54262334,4.794343,3.0599452e-08,0.0
9.545,0.57848877,0.5343521,0.23248783,0.246028,0.25308698,0.52638936,6.987484,1.0857792e-07,0.0
9.55,0.57848877,0.5343521,0.23248783,0.25933954,0.2469746,0.5110715,9.453736,2.4094885e-07,0.0
9.555,0.57848877,0.5343521,0.23248783,0.27189985,0.24120717,0.4966181,11.945754,6.850676e-08,0.0
9.56,0.6,0.5580428,0.18457949,0.2831218,0.23717216,0.4829063,14.333653,2.4141036e-07,0.0
9.565,0.6,0.5580428,0.18457949,0.2864707,0.24954468,0.46911687,16.557295,7.945365e-08,0.0
9.57,0.6,0.5580428,0.18457949,0.28963062,0.261219,0.45610562,18.55788,9.914591e-08,0.0
9.575000000000001,0.6,0.5580428,0.18457949,0.29261222,0.27223447,0.44382864,20.30007,7.3190925e-08,0.0
9.58,0.4088016,0.6,0.0,0.29649115,0.28298017,0.4322171,21.782808,-1.0510863e-07,0.0
9.585,0.4088016,0.6,0.0,0.31240523,0.29716596,0.42094567,23.003067,1.0021209e-08,0.0
9.59,0.4088016,0.6,0.0,0.32742122,0.3105512,0.41031036,23.98155,1.0807038e-07,0.0
9.595,0.4088016,0.6,0.0,0.3415898,0.32318103,0.40027523,24.75533,-2.2826645e-08,0.0
9.6,0.5196393,0.6,0.0,0.35505593,0.33520508,0.39059013,25.361113,2.2953843e-08,0.0
9.605,0.5196393,0.6,0.0,0.36887896,0.3477806,0.37896425,25.834682,-3.8875985e-08,0.0
9.61,0.5196393,0.6,0.0,0.38192192,0.3596464,0.36799446,26.210276,5.4261054e-08,0.0
9.615,0.5196393,0.6,0.0,0.39422882,0.3708426,0.35764372,26.516945,2.1523977e-08,0.0
9.620000000000001,0.5995972,0.6,0.38078487,0.40497798,0.3815964,0.3470438,26.777325,8.284762e-08,0.0
9.625,0.5995972,0.6,0.38078487,0.40519375,0.39392164,0.32745895,27.003452,-1.3297844e-09,0.0
9.63,0.5995972,0.6,0.38078487,0.40539736,0.40555134,0.30897933,27.146599,1.375096e-08,0.0
9.635,0.5995972,0.6,0.38078487,0.40558946,0.41652474,0.2915426,27.155264,4.7176183e-08,0.0
9.64,0.56416976,0.6,0.6,0.40627113,0.42687887,0.27508986,27.009945,3.48872e-09,0.0
9.645,0.56416976,0.6,0.6,0.41266888,0.4366487,0.2595656,26.715996,-3.819688e-08,0.0
9.65,0.56416976,0.6,0.6,0.41870558,0.44586718,0.24491742,26.321619,3.1193846e-08,0.0
9.655,0.56416976,0.6,0.6,0.4244016,0.45456544,0.2310959,25.882952,-3.4875582e-09,0.0
9.66,0.12779157,0.6,0.5657692,0.4301372,0.46277282,0.21977349,25.441996,1.2502718e-08,0.0
9.665000000000001,0.12779157,0.6,0.5657692,0.4397004,0.470517,0.2288599,25.02976,-6.3424976e-09,0.0
9.67,0.12779157,0.6,0.5657692,0.4487239,0.47782418,0.23743355,24.68764,-9.700001e-09,0.0
9.675,0.12779157,0.6,0.5657692,0.4572382,0.48471898,0.24552336,24.446922,9.2981525e-09,0.0
9.68,0.32274994,0.49789083,0.6,0.46511206,0.49122468,0.2541463,24.317348,-4.7966084e-09,0.0
9.685,0.32274994,0.49789083,0.6,0.47070223,0.49736324,0.273664,24.292776,-3.6953598e-09,0.0
9.69,0.32274994,0.49789083,0.6,0.4759769,0.5031554,0.29208025,24.3484,-2.2545386e-09,0.0
9.695,0.32274994,0.49789083,0.6,0.48095393,0.5086207,0.3094572,24.454453,1.3859275e-08,0.0
9.700000000000001,0.36707547,0.5665803,0.6,0.48367998,0.51377755,0.325699,24.585764,-4.4815156e-09,0.0
9.705,0.36707547,0.5665803,0.6,0.463596,0.5186434,0.339247,24.713383,-9.72919e-09,0.0
9.71,0.36707547,0.5665803,0.6,0.4446454,0.5232346,0.35203043,25.441982,1.2210249e-07,0.0
9.715,0.36707547,0.5665803,0.6,0.42676425,0.52756673,0.36409244,26.676258,1.131703e-07,0.0
9.72,0.0,0.6,0.52475363,0.41077238,0.5311934,0.3756283,27.927608,1.2127731e-07,0.0
9.725,0.0,0.6,0.52475363,0.405805,0.529314,0.38829035,28.89522,6.6247395e-08,0.0
9.73,0.0,0.6,0.52475363,0.40111792,0.5275407,0.40023786,28.674454,2.3383528e-08,0.0
9.735,0.0,0.6,0.52475363,0.39669535,0.52586746,0.41151112,27.23308,-1.290136e-08,0.0
9.74,0.0,0.6,0.6,0.39272246,0.5245988,0.4221482,25.085968,-1.8310402e-08,0.0
9.745000000000001,0.0,0.6,0.6,0.3912751,0.52696794,0.432185,22.636436,-1.8219944e-07,0.0
9.75,0.0,0.6,0.6,0.38990945,0.5292034,0.44165537,21.011414,-3.2203374e-08,0.0
9.755,0.0,0.6,0.6,0.38862085,0.5313127,0.4505913,20.479948,-7.183431e-09,0.0
9.76,0.0,0.6,0.6,0.38574776,0.5334539,0.45868322,20.69545,2.6396297e-08,0.0
9.765,0.0,0.6,0.6,0.36397868,0.53720933,0.4624118,21.347912,1.2897082e-08,0.0
9.77,0.0,0.6,0.6,0.34343812,0.5407528,0.46592996,22.05769,5.2750593e-08,0.0
9.775,0.0,0.6,0.6,0.32405674,0.54409635,0.46924958,22.512001,-1.483872e-08,0.0
9.78,0.0,0.18349913,0.6,0.30576912,0.54725116,0.47272158,22.540043,3.369008e-08,0.0
9.785,0.0,0.18349913,0.6,0.2885135,0.55022794,0.47990432,22.07924,9.282972e-08,0.0
9.790000000000001,0.0,0.18349913,0.6,0.2722317,0.55303675,0.48668173,21.143862,7.601972e-08,0.0
9.795,0.0,0.18349913,0.6,0.25686872,0.55568707,0.49307668,19.798082,-1.01430246e-07,0.0
9.8,0.0,0.0,0.6,0.24237274,0.5581878,0.49911073,18.135298,-1.507636e-07,0.0
9.805,0.0,0.0,0.6,0.22869481,0.5605474,0.50480425,16.258535,-2.2035412e-08,0.0
9.81,0.0,0.0,0.6,0.21578878,0.5627739,0.5101765,14.26712,-1.6601708e-08,0.0
9.815,0.0,0.0,0.6,0.20361109,0.5648747,0.51524556,12.251089,-2.4661668e-08,0.0
9.82,0.25732931,0.0,0.53310096,0.19212063,0.5649766,0.52002853,10.289338,6.7347614e-08,0.0
9.825000000000001,0.25732931,0.0,0.53310096,0.1812786,0.5434485,0.5245416,8.456286,-1.0197056e-07,0.0
9.83,0.25732931,0.0,0.53310096,0.17104843,0.52313536,0.5288,6.037569,1.6677811e-07,0.0
9.835,0.25732931,0.0,0.53310096,0.16139558,0.50396854,0.5328181,3.1550388,-2.4796082e-08,0.0
9.84,0.6,0.07180996,0.23927777,0.15228748,0.4850549,0.5366094,0.46465898,-2.5219686e-07,0.0
9.845,0.6,0.07180996,0.23927777,0.14369339,0.4576816,0.54018676,1.2174856e-08,-3.56368e-08,0.0
9.85,0.6,0.07180996,0.23927777,0.13558428,0.43185306,0.54356223,-6.8726265e-09,-4.209258e-08,0.0
9.855,0.6,0.07180996,0.23927777,0.1279328,0.40748212,0.5467472,0.042769197,3.9811955e-08,0.0
9.86,0.5007908,0.41124332,0.041169155,0.12187488,0.3844865,0.5494504,0.18196765,-2.067104e-08,0.0
9.865,0.5007908,0.41124332,0.041169155,0.12951903,0.36278862,0.5485277,0.4568694,3.0876695e-08,0.0
9.870000000000001,0.5007908,0.41124332,0.041169155,0.1367318,0.34231523,0.54765713,0.7383564,9.543326e-08,0.0
9.875,0.5007908,0.41124332,0.041169155,0.14353754,0.3229972,0.54683566,1.0872284,6.784763e-08,0.0
9.88,0.24285772,0.33990327,0.2304851,0.15150625,0.3050936,0.54473406,1.6299444,8.502259e-08,0.0
9.885,0.24285772,0.33990327,0.2304851,0.17681628,0.2919286,0.5274961,2.398886,7.12645e-08,0.0
9.89,0.24285772,0.33990327,0.2304851,0.20069799,0.27950653,0.51123095,3.4477746,7.542086e-08,0.0
9.895,0.24285772,0.33990327,0.2304851,0.22323197,0.26778552,0.4958837,4.787321,-2.2980224e-08,0.0
9.9,0.6,0.39135426,0.2543316,0.24404638,0.25825837,0.48050815,6.3616233,1.6688581e-07,0.0
9.905,0.6,0.39135426,0.2543316,0.25853533,0.26689184,0.45571476,8.326795,6.7787575e-08,0.0
9.91,0.6,0.39135426,0.2543316,0.27220663,0.2750381,0.43232054,10.5973625,1.6357991e-07,0.0
9.915000000000001,0.6,0.39135426,0.2543316,0.28510642,0.28272462,0.41024652,12.965618,9.501797e-08,0.0
9.92,0.6,0.50840867,0.19251288,0.29611373,0.2896553,0.39027292,15.302418,1.2338309e-07,0.0
9.925,0.6,0.50840867,0.19251288,0.2931083,0.29249096,0.38125554,17.528973,1.19115406e-07,0.0
9.93,0.6,0.50840867,0.19251288,0.2902725,0.2951666,0.37274703,20.01747,8.737179e-08,0.0
9.935,0.6,0.50840867,0.19251288,0.28759673,0.29769126,0.3647187,22.681782,1.0823554e-07,0.0
9.94,0.46153623,0.5250208,0.11894152,0.28668433,0.3003057,0.3572511,25.187643,1.031229e-07,0.0
9.945,0.46153623,0.5250208,0.11894152,0.3043658,0.30544388,0.35144302,27.351995,1.5392864e-07,0.0
9.950000000000001,0.46153623,0.5250208,0.11894152,0.32104945,0.3102921,0.3459627,28.721039,1.08607054e-07,0.0
9.955,0.46153623,0.5250208,0.11894152,0.33679157,0.31486672,0.34079164,29.337484,3.4476614e-08,0.0
9.96,0.45168316,0.6,0.41564587,0.35164532,0.31971163,0.3356333,29.514652,-1.27950734e-08,0.0
9.965,0.45168316,0.6,0.41564587,0.36566082,0.33036044,0.32755652,29.473982,2.9107227e-08,0.0
9.97,0.45168316,0.6,0.41564587,0.3788854,0.34040833,0.31993556,29.339203,2.3818885e-08,0.0
9.975,0.45168316,0.6,0.41564587,0.39136365,0.34988916,0.31274468,29.180717,-4.0811394e-09,0.0
9.98,0.4906498,0.6,0.6,0.40251258,0.35890996,0.30562744,29.04537,-3.4168128e-08,0.0
9.985,0.4906498,0.6,0.6,0.4058435,0.36828417,0.2950921,28.958347,-4.7509026e-08,0.0
9.99,0.4906498,0.6,0.6,0.40898642,0.37712935,0.28515133,28.894184,-7.3922946e-10,0.0
9.995000000000001,0.4906498,0.6,0.6,0.411952,0.38547537,0.27577156,28.817457,9.41202e-09,0.0
10.0,0.25205052,0.6,0.6,0.41470572,0.3936889,0.26826063,28.70816,-2.0296131e-08,0.0
10.005,0.25205052,0.6,0.6,0.41679248,0.40533173,0.27657807,28.55597,-2.3992934e-08,0.0
10.01,0.25205052,0.6,0.6,0.4187615,0.41631752,0.28442615,28.342232,-1.2289489e-09,0.0
10.015,0.25205052,0.6,0.6,0.42061937,0.42668337,0.2918313,28.05151,-5.769679e-09,0.0
10.02,0.319237,0.5902422,0.6,0.42254832,0.43646422,0.29965088,27.681738,-2.3789717e-08,0.0
10.025,0.319237,0.5902422,0.6,0.4263915,0.4456931,0.3166006,27.242107,-7.013355e-09,0.0
10.03,0.319237,0.5902422,0.6,0.43001783,0.45440117,0.3325938,26.757568,-2.5655936e-08,0.0
10.035,0.319237,0.5902422,0.6,0.4334395,0.4626178,0.34768444,26.256817,8.910603e-09,0.0
10.040000000000001,0.41424206,0.6,0.5352617,0.43559086,0.47037077,0.36192346,25.762941,-2.4001839e-08,0.0
10.045,0.41424206,0.6,0.5352617,0.42523307,0.4776862,0.37535894,25.287565,-1.0065418e-08,0.0
10.05,0.41424206,0.6,0.5352617,0.41545978,0.48458877,0.3880362,25.455868,2.7491561e-08,0.0
10.055,0.41424206,0.6,0.5352617,0.40623805,0.49110183,0.39999804,26.250124,5.2432714e-08,0.0
10.06,0.0,0.6,0.4931484,0.39784005,0.4972033,0.41128483,27.255253,1.0264206e-07,0.0
10.065,0.0,0.6,0.4931484,0.39340422,0.5024538,0.42193466,28.18953,5.2927895e-08,0.0
10.07,0.0,0.6,0.4931484,0.38921872,0.507408,0.4319835,28.907572,3.1563088e-10,0.0
10.075000000000001,0.0,0.6,0.4931484,0.3852694,0.51208264,0.44146526,29.350557,-6.303704e-10,0.0
10.08,0.0,0.6,0.6,0.3819719,0.5165375,0.45011964,29.507639,-3.755533e-08,0.0
10.085,0.0,0.6,0.6,0.38379303,0.52124757,0.4549245,29.40233,-1.10512035e-08,0.0
10.09,0.0,0.6,0.6,0.38551137,0.5256918,0.4594582,28.486528,-6.314685e-08,0.0
10.095,0.0,0.6,0.6,0.38713273,0.5298853,0.46373606,26.784037,-1.2190016e-07,0.0
10.1,0.0,0.6,0.6,0.38679245,0.5338421,0.46758237,24.69533,-7.977972e-08,0.0
10.105,0.0,0.6,0.6,0.36496443,0.5375756,0.46902516,23.136698,2.2229733e-08,0.0
10.11,0.0,0.6,0.6,0.34436825,0.5410984,0.47038653,22.224352,2.6775588e-08,0.0
10.115,0.0,0.6,0.6,0.32493436,0.54442245,0.47167107,21.598656,6.2969086e-08,0.0
10.120000000000001,0.0,0.35123706,0.6,0.3065972,0.5475589,0.47336552,21.00797,-1.6850679e-08,0.0
10.125,0.0,0.35123706,0.6,0.28929487,0.55051833,0.48051193,20.293621,-1.8687524e-08,0.0
10.13,0.0,0.35123706,0.6,0.27296898,0.55331075,0.48725507,19.373068,-8.378694e-08,0.0
10.135,0.0,0.35123706,0.6,0.2575644,0.5559456,0.49361765,18.221071,4.90588e-08,0.0
10.14,0.0,0.0,0.6,0.24302916,0.55843174,0.49962118,16.853079,-7.0439256e-08,0.0
10.145,0.0,0.0,0.6,0.2293142,0.5607776,0.5052859,15.309623,-6.2249725e-08,0.0
10.15,0.0,0.0,0.6,0.2163732,0.5629911,0.51063097,13.644463,7.290748e-08,0.0
10.155,0.0,0.0,0.6,0.20416252,0.5650796,0.51567435,11.917658,-1.1865208e-08,0.0
10.16,0.28776821,0.0,0.6,0.19264093,0.5659272,0.5204331,10.190828,-5.8138315e-08,0.0
10.165000000000001,0.28776821,0.0,0.6,0.18176955,0.5538115,0.5249234,8.528253,-7.085102e-08,0.0
10.17,0.28776821,0.0,0.6,0.17151168,0.5423795,0.5291602,6.1663046,-5.7147314e-08,0.0
10.175,0.28776821,0.0,0.6,0.16183269,0.53159267,0.53315794,3.18506,5.8889626e-08,0.0
10.18,0.6,0.013959003,0.3028104,0.15269992,0.51982886,0.5369301,0.24172086,8.6629456e-08,0.0
10.185,0.6,0.013959003,0.3028104,0.14408255,0.49049315,0.5404893,1.17110455e-08,-3.7646384e-08,0.0
10.19,0.6,0.013959003,0.3028104,0.13595147,0.46281296,0.5438477,-3.683343e-09,-1.711668e-08,0.0
10.195,0.6,0.013959003,0.3028104,0.12827927,0.43669486,0.54701656,-8.796217e-10,-6.7524804e-09,0.0
10.200000000000001,0.4308292,0.12822126,0.24066196,0.12233921,0.4120507,0.5500066,-6.4276144e-09,-2.3829697e-08,0.0
10.205,0.4308292,0.12822126,0.24066196,0.13167493,0.38879728,0.55282795,0.0290495,-1.758698e-08,0.0
10.21,0.4308292,0.12822126,0.24066196,0.14048381,0.36685613,0.55549,0.032971352,-4.651008e-08,0.0
10.215,0.4308292,0.12822126,0.24066196,0.14879557,0.3461532,0.5580019,0.16169603,-6.923049e-09,0.0
10.22,0.3021012,0.21053056,0.6,0.1580479,0.3266816,0.55903023,0.59905994,-4.3862393e-08,0.0
10.225,0.3021012,0.21053056,0.6,0.18298876,0.3090336,0.54457086,1.4008496,1.1951917e-07,0.0
10.23,0.3021012,0.21053056,0.6,0.20652214,0.29238153,0.5309275,2.6065862,-2.8328448e-09,0.0
10.235,0.3021012,0.21053056,0.6,0.22872743,0.2766692,0.51805407,4.18569,1.8891669e-07,0.0
10.24,0.44635457,0.34223908,0.6,0.24891585,0.26235944,0.50562656,6.0293083,1.0182468e-07,0.0
10.245000000000001,0.44635457,0.34223908,0.6,0.25918183,0.25478956,0.4906737,8.013309,1.09369374e-07,0.0
10.25,0.44635457,0.34223908,0.6,0.26886848,0.24764688,0.47656468,9.981486,8.840632e-09,0.0
10.255,0.44635457,0.34223908,0.6,0.27800846,0.24090728,0.4632519,12.064155,1.5702213e-07,0.0
10.26,0.27312425,0.44466534,0.6,0.28605148,0.23491962,0.45231268,14.23771,1.2534538e-07,0.0
10.265,0.27312425,0.44466534,0.6,0.28695723,0.23354326,0.46064717,16.363594,1.6613984e-07,0.0
10.27,0.27312425,0.44466534,0.6,0.28781185,0.23224458,0.4685113,18.100422,-7.3803803e-09,0.0
10.275,0.27312425,0.44466534,0.6,0.28861824,0.23101918,0.47593167,19.349466,4.3678973e-08,0.0
10.28,0.32353127,0.6,0.6,0.2900304,0.23045756,0.48293328,20.200447,6.318034e-08,0.0
10.285,0.32353127,0.6,0.6,0.2988523,0.23676577,0.48953977,20.74445,-9.2565156e-09,0.0
10.290000000000001,0.32353127,0.6,0.6,0.30717635,0.242718,0.49577343,21.337414,5.873009e-08,0.0
10.295,0.32353127,0.6,0.6,0.31503066,0.2483343,0.5016553,22.1107,-1.307712e-09,0.0
10.3,0.043524295,0.6,0.4597649,0.32165965,0.2540961,0.5072052,23.015358,2.843531e-08,0.0
10.305,0.043524295,0.6,0.4597649,0.31892064,0.26485056,0.51244193,24.004517,8.0589466e-08,0.0
10.31,0.043524295,0.6,0.4597649,0.31633618,0.27499813,0.51738316,25.517216,8.2365744e-08,0.0
10.315,0.043524295,0.6,0.4597649,0.31389758,0.28457302,0.5220455,27.488367,2.0729216e-07,0.0
10.32,0.0,0.6,0.6,0.31182417,0.29430887,0.52644473,29.544409,2.6818333e-07,0.0
10.325000000000001,0.0,0.6,0.6,0.31248486,0.31156006,0.5305957,31.433964,-8.068999e-09,0.0
10.33,0.0,0.6,0.6,0.31310824,0.3278377,0.53451246,32.47522,6.244665e-08,0.0
10.335,0.0,0.6,0.6,0.31369644,0.34319675,0.5382081,32.524094,3.6838323e-08,0.0
10.34,0.0,0.6,0.4794396,0.31298733,0.35768902,0.5410621,31.822636,-2.8556807e-08,0.0
10.345,0.0,0.6,0.4794396,0.2977806,0.37136346,0.5364742,31.094257,-1.0996433e-08,0.0
10.35,0.0,0.6,0.4794396,0.28343207,0.3842662,0.53214526,30.463823,-1.6746861e-07,0.0
10.355,0.0,0.6,0.4794396,0.26989326,0.3964408,0.5280606,29.704784,-1.7403266e-08,0.0
10.36,0.0,0.5455769,0.6,0.25692198,0.40792835,0.5248396,28.691721,9.840746e-08,0.0
10.365,0.0,0.5455769,0.6,0.242423,0.4187676,0.52908117,27.372965,-1.8395548e-07,0.0
10.370000000000001,0.0,0.5455769,0.6,0.22874224,0.42899516,0.5330834,25.741081,-1.3842387e-07,0.0
10.375,0.0,0.5455769,0.6,0.21583354,0.43864554,0.5368597,23.824852,-4.6656965e-08,0.0
10.38,0.0,0.34533274,0.6,0.20365332,0.4477513,0.5398786,21.683004,-3.7106442e-08,0.0
10.385,0.0,0.34533274,0.6,0.19216047,0.45634323,0.53646785,19.386833,-3.086464e-08,0.0
10.39,0.0,0.34533274,0.6,0.1813162,0.46445027,0.53324956,17.000599,-2.0535427e-09,0.0
10.395,0.0,0.34533274,0.6,0.17108391,0.4720998,0.5302129,14.591303,-5.660304e-08,0.0
10.4,0.22203551,0.14569166,0.3109638,0.16142906,0.47907194,0.5278919,12.236287,9.927338e-08,0.0
10.405,0.22203551,0.14569166,0.3109638,0.15231907,0.48282504,0.5319612,10.019419,2.536344e-08,0.0
10.41,0.22203551,0.14569166,0.3109638,0.14372319,0.48636633,0.5358009,8.03209,-7.704749e-08,0.0
10.415000000000001,0.22203551,0.14569166,0.3109638,0.1356124,0.4897078,0.5394238,6.343574,1.1402149e-09,0.0
10.42,0.6,0.080633804,0.569452,0.12795933,0.49195665,0.5428423,4.9894447,-8.9898016e-08,0.0
10.425,0.6,0.080633804,0.569452,0.12073815,0.48368216,0.54606795,3.9718802,-1.617879e-08,0.0
10.43,0.6,0.080633804,0.569452,0.11392448,0.47587463,0.54911155,2.5218773,4.648865e-08,0.0
10.435,0.6,0.080633804,0.569452,0.10749534,0.4685077,0.55198336,0.59968925,2.0608567e-08,0.0
10.44,0.43949226,0.16060235,0.0467256,0.102431424,0.4606552,0.5533882,-3.3108434e-09,1.591183e-09,0.0
10.445,0.43949226,0.16060235,0.0467256,0.10918109,0.44288075,0.53970736,-9.6023065e-09,-5.1736393e-09,0.0
10.450000000000001,0.43949226,0.16060235,0.0467256,0.11554985,0.42610934,0.5267986,2.3432394e-08,-9.755345e-08,0.0
10.455,0.43949226,0.16060235,0.0467256,0.121559195,0.41028443,0.51461834,1.2188619e-08,8.104246e-08,0.0
10.46,0.33047426,0.0,0.51124036,0.1289358,0.39505884,0.5042924,-2.292971e-09,-2.384344e-08,0.0
10.465,0.33047426,0.0,0.51124036,0.15551956,0.37731478,0.5079696,2.2740572e-08,1.41840975e-08,0.0
10.47,0.33047426,0.0,0.51124036,0.18060312,0.36057207,0.51143926,0.18803386,-1.0107914e-08,0.0
10.475,0.33047426,0.0,0.51124036,0.20427111,0.3447742,0.5147131,0.81087,1.667454e-08,0.0
10.48,0.6,0.20289679,0.6,0.2258788,0.33022887,0.51544225,1.9639091,4.9272654e-08,0.0
10.485,0.6,0.20289679,0.6,0.23793374,0.32065627,0.48899096,3.5774896,4.5523983e-08,0.0
10.49,0.6,0.20289679,0.6,0.24930838,0.31162387,0.4640324,5.433517,5.186561e-08,0.0
10.495000000000001,0.6,0.20289679,0.6,0.2600411,0.3031012,0.44048238,7.311877,1.1957934e-07,0.0
10.5,0.6,0.6,0.6,0.26967594,0.29433444,0.42035848,9.075279,2.148479e-07,0.0
10.505,0.6,0.6,0.6,0.273107,0.27772415,0.42548725,10.666556,-9.400454e-08,0.0
10.51,0.6,0.6,0.6,0.27634442,0.26205122,0.43032658,12.086101,1.2150142e-07,0.0
10.515,0.6,0.6,0.6,0.27939916,0.24726278,0.43489283,13.358808,8.446746e-09,0.0
10.52,0.15616816,0.6,0.6,0.28349832,0.2342249,0.4396021,14.517368,1.0649837e-07,0.0
10.525,0.15616816,0.6,0.6,0.3013596,0.23245695,0.4486539,15.821315,1.18553366e-07,0.0
10.53,0.15616816,0.6,0.6,0.3182129,0.23078877,0.4571949,17.360758,4.335012e-08,0.0
10.535,0.15616816,0.6,0.6,0.33411512,0.22921473,0.4652539,18.852451,3.428488e-08,0.0
10.540000000000001,0.11227808,0.51922166,0.6,0.3491199,0.2295223,0.47285807,20.218964,1.0542526e-07,0.0
10.545,0.11227808,0.51922166,0.6,0.3632779,0.25042963,0.48003313,21.75434,-2.3592136e-08,0.0
10.55,0.11227808,0.51922166,0.6,0.37663695,0.27015707,0.48680326,23.525654,1.7566649e-08,0.0
10.555,0.11227808,0.51922166,0.6,0.38924208,0.28877124,0.49319133,25.444826,1.8268247e-07,0.0
10.56,0.2282521,0.6,0.54747087,0.3991321,0.30633494,0.4992189,27.34331,-3.3674077e-08,0.0
10.565,0.2282521,0.6,0.54747087,0.38542083,0.32290748,0.50490636,29.047062,1.918571e-07,0.0
10.57,0.2282521,0.6,0.54747087,0.3724833,0.33854476,0.5102728,30.967697,1.2709073e-07,0.0
10.575000000000001,0.2282521,0.6,0.54747087,0.36027592,0.35329956,0.5153364,32.997375,8.0883495e-08,0.0
10.58,0.0,0.6,0.5138876,0.3485593,0.36685702,0.52011424,34.744358,1.08182874e-07,0.0
10.585,0.0,0.6,0.5138876,0.33522514,0.37545547,0.52462244,35.981815,2.315554e-08,0.0
10.59,0.0,0.6,0.5138876,0.32264346,0.38356867,0.52887625,36.61099,-1.8865363e-09,0.0
10.595,0.0,0.6,0.5138876,0.31077182,0.39122403,0.53289,36.622913,-1.9585052e-08,0.0
10.6,0.0,0.6,0.5225011,0.30009374,0.39881206,0.53644013,36.065033,-5.6549368e-08,0.0
10.605,0.0,0.6,0.5225011,0.29603946,0.4101658,0.53706264,35.018486,3.4543546e-09,0.0
10.61,0.0,0.6,0.5225011,0.29221398,0.42087877,0.53765,33.60068,-8.693503e-09,0.0
10.615,0.0,0.6,0.5225011,0.28860438,0.43098718,0.5382042,31.931208,-1.7151354e-08,0.0
10.620000000000001,0.0,0.6,0.6,0.284168,0.44052514,0.53857553,30.111025,-2.0472184e-08,0.0
10.625,0.0,0.6,0.6,0.26813143,0.44952485,0.53718233,28.216423,-7.484879e-08,0.0
10.63,0.0,0.6,0.6,0.25299987,0.45801666,0.53586775,26.222609,2.9582283e-08,0.0
10.635,0.0,0.6,0.6,0.23872222,0.46602926,0.5346273,24.100983,5.4929984e-08,0.0
10.64,0.0,0.2967019,0.6,0.2252503,0.4735897,0.5334958,21.870176,-3.355352e-08,0.0
10.645,0.0,0.2967019,0.6,0.21253866,0.48072344,0.5328753,19.572199,-4.5159563e-08,0.0
10.65,0.0,0.2967019,0.6,0.20054437,0.48745462,0.53228986,17.252842,1.2713414e-07,0.0
10.655,0.0,0.2967019,0.6,0.18922697,0.49380594,0.53173745,14.954541,5.4880367e-08,0.0
10.66,0.0,0.0,0.49605384,0.17854825,0.49979883,0.5315661,12.7238,-1.9399916e-08,0.0
10.665000000000001,0.0,0.0,0.49605384,0.16847216,0.5054535,0.53542805,10.616106,-7.9916425e-08,0.0
10.67,0.0,0.0,0.49605384,0.1589647,0.5107891,0.53907204,8.693174,2.9141475e-08,0.0
10.675,0.0,0.0,0.49605384,0.14999378,0.5158236,0.5425104,7.004742,-9.790407e-08,0.0
10.68,0.17965525,0.0,0.47761318,0.14152911,0.5192047,0.54575473,5.5816855,4.9569515e-08,0.0
10.685,0.17965525,0.0,0.47761318,0.13354215,0.50664806,0.54881597,4.436188,5.228244e-08,0.0
10.69,0.17965525,0.0,0.47761318,0.12600592,0.4948001,0.55170447,2.8114562,-6.050599e-08,0.0
10.695,0.17965525,0.0,0.47761318,0.11889497,0.48362073,0.55442995,0.718313,-1.9165611e-08,0.0
10.700000000000001,0.6,0.0,0.41702452,0.11218532,0.47173277,0.5565323,1.4913885e-08,-6.807135e-09,0.0
10.705,0.6,0.0,0.41702452,0.105854325,0.44511127,0.5531193,3.732565e-09,-4.8452076e-08,0.0
10.71,0.6,0.0,0.41702452,0.099880606,0.41999212,0.5498989,-1.35933975e-08,-1.2337722e-08,0.0
10.715,0.6,0.0,0.41702452,0.094244,0.39629054,0.5468603,-2.2038167e-08,5.78179e-08,0.0
10.72,0.50607073,0.37335092,0.0,0.08973658,0.37392652,0.54390985,4.9226343e-09,-7.2044074e-08,0.0
10.725,0.50607073,0.37335092,0.0,0.094811,0.35282457,0.5401685,-1.0590845e-08,7.41053e-08,0.0
10.73,0.50607073,0.37335092,0.0,0.09959905,0.3329135,0.5366383,-2.050451e-08,-5.088051e-08,0.0
10.735,0.50607073,0.37335092,0.0,0.104116894,0.31412604,0.5333073,0.044299386,4.620596e-08,0.0
10.74,0.28123719,0.30189854,0.12602526,0.110277504,0.29639885,0.5298908,0.24409807,3.6151174e-08,0.0
10.745000000000001,0.28123719,0.30189854,0.12602526,0.13791421,0.27967206,0.52352136,0.6755011,-5.022321e-08,0.0
10.75,0.28123719,0.30189854,0.12602526,0.16399129,0.2638892,0.51751137,1.467415,8.88646e-08,0.0
10.755,0.28123719,0.30189854,0.12602526,0.18859676,0.24899703,0.5118406,2.88419,5.454044e-08,0.0
10.76,0.48059824,0.50800717,0.019710893,0.21138959,0.23663084,0.5046071,4.8502226,2.0875443e-07,0.0
10.765,0.48059824,0.50800717,0.019710893,0.22801945,0.24434642,0.4761304,7.1048627,8.4185416e-08,0.0
10.77,0.48059824,0.50800717,0.019710893,0.24371083,0.25162658,0.44926074,9.424154,1.8073685e-07,0.0
10.775,0.48059824,0.50800717,0.019710893,0.2585167,0.2584959,0.42390743,11.673126,1.5618309e-07,0.0
10.78,0.6,0.5476471,0.08813405,0.27147198,0.26465496,0.40055385,13.801025,7.2423294e-09,0.0
10.785,0.6,0.5476471,0.08813405,0.27202305,0.26675674,0.38506126,15.794493,1.02154125e-07,0.0
10.790000000000001,0.6,0.5476471,0.08813405,0.27254304,0.2687399,0.370443,17.591656,-6.674254e-08,0.0
10.795,0.6,0.5476471,0.08813405,0.27303368,0.27061117,0.35664967,19.13874,1.5971041e-07,0.0
10.8,0.5365019,0.6,0.019435449,0.2743967,0.27330732,0.34315476,20.423145,1.0955257e-07,0.0
10.805,0.5365019,0.6,0.019435449,0.28603333,0.28655225,0.32490173,21.461653,3.6356624e-08,0.0
10.81,0.5365019,0.6,0.019435449,0.29701328,0.2990497,0.30767876,22.303362,9.0977295e-08,0.0
10.815,0.5365019,0.6,0.019435449,0.3073736,0.3108419,0.29142776,22.974312,5.2249884e-08,0.0
10.82,0.48354796,0.6,0.1360638,0.31768832,0.32214755,0.27640277,23.486753,1.8543771e-08,0.0
10.825000000000001,0.48354796,0.6,0.1360638,0.33362013,0.33487326,0.26577812,23.862005,4.7093933e-09,0.0
10.83,0.48354796,0.6,0.1360638,0.34865287,0.34688082,0.25575307,24.148933,7.645144e-09,0.0
10.835,0.48354796,0.6,0.1360638,0.36283726,0.35821074,0.24629375,24.395962,1.1052592e-08,0.0
10.84,0.6,0.6,0.37503144,0.37593448,0.36913764,0.23705812,24.63505,-1.3378677e-08,0.0
10.845,0.6,0.6,0.37503144,0.38499585,0.382166,0.22477692,24.882902,2.8300201e-08,0.0
10.85,0.6,0.6,0.37503144,0.39354584,0.39445913,0.2131888,25.119892,6.8788566e-09,0.0
10.855,0.6,0.6,0.37503144,0.40161332,0.4060585,0.20225464,25.320004,2.8091481e-08,0.0
10.86,0.493578,0.6,0.5797725,0.40898648,0.41700327,0.19246407,25.471003,1.3475232e-08,0.0
10.865,0.493578,0.6,0.5797725,0.41319424,0.4273304,0.18928121,25.567604,4.666305e-09,0.0
10.870000000000001,0.493578,0.6,0.5797725,0.41716453,0.43707475,0.18627797,25.596489,-4.770394e-10,0.0
10.875,0.493578,0.6,0.5797725,0.42091078,0.44626918,0.18344422,25.54869,-2.286139e-09,0.0
10.88,0.31572032,0.5749851,0.6,0.42497134,0.45494473,0.18184924,25.426352,3.7040002e-09,0.0
10.885,0.31572032,0.5749851,0.6,0.43484882,0.46313068,0.19275117,25.241352,-5.988499e-09,0.0
10.89,0.31572032,0.5749851,0.6,0.44416887,0.4708547,0.20303787,25.039194,-2.2050287e-08,0.0
10.895,0.31572032,0.5749851,0.6,0.45296293,0.4781428,0.21274406,24.866478,-1.087683e-08,0.0
10.9,0.24576981,0.6,0.5685625,0.4607803,0.48501962,0.22282682,24.750523,-1.24282895e-08,0.0
10.905,0.24576981,0.6,0.5685625,0.46263117,0.49150836,0.24297048,24.700466,5.792061e-09,0.0
10.91,0.24576981,0.6,0.5685625,0.4643776,0.49763092,0.26197737,24.686918,4.683424e-09,0.0
10.915000000000001,0.24576981,0.6,0.5685625,0.4660255,0.50340796,0.27991164,24.673788,6.986984e-09,0.0
10.92,0.059210572,0.6,0.6,0.4667774,0.508746,0.29692513,24.638206,4.129134e-09,0.0
10.925,0.059210572,0.6,0.6,0.45825276,0.51248413,0.31402868,24.564802,-2.90392e-09,0.0
10.93,0.059210572,0.6,0.6,0.45020917,0.5160113,0.33016703,25.135864,3.3462644e-08,0.0
10.935,0.059210572,0.6,0.6,0.4426195,0.5193394,0.3453946,26.355888,2.5221508e-08,0.0
10.94,0.0,0.6,0.6,0.43514234,0.5225926,0.35962093,27.794216,1.2841802e-07,0.0
10.945,0.0,0.6,0.6,0.4244554,0.52696097,0.37141222,29.151417,4.7198654e-08,0.0
10.950000000000001,0.0,0.6,0.6,0.41437158,0.5310828,0.38253808,30.21713,2.8840855e-08,0.0
10.955,0.0,0.6,0.6,0.4048568,0.5349721,0.39303607,30.875254,3.7727528e-08,0.0
10.96,0.0,0.6,0.6,0.39503673,0.5386418,0.40308356,31.094799,-1.2066681e-08,0.0
10.965,0.0,0.6,0.6,0.37608492,0.5421045,0.41419622,30.895895,-3.3249858e-08,0.0
10.97,0.0,0.6,0.6,0.35820264,0.5453717,0.42468175,30.273344,3.8540048e-08,0.0
10.975,0.0,0.6,0.6,0.3413295,0.5484546,0.43457556,29.236332,7.656199e-09,0.0
10.98,0.0,0.4801108,0.6,0.32514125,0.55136347,0.44391102,27.830938,3.438494e-08,0.0
10.985,0.0,0.4801108,0.6,0.3067924,0.5541082,0.45271966,26.121687,-3.5469157e-08,0.0
10.99,0.0,0.4801108,0.6,0.28947908,0.556698,0.4610312,24.16311,-2.9198556e-08,0.0
10.995000000000001,0.0,0.4801108,0.6,0.27314278,0.5591417,0.46887368,22.016342,-5.1373625e-08,0.0
11.0,0.0,0.524778,0.6,0.2577284,0.56144744,0.4762736,19.759104,-5.8939023e-08,0.0
11.005,0.0,0.524778,0.6,0.24318391,0.5636231,0.4832559,17.473383,9.403898e-08,0.0
11.01,0.0,0.524778,0.6,0.22946021,0.565676,0.48984417,15.230686,-4.678976e-08,0.0
11.015,0.0,0.524778,0.6,0.21651098,0.567613,0.49606064,13.086382,-1.5573492e-07,0.0
11.02,0.08772853,0.29482302,0.6,0.20429254,0.56889945,0.5019263,11.081761,-1.08747344e-07,0.0
11.025,0.08772853,0.29482302,0.6,0.19276361,0.5638888,0.50746095,9.249261,1.2120092e-09,0.0
11.03,0.08772853,0.29482302,0.6,0.1818853,0.5591609,0.5126833,6.751492,-6.9099954e-08,0.0
11.035,0.08772853,0.29482302,0.6,0.17162089,0.55469984,0.51761085,3.6016235,-2.1563311e-08,0.0
11.040000000000001,0.49821705,0.12690021,0.47091317,0.16193573,0.5506922,0.52226037,0.42348245,1.8477925e-07,0.0
11.045,0.49821705,0.12690021,0.47091317,0.15279715,0.5492298,0.5266475,1.01858655e-08,-2.204586e-08,0.0
11.05,0.49821705,0.12690021,0.47091317,0.14417428,0.5478499,0.53078705,-1.956595e-09,7.7550325e-08,0.0
11.055,0.49821705,0.12690021,0.47091317,0.13603804,0.5465479,0.534693,-5.064965e-09,-3.7857433e-08,0.0
11.06,0.39329004,0.39810714,0.5826791,0.12875701,0.5442812,0.5383785,-2.238916e-09,-2.638748e-08,0.0
11.065,0.39329004,0.39810714,0.5826791,0.12644164,0.5302034,0.541856,-3.3025935e-10,2.6905614e-08,0.0
11.07,0.39329004,0.39810714,0.5826791,0.12425693,0.5169201,0.5451373,-2.3297837e-09,7.514321e-09,0.0
11.075000000000001,0.39329004,0.39810714,0.5826791,0.12219551,0.5043864,0.5482334,5.639788e-09,-2.5688557e-08,0.0
11.08,0.0,0.19793136,0.6,0.12210365,0.49180192,0.550572,1.02060325e-08,5.6643606e-10,0.0
11.085,0.0,0.19793136,0.6,0.14332901,0.47120926,0.54607654,3.536819e-09,3.3773023e-08,0.0
11.09,0.0,0.19793136,0.6,0.16335654,0.4517787,0.54183483,2.8981322e-09,-1.240284e-07,0.0
11.095,0.0,0.19793136,0.6,0.18225387,0.4334447,0.5378325,-5.018313e-09,4.1318362e-08,0.0
11.1,0.0,0.0,0.6,0.19961104,0.41736978,0.5345606,0.07668343,-6.954867e-08,0.0
11.105,0.0,0.0,0.6,0.21054101,0.4162827,0.5372761,0.41012868,6.3988026e-08,0.0
11.11,0.0,0.0,0.6,0.22085416,0.415257,0.5398383,1.0223523,-1.9229129e-08,0.0
11.115,0.0,0.0,0.6,0.2305853,0.41428918,0.542256,1.8117727,1.8508851e-08,0.0
11.120000000000001,0.3536777,0.0,0.49224517,0.23799172,0.41247225,0.5446154,2.666447,8.376887e-08,0.0
11.125,0.3536777,0.0,0.49224517,0.22456104,0.40036497,0.54774094,3.493612,9.731241e-08,0.0
11.13,0.3536777,0.0,0.49224517,0.21188828,0.38894096,0.5506901,4.54384,6.841073e-08,0.0
11.135,0.3536777,0.0,0.49224517,0.1999307,0.37816164,0.5534728,5.7181196,-8.728445e-09,0.0
11.14,0.6,0.15489826,0.44246015,0.18864793,0.36709702,0.5560985,6.735027,9.0299565e-08,0.0
11.145,0.6,0.15489826,0.44246015,0.17800188,0.34638047,0.55857605,7.450055,2.1534783e-08,0.0
11.15,0.6,0.15489826,0.44246015,0.16795662,0.32683304,0.56091374,7.8731236,1.4702872e-08,0.0
11.155,0.6,0.15489826,0.44246015,0.15847826,0.30838874,0.56311953,8.075374,-1.414189e-08,0.0
11.16,0.3654269,0.35330924,0.0,0.15113153,0.29098532,0.5647144,8.1265745,-4.9725703e-08,0.0
11.165000000000001,0.3654269,0.35330924,0.0,0.1625619,0.27456403,0.5606247,8.092444,3.0477418e-09,0.0
11.17,0.3654269,0.35330924,0.0,0.1733472,0.25906944,0.55676585,7.8565073,-1.0197576e-07,0.0
11.175,0.3654269,0.35330924,0.0,0.18352386,0.24444927,0.5531247,7.5412164,-1.3362131e-07,0.0
11.18,0.20337164,0.0,0.2620016,0.19423829,0.23135348,0.54946434,7.575863,-2.3987027e-08,0.0
11.185,0.20337164,0.0,0.2620016,0.2171368,0.22703885,0.54342574,8.061789,8.105327e-08,0.0
11.19,0.20337164,0.0,0.2620016,0.23874308,0.2229677,0.5377279,8.964594,3.351607e-08,0.0
11.195,0.20337164,0.0,0.2620016,0.25913003,0.21912631,0.5323516,10.252737,1.4771204e-07,0.0
11.200000000000001,0.5980217,0.15944792,0.26528662,0.27730748,0.21639746,0.5252812,11.860855,8.8533206e-08,0.0
11.205,0.5980217,0.15944792,0.26528662,0.28228036,0.22412387,0.49563777,13.703481,7.447839e-08,0.0
11.21,0.5980217,0.15944792,0.26528662,0.2869726,0.23141424,0.46766725,15.629347,-2.2712698e-08,0.0
11.215,0.5980217,0.15944792,0.26528662,0.29140005,0.2382932,0.44127518,17.50249,1.776102e-08,0.0
11.22,0.47976983,0.36199075,0.3621487,0.294846,0.24318887,0.41755536,19.244738,2.7058373e-08,0.0
11.225,0.47976983,0.36199075,0.3621487,0.2896838,0.22946489,0.40877694,20.814466,1.2445494e-07,0.0
11.23,0.47976983,0.36199075,0.3621487,0.2848129,0.2165154,0.40049392,22.3973,1.7536956e-07,0.0
11.235,0.47976983,0.36199075,0.3621487,0.2802169,0.20429671,0.39267832,24.200912,7.005128e-08,0.0
11.24,0.36013913,0.6,0.050116774,0.27766198,0.1934874,0.3853186,26.112661,1.266053e-07,0.0
11.245000000000001,0.36013913,0.6,0.050116774,0.29574096,0.19156644,0.3785448,27.960398,1.47318e-07,0.0
11.25,0.36013913,0.6,0.050116774,0.3127997,0.18975388,0.37215325,29.310677,2.0339398e-08,0.0
11.255,0.36013913,0.6,0.050116774,0.32889575,0.18804361,0.3661224,30.190804,3.901141e-08,0.0
11.26,0.5191608,0.6,0.0,0.34354958,0.18734427,0.3608692,30.863909,4.6387797e-08,0.0
11.265,0.5191608,0.6,0.0,0.35123694,0.19720016,0.3609414,31.49246,5.613542e-08,0.0
11.27,0.5191608,0.6,0.0,0.3584905,0.20649986,0.36100954,32.14448,4.03623e-08,0.0
11.275,0.5191608,0.6,0.0,0.3653347,0.21527474,0.36107382,32.84002,4.3819053e-08,0.0
11.28,0.58314276,0.6,0.0,0.37125257,0.22462896,0.35972577,33.584385,1.0440897e-08,0.0
11.285,0.58314276,0.6,0.0,0.3706254,0.24581242,0.34225348,34.369236,2.3822999e-08,0.0
11.290000000000001,0.58314276,0.6,0.0,0.37003362,0.26580042,0.32576722,35.71635,8.354821e-08,0.0
11.295,0.58314276,0.6,0.0,0.36947525,0.28466043,0.31021133,37.52314,-2.9653725e-08,0.0
11.3,0.3497845,0.6,0.0,0.3696663,0.3024561,0.29530704,39.3412,6.1243625e-08,0.0
11.305,0.3497845,0.6,0.0,0.37810278,0.31924754,0.27864185,40.28911,3.8641844e-08,0.0
11.31,0.3497845,0.6,0.0,0.38606316,0.33509135,0.26291713,40.196968,-2.3090836e-08,0.0
11.315,0.3497845,0.6,0.0,0.39357433,0.35004106,0.24807982,39.3668,1.5804305e-08,0.0
11.32,0.45649806,0.6,0.0,0.40095046,0.3641471,0.23407984,38.061157,7.1238904e-09,0.0
11.325000000000001,0.45649806,0.6,0.0,0.4112322,0.37745708,0.22086991,36.49835,3.0177674e-08,0.0
11.33,0.45649806,0.6,0.0,0.4209337,0.39001593,0.20840546,34.86278,-1.9720984e-08,0.0
11.335,0.45649806,0.6,0.0,0.43008772,0.40186605,0.19664444,33.29273,-8.4152234e-08,0.0
11.34,0.5907572,0.6,0.0,0.4376716,0.41304743,0.18554713,31.873951,-7.667233e-08,0.0
11.345,0.5907572,0.6,0.0,0.43271184,0.4235978,0.17507607,30.647617,-1.2889733e-08,0.0
11.35,0.5907572,0.6,0.0,0.42803198,0.4335528,0.16519593,30.263266,5.2969567e-09,0.0
11.355,0.5907572,0.6,0.0,0.4236162,0.442946,0.15587336,30.712296,3.6286007e-08,0.0
11.36,0.28956994,0.35933524,0.0,0.4199314,0.45180908,0.14707689,31.569262,5.6414063e-08,0.0
11.365,0.28956994,0.35933524,0.0,0.42199498,0.460172,0.13877684,32.529446,3.444626e-08,0.0
11.370000000000001,0.28956994,0.35933524,0.0,0.42394212,0.46806297,0.13094519,32.61804,0.7757756,0.0
11.375,0.28956994,0.35933524,0.0,0.42577937,0.47550863,0.123555504,31.744986,2.3724496,0.0
11.38,0.6,0.38775626,0.11175338,0.42811906,0.4825341,0.11658285,30.356426,4.272124,0.0
11.385,0.6,0.38775626,0.11175338,0.43729728,0.4891631,0.11000368,28.771862,6.111894,0.0
11.39,0.6,0.38775626,0.11175338,0.44595754,0.495418,0.1037958,27.24459,7.6131053,0.0
11.395,0.6,0.38775626,0.11175338,0.45412907,0.50131994,0.09793825,25.941008,8.601798,0.0
11.4,0.44184497,0.31374708,0.6,0.4604797,0.5058023,0.09241126,24.938843,9.00659,0.0
11.405,0.44184497,0.31374708,0.6,0.4508347,0.49753663,0.08719617,24.249577,8.830249,0.0
11.41,0.44184497,0.31374708,0.6,0.441734,0.48973745,0.08227539,23.727318,8.248283,0.0
11.415000000000001,0.44184497,0.31374708,0.6,0.43314686,0.48237842,0.07763231,23.293058,7.356149,0.0
11.42,0.3214814,0.36220136,0.6,0.4264458,0.475563,0.073755786,22.930668,6.177483,0.0
11.425,0.3214814,0.36220136,0.6,0.43624008,0.47060776,0.07590012,22.633938,4.723993,0.0
11.43,0.3214814,0.36220136,0.6,0.4454816,0.46593216,0.07792345,21.661114,3.824233,0.0
11.435,0.3214814,0.36220136,0.6,0.4542016,0.46152043,0.07983258,20.1298,3.3256316,0.0
11.44,0.290774,0.3585514,0.6,0.4617155,0.45702353,0.083838254,18.574772,2.6215777,0.0
11.445,0.290774,0.3585514,0.6,0.46059412,0.44893795,0.11296702,17.304358,1.3732926,0.0
11.450000000000001,0.290774,0.3585514,0.6,0.45953605,0.44130868,0.14045195,17.05532,1.0317269e-09,0.0
11.455,0.290774,0.3585514,0.6,0.45853767,0.43410993,0.16638581,17.740448,8.725986e-08,0.0
11.46,0.37516704,0.5554783,0.6,0.45705223,0.4275362,0.19085614,19.220747,9.683876e-08,0.0
11.465,0.37516704,0.5554783,0.6,0.4494015,0.42384914,0.21394552,21.123444,8.149722e-08,0.0
11.47,0.37516704,0.5554783,0.6,0.44218254,0.42037013,0.2357319,23.104782,1.6922284e-07,0.0
11.475,0.37516704,0.5554783,0.6,0.43537095,0.41708747,0.2562888,24.907228,0.00030173128,0.0
11.48,0.0,0.6,0.6,0.42880514,0.41397357,0.2756856,26.378098,0.045431074,0.0
11.485,0.0,0.6,0.6,0.42101556,0.4108459,0.29398778,27.486824,-6.383437e-10,0.0
11.49,0.0,0.6,0.6,0.4136656,0.40789476,0.3112571,28.195637,5.7046776e-08,0.0
11.495000000000001,0.0,0.6,0.6,0.4067304,0.40511015,0.32755184,28.546185,5.954419e-10,0.0
11.5,0.0,0.6,0.6,0.4005676,0.40337175,0.342927,28.591576,-1.5611137e-08,0.0
11.505,0.0,0.6,0.6,0.39913416,0.41195565,0.3574345,28.39106,-1.23741035e-08,0.0
11.51,0.0,0.6,0.6,0.3977816,0.42005512,0.3711233,28.63405,7.3431665e-09,0.0
11.515,0.0,0.6,0.6,0.3965054,0.4276975,0.3840396,29.415983,3.3039605e-08,0.0
11.52,0.0,0.6,0.6,0.39360744,0.43510962,0.396227,30.428867,7.301293e-08,0.0
11.525,0.0,0.6,0.6,0.3713948,0.44441494,0.40772662,31.444855,-2.376592e-09,0.0
11.53,0.0,0.6,0.6,0.35043573,0.45319515,0.41857725,32.18553,8.7288e-09,0.0
11.535,0.0,0.6,0.6,0.33065945,0.46147984,0.42881557,32.434685,2.2105928e-08,0.0
11.540000000000001,0.0,0.4118115,0.6,0.3119992,0.46929702,0.4384761,32.099106,2.2030441e-10,0.0
11.545,0.0,0.4118115,0.6,0.29439202,0.47667304,0.44759142,31.170042,-7.532186e-09,0.0
11.55,0.0,0.4118115,0.6,0.27777848,0.4836328,0.45619237,29.692955,6.1716094e-08,0.0
11.555,0.0,0.4118115,0.6,0.26210248,0.4901998,0.46430793,27.747465,1.1202732e-07,0.0
11.56,0.0,0.06621282,0.6,0.24731115,0.4963962,0.4719655,25.43665,1.0156057e-08,0.0
11.565,0.0,0.06621282,0.6,0.23335454,0.5022429,0.47919092,22.878569,-5.988579e-08,0.0
11.57,0.0,0.06621282,0.6,0.22018555,0.5077597,0.48600858,20.195944,-1.1952473e-07,0.0
11.575000000000001,0.0,0.06621282,0.6,0.20775972,0.51296514,0.4924415,17.498226,-4.3474756e-08,0.0
11.58,0.21860693,0.0,0.5725261,0.19603513,0.5170272,0.4985114,14.870541,1.032994e-07,0.0
11.585,0.21860693,0.0,0.5725261,0.1849722,0.5110895,0.5042387,12.386463,-1.15273394e-07,0.0
11.59,0.21860693,0.0,0.5725261,0.17453359,0.5054869,0.50964284,9.341768,-2.8086887e-07,0.0
11.595,0.21860693,0.0,0.5725261,0.16468406,0.5002005,0.514742,5.793065,-4.5047987e-08,0.0
11.6,0.6,0.1510587,0.14474124,0.15539038,0.49365216,0.5195534,2.3251998,-1.6781662e-08,0.0
11.605,0.6,0.1510587,0.14474124,0.14662117,0.4695303,0.5240933,1.5015434e-08,1.9083181e-08,0.0
11.61,0.6,0.1510587,0.14474124,0.13834684,0.44676974,0.52837694,1.7751054e-08,-4.2931743e-09,0.0
11.615,0.6,0.1510587,0.14474124,0.13053945,0.42529362,0.53241885,-4.7719344e-09,7.686311e-08,0.0
11.620000000000001,0.39107102,0.16575065,0.24884683,0.1241596,0.40473053,0.5361087,0.032826066,-1.2940142e-08,0.0
11.625,0.39107102,0.16575065,0.24884683,0.12948959,0.3818902,0.53816384,0.1454567,5.17745e-08,0.0
11.63,0.39107102,0.16575065,0.24884683,0.13451879,0.36033884,0.540103,0.23334295,1.9065627e-09,0.0
11.635,0.39107102,0.16575065,0.24884683,0.13926417,0.3400037,0.54193276,0.39050657,-2.8466246e-08,0.0
11.64,0.27934346,0.032957323,0.413915,0.14546362,0.3214981,0.54172796,0.77361274,8.220886e-09,0.0
11.645,0.27934346,0.032957323,0.413915,0.17111465,0.31187963,0.51932466,1.4307972,-4.7103583e-08,0.0
11.65,0.27934346,0.032957323,0.413915,0.19531812,0.30280396,0.49818563,2.4183517,5.8067815e-08,0.0
11.655,0.27934346,0.032957323,0.413915,0.2181557,0.29424047,0.47823957,3.7378721,1.5108051e-07,0.0
11.66,0.6,0.52197593,0.2760261,0.23876123,0.28622657,0.4598891,5.312497,2.2528228e-08,0.0
11.665000000000001,0.6,0.52197593,0.2760261,0.2473566,0.2794277,0.44797927,7.038571,5.968278e-08,0.0
11.67,0.6,0.52197593,0.2760261,0.25546688,0.27301252,0.43674156,8.759836,2.0528067e-07,0.0
11.675,0.6,0.52197593,0.2760261,0.2631195,0.26695937,0.426138,10.356086,8.614118e-08,0.0
11.68,0.6,0.56949127,0.4308876,0.26983583,0.2606483,0.4168781,11.782959,-6.010794e-08,0.0
11.685,0.6,0.56949127,0.4308876,0.2703724,0.24779893,0.41671088,13.04142,1.5508564e-07,0.0
11.69,0.6,0.56949127,0.4308876,0.27087867,0.2356747,0.4165531,14.145659,1.0265128e-08,0.0
11.695,0.6,0.56949127,0.4308876,0.27135637,0.22423466,0.41640425,15.34237,9.503298e-09,0.0
11.700000000000001,0.3664134,0.6,0.31905603,0.27325478,0.21564798,0.41564125,16.64589,9.544746e-08,0.0
11.705,0.3664134,0.6,0.31905603,0.29169413,0.23293512,0.4077623,17.93759,1.0075846e-07,0.0
11.71,0.3664134,0.6,0.31905603,0.30909288,0.24924667,0.40032798,19.236784,-2.570672e-08,0.0
11.715,0.3664134,0.6,0.31905603,0.32550976,0.2646377,0.3933132,20.594343,2.1907796e-08,0.0
11.72,0.31334093,0.6,0.50747895,0.34100017,0.2793747,0.38739344,22.030582,1.3526223e-07,0.0
11.725,0.31334093,0.6,0.50747895,0.35561642,0.29574695,0.38984796,23.531263,1.5247866e-07,0.0
11.73,0.31334093,0.6,0.50747895,0.36940783,0.31119528,0.39216396,25.002125,1.6869027e-08,0.0
11.735,0.31334093,0.6,0.50747895,0.38242093,0.3257718,0.39434928,26.341642,5.550426e-08,0.0
11.74,0.30552882,0.6,0.6,0.3936451,0.33966348,0.3959064,27.493172,8.949306e-08,0.0
11.745000000000001,0.30552882,0.6,0.6,0.39210832,0.35435516,0.39156947,28.4304,3.141589e-08,0.0
11.75,0.30552882,0.6,0.6,0.39065826,0.36821774,0.38747728,29.715652,1.851975e-08,0.0
11.755,0.30552882,0.6,0.6,0.38929003,0.381298,0.38361603,31.356308,2.6130907e-08,0.0
11.76,0.3220825,0.5496163,0.6,0.38775942,0.3936401,0.38082334,33.01479,1.2950349e-07,0.0
11.765,0.3220825,0.5496163,0.6,0.38355973,0.4052857,0.38797095,34.469574,9.394655e-08,0.0
11.77,0.3220825,0.5496163,0.6,0.37959704,0.41627407,0.3947152,35.57795,2.274254e-08,0.0
11.775,0.3220825,0.5496163,0.6,0.37585798,0.42664236,0.40107882,36.265907,5.1876015e-09,0.0
11.78,0.44291118,0.6,0.6,0.37229466,0.4364255,0.40750104,36.521313,1.1819067e-08,0.0
11.785,0.44291118,0.6,0.6,0.36852685,0.44565657,0.4183644,36.37494,-1.9493633e-08,0.0
11.790000000000001,0.44291118,0.6,0.6,0.36497164,0.45436668,0.42861474,35.88096,-1.5078065e-08,0.0
11.795,0.44291118,0.6,0.6,0.3616171,0.46258527,0.4382866,35.105457,6.1684325e-08,0.0
11.8,0.10021754,0.6,0.5743414,0.35852656,0.4701126,0.44741264,34.118153,-8.474497e-08,0.0
11.805,0.10021754,0.6,0.5743414,0.3564699,0.47459924,0.45602366,32.987488,-1.9354747e-08,0.0
11.81,0.10021754,0.6,0.5743414,0.3545293,0.47883272,0.46414873,31.792028,4.299648e-08,0.0
11.815,0.10021754,0.6,0.5743414,0.3526982,0.48282728,0.4718153,30.600649,-1.2694072e-08,0.0
11.82,0.005310971,0.6,0.6,0.35151595,0.4868239,0.47904918,29.461557,-5.5783136e-08,0.0
11.825000000000001,0.005310971,0.6,0.6,0.3566737,0.4932108,0.48587483,28.407501,2.3167608e-08,0.0
11.83,0.005310971,0.6,0.6,0.36154038,0.49923727,0.4923153,26.90811,-5.2001234e-08,0.0
11.835,0.005310971,0.6,0.6,0.3661324,0.50492364,0.4983923,24.943962,3.431007e-08,0.0
11.84,0.0,0.6,0.6,0.36891815,0.51028913,0.50401056,22.839401,8.862217e-08,0.0
11.845,0.0,0.6,0.6,0.35375446,0.51535183,0.5079796,20.82252,6.1346114e-08,0.0
11.85,0.0,0.6,0.6,0.3394465,0.52012885,0.5117246,19.526243,1.476218e-08,0.0
11.855,0.0,0.6,0.6,0.325946,0.52463627,0.51525825,18.963696,3.8093685e-08,0.0
11.86,0.0,0.5307468,0.6,0.3127789,0.5288893,0.51870835,18.779358,-1.6552712e-10,0.0
11.865,0.0,0.5307468,0.6,0.29542744,0.5329023,0.52329594,18.707926,4.4825947e-09,0.0
11.870000000000001,0.0,0.5307468,0.6,0.27905518,0.53668886,0.5276246,18.536005,1.03114175e-08,0.0
11.875,0.0,0.5307468,0.6,0.26360685,0.54026175,0.531709,18.122808,-1.9090896e-08,0.0
11.88,0.0,0.01317848,0.6,0.24900635,0.543633,0.53556293,17.406664,-1.2131253e-08,0.0
11.885,0.0,0.01317848,0.6,0.23495407,0.54681396,0.53919935,16.384233,-9.359554e-08,0.0
11.89,0.0,0.01317848,0.6,0.22169481,0.5498154,0.54263055,15.090667,2.818275e-09,0.0
11.895,0.0,0.01317848,0.6,0.20918381,0.55264753,0.5458681,13.5850525,-1.2183337e-07,0.0
11.9,0.22093996,0.0,0.5227696,0.19737886,0.55500716,0.54892296,11.940502,-3.8980858e-08,0.0
11.905,0.22093996,0.0,0.5227696,0.18624009,0.55363804,0.55180544,10.237838,1.9787847e-09,0.0
11.91,0.22093996,0.0,0.5227696,0.17572993,0.5523462,0.5545252,7.7009916,-2.250351e-08,0.0
11.915000000000001,0.22093996,0.0,0.5227696,0.1658129,0.5511273,0.5570915,4.3776054,-4.094102e-08,0.0
11.92,0.6,0.00029575825,0.49344754,0.1564555,0.5476405,0.559513,0.92162675,-1.0361374e-07,0.0
11.925,0.6,0.00029575825,0.49344754,0.14762619,0.517479,0.5617978,2.423687e-09,4.370631e-09,0.0
11.93,0.6,0.00029575825,0.49344754,0.13929515,0.4890196,0.5639537,2.5339272e-10,-4.5797822e-08,0.0
11.935,0.6,0.00029575825,0.49344754,0.13143425,0.46216625,0.56598794,1.5516216e-08,-4.113873e-09,0.0
11.94,0.47965762,0.0,0.2495325,0.12501444,0.43676883,0.5675587,9.006772e-09,-1.4558945e-08,0.0
11.945,0.47965762,0.0,0.2495325,0.13042784,0.41212046,0.5650311,3.3064993e-08,1.1586501e-08,0.0
11.950000000000001,0.47965762,0.0,0.2495325,0.13553575,0.3888631,0.56264615,7.646506e-09,-2.1834353e-08,0.0
11.955,0.47965762,0.0,0.2495325,0.1403554,0.3669182,0.5603958,-5.708778e-09,-1.2573199e-07,0.0
11.96,0.35847902,0.09602452,0.6,0.14661439,0.3462131,0.55814004,0.13923326,1.05240524e-07,0.0
11.965,0.35847902,0.09602452,0.6,0.17220049,0.3266918,0.5544892,0.5659854,4.740585e-08,0.0
11.97,0.35847902,0.09602452,0.6,0.19634268,0.30827215,0.5510444,1.4403682,8.4472745e-08,0.0
11.975,0.35847902,0.09602452,0.6,0.21912244,0.290892,0.54779404,2.8145103,1.7472523e-07,0.0
11.98,0.4431196,0.32126123,0.6,0.24007335,0.27449134,0.5436259,4.5945897,3.4633747e-08,0.0
11.985,0.4431196,0.32126123,0.6,0.25359392,0.25900087,0.5270292,6.6237745,5.8038356e-08,0.0
11.99,0.4431196,0.32126123,0.6,0.26635146,0.24438457,0.5113691,8.723227,6.629509e-08,0.0
11.995000000000001,0.4431196,0.32126123,0.6,0.27838907,0.23059312,0.4965928,10.992396,3.5591704e-08,0.0
12.0,0.3454583,0.47756597,0.6,0.28920025,0.21801348,0.48423257,13.379706,1.770238e-07,0.0
12.005,0.3454583,0.47756597,0.6,0.2931099,0.21112923,0.49076572,15.731425,2.4085176e-07,0.0
12.01,0.3454583,0.47756597,0.6,0.29679888,0.20463347,0.49693018,17.931015,1.5089843e-07,0.0
12.015,0.3454583,0.47756597,0.6,0.3002797,0.1985043,0.50274676,19.905884,2.014631e-08,0.0
12.02,0.3521686,0.6,0.6,0.30394623,0.19373788,0.5082351,21.62917,4.156042e-08,0.0
12.025,0.3521686,0.6,0.6,0.31180024,0.20093445,0.5134137,23.10544,1.0522161e-07,0.0
12.030000000000001,0.3521686,0.6,0.6,0.31921104,0.2077249,0.5183001,24.380075,1.3656401e-07,0.0
12.035,0.3521686,0.6,0.6,0.3262036,0.21413215,0.5229107,25.510132,7.67989e-09,0.0
12.040000000000001,0.0,0.6,0.39662775,0.33236068,0.22088347,0.52726114,26.542215,7.148079e-08,0.0
12.045,0.0,0.6,0.39662775,0.33309984,0.23536894,0.53136605,27.510832,2.459392e-08,0.0
12.05,0.0,0.6,0.39662775,0.33379728,0.24903694,0.5352393,28.415508,9.094311e-08,0.0
12.055,0.0,0.6,0.39662775,0.33445534,0.26193362,0.53889394,29.247559,5.5787357e-08,0.0
12.06,0.0,0.6,0.5961518,0.33510658,0.27465525,0.54234236,29.97449,7.878458e-08,0.0
12.065,0.0,0.6,0.5961518,0.33606943,0.29301557,0.5455962,30.522427,4.4652186e-08,0.0
12.07,0.0,0.6,0.5961518,0.33697796,0.31033975,0.54866636,30.803585,6.237961e-08,0.0
12.075000000000001,0.0,0.6,0.5961518,0.33783522,0.32668626,0.55156326,30.77,3.0752825e-09,0.0
12.08,0.0,0.6,0.6,0.33705416,0.34211028,0.5533786,30.422781,1.3973187e-08,0.0
12.085,0.0,0.6,0.6,0.31803304,0.35666388,0.5445326,30.336515,7.788449e-09,0.0
12.09,0.0,0.6,0.6,0.30008537,0.37039617,0.5361858,30.483215,1.4677529e-07,0.0
12.095,0.0,0.6,0.6,0.28315052,0.3833535,0.52831006,30.500212,-1.4899601e-07,0.0
12.1,0.0,0.6,0.4516328,0.26717138,0.3955796,0.52177954,30.172495,-5.2848364e-08,0.0
12.105,0.0,0.6,0.4516328,0.252094,0.40711576,0.5259766,29.394312,-1.2583456e-07,0.0
12.11,0.0,0.6,0.4516328,0.23786747,0.41800088,0.52993685,28.145596,3.2647502e-08,0.0
12.115,0.0,0.6,0.4516328,0.22444381,0.4282717,0.5336736,26.462008,1.3662387e-08,0.0
12.120000000000001,0.0,0.19704421,0.5638655,0.21177767,0.43796292,0.53721684,24.416311,-3.800999e-08,0.0
12.125,0.0,0.19704421,0.5638655,0.19982633,0.44710723,0.5407599,22.103594,-2.3629039e-09,0.0
12.13,0.0,0.19704421,0.5638655,0.18854944,0.45573547,0.544103,19.622812,-1.2248204e-07,0.0
12.135,0.0,0.19704421,0.5638655,0.17790896,0.4638768,0.5472575,17.062212,3.059392e-08,0.0
12.14,0.26058277,0.0,0.3978641,0.16786894,0.47155872,0.5495641,14.502325,-1.4200654e-08,0.0
12.145,0.26058277,0.0,0.3978641,0.15839553,0.4788071,0.5440375,12.028843,1.6831783e-09,0.0
12.15,0.26058277,0.0,0.3978641,0.14945672,0.48564643,0.5388228,9.725938,-5.15399e-08,0.0
12.155000000000001,0.26058277,0.0,0.3978641,0.14102237,0.4920998,0.5339024,7.6711235,-6.6533627e-09,0.0
12.16,0.6,0.30310065,0.22498243,0.133064,0.49636975,0.5297663,5.924807,-1.3828388e-07,0.0
12.165000000000001,0.6,0.30310065,0.22498243,0.12555474,0.4794778,0.53169066,4.526035,-1.7417894e-07,0.0
12.17,0.6,0.30310065,0.22498243,0.11846926,0.4635391,0.5335064,2.7915556,3.555426e-08,0.0
12.175,0.6,0.30310065,0.22498243,0.11178364,0.4484999,0.53521967,0.7489064,4.1700964e-08,0.0
12.18,0.43461064,0.17352179,0.26813534,0.10665175,0.4334198,0.5360868,-7.519943e-09,-1.26765425e-08,0.0
12.185,0.43461064,0.17352179,0.26813534,0.11533861,0.40896043,0.5282864,-5.816279e-09,2.6348156e-08,0.0
12.19,0.43461064,0.17352179,0.26813534,0.12353523,0.3858814,0.52092624,-4.956792e-09,-6.871855e-08,0.0
12.195,0.43461064,0.17352179,0.26813534,0.13126929,0.36410478,0.5139814,3.6210717e-09,9.849789e-08,0.0
12.200000000000001,0.29974607,0.025313528,0.3891791,0.14009924,0.3449255,0.506648,0.09649138,-3.419507e-08,0.0
12.205,0.29974607,0.025313528,0.3891791,0.16605301,0.34256518,0.49075267,0.4457373,3.233732e-08,0.0
12.21,0.29974607,0.025313528,0.3891791,0.19054212,0.34033805,0.47575435,1.1607491,-7.931043e-09,0.0
12.215,0.29974607,0.025313528,0.3891791,0.21364923,0.33823663,0.46160245,2.24661,3.5722973e-08,0.0
12.22,0.6,0.25585178,0.39332464,0.23470564,0.33566877,0.448444,3.6171336,-3.0943397e-08,0.0
12.225,0.6,0.25585178,0.39332464,0.24598697,0.32651827,0.43826857,5.153144,5.7443028e-08,0.0
12.23,0.6,0.25585178,0.39332464,0.25663164,0.31788415,0.42866737,6.728144,1.3067383e-07,0.0
12.235,0.6,0.25585178,0.39332464,0.2666756,0.3097373,0.419608,8.246323,1.1902847e-07,0.0
12.24,0.6,0.3607159,0.35959327,0.27554387,0.30138108,0.41160634,9.659215,-3.3304307e-08,0.0
12.245000000000001,0.6,0.3607159,0.35959327,0.27690968,0.28580165,0.4103407,10.954346,-3.424657e-08,0.0
12.25,0.6,0.3607159,0.35959327,0.27819842,0.27110142,0.4091465,12.135231,-1.3466144e-08,0.0
12.255,0.6,0.3607159,0.35959327,0.27941442,0.25723076,0.40801966,13.214202,2.3658467e-08,0.0
12.26,0.41319668,0.6,0.19183497,0.28191733,0.24518368,0.40697515,14.209436,1.2809839e-07,0.0
12.265,0.41319668,0.6,0.19183497,0.2998678,0.24578571,0.40620482,15.144088,9.918049e-08,0.0
12.27,0.41319668,0.6,0.19183497,0.3168053,0.24635378,0.40547794,16.344952,8.652238e-08,0.0
12.275,0.41319668,0.6,0.19183497,0.33278695,0.24688978,0.4047921,17.897942,6.683248e-08,0.0
12.280000000000001,0.43456304,0.6,0.41606385,0.34786668,0.24786897,0.40399265,19.69487,2.0567795e-07,0.0
12.285,0.43456304,0.6,0.41606385,0.36209542,0.2542373,0.40148705,21.6462,1.0197732e-07,0.0
12.290000000000001,0.43456304,0.6,0.41606385,0.37552118,0.26024625,0.39912283,23.68244,1.561204e-09,0.0
12.295,0.43456304,0.6,0.41606385,0.3881893,0.26591608,0.39689204,25.753542,1.19160084e-07,0.0
12.3,0.2722299,0.6,0.47918802,0.39929914,0.27234626,0.39402977,27.823317,7.0775066e-08,0.0
12.305,0.2722299,0.6,0.47918802,0.40008342,0.29083687,0.38261923,29.815887,1.0784815e-07,0.0
12.31,0.2722299,0.6,0.47918802,0.40082344,0.308284,0.37185264,31.550035,1.13963885e-07,0.0
12.315,0.2722299,0.6,0.47918802,0.4015217,0.32474655,0.36169362,32.87094,4.8087582e-08,0.0
12.32,0.117181584,0.57262045,0.6,0.40227702,0.34028006,0.35312024,33.71299,4.8336727e-08,0.0
12.325000000000001,0.117181584,0.57262045,0.6,0.40409905,0.35493693,0.35667235,34.07593,1.049905e-08,0.0
12.33,0.117181584,0.57262045,0.6,0.40581822,0.36876667,0.360024,34.01139,5.2651203e-09,0.0
12.335,0.117181584,0.57262045,0.6,0.4074404,0.38181594,0.36318654,33.593857,-1.6909077e-08,0.0
12.34,0.41752878,0.6,0.6,0.40823814,0.3941288,0.36645558,32.90329,-3.8787853e-08,0.0
12.345,0.41752878,0.6,0.6,0.40056273,0.40574682,0.37281746,32.014908,4.4054385e-08,0.0
12.35,0.41752878,0.6,0.6,0.39332047,0.41670918,0.3788203,31.601818,2.2553877e-09,0.0
12.355,0.41752878,0.6,0.6,0.38648692,0.42705292,0.38448438,31.729683,3.295104e-08,0.0
12.36,0.0,0.6,0.5521788,0.379339,0.4366893,0.39037424,32.071327,8.1567135e-09,0.0
12.365,0.0,0.6,0.5521788,0.36454457,0.44436035,0.40220416,32.398792,4.485914e-09,0.0
12.370000000000001,0.0,0.6,0.5521788,0.35058504,0.4515985,0.41336644,32.52674,-1.3549033e-08,0.0
12.375,0.0,0.6,0.5521788,0.33741328,0.45842817,0.42389882,32.335567,-1.7607668e-08,0.0
12.38,0.0,0.6,0.6,0.32634082,0.46499604,0.43383682,31.779106,2.8191718e-09,0.0
12.385,0.0,0.6,0.6,0.33148688,0.47261477,0.44321397,30.86991,-4.903973e-08,0.0
12.39,0.0,0.6,0.6,0.3363425,0.47980356,0.45206195,29.20711,-1.2260687e-09,0.0
12.395,0.0,0.6,0.6,0.34092414,0.48658666,0.4604106,26.89428,1.2975678e-09,0.0
12.4,0.0,0.5433595,0.6,0.3433622,0.49298698,0.4680722,24.328903,-1.4294504e-07,0.0
12.405000000000001,0.0,0.5433595,0.6,0.3239851,0.4990261,0.4728186,21.795687,3.9703924e-08,0.0
12.41,0.0,0.5433595,0.6,0.30570152,0.5047244,0.4772972,19.911768,1.2110279e-07,0.0
12.415000000000001,0.0,0.5433595,0.6,0.28844973,0.51010114,0.481523,18.699512,-3.974734e-09,0.0
12.42,0.0,0.37918648,0.6,0.27217153,0.51517445,0.48572624,17.838562,-5.3530634e-08,0.0
12.425,0.0,0.37918648,0.6,0.25681195,0.5199614,0.4921751,17.093504,-3.6013677e-08,0.0
12.43,0.0,0.37918648,0.6,0.24231917,0.52447826,0.49826002,16.30597,-1.1939376e-07,0.0
12.435,0.0,0.37918648,0.6,0.22864427,0.5287402,0.50400156,15.384261,5.2887998e-08,0.0
12.44,0.0,0.0,0.6,0.2157411,0.5325059,0.5094191,14.289501,1.7485169e-08,0.0
12.445,0.0,0.0,0.6,0.20356609,0.5331184,0.5145309,13.026003,-1.0684673e-08,0.0
12.450000000000001,0.0,0.0,0.6,0.19207816,0.53369635,0.5193542,11.637782,-4.0217434e-09,0.0
12.455,0.0,0.0,0.6,0.18123853,0.5342417,0.52390534,10.186889,-7.802195e-08,0.0
12.46,0.20490095,0.0,0.41188347,0.17101063,0.53401506,0.5281996,8.7410965,3.260416e-08,0.0
12.465,0.20490095,0.0,0.41188347,0.16135992,0.52527755,0.53225154,6.52836,-4.845189e-08,0.0
12.47,0.20490095,0.0,0.41188347,0.15225384,0.51703316,0.5360748,3.616895,-6.828807e-10,0.0
12.475,0.20490095,0.0,0.41188347,0.14366163,0.509254,0.5396823,0.6548518,2.3099383e-07,0.0
12.48,0.6,0.115294725,0.36556998,0.13555431,0.50020194,0.5430863,4.7760407e-10,1.5762497e-08,0.0
12.485,0.6,0.115294725,0.36556998,0.12790452,0.47197384,0.54629815,-1.0739355e-08,-3.536669e-08,0.0
12.49,0.6,0.115294725,0.36556998,0.120686434,0.44533876,0.54932874,-7.2272663e-09,-1.5257035e-08,0.0
12.495000000000001,0.6,0.115294725,0.36556998,0.11387569,0.4202068,0.5521883,6.5506054e-09,-4.6057604e-08,0.0
12.5,0.5107669,0.31955522,0.1539101,0.10837436,0.39649308,0.55403715,2.4947215e-09,2.51557e-08,0.0
12.505,0.5107669,0.31955522,0.1539101,0.113821685,0.3741176,0.54601496,1.1927503e-08,1.9990933e-08,0.0
12.51,0.5107669,0.31955522,0.1539101,0.1189616,0.35300487,0.5384455,2.305299e-08,-6.24328e-08,0.0
12.515,0.5107669,0.31955522,0.1539101,0.12381145,0.3330836,0.53130317,0.07279296,1.5205566e-07,0.0
12.52,0.37178686,0.3550104,0.13074121,0.13017136,0.3148071,0.5243548,0.34849337,6.599807e-08,0.0
12.525,0.37178686,0.3550104,0.13074121,0.1566854,0.30354792,0.51539403,0.9012613,-3.692333e-08,0.0
12.530000000000001,0.37178686,0.3550104,0.13074121,0.18170315,0.29292414,0.50693893,1.8187312,-1.329708e-07,0.0
12.535,0.37178686,0.3550104,0.13074121,0.20530906,0.28289992,0.498961,3.117491,-6.754883e-08,0.0
12.540000000000001,0.6,0.32096776,0.26791102,0.22717996,0.27436355,0.4904777,4.717244,8.927618e-08,0.0
12.545,0.6,0.32096776,0.26791102,0.24318373,0.27691388,0.47148407,6.4977927,1.141363e-07,0.0
12.55,0.6,0.32096776,0.26791102,0.25828436,0.27932027,0.4535623,8.583925,1.09172625e-07,0.0
12.555,0.6,0.32096776,0.26791102,0.27253282,0.28159088,0.4366519,10.90339,1.766319e-07,0.0
12.56,0.6,0.44317913,0.3077494,0.28534973,0.2838934,0.4205912,13.276156,-2.1565148e-08,0.0
12.565,0.6,0.44317913,0.3077494,0.29022768,0.28790677,0.404234,15.591494,1.6602048e-08,0.0
12.57,0.6,0.44317913,0.3077494,0.29483035,0.29169366,0.38879988,17.751057,2.1385914e-07,0.0
12.575000000000001,0.6,0.44317913,0.3077494,0.29917327,0.29526684,0.37423673,19.689001,1.2911842e-07,0.0
12.58,0.49434334,0.52875173,0.6,0.3043014,0.29848468,0.36111474,21.344908,3.5684742e-08,0.0
12.585,0.49434334,0.52875173,0.6,0.32098868,0.2997535,0.35585493,22.689524,1.2259673e-07,0.0
12.59,0.49434334,0.52875173,0.6,0.33673424,0.30095068,0.35089195,23.801863,1.2567773e-07,0.0
12.595,0.49434334,0.52875173,0.6,0.35159123,0.3020803,0.34620905,24.78508,6.4322876e-08,0.0
12.6,0.41314527,0.6,0.49075115,0.3656098,0.30369794,0.3419703,25.711926,6.374034e-08,0.0
12.605,0.41314527,0.6,0.49075115,0.37883723,0.31156933,0.3400391,26.627981,-5.4142015e-09,0.0
12.61,0.41314527,0.6,0.49075115,0.3913182,0.31899652,0.33821687,27.52972,5.3635485e-08,0.0
12.615,0.41314527,0.6,0.49075115,0.40309483,0.32600456,0.3364975,28.398008,9.349523e-08,0.0
12.620000000000001,0.2490241,0.6,0.6,0.41372985,0.33300346,0.33619455,29.220121,3.5599893e-08,0.0
12.625,0.2490241,0.6,0.6,0.41827914,0.3440502,0.351082,29.983603,1.1255603e-08,0.0
12.63,0.2490241,0.6,0.6,0.4225717,0.35447353,0.3651293,30.638676,3.4287368e-08,0.0
12.635,0.2490241,0.6,0.6,0.426622,0.36430866,0.37838385,31.13756,2.432483e-08,0.0
12.64,0.20187855,0.6,0.6,0.43007717,0.3739104,0.3903972,31.46068,6.1674874e-09,0.0
12.645,0.20187855,0.6,0.6,0.42912164,0.3866694,0.3960605,31.607403,9.596477e-09,0.0
12.65,0.20187855,0.6,0.6,0.42822003,0.39870837,0.4014042,32.243103,6.9578654e-08,0.0
12.655000000000001,0.20187855,0.6,0.6,0.42736933,0.41006795,0.40644637,33.4158,2.9690504e-08,0.0
12.66,0.27469414,0.6,0.6,0.42582566,0.42078647,0.4116972,34.765778,7.5260594e-08,0.0
12.665000000000001,0.27469414,0.6,0.6,0.41584814,0.4309001,0.4223238,36.041397,1.0152265e-07,0.0
12.67,0.27469414,0.6,0.6,0.4064337,0.44044298,0.43235067,37.03637,2.0155685e-08,0.0
12.675,0.27469414,0.6,0.6,0.39755055,0.44944733,0.44181168,37.61983,-1.3420989e-08,0.0
12.68,0.0,0.6,0.5081934,0.38895586,0.45794353,0.4507388,37.74743,-2.15525e-08,0.0
12.685,0.0,0.6,0.5081934,0.37839845,0.46596026,0.45916212,37.4327,1.0431667e-08,0.0
12.69,0.0,0.6,0.5081934,0.3684368,0.47352457,0.46711007,36.71146,-5.963594e-08,0.0
12.695,0.0,0.6,0.5081934,0.35903737,0.48066202,0.4746095,35.638752,-2.6298462e-08,0.0
12.700000000000001,0.0,0.6,0.6,0.3504971,0.48739666,0.4816857,34.285343,1.1500039e-07,0.0
12.705,0.0,0.6,0.6,0.34621927,0.49375126,0.48836258,32.727493,8.195043e-08,0.0
12.71,0.0,0.6,0.6,0.34218287,0.49974725,0.49466267,31.061674,-3.2725943e-08,0.0
12.715,0.0,0.6,0.6,0.33837426,0.50540483,0.5006072,29.377708,5.5083273e-08,0.0
12.72,0.0,0.6,0.6,0.3335404,0.51074314,0.5058018,27.741045,-4.1631775e-08,0.0
12.725,0.0,0.6,0.6,0.3147176,0.5157802,0.50593674,26.188677,-6.3672275e-08,0.0
12.73,0.0,0.6,0.6,0.29695702,0.520533,0.5060641,24.648373,-7.1233444e-08,0.0
12.735,0.0,0.6,0.6,0.28019872,0.5250176,0.5061843,23.035952,1.0677612e-08,0.0
12.74,0.0,0.1917196,0.6,0.26438615,0.52924913,0.50671214,21.318106,7.46854e-08,0.0
12.745000000000001,0.0,0.1917196,0.6,0.24946594,0.53324187,0.5119767,19.499317,-1.3424459e-07,0.0
12.75,0.0,0.1917196,0.6,0.23538773,0.53700924,0.51694417,17.606,-3.732585e-09,0.0
12.755,0.0,0.1917196,0.6,0.222104,0.540564,0.5216313,15.673126,7.579145e-09,0.0
12.76,0.0,0.0,0.6,0.20956992,0.5439182,0.5260539,13.739105,1.7594607e-08,0.0
12.765,0.0,0.0,0.6,0.19774318,0.5470831,0.53022695,11.845488,-1.763659e-07,0.0
12.77,0.0,0.0,0.6,0.18658386,0.5500694,0.5341645,10.03539,2.5904823e-08,0.0
12.775,0.0,0.0,0.6,0.1760543,0.55288714,0.5378798,8.351612,3.0580651e-09,0.0
12.780000000000001,0.26498237,0.0,0.45722732,0.16611895,0.55370265,0.5413855,6.834139,-7.114714e-08,0.0
12.785,0.26498237,0.0,0.45722732,0.15674429,0.5332747,0.5446933,5.5216293,-2.456057e-08,0.0
12.790000000000001,0.26498237,0.0,0.45722732,0.14789867,0.5139996,0.5478144,3.6729891,1.3374085e-07,0.0
12.795,0.26498237,0.0,0.45722732,0.13955225,0.49581224,0.55075943,1.3674644,-5.0739427e-08,0.0
12.8,0.6,0.036718532,0.28138435,0.13167684,0.4777857,0.55353826,-5.421546e-09,2.952754e-08,0.0
12.805,0.6,0.036718532,0.28138435,0.12424587,0.45082262,0.5561603,1.0604345e-08,1.9014095e-08,0.0
12.81,0.6,0.036718532,0.28138435,0.11723425,0.42538115,0.5586343,1.3624004e-08,3.756527e-08,0.0
12.815,0.6,0.036718532,0.28138435,0.11061832,0.40137544,0.5609687,3.1699305e-09,-1.3934367e-08,0.0
12.82,0.5754937,0.29479262,0.0,0.10557206,0.37872446,0.5625268,5.3384253e-09,-7.469902e-08,0.0
12.825000000000001,0.5754937,0.29479262,0.0,0.11456813,0.35735175,0.5565844,0.062314708,3.903494e-08,0.0
12.83,0.5754937,0.29479262,0.0,0.123056516,0.33718517,0.55097735,0.14757024,-7.4983156e-08,0.0
12.835,0.5754937,0.29479262,0.0,0.13106588,0.31815666,0.5456867,0.36781824,-1.4903685e-07,0.0
12.84,0.18472248,0.084786296,0.3062004,0.14013574,0.30036777,0.5399008,0.8579889,1.3689336e-07,0.0
12.845,0.18472248,0.084786296,0.3062004,0.16608745,0.28548914,0.5253118,1.6421845,-5.925754e-08,0.0
12.85,0.18472248,0.084786296,0.3062004,0.19057462,0.27145016,0.5115462,2.7599573,5.446276e-08,0.0
12.855,0.18472248,0.084786296,0.3062004,0.21367988,0.25820345,0.4985574,4.199949,8.68259e-08,0.0
12.86,0.6,0.20612113,0.26141393,0.2353706,0.24686942,0.48503122,6.0934978,-2.263602e-08,0.0
12.865,0.6,0.20612113,0.26141393,0.2545649,0.24957389,0.45765924,8.348393,1.915842e-07,0.0
12.870000000000001,0.6,0.20612113,0.26141393,0.27267602,0.25212574,0.431832,10.758395,2.5958892e-07,0.0
12.875,0.6,0.20612113,0.26141393,0.28976506,0.2545336,0.40746224,13.194021,2.3679979e-07,0.0
12.88,0.6,0.26964802,0.27981654,0.3041255,0.25585744,0.38585016,15.582682,4.7800057e-08,0.0
12.885,0.6,0.26964802,0.27981654,0.29738718,0.2462033,0.38135526,17.876352,1.0181145e-07,0.0
12.89,0.6,0.26964802,0.27981654,0.29102913,0.23709399,0.377114,20.153921,1.3586202e-07,0.0
12.895,0.6,0.26964802,0.27981654,0.2850299,0.22849874,0.3731121,22.336174,1.20038e-07,0.0
12.9,0.14350969,0.5876515,0.0,0.28124404,0.22093634,0.36913386,24.292746,9.431697e-08,0.0
12.905000000000001,0.14350969,0.5876515,0.0,0.2992325,0.22010027,0.36305487,25.97991,1.08468015e-07,0.0
12.91,0.14350969,0.5876515,0.0,0.31620586,0.21931137,0.35731894,27.031145,1.8574772e-08,0.0
12.915000000000001,0.14350969,0.5876515,0.0,0.33222133,0.218567,0.3519067,27.517986,3.9232145e-08,0.0
12.92,0.16702968,0.6,0.0,0.34733298,0.21815144,0.34688294,27.745998,-1.7342483e-08,0.0
12.925,0.16702968,0.6,0.0,0.36159185,0.22105756,0.34309816,27.914705,9.970393e-09,0.0
12.93,0.16702968,0.6,0.0,0.37504604,0.22379969,0.33952695,28.357779,-5.7065744e-08,0.0
12.935,0.16702968,0.6,0.0,0.38774097,0.22638707,0.3361573,29.166498,1.09458746e-07,0.0
12.94,0.47619963,0.6,0.0,0.39765856,0.23026411,0.3317145,30.267931,3.5020754e-08,0.0
12.945,0.47619963,0.6,0.0,0.38331607,0.2504327,0.31299472,31.586765,9.440353e-08,0.0
12.950000000000001,0.47619963,0.6,0.0,0.36978298,0.2694631,0.29533136,33.555843,1.2932955e-07,0.0
12.955,0.47619963,0.6,0.0,0.3570136,0.28741956,0.2786648,35.930374,1.6389363e-07,0.0
12.96,0.379146,0.6,0.0,0.34507105,0.3044184,0.2629388,38.142845,7.629244e-08,0.0
12.965,0.379146,0.6,0.0,0.33502355,0.3210991,0.24810027,39.842022,1.7079438e-07,0.0
12.97,0.379146,0.6,0.0,0.32554308,0.33683842,0.23409912,40.857307,7.641718e-08,0.0
12.975,0.379146,0.6,0.0,0.3165976,0.35168952,0.22088811,41.147415,3.1093725e-09,0.0
12.98,0.31858912,0.6,0.0,0.3095528,0.36570254,0.20842265,40.753536,1.0208939e-08,0.0
12.985,0.31858912,0.6,0.0,0.31895724,0.37892476,0.19666064,39.712624,0.3780457,0.0
12.99,0.31858912,0.6,0.0,0.32783097,0.39140078,0.1855624,37.670624,1.6491691,0.0
12.995000000000001,0.31858912,0.6,0.0,0.33620393,0.40317276,0.17509048,34.9148,3.4610753,0.0
13.0,0.41878963,0.6,0.0,0.3436662,0.41428038,0.16520953,31.980064,5.199966,0.0
13.005,0.41878963,0.6,0.0,0.34566844,0.42476118,0.15588619,29.184208,6.512623,0.0
13.01,0.41878963,0.6,0.0,0.3475577,0.4346505,0.147089,26.664806,7.2565813,0.0
13.015,0.41878963,0.6,0.0,0.34934032,0.44398174,0.13878827,24.472609,7.3892064,0.0
13.02,0.527015,0.5245826,0.08844193,0.35074896,0.4527864,0.13095598,22.627697,6.902426,0.0
13.025,0.527015,0.5245826,0.08844193,0.34893405,0.46109414,0.12356569,21.1255,5.814918,0.0
13.030000000000001,0.527015,0.5245826,0.08844193,0.34722158,0.46893308,0.11659245,20.614574,3.419303,0.0
13.035,0.527015,0.5245826,0.08844193,0.34560576,0.47632962,0.11001274,20.971403,-5.609289e-07,0.0
13.040000000000001,0.20421235,0.25478753,0.030936403,0.3445335,0.48330876,0.10380434,21.110321,3.1744627e-09,0.0
13.045,0.20421235,0.25478753,0.030936403,0.34872404,0.48989406,0.09794631,21.579187,3.4213393e-08,0.0
13.05,0.20421235,0.25478753,0.030936403,0.3526781,0.49610773,0.092418864,21.565424,0.44340646,0.0
13.055,0.20421235,0.25478753,0.030936403,0.35640898,0.5019707,0.08720335,20.952013,1.2958835,0.0
13.06,0.6,0.45772377,0.0,0.36041793,0.50716233,0.082681455,20.049562,2.2010164,0.0
13.065,0.6,0.45772377,0.0,0.36981958,0.5081454,0.08300654,19.077065,2.9139094,0.0
13.07,0.6,0.45772377,0.0,0.37869066,0.509073,0.08331328,18.225344,3.2276032,0.0
13.075000000000001,0.6,0.45772377,0.0,0.38706112,0.50994825,0.083602704,17.614685,3.0192966,0.0
13.08,0.55727506,0.32358217,0.3488527,0.39350185,0.5095561,0.08361618,17.283722,2.259569,0.0
13.085,0.55727506,0.32358217,0.3488527,0.3828196,0.49517864,0.08064328,16.22895,2.079807,0.0
13.09,0.55727506,0.32358217,0.3488527,0.37274018,0.48161256,0.07783815,15.199882,1.6226887,0.0
13.095,0.55727506,0.32358217,0.3488527,0.36322957,0.46881205,0.07519133,14.701235,0.3383114,0.0
13.1,0.43542853,0.3342534,0.43499723,0.35604253,0.4576501,0.0725542,14.323483,-6.3192633e-09,0.0
13.105,0.43542853,0.3342534,0.43499723,0.3698099,0.45765427,0.06845972,14.203889,-6.2670735e-09,0.0
13.11,0.43542853,0.3342534,0.43499723,0.3828003,0.4576582,0.0645963,13.756029,0.32297277,0.0
13.115,0.43542853,0.3342534,0.43499723,0.39505762,0.4576619,0.060950913,12.981874,0.74661505,0.0
13.120000000000001,0.6,0.39781106,0.07753022,0.40643033,0.45705977,0.0590862,12.238948,0.87047637,0.0
13.125,0.6,0.39781106,0.07753022,0.414943,0.44952717,0.07543871,11.7396145,0.46651945,0.0
13.13,0.6,0.39781106,0.07753022,0.4229753,0.44241968,0.09086839,11.497664,-6.0435745e-09,0.0
13.135,0.6,0.39781106,0.07753022,0.4305543,0.43571326,0.105427325,11.517658,9.526803e-09,0.0
13.14,0.4580023,0.42337498,0.6,0.4371555,0.4294335,0.119553566,11.89351,4.7858038e-08,0.0
13.145,0.4580023,0.42337498,0.6,0.43705803,0.42406216,0.13735513,12.566622,4.0948848e-08,0.0
13.15,0.4580023,0.42337498,0.6,0.43696606,0.41899395,0.1541521,14.113065,7.36336e-08,0.0
13.155000000000001,0.4580023,0.42337498,0.6,0.4368793,0.41421175,0.17000115,16.452953,1.5293338e-07,0.0
13.16,0.6,0.4916631,0.6,0.4375404,0.40998638,0.18334194,19.102158,1.3525784e-07,0.0
13.165000000000001,0.6,0.4916631,0.6,0.44670856,0.40929928,0.17737062,20.923008,0.66002995,0.0
13.17,0.6,0.4916631,0.6,0.4553593,0.40865096,0.17173629,21.705801,2.2065814,0.0
13.175,0.6,0.4916631,0.6,0.46352187,0.40803924,0.16641992,21.880974,4.141513,0.0
13.18,0.20764734,0.41838273,0.6,0.47058272,0.40757746,0.16376236,21.762785,6.108655,0.0
13.185,0.20764734,0.41838273,0.6,0.46987277,0.40846896,0.18838073,21.558256,7.880818,0.0
13.19,0.20764734,0.41838273,0.6,0.46920288,0.40931016,0.21160981,23.056822,7.4850655,0.0
13.195,0.20764734,0.41838273,0.6,0.4685708,0.4101039,0.23352799,26.197952,5.0490193,0.0
13.200000000000001,0.29472664,0.45784515,0.6,0.46861544,0.41116112,0.25420925,29.93014,1.7797532,0.0
13.205,0.29472664,0.45784515,0.6,0.47602993,0.41570413,0.2737234,32.580322,0.017654426,0.0
13.21,0.29472664,0.45784515,0.6,0.483026,0.41999075,0.2921363,33.87858,0.3831026,0.0
13.215,0.29472664,0.45784515,0.6,0.48962724,0.42403546,0.3095101,34.608845,0.22825752,0.0
13.22,0.36690384,0.6,0.6,0.49408463,0.42752108,0.32590345,34.83309,6.0578426e-10,0.0
13.225,0.36690384,0.6,0.6,0.47792,0.42700538,0.34137166,34.688095,-3.201454e-08,0.0
13.23,0.36690384,0.6,0.6,0.46266758,0.42651877,0.35596693,34.349014,-2.3967548e-08,0.0
13.235,0.36690384,0.6,0.6,0.44827592,0.42605963,0.36973855,33.824516,-9.0635055e-09,0.0
13.24,0.0,0.6,0.5145253,0.43508956,0.42580456,0.382733,33.09335,-4.581669e-08,0.0
13.245000000000001,0.0,0.6,0.5145253,0.4271684,0.42761272,0.3949941,32.167347,-2.436578e-08,0.0
13.25,0.0,0.6,0.5145253,0.41969424,0.42931885,0.40656328,31.775728,2.907724e-08,0.0
13.255,0.0,0.6,0.5145253,0.41264188,0.43092868,0.41747957,32.035763,1.0227423e-08,0.0
13.26,0.0,0.6,0.6,0.4063134,0.43308944,0.42777982,32.6276,5.1880427e-08,0.0
13.265,0.0,0.6,0.6,0.40408936,0.44250876,0.4374988,33.318317,7.224994e-08,0.0
13.27,0.0,0.6,0.6,0.40199086,0.45139652,0.4466693,33.940266,2.1782306e-08,0.0
13.275,0.0,0.6,0.6,0.4000108,0.45978272,0.4553223,34.387646,6.011624e-08,0.0
13.280000000000001,0.0,0.6,0.6,0.396486,0.46769565,0.46310106,34.60913,-2.3488782e-09,0.0
13.285,0.0,0.6,0.6,0.37411097,0.47516203,0.4660031,34.583363,1.7007372e-08,0.0
13.290000000000001,0.0,0.6,0.6,0.3529986,0.48220706,0.46874136,34.206646,-6.0947087e-09,0.0
13.295,0.0,0.6,0.6,0.3330777,0.48885453,0.4713251,33.390785,3.171068e-08,0.0
13.3,0.0,0.41768372,0.6,0.314281,0.49512684,0.47414893,32.12015,-6.3400094e-08,0.0
13.305,0.0,0.41768372,0.6,0.29654503,0.50104517,0.48125112,30.424765,2.4040914e-09,0.0
13.31,0.0,0.41768372,0.6,0.27980998,0.5066295,0.48795253,28.362312,-4.715196e-08,0.0
13.315,0.0,0.41768372,0.6,0.26401934,0.51189876,0.49427575,26.008476,2.0812644e-08,0.0
13.32,0.0,0.0,0.6,0.24911983,0.5168706,0.5002421,23.45375,-1.0963221e-07,0.0
13.325000000000001,0.0,0.0,0.6,0.23506115,0.5215619,0.5058718,20.798853,3.3604614e-08,0.0
13.33,0.0,0.0,0.6,0.22179586,0.52598846,0.51118374,18.142328,1.2357663e-07,0.0
13.335,0.0,0.0,0.6,0.20927916,0.5301652,0.51619595,15.564163,-1.03126574e-07,0.0
13.34,0.30384946,0.0,0.2692059,0.19746883,0.5332831,0.5209253,13.124543,-9.638843e-08,0.0
13.345,0.30384946,0.0,0.2692059,0.186325,0.52675945,0.52538776,10.877592,6.1378366e-08,0.0
13.35,0.30384946,0.0,0.2692059,0.17581004,0.52060395,0.5295984,8.073712,-3.008247e-07,0.0
13.355,0.30384946,0.0,0.2692059,0.16588847,0.51479584,0.5335714,4.75053,-8.734746e-08,0.0
13.36,0.6,0.30222255,0.26002774,0.15652682,0.5074298,0.5373202,1.5016631,1.4137252e-07,0.0
13.365,0.6,0.30222255,0.26002774,0.14769347,0.4787938,0.54085743,1.5728993e-08,2.010601e-09,0.0
13.370000000000001,0.6,0.30222255,0.26002774,0.13935862,0.45177382,0.54419506,6.8950774e-09,6.428816e-09,0.0
13.375,0.6,0.30222255,0.26002774,0.13149413,0.42627868,0.5473443,9.7389155e-09,6.875232e-09,0.0
13.38,0.35940707,0.23054378,0.26598415,0.12544525,0.40222234,0.54882246,0.035579123,-1.4121517e-08,0.0
13.385,0.35940707,0.23054378,0.26598415,0.1355132,0.37952355,0.5330427,0.17328885,5.102703e-08,0.0
13.39,0.35940707,0.23054378,0.26598415,0.14501299,0.35810575,0.5181535,0.3315791,1.3916878e-07,0.0
13.395,0.35940707,0.23054378,0.26598415,0.15397668,0.33789662,0.50410455,0.61812544,-3.1225824e-08,0.0
13.4,0.30606052,0.0351908,0.3980839,0.16377154,0.3201924,0.490807,1.1871569,6.761789e-08,0.0
13.405000000000001,0.30606052,0.0351908,0.3980839,0.1883894,0.31917828,0.47778332,2.0697286,-8.9515055e-08,0.0
13.41,0.30606052,0.0351908,0.3980839,0.21161799,0.31822142,0.46549463,3.2328994,-6.579405e-08,0.0
13.415000000000001,0.30606052,0.0351908,0.3980839,0.2335357,0.31731856,0.45389944,4.603921,1.07751944e-07,0.0
13.42,0.6,0.41146603,0.3135164,0.25313035,0.31614304,0.4429855,6.09243,8.671166e-08,0.0
13.425,0.6,0.41146603,0.3135164,0.25912791,0.31131238,0.43299672,7.615282,1.0687443e-07,0.0
13.43,0.6,0.41146603,0.3135164,0.26478702,0.30675432,0.42357165,9.056288,1.1138527e-07,0.0
13.435,0.6,0.41146603,0.3135164,0.27012676,0.3024535,0.41467845,10.3329525,9.5240175e-08,0.0
13.44,0.6,0.569891,0.46650216,0.2749243,0.29751343,0.4068835,11.42225,7.6296345e-08,0.0
13.445,0.6,0.569891,0.46650216,0.27668142,0.28270966,0.4063869,12.337411,2.3266564e-09,0.0
13.450000000000001,0.6,0.569891,0.46650216,0.2783394,0.26874134,0.40591833,13.136478,2.4622127e-08,0.0
13.455,0.6,0.569891,0.46650216,0.27990377,0.2555613,0.4054762,13.879557,5.2427083e-08,0.0
13.46,0.27051967,0.6,0.28268978,0.28270692,0.2448238,0.40467724,14.605874,6.3129626e-08,0.0
13.465,0.27051967,0.6,0.28268978,0.30061284,0.254228,0.39953274,15.339742,-1.690712e-09,0.0
13.47,0.27051967,0.6,0.28268978,0.31750828,0.2631015,0.39467853,16.400484,-5.3038903e-08,0.0
13.475,0.27051967,0.6,0.28268978,0.33345026,0.2714742,0.39009827,17.863844,1.2672004e-07,0.0
13.48,0.46397874,0.6,0.6,0.34849256,0.28008968,0.3864672,19.610332,8.977332e-08,0.0
13.485,0.46397874,0.6,0.6,0.36268598,0.29644415,0.39098382,21.53977,4.6010364e-08,0.0
13.49,0.46397874,0.6,0.6,0.37607843,0.31187567,0.39524558,23.499903,1.5478943e-07,0.0
13.495000000000001,0.46397874,0.6,0.6,0.3887151,0.32643634,0.39926684,25.330122,1.3163061e-07,0.0
13.5,0.37163746,0.6,0.6,0.39915112,0.34031126,0.4022313,26.925768,1.3110534e-07,0.0
13.505,0.37163746,0.6,0.6,0.39189202,0.35496637,0.39548516,28.233698,3.6895827e-08,0.0
13.51,0.37163746,0.6,0.6,0.38504255,0.36879447,0.38911974,29.783714,2.4652506e-08,0.0
13.515,0.37163746,0.6,0.6,0.37857965,0.3818422,0.38311353,31.554165,1.4275567e-07,0.0
13.52,0.2541875,0.6,0.6,0.37335485,0.3941536,0.37887883,33.19849,4.985648e-08,0.0
13.525,0.2541875,0.6,0.6,0.37846908,0.4057702,0.39135745,34.509953,-1.0910784e-09,0.0
13.530000000000001,0.2541875,0.6,0.6,0.38329467,0.41673127,0.40313187,34.83474,-1.4341094e-10,0.0
13.535,0.2541875,0.6,0.6,0.38784796,0.42707375,0.41424182,34.13936,3.906649e-08,0.0
13.540000000000001,0.4242905,0.6,0.57301134,0.3917274,0.43683258,0.4247248,32.789623,8.3692555e-08,0.0
13.545,0.4242905,0.6,0.57301134,0.39059365,0.44604066,0.43461618,31.07744,4.4326402e-08,0.0
13.55,0.4242905,0.6,0.57301134,0.3895239,0.4547291,0.44394934,29.832882,-5.9464366e-08,0.0
13.555,0.4242905,0.6,0.57301134,0.3885145,0.46292725,0.4527558,29.248608,-8.911512e-09,0.0
13.56,0.0,0.6,0.5497398,0.38703182,0.47066274,0.4610653,29.080635,-2.5598782e-08,0.0
13.565,0.0,0.6,0.5497398,0.37953496,0.4779617,0.46890587,29.136482,-8.123896e-09,0.0
13.57,0.0,0.6,0.5497398,0.37246117,0.48484874,0.47630396,29.236593,-4.65292e-09,0.0
13.575000000000001,0.0,0.6,0.5497398,0.36578658,0.4913471,0.48328456,29.245888,-8.602514e-09,0.0
13.58,0.0,0.6,0.6,0.3602566,0.49747875,0.48974937,29.089193,-1.7219458e-08,0.0
13.585,0.0,0.6,0.6,0.36387026,0.50326437,0.49444813,28.74101,7.908229e-09,0.0
13.59,0.0,0.6,0.6,0.36727998,0.5087235,0.49888173,27.674221,-7.46625e-08,0.0
13.595,0.0,0.6,0.6,0.3704973,0.51387453,0.5030651,25.914585,-8.72769e-09,0.0
13.6,0.0,0.6,0.6,0.3716175,0.5187349,0.50690734,23.839495,-1.05590715e-07,0.0
13.605,0.0,0.6,0.6,0.35064584,0.5233209,0.50932455,21.722607,-2.2057906e-08,0.0
13.61,0.0,0.6,0.6,0.3308577,0.52764815,0.5116053,20.213331,-7.492406e-08,0.0
13.615,0.0,0.6,0.6,0.31218627,0.5317312,0.5137574,19.333292,-3.3280877e-08,0.0
13.620000000000001,0.0,0.19113399,0.6,0.29456854,0.53558385,0.51601493,18.743132,9.44754e-08,0.0
13.625,0.0,0.19113399,0.6,0.27794504,0.5392191,0.5207545,18.201445,-3.096976e-09,0.0
13.63,0.0,0.19113399,0.6,0.26225966,0.54264915,0.5252266,17.55247,-7.1531794e-09,0.0
13.635,0.0,0.19113399,0.6,0.24745946,0.5458857,0.5294463,16.711273,4.5530502e-08,0.0
13.64,0.0,0.0,0.6,0.23349448,0.5489395,0.5334279,15.649194,-1.8136792e-08,0.0
13.645,0.0,0.0,0.6,0.22031759,0.55182105,0.5371848,14.377785,1.0534304e-08,0.0
13.65,0.0,0.0,0.6,0.20788431,0.55454,0.54072964,12.936683,5.71434e-08,0.0
13.655000000000001,0.0,0.0,0.6,0.19615269,0.5571054,0.5440745,11.382602,-8.0724796e-08,0.0
13.66,0.31404552,0.0,0.42451632,0.18508312,0.5576802,0.54723054,9.780675,2.388432e-08,0.0
13.665000000000001,0.31404552,0.0,0.42451632,0.17463826,0.53699476,0.5502085,8.205369,1.2468553e-07,0.0
13.67,0.31404552,0.0,0.42451632,0.16478282,0.5174767,0.5530184,5.9606147,2.6089154e-08,0.0
13.675,0.31404552,0.0,0.42451632,0.15548356,0.49906003,0.5556697,3.1797702,-1.9912058e-08,0.0
13.68,0.6,0.0,0.6,0.14670908,0.48081982,0.55817145,0.5238946,-4.020873e-08,0.0
13.685,0.6,0.0,0.6,0.13842979,0.45368552,0.560532,-1.5909041e-08,-1.0124501e-07,0.0
13.69,0.6,0.0,0.6,0.13061772,0.4280825,0.5627593,-1.8165822e-09,-5.5149034e-08,0.0
13.695,0.6,0.0,0.6,0.12324652,0.40392435,0.5648609,0.01997807,7.8768005e-09,0.0
13.700000000000001,0.4299629,0.23529433,0.32903504,0.117709115,0.3811295,0.56605166,0.115542665,1.23010695e-08,0.0
13.705,0.4299629,0.23529433,0.32903504,0.12878905,0.35962108,0.55806434,0.3458358,7.730786e-09,0.0
13.71,0.4299629,0.23529433,0.32903504,0.1392437,0.33932644,0.55052775,0.6197428,1.6092251e-07,0.0
13.715,0.4299629,0.23529433,0.32903504,0.14910837,0.32017708,0.5434165,1.0208453,8.968104e-08,0.0
13.72,0.14409788,0.20329554,0.6,0.15970732,0.3021084,0.53749883,1.6738515,2.8723132e-08,0.0
13.725,0.14409788,0.20329554,0.6,0.18455455,0.2850594,0.541026,2.595851,1.5942723e-08,0.0
13.73,0.14409788,0.20329554,0.6,0.20799956,0.26897252,0.5443541,3.8173382,9.291525e-08,0.0
13.735,0.14409788,0.20329554,0.6,0.23012148,0.25379348,0.54749435,5.3204417,1.2322728e-07,0.0
13.74,0.41444182,0.3620724,0.6,0.25022733,0.24053332,0.5492341,7.250801,1.4414778e-07,0.0
13.745000000000001,0.41444182,0.3620724,0.6,0.26037043,0.24023767,0.53680754,9.531284,1.9628455e-07,0.0
13.75,0.41444182,0.3620724,0.6,0.26994112,0.2399587,0.52508223,11.911706,7.7300506e-08,0.0
13.755,0.41444182,0.3620724,0.6,0.2789717,0.23969547,0.5140186,14.219478,1.1938377e-07,0.0
13.76,0.4625746,0.6,0.6,0.28620207,0.23930264,0.50480264,16.130764,1.7954983e-07,0.0
13.765,0.4625746,0.6,0.6,0.27818266,0.23727064,0.51017493,17.573792,1.7191059e-07,0.0
13.77,0.4625746,0.6,0.6,0.2706158,0.2353533,0.51524407,19.047113,7.527374e-08,0.0
13.775,0.4625746,0.6,0.6,0.26347595,0.23354417,0.52002716,20.6037,1.6487341e-07,0.0
13.780000000000001,0.0,0.6,0.5741303,0.25795954,0.23255396,0.5245403,22.03563,1.1576478e-08,0.0
13.785,0.0,0.6,0.5741303,0.26679036,0.23986313,0.52879876,23.230476,2.349264e-08,0.0
13.790000000000001,0.0,0.6,0.5741303,0.27512282,0.24675982,0.5328169,24.043653,-1.1712257e-08,0.0
13.795,0.0,0.6,0.5741303,0.28298506,0.2532673,0.5366083,24.539303,4.312606e-08,0.0
13.8,0.0,0.6,0.58519757,0.29062092,0.2604817,0.5401857,24.867636,2.0232523e-08,0.0
13.805,0.0,0.6,0.58519757,0.30032486,0.27964187,0.5435612,25.132118,7.562758e-08,0.0
13.81,0.0,0.6,0.58519757,0.30948117,0.29772076,0.54674625,25.35429,7.296844e-09,0.0
13.815,0.0,0.6,0.58519757,0.31812075,0.3147794,0.5497515,25.497673,2.1748189e-08,0.0
13.82,0.0,0.6,0.6,0.3241844,0.33087537,0.55247045,25.532156,-2.9511002e-08,0.0
13.825000000000001,0.0,0.6,0.6,0.30588955,0.346063,0.5536928,25.440592,-2.0541776e-08,0.0
13.83,0.0,0.6,0.6,0.28862715,0.36039352,0.55484617,25.60153,-3.0839505e-08,0.0
13.835,0.0,0.6,0.6,0.27233893,0.37391534,0.5559344,25.919147,3.5779106e-08,0.0
13.84,0.0,0.6,0.6,0.2569699,0.38667408,0.55701125,26.060646,-3.5362767e-08,0.0
13.845,0.0,0.6,0.6,0.24246821,0.39871278,0.5586019,25.83515,-2.1207207e-08,0.0
13.85,0.0,0.6,0.6,0.2287849,0.41007212,0.5601028,25.160095,-4.250898e-09,0.0
13.855,0.0,0.6,0.6,0.2158738,0.4207904,0.561519,24.030313,-8.807797e-08,0.0
13.86,0.0,0.23907001,0.6,0.2036913,0.43090382,0.5629221,22.49425,2.5653195e-08,0.0
13.865,0.0,0.23907001,0.6,0.19219631,0.4404465,0.56501454,20.628654,7.3315896e-08,0.0
13.870000000000001,0.0,0.23907001,0.6,0.18135002,0.44945064,0.5669889,18.51904,-1.2828143e-07,0.0
13.875,0.0,0.23907001,0.6,0.17111582,0.45794666,0.5688518,16.251238,-6.3915714e-08,0.0
13.88,0.20287172,0.0,0.28325823,0.16145916,0.4659632,0.5706096,13.914783,6.0646045e-08,0.0
13.885,0.20287172,0.0,0.28325823,0.15234748,0.47352737,0.57226825,11.607641,9.025408e-08,0.0
13.89,0.20287172,0.0,0.28325823,0.14374998,0.48066464,0.5738332,9.428198,-3.7285574e-08,0.0
13.895,0.20287172,0.0,0.28325823,0.13563769,0.48739913,0.57530993,7.4635873,-1.6987219e-08,0.0
13.9,0.6,0.1984144,0.36182326,0.12798318,0.4921241,0.57670325,5.779152,-2.3096545e-08,0.0
13.905000000000001,0.6,0.1984144,0.36182326,0.12076066,0.4778434,0.57801795,4.415459,-1.7150063e-07,0.0
13.91,0.6,0.1984144,0.36182326,0.11394572,0.4643686,0.5792585,2.6837053,-9.663856e-08,0.0
13.915000000000001,0.6,0.1984144,0.36182326,0.10751538,0.45165426,0.580429,0.60740936,-4.7007454e-08,0.0
13.92,0.48958936,0.0,0.293428,0.10236382,0.43857807,0.5801035,-1.6058958e-10,3.491458e-08,0.0
13.925,0.48958936,0.0,0.293428,0.10803582,0.4138276,0.5633515,-2.7572722e-10,2.3199568e-08,0.0
13.93,0.48958936,0.0,0.293428,0.11338773,0.3904739,0.5475449,1.1724424e-08,-6.208583e-08,0.0
13.935,0.48958936,0.0,0.293428,0.11843762,0.36843812,0.5326303,-2.9617375e-08,9.4614954e-08,0.0
13.94,0.28345424,0.0,0.54702055,0.124995425,0.34854168,0.5189121,-2.6571374e-08,9.381634e-08,0.0
13.945,0.28345424,0.0,0.54702055,0.15180156,0.34006947,0.510047,0.13491496,9.158483e-08,0.0
13.950000000000001,0.28345424,0.0,0.54702055,0.17709492,0.3320754,0.5016822,0.6217907,1.4713832e-07,0.0
13.955,0.28345424,0.0,0.54702055,0.2009609,0.32453245,0.4937895,1.5675236,1.6496104e-07,0.0
13.96,0.6,0.0,0.6,0.22298157,0.3165194,0.4860334,2.9327362,1.1347516e-07,0.0
13.965,0.6,0.0,0.6,0.23802716,0.29865715,0.47516403,4.5969915,6.6917494e-08,0.0
13.97,0.6,0.0,0.6,0.25222367,0.2818029,0.46490803,6.426416,1.1903285e-07,0.0
13.975,0.6,0.0,0.6,0.26561904,0.2658998,0.45523083,8.305315,1.2411186e-07,0.0
13.98,0.6,0.40669864,0.5746013,0.2773278,0.2508942,0.44724464,10.159197,1.8046825e-07,0.0
13.985,0.6,0.40669864,0.5746013,0.27767354,0.23673537,0.45287535,11.954294,7.6263255e-08,0.0
13.99,0.6,0.40669864,0.5746013,0.27799976,0.22337559,0.4581883,13.848642,9.886136e-08,0.0
13.995000000000001,0.6,0.40669864,0.5746013,0.2783076,0.21076974,0.4632014,15.782593,1.5546578e-07,0.0
14.0,0.0884251,0.6,0.04316894,0.28002712,0.1988753,0.4681708,17.597723,4.4829758e-08,0.0
14.005,0.0884251,0.6,0.04316894,0.2980843,0.18765208,0.47561038,19.216393,8.61807e-09,0.0
14.01,0.0884251,0.6,0.04316894,0.31512243,0.17706223,0.4826301,20.69744,7.035188e-08,0.0
14.015,0.0884251,0.6,0.04316894,0.33119905,0.16707,0.4892537,22.128147,-2.228225e-08,0.0
14.02,0.2490193,0.6,0.0,0.3463684,0.15947779,0.49538884,23.561852,1.11274865e-07,0.0
14.025,0.2490193,0.6,0.0,0.3606817,0.1734293,0.49985906,25.028858,1.519154e-07,0.0
14.030000000000001,0.2490193,0.6,0.0,0.37418726,0.18659347,0.504077,26.54476,-5.378299e-09,0.0
14.035,0.2490193,0.6,0.0,0.38693064,0.19901475,0.50805694,28.11793,7.420311e-08,0.0
14.040000000000001,0.3863986,0.6,0.0,0.39664528,0.21160775,0.509413,29.749952,1.2257438e-07,0.0
14.045,0.3863986,0.6,0.0,0.37925136,0.23352605,0.48310125,31.424482,1.3479715e-07,0.0
14.05,0.3863986,0.6,0.0,0.36283904,0.25420743,0.45827436,33.609005,7.0672e-09,0.0
14.055,0.3863986,0.6,0.0,0.34735292,0.2737217,0.43484855,36.14116,1.6398174e-07,0.0
14.06,0.31028032,0.6,0.0,0.33346578,0.2921347,0.41254982,38.467743,1.3377796e-07,0.0
14.065,0.31028032,0.6,0.0,0.32870018,0.3095086,0.38926822,40.21221,1.0783387e-08,0.0
14.07,0.31028032,0.6,0.0,0.32420352,0.32590201,0.36730048,41.238358,6.006557e-09,0.0
14.075000000000001,0.31028032,0.6,0.0,0.31996062,0.3413703,0.34657246,41.55359,2.2248384e-08,0.0
14.08,0.20178868,0.6,0.0,0.31657737,0.35596567,0.3270142,41.229507,2.0487296e-09,0.0
14.085,0.20178868,0.6,0.0,0.32051763,0.36973736,0.3085597,40.37571,7.2892206e-08,0.0
14.09,0.20178868,0.6,0.0,0.32423553,0.38273185,0.2911466,38.635742,-1.2415278e-07,0.0
14.095,0.20178868,0.6,0.0,0.3277436,0.39499304,0.2747162,36.124146,-1.05809406e-07,0.0
14.1,0.47073093,0.44578964,0.0,0.33071005,0.40656227,0.25921303,33.245293,-7.469162e-08,0.0
14.105,0.47073093,0.44578964,0.0,0.32955712,0.41747862,0.24458475,30.289333,5.477553e-08,0.0
14.11,0.47073093,0.44578964,0.0,0.32846928,0.42777893,0.230782,27.966637,2.0297943e-08,0.0
14.115,0.47073093,0.44578964,0.0,0.32744282,0.43749794,0.2177582,26.42513,-3.6246433e-08,0.0
14.120000000000001,0.43656522,0.6,0.0,0.32598448,0.44666848,0.20546935,25.438782,8.239756e-09,0.0
14.125,0.43656522,0.6,0.0,0.3189757,0.4553215,0.19387402,24.824862,-2.2160902e-08,0.0
14.13,0.43656522,0.6,0.0,0.31236243,0.4634862,0.18293305,24.40247,-1.5353894e-08,0.0
14.135,0.43656522,0.6,0.0,0.3061224,0.47119012,0.17260951,24.025106,-2.179894e-08,0.0
14.14,0.21928379,0.21042235,0.0,0.30144867,0.4777631,0.16286856,23.599451,1.5802925e-08,0.0
14.145,0.21928379,0.21042235,0.0,0.31100184,0.4759587,0.15367733,23.08533,-1.492876e-08,0.0
14.15,0.21928379,0.21042235,0.0,0.3200159,0.47425616,0.1450048,21.0858,1.5015465,0.0
14.155000000000001,0.21928379,0.21042235,0.0,0.32852128,0.4726497,0.13682167,17.813839,4.124552,0.0
14.16,0.6,0.2551134,0.0,0.3363924,0.4718301,0.12910035,14.269385,6.721425,0.0
14.165000000000001,0.6,0.2551134,0.0,0.3420455,0.47906315,0.12181478,11.07743,8.599826,0.0
14.17,0.6,0.2551134,0.0,0.34737957,0.48588803,0.11494036,9.484954,8.4053955,0.0
14.175,0.6,0.2551134,0.0,0.3524126,0.49232775,0.108453885,9.550217,6.1390896,0.0
14.18,0.58862376,0.13740052,0.18809825,0.35618067,0.49664524,0.102333464,10.603279,2.5911665,0.0
14.185,0.58862376,0.13740052,0.18809825,0.3484551,0.4804927,0.09655844,11.787416,4.1958057e-08,0.0
14.19,0.58862376,0.13740052,0.18809825,0.3411655,0.4652517,0.09110931,12.536275,2.9336382e-08,0.0
14.195,0.58862376,0.13740052,0.18809825,0.33428732,0.4508708,0.085967705,13.210864,4.0421018e-08,0.0
14.200000000000001,0.36074358,0.19956668,0.49214473,0.32951608,0.43750325,0.08111625,13.799426,4.8070067e-08,0.0
14.205,0.36074358,0.19956668,0.49214473,0.34478042,0.42721036,0.076538585,14.3172455,4.5718267e-08,0.0
14.21,0.36074358,0.19956668,0.49214473,0.35918334,0.41749835,0.07221925,14.273532,0.41415107,0.0
14.215,0.36074358,0.19956668,0.49214473,0.37277344,0.4083344,0.06814367,13.815014,1.0249741,0.0
14.22,0.6,0.5375424,0.35881042,0.38554525,0.39915618,0.065147296,13.384713,1.3349475,0.0
14.225,0.6,0.5375424,0.35881042,0.39700568,0.38438442,0.072085835,13.23315,1.0740329,0.0
14.23,0.6,0.5375424,0.35881042,0.40781933,0.37044626,0.07863281,13.500484,0.10149118,0.0
14.235,0.6,0.5375424,0.35881042,0.41802275,0.3572947,0.08481032,13.955655,3.5888558e-08,0.0
14.24,0.5011695,0.6,0.6,0.42662156,0.345166,0.09201188,14.806485,9.0049575e-08,0.0
14.245000000000001,0.5011695,0.6,0.6,0.42290384,0.33694932,0.11459274,16.01318,8.7195005e-08,0.0
14.25,0.5011695,0.6,0.6,0.41939592,0.32919633,0.13589929,18.084917,2.0718959e-07,0.0
14.255,0.5011695,0.6,0.6,0.416086,0.32188088,0.15600343,20.902292,2.5017204e-07,0.0
14.26,0.32983044,0.6,0.6,0.41404298,0.31650412,0.17437106,23.977304,2.6840445e-07,0.0
14.265,0.32983044,0.6,0.6,0.42453718,0.32897806,0.1847796,26.973341,4.2384023e-08,0.0
14.27,0.32983044,0.6,0.6,0.43443915,0.34074807,0.19460075,29.504072,0.13669917,0.0
14.275,0.32983044,0.6,0.6,0.44378233,0.35185385,0.20386766,31.407984,0.7080488,0.0
14.280000000000001,0.26278675,0.59235704,0.6,0.45215204,0.36261487,0.2137005,32.76188,1.642218,0.0
14.285,0.26278675,0.59235704,0.6,0.45491827,0.3760113,0.23550071,33.657238,2.8336706,0.0
14.290000000000001,0.26278675,0.59235704,0.6,0.45752838,0.38865176,0.25607064,34.142128,4.2273593,0.0
14.295,0.26278675,0.59235704,0.6,0.4599912,0.40057886,0.27547976,34.268585,5.7441015,0.0
14.3,0.34692296,0.6,0.6,0.46154147,0.41183287,0.29379356,34.26219,6.33676,0.0
14.305,0.34692296,0.6,0.6,0.45410857,0.4224518,0.31107384,34.316296,4.66306,0.0
14.31,0.34692296,0.6,0.6,0.44709513,0.43247145,0.32737893,35.115192,-2.0183401e-07,0.0
14.315,0.34692296,0.6,0.6,0.4404775,0.44192567,0.34276387,35.396935,3.2229797e-09,0.0
14.32,0.0,0.6,0.5929034,0.4339306,0.45081183,0.35728058,35.92432,3.940047e-08,0.0
14.325000000000001,0.0,0.6,0.5929034,0.4242724,0.45879972,0.37097806,36.452053,1.9394452e-08,0.0
14.33,0.0,0.6,0.5929034,0.4151592,0.46633682,0.38390255,36.806656,6.7079324e-09,0.0
14.335,0.0,0.6,0.5929034,0.4065603,0.47344857,0.39609766,36.885963,-1.732515e-08,0.0
14.34,0.0,0.6,0.6,0.3988265,0.4801935,0.40760458,36.65262,-1.299162e-08,0.0
14.345,0.0,0.6,0.6,0.39589742,0.4869546,0.4184621,36.11598,1.2856092e-08,0.0
14.35,0.0,0.6,0.6,0.3931336,0.49333414,0.4287069,35.337322,-5.0277453e-08,0.0
14.355,0.0,0.6,0.6,0.3905258,0.49935368,0.43837357,34.39286,-1.0190292e-09,0.0
14.36,0.0,0.6,0.6,0.3864989,0.5050335,0.44746265,33.350113,-2.0853475e-08,0.0
14.365,0.0,0.6,0.6,0.36468744,0.5103928,0.45567036,32.257626,-6.55613e-08,0.0
14.370000000000001,0.0,0.6,0.6,0.34410688,0.51544964,0.46341488,31.044718,3.0851336e-08,0.0
14.375,0.0,0.6,0.6,0.32468775,0.5202211,0.47072235,29.626125,7.814649e-08,0.0
14.38,0.0,0.4432198,0.6,0.3063645,0.5247233,0.47764948,27.967093,1.1214077e-08,0.0
14.385,0.0,0.4432198,0.6,0.28907531,0.52897143,0.48455414,26.070124,7.1822623e-09,0.0
14.39,0.0,0.4432198,0.6,0.27276182,0.53297985,0.49106914,23.967121,-6.0925e-08,0.0
14.395,0.0,0.4432198,0.6,0.25736895,0.536762,0.4972165,21.714588,-7.5840234e-08,0.0
14.4,0.0,0.0,0.6,0.24284475,0.5403307,0.5030169,19.385025,6.215513e-08,0.0
14.405000000000001,0.0,0.0,0.6,0.22914019,0.5436981,0.50848997,17.051357,3.238892e-08,0.0
14.41,0.0,0.0,0.6,0.21620902,0.54687536,0.5136542,14.775006,5.5349904e-08,0.0
14.415000000000001,0.0,0.0,0.6,0.20400761,0.54987335,0.518527,12.605786,-1.5258382e-07,0.0
14.42,0.28846112,0.0,0.35479504,0.19249476,0.5519944,0.52312475,10.58579,-8.8317854e-08,0.0
14.425,0.28846112,0.0,0.35479504,0.18163162,0.5458559,0.5274631,8.7531805,8.1384044e-08,0.0
14.43,0.28846112,0.0,0.35479504,0.17138153,0.5400638,0.5315566,6.3105927,1.3647099e-07,0.0
14.435,0.28846112,0.0,0.35479504,0.16170989,0.5345986,0.5354191,3.2845023,1.1149002e-08,0.0
14.44,0.6,0.15046638,0.4858983,0.15258405,0.5274408,0.53906363,0.2830514,8.985566e-08,0.0
14.445,0.6,0.15046638,0.4858983,0.1439732,0.4976755,0.54250246,1.1665755e-08,2.0181364e-08,0.0
14.450000000000001,0.6,0.15046638,0.4858983,0.1358483,0.46958998,0.5457472,-2.7456932e-09,5.4213615e-08,0.0
14.455,0.6,0.15046638,0.4858983,0.12818192,0.44308943,0.5488089,1.738865e-08,8.2449986e-08,0.0
14.46,0.47640818,0.19180842,0.0,0.12225048,0.41808438,0.55059075,-1.1148904e-08,-2.450273e-08,0.0
14.465,0.47640818,0.19180842,0.0,0.13163032,0.39449045,0.53954136,3.0745532e-08,-2.2108814e-08,0.0
14.47,0.47640818,0.19180842,0.0,0.14048082,0.372228,0.5291155,2.5501594e-08,2.3612557e-08,0.0
14.475,0.47640818,0.19180842,0.0,0.14883184,0.3512219,0.519278,0.11332144,4.2377277e-08,0.0
14.48,0.42201433,0.33194387,0.13077225,0.1581181,0.33208054,0.5105876,0.5039536,5.902124e-08,0.0
14.485,0.42201433,0.33194387,0.13077225,0.183055,0.32183143,0.50919425,1.2488923,6.416863e-08,0.0
14.49,0.42201433,0.33194387,0.13077225,0.20658463,0.31216073,0.50787956,2.3784804,-7.9171905e-08,0.0
14.495000000000001,0.42201433,0.33194387,0.13077225,0.22878641,0.30303577,0.50663906,3.8498607,1.0628802e-07,0.0
14.5,0.6,0.3491958,0.28250748,0.24917728,0.2946124,0.5032749,5.556811,1.3359954e-07,0.0
14.505,0.6,0.3491958,0.28250748,0.26200068,0.28881082,0.4748734,7.3843884,1.7132982e-07,0.0
14.51,0.6,0.3491958,0.28250748,0.27410042,0.28333664,0.44807467,9.199177,5.1112046e-08,0.0
14.515,0.6,0.3491958,0.28250748,0.28551733,0.2781714,0.4227883,10.908307,6.560511e-08,0.0
14.52,0.6,0.6,0.23420678,0.29604438,0.2739303,0.3995193,12.479521,1.4072774e-07,0.0
14.525,0.6,0.6,0.23420678,0.3031533,0.27720422,0.38435298,13.910842,8.7488935e-08,0.0
14.530000000000001,0.6,0.6,0.23420678,0.30986103,0.28029338,0.37004256,15.543867,2.425278e-08,0.0
14.535,0.6,0.6,0.23420678,0.3161902,0.2832082,0.35653973,17.412432,5.6854045e-08,0.0
14.540000000000001,0.3949546,0.6,0.5713445,0.32296577,0.2860364,0.34448394,19.349676,1.1941084e-07,0.0
14.545,0.3949546,0.6,0.5713445,0.33859977,0.2896007,0.3409864,21.24572,6.391667e-08,0.0
14.55,0.3949546,0.6,0.5713445,0.35335147,0.29296386,0.33768624,23.04525,7.391659e-08,0.0
14.555,0.3949546,0.6,0.5713445,0.36727068,0.2961372,0.33457232,24.723955,5.1358207e-08,0.0
14.56,0.15756749,0.6,0.5328726,0.38040438,0.3002638,0.33141607,26.274408,8.0640355e-08,0.0
14.565,0.15756749,0.6,0.5328726,0.3927969,0.31717893,0.3259302,27.69694,1.06513845e-07,0.0
14.57,0.15756749,0.6,0.5328726,0.40449008,0.33313948,0.32075393,28.938734,4.9424127e-08,0.0
14.575000000000001,0.15756749,0.6,0.5328726,0.41552338,0.34819934,0.31586978,29.949432,3.9178483e-09,0.0
14.58,0.19018273,0.51119524,0.6,0.42500833,0.3624093,0.31278333,30.714943,4.2237243e-08,0.0
14.585,0.19018273,0.51119524,0.6,0.4233123,0.37581736,0.32737482,31.240303,-4.7442406e-09,0.0
14.59,0.19018273,0.51119524,0.6,0.42171198,0.38846874,0.34114286,32.176723,8.303327e-08,0.0
14.595,0.19018273,0.51119524,0.6,0.42020196,0.40040618,0.35413393,33.563858,1.52297e-07,0.0
14.6,0.4380259,0.6,0.6,0.41770545,0.41166994,0.36621818,35.046684,4.8917826e-08,0.0
14.605,0.4380259,0.6,0.6,0.40302497,0.42229804,0.37562305,36.381435,3.6673562e-08,0.0
14.61,0.4380259,0.6,0.6,0.38917297,0.43232638,0.38449717,37.350258,2.7866626e-08,0.0
14.615,0.4380259,0.6,0.6,0.3761027,0.44178876,0.3928705,37.81218,-1.8283181e-08,0.0
14.620000000000001,0.0,0.6,0.46493813,0.36391723,0.45031625,0.40107435,37.725918,-7.4841155e-09,0.0
14.625,0.0,0.6,0.46493813,0.3541128,0.45375186,0.4123004,37.119488,5.3994835e-08,0.0
14.63,0.0,0.6,0.46493813,0.3448617,0.45699358,0.42289293,36.090878,2.200225e-08,0.0
14.635,0.0,0.6,0.46493813,0.33613262,0.46005237,0.43288767,34.75793,1.1442237e-08,0.0
14.64,0.0,0.6,0.6,0.3290151,0.46333945,0.44231838,33.22463,5.250561e-09,0.0
14.645,0.0,0.6,0.6,0.33516696,0.47105166,0.4512169,31.583012,-2.8915295e-08,0.0
14.65,0.0,0.6,0.6,0.34097165,0.47832865,0.45961323,29.423124,-8.9092694e-08,0.0
14.655000000000001,0.0,0.6,0.6,0.34644875,0.48519498,0.46753573,26.80918,5.5944877e-08,0.0
14.66,0.0,0.6,0.6,0.3496392,0.49167383,0.47440138,24.101076,1.7027905e-07,0.0
14.665000000000001,0.0,0.6,0.6,0.32990786,0.49778706,0.47386733,21.547142,1.3869816e-07,0.0
14.67,0.0,0.6,0.6,0.31129003,0.5035553,0.47336343,19.73051,7.743395e-08,0.0
14.675,0.0,0.6,0.6,0.29372287,0.508998,0.47288796,18.637598,-2.7022498e-09,0.0
14.68,0.0,0.39747456,0.6,0.27714708,0.5141335,0.47304907,17.916647,4.1354863e-08,0.0
14.685,0.0,0.39747456,0.6,0.26150674,0.51897925,0.48021334,17.31347,-4.6930076e-08,0.0
14.69,0.0,0.39747456,0.6,0.24674901,0.5235515,0.48697332,16.65465,-5.7756107e-08,0.0
14.695,0.0,0.39747456,0.6,0.23282413,0.52786577,0.4933518,15.837562,-5.2536006e-08,0.0
14.700000000000001,0.0,0.0,0.6,0.21968508,0.5319365,0.4993703,14.818422,7.703384e-09,0.0
14.705,0.0,0.0,0.6,0.2072875,0.53577757,0.50504917,13.598507,-6.454288e-08,0.0
14.71,0.0,0.0,0.6,0.19558957,0.5394019,0.51040757,12.211098,5.19169e-08,0.0
14.715,0.0,0.0,0.6,0.18455179,0.54282165,0.5154636,10.711939,1.5334172e-07,0.0
14.72,0.29432255,0.0,0.42981285,0.1741369,0.54513407,0.5202343,9.169218,-1.7405424e-07,0.0
14.725,0.29432255,0.0,0.42981285,0.16430977,0.53680116,0.52473575,7.657516,-4.1737074e-08,0.0
14.73,0.29432255,0.0,0.42981285,0.15503721,0.5289385,0.5289832,5.4382386,-2.2808317e-08,0.0
14.735,0.29432255,0.0,0.42981285,0.14628793,0.52151954,0.5329909,2.5902746,5.686209e-08,0.0
14.74,0.6,0.0,0.6,0.1380324,0.5127248,0.53677243,-1.7608636e-05,-1.3652372e-07,0.0
14.745000000000001,0.6,0.0,0.6,0.13024276,0.48379,0.5403406,1.1543091e-08,1.33356e-09,0.0
14.75,0.6,0.0,0.6,0.12289272,0.4564881,0.5437074,6.754515e-09,2.8414725e-08,0.0
14.755,0.6,0.0,0.6,0.11595747,0.43072692,0.5468842,2.1242672e-09,3.1706705e-08,0.0
14.76,0.48979113,0.30469447,0.22129555,0.11074236,0.40641952,0.54911333,2.049741e-08,1.6507235e-08,0.0
14.765,0.48979113,0.30469447,0.22129555,0.121102415,0.3834839,0.5423808,5.3425806e-09,4.2948198e-08,0.0
14.77,0.48979113,0.30469447,0.22129555,0.13087782,0.36184257,0.5360282,2.3772242e-09,9.847668e-08,0.0
14.775,0.48979113,0.30469447,0.22129555,0.14010157,0.34142256,0.5300341,0.1049878,4.6660475e-09,0.0
14.780000000000001,0.35857022,0.43455714,0.16394971,0.15018481,0.3221549,0.52514666,0.47932413,1.3626441e-08,0.0
14.785,0.35857022,0.43455714,0.16394971,0.17556942,0.3039746,0.5293709,1.2074103,-2.0713943e-08,0.0
14.790000000000001,0.35857022,0.43455714,0.16394971,0.19952148,0.28682026,0.5333567,2.3589184,8.8360075e-08,0.0
14.795,0.35857022,0.43455714,0.16394971,0.22212185,0.27063403,0.53711766,3.912205,1.09970024e-07,0.0
14.8,0.6,0.4206717,0.32644102,0.24294925,0.25673681,0.5389566,5.750741,-2.1069651e-08,0.0
14.805,0.6,0.4206717,0.32644102,0.2568794,0.25944322,0.5210299,7.9666905,1.2334147e-07,0.0
14.81,0.6,0.4206717,0.32644102,0.2700234,0.2619969,0.50411487,10.429524,1.1581959e-08,0.0
14.815,0.6,0.4206717,0.32644102,0.28242564,0.26440647,0.4881544,12.919704,2.0947185e-07,0.0
14.82,0.6,0.6,0.13575095,0.29353556,0.26726636,0.47283575,15.315875,1.118354e-07,0.0
14.825000000000001,0.6,0.6,0.13575095,0.2972057,0.27670714,0.45540425,17.555555,4.092617e-08,0.0
14.83,0.6,0.6,0.13575095,0.3006687,0.28561515,0.43895647,19.580835,-9.771749e-10,0.0
14.835,0.6,0.6,0.13575095,0.30393627,0.29402044,0.4234369,21.350092,8.0484426e-08,0.0
14.84,0.44689563,0.6,0.0,0.30810943,0.30188873,0.40952677,22.80347,6.818583e-08,0.0
14.845,0.44689563,0.6,0.0,0.3245818,0.30859205,0.40483797,23.90836,4.5188195e-08,0.0
14.85,0.44689563,0.6,0.0,0.34012458,0.3149171,0.40041375,24.744017,1.2422686e-07,0.0
14.855,0.44689563,0.6,0.0,0.35479024,0.32088518,0.39623922,25.415483,2.5209541e-08,0.0
14.86,0.50413424,0.6,0.14538485,0.36862826,0.3273261,0.39143938,25.999926,-5.5075137e-08,0.0
14.865,0.50413424,0.6,0.14538485,0.38168535,0.342714,0.37701002,26.547583,8.461145e-08,0.0
14.870000000000001,0.50413424,0.6,0.14538485,0.3940056,0.35723352,0.36339495,27.049767,-1.7528604e-08,0.0
14.875,0.50413424,0.6,0.14538485,0.40563056,0.37093365,0.3505482,27.48332,-6.891561e-08,0.0
14.88,0.58122337,0.6,0.6,0.41590828,0.38386065,0.3378136,27.839697,-1.523226e-08,0.0
14.885,0.58122337,0.6,0.6,0.417657,0.39605814,0.3187496,28.116003,2.6153344e-09,0.0
14.89,0.58122337,0.6,0.6,0.41930702,0.40756726,0.3007615,28.277102,2.1996975e-08,0.0
14.895,0.58122337,0.6,0.6,0.42086396,0.4184269,0.2837885,28.291513,3.4258678e-09,0.0
14.9,0.24613038,0.44602945,0.6,0.42259142,0.42867368,0.26842973,28.15281,-2.5387802e-08,0.0
14.905000000000001,0.24613038,0.44602945,0.6,0.42719316,0.4383422,0.26148587,27.873045,-1.6064462e-08,0.0
14.91,0.24613038,0.44602945,0.6,0.4315352,0.44746512,0.2549339,27.488842,-2.2251614e-10,0.0
14.915000000000001,0.24613038,0.44602945,0.6,0.43563223,0.4560732,0.24875167,27.042475,-7.409304e-09,0.0
14.92,0.13711737,0.54511994,0.6,0.43984607,0.4641955,0.24497077,26.569424,1.0514781e-08,0.0
14.925,0.13711737,0.54511994,0.6,0.44782448,0.4718594,0.26500627,26.10013,-2.1456087e-08,0.0
14.93,0.13711737,0.54511994,0.6,0.45535263,0.4790908,0.2839111,25.67797,-1.0349262e-08,0.0
14.935,0.13711737,0.54511994,0.6,0.46245596,0.48591414,0.30174908,25.336422,-6.055898e-09,0.0
14.94,0.34337205,0.6,0.56902075,0.4676456,0.4916573,0.3185804,25.089106,3.554723e-09,0.0
14.945,0.34337205,0.6,0.56902075,0.45514473,0.48908237,0.33446187,24.931763,-4.112999e-09,0.0
14.950000000000001,0.34337205,0.6,0.56902075,0.44334933,0.48665273,0.3494471,24.749155,3.6606664e-09,0.0
14.955,0.34337205,0.6,0.56902075,0.4322196,0.48436022,0.36358666,24.454157,-2.8790699e-09,0.0
14.96,0.0,0.6,0.5311996,0.4212258,0.48264444,0.37692827,24.022268,-1.8741675e-08,0.0
14.965,0.0,0.6,0.5311996,0.40519258,0.48617014,0.38951698,23.448635,-7.749469e-08,0.0
14.97,0.0,0.6,0.5311996,0.39006418,0.4894969,0.40139526,23.450214,2.0814017e-08,0.0
14.975,0.0,0.6,0.5311996,0.37578952,0.49263588,0.4126032,24.051779,3.0051787e-08,0.0
14.98,0.0,0.6,0.6,0.36325163,0.4958455,0.42303878,24.833755,4.183961e-08,0.0
14.985,0.0,0.6,0.6,0.36212975,0.5017233,0.43127704,25.518097,3.7398838e-08,0.0
14.99,0.0,0.6,0.6,0.3610712,0.5072694,0.43905038,25.99879,7.226928e-08,0.0
14.995000000000001,0.0,0.6,0.6,0.36007237,0.5125025,0.44638506,26.258709,4.4677986e-09,0.0
15.0,0.0,0.6,0.6,0.3575797,0.51744026,0.45313504,26.30844,1.355333e-08,0.0
15.005,0.0,0.6,0.6,0.33740026,0.5220994,0.45754048,26.165285,-2.4963803e-08,0.0
15.01,0.0,0.6,0.6,0.3183596,0.5264956,0.4616973,25.740635,5.412606e-08,0.0
15.015,0.0,0.6,0.6,0.3003935,0.5306437,0.46561956,24.948805,-2.5688603e-08,0.0
15.02,0.0,0.2815231,0.6,0.28344128,0.5345577,0.46963108,23.77435,5.6846483e-09,0.0
15.025,0.0,0.2815231,0.6,0.2674457,0.5382508,0.47698823,22.252808,1.168279e-07,0.0
15.030000000000001,0.0,0.2815231,0.6,0.25235283,0.54173553,0.4839302,20.453003,-8.6973245e-08,0.0
15.035,0.0,0.2815231,0.6,0.2381117,0.5450236,0.49048042,18.460392,-1.5004262e-07,0.0
15.040000000000001,0.0,0.0,0.6,0.22467425,0.5481261,0.49666098,16.361853,4.196405e-08,0.0
15.045,0.0,0.0,0.6,0.21199512,0.5510535,0.5024927,14.236272,-2.5052316e-08,0.0
15.05,0.0,0.0,0.6,0.20003152,0.5538157,0.50799537,12.153462,-2.0781448e-08,0.0
15.055,0.0,0.0,0.6,0.18874305,0.55642205,0.5131875,10.174963,2.7688218e-08,0.0
15.06,0.41183117,0.0,0.19872685,0.17809165,0.5574435,0.5180867,8.354231,-4.2121055e-08,0.0
15.065,0.41183117,0.0,0.19872685,0.16804132,0.5418724,0.5227093,6.741544,-1.16020695e-08,0.0
15.07,0.41183117,0.0,0.19872685,0.15855817,0.52717996,0.5270711,4.582585,-8.3921876e-08,0.0
15.075000000000001,0.41183117,0.0,0.19872685,0.14961019,0.5133167,0.53118676,1.9494851,1.2487635e-07,0.0
15.08,0.6,0.1995739,0.44075707,0.14116718,0.49896482,0.5350701,-7.0464964e-08,6.467471e-08,0.0
15.085,0.6,0.1995739,0.44075707,0.13320063,0.47080654,0.5387343,-6.271781e-09,-3.1054615e-08,0.0
15.09,0.6,0.1995739,0.44075707,0.12568367,0.44423732,0.54219174,5.330597e-09,1.1528652e-08,0.0
15.095,0.6,0.1995739,0.44075707,0.118590906,0.4191675,0.5454541,1.5560023e-08,8.8595264e-09,0.0
15.1,0.4274385,0.2882974,0.07923791,0.1137577,0.39551243,0.5467207,6.7426087e-09,4.4290942e-08,0.0
15.105,0.4274385,0.2882974,0.07923791,0.130579,0.3731923,0.5270822,0.04171931,2.0510223e-08,0.0
15.11,0.4274385,0.2882974,0.07923791,0.14645101,0.35213178,0.508552,0.1285985,1.1518252e-07,0.0
15.115,0.4274385,0.2882974,0.07923791,0.16142732,0.33225977,0.49106753,0.44353902,-3.956363e-08,0.0
15.120000000000001,0.3012024,0.25719658,0.28571078,0.17640798,0.31441024,0.47566244,1.1579937,5.7936802e-08,0.0
15.125,0.3012024,0.25719658,0.28571078,0.20031272,0.30792964,0.4736926,2.2854881,5.496532e-08,0.0
15.13,0.3012024,0.25719658,0.28571078,0.22286844,0.30181476,0.47183394,3.7481344,1.0387474e-07,0.0
15.135,0.3012024,0.25719658,0.28571078,0.24415126,0.29604498,0.47008017,5.426974,1.0190583e-07,0.0
15.14,0.6,0.33702815,0.34648824,0.26345396,0.29100135,0.46679324,7.2067857,1.0794737e-07,0.0
15.145,0.6,0.33702815,0.34648824,0.27270818,0.29084876,0.44492218,8.99894,9.326622e-08,0.0
15.15,0.6,0.33702815,0.34648824,0.28144014,0.2907048,0.42428538,10.683818,-2.1822043e-08,0.0
15.155000000000001,0.6,0.33702815,0.34648824,0.28967932,0.29056892,0.40481317,12.175227,-7.8589764e-08,0.0
15.16,0.6,0.6,0.50280684,0.2968836,0.2903003,0.38737202,13.447938,4.2469814e-08,0.0
15.165000000000001,0.6,0.6,0.50280684,0.29712734,0.28843215,0.38163492,14.508743,8.3075555e-08,0.0
15.17,0.6,0.6,0.50280684,0.2973573,0.28666943,0.3762216,15.356288,-1.3651336e-08,0.0
15.175,0.6,0.6,0.50280684,0.29757428,0.28500617,0.37111378,15.99691,1.6834292e-08,0.0
15.18,0.4076377,0.6,0.6,0.299128,0.2837972,0.3665686,16.455734,1.4904256e-08,0.0
15.185,0.4076377,0.6,0.6,0.31610724,0.28680122,0.3654354,16.771984,-1.1216206e-08,0.0
15.19,0.4076377,0.6,0.6,0.3321283,0.2896357,0.36436614,17.49402,3.4580797e-08,0.0
15.195,0.4076377,0.6,0.6,0.34724522,0.2923102,0.36335725,18.773762,1.1391052e-07,0.0
15.200000000000001,0.21068239,0.5259425,0.6,0.36150903,0.296021,0.363111,20.425917,-1.1330231e-08,0.0
15.205,0.21068239,0.5259425,0.6,0.37496787,0.3131756,0.3709945,22.273594,1.676788e-07,0.0
15.21,0.21068239,0.5259425,0.6,0.3876672,0.32936206,0.37843314,24.121252,1.3398586e-07,0.0
15.215,0.21068239,0.5259425,0.6,0.39964986,0.3446351,0.38545197,25.807861,1.9543104e-07,0.0
15.22,0.24595457,0.6,0.6,0.41008785,0.35904622,0.3925135,27.241968,8.757638e-08,0.0
15.225,0.24595457,0.6,0.6,0.40994957,0.37264407,0.4042227,28.384563,3.9270347e-08,0.0
15.23,0.24595457,0.6,0.6,0.4098191,0.38547453,0.41527107,29.845268,1.2258576e-07,0.0
15.235,0.24595457,0.6,0.6,0.40969598,0.39758095,0.42569596,31.658735,1.3302329e-07,0.0
15.24,0.40479788,0.6,0.6,0.40869063,0.4086698,0.43553254,33.487293,1.6007235e-07,0.0
15.245000000000001,0.40479788,0.6,0.6,0.39751634,0.4152879,0.444814,35.10494,4.7664255e-08,0.0
15.25,0.40479788,0.6,0.6,0.38697267,0.42153254,0.45357168,36.336525,9.301544e-08,0.0
15.255,0.40479788,0.6,0.6,0.377024,0.42742476,0.46183512,37.08244,2.8691108e-08,0.0
15.26,0.0,0.6,0.41829813,0.367796,0.4333188,0.46963224,37.323257,-9.41161e-10,0.0
15.265,0.0,0.6,0.41829813,0.36092007,0.44272518,0.47698933,37.0925,-3.956987e-08,0.0
15.27,0.0,0.6,0.41829813,0.35443217,0.45160073,0.48393124,36.448513,4.6094982e-08,0.0
15.275,0.0,0.6,0.41829813,0.3483104,0.45997542,0.4904814,35.46421,-6.463488e-08,0.0
15.280000000000001,0.0,0.6,0.5977303,0.34325126,0.46787748,0.4966619,34.21889,5.5852038e-08,0.0
15.285,0.0,0.6,0.5977303,0.34672454,0.4753336,0.5024936,32.794006,-5.4731135e-08,0.0
15.290000000000001,0.0,0.6,0.5977303,0.3500018,0.48236895,0.50799626,30.751781,-7.45035e-09,0.0
15.295,0.0,0.6,0.5977303,0.35309413,0.48900726,0.51318836,28.154058,9.865025e-08,0.0
15.3,0.0,0.6,0.6,0.35418442,0.49527097,0.5172671,25.37674,3.622877e-08,0.0
15.305,0.0,0.6,0.6,0.3341966,0.5011812,0.511682,22.682129,4.566515e-08,0.0
15.31,0.0,0.6,0.6,0.31533673,0.50675786,0.506412,20.685646,-5.3573686e-08,0.0
15.315,0.0,0.6,0.6,0.2975412,0.5120198,0.50143945,19.403442,1.989407e-08,0.0
15.32,0.0,0.39504603,0.6,0.28074995,0.5169848,0.49755758,18.502928,-1.94972e-07,0.0
15.325000000000001,0.0,0.39504603,0.6,0.26490626,0.5216696,0.50321066,17.739372,1.683592e-08,0.0
15.33,0.0,0.39504603,0.6,0.2499567,0.5260901,0.50854474,16.950623,-1.733671e-08,0.0
15.335,0.0,0.39504603,0.6,0.23585078,0.5302611,0.51357776,16.038116,3.575879e-08,0.0
15.34,0.0,0.0,0.6,0.22254092,0.53419673,0.518337,14.955585,2.5953238e-08,0.0
15.345,0.0,0.0,0.6,0.20998217,0.5379102,0.5229455,13.699157,4.626687e-08,0.0
15.35,0.0,0.0,0.6,0.19813216,0.54141414,0.527294,12.296009,1.0907488e-08,0.0
15.355,0.0,0.0,0.6,0.18695088,0.54472035,0.53139704,10.795222,-9.37864e-08,0.0
15.36,0.32248574,0.0,0.29604664,0.1764006,0.5469147,0.53526855,9.258443,8.2185494e-08,0.0
15.365,0.32248574,0.0,0.29604664,0.16644572,0.5383442,0.53892154,7.754641,1.4137032e-07,0.0
15.370000000000001,0.32248574,0.0,0.29604664,0.15705262,0.5302574,0.5423684,5.539284,-2.000021e-07,0.0
15.375,0.32248574,0.0,0.29604664,0.1481896,0.522627,0.54562074,2.6891663,8.414309e-08,0.0
15.38,0.6,0.009042889,0.43505102,0.13982676,0.5136437,0.54868954,-0.00027643694,-3.0238446e-08,0.0
15.385,0.6,0.009042889,0.43505102,0.13193586,0.48465702,0.5515852,1.5061219e-09,-1.5869558e-08,0.0
15.39,0.6,0.009042889,0.43505102,0.124490276,0.45730618,0.5543174,1.4978376e-08,-5.6626743e-09,0.0
15.395,0.6,0.009042889,0.43505102,0.11746486,0.43149883,0.55689543,1.5524767e-08,-3.1681402e-08,0.0
15.4,0.45589152,0.1334545,0.035675365,0.112291835,0.40714788,0.55795574,-3.8312398e-09,3.6792372e-08,0.0
15.405000000000001,0.45589152,0.1334545,0.035675365,0.12415379,0.38417113,0.54317534,-5.325624e-09,2.3251399e-08,0.0
15.41,0.45589152,0.1334545,0.035675365,0.13534634,0.36249104,0.52922904,-5.5712244e-09,-5.6106764e-08,0.0
15.415000000000001,0.45589152,0.1334545,0.035675365,0.14590725,0.34203443,0.51606977,0.1307459,-8.705639e-09,0.0
15.42,0.26627505,0.070536524,0.22762215,0.15712507,0.3227731,0.5042807,0.5659915,5.6315375e-08,0.0
15.425,0.26627505,0.070536524,0.22762215,0.18211801,0.30506822,0.50037384,1.3796977,5.2858127e-08,0.0
15.43,0.26627505,0.070536524,0.22762215,0.20570052,0.2883625,0.49668744,2.6123195,1.2873744e-07,0.0
15.435,0.26627505,0.070536524,0.22762215,0.22795218,0.27259955,0.4932091,4.2226114,1.2784945e-07,0.0
15.44,0.6,0.12639596,0.31316072,0.24829751,0.25828782,0.48812398,6.0921774,5.0997183e-08,0.0
15.445,0.6,0.12639596,0.31316072,0.26001275,0.25124305,0.46259075,8.327397,5.9514733e-08,0.0
15.450000000000001,0.6,0.12639596,0.31316072,0.27106684,0.24459584,0.43849847,10.799866,2.18254e-07,0.0
15.455,0.6,0.12639596,0.31316072,0.28149712,0.23832376,0.4157658,13.280209,1.7388444e-07,0.0
15.46,0.6,0.44258884,0.17834154,0.29048273,0.23212159,0.39518258,15.640468,1.3060448e-07,0.0
15.465,0.6,0.44258884,0.17834154,0.28911662,0.22300279,0.38572657,17.81661,5.9065917e-09,0.0
15.47,0.6,0.44258884,0.17834154,0.28782758,0.2143986,0.3768042,20.212797,1.637805e-07,0.0
15.475,0.6,0.44258884,0.17834154,0.2866113,0.20627996,0.36838534,22.823624,9.040814e-08,0.0
15.48,0.17417511,0.4945438,0.0,0.28697032,0.19887169,0.36082777,25.395258,6.938239e-08,0.0
15.485000000000001,0.17417511,0.4945438,0.0,0.30463564,0.19478163,0.35813776,27.318197,2.4356245e-07,0.0
15.49,0.17417511,0.4945438,0.0,0.32130405,0.1909224,0.35559955,28.580925,4.634196e-09,0.0
15.495000000000001,0.17417511,0.4945438,0.0,0.3370318,0.18728095,0.35320458,29.50072,7.2450185e-08,0.0
15.5,0.31503624,0.6,0.0,0.351872,0.18527251,0.3503361,30.28738,-9.965129e-09,0.0
15.505,0.31503624,0.6,0.0,0.3658747,0.19979376,0.34062988,31.070429,4.693522e-08,0.0
15.51,0.31503624,0.6,0.0,0.3790872,0.21349551,0.33147138,31.92308,-1.1410297e-08,0.0
15.515,0.31503624,0.6,0.0,0.3915541,0.22642402,0.32282975,32.879784,6.781994e-08,0.0
15.52,0.3961919,0.6,0.0,0.40139493,0.23885751,0.31387064,33.949863,4.5254502e-08,0.0
15.525,0.3961919,0.6,0.0,0.38857216,0.25328675,0.29615784,35.1183,1.04345176e-07,0.0
15.530000000000001,0.3961919,0.6,0.0,0.376473,0.2669017,0.27944463,36.801456,1.4515844e-07,0.0
15.535,0.3961919,0.6,0.0,0.36505666,0.27974832,0.26367462,38.815456,1.8822466e-07,0.0
15.540000000000001,0.34025967,0.5669763,0.0,0.3549205,0.29234606,0.24879456,40.69139,3.1873693e-08,0.0
15.545,0.34025967,0.5669763,0.0,0.35266972,0.30970803,0.23475423,42.14534,1.1323436e-07,0.0
15.55,0.34025967,0.5669763,0.0,0.35054594,0.3260902,0.22150625,43.052395,4.5886814e-08,0.0
15.555,0.34025967,0.5669763,0.0,0.348542,0.34154785,0.20900589,43.393433,1.115086e-08,0.0
15.56,0.30787575,0.6,0.0,0.34701756,0.3561332,0.19721098,43.162045,0.29020718,0.0
15.565,0.30787575,0.6,0.0,0.34979263,0.36989543,0.1860817,42.453102,0.90162176,0.0
15.57,0.30787575,0.6,0.0,0.3524111,0.38288102,0.17558047,40.732037,2.4209797,0.0
15.575000000000001,0.30787575,0.6,0.0,0.3548818,0.3951338,0.16567187,38.161633,4.634972,0.0
15.58,0.4343214,0.6,0.0,0.35696054,0.406546,0.15632245,35.264076,6.94045,0.0
15.585,0.4343214,0.6,0.0,0.35601804,0.4155996,0.14750063,32.375824,8.959429,0.0
15.59,0.4343214,0.6,0.0,0.35512874,0.42414233,0.13917667,30.391127,9.711302,0.0
15.595,0.4343214,0.6,0.0,0.35428962,0.43220294,0.13132246,29.373964,9.165684,0.0
15.6,0.2330211,0.44649827,0.0,0.35335165,0.43995774,0.123911485,28.93081,7.7885456,0.0
15.605,0.2330211,0.44649827,0.0,0.3507853,0.44898948,0.116918735,28.78693,5.9003515,0.0
15.610000000000001,0.2330211,0.44649827,0.0,0.34836376,0.4575115,0.11032061,28.739208,3.7341628,0.0
15.615,0.2330211,0.44649827,0.0,0.34607887,0.46555263,0.10409485,28.656286,1.4381047,0.0
15.620000000000001,0.44938383,0.3245523,0.0,0.3444938,0.47313994,0.09822042,28.3048,-2.2194374e-08,0.0
15.625,0.44938383,0.3245523,0.0,0.3495631,0.4802991,0.09267751,27.687332,-2.505262e-08,0.0
15.63,0.44938383,0.3245523,0.0,0.3543463,0.48705423,0.087447405,26.470722,0.57099855,0.0
15.635,0.44938383,0.3245523,0.0,0.35885957,0.49342814,0.08251245,24.707937,1.4941493,0.0
15.64,0.24974957,0.0,0.10766502,0.36220932,0.49874935,0.077856,22.801632,2.3099563,0.0
15.645,0.24974957,0.0,0.10766502,0.35491878,0.49580064,0.073462315,21.00827,2.7348685,0.0
15.65,0.24974957,0.0,0.10766502,0.3480397,0.49301836,0.06931659,19.190731,2.9312255,0.0
15.655000000000001,0.24974957,0.0,0.10766502,0.3415488,0.49039307,0.06540482,17.389109,2.8573933,0.0
15.66,0.48275787,0.106963046,0.53260446,0.33640102,0.4873654,0.0617138,15.751313,2.3547766,0.0
15.665000000000001,0.48275787,0.106963046,0.53260446,0.342777,0.4781773,0.058231078,14.366561,1.3343356,0.0
15.67,0.48275787,0.106963046,0.53260446,0.3487932,0.46950772,0.0549449,12.719442,0.38315466,0.0
15.675,0.48275787,0.106963046,0.53260446,0.3544699,0.4613274,0.051844172,10.83903,8.742918e-08,0.0
15.68,0.6,0.18674539,0.6,0.35892493,0.45214346,0.049404502,9.1902685,3.634812e-08,0.0
15.685,0.6,0.18674539,0.6,0.3527638,0.42662746,0.052692343,8.080811,-3.926683e-08,0.0
15.69,0.6,0.18674539,0.6,0.34695035,0.4025514,0.055794638,8.194792,3.0877356e-08,0.0
15.695,0.6,0.18674539,0.6,0.34146497,0.37983406,0.05872186,9.540378,7.2344406e-08,0.0
15.700000000000001,0.17940775,0.31195477,0.51913184,0.3373411,0.35888162,0.063402355,11.649418,1.08463006e-07,0.0
15.705,0.17940775,0.31195477,0.51913184,0.34554747,0.344665,0.08988103,14.117492,1.3812844e-07,0.0
15.71,0.17940775,0.31195477,0.51913184,0.3532907,0.33125067,0.11486542,16.084757,0.33263534,0.0
15.715,0.17940775,0.31195477,0.51913184,0.36059698,0.31859335,0.13843986,17.378725,1.1439342,0.0
15.72,0.6,0.34447154,0.23404263,0.36802024,0.30701053,0.16098818,18.311394,2.0827844,0.0
15.725,0.6,0.34447154,0.23404263,0.38111165,0.30022356,0.18576312,19.10548,2.9008698,0.0
15.73,0.6,0.34447154,0.23404263,0.39346427,0.2938196,0.20913991,19.910957,3.4371421,0.0
15.735000000000001,0.6,0.34447154,0.23404263,0.40511978,0.28777704,0.23119748,20.811676,3.6079786,0.0
15.74,0.3756666,0.29631257,0.2705072,0.4142187,0.28264076,0.25164518,21.839811,3.3888934,0.0
15.745000000000001,0.3756666,0.29631257,0.2705072,0.4009675,0.28429505,0.26674035,22.979834,2.8085747,0.0
15.75,0.3756666,0.29631257,0.2705072,0.38846412,0.28585598,0.28098366,25.437195,0.3028058,0.0
15.755,0.3756666,0.29631257,0.2705072,0.37666637,0.2873288,0.29442316,28.318888,2.3592695e-07,0.0
15.76,0.36116838,0.44441605,0.0,0.36743322,0.28886533,0.30581716,31.48207,1.6838935e-07,0.0
15.765,0.36116838,0.44441605,0.0,0.38055775,0.29200336,0.30176666,34.551323,2.4165888e-07,0.0
15.77,0.36116838,0.44441605,0.0,0.39294162,0.2949643,0.29794475,36.759926,-1.586018e-08,0.0
15.775,0.36116838,0.44441605,0.0,0.40462664,0.29775816,0.29433855,37.994778,7.1806284e-08,0.0
15.780000000000001,0.53432906,0.44632027,0.0,0.41463944,0.30017695,0.29110047,38.55192,9.991914e-09,0.0
15.785,0.53432906,0.44632027,0.0,0.41244006,0.29995885,0.28993833,38.671238,-3.5257177e-08,0.0
15.790000000000001,0.53432906,0.44632027,0.0,0.4103648,0.29975307,0.28884175,38.66855,3.8365545e-08,0.0
15.795,0.53432906,0.44632027,0.0,0.40840667,0.2995589,0.28780708,38.656567,-1.3955091e-08,0.0
15.8,0.5508083,0.513098,0.09738547,0.40649357,0.30004436,0.28560954,38.62393,1.0485621e-08,0.0
15.805,0.5508083,0.513098,0.09738547,0.40393573,0.30819175,0.2694916,39.05537,3.118029e-08,0.0
15.81,0.5508083,0.513098,0.09738547,0.40152222,0.31587934,0.25428328,39.949257,3.9217664e-08,0.0
15.815,0.5508083,0.513098,0.09738547,0.3992449,0.3231331,0.23993321,41.00017,5.0060912e-08,0.0
15.82,0.44810095,0.6,0.0,0.39787787,0.32998613,0.22639295,42.002354,4.653726e-08,0.0
15.825000000000001,0.44810095,0.6,0.0,0.4055783,0.33655125,0.21361683,42.83497,8.122745e-08,0.0
15.83,0.44810095,0.6,0.0,0.41284412,0.3427459,0.2015617,42.838932,-2.499044e-09,0.0
15.835,0.44810095,0.6,0.0,0.41969994,0.34859094,0.19018689,41.89141,0.5229688,0.0
15.84,0.46687847,0.6,0.0,0.42624325,0.3544076,0.17989366,40.42915,1.3981667,0.0
15.845,0.46687847,0.6,0.0,0.43327287,0.36336306,0.17523745,38.807003,2.2192008,0.0
15.85,0.46687847,0.6,0.0,0.4399058,0.37181312,0.17084399,37.233246,2.754109,0.0
15.855,0.46687847,0.6,0.0,0.4461644,0.3797863,0.16669847,35.821217,2.88263,0.0
15.860000000000001,0.49170563,0.51345813,0.0,0.45160612,0.38770187,0.16234724,34.624443,2.5537612,0.0
15.865,0.49170563,0.51345813,0.0,0.45140833,0.39968258,0.15318543,33.650467,1.768397,0.0
15.870000000000001,0.49170563,0.51345813,0.0,0.45122167,0.41098717,0.14454065,33.640522,-6.1983094e-08,0.0
15.875,0.49170563,0.51345813,0.0,0.45104557,0.4216538,0.13638373,34.12682,1.7142973e-08,0.0
15.88,0.5722443,0.5913584,0.0,0.45096418,0.4317185,0.12868713,35.10433,7.826518e-08,0.0
15.885,0.5722443,0.5913584,0.0,0.45186228,0.4412152,0.121424876,36.256863,1.1651903e-07,0.0
15.89,0.5722443,0.5913584,0.0,0.4527097,0.45017597,0.11457246,36.51797,0.815034,0.0
15.895,0.5722443,0.5913584,0.0,0.4535093,0.45863104,0.10810675,35.746574,2.5372927,0.0
15.9,0.40045568,0.44868177,0.0,0.45437586,0.46621826,0.102005914,34.38679,4.649426,0.0
15.905000000000001,0.40045568,0.44868177,0.0,0.4564825,0.46888417,0.09624937,32.758484,6.7861934,0.0
15.91,0.40045568,0.44868177,0.0,0.45847026,0.47139964,0.09081769,31.113142,8.669034,0.0
15.915000000000001,0.40045568,0.44868177,0.0,0.46034583,0.47377315,0.08569254,29.621788,10.1171,0.0
15.92,0.5012065,0.5052631,0.34047848,0.46247917,0.4763644,0.08085662,28.373943,11.044545,0.0
15.925,0.5012065,0.5052631,0.34047848,0.4686736,0.48285392,0.0762936,27.40022,11.432127,0.0
15.93,0.5012065,0.5052631,0.34047848,0.47451845,0.4889772,0.07198809,26.69464,11.3004,0.0
15.935,0.5012065,0.5052631,0.34047848,0.48003346,0.4947549,0.06792556,26.228386,10.69341,0.0
15.94,0.46634948,0.5068432,0.6,0.48446167,0.49956244,0.064092286,25.958637,9.668565,0.0
15.945,0.46634948,0.5068432,0.6,0.47972092,0.49669108,0.06047534,25.836767,8.287554,0.0
15.950000000000001,0.46634948,0.5068432,0.6,0.4752477,0.49398175,0.05706251,25.77139,6.657396,0.0
15.955,0.46634948,0.5068432,0.6,0.47102693,0.4914253,0.05384228,25.70877,4.840411,0.0
15.96,0.22707073,0.49193075,0.6,0.4674992,0.4892686,0.052340925,25.631775,2.8569927,0.0
15.965,0.22707073,0.49193075,0.6,0.46940142,0.49017122,0.06860151,25.534882,0.7141175,0.0
15.97,0.22707073,0.49193075,0.6,0.4711963,0.4910229,0.083944455,25.195461,-1.1362295e-08,0.0
15.975,0.22707073,0.49193075,0.6,0.47288987,0.49182653,0.098421544,24.900898,-6.4954944e-09,0.0
15.98,0.2050399,0.5409711,0.6,0.4743305,0.49259195,0.113253295,24.767645,-2.2852829e-09,0.0
15.985000000000001,0.2050399,0.5409711,0.6,0.4738801,0.4933962,0.14072207,24.760458,4.2543933e-09,0.0
15.99,0.2050399,0.5409711,0.6,0.47345513,0.49415505,0.16664068,25.585743,8.01896e-08,0.0
15.995000000000001,0.2050399,0.5409711,0.6,0.47305414,0.49487108,0.19109663,27.25809,1.3355184e-07,0.0
16.0,0.4123135,0.6,0.6,0.4715955,0.49547938,0.21417245,29.322325,2.2241122e-07,0.0
16.005,0.4123135,0.6,0.6,0.45779613,0.4952791,0.23594601,31.437666,2.2358952e-07,0.0
16.01,0.4123135,0.6,0.6,0.44477552,0.49509016,0.25649083,32.345245,1.0541801,0.0
16.015,0.4123135,0.6,0.6,0.4324897,0.49491185,0.27587622,31.827156,3.4364674,0.0
16.02,0.104857355,0.6,0.6,0.42079774,0.49496502,0.29416764,30.519463,5.825583,0.0
16.025,0.104857355,0.6,0.6,0.4086218,0.4975613,0.3114268,29.952051,5.3176503,0.0
16.03,0.104857355,0.6,0.6,0.39713296,0.5000111,0.32771197,30.374935,0.7116091,0.0
16.035,0.104857355,0.6,0.6,0.3862925,0.5023226,0.3430781,29.978214,-5.51664e-09,0.0
16.04,0.0,0.6,0.6,0.37699956,0.50477016,0.3575771,29.530714,2.8935101e-08,0.0
16.045,0.0,0.6,0.6,0.37899244,0.5101443,0.37125784,29.072414,7.3318356e-09,0.0
16.05,0.0,0.6,0.6,0.38087288,0.51521516,0.38416654,27.988869,3.967076e-08,0.0
16.055,0.0,0.6,0.6,0.3826472,0.51999986,0.39634675,26.25462,-5.4851775e-08,0.0
16.06,0.0,0.6,0.6,0.3829333,0.52451456,0.4078396,24.223297,-5.3297015e-08,0.0
16.065,0.0,0.6,0.6,0.36724052,0.52877444,0.41868386,22.153196,2.2436419e-08,0.0
16.07,0.0,0.6,0.6,0.35243335,0.53279394,0.42891616,20.738758,-4.7432003e-08,0.0
16.075,0.0,0.6,0.6,0.3384618,0.5365866,0.438571,20.035824,-5.8128258e-08,0.0
16.080000000000002,0.0,0.35997596,0.6,0.3248053,0.54016525,0.447681,19.709248,-1.9551218e-09,0.0
16.085,0.0,0.35997596,0.6,0.30647543,0.5435419,0.4562769,19.507565,5.3349467e-08,0.0
16.09,0.0,0.35997596,0.6,0.28917998,0.546728,0.46438769,19.223063,5.272326e-08,0.0
16.095,0.0,0.35997596,0.6,0.27286056,0.54973435,0.47204074,18.716251,1.1294982e-08,0.0
16.1,0.0,0.065366276,0.6,0.2574621,0.552571,0.47926193,17.925196,9.106071e-09,0.0
16.105,0.0,0.065366276,0.6,0.24293265,0.5552476,0.4860756,16.845188,-5.9352836e-08,0.0
16.11,0.0,0.065366276,0.6,0.22922313,0.5577731,0.49250475,15.510316,4.8570257e-08,0.0
16.115000000000002,0.0,0.065366276,0.6,0.21628729,0.5601561,0.49857107,13.977527,-2.978681e-08,0.0
16.12,0.313599,0.0,0.4667533,0.20408146,0.561321,0.50429505,12.316666,-3.889164e-08,0.0
16.125,0.313599,0.0,0.4667533,0.19256444,0.5499584,0.509696,10.605746,4.1160735e-08,0.0
16.13,0.313599,0.0,0.4667533,0.18169737,0.539237,0.51479214,8.100632,-2.2700658e-07,0.0
16.135,0.313599,0.0,0.4667533,0.17144357,0.5291207,0.5196007,4.8895264,1.7468595e-07,0.0
16.14,0.6,0.23993017,0.39483777,0.16176842,0.5182452,0.5241379,1.6382098,2.217439e-08,0.0
16.145,0.6,0.23993017,0.39483777,0.15263928,0.4926877,0.5284191,-7.04305e-09,-5.9478427e-09,0.0
16.15,0.6,0.23993017,0.39483777,0.14402533,0.4685725,0.53245866,5.0219495e-09,4.5380432e-08,0.0
16.155,0.6,0.23993017,0.39483777,0.13589749,0.4458182,0.53627026,2.736119e-08,-7.4609204e-08,0.0
16.16,0.31646103,0.10572859,0.14438003,0.12964413,0.4240529,0.53926516,-6.4389907e-09,-1.6247547e-08,0.0
16.165,0.31646103,0.10572859,0.14438003,0.14002533,0.40012214,0.53517306,0.031251207,2.0600847e-08,0.0
16.17,0.31646103,0.10572859,0.14438003,0.14982069,0.37754187,0.53131187,0.029940706,-2.4008179e-08,0.0
16.175,0.31646103,0.10572859,0.14438003,0.15906325,0.3562359,0.5276686,0.15210684,-1.208725e-07,0.0
16.18,0.29557243,0.0,0.36057574,0.16907723,0.33721548,0.5239063,0.59751874,1.4614373e-08,0.0
16.185,0.29557243,0.0,0.36057574,0.19339567,0.33172533,0.51662254,1.4269582,9.4524616e-08,0.0
16.19,0.29557243,0.0,0.36057574,0.21634175,0.32654503,0.5097498,2.62143,1.17930385e-08,0.0
16.195,0.29557243,0.0,0.36057574,0.2379929,0.32165706,0.50326496,4.098865,1.8052903e-07,0.0
16.2,0.6,0.3059093,0.542021,0.25714213,0.31643906,0.4960153,5.745371,6.0947535e-08,0.0
16.205000000000002,0.6,0.3059093,0.542021,0.2604897,0.30454797,0.47617134,7.4534545,1.605672e-07,0.0
16.21,0.6,0.3059093,0.542021,0.26364836,0.2933279,0.45744723,9.089158,5.8830413e-08,0.0
16.215,0.6,0.3059093,0.542021,0.26662877,0.28274104,0.4397798,10.556954,1.2089389e-07,0.0
16.22,0.6,0.47018066,0.6,0.26934668,0.2722743,0.42408544,11.828783,1.2093032e-07,0.0
16.225,0.6,0.47018066,0.6,0.2708267,0.25690892,0.42050138,12.918152,-1.567714e-08,0.0
16.23,0.6,0.47018066,0.6,0.27222317,0.24241067,0.41711956,13.872037,1.2353543e-07,0.0
16.235,0.6,0.47018066,0.6,0.27354085,0.22873062,0.4139286,14.739211,-3.5237093e-09,0.0
16.240000000000002,0.18531501,0.6,0.56063676,0.27615857,0.21720365,0.41173688,15.762696,-1.6512445e-09,0.0
16.245,0.18531501,0.6,0.56063676,0.29443404,0.2222096,0.41908926,16.957031,8.792049e-08,0.0
16.25,0.18531501,0.6,0.56063676,0.31167817,0.22693306,0.4260267,18.286335,8.2160355e-08,0.0
16.255,0.18531501,0.6,0.56063676,0.32794917,0.23138995,0.43257266,19.752369,9.769481e-08,0.0
16.26,0.15111047,0.5013947,0.59799826,0.34330192,0.23633696,0.43901095,21.33679,8.8641436e-08,0.0
16.265,0.15111047,0.5013947,0.59799826,0.35778826,0.24953356,0.4480961,23.0144,1.8358493e-07,0.0
16.27,0.15111047,0.5013947,0.59799826,0.3714571,0.26198542,0.45666856,24.76026,8.832134e-08,0.0
16.275,0.15111047,0.5013947,0.59799826,0.38435456,0.2737346,0.46475723,26.554605,1.3290473e-07,0.0
16.28,0.38409027,0.6,0.56452847,0.394652,0.28540683,0.47221175,28.333857,1.14242404e-07,0.0
16.285,0.38409027,0.6,0.56452847,0.3828384,0.3031604,0.47720188,29.993378,1.5742421e-07,0.0
16.29,0.38409027,0.6,0.56452847,0.37169147,0.31991208,0.4819104,31.936207,8.131758e-08,0.0
16.295,0.38409027,0.6,0.56452847,0.3611736,0.3357184,0.48635322,34.030296,8.976289e-08,0.0
16.3,0.0,0.6,0.47544357,0.35109487,0.35018754,0.49071395,35.866676,1.1259401e-07,0.0
16.305,0.0,0.6,0.47544357,0.33980906,0.35872066,0.4967684,37.20693,8.364071e-08,0.0
16.31,0.0,0.6,0.47544357,0.32916015,0.36677223,0.5024811,37.953465,4.5311992e-08,0.0
16.315,0.0,0.6,0.47544357,0.3191122,0.37436944,0.50787145,38.102135,3.8903867e-08,0.0
16.32,0.0,0.6,0.6,0.31068313,0.38198307,0.51280653,37.703205,-3.9652903e-08,0.0
16.325,0.0,0.6,0.6,0.31482574,0.3942865,0.5157254,36.842064,6.546348e-09,0.0
16.330000000000002,0.0,0.6,0.6,0.3187346,0.40589562,0.5184795,35.15759,8.942628e-09,0.0
16.335,0.0,0.6,0.6,0.32242283,0.41684958,0.5210782,32.75197,1.2085839e-07,0.0
16.34,0.0,0.6,0.6,0.3241689,0.4271854,0.5231281,30.006935,-6.0615825e-08,0.0
16.345,0.0,0.6,0.6,0.30587494,0.4369379,0.5204371,27.188164,-2.9316416e-07,0.0
16.35,0.0,0.6,0.6,0.28861338,0.44614005,0.51789796,24.873325,-1.4055027e-07,0.0
16.355,0.0,0.6,0.6,0.27232593,0.4548229,0.5155021,23.102463,5.226587e-08,0.0
16.36,0.0,0.42058462,0.6,0.25695765,0.46301574,0.5138038,21.615461,-5.5422188e-08,0.0
16.365000000000002,0.0,0.42058462,0.6,0.24245666,0.47074622,0.5186681,20.237165,2.1842864e-08,0.0
16.37,0.0,0.42058462,0.6,0.22877401,0.47804046,0.523258,18.859573,7.465697e-09,0.0
16.375,0.0,0.42058462,0.6,0.21586351,0.48492306,0.5275888,17.418072,-1.1221248e-07,0.0
16.38,0.0,0.0,0.6,0.2036816,0.49141726,0.5316752,15.881848,6.369608e-08,0.0
16.385,0.0,0.0,0.6,0.19218716,0.49754494,0.53553104,14.251876,-1.9370405e-07,0.0
16.39,0.0,0.0,0.6,0.18134138,0.50332683,0.53916925,12.555732,5.8958708e-08,0.0
16.395,0.0,0.0,0.6,0.17110766,0.50878245,0.5426021,10.840908,-3.7278333e-08,0.0
16.4,0.2003759,0.0,0.6,0.16145147,0.5131202,0.5458413,9.166203,5.4864795e-08,0.0
16.405,0.2003759,0.0,0.6,0.15234022,0.5078981,0.5488976,7.5946236,2.0436826e-08,0.0
16.41,0.2003759,0.0,0.6,0.14374314,0.5029707,0.55178154,5.4111276,-1.999142e-08,0.0
16.415,0.2003759,0.0,0.6,0.13563123,0.49832135,0.55450267,2.6674445,-1.4986104e-07,0.0
16.42,0.6,0.09462308,0.45149198,0.1279771,0.4920356,0.55707026,-0.0029235529,-7.67775e-07,0.0
16.425,0.6,0.09462308,0.45149198,0.12075492,0.46426836,0.55949295,-9.739995e-10,4.2233633e-08,0.0
16.43,0.6,0.09462308,0.45149198,0.113940306,0.43806812,0.5617789,3.3065077e-09,3.1025625e-08,0.0
16.435,0.6,0.09462308,0.45149198,0.10751027,0.41334644,0.5639359,4.7174273e-09,3.2384577e-08,0.0
16.44,0.4726275,0.21698113,0.18665034,0.10234773,0.3900199,0.5659711,-1.3232745e-08,2.888808e-08,0.0
16.445,0.4726275,0.21698113,0.18665034,0.107879795,0.36800975,0.5678914,-1.3099518e-09,-3.1352798e-08,0.0
16.45,0.4726275,0.21698113,0.18665034,0.113099664,0.3472417,0.5697034,2.4406346e-09,1.4383756e-09,0.0
16.455000000000002,0.4726275,0.21698113,0.18665034,0.11802496,0.32764566,0.57141316,0.067313224,-1.3845461e-08,0.0
16.46,0.29654542,0.22823611,0.43094316,0.12447648,0.30958268,0.5723559,0.32814553,2.5068443e-08,0.0
16.465,0.29654542,0.22823611,0.43094316,0.15131189,0.29745176,0.5655352,0.8563499,-6.643394e-08,0.0
16.47,0.29654542,0.22823611,0.43094316,0.1766329,0.28600544,0.5590993,1.7435055,7.630651e-08,0.0
16.475,0.29654542,0.22823611,0.43094316,0.20052494,0.27520508,0.5530267,3.0155172,1.8803958e-07,0.0
16.48,0.6,0.5623755,0.23910932,0.22249363,0.26556662,0.54610103,4.598,-2.8502236e-09,0.0
16.485,0.6,0.5623755,0.23910932,0.23660955,0.26282477,0.525816,6.372147,5.1959546e-08,0.0
16.490000000000002,0.6,0.5623755,0.23910932,0.24992885,0.26023766,0.5066757,8.177659,1.2307439e-07,0.0
16.495,0.6,0.5623755,0.23910932,0.2624965,0.25779656,0.4886156,9.894977,6.574953e-08,0.0
16.5,0.6,0.6,0.05034072,0.27355996,0.255544,0.4726776,11.47707,1.801146e-07,0.0
16.505,0.6,0.6,0.05034072,0.2748571,0.25400293,0.47032237,12.916829,1.8726293e-07,0.0
16.51,0.6,0.6,0.05034072,0.27608106,0.2525488,0.46810007,14.174227,3.2284024e-08,0.0
16.515,0.6,0.6,0.05034072,0.27723593,0.25117677,0.46600318,15.217067,8.033437e-08,0.0
16.52,0.40995023,0.6,0.0,0.27969563,0.2513907,0.46315855,16.046627,1.4781249e-07,0.0
16.525,0.40995023,0.6,0.0,0.2977715,0.26894063,0.45051467,16.976221,-1.633545e-08,0.0
16.53,0.40995023,0.6,0.0,0.3148273,0.28550017,0.43858436,18.15386,4.1273875e-08,0.0
16.535,0.40995023,0.6,0.0,0.33092058,0.3011252,0.4273273,19.548687,1.793977e-08,0.0
16.54,0.50621986,0.6,0.0,0.34610564,0.3160383,0.4158533,21.054182,-4.4053664e-08,0.0
16.545,0.50621986,0.6,0.0,0.36043376,0.33206323,0.39522618,22.5374,1.2168748e-07,0.0
16.55,0.50621986,0.6,0.0,0.3739533,0.34718382,0.37576312,23.892233,6.422645e-08,0.0
16.555,0.50621986,0.6,0.0,0.3867099,0.3614511,0.35739842,25.055012,2.578196e-08,0.0
16.56,0.6,0.6,0.0,0.39788857,0.37491322,0.33984283,26.001345,6.14274e-08,0.0
16.565,0.6,0.6,0.0,0.39856926,0.38761562,0.32066435,26.732546,3.8555733e-08,0.0
16.57,0.6,0.6,0.0,0.39921153,0.3996012,0.30256817,27.21858,6.1451537e-09,0.0
16.575,0.6,0.6,0.0,0.39981756,0.41091037,0.28549322,27.437654,1.685642e-08,0.0
16.580000000000002,0.52338123,0.6,0.14947422,0.400824,0.42158133,0.26938188,27.40055,4.231378e-09,0.0
16.585,0.52338123,0.6,0.14947422,0.40677187,0.4316501,0.25417975,27.139645,3.656511e-08,0.0
16.59,0.52338123,0.6,0.14947422,0.41238406,0.44115067,0.23983552,26.72163,-4.8182397e-08,0.0
16.595,0.52338123,0.6,0.14947422,0.41767955,0.45011508,0.22630078,26.218147,2.6939576e-08,0.0
16.6,0.5066205,0.6,0.599474,0.42309958,0.4585736,0.21352986,25.685488,8.609829e-09,0.0
16.605,0.5066205,0.6,0.599474,0.43308267,0.4665548,0.20147964,25.166975,3.1031174e-08,0.0
16.61,0.5066205,0.6,0.599474,0.44250238,0.47408557,0.19010946,24.717144,-3.1018693e-08,0.0
16.615000000000002,0.5066205,0.6,0.599474,0.4513905,0.48119134,0.17938094,24.3788,-1.2322888e-08,0.0
16.62,0.1657158,0.43817285,0.6,0.45943114,0.4878961,0.1699327,24.168886,-4.9193134e-09,0.0
16.625,0.1657158,0.43817285,0.6,0.46304005,0.49422252,0.16877815,24.083672,-6.616122e-09,0.0
16.63,0.1657158,0.43817285,0.6,0.46644533,0.5001919,0.16768877,24.087532,5.5993993e-10,0.0
16.635,0.1657158,0.43817285,0.6,0.4696584,0.50582445,0.16666086,24.138502,2.3600841e-09,0.0
16.64,0.3477012,0.33467335,0.6,0.4726145,0.5111391,0.16772257,24.204819,6.442015e-09,0.0
16.645,0.3477012,0.33467335,0.6,0.4745336,0.5161538,0.19208777,24.264082,-1.3777739e-09,0.0
16.65,0.3477012,0.33467335,0.6,0.47634438,0.5208855,0.21507797,24.298206,5.130369e-09,0.0
16.655,0.3477012,0.33467335,0.6,0.47805297,0.5253502,0.23677075,24.296276,3.0180531e-09,0.0
16.66,0.34091082,0.5487126,0.6,0.47812608,0.5288324,0.2572417,24.25546,-7.127427e-09,0.0
16.665,0.34091082,0.5487126,0.6,0.4604957,0.52371615,0.2765847,24.174114,-9.903465e-09,0.0
16.67,0.34091082,0.5487126,0.6,0.44386026,0.51888865,0.29483613,23.9083,-3.632681e-08,0.0
16.675,0.34091082,0.5487126,0.6,0.42816362,0.5143336,0.31205758,23.385061,-2.289014e-08,0.0
16.68,0.0,0.6,0.56527734,0.4141744,0.50956833,0.32830715,22.624405,-2.5585235e-08,0.0
16.685,0.0,0.6,0.56527734,0.4104231,0.4996984,0.3436397,21.675747,4.783084e-09,0.0
16.69,0.0,0.6,0.56527734,0.40688348,0.49038547,0.358107,20.688652,-4.766013e-09,0.0
16.695,0.0,0.6,0.56527734,0.40354362,0.4815981,0.37175784,19.810905,-1.0489146e-09,0.0
16.7,0.0,0.6,0.6,0.4003616,0.47427297,0.3846383,19.12611,-1.6053592e-08,0.0
16.705000000000002,0.0,0.6,0.6,0.3970066,0.47847384,0.3967919,18.663149,1.1507319e-08,0.0
16.71,0.0,0.6,0.6,0.39384094,0.48243767,0.40825963,19.11265,4.8704045e-08,0.0
16.715,0.0,0.6,0.6,0.3908539,0.4861778,0.4190802,20.451536,1.5817123e-07,0.0
16.72,0.0,0.56256634,0.6,0.38649637,0.4899384,0.42913336,22.200151,3.1353533e-09,0.0
16.725,0.0,0.56256634,0.6,0.36468506,0.49614957,0.43681642,23.996498,5.136414e-08,0.0
16.73,0.0,0.56256634,0.6,0.34410465,0.5020102,0.4440659,25.47285,5.311383e-08,0.0
16.735,0.0,0.56256634,0.6,0.32468566,0.5075401,0.45090628,26.366158,-1.5471775e-08,0.0
16.740000000000002,0.0,0.16813692,0.6,0.30636254,0.51275796,0.4575174,26.571135,-7.4461606e-09,0.0
16.745,0.0,0.16813692,0.6,0.28907347,0.5176813,0.46555817,26.088268,-2.6232737e-08,0.0
16.75,0.0,0.16813692,0.6,0.27276006,0.5223268,0.4731452,24.983894,-2.2142753e-08,0.0
16.755,0.0,0.16813692,0.6,0.25736728,0.5267102,0.48030403,23.364182,3.606503e-08,0.0
16.76,0.0,0.0,0.6,0.24284317,0.5306772,0.48705888,21.359304,8.5538844e-08,0.0
16.765,0.0,0.0,0.6,0.2291387,0.5324768,0.49343252,19.107143,-1.4623298e-07,0.0
16.77,0.0,0.0,0.6,0.21620762,0.53417486,0.49944648,16.742487,5.289404e-09,0.0
16.775,0.0,0.0,0.6,0.20400628,0.5357771,0.50512105,14.37937,1.5722387e-07,0.0
16.78,0.364255,0.0,0.34598738,0.19249351,0.53550816,0.5104754,12.109244,-3.683256e-08,0.0
16.785,0.364255,0.0,0.34598738,0.18163045,0.5147762,0.5155276,9.170432,-1.6236034e-07,0.0
16.79,0.364255,0.0,0.34598738,0.17138042,0.49521413,0.52029467,5.687148,-2.89237e-07,0.0
16.795,0.364255,0.0,0.34598738,0.16170883,0.47675607,0.52479273,2.3556547,-1.3291026e-07,0.0
16.8,0.6,0.16004011,0.38792744,0.15258305,0.45858055,0.52903694,-6.6202773e-07,-6.3888045e-08,0.0
16.805,0.6,0.16004011,0.38792744,0.14397226,0.4327013,0.53304166,0.058712002,-7.1655943e-09,0.0
16.81,0.6,0.16004011,0.38792744,0.13584742,0.4082825,0.53682035,0.22392897,-1.7419847e-08,0.0
16.815,0.6,0.16004011,0.38792744,0.12818108,0.38524172,0.5403858,0.5055076,-2.1882133e-08,0.0
16.82,0.43032375,0.28127664,0.10069937,0.12259188,0.36350122,0.54260325,0.8964805,-9.468928e-09,0.0
16.825,0.43032375,0.28127664,0.10069937,0.13622975,0.3429876,0.53150755,1.3908792,-4.3048136e-08,0.0
16.830000000000002,0.43032375,0.28127664,0.10069937,0.149098,0.32363164,0.521038,1.8600721,7.6395814e-08,0.0
16.835,0.43032375,0.28127664,0.10069937,0.16124004,0.305368,0.5111593,2.3764477,3.970947e-08,0.0
16.84,0.40315476,0.27098924,0.14614184,0.17376119,0.28885758,0.50202745,3.0712783,-4.3809806e-08,0.0
16.845,0.40315476,0.27098924,0.14614184,0.1978153,0.28158796,0.4955884,3.9760458,-9.47336e-08,0.0
16.85,0.40315476,0.27098924,0.14614184,0.22051196,0.2747286,0.4895127,5.1008153,7.639093e-08,0.0
16.855,0.40315476,0.27098924,0.14614184,0.24192776,0.26825634,0.4837799,6.4328523,1.9305841e-07,0.0
16.86,0.6,0.41863817,0.3479442,0.26136896,0.26269668,0.47707388,7.9323072,7.6690036e-08,0.0
16.865000000000002,0.6,0.41863817,0.3479442,0.27090365,0.26374522,0.4558338,9.547845,9.455704e-08,0.0
16.87,0.6,0.41863817,0.3479442,0.27990028,0.26473457,0.43579236,11.448432,1.409337e-07,0.0
16.875,0.6,0.41863817,0.3479442,0.2883892,0.2656681,0.41688192,13.573816,1.2276175e-07,0.0
16.88,0.6,0.6,0.1988557,0.2962764,0.2665025,0.39924383,15.739763,1.503584e-07,0.0
16.885,0.6,0.6,0.1988557,0.3023079,0.2667557,0.3849604,17.831038,2.1937923e-07,0.0
16.89,0.6,0.6,0.1988557,0.30799904,0.26699463,0.37148306,19.777534,1.5298667e-07,0.0
16.895,0.6,0.6,0.1988557,0.313369,0.26722005,0.3587663,21.544296,1.1268658e-07,0.0
16.9,0.3398971,0.6,0.45563018,0.3193246,0.26809934,0.34767824,23.122816,7.5417844e-08,0.0
16.905,0.3398971,0.6,0.45563018,0.33516407,0.27659476,0.34769326,24.526596,1.436697e-07,0.0
16.91,0.3398971,0.6,0.45563018,0.35010967,0.28461075,0.34770742,25.799114,1.0631248e-07,0.0
16.915,0.3398971,0.6,0.45563018,0.36421183,0.29217437,0.34772077,26.965397,9.977039e-08,0.0
16.92,0.34660748,0.6,0.5289915,0.37751815,0.30012995,0.3470603,28.033962,3.970319e-08,0.0
16.925,0.34660748,0.6,0.5289915,0.39007357,0.31705263,0.3386966,29.006643,8.4930186e-08,0.0
16.93,0.34660748,0.6,0.5289915,0.40192044,0.33302033,0.3308049,29.843302,-1.5842617e-09,0.0
16.935,0.34660748,0.6,0.5289915,0.41309875,0.3480869,0.32335857,30.507257,3.9878444e-08,0.0
16.94,0.2341306,0.6,0.6,0.42247194,0.3623032,0.3174917,30.989243,-5.8129994e-09,0.0
16.945,0.2341306,0.6,0.6,0.41781196,0.37571725,0.32528734,31.292093,-2.9592837e-08,0.0
16.95,0.2341306,0.6,0.6,0.41341496,0.3883743,0.33264303,32.04123,7.412109e-08,0.0
16.955000000000002,0.2341306,0.6,0.6,0.40926608,0.40031707,0.3395836,33.25171,8.318749e-08,0.0
16.96,0.37655684,0.6,0.6,0.40538165,0.41158587,0.3464637,34.55577,8.065643e-08,0.0
16.965,0.37655684,0.6,0.6,0.40206483,0.4222187,0.35676438,35.70964,5.8773843e-08,0.0
16.97,0.37655684,0.6,0.6,0.39893517,0.4322515,0.36648375,36.571865,2.1472795e-08,0.0
16.975,0.37655684,0.6,0.6,0.39598215,0.44171813,0.3756546,37.078693,1.7758463e-08,0.0
16.98,0.36233634,0.6,0.6,0.39268798,0.4506505,0.3846285,37.22174,2.6256535e-08,0.0
16.985,0.36233634,0.6,0.6,0.38374004,0.45907882,0.39678267,37.026215,-1.3570279e-08,0.0
16.990000000000002,0.36233634,0.6,0.6,0.37529707,0.46703148,0.40825093,36.50488,-3.7167784e-08,0.0
16.995,0.36233634,0.6,0.6,0.36733055,0.47453535,0.41907197,35.68083,2.1756248e-08,0.0
17.0,0.073289916,0.6,0.55482125,0.36045665,0.48161575,0.42928237,34.59955,-2.1448217e-08,0.0
17.005,0.073289916,0.6,0.55482125,0.36136523,0.48829657,0.43891653,33.32069,5.9024425e-09,0.0
17.01,0.073289916,0.6,0.55482125,0.36222255,0.4946004,0.44800702,31.36612,-1.05452166e-07,0.0
17.015,0.073289916,0.6,0.55482125,0.36303148,0.5005484,0.4565845,28.788126,2.9237883e-08,0.0
17.02,0.0,0.6,0.6,0.36373055,0.5061608,0.46467793,25.975592,5.6311e-08,0.0
17.025,0.0,0.6,0.6,0.36365187,0.5114565,0.47231463,23.211313,-4.9677393e-08,0.0
17.03,0.0,0.6,0.6,0.36357763,0.5164533,0.47952035,21.27652,-2.1112509e-08,0.0
17.035,0.0,0.6,0.6,0.36350757,0.5211682,0.48631942,20.33618,-9.51738e-08,0.0
17.04,0.0,0.6,0.6,0.3621365,0.52561694,0.49253085,20.111845,1.3431434e-08,0.0
17.045,0.0,0.6,0.6,0.34583592,0.52981466,0.49604613,20.345745,-3.6401556e-08,0.0
17.05,0.0,0.6,0.6,0.3304552,0.53377545,0.499363,20.725523,1.3910923e-08,0.0
17.055,0.0,0.6,0.6,0.3159425,0.5375127,0.5024927,20.988266,-3.6013172e-09,0.0
17.06,0.0,0.36188722,0.6,0.3019179,0.5410391,0.50564975,20.979807,1.5803229e-08,0.0
17.065,0.0,0.36188722,0.6,0.28487965,0.5443665,0.5109742,20.63018,3.853044e-08,0.0
17.07,0.0,0.36188722,0.6,0.2688029,0.5475061,0.51599824,19.907145,5.604462e-09,0.0
17.075,0.0,0.36188722,0.6,0.25363344,0.5504685,0.5207388,18.821148,-8.191423e-08,0.0
17.080000000000002,0.0,0.0,0.6,0.23932004,0.5532637,0.52521175,17.423725,3.7496846e-09,0.0
17.085,0.0,0.0,0.6,0.22581439,0.5559012,0.5294323,15.788345,-1.5538602e-08,0.0
17.09,0.0,0.0,0.6,0.21307091,0.5583899,0.53341466,13.997431,8.312282e-08,0.0
17.095,0.0,0.0,0.6,0.2010466,0.5607381,0.5371723,12.134309,-3.9117555e-08,0.0
17.1,0.27939796,0.0,0.6,0.18970086,0.5618788,0.5407179,10.278289,-8.6749175e-08,0.0
17.105,0.27939796,0.0,0.6,0.17899539,0.5505926,0.5440634,8.506046,1.0979368e-07,0.0
17.11,0.27939796,0.0,0.6,0.16889407,0.53994334,0.5472201,6.064681,-1.1026877e-07,0.0
17.115000000000002,0.27939796,0.0,0.6,0.1593628,0.529895,0.5501987,3.0353482,-1.9905445e-07,0.0
17.12,0.6,0.026710065,0.3103113,0.1503694,0.51877993,0.55300915,0.071352154,-1.08103116e-07,0.0
17.125,0.6,0.026710065,0.3103113,0.14188355,0.4895034,0.555661,-1.2950865e-09,5.247718e-08,0.0
17.13,0.6,0.026710065,0.3103113,0.13387658,0.46187907,0.5581632,-1.7616095e-09,-2.707823e-08,0.0
17.135,0.6,0.026710065,0.3103113,0.12632146,0.43581367,0.5605242,1.4347445e-08,-2.1421778e-08,0.0
17.14,0.42983148,0.041453183,0.27617168,0.1204541,0.4112192,0.562752,-1.839227e-09,3.1145628e-10,0.0
17.145,0.42983148,0.041453183,0.27617168,0.12942384,0.3880127,0.564854,0.017695751,-4.5794113e-08,0.0
17.150000000000002,0.42983148,0.041453183,0.27617168,0.13788739,0.36611584,0.56683743,-5.7920068e-05,-3.084013e-08,0.0
17.155,0.42983148,0.041453183,0.27617168,0.14587331,0.34545466,0.5687089,0.13220264,-5.1171416e-08,0.0
17.16,0.30782056,0.22135349,0.6,0.15485597,0.32608005,0.5691669,0.55514395,-1.9793486e-08,0.0
17.165,0.30782056,0.22135349,0.6,0.17997697,0.3091856,0.5545588,1.3294148,-1.6248027e-08,0.0
17.17,0.30782056,0.22135349,0.6,0.2036803,0.29324454,0.5407751,2.501087,-5.9990697e-09,0.0
17.175,0.30782056,0.22135349,0.6,0.22604598,0.2782031,0.52776927,4.045603,3.032376e-08,0.0
17.18,0.46432653,0.3600795,0.6,0.24638122,0.26407704,0.51534325,5.8574867,1.4803713e-07,0.0
17.185,0.46432653,0.3600795,0.6,0.25673395,0.2515136,0.50184596,7.8140554,1.1168394e-07,0.0
17.19,0.46432653,0.3600795,0.6,0.26650244,0.23965918,0.48911038,10.003619,1.2339494e-07,0.0
17.195,0.46432653,0.3600795,0.6,0.27571964,0.22847374,0.47709352,12.332661,1.3381658e-07,0.0
17.2,0.37777042,0.30821702,0.6,0.28386587,0.21873172,0.4672168,14.624736,1.09150996e-07,0.0
17.205000000000002,0.37777042,0.30821702,0.6,0.2852177,0.21887967,0.4747102,16.77917,1.13018196e-07,0.0
17.21,0.37777042,0.30821702,0.6,0.28649327,0.21901928,0.48178074,18.718122,1.063994e-07,0.0
17.215,0.37777042,0.30821702,0.6,0.28769684,0.219151,0.48845226,20.394466,4.92458e-08,0.0
17.22,0.27295357,0.6,0.6,0.28953907,0.2199016,0.49474728,21.79818,1.2537953e-07,0.0
17.225,0.27295357,0.6,0.6,0.29940292,0.22781232,0.50068706,22.947422,6.149102e-08,0.0
17.23,0.27295357,0.6,0.6,0.30871013,0.23527661,0.5062916,23.917055,6.667192e-08,0.0
17.235,0.27295357,0.6,0.6,0.3174921,0.24231966,0.51157993,24.789015,6.4775946e-08,0.0
17.240000000000002,0.0,0.6,0.4022725,0.3253877,0.2487311,0.5165698,25.619677,6.8824164e-08,0.0
17.245,0.0,0.6,0.4022725,0.3283438,0.2520881,0.521278,26.444439,3.13179e-08,0.0
17.25,0.0,0.6,0.4022725,0.33113313,0.25525564,0.5257206,27.262003,4.229813e-08,0.0
17.255,0.0,0.6,0.4022725,0.33376503,0.25824443,0.5299124,28.059849,1.5541795e-08,0.0
17.26,0.0,0.6,0.5847476,0.3357752,0.26238185,0.5338677,28.832352,4.694369e-08,0.0
17.265,0.0,0.6,0.5847476,0.33222997,0.2814348,0.5375998,29.54738,2.588863e-08,0.0
17.27,0.0,0.6,0.5847476,0.3288848,0.29941252,0.54112124,30.6097,4.001706e-08,0.0
17.275000000000002,0.0,0.6,0.5847476,0.32572842,0.3163757,0.54444396,31.943209,1.1472964e-07,0.0
17.28,0.0,0.6,0.6,0.32151785,0.33238158,0.54668653,33.21058,4.75906e-08,0.0
17.285,0.0,0.6,0.6,0.30337352,0.3474842,0.5385367,34.199238,9.6477876e-08,0.0
17.29,0.0,0.6,0.6,0.28625312,0.36173454,0.5308469,34.69829,4.823608e-08,0.0
17.295,0.0,0.6,0.6,0.2700989,0.37518066,0.523591,34.569096,-9.899821e-08,0.0
17.3,0.0,0.6,0.5352762,0.2548563,0.387868,0.5175684,33.779465,4.0622915e-08,0.0
17.305,0.0,0.6,0.5352762,0.24047388,0.3998393,0.52135956,32.36872,-7.693463e-08,0.0
17.31,0.0,0.6,0.5352762,0.22690313,0.41113508,0.5249368,30.42549,6.6270713e-09,0.0
17.315,0.0,0.6,0.5352762,0.21409822,0.42179337,0.52831215,28.058563,-4.458763e-10,0.0
17.32,0.0,0.22185476,0.5088231,0.20201592,0.4318502,0.53156585,25.385199,-8.15234e-08,0.0
17.325,0.0,0.22185476,0.5088231,0.19061548,0.44133946,0.5354278,22.524963,2.714388e-09,0.0
17.330000000000002,0.0,0.22185476,0.5088231,0.17985839,0.4502932,0.53907186,19.588352,-7.0742686e-08,0.0
17.335,0.0,0.22185476,0.5088231,0.16970837,0.45874166,0.5425103,16.66575,-6.213887e-08,0.0
17.34,0.22812529,0.0,0.47611222,0.16013116,0.46671337,0.5454624,13.839569,-4.3502888e-07,0.0
17.345,0.22812529,0.0,0.47611222,0.1510944,0.47423518,0.5448876,11.198129,-1.2417485e-07,0.0
17.35,0.22812529,0.0,0.47611222,0.14256763,0.4813325,0.5443452,8.823574,6.5622004e-08,0.0
17.355,0.22812529,0.0,0.47611222,0.13452205,0.48802933,0.5438334,6.785144,7.2005726e-08,0.0
17.36,0.6,0.21280454,0.26457235,0.1269305,0.49264103,0.543231,5.127479,-7.5971684e-08,0.0
17.365000000000002,0.6,0.21280454,0.26457235,0.11976738,0.47735965,0.54128927,3.864948,4.0517463e-08,0.0
17.37,0.6,0.21280454,0.26457235,0.1130085,0.46294063,0.5394571,2.275555,1.5649695e-07,0.0
17.375,0.6,0.21280454,0.26457235,0.10663104,0.44933534,0.5377283,0.35528287,-4.9441518e-08,0.0
17.38,0.5030779,0.38966173,0.027446778,0.1016434,0.43549624,0.5359494,-1.9947206e-09,-5.3794373e-08,0.0
17.385,0.5030779,0.38966173,0.027446778,0.1087812,0.4109197,0.53257257,1.8158108e-08,-5.6417196e-08,0.0
17.39,0.5030779,0.38966173,0.027446778,0.1155162,0.3877301,0.52938634,2.1087208e-08,-9.459172e-08,0.0
17.395,0.5030779,0.38966173,0.027446778,0.121871114,0.36584917,0.5263799,-1.3974798e-08,1.8828576e-08,0.0
17.400000000000002,0.20685029,0.0,0.58284134,0.12954628,0.3461638,0.5225881,0.026114292,5.2329145e-08,0.0
17.405,0.20685029,0.0,0.58284134,0.1560956,0.3386379,0.5080274,0.22894596,1.5773468e-08,0.0
17.41,0.20685029,0.0,0.58284134,0.18114664,0.33153668,0.49428838,0.80065095,1.1139962e-07,0.0
17.415,0.20685029,0.0,0.58284134,0.20478396,0.32483622,0.48132473,1.8166509,-4.6591486e-09,0.0
17.42,0.6,0.1283564,0.44995922,0.22664978,0.31931233,0.4680221,3.2191381,1.1545306e-07,0.0
17.425,0.6,0.1283564,0.44995922,0.24224956,0.3232824,0.44315892,4.879303,8.901208e-08,0.0
17.43,0.6,0.1283564,0.44995922,0.256969,0.3270284,0.41969886,7.026103,2.2422594e-07,0.0
17.435,0.6,0.1283564,0.44995922,0.27085778,0.330563,0.39756274,9.557541,-6.8564056e-08,0.0
17.44,0.6,0.6,0.15567264,0.28262538,0.33213896,0.37918326,12.181358,2.4459712e-07,0.0
17.445,0.6,0.6,0.15567264,0.27834913,0.31339523,0.39067638,14.677557,1.4891182e-07,0.0
17.45,0.6,0.6,0.15567264,0.2743142,0.29570928,0.4015209,16.84787,1.1958407e-07,0.0
17.455000000000002,0.6,0.6,0.15567264,0.27050698,0.2790214,0.41175345,18.64457,6.0177555e-08,0.0
17.46,0.34782895,0.6,0.54124963,0.26868954,0.26385477,0.4208086,20.115881,9.511964e-08,0.0
17.465,0.34782895,0.6,0.54124963,0.28738654,0.25620812,0.42245367,21.336594,1.1793576e-07,0.0
17.47,0.34782895,0.6,0.54124963,0.30502838,0.24899301,0.4240059,22.016045,1.6223499e-08,0.0
17.475,0.34782895,0.6,0.54124963,0.32167464,0.24218507,0.42547053,22.258842,2.3998213e-08,0.0
17.48,0.4753517,0.6,0.28876123,0.33738148,0.23789065,0.4255239,22.381855,-8.9184615e-09,0.0
17.485,0.4753517,0.6,0.28876123,0.35220194,0.2583257,0.41029528,22.576986,-4.5676556e-09,0.0
17.490000000000002,0.4753517,0.6,0.28876123,0.36618602,0.27760753,0.39592606,23.202108,2.4301928e-08,0.0
17.495,0.4753517,0.6,0.28876123,0.37938094,0.29580122,0.38236773,24.290035,2.810921e-08,0.0
17.5,0.20684884,0.6,0.5312275,0.39069277,0.3129682,0.3713153,25.61134,3.564905e-08,0.0
17.505,0.20684884,0.6,0.5312275,0.3882738,0.32916638,0.38090527,26.956945,1.0729733e-07,0.0
17.51,0.20684884,0.6,0.5312275,0.38599136,0.34445044,0.38995406,28.75191,1.652878e-07,0.0
17.515,0.20684884,0.6,0.5312275,0.38383773,0.35887197,0.3984922,30.910679,1.2074841e-07,0.0
17.52,0.32421666,0.6,0.6,0.38238135,0.37247965,0.40540856,33.040237,1.5312821e-07,0.0
17.525000000000002,0.32421666,0.6,0.6,0.387628,0.3853194,0.39882576,34.89352,1.0861763e-07,0.0
17.53,0.32421666,0.6,0.6,0.39257854,0.39743456,0.39261445,35.741203,6.288319e-08,0.0
17.535,0.32421666,0.6,0.6,0.3972497,0.40886602,0.38675368,35.50043,-2.9432396e-08,0.0
17.54,0.2574073,0.6,0.6,0.40044507,0.41965237,0.3823183,34.52017,-7.494281e-08,0.0
17.545,0.2574073,0.6,0.6,0.38951978,0.42983,0.39072174,33.084137,-4.879582e-08,0.0
17.55,0.2574073,0.6,0.6,0.37921104,0.43943328,0.39865094,31.98392,3.558644e-08,0.0
17.555,0.2574073,0.6,0.6,0.36948407,0.4484946,0.4061327,31.363157,-2.5939148e-08,0.0
17.56,0.0,0.6,0.5069959,0.36083588,0.45704457,0.41350272,30.95487,2.6348841e-08,0.0
17.565,0.0,0.6,0.5069959,0.35876933,0.46511203,0.4240274,30.578165,-4.111313e-08,0.0
17.57,0.0,0.6,0.5069959,0.3568194,0.47272423,0.43395814,30.15792,8.468966e-10,0.0
17.575,0.0,0.6,0.5069959,0.35497952,0.47990683,0.44332844,29.672556,-4.0614815e-08,0.0
17.580000000000002,0.0,0.6,0.6,0.35294184,0.48668408,0.45216995,29.117395,-1.6862323e-08,0.0
17.585,0.0,0.6,0.6,0.3475505,0.4930789,0.46051252,28.497244,-2.3024458e-09,0.0
17.59,0.0,0.6,0.6,0.34246343,0.4991128,0.46838427,27.802124,1.8418975e-08,0.0
17.595,0.0,0.6,0.6,0.3376634,0.5048062,0.47581178,27.025087,1.9401247e-08,0.0
17.6,0.0,0.44093508,0.6,0.33197218,0.5101783,0.48240027,26.17316,7.623296e-08,0.0
17.605,0.0,0.44093508,0.6,0.31323785,0.5152473,0.48378828,25.256372,-5.111474e-08,0.0
17.61,0.0,0.44093508,0.6,0.29556078,0.5200302,0.48509797,24.200537,2.0195232e-08,0.0
17.615000000000002,0.0,0.44093508,0.6,0.27888128,0.52454317,0.48633376,22.93519,-5.646373e-08,0.0
17.62,0.0,0.2934933,0.6,0.26314306,0.52880144,0.4879197,21.445261,6.9128836e-09,0.0
17.625,0.0,0.2934933,0.6,0.248293,0.5328194,0.49424475,19.754929,-4.9065164e-08,0.0
17.63,0.0,0.2934933,0.6,0.23428097,0.5366106,0.5002129,17.911865,2.9655842e-09,0.0
17.635,0.0,0.2934933,0.6,0.2210597,0.5401879,0.50584424,15.9724,1.5836266e-08,0.0
17.64,0.0,0.0,0.6,0.20858455,0.5428452,0.51115775,13.994237,-3.3055077e-08,0.0
17.645,0.0,0.0,0.6,0.1968134,0.53709406,0.5161714,12.037589,9.866129e-08,0.0
17.650000000000002,0.0,0.0,0.6,0.18570656,0.5316675,0.52090216,9.344666,-3.70377e-07,0.0
17.655,0.0,0.0,0.6,0.17522651,0.52654713,0.52536595,5.9613667,-2.1075737e-08,0.0
17.66,0.31214252,0.0,0.30789033,0.16533788,0.5210501,0.5295778,2.5018263,2.4406487e-08,0.0
17.665,0.31214252,0.0,0.30789033,0.15600729,0.5082083,0.53355193,3.515794e-08,7.721646e-08,0.0
17.67,0.31214252,0.0,0.30789033,0.14720327,0.4960912,0.53730184,-5.8332295e-09,-1.7917924e-09,0.0
17.675,0.31214252,0.0,0.30789033,0.13889608,0.48465788,0.5408401,-1.2855162e-09,4.3906616e-09,0.0
17.68,0.6,0.2671243,0.3017213,0.1310577,0.4725448,0.54417866,-9.427638e-09,2.3960315e-08,0.0
17.685,0.6,0.2671243,0.3017213,0.12366166,0.44587746,0.5473288,1.5742199e-08,-1.901266e-10,0.0
17.69,0.6,0.2671243,0.3017213,0.116683014,0.42071506,0.55030125,1.2049781e-08,-3.874098e-08,0.0
17.695,0.6,0.2671243,0.3017213,0.11009819,0.3969727,0.55310595,1.1309679e-08,1.1916722e-08,0.0
17.7,0.35837683,0.4131997,0.011967266,0.1052942,0.37457016,0.5544336,0.004938852,1.7408984e-08,0.0
17.705000000000002,0.35837683,0.4131997,0.011967266,0.11696735,0.35343188,0.5405203,0.09191036,-4.91814e-08,0.0
17.71,0.35837683,0.4131997,0.011967266,0.12798175,0.33348653,0.5273922,0.23498102,6.960533e-08,0.0
17.715,0.35837683,0.4131997,0.011967266,0.13837457,0.31466675,0.515005,0.54798734,9.626082e-09,0.0
17.72,0.23686956,0.26469344,0.25744125,0.14948046,0.29811502,0.503289,1.1577661,-9.638912e-08,0.0
17.725,0.23686956,0.26469344,0.25744125,0.17490482,0.2963661,0.49191383,2.0703075,-1.6540042e-08,0.0
17.73,0.23686956,0.26469344,0.25744125,0.1988944,0.29471588,0.4811806,3.2566922,3.8268575e-09,0.0
17.735,0.23686956,0.26469344,0.25744125,0.22153015,0.2931588,0.4710531,4.6559577,-1.1694722e-07,0.0
17.740000000000002,0.6,0.33866996,0.22333173,0.24179766,0.29234907,0.46018898,6.1825237,5.7784344e-08,0.0
17.745,0.6,0.33866996,0.22333173,0.24837662,0.2991691,0.4348943,7.7517343,5.4847987e-08,0.0
17.75,0.6,0.33866996,0.22333173,0.2545843,0.30560422,0.41102707,9.582154,1.292514e-07,0.0
17.755,0.6,0.33866996,0.22333173,0.2604417,0.3116762,0.38850677,11.619646,1.7965228e-08,0.0
17.76,0.6,0.52435106,0.1061113,0.26541993,0.31673506,0.3683656,13.658972,1.4523893e-07,0.0
17.765,0.6,0.52435106,0.1061113,0.26380873,0.31379816,0.36210576,15.552075,1.104788e-07,0.0
17.77,0.6,0.52435106,0.1061113,0.26228845,0.31102702,0.35619918,17.106295,3.5930604e-08,0.0
17.775000000000002,0.6,0.52435106,0.1061113,0.26085398,0.30841225,0.35062593,18.256151,1.14168586e-07,0.0
17.78,0.49395755,0.6,0.17440291,0.26113987,0.30627903,0.3452132,19.038397,7.6435526e-08,0.0
17.785,0.49395755,0.6,0.17440291,0.28026292,0.30810696,0.338335,19.085691,-1.3622351e-08,0.0
17.79,0.49395755,0.6,0.17440291,0.29830676,0.30983174,0.331845,19.02932,2.1052228e-08,0.0
17.795,0.49395755,0.6,0.17440291,0.31533235,0.31145918,0.3257212,19.30704,1.2121792e-08,0.0
17.8,0.6,0.6,0.4791733,0.33139712,0.31383306,0.3194138,19.906385,2.5937158e-08,0.0
17.805,0.6,0.6,0.4791733,0.3465553,0.3257133,0.3073764,20.776602,3.7603975e-08,0.0
17.81,0.6,0.6,0.4791733,0.36085805,0.33692312,0.29601833,21.813246,1.2549176e-08,0.0
17.815,0.6,0.6,0.4791733,0.37435365,0.34750032,0.28530124,22.908367,1.0201566e-07,0.0
17.82,0.3785155,0.6,0.41810036,0.3866089,0.35782215,0.27549726,23.982573,7.886606e-08,0.0
17.825,0.3785155,0.6,0.41810036,0.39266694,0.37148908,0.26979217,24.981186,1.7869423e-08,0.0
17.830000000000002,0.3785155,0.6,0.41810036,0.3983831,0.38438472,0.26440904,25.829926,1.4706501e-08,0.0
17.835,0.3785155,0.6,0.41810036,0.4037767,0.39655262,0.25932968,26.47471,-1.8276863e-08,0.0
17.84,0.25675246,0.6,0.6,0.40934467,0.40803385,0.2559129,26.900057,2.0282451e-08,0.0
17.845,0.25675246,0.6,0.6,0.420104,0.41886714,0.26851225,27.116856,-9.72935e-09,0.0
17.85,0.25675246,0.6,0.6,0.43025613,0.4290891,0.28040057,27.179111,-2.886232e-09,0.0
17.855,0.25675246,0.6,0.6,0.43983537,0.43873417,0.291618,27.146507,-6.8612933e-09,0.0
17.86,0.31160304,0.6,0.6,0.44787407,0.44783497,0.30192664,27.063856,1.0571095e-08,0.0
17.865000000000002,0.31160304,0.6,0.6,0.44395992,0.45642215,0.30848274,26.959356,-1.8713846e-08,0.0
17.87,0.31160304,0.6,0.6,0.44026667,0.46452475,0.31466883,27.504272,9.35527e-08,0.0
17.875,0.31160304,0.6,0.6,0.43678185,0.47217008,0.32050583,28.707369,9.889141e-08,0.0
17.88,0.008158315,0.6,0.6,0.43294397,0.47938398,0.32683465,30.155766,1.4683265e-07,0.0
17.885,0.008158315,0.6,0.6,0.42300087,0.48619074,0.3422503,31.55775,8.849448e-08,0.0
17.89,0.008158315,0.6,0.6,0.41361892,0.49261338,0.356796,32.691814,2.648247e-08,0.0
17.895,0.008158315,0.6,0.6,0.4047664,0.49867356,0.37052083,33.424587,4.0830606e-08,0.0
17.900000000000002,0.0,0.6,0.6,0.3966611,0.50439173,0.38347113,33.711895,1.2503901e-08,0.0
17.905,0.0,0.6,0.6,0.391861,0.5097872,0.3956906,33.57098,-6.419747e-10,0.0
17.91,0.0,0.6,0.6,0.38733175,0.5148782,0.40722048,33.072136,-7.1006094e-09,0.0
17.915,0.0,0.6,0.6,0.38305813,0.51968193,0.4180997,32.30445,4.5669697e-08,0.0
17.92,0.0,0.6,0.6,0.3776557,0.52421457,0.42836496,31.352774,-1.3127633e-08,0.0
17.925,0.0,0.6,0.6,0.35680372,0.5284914,0.43805093,30.284569,4.115734e-08,0.0
17.93,0.0,0.6,0.6,0.33712846,0.53252685,0.44719025,29.057297,-4.1332804e-08,0.0
17.935,0.0,0.6,0.6,0.31856355,0.5363346,0.45581383,27.611166,-3.2721868e-08,0.0
17.94,0.0,0.6,0.6,0.3010095,0.5399274,0.46395075,25.930944,1.9095273e-08,0.0
17.945,0.0,0.6,0.6,0.2840225,0.5433175,0.4716285,24.035433,-2.9482887e-08,0.0
17.95,0.0,0.6,0.6,0.26799417,0.5465163,0.47887293,21.967672,-1.0892038e-07,0.0
17.955000000000002,0.0,0.6,0.6,0.25287035,0.54953456,0.48570853,19.7898,2.5519372e-08,0.0
17.96,0.0,0.55600846,0.6,0.23860002,0.55238247,0.49215838,17.571547,2.4957341e-08,0.0
17.965,0.0,0.55600846,0.6,0.225135,0.5550697,0.49824426,15.376122,-2.12302e-08,0.0
17.97,0.0,0.55600846,0.6,0.21242987,0.55760527,0.50398666,13.255312,1.5331667e-08,0.0
17.975,0.0,0.55600846,0.6,0.20044172,0.55999774,0.509405,11.252263,-7.129258e-08,0.0
17.98,0.12272373,0.23209563,0.6,0.18913011,0.5622552,0.5145176,9.403043,-3.849461e-09,0.0
17.985,0.12272373,0.23209563,0.6,0.17845686,0.5643853,0.51934165,7.7378426,-1.542649e-08,0.0
17.990000000000002,0.12272373,0.23209563,0.6,0.16838592,0.56639516,0.5238935,6.280212,-6.568979e-08,0.0
17.995,0.12272373,0.23209563,0.6,0.15888333,0.5682916,0.5281884,5.048638,-9.780508e-08,0.0
18.0,0.44291055,0.22634979,0.6,0.149917,0.5698824,0.532241,4.0464687,8.347863e-09,0.0
18.005,0.44291055,0.22634979,0.6,0.14145668,0.5690994,0.53606486,3.2552946,2.0511319e-08,0.0
18.01,0.44291055,0.22634979,0.6,0.1334738,0.5683607,0.539673,1.7570244,-4.089936e-08,0.0
18.015,0.44291055,0.22634979,0.6,0.12594141,0.5676636,0.5430774,-5.3541505e-08,9.9637596e-08,0.0
18.02,0.04410823,0.19240777,0.42067435,0.11938816,0.56554353,0.54628974,1.6442173e-09,1.1565144e-08,0.0
18.025000000000002,0.04410823,0.19240777,0.42067435,0.1195764,0.5467259,0.5493208,5.443126e-10,-1.9910813e-08,0.0
18.03,0.04410823,0.19240777,0.42067435,0.11975402,0.52897024,0.5521808,3.743044e-09,-3.5401833e-08,0.0
18.035,0.04410823,0.19240777,0.42067435,0.11992161,0.51221657,0.5548794,3.4697472e-09,8.754977e-09,0.0
18.04,0.0,0.0,0.51994205,0.12152528,0.49638245,0.55742574,-1.7154735e-08,-6.658326e-08,0.0
18.045,0.0,0.0,0.51994205,0.13966215,0.4811436,0.55982834,1.45326995e-08,6.4950245e-09,0.0
18.05,0.0,0.0,0.51994205,0.15677549,0.46676472,0.56209534,1.0151559e-08,-2.5040757e-08,0.0
18.055,0.0,0.0,0.51994205,0.17292307,0.45319727,0.56423444,2.1801773e-08,5.639804e-09,0.0
18.06,0.3662631,0.0,0.46916994,0.18635893,0.44024226,0.5654432,2.717445e-09,5.784603e-08,0.0
18.065,0.3662631,0.0,0.46916994,0.17833124,0.42625612,0.5572734,0.07523477,5.8785425e-08,0.0
18.07,0.3662631,0.0,0.46916994,0.17075658,0.41305926,0.54956466,0.5492489,-8.502183e-09,0.0
18.075,0.3662631,0.0,0.46916994,0.16360939,0.40060714,0.5422909,1.3766679,4.739101e-08,0.0
18.080000000000002,0.6,0.042528287,0.5544247,0.1566664,0.38798907,0.53587586,2.2985618,-1.7795447e-08,0.0
18.085,0.6,0.042528287,0.5544247,0.14782518,0.36609352,0.53497666,3.1306627,2.413691e-08,0.0
18.09,0.6,0.042528287,0.5544247,0.1394829,0.34543362,0.5341282,3.8106844,7.25446e-08,0.0
18.095,0.6,0.042528287,0.5544247,0.1316114,0.32593963,0.53332764,4.3413053,-1.9051836e-08,0.0
18.1,0.36047244,0.17944208,0.030768925,0.12583768,0.30754575,0.53234303,4.743427,-1.2477056e-08,0.0
18.105,0.36047244,0.17944208,0.030768925,0.13940571,0.2901899,0.52877796,5.050557,5.1257633e-08,0.0
18.11,0.36047244,0.17944208,0.030768925,0.15220805,0.2738135,0.52541405,5.170102,5.2489377e-09,0.0
18.115000000000002,0.36047244,0.17944208,0.030768925,0.1642879,0.25836125,0.52224,5.218066,-6.676493e-08,0.0
18.12,0.11800972,0.13537116,0.0958932,0.17674129,0.24397305,0.51962996,5.604649,-5.8936248e-08,0.0
18.125,0.11800972,0.13537116,0.0958932,0.20062722,0.23260483,0.5215936,6.408103,-6.118027e-08,0.0
18.13,0.11800972,0.13537116,0.0958932,0.22316518,0.22187817,0.5234463,7.57077,3.7469803e-08,0.0
18.135,0.11800972,0.13537116,0.0958932,0.24443126,0.21175684,0.5251945,9.043008,5.680223e-08,0.0
18.14,0.6,0.054983445,0.28576082,0.2634158,0.20282482,0.5244799,10.761017,9.999562e-08,0.0
18.145,0.6,0.054983445,0.28576082,0.26889306,0.20150524,0.49661812,12.651663,5.1614556e-08,0.0
18.150000000000002,0.6,0.054983445,0.28576082,0.2740612,0.20026015,0.47032866,14.579545,5.9903385e-08,0.0
18.155,0.6,0.054983445,0.28576082,0.2789377,0.19908531,0.44552281,16.424913,1.4991183e-07,0.0
18.16,0.6,0.32027033,0.35093835,0.28244433,0.19777781,0.42241085,18.122902,1.0715873e-07,0.0
18.165,0.6,0.32027033,0.35093835,0.27316472,0.194256,0.40398434,19.639942,8.575253e-08,0.0
18.17,0.6,0.32027033,0.35093835,0.2644088,0.19093291,0.3865977,21.351988,3.9319325e-08,0.0
18.175,0.6,0.32027033,0.35093835,0.256147,0.18779738,0.37019226,23.226387,1.09650415e-07,0.0
18.18,0.19706036,0.5138519,0.053447593,0.25052747,0.18447587,0.3555698,25.00248,1.7541367e-07,0.0
18.185,0.19706036,0.5138519,0.053447593,0.2702494,0.17716818,0.35163024,26.546835,3.1894764e-08,0.0
18.19,0.19706036,0.5138519,0.053447593,0.28885835,0.17027287,0.347913,27.531157,8.674116e-08,0.0
18.195,0.19706036,0.5138519,0.053447593,0.30641714,0.1637667,0.34440553,28.05095,3.685299e-08,0.0
18.2,0.45463565,0.6,0.0,0.32298502,0.15882537,0.34139025,28.39579,3.312749e-08,0.0
18.205000000000002,0.45463565,0.6,0.0,0.33861792,0.16793625,0.34192908,28.747517,-2.8188873e-10,0.0
18.21,0.45463565,0.6,0.0,0.3533686,0.17653298,0.3424375,29.21391,5.079137e-08,0.0
18.215,0.45463565,0.6,0.0,0.36728686,0.18464458,0.34291723,29.848103,2.182133e-08,0.0
18.22,0.6,0.6,0.008768607,0.3786005,0.19317237,0.34202683,30.66721,4.895949e-08,0.0
18.225,0.6,0.6,0.008768607,0.36835557,0.21126941,0.32574132,31.655165,7.197491e-08,0.0
18.23,0.6,0.6,0.008768607,0.3586888,0.22834517,0.31037486,33.2868,3.8408963e-08,0.0
18.235,0.6,0.6,0.008768607,0.34956756,0.24445729,0.29587558,35.49146,2.1143207e-07,0.0
18.240000000000002,0.4702846,0.6,0.0,0.34212393,0.26004907,0.28195325,37.836765,-1.47024055e-08,0.0
18.245,0.4702846,0.6,0.0,0.34847334,0.27923366,0.26604167,39.950424,1.09099496e-07,0.0
18.25,0.4702846,0.6,0.0,0.35446444,0.2973356,0.25102803,41.06562,1.8842034e-08,0.0
18.255,0.4702846,0.6,0.0,0.36011744,0.314416,0.23686166,41.05317,-2.9110894e-09,0.0
18.26,0.3325983,0.6,0.0,0.3661077,0.33053246,0.22353433,40.205788,-9.324291e-09,0.0
18.265,0.3325983,0.6,0.0,0.37930703,0.34573942,0.21141437,38.79192,4.464093e-08,0.0
18.27,0.3325983,0.6,0.0,0.39176148,0.36008823,0.19997838,37.075294,-1.3260637e-07,0.0
18.275000000000002,0.3325983,0.6,0.0,0.4035131,0.37362728,0.18918777,35.279747,3.449896e-08,0.0
18.28,0.44041806,0.6,0.0,0.41401592,0.38640225,0.1789665,33.560745,-1.5211695e-08,0.0
18.285,0.44041806,0.6,0.0,0.41719136,0.3984563,0.16886681,32.015907,-2.810926e-08,0.0
18.29,0.44041806,0.6,0.0,0.4201876,0.4098301,0.15933709,30.66549,-9.282183e-08,0.0
18.295,0.44041806,0.6,0.0,0.42301473,0.42056203,0.15034515,29.495382,-2.8718416e-08,0.0
18.3,0.6,0.6,0.0,0.42506072,0.43068832,0.14186066,28.486378,-7.0852155e-09,0.0
18.305,0.6,0.6,0.0,0.41984275,0.44024315,0.13385499,27.615862,9.0531005e-09,0.0
18.31,0.6,0.6,0.0,0.41491926,0.44925877,0.1263011,27.499876,3.1495595e-08,0.0
18.315,0.6,0.6,0.0,0.4102736,0.4577656,0.1191735,28.133244,5.2235304e-08,0.0
18.32,0.44344968,0.46197155,0.0,0.4063769,0.4657924,0.11244813,29.107805,7.7510485e-08,0.0
18.325,0.44344968,0.46197155,0.0,0.40829796,0.47336617,0.1061023,30.135012,4.1334417e-08,0.0
18.330000000000002,0.44344968,0.46197155,0.0,0.4101106,0.48051256,0.10011459,30.278395,0.766103,0.0
18.335,0.44344968,0.46197155,0.0,0.41182095,0.48725563,0.09446479,29.463594,2.3448744,0.0
18.34,0.28402454,0.28955725,0.47043633,0.41415524,0.4936182,0.089133814,28.136824,4.2185993,0.0
18.345,0.28402454,0.28955725,0.47043633,0.4246431,0.4996217,0.08410369,26.618282,6.0238743,0.0
18.35,0.28402454,0.28955725,0.47043633,0.43453908,0.5052864,0.07935743,25.170206,7.472421,0.0
18.355,0.28402454,0.28955725,0.47043633,0.4438766,0.5106314,0.07487902,23.965229,8.384004,0.0
18.36,0.6,0.42377752,0.6,0.4519804,0.5150516,0.07065334,23.081364,8.687619,0.0
18.365000000000002,0.6,0.42377752,0.6,0.451499,0.5120561,0.06666613,22.527637,8.389453,0.0
18.37,0.6,0.42377752,0.6,0.45104474,0.50922966,0.06290393,22.145493,7.6796517,0.0
18.375,0.6,0.42377752,0.6,0.45061612,0.5065627,0.05935405,21.874876,6.632954,0.0
18.38,0.18217993,0.34488842,0.6,0.44949195,0.5032679,0.058128364,21.722076,5.2491493,0.0
18.385,0.18217993,0.34488842,0.6,0.44015405,0.49120745,0.08139631,21.675055,3.5478885,0.0
18.39,0.18217993,0.34488842,0.6,0.43134314,0.47982764,0.10335117,21.706224,1.5654423,0.0
18.395,0.18217993,0.34488842,0.6,0.42302945,0.46909004,0.12406704,21.66336,-5.483913e-09,0.0
18.400000000000002,0.27297264,0.35329697,0.6,0.41661146,0.45956436,0.14419878,21.433065,2.3921565e-09,0.0
18.405,0.27297264,0.35329697,0.6,0.4269607,0.45754477,0.16992119,21.343306,-3.9427217e-09,0.0
18.41,0.27297264,0.35329697,0.6,0.4367259,0.45563918,0.194192,20.663017,0.5579357,0.0
18.415,0.27297264,0.35329697,0.6,0.44594002,0.45384112,0.21709314,19.4518,1.4437555,0.0
18.42,0.33672014,0.59887904,0.6,0.45274782,0.45178837,0.23870188,18.174002,2.1316142,0.0
18.425,0.33672014,0.59887904,0.6,0.43747875,0.44575563,0.25909117,17.095085,2.3317919,0.0
18.43,0.33672014,0.59887904,0.6,0.42307135,0.44006336,0.27832982,17.082005,1.0919,0.0
18.435,0.33672014,0.59887904,0.6,0.40947703,0.43469232,0.29648277,17.748583,5.3072643e-08,0.0
18.44,0.0,0.6,0.6,0.39705977,0.42966235,0.3136113,18.607382,6.241641e-08,0.0
18.445,0.0,0.6,0.6,0.39005712,0.42535278,0.3297732,19.577368,3.3928963e-08,0.0
18.45,0.0,0.6,0.6,0.38344964,0.42128643,0.345023,20.480738,6.296519e-08,0.0
18.455000000000002,0.0,0.6,0.6,0.37721506,0.41744956,0.35941222,21.224602,4.2511555e-08,0.0
18.46,0.0,0.6,0.6,0.3716201,0.41493794,0.37298942,21.764383,1.9114763e-08,0.0
18.465,0.0,0.6,0.6,0.36965057,0.42531836,0.3858004,22.087542,1.5374647e-08,0.0
18.47,0.0,0.6,0.6,0.3677922,0.43511298,0.39788842,22.838305,7.836996e-08,0.0
18.475,0.0,0.6,0.6,0.36603868,0.44435486,0.40929428,24.065584,5.618577e-08,0.0
18.48,0.0,0.59072644,0.6,0.36286396,0.45308024,0.42005646,25.42409,7.281525e-08,0.0
18.485,0.0,0.59072644,0.6,0.3423863,0.46137142,0.4302113,26.671417,6.3255584e-08,0.0
18.490000000000002,0.0,0.59072644,0.6,0.32306427,0.4691947,0.43979305,27.549587,-1.8369827e-08,0.0
18.495,0.0,0.59072644,0.6,0.30483264,0.4765765,0.44883406,27.8737,-1.4617545e-08,0.0
18.5,0.0,0.2659076,0.6,0.2876299,0.48354173,0.45736486,27.577387,-2.4357444e-08,0.0
18.505,0.0,0.2659076,0.6,0.27139798,0.49011385,0.46541426,26.674582,-4.996055e-09,0.0
18.51,0.0,0.2659076,0.6,0.25608206,0.4963151,0.47300938,25.233583,-1.6110509e-07,0.0
18.515,0.0,0.2659076,0.6,0.24163048,0.5021664,0.48017588,23.357195,-4.4694847e-08,0.0
18.52,0.0,0.0,0.6,0.22799444,0.5076456,0.48693797,21.168442,-1.1859168e-07,0.0
18.525000000000002,0.0,0.0,0.6,0.21512794,0.51233417,0.49331844,18.792418,-9.22994e-08,0.0
18.53,0.0,0.0,0.6,0.20298754,0.5167581,0.49933884,16.341505,5.007212e-08,0.0
18.535,0.0,0.0,0.6,0.19153225,0.5209324,0.5050195,13.91037,-1.1700386e-07,0.0
18.54,0.24403907,0.0,0.6,0.18072343,0.52340466,0.51037955,11.582892,-3.1137894e-08,0.0
18.545,0.24403907,0.0,0.6,0.1705246,0.5088732,0.5154371,9.440164,9.335523e-09,0.0
18.55,0.24403907,0.0,0.6,0.16090131,0.49516183,0.5202093,6.8078356,1.7472023e-07,0.0
18.555,0.24403907,0.0,0.6,0.15182109,0.48222423,0.52471215,3.7808044,-1.3503414e-07,0.0
18.56,0.6,0.05641188,0.25995612,0.14325331,0.46881625,0.5289609,0.9499637,-1.7229881e-07,0.0
18.565,0.6,0.05641188,0.25995612,0.13516904,0.44235936,0.5329699,2.0720077e-09,-1.5775466e-08,0.0
18.57,0.6,0.05641188,0.25995612,0.12754099,0.4173955,0.53675264,2.4292303e-08,1.09190035e-08,0.0
18.575,0.6,0.05641188,0.25995612,0.12034342,0.39384046,0.5403219,0.04551228,2.5397792e-08,0.0
18.580000000000002,0.6,0.37255022,0.19015999,0.11465378,0.3716147,0.5436897,0.19486104,-6.875774e-08,0.0
18.585,0.6,0.37255022,0.19015999,0.12195543,0.35064322,0.5468675,0.48803172,2.071352e-08,0.0
18.59,0.6,0.37255022,0.19015999,0.12884502,0.33085522,0.54986596,0.8000535,-1.7721137e-08,0.0
18.595,0.6,0.37255022,0.19015999,0.13534582,0.31218395,0.5526952,1.1775594,3.8360263e-08,0.0
18.6,0.32922968,0.29723355,0.21768358,0.14308679,0.29482102,0.5538296,1.7268355,5.8612628e-08,0.0
18.605,0.32922968,0.29723355,0.21768358,0.16887197,0.2813668,0.53724533,2.469628,3.1910695e-08,0.0
18.61,0.32922968,0.29723355,0.21768358,0.19320199,0.2686718,0.52159697,3.4638813,4.5261977e-08,0.0
18.615000000000002,0.32922968,0.29723355,0.21768358,0.21615899,0.25669324,0.5068317,4.7354617,-4.4317057e-09,0.0
18.62,0.51439375,0.35845888,0.39835548,0.23782045,0.24681795,0.49258456,6.460213,9.461544e-08,0.0
18.625,0.51439375,0.35845888,0.39835548,0.25825948,0.25391346,0.47551772,8.577687,1.4065527e-07,0.0
18.63,0.51439375,0.35845888,0.39835548,0.27754506,0.26060855,0.459414,10.900846,1.7691545e-07,0.0
18.635,0.51439375,0.35845888,0.39835548,0.2957423,0.2669258,0.44421908,13.304296,7.160348e-08,0.0
18.64,0.6,0.6,0.30477893,0.31169015,0.27254653,0.4300059,15.707503,1.0151878e-07,0.0
18.645,0.6,0.6,0.30477893,0.31267998,0.2739397,0.41802382,18.054358,1.5797814e-07,0.0
18.650000000000002,0.6,0.6,0.30477893,0.31361392,0.27525425,0.40671796,20.243883,1.960842e-07,0.0
18.655,0.6,0.6,0.30477893,0.31449518,0.27649462,0.3960501,22.192402,-2.170437e-08,0.0
18.66,0.27805144,0.6,0.4036572,0.31616265,0.2779414,0.38679993,23.86031,1.1723049e-07,0.0
18.665,0.27805144,0.6,0.4036572,0.3273495,0.28248528,0.38745204,25.227085,1.2694086e-08,0.0
18.67,0.27805144,0.6,0.4036572,0.33790505,0.28677273,0.38806736,26.336094,7.7162234e-08,0.0
18.675,0.27805144,0.6,0.4036572,0.3478649,0.2908182,0.38864794,27.25305,2.1534735e-08,0.0
18.68,0.46577033,0.6,0.6,0.35764918,0.29572588,0.3887733,28.029781,5.0882985e-08,0.0
18.685,0.46577033,0.6,0.6,0.37132585,0.31289712,0.3840332,28.703527,2.9551824e-08,0.0
18.69,0.46577033,0.6,0.6,0.3842307,0.3290993,0.37956062,29.26003,-4.8547065e-08,0.0
18.695,0.46577033,0.6,0.6,0.3964073,0.34438714,0.37534043,29.681187,3.6154464e-08,0.0
18.7,0.3245097,0.517716,0.6,0.40644324,0.35881224,0.3718048,29.969307,6.973048e-08,0.0
18.705000000000002,0.3245097,0.517716,0.6,0.39919764,0.3724233,0.37360233,30.13067,-4.7357492e-08,0.0
18.71,0.3245097,0.517716,0.6,0.39236096,0.3852662,0.37529844,30.74607,1.4423757e-08,0.0
18.715,0.3245097,0.517716,0.6,0.3859101,0.39738438,0.37689883,31.804401,3.461295e-08,0.0
18.72,0.35857138,0.6,0.6,0.38067076,0.40881866,0.37929532,32.9372,7.05379e-08,0.0
18.725,0.35857138,0.6,0.6,0.38547322,0.41960767,0.39175043,33.908485,8.781409e-09,0.0
18.73,0.35857138,0.6,0.6,0.39000466,0.4297878,0.40350267,34.01859,1.7883737e-08,0.0
18.735,0.35857138,0.6,0.6,0.39428037,0.43939346,0.4145917,33.202496,-4.770367e-10,0.0
18.740000000000002,0.3770093,0.6,0.6,0.39767706,0.44808555,0.42505494,31.806328,6.0942206e-08,0.0
18.745,0.3770093,0.6,0.6,0.39354798,0.45201504,0.43492767,30.104877,4.8000577e-09,0.0
18.75,0.3770093,0.6,0.6,0.38965192,0.45572278,0.44424328,28.924873,6.2908896e-08,0.0
18.755,0.3770093,0.6,0.6,0.38597572,0.45922127,0.45303318,28.448116,-1.3991371e-08,0.0
18.76,0.15357399,0.6,0.6,0.38266075,0.4628938,0.46132702,28.413725,-3.515563e-08,0.0
18.765,0.15357399,0.6,0.6,0.3813013,0.47063118,0.4691528,28.617455,-2.349844e-08,0.0
18.77,0.15357399,0.6,0.6,0.3800186,0.47793192,0.47653696,28.901731,1.3505778e-08,0.0
18.775000000000002,0.15357399,0.6,0.6,0.37880826,0.48482063,0.4835044,29.156048,5.6268895e-08,0.0
18.78,0.0,0.6,0.6,0.37774947,0.4913206,0.49007866,29.313498,4.2733006e-08,0.0
18.785,0.0,0.6,0.6,0.3777077,0.49745375,0.4962819,29.341726,-2.6507596e-08,0.0
18.79,0.0,0.6,0.6,0.3776683,0.50324076,0.50213504,29.23925,3.3066954e-08,0.0
18.795,0.0,0.6,0.6,0.3776311,0.5087012,0.5076579,29.021292,6.1190515e-09,0.0
18.8,0.0,0.6,0.6,0.37658727,0.5138535,0.51286906,28.709757,-1.935466e-08,0.0
18.805,0.0,0.6,0.6,0.36400187,0.518715,0.51778615,28.323084,-3.8725272e-08,0.0
18.81,0.0,0.6,0.6,0.35212672,0.5233022,0.5224258,27.806864,5.903607e-09,0.0
18.815,0.0,0.6,0.6,0.3409217,0.5276305,0.52680355,27.104399,-5.401944e-08,0.0
18.82,0.0,0.34854776,0.6,0.3296557,0.53171456,0.5309343,26.200169,-6.2953546e-08,0.0
18.825,0.0,0.34854776,0.6,0.3110521,0.5355681,0.5348319,25.104427,9.522679e-08,0.0
18.830000000000002,0.0,0.34854776,0.6,0.2934984,0.53920424,0.53850955,23.792133,-2.646683e-08,0.0
18.835,0.0,0.34854776,0.6,0.27693528,0.54263514,0.5419797,22.251574,5.1159418e-08,0.0
18.84,0.0,0.0,0.6,0.26130688,0.54587245,0.54525393,20.510517,9.269347e-09,0.0
18.845,0.0,0.0,0.6,0.24656044,0.54892707,0.5483434,18.620396,-3.8491937e-08,0.0
18.85,0.0,0.0,0.6,0.2326462,0.5518093,0.55125856,16.642118,-1.3955456e-07,0.0
18.855,0.0,0.0,0.6,0.21951717,0.5545289,0.5540092,14.635411,-5.3386916e-08,0.0
18.86,0.28907186,0.0,0.38850126,0.20712906,0.55595976,0.5566046,12.655327,-4.1930875e-08,0.0
18.865000000000002,0.28907186,0.0,0.38850126,0.19544007,0.5442548,0.5590536,10.756176,1.4777363e-07,0.0
18.87,0.28907186,0.0,0.38850126,0.18441072,0.53321034,0.56136435,8.176721,2.1366982e-09,0.0
18.875,0.28907186,0.0,0.38850126,0.1740038,0.5227892,0.5635447,4.9797397,4.104856e-08,0.0
18.88,0.5907109,0.0,0.6,0.16418417,0.5113826,0.565602,1.7983819,6.0769e-08,0.0
18.885,0.5907109,0.0,0.6,0.1549187,0.48252353,0.5675432,-1.836616e-09,-3.6752972e-08,0.0
18.89,0.5907109,0.0,0.6,0.14617611,0.4552931,0.56937486,1.0631196e-08,-4.7688093e-08,0.0
18.895,0.5907109,0.0,0.6,0.13792689,0.42959934,0.57110316,0.021784224,-3.730823e-08,0.0
18.900000000000002,0.5109624,0.06814476,0.41686907,0.13144827,0.4053556,0.5717791,0.11491187,-1.955063e-08,0.0
18.905,0.5109624,0.06814476,0.41686907,0.1403435,0.38248,0.56143606,0.32780385,3.3580754e-08,0.0
18.91,0.5109624,0.06814476,0.41686907,0.14873675,0.36089534,0.55167675,0.5407222,-6.827555e-08,0.0
18.915,0.5109624,0.06814476,0.41686907,0.15665634,0.3405288,0.5424682,0.84242594,-2.0296152e-08,0.0
18.92,0.36409047,0.1713999,0.6,0.1654908,0.3213116,0.53473413,1.3882267,1.2579157e-07,0.0
18.925,0.36409047,0.1713999,0.6,0.18948743,0.30317888,0.5384173,2.2243578,-1.2914312e-08,0.0
18.93,0.36409047,0.1713999,0.6,0.21212983,0.28606945,0.5418926,3.4033678,1.6783783e-07,0.0
18.935,0.36409047,0.1713999,0.6,0.23349445,0.26992556,0.5451718,4.9149776,3.9241104e-09,0.0
18.94,0.284437,0.4325803,0.6,0.25329334,0.25500038,0.54743916,6.6740236,6.44595e-08,0.0
18.945,0.284437,0.4325803,0.6,0.26783448,0.24445549,0.54007065,8.813496,1.7207206e-07,0.0
18.95,0.284437,0.4325803,0.6,0.28155503,0.23450567,0.53311795,11.231622,1.7146846e-07,0.0
18.955000000000002,0.284437,0.4325803,0.6,0.29450127,0.22511736,0.5265576,13.715883,8.948799e-08,0.0
18.96,0.40763023,0.572388,0.6,0.30605385,0.21672502,0.5211943,16.139368,1.4283088e-07,0.0
18.965,0.40763023,0.572388,0.6,0.30932906,0.21416718,0.52564156,18.431873,-1.0724781e-09,0.0
18.97,0.40763023,0.572388,0.6,0.31241944,0.21175368,0.52983785,20.528706,1.8652538e-07,0.0
18.975,0.40763023,0.572388,0.6,0.31533542,0.20947638,0.5337973,22.385115,-3.355648e-09,0.0
18.98,0.079422966,0.6,0.58967984,0.31772724,0.20850673,0.53753334,23.990656,1.374505e-07,0.0
18.985,0.079422966,0.6,0.58967984,0.31584856,0.22115196,0.54105854,25.358337,7.200757e-08,0.0
18.990000000000002,0.079422966,0.6,0.58967984,0.3140759,0.23308359,0.54438484,27.011913,6.1530486e-08,0.0
18.995,0.079422966,0.6,0.58967984,0.31240326,0.24434187,0.5475234,29.019339,1.0931543e-07,0.0
19.0,0.0,0.6,0.6,0.31138122,0.25559598,0.55048484,31.154785,8.533544e-08,0.0
19.005,0.0,0.6,0.6,0.31681287,0.27347362,0.55327916,33.252342,9.753266e-08,0.0
19.01,0.0,0.6,0.6,0.321938,0.2903424,0.5559158,34.621185,1.4919387e-07,0.0
19.015,0.0,0.6,0.6,0.3267739,0.30625919,0.5584036,35.069206,3.3116287e-08,0.0
19.02,0.0,0.6,0.5156974,0.32985517,0.3214024,0.56070447,34.795868,-3.298739e-08,0.0
19.025000000000002,0.0,0.6,0.5156974,0.31572244,0.33712462,0.56233966,33.9844,3.0540487e-08,0.0
19.03,0.0,0.6,0.5156974,0.30238724,0.3519596,0.5638826,33.228767,-5.376947e-09,0.0
19.035,0.0,0.6,0.5156974,0.2898046,0.36595735,0.56533843,32.6051,-3.4556603e-08,0.0
19.04,0.0,0.5784346,0.6,0.2775735,0.37916517,0.5667587,31.888744,-9.109671e-08,0.0
19.045,0.0,0.5784346,0.6,0.26190907,0.39162764,0.5686346,30.94661,1.7882407e-08,0.0
19.05,0.0,0.5784346,0.6,0.24712865,0.4033868,0.5704047,29.688557,-1.8809054e-08,0.0
19.055,0.0,0.5784346,0.6,0.23318234,0.41448236,0.5720749,28.07806,1.955386e-08,0.0
19.06,0.0,0.30477667,0.55037904,0.22002307,0.42495176,0.5732702,26.135166,-2.0293555e-07,0.0
19.065,0.0,0.30477667,0.55037904,0.20760642,0.43483034,0.57002115,23.91868,1.1359498e-07,0.0
19.07,0.0,0.30477667,0.55037904,0.19589049,0.44415143,0.5669555,21.503788,-4.7704802e-08,0.0
19.075,0.0,0.30477667,0.55037904,0.18483572,0.45294648,0.56406283,18.972113,1.1670929e-07,0.0
19.080000000000002,0.0,0.09297177,0.33035904,0.1744048,0.46114784,0.561714,16.400032,-2.2639671e-07,0.0
19.085,0.0,0.09297177,0.33035904,0.16456254,0.46776673,0.5638746,13.862013,-1.7933179e-07,0.0
19.09,0.0,0.09297177,0.33035904,0.15527572,0.4740121,0.56591326,11.447966,-1.5006897e-07,0.0
19.095,0.0,0.09297177,0.33035904,0.14651299,0.479905,0.5678369,9.244203,2.0938922e-08,0.0
19.1,0.50488,0.004849184,0.6,0.13824476,0.4842299,0.5694279,7.3196898,1.6415585e-08,0.0
19.105,0.50488,0.004849184,0.6,0.13044314,0.47410274,0.56835294,5.7237,3.772035e-08,0.0
19.11,0.50488,0.004849184,0.6,0.12308179,0.4645471,0.5673386,3.763585,-1.1780781e-08,0.0
19.115000000000002,0.50488,0.004849184,0.6,0.116135865,0.4555307,0.5663815,1.4564657,3.7910418e-08,0.0
19.12,0.6,0.23635273,0.1559087,0.109581925,0.44606692,0.56448513,-1.0789157e-08,2.2614893e-08,0.0
19.125,0.6,0.23635273,0.1559087,0.103397846,0.42614055,0.5512726,3.1182793e-08,-5.882199e-08,0.0
19.13,0.6,0.23635273,0.1559087,0.09756275,0.4073387,0.53880566,1.0471362e-09,-1.1803987e-07,0.0
19.135,0.6,0.23635273,0.1559087,0.09205695,0.38959792,0.5270423,-2.2369267e-08,3.9954543e-08,0.0
19.14,0.28400463,0.0,0.49753943,0.089141235,0.37246045,0.5171602,-1.3736277e-08,2.4370962e-08,0.0
19.145,0.28400463,0.0,0.49753943,0.11260279,0.3517149,0.5218351,-1.8838945e-08,2.991999e-08,0.0
19.150000000000002,0.28400463,0.0,0.49753943,0.13474034,0.3321401,0.5262462,0.04274282,-4.46436e-09,0.0
19.155,0.28400463,0.0,0.49753943,0.15562858,0.31366995,0.5304084,0.36728132,2.4797524e-08,0.0
19.16,0.6,0.046235528,0.52330065,0.17576747,0.29728732,0.53233075,1.1617427,1.217007e-08,0.0
19.165,0.6,0.046235528,0.52330065,0.19970836,0.29384857,0.51108795,2.428457,8.9276725e-08,0.0
19.17,0.6,0.046235528,0.52330065,0.22229818,0.29060388,0.49104398,4.037283,1.0029494e-07,0.0
19.175,0.6,0.046235528,0.52330065,0.24361318,0.2875423,0.47213116,5.8244042,1.7026103e-07,0.0
19.18,0.6,0.6,0.46758375,0.2622987,0.28358644,0.455828,7.657073,8.634201e-08,0.0
19.185,0.6,0.6,0.46758375,0.26352364,0.26758268,0.45818192,9.451205,1.3302525e-07,0.0
19.19,0.6,0.6,0.46758375,0.26467946,0.2524821,0.460403,11.1183815,1.0080746e-07,0.0
19.195,0.6,0.6,0.46758375,0.26577005,0.23823366,0.46249872,12.60402,-2.7730573e-08,0.0
19.2,0.41383117,0.6,0.6,0.2682257,0.22499806,0.4645925,14.130007,1.2887091e-07,0.0
19.205000000000002,0.41383117,0.6,0.6,0.28694886,0.21490988,0.46790558,15.711504,6.806944e-08,0.0
19.21,0.41383117,0.6,0.6,0.3046154,0.20539102,0.47103173,17.320236,1.820364e-07,0.0
19.215,0.41383117,0.6,0.6,0.32128498,0.19640933,0.47398144,18.976492,6.977102e-08,0.0
19.22,0.268767,0.6,0.6,0.3370138,0.19043458,0.47651315,20.682566,9.941715e-08,0.0
19.225,0.268767,0.6,0.6,0.351855,0.21354775,0.47600922,22.431343,6.390685e-08,0.0
19.23,0.268767,0.6,0.6,0.36585867,0.23535657,0.47553375,24.208641,1.0876906e-07,0.0
19.235,0.268767,0.6,0.6,0.37907207,0.25593466,0.4750851,26.005337,-4.358347e-08,0.0
19.240000000000002,0.14172201,0.5820784,0.6,0.3906993,0.27535143,0.4752596,27.818554,-8.308549e-09,0.0
19.245,0.14172201,0.5820784,0.6,0.3920047,0.29367247,0.48229912,29.571898,1.536975e-07,0.0
19.25,0.14172201,0.5820784,0.6,0.39323643,0.31095958,0.48894137,31.089943,5.942412e-08,0.0
19.255,0.14172201,0.5820784,0.6,0.39439866,0.3272711,0.4952088,32.23145,5.810743e-08,0.0
19.26,0.3511747,0.6,0.6,0.3948404,0.34266213,0.50112253,32.937656,1.9408889e-08,0.0
19.265,0.3511747,0.6,0.6,0.38772565,0.3571846,0.50670254,33.206245,-2.3726368e-08,0.0
19.27,0.3511747,0.6,0.6,0.3810124,0.3708875,0.51196766,33.665703,2.9170948e-08,0.0
19.275000000000002,0.3511747,0.6,0.6,0.37467802,0.38381708,0.51693565,34.39022,5.2703754e-08,0.0
19.28,0.0,0.6,0.50647885,0.36812752,0.3959361,0.52162325,35.092342,3.9861845e-08,0.0
19.285,0.0,0.6,0.50647885,0.3553507,0.40644073,0.52604634,35.589382,-6.047371e-12,0.0
19.29,0.0,0.6,0.50647885,0.34329492,0.41635257,0.5302198,35.747894,3.6285886e-08,0.0
19.295,0.0,0.6,0.50647885,0.33191946,0.42570505,0.53415775,35.496384,-3.3030553e-08,0.0
19.3,0.0,0.6,0.5528192,0.32213157,0.43461064,0.53787345,34.826557,3.48552e-08,0.0
19.305,0.0,0.6,0.5528192,0.32377058,0.44394413,0.54137945,33.77634,-9.4271556e-08,0.0
19.31,0.0,0.6,0.5528192,0.32531708,0.4527509,0.5446876,31.943274,1.153397e-07,0.0
19.315,0.0,0.6,0.5528192,0.32677633,0.46106067,0.5478091,29.41587,-8.02547e-08,0.0
19.32,0.0,0.6,0.6,0.32656777,0.4689015,0.5503322,26.578827,-1.554512e-07,0.0
19.325,0.0,0.6,0.6,0.30813843,0.47629982,0.5478574,24.243519,1.540068e-08,0.0
19.330000000000002,0.0,0.6,0.6,0.29074913,0.48328066,0.5455223,22.529507,-8.7064016e-08,0.0
19.335,0.0,0.6,0.6,0.27434117,0.48986754,0.5433189,21.151176,9.302358e-08,0.0
19.34,0.0,0.3368915,0.6,0.25885916,0.4960827,0.5414491,19.90974,1.0285631e-07,0.0
19.345,0.0,0.3368915,0.6,0.24425085,0.5019471,0.5420908,18.674023,1.4930977e-08,0.0
19.35,0.0,0.3368915,0.6,0.23046695,0.50748056,0.54269624,17.37101,3.2135695e-08,0.0
19.355,0.0,0.3368915,0.6,0.21746092,0.51270175,0.5432675,15.964914,6.409732e-08,0.0
19.36,0.0,0.0,0.6,0.20518886,0.5176283,0.5440195,14.450861,-8.666962e-08,0.0
19.365000000000002,0.0,0.0,0.6,0.19360934,0.5222768,0.5471787,12.85073,2.1697861e-08,0.0
19.37,0.0,0.0,0.6,0.1826833,0.526663,0.5501596,11.205853,5.6494855e-08,0.0
19.375,0.0,0.0,0.6,0.17237386,0.53080165,0.55297226,9.569778,-3.6709658e-09,0.0
19.38,0.16323535,0.0,0.3436361,0.16264622,0.5335189,0.5556262,7.9999466,1.3203065e-07,0.0
19.385,0.16323535,0.0,0.3436361,0.15346754,0.52242255,0.5581304,6.556077,-3.440797e-08,0.0
19.39,0.16323535,0.0,0.3436361,0.14480683,0.5119524,0.56049323,4.5142446,1.3943334e-07,0.0
19.395,0.16323535,0.0,0.3436361,0.13663489,0.5020731,0.56272274,1.9416579,1.5057267e-07,0.0
19.400000000000002,0.46330768,0.0,0.4466641,0.12892412,0.4912304,0.5648264,-6.070871e-08,-7.4480816e-08,0.0
19.405,0.46330768,0.0,0.4466641,0.12164849,0.4635086,0.5668114,1.0044076e-08,1.5069915e-08,0.0
19.41,0.46330768,0.0,0.4466641,0.11478345,0.43735123,0.56868434,1.496964e-08,-1.0609497e-08,0.0
19.415,0.46330768,0.0,0.4466641,0.10830583,0.41267002,0.5704516,8.562447e-09,-3.9028798e-08,0.0
19.42,0.5415391,0.2185129,0.10873052,0.10293072,0.38938165,0.5709617,1.2403946e-09,-6.0802945e-09,0.0
19.425,0.5415391,0.2185129,0.10873052,0.10633391,0.3674075,0.55813295,6.3215193e-09,5.9339964e-09,0.0
19.43,0.5415391,0.2185129,0.10873052,0.10954505,0.34667343,0.54602814,6.8031083e-09,5.8623844e-09,0.0
19.435,0.5415391,0.2185129,0.10873052,0.11257498,0.32710946,0.53460646,0.042963635,-3.7796823e-09,0.0
19.44,0.346499,0.38548702,0.05694684,0.11678865,0.30864954,0.5242945,0.24208964,8.5856165e-08,0.0
19.445,0.346499,0.38548702,0.05694684,0.1363439,0.2912314,0.51991355,0.67455465,8.658793e-08,0.0
19.45,0.346499,0.38548702,0.05694684,0.15479557,0.27479622,0.51577985,1.4280878,-2.9547511e-08,0.0
19.455000000000002,0.346499,0.38548702,0.05694684,0.17220595,0.25928852,0.51187944,2.5219853,3.0797985e-08,0.0
19.46,0.35858122,0.422359,0.19903776,0.188987,0.2456425,0.50667346,4.082521,5.041953e-08,0.0
19.465,0.35858122,0.422359,0.19903776,0.20888272,0.24411148,0.48421618,5.989179,8.6535266e-08,0.0
19.47,0.35858122,0.422359,0.19903776,0.22765565,0.24266687,0.46302626,8.03014,1.8267299e-08,0.0
19.475,0.35858122,0.422359,0.19903776,0.24536917,0.24130377,0.44303215,10.085244,5.375013e-08,0.0
19.48,0.6,0.53968936,0.153729,0.2612025,0.24077144,0.42393258,12.102139,-4.9568488e-08,0.0
19.485,0.6,0.53968936,0.153729,0.2660161,0.24893823,0.40322232,14.062151,1.7094456e-08,0.0
19.490000000000002,0.6,0.53968936,0.153729,0.27055803,0.25664416,0.38368082,15.903079,2.365388e-08,0.0
19.495,0.6,0.53968936,0.153729,0.27484363,0.2639152,0.36524212,17.569126,4.800765e-08,0.0
19.5,0.5373532,0.6,0.0,0.27894193,0.2709424,0.34848547,19.040962,1.4068256e-07,0.0
19.505,0.5373532,0.6,0.0,0.28343624,0.27948734,0.34005162,20.321714,5.5349968e-08,0.0
19.51,0.5373532,0.6,0.0,0.28767693,0.28755006,0.33209372,21.429691,9.299003e-08,0.0
19.515,0.5373532,0.6,0.0,0.2916783,0.2951578,0.3245849,22.348602,-3.864067e-08,0.0
19.52,0.52029467,0.6,0.053463403,0.2965438,0.3028659,0.31729528,23.055906,-3.8108965e-08,0.0
19.525000000000002,0.52029467,0.6,0.053463403,0.31366888,0.31623065,0.30806467,23.554117,-2.727883e-08,0.0
19.53,0.52029467,0.6,0.053463403,0.32982752,0.32884118,0.29935497,23.904484,7.641702e-09,0.0
19.535,0.52029467,0.6,0.053463403,0.34507427,0.34074005,0.2911368,24.177176,3.0446003e-08,0.0
19.54,0.6,0.6,0.43927476,0.35917777,0.35223973,0.28268838,24.420387,1.1771972e-08,0.0
19.545,0.6,0.6,0.43927476,0.3692328,0.3662217,0.26673532,24.662367,1.8920199e-09,0.0
19.55,0.6,0.6,0.43927476,0.3787204,0.37941462,0.25168252,24.889927,1.1246694e-08,0.0
19.555,0.6,0.6,0.43927476,0.3876726,0.39186302,0.23747921,25.081032,5.1483036e-09,0.0
19.56,0.53394717,0.6,0.54467833,0.3960426,0.4036089,0.22431882,25.224758,1.0827459e-08,0.0
19.565,0.53394717,0.6,0.54467833,0.40305457,0.41469193,0.21467686,25.318201,8.581188e-09,0.0
19.57,0.53394717,0.6,0.54467833,0.40967083,0.4251495,0.20557903,25.359386,-5.898785e-09,0.0
19.575,0.53394717,0.6,0.54467833,0.4159137,0.4350169,0.19699462,25.350231,2.0757291e-09,0.0
19.580000000000002,0.23131932,0.6,0.5451977,0.4221641,0.44432747,0.19063647,25.296152,-1.1127865e-08,0.0
19.585,0.23131932,0.6,0.5451977,0.43219998,0.4531126,0.20466797,25.206347,6.1055344e-10,0.0
19.59,0.23131932,0.6,0.5451977,0.44166952,0.46140197,0.21790764,25.111574,-9.310542e-09,0.0
19.595,0.23131932,0.6,0.5451977,0.45060465,0.46922353,0.23040015,25.042257,-5.9923972e-09,0.0
19.6,0.3248462,0.6,0.6,0.45873734,0.4766037,0.24266352,25.015081,4.2703356e-09,0.0
19.605,0.3248462,0.6,0.6,0.4629817,0.48356736,0.25970724,25.03444,1.5312514e-10,0.0
19.61,0.3248462,0.6,0.6,0.46698654,0.49013805,0.27578914,25.080254,7.387043e-09,0.0
19.615000000000002,0.3248462,0.6,0.6,0.47076535,0.49633795,0.29096347,25.127865,-3.6649024e-09,0.0
19.62,0.15729894,0.6,0.6,0.47296464,0.50218797,0.3052838,25.160902,1.6007478e-09,0.0
19.625,0.15729894,0.6,0.6,0.4593278,0.50770783,0.31882298,25.163948,8.1997346e-11,0.0
19.63,0.15729894,0.6,0.6,0.4464605,0.5129162,0.33159807,25.781866,8.6243446e-08,0.0
19.635,0.15729894,0.6,0.6,0.43431935,0.51783067,0.34365222,26.973946,7.714768e-08,0.0
19.64,0.0,0.6,0.6,0.4232856,0.5224678,0.35527354,28.284855,1.1868817e-07,0.0
19.645,0.0,0.6,0.6,0.41773033,0.5268432,0.3690843,29.417667,6.054092e-08,0.0
19.650000000000002,0.0,0.6,0.6,0.41248855,0.5309717,0.38211566,30.234726,-1.2790491e-10,0.0
19.655,0.0,0.6,0.6,0.4075426,0.5348672,0.39441162,30.696255,6.965171e-09,0.0
19.66,0.0,0.6,0.6,0.40211934,0.53854287,0.40601367,30.812614,8.4164125e-09,0.0
19.665,0.0,0.6,0.6,0.38830328,0.5420111,0.41696098,30.620682,-2.1699814e-08,0.0
19.67,0.0,0.6,0.6,0.3752669,0.5452836,0.4272905,30.121048,-2.2833873e-08,0.0
19.675,0.0,0.6,0.6,0.36296624,0.54837143,0.43703708,29.319456,-2.9043285e-08,0.0
19.68,0.0,0.6,0.6,0.35064957,0.551285,0.44623363,28.250813,3.3683417e-08,0.0
19.685,0.0,0.6,0.6,0.3308612,0.5540342,0.4549112,26.961243,-9.9584156e-08,0.0
19.69,0.0,0.6,0.6,0.31218958,0.55662817,0.46309906,25.449598,5.7855544e-08,0.0
19.695,0.0,0.6,0.6,0.29457167,0.5590758,0.47082484,23.71606,2.5313343e-08,0.0
19.7,0.0,0.52995485,0.6,0.277948,0.5613853,0.47811463,21.795103,3.666828e-08,0.0
19.705000000000002,0.0,0.52995485,0.6,0.26226243,0.5635644,0.48499304,19.74467,4.1719947e-09,0.0
19.71,0.0,0.52995485,0.6,0.24746206,0.5656206,0.49148327,17.632998,-4.4772306e-09,0.0
19.715,0.0,0.52995485,0.6,0.23349693,0.56756073,0.49760723,15.524733,2.4821642e-08,0.0
19.72,0.0,0.28851542,0.6,0.22031991,0.56939137,0.5033856,13.473388,-8.784613e-08,0.0
19.725,0.0,0.28851542,0.6,0.2078865,0.5711187,0.5088379,11.521416,-5.7502536e-08,0.0
19.73,0.0,0.28851542,0.6,0.19615476,0.5727486,0.5139825,9.7022915,9.6032e-08,0.0
19.735,0.0,0.28851542,0.6,0.18508507,0.5742865,0.51883674,8.043856,4.717969e-08,0.0
19.740000000000002,0.36762157,0.13968773,0.6,0.17464009,0.5754214,0.52341706,6.572124,-7.7722575e-08,0.0
19.745,0.36762157,0.13968773,0.6,0.16478455,0.57285553,0.52773887,5.309817,-7.4066385e-08,0.0
19.75,0.36762157,0.13968773,0.6,0.1554852,0.5704345,0.53181684,3.3806715,-3.9349377e-08,0.0
19.755,0.36762157,0.13968773,0.6,0.14671063,0.5681501,0.5356647,0.77145135,-1.6804895e-08,0.0
19.76,0.155464,0.2067341,0.427532,0.13843125,0.5649046,0.5392953,6.0441114e-09,1.1845746e-08,0.0
19.765,0.155464,0.2067341,0.427532,0.13061911,0.549307,0.5427211,3.1614857e-09,2.2030306e-08,0.0
19.77,0.155464,0.2067341,0.427532,0.123247825,0.53458965,0.5459535,7.870759e-09,-4.0327766e-08,0.0
19.775000000000002,0.155464,0.2067341,0.427532,0.11629253,0.52070284,0.54900354,8.71708e-09,-1.6366945e-08,0.0
19.78,0.0,0.0,0.6,0.111389436,0.5069278,0.55188143,1.9027514e-08,3.8569336e-08,0.0
19.785,0.0,0.0,0.6,0.12584949,0.4862032,0.5545969,1.90672e-08,3.6667707e-08,0.0
19.79,0.0,0.0,0.6,0.13949351,0.46664813,0.5571591,1.0122484e-08,3.1250277e-08,0.0
19.795,0.0,0.0,0.6,0.15236756,0.44819665,0.5595768,-7.662432e-09,-2.5826555e-08,0.0
19.8,0.21420844,0.0,0.46757808,0.16355726,0.43108913,0.5610794,2.787486e-08,-3.7512923e-08,0.0
19.805,0.21420844,0.0,0.46757808,0.16310053,0.418428,0.55354285,4.1030033e-09,-3.4301983e-08,0.0
19.81,0.21420844,0.0,0.46757808,0.16266957,0.4064814,0.5464316,0.3165136,1.4884071e-08,0.0
19.815,0.21420844,0.0,0.46757808,0.16226293,0.39520895,0.53972167,1.0072505,5.1604182e-08,0.0
19.82,0.6,0.048957255,0.5427863,0.16117738,0.38363934,0.5341691,1.9061174,-1.7830515e-10,0.0
19.825,0.6,0.048957255,0.5427863,0.1520816,0.36198926,0.5378841,2.8583727,7.802132e-08,0.0
19.830000000000002,0.6,0.048957255,0.5427863,0.1434991,0.34156096,0.5413895,3.7548237,3.100891e-08,0.0
19.835,0.6,0.048957255,0.5427863,0.13540097,0.3222855,0.5446971,4.5262876,9.717472e-08,0.0
19.84,0.3676129,0.19796135,0.031592596,0.12872691,0.30409783,0.5472202,5.139144,3.3533787e-08,0.0
19.845,0.3676129,0.19796135,0.031592596,0.13355093,0.28693655,0.5427257,5.5910115,4.814563e-09,0.0
19.85,0.3676129,0.19796135,0.031592596,0.13810271,0.27074373,0.5384849,5.7207103,-2.4462e-09,0.0
19.855,0.3676129,0.19796135,0.031592596,0.14239761,0.25546473,0.5344834,5.6051903,-3.1002937e-08,0.0
19.86,0.0991509,0.062751696,0.15478536,0.14819187,0.241269,0.5310472,5.661578,4.5217792e-08,0.0
19.865000000000002,0.0991509,0.062751696,0.15478536,0.17368895,0.2304162,0.53170973,6.004835,-2.6506438e-08,0.0
19.87,0.0991509,0.062751696,0.15478536,0.19774714,0.22017585,0.5323348,6.6652956,1.01571345e-07,0.0
19.875,0.0991509,0.062751696,0.15478536,0.22044764,0.2105134,0.5329246,7.676351,1.03150235e-07,0.0
19.88,0.54153997,0.0886285,0.32238147,0.24081793,0.20206894,0.5311732,9.009285,1.0312829e-07,0.0
19.885,0.54153997,0.0886285,0.32238147,0.24797341,0.20183714,0.5029802,10.602921,1.482139e-07,0.0
19.89,0.54153997,0.0886285,0.32238147,0.25472507,0.20161842,0.47637817,12.321047,2.091252e-07,0.0
19.895,0.54153997,0.0886285,0.32238147,0.2610957,0.20141204,0.4512774,14.034551,1.6881694e-07,0.0
19.900000000000002,0.6,0.17572041,0.41513482,0.2658948,0.20060688,0.42814934,15.666747,1.4990653e-07,0.0
19.905,0.6,0.17572041,0.41513482,0.25648487,0.19282724,0.41272247,17.171125,-3.68821e-09,0.0
19.91,0.6,0.17572041,0.41513482,0.24760598,0.18548663,0.3981662,18.877296,8.5997534e-08,0.0
19.915,0.6,0.17572041,0.41513482,0.23922816,0.17856027,0.3844314,20.730045,1.4602655e-07,0.0
19.92,0.27851138,0.5181719,0.08473948,0.23332037,0.17214163,0.37222832,22.466482,2.381183e-08,0.0
19.925,0.27851138,0.5181719,0.08473948,0.25071424,0.1674287,0.36941528,23.948847,2.0629567e-08,0.0
19.93,0.27851138,0.5181719,0.08473948,0.26712653,0.16298173,0.366761,24.859945,-1.079294e-08,0.0
19.935,0.27851138,0.5181719,0.08473948,0.28261262,0.15878573,0.3642565,25.286667,-6.3277183e-09,0.0
19.94,0.41714224,0.5951224,0.06986812,0.2974887,0.1552197,0.3623121,25.507013,1.2426031e-08,0.0
19.945,0.41714224,0.5951224,0.06986812,0.31456044,0.15637663,0.3652931,25.705597,-3.008049e-08,0.0
19.95,0.41714224,0.5951224,0.06986812,0.33066878,0.15746826,0.36810583,26.013474,-4.8579296e-09,0.0
19.955000000000002,0.41714224,0.5951224,0.06986812,0.34586805,0.15849829,0.37075984,26.50626,2.8053455e-08,0.0
19.96,0.6,0.6,0.0,0.35875818,0.16101624,0.37177244,27.212656,8.485383e-08,0.0
19.965,0.6,0.6,0.0,0.35422957,0.18117176,0.3555742,28.125916,1.3957344e-08,0.0
19.97,0.6,0.6,0.0,0.34995654,0.20018983,0.34029007,29.715815,1.4609519e-07,0.0
19.975,0.6,0.6,0.0,0.34592465,0.21813464,0.3258685,31.932539,1.4760359e-07,0.0
19.98,0.43071893,0.6,0.0,0.34274617,0.23541418,0.3121936,34.429207,6.169672e-08,0.0
19.985,0.43071893,0.6,0.0,0.3469446,0.25571373,0.29851836,36.979458,1.7421023e-07,0.0
19.990000000000002,0.43071893,0.6,0.0,0.3509061,0.2748677,0.28561485,38.77205,7.526209e-08,0.0
19.995,0.43071893,0.6,0.0,0.35464403,0.29294077,0.27343953,39.533344,2.0475241e-08,0.0
20.0,0.40227053,0.6,0.0,0.35899657,0.31001592,0.26163587,39.441208,1.8681757e-08,0.0
20.005,0.40227053,0.6,0.0,0.37259722,0.3263807,0.24687086,38.68843,-3.090428e-08,0.0
20.01,0.40227053,0.6,0.0,0.38543034,0.34182197,0.2329391,37.504765,1.03169775e-08,0.0
20.015,0.40227053,0.6,0.0,0.39753923,0.35639185,0.21979354,36.10469,-2.1180263e-08,0.0
20.02,0.5461968,0.6,0.0,0.40820053,0.37013948,0.20738985,34.65341,-2.9589614e-08,0.0
20.025000000000002,0.5461968,0.6,0.0,0.40947133,0.3831113,0.19568613,33.26553,0.002012233,0.0
20.03,0.5461968,0.6,0.0,0.4106704,0.39535108,0.1846429,31.973827,3.522348e-09,0.0
20.035,0.5461968,0.6,0.0,0.41180182,0.4069001,0.17422287,30.774048,-4.0916626e-09,0.0
20.04,0.41151538,0.6,0.0,0.41274095,0.4177974,0.16439088,29.661142,-2.4648998e-09,0.0
20.045,0.41151538,0.6,0.0,0.41215006,0.4280797,0.15511374,28.628496,-2.7493032e-08,0.0
20.05,0.41151538,0.6,0.0,0.4115925,0.43778175,0.14636014,28.3244,8.914155e-09,0.0
20.055,0.41151538,0.6,0.0,0.41106644,0.44693628,0.13810053,28.794342,2.9063552e-08,0.0
20.06,0.6,0.6,0.0,0.41121984,0.45557418,0.13030705,29.67024,6.834776e-08,0.0
20.065,0.6,0.6,0.0,0.41883704,0.4637246,0.12295338,29.924973,0.59764105,0.0
20.07,0.6,0.6,0.0,0.42602438,0.4714151,0.1160147,29.399841,1.8134681,0.0
20.075,0.6,0.6,0.0,0.4328061,0.47867158,0.10946759,28.475256,3.2087073,0.0
20.080000000000002,0.3006444,0.20612657,0.28647074,0.43859708,0.48551854,0.10328996,27.415586,4.4854646,0.0
20.085,0.3006444,0.20612657,0.28647074,0.43706876,0.49197912,0.097460955,26.388369,5.461608,0.0
20.09,0.3006444,0.20612657,0.28647074,0.4356267,0.4980751,0.0919609,26.305267,5.1339846,0.0
20.095,0.3006444,0.20612657,0.28647074,0.434266,0.5038271,0.086771235,27.135168,3.5751383,0.0
20.1,0.6,0.33423364,0.56975734,0.43383306,0.50925446,0.08187444,28.343369,1.4065003,0.0
20.105,0.6,0.33423364,0.56975734,0.44321042,0.5143755,0.07725398,29.410994,4.6347303e-08,0.0
20.11,0.6,0.33423364,0.56975734,0.45205858,0.5192076,0.072894275,29.435078,0.6730401,0.0
20.115000000000002,0.6,0.33423364,0.56975734,0.46040744,0.523767,0.0687806,28.662651,1.9798137,0.0
20.12,0.21452945,0.36999258,0.6,0.46693364,0.5262909,0.066192396,27.547537,3.3990414,0.0
20.125,0.21452945,0.36999258,0.6,0.45754936,0.50822294,0.07862345,26.393888,4.590286,0.0
20.13,0.21452945,0.36999258,0.6,0.44869468,0.4911746,0.09035298,25.305662,5.445091,0.0
20.135,0.21452945,0.36999258,0.6,0.44033968,0.4750884,0.101420574,24.399399,5.843116,0.0
20.14,0.27303204,0.36263096,0.6,0.4338077,0.46048832,0.113142535,23.767704,5.6939473,0.0
20.145,0.27303204,0.36263096,0.6,0.4431865,0.45336333,0.13891086,23.433306,4.986187,0.0
20.150000000000002,0.27303204,0.36263096,0.6,0.45203602,0.44664043,0.163225,22.585077,4.6338625,0.0
20.155,0.27303204,0.36263096,0.6,0.46038613,0.44029695,0.186167,21.26792,4.571109,0.0
20.16,0.3116199,0.5351957,0.6,0.46652475,0.4344729,0.20795085,19.968727,4.248718,0.0
20.165,0.3116199,0.5351957,0.6,0.4523038,0.43083405,0.23007552,18.95217,3.3787992,0.0
20.17,0.3116199,0.5351957,0.6,0.4388854,0.42740056,0.25095162,19.07313,1.0229684,0.0
20.175,0.3116199,0.5351957,0.6,0.42622423,0.42416084,0.2706496,19.713923,9.009422e-08,0.0
20.18,0.0,0.6,0.6,0.4145417,0.4210707,0.28923598,20.64257,8.873569e-08,0.0
20.185,0.0,0.6,0.6,0.40655583,0.41777274,0.30677345,21.716806,1.6411882e-08,0.0
20.19,0.0,0.6,0.6,0.39902064,0.4146609,0.32332122,22.722082,7.912978e-08,0.0
20.195,0.0,0.6,0.6,0.39191067,0.4117247,0.33893514,23.539852,5.399072e-08,0.0
20.2,0.0,0.6,0.6,0.38537616,0.40973324,0.3536679,24.113503,2.3206876e-08,0.0
20.205000000000002,0.0,0.6,0.6,0.38121384,0.41681352,0.36756927,24.42911,-2.9759364e-09,0.0
20.21,0.0,0.6,0.6,0.37728643,0.42349422,0.38068613,25.133858,4.2198227e-08,0.0
20.215,0.0,0.6,0.6,0.37358063,0.42979792,0.39306277,26.29029,4.0757275e-08,0.0
20.22,0.0,0.6,0.6,0.3686771,0.43603843,0.40474096,27.572868,9.482059e-08,0.0
20.225,0.0,0.6,0.6,0.3478714,0.44529134,0.4157601,28.75448,4.79279e-08,0.0
20.23,0.0,0.6,0.6,0.32823983,0.45402208,0.4261574,29.580875,3.6549668e-08,0.0
20.235,0.0,0.6,0.6,0.30971614,0.46226013,0.43596792,29.863972,-2.4980414e-08,0.0
20.240000000000002,0.0,0.4059761,0.6,0.2922378,0.47003326,0.44522482,29.531336,-2.2123341e-08,0.0
20.245,0.0,0.4059761,0.6,0.2757458,0.47736773,0.45395932,28.589512,3.825412e-08,0.0
20.25,0.0,0.4059761,0.6,0.26018453,0.48428828,0.46220088,27.09875,3.9145355e-08,0.0
20.255,0.0,0.4059761,0.6,0.24550143,0.4908183,0.46997735,25.154812,1.877849e-08,0.0
20.26,0.0,0.0,0.6,0.23164694,0.4969798,0.47731498,22.87648,-1.364913e-07,0.0
20.265,0.0,0.0,0.6,0.21857432,0.5027936,0.4842385,20.39199,-8.076836e-08,0.0
20.27,0.0,0.0,0.6,0.20623942,0.5082793,0.49077132,17.818962,-4.2423743e-08,0.0
20.275000000000002,0.0,0.0,0.6,0.19460063,0.51345545,0.49693546,15.253178,8.6079616e-08,0.0
20.28,0.20471832,0.0,0.35447118,0.18361865,0.5174635,0.50275177,12.775499,-7.747584e-08,0.0
20.285,0.20471832,0.0,0.35447118,0.17325643,0.5111719,0.5082398,10.466294,-4.2681265e-08,0.0
20.29,0.20471832,0.0,0.35447118,0.16347897,0.5052353,0.51341814,7.6266236,-3.3051144e-08,0.0
20.295,0.20471832,0.0,0.35447118,0.15425329,0.4996338,0.5183042,4.317124,2.085488e-07,0.0
20.3,0.6,0.0,0.49188912,0.14554825,0.4925155,0.5229146,1.1284522,4.084576e-08,0.0
20.305,0.6,0.0,0.49188912,0.13733447,0.46472117,0.5272648,-1.057385e-09,2.1670642e-08,0.0
20.31,0.6,0.0,0.49188912,0.12958421,0.43849537,0.53136945,3.2102665e-09,-4.875006e-08,0.0
20.315,0.6,0.0,0.49188912,0.12227133,0.41374958,0.5352425,1.4500632e-08,-4.210198e-08,0.0
20.32,0.49868947,0.14603221,0.15717688,0.116295375,0.3904003,0.5377885,0.020738233,2.4673387e-08,0.0
20.325,0.49868947,0.14603221,0.15717688,0.12128539,0.3683687,0.5274433,0.13003682,4.597162e-08,0.0
20.330000000000002,0.49868947,0.14603221,0.15717688,0.12599379,0.34758037,0.5176819,0.23627722,5.5879495e-10,0.0
20.335,0.49868947,0.14603221,0.15717688,0.13043648,0.32796523,0.50847137,0.41841605,-1.8241138e-08,0.0
20.34,0.33233362,0.062373772,0.4538687,0.13641302,0.30945703,0.500401,0.81298554,1.0674909e-07,0.0
20.345,0.33233362,0.062373772,0.4538687,0.16257481,0.29199332,0.49992067,1.4618763,1.11308566e-07,0.0
20.35,0.33233362,0.062373772,0.4538687,0.18726021,0.27551514,0.49946743,2.4518678,1.2514656e-07,0.0
20.355,0.33233362,0.062373772,0.4538687,0.21055253,0.25996688,0.49903977,3.8083045,9.7725625e-08,0.0
20.36,0.6,0.27124575,0.6,0.232073,0.24595535,0.49712512,5.6700926,-7.423316e-08,0.0
20.365000000000002,0.6,0.27124575,0.6,0.24711907,0.24031635,0.47794068,7.9285274,2.449927e-07,0.0
20.37,0.6,0.27124575,0.6,0.26131603,0.23499557,0.4598389,10.330377,2.999685e-08,0.0
20.375,0.6,0.27124575,0.6,0.27471182,0.22997507,0.44275865,12.709462,2.9010286e-07,0.0
20.38,0.5845329,0.6,0.4539675,0.2866006,0.2248602,0.42798176,14.982685,1.7050496e-07,0.0
20.385,0.5845329,0.6,0.4539675,0.28918147,0.21569054,0.42944264,17.11058,4.0905924e-08,0.0
20.39,0.5845329,0.6,0.4539675,0.2916167,0.20703834,0.4308211,19.038643,9.455659e-08,0.0
20.395,0.5845329,0.6,0.4539675,0.2939145,0.19887443,0.43212175,20.725605,1.6691422e-07,0.0
20.400000000000002,0.008701891,0.6,0.0065771346,0.29729104,0.19211422,0.43400875,22.16298,1.2844541e-07,0.0
20.405,0.008701891,0.6,0.0065771346,0.31437394,0.19657987,0.4433762,23.370846,8.466763e-08,0.0
20.41,0.008701891,0.6,0.0065771346,0.3304928,0.20079352,0.45221502,24.453775,3.8318564e-08,0.0
20.415,0.008701891,0.6,0.0065771346,0.345702,0.20476937,0.46055502,25.521774,1.02833525e-07,0.0
20.42,0.30406237,0.6,0.0,0.35998306,0.21000507,0.4677651,26.641844,6.317682e-08,0.0
20.425,0.30406237,0.6,0.0,0.37265518,0.23201382,0.46698645,27.850113,6.753067e-08,0.0
20.43,0.30406237,0.6,0.0,0.38461217,0.25278053,0.46625173,29.153854,1.2180146e-08,0.0
20.435,0.30406237,0.6,0.0,0.39589438,0.27237532,0.4655585,30.5483,2.7541073e-08,0.0
20.44,0.4623065,0.6,0.010095728,0.4039402,0.2908643,0.46288455,31.921024,4.307092e-08,0.0
20.445,0.4623065,0.6,0.010095728,0.38163555,0.30830988,0.43713355,33.113655,9.230606e-08,0.0
20.45,0.4623065,0.6,0.010095728,0.36058962,0.32477096,0.41283578,34.506508,1.2237514e-07,0.0
20.455000000000002,0.4623065,0.6,0.010095728,0.3407314,0.34030306,0.3899092,35.95025,9.532483e-08,0.0
20.46,0.3397599,0.6,0.0,0.3233273,0.35495865,0.3682468,37.029877,5.5986717e-08,0.0
20.465,0.3397599,0.6,0.0,0.3222401,0.36878717,0.34746537,37.524426,1.4047999e-08,0.0
20.47,0.3397599,0.6,0.0,0.3212143,0.3818353,0.32785672,37.446575,-3.369626e-08,0.0
20.475,0.3397599,0.6,0.0,0.32024634,0.3941471,0.30935463,36.905533,-7.251365e-08,0.0
20.48,0.33957765,0.6,0.0,0.32004744,0.40576407,0.29194227,36.01342,1.048465e-08,0.0
20.485,0.33957765,0.6,0.0,0.3280756,0.41672546,0.2760367,34.878914,-3.6630545e-09,0.0
20.490000000000002,0.33957765,0.6,0.0,0.33565068,0.42706826,0.26102877,33.112095,1.2714787e-08,0.0
20.495,0.33957765,0.6,0.0,0.3427983,0.4368274,0.24686776,30.78122,1.0905963e-07,0.0
20.5,0.6,0.4527044,0.0,0.34898928,0.44603577,0.23346034,28.241726,-7.9947654e-08,0.0
20.505,0.6,0.4527044,0.0,0.34846842,0.4547245,0.22028537,25.742863,2.548645e-09,0.0
20.51,0.6,0.4527044,0.0,0.34797698,0.46292287,0.20785391,23.989372,-5.759906e-08,0.0
20.515,0.6,0.4527044,0.0,0.34751326,0.4706586,0.196124,23.10688,1.1206943e-08,0.0
20.52,0.32391098,0.32878053,0.0,0.3470749,0.4779578,0.18505606,22.82284,-2.8660891e-09,0.0
20.525000000000002,0.32391098,0.32878053,0.0,0.3466518,0.48484504,0.17461272,22.90992,1.4774466e-08,0.0
20.53,0.32391098,0.32878053,0.0,0.34625256,0.49134362,0.16475873,23.187658,3.420281e-08,0.0
20.535,0.32391098,0.32878053,0.0,0.34587586,0.49747548,0.15546083,23.521439,2.41651e-08,0.0
20.54,0.6,0.5171282,0.0,0.34669614,0.5025963,0.14668766,23.820467,1.1836998e-08,0.0
20.545,0.6,0.5171282,0.0,0.36099094,0.49978074,0.13840957,23.370634,0.64362645,0.0
20.55,0.6,0.5171282,0.0,0.37447903,0.49712408,0.13059865,21.326113,2.8017702,0.0
20.555,0.6,0.5171282,0.0,0.38720596,0.4946173,0.12322852,18.257296,5.7885222,0.0
20.56,0.29460594,0.3086031,0.12960055,0.3979682,0.49169254,0.11627431,15.080355,8.560889,0.0
20.565,0.29460594,0.3086031,0.12960055,0.3937889,0.48249885,0.109712556,12.344376,10.518913,0.0
20.57,0.29460594,0.3086031,0.12960055,0.38984546,0.473824,0.1035211,11.089603,10.542629,0.0
20.575,0.29460594,0.3086031,0.12960055,0.38612455,0.4656387,0.09767905,11.32456,8.682453,0.0
20.580000000000002,0.5351486,0.30706856,0.095407985,0.38386008,0.45876566,0.092166685,12.440703,5.654018,0.0
20.585,0.5351486,0.30706856,0.095407985,0.3960576,0.46205926,0.086965404,13.938407,2.0340471,0.0
20.59,0.5351486,0.30706856,0.095407985,0.4075668,0.465167,0.08205765,15.293477,5.4159244e-08,0.0
20.595,0.5351486,0.30706856,0.095407985,0.41842645,0.46809933,0.07742685,16.52882,6.352592e-08,0.0
20.6,0.5495374,0.3590737,0.0,0.42729452,0.46992478,0.07364249,17.911877,1.1855583e-07,0.0
20.605,0.5495374,0.3590737,0.0,0.41980645,0.46082085,0.0768004,19.31919,1.5055052e-07,0.0
20.61,0.5495374,0.3590737,0.0,0.41274095,0.4522307,0.079780094,20.564844,7.557685e-08,0.0
20.615000000000002,0.5495374,0.3590737,0.0,0.4060742,0.4441253,0.08259163,21.554615,0.001463262,0.0
20.62,0.392113,0.33834615,0.5163816,0.40086964,0.4364704,0.08509014,22.28206,0.016688257,0.0
20.625,0.392113,0.33834615,0.5163816,0.40844744,0.4291678,0.08567241,22.77868,0.039841186,0.0
20.63,0.392113,0.33834615,0.5163816,0.41559762,0.42227733,0.08622182,22.393152,0.8016465,0.0
20.635,0.392113,0.33834615,0.5163816,0.4223443,0.41577572,0.086740226,21.28616,2.0998867,0.0
20.64,0.6,0.47386098,0.6,0.4287752,0.40987578,0.08679864,20.009384,3.3065562,0.0
20.645,0.6,0.47386098,0.6,0.4355902,0.40700886,0.0819003,18.896221,4.0542593,0.0
20.650000000000002,0.6,0.47386098,0.6,0.44202065,0.4043037,0.07727838,18.104027,4.181397,0.0
20.655,0.6,0.47386098,0.6,0.4480882,0.40175122,0.0729173,17.67769,3.6547947,0.0
20.66,0.19329676,0.34537742,0.6,0.45310262,0.3992492,0.07113362,17.597713,2.5125918,0.0
20.665,0.19329676,0.34537742,0.6,0.44966078,0.39581224,0.09626049,17.804594,0.8356007,0.0
20.67,0.19329676,0.34537742,0.6,0.44641316,0.39256924,0.11996935,18.676981,7.183831e-08,0.0
20.675,0.19329676,0.34537742,0.6,0.44334882,0.38950926,0.14234024,20.309496,1.3008307e-07,0.0
20.68,0.37257954,0.47492203,0.6,0.44139597,0.38723376,0.16382618,22.394287,2.0806169e-07,0.0
20.685,0.37257954,0.47492203,0.6,0.45034653,0.39212245,0.18844096,24.578226,1.6988047e-07,0.0
20.69,0.37257954,0.47492203,0.6,0.45879197,0.39673522,0.21166664,26.570038,0.0023831616,0.0
20.695,0.37257954,0.47492203,0.6,0.4667608,0.4010877,0.23358162,28.245552,0.041628495,0.0
20.7,0.32755035,0.6,0.6,0.47244382,0.40461448,0.25425985,29.586592,0.20479168,0.0
20.705000000000002,0.32755035,0.6,0.6,0.4566906,0.40127152,0.27377117,30.620401,0.4694233,0.0
20.71,0.32755035,0.6,0.6,0.4418264,0.3981172,0.29218137,31.458712,0.46474937,0.0
20.715,0.32755035,0.6,0.6,0.427801,0.39514092,0.30955264,32.060875,1.9232028e-08,0.0
20.72,0.06571053,0.6,0.5219815,0.41537654,0.39291745,0.3259436,32.22451,1.02077955e-08,0.0
20.725,0.06571053,0.6,0.5219815,0.41296136,0.39754525,0.34140953,32.061577,3.3499611e-10,0.0
20.73,0.06571053,0.6,0.5219815,0.41068247,0.40191188,0.3560027,32.26435,5.2976997e-08,0.0
20.735,0.06571053,0.6,0.5219815,0.4085322,0.4060321,0.3697723,32.96519,6.678778e-08,0.0
20.740000000000002,0.0,0.6,0.6,0.40629998,0.41048446,0.38276482,33.890907,9.04452e-08,0.0
20.745,0.0,0.6,0.6,0.40185586,0.42117947,0.39502415,34.843323,4.4697988e-08,0.0
20.75,0.0,0.6,0.6,0.39766255,0.43127093,0.40659162,35.648827,2.1888523e-08,0.0
20.755,0.0,0.6,0.6,0.39370587,0.4407929,0.4175063,36.18853,1.32285205e-08,0.0
20.76,0.0,0.6,0.6,0.38879037,0.44977748,0.42745283,36.411278,2.0686791e-08,0.0
20.765,0.0,0.6,0.6,0.37055787,0.45825505,0.43278742,36.307087,-8.009239e-09,0.0
20.77,0.0,0.6,0.6,0.3533543,0.4662542,0.43782094,35.819157,-4.493966e-09,0.0
20.775000000000002,0.0,0.6,0.6,0.33712158,0.47380194,0.44257042,34.908356,-2.579909e-08,0.0
20.78,0.0,0.55311507,0.6,0.32150826,0.48092374,0.4474041,33.58923,-5.3777395e-08,0.0
20.785,0.0,0.55311507,0.6,0.30336446,0.48764363,0.4560156,31.906664,-3.0722752e-08,0.0
20.79,0.0,0.55311507,0.6,0.28624457,0.49398428,0.46414113,29.899172,6.685137e-09,0.0
20.795,0.0,0.55311507,0.6,0.27009082,0.4999671,0.4718081,27.612152,-1.6834906e-09,0.0
20.8,0.0,0.1710093,0.6,0.25484866,0.5056123,0.4790424,25.110823,3.2078756e-08,0.0
20.805,0.0,0.1710093,0.6,0.24046668,0.51093894,0.48586845,22.477047,-5.6162722e-08,0.0
20.81,0.0,0.1710093,0.6,0.22689633,0.515965,0.4923093,19.803179,2.1871078e-07,0.0
20.815,0.0,0.1710093,0.6,0.2140918,0.52070737,0.49838665,17.17253,2.066454e-08,0.0
20.82,0.26709157,0.0,0.6,0.20200986,0.5249705,0.50412107,14.648351,1.6119179e-07,0.0
20.825,0.26709157,0.0,0.6,0.19060975,0.52655876,0.50953186,12.282972,-2.1103698e-08,0.0
20.830000000000002,0.26709157,0.0,0.6,0.17985299,0.5280574,0.5146373,10.132464,5.690065e-08,0.0
20.835,0.26709157,0.0,0.6,0.16970327,0.52947146,0.5194546,8.2460165,1.8851997e-08,0.0
20.84,0.6,0.0990587,0.48946047,0.16012634,0.5290807,0.52400005,6.6569014,2.1456003e-08,0.0
20.845,0.6,0.0990587,0.48946047,0.15108986,0.5088735,0.52828896,4.5519524,-1.4215873e-07,0.0
20.85,0.6,0.0990587,0.48946047,0.14256334,0.48980668,0.5323359,2.0002005,-1.5311169e-07,0.0
20.855,0.6,0.0990587,0.48946047,0.13451801,0.47181585,0.5361544,-5.5722595e-08,-4.9394803e-08,0.0
20.86,0.4217597,0.0,0.319269,0.12813254,0.45406827,0.53975743,-2.3193795e-08,6.943394e-08,0.0
20.865000000000002,0.4217597,0.0,0.319269,0.13597447,0.42844364,0.5431571,-9.6609885e-09,2.3015374e-09,0.0
20.87,0.4217597,0.0,0.319269,0.14337385,0.4042651,0.54636496,1.2005008e-08,-4.8075876e-08,0.0
20.875,0.4217597,0.0,0.319269,0.15035567,0.38145104,0.54939175,-9.635204e-09,-2.1643416e-08,0.0
20.88,0.29727688,0.0,0.56477004,0.15844645,0.36037168,0.5517487,0.13268694,9.2502574e-09,0.0
20.885,0.29727688,0.0,0.56477004,0.18336482,0.3456249,0.54823357,0.5611431,4.208335e-08,0.0
20.89,0.29727688,0.0,0.56477004,0.20687696,0.33171034,0.5449168,1.4211322,4.7902187e-08,0.0
20.895,0.29727688,0.0,0.56477004,0.22906224,0.318581,0.5417872,2.7410436,1.01852926e-07,0.0
20.900000000000002,0.6,0.21757394,0.6,0.24919084,0.3057454,0.53806585,4.434329,-2.682915e-08,0.0
20.905,0.6,0.21757394,0.6,0.2589295,0.28849113,0.5257184,6.3628025,4.9984738e-08,0.0
20.91,0.6,0.21757394,0.6,0.26811856,0.2722106,0.51406777,8.356061,2.4305263e-07,0.0
20.915,0.6,0.21757394,0.6,0.27678907,0.2568488,0.5030746,10.28375,1.1760776e-07,0.0
20.92,0.5152816,0.39991444,0.6,0.28440827,0.24235396,0.49381018,12.089316,2.2149797e-07,0.0
20.925,0.5152816,0.39991444,0.6,0.2851345,0.2286771,0.4978147,14.000056,1.564745e-07,0.0
20.93,0.5152816,0.39991444,0.6,0.28581974,0.21577206,0.50159323,15.988181,1.6594457e-07,0.0
20.935,0.5152816,0.39991444,0.6,0.2864663,0.20359531,0.50515854,17.883253,7.3747266e-08,0.0
20.94,0.11881593,0.6,0.050895706,0.2884431,0.19308801,0.50868165,19.588549,1.128468e-07,0.0
20.945,0.11881593,0.6,0.050895706,0.3060253,0.19446984,0.5138351,21.067265,2.3185635e-07,0.0
20.95,0.11881593,0.6,0.050895706,0.3226153,0.19577368,0.5186977,22.398888,1.9782798e-08,0.0
20.955000000000002,0.11881593,0.6,0.050895706,0.33826905,0.19700395,0.52328587,23.68333,2.4634758e-08,0.0
20.96,0.24013597,0.59818393,0.0,0.35265696,0.19898799,0.52761513,24.983221,1.00053114e-07,0.0
20.965,0.24013597,0.59818393,0.0,0.36183444,0.21032695,0.5317001,26.332516,1.0589173e-07,0.0
20.97,0.24013597,0.59818393,0.0,0.37049398,0.22102602,0.53555447,27.727726,1.09745834e-07,0.0
20.975,0.24013597,0.59818393,0.0,0.37866485,0.2311213,0.53919137,29.153374,3.5086956e-08,0.0
20.98,0.4851605,0.5988232,0.0,0.3845847,0.24155019,0.54014397,30.597092,1.08361455e-07,0.0
20.985,0.4851605,0.5988232,0.0,0.36958647,0.26177874,0.512534,32.039738,-1.0758484e-08,0.0
20.990000000000002,0.4851605,0.5988232,0.0,0.35543463,0.28086573,0.4864822,33.88907,7.229607e-08,0.0
20.995,0.4851605,0.5988232,0.0,0.34208143,0.29887557,0.46190056,35.940136,1.4528055e-07,0.0
21.0,0.20666684,0.5684546,0.0,0.33002952,0.31586087,0.43847638,37.71137,1.379687e-07,0.0
21.005,0.20666684,0.5684546,0.0,0.3249565,0.3317933,0.41373166,38.924812,2.6778443e-08,0.0
21.01,0.20666684,0.5684546,0.0,0.3201698,0.34682664,0.39038336,39.497833,-1.4736174e-08,0.0
21.015,0.20666684,0.5684546,0.0,0.31565323,0.3610116,0.3683527,39.458637,1.1357595e-08,0.0
21.02,0.3829175,0.5788715,0.0,0.31249774,0.37439892,0.34756532,38.883163,-3.4523595e-08,0.0
21.025000000000002,0.3829175,0.5788715,0.0,0.3222417,0.38706395,0.327951,37.878086,-1.1744877e-08,0.0
21.03,0.3829175,0.5788715,0.0,0.33143577,0.39901423,0.30944362,36.110115,-1.9529281e-07,0.0
21.035,0.3829175,0.5788715,0.0,0.340111,0.41029012,0.29198065,33.704063,4.7874096e-08,0.0
21.04,0.45902124,0.44542795,0.0,0.3470393,0.42079258,0.2755032,31.050161,9.703214e-08,0.0
21.045,0.45902124,0.44542795,0.0,0.33911762,0.42912567,0.2599556,28.414822,7.2969065e-08,0.0
21.05,0.45902124,0.44542795,0.0,0.33164296,0.43698847,0.24528544,26.458378,-1.5216617e-07,0.0
21.055,0.45902124,0.44542795,0.0,0.32459012,0.44440755,0.23144314,25.258698,1.9619332e-08,0.0
21.06,0.2987182,0.12526989,0.0,0.318731,0.45145497,0.21838202,24.532547,9.357683e-09,0.0
21.065,0.2987182,0.12526989,0.0,0.32235327,0.45864552,0.20605798,24.073181,-6.6989676e-09,0.0
21.07,0.2987182,0.12526989,0.0,0.32577112,0.4654303,0.19442943,23.195892,0.41600314,0.0
21.075,0.2987182,0.12526989,0.0,0.3289961,0.47183216,0.1834571,21.871876,1.0735339,0.0
21.080000000000002,0.5871712,0.3894951,0.0,0.33238265,0.4772703,0.173104,20.416548,1.6139503,0.0
21.085,0.5871712,0.3894951,0.0,0.3395293,0.47547334,0.16333516,19.03707,1.8090804,0.0
21.09,0.5871712,0.3894951,0.0,0.34627265,0.47377777,0.1541176,16.980963,2.5056145,0.0
21.095,0.5871712,0.3894951,0.0,0.35263544,0.4721779,0.14542022,14.391761,3.5218785,0.0
21.1,0.40587416,0.31276998,0.0,0.35791543,0.4692229,0.13721366,11.880897,4.168183,0.0
21.105,0.40587416,0.31276998,0.0,0.35457474,0.44981247,0.12947023,9.837631,4.0229397,0.0
21.11,0.40587416,0.31276998,0.0,0.35142258,0.43149742,0.12216378,9.222943,2.040679,0.0
21.115000000000002,0.40587416,0.31276998,0.0,0.3484483,0.41421595,0.11526966,9.730963,3.1623422e-08,0.0
21.12,0.39970553,0.25203395,0.26697946,0.34694415,0.39910263,0.108764604,10.765954,8.7362174e-08,0.0
21.125,0.39970553,0.25203395,0.26697946,0.360501,0.39856043,0.102626644,12.413075,1.2630535e-07,0.0
21.13,0.39970553,0.25203395,0.26697946,0.37329277,0.39804885,0.09683507,13.760987,0.25067952,0.0
21.135,0.39970553,0.25203395,0.26697946,0.38536265,0.39756614,0.09137034,14.546554,0.8615864,0.0
21.14,0.5852331,0.35539353,0.0,0.3959329,0.39676428,0.086214,15.007815,1.5631287,0.0
21.145,0.5852331,0.35539353,0.0,0.39649394,0.3920242,0.08134865,15.324659,2.1542525,0.0
21.150000000000002,0.5852331,0.35539353,0.0,0.3970233,0.3875516,0.07675787,15.582995,2.5436378,0.0
21.155,0.5852331,0.35539353,0.0,0.39752278,0.38333142,0.07242616,15.822635,2.6932275,0.0
21.16,0.6,0.56362885,0.40695664,0.39796624,0.3790752,0.06954423,16.068176,2.5826595,0.0
21.165,0.6,0.56362885,0.40695664,0.3980644,0.37190583,0.080686174,16.332895,2.2044187,0.0
21.17,0.6,0.56362885,0.40695664,0.39815703,0.36514106,0.09119934,16.63925,1.540635,0.0
21.175,0.6,0.56362885,0.40695664,0.3982444,0.35875803,0.10111921,17.001015,0.58335197,0.0
21.18,0.37532648,0.6,0.6,0.39916447,0.35320187,0.10927395,17.299402,4.6857274e-09,0.0
21.185,0.37532648,0.6,0.6,0.40966496,0.35332555,0.103107244,17.568314,1.695558e-08,0.0
21.19,0.37532648,0.6,0.6,0.41957286,0.35344225,0.09728855,18.517132,6.0402286e-08,0.0
21.195,0.37532648,0.6,0.6,0.42892164,0.35355237,0.09179822,20.19676,1.4987108e-07,0.0
21.2,0.46391886,0.6,0.6,0.4378095,0.35459638,0.088455014,22.274979,1.9705323e-07,0.0
21.205000000000002,0.46391886,0.6,0.6,0.44696248,0.3663928,0.106429145,24.48762,1.8592479e-07,0.0
21.21,0.46391886,0.6,0.6,0.45559892,0.37752348,0.12338894,26.605719,8.735358e-08,0.0
21.215,0.46391886,0.6,0.6,0.46374798,0.38802603,0.13939163,28.47038,0.0037132995,0.0
21.22,0.27426818,0.43902436,0.6,0.47042283,0.3981001,0.15536277,29.992094,0.08742592,0.0
21.225,0.27426818,0.43902436,0.6,0.4650562,0.409494,0.18045516,31.135262,0.35191453,0.0
21.23,0.27426818,0.43902436,0.6,0.45999247,0.4202449,0.20413151,32.726433,9.543905e-09,0.0
21.235,0.27426818,0.43902436,0.6,0.45521447,0.4303891,0.22647172,34.58929,1.00253956e-07,0.0
21.240000000000002,0.45998493,0.6,0.6,0.45110607,0.43996084,0.2475512,36.425175,1.8541967e-07,0.0
21.245,0.45998493,0.6,0.6,0.45182914,0.4489924,0.2674411,37.99005,0.023127515,0.0
21.25,0.45998493,0.6,0.6,0.4525114,0.4575143,0.28620854,38.279736,1.2033317,0.0
21.255,0.45998493,0.6,0.6,0.45315516,0.46555525,0.30391687,37.44662,2.6774004,0.0
21.26,0.0,0.6,0.6,0.45290637,0.4724157,0.32062584,36.186043,2.561045,0.0
21.265,0.0,0.6,0.6,0.4428252,0.47053128,0.33639187,35.513092,3.463348e-08,0.0
21.27,0.0,0.6,0.6,0.43331295,0.46875325,0.35126817,34.079857,-6.462067e-08,0.0
21.275000000000002,0.0,0.6,0.6,0.4243375,0.46707556,0.36530495,32.19909,-1.5177858e-07,0.0
21.28,0.0,0.6,0.6,0.41670704,0.46621928,0.37854958,30.112455,4.165718e-08,0.0
21.285,0.0,0.6,0.6,0.41914937,0.47376898,0.3910468,28.0029,3.488528e-08,0.0
21.29,0.0,0.6,0.6,0.42145386,0.48089263,0.40283874,26.089676,-3.741707e-08,0.0
21.295,0.0,0.6,0.6,0.4236283,0.48761427,0.41396523,24.480965,1.8369887e-08,0.0
21.3,0.0,0.6,0.6,0.42360336,0.4939566,0.4244638,23.191343,-2.6878288e-08,0.0
21.305,0.0,0.6,0.6,0.39969796,0.499941,0.43436992,22.873678,-2.3256138e-08,0.0
21.31,0.0,0.6,0.6,0.37714165,0.50558764,0.443717,23.382406,4.829398e-08,0.0
21.315,0.0,0.6,0.6,0.35585827,0.51091564,0.45253658,24.130285,2.5468774e-08,0.0
21.32,0.0,0.37997025,0.6,0.33577597,0.515943,0.46085843,24.724045,4.9177576e-08,0.0
21.325,0.0,0.37997025,0.6,0.316827,0.5206866,0.46871066,24.932106,-3.4957934e-10,0.0
21.330000000000002,0.0,0.37997025,0.6,0.29894736,0.5251626,0.47611976,24.647135,3.4528732e-08,0.0
21.335,0.0,0.37997025,0.6,0.28207675,0.5293859,0.48311076,23.85227,-5.229634e-08,0.0
21.34,0.0,0.0,0.6,0.2661582,0.5333709,0.4897072,22.591412,6.429747e-08,0.0
21.345,0.0,0.0,0.6,0.25113797,0.537131,0.4959314,20.947458,-1.2790743e-07,0.0
21.35,0.0,0.0,0.6,0.2369654,0.5406789,0.50180435,19.023851,3.22498e-08,0.0
21.355,0.0,0.0,0.6,0.22359264,0.5440266,0.50734586,16.927204,-1.013365e-07,0.0
21.36,0.29437256,0.0,0.6,0.21097454,0.54619205,0.5125747,14.755388,-1.2032365e-08,0.0
21.365000000000002,0.29437256,0.0,0.6,0.19906853,0.5368116,0.5175084,12.598577,1.3474236e-07,0.0
21.37,0.29437256,0.0,0.6,0.18783441,0.5279605,0.5221637,9.731297,-3.5353644e-08,0.0
21.375,0.29437256,0.0,0.6,0.17723428,0.5196089,0.52655625,6.2258873,-1.4930953e-07,0.0
21.38,0.6,0.059327696,0.3486698,0.16723235,0.51001316,0.5307009,2.712321,-1.5071628e-08,0.0
21.385,0.6,0.059327696,0.3486698,0.15779486,0.4812314,0.5346117,-7.1147456e-06,3.362502e-08,0.0
21.39,0.6,0.059327696,0.3486698,0.14888996,0.45407388,0.53830177,0.00025814743,4.8891824e-08,0.0
21.395,0.6,0.059327696,0.3486698,0.1404876,0.42844895,0.54178363,0.04944524,-3.6613798e-08,0.0
21.400000000000002,0.58820057,0.35864937,0.067580976,0.1338884,0.4042701,0.545069,0.19649594,4.3914e-08,0.0
21.405,0.58820057,0.35864937,0.067580976,0.14294507,0.38145578,0.5481689,0.4701251,1.643898e-08,0.0
21.41,0.58820057,0.35864937,0.067580976,0.15149063,0.35992894,0.5510939,0.7385583,-2.7346102e-08,0.0
21.415,0.58820057,0.35864937,0.067580976,0.15955395,0.33961692,0.5538538,1.0829651,2.7891504e-08,0.0
21.42,0.30865195,0.15567942,0.28187284,0.16854203,0.32071903,0.5553233,1.6546533,4.5184574e-08,0.0
21.425,0.30865195,0.15567942,0.28187284,0.19289067,0.30596784,0.5436611,2.4986773,9.2770264e-08,0.0
21.43,0.30865195,0.15567942,0.28187284,0.21586524,0.29204908,0.5326571,3.652791,6.0454276e-08,0.0
21.435,0.30865195,0.15567942,0.28187284,0.23754327,0.27891582,0.5222741,5.106714,1.9976623e-07,0.0
21.44,0.6,0.26230758,0.24482729,0.25794467,0.26787505,0.511208,6.792039,4.848353e-08,0.0
21.445,0.6,0.26230758,0.24482729,0.27658215,0.27299774,0.48617262,8.62444,1.3844753e-07,0.0
21.45,0.6,0.26230758,0.24482729,0.29416785,0.27783135,0.46255007,10.789377,1.3509805e-07,0.0
21.455000000000002,0.6,0.26230758,0.24482729,0.31076112,0.28239217,0.44026062,13.249441,2.689945e-07,0.0
21.46,0.6,0.5244047,0.021427596,0.3251559,0.2857793,0.4201965,15.821466,8.513269e-08,0.0
21.465,0.6,0.5244047,0.021427596,0.32422453,0.27843732,0.41239044,18.377754,1.9012717e-07,0.0
21.47,0.6,0.5244047,0.021427596,0.32334572,0.27150968,0.4050249,20.8747,1.360431e-07,0.0
21.475,0.6,0.5244047,0.021427596,0.3225165,0.26497298,0.39807498,23.216543,2.2187719e-07,0.0
21.48,0.42025664,0.6,0.37320578,0.32304943,0.25928658,0.39135006,25.315117,6.665828e-08,0.0
21.485,0.42025664,0.6,0.37320578,0.3386787,0.25945708,0.3830813,26.626072,7.3559306e-08,0.0
21.490000000000002,0.42025664,0.6,0.37320578,0.35342595,0.25961795,0.37527913,27.58541,4.963852e-08,0.0
21.495,0.42025664,0.6,0.37320578,0.36734095,0.25976974,0.3679173,28.596624,6.4838204e-08,0.0
21.5,0.4434311,0.6,0.43456408,0.3804707,0.26109624,0.35996234,29.691223,5.8494926e-08,0.0
21.505,0.4434311,0.6,0.43456408,0.3928595,0.27595565,0.34085768,30.862255,7.179762e-08,0.0
21.51,0.4434311,0.6,0.43456408,0.40454912,0.28997648,0.32283115,32.019634,9.696302e-08,0.0
21.515,0.4434311,0.6,0.43456408,0.41557908,0.30320606,0.30582193,33.06176,1.178327e-08,0.0
21.52,0.17091602,0.5175453,0.6,0.4251751,0.31603032,0.29136074,33.926365,7.482526e-08,0.0
21.525000000000002,0.17091602,0.5175453,0.6,0.42489752,0.3320557,0.29597953,34.5817,5.902582e-08,0.0
21.53,0.17091602,0.5175453,0.6,0.42463562,0.3471767,0.30033767,35.647205,5.8198733e-08,0.0
21.535,0.17091602,0.5175453,0.6,0.4243885,0.36144438,0.30444986,37.14114,1.2017426e-07,0.0
21.54,0.25454634,0.54419327,0.6,0.42425996,0.3749069,0.308607,38.700974,1.712399e-07,0.0
21.545,0.25454634,0.54419327,0.6,0.42534184,0.38760966,0.3157152,40.09199,1.0660147e-07,0.0
21.55,0.25454634,0.54419327,0.6,0.4263627,0.39959556,0.32242224,40.507587,-2.4687397e-09,0.0
21.555,0.25454634,0.54419327,0.6,0.42732593,0.41090506,0.3287508,39.832153,-6.837143e-08,0.0
21.56,0.28184187,0.6,0.6,0.4270045,0.4212041,0.3354691,38.425243,-4.6554373e-08,0.0
21.565,0.28184187,0.6,0.6,0.41255254,0.42664096,0.35039747,37.26155,5.479006e-09,0.0
21.57,0.28184187,0.6,0.6,0.39891616,0.431771,0.3644834,36.56541,-2.993948e-08,0.0
21.575,0.28184187,0.6,0.6,0.38604933,0.43661153,0.3777744,36.073475,2.0498979e-08,0.0
21.580000000000002,0.117485695,0.6,0.5428084,0.37428617,0.4412992,0.39031532,35.606915,-3.2934196e-08,0.0
21.585,0.117485695,0.6,0.5428084,0.36752886,0.44710585,0.40214854,35.055943,5.2057594e-08,0.0
21.59,0.117485695,0.6,0.5428084,0.36115286,0.45258483,0.41331398,34.381706,-3.5737404e-08,0.0
21.595,0.117485695,0.6,0.5428084,0.3551367,0.4577546,0.4238493,33.583473,1.2714113e-08,0.0
21.6,0.0,0.6,0.6,0.34958327,0.46288458,0.4337901,32.67503,1.1082331e-08,0.0
21.605,0.0,0.6,0.6,0.3457604,0.47062248,0.4431699,31.67787,-3.7413947e-08,0.0
21.61,0.0,0.6,0.6,0.34215325,0.4779237,0.45202035,30.613129,5.328e-09,0.0
21.615000000000002,0.0,0.6,0.6,0.33874968,0.4848129,0.46037135,29.502956,-4.9898468e-09,0.0
21.62,0.0,0.6,0.6,0.33479616,0.49131328,0.46799287,28.370611,7.029881e-08,0.0
21.625,0.0,0.6,0.6,0.3225326,0.49744684,0.47221497,27.234192,-3.8714138e-08,0.0
21.63,0.0,0.6,0.6,0.3109611,0.50323427,0.4761988,26.053534,1.4955411e-08,0.0
21.635,0.0,0.6,0.6,0.30004263,0.50869507,0.4799578,24.787058,-1.6636266e-08,0.0
21.64,0.0,0.4085908,0.6,0.2892099,0.5138477,0.48376286,23.425535,-7.480621e-08,0.0
21.645,0.0,0.4085908,0.6,0.2728888,0.5187096,0.49032253,21.97938,3.0184356e-08,0.0
21.650000000000002,0.0,0.4085908,0.6,0.25748876,0.5232971,0.496512,20.43266,-1.0223147e-07,0.0
21.655,0.0,0.4085908,0.6,0.24295779,0.5276257,0.5023522,18.77548,1.6086002e-08,0.0
21.66,0.0,0.0,0.6,0.22924685,0.53171,0.5078628,17.022446,-4.194119e-08,0.0
21.665,0.0,0.0,0.6,0.21630967,0.5355639,0.5130624,15.202083,-7.885011e-08,0.0
21.67,0.0,0.0,0.6,0.20410258,0.53920025,0.5179686,13.352182,-1.8807079e-07,0.0
21.675,0.0,0.0,0.6,0.19258437,0.5426314,0.5225979,11.51817,-1.8378745e-07,0.0
21.68,0.354259,0.0,0.4073944,0.18171617,0.5450047,0.526966,9.749159,-1.1861569e-08,0.0
21.685,0.354259,0.0,0.4073944,0.17146131,0.5373064,0.5310875,8.097224,-8.058712e-08,0.0
21.69,0.354259,0.0,0.4073944,0.16178517,0.5300426,0.5349765,5.801143,-1.9271707e-07,0.0
21.695,0.354259,0.0,0.4073944,0.15265508,0.52318865,0.538646,2.9125004,-4.1867438e-08,0.0
21.7,0.6,0.27626592,0.4020578,0.14404023,0.51487684,0.5421084,0.047933806,-1.9182035e-07,0.0
21.705000000000002,0.6,0.27626592,0.4020578,0.13591154,0.4858206,0.54537547,-6.0761223e-09,-1.7362357e-08,0.0
21.71,0.6,0.27626592,0.4020578,0.12824158,0.45840406,0.5484581,1.0844003e-08,2.1318764e-08,0.0
21.715,0.6,0.27626592,0.4020578,0.12100448,0.43253475,0.5513668,7.1210953e-09,4.460971e-08,0.0
21.72,0.46541893,0.33917427,0.22063579,0.115775146,0.40812534,0.5532418,1.18823404e-08,-1.7720179e-08,0.0
21.725,0.46541893,0.33917427,0.22063579,0.1292336,0.38509345,0.5450111,-7.1205672e-09,-4.7195385e-08,0.0
21.73,0.46541893,0.33917427,0.22063579,0.14193255,0.3633613,0.5372449,-2.498999e-08,-6.7521704e-08,0.0
21.735,0.46541893,0.33917427,0.22063579,0.15391485,0.34285557,0.529917,0.1684994,-1.007133e-07,0.0
21.740000000000002,0.33531296,0.23940025,0.29101503,0.1663304,0.32475433,0.52297854,0.68878895,1.2241965e-07,0.0
21.745,0.33531296,0.23940025,0.29101503,0.19080386,0.32201797,0.5161546,1.6106985,6.588556e-08,0.0
21.75,0.33531296,0.23940025,0.29101503,0.21389619,0.319436,0.50971574,2.8838823,3.3293695e-08,0.0
21.755,0.33531296,0.23940025,0.29101503,0.23568535,0.3169998,0.50364023,4.400418,1.3805344e-07,0.0
21.76,0.6,0.33340088,0.3418668,0.2556373,0.31498504,0.49708852,6.038906,-1.036934e-08,0.0
21.765,0.6,0.33340088,0.3418668,0.267476,0.31635013,0.48148736,7.69736,3.3045794e-08,0.0
21.77,0.6,0.33340088,0.3418668,0.2786466,0.3176382,0.46676663,9.707255,8.081682e-08,0.0
21.775000000000002,0.6,0.33340088,0.3418668,0.28918678,0.31885356,0.45287663,12.051787,7.6753956e-08,0.0
21.78,0.6,0.46633568,0.23693234,0.29854476,0.3195499,0.4400882,14.481882,1.1900914e-07,0.0
21.785,0.6,0.46633568,0.23693234,0.30061972,0.31502676,0.4316755,16.803064,1.2077592e-07,0.0
21.79,0.6,0.46633568,0.23693234,0.30257758,0.3107589,0.42373756,18.35799,-7.420974e-09,0.0
21.795,0.6,0.46633568,0.23693234,0.30442494,0.30673188,0.41624758,19.041716,-1.7677877e-08,0.0
21.8,0.6,0.6,0.3954567,0.30736303,0.3033565,0.40940985,19.135098,-7.0714825e-09,0.0
21.805,0.6,0.6,0.3954567,0.32387754,0.305052,0.40559816,18.879349,-7.4964255e-08,0.0
21.81,0.6,0.6,0.3954567,0.33946007,0.30665183,0.4020016,19.009897,-5.211923e-08,0.0
21.815,0.6,0.6,0.3954567,0.35416323,0.30816138,0.39860797,19.74961,-7.100664e-09,0.0
21.82,0.53952795,0.6,0.6,0.36803663,0.31018588,0.39493212,20.927376,-6.563942e-08,0.0
21.825,0.53952795,0.6,0.6,0.38112712,0.31899795,0.38601565,22.383665,-1.1081717e-08,0.0
21.830000000000002,0.53952795,0.6,0.6,0.39347887,0.3273127,0.37760237,23.9561,6.805596e-08,0.0
21.835,0.53952795,0.6,0.6,0.40513358,0.33515826,0.3696639,25.51121,3.5920127e-08,0.0
21.84,0.23947819,0.6,0.58058846,0.41613054,0.3431645,0.36288908,26.962622,8.687223e-08,0.0
21.845,0.23947819,0.6,0.58058846,0.42650694,0.3576586,0.364727,28.260948,2.671656e-08,0.0
21.85,0.23947819,0.6,0.58058846,0.43629774,0.37133476,0.3664612,29.360424,2.860077e-08,0.0
21.855,0.23947819,0.6,0.58058846,0.44553602,0.3842391,0.3680975,30.230068,4.6095415e-08,0.0
21.86,0.21315429,0.54753464,0.6,0.45397994,0.39641523,0.37056494,30.86514,2.703356e-08,0.0
21.865000000000002,0.21315429,0.54753464,0.6,0.4588077,0.4079042,0.38351274,31.27831,3.5186836e-09,0.0
21.87,0.21315429,0.54753464,0.6,0.46336302,0.41874483,0.39572984,31.479565,2.244836e-08,0.0
21.875,0.21315429,0.54753464,0.6,0.46766126,0.42897367,0.4072575,31.485746,-1.2155873e-08,0.0
21.88,0.27271053,0.6,0.54141045,0.4703623,0.43862528,0.41804698,31.325226,3.6573118e-09,0.0
21.885,0.27271053,0.6,0.54141045,0.45733273,0.4477322,0.42721975,31.02615,-1.33797835e-08,0.0
21.89,0.27271053,0.6,0.54141045,0.44503847,0.4563252,0.43587488,31.275305,2.922497e-08,0.0
21.895,0.27271053,0.6,0.54141045,0.433438,0.46443325,0.44404155,32.075634,9.793221e-09,0.0
21.900000000000002,0.0,0.6,0.44066706,0.42237335,0.47184688,0.451835,33.010204,5.9237237e-08,0.0
21.905,0.0,0.6,0.44066706,0.41056642,0.4761182,0.46019647,33.804142,8.4194724e-08,0.0
21.91,0.0,0.6,0.44066706,0.39942577,0.4801485,0.46808606,34.302853,5.241026e-08,0.0
21.915,0.0,0.6,0.44066706,0.38891384,0.48395133,0.47553042,34.439785,-1.1509533e-09,0.0
21.92,0.0,0.6,0.6,0.379264,0.48777643,0.48229015,34.208237,3.3397438e-08,0.0
21.925,0.0,0.6,0.6,0.3732508,0.4941096,0.48562652,33.64075,1.2110332e-08,0.0
21.93,0.0,0.6,0.6,0.367577,0.50008535,0.4887746,32.798088,4.1326352e-08,0.0
21.935,0.0,0.6,0.6,0.36222336,0.5057239,0.49174502,31.75064,-6.062495e-08,0.0
21.94,0.0,0.6,0.6,0.35594064,0.5110442,0.494093,30.566359,-4.209833e-08,0.0
21.945,0.0,0.6,0.6,0.3358537,0.5160643,0.491078,29.298292,5.6445828e-08,0.0
21.95,0.0,0.6,0.6,0.3169003,0.52080107,0.48823312,27.895199,-1.3754601e-07,0.0
21.955000000000002,0.0,0.6,0.6,0.29901654,0.5252705,0.4855488,26.296846,-1.1094063e-07,0.0
21.96,0.0,0.21865155,0.6,0.282142,0.5294878,0.4837353,24.49121,-2.7046942e-08,0.0
21.965,0.0,0.21865155,0.6,0.26621976,0.53346705,0.4902965,22.502207,1.4057775e-07,0.0
21.97,0.0,0.21865155,0.6,0.2511961,0.5372217,0.49648747,20.384878,-6.08711e-08,0.0
21.975,0.0,0.21865155,0.6,0.23702024,0.5407645,0.50232905,18.203596,-9.172565e-09,0.0
21.98,0.0,0.0,0.51480085,0.22364438,0.5441074,0.50784093,16.018177,-7.445659e-08,0.0
21.985,0.0,0.0,0.51480085,0.21102336,0.5472616,0.5130418,13.880535,-1.2475389e-08,0.0
21.990000000000002,0.0,0.0,0.51480085,0.19911459,0.55023783,0.51794916,11.836457,-3.2370426e-08,0.0
21.995,0.0,0.0,0.51480085,0.18787788,0.5530461,0.52257955,9.927246,-4.1737632e-08,0.0
22.0,0.24597996,0.0,0.4383879,0.17727529,0.5539742,0.52694863,8.190004,-1.0672347e-07,0.0
22.005,0.24597996,0.0,0.4383879,0.16727103,0.5350508,0.5310712,6.6631083,-6.746635e-08,0.0
22.01,0.24597996,0.0,0.4383879,0.15783136,0.51719534,0.5349611,4.6048408,-1.1611318e-08,0.0
22.015,0.24597996,0.0,0.4383879,0.1489244,0.5003475,0.5386315,2.0953565,6.888599e-08,0.0
22.02,0.6,0.16265452,0.28713435,0.14052008,0.4834633,0.5417101,-1.7489382e-06,1.2607661e-07,0.0
22.025000000000002,0.6,0.16265452,0.28713435,0.13259006,0.4561798,0.5401915,-9.288233e-09,9.893681e-10,0.0
22.03,0.6,0.16265452,0.28713435,0.12510754,0.43043602,0.5387586,6.4189103e-09,5.9597248e-08,0.0
22.035,0.6,0.16265452,0.28713435,0.1180473,0.40614504,0.53740656,1.404485e-08,-1.0805372e-07,0.0
22.04,0.48884156,0.3298838,0.15735966,0.112496,0.38322487,0.53578585,0.019025132,-4.907482e-08,0.0
22.045,0.48884156,0.3298838,0.15735966,0.12002896,0.3615982,0.53028935,0.12882279,4.1161233e-08,0.0
22.05,0.48884156,0.3298838,0.15735966,0.1271368,0.34119198,0.52510303,0.2636945,3.6622385e-08,0.0
22.055,0.48884156,0.3298838,0.15735966,0.13384353,0.32193735,0.52020943,0.5129697,-1.2907908e-08,0.0
22.06,0.3725584,0.40594676,0.07470657,0.14177005,0.30450365,0.5149091,1.0045726,-9.8243106e-08,0.0
22.065,0.3725584,0.40594676,0.07470657,0.16762953,0.29649863,0.502055,1.7624269,1.6862538e-07,0.0
22.07,0.3725584,0.40594676,0.07470657,0.19202967,0.28894535,0.48992628,2.8166876,1.0797559e-07,0.0
22.075,0.3725584,0.40594676,0.07470657,0.21505283,0.28181833,0.47848204,4.155842,5.6912377e-08,0.0
22.080000000000002,0.48218402,0.38918105,0.3762003,0.23627487,0.2758485,0.46709776,5.7068696,7.3934316e-08,0.0
22.085,0.48218402,0.38918105,0.3762003,0.25052807,0.2788979,0.4496182,7.3794513,3.915224e-08,0.0
22.09,0.48218402,0.38918105,0.3762003,0.2639769,0.2817752,0.43312505,9.348653,4.641105e-08,0.0
22.095,0.48218402,0.38918105,0.3762003,0.2766668,0.28449014,0.41756266,11.565989,1.814987e-07,0.0
22.1,0.6,0.59384054,0.18342622,0.28811556,0.28739527,0.40250537,13.850995,1.9031451e-07,0.0
22.105,0.6,0.59384054,0.18342622,0.29288095,0.29408553,0.38400656,16.089281,1.8131075e-07,0.0
22.11,0.6,0.59384054,0.18342622,0.2973774,0.30039823,0.3665517,18.184574,1.5777053e-07,0.0
22.115000000000002,0.6,0.59384054,0.18342622,0.30162013,0.3063547,0.3500819,20.036114,8.164565e-08,0.0
22.12,0.45858544,0.6,0.40721363,0.30611834,0.31189933,0.33590266,21.568169,6.146477e-08,0.0
22.125,0.45858544,0.6,0.40721363,0.3160543,0.3162606,0.3381768,22.75499,8.702546e-08,0.0
22.13,0.45858544,0.6,0.40721363,0.3254296,0.32037574,0.34032258,23.647337,4.5922295e-08,0.0
22.135,0.45858544,0.6,0.40721363,0.33427578,0.32425866,0.3423473,24.31883,3.974466e-08,0.0
22.14,0.47001988,0.6,0.5984861,0.34315464,0.32884642,0.34338742,24.833668,5.9173143e-08,0.0
22.145,0.47001988,0.6,0.5984861,0.3576493,0.34380093,0.33436027,25.243103,1.1462889e-08,0.0
22.150000000000002,0.47001988,0.6,0.5984861,0.37132597,0.35791153,0.32584256,25.570795,-2.449e-08,0.0
22.155,0.47001988,0.6,0.5984861,0.38423082,0.3712258,0.31780553,25.833683,1.9680279e-08,0.0
22.16,0.34163913,0.52967614,0.6,0.39576897,0.3838165,0.31123236,26.049093,3.7471114e-08,0.0
22.165,0.34163913,0.52967614,0.6,0.39931393,0.39601648,0.3166489,26.227856,6.634483e-08,0.0
22.17,0.34163913,0.52967614,0.6,0.40265882,0.40752795,0.3217598,26.3433,9.722015e-09,0.0
22.175,0.34163913,0.52967614,0.6,0.40581495,0.4183898,0.32658225,26.364014,6.746981e-10,0.0
22.18,0.33486843,0.6,0.6,0.4088446,0.4286387,0.33199608,26.277851,3.142786e-09,0.0
22.185,0.33486843,0.6,0.6,0.41229692,0.4383092,0.34703502,26.08807,-7.3704407e-09,0.0
22.19,0.33486843,0.6,0.6,0.41555443,0.44743395,0.36122528,25.810438,-7.835563e-10,0.0
22.195,0.33486843,0.6,0.6,0.4186281,0.45604378,0.37461472,25.466301,1.7211809e-08,0.0
22.2,0.40359437,0.6,0.6,0.4209487,0.46385023,0.38725537,25.0776,-2.7697732e-08,0.0
22.205000000000002,0.40359437,0.6,0.6,0.416473,0.467565,0.39926127,24.66344,1.9787159e-08,0.0
22.21,0.40359437,0.6,0.6,0.41224986,0.47107014,0.41058964,24.889626,-2.4670957e-08,0.0
22.215,0.40359437,0.6,0.6,0.40826505,0.47437748,0.42127872,25.798716,9.412671e-08,0.0
22.22,0.17586122,0.6,0.6,0.40447456,0.47781566,0.43136457,27.016665,4.2937863e-08,0.0
22.225,0.17586122,0.6,0.6,0.40054646,0.48471093,0.44088125,28.27325,9.118904e-08,0.0
22.23,0.17586122,0.6,0.6,0.39684004,0.49121708,0.44986087,29.3752,3.291596e-08,0.0
22.235,0.17586122,0.6,0.6,0.39334276,0.49735606,0.45833373,30.204966,1.30480275e-08,0.0
22.240000000000002,0.0,0.6,0.6,0.39035314,0.5031486,0.46632844,30.713146,7.306586e-08,0.0
22.245,0.0,0.6,0.6,0.39110038,0.50861424,0.47387198,30.900717,2.8378453e-08,0.0
22.25,0.0,0.6,0.6,0.39180547,0.5137715,0.4809898,30.19205,-4.1469267e-08,0.0
22.255,0.0,0.6,0.6,0.39247075,0.51863766,0.48770598,28.603298,2.7833176e-08,0.0
22.26,0.0,0.6,0.6,0.39207035,0.52322924,0.4940431,26.544006,1.7976706e-08,0.0
22.265,0.0,0.6,0.6,0.37986892,0.52756166,0.50002265,24.953783,9.687049e-10,0.0
22.27,0.0,0.6,0.6,0.36835608,0.5316496,0.5056647,24.029072,3.649626e-08,0.0
22.275000000000002,0.0,0.6,0.6,0.35749292,0.53550684,0.51098835,23.487507,-6.313433e-08,0.0
22.28,0.0,0.4370215,0.6,0.34644887,0.5391464,0.5160116,23.116669,-7.5557466e-08,0.0
22.285,0.0,0.4370215,0.6,0.3268976,0.5425806,0.52075136,22.763008,3.2585465e-08,0.0
22.29,0.0,0.4370215,0.6,0.30844966,0.54582095,0.5252236,22.26964,-7.662738e-08,0.0
22.295,0.0,0.4370215,0.6,0.2910428,0.54887843,0.5294435,21.525002,-4.5913982e-08,0.0
22.3,0.0,0.0,0.6,0.27461827,0.5517634,0.5334253,20.488766,-6.225291e-08,0.0
22.305,0.0,0.0,0.6,0.2591206,0.55448556,0.53718233,19.172968,-2.6975924e-09,0.0
22.31,0.0,0.0,0.6,0.24449755,0.5570541,0.5407274,17.623186,3.650386e-08,0.0
22.315,0.0,0.0,0.6,0.23069972,0.5594777,0.54407233,15.902109,4.0244704e-08,0.0
22.32,0.31727177,0.0,0.41352686,0.21768054,0.5610287,0.5472285,14.078262,-6.9188324e-08,0.0
22.325,0.31727177,0.0,0.41352686,0.20539609,0.5540306,0.5502066,12.22215,3.958141e-08,0.0
22.330000000000002,0.31727177,0.0,0.41352686,0.19380489,0.54742736,0.5530166,9.559051,2.9948288e-10,0.0
22.335,0.31727177,0.0,0.41352686,0.18286783,0.54119676,0.55566806,6.1393766,-1.1019159e-07,0.0
22.34,0.6,0.14277978,0.5899403,0.17254797,0.5333448,0.55816984,2.6010754,1.08419634e-07,0.0
22.345,0.6,0.14277978,0.5899403,0.16281049,0.50324637,0.5605305,-7.730764e-08,-2.5750499e-08,0.0
22.35,0.6,0.14277978,0.5899403,0.15362254,0.47484645,0.5627579,1.9331798e-09,-3.2909874e-08,0.0
22.355,0.6,0.14277978,0.5899403,0.1449531,0.44804925,0.5648596,9.513664e-09,2.571672e-08,0.0
22.36,0.3973612,0.15376541,0.42451495,0.13820529,0.4227643,0.5660009,0.044170767,-2.4740265e-08,0.0
22.365000000000002,0.3973612,0.15376541,0.42451495,0.14831062,0.39890626,0.55739623,0.19369896,6.201689e-09,0.0
22.37,0.3973612,0.15376541,0.42451495,0.15784568,0.37639463,0.5492772,0.33983532,7.351343e-08,0.0
22.375,0.3973612,0.15376541,0.42451495,0.16684264,0.35515338,0.5416163,0.5923752,8.956689e-08,0.0
22.38,0.21792401,0.17479606,0.59625006,0.1766083,0.33575547,0.53518426,1.1285741,-1.0633586e-07,0.0
22.385,0.21792401,0.17479606,0.59625006,0.20050174,0.3248652,0.53827435,2.002635,-7.0712e-08,0.0
22.39,0.21792401,0.17479606,0.59625006,0.2230468,0.3145895,0.54119,3.2253075,2.852429e-08,0.0
22.395,0.21792401,0.17479606,0.59625006,0.24431956,0.3048937,0.5439412,4.7501283,1.8614499e-07,0.0
22.400000000000002,0.38095567,0.25296986,0.6,0.26347697,0.29579467,0.54579026,6.4822216,1.155407e-07,0.0
22.405,0.38095567,0.25296986,0.6,0.2710325,0.28777948,0.5389463,8.319256,1.5618616e-07,0.0
22.41,0.38095567,0.25296986,0.6,0.27816167,0.2802166,0.5324885,10.114135,-5.1835677e-08,0.0
22.415,0.38095567,0.25296986,0.6,0.2848885,0.27308053,0.5263952,11.761257,1.3681976e-07,0.0
22.42,0.4046319,0.6,0.6,0.29042563,0.26644212,0.5214211,13.226903,-7.593316e-08,0.0
22.425,0.4046319,0.6,0.6,0.28633413,0.26127023,0.52564394,14.513685,1.1266939e-07,0.0
22.43,0.4046319,0.6,0.6,0.2824735,0.25639018,0.5296285,16.066929,7.0175986e-08,0.0
22.435,0.4046319,0.6,0.6,0.27883077,0.25178555,0.5333882,17.8956,8.397778e-08,0.0
22.44,0.038464703,0.6,0.46682122,0.27612963,0.2477937,0.5369526,19.743422,3.336008e-08,0.0
22.445,0.038464703,0.6,0.46682122,0.28204533,0.24808581,0.5405106,21.453152,8.823593e-08,0.0
22.45,0.038464703,0.6,0.46682122,0.2876272,0.24836144,0.54386777,22.829609,4.2202387e-08,0.0
22.455000000000002,0.038464703,0.6,0.46682122,0.29289404,0.24862151,0.5470355,23.869883,-1.8096053e-08,0.0
22.46,0.0,0.6,0.52802753,0.29797053,0.25043362,0.5500245,24.674465,7.1021674e-08,0.0
22.465,0.0,0.6,0.52802753,0.3039898,0.27016085,0.5528448,25.32298,1.0308614e-07,0.0
22.47,0.0,0.6,0.52802753,0.30966938,0.2887748,0.55550593,25.862593,-1.4371622e-08,0.0
22.475,0.0,0.6,0.52802753,0.31502843,0.30633828,0.5580169,26.250334,9.321447e-09,0.0
22.48,0.0,0.6,0.54234123,0.31843194,0.3229106,0.5597849,26.432465,3.1434976e-08,0.0
22.485,0.0,0.6,0.54234123,0.30263245,0.3385477,0.5545386,26.38595,2.6911042e-09,0.0
22.490000000000002,0.0,0.6,0.54234123,0.28772455,0.35330236,0.54958844,26.511848,-1.3469328e-07,0.0
22.495,0.0,0.6,0.54234123,0.27365798,0.36722434,0.5449176,26.757275,3.6280195e-08,0.0
22.5,0.0,0.6,0.6,0.26021156,0.38036066,0.5407867,26.82744,9.7367895e-08,0.0
22.505,0.0,0.6,0.6,0.24552694,0.39275566,0.54006666,26.554882,1.5941302e-08,0.0
22.51,0.0,0.6,0.6,0.23167102,0.40445116,0.5393872,25.855179,8.249791e-08,0.0
22.515,0.0,0.6,0.6,0.21859704,0.41548666,0.5387462,24.713263,-3.225498e-08,0.0
22.52,0.0,0.23273578,0.6,0.20626086,0.4258994,0.5382059,23.168625,-1.04418994e-07,0.0
22.525000000000002,0.0,0.23273578,0.6,0.19462086,0.43572447,0.5384393,21.292551,6.295658e-09,0.0
22.53,0.0,0.23273578,0.6,0.18363774,0.4449951,0.53865945,19.173443,-1.3575863e-08,0.0
22.535,0.0,0.23273578,0.6,0.17327443,0.45374256,0.53886724,16.895815,2.098486e-09,0.0
22.54,0.116343625,0.1064868,0.39744657,0.16349596,0.46199638,0.53932357,14.543111,1.3339012e-07,0.0
22.545,0.116343625,0.1064868,0.39744657,0.15426932,0.46978438,0.54274774,12.207378,-1.6526306e-07,0.0
22.55,0.116343625,0.1064868,0.39744657,0.14556338,0.4771329,0.54597867,9.984821,-1.6258873e-08,0.0
22.555,0.116343625,0.1064868,0.39744657,0.13734874,0.4840667,0.54902726,7.962188,-2.0467247e-08,0.0
22.56,0.49472904,0.0,0.5301647,0.12959768,0.48895115,0.55190384,6.2069235,1.0390114e-08,0.0
22.565,0.49472904,0.0,0.5301647,0.12228404,0.47449204,0.55461806,4.7673635,-3.6837417e-08,0.0
22.57,0.49472904,0.0,0.5301647,0.11538313,0.46084893,0.5571791,2.9678147,-1.1382987e-07,0.0
22.575,0.49472904,0.0,0.5301647,0.10887167,0.44797572,0.55959564,0.83892936,-1.9992473e-08,0.0
22.580000000000002,0.6,0.10036302,0.32782966,0.103252925,0.43525904,0.56096137,-3.667534e-09,3.2193324e-08,0.0
22.585,0.6,0.10036302,0.32782966,0.10399168,0.4167053,0.5517337,2.0308338e-08,1.2958478e-08,0.0
22.59,0.6,0.10036302,0.32782966,0.10468874,0.39919862,0.54302675,-1.1747813e-08,-2.6469738e-08,0.0
22.595,0.6,0.10036302,0.32782966,0.10534646,0.38267988,0.53481114,-3.9645256e-09,8.195595e-08,0.0
22.6,0.3637544,0.0,0.6,0.10767536,0.3666126,0.52765834,5.443216e-09,-7.508655e-09,0.0
22.605,0.3637544,0.0,0.6,0.12951812,0.34592342,0.5277998,1.7279911e-09,-3.5768284e-08,0.0
22.61,0.3637544,0.0,0.6,0.15012822,0.32640177,0.52793324,0.18141955,1.0386179e-08,0.0
22.615000000000002,0.3637544,0.0,0.6,0.16957521,0.30798182,0.5280592,0.7719649,9.535186e-09,0.0
22.62,0.40960464,0.19542013,0.6,0.18840002,0.29105446,0.52726454,1.849021,3.7810544e-08,0.0
22.625,0.40960464,0.19542013,0.6,0.211628,0.28029308,0.51600975,3.331925,1.766663e-07,0.0
22.63,0.40960464,0.19542013,0.6,0.23354515,0.270139,0.5053901,5.088155,7.672937e-08,0.0
22.635,0.40960464,0.19542013,0.6,0.25422546,0.26055798,0.49536976,6.98795,1.0059828e-07,0.0
22.64,0.5008169,0.6,0.6,0.27267212,0.25106454,0.48714367,8.935077,1.00333295e-07,0.0
22.645,0.5008169,0.6,0.6,0.2778122,0.23689611,0.49351254,11.116834,1.09192555e-07,0.0
22.650000000000002,0.5008169,0.6,0.6,0.2826622,0.22352725,0.499522,13.455196,-2.9750112e-08,0.0
22.655,0.5008169,0.6,0.6,0.2872385,0.21091285,0.50519234,15.736816,9.617503e-08,0.0
22.66,0.30583984,0.6,0.6,0.29176354,0.19989258,0.51054263,17.842293,1.4046138e-07,0.0
22.665,0.30583984,0.6,0.6,0.29841372,0.19964018,0.515591,19.719164,2.0377074e-07,0.0
22.67,0.30583984,0.6,0.6,0.3046886,0.19940203,0.5203545,21.367338,1.5790187e-07,0.0
22.675,0.30583984,0.6,0.6,0.31060937,0.19917732,0.5248492,22.809587,1.2127987e-07,0.0
22.68,0.0,0.6,0.4631286,0.3166078,0.20079184,0.52909017,24.07559,4.3885265e-08,0.0
22.685,0.0,0.6,0.4631286,0.32700336,0.22332051,0.53309184,25.200415,3.6308858e-08,0.0
22.69,0.0,0.6,0.4631286,0.33681226,0.24457783,0.5368677,26.241106,6.0196975e-08,0.0
22.695,0.0,0.6,0.4631286,0.3460676,0.2646355,0.5404304,27.253008,2.419396e-08,0.0
22.7,0.0,0.6,0.4816685,0.35392037,0.28356126,0.5437921,28.25391,1.03214234e-07,0.0
22.705000000000002,0.0,0.6,0.4816685,0.35120702,0.301419,0.5469641,29.153923,5.6497946e-08,0.0
22.71,0.0,0.6,0.4816685,0.3486468,0.31826892,0.5499571,30.375225,-3.270824e-08,0.0
22.715,0.0,0.6,0.4816685,0.34623104,0.33416796,0.55278116,31.873861,8.9345725e-08,0.0
22.72,0.0,0.6,0.6,0.34257087,0.34916976,0.554828,33.31977,9.547735e-08,0.0
22.725,0.0,0.6,0.6,0.32323843,0.36332497,0.54965305,34.500027,6.6853545e-08,0.0
22.73,0.0,0.6,0.6,0.304997,0.37668136,0.5447702,35.193317,-1.3770541e-08,0.0
22.735,0.0,0.6,0.6,0.28778496,0.38928398,0.54016286,35.249454,1.6600043e-07,0.0
22.740000000000002,0.0,0.6,0.6,0.27154428,0.4011754,0.5358993,34.626743,-9.492243e-08,0.0
22.745,0.0,0.6,0.6,0.2562201,0.41239578,0.5328389,33.355686,-1.0286636e-07,0.0
22.75,0.0,0.6,0.6,0.24176073,0.42298293,0.52995116,31.51318,-1.2451115e-07,0.0
22.755,0.0,0.6,0.6,0.22811735,0.4329726,0.5272264,29.20404,9.505043e-08,0.0
22.76,0.0,0.23573636,0.52464837,0.2152439,0.44239855,0.52518964,26.547993,-3.6428393e-08,0.0
22.765,0.0,0.23573636,0.52464837,0.20309696,0.45129254,0.52941144,23.671717,1.26667e-08,0.0
22.77,0.0,0.23573636,0.52464837,0.1916355,0.4596846,0.533395,20.701536,1.4940476e-07,0.0
22.775000000000002,0.0,0.23573636,0.52464837,0.18082085,0.4676031,0.5371537,17.741014,-2.5900437e-08,0.0
22.78,0.1257158,0.0,0.29376006,0.17061651,0.4750747,0.5407004,14.8699045,-1.2355771e-08,0.0
22.785,0.1257158,0.0,0.29376006,0.16098803,0.48212466,0.5440469,12.165667,-3.5190766e-08,0.0
22.79,0.1257158,0.0,0.29376006,0.15190293,0.48877677,0.5472045,9.709651,-8.162856e-08,0.0
22.795,0.1257158,0.0,0.29376006,0.14333053,0.49505347,0.55018395,7.5716047,-1.0999463e-07,0.0
22.8,0.6,0.0,0.10605732,0.1352419,0.49933144,0.55265504,5.7999225,6.4735475e-09,0.0
22.805,0.6,0.0,0.10605732,0.12760973,0.48445588,0.5510745,4.417849,-6.050678e-08,0.0
22.81,0.6,0.0,0.10605732,0.120408274,0.4704198,0.5495832,2.7036994,1.1177601e-07,0.0
22.815,0.6,0.0,0.10605732,0.113613226,0.45717582,0.54817605,0.66188264,-1.3937313e-07,0.0
22.82,0.32506347,0.0,0.023815084,0.107769206,0.44361496,0.54580593,-2.809146e-09,1.0353536e-09,0.0
22.825,0.32506347,0.0,0.023815084,0.10878199,0.41858026,0.5315821,-2.5811676e-08,6.7760894e-08,0.0
22.830000000000002,0.32506347,0.0,0.023815084,0.10973763,0.39495835,0.518161,4.722414e-09,-1.0943261e-07,0.0
22.835,0.32506347,0.0,0.023815084,0.11063933,0.3726695,0.5054973,-6.721282e-09,9.2252286e-08,0.0
22.84,0.26892155,0.0,0.39044747,0.11363139,0.35163847,0.49270082,-1.8238769e-08,-4.4505605e-08,0.0
22.845,0.26892155,0.0,0.39044747,0.14107883,0.33179432,0.4708812,0.046313502,3.1185674e-08,0.0
22.85,0.26892155,0.0,0.39044747,0.16697732,0.31307003,0.45029294,0.41414443,1.5660456e-08,0.0
22.855,0.26892155,0.0,0.39044747,0.19141427,0.2954024,0.43086654,1.3216197,1.3781693e-07,0.0
22.86,0.6,0.31313303,0.24895847,0.21323091,0.27873185,0.41216516,2.7728245,1.5554083e-07,0.0
22.865000000000002,0.6,0.31313303,0.24895847,0.219542,0.26300207,0.39024925,4.6252556,1.4620964e-07,0.0
22.87,0.6,0.31313303,0.24895847,0.22549693,0.24815996,0.36957014,6.608413,1.1986164e-07,0.0
22.875,0.6,0.31313303,0.24895847,0.23111582,0.23415545,0.350058,8.704498,1.07665905e-07,0.0
22.88,0.5862878,0.3995559,0.4229825,0.23616414,0.22094126,0.3333022,10.801576,1.3470975e-07,0.0
22.885,0.5862878,0.3995559,0.4229825,0.23801275,0.20847279,0.3365271,12.740256,5.3873308e-08,0.0
22.89,0.5862878,0.3995559,0.4229825,0.23975703,0.19670796,0.33957002,14.438324,7.7596404e-08,0.0
22.895,0.5862878,0.3995559,0.4229825,0.24140288,0.18560706,0.3424412,15.865075,-2.0316156e-08,0.0
22.900000000000002,0.30371553,0.6,0.0,0.24445057,0.17654632,0.34451157,17.026285,4.7894908e-08,0.0
22.905,0.30371553,0.6,0.0,0.26451543,0.18425438,0.3391192,17.956675,8.2880874e-08,0.0
22.91,0.30371553,0.6,0.0,0.28344798,0.19152744,0.3340311,18.79395,1.0658091e-07,0.0
22.915,0.30371553,0.6,0.0,0.3013121,0.19839007,0.32923016,19.674572,2.3486846e-08,0.0
22.92,0.28068867,0.6,0.0,0.31810617,0.20525557,0.32548583,20.671793,1.24367805e-08,0.0
22.925,0.28068867,0.6,0.0,0.33324057,0.2162206,0.3309879,21.814028,2.7454451e-08,0.0
22.93,0.28068867,0.6,0.0,0.3475209,0.22656684,0.33617947,23.101313,2.1584048e-08,0.0
22.935,0.28068867,0.6,0.0,0.36099532,0.2363292,0.34107804,24.51577,5.8805888e-08,0.0
22.94,0.42827767,0.6,0.0,0.37243363,0.24644558,0.34379056,26.035313,1.1756983e-07,0.0
22.945,0.42827767,0.6,0.0,0.36855564,0.26639786,0.32438928,27.63372,4.694002e-09,0.0
22.95,0.42827767,0.6,0.0,0.36489648,0.28522417,0.30608287,29.780384,2.4462153e-07,0.0
22.955000000000002,0.42827767,0.6,0.0,0.36144382,0.30298805,0.28880957,32.32265,1.1471185e-07,0.0
22.96,0.28557014,0.6,0.0,0.35808206,0.31974944,0.27251107,34.79045,3.0344637e-07,0.0
22.965,0.28557014,0.6,0.0,0.3537145,0.33556494,0.25713235,36.882053,1.3437396e-07,0.0
22.97,0.28557014,0.6,0.0,0.3495934,0.35048792,0.2426215,38.42327,9.888575e-08,0.0
22.975,0.28557014,0.6,0.0,0.34570488,0.36456874,0.22892953,39.346786,6.2560474e-08,0.0
22.98,0.33304763,0.57554895,0.0,0.34270212,0.37785494,0.21601026,39.665432,1.0102244e-08,0.0
22.985,0.33304763,0.57554895,0.0,0.34753144,0.39039135,0.20382006,39.446526,3.375337e-09,0.0
22.990000000000002,0.33304763,0.57554895,0.0,0.3520882,0.40222028,0.1923178,38.108685,0.9467568,0.0
22.995,0.33304763,0.57554895,0.0,0.35638785,0.41338167,0.18146464,35.84577,2.679894,0.0
23.0,0.21127982,0.6,0.0,0.35980058,0.42391318,0.17122397,33.205917,4.564513,0.0
23.005,0.21127982,0.6,0.0,0.3556115,0.43385035,0.16156122,30.538017,6.206324,0.0
23.01,0.21127982,0.6,0.0,0.35165882,0.44322675,0.15244377,28.711153,6.64751,0.0
23.015,0.21127982,0.6,0.0,0.3479292,0.452074,0.14384085,27.763441,5.882832,0.0
23.02,0.59407234,0.42523766,0.0,0.34462443,0.46031156,0.13572341,27.29639,4.382419,0.0
23.025000000000002,0.59407234,0.42523766,0.0,0.3439711,0.4668148,0.12806408,27.04602,2.4538176,0.0
23.03,0.59407234,0.42523766,0.0,0.34335464,0.47295102,0.12083699,26.872969,0.2584689,0.0
23.035,0.59407234,0.42523766,0.0,0.342773,0.478741,0.11401775,26.360777,-2.5038341e-08,0.0
23.04,0.22421011,0.09937519,0.27592963,0.34167442,0.4843146,0.10758334,25.90918,1.776751e-09,0.0
23.045,0.22421011,0.09937519,0.27592963,0.3343158,0.49084312,0.101512045,25.524124,-7.4987865e-09,0.0
23.05,0.22421011,0.09937519,0.27592963,0.32737246,0.49700323,0.095783375,25.125505,-1.456395e-08,0.0
23.055,0.22421011,0.09937519,0.27592963,0.32082096,0.50281566,0.090377994,24.64328,-2.0708956e-08,0.0
23.06,0.4010486,0.21906716,0.10168346,0.31636736,0.50751114,0.085277654,24.04641,-3.550114e-08,0.0
23.065,0.4010486,0.21906716,0.10168346,0.3320392,0.5028682,0.080465145,23.345163,3.3499017e-08,0.0
23.07,0.4010486,0.21906716,0.10168346,0.34682664,0.49848723,0.075924225,21.14464,1.5283597,0.0
23.075,0.4010486,0.21906716,0.10168346,0.36077955,0.4943535,0.07163956,17.728922,4.1129184,0.0
23.080000000000002,0.2506434,0.16985919,0.27027723,0.37227526,0.4889819,0.068842426,14.16383,6.5351253,0.0
23.085,0.2506434,0.16985919,0.27027723,0.36391944,0.46699506,0.080529064,11.101621,8.07728,0.0
23.09,0.2506434,0.16985919,0.27027723,0.35603517,0.446249,0.091556184,9.632403,7.562607,0.0
23.095,0.2506434,0.16985919,0.27027723,0.34859583,0.42667374,0.101961,9.806004,4.998674,0.0
23.1,0.49134964,0.16577052,0.45256674,0.34237468,0.40874353,0.11099198,11.024491,1.0954995,0.0
23.105,0.49134964,0.16577052,0.45256674,0.34568584,0.39803946,0.11046667,12.169951,5.665549e-08,0.0
23.11,0.49134964,0.16577052,0.45256674,0.34881014,0.38793945,0.109971,12.97395,0.14216487,0.0
23.115000000000002,0.49134964,0.16577052,0.45256674,0.35175812,0.37840942,0.10950331,13.42295,0.41850844,0.0
23.12,0.39767924,0.5403293,0.15617031,0.35386074,0.36919504,0.10982315,13.717378,0.6054451,0.0
23.125,0.39767924,0.5403293,0.15617031,0.34803584,0.35794583,0.118878126,13.990008,0.55830526,0.0
23.13,0.39767924,0.5403293,0.15617031,0.34253967,0.34733146,0.1274221,14.881137,5.286355e-08,0.0
23.135,0.39767924,0.5403293,0.15617031,0.33735365,0.3373161,0.13548389,16.258068,1.9956238e-07,0.0
23.14,0.36995614,0.4567073,0.09653718,0.333547,0.32784748,0.14391372,17.929802,5.8025694e-08,0.0
23.145,0.36995614,0.4567073,0.09653718,0.34245235,0.31870094,0.16133206,19.669579,1.15639644e-07,0.0
23.150000000000002,0.36995614,0.4567073,0.09653718,0.35085514,0.31007054,0.17776743,20.77886,0.4402853,0.0
23.155,0.36995614,0.4567073,0.09653718,0.35878372,0.3019272,0.19327529,21.231195,1.350697,0.0
23.16,0.6,0.51648885,0.0,0.36584198,0.29593444,0.20656985,21.405897,2.2992988,0.0
23.165,0.6,0.51648885,0.0,0.36763868,0.30972648,0.20372564,21.531727,3.0327432,0.0
23.17,0.6,0.51648885,0.0,0.36933398,0.32274017,0.20104192,22.412848,1.614762,0.0
23.175,0.6,0.51648885,0.0,0.3709336,0.33501947,0.19850966,23.530472,6.094478e-08,0.0
23.18,0.4482592,0.53411365,0.040573813,0.3723178,0.34622827,0.19585109,24.42014,8.6947914e-08,0.0
23.185,0.4482592,0.53411365,0.040573813,0.37218451,0.35246298,0.19024646,25.256632,6.497344e-08,0.0
23.19,0.4482592,0.53411365,0.040573813,0.37205875,0.35834584,0.18495813,26.54385,5.2309147e-08,0.0
23.195,0.4482592,0.53411365,0.040573813,0.3719401,0.3638967,0.17996824,28.29481,1.7756781e-07,0.0
23.2,0.6,0.6,0.0,0.37286672,0.3694042,0.1748241,30.182962,1.3596856e-07,0.0
23.205000000000002,0.6,0.6,0.0,0.38568464,0.37770468,0.16495818,31.290014,0.62344587,0.0
23.21,0.6,0.6,0.0,0.3977792,0.38553673,0.15564902,31.50578,1.9896374,0.0
23.215,0.6,0.6,0.0,0.40919122,0.3929268,0.14686522,31.228962,3.6389437,0.0
23.22,0.4818804,0.59736687,0.3933424,0.41927415,0.3999794,0.1387603,30.729437,5.266799,0.0
23.225,0.4818804,0.59736687,0.3933424,0.42090988,0.40754905,0.1332193,30.177584,6.687409,0.0
23.23,0.4818804,0.59736687,0.3933424,0.42245328,0.41469154,0.127991,29.625845,7.8505807,0.0
23.235,0.4818804,0.59736687,0.3933424,0.4239096,0.42143095,0.12305775,29.083084,8.75496,0.0
23.240000000000002,0.5995729,0.4797128,0.6,0.4259688,0.42808747,0.118219726,28.5569,9.400105,0.0
23.245,0.5995729,0.4797128,0.6,0.43578997,0.43778908,0.111548185,28.056293,9.783438,0.0
23.25,0.5995729,0.4797128,0.6,0.44505692,0.4469432,0.10525314,27.616018,9.873493,0.0
23.255,0.5995729,0.4797128,0.6,0.4538009,0.4555807,0.09931334,27.265533,9.645114,0.0
23.26,0.25952148,0.37454832,0.6,0.46151814,0.4637189,0.09548456,27.01367,9.095907,0.0
23.265,0.25952148,0.37454832,0.6,0.46266726,0.4712611,0.1122937,26.852709,8.241224,0.0
23.27,0.25952148,0.37454832,0.6,0.46375152,0.4783777,0.12815423,26.732626,7.142279,0.0
23.275000000000002,0.25952148,0.37454832,0.6,0.4647746,0.48509267,0.14311971,26.604841,5.8566365,0.0
23.28,0.2959034,0.35747272,0.6,0.46627128,0.4908975,0.15817362,26.444244,4.414222,0.0
23.285,0.2959034,0.35747272,0.6,0.47379395,0.49026632,0.18310739,26.24803,2.8193443,0.0
23.29,0.2959034,0.35747272,0.6,0.4808921,0.48967075,0.20663406,25.136518,2.0524218,0.0
23.295,0.2959034,0.35747272,0.6,0.48758966,0.4891088,0.22883305,23.22179,1.9581152,0.0
23.3,0.39870307,0.6,0.6,0.49237403,0.48810378,0.24977927,21.12777,1.8214068,0.0
23.305,0.39870307,0.6,0.6,0.47923338,0.48169544,0.2695434,19.236374,1.21653,0.0
23.31,0.39870307,0.6,0.6,0.4668343,0.47564876,0.2881922,18.413452,2.6326068e-08,0.0
23.315,0.39870307,0.6,0.6,0.45513493,0.4699433,0.30578858,18.444183,2.0636163e-08,0.0
23.32,0.0,0.6,0.6,0.44426006,0.46448275,0.32239193,19.138853,5.329299e-08,0.0
23.325,0.0,0.6,0.6,0.43588778,0.45844382,0.3380583,20.135769,1.0714261e-07,0.0
23.330000000000002,0.0,0.6,0.6,0.427988,0.45274568,0.35284054,21.191273,5.831686e-08,0.0
23.335,0.0,0.6,0.6,0.420534,0.4473691,0.3667886,22.152576,6.420898e-08,0.0
23.34,0.0,0.6,0.6,0.41396478,0.44339088,0.3799495,22.931238,2.2614579e-08,0.0
23.345,0.0,0.6,0.6,0.41310352,0.45222887,0.39236772,23.48599,2.3587187e-08,0.0
23.35,0.0,0.6,0.6,0.41229084,0.4605681,0.40408513,24.497568,1.7284242e-07,0.0
23.355,0.0,0.6,0.6,0.41152403,0.46843672,0.41514128,26.021639,1.3259302e-07,0.0
23.36,0.0,0.6,0.6,0.4090005,0.47586128,0.4255735,27.691475,1.202348e-07,0.0
23.365000000000002,0.0,0.6,0.6,0.38591918,0.48286685,0.435417,29.246605,1.11848756e-07,0.0
23.37,0.0,0.6,0.6,0.36414045,0.48947707,0.44470498,30.399866,5.9683934e-08,0.0
23.375,0.0,0.6,0.6,0.34359077,0.49571425,0.4534688,30.946217,4.2075985e-08,0.0
23.38,0.0,0.45601073,0.6,0.32420078,0.50159943,0.46173805,30.814981,-8.514683e-09,0.0
23.385,0.0,0.45601073,0.6,0.305905,0.5071525,0.46954066,30.02301,-9.8690045e-08,0.0
23.39,0.0,0.45601073,0.6,0.28864175,0.5123922,0.47690293,28.640198,-2.3504809e-08,0.0
23.395,0.0,0.45601073,0.6,0.27235273,0.51733625,0.48384973,26.766022,-2.456614e-08,0.0
23.400000000000002,0.0,0.067736655,0.6,0.25698292,0.52200127,0.4904045,24.51714,8.403902e-08,0.0
23.405,0.0,0.067736655,0.6,0.2424805,0.526403,0.49658933,22.020924,-6.5696526e-08,0.0
23.41,0.0,0.067736655,0.6,0.2287965,0.5305563,0.50242513,19.405792,9.9616315e-09,0.0
23.415,0.0,0.067736655,0.6,0.21588473,0.53447527,0.5079316,16.78471,9.703489e-08,0.0
23.42,0.26016748,0.0,0.5929626,0.20370162,0.537523,0.5131273,14.2466545,1.0827606e-07,0.0
23.425,0.26016748,0.0,0.5929626,0.19220604,0.532923,0.51802987,11.864443,2.6392842e-08,0.0
23.43,0.26016748,0.0,0.5929626,0.1813592,0.5285826,0.5226557,8.884968,-1.4981113e-07,0.0
23.435,0.26016748,0.0,0.5929626,0.17112449,0.5244871,0.5270205,5.3461695,4.287062e-09,0.0
23.44,0.6,0.13812204,0.47364694,0.16146734,0.5188698,0.531139,1.8492522,-7.290194e-08,0.0
23.445,0.6,0.13812204,0.47364694,0.1523552,0.49341083,0.53502506,4.4647215e-09,5.911696e-08,0.0
23.45,0.6,0.13812204,0.47364694,0.14375727,0.46938857,0.5386918,3.0743692e-09,-9.598375e-09,0.0
23.455000000000002,0.6,0.13812204,0.47364694,0.13564456,0.446722,0.54215163,-4.1819595e-10,-7.2587967e-09,0.0
23.46,0.46897218,0.019549478,0.31380767,0.12916425,0.42502874,0.54538447,5.6479124e-09,-3.5422893e-08,0.0
23.465,0.46897218,0.019549478,0.31380767,0.1365572,0.4010429,0.5480695,0.022812702,1.6176164e-09,0.0
23.47,0.46897218,0.019549478,0.31380767,0.14353296,0.3784107,0.550603,-4.444218e-10,6.1282314e-08,0.0
23.475,0.46897218,0.019549478,0.31380767,0.15011504,0.3570557,0.5529935,0.104696035,9.2240775e-08,0.0
23.48,0.26642996,0.0,0.6,0.1578599,0.3375294,0.5547104,0.46874818,8.696496e-08,0.0
23.485,0.26642996,0.0,0.6,0.18281138,0.32627615,0.5501357,1.1688107,6.464462e-08,0.0
23.490000000000002,0.26642996,0.0,0.6,0.20635475,0.31565797,0.54581916,2.2476935,1.3232293e-08,0.0
23.495,0.26642996,0.0,0.6,0.2285695,0.30563903,0.54174626,3.67933,-8.5032585e-09,0.0
23.5,0.6,0.31619066,0.4824581,0.24893904,0.29565015,0.53718156,5.368218,1.5706696e-07,0.0
23.505,0.6,0.31619066,0.4824581,0.26135626,0.28006884,0.5245758,7.2022038,1.2611463e-07,0.0
23.51,0.6,0.31619066,0.4824581,0.27307275,0.26536685,0.5126815,9.068742,3.5015972e-08,0.0
23.515,0.6,0.31619066,0.4824581,0.284128,0.25149453,0.50145835,10.893081,7.804492e-08,0.0
23.52,0.6,0.4625471,0.543769,0.293645,0.23831682,0.49216065,12.648104,1.6514178e-07,0.0
23.525000000000002,0.6,0.4625471,0.543769,0.29210916,0.22486779,0.4982464,14.556145,1.6485048e-07,0.0
23.53,0.6,0.4625471,0.543769,0.29066,0.21217774,0.5039887,17.044882,1.12911465e-07,0.0
23.535,0.6,0.4625471,0.543769,0.2892926,0.20020382,0.5094069,19.962778,9.350962e-08,0.0
23.54,0.20839138,0.6,0.0,0.28950834,0.19033313,0.51398873,22.94579,1.841993e-07,0.0
23.545,0.20839138,0.6,0.0,0.30703044,0.19743569,0.51220936,25.298304,1.10641835e-07,0.0
23.55,0.20839138,0.6,0.0,0.32356372,0.20413744,0.5105304,26.950495,8.693983e-08,0.0
23.555,0.20839138,0.6,0.0,0.33916396,0.21046099,0.5089462,28.199333,-4.0839158e-08,0.0
23.56,0.23333202,0.6,0.0,0.35388383,0.21708843,0.50772816,29.257292,8.773623e-08,0.0
23.565,0.23333202,0.6,0.0,0.367773,0.2309405,0.50976205,30.261728,9.375141e-09,0.0
23.57,0.23333202,0.6,0.0,0.38087836,0.24401085,0.5116812,31.298391,6.364222e-08,0.0
23.575,0.23333202,0.6,0.0,0.39324415,0.2563436,0.51349205,32.40964,4.5138673e-08,0.0
23.580000000000002,0.4385179,0.50445855,0.0,0.4031441,0.2686009,0.51274574,33.55462,2.1286668e-08,0.0
23.585,0.4385179,0.50445855,0.0,0.39215353,0.28730288,0.48380974,34.62818,8.387837e-09,0.0
23.59,0.4385179,0.50445855,0.0,0.38178322,0.30494946,0.4565067,36.052197,1.9017892e-07,0.0
23.595,0.4385179,0.50445855,0.0,0.37199813,0.32160017,0.43074447,37.699146,1.4105532e-07,0.0
23.6,0.3670651,0.6,0.0,0.36287785,0.3373112,0.4064361,39.154472,-6.7681164e-08,0.0
23.605,0.3670651,0.6,0.0,0.35556713,0.35213563,0.3834995,40.179615,2.3029195e-08,0.0
23.61,0.3670651,0.6,0.0,0.348669,0.36612347,0.36185732,40.674076,3.411831e-08,0.0
23.615000000000002,0.3670651,0.6,0.0,0.34216014,0.37932193,0.34143648,40.627876,2.5230467e-08,0.0
23.62,0.26844305,0.6,0.0,0.33694494,0.39134422,0.32216805,40.08551,-4.8721763e-08,0.0
23.625,0.26844305,0.6,0.0,0.34267706,0.39772764,0.30398703,39.13079,3.0817453e-08,0.0
23.63,0.26844305,0.6,0.0,0.34808567,0.40375084,0.286832,37.387726,-3.0398123e-08,0.0
23.635,0.26844305,0.6,0.0,0.35318908,0.4094341,0.27064508,34.97973,-6.895404e-08,0.0
23.64,0.19720946,0.5696416,0.0,0.3576819,0.415228,0.25537166,32.319706,-2.7416604e-07,0.0
23.645,0.19720946,0.5696416,0.0,0.35821143,0.42565534,0.24096017,29.692081,-2.5863657e-11,0.0
23.650000000000002,0.19720946,0.5696416,0.0,0.35871106,0.4354942,0.22736196,27.238146,-2.5473897e-08,0.0
23.655,0.19720946,0.5696416,0.0,0.3591825,0.44477785,0.21453115,25.02295,-7.471847e-08,0.0
23.66,0.493691,0.31204295,0.0,0.3591821,0.45353755,0.20242444,23.085697,5.8029478e-08,0.0
23.665,0.493691,0.31204295,0.0,0.35406137,0.46180293,0.19100094,21.445507,-1.06742945e-07,0.0
23.67,0.493691,0.31204295,0.0,0.34922963,0.46960187,0.18022211,20.648054,2.0345054e-08,0.0
23.675,0.493691,0.31204295,0.0,0.34467056,0.4769607,0.17005156,20.682968,7.0130843e-09,0.0
23.68,0.15570875,0.0,0.0,0.34004718,0.48376715,0.16045497,21.174145,5.631112e-08,0.0
23.685,0.15570875,0.0,0.0,0.33198637,0.48861334,0.15139996,21.834188,2.2492667e-08,0.0
23.69,0.15570875,0.0,0.0,0.32438046,0.49318603,0.14285594,22.444098,4.2423444e-08,0.0
23.695,0.15570875,0.0,0.0,0.31720376,0.4975007,0.1347941,22.860401,2.335805e-08,0.0
23.7,0.3013761,0.09758297,0.0,0.3117706,0.5004089,0.1271872,23.004656,0.041943364,0.0
23.705000000000002,0.3013761,0.09758297,0.0,0.32203698,0.48977876,0.1200096,22.873058,0.14555433,0.0
23.71,0.3013761,0.09758297,0.0,0.33172402,0.47974852,0.11323705,21.10232,1.8304458,0.0
23.715,0.3013761,0.09758297,0.0,0.34086436,0.4702843,0.1068467,17.988792,4.7103367,0.0
23.72,0.24033271,0.056440387,0.059213825,0.347963,0.45994544,0.10081697,14.625787,7.5330367,0.0
23.725,0.24033271,0.056440387,0.059213825,0.33711344,0.43398914,0.09512753,11.684613,9.557393,0.0
23.73,0.24033271,0.056440387,0.059213825,0.32687616,0.40949765,0.089759156,10.213492,9.653095,0.0
23.735,0.24033271,0.056440387,0.059213825,0.3172166,0.3863883,0.084693745,10.279942,7.805885,0.0
23.740000000000002,0.38097134,0.103101686,0.33949283,0.3087598,0.36502364,0.07991419,11.3513365,4.6505666,0.0
23.745,0.38097134,0.103101686,0.33949283,0.3083431,0.34993106,0.07540436,12.957184,0.73543406,0.0
23.75,0.38097134,0.103101686,0.33949283,0.30794993,0.3356902,0.07114904,14.189623,7.68177e-08,0.0
23.755,0.38097134,0.103101686,0.33949283,0.30757895,0.322253,0.06713385,15.580632,1.1957378e-07,0.0
23.76,0.50303215,0.56368566,0.013680232,0.3069533,0.30938834,0.06361259,17.129944,1.5494969e-07,0.0
23.765,0.50303215,0.56368566,0.013680232,0.3031937,0.29511362,0.06336435,18.727165,1.08808045e-07,0.0
23.77,0.50303215,0.56368566,0.013680232,0.29964623,0.28164446,0.06313012,20.286015,6.2324276e-08,0.0
23.775000000000002,0.50303215,0.56368566,0.013680232,0.29629895,0.26893544,0.06290911,21.750591,1.031982e-07,0.0
23.78,0.39725932,0.49780142,0.03795054,0.29377553,0.2571543,0.06396594,23.097075,8.993393e-08,0.0
23.785,0.39725932,0.49780142,0.03795054,0.29869628,0.24846058,0.07951486,24.328018,7.106594e-08,0.0
23.79,0.39725932,0.49780142,0.03795054,0.30333933,0.24025747,0.094186306,24.934175,0.42929792,0.0
23.795,0.39725932,0.49780142,0.03795054,0.30772036,0.2325173,0.10802979,24.962456,1.2476169,0.0
23.8,0.6,0.5031806,0.0,0.31240523,0.22729333,0.119621105,24.771809,2.0470781,0.0
23.805,0.6,0.5031806,0.0,0.32316294,0.2462771,0.1136425,24.565027,2.6040995,0.0
23.81,0.6,0.5031806,0.0,0.33331358,0.26418954,0.108001284,24.748428,2.4738147,0.0
23.815,0.6,0.5031806,0.0,0.3428914,0.28109112,0.102678426,25.376963,1.614908,0.0
23.82,0.5285846,0.6,0.113392554,0.35145116,0.29674146,0.09776553,26.222214,0.29970276,0.0
23.825,0.5285846,0.6,0.113392554,0.35403627,0.30808794,0.09438997,26.87182,5.1276402e-08,0.0
23.830000000000002,0.5285846,0.6,0.113392554,0.3564755,0.31879413,0.0912049,27.426283,4.0319964e-08,0.0
23.835,0.5285846,0.6,0.113392554,0.35877708,0.32889614,0.08819957,27.86351,1.7535292e-08,0.0
23.84,0.6,0.6,0.08823461,0.36186406,0.3384523,0.08519251,28.143494,1.7730644e-08,0.0
23.845,0.6,0.6,0.08823461,0.37530288,0.3477485,0.080384806,28.259304,6.056893e-09,0.0
23.85,0.6,0.6,0.08823461,0.38798332,0.35652006,0.075848415,28.27172,-1.0579807e-09,0.0
23.855,0.6,0.6,0.08823461,0.39994815,0.3647966,0.07156803,28.2521,-4.241753e-09,0.0
23.86,0.34288573,0.6,0.55154574,0.41091534,0.3730432,0.06804113,28.247818,1.7185323e-09,0.0
23.865000000000002,0.34288573,0.6,0.55154574,0.4175558,0.38585114,0.070600465,28.283142,8.595222e-09,0.0
23.87,0.34288573,0.6,0.55154574,0.42382154,0.39793628,0.07301537,28.330114,5.2446105e-09,0.0
23.875,0.34288573,0.6,0.55154574,0.42973366,0.40933943,0.07529399,28.351372,2.370232e-09,0.0
23.88,0.6,0.6,0.6,0.43563458,0.42009905,0.07733044,28.32563,-8.8267305e-10,0.0
23.885,0.6,0.6,0.6,0.4449103,0.43025148,0.0779458,28.245205,1.810645e-09,0.0
23.89,0.6,0.6,0.6,0.45366254,0.43983096,0.07852643,28.12863,7.434342e-09,0.0
23.895,0.6,0.6,0.6,0.46192086,0.44886985,0.07907429,28.000278,4.8896007e-09,0.0
23.900000000000002,0.32784763,0.4609796,0.6,0.46855235,0.45739865,0.08168294,27.877193,-8.115448e-10,0.0
23.905,0.32784763,0.4609796,0.6,0.46146056,0.46544614,0.1081989,27.764791,2.2636455e-09,0.0
23.91,0.32784763,0.4609796,0.6,0.454769,0.47303948,0.13321848,28.33459,4.3583906e-08,0.0
23.915,0.32784763,0.4609796,0.6,0.44845504,0.48020428,0.15682611,29.571863,1.5094203e-07,0.0
23.92,0.35073757,0.5246725,0.6,0.44365817,0.48696476,0.17932025,31.03225,8.7090825e-08,0.0
23.925,0.35073757,0.5246725,0.6,0.4524811,0.49334374,0.20306064,32.41735,7.506536e-08,0.0
23.93,0.35073757,0.5246725,0.6,0.4608061,0.4993627,0.22546129,32.759567,0.8786009,0.0
23.935000000000002,0.35073757,0.5246725,0.6,0.46866128,0.505042,0.24659778,32.04486,2.681315,0.0
23.94,0.45231822,0.6,0.6,0.4748445,0.5097732,0.26654148,30.810326,4.787362,0.0
23.945,0.45231822,0.6,0.6,0.46654895,0.5070196,0.28535968,29.504797,6.282123,0.0
23.95,0.45231822,0.6,0.6,0.45872155,0.5044214,0.3031159,28.399809,5.844642,0.0
23.955000000000002,0.45231822,0.6,0.6,0.45133588,0.5019699,0.31987008,27.624193,2.375669,0.0
23.96,0.08335889,0.6,0.6,0.44447035,0.4999442,0.3356788,26.363161,8.494582e-08,0.0
23.965,0.08335889,0.6,0.6,0.43918067,0.50133973,0.35059533,24.764622,3.7465597e-08,0.0
23.97,0.08335889,0.6,0.6,0.43418953,0.50265646,0.3646701,24.153551,1.4551934e-09,0.0
23.975,0.08335889,0.6,0.6,0.42948005,0.5038989,0.37795058,24.598404,2.1395936e-08,0.0
23.98,0.0,0.6,0.6,0.42549494,0.5054113,0.3904816,25.643902,8.000164e-08,0.0
23.985,0.0,0.6,0.6,0.42700866,0.5107493,0.40230542,26.938597,1.2194615e-08,0.0
23.990000000000002,0.0,0.6,0.6,0.42843696,0.515786,0.413462,27.56776,4.6300425e-08,0.0
23.995,0.0,0.6,0.6,0.42978466,0.52053845,0.423989,27.330841,-2.4721794e-08,0.0
24.0,0.0,0.6,0.6,0.42939058,0.52502275,0.4339219,26.523642,-3.938234e-08,0.0
24.005,0.0,0.6,0.6,0.40986282,0.52925396,0.44329426,26.073095,-2.701854e-08,0.0
24.01,0.0,0.6,0.6,0.39143708,0.5332464,0.4521377,26.099499,2.4268088e-08,0.0
24.015,0.0,0.6,0.6,0.37405118,0.53701353,0.4604821,26.233591,-1.7482892e-08,0.0
24.02,0.0,0.4275681,0.6,0.3572701,0.54056805,0.46835557,26.233906,-3.5375376e-08,0.0
24.025000000000002,0.0,0.4275681,0.6,0.33710814,0.543922,0.47578472,25.961264,-2.7091792e-08,0.0
24.03,0.0,0.4275681,0.6,0.31808397,0.54708666,0.4827946,25.327642,1.3765039e-08,0.0
24.035,0.0,0.4275681,0.6,0.3001334,0.5500727,0.4894089,24.30042,-3.7598888e-08,0.0
24.04,0.0,0.106444396,0.6,0.28319585,0.5528903,0.49564993,22.903963,-2.3178723e-09,0.0
24.045,0.0,0.106444396,0.6,0.26721415,0.55554885,0.50153875,21.199686,-5.1759365e-08,0.0
24.05,0.0,0.106444396,0.6,0.25213435,0.55805737,0.5070953,19.271294,1.2405265e-07,0.0
24.055,0.0,0.106444396,0.6,0.23790555,0.5604243,0.5123382,17.210436,9.00595e-08,0.0
24.060000000000002,0.2607458,0.0,0.45816883,0.22447972,0.5618792,0.5172853,15.1021805,-6.9653495e-08,0.0
24.065,0.2607458,0.0,0.45816883,0.21181156,0.5542996,0.52195317,13.021926,7.5878646e-08,0.0
24.07,0.2607458,0.0,0.45816883,0.19985831,0.5471477,0.5263576,10.192787,3.8025505e-08,0.0
24.075,0.2607458,0.0,0.45816883,0.18857962,0.54039943,0.53051347,6.657203,8.21402e-08,0.0
24.080000000000002,0.6,0.0613504,0.44255605,0.17793743,0.5325822,0.53443485,3.0381355,1.8425884e-07,0.0
24.085,0.6,0.0613504,0.44255605,0.16789582,0.50853384,0.53813493,-0.00082894776,-1.7595909e-07,0.0
24.09,0.6,0.0613504,0.44255605,0.15842089,0.48584256,0.5416262,0.013506667,2.3105626e-09,0.0
24.095,0.6,0.0613504,0.44255605,0.14948066,0.46443182,0.54492044,-7.0324e-09,8.1342414e-08,0.0
24.1,0.3324578,0.0,0.5343209,0.14222214,0.4437488,0.54738843,0.008211578,2.2264903e-08,0.0
24.105,0.3324578,0.0,0.5343209,0.14891084,0.41870654,0.54235345,0.0585373,-7.9985565e-09,0.0
24.11,0.3324578,0.0,0.5343209,0.15522206,0.3950775,0.5376026,0.038103502,-6.898337e-08,0.0
24.115000000000002,0.3324578,0.0,0.5343209,0.16117713,0.37278193,0.53311986,0.07277919,-1.06641444e-07,0.0
24.12,0.18169445,0.08397328,0.6,0.16832775,0.35202155,0.5288196,0.37150234,1.8770936e-07,0.0
24.125,0.18169445,0.08397328,0.6,0.1926885,0.335618,0.5239515,1.0270147,1.3469908e-07,0.0
24.13,0.18169445,0.08397328,0.6,0.21567447,0.32014012,0.51935804,2.1137044,-5.0967097e-09,0.0
24.135,0.18169445,0.08397328,0.6,0.23736328,0.30553573,0.5150238,3.6204371,-4.8146434e-09,0.0
24.14,0.4606672,0.42336568,0.6,0.25662023,0.29147854,0.5113485,5.4440823,5.8505574e-08,0.0
24.145,0.4606672,0.42336568,0.6,0.2609,0.27502942,0.5126449,7.4475236,4.8303264e-08,0.0
24.150000000000002,0.4606672,0.42336568,0.6,0.26493824,0.25950858,0.51386815,9.442931,9.653716e-08,0.0
24.155,0.4606672,0.42336568,0.6,0.2687486,0.24486363,0.5150224,11.289802,6.8014266e-08,0.0
24.16,0.45991188,0.6,0.6,0.27166328,0.23142426,0.516408,13.177882,8.884434e-08,0.0
24.165,0.45991188,0.6,0.6,0.26658604,0.22310309,0.52112544,15.097977,6.71546e-08,0.0
24.17,0.45991188,0.6,0.6,0.2617953,0.21525152,0.5255766,17.314264,1.483935e-07,0.0
24.175,0.45991188,0.6,0.6,0.25727496,0.20784304,0.5297766,19.743753,7.457793e-09,0.0
24.18,0.0,0.6,0.4594653,0.25426915,0.20238489,0.5337395,22.099072,2.0740469e-08,0.0
24.185000000000002,0.0,0.6,0.4594653,0.26591688,0.2148556,0.5374788,24.218124,2.631017e-07,0.0
24.19,0.0,0.6,0.4594653,0.2769073,0.22662254,0.5410071,25.684185,5.9014013e-08,0.0
24.195,0.0,0.6,0.4594653,0.2872775,0.23772542,0.54433626,26.522238,-3.6117036e-08,0.0
24.2,0.0,0.6,0.48443258,0.29705906,0.24899918,0.54747754,27.000645,-2.1640572e-08,0.0
24.205000000000002,0.0,0.6,0.48443258,0.3062494,0.26880735,0.55044156,27.306145,3.7716985e-09,0.0
24.21,0.0,0.6,0.48443258,0.3149211,0.28749767,0.55323833,27.52469,8.652632e-09,0.0
24.215,0.0,0.6,0.48443258,0.32310343,0.30513325,0.55587727,27.636835,1.0510311e-08,0.0
24.22,0.0,0.6,0.6,0.32874763,0.3217736,0.5577328,27.608927,2.227671e-08,0.0
24.225,0.0,0.6,0.6,0.31019527,0.33747485,0.55218726,27.42466,-2.415822e-08,0.0
24.23,0.0,0.6,0.6,0.2926899,0.35229003,0.54695463,27.471012,8.866814e-08,0.0
24.235,0.0,0.6,0.6,0.2761724,0.36626914,0.5420173,27.661522,7.436731e-08,0.0
24.240000000000002,0.0,0.6,0.6,0.26058704,0.37945938,0.5374713,27.671406,-1.1213358e-07,0.0
24.245,0.0,0.6,0.6,0.24588121,0.39190525,0.5344781,27.315464,-2.1889099e-08,0.0
24.25,0.0,0.6,0.6,0.2320053,0.40364873,0.5316539,26.513565,7.1803834e-09,0.0
24.255,0.0,0.6,0.6,0.21891245,0.4147295,0.528989,25.262783,-1.12580494e-07,0.0
24.26,0.0,0.2568857,0.6,0.20655848,0.42518497,0.5269963,23.61115,-4.336645e-08,0.0
24.265,0.0,0.2568857,0.6,0.19490167,0.43505037,0.5311162,21.637112,4.056236e-08,0.0
24.27,0.0,0.2568857,0.6,0.18390271,0.44435903,0.53500354,19.433376,7.5335336e-08,0.0
24.275000000000002,0.0,0.2568857,0.6,0.17352445,0.45314237,0.5386715,17.085209,1.4274308e-07,0.0
24.28,0.21039252,0.0,0.31162933,0.16373187,0.46143004,0.5421325,14.674959,1.769663e-08,0.0
24.285,0.21039252,0.0,0.31162933,0.15449193,0.46925002,0.5453982,12.293524,-1.2244455e-07,0.0
24.29,0.21039252,0.0,0.31162933,0.14577343,0.4766287,0.54847956,10.036407,-7.380192e-08,0.0
24.295,0.21039252,0.0,0.31162933,0.13754693,0.48359096,0.551387,7.9894905,-6.817848e-08,0.0
24.3,0.6,0.17323655,0.34925023,0.12978469,0.48861128,0.55413043,6.219013,-1.2026138e-08,0.0
24.305,0.6,0.17323655,0.34925023,0.1224605,0.47553423,0.556719,4.7714148,5.393012e-08,0.0
24.310000000000002,0.6,0.17323655,0.34925023,0.11554964,0.46319515,0.5591615,2.963463,7.096584e-08,0.0
24.315,0.6,0.17323655,0.34925023,0.10902878,0.4515524,0.56146616,0.81845766,8.8301185e-08,0.0
24.32,0.44097587,0.0,0.29504222,0.10382577,0.43940693,0.5623388,-1.0555425e-09,-1.0618648e-08,0.0
24.325,0.44097587,0.0,0.29504222,0.10983969,0.4146097,0.5481904,4.3134202e-10,-2.9960006e-09,0.0
24.330000000000002,0.44097587,0.0,0.29504222,0.11551423,0.39121187,0.53484046,-2.8494766e-08,3.91583e-09,0.0
24.335,0.44097587,0.0,0.29504222,0.12086854,0.36913446,0.5222439,2.9447822e-08,8.916245e-08,0.0
24.34,0.29613653,0.0,0.6,0.12767963,0.34908503,0.5105281,4.994283e-05,1.236504e-07,0.0
24.345,0.29613653,0.0,0.6,0.15433428,0.3391613,0.50142664,0.14990379,-1.2602852e-08,0.0
24.35,0.29613653,0.0,0.6,0.17948471,0.3297976,0.4928388,0.67261285,5.005537e-08,0.0
24.355,0.29613653,0.0,0.6,0.20321582,0.3209623,0.4847356,1.6695312,8.4899085e-08,0.0
24.36,0.6,0.20480238,0.55134714,0.22488977,0.31184354,0.47684497,3.0933678,2.071449e-07,0.0
24.365000000000002,0.6,0.20480238,0.55134714,0.23708424,0.29424515,0.46658522,4.81549,-3.5297866e-08,0.0
24.37,0.6,0.20480238,0.55134714,0.24859054,0.2776399,0.45690447,6.6745896,6.291737e-09,0.0
24.375,0.6,0.20480238,0.55134714,0.25944752,0.26197174,0.44777003,8.533427,1.3122556e-07,0.0
24.38,0.6,0.4058761,0.5955434,0.26903787,0.24718778,0.44052786,10.314798,-7.641053e-08,0.0
24.385,0.6,0.4058761,0.5955434,0.27056715,0.23323813,0.4495274,12.233508,7.68997e-09,0.0
24.39,0.6,0.4058761,0.5955434,0.27201012,0.22007571,0.4580191,14.247867,1.7602609e-07,0.0
24.395,0.6,0.4058761,0.5955434,0.27337167,0.20765609,0.46603158,16.175606,9.769411e-08,0.0
24.400000000000002,0.22709282,0.6,0.0,0.27602822,0.19686195,0.47337222,17.914362,-2.0115495e-08,0.0
24.405,0.22709282,0.6,0.0,0.29431105,0.19731006,0.47777262,19.426146,6.1816934e-08,0.0
24.41,0.22709282,0.6,0.0,0.31156212,0.19773288,0.48192468,20.792917,6.7527914e-08,0.0
24.415,0.22709282,0.6,0.0,0.32783964,0.19813183,0.48584244,22.11484,3.132278e-08,0.0
24.42,0.21873476,0.6,0.0,0.34319857,0.19941606,0.4897386,23.45259,1.0109479e-07,0.0
24.425,0.21873476,0.6,0.0,0.35769075,0.2110673,0.49570954,24.839275,-9.214218e-09,0.0
24.43,0.21873476,0.6,0.0,0.3713651,0.22206102,0.5013435,26.290932,1.5005054e-07,0.0
24.435000000000002,0.21873476,0.6,0.0,0.38426775,0.23243433,0.5066595,27.814215,1.5193425e-08,0.0
24.44,0.41637543,0.6,0.0,0.3947587,0.24309865,0.50898683,29.408304,1.367726e-07,0.0
24.445,0.41637543,0.6,0.0,0.38529673,0.2632398,0.48026296,31.058033,1.275866e-07,0.0
24.45,0.41637543,0.6,0.0,0.37636876,0.28224432,0.45316008,33.208736,1.10771296e-07,0.0
24.455000000000002,0.41637543,0.6,0.0,0.3679446,0.30017635,0.4275867,35.665966,1.4098158e-07,0.0
24.46,0.24390043,0.6,0.0,0.3599581,0.3170964,0.40345654,37.92963,8.438726e-08,0.0
24.465,0.24390043,0.6,0.0,0.3519884,0.33306164,0.3806881,39.69611,3.6196713e-08,0.0
24.47,0.24390043,0.6,0.0,0.34446844,0.34812587,0.35920456,40.817154,6.372758e-08,0.0
24.475,0.24390043,0.6,0.0,0.33737287,0.36234,0.3389334,41.258053,3.841932e-08,0.0
24.48,0.2766633,0.6,0.0,0.33157,0.37575197,0.31980625,41.059875,3.485777e-08,0.0
24.485,0.2766633,0.6,0.0,0.33635587,0.38840705,0.3017585,40.313217,-5.287107e-09,0.0
24.490000000000002,0.2766633,0.6,0.0,0.34087163,0.40034798,0.28472924,38.64435,-8.593949e-08,0.0
24.495,0.2766633,0.6,0.0,0.34513256,0.411615,0.268661,36.17628,1.1702538e-08,0.0
24.5,0.2734087,0.6,0.0,0.34837437,0.42224622,0.25349954,33.330723,-5.834221e-08,0.0
24.505,0.2734087,0.6,0.0,0.34247854,0.43227747,0.2391937,30.409113,-3.5002888e-08,0.0
24.51,0.2734087,0.6,0.0,0.33691543,0.44174263,0.22569518,28.127071,-1.3221451e-07,0.0
24.515,0.2734087,0.6,0.0,0.3316663,0.45067364,0.21295843,26.607492,3.637098e-08,0.0
24.52,0.44734398,0.22789319,0.0,0.3268613,0.45910063,0.20094046,25.594381,6.46855e-09,0.0
24.525000000000002,0.44734398,0.22789319,0.0,0.32402846,0.46705207,0.1896007,24.893484,-1.2179287e-10,0.0
24.53,0.44734398,0.22789319,0.0,0.3213555,0.47455478,0.1789009,24.372234,-2.642654e-09,0.0
24.535,0.44734398,0.22789319,0.0,0.31883335,0.48163408,0.16880491,23.940952,-1.1045616e-08,0.0
24.54,0.17740975,0.0,0.0,0.31643885,0.48831388,0.15927868,23.537786,1.0897588e-08,0.0
24.545,0.17740975,0.0,0.0,0.31401053,0.49461672,0.15029004,23.123453,-1.43144225e-08,0.0
24.55,0.17740975,0.0,0.0,0.31171924,0.50056386,0.14180866,22.676043,-8.296418e-09,0.0
24.555,0.17740975,0.0,0.0,0.30955726,0.5061754,0.13380592,22.188536,3.5572292e-08,0.0
24.560000000000002,0.39178193,0.16178754,0.0,0.30830252,0.5097903,0.1262548,21.663847,-1.8942513e-08,0.0
24.565,0.39178193,0.16178754,0.0,0.31614912,0.49388188,0.11912981,21.122507,-5.7003153e-09,0.0
24.57,0.39178193,0.16178754,0.0,0.32355288,0.47887123,0.11240691,19.187254,1.4314839,0.0
24.575,0.39178193,0.16178754,0.0,0.33053884,0.46470767,0.1060634,16.118296,3.830275,0.0
24.580000000000002,0.18597727,0.069452316,0.10008401,0.3359119,0.45031455,0.10007788,12.951607,6.0148644,0.0
24.585,0.18597727,0.069452316,0.10008401,0.3269671,0.42490175,0.09443015,10.320904,7.2898912,0.0
24.59,0.18597727,0.069452316,0.10008401,0.31852707,0.4009231,0.089101136,9.205871,6.599933,0.0
24.595,0.18597727,0.069452316,0.10008401,0.31056333,0.37829766,0.08407286,9.612767,3.996113,0.0
24.6,0.4103633,0.12221466,0.36490968,0.30401683,0.35767946,0.07932834,10.974193,0.15164807,0.0
24.605,0.4103633,0.12221466,0.36490968,0.3089697,0.3466246,0.07485157,12.108517,8.8758625e-08,0.0
24.61,0.4103633,0.12221466,0.36490968,0.3136431,0.33619362,0.07062744,13.134984,0.072663605,0.0
24.615000000000002,0.4103633,0.12221466,0.36490968,0.31805274,0.32635128,0.066641696,13.8581505,0.21886738,0.0
24.62,0.5781293,0.54013854,0.0,0.32128438,0.31664753,0.06333272,14.439195,0.26507095,0.0
24.625,0.5781293,0.54013854,0.0,0.31364855,0.30269745,0.065406725,14.983482,0.09748424,0.0
24.63,0.5781293,0.54013854,0.0,0.30644363,0.28953463,0.06736368,15.974173,3.0094398e-08,0.0
24.635,0.5781293,0.54013854,0.0,0.2996453,0.27711463,0.0692102,17.459034,1.1259434e-07,0.0
24.64,0.27121153,0.47315326,0.13901807,0.29424366,0.26563373,0.072148114,19.166626,1.6028577e-07,0.0
24.645,0.27121153,0.47315326,0.13901807,0.3007967,0.2575401,0.08866965,20.897943,1.8074877e-07,0.0
24.650000000000002,0.27121153,0.47315326,0.13901807,0.3069799,0.24990323,0.10425882,22.034597,0.38929722,0.0
24.655,0.27121153,0.47315326,0.13901807,0.31281418,0.24269733,0.11896824,22.553612,1.2078435,0.0
24.66,0.6,0.6,0.0,0.31907663,0.23778488,0.1312001,22.79139,2.0726547,0.0
24.665,0.6,0.6,0.0,0.33369586,0.25484774,0.12379604,22.952356,2.75727,0.0
24.67,0.6,0.6,0.0,0.34749007,0.27094766,0.11680981,23.517614,2.7325993,0.0
24.675,0.6,0.6,0.0,0.36050582,0.286139,0.11021783,24.56439,1.9338126,0.0
24.68,0.569352,0.6,0.08289424,0.37140143,0.30017066,0.104625486,25.836353,0.66579694,0.0
24.685000000000002,0.569352,0.6,0.08289424,0.36574736,0.30993265,0.10656638,26.968084,4.900701e-08,0.0
24.69,0.569352,0.6,0.08289424,0.3604124,0.31914374,0.10839774,28.458773,7.22902e-08,0.0
24.695,0.569352,0.6,0.08289424,0.35537848,0.32783502,0.11012575,30.364626,1.7858218e-07,0.0
24.7,0.5792935,0.6,0.009184456,0.35211304,0.3366085,0.11112862,32.305706,1.092559e-07,0.0
24.705000000000002,0.5792935,0.6,0.009184456,0.36610216,0.3514726,0.10485725,34.044376,0.0021784324,0.0
24.71,0.5792935,0.6,0.009184456,0.37930182,0.36549783,0.0989398,34.789036,0.81729907,0.0
24.715,0.5792935,0.6,0.009184456,0.39175656,0.37873158,0.09335629,34.53438,2.4982786,0.0
24.72,0.6,0.6,0.20861758,0.40337008,0.3912185,0.088462114,33.721767,4.533953,0.0
24.725,0.6,0.6,0.20861758,0.412737,0.40300077,0.0881479,32.65747,6.5768685,0.0
24.73,0.6,0.6,0.20861758,0.42157534,0.4141181,0.08785142,31.534267,8.415404,0.0
24.735,0.6,0.6,0.20861758,0.4299149,0.42460805,0.08757167,30.466381,9.930841,0.0
24.740000000000002,0.6,0.6,0.6,0.4378287,0.43450603,0.086974934,29.517944,11.062793,0.0
24.745,0.6,0.6,0.6,0.44581205,0.44384542,0.082584955,28.719116,11.789471,0.0
24.75,0.6,0.6,0.6,0.45334485,0.45265776,0.078442715,28.08044,12.110566,0.0
24.755,0.6,0.6,0.6,0.46045256,0.4609728,0.07453424,27.597073,12.0419,0.0
24.76,0.37088358,0.6,0.6,0.46725264,0.46881858,0.0717467,27.252378,11.611022,0.0
24.765,0.37088358,0.6,0.6,0.47474402,0.4762216,0.07947079,27.023865,10.850505,0.0
24.77,0.37088358,0.6,0.6,0.48181266,0.48320684,0.086758986,26.893183,9.786963,0.0
24.775000000000002,0.37088358,0.6,0.6,0.4884824,0.4897979,0.09363588,26.842117,8.445685,0.0
24.78,0.30357635,0.54771906,0.6,0.4947757,0.49601698,0.10189165,26.85059,6.8530536,0.0
24.785,0.30357635,0.54771906,0.6,0.5007139,0.5018851,0.1300016,26.899214,5.0337443,0.0
24.79,0.30357635,0.54771906,0.6,0.50631696,0.5074221,0.15652522,26.971247,3.0087366,0.0
24.795,0.30357635,0.54771906,0.6,0.51160383,0.51264656,0.18155202,27.053484,0.7944985,0.0
24.8,0.34502703,0.6,0.6,0.51555794,0.5175762,0.20516647,26.86301,8.668566e-09,0.0
24.805,0.34502703,0.6,0.6,0.5073935,0.52222764,0.22744828,26.647247,-7.0764314e-09,0.0
24.810000000000002,0.34502703,0.6,0.6,0.49968976,0.52661663,0.24847265,27.287035,3.636405e-08,0.0
24.815,0.34502703,0.6,0.6,0.4924208,0.5307579,0.26831055,28.746635,5.8351173e-08,0.0
24.82,0.030910583,0.6,0.6,0.48525816,0.53442943,0.2870289,30.513199,1.245624e-07,0.0
24.825,0.030910583,0.6,0.6,0.47500524,0.53517944,0.30469093,32.224964,1.7721668e-07,0.0
24.830000000000002,0.030910583,0.6,0.6,0.46533093,0.53588706,0.32135624,33.6476,1.1134537e-07,0.0
24.835,0.030910583,0.6,0.6,0.45620257,0.53655475,0.33708104,34.660034,6.022736e-08,0.0
24.84,0.0,0.6,0.6,0.4477765,0.5374208,0.35191846,35.228172,3.015938e-08,0.0
24.845,0.0,0.6,0.6,0.441978,0.5409524,0.36591855,35.374935,1.9452437e-09,0.0
24.85,0.0,0.6,0.6,0.43650675,0.54428464,0.37912858,35.156715,-3.7482568e-08,0.0
24.855,0.0,0.6,0.6,0.43134424,0.54742885,0.3915931,34.6451,-5.503713e-08,0.0
24.86,0.0,0.6,0.6,0.42505494,0.5503956,0.4033542,33.915344,6.7183894e-09,0.0
24.865000000000002,0.0,0.6,0.6,0.40281203,0.55319494,0.4144516,33.031685,1.4203057e-08,0.0
24.87,0.0,0.6,0.6,0.38182437,0.5558363,0.42492273,31.955137,4.57666e-08,0.0
24.875,0.0,0.6,0.6,0.36202112,0.5583286,0.43480295,30.636272,-5.4235898e-08,0.0
24.88,0.0,0.6,0.6,0.34319586,0.56068027,0.4441256,29.070438,-6.639299e-08,0.0
24.885,0.0,0.6,0.6,0.32382813,0.56289923,0.4529221,27.277994,1.695799e-08,0.0
24.89,0.0,0.6,0.6,0.3055534,0.56499296,0.4612222,25.284637,-5.934627e-10,0.0
24.895,0.0,0.6,0.6,0.28831,0.56696856,0.4690539,23.12912,8.340357e-08,0.0
24.900000000000002,0.0,0.6,0.6,0.27203968,0.56883264,0.47644362,20.870316,8.4257714e-08,0.0
24.905,0.0,0.6,0.6,0.25668755,0.5705915,0.48341632,18.580042,-4.0319417e-08,0.0
24.91,0.0,0.6,0.6,0.2422018,0.57225114,0.48999554,16.327843,-8.761533e-08,0.0
24.915,0.0,0.6,0.6,0.22853354,0.57381713,0.49620348,14.1686125,-6.796501e-08,0.0
24.92,0.033842113,0.18406755,0.6,0.21563661,0.57529473,0.50206107,12.14065,-4.702675e-08,0.0
24.925,0.033842113,0.18406755,0.6,0.2034675,0.57668895,0.5075881,10.269239,-6.5664146e-08,0.0
24.93,0.033842113,0.18406755,0.6,0.19198515,0.5780045,0.5128032,8.572489,2.5193101e-08,0.0
24.935000000000002,0.033842113,0.18406755,0.6,0.18115076,0.57924575,0.51772404,7.0661917,-6.344523e-08,0.0
24.94,0.43046424,0.3043769,0.52366316,0.17092781,0.580417,0.5223672,5.7633095,-4.1480753e-08,0.0
24.945,0.43046424,0.3043769,0.52366316,0.16128176,0.5815221,0.52674824,4.667198,1.042566e-09,0.0
24.95,0.43046424,0.3043769,0.52366316,0.15218009,0.5825649,0.53088206,3.7737403,3.8012764e-08,0.0
24.955000000000002,0.43046424,0.3043769,0.52366316,0.14359204,0.58354884,0.53478265,3.0605083,3.938673e-08,0.0
24.96,0.047557462,0.0,0.5358998,0.13564144,0.58259946,0.5384631,2.493808,1.6246156e-08,0.0
24.965,0.047557462,0.0,0.5358998,0.12989655,0.56010896,0.54193586,1.1278262,-1.1992353e-07,0.0
24.97,0.047557462,0.0,0.5358998,0.124475874,0.5388877,0.5452126,5.988739e-09,-3.6570054e-08,0.0
24.975,0.047557462,0.0,0.5358998,0.1193611,0.518864,0.54830444,5.003815e-09,3.7448046e-08,0.0
24.98,0.0,0.0,0.6,0.116325594,0.50051343,0.55087715,-1.3604895e-08,1.2415918e-08,0.0
24.985,0.0,0.0,0.6,0.13405351,0.4894448,0.5493414,9.36362e-10,-4.20443e-08,0.0
24.990000000000002,0.0,0.0,0.6,0.15078098,0.47900078,0.5478923,5.1849507e-09,-1.2544717e-08,0.0
24.995,0.0,0.0,0.6,0.16656446,0.46914616,0.54652494,5.9273226e-09,-1.458987e-07,0.0
25.0,0.45041272,0.0,0.38832346,0.17972854,0.4584735,0.54529,1.5403687e-08,8.5450154e-08,0.0
25.005,0.45041272,0.0,0.38832346,0.17226967,0.4326003,0.54476005,-9.38587e-09,-1.5550592e-07,0.0
25.01,0.45041272,0.0,0.38832346,0.16523173,0.40818718,0.54426,0.32280192,-1.01280605e-07,0.0
25.015,0.45041272,0.0,0.38832346,0.15859097,0.38515177,0.54378825,1.0315111,-5.147284e-08,0.0
25.02,0.6,0.03590609,0.4744652,0.15211026,0.36341634,0.54363245,1.9677614,4.712102e-08,0.0
25.025000000000002,0.6,0.03590609,0.4744652,0.14352617,0.34290752,0.5468135,2.9851205,-1.7001272e-08,0.0
25.03,0.6,0.03590609,0.4744652,0.13542649,0.32355607,0.549815,3.9586132,6.174589e-08,0.0
25.035,0.6,0.03590609,0.4744652,0.12778391,0.3052967,0.5526471,4.7928405,3.6003588e-08,0.0
25.04,0.4081712,0.24314874,0.0,0.12260609,0.28806776,0.5543637,5.434893,-2.3631605e-08,0.0
25.045,0.4081712,0.24314874,0.0,0.14110534,0.27181113,0.5449935,5.8806634,1.1325739e-07,0.0
25.05,0.4081712,0.24314874,0.0,0.1585606,0.2564719,0.53615206,6.056479,3.796695e-08,0.0
25.055,0.4081712,0.24314874,0.0,0.17503081,0.24199831,0.5278096,6.3499684,9.562082e-10,0.0
25.060000000000002,0.15362896,0.06293918,0.10855049,0.1912469,0.22850363,0.52032685,6.9691896,-5.0299573e-08,0.0
25.065,0.15362896,0.06293918,0.10855049,0.21431422,0.2176347,0.5177387,7.875591,1.1590881e-07,0.0
25.07,0.15362896,0.06293918,0.10855049,0.23607978,0.20737913,0.51529664,9.053775,1.3580198e-07,0.0
25.075,0.15362896,0.06293918,0.10855049,0.25661704,0.19770232,0.5129924,10.490913,8.378318e-08,0.0
25.080000000000002,0.6,0.19126122,0.26097953,0.27512926,0.18950723,0.5086761,12.152938,1.7506238e-07,0.0
25.085,0.6,0.19126122,0.26097953,0.28263727,0.1925344,0.4799698,13.987086,1.1608295e-07,0.0
25.09,0.6,0.19126122,0.26097953,0.28972158,0.19539075,0.45288348,15.881762,4.0464316e-09,0.0
25.095,0.6,0.19126122,0.26097953,0.2964061,0.19808589,0.42732573,17.732723,3.1848803e-08,0.0
25.1,0.6,0.36923805,0.35109016,0.30156422,0.19981535,0.40370035,19.479204,9.595603e-09,0.0
25.105,0.6,0.36923805,0.35109016,0.29321572,0.19209096,0.38704404,21.085173,8.673509e-08,0.0
25.11,0.6,0.36923805,0.35109016,0.28533837,0.18480249,0.3713277,22.949501,1.4647614e-07,0.0
25.115000000000002,0.6,0.36923805,0.35109016,0.27790555,0.17792532,0.35649827,25.037958,8.0028066e-08,0.0
25.12,0.22433929,0.49429265,0.039361972,0.27290744,0.17201559,0.3431939,27.07455,1.07392836e-07,0.0
25.125,0.22433929,0.49429265,0.039361972,0.2913664,0.1731017,0.33855426,28.916786,4.5323457e-08,0.0
25.13,0.22433929,0.49429265,0.039361972,0.30878365,0.17412649,0.33417645,30.185484,8.811979e-08,0.0
25.135,0.22433929,0.49429265,0.039361972,0.325218,0.17509346,0.3300457,30.950102,8.128723e-08,0.0
25.14,0.34559813,0.6,0.0,0.3407249,0.17680937,0.3265549,31.494806,5.4096773e-08,0.0
25.145,0.34559813,0.6,0.0,0.35535666,0.18766877,0.3279395,31.996468,3.5720635e-08,0.0
25.150000000000002,0.34559813,0.6,0.0,0.3691627,0.19791535,0.32924598,32.561188,2.7901239e-08,0.0
25.155,0.34559813,0.6,0.0,0.38218963,0.20758367,0.33047873,33.243225,2.900178e-08,0.0
25.16,0.47123367,0.6,0.0,0.39278543,0.21727096,0.33023456,34.06249,1.0365171e-07,0.0
25.165,0.47123367,0.6,0.0,0.38327944,0.23290424,0.31381962,35.00834,6.171202e-08,0.0
25.17,0.47123367,0.6,0.0,0.3743099,0.24765527,0.29833102,36.59581,8.382527e-08,0.0
25.175,0.47123367,0.6,0.0,0.36584654,0.26157385,0.28371653,38.678658,7.320661e-08,0.0
25.18,0.3439901,0.6,0.0,0.35840824,0.2751842,0.26974908,40.75474,1.08186065e-07,0.0
25.185000000000002,0.3439901,0.6,0.0,0.35768533,0.29351467,0.25452623,42.49883,1.0998594e-07,0.0
25.19,0.3439901,0.6,0.0,0.3570032,0.3108107,0.24016245,43.74015,5.9299218e-08,0.0
25.195,0.3439901,0.6,0.0,0.35635957,0.32713062,0.22660926,44.421993,1.708656e-08,0.0
25.2,0.23877826,0.6,0.0,0.35631946,0.34252957,0.21382093,44.56049,-1.1929964e-09,0.0
25.205000000000002,0.23877826,0.6,0.0,0.36280447,0.3570595,0.20175429,44.218575,-6.757359e-09,0.0
25.21,0.23877826,0.6,0.0,0.36892352,0.37076947,0.19036861,42.771996,0.96556586,0.0
25.215,0.23877826,0.6,0.0,0.37469724,0.38370574,0.17962545,40.39107,2.7391982,0.0
25.22,0.33780757,0.5753776,0.0,0.37957066,0.39591196,0.16948858,37.628017,4.6802,0.0
25.225,0.33780757,0.5753776,0.0,0.37756273,0.40742934,0.15992376,34.847,6.3764176,0.0
25.23,0.33780757,0.5753776,0.0,0.3756681,0.41829675,0.15089872,32.977448,6.803135,0.0
25.235,0.33780757,0.5753776,0.0,0.37388042,0.4285509,0.142383,32.068714,5.9447055,0.0
25.240000000000002,0.49325705,0.49489844,0.0,0.37171862,0.43822637,0.13434784,31.696163,4.3015594,0.0
25.245,0.49325705,0.49489844,0.0,0.36421633,0.4473558,0.12676613,31.566513,2.2141132,0.0
25.25,0.49325705,0.49489844,0.0,0.35713744,0.45597005,0.119612284,31.44019,-6.6125796e-07,0.0
25.255,0.49325705,0.49489844,0.0,0.35045803,0.46409816,0.112862155,30.834349,-3.439955e-08,0.0
25.26,0.16550693,0.0,0.0,0.34460264,0.4716564,0.10649296,30.19343,-2.6904035e-08,0.0
25.265,0.16550693,0.0,0.0,0.34421918,0.47750974,0.1004832,29.471062,-4.5088573e-08,0.0
25.27,0.16550693,0.0,0.0,0.34385735,0.48303276,0.094812594,28.688354,-9.502431e-09,0.0
25.275000000000002,0.16550693,0.0,0.0,0.34351593,0.4882441,0.089462,27.888222,5.175238e-08,0.0
25.28,0.537837,0.11708105,0.08542557,0.34389558,0.492798,0.08441335,27.103186,-1.40329295e-08,0.0
25.285,0.537837,0.11708105,0.08542557,0.35232458,0.49291652,0.07964962,25.705585,0.5911311,0.0
25.29,0.537837,0.11708105,0.08542557,0.36027786,0.49302837,0.07515472,23.825195,1.4616201,0.0
25.295,0.537837,0.11708105,0.08542557,0.36778232,0.4931339,0.070913486,21.933939,2.0771067,0.0
25.3,0.4426366,0.0,0.34399882,0.3733836,0.49099916,0.06691159,20.310875,2.1333194,0.0
25.305,0.4426366,0.0,0.34399882,0.36165243,0.4632904,0.06313554,18.137003,2.556597,0.0
25.310000000000002,0.4426366,0.0,0.34399882,0.35058329,0.43714535,0.05957259,16.273056,2.370507,0.0
25.315,0.4426366,0.0,0.34399882,0.3401388,0.41247576,0.056210704,15.293384,0.95777506,0.0
25.32,0.37316388,0.0,0.51593107,0.33196467,0.38972694,0.05342421,14.804593,-8.140225e-09,0.0
25.325,0.37316388,0.0,0.51593107,0.34358275,0.3743406,0.055230156,14.760192,-1.2387431e-09,0.0
25.330000000000002,0.37316388,0.0,0.51593107,0.35454518,0.35982257,0.056934185,14.7807,-3.035187e-09,0.0
25.335,0.37316388,0.0,0.51593107,0.36488897,0.34612384,0.05854205,14.765123,-2.2179716e-09,0.0
25.34,0.6,0.21993251,0.25164485,0.3742192,0.3326696,0.061226554,14.914484,1.30140965e-08,0.0
25.345,0.6,0.21993251,0.25164485,0.37808025,0.3138959,0.07718436,15.333185,5.4036857e-08,0.0
25.35,0.6,0.21993251,0.25164485,0.38172337,0.29618168,0.09224161,16.056797,1.9545737e-08,0.0
25.355,0.6,0.21993251,0.25164485,0.38516092,0.27946714,0.10644913,17.0721,4.0264272e-08,0.0
25.36,0.3279259,0.29409507,0.33656314,0.38809082,0.26369587,0.120631084,18.33538,1.9681623e-08,0.0
25.365000000000002,0.3279259,0.29409507,0.33656314,0.38724843,0.24881461,0.14293921,19.7902,6.7345994e-08,0.0
25.37,0.3279259,0.29409507,0.33656314,0.3864536,0.23477316,0.16398841,21.986156,2.1226236e-07,0.0
25.375,0.3279259,0.29409507,0.33656314,0.38570362,0.2215241,0.18384974,24.914513,1.9955347e-07,0.0
25.38,0.5774975,0.6,0.0,0.38602006,0.21001567,0.20139705,28.210335,2.0021317e-07,0.0
25.385,0.5774975,0.6,0.0,0.3980957,0.21057531,0.20423271,30.946045,0.37166303,0.0
25.39,0.5774975,0.6,0.0,0.40948984,0.21110336,0.20690833,33.15179,1.0726355,0.0
25.395,0.5774975,0.6,0.0,0.42024097,0.21160163,0.20943296,35.144585,1.7602787,0.0
25.400000000000002,0.30942938,0.40953085,0.014395792,0.42915705,0.21240659,0.2121985,36.999157,2.3585553,0.0
25.405,0.30942938,0.40953085,0.014395792,0.42344424,0.21701655,0.21921682,38.75706,2.830067,0.0
25.41,0.30942938,0.40953085,0.014395792,0.4180538,0.22136635,0.22583908,41.191624,2.3223853,0.0
25.415,0.30942938,0.40953085,0.014395792,0.4129676,0.22547068,0.23208761,44.161224,1.0241272,0.0
25.42,0.51213485,0.5734336,0.0,0.40929514,0.23072445,0.23646405,47.03178,1.9552061e-07,0.0
25.425,0.51213485,0.5734336,0.0,0.41878736,0.25156394,0.22311959,49.486126,0.0037815263,0.0
25.43,0.51213485,0.5734336,0.0,0.4277439,0.27122736,0.2105282,50.907806,5.7885686e-08,0.0
25.435000000000002,0.51213485,0.5734336,0.0,0.43619502,0.28978112,0.19864736,50.978706,0.79688615,0.0
25.44,0.34677824,0.5966794,0.0,0.44295895,0.30642793,0.18750201,50.050087,2.5053313,0.0
25.445,0.34677824,0.5966794,0.0,0.43542343,0.31224638,0.17773303,48.511127,4.6687994,0.0
25.45,0.34677824,0.5966794,0.0,0.42831317,0.31773648,0.16851535,47.492104,6.020642,0.0
25.455000000000002,0.34677824,0.5966794,0.0,0.42160416,0.32291675,0.15981786,47.15084,6.415258,0.0
25.46,0.35772163,0.4263594,0.0,0.4161889,0.32854465,0.15154621,47.10617,6.30051,0.0
25.465,0.35772163,0.4263594,0.0,0.42160344,0.34236458,0.14299394,47.124058,5.9480486,0.0
25.47,0.35772163,0.4263594,0.0,0.42671242,0.3554046,0.13492431,46.26686,6.402744,0.0
25.475,0.35772163,0.4263594,0.0,0.4315331,0.3677087,0.12731007,44.501186,7.6727743,0.0
25.48,0.3703871,0.40649888,0.0,0.4353352,0.3794234,0.120125525,42.29549,9.214105,0.0
25.485,0.3703871,0.40649888,0.0,0.4303376,0.3916839,0.113346435,39.969193,10.663195,0.0
25.490000000000002,0.3703871,0.40649888,0.0,0.42562208,0.4032525,0.10694991,38.519646,10.921148,0.0
25.495,0.3703871,0.40649888,0.0,0.42117265,0.41416824,0.10091436,37.98447,9.982907,0.0
25.5,0.54976356,0.6,0.0,0.41702372,0.42369902,0.09521942,37.892506,8.394347,0.0
25.505,0.54976356,0.6,0.0,0.4136771,0.42384917,0.08984586,37.940956,6.5006456,0.0
25.51,0.54976356,0.6,0.0,0.41051933,0.42399082,0.08477555,38.001698,4.4456115,0.0
25.515,0.54976356,0.6,0.0,0.40753978,0.42412448,0.07999138,38.02814,2.2797062,0.0
25.52,0.2097596,0.4115252,0.0583398,0.40478554,0.42416093,0.07547719,37.998623,0.024543323,0.0
25.525000000000002,0.2097596,0.4115252,0.0583398,0.4028443,0.4231642,0.07121775,37.53867,4.180502e-09,0.0
25.53,0.2097596,0.4115252,0.0583398,0.40101263,0.42222372,0.067198694,36.37445,0.70972896,0.0
25.535,0.2097596,0.4115252,0.0583398,0.39928433,0.42133632,0.063406445,34.5258,1.9411694,0.0
25.54,0.5751421,0.37924013,0.0,0.3984634,0.4213726,0.059828203,32.448402,3.1706483,0.0
25.545,0.5751421,0.37924013,0.0,0.4070018,0.43145314,0.056451894,31.255524,3.1586928,0.0
25.55,0.5751421,0.37924013,0.0,0.4150583,0.44096482,0.053266123,30.293888,2.6700878,0.0
25.555,0.5751421,0.37924013,0.0,0.4226602,0.44993973,0.050260134,29.165474,2.1521587,0.0
25.560000000000002,0.33362037,0.4290861,0.1323946,0.4282981,0.45755723,0.04768717,28.044298,1.4093632,0.0
25.565,0.33362037,0.4290861,0.1323946,0.4159652,0.45495948,0.048288334,27.031898,0.331755,0.0
25.57,0.33362037,0.4290861,0.1323946,0.40432832,0.45250833,0.048855573,25.886425,1.5838536e-08,0.0
25.575,0.33362037,0.4290861,0.1323946,0.39334813,0.45019552,0.0493908,24.723402,-1.8312893e-08,0.0
25.580000000000002,0.434454,0.493166,0.39832386,0.38463718,0.44786745,0.049632438,23.606052,-6.070673e-10,0.0
25.585,0.434454,0.493166,0.39832386,0.395388,0.44399458,0.04683151,22.544607,2.6396425e-08,0.0
25.59,0.434454,0.493166,0.39832386,0.40553215,0.44034028,0.04418865,20.963408,0.5132882,0.0
25.595,0.434454,0.493166,0.39832386,0.41510382,0.43689218,0.04169493,19.04567,1.1384032,0.0
25.6,0.28945196,0.59094125,0.57147235,0.42304495,0.43386373,0.039939664,17.269537,1.3391633,0.0
25.605,0.28945196,0.59094125,0.57147235,0.4179984,0.4335941,0.045157213,15.885515,0.84810054,0.0
25.61,0.28945196,0.59094125,0.57147235,0.41323668,0.43333972,0.050080314,15.495709,-6.275309e-09,0.0
25.615000000000002,0.28945196,0.59094125,0.57147235,0.40874365,0.43309966,0.05472559,15.940742,6.6035774e-08,0.0
25.62,0.4195889,0.48087898,0.6,0.4049594,0.43316245,0.060309302,16.969576,8.381491e-08,0.0
25.625,0.4195889,0.48087898,0.6,0.4066239,0.43654865,0.07938462,18.934364,1.6447328e-07,0.0
25.63,0.4195889,0.48087898,0.6,0.40819445,0.43974376,0.09738345,21.009474,0.04652966,0.0
25.635,0.4195889,0.48087898,0.6,0.40967637,0.44275856,0.114366546,22.590406,0.36378005,0.0
25.64,0.35684368,0.38657367,0.6,0.41042003,0.44604465,0.13117294,23.694616,0.9554594,0.0
25.645,0.35684368,0.38657367,0.6,0.4035934,0.45422167,0.15602054,24.384369,1.7482821,0.0
25.650000000000002,0.35684368,0.38657367,0.6,0.397152,0.46193722,0.1794659,25.465626,1.8412436,0.0
25.655,0.35684368,0.38657367,0.6,0.39107412,0.46921736,0.20158817,26.917032,1.2812741,0.0
25.66,0.3022177,0.4611494,0.6,0.38592675,0.47558975,0.22259079,28.30455,0.5687234,0.0
25.665,0.3022177,0.4611494,0.6,0.3878264,0.47588825,0.24388927,29.39394,-8.3098975e-08,0.0
25.67,0.3022177,0.4611494,0.6,0.38961887,0.47616988,0.2639858,29.355421,0.81310564,0.0
25.675,0.3022177,0.4611494,0.6,0.3913102,0.47643563,0.28294826,28.374035,2.4187393,0.0
25.68,0.48808983,0.6,0.6,0.39262277,0.47626063,0.30084056,27.102032,3.359421,0.0
25.685000000000002,0.48808983,0.6,0.6,0.39060363,0.4711993,0.31772316,25.077032,3.0765924,0.0
25.69,0.48808983,0.6,0.6,0.38869843,0.4664236,0.333653,23.24424,-4.2147485e-07,0.0
25.695,0.48808983,0.6,0.6,0.38690075,0.4619174,0.34868386,21.104486,-5.1703523e-08,0.0
25.7,0.103181615,0.6,0.6,0.3849579,0.45800218,0.3628665,19.472673,1.4838931e-08,0.0
25.705000000000002,0.103181615,0.6,0.6,0.3802886,0.4581798,0.37624875,18.340616,1.4741127e-09,0.0
25.71,0.103181615,0.6,0.6,0.3758828,0.45834738,0.38887578,18.343803,1.6288423e-08,0.0
25.715,0.103181615,0.6,0.6,0.37172562,0.4585055,0.40079024,19.422651,1.5998643e-07,0.0
25.72,0.016500898,0.6,0.6,0.3686422,0.4592816,0.41203234,21.06825,1.3854611e-07,0.0
25.725,0.016500898,0.6,0.6,0.37538305,0.4672228,0.42264,22.898684,1.6495694e-08,0.0
25.73,0.016500898,0.6,0.6,0.3817435,0.4747159,0.43264902,24.077715,1.8388711e-08,0.0
25.735,0.016500898,0.6,0.6,0.38774496,0.4817861,0.4420932,24.418219,3.6964014e-08,0.0
25.740000000000002,0.0,0.6,0.6,0.39167002,0.48845732,0.45100442,24.177763,-2.2883874e-08,0.0
25.745,0.0,0.6,0.6,0.37538964,0.49475205,0.45941275,23.569237,6.050266e-08,0.0
25.75,0.0,0.6,0.6,0.360028,0.50069153,0.46734658,23.26981,5.035287e-08,0.0
25.755,0.0,0.6,0.6,0.34553328,0.50629586,0.47483265,23.335007,2.3209244e-08,0.0
25.76,0.0,0.39055675,0.6,0.3314652,0.5115839,0.48189628,23.455973,3.3118035e-08,0.0
25.765,0.0,0.39055675,0.6,0.3136907,0.51657355,0.48856127,23.430922,6.7820825e-09,0.0
25.77,0.0,0.39055675,0.6,0.29691926,0.5212816,0.49485013,23.11755,1.871591e-08,0.0
25.775000000000002,0.0,0.39055675,0.6,0.28109428,0.52572393,0.5007841,22.441925,-2.6534117e-08,0.0
25.78,0.0,0.0,0.6,0.2660879,0.5299156,0.5063832,21.39896,1.1617305e-07,0.0
25.785,0.0,0.0,0.6,0.25107163,0.5338707,0.5116663,20.02898,3.6338985e-08,0.0
25.79,0.0,0.0,0.6,0.2369028,0.5376026,0.5166513,18.394125,-4.342817e-08,0.0
25.795,0.0,0.0,0.6,0.22353357,0.5411239,0.5213549,16.567488,1.3496377e-08,0.0
25.8,0.266239,0.0,0.4594231,0.21091881,0.54350096,0.52579314,14.625963,1.953497e-08,0.0
25.805,0.266239,0.0,0.4594231,0.19901595,0.5348698,0.5299809,12.648951,-1.769749e-08,0.0
25.810000000000002,0.266239,0.0,0.4594231,0.18778479,0.5267257,0.5339323,9.908607,2.6848844e-07,0.0
25.815,0.266239,0.0,0.4594231,0.17718746,0.51904124,0.5376608,6.4762654,-2.7809764e-07,0.0
25.82,0.6,0.0,0.6,0.16718817,0.51002717,0.5411788,2.980834,5.2879045e-08,0.0
25.825,0.6,0.0,0.6,0.15775317,0.4812446,0.5444983,-0.004058496,-9.546067e-07,0.0
25.830000000000002,0.6,0.0,0.6,0.14885062,0.45408633,0.5476305,0.053277243,1.4492567e-10,0.0
25.835,0.6,0.0,0.6,0.14045048,0.4284607,0.55058587,0.13031778,3.37481e-08,0.0
25.84,0.42502192,0.1906913,0.37878564,0.13372636,0.4042812,0.5527398,0.28069195,6.6959736e-08,0.0
25.845,0.42502192,0.1906913,0.37878564,0.14120449,0.38146624,0.5474736,0.53939974,-7.786711e-09,0.0
25.85,0.42502192,0.1906913,0.37878564,0.14826061,0.3599388,0.5425046,0.76847935,1.9973346e-08,0.0
25.855,0.42502192,0.1906913,0.37878564,0.15491854,0.33962622,0.53781605,1.0476354,1.5944498e-07,0.0
25.86,0.14259093,0.17671475,0.6,0.16270755,0.32045996,0.53402674,1.5353453,8.4065405e-08,0.0
25.865000000000002,0.14259093,0.17671475,0.6,0.18738545,0.30237532,0.5377498,2.2881901,-6.1846684e-08,0.0
25.87,0.14259093,0.17671475,0.6,0.21067071,0.28531125,0.5412628,3.3823144,1.3161683e-07,0.0
25.875,0.14259093,0.17671475,0.6,0.23264189,0.26921016,0.54457754,4.82805,-1.3882472e-09,0.0
25.88,0.42210332,0.28332612,0.6,0.2525832,0.2548786,0.5467065,6.549175,8.053927e-08,0.0
25.885,0.42210332,0.28332612,0.6,0.2623145,0.2512563,0.53723013,8.673173,2.9243678e-08,0.0
25.89,0.42210332,0.28332612,0.6,0.27149662,0.2478384,0.52828854,11.060795,1.17824776e-07,0.0
25.895,0.42210332,0.28332612,0.6,0.28016058,0.2446134,0.51985157,13.219918,1.13607435e-07,0.0
25.900000000000002,0.4412796,0.6,0.6,0.2870605,0.24150729,0.51288944,14.988269,-4.103602e-08,0.0
25.905,0.4412796,0.6,0.6,0.2789076,0.23785083,0.5178054,16.423395,3.5354542e-08,0.0
25.91,0.4412796,0.6,0.6,0.27121478,0.23440072,0.5224439,17.982822,9.2228625e-08,0.0
25.915,0.4412796,0.6,0.6,0.2639561,0.2311453,0.52682066,19.68451,6.418448e-08,0.0
25.92,0.0,0.6,0.42523375,0.25836897,0.22855492,0.5309504,21.293388,-8.570813e-09,0.0
25.925,0.0,0.6,0.42523375,0.26760906,0.23164585,0.53484714,22.678892,9.9202396e-08,0.0
25.93,0.0,0.6,0.42523375,0.2763277,0.23456235,0.5385239,23.664349,6.794193e-08,0.0
25.935000000000002,0.0,0.6,0.42523375,0.2845543,0.23731425,0.5419932,24.301836,-2.4463722e-09,0.0
25.94,0.0,0.6,0.5547261,0.29240325,0.24134053,0.54526675,24.746449,-2.7034666e-08,0.0
25.945,0.0,0.6,0.5547261,0.30080485,0.2615809,0.5483555,25.106285,6.1343655e-08,0.0
25.95,0.0,0.6,0.5547261,0.30873233,0.28067905,0.55127,25.45737,2.160908e-08,0.0
25.955000000000002,0.0,0.6,0.5547261,0.31621242,0.2986994,0.55402,25.781633,-5.4224977e-08,0.0
25.96,0.0,0.6,0.6,0.32127815,0.31570283,0.55582577,26.011967,-4.812848e-09,0.0
25.965,0.0,0.6,0.6,0.30314735,0.3317467,0.548456,26.09351,-4.6123883e-08,0.0
25.97,0.0,0.6,0.6,0.2860397,0.34688514,0.5415022,26.37987,-4.3218193e-08,0.0
25.975,0.0,0.6,0.6,0.26989752,0.36116928,0.5349408,26.771017,6.887181e-08,0.0
25.98,0.0,0.6,0.54573905,0.25466627,0.37464732,0.52933425,26.941307,-9.133107e-08,0.0
25.985,0.0,0.6,0.54573905,0.24029458,0.38736475,0.5307672,26.709269,-6.2827272e-09,0.0
25.990000000000002,0.0,0.6,0.54573905,0.22673394,0.39936447,0.5321193,26.006426,-3.3853745e-08,0.0
25.995,0.0,0.6,0.54573905,0.21393856,0.41068703,0.53339505,24.836988,-8.3015614e-08,0.0
26.0,0.0,0.19455746,0.53763,0.20186529,0.4213706,0.5348032,23.251886,2.194572e-08,0.0
26.005,0.0,0.19455746,0.53763,0.19047333,0.43145126,0.5384825,21.330168,-2.0247533e-08,0.0
26.01,0.0,0.19455746,0.53763,0.17972428,0.44096303,0.54195416,19.160278,2.1520188e-08,0.0
26.015,0.0,0.19455746,0.53763,0.16958182,0.44993803,0.5452299,16.829369,-3.886658e-08,0.0
26.02,0.25066072,0.0,0.33606175,0.16001174,0.45840654,0.5480758,14.426974,-1.256979e-07,0.0
26.025000000000002,0.25066072,0.0,0.33606175,0.15098172,0.46639714,0.54794395,12.05103,7.4176505e-08,0.0
26.03,0.25066072,0.0,0.33606175,0.14246131,0.4739368,0.5478195,9.797002,-1.9400821e-07,0.0
26.035,0.25066072,0.0,0.33606175,0.13442174,0.48105097,0.5477021,7.752576,-4.1891134e-08,0.0
26.04,0.6,0.28681406,0.25002742,0.12683585,0.48593324,0.5475547,5.987194,-2.9587229e-08,0.0
26.045,0.6,0.28681406,0.25002742,0.11967807,0.4694899,0.54699457,4.5502205,-1.0193115e-07,0.0
26.05,0.6,0.28681406,0.25002742,0.11292423,0.45397452,0.5464661,2.7784586,8.0292985e-08,0.0
26.055,0.6,0.28681406,0.25002742,0.106551535,0.43933472,0.54596746,0.70764506,-9.005351e-08,0.0
26.060000000000002,0.4806488,0.44899872,0.0,0.101670116,0.42464274,0.54458696,-2.5068179e-08,1.20035555e-08,0.0
26.065,0.4806488,0.44899872,0.0,0.11007816,0.4006787,0.53281915,-3.4237573e-08,-2.4229417e-08,0.0
26.07,0.4806488,0.44899872,0.0,0.11801171,0.37806702,0.52171546,1.4841862e-08,7.346482e-08,0.0
26.075,0.4806488,0.44899872,0.0,0.12549755,0.3567314,0.5112384,-8.412862e-09,1.0113432e-07,0.0
26.080000000000002,0.24698336,0.0,0.6,0.13413809,0.3378947,0.50096416,0.097072445,-2.6691895e-08,0.0
26.085,0.24698336,0.0,0.6,0.16042827,0.33501205,0.48680294,0.4426647,-9.154677e-09,0.0
26.09,0.24698336,0.0,0.6,0.1852348,0.33229208,0.4734409,1.1547682,9.161222e-08,0.0
26.095,0.24698336,0.0,0.6,0.20864141,0.3297256,0.4608329,2.2468605,1.0489088e-07,0.0
26.1,0.6,0.08524361,0.4486534,0.23018828,0.32803616,0.44780764,3.6359806,4.4679414e-08,0.0
26.105,0.6,0.08524361,0.4486534,0.24432263,0.3348625,0.4225363,5.1964746,9.274499e-08,0.0
26.11,0.6,0.08524361,0.4486534,0.25765932,0.3413036,0.39869115,7.2317123,4.973633e-08,0.0
26.115000000000002,0.6,0.08524361,0.4486534,0.27024338,0.3473812,0.37619165,9.668327,1.6532793e-07,0.0
26.12,0.6,0.40950882,0.3055666,0.28106236,0.35108873,0.35767066,12.154829,1.2199588e-07,0.0
26.125,0.6,0.40950882,0.3055666,0.27913916,0.3312756,0.37134615,14.456879,1.3969684e-07,0.0
26.13,0.6,0.40950882,0.3055666,0.2773245,0.3125806,0.38424987,16.401007,4.8710753e-08,0.0
26.135,0.6,0.40950882,0.3055666,0.27561224,0.2949406,0.3964254,17.987888,9.5650414e-08,0.0
26.14,0.48902616,0.6,0.5946081,0.27559036,0.27868092,0.40723053,19.306335,1.07367185e-07,0.0
26.145,0.48902616,0.6,0.5946081,0.2938979,0.2677646,0.40956816,20.448902,5.502206e-08,0.0
26.150000000000002,0.48902616,0.6,0.5946081,0.31117228,0.25746432,0.41177386,21.113909,-2.5987392e-08,0.0
26.155,0.48902616,0.6,0.5946081,0.32747182,0.24774532,0.4138551,21.39512,1.5058315e-09,0.0
26.16,0.4093137,0.6,0.3883094,0.34285152,0.24003875,0.4151729,21.603977,-3.894655e-08,0.0
26.165,0.4093137,0.6,0.3883094,0.35736328,0.24960253,0.40898746,21.928373,2.5963358e-08,0.0
26.17,0.4093137,0.6,0.3883094,0.3710561,0.25862658,0.40315107,22.71318,1.9890415e-07,0.0
26.175,0.4093137,0.6,0.3883094,0.3839762,0.26714137,0.39764404,23.995388,1.6738912e-07,0.0
26.18,0.1547803,0.6,0.6,0.39566615,0.27603567,0.39375272,25.623816,6.666797e-08,0.0
26.185000000000002,0.1547803,0.6,0.6,0.4009348,0.29431808,0.40508768,27.427666,6.3532696e-08,0.0
26.19,0.1547803,0.6,0.6,0.40590608,0.31156877,0.41578296,29.174765,2.0971483e-07,0.0
26.195,0.1547803,0.6,0.6,0.41059682,0.32784593,0.42587468,30.674826,1.2536964e-07,0.0
26.2,0.24165118,0.6,0.6,0.414663,0.34320453,0.43446553,31.825739,1.0840438e-07,0.0
26.205000000000002,0.24165118,0.6,0.6,0.41436112,0.35769638,0.43186077,32.588936,5.1157185e-09,0.0
26.21,0.24165118,0.6,0.6,0.41407627,0.3713704,0.429403,33.613796,3.2719004e-08,0.0
26.215,0.24165118,0.6,0.6,0.4138075,0.38427275,0.42708394,34.97795,-8.348773e-09,0.0
26.22,0.22762689,0.6,0.6,0.41240478,0.39644697,0.42585146,36.371693,9.358056e-08,0.0
26.225,0.22762689,0.6,0.6,0.39786616,0.40793416,0.43567926,37.587166,1.00738e-07,0.0
26.23,0.22762689,0.6,0.6,0.384148,0.41877308,0.44495243,38.429966,7.663386e-08,0.0
26.235,0.22762689,0.6,0.6,0.371204,0.42900035,0.4537023,38.770565,5.8460117e-08,0.0
26.240000000000002,0.0,0.6,0.5072226,0.35938266,0.43865043,0.46195838,38.57206,-8.776755e-09,0.0
26.245,0.0,0.6,0.5072226,0.35273868,0.44775593,0.46974853,37.864376,5.7273057e-09,0.0
26.25,0.0,0.6,0.5072226,0.34646964,0.45634758,0.47709906,36.74229,-7.851226e-08,0.0
26.255,0.0,0.6,0.5072226,0.3405544,0.46445438,0.48403478,35.318615,-9.4658255e-08,0.0
26.26,0.0,0.6,0.6,0.33490962,0.4721037,0.4905791,33.695366,-1.5465993e-07,0.0
26.265,0.0,0.6,0.6,0.32885528,0.4793213,0.49675408,31.959259,6.320556e-08,0.0
26.27,0.0,0.6,0.6,0.32314262,0.4861316,0.5025806,30.176567,8.547599e-08,0.0
26.275000000000002,0.0,0.6,0.6,0.31775233,0.4925576,0.5080783,28.398561,5.933867e-08,0.0
26.28,0.0,0.42693824,0.6,0.3116386,0.49862093,0.5128469,26.665888,8.124274e-09,0.0
26.285,0.0,0.42693824,0.6,0.29405177,0.5043421,0.5125295,25.00396,-4.293453e-08,0.0
26.29,0.0,0.42693824,0.6,0.27745742,0.5097404,0.51223,23.347307,-1.4026071e-07,0.0
26.295,0.0,0.42693824,0.6,0.26179954,0.51483405,0.5119474,21.630877,-1.0851239e-07,0.0
26.3,0.0,0.27931395,0.6,0.24702531,0.51964027,0.5120996,19.837393,6.437286e-08,0.0
26.305,0.0,0.27931395,0.6,0.23308483,0.5241752,0.51706016,17.98057,-3.3268314e-08,0.0
26.310000000000002,0.0,0.27931395,0.6,0.21993105,0.5284543,0.52174073,16.083426,3.3705643e-08,0.0
26.315,0.0,0.27931395,0.6,0.20751959,0.53249186,0.5261572,14.173968,-1.7209013e-08,0.0
26.32,0.0,0.0,0.6,0.19580856,0.53552026,0.5303244,12.288073,-7.068337e-09,0.0
26.325,0.0,0.0,0.6,0.18475841,0.5293926,0.53425646,10.470543,-1.7892285e-08,0.0
26.330000000000002,0.0,0.0,0.6,0.17433186,0.5236108,0.5379666,7.966341,6.862214e-08,0.0
26.335,0.0,0.0,0.6,0.16449371,0.5181552,0.54146737,4.8190713,1.0084357e-07,0.0
26.34,0.3200486,0.0,0.3132223,0.15521076,0.5123411,0.54477054,1.6374038,-3.5106456e-08,0.0
26.345,0.3200486,0.0,0.3132223,0.1464517,0.49919057,0.5478873,-1.6673217e-08,-3.0562106e-08,0.0
26.35,0.3200486,0.0,0.3132223,0.13818693,0.4867822,0.5508282,3.5956627e-09,1.7934012e-08,0.0
26.355,0.3200486,0.0,0.3132223,0.13038857,0.47507405,0.5536032,2.0952513e-09,-5.2430526e-08,0.0
26.36,0.6,0.28596613,0.25571382,0.123030305,0.46276563,0.5562215,-4.486804e-09,5.1629424e-08,0.0
26.365000000000002,0.6,0.28596613,0.25571382,0.11608729,0.4366502,0.55869204,8.577073e-09,8.359954e-09,0.0
26.37,0.6,0.28596613,0.25571382,0.10953609,0.41200852,0.5610232,5.9866565e-09,1.9404458e-08,0.0
26.375,0.6,0.28596613,0.25571382,0.103354596,0.38875747,0.56322277,1.0384095e-08,-6.642139e-08,0.0
26.38,0.3486272,0.43277436,0.0,0.09896686,0.36681855,0.5640035,2.7484495e-08,-4.370238e-08,0.0
26.385,0.3486272,0.43277436,0.0,0.11144325,0.34611773,0.54985106,0.07153238,1.1349777e-08,0.0
26.39,0.3486272,0.43277436,0.0,0.12321556,0.32658514,0.5364973,0.20273621,4.2008956e-08,0.0
26.395,0.3486272,0.43277436,0.0,0.13432352,0.30815482,0.5238971,0.51367533,2.6552303e-08,0.0
26.400000000000002,0.23093732,0.28664085,0.22244923,0.14606851,0.29205564,0.5117484,1.1270484,5.0162928e-08,0.0
26.405,0.23093732,0.28664085,0.22244923,0.17168541,0.291712,0.49729946,2.0440917,-1.3266298e-08,0.0
26.41,0.23093732,0.28664085,0.22244923,0.19585666,0.29138774,0.48366597,3.2315056,9.7580745e-08,0.0
26.415,0.23093732,0.28664085,0.22244923,0.21866384,0.2910818,0.47080186,4.62563,-5.6650013e-08,0.0
26.42,0.6,0.3281206,0.18777588,0.23904908,0.2914559,0.45750925,6.13946,-9.059679e-08,0.0
26.425,0.6,0.3281206,0.18777588,0.24523294,0.29943097,0.43169045,8.015787,1.0722448e-07,0.0
26.43,0.6,0.3281206,0.18777588,0.25106782,0.306956,0.4073287,10.164981,1.7795392e-07,0.0
26.435000000000002,0.6,0.3281206,0.18777588,0.25657344,0.31405637,0.38434175,12.327474,1.5261737e-07,0.0
26.44,0.6,0.4953192,0.101702645,0.26123703,0.32009628,0.3636563,14.356687,1.7889532e-07,0.0
26.445,0.6,0.4953192,0.101702645,0.25952712,0.31820828,0.35568753,16.133284,6.760677e-08,0.0
26.45,0.6,0.4953192,0.101702645,0.2579137,0.3164268,0.34816843,17.485786,9.2635766e-08,0.0
26.455000000000002,0.6,0.4953192,0.101702645,0.25639135,0.3147459,0.34107366,18.38277,4.5585374e-08,0.0
26.46,0.49977574,0.6,0.20214269,0.2566211,0.3133471,0.33422273,18.893503,6.9152e-08,0.0
26.465,0.49977574,0.6,0.20214269,0.27599913,0.31418082,0.32595825,18.681402,7.1944237e-09,0.0
26.47,0.49977574,0.6,0.20214269,0.2942836,0.31496748,0.31816015,18.415033,-2.7090818e-08,0.0
26.475,0.49977574,0.6,0.20214269,0.31153622,0.31570977,0.31080213,18.548569,1.5465078e-08,0.0
26.48,0.6,0.6,0.49602166,0.3278152,0.317165,0.30347076,19.068104,1.7462117e-08,0.0
26.485,0.6,0.6,0.49602166,0.34317553,0.32721883,0.2920843,19.914904,9.2742475e-08,0.0
26.490000000000002,0.6,0.6,0.49602166,0.35766903,0.3367053,0.28134042,20.977394,6.873326e-08,0.0
26.495,0.6,0.6,0.49602166,0.3713446,0.34565642,0.27120286,22.13971,1.0756646e-07,0.0
26.5,0.38100174,0.6,0.4425182,0.38379592,0.354575,0.26209083,23.313002,8.897113e-08,0.0
26.505,0.38100174,0.6,0.4425182,0.39034104,0.3684252,0.25870776,24.431175,9.529603e-08,0.0
26.51,0.38100174,0.6,0.4425182,0.39651683,0.38149375,0.2555156,25.40664,4.8768456e-08,0.0
26.515,0.38100174,0.6,0.4425182,0.40234408,0.39382482,0.2525036,26.172815,4.2889305e-08,0.0
26.52,0.26240265,0.6,0.6,0.40829495,0.40546,0.25098833,26.707663,8.6053106e-08,0.0
26.525000000000002,0.26240265,0.6,0.6,0.41911352,0.41643855,0.2648164,27.019588,2.0274646e-08,0.0
26.53,0.26240265,0.6,0.6,0.42932156,0.42679754,0.2778641,27.160187,3.860869e-09,0.0
26.535,0.26240265,0.6,0.6,0.43895352,0.43657196,0.29017547,27.18805,-1.4276802e-09,0.0
26.54,0.3049927,0.6,0.6,0.44705322,0.44579476,0.3015505,27.148693,1.4235725e-09,0.0
26.545,0.3049927,0.6,0.6,0.44332573,0.4544971,0.3095058,27.072073,1.1031127e-08,0.0
26.55,0.3049927,0.6,0.6,0.43980858,0.46270832,0.31701213,27.631348,5.712562e-08,0.0
26.555,0.3049927,0.6,0.6,0.4364899,0.47045615,0.32409486,28.83916,9.685009e-08,0.0
26.560000000000002,0.0011260272,0.6,0.6,0.4328231,0.47776675,0.33148888,30.286676,1.0497444e-07,0.0
26.565,0.0011260272,0.6,0.6,0.42320567,0.4846648,0.34664187,31.685404,1.512657e-07,0.0
26.57,0.0011260272,0.6,0.6,0.41413102,0.49117357,0.36093974,32.817226,6.530853e-08,0.0
26.575,0.0011260272,0.6,0.6,0.40556848,0.49731502,0.37443072,33.551136,3.570574e-08,0.0
26.580000000000002,0.0,0.6,0.6,0.39768142,0.5031099,0.38716036,33.843945,3.913209e-08,0.0
26.585,0.0,0.6,0.6,0.3924507,0.5085777,0.39917162,33.712547,-3.0974487e-08,0.0
26.59,0.0,0.6,0.6,0.38751513,0.51373696,0.41050506,33.222763,6.4900987e-09,0.0
26.595,0.0,0.6,0.6,0.3828581,0.51860505,0.4211989,32.458908,-3.528675e-08,0.0
26.6,0.0,0.6,0.6,0.37709203,0.5231984,0.43128926,31.503231,4.6406683e-08,0.0
26.605,0.0,0.6,0.6,0.355875,0.5275326,0.44081017,30.422392,-4.1537845e-08,0.0
26.61,0.0,0.6,0.6,0.3358553,0.5316222,0.4497938,29.174168,-5.2035876e-08,0.0
26.615000000000002,0.0,0.6,0.6,0.3169654,0.535481,0.45827043,27.699514,2.8885978e-08,0.0
26.62,0.0,0.6,0.6,0.29913643,0.539122,0.46626872,25.984125,3.4610867e-08,0.0
26.625,0.0,0.6,0.6,0.28225514,0.54255754,0.47381562,24.048088,-4.979137e-09,0.0
26.63,0.0,0.6,0.6,0.26632652,0.5457992,0.48093665,21.938707,-1.480838e-07,0.0
26.635,0.0,0.6,0.6,0.25129682,0.5488579,0.4876558,19.722786,-3.218699e-08,0.0
26.64,0.0,0.57900536,0.6,0.23711528,0.55174404,0.49399576,17.472942,-4.9690146e-10,0.0
26.645,0.0,0.57900536,0.6,0.22373405,0.5544673,0.49997795,15.253591,-7.1763154e-08,0.0
26.650000000000002,0.0,0.57900536,0.6,0.21110797,0.5570369,0.5056225,13.117099,-3.943078e-08,0.0
26.655,0.0,0.57900536,0.6,0.19919443,0.5594614,0.51094854,11.106717,-1.3323385e-07,0.0
26.66,0.14875723,0.0,0.6,0.1879532,0.56174916,0.51597404,9.2582655,-3.3921175e-08,0.0
26.665,0.14875723,0.0,0.6,0.17734636,0.5639078,0.5207159,7.601602,4.9128577e-08,0.0
26.67,0.14875723,0.0,0.6,0.1673381,0.5659446,0.5251902,6.1594057,-5.8285423e-08,0.0
26.675,0.14875723,0.0,0.6,0.15789464,0.5678665,0.529412,4.947078,1.158867e-08,0.0
26.68,0.5034098,0.2173654,0.54632616,0.1489841,0.56958514,0.53339547,3.9655051,2.3589086e-08,0.0
26.685000000000002,0.5034098,0.2173654,0.54632616,0.14057642,0.57011676,0.5371542,3.1931279,-3.412052e-08,0.0
26.69,0.5034098,0.2173654,0.54632616,0.13264322,0.5706184,0.5407008,2.5977154,-1.3264732e-08,0.0
26.695,0.5034098,0.2173654,0.54632616,0.12515771,0.5710917,0.54404724,2.1366785,-2.439984e-08,0.0
26.7,0.07970595,0.1641567,0.43528894,0.118766226,0.5689243,0.54720485,1.7608695,-5.0512842e-08,0.0
26.705000000000002,0.07970595,0.1641567,0.43528894,0.12045872,0.53681797,0.55018425,0.54832387,-7.5680596e-08,0.0
26.71,0.07970595,0.1641567,0.43528894,0.1220557,0.5065235,0.5529955,-8.934603e-10,-1.0973292e-09,0.0
26.715,0.07970595,0.1641567,0.43528894,0.12356256,0.47793865,0.55564815,-1.8924522e-09,3.853621e-08,0.0
26.72,0.0,0.0,0.6,0.12658553,0.4519483,0.5579088,2.2056306e-09,3.4030176e-08,0.0
26.725,0.0,0.0,0.6,0.147851,0.43870997,0.55725515,5.566621e-10,-2.5885406e-08,0.0
26.73,0.0,0.0,0.6,0.1679164,0.42621875,0.5566384,6.7062604e-09,-1.4373165e-07,0.0
26.735,0.0,0.0,0.6,0.18684945,0.41443244,0.55605644,0.019758018,9.1337405e-08,0.0
26.740000000000002,0.36708352,0.0,0.45818874,0.20280114,0.40307105,0.555006,0.23179257,-7.485571e-08,0.0
26.745,0.36708352,0.0,0.45818874,0.19585446,0.3895883,0.54824996,0.7748546,5.4750547e-08,0.0
26.75,0.36708352,0.0,0.45818874,0.18929979,0.37686643,0.5418752,1.8851666,9.911739e-08,0.0
26.755,0.36708352,0.0,0.45818874,0.18311504,0.3648625,0.5358602,3.3792036,2.2524047e-08,0.0
26.76,0.6,0.019765913,0.42364946,0.17691946,0.3527949,0.5309282,4.8931365,-1.1400475e-09,0.0
26.765,0.6,0.019765913,0.42364946,0.1669353,0.33288547,0.53482616,6.1902623,-4.5766836e-08,0.0
26.77,0.6,0.019765913,0.42364946,0.15751457,0.3140996,0.5385041,7.171869,-2.3623796e-09,0.0
26.775000000000002,0.6,0.019765913,0.42364946,0.1486255,0.2963739,0.54197454,7.8260617,1.705671e-08,0.0
26.78,0.3477421,0.18245569,0.0,0.14189531,0.2796485,0.5446089,8.1832285,-4.575407e-09,0.0
26.785,0.3477421,0.18245569,0.0,0.15460345,0.263867,0.5397319,8.309561,-7.560313e-08,0.0
26.79,0.3477421,0.18245569,0.0,0.16659443,0.24897608,0.53513014,8.128945,5.1093128e-08,0.0
26.795,0.3477421,0.18245569,0.0,0.17790872,0.23492551,0.53078806,8.028705,7.3504076e-08,0.0
26.8,0.114270516,0.124697976,0.063016534,0.18963604,0.2217571,0.5265351,8.2311,-1.0917459e-07,0.0
26.805,0.114270516,0.124697976,0.063016534,0.21279427,0.21035805,0.5207289,8.715404,1.0397566e-07,0.0
26.810000000000002,0.114270516,0.124697976,0.063016534,0.23464562,0.19960229,0.5152504,9.510885,1.522745e-07,0.0
26.815,0.114270516,0.124697976,0.063016534,0.2552638,0.18945351,0.51008105,10.635577,-5.6790313e-08,0.0
26.82,0.6,0.032354757,0.25283304,0.2735796,0.18061195,0.5032908,12.065251,3.02715e-08,0.0
26.825,0.6,0.032354757,0.25283304,0.27776483,0.18071601,0.47488835,13.741354,7.6296544e-08,0.0
26.830000000000002,0.6,0.032354757,0.25283304,0.28171387,0.18081418,0.4480888,15.520412,6.5836963e-09,0.0
26.835,0.6,0.032354757,0.25283304,0.28544006,0.18090682,0.4228016,17.265432,1.9124501e-07,0.0
26.84,0.6,0.3878255,0.25430882,0.28790194,0.18073347,0.39922598,18.89542,1.8002522e-07,0.0
26.845,0.6,0.3878255,0.25430882,0.27810332,0.17757119,0.38025254,20.363693,7.344481e-08,0.0
26.85,0.6,0.3878255,0.25430882,0.2688577,0.17458737,0.36234984,22.04645,1.6970225e-07,0.0
26.855,0.6,0.3878255,0.25430882,0.2601338,0.17177194,0.34545743,23.907755,1.06367956e-07,0.0
26.86,0.19304928,0.6,0.0,0.25409514,0.1686985,0.33037528,25.681086,1.4369273e-07,0.0
26.865000000000002,0.19304928,0.6,0.0,0.27361572,0.16100416,0.32599932,27.229311,5.350757e-08,0.0
26.87,0.19304928,0.6,0.0,0.2920347,0.15374403,0.3218703,28.216818,6.281012e-08,0.0
26.875,0.19304928,0.6,0.0,0.3094142,0.14689362,0.3179743,28.738033,-1.2877158e-08,0.0
26.88,0.44631943,0.6,0.0,0.32581297,0.14203463,0.31430483,29.082506,-3.9744894e-08,0.0
26.885,0.44631943,0.6,0.0,0.34128627,0.15590546,0.31091905,29.430788,7.9233295e-08,0.0
26.89,0.44631943,0.6,0.0,0.35588637,0.16899349,0.30772433,29.887468,2.0937515e-08,0.0
26.895,0.44631943,0.6,0.0,0.36966252,0.18134293,0.3047099,30.505323,2.0754614e-08,0.0
26.900000000000002,0.54893833,0.6,0.0,0.380824,0.19395335,0.30071747,31.302612,5.3007167e-08,0.0
26.905,0.54893833,0.6,0.0,0.37022722,0.21686795,0.28374696,32.266914,4.842384e-08,0.0
26.91,0.54893833,0.6,0.0,0.36022845,0.2384894,0.26773414,33.877045,1.1329035e-07,0.0
26.915,0.54893833,0.6,0.0,0.35079396,0.2588907,0.252625,36.06133,3.2476173e-08,0.0
26.92,0.44320738,0.6,0.0,0.3430353,0.27814066,0.2383685,38.30127,2.0635316e-07,0.0
26.925,0.44320738,0.6,0.0,0.348864,0.2963043,0.22491655,40.19055,1.8253965e-07,0.0
26.93,0.44320738,0.6,0.0,0.35436374,0.3134429,0.21222374,41.007336,1.0077401e-08,0.0
26.935000000000002,0.44320738,0.6,0.0,0.35955313,0.32961428,0.20024723,40.677498,2.7647829e-08,0.0
26.94,0.2917116,0.6,0.0,0.36491293,0.34487307,0.18894659,39.448055,0.5260071,0.0
26.945,0.2917116,0.6,0.0,0.3752981,0.35927075,0.17828369,37.677593,1.4267683,0.0
26.95,0.2917116,0.6,0.0,0.38509724,0.37285593,0.16822253,35.709164,2.307273,0.0
26.955000000000002,0.2917116,0.6,0.0,0.39434335,0.38567445,0.15872917,33.78175,2.899808,0.0
26.96,0.4216346,0.49818268,0.0,0.40259033,0.39776957,0.14977154,32.033085,3.0566182,0.0
26.965,0.4216346,0.49818268,0.0,0.4048825,0.40918213,0.14131942,30.524603,2.718674,0.0
26.97,0.4216346,0.49818268,0.0,0.4070453,0.41995063,0.1333443,29.240004,1.9142767,0.0
26.975,0.4216346,0.49818268,0.0,0.40908605,0.43011144,0.12581922,28.138784,0.6971998,0.0
26.98,0.6,0.5375336,0.0,0.41032767,0.43969882,0.11871881,27.030937,1.1222146e-08,0.0
26.985,0.6,0.5375336,0.0,0.40363377,0.44874516,0.11201911,25.959116,-3.477745e-08,0.0
26.990000000000002,0.6,0.5375336,0.0,0.39731762,0.457281,0.10569748,25.660528,6.820913e-09,0.0
26.995,0.6,0.5375336,0.0,0.3913579,0.4653351,0.099732615,26.11816,4.5878192e-08,0.0
27.0,0.42786646,0.336757,0.0661042,0.38632107,0.47247502,0.094104365,26.926012,7.58221e-08,0.0
27.005,0.42786646,0.336757,0.0661042,0.38831392,0.4739258,0.08879373,27.798882,5.7242474e-08,0.0
27.01,0.42786646,0.336757,0.0661042,0.39019433,0.4752947,0.0837828,27.878687,0.6766559,0.0
27.015,0.42786646,0.336757,0.0661042,0.3919686,0.47658634,0.07905465,27.127855,2.0221715,0.0
27.02,0.40045854,0.2787296,0.6,0.394448,0.47798276,0.07459333,25.97622,3.5409305,0.0
27.025000000000002,0.40045854,0.2787296,0.6,0.406048,0.48134342,0.07038377,24.719555,4.8999987,0.0
27.03,0.40045854,0.2787296,0.6,0.41699338,0.48451442,0.06641178,23.590416,5.8462205,0.0
27.035,0.40045854,0.2787296,0.6,0.42732108,0.48750648,0.062663935,22.733683,6.230873,0.0
27.04,0.6,0.43849882,0.6,0.4362888,0.48942325,0.059426036,22.203669,6.0089774,0.0
27.045,0.6,0.43849882,0.6,0.43581352,0.48080778,0.05980291,21.992672,5.204442,0.0
27.05,0.6,0.43849882,0.6,0.43536505,0.4726785,0.060158513,21.969723,3.976357,0.0
27.055,0.6,0.43849882,0.6,0.4349419,0.465008,0.06049405,22.087265,2.3860896,0.0
27.060000000000002,0.35235244,0.3279865,0.6,0.43441886,0.4575084,0.063221015,22.344366,0.44198948,0.0
27.065,0.35235244,0.3279865,0.6,0.43250236,0.4474193,0.09351328,22.41716,4.609385e-09,0.0
27.07,0.35235244,0.3279865,0.6,0.430694,0.43789956,0.122096054,22.616674,1.3756561e-08,0.0
27.075,0.35235244,0.3279865,0.6,0.4289877,0.42891705,0.14906581,22.999767,3.3933286e-08,0.0
27.080000000000002,0.23829554,0.33712485,0.6,0.42827857,0.42116275,0.17451356,23.52573,2.8788916e-08,0.0
27.085,0.23829554,0.33712485,0.6,0.4379694,0.42214108,0.19852522,24.15373,2.7283239e-08,0.0
27.09,0.23829554,0.33712485,0.6,0.44711334,0.4230642,0.22118181,24.844618,3.173667e-08,0.0
27.095,0.23829554,0.33712485,0.6,0.45574126,0.42393523,0.24255982,25.572657,3.7283833e-08,0.0
27.1,0.54604673,0.5652061,0.6,0.46276423,0.42425817,0.2627314,26.318804,5.1443884e-08,0.0
27.105,0.54604673,0.5652061,0.6,0.4565333,0.41882524,0.28176463,27.062067,4.963597e-08,0.0
27.11,0.54604673,0.5652061,0.6,0.45065403,0.4136989,0.29972374,27.80148,2.1467423e-08,0.0
27.115000000000002,0.54604673,0.5652061,0.6,0.44510654,0.40886188,0.31666934,28.4904,2.3998528e-08,0.0
27.12,0.0,0.6,0.6,0.4393572,0.40433908,0.33265865,29.07615,3.966573e-08,0.0
27.125,0.0,0.6,0.6,0.42801058,0.40054595,0.34774563,29.531363,1.3600491e-08,0.0
27.13,0.0,0.6,0.6,0.4173043,0.39696687,0.3619812,29.811108,1.6388332e-08,0.0
27.135,0.0,0.6,0.6,0.40720224,0.3935898,0.37541342,29.884617,9.949958e-10,0.0
27.14,0.0,0.6,0.6,0.39905965,0.391433,0.3880876,29.752453,-1.5699798e-09,0.0
27.145,0.0,0.6,0.6,0.40735462,0.4012396,0.40004653,29.436768,-1.1646805e-08,0.0
27.150000000000002,0.0,0.6,0.6,0.4151815,0.41049278,0.41133058,28.992002,1.878249e-08,0.0
27.155,0.0,0.6,0.6,0.42256665,0.4192238,0.42197785,28.487581,2.6770032e-08,0.0
27.16,0.0,0.6,0.6,0.42706984,0.42761916,0.43202424,27.981237,-8.120053e-09,0.0
27.165,0.0,0.6,0.6,0.40296882,0.4373472,0.44150367,27.500465,1.218472e-08,0.0
27.17,0.0,0.6,0.6,0.38022792,0.44652626,0.45044816,27.56286,4.8869875e-08,0.0
27.175,0.0,0.6,0.6,0.35877037,0.45518732,0.45888788,28.05096,4.0711058e-08,0.0
27.18,0.0,0.3833881,0.6,0.33852375,0.4633596,0.46685132,28.518503,-6.546455e-10,0.0
27.185000000000002,0.0,0.3833881,0.6,0.31941968,0.47107068,0.47436535,28.68728,-3.0227817e-08,0.0
27.19,0.0,0.3833881,0.6,0.30139375,0.4783466,0.48145536,28.408571,-3.2283168e-08,0.0
27.195,0.0,0.3833881,0.6,0.2843851,0.4852119,0.48814523,27.628263,6.525512e-08,0.0
27.2,0.0,0.02816155,0.59716165,0.26833627,0.4916898,0.49445757,26.358654,-1.0518044e-08,0.0
27.205000000000002,0.0,0.02816155,0.59716165,0.25319314,0.4978021,0.5004137,24.65976,-1.2933756e-08,0.0
27.21,0.0,0.02816155,0.59716165,0.2389046,0.5035695,0.5060337,22.623428,-1.398015e-07,0.0
27.215,0.0,0.02816155,0.59716165,0.2254224,0.5090114,0.51133657,20.357819,1.7155074e-07,0.0
27.22,0.20950793,0.0,0.3668314,0.21270104,0.5131683,0.51634014,17.969471,-4.378858e-08,0.0
27.225,0.20950793,0.0,0.3668314,0.20069759,0.50584435,0.52106136,15.553974,5.2549424e-08,0.0
27.23,0.20950793,0.0,0.3668314,0.18937154,0.49893373,0.52551615,12.435334,-1.28873e-07,0.0
27.235,0.20950793,0.0,0.3668314,0.17868465,0.4924131,0.52971953,8.687832,-1.5792155e-07,0.0
27.240000000000002,0.6,0.16828716,0.22790433,0.16860087,0.48465672,0.53367287,4.897948,-9.081646e-08,0.0
27.245,0.6,0.16828716,0.22790433,0.15908615,0.45889515,0.53725576,1.5589521,-7.9044085e-08,0.0
27.25,0.6,0.16828716,0.22790433,0.15010838,0.4345874,0.5406365,-1.0189872e-08,1.3720174e-08,0.0
27.255,0.6,0.16828716,0.22790433,0.14163725,0.4116514,0.5438264,0.14537956,9.706501e-08,0.0
27.26,0.38829187,0.18080892,0.19282305,0.13459004,0.38988262,0.54579645,0.477575,6.148015e-08,0.0
27.265,0.38829187,0.18080892,0.19282305,0.13881792,0.36788023,0.53569686,0.94983083,5.2797887e-08,0.0
27.27,0.38829187,0.18080892,0.19282305,0.1428072,0.34711948,0.5261672,1.3482476,-4.7798135e-08,0.0
27.275000000000002,0.38829187,0.18080892,0.19282305,0.14657135,0.32753035,0.5171754,1.6997948,2.2583084e-08,0.0
27.28,0.25800937,0.10797457,0.28138325,0.15188602,0.30980647,0.50806373,2.142133,-1.029073e-07,0.0
27.285,0.25800937,0.10797457,0.28138325,0.17717461,0.30182004,0.4922534,2.7369123,-5.1337143e-08,0.0
27.29,0.25800937,0.10797457,0.28138325,0.2010361,0.2942843,0.47733527,3.5710673,3.2328416e-08,0.0
27.295,0.25800937,0.10797457,0.28138325,0.22355099,0.28717387,0.46325904,4.686896,8.754392e-08,0.0
27.3,0.6,0.2178712,0.3686853,0.2438395,0.2805212,0.4498188,6.053411,6.8376586e-08,0.0
27.305,0.6,0.2178712,0.3686853,0.25199145,0.27489412,0.43531564,7.600281,3.085122e-08,0.0
27.310000000000002,0.6,0.2178712,0.3686853,0.25968334,0.26958457,0.42163095,9.1876745,4.941059e-08,0.0
27.315,0.6,0.2178712,0.3686853,0.26694116,0.26457465,0.40871853,10.698761,6.502544e-08,0.0
27.32,0.6,0.4989752,0.32746246,0.2732012,0.25951862,0.39693463,12.081414,1.1122845e-08,0.0
27.325,0.6,0.4989752,0.32746246,0.27234387,0.2509665,0.39041367,13.321419,8.832277e-08,0.0
27.330000000000002,0.6,0.4989752,0.32746246,0.27153492,0.24289697,0.3842607,14.854597,1.3999683e-07,0.0
27.335,0.6,0.4989752,0.32746246,0.27077162,0.23528284,0.37845498,16.713314,1.5607914e-07,0.0
27.34,0.39712387,0.6,0.23634905,0.2715954,0.22859454,0.37337103,18.666739,2.6152408e-08,0.0
27.345,0.39712387,0.6,0.23634905,0.29012838,0.22798939,0.3731066,20.121475,1.4906702e-08,0.0
27.35,0.39712387,0.6,0.23634905,0.3076155,0.2274184,0.3728571,21.030844,-2.968732e-09,0.0
27.355,0.39712387,0.6,0.23634905,0.32411575,0.22687961,0.37262166,21.66635,3.0333137e-08,0.0
27.36,0.25506225,0.6,0.093819045,0.33968484,0.22764033,0.3722134,22.21466,1.7488333e-08,0.0
27.365000000000002,0.25506225,0.6,0.093819045,0.3543753,0.24295267,0.36968794,23.019512,6.8645456e-08,0.0
27.37,0.25506225,0.6,0.093819045,0.36823675,0.2574009,0.367305,24.170555,7.01967e-08,0.0
27.375,0.25506225,0.6,0.093819045,0.38131595,0.27103376,0.36505657,25.586052,5.355868e-08,0.0
27.38,0.49937817,0.6,0.58171797,0.3927411,0.28435338,0.36252367,27.16937,6.0886056e-09,0.0
27.385,0.49937817,0.6,0.58171797,0.39298844,0.3021664,0.3554032,28.773092,1.2316023e-07,0.0
27.39,0.49937817,0.6,0.58171797,0.39322183,0.31897417,0.34868458,30.193253,7.543485e-08,0.0
27.395,0.49937817,0.6,0.58171797,0.39344203,0.3348334,0.3423451,31.277313,1.8399598e-08,0.0
27.400000000000002,0.33983845,0.6,0.6,0.39300844,0.34979767,0.33571988,31.957863,3.254117e-08,0.0
27.405,0.33983845,0.6,0.6,0.38522366,0.36391744,0.3220686,32.85664,2.536322e-08,0.0
27.41,0.33983845,0.6,0.6,0.37787822,0.3772404,0.3091877,34.017124,2.288698e-08,0.0
27.415,0.33983845,0.6,0.6,0.3709473,0.3898115,0.29703373,35.109375,2.7253888e-08,0.0
27.42,0.22314417,0.6,0.6,0.36551052,0.40167314,0.28776833,35.929783,-2.0376019e-09,0.0
27.425,0.22314417,0.6,0.6,0.37306514,0.4128654,0.30435693,36.379322,3.200335e-08,0.0
27.43,0.22314417,0.6,0.6,0.3801934,0.42342603,0.32000935,35.903923,-1.4026244e-08,0.0
27.435000000000002,0.22314417,0.6,0.6,0.3869194,0.4333907,0.33477846,34.532974,1.2012079e-08,0.0
27.44,0.46852386,0.6,0.59767807,0.39254558,0.44279304,0.34879664,32.658184,-6.135095e-08,0.0
27.445,0.46852386,0.6,0.59767807,0.38957113,0.45166478,0.3629729,30.575478,8.139961e-08,0.0
27.45,0.46852386,0.6,0.59767807,0.38676456,0.46003583,0.37634912,29.088207,5.9254512e-09,0.0
27.455000000000002,0.46852386,0.6,0.59767807,0.38411635,0.4679345,0.3889705,28.351826,1.5223668e-08,0.0
27.46,0.07221782,0.6,0.5269677,0.38109076,0.4753874,0.40087962,28.090984,1.1587396e-08,0.0
27.465,0.07221782,0.6,0.5269677,0.3721773,0.4824197,0.41211668,28.088224,1.7332443e-08,0.0
27.47,0.07221782,0.6,0.5269677,0.36376685,0.48905516,0.42271957,28.144873,-1.5796813e-08,0.0
27.475,0.07221782,0.6,0.5269677,0.35583103,0.49531615,0.43272412,28.112377,-1.7731205e-08,0.0
27.48,0.0,0.6,0.6,0.34945086,0.5012238,0.44215357,27.907076,1.2610956e-08,0.0
27.485,0.0,0.6,0.6,0.35617056,0.5067981,0.45093036,27.501207,-6.039697e-08,0.0
27.490000000000002,0.0,0.6,0.6,0.36251104,0.5120578,0.45921183,26.405273,1.15963196e-07,0.0
27.495,0.0,0.6,0.6,0.3684937,0.51702064,0.46702594,24.671276,-2.8378523e-08,0.0
27.5,0.0,0.6,0.6,0.37234956,0.5217035,0.47407985,22.681366,-3.468806e-08,0.0
27.505,0.0,0.6,0.6,0.3554121,0.52612203,0.4770645,20.707743,-9.422669e-08,0.0
27.51,0.0,0.6,0.6,0.33943048,0.5302912,0.4798807,19.405691,5.376338e-10,0.0
27.515,0.0,0.6,0.6,0.32435077,0.5342251,0.48253798,18.796898,-1.9556576e-09,0.0
27.52,0.0,0.20909457,0.6,0.309796,0.537937,0.48537502,18.532969,-4.542363e-08,0.0
27.525000000000002,0.0,0.20909457,0.6,0.29231316,0.5414394,0.4918437,18.357231,-2.3853064e-08,0.0
27.53,0.0,0.20909457,0.6,0.27581692,0.5447442,0.49794734,18.07241,7.95225e-08,0.0
27.535,0.0,0.20909457,0.6,0.26025164,0.54786247,0.5037065,17.553162,-1.8997135e-09,0.0
27.54,0.0,0.0,0.6,0.24556476,0.5508048,0.5091407,16.747292,-5.2023648e-08,0.0
27.545,0.0,0.0,0.6,0.23170671,0.55358106,0.51426816,15.657258,-1.9701343e-08,0.0
27.55,0.0,0.0,0.6,0.2186307,0.5562006,0.5191063,14.3216095,3.7447688e-08,0.0
27.555,0.0,0.0,0.6,0.20629263,0.55867237,0.52367145,12.801757,-4.6359546e-08,0.0
27.560000000000002,0.29426593,0.0,0.6,0.19465083,0.5592398,0.52797896,11.170879,2.615324e-08,0.0
27.565,0.29426593,0.0,0.6,0.18366602,0.5394799,0.53204334,9.511916,-7.948867e-09,0.0
27.57,0.29426593,0.0,0.6,0.17330112,0.52083516,0.53587836,7.1278424,-1.2599342e-08,0.0
27.575,0.29426593,0.0,0.6,0.16352114,0.50324255,0.53949696,4.1556396,-6.683721e-08,0.0
27.580000000000002,0.6,0.011732412,0.4999328,0.15429309,0.4856988,0.54291135,1.2686751,2.4209237e-08,0.0
27.585,0.6,0.011732412,0.4999328,0.1455858,0.45828915,0.54613304,8.048557e-09,6.956037e-08,0.0
27.59,0.6,0.011732412,0.4999328,0.1373699,0.43242633,0.54917294,0.0044496576,5.633666e-08,0.0
27.595,0.6,0.011732412,0.4999328,0.12961765,0.40802303,0.5520413,0.06320437,-1.7427464e-08,0.0
27.6,0.4619682,0.28732896,0.35905147,0.123631395,0.3849969,0.55474776,0.22620489,-4.2357758e-08,0.0
27.605,0.4619682,0.28732896,0.35905147,0.13326089,0.3632702,0.5573015,0.5261828,-5.9543105e-08,0.0
27.61,0.4619682,0.28732896,0.35905147,0.14234695,0.34276962,0.55971116,0.84402615,-3.1935172e-09,0.0
27.615000000000002,0.4619682,0.28732896,0.35905147,0.15092026,0.32342595,0.5619848,1.249686,2.8547465e-08,0.0
27.62,0.119584866,0.2483677,0.6,0.16039003,0.3052269,0.5636783,1.869903,-3.8651955e-08,0.0
27.625,0.119584866,0.2483677,0.6,0.18519872,0.28866398,0.56008095,2.7311568,-2.2866843e-08,0.0
27.63,0.119584866,0.2483677,0.6,0.20860738,0.2730358,0.5566866,3.8740528,4.4157296e-08,0.0
27.635,0.119584866,0.2483677,0.6,0.230695,0.25828955,0.5534838,5.29713,-6.5460085e-08,0.0
27.64,0.39491668,0.32431474,0.6,0.25091296,0.24561971,0.54982567,7.169462,1.07733534e-07,0.0
27.645,0.39491668,0.32431474,0.6,0.26282352,0.2479735,0.53905964,9.420012,4.5947388e-08,0.0
27.650000000000002,0.39491668,0.32431474,0.6,0.27406195,0.25019446,0.52890116,11.806897,1.2683587e-07,0.0
27.655,0.39491668,0.32431474,0.6,0.28466615,0.2522901,0.51931596,14.15924,1.281105e-07,0.0
27.66,0.5070115,0.58709025,0.6,0.29312617,0.25409156,0.5113595,16.386242,-1.0092095e-09,0.0
27.665,0.5070115,0.58709025,0.6,0.28333265,0.25376853,0.5163618,18.43907,1.6404383e-07,0.0
27.67,0.5070115,0.58709025,0.6,0.2740918,0.25346375,0.52108175,20.360687,3.1609055e-08,0.0
27.675,0.5070115,0.58709025,0.6,0.26537246,0.25317615,0.52553535,22.043993,1.5908046e-07,0.0
27.68,0.0,0.6,0.56342137,0.2583882,0.25324768,0.52973765,23.352924,1.1614202e-07,0.0
27.685000000000002,0.0,0.6,0.56342137,0.26609296,0.25725824,0.5337028,24.597708,-3.376486e-08,0.0
27.69,0.0,0.6,0.56342137,0.2733629,0.26104248,0.5374442,25.491333,3.4698868e-08,0.0
27.695,0.0,0.6,0.56342137,0.2802226,0.26461315,0.54097444,25.950104,4.952036e-08,0.0
27.7,0.0,0.6,0.6,0.28720126,0.26916867,0.54430544,26.161224,-4.5045336e-08,0.0
27.705000000000002,0.0,0.6,0.6,0.2996059,0.28711006,0.54744846,26.235538,-2.755989e-09,0.0
27.71,0.0,0.6,0.6,0.3113105,0.30403897,0.55041414,26.20795,-4.7404885e-08,0.0
27.715,0.0,0.6,0.6,0.32235458,0.3200125,0.55321246,26.090847,1.941618e-08,0.0
27.72,0.0,0.6,0.6,0.33048642,0.3351429,0.5556877,25.901922,3.598823e-08,0.0
27.725,0.0,0.6,0.6,0.31183594,0.3500897,0.55612415,25.650599,1.3478365e-09,0.0
27.73,0.0,0.6,0.6,0.29423797,0.364193,0.55653596,25.721869,-3.9355914e-08,0.0
27.735,0.0,0.6,0.6,0.27763313,0.37750039,0.5569245,26.00674,6.21355e-08,0.0
27.740000000000002,0.0,0.6,0.6,0.26196533,0.3900568,0.5574563,26.154297,-3.2366653e-08,0.0
27.745,0.0,0.6,0.6,0.24718174,0.4019046,0.5598572,25.958225,-2.894731e-08,0.0
27.75,0.0,0.6,0.6,0.23323244,0.41308382,0.5621226,25.323477,9.052965e-08,0.0
27.755,0.0,0.6,0.6,0.22007033,0.42363214,0.5642601,24.235823,-8.677141e-08,0.0
27.76,0.0,0.17940238,0.6,0.20765102,0.4335852,0.566277,22.73761,2.2179913e-08,0.0
27.765,0.0,0.17940238,0.6,0.19593257,0.44297656,0.56818014,20.902826,-1.904423e-08,0.0
27.77,0.0,0.17940238,0.6,0.18487543,0.45183793,0.56997585,18.816717,-8.990121e-08,0.0
27.775000000000002,0.0,0.17940238,0.6,0.17444228,0.4601992,0.57167023,16.564814,-8.055145e-08,0.0
27.78,0.20812814,0.0,0.30127904,0.1645979,0.46808866,0.573269,14.234801,-4.895117e-08,0.0
27.785,0.20812814,0.0,0.30127904,0.15530908,0.47553286,0.57477754,11.922304,-1.127116e-08,0.0
27.79,0.20812814,0.0,0.30127904,0.14654446,0.48255697,0.57620096,9.725505,-1.1645023e-07,0.0
27.795,0.20812814,0.0,0.30127904,0.13827446,0.48918468,0.57754403,7.731759,-8.095728e-08,0.0
27.8,0.6,0.20088036,0.38966158,0.13047116,0.4935395,0.5788113,6.008342,7.239691e-08,0.0
27.805,0.6,0.20088036,0.38966158,0.12310822,0.4758117,0.580007,4.6035385,-2.3637357e-08,0.0
27.810000000000002,0.6,0.20088036,0.38966158,0.11616081,0.4590843,0.5811353,2.8477247,1.2262441e-07,0.0
27.815,0.6,0.20088036,0.38966158,0.10960546,0.4433009,0.5821999,0.781593,8.961559e-08,0.0
27.82,0.49522978,0.0,0.28548402,0.10435968,0.42759827,0.5818558,-8.152138e-09,-1.4160081e-08,0.0
27.825,0.49522978,0.0,0.28548402,0.110215686,0.40346745,0.56602186,-3.9756472e-08,-5.962009e-08,0.0
27.830000000000002,0.49522978,0.0,0.28548402,0.11574122,0.3806984,0.55108154,2.6874257e-08,1.1140335e-07,0.0
27.835,0.49522978,0.0,0.28548402,0.12095493,0.3592143,0.5369843,-4.0912116e-08,-4.183429e-08,0.0
27.84,0.27732766,0.0,0.55373937,0.12764359,0.33984953,0.5240817,0.054135825,6.093753e-08,0.0
27.845,0.27732766,0.0,0.55373937,0.15430027,0.33200702,0.51649594,0.30397668,1.4782346e-07,0.0
27.85,0.27732766,0.0,0.55373937,0.17945263,0.3246071,0.50933826,0.9233034,5.3246616e-08,0.0
27.855,0.27732766,0.0,0.55373937,0.20318556,0.31762478,0.5025845,1.9799479,4.310898e-08,0.0
27.86,0.6,0.10987541,0.5690195,0.22510615,0.31012958,0.49574158,3.4120178,2.1320557e-07,0.0
27.865000000000002,0.6,0.10987541,0.5690195,0.24035014,0.2926279,0.48387602,5.097757,-2.09713e-08,0.0
27.87,0.6,0.10987541,0.5690195,0.25473386,0.2761139,0.4726801,6.9145446,2.5285916e-08,0.0
27.875,0.6,0.10987541,0.5690195,0.26830587,0.26053184,0.46211597,8.764018,-2.2557726e-08,0.0
27.88,0.6,0.4426207,0.6,0.2801282,0.24582914,0.45335913,10.588767,3.3039488e-08,0.0
27.885,0.6,0.4426207,0.6,0.27997017,0.23195615,0.45902392,12.602631,4.827303e-08,0.0
27.89,0.6,0.4426207,0.6,0.27982104,0.21886608,0.46436903,15.198613,1.5064082e-07,0.0
27.895,0.6,0.4426207,0.6,0.27968034,0.20651472,0.4694125,18.206068,6.459408e-08,0.0
27.900000000000002,0.011315507,0.6,0.0,0.28100434,0.19535644,0.47424033,21.263952,1.6891597e-07,0.0
27.905,0.011315507,0.6,0.0,0.29900634,0.19053246,0.47958905,23.692957,1.5473098e-07,0.0
27.91,0.011315507,0.6,0.0,0.31599244,0.1859807,0.48463592,25.424791,1.1980336e-07,0.0
27.915,0.011315507,0.6,0.0,0.33201995,0.18168582,0.48939797,26.746016,4.676498e-08,0.0
27.92,0.23389232,0.6,0.0,0.347143,0.17913555,0.49403116,27.86444,6.3983556e-08,0.0
27.925,0.23389232,0.6,0.0,0.36141258,0.19400491,0.5000113,28.920166,1.33400135e-08,0.0
27.93,0.23389232,0.6,0.0,0.3748769,0.20803514,0.50565404,29.99881,3.580146e-08,0.0
27.935000000000002,0.23389232,0.6,0.0,0.38758135,0.2212736,0.5109783,31.146753,8.26221e-08,0.0
27.94,0.46523795,0.39086196,0.0,0.39691114,0.2344755,0.51329327,32.38238,1.3599356e-07,0.0
27.945,0.46523795,0.39086196,0.0,0.37515068,0.2551033,0.48432636,33.693596,1.374444e-07,0.0
27.95,0.46523795,0.39086196,0.0,0.35461822,0.27456698,0.45699418,35.45462,1.8454743e-07,0.0
27.955000000000002,0.46523795,0.39086196,0.0,0.33524448,0.29293227,0.43120444,37.399433,1.7855848e-07,0.0
27.96,0.27510157,0.6,0.0,0.31796893,0.31026116,0.4068701,38.99838,4.878454e-09,0.0
27.965,0.27510157,0.6,0.0,0.3132242,0.32661211,0.38390902,39.951866,2.0423462e-08,0.0
27.97,0.27510157,0.6,0.0,0.30874723,0.34204033,0.3622437,40.206512,3.321233e-08,0.0
27.975,0.27510157,0.6,0.0,0.3045229,0.35659787,0.34180108,39.8319,-2.772754e-08,0.0
27.98,0.3269059,0.59097356,0.0,0.30158144,0.36938968,0.3225121,38.93239,-1.917441e-08,0.0
27.985,0.3269059,0.59097356,0.0,0.31081715,0.37060145,0.30431163,37.637066,-6.548527e-08,0.0
27.990000000000002,0.3269059,0.59097356,0.0,0.31953165,0.3717448,0.28713828,35.687794,-1.0222921e-07,0.0
27.995,0.3269059,0.59097356,0.0,0.32775435,0.37282366,0.2709341,33.262253,-2.1766748e-07,0.0
28.0,0.5046719,0.5920475,0.0,0.3346546,0.3747858,0.25564438,30.759615,4.8894332e-08,0.0
28.005,0.5046719,0.5920475,0.0,0.33129382,0.38749543,0.2412175,28.428625,9.212557e-08,0.0
28.01,0.5046719,0.5920475,0.0,0.3281227,0.3994878,0.22760476,26.85695,-4.1336907e-08,0.0
28.015,0.5046719,0.5920475,0.0,0.32513055,0.41080338,0.21476024,26.06588,8.991427e-09,0.0
28.02,0.43789116,0.6,0.0,0.32254112,0.42143965,0.2026406,25.745577,1.9066576e-08,0.0
28.025000000000002,0.43789116,0.6,0.0,0.32278743,0.43100703,0.19120489,25.667734,-4.0456216e-09,0.0
28.03,0.43789116,0.6,0.0,0.32301986,0.44003448,0.18041454,25.080578,0.48482597,0.0
28.035,0.43789116,0.6,0.0,0.32323918,0.4485525,0.17023313,23.901806,1.3735117,0.0
28.04,0.21531759,0.24341917,0.0,0.32424867,0.45659465,0.16062629,22.440664,2.3100069,0.0
28.045,0.21531759,0.24341917,0.0,0.33443058,0.4642387,0.1515616,20.919779,3.0444853,0.0
28.05,0.21531759,0.24341917,0.0,0.34403786,0.4714514,0.14300847,19.541945,3.3562415,0.0
28.055,0.21531759,0.24341917,0.0,0.35310298,0.47825706,0.13493802,18.438223,3.1106386,0.0
28.060000000000002,0.6,0.26259288,0.0,0.36135504,0.48471454,0.127323,17.65223,2.273293,0.0
28.065,0.6,0.26259288,0.0,0.36567423,0.4912205,0.12013773,17.169329,0.8747497,0.0
28.07,0.6,0.26259288,0.0,0.36974967,0.4973593,0.11335795,16.745508,-1.2388118e-08,0.0
28.075,0.6,0.26259288,0.0,0.37359512,0.50315166,0.10696077,16.375908,4.480975e-09,0.0
28.080000000000002,0.43316963,0.21908638,0.06448898,0.3762187,0.5070073,0.10092461,16.197279,-7.782991e-09,0.0
28.085,0.43316963,0.21908638,0.06448898,0.3671385,0.49213213,0.09522909,16.160023,-2.035641e-09,0.0
28.09,0.43316963,0.21908638,0.06448898,0.35857072,0.4780964,0.089854985,16.045021,6.867756e-09,0.0
28.095,0.43316963,0.21908638,0.06448898,0.35048646,0.46485275,0.084784165,15.820248,-4.816997e-09,0.0
28.1,0.37134236,0.24900872,0.3582515,0.34459513,0.45244306,0.07999951,15.574165,4.247326e-09,0.0
28.105,0.37134236,0.24900872,0.3582515,0.3590085,0.44172916,0.075484864,15.376887,-1.0338556e-08,0.0
28.11,0.37134236,0.24900872,0.3582515,0.37260845,0.43161988,0.071224995,14.754209,0.35452977,0.0
28.115000000000002,0.37134236,0.24900872,0.3582515,0.38544095,0.4220811,0.067205526,13.871336,0.7356856,0.0
28.12,0.6,0.44171524,0.45470232,0.39679605,0.41288424,0.063704036,13.161541,0.6608735,0.0
28.125,0.6,0.44171524,0.45470232,0.39884874,0.40194756,0.06374833,12.827643,-1.15356215e-07,0.0
28.13,0.6,0.44171524,0.45470232,0.4007856,0.3916281,0.06379013,12.712277,-2.1056807e-09,0.0
28.135,0.6,0.44171524,0.45470232,0.40261313,0.38189098,0.06382956,12.962107,3.498298e-08,0.0
28.14,0.43146136,0.50034314,0.6,0.4040584,0.37283844,0.06519302,13.519526,9.096875e-09,0.0
28.145,0.43146136,0.50034314,0.6,0.4022121,0.3658503,0.08173131,14.300809,4.7828667e-08,0.0
28.150000000000002,0.43146136,0.50034314,0.6,0.40047002,0.35925654,0.09733629,15.845022,7.177616e-08,0.0
28.155,0.43146136,0.50034314,0.6,0.39882624,0.35303488,0.11206063,18.101051,1.8611047e-07,0.0
28.16,0.50912434,0.5000767,0.6,0.39830756,0.34803435,0.12638946,20.641827,1.7195286e-07,0.0
28.165,0.50912434,0.5000767,0.6,0.40968975,0.35332108,0.14491728,23.169159,2.5419752e-07,0.0
28.17,0.50912434,0.5000767,0.6,0.42042962,0.35830945,0.1623995,25.428448,0.009267021,0.0
28.175,0.50912434,0.5000767,0.6,0.4305634,0.3630163,0.17889515,27.30696,0.13735223,0.0
28.18,0.22741331,0.5378221,0.6,0.43936437,0.36772224,0.19511586,28.819258,0.42752063,0.0
28.185000000000002,0.22741331,0.5378221,0.6,0.43891838,0.3752065,0.21796486,30.016306,0.82296365,0.0
28.19,0.22741331,0.5378221,0.6,0.43849754,0.3822684,0.23952441,31.749254,0.374551,0.0
28.195,0.22741331,0.5378221,0.6,0.43810046,0.38893175,0.25986728,33.84004,2.2431581e-07,0.0
28.2,0.34054843,0.6,0.6,0.4380764,0.39521787,0.27906212,35.93121,1.2014993e-07,0.0
28.205000000000002,0.34054843,0.6,0.6,0.4420859,0.4011354,0.29717374,37.865746,1.07525665e-07,0.0
28.21,0.34054843,0.6,0.6,0.4458691,0.406719,0.31426325,38.824993,5.314016e-08,0.0
28.215,0.34054843,0.6,0.6,0.4494388,0.41198748,0.33038837,38.70002,-4.2721457e-09,0.0
28.22,0.0,0.6,0.6,0.45153522,0.41712907,0.34560347,37.862286,-6.964425e-09,0.0
28.225,0.0,0.6,0.6,0.43888727,0.42394018,0.35995993,36.605095,2.5342985e-08,0.0
28.23,0.0,0.6,0.6,0.42695308,0.43036693,0.37350622,35.77794,-6.912794e-09,0.0
28.235,0.0,0.6,0.6,0.41569236,0.436431,0.38628805,35.514153,4.7549924e-09,0.0
28.240000000000002,0.0713059,0.6,0.6,0.4055779,0.44243357,0.39834854,35.498207,2.255767e-09,0.0
28.245,0.0713059,0.6,0.6,0.40190807,0.45132557,0.4097284,35.513542,9.617687e-09,0.0
28.25,0.0713059,0.6,0.6,0.39844534,0.45971578,0.4204661,35.443607,-3.996248e-08,0.0
28.255,0.0713059,0.6,0.6,0.39517802,0.4676325,0.4305978,35.234463,-4.670174e-09,0.0
28.26,0.0,0.6,0.6,0.39055762,0.47510245,0.44015777,34.86664,5.9776775e-09,0.0
28.265,0.0,0.6,0.6,0.36851713,0.48215085,0.44917822,34.33581,6.828061e-08,0.0
28.27,0.0,0.6,0.6,0.34772044,0.48880148,0.4576896,33.55003,6.624603e-08,0.0
28.275000000000002,0.0,0.6,0.6,0.3280974,0.4950768,0.46572068,32.424335,-5.413878e-08,0.0
28.28,0.0,0.3897436,0.6,0.30990368,0.50099796,0.47329852,30.935862,4.5129358e-08,0.0
28.285,0.0,0.3897436,0.6,0.29643878,0.506585,0.48044872,29.105326,-3.4202944e-08,0.0
28.29,0.0,0.3897436,0.6,0.28373376,0.51185673,0.4871954,27.005356,-3.938625e-08,0.0
28.295,0.0,0.3897436,0.6,0.27174574,0.516831,0.49356136,24.72875,1.5602085e-08,0.0
28.3,0.0,0.0,0.6,0.26011232,0.5215245,0.49956805,22.369911,-6.9210635e-08,0.0
28.305,0.0,0.0,0.6,0.24543329,0.5259531,0.5052358,20.018246,-2.8793652e-08,0.0
28.310000000000002,0.0,0.0,0.6,0.23158264,0.5301318,0.51058364,17.722954,3.8197467e-08,0.0
28.315,0.0,0.0,0.6,0.21851364,0.5340747,0.5156297,15.510261,-1.2290418e-07,0.0
28.32,0.32202202,0.0,0.33154926,0.20618217,0.53684586,0.520391,13.402609,1.0379234e-08,0.0
28.325,0.32202202,0.0,0.33154926,0.19454661,0.52854437,0.52488357,11.427135,6.933847e-08,0.0
28.330000000000002,0.32202202,0.0,0.33154926,0.18356769,0.52071136,0.52912265,8.817827,-1.4627375e-08,0.0
28.335,0.32202202,0.0,0.33154926,0.17320834,0.5133204,0.5331225,5.6096807,-1.4544634e-07,0.0
28.34,0.6,0.1624623,0.49246684,0.16343361,0.50458694,0.5368966,2.3923526,1.08957835e-07,0.0
28.345,0.6,0.1624623,0.49246684,0.1542105,0.47611138,0.5404577,-4.8303565e-07,-1.994194e-08,0.0
28.35,0.6,0.1624623,0.49246684,0.14550787,0.4492428,0.5438179,-1.0600358e-09,9.114453e-09,0.0
28.355,0.6,0.1624623,0.49246684,0.13729636,0.4238905,0.5469884,0.043731462,3.912032e-08,0.0
28.36,0.4594609,0.23459509,0.0,0.13100208,0.39996892,0.5487681,0.18082805,6.101968e-08,0.0
28.365000000000002,0.4594609,0.23459509,0.0,0.14178199,0.3773973,0.5365097,0.44654867,1.3106867e-08,0.0
28.37,0.4594609,0.23459509,0.0,0.15195355,0.3560995,0.52494305,0.7225784,-6.945148e-08,0.0
28.375,0.4594609,0.23459509,0.0,0.16155109,0.33600357,0.5140292,1.0988779,1.3588938e-07,0.0
28.38,0.29272288,0.033811748,0.30051127,0.17186199,0.31777522,0.5044577,1.7255023,6.167267e-08,0.0
28.385,0.29272288,0.033811748,0.30051127,0.19602329,0.3090104,0.503781,2.6370695,1.6472073e-08,0.0
28.39,0.29272288,0.033811748,0.30051127,0.21882106,0.30074018,0.50314254,3.8364923,1.335047e-08,0.0
28.395,0.29272288,0.033811748,0.30051127,0.24033229,0.29293668,0.50254005,5.282475,5.599537e-08,0.0
28.400000000000002,0.6,0.14689268,0.30758017,0.25999507,0.28589922,0.49974826,6.9017797,-1.0469304e-08,0.0
28.405,0.6,0.14689268,0.30758017,0.27125162,0.28300396,0.47154576,8.618185,6.945669e-08,0.0
28.41,0.6,0.14689268,0.30758017,0.2818729,0.28027207,0.44493482,10.318133,2.2570988e-07,0.0
28.415,0.6,0.14689268,0.30758017,0.2918948,0.27769434,0.4198256,11.912785,1.0644469e-07,0.0
28.42,0.6,0.6,0.30740824,0.30059835,0.27435565,0.39749014,13.365263,8.733149e-08,0.0
28.425,0.6,0.6,0.30740824,0.3001539,0.26078093,0.3920173,14.670025,2.2886647e-08,0.0
28.43,0.6,0.6,0.30740824,0.29973456,0.24797228,0.3868533,16.33,1.1655171e-07,0.0
28.435000000000002,0.6,0.6,0.30740824,0.29933888,0.23588647,0.38198072,18.404064,9.1437215e-08,0.0
28.44,0.402556,0.6,0.6,0.30035278,0.22499323,0.37741503,20.649708,2.1831934e-08,0.0
28.445,0.402556,0.6,0.6,0.3172629,0.22058575,0.373474,22.416773,8.1104794e-08,0.0
28.45,0.402556,0.6,0.6,0.3332187,0.216427,0.3697554,23.627474,8.907534e-08,0.0
28.455000000000002,0.402556,0.6,0.6,0.34827408,0.21250294,0.36624664,24.550592,7.407024e-08,0.0
28.46,0.1266306,0.6,0.44386154,0.36247984,0.21084596,0.36293513,25.372976,3.7863487e-08,0.0
28.465,0.1266306,0.6,0.44386154,0.3758839,0.23280725,0.35980156,26.206198,4.807619e-08,0.0
28.47,0.1266306,0.6,0.44386154,0.38853154,0.2535292,0.3568448,27.28004,-2.221634e-08,0.0
28.475,0.1266306,0.6,0.44386154,0.40046543,0.27308172,0.35405493,28.639767,5.327385e-08,0.0
28.48,0.14098276,0.6,0.6,0.41083446,0.29153085,0.35274345,30.132917,8.577166e-08,0.0
28.485,0.14098276,0.6,0.6,0.41036728,0.3089388,0.36669698,31.568132,5.252411e-08,0.0
28.490000000000002,0.14098276,0.6,0.6,0.40992647,0.32536438,0.37986308,33.416454,1.3708744e-07,0.0
28.495,0.14098276,0.6,0.6,0.40951052,0.34086302,0.39228615,35.61442,1.2451558e-07,0.0
28.5,0.3877562,0.6,0.5217779,0.40787235,0.355487,0.40330324,37.761173,5.493111e-08,0.0
28.505,0.3877562,0.6,0.5217779,0.3920009,0.3692857,0.40559208,39.59695,1.7273433e-07,0.0
28.51,0.3877562,0.6,0.5217779,0.37702516,0.3823057,0.40775177,40.898026,5.4361486e-08,0.0
28.515,0.3877562,0.6,0.5217779,0.36289454,0.39459094,0.40978956,41.52968,3.4513544e-08,0.0
28.52,0.0,0.6,0.4758394,0.34962615,0.4061829,0.41241726,41.468555,-3.2833892e-08,0.0
28.525000000000002,0.0,0.6,0.4758394,0.3378517,0.41712064,0.4230032,40.76378,-3.3179255e-08,0.0
28.53,0.0,0.6,0.4758394,0.32674173,0.42744115,0.43299174,39.510475,-5.3504216e-08,0.0
28.535,0.0,0.6,0.4758394,0.31625873,0.43717924,0.44241658,37.82343,-1.6155084e-08,0.0
28.54,0.0,0.6,0.6,0.3074814,0.44636777,0.4509564,35.816578,3.4354645e-08,0.0
28.545,0.0,0.6,0.6,0.3120116,0.45503777,0.4549531,33.598522,1.0858676e-08,0.0
28.55,0.0,0.6,0.6,0.31628612,0.46321848,0.45872426,30.8353,-1.0213739e-07,0.0
28.555,0.0,0.6,0.6,0.3203194,0.47093752,0.4622826,27.639729,-1.10543084e-07,0.0
28.560000000000002,0.0,0.6,0.6,0.32237452,0.47822097,0.46543273,24.384336,-6.389861e-08,0.0
28.565,0.0,0.6,0.6,0.3041818,0.48509338,0.46602002,21.328081,-1.0707094e-07,0.0
28.57,0.0,0.6,0.6,0.2870158,0.49157795,0.46657416,19.043493,-1.392561e-07,0.0
28.575,0.0,0.6,0.6,0.27081853,0.49769658,0.46709704,17.536701,-4.5760974e-08,0.0
28.580000000000002,0.0,0.36923397,0.6,0.2555353,0.5034699,0.46815094,16.482464,-2.7363605e-09,0.0
28.585,0.0,0.36923397,0.6,0.24111457,0.5089174,0.47559163,15.6329565,-1.449681e-08,0.0
28.59,0.0,0.36923397,0.6,0.22750765,0.5140575,0.48261243,14.813117,-1.3033872e-07,0.0
28.595,0.0,0.36923397,0.6,0.21466862,0.51890755,0.489237,13.914277,-4.9695483e-09,0.0
28.6,0.0,0.0,0.6,0.20255414,0.5234839,0.49548775,12.883473,4.8996373e-08,0.0
28.605,0.0,0.0,0.6,0.19112332,0.52780193,0.50138575,11.712149,-2.2271982e-08,0.0
28.61,0.0,0.0,0.6,0.18033758,0.5318763,0.5069509,10.423984,-1.832595e-08,0.0
28.615000000000002,0.0,0.0,0.6,0.17016052,0.53572077,0.51220196,9.066648,-1.1538063e-09,0.0
28.62,0.26817575,0.0,0.49561402,0.16055778,0.5383064,0.5171567,7.699732,-1.3284162e-07,0.0
28.625,0.26817575,0.0,0.49561402,0.15149695,0.5287651,0.52183187,6.385931,4.449669e-09,0.0
28.63,0.26817575,0.0,0.49561402,0.14294747,0.5197622,0.52624315,4.3954782,5.7857964e-08,0.0
28.635,0.26817575,0.0,0.49561402,0.13488045,0.5112674,0.5304055,1.8021355,-4.8227005e-08,0.0
28.64,0.6,0.03214946,0.5823085,0.12726869,0.501585,0.534333,5.0453997e-10,-4.594834e-08,0.0
28.645,0.6,0.03214946,0.5823085,0.12008648,0.47327885,0.5380388,-3.748199e-09,2.4317675e-08,0.0
28.650000000000002,0.6,0.03214946,0.5823085,0.11330959,0.4465701,0.5415355,-6.906243e-10,-1.0713748e-08,0.0
28.655,0.6,0.03214946,0.5823085,0.106915146,0.42136863,0.54483485,-6.2344196e-09,-4.260344e-08,0.0
28.66,0.49588495,0.3493371,0.19380268,0.10209229,0.39758936,0.54747677,1.6148336e-08,-1.8371537e-08,0.0
28.665,0.49588495,0.3493371,0.19380268,0.11146495,0.37515202,0.54455,-1.6776134e-08,5.9167455e-08,0.0
28.67,0.49588495,0.3493371,0.19380268,0.120308675,0.3539809,0.5417884,2.6303422e-08,3.530905e-08,0.0
28.675,0.49588495,0.3493371,0.19380268,0.12865332,0.33400455,0.5391826,0.07647903,-1.8740703e-08,0.0
28.68,0.32080203,0.45520854,0.17336519,0.13802512,0.31530067,0.5371153,0.38285828,5.0120985e-08,0.0
28.685000000000002,0.32080203,0.45520854,0.17336519,0.16409594,0.29932147,0.5396657,1.0123655,-3.43999e-08,0.0
28.69,0.32080203,0.45520854,0.17336519,0.18869549,0.28424406,0.5420722,2.051287,-1.0371794e-08,0.0
28.695,0.32080203,0.45520854,0.17336519,0.2119068,0.2700175,0.5443429,3.4951606,6.2319835e-08,0.0
28.7,0.6,0.45969313,0.2860298,0.23333819,0.2580258,0.54473144,5.240205,1.4274697e-07,0.0
28.705000000000002,0.6,0.45969313,0.2860298,0.2481546,0.2631788,0.5249273,7.378353,7.497253e-08,0.0
28.71,0.6,0.45969313,0.2860298,0.26213485,0.268041,0.50624084,9.776185,1.5760897e-07,0.0
28.715,0.6,0.45969313,0.2860298,0.27532616,0.27262884,0.4886089,12.212474,1.5966044e-07,0.0
28.72,0.6,0.6,0.16223891,0.2869826,0.27743572,0.47187972,14.568965,1.6090166e-07,0.0
28.725,0.6,0.6,0.16223891,0.28889114,0.28746805,0.45503354,16.785212,1.2391398e-07,0.0
28.73,0.6,0.6,0.16223891,0.29069197,0.29693422,0.43913803,18.78877,1.5933185e-07,0.0
28.735,0.6,0.6,0.16223891,0.29239118,0.30586618,0.42413956,20.493767,1.4297473e-07,0.0
28.740000000000002,0.42650428,0.6,0.0,0.295255,0.31431434,0.41049615,21.827126,1.5774641e-07,0.0
28.745,0.42650428,0.6,0.0,0.3124528,0.32251856,0.4034721,22.767159,1.18576416e-07,0.0
28.75,0.42650428,0.6,0.0,0.32868007,0.3302598,0.39684442,23.412716,1.0344244e-08,0.0
28.755,0.42650428,0.6,0.0,0.34399158,0.33756417,0.39059076,23.888678,2.1451587e-08,0.0
28.76,0.5313423,0.6,0.21702011,0.358439,0.34508976,0.38413116,24.286594,5.4451238e-08,0.0
28.765,0.5313423,0.6,0.21702011,0.37207112,0.35947523,0.37160903,24.66557,1.6086062e-08,0.0
28.77,0.5313423,0.6,0.21702011,0.38493392,0.37304887,0.35979357,25.031305,2.488112e-08,0.0
28.775000000000002,0.5313423,0.6,0.21702011,0.39707083,0.3858565,0.34864488,25.372011,2.492825e-08,0.0
28.78,0.6,0.6,0.6,0.40773952,0.39794135,0.3373929,25.682194,5.640492e-08,0.0
28.785,0.6,0.6,0.6,0.4087985,0.4093442,0.31835267,25.956593,-2.6897402e-08,0.0
28.79,0.6,0.6,0.6,0.4097977,0.42010355,0.30038694,26.148336,-5.9768057e-09,0.0
28.795,0.6,0.6,0.6,0.4107405,0.4302557,0.28343508,26.212734,1.8349166e-09,0.0
28.8,0.2019246,0.5965514,0.6,0.4121034,0.43983495,0.26841965,26.133818,2.65287e-08,0.0
28.805,0.2019246,0.5965514,0.6,0.41883248,0.4488736,0.265519,25.918152,-2.6839395e-08,0.0
28.810000000000002,0.2019246,0.5965514,0.6,0.4251818,0.4574022,0.26278204,25.611467,-9.072311e-09,0.0
28.815,0.2019246,0.5965514,0.6,0.43117282,0.46544948,0.26019955,25.266352,-1.2298299e-08,0.0
28.82,0.23726861,0.4344339,0.6,0.4371357,0.47304264,0.2594918,24.921644,7.705347e-09,0.0
28.825,0.23726861,0.4344339,0.6,0.44632667,0.48020726,0.27870783,24.605827,-2.7805937e-08,0.0
28.830000000000002,0.23726861,0.4344339,0.6,0.45499897,0.48696756,0.29683945,24.35601,-9.013141e-10,0.0
28.835,0.23726861,0.4344339,0.6,0.46318188,0.49334636,0.31394783,24.19737,-1.0081854e-08,0.0
28.84,0.3883538,0.6,0.6,0.4691058,0.49934962,0.33009073,24.13547,-1.7054761e-08,0.0
28.845,0.3883538,0.6,0.6,0.45402786,0.50483507,0.34532264,24.154812,-2.4595066e-09,0.0
28.85,0.3883538,0.6,0.6,0.43980083,0.51001096,0.35969496,24.85471,9.1481326e-08,0.0
28.855,0.3883538,0.6,0.6,0.42637667,0.5148947,0.3732562,26.146498,7.016788e-08,0.0
28.86,0.0,0.6,0.4782785,0.41386965,0.518771,0.38605213,27.545942,3.0968504e-08,0.0
28.865000000000002,0.0,0.6,0.4782785,0.40390345,0.51401156,0.39812595,28.740665,1.6881495e-09,0.0
28.87,0.0,0.6,0.4782785,0.3944997,0.5095207,0.4095184,28.793415,-3.2101493e-08,0.0
28.875,0.0,0.6,0.4782785,0.3856266,0.5052833,0.4202679,27.620787,3.6236358e-08,0.0
28.88,0.0,0.6,0.6,0.37793636,0.5020325,0.4304108,25.694927,-5.1586024e-08,0.0
28.885,0.0,0.6,0.6,0.37852424,0.50756115,0.4399813,23.393261,-9.444699e-08,0.0
28.89,0.0,0.6,0.6,0.37907895,0.5127778,0.4490117,21.19748,-5.4647327e-08,0.0
28.895,0.0,0.6,0.6,0.37960237,0.5177001,0.4575325,19.340538,-1.199229e-07,0.0
28.900000000000002,0.0,0.6,0.6,0.37834296,0.5223445,0.4650229,17.856834,3.4235445e-08,0.0
28.905,0.0,0.6,0.6,0.35699177,0.5267269,0.46577096,17.338858,-4.1456026e-08,0.0
28.91,0.0,0.6,0.6,0.33684552,0.530862,0.4664768,17.656961,2.017e-08,0.0
28.915,0.0,0.6,0.6,0.31783617,0.5347637,0.46714282,18.275423,3.407381e-08,0.0
28.92,0.0,0.3540548,0.6,0.29989958,0.5384452,0.4683208,18.821218,5.3031386e-08,0.0
28.925,0.0,0.3540548,0.6,0.28297523,0.54191893,0.4757519,19.062523,-9.262865e-09,0.0
28.93,0.0,0.3540548,0.6,0.26700598,0.54519665,0.48276365,18.88308,-1.3938683e-08,0.0
28.935000000000002,0.0,0.3540548,0.6,0.25193793,0.5482894,0.4893797,18.255339,-2.2490127e-08,0.0
28.94,0.0,0.0,0.6,0.2377202,0.5512076,0.4956224,17.213707,-7.8368124e-08,0.0
28.945,0.0,0.0,0.6,0.22430484,0.5539611,0.50151277,15.830096,-1.1194156e-07,0.0
28.95,0.0,0.0,0.6,0.21164656,0.5565592,0.5070707,14.195774,-5.806363e-08,0.0
28.955000000000002,0.0,0.0,0.6,0.19970262,0.55901074,0.51231503,12.4091015,6.663688e-08,0.0
28.96,0.31282377,0.0,0.20800653,0.18843272,0.56021357,0.5172634,10.567094,4.8973007e-08,0.0
28.965,0.31282377,0.0,0.20800653,0.17779882,0.54857934,0.52193254,8.764409,-1.00479184e-07,0.0
28.97,0.31282377,0.0,0.20800653,0.16776502,0.53760165,0.52633816,6.268974,1.0857573e-07,0.0
28.975,0.31282377,0.0,0.20800653,0.15829746,0.5272435,0.53049517,3.178426,2.4882773e-08,0.0
28.98,0.6,0.115723535,0.4053657,0.1493642,0.5158714,0.53441757,0.15627745,1.8544505e-07,0.0
28.985,0.6,0.115723535,0.4053657,0.14093508,0.48675904,0.5381186,5.046937e-09,2.8409524e-08,0.0
28.990000000000002,0.6,0.115723535,0.4053657,0.13298163,0.45928955,0.5416108,-4.2671964e-09,-3.296711e-08,0.0
28.995,0.6,0.115723535,0.4053657,0.12547702,0.43337026,0.5449059,2.2241585e-08,-2.7580423e-08,0.0
29.0,0.45413032,0.29994366,0.07712229,0.11980822,0.4089137,0.54624534,7.305025e-11,1.7517262e-08,0.0
29.005,0.45413032,0.29994366,0.07712229,0.13070074,0.38583732,0.52715737,0.023926457,5.4622635e-09,0.0
29.01,0.45413032,0.29994366,0.07712229,0.14097856,0.3640632,0.5091466,0.027718017,1.0500357e-07,0.0
29.015,0.45413032,0.29994366,0.07712229,0.15067637,0.34351787,0.4921522,0.17431705,-3.452604e-08,0.0
29.02,0.38329282,0.2964535,0.21890043,0.16112341,0.32465443,0.47700793,0.6512171,4.799812e-08,0.0
29.025000000000002,0.38329282,0.2964535,0.21890043,0.18589072,0.31286374,0.4729649,1.5079025,2.5230921e-08,0.0
29.03,0.38329282,0.2964535,0.21890043,0.20926031,0.30173844,0.46915007,2.7494996,-4.499869e-08,0.0
29.035,0.38329282,0.2964535,0.21890043,0.23131108,0.291241,0.4655505,4.3174224,-3.1891865e-08,0.0
29.04,0.6,0.39661366,0.3907545,0.2514589,0.28216764,0.46067217,6.0998583,1.3641375e-11,0.0
29.045,0.6,0.39661366,0.3907545,0.26289636,0.2831708,0.43902713,7.9813213,1.5707485e-07,0.0
29.05,0.6,0.39661366,0.3907545,0.27368835,0.28411734,0.4186036,10.131495,2.089562e-08,0.0
29.055,0.6,0.39661366,0.3907545,0.2838713,0.2850105,0.39933264,12.4870205,2.121851e-07,0.0
29.060000000000002,0.6,0.6,0.26160496,0.29315978,0.28583747,0.3817893,14.85428,1.0355204e-07,0.0
29.065,0.6,0.6,0.26160496,0.2982463,0.28643656,0.37259692,17.116982,1.3129755e-07,0.0
29.07,0.6,0.6,0.26160496,0.30304575,0.28700185,0.3639233,19.196625,-1.1051788e-09,0.0
29.075,0.6,0.6,0.26160496,0.30757436,0.28753525,0.35573918,21.04571,7.834922e-08,0.0
29.080000000000002,0.2567017,0.6,0.36909378,0.31282577,0.28849074,0.34879276,22.628391,1.8329814e-07,0.0
29.085,0.2567017,0.6,0.36909378,0.329032,0.2945925,0.3511608,23.9375,1.1968808e-07,0.0
29.09,0.2567017,0.6,0.36909378,0.34432366,0.3003499,0.3533952,25.032843,5.2974464e-08,0.0
29.095,0.2567017,0.6,0.36909378,0.35875234,0.30578238,0.3555035,25.983612,4.206874e-08,0.0
29.1,0.46492544,0.6,0.53628707,0.37236676,0.31182653,0.35690975,26.841942,4.2135962e-08,0.0
29.105,0.46492544,0.6,0.53628707,0.38521287,0.32808915,0.3515314,27.640177,-3.8608214e-09,0.0
29.11,0.46492544,0.6,0.53628707,0.39733404,0.343434,0.34645653,28.349127,-9.9394825e-08,0.0
29.115000000000002,0.46492544,0.6,0.53628707,0.40877116,0.3579129,0.34166807,28.934647,3.0831593e-08,0.0
29.12,0.30727226,0.6,0.6,0.41801298,0.3715747,0.3376351,29.385798,4.565738e-08,0.0
29.125,0.30727226,0.6,0.6,0.40890962,0.38446552,0.33941042,29.698853,-3.0156724e-09,0.0
29.13,0.30727226,0.6,0.6,0.40032,0.39662886,0.34108555,30.456255,7.424109e-08,0.0
29.135,0.30727226,0.6,0.6,0.39221513,0.4081058,0.34266615,31.635645,8.152817e-08,0.0
29.14,0.3230723,0.6,0.6,0.3855077,0.41893503,0.34491238,32.853817,6.113394e-08,0.0
29.145,0.3230723,0.6,0.6,0.38998953,0.42915314,0.3557123,33.869026,5.205321e-08,0.0
29.150000000000002,0.3230723,0.6,0.6,0.39421842,0.4387946,0.36590275,33.98186,-9.866355e-09,0.0
29.155,0.3230723,0.6,0.6,0.39820865,0.44789198,0.3755181,33.13845,-2.426798e-08,0.0
29.16,0.3822023,0.6,0.6,0.40126196,0.45647594,0.3848785,31.699005,4.5736847e-08,0.0
29.165,0.3822023,0.6,0.6,0.3959578,0.4645755,0.39701852,29.947727,-1.9882195e-08,0.0
29.17,0.3822023,0.6,0.6,0.39095297,0.47221798,0.40847346,28.699196,-3.0245655e-09,0.0
29.175,0.3822023,0.6,0.6,0.3862306,0.47942916,0.41928196,28.116024,-3.126068e-08,0.0
29.18,0.1213651,0.6,0.6,0.38184604,0.48623338,0.4294805,27.92631,-2.2457602e-08,0.0
29.185000000000002,0.1213651,0.6,0.6,0.37852925,0.4926536,0.43910348,27.924704,2.8817459e-08,0.0
29.19,0.1213651,0.6,0.6,0.37539962,0.49871153,0.44818342,27.97089,-4.1498275e-08,0.0
29.195,0.1213651,0.6,0.6,0.37244663,0.50442755,0.45675096,27.97563,-3.6435868e-08,0.0
29.2,0.0,0.6,0.6,0.36992723,0.50982106,0.464835,27.887611,2.7241083e-09,0.0
29.205000000000002,0.0,0.6,0.6,0.37061995,0.51491016,0.4724628,27.68615,-1.7107329e-08,0.0
29.21,0.0,0.6,0.6,0.37127358,0.5197121,0.47966015,26.79164,-4.3732698e-10,0.0
29.215,0.0,0.6,0.6,0.37189034,0.524243,0.48645133,25.185478,-2.1296827e-09,0.0
29.22,0.0,0.6,0.6,0.37129468,0.5285182,0.49285927,23.225466,-9.091592e-08,0.0
29.225,0.0,0.6,0.6,0.3571903,0.5325522,0.4989056,21.780296,-1.2256072e-07,0.0
29.23,0.0,0.6,0.6,0.3438819,0.5363585,0.5046107,21.000195,4.7963145e-08,0.0
29.235,0.0,0.6,0.6,0.33132452,0.53995,0.50999385,20.578564,2.1778582e-08,0.0
29.240000000000002,0.0,0.23794432,0.6,0.31892785,0.54333884,0.5150732,20.287933,-8.313372e-09,0.0
29.245,0.0,0.23794432,0.6,0.30092967,0.54653645,0.5198659,19.96987,-4.086962e-09,0.0
29.25,0.0,0.23794432,0.6,0.28394717,0.5495536,0.52438813,19.486073,1.3608025e-08,0.0
29.255,0.0,0.23794432,0.6,0.26792306,0.5524004,0.5286552,18.747938,-5.3741562e-08,0.0
29.26,0.0,0.0,0.6,0.25280324,0.5550866,0.5326814,17.730694,-4.5486892e-08,0.0
29.265,0.0,0.0,0.6,0.23853669,0.55762124,0.5364804,16.454014,-4.662579e-08,0.0
29.27,0.0,0.0,0.6,0.22507524,0.5600128,0.54006505,14.96576,-9.0400796e-08,0.0
29.275000000000002,0.0,0.0,0.6,0.21237348,0.56226945,0.5434474,13.328706,6.746519e-08,0.0
29.28,0.33967125,0.0,0.6,0.20038852,0.56276417,0.54663885,11.612043,-8.476907e-08,0.0
29.285,0.33967125,0.0,0.6,0.18907991,0.5444335,0.5496502,9.890949,5.0796285e-08,0.0
29.29,0.33967125,0.0,0.6,0.17840949,0.5271372,0.5524916,7.4481997,-2.2277891e-07,0.0
29.295,0.33967125,0.0,0.6,0.16834123,0.51081705,0.5551727,4.4036927,-9.407362e-08,0.0
29.3,0.6,0.01779054,0.46903747,0.15884116,0.49434367,0.5577024,1.4283661,-9.790217e-08,0.0
29.305,0.6,0.01779054,0.46903747,0.14987722,0.46644616,0.5600894,-9.658727e-09,-4.357147e-08,0.0
29.310000000000002,0.6,0.01779054,0.46903747,0.14141914,0.44012302,0.5623417,4.1078667e-05,4.0510835e-09,0.0
29.315,0.6,0.01779054,0.46903747,0.13343838,0.41528538,0.5644669,0.05148419,1.4620535e-09,0.0
29.32,0.46273473,0.25524327,0.39772964,0.1274415,0.3918494,0.5664722,0.20554258,-9.0067305e-09,0.0
29.325,0.46273473,0.25524327,0.39772964,0.13941835,0.36973602,0.56836426,0.49544936,2.2757702e-08,0.0
29.330000000000002,0.46273473,0.25524327,0.39772964,0.1507193,0.34887055,0.5701496,0.8144323,1.1777668e-08,0.0
29.335,0.46273473,0.25524327,0.39772964,0.1613825,0.3291826,0.57183415,1.2508451,2.8796975e-08,0.0
29.34,0.1292087,0.24071178,0.6,0.17261924,0.31068602,0.5728324,1.9417397,-1.9937698e-08,0.0
29.345,0.1292087,0.24071178,0.6,0.1967378,0.29415694,0.5669749,2.9112766,7.6143294e-08,0.0
29.35,0.1292087,0.24071178,0.6,0.21949527,0.27856064,0.5614479,4.175773,-1.3558325e-08,0.0
29.355,0.1292087,0.24071178,0.6,0.24096845,0.2638445,0.55623287,5.710604,2.6163602e-07,0.0
29.36,0.39374402,0.3694837,0.6,0.2606101,0.25103086,0.5509902,7.446044,-4.6093355e-08,0.0
29.365000000000002,0.39374402,0.3694837,0.6,0.27201667,0.2512686,0.54234123,9.537157,1.062269e-07,0.0
29.37,0.39374402,0.3694837,0.6,0.28277954,0.2514929,0.5341803,11.890144,1.8389433e-07,0.0
29.375,0.39374402,0.3694837,0.6,0.29293504,0.25170454,0.5264799,14.290097,1.8519009e-07,0.0
29.38,0.49845412,0.5788741,0.6,0.30101165,0.25183865,0.5201273,16.60764,3.4774104e-08,0.0
29.385,0.49845412,0.5788741,0.6,0.2913162,0.25121072,0.5246348,18.767073,2.048742e-07,0.0
29.39,0.49845412,0.5788741,0.6,0.28216794,0.25061822,0.52888787,20.819033,2.2893875e-08,0.0
29.395,0.49845412,0.5788741,0.6,0.27353594,0.25005916,0.532901,22.653818,-5.719586e-09,0.0
29.400000000000002,0.0,0.6,0.44840172,0.26658535,0.250113,0.5366876,24.12343,3.6111455e-08,0.0
29.405,0.0,0.6,0.44840172,0.27376136,0.2568495,0.54026055,25.51945,1.0527735e-07,0.0
29.41,0.0,0.6,0.44840172,0.2805324,0.26320583,0.54363185,26.53286,6.145691e-08,0.0
29.415,0.0,0.6,0.44840172,0.28692132,0.26920345,0.5468129,27.076565,5.8721476e-08,0.0
29.42,0.0,0.6,0.59678966,0.29342243,0.27580795,0.5498144,27.31042,3.700892e-08,0.0
29.425,0.0,0.6,0.59678966,0.30499306,0.292911,0.5526466,27.335533,-1.5352517e-08,0.0
29.43,0.0,0.6,0.59678966,0.31591073,0.30904886,0.5553189,27.205168,-3.2522564e-08,0.0
29.435000000000002,0.0,0.6,0.59678966,0.3262123,0.32427603,0.5578404,26.953543,-3.4080458e-08,0.0
29.44,0.0,0.6,0.57119876,0.33368212,0.33873925,0.5595352,26.616186,8.051432e-09,0.0
29.445,0.0,0.6,0.57119876,0.3148513,0.35348308,0.55326355,26.216433,2.6525175e-08,0.0
29.45,0.0,0.6,0.57119876,0.29708317,0.36739486,0.5473458,26.150364,-1.8383219e-08,0.0
29.455000000000002,0.0,0.6,0.57119876,0.28031775,0.38052157,0.54176205,26.31601,6.537638e-08,0.0
29.46,0.0,0.58799255,0.6,0.26449847,0.39290747,0.5371633,26.365374,1.08188864e-07,0.0
29.465,0.0,0.58799255,0.6,0.24957192,0.40459442,0.54052824,26.092146,-1.6124257e-07,0.0
29.47,0.0,0.58799255,0.6,0.23548773,0.41562182,0.54370326,25.40386,-6.699486e-08,0.0
29.475,0.0,0.58799255,0.6,0.22219835,0.4260269,0.5466991,24.283882,2.8053327e-08,0.0
29.48,0.0,0.19053017,0.6,0.20965894,0.4358448,0.54941034,22.769163,-2.6035828e-08,0.0
29.485,0.0,0.19053017,0.6,0.19782716,0.44510865,0.5506399,20.929384,-1.2327297e-07,0.0
29.490000000000002,0.0,0.19053017,0.6,0.1866631,0.4538497,0.55180013,18.846647,-3.3027123e-09,0.0
29.495,0.0,0.19053017,0.6,0.17612907,0.46209747,0.5528949,16.603624,4.8982276e-08,0.0
29.5,0.17086208,0.0,0.2517549,0.1661895,0.46982557,0.5540579,14.2850065,1.78951e-07,0.0
29.505,0.17086208,0.0,0.2517549,0.15681086,0.47649413,0.5566506,11.983715,-9.289849e-08,0.0
29.51,0.17086208,0.0,0.2517549,0.1479615,0.48278636,0.55909693,9.798103,2.22714e-08,0.0
29.515,0.17086208,0.0,0.2517549,0.13961153,0.48872352,0.56140524,7.816568,3.4896342e-08,0.0
29.52,0.6,0.1693722,0.34577966,0.13173278,0.49253118,0.56358325,6.106462,-5.7765156e-08,0.0
29.525000000000002,0.6,0.1693722,0.34577966,0.12429865,0.47548825,0.56563836,4.715027,-1.0987559e-08,0.0
29.53,0.6,0.1693722,0.34577966,0.11728405,0.4594071,0.5675775,2.967807,6.0299975e-08,0.0
29.535,0.6,0.1693722,0.34577966,0.110665314,0.44423345,0.5694072,0.9001493,1.3045193e-08,0.0
29.54,0.48575202,0.0081734955,0.32372847,0.10519148,0.42905593,0.5695615,-2.2328997e-08,-4.6974584e-08,0.0
29.545,0.48575202,0.0081734955,0.32372847,0.10889749,0.40484285,0.55162656,-9.89423e-10,9.09709e-08,0.0
29.55,0.48575202,0.0081734955,0.32372847,0.11239436,0.38199618,0.5347038,-1.4857081e-08,-6.388188e-08,0.0
29.555,0.48575202,0.0081734955,0.32372847,0.1156939,0.36043882,0.518736,-2.0234046e-09,-1.2258022e-07,0.0
29.560000000000002,0.28959486,0.0,0.6,0.120744646,0.3408627,0.5040938,0.014131038,2.8132762e-08,0.0
29.565,0.28959486,0.0,0.6,0.14779066,0.3311849,0.49515963,0.17401013,-3.0955235e-08,0.0
29.57,0.28959486,0.0,0.6,0.17331037,0.32205325,0.4867296,0.6927965,5.3092506e-08,0.0
29.575,0.28959486,0.0,0.6,0.19738992,0.31343696,0.4787753,1.6778262,-1.3069648e-08,0.0
29.580000000000002,0.6,0.07533777,0.6,0.21959479,0.30457914,0.47117034,3.0871134,1.0953271e-08,0.0
29.585,0.6,0.07533777,0.6,0.23461495,0.28785196,0.46284968,4.7956686,1.08027876e-07,0.0
29.59,0.6,0.07533777,0.6,0.24878748,0.27206874,0.45499858,6.6532235,6.9166994e-08,0.0
29.595,0.6,0.07533777,0.6,0.26216018,0.25717622,0.44759056,8.534776,2.3029627e-09,0.0
29.6,0.542389,0.42902818,0.4892316,0.27389264,0.24308725,0.44184786,10.370189,1.1146185e-08,0.0
29.605,0.542389,0.42902818,0.4892316,0.27477878,0.229369,0.45077294,12.363178,8.08104e-08,0.0
29.61,0.542389,0.42902818,0.4892316,0.27561492,0.21642493,0.45919433,14.454006,1.6254383e-07,0.0
29.615000000000002,0.542389,0.42902818,0.4892316,0.27640384,0.20421132,0.46714047,16.448275,1.2993506e-07,0.0
29.62,0.17938082,0.6,0.09452362,0.27854964,0.19302711,0.4746382,18.237871,2.7621876e-08,0.0
29.625,0.17938082,0.6,0.09452362,0.2966902,0.1863855,0.4817128,19.782917,-3.3784666e-08,0.0
29.63,0.17938082,0.6,0.09452362,0.313807,0.1801187,0.48838815,21.167206,1.1162202e-07,0.0
29.635,0.17938082,0.6,0.09452362,0.32995784,0.17420556,0.49468678,22.494024,3.324855e-08,0.0
29.64,0.27300784,0.6,0.0,0.34493715,0.17022291,0.5001299,23.82778,9.0333195e-08,0.0
29.645,0.27300784,0.6,0.0,0.35608003,0.18482818,0.49951485,25.20448,5.5609974e-08,0.0
29.650000000000002,0.27300784,0.6,0.0,0.36659408,0.19860922,0.49893454,26.622318,6.543508e-08,0.0
29.655,0.27300784,0.6,0.0,0.3765148,0.21161255,0.49838698,28.074055,1.6930935e-07,0.0
29.66,0.37328386,0.6,0.0,0.38423678,0.22465394,0.49608833,29.556044,3.9561353e-08,0.0
29.665,0.37328386,0.6,0.0,0.37267607,0.245836,0.47342667,31.05468,4.1219284e-08,0.0
29.67,0.37328386,0.6,0.0,0.36176777,0.26582268,0.4520439,33.07121,-3.356217e-08,0.0
29.675,0.37328386,0.6,0.0,0.35147506,0.28468144,0.4318678,35.4434,1.8442454e-07,0.0
29.68,0.26635802,0.6,0.0,0.34218588,0.30247593,0.41240358,37.6499,1.8210736e-07,0.0
29.685000000000002,0.26635802,0.6,0.0,0.33828193,0.31926623,0.38913023,39.35839,4.0718458e-08,0.0
29.69,0.26635802,0.6,0.0,0.3345983,0.335109,0.36717027,40.433662,4.1289677e-08,0.0
29.695,0.26635802,0.6,0.0,0.33112255,0.3500577,0.3464496,40.865086,4.6129742e-08,0.0
29.7,0.5050927,0.6,0.0,0.32829565,0.3641628,0.32689828,40.706493,2.066371e-08,0.0
29.705000000000002,0.5050927,0.6,0.0,0.33083448,0.3774719,0.30845028,40.050518,-6.082887e-08,0.0
29.71,0.5050927,0.6,0.0,0.33323005,0.3900299,0.29104337,38.497784,-1.0817746e-08,0.0
29.715,0.5050927,0.6,0.0,0.33549044,0.40187925,0.2746188,36.137695,-8.9795755e-08,0.0
29.72,0.41509745,0.6,0.0,0.3371405,0.4130599,0.25912112,33.36901,2.1264451e-07,0.0
29.725,0.41509745,0.6,0.0,0.333146,0.42360955,0.24449803,30.481691,5.526302e-08,0.0
29.73,0.41509745,0.6,0.0,0.32937694,0.43356386,0.23070017,28.188292,1.1798371e-07,0.0
29.735,0.41509745,0.6,0.0,0.32582057,0.44295642,0.21768096,26.630388,-1.0517327e-07,0.0
29.740000000000002,0.27671498,0.2850495,0.0,0.3235427,0.4518189,0.20539649,25.575748,-5.311739e-08,0.0
29.745,0.27671498,0.2850495,0.0,0.3337882,0.46018127,0.19380526,24.852955,1.0800003e-08,0.0
29.75,0.27671498,0.2850495,0.0,0.3434555,0.46807173,0.18286817,23.814877,0.34507224,0.0
29.755,0.27671498,0.2850495,0.0,0.35257724,0.4755169,0.1725483,22.457743,0.7922293,0.0
29.76,0.6,0.28710946,0.0,0.3607779,0.4825419,0.1628108,21.091305,0.99285066,0.0
29.765,0.6,0.28710946,0.0,0.36384335,0.48917046,0.15362284,19.895617,0.7522973,0.0
29.77,0.6,0.28710946,0.0,0.3667358,0.49542496,0.14495337,18.927385,0.018303674,0.0
29.775000000000002,0.6,0.28710946,0.0,0.369465,0.5013265,0.13677315,17.988949,6.261387e-08,0.0
29.78,0.43589124,0.29199073,0.0,0.37141544,0.5054731,0.12905458,17.258856,-3.98637e-08,0.0
29.785,0.43589124,0.29199073,0.0,0.36607116,0.49303383,0.12177159,16.727179,-2.081428e-08,0.0
29.79,0.43589124,0.29199073,0.0,0.3610285,0.48129657,0.114899606,16.207993,1.4683191e-08,0.0
29.795,0.43589124,0.29199073,0.0,0.3562704,0.47022167,0.10841543,15.69255,1.3337785e-08,0.0
29.8,0.36930475,0.12520224,0.39469746,0.35324034,0.45978108,0.10229718,15.274385,-5.3307714e-09,0.0
29.805,0.36930475,0.12520224,0.39469746,0.36716583,0.45003664,0.0965242,15.013639,-6.6962845e-11,0.0
29.810000000000002,0.36930475,0.12520224,0.39469746,0.38030547,0.44084212,0.091077015,14.396764,0.31803095,0.0
29.815,0.36930475,0.12520224,0.39469746,0.3927036,0.43216646,0.08593723,13.547151,0.6329539,0.0
29.82,0.53685963,0.3107645,0.37471485,0.40366113,0.42400244,0.0810875,12.871729,0.4922431,0.0
29.825,0.53685963,0.3107645,0.37471485,0.40548,0.41655257,0.07651146,12.521057,-1.727949e-08,0.0
29.830000000000002,0.53685963,0.3107645,0.37471485,0.40719622,0.40952313,0.07219365,12.409577,-7.8240286e-10,0.0
29.835,0.53685963,0.3107645,0.37471485,0.4088156,0.40289038,0.06811952,12.616468,1.3630267e-08,0.0
29.84,0.6,0.42211607,0.6,0.41004294,0.39587894,0.066057235,13.077698,2.2637906e-08,0.0
29.845,0.6,0.42211607,0.6,0.40774396,0.38060373,0.084603526,13.717894,4.2639325e-08,0.0
29.85,0.6,0.42211607,0.6,0.4055747,0.36619055,0.10210318,15.145695,1.4637779e-07,0.0
29.855,0.6,0.42211607,0.6,0.4035279,0.35259077,0.11861527,17.372742,1.2416288e-07,0.0
29.86,0.16538459,0.41706064,0.6,0.40235302,0.3405962,0.13410531,19.99521,2.90593e-07,0.0
29.865000000000002,0.16538459,0.41706064,0.6,0.4099437,0.3389127,0.14768372,22.718615,3.2052066e-07,0.0
29.87,0.16538459,0.41706064,0.6,0.417106,0.3373242,0.16049586,24.581459,0.6411272,0.0
29.875,0.16538459,0.41706064,0.6,0.4238641,0.33582535,0.17258497,25.423409,2.154937,0.0
29.88,0.4432534,0.52268225,0.6,0.43052587,0.3349138,0.18500893,25.66118,4.0597434,0.0
29.885,0.4432534,0.52268225,0.6,0.44008988,0.3398349,0.2084283,25.594067,6.016566,0.0
29.89,0.4432534,0.52268225,0.6,0.44911414,0.3444783,0.23052602,26.080154,7.0760717,0.0
29.895,0.4432534,0.52268225,0.6,0.45762914,0.34885967,0.2513767,27.207623,7.170813,0.0
29.900000000000002,0.3990727,0.6,0.6,0.4637015,0.35297096,0.2710507,28.667408,6.4967437,0.0
29.905,0.3990727,0.6,0.6,0.44686645,0.35658777,0.28961444,30.33311,4.539677,0.0
29.91,0.3990727,0.6,0.6,0.43098146,0.36000046,0.30713055,32.832253,-1.3338537e-06,0.0
29.915,0.3990727,0.6,0.6,0.41599292,0.36322057,0.32365817,34.7463,9.0664805e-08,0.0
29.92,0.0075476826,0.6,0.6,0.40310472,0.3667358,0.33925307,36.70401,7.081519e-08,0.0
29.925,0.0075476826,0.6,0.6,0.40537044,0.37553638,0.3539679,38.395084,6.576693e-08,0.0
29.93,0.0075476826,0.6,0.6,0.4075083,0.38384032,0.36785233,39.057728,1.3146552e-09,0.0
29.935000000000002,0.0075476826,0.6,0.6,0.40952554,0.39167565,0.38095322,38.621796,-5.8983485e-10,0.0
29.94,0.0,0.6,0.6,0.41122946,0.39941788,0.39331478,37.46074,-1.0652106e-07,0.0
29.945,0.0,0.6,0.6,0.4105434,0.41073743,0.40497872,35.876728,-8.949364e-08,0.0
29.95,0.0,0.6,0.6,0.40989608,0.42141816,0.41598445,34.733322,2.7836986e-08,0.0
29.955000000000002,0.0,0.6,0.6,0.40928528,0.43149614,0.42636907,34.2292,-3.6435416e-08,0.0
29.96,0.0,0.6,0.6,0.40694135,0.44100538,0.43616766,34.11052,1.6503616e-08,0.0
29.965,0.0,0.6,0.6,0.38440222,0.449978,0.4454133,34.173786,-2.2165526e-08,0.0
29.97,0.0,0.6,0.6,0.36313504,0.45844424,0.45413715,34.152405,2.572611e-08,0.0
29.975,0.0,0.6,0.6,0.34306803,0.46643272,0.4623687,33.82793,2.9863596e-08,0.0
29.98,0.0,0.53104895,0.6,0.3240994,0.47397038,0.4701357,33.09118,1.2320587e-08,0.0
29.985,0.0,0.53104895,0.6,0.30580935,0.48108268,0.47746438,31.909481,3.1630687e-08,0.0
29.990000000000002,0.0,0.53104895,0.6,0.28855148,0.4877936,0.48437947,30.297867,-4.723194e-08,0.0
29.995,0.0,0.53104895,0.6,0.27226752,0.49412578,0.49090433,28.303886,-1.0429175e-07,0.0
30.0,0.0,0.04607833,0.6,0.25690255,0.5001006,0.49706098,25.999857,1.6429848e-08,0.0
30.005,0.0,0.04607833,0.6,0.24240465,0.50573826,0.5028702,23.477358,6.7950983e-09,0.0
30.01,0.0,0.04607833,0.6,0.22872493,0.5110578,0.50835156,20.839039,-2.9038276e-08,0.0
30.015,0.0,0.04607833,0.6,0.2158172,0.5160771,0.5135236,18.184296,-2.598686e-09,0.0
30.02,0.22034259,0.0,0.4016147,0.2036379,0.52050185,0.51840377,15.593511,-6.3726525e-08,0.0
30.025000000000002,0.22034259,0.0,0.4016147,0.19214591,0.52109706,0.5230085,13.130233,9.161555e-08,0.0
30.03,0.22034259,0.0,0.4016147,0.18130246,0.52165866,0.5273534,10.864552,-1.4139493e-07,0.0
30.035,0.22034259,0.0,0.4016147,0.17107095,0.5221886,0.5314531,8.860833,-5.8616195e-08,0.0
30.04,0.6,0.0,0.6,0.16141683,0.52049917,0.5353214,7.163824,-6.255649e-08,0.0
30.045,0.6,0.0,0.6,0.15230753,0.493726,0.5389714,4.9820714,-1.9767006e-08,0.0
30.05,0.6,0.0,0.6,0.1437123,0.4684637,0.5424155,2.4171991,-1.7873601e-08,0.0
30.055,0.6,0.0,0.6,0.13560212,0.44462705,0.5456652,0.10630232,8.526546e-08,0.0
30.060000000000002,0.52384347,0.08198261,0.15094225,0.1289444,0.42192757,0.5478359,1.0044859e-08,-4.5783704e-08,0.0
30.065,0.52384347,0.08198261,0.15094225,0.13410231,0.39811677,0.5395841,0.035272483,4.3696886e-08,0.0
30.07,0.52384347,0.08198261,0.15094225,0.13896915,0.3756497,0.531798,0.00968328,5.3267524e-08,0.0
30.075,0.52384347,0.08198261,0.15094225,0.14356133,0.3544505,0.5244513,0.04450704,9.486037e-08,0.0
30.080000000000002,0.306712,0.0,0.47702914,0.14960839,0.33444765,0.51841486,0.32931653,5.0915126e-08,0.0
30.085,0.306712,0.0,0.47702914,0.17502552,0.31557363,0.52301896,0.942591,-2.7131899e-08,0.0
30.09,0.306712,0.0,0.47702914,0.19900829,0.29776475,0.52736324,1.98589,4.1604505e-08,0.0
30.095,0.306712,0.0,0.47702914,0.22163762,0.28096086,0.5314624,3.4696498,9.104515e-08,0.0
30.1,0.6,0.2482571,0.44499087,0.24264608,0.2654754,0.53330284,5.2885885,5.5512064e-08,0.0
30.105,0.6,0.2482571,0.44499087,0.258515,0.25512028,0.51172495,7.301613,1.2627606e-07,0.0
30.11,0.6,0.2482571,0.44499087,0.2734884,0.24534953,0.49136475,9.594001,6.8302626e-08,0.0
30.115000000000002,0.6,0.2482571,0.44499087,0.2876168,0.23613018,0.47215354,12.079276,7.415705e-08,0.0
30.12,0.6,0.48025247,0.38976017,0.2999676,0.22706097,0.45549867,14.583872,1.0598536e-07,0.0
30.125,0.6,0.48025247,0.38976017,0.3003482,0.21424715,0.4567137,17.00082,1.0662991e-07,0.0
30.13,0.6,0.48025247,0.38976017,0.3007073,0.20215645,0.45786017,19.219093,1.5942345e-07,0.0
30.135,0.6,0.48025247,0.38976017,0.30104616,0.19074808,0.45894194,21.159311,1.6204677e-07,0.0
30.14,0.20038001,0.6,0.0,0.30269,0.18110432,0.459818,22.793781,9.368466e-08,0.0
30.145,0.20038001,0.6,0.0,0.31946823,0.18489398,0.45898125,24.136993,5.5998413e-08,0.0
30.150000000000002,0.20038001,0.6,0.0,0.3352996,0.18846978,0.45819172,25.300407,9.516621e-08,0.0
30.155,0.20038001,0.6,0.0,0.35023755,0.19184378,0.45744675,26.406841,2.6752893e-08,0.0
30.16,0.23257954,0.6,0.0,0.3643325,0.19607475,0.45649448,27.537695,7.348087e-08,0.0
30.165,0.23257954,0.6,0.0,0.37763202,0.21211188,0.45272845,28.73961,9.216868e-08,0.0
30.17,0.23257954,0.6,0.0,0.390181,0.22724396,0.44917494,30.033825,8.87221e-09,0.0
30.175,0.23257954,0.6,0.0,0.4020218,0.24152209,0.44582197,31.423615,5.7463662e-08,0.0
30.18,0.40302896,0.6,0.0,0.41139024,0.25553507,0.44089857,32.899208,1.3361522e-07,0.0
30.185000000000002,0.40302896,0.6,0.0,0.39948222,0.2749744,0.41601714,34.376125,8.3073814e-09,0.0
30.19,0.40302896,0.6,0.0,0.3882462,0.29331672,0.3925399,36.244083,7.3440184e-08,0.0
30.195,0.40302896,0.6,0.0,0.37764427,0.3106239,0.37038752,38.320286,1.3495008e-07,0.0
30.2,0.21481584,0.5787037,0.0,0.36778602,0.3269544,0.34948528,40.145832,4.35311e-09,0.0
30.205000000000002,0.21481584,0.5787037,0.0,0.36015585,0.3423633,0.32976264,41.459846,4.853338e-08,0.0
30.21,0.21481584,0.5787037,0.0,0.3529563,0.35690263,0.311153,42.158257,3.924693e-08,0.0
30.215,0.21481584,0.5787037,0.0,0.34616303,0.37062144,0.2935936,42.23778,1.7992552e-09,0.0
30.22,0.27393275,0.46899348,0.0,0.34052265,0.38356605,0.2770251,41.75287,2.2394515e-08,0.0
30.225,0.27393275,0.46899348,0.0,0.34405008,0.39578015,0.26139164,40.79566,-2.8121276e-08,0.0
30.23,0.27393275,0.46899348,0.0,0.34737846,0.40730497,0.24664041,38.966084,6.041222e-08,0.0
30.235,0.27393275,0.46899348,0.0,0.350519,0.41817942,0.23272166,36.369457,1.6361025e-07,0.0
30.240000000000002,0.38432136,0.43223372,0.0,0.3526326,0.42834404,0.21958838,33.42109,1.2529826e-07,0.0
30.245,0.38432136,0.43223372,0.0,0.34485513,0.43682936,0.20719627,30.416992,4.409328e-08,0.0
30.25,0.38432136,0.43223372,0.0,0.33751658,0.4448358,0.19550347,28.074137,-9.121167e-08,0.0
30.255,0.38432136,0.43223372,0.0,0.33059216,0.45239043,0.18447055,26.509592,1.20362325e-08,0.0
30.26,0.18237169,0.0,0.0,0.32432538,0.45902342,0.17406024,25.457886,-2.9732758e-08,0.0
30.265,0.18237169,0.0,0.0,0.32148156,0.45958605,0.16423742,24.719824,-1.8261034e-08,0.0
30.27,0.18237169,0.0,0.0,0.3187982,0.46011695,0.15496895,24.193789,1.6965078e-08,0.0
30.275000000000002,0.18237169,0.0,0.0,0.3162663,0.4606179,0.14622352,23.822124,-2.1716383e-08,0.0
30.28,0.46923575,0.049976226,0.0,0.31437564,0.4609246,0.13797162,23.555601,-4.1059747e-09,0.0
30.285,0.46923575,0.049976226,0.0,0.31832293,0.45930547,0.13018541,23.358257,-2.3925468e-09,0.0
30.29,0.46923575,0.049976226,0.0,0.32204744,0.4577777,0.1228386,21.75742,1.4466424,0.0
30.295,0.46923575,0.049976226,0.0,0.32556176,0.45633617,0.1159064,18.841751,4.065936,0.0
30.3,0.26832458,0.0,0.09507682,0.32796603,0.4530246,0.10936541,15.536646,6.7920804,0.0
30.305,0.26832458,0.0,0.09507682,0.31974965,0.42745888,0.10319355,12.440529,8.957712,0.0
30.310000000000002,0.26832458,0.0,0.09507682,0.31199694,0.40333593,0.097369984,10.639707,9.381303,0.0
30.315,0.26832458,0.0,0.09507682,0.30468175,0.38057432,0.09187506,10.315032,7.919447,0.0
30.32,0.3928151,0.13332331,0.42654178,0.29907447,0.35932285,0.08669024,11.038142,5.0924244,0.0
30.325,0.3928151,0.13332331,0.42654178,0.30867726,0.34186536,0.08179802,12.403405,1.378783,0.0
30.330000000000002,0.3928151,0.13332331,0.42654178,0.31773812,0.32539305,0.077181876,13.178019,2.5697982e-08,0.0
30.335,0.3928151,0.13332331,0.42654178,0.32628766,0.30985034,0.07282624,13.638048,9.710087e-09,0.0
30.34,0.6,0.33355546,0.30916706,0.33344766,0.29495913,0.06914564,14.207766,2.9335292e-08,0.0
30.345,0.6,0.33355546,0.30916706,0.32977256,0.27831358,0.070609026,14.9547825,7.932202e-08,0.0
30.35,0.6,0.33355546,0.30916706,0.32630485,0.2626074,0.07198983,16.39193,2.2903471e-08,0.0
30.355,0.6,0.33355546,0.30916706,0.32303283,0.24778756,0.0732927,18.501062,9.6007064e-08,0.0
30.36,0.3634025,0.27572852,0.45822385,0.3205075,0.23440598,0.07601851,20.939186,2.027505e-07,0.0
30.365000000000002,0.3634025,0.27572852,0.45822385,0.32458806,0.22870155,0.09579974,23.467047,1.8607493e-07,0.0
30.37,0.3634025,0.27572852,0.45822385,0.32843834,0.22331902,0.11446464,25.349308,0.4190862,0.0
30.375,0.3634025,0.27572852,0.45822385,0.33207133,0.21824026,0.13207622,26.476215,1.4198159,0.0
30.38,0.6,0.5863173,0.13502337,0.3364347,0.21435209,0.148164,27.172499,2.6329744,0.0
30.385,0.6,0.5863173,0.13502337,0.35130858,0.22107914,0.15724996,27.64958,3.8218737,0.0
30.39,0.6,0.5863173,0.13502337,0.3653431,0.22742656,0.16582316,28.322851,4.528877,0.0
30.395,0.6,0.5863173,0.13502337,0.37858558,0.23341577,0.17391254,29.312496,4.6373982,0.0
30.400000000000002,0.3561815,0.6,0.2822898,0.3900126,0.23880592,0.18221836,30.545454,4.246061,0.0
30.405,0.3561815,0.6,0.2822898,0.38851088,0.2408896,0.19779429,31.953577,3.4448879,0.0
30.41,0.3561815,0.6,0.2822898,0.38709393,0.24285567,0.21249121,34.179176,1.5296713,0.0
30.415,0.3561815,0.6,0.2822898,0.38575694,0.24471079,0.22635874,36.84709,5.7185115e-08,0.0
30.42,0.5173205,0.6,0.09183267,0.38556355,0.24786343,0.23798454,39.475597,8.083866e-08,0.0
30.425,0.5173205,0.6,0.09183267,0.39766493,0.26696354,0.23217408,42.080772,1.4691088e-07,0.0
30.43,0.5173205,0.6,0.09183267,0.4090834,0.28498575,0.22669154,43.80425,9.171757e-08,0.0
30.435000000000002,0.5173205,0.6,0.09183267,0.41985747,0.30199093,0.2215184,44.438316,1.37009275e-08,0.0
30.44,0.5934167,0.6,0.0,0.42892277,0.31809822,0.21730205,44.24765,-8.310708e-09,0.0
30.445,0.5934167,0.6,0.0,0.42481774,0.3340069,0.22096953,43.46594,-4.0583995e-08,0.0
30.45,0.5934167,0.6,0.0,0.42094436,0.3490178,0.22443004,42.916325,-4.861742e-09,0.0
30.455000000000002,0.5934167,0.6,0.0,0.41728958,0.3631816,0.22769526,42.765438,-4.0691015e-09,0.0
30.46,0.3938273,0.56508124,0.13182713,0.41456854,0.37654606,0.22991636,42.75472,-4.8842286e-09,0.0
30.465,0.3938273,0.56508124,0.13182713,0.42036718,0.3891563,0.22212383,42.71891,1.1310348e-10,0.0
30.47,0.3938273,0.56508124,0.13182713,0.4258386,0.40105495,0.21477106,41.93686,-1.6948304e-08,0.0
30.475,0.3938273,0.56508124,0.13182713,0.43100122,0.4122821,0.20783323,40.34303,7.519569e-08,0.0
30.48,0.45006445,0.6,0.0,0.43621606,0.42287567,0.20087233,38.258324,0.2721925,0.0
30.485,0.45006445,0.6,0.0,0.44508743,0.4328714,0.18953642,36.034126,0.474466,0.0
30.490000000000002,0.45006445,0.6,0.0,0.45345816,0.44230303,0.17884023,33.917747,0.32889518,0.0
30.495,0.45006445,0.6,0.0,0.4613565,0.45120242,0.16874766,31.997026,0.0024584264,0.0
30.5,0.5442806,0.56929463,0.0,0.46790802,0.45944193,0.15981981,30.285442,2.7859231e-08,0.0
30.505,0.5442806,0.56929463,0.0,0.46372738,0.46540353,0.1582401,28.895647,-8.250317e-08,0.0
30.51,0.5442806,0.56929463,0.0,0.4597827,0.4710287,0.15674952,28.52986,1.2622725e-08,0.0
30.515,0.5442806,0.56929463,0.0,0.4560606,0.4763364,0.15534306,29.178806,7.974595e-08,0.0
30.52,0.31357276,0.27925926,0.0,0.45280245,0.4815022,0.15342082,30.368769,8.121629e-08,0.0
30.525000000000002,0.31357276,0.27925926,0.0,0.45264792,0.48818943,0.14476275,31.744246,3.340914e-08,0.0
30.53,0.31357276,0.27925926,0.0,0.45250213,0.4944993,0.1365933,33.06961,7.959435e-08,0.0
30.535,0.31357276,0.27925926,0.0,0.45236456,0.50045305,0.12888487,34.203617,0.00028754972,0.0
30.54,0.5127522,0.2904783,0.0,0.4526601,0.5059322,0.12161145,35.070965,0.024564961,0.0
30.545,0.5127522,0.2904783,0.0,0.45783058,0.50950795,0.11474851,34.760372,1.1319724,0.0
30.55,0.5127522,0.2904783,0.0,0.46270925,0.51288193,0.10827286,33.360268,3.1978698,0.0
30.555,0.5127522,0.2904783,0.0,0.4673126,0.5160655,0.10216265,31.481535,5.5166254,0.0
30.560000000000002,0.38946024,0.21326578,0.0,0.4706146,0.51776,0.096397266,29.533056,7.627755,0.0
30.565,0.38946024,0.21326578,0.0,0.4617522,0.5043006,0.09095724,27.769611,9.256068,0.0
30.57,0.38946024,0.21326578,0.0,0.45338994,0.49160075,0.085824214,26.256998,10.34336,0.0
30.575,0.38946024,0.21326578,0.0,0.44549957,0.4796176,0.08098086,25.05604,10.837437,0.0
30.580000000000002,0.41917425,0.22752145,0.0,0.43895373,0.46836135,0.07641083,24.202747,10.714406,0.0
30.585,0.41917425,0.22752145,0.0,0.44311842,0.4583228,0.07209871,23.68163,10.006478,0.0
30.59,0.41917425,0.22752145,0.0,0.4470481,0.44885075,0.06802993,22.656616,9.649627,0.0
30.595,0.41917425,0.22752145,0.0,0.450756,0.43991324,0.064190775,21.165947,9.584453,0.0
30.6,0.44312027,0.31503475,0.0,0.45369804,0.43113154,0.06056827,19.697111,9.263264,0.0
30.605,0.44312027,0.31503475,0.0,0.45007288,0.41883662,0.057150196,18.525236,8.387498,0.0
30.61,0.44312027,0.31503475,0.0,0.4466523,0.40723556,0.053925015,18.636093,5.878963,0.0
30.615000000000002,0.44312027,0.31503475,0.0,0.44342476,0.3962892,0.050881844,19.98678,1.8257498,0.0
30.62,0.43894148,0.27496895,0.0,0.44051352,0.38602492,0.04801041,21.442127,-7.946595e-09,0.0
30.625,0.43894148,0.27496895,0.0,0.43930927,0.37708002,0.045301016,23.033293,1.8205125e-07,0.0
30.63,0.43894148,0.27496895,0.0,0.438173,0.36863992,0.042744525,24.872726,9.8080726e-08,0.0
30.635,0.43894148,0.27496895,0.0,0.43710083,0.3606761,0.040332306,26.76713,1.0159441e-07,0.0
30.64,0.5083517,0.35604104,0.0,0.43619728,0.35355684,0.038056217,28.589563,9.3951655e-08,0.0
30.645,0.5083517,0.35604104,0.0,0.43658796,0.3513829,0.035908576,30.268654,1.8054611e-07,0.0
30.650000000000002,0.5083517,0.35604104,0.0,0.4369566,0.34933165,0.033882134,30.917055,0.8431557,0.0
30.655,0.5083517,0.35604104,0.0,0.43730444,0.34739617,0.03197005,30.50343,2.6130373,0.0
30.66,0.3786864,0.35029265,0.0,0.4376138,0.345389,0.030165872,29.538057,4.719525,0.0
30.665,0.3786864,0.35029265,0.0,0.4376887,0.34141496,0.028463509,28.36557,6.772608,0.0
30.67,0.3786864,0.35029265,0.0,0.4377594,0.33766517,0.026857216,27.217234,8.519476,0.0
30.675,0.3786864,0.35029265,0.0,0.4378261,0.334127,0.025341572,26.230051,9.819047,0.0
30.68,0.6,0.54658234,0.0,0.4382024,0.33115453,0.023911461,25.468813,10.61356,0.0
30.685000000000002,0.6,0.54658234,0.0,0.44216117,0.33255896,0.022562057,24.948143,10.901403,0.0
30.69,0.6,0.54658234,0.0,0.44589654,0.33388412,0.021288803,25.309374,9.988709,0.0
30.695,0.6,0.54658234,0.0,0.4494211,0.3351345,0.020087402,26.490166,7.9763074,0.0
30.7,0.34460637,0.51795805,0.0,0.45216137,0.3362884,0.018953802,28.046467,5.3775163,0.0
30.705000000000002,0.34460637,0.51795805,0.0,0.44801494,0.3370787,0.017884174,29.682024,2.5314157,0.0
30.71,0.34460637,0.51795805,0.0,0.4441025,0.3378244,0.01687491,31.819613,9.745769e-08,0.0
30.715,0.34460637,0.51795805,0.0,0.44041085,0.33852804,0.0159226,34.151566,8.571917e-08,0.0
30.72,0.5241914,0.55156225,0.0,0.43792668,0.34007815,0.015024033,36.767315,1.40830245e-08,0.0
30.725,0.5241914,0.55156225,0.0,0.44707304,0.3517319,0.014176176,39.33103,2.369701e-07,0.0
30.73,0.5241914,0.55156225,0.0,0.45570323,0.36272797,0.013376166,40.79346,0.8834801,0.0
30.735,0.5241914,0.55156225,0.0,0.4638464,0.3731035,0.012621303,41.023163,2.9036613,0.0
30.740000000000002,0.51956344,0.567127,0.0,0.47037697,0.38276428,0.01190904,40.503056,5.499255,0.0
30.745,0.51956344,0.567127,0.0,0.4632793,0.39039373,0.011236972,39.576775,8.278104,0.0
30.75,0.51956344,0.567127,0.0,0.4565822,0.39759263,0.010602832,39.318413,10.052289,0.0
30.755,0.51956344,0.567127,0.0,0.45026302,0.40438527,0.010004478,39.784317,10.797084,0.0
30.76,0.44097272,0.5056178,0.0,0.44511122,0.41094628,0.009439891,40.500732,11.0648,0.0
30.765,0.44097272,0.5056178,0.0,0.44957396,0.4188817,0.008907166,41.18251,11.184379,0.0
30.77,0.44097272,0.5056178,0.0,0.45378488,0.42636934,0.0084045045,40.85594,12.235117,0.0
30.775000000000002,0.44097272,0.5056178,0.0,0.45775816,0.4334344,0.00793021,39.526085,14.183282,0.0
30.78,0.42288277,0.4615022,0.0,0.4614863,0.44017103,0.007482681,37.714703,16.431297,0.0
30.785,0.42288277,0.4615022,0.0,0.4647638,0.4473356,0.0070604077,35.76765,18.592236,0.0
30.79,0.42288277,0.4615022,0.0,0.46785632,0.45409584,0.0066619646,33.893513,20.441774,0.0
30.795,0.42288277,0.4615022,0.0,0.47077432,0.46047458,0.0062860074,32.209496,21.862112,0.0
30.8,0.5994013,0.5116312,0.0,0.47317284,0.46621564,0.0059312666,30.774006,22.802412,0.0
30.805,0.5994013,0.5116312,0.0,0.47135568,0.46843925,0.005596545,29.6043,23.256926,0.0
30.810000000000002,0.5994013,0.5116312,0.0,0.46964106,0.47053736,0.005280713,29.601034,22.26315,0.0
30.815,0.5994013,0.5116312,0.0,0.4680232,0.47251707,0.0049827043,30.689938,19.939665,0.0
30.82,0.3819929,0.27942193,0.084115006,0.466415,0.47418588,0.0047015133,32.262665,16.97071,0.0
30.825,0.3819929,0.27942193,0.084115006,0.46395832,0.4734701,0.0044361907,33.917747,13.802444,0.0
30.830000000000002,0.3819929,0.27942193,0.084115006,0.4616403,0.4727947,0.0041858414,34.503933,11.700484,0.0
30.835,0.3819929,0.27942193,0.084115006,0.45945308,0.47215745,0.0039496203,33.942284,10.719501,0.0
30.84,0.6,0.35546076,0.061451826,0.4581862,0.47178245,0.0037267297,32.753887,10.254369,0.0
30.845000000000002,0.6,0.35546076,0.061451826,0.46615547,0.47403124,0.0035164177,31.308779,9.879419,0.0
30.85,0.6,0.35546076,0.061451826,0.47367498,0.47615314,0.0033179743,29.916893,9.246187,0.0
30.855,0.6,0.35546076,0.061451826,0.48077014,0.4781553,0.0031307298,28.762396,8.154388,0.0
30.86,0.6,0.47113675,0.14214121,0.48648337,0.4789961,0.0033338037,27.916756,6.5327067,0.0
30.865000000000002,0.6,0.47113675,0.14214121,0.48058662,0.46773344,0.007892562,27.387709,4.381374,0.0
30.87,0.6,0.47113675,0.14214121,0.47502264,0.45710638,0.012194054,27.162567,1.7226297,0.0
30.875,0.6,0.47113675,0.14214121,0.46977267,0.44707903,0.016252799,26.94367,1.4738884e-08,0.0
30.88,0.47921786,0.53119636,0.18640412,0.46580318,0.43796086,0.019980177,26.715652,8.286735e-09,0.0
30.885,0.47921786,0.53119636,0.18640412,0.47337636,0.4333051,0.022320565,26.78609,5.3650653e-09,0.0
30.89,0.47921786,0.53119636,0.18640412,0.48052216,0.4289121,0.024528876,26.28464,0.5830378,0.0
30.895,0.47921786,0.53119636,0.18640412,0.4872647,0.424767,0.026612565,25.200129,1.5592314,0.0
30.900000000000002,0.6,0.6,0.0,0.49362674,0.42137805,0.02894295,23.996204,2.40198,0.0
30.905,0.6,0.6,0.0,0.49962974,0.4241861,0.035331115,22.950205,2.8065858,0.0
30.91,0.6,0.6,0.0,0.50529397,0.4268357,0.041358773,22.994825,1.7466167,0.0
30.915,0.6,0.6,0.0,0.51063854,0.42933574,0.04704627,23.971762,2.9072828e-08,0.0
30.92,0.55397654,0.5987607,0.0,0.51513624,0.43196586,0.052612633,25.14644,7.067805e-08,0.0
30.925,0.55397654,0.5987607,0.0,0.51310927,0.43756577,0.060162943,26.617565,1.5749065e-07,0.0
30.93,0.55397654,0.5987607,0.0,0.5111967,0.44284967,0.06728716,28.930473,2.3391894e-07,0.0
30.935000000000002,0.55397654,0.5987607,0.0,0.509392,0.4478354,0.07400934,31.954447,2.208389e-07,0.0
30.94,0.5209147,0.5586936,0.0,0.5082345,0.45285034,0.07951061,35.13216,1.9818128e-07,0.0
30.945,0.5209147,0.5586936,0.0,0.51341313,0.4611545,0.075023554,38.095646,0.005204573,0.0
30.95,0.5209147,0.5586936,0.0,0.5182995,0.46899003,0.07078972,39.642906,1.2555128,0.0
30.955000000000002,0.5209147,0.5586936,0.0,0.5229102,0.47638336,0.06679481,39.700684,3.91515,0.0
30.96,0.55752516,0.5492735,0.0,0.5270528,0.48335388,0.063025355,38.867947,7.286891,0.0
30.965,0.55752516,0.5492735,0.0,0.5285722,0.48986667,0.05946862,37.572433,10.88211,0.0
30.970000000000002,0.55752516,0.5492735,0.0,0.5300059,0.49601194,0.056112602,36.094498,14.390311,0.0
30.975,0.55752516,0.5492735,0.0,0.5313586,0.50181043,0.052945975,34.612724,17.623346,0.0
30.98,0.49967602,0.4580692,0.0,0.5324857,0.50710076,0.049958054,33.23808,20.473505,0.0
30.985,0.49967602,0.4580692,0.0,0.53183275,0.5100123,0.04713875,32.033604,22.888683,0.0
30.990000000000002,0.49967602,0.4580692,0.0,0.5312166,0.51275957,0.04447855,32.053463,23.74581,0.0
30.995,0.49967602,0.4580692,0.0,0.53063524,0.5153518,0.041968476,33.255676,23.141262,0.0
31.0,0.48011437,0.38587835,0.0,0.530252,0.51775515,0.039600052,34.98898,21.81448,0.0
31.005,0.48011437,0.38587835,0.0,0.5317911,0.5195338,0.037365288,36.82358,20.247458,0.0
31.01,0.48011437,0.38587835,0.0,0.53324336,0.5212121,0.035256635,37.496147,19.821732,0.0
31.015,0.48011437,0.38587835,0.0,0.53461367,0.5227957,0.033266984,36.92675,20.59387,0.0
31.02,0.49276367,0.35821772,0.0,0.5356455,0.52387816,0.031389616,35.690918,21.907448,0.0
31.025000000000002,0.49276367,0.35821772,0.0,0.5336156,0.5201643,0.029618192,34.190884,23.310621,0.0
31.03,0.49276367,0.35821772,0.0,0.53170025,0.5166601,0.027946737,32.722637,24.480242,0.0
31.035,0.49276367,0.35821772,0.0,0.52989304,0.5133536,0.026369607,31.452467,25.243326,0.0
31.04,0.5003806,0.33761168,0.0,0.5280995,0.5099078,0.02488148,30.448723,25.536907,0.0
31.045,0.5003806,0.33761168,0.0,0.5253915,0.50290835,0.023477333,29.724804,25.35789,0.0
31.05,0.5003806,0.33761168,0.0,0.5228364,0.49630395,0.022152428,29.276855,24.72062,0.0
31.055,0.5003806,0.33761168,0.0,0.52042544,0.49007225,0.020902291,29.079456,23.661186,0.0
31.060000000000002,0.45161325,0.3365007,0.0,0.51820767,0.48406735,0.019722704,29.087797,22.234758,0.0
31.065,0.45161325,0.3365007,0.0,0.5167718,0.47696522,0.018609684,29.252117,20.499775,0.0
31.07,0.45161325,0.3365007,0.0,0.5154169,0.4702639,0.017559476,29.539907,18.494204,0.0
31.075,0.45161325,0.3365007,0.0,0.5141385,0.46394074,0.016568536,29.92332,16.24973,0.0
31.080000000000002,0.4826411,0.3857846,0.0,0.51296663,0.4578814,0.015633516,30.373121,13.798785,0.0
31.085,0.4826411,0.3857846,0.0,0.5122564,0.45109415,0.014751263,30.863533,11.169092,0.0
31.09,0.4826411,0.3857846,0.0,0.5115862,0.44468996,0.013918798,31.384062,8.371039,0.0
31.095000000000002,0.4826411,0.3857846,0.0,0.51095384,0.43864718,0.0131333135,31.928192,5.410349,0.0
31.1,0.47214162,0.42437416,0.0,0.51013696,0.4329404,0.012392156,32.487164,2.2952113,0.0
31.105,0.47214162,0.42437416,0.0,0.50683427,0.42749798,0.011692824,32.871216,-3.2839658e-09,0.0
31.11,0.47214162,0.42437416,0.0,0.50371796,0.4223627,0.011032958,32.949177,7.906534e-10,0.0
31.115000000000002,0.47214162,0.42437416,0.0,0.5007775,0.41751722,0.01041033,33.17469,2.2758034e-08,0.0
31.12,0.44777933,0.4505509,0.0,0.49814305,0.4131677,0.00982284,33.494404,2.0055476e-08,0.0
31.125,0.44777933,0.4505509,0.0,0.49726823,0.41162238,0.009268504,33.864388,3.523268e-08,0.0
31.13,0.44777933,0.4505509,0.0,0.49644276,0.41016427,0.0087454505,34.2456,2.0180211e-08,0.0
31.135,0.44777933,0.4505509,0.0,0.49566388,0.40878844,0.008251915,34.60869,1.656346e-08,0.0
31.14,0.44347042,0.46146312,0.0,0.49488157,0.40766448,0.007786231,34.935364,2.5011646e-08,0.0
31.145,0.44347042,0.46146312,0.0,0.49359828,0.40860745,0.0073468275,35.215034,3.0165342e-08,0.0
31.150000000000002,0.44347042,0.46146312,0.0,0.4923874,0.40949723,0.006932221,36.084587,7.693598e-08,0.0
31.155,0.44347042,0.46146312,0.0,0.49124488,0.4103368,0.006541012,37.590252,1.1700661e-07,0.0
31.16,0.45937598,0.6,0.0,0.49005684,0.41124716,0.0061718803,39.379375,1.1545823e-07,0.0
31.165,0.45937598,0.6,0.0,0.487671,0.4134652,0.00582358,41.200348,1.0263305e-07,0.0
31.17,0.45937598,0.6,0.0,0.48541978,0.41555807,0.0054949354,42.873734,1.1164359e-05,0.0
31.175,0.45937598,0.6,0.0,0.4832956,0.41753283,0.0051848376,44.284344,0.014165195,0.0
31.18,0.42514065,0.6,0.0,0.48127183,0.41944543,0.0048922393,45.357403,0.17840585,0.0
31.185000000000002,0.42514065,0.6,0.0,0.47913858,0.42181662,0.0046161534,46.08863,0.52047044,0.0
31.19,0.42514065,0.6,0.0,0.4771257,0.424054,0.004355648,46.508816,1.0049553,0.0
31.195,0.42514065,0.6,0.0,0.47522643,0.42616513,0.004109844,46.666092,1.5775226,0.0
31.2,0.3369991,0.5623485,0.0,0.47350615,0.42878258,0.0038779115,46.616234,2.1760793,0.0
31.205000000000002,0.3369991,0.5623485,0.0,0.47270873,0.43844497,0.0036590677,46.411175,2.7439413,0.0
31.21,0.3369991,0.5623485,0.0,0.4719563,0.44756207,0.003452574,46.063564,3.2691295,0.0
31.215,0.3369991,0.5623485,0.0,0.47124636,0.45616466,0.0032577333,45.5829,3.742724,0.0
31.220000000000002,0.500524,0.5302149,0.0,0.4704219,0.46428177,0.0030738884,44.992664,4.1399546,0.0
31.225,0.500524,0.5302149,0.0,0.46786654,0.47194082,0.0029004184,44.320915,4.4311323,0.0
31.23,0.500524,0.5302149,0.0,0.46545538,0.47916764,0.002736738,43.5831,4.600864,0.0
31.235,0.500524,0.5302149,0.0,0.46318027,0.48598662,0.0025822944,42.79167,4.6368794,0.0
31.240000000000002,0.33959642,0.41503888,0.0,0.46063563,0.4922508,0.0024365666,41.962864,4.522556,0.0
31.245,0.33959642,0.41503888,0.0,0.4536584,0.49620664,0.002299063,41.11154,4.2427197,0.0
31.25,0.33959642,0.41503888,0.0,0.44707492,0.49993926,0.002169319,40.227818,3.8096979,0.0
31.255,0.33959642,0.41503888,0.0,0.44086295,0.50346124,0.0020468968,39.30382,3.2326438,0.0
31.26,0.47548994,0.42632225,0.0,0.43573982,0.50663936,0.0019313835,38.343456,2.5070677,0.0
31.265,0.47548994,0.42632225,0.0,0.43939582,0.5079698,0.001822389,37.365025,1.6123165,0.0
31.27,0.47548994,0.42632225,0.0,0.4428455,0.5092252,0.0017195453,35.59801,1.4069222,0.0
31.275000000000002,0.47548994,0.42632225,0.0,0.44610047,0.5104097,0.0016225055,33.143036,1.7495869,0.0
31.28,0.26100183,0.12943049,0.1494396,0.44844523,0.5110074,0.0015309419,30.547316,2.011269,0.0
31.285,0.26100183,0.12943049,0.1494396,0.44230253,0.5055916,0.0014445457,28.15479,1.8075665,0.0
31.29,0.26100183,0.12943049,0.1494396,0.43650648,0.50048137,0.001363025,26.023594,1.0834123,0.0
31.295,0.26100183,0.12943049,0.1494396,0.43103752,0.49565956,0.0012861049,24.170454,-3.9744013e-08,0.0
31.3,0.6,0.22779793,0.12425677,0.4264907,0.4911608,0.0012135257,22.44132,-8.0218854e-08,0.0
31.305,0.6,0.22779793,0.12425677,0.4292559,0.48750174,0.0011450422,21.115026,4.0261238e-08,0.0
31.310000000000002,0.6,0.22779793,0.12425677,0.43186504,0.48404917,0.0010804236,19.457458,0.44098338,0.0
31.315,0.6,0.22779793,0.12425677,0.43432695,0.48079145,0.0010194517,17.502409,0.9506328,0.0
31.32,0.38749525,0.24963988,0.2205037,0.43568158,0.4763772,0.0016365914,15.653855,1.0763026,0.0
31.325,0.38749525,0.24963988,0.2205037,0.4258238,0.4567978,0.009977619,14.143422,0.5702178,0.0
31.330000000000002,0.38749525,0.24963988,0.2205037,0.41652235,0.43832335,0.017847933,13.657679,-4.0469077e-09,0.0
31.335,0.38749525,0.24963988,0.2205037,0.4077458,0.42089146,0.0252741,14.243014,7.097637e-08,0.0
31.34,0.4371201,0.3054299,0.35963297,0.40099502,0.40488744,0.03216749,15.603918,7.94696e-08,0.0
31.345000000000002,0.4371201,0.3054299,0.35963297,0.41222554,0.39489368,0.0373644,17.39069,1.7566951e-07,0.0
31.35,0.4371201,0.3054299,0.35963297,0.4228223,0.3854639,0.042268034,18.705706,0.37118036,0.0
31.355,0.4371201,0.3054299,0.35963297,0.43282104,0.37656626,0.046894938,19.418854,1.1495942,0.0
31.36,0.44768417,0.4587755,0.1913004,0.44129613,0.36826935,0.051695254,19.884354,1.9336047,0.0
31.365000000000002,0.44768417,0.4587755,0.1913004,0.43825996,0.36157468,0.06122169,20.318638,2.4844518,0.0
31.37,0.44768417,0.4587755,0.1913004,0.43539512,0.3552578,0.07021052,21.619461,1.8099004,0.0
31.375,0.44768417,0.4587755,0.1913004,0.43269196,0.34929743,0.07869207,23.724798,0.013485166,0.0
31.38,0.5153816,0.39113253,0.06495535,0.43036538,0.3439253,0.08732311,25.727736,1.5854043e-07,0.0
31.385,0.5153816,0.39113253,0.06495535,0.4307466,0.34175286,0.10269048,27.794321,1.0484459e-07,0.0
31.39,0.5153816,0.39113253,0.06495535,0.43110627,0.33970302,0.11719062,28.942488,0.7434867,0.0
31.395,0.5153816,0.39113253,0.06495535,0.43144566,0.33776888,0.13087247,29.053455,2.3842912,0.0
31.400000000000002,0.3571531,0.2944875,0.0034636797,0.43181357,0.3366362,0.14302224,28.577925,4.4006486,0.0
31.405,0.3571531,0.2944875,0.0034636797,0.4327092,0.34352893,0.14574674,27.824638,6.4422812,0.0
31.41,0.3571531,0.2944875,0.0034636797,0.43355426,0.3500327,0.14831749,27.628077,7.586307,0.0
31.415,0.3571531,0.2944875,0.0034636797,0.43435165,0.3561694,0.15074316,28.055061,7.7890806,0.0
31.42,0.6,0.565331,0.0,0.4354097,0.36165443,0.15246153,28.760128,7.458083,0.0
31.425,0.6,0.565331,0.0,0.43992278,0.36331797,0.14752325,29.523188,6.850866,0.0
31.43,0.6,0.565331,0.0,0.44418117,0.36488762,0.14286366,30.25297,6.0757327,0.0
31.435000000000002,0.6,0.565331,0.0,0.44819924,0.3663687,0.13846703,30.917973,5.1721487,0.0
31.44,0.30831474,0.45917144,0.0,0.4512762,0.3673299,0.13404089,31.50388,4.159086,0.0
31.445,0.30831474,0.45917144,0.0,0.44596452,0.36321914,0.12667197,32.006714,3.043308,0.0
31.45,0.30831474,0.45917144,0.0,0.4409526,0.35934037,0.11971891,32.561718,1.6758983,0.0
31.455000000000002,0.30831474,0.45917144,0.0,0.4362235,0.3556805,0.11315823,33.154217,0.07882196,0.0
31.46,0.6,0.433555,0.0,0.43285766,0.35344994,0.10695216,33.43344,1.2071081e-08,0.0
31.465,0.6,0.433555,0.0,0.44229007,0.3654071,0.10091648,33.70941,2.5989687e-08,0.0
31.470000000000002,0.6,0.433555,0.0,0.45119017,0.3766895,0.09522142,33.840385,0.0031059696,0.0
31.475,0.6,0.433555,0.0,0.45958802,0.38733518,0.08984775,33.793854,-2.9295144e-09,0.0
31.48,0.48355967,0.4039161,0.0,0.46619508,0.3969008,0.08477733,33.62124,-9.328834e-09,0.0
31.485,0.48355967,0.4039161,0.0,0.45728534,0.40041494,0.07999306,33.364925,1.2622421e-08,0.0
31.490000000000002,0.48355967,0.4039161,0.0,0.44887844,0.40373078,0.07547878,33.74147,2.7392964e-08,0.0
31.495,0.48355967,0.4039161,0.0,0.44094595,0.4068595,0.07121925,34.78428,1.0474829e-07,0.0
31.5,0.47867125,0.33943078,0.0,0.43477798,0.40969598,0.06720011,36.08851,1.05594836e-07,0.0
31.505,0.47867125,0.33943078,0.0,0.44410202,0.41104242,0.06340778,37.382397,8.801875e-08,0.0
31.51,0.47867125,0.33943078,0.0,0.45289987,0.4123129,0.059829462,37.753017,0.7836243,0.0
31.515,0.47867125,0.33943078,0.0,0.46120125,0.41351166,0.056453083,37.194103,2.363432,0.0
31.52,0.4678444,0.37769485,0.0,0.46850845,0.41450897,0.053267244,36.207638,4.1618996,0.0
31.525000000000002,0.4678444,0.37769485,0.0,0.46935785,0.41391116,0.050261192,35.119045,5.8134813,0.0
31.53,0.4678444,0.37769485,0.0,0.4701593,0.4133471,0.047424782,33.283863,8.038241,0.0
31.535,0.4678444,0.37769485,0.0,0.47091553,0.4128149,0.04474844,30.808905,10.695408,0.0
31.54,0.5061327,0.42578506,0.0,0.471607,0.41202158,0.042223133,28.219526,13.191596,0.0
31.545,0.5061327,0.42578506,0.0,0.47200567,0.40792504,0.039840337,25.838995,15.176243,0.0
31.55,0.5061327,0.42578506,0.0,0.47238183,0.40405968,0.037592012,23.86316,16.450518,0.0
31.555,0.5061327,0.42578506,0.0,0.47273678,0.40041244,0.035470568,22.38028,16.938847,0.0
31.560000000000002,0.44005013,0.46259847,0.0,0.4730228,0.39714378,0.033468843,21.391592,16.661184,0.0
31.565,0.44005013,0.46259847,0.0,0.47273055,0.39604622,0.031580083,20.840818,15.697654,0.0
31.57,0.44005013,0.46259847,0.0,0.47245482,0.3950106,0.029797912,21.546736,13.165155,0.0
31.575,0.44005013,0.46259847,0.0,0.47219464,0.3940334,0.028116314,23.359278,9.263908,0.0
31.580000000000002,0.4391364,0.48267493,0.0,0.472122,0.3933285,0.026529614,25.6136,4.7483006,0.0
31.585,0.4391364,0.48267493,0.0,0.47404134,0.3951601,0.025032457,27.877579,0.10499233,0.0
31.59,0.4391364,0.48267493,0.0,0.47585237,0.39688838,0.02361979,29.090973,9.004598e-08,0.0
31.595000000000002,0.4391364,0.48267493,0.0,0.4775612,0.39851913,0.022286844,30.161427,5.1716917e-08,0.0
31.6,0.4585757,0.50858504,0.0,0.47887525,0.40022403,0.02102912,31.063784,2.4474177e-08,0.0
31.605,0.4585757,0.50858504,0.0,0.4766842,0.40374404,0.019842375,31.7806,5.180367e-08,0.0
31.61,0.4585757,0.50858504,0.0,0.47461683,0.4070654,0.018722601,33.04768,1.2648226e-07,0.0
31.615000000000002,0.4585757,0.50858504,0.0,0.4726661,0.4101993,0.017666021,34.92071,2.1026453e-07,0.0
31.62,0.475018,0.5148786,0.0,0.47082135,0.41324702,0.016669068,37.001778,7.1715995e-08,0.0
31.625,0.475018,0.5148786,0.0,0.46903327,0.41716507,0.015728377,39.018158,2.063928e-07,0.0
31.63,0.475018,0.5148786,0.0,0.4673461,0.42086202,0.0148407705,40.795715,0.005893867,0.0
31.635,0.475018,0.5148786,0.0,0.46575412,0.42435032,0.014003255,42.22068,0.14133833,0.0
31.64,0.48030168,0.5366788,0.0,0.46433976,0.42775875,0.013213004,43.254223,0.5008519,0.0
31.645,0.48030168,0.5366788,0.0,0.46401447,0.43232006,0.012467349,43.91944,1.0573083,0.0
31.650000000000002,0.48030168,0.5366788,0.0,0.46370754,0.43662396,0.011763774,44.266212,1.7538543,0.0
31.655,0.48030168,0.5366788,0.0,0.46341792,0.44068497,0.011099904,44.355907,2.5216942,0.0
31.66,0.5188672,0.56943136,0.0,0.4632189,0.4445452,0.010473498,44.250633,3.292502,0.0
31.665,0.5188672,0.56943136,0.0,0.46388477,0.44851437,0.009882443,44.007515,4.0047517,0.0
31.67,0.5188672,0.56943136,0.0,0.46451306,0.45225954,0.0093247425,42.773903,5.609021,0.0
31.675,0.5188672,0.56943136,0.0,0.4651059,0.45579335,0.008798515,40.618015,7.9988604,0.0
31.68,0.5359141,0.6,0.0,0.46568912,0.45922616,0.008301985,38.10674,10.522944,0.0
31.685000000000002,0.5359141,0.6,0.0,0.46651375,0.4635971,0.007833476,35.597885,12.781726,0.0
31.69,0.5359141,0.6,0.0,0.46729186,0.46772134,0.007391406,33.29483,14.559116,0.0
31.695,0.5359141,0.6,0.0,0.46802604,0.47161284,0.006974284,31.303892,15.752229,0.0
31.7,0.5386131,0.6,0.0,0.4688929,0.4754326,0.0065807016,29.669817,16.327967,0.0
31.705000000000002,0.5386131,0.6,0.0,0.47171313,0.48073727,0.00620933,28.392792,16.30174,0.0
31.71,0.5386131,0.6,0.0,0.4743742,0.48574257,0.0058589163,27.44421,15.718539,0.0
31.715,0.5386131,0.6,0.0,0.4768851,0.4904654,0.0055282777,26.776516,14.6416025,0.0
31.720000000000002,0.54820734,0.6,0.0,0.47933125,0.49505973,0.005216298,26.333754,13.140748,0.0
31.725,0.54820734,0.6,0.0,0.48252442,0.50098187,0.004921925,26.059158,11.284329,0.0
31.73,0.54820734,0.6,0.0,0.48553738,0.5065698,0.004644164,25.898247,9.136267,0.0
31.735,0.54820734,0.6,0.0,0.4883803,0.51184237,0.004382078,25.805716,6.7487636,0.0
31.740000000000002,0.5587669,0.6,0.0,0.491075,0.5168174,0.0041347826,25.748077,4.1598344,0.0
31.745,0.5587669,0.6,0.0,0.49375775,0.5215117,0.0039014427,25.702639,1.3948885,0.0
31.75,0.5587669,0.6,0.0,0.4962891,0.525941,0.003681271,25.385696,-2.8518986e-08,0.0
31.755,0.5587669,0.6,0.0,0.49867758,0.53012043,0.0034735245,24.95869,-5.225574e-09,0.0
31.76,0.54683733,0.57812136,0.0,0.5009746,0.534064,0.0032775016,24.686707,-4.3466812e-09,0.0
31.765,0.54683733,0.57812136,0.0,0.5036401,0.537785,0.003092541,24.536457,-5.1310662e-09,0.0
31.77,0.54683733,0.57812136,0.0,0.5061552,0.541296,0.0029180183,24.476665,3.0533316e-09,0.0
31.775000000000002,0.54683733,0.57812136,0.0,0.50852835,0.5446089,0.0027533446,24.478897,-4.4513557e-09,0.0
31.78,0.5649855,0.5617045,0.0,0.51081526,0.5477348,0.002597964,24.51828,-3.9952632e-09,0.0
31.785,0.5649855,0.5617045,0.0,0.5135213,0.5506843,0.0024513518,24.574972,5.9868626e-09,0.0
31.79,0.5649855,0.5617045,0.0,0.51607466,0.55346733,0.0023130137,24.636889,4.0088395e-09,0.0
31.795,0.5649855,0.5617045,0.0,0.51848394,0.55609334,0.0021824825,24.696735,8.31242e-09,0.0
31.8,0.5002555,0.41573137,0.0,0.5207034,0.55847234,0.0020593177,24.749798,1.1901609e-09,0.0
31.805,0.5002555,0.41573137,0.0,0.52217823,0.5595812,0.0019431034,24.793724,4.133826e-10,0.0
31.810000000000002,0.5002555,0.41573137,0.0,0.5235698,0.5606275,0.0018334475,24.829655,1.0786826e-09,0.0
31.815,0.5002555,0.41573137,0.0,0.5248829,0.56161475,0.0017299798,24.859863,-8.246873e-10,0.0
31.82,0.59281695,0.40083262,0.0,0.5262038,0.56247216,0.0016323511,24.88624,4.136576e-09,0.0
31.825,0.59281695,0.40083262,0.0,0.5283924,0.56242883,0.001540232,24.910921,-1.5940478e-09,0.0
31.830000000000002,0.59281695,0.40083262,0.0,0.53045744,0.56238794,0.0014533114,23.892313,1.011311,0.0
31.835,0.59281695,0.40083262,0.0,0.532406,0.5623494,0.0013712961,21.893335,2.841147,0.0
31.84,0.5835607,0.41897148,0.0,0.5339523,0.561654,0.0012939092,19.592966,4.7099648,0.0
31.845000000000002,0.5835607,0.41897148,0.0,0.53205067,0.55341905,0.0012208894,17.442097,6.115743,0.0
31.85,0.5835607,0.41897148,0.0,0.5302564,0.5456489,0.0011519904,16.750639,5.620135,0.0
31.855,0.5835607,0.41897148,0.0,0.5285633,0.5383172,0.0010869796,17.571781,3.220778,0.0
31.86,0.48910943,0.42798534,0.0,0.5273837,0.531332,0.0010256376,19.165506,-3.7981889e-07,0.0
31.865000000000002,0.48910943,0.42798534,0.0,0.5310763,0.5239675,0.00096775737,20.514654,1.691002e-07,0.0
31.87,0.48910943,0.42798534,0.0,0.53456056,0.51701856,0.0009131435,21.187588,0.6606721,0.0
31.875,0.48910943,0.42798534,0.0,0.5378482,0.5104618,0.0008616117,21.00064,2.0126011,0.0
31.88,0.5498862,0.50438577,0.0,0.54090846,0.5043569,0.000812988,20.42655,3.513081,0.0
31.885,0.5498862,0.50438577,0.0,0.5433155,0.49953833,0.0007671083,19.787804,4.801287,0.0
31.89,0.5498862,0.50438577,0.0,0.54558665,0.49499166,0.00072381773,19.2678,5.6809487,0.0
31.895,0.5498862,0.50438577,0.0,0.5477297,0.4907016,0.0006829702,18.95026,6.071407,0.0
31.900000000000002,0.5244078,0.48784772,0.0,0.54932535,0.4866943,0.0006444279,18.854507,5.9649067,0.0
31.905,0.5244078,0.48784772,0.0,0.54592717,0.48338115,0.0006080606,18.95641,5.401297,0.0
31.91,0.5244078,0.48784772,0.0,0.54272074,0.48025498,0.0005737457,20.232437,3.3068316,0.0
31.915,0.5244078,0.48784772,0.0,0.53969526,0.47730523,0.0005413673,22.516813,-7.6227974e-07,0.0
31.92,0.43800342,0.43067205,0.0,0.5371149,0.47486687,0.00051081605,24.515339,1.6065212e-07,0.0
31.925,0.43800342,0.43067205,0.0,0.53783566,0.47653273,0.00048198897,26.638054,1.3183093e-07,0.0
31.93,0.43800342,0.43067205,0.0,0.5385157,0.47810456,0.00045478868,28.535646,0.010586847,0.0
31.935000000000002,0.43800342,0.43067205,0.0,0.5391574,0.4795877,0.0004291234,30.02861,0.19292453,0.0
31.94,0.43147433,0.384457,0.0,0.5396478,0.48091248,0.00040490652,31.108727,0.59414625,0.0
31.945,0.43147433,0.384457,0.0,0.5387878,0.48130387,0.00038205626,31.824577,1.1580579,0.0
31.95,0.43147433,0.384457,0.0,0.53797626,0.48167315,0.00036049553,33.282475,0.64919347,0.0
31.955000000000002,0.43147433,0.384457,0.0,0.5372105,0.4820216,0.00034015154,35.34694,1.3223156e-07,0.0
31.96,0.45705265,0.35889357,0.0,0.53609794,0.48209226,0.00032095565,37.531425,1.6369329e-07,0.0
31.965,0.45705265,0.35889357,0.0,0.53056216,0.47919044,0.00030284302,39.69496,1.879962e-07,0.0
31.970000000000002,0.45705265,0.35889357,0.0,0.52533877,0.47645238,0.00028575255,40.730595,0.9562893,0.0
31.975,0.45705265,0.35889357,0.0,0.5204101,0.47386885,0.00026962656,40.51474,3.068994,0.0
31.98,0.43721095,0.34954914,0.0,0.51573014,0.47122246,0.0002544106,39.569996,5.730276,0.0
31.985,0.43721095,0.34954914,0.0,0.5109753,0.466326,0.00024005336,38.268227,8.515963,0.0
31.990000000000002,0.43721095,0.34954914,0.0,0.5064888,0.46170586,0.00022650632,36.873535,11.133911,0.0
31.995,0.43721095,0.34954914,0.0,0.5022555,0.45734644,0.0002137238,35.55393,13.407291,0.0
32.0,0.44018903,0.38297176,0.0,0.49837655,0.45311764,0.00020166264,34.402454,15.247104,0.0
32.005,0.44018903,0.38297176,0.0,0.4960445,0.44780025,0.00019028212,33.460976,16.622469,0.0
32.01,0.44018903,0.38297176,0.0,0.49384403,0.44278294,0.00017954386,32.755665,17.519709,0.0
32.015,0.44018903,0.38297176,0.0,0.49176776,0.43804878,0.00016941159,32.2873,17.95235,0.0
32.02,0.47399846,0.45801315,0.0,0.4897191,0.4335396,0.00015985112,32.031425,17.959888,0.0
32.025,0.47399846,0.45801315,0.0,0.48675588,0.42879972,0.00015083016,31.950489,17.594059,0.0
32.03,0.47399846,0.45801315,0.0,0.48395988,0.42432734,0.0001423183,31.998734,16.913252,0.0
32.035000000000004,0.47399846,0.45801315,0.0,0.4813217,0.42010736,0.00013428679,32.13318,15.970615,0.0
32.04,0.4786753,0.5126518,0.0,0.4788458,0.41627643,0.00012670853,32.31936,14.808248,0.0
32.045,0.4786753,0.5126518,0.0,0.47666427,0.41439694,0.00011955794,32.530304,13.458515,0.0
32.05,0.4786753,0.5126518,0.0,0.47460586,0.41262352,0.00011281088,32.73562,11.956449,0.0
32.055,0.4786753,0.5126518,0.0,0.4726636,0.41095018,0.000106444575,32.912617,10.327377,0.0
32.06,0.4787877,0.54389226,0.0,0.4709836,0.40971005,0.000100437544,33.051353,8.581817,0.0
32.065,0.4787877,0.54389226,0.0,0.47115374,0.41243595,9.476951e-05,33.14916,6.7217846,0.0
32.07,0.4787877,0.54389226,0.0,0.47131428,0.41500804,8.9421344e-05,33.086384,4.8786955,0.0
32.075,0.4787877,0.54389226,0.0,0.47146577,0.41743496,8.4374995e-05,32.862534,3.0479069,0.0
32.08,0.50138736,0.56579745,0.0,0.4716298,0.41997162,7.9613426e-05,32.54849,1.1462212,0.0
32.085,0.50138736,0.56579745,0.0,0.4720274,0.42520186,7.5120566e-05,32.035034,1.345811e-10,0.0
32.09,0.50138736,0.56579745,0.0,0.47240254,0.43013695,7.088126e-05,31.380678,1.4456213e-09,0.0
32.095,0.50138736,0.56579745,0.0,0.47275653,0.43479353,6.6881184e-05,30.821548,7.841641e-09,0.0
32.1,0.5225222,0.58068717,0.0,0.47309107,0.43932837,6.3106854e-05,30.343616,-1.7432054e-08,0.0
32.105000000000004,0.5225222,0.58068717,0.0,0.47341254,0.44522926,5.954552e-05,29.932745,-3.2926013e-09,0.0
32.11,0.5225222,0.58068717,0.0,0.47371587,0.45079714,5.6185163e-05,29.568853,2.7233167e-08,0.0
32.115,0.5225222,0.58068717,0.0,0.4740021,0.4560508,5.3014443e-05,29.23332,5.9747096e-09,0.0
32.12,0.5328983,0.5943382,0.0,0.47437418,0.4611069,5.0022656e-05,28.913797,-2.1554504e-08,0.0
32.125,0.5328983,0.5943382,0.0,0.47589862,0.46701494,4.719971e-05,28.603085,-7.56116e-09,0.0
32.13,0.5328983,0.5943382,0.0,0.47733703,0.47258958,4.4536067e-05,28.29884,-9.8272e-09,0.0
32.135,0.5328983,0.5943382,0.0,0.47869426,0.47784963,4.2022744e-05,28.001131,1.2439527e-08,0.0
32.14,0.5460615,0.5876731,0.0,0.48007032,0.48288006,3.965126e-05,27.711107,8.107145e-09,0.0
32.145,0.5460615,0.5876731,0.0,0.48246604,0.48839965,3.7413603e-05,27.430618,2.7790308e-09,0.0
32.15,0.5460615,0.5876731,0.0,0.48472655,0.49360776,3.5302226e-05,27.163527,1.4483523e-08,0.0
32.155,0.5460615,0.5876731,0.0,0.4868595,0.49852195,3.331e-05,26.913443,-1.604282e-09,0.0
32.160000000000004,0.56189275,0.5905414,0.0,0.4889189,0.50322044,3.14302e-05,26.68266,8.903776e-09,0.0
32.165,0.56189275,0.5905414,0.0,0.4914008,0.50836253,2.9656489e-05,26.472189,8.569572e-09,0.0
32.17,0.56189275,0.5905414,0.0,0.49374264,0.5132144,2.7982871e-05,26.281015,7.598996e-09,0.0
32.175,0.56189275,0.5905414,0.0,0.49595234,0.5177925,2.6403703e-05,26.107166,-1.9825674e-08,0.0
32.18,0.56353194,0.589191,0.0,0.49809676,0.52208215,2.4913652e-05,25.948488,-5.1945e-09,0.0
32.185,0.56353194,0.589191,0.0,0.5008036,0.52578366,2.350769e-05,25.803324,-5.75108e-09,0.0
32.19,0.56353194,0.589191,0.0,0.50335765,0.5292763,2.218107e-05,25.674719,3.0360483e-09,0.0
32.195,0.56353194,0.589191,0.0,0.5057676,0.53257185,2.0929316e-05,25.56585,-4.1074797e-09,0.0
32.2,0.56245404,0.5852512,0.0,0.50811297,0.53569436,1.9748202e-05,25.477093,-7.9187075e-09,0.0
32.205,0.56245404,0.5852512,0.0,0.5111479,0.5387896,1.8633744e-05,25.407196,-3.543415e-09,0.0
32.21,0.56245404,0.5852512,0.0,0.5140116,0.5417101,1.7582179e-05,25.356997,3.2841334e-09,0.0
32.215,0.56245404,0.5852512,0.0,0.51671374,0.5444658,1.6589956e-05,25.326685,3.2475085e-09,0.0
32.22,0.55672073,0.57092655,0.0,0.5192707,0.5470599,1.5653728e-05,25.31432,3.1203616e-11,0.0
32.225,0.55672073,0.57092655,0.0,0.5217685,0.5494375,1.4770335e-05,25.316095,-3.900061e-09,0.0
32.230000000000004,0.55672073,0.57092655,0.0,0.52412534,0.5516809,1.3936795e-05,25.329905,2.4434477e-09,0.0
32.235,0.55672073,0.57092655,0.0,0.5263492,0.5537977,1.3150294e-05,25.353085,7.012858e-09,0.0
32.24,0.5487295,0.5413305,0.0,0.5284427,0.5557773,1.2408178e-05,25.382578,-3.7075978e-09,0.0
32.245,0.5487295,0.5413305,0.0,0.53036207,0.55744064,1.1707943e-05,25.415699,6.1043246e-09,0.0
32.25,0.5487295,0.5413305,0.0,0.53217316,0.5590101,1.1047224e-05,25.450787,-1.9927038e-09,0.0
32.255,0.5487295,0.5413305,0.0,0.533882,0.56049097,1.04237915e-05,25.486677,6.103886e-10,0.0
32.26,0.5370539,0.5118839,0.0,0.5354686,0.5618236,9.835541e-06,25.522366,1.9726925e-09,0.0
32.265,0.5370539,0.5118839,0.0,0.5366679,0.56233734,9.2804885e-06,25.557205,-2.3326354e-09,0.0
32.27,0.5370539,0.5118839,0.0,0.53779954,0.56282204,8.756759e-06,25.592436,-2.057951e-09,0.0
32.275,0.5370539,0.5118839,0.0,0.53886735,0.5632794,8.262585e-06,25.629429,-5.1797278e-09,0.0
32.28,0.5239343,0.47337157,0.0,0.5398388,0.56357735,7.796299e-06,25.668644,-1.0072148e-11,0.0
32.285000000000004,0.5239343,0.47337157,0.0,0.54034054,0.5623219,7.356327e-06,25.710281,2.2896378e-09,0.0
32.29,0.5239343,0.47337157,0.0,0.540814,0.56113726,6.9411844e-06,24.707073,1.0139828,0.0
32.295,0.5239343,0.47337157,0.0,0.54126066,0.5600195,6.5494696e-06,22.715353,2.8566988,0.0
32.3,0.51031595,0.43601406,0.0,0.54162943,0.5588319,6.1798605e-06,20.41072,4.752085,0.0
32.305,0.51031595,0.43601406,0.0,0.5413712,0.55618244,5.83111e-06,18.242483,6.199437,0.0
32.31,0.51031595,0.43601406,0.0,0.54112756,0.5536825,5.5020405e-06,17.518002,5.7629066,0.0
32.315,0.51031595,0.43601406,0.0,0.54089767,0.55132365,5.1915417e-06,18.277002,3.4548094,0.0
32.32,0.4947112,0.40494913,0.0,0.5406215,0.5489241,4.8985653e-06,19.82516,0.08762349,0.0
32.325,0.4947112,0.40494913,0.0,0.5396798,0.5446604,4.6221226e-06,21.046225,5.0340013e-08,0.0
32.33,0.4947112,0.40494913,0.0,0.53879124,0.5406373,4.3612804e-06,22.44974,1.5297312e-07,0.0
32.335,0.4947112,0.40494913,0.0,0.53795284,0.5368413,4.1151584e-06,23.855932,7.101288e-08,0.0
32.34,0.4797217,0.38443008,0.0,0.53710026,0.53309083,3.8829257e-06,25.137274,7.882614e-08,0.0
32.345,0.4797217,0.38443008,0.0,0.53558874,0.52761245,3.663799e-06,26.225595,8.026095e-08,0.0
32.35,0.4797217,0.38443008,0.0,0.5341625,0.52244323,3.4570382e-06,27.107254,3.3034073e-08,0.0
32.355000000000004,0.4797217,0.38443008,0.0,0.53281677,0.5175657,3.2619457e-06,27.797573,6.2081e-08,0.0
32.36,0.46637744,0.37631366,0.0,0.5314765,0.5128232,3.077863e-06,28.325312,2.7700397e-08,0.0
32.365,0.46637744,0.37631366,0.0,0.5294017,0.5067355,2.9041687e-06,28.724722,1.9221924e-08,0.0
32.37,0.46637744,0.37631366,0.0,0.527444,0.50099134,2.7402766e-06,29.033186,1.8664599e-08,0.0
32.375,0.46637744,0.37631366,0.0,0.5255968,0.49557135,2.5856334e-06,29.28422,1.0726554e-08,0.0
32.38,0.46637744,0.37631366,0.0,0.5237861,0.49036458,2.4397173e-06,29.503902,5.5386256e-09,0.0
32.385,0.46637744,0.37631366,0.0,0.5212994,0.48438632,2.3020357e-06,29.711252,1.5113505e-08,0.0
32.39,0.46637744,0.37631366,0.0,0.518953,0.47874546,2.172124e-06,29.919817,1.7516703e-08,0.0
32.395,0.46637744,0.37631366,0.0,0.5167391,0.4734229,2.0495436e-06,30.1377,2.020727e-08,0.0
32.4,0.45172235,0.36526108,0.012000007,0.5145898,0.4683641,1.9338809e-06,30.36803,1.5458005e-08,0.0
32.405,0.45172235,0.36526108,0.012000007,0.511869,0.46316937,1.8247454e-06,30.61036,1.5806014e-08,0.0
32.410000000000004,0.45172235,0.36526108,0.012000007,0.5093018,0.4582678,1.7217687e-06,30.860262,9.677349e-09,0.0
32.415,0.45172235,0.36526108,0.012000007,0.5068794,0.45364285,1.6246034e-06,31.112131,2.5777604e-08,0.0
32.42,0.43706724,0.35420856,0.023999996,0.50459373,0.4492789,1.5329215e-06,31.361485,8.366405e-09,0.0
32.425,0.43706724,0.35420856,0.023999996,0.50243706,0.44516122,1.4464135e-06,31.604828,1.9444748e-08,0.0
32.43,0.43706724,0.35420856,0.023999996,0.5004021,0.44127592,1.3647875e-06,31.839758,1.6477784e-08,0.0
32.435,0.43706724,0.35420856,0.023999996,0.49848196,0.43760988,1.2877679e-06,32.064713,2.0278164e-09,0.0
32.44,0.4224122,0.343156,0.036000002,0.49660403,0.43410084,5.5391196e-05,32.27875,1.22056525e-08,0.0
32.445,0.4224122,0.343156,0.036000002,0.4940712,0.43021598,0.00072946656,32.481426,1.808085e-08,0.0
32.45,0.4224122,0.343156,0.036000002,0.4916813,0.42655036,0.0013655016,32.67143,1.2776663e-08,0.0
32.455,0.4224122,0.343156,0.036000002,0.48942629,0.4230916,0.001965643,32.847733,7.9113695e-11,0.0
32.46,0.40775704,0.33210343,0.047999993,0.48723236,0.4197781,0.0025860923,33.010303,4.7713984e-09,0.0
32.465,0.40775704,0.33210343,0.047999993,0.48440138,0.4160778,0.0037945518,33.159866,9.196388e-09,0.0
32.47,0.40775704,0.33210343,0.047999993,0.48173016,0.4125863,0.004934814,33.296303,2.8843323e-09,0.0
32.475,0.40775704,0.33210343,0.047999993,0.4792097,0.40929183,0.006010727,33.419685,9.664067e-09,0.0
32.480000000000004,0.39310196,0.3210509,0.06,0.47676528,0.40613338,0.007080099,33.530624,7.056529e-09,0.0
32.485,0.39310196,0.3210509,0.06,0.47369793,0.40257937,0.008712148,33.630188,4.00286e-09,0.0
32.49,0.39310196,0.3210509,0.06,0.4708037,0.3992259,0.010252095,33.718384,6.5897083e-09,0.0
32.495,0.39310196,0.3210509,0.06,0.4680728,0.3960617,0.011705137,33.795246,4.302231e-09,0.0
32.5,0.37844685,0.3099984,0.072000004,0.46542984,0.39302614,0.013130355,33.86152,-2.9527433e-10,0.0
32.505,0.37844685,0.3099984,0.072000004,0.46217516,0.38958806,0.015098168,33.918247,-3.1642942e-09,0.0
32.51,0.37844685,0.3099984,0.072000004,0.45910415,0.38634402,0.01695493,33.965454,6.0348233e-09,0.0
32.515,0.37844685,0.3099984,0.072000004,0.45620647,0.38328305,0.018706908,34.003212,-2.9393785e-09,0.0
32.52,0.36379176,0.29894584,0.08399999,0.45340616,0.3803449,0.020414192,34.03232,4.304566e-09,0.0
32.525,0.36379176,0.29894584,0.08399999,0.450003,0.37699872,0.022648154,34.05384,4.711698e-09,0.0
32.53,0.36379176,0.29894584,0.08399999,0.4467919,0.3738414,0.024756046,34.067852,-6.1935865e-09,0.0
32.535000000000004,0.36379176,0.29894584,0.08399999,0.44376197,0.37086225,0.026744982,34.07444,3.6702057e-09,0.0
32.54,0.34913665,0.2878933,0.096,0.4408369,0.3680013,0.028675852,34.07445,-2.8390238e-11,0.0
32.545,0.34913665,0.2878933,0.096,0.43731603,0.364728,0.03112078,34.070152,-9.7126106e-11,0.0
32.55,0.34913665,0.2878933,0.096,0.43399385,0.36163944,0.033427734,34.059742,1.5367564e-09,0.0
32.555,0.34913665,0.2878933,0.096,0.43085915,0.35872516,0.0356045,34.04343,-7.41753e-10,0.0
32.56,0.33448157,0.27684075,0.10800001,0.4278352,0.35592544,0.037712596,34.022,-3.4505852e-09,0.0
32.565,0.33448157,0.27684075,0.10800001,0.424221,0.3527099,0.04032475,33.99656,-7.415507e-10,0.0
32.57,0.33448157,0.27684075,0.10800001,0.4208108,0.3496758,0.042789493,33.967113,5.633122e-09,0.0
32.575,0.33448157,0.27684075,0.10800001,0.417593,0.34681293,0.045115143,33.93374,4.2663366e-09,0.0
32.58,0.31982642,0.2657882,0.12,0.41449064,0.34406173,0.047363725,33.89707,5.097561e-10,0.0
32.585,0.31982642,0.2657882,0.12,0.41080248,0.34089196,0.050108436,33.85801,-1.7305993e-09,0.0
32.59,0.31982642,0.2657882,0.12,0.40732247,0.33790106,0.052698255,33.81645,-3.6550079e-09,0.0
32.595,0.31982642,0.2657882,0.12,0.40403885,0.33507895,0.05514192,33.772366,-2.7116962e-09,0.0
32.6,0.30517137,0.25473565,0.13199998,0.40087438,0.3323662,0.057501856,33.726223,5.552753e-09,0.0
32.605000000000004,0.30517137,0.25473565,0.13199998,0.3971276,0.32923272,0.06035164,33.678776,3.1331573e-09,0.0
32.61,0.30517137,0.25473565,0.13199998,0.39359227,0.32627606,0.0630406,33.629868,4.5013766e-09,0.0
32.615,0.30517137,0.25473565,0.13199998,0.39025646,0.32348627,0.06557781,33.57936,-1.2589982e-09,0.0
32.62,0.29051626,0.2436831,0.144,0.38704273,0.320804,0.06802602,33.52766,2.6195182e-09,0.0
32.625,0.29051626,0.2436831,0.144,0.3832495,0.31769928,0.07095909,33.47533,2.357113e-10,0.0
32.63,0.29051626,0.2436831,0.144,0.37967032,0.31476977,0.07372664,33.42216,2.3477853e-09,0.0
32.635,0.29051626,0.2436831,0.144,0.37629312,0.31200558,0.076338,33.36792,5.9172653e-09,0.0
32.64,0.27586117,0.23263055,0.156,0.37304035,0.30934748,0.07885617,33.31293,-9.2981317e-10,0.0
32.645,0.27586117,0.23263055,0.156,0.36921027,0.30626556,0.08185526,33.257656,2.3922655e-09,0.0
32.65,0.27586117,0.23263055,0.156,0.36559635,0.30335754,0.084685095,33.20184,-4.160194e-09,0.0
32.655,0.27586117,0.23263055,0.156,0.36218637,0.30061364,0.087355234,33.145195,2.5819675e-09,0.0
32.660000000000004,0.26120606,0.22157802,0.16799998,0.35890266,0.2979747,0.089928865,33.08791,2.9214386e-09,0.0
32.665,0.26120606,0.22157802,0.16799998,0.35504338,0.29491085,0.09298028,33.030453,-3.0746303e-09,0.0
32.67,0.26120606,0.22157802,0.16799998,0.3514019,0.2920199,0.0958595,32.972385,-1.7353219e-09,0.0
32.675,0.26120606,0.22157802,0.16799998,0.34796593,0.2892921,0.09857623,32.913364,-2.9863754e-09,0.0
32.68,0.24655096,0.21052547,0.18,0.3446577,0.28666833,0.10119383,32.853367,-9.437541e-10,0.0
32.685,0.24655096,0.21052547,0.18,0.34077528,0.2836188,0.10428673,32.79268,-3.801869e-09,0.0
32.69,0.24655096,0.21052547,0.18,0.33711195,0.28074136,0.107205085,32.73056,1.139296e-09,0.0
32.695,0.24655096,0.21052547,0.18,0.33365536,0.2780263,0.10995875,32.666267,-3.8923784e-09,0.0
32.7,0.23189588,0.19947292,0.192,0.33032766,0.2754146,0.1126112,32.599606,-5.3436067e-10,0.0
32.705,0.23189588,0.19947292,0.192,0.3264269,0.27237642,0.115736976,32.530483,3.8278865e-09,0.0
32.71,0.23189588,0.19947292,0.192,0.32274625,0.2695097,0.118686356,32.45797,5.9890013e-09,0.0
32.715,0.23189588,0.19947292,0.192,0.31927332,0.26680475,0.12146929,32.380962,-1.1020376e-09,0.0
32.72,0.2172408,0.18842037,0.204,0.31593022,0.26420256,0.12414935,32.298885,-7.375978e-09,0.0
32.725,0.2172408,0.18842037,0.204,0.3120149,0.2611734,0.1273012,32.211613,-8.161289e-09,0.0
32.730000000000004,0.2172408,0.18842037,0.204,0.30832055,0.25831518,0.13027517,32.117905,5.74115e-09,0.0
32.735,0.2172408,0.18842037,0.204,0.3048347,0.25561824,0.13308132,32.01681,-1.2314846e-09,0.0
32.74,0.20258568,0.17736782,0.216,0.30147937,0.2530236,0.13578327,31.90787,-1.9212032e-09,0.0
32.745,0.20258568,0.17736782,0.216,0.29755253,0.25000155,0.13895577,31.79113,3.1337584e-09,0.0
32.75,0.20258568,0.17736782,0.216,0.2938473,0.24715005,0.14194924,31.665432,-1.104371e-09,0.0
32.755,0.20258568,0.17736782,0.216,0.29035115,0.24445947,0.14477377,31.529562,-5.3193348e-09,0.0
32.76,0.1879306,0.16631527,0.228,0.28698617,0.24187082,0.14749308,31.383423,1.6501134e-09,0.0
32.765,0.1879306,0.16631527,0.228,0.2830502,0.23885442,0.15068196,31.227337,5.410386e-11,0.0
32.77,0.1879306,0.16631527,0.228,0.27933636,0.23600826,0.15369087,31.0603,1.18729275e-08,0.0
32.775,0.1879306,0.16631527,0.228,0.2758321,0.23332271,0.15653,30.881247,2.452471e-09,0.0
32.78,0.17327549,0.15526274,0.24,0.27245942,0.23073882,0.15926306,30.690504,-1.2551694e-09,0.0
32.785000000000004,0.17327549,0.15526274,0.24,0.2685162,0.2277269,0.16246492,30.488888,-8.9455146e-09,0.0
32.79,0.17327549,0.15526274,0.24,0.26479554,0.22488497,0.16548608,30.275146,-6.709309e-09,0.0
32.795,0.17327549,0.15526274,0.24,0.26128483,0.22220342,0.16833675,30.047722,-8.18346e-09,0.0
32.8,0.15862039,0.14421019,0.252,0.25790608,0.2196233,0.17108072,29.806593,-7.048659e-09,0.0
32.805,0.15862039,0.14421019,0.252,0.25395712,0.21661495,0.17429288,29.552614,7.126647e-11,0.0
32.81,0.15862039,0.14421019,0.252,0.25023103,0.21377636,0.17732376,29.284496,-2.0894528e-09,0.0
32.815,0.15862039,0.14421019,0.252,0.2467152,0.21109797,0.18018359,29.001423,7.5119533e-10,0.0
32.82,0.14396529,0.13315763,0.264,0.24333163,0.20852083,0.1829362,28.703684,2.1464436e-08,0.0
32.825,0.14396529,0.13315763,0.264,0.23937812,0.2055153,0.18615651,28.393303,-7.1840067e-09,0.0
32.83,0.14396529,0.13315763,0.264,0.23564772,0.20267937,0.18919508,28.06857,1.6083199e-08,0.0
32.835,0.14396529,0.13315763,0.264,0.23212785,0.20000349,0.19206217,27.880854,-9.896539e-09,0.0
32.84,0.12931019,0.1221051,0.276,0.22874044,0.19742872,0.19482164,27.83686,-7.870536e-12,0.0
32.845,0.12931019,0.1221051,0.276,0.22478333,0.19442542,0.19804841,27.852299,-5.117667e-11,0.0
32.85,0.12931019,0.1221051,0.276,0.22104953,0.1915916,0.20109308,27.86764,2.5185882e-09,0.0
32.855000000000004,0.12931019,0.1221051,0.276,0.21752644,0.18891771,0.20396593,27.844496,-4.3724038e-09,0.0
32.86,0.11465511,0.11105254,0.288,0.214136,0.18634482,0.20673084,27.7623,4.577859e-09,0.0
32.865,0.11465511,0.11105254,0.288,0.21017604,0.18334328,0.20996274,27.611916,-1.6334242e-08,0.0
32.87,0.11465511,0.11105254,0.288,0.20643954,0.18051113,0.21301225,27.38734,5.4258056e-09,0.0
32.875,0.11465511,0.11105254,0.288,0.20291391,0.17783882,0.21588966,27.087305,1.7312605e-09,0.0
32.88,0.1,0.1,0.3,0.19952108,0.17526741,0.21865886,26.715967,-3.2279037e-09,0.0
32.885,0.1,0.1,0.3,0.19555885,0.17226729,0.22189482,26.281128,-2.7631831e-08,0.0
32.89,0.1,0.1,0.3,0.1918202,0.16943647,0.22494815,25.787382,-2.7193374e-09,0.0
32.895,0.1,0.1,0.3,0.18829255,0.1667654,0.22782919,25.239231,1.7772612e-08,0.0
32.9,0.1,0.1,0.3,0.18489781,0.16419518,0.2306018,24.642973,-1.7972678e-08,0.0
32.905,0.1,0.1,0.3,0.18093377,0.16119616,0.23384097,24.006552,-2.7855744e-08,0.0
32.910000000000004,0.1,0.1,0.3,0.17719345,0.15836638,0.23689735,23.33335,7.83564e-09,0.0
32.915,0.1,0.1,0.3,0.1736642,0.1556963,0.23978125,22.62516,1.0951487e-08,0.0
32.92,0.1,0.1,0.3,0.17026795,0.153127,0.24255657,21.887154,4.3685077e-08,0.0
32.925,0.1,0.1,0.3,0.16630249,0.15012886,0.2457983,21.125374,-3.5446533e-08,0.0
32.93,0.1,0.1,0.3,0.1625608,0.14729992,0.2488571,20.340517,5.199385e-08,0.0
32.935,0.1,0.1,0.3,0.15903029,0.14463063,0.25174326,19.535784,-3.665158e-08,0.0
32.94,0.1,0.1,0.3,0.15569901,0.14211197,0.25446656,18.716919,-1.5218829e-08,0.0
32.945,0.1,0.1,0.3,0.15255573,0.13973545,0.25703618,17.894167,1.1085657e-08,0.0
32.95,0.1,0.1,0.3,0.14958984,0.13749304,0.25946078,17.08003,-3.743279e-09,0.0
32.955,0.1,0.1,0.3,0.14679131,0.13537718,0.26174855,16.287138,-5.278008e-09,0.0
32.96,0.1,0.1,0.3,0.14415072,0.13338073,0.26390722,15.529194,-1.6437555e-08,0.0
32.965,0.1,0.1,0.3,0.14165914,0.13149694,0.26594406,14.816768,2.6414217e-08,0.0
32.97,0.1,0.1,0.3,0.13930817,0.12971945,0.26786596,14.159134,1.35232945e-08,0.0
32.975,0.1,0.1,0.3,0.13708988,0.12804228,0.2696794,13.5622425,-2.558927e-08,0.0
32.980000000000004,0.1,0.1,0.3,0.13499677,0.12645976,0.2713905,13.02735,-1.0092596e-08,0.0
32.985,0.1,0.1,0.3,0.13302179,0.12496655,0.27300504,12.553579,1.1313873e-09,0.0
32.99,0.1,0.1,0.3,0.13115825,0.1235576,0.27452844,12.137655,-1.6212239e-08,0.0
32.995,0.1,0.1,0.3,0.12939988,0.12222816,0.2759659,11.774083,-8.014832e-09,0.0
33.0,0.1,0.1,0.3,0.12774074,0.12097375,0.27732223,11.456243,8.015992e-09,0.0
33.005,0.1,0.1,0.3,0.12617524,0.11979013,0.278602,11.177651,2.2711488e-08,0.0
33.01,0.1,0.1,0.3,0.12469808,0.1186733,0.27980956,10.932608,1.16177645e-08,0.0
33.015,0.1,0.1,0.3,0.123304285,0.11761951,0.28094897,10.715789,-8.724927e-09,0.0
33.02,0.1,0.1,0.3,0.121989146,0.116625175,0.2820241,10.522106,-8.0202165e-09,0.0
33.025,0.1,0.1,0.3,0.12074822,0.11568696,0.28303853,10.346946,-9.716128e-09,0.0
33.03,0.1,0.1,0.3,0.119577326,0.11480169,0.28399572,10.186357,1.1217581e-09,0.0
33.035000000000004,0.1,0.1,0.3,0.11847251,0.11396638,0.2848989,10.037178,-9.55717e-10,0.0
33.04,0.1,0.1,0.3,0.117430046,0.113178216,0.2857511,9.897072,-3.715269e-09,0.0
33.045,0.1,0.1,0.3,0.116446406,0.11243452,0.28655523,9.764347,-9.710031e-11,0.0
33.05,0.1,0.1,0.3,0.11551828,0.111732796,0.28731397,9.637826,6.0226846e-09,0.0
33.055,0.1,0.1,0.3,0.11464253,0.11107068,0.28802988,9.516878,6.2249037e-09,0.0
33.06,0.1,0.1,0.3,0.1138162,0.110445924,0.2887054,9.401902,3.4712166e-09,0.0
33.065,0.1,0.1,0.3,0.113036506,0.10985643,0.2893428,9.293462,-1.1477097e-08,0.0
33.07,0.1,0.1,0.3,0.11230081,0.109300196,0.2899442,9.191752,-2.2319402e-09,0.0
33.075,0.1,0.1,0.3,0.111606635,0.108775355,0.2905117,9.096729,7.672975e-09,0.0
33.08,0.1,0.1,0.3,0.11095163,0.10828013,0.29104716,9.008122,6.7734116e-09,0.0
33.085,0.1,0.1,0.3,0.11033359,0.10781285,0.2915524,8.925511,-1.1056579e-08,0.0
33.09,0.1,0.1,0.3,0.109750435,0.10737195,0.2920291,8.8484,-4.9434736e-09,0.0
33.095,0.1,0.1,0.3,0.10920019,0.10695592,0.29247895,8.776276,-2.5602858e-09,0.0
33.1,0.1,0.1,0.3,0.108680986,0.106563374,0.2929034,8.708637,-5.9390657e-09,0.0
33.105000000000004,0.1,0.1,0.3,0.10819109,0.10619298,0.29330388,8.645049,3.915817e-09,0.0
33.11,0.1,0.1,0.3,0.10772884,0.10584349,0.29368177,8.585107,-1.6191143e-09,0.0
33.115,0.1,0.1,0.3,0.107292674,0.10551372,0.29403833,8.528484,1.4554769e-09,0.0
33.12,0.1,0.1,0.3,0.10688113,0.10520256,0.29437476,8.474898,-1.7765721e-09,0.0
33.125,0.1,0.1,0.3,0.1064928,0.104908966,0.29469222,8.424135,2.5761777e-09,0.0
33.13,0.1,0.1,0.3,0.10612639,0.10463194,0.29499176,8.376029,6.3151564e-09,0.0
33.135,0.1,0.1,0.3,0.10578066,0.10437054,0.2952744,8.330439,-1.3317478e-09,0.0
33.14,0.1,0.1,0.3,0.10545444,0.1041239,0.29554108,8.287243,-1.2339873e-08,0.0
33.145,0.1,0.1,0.3,0.105146624,0.10389117,0.2957927,8.246331,-5.0063456e-09,0.0
33.15,0.1,0.1,0.3,0.104856186,0.10367158,0.29603013,8.207595,6.0514607e-09,0.0
33.155,0.1,0.1,0.3,0.10458213,0.10346438,0.29625416,8.17093,-6.6267103e-09,0.0
33.160000000000004,0.1,0.1,0.3,0.10432354,0.10326888,0.29646555,8.136243,7.702866e-10,0.0
33.165,0.1,0.1,0.3,0.10407955,0.1030844,0.296665,8.103439,1.3706988e-09,0.0
33.17,0.1,0.1,0.3,0.10384933,0.10291034,0.2968532,8.072414,-3.0027427e-09,0.0
33.175,0.1,0.1,0.3,0.1036321,0.1027461,0.2970308,8.04312,-4.818441e-09,0.0
33.18,0.1,0.1,0.3,0.10342713,0.10259113,0.29719836,8.015425,3.284356e-09,0.0
33.185,0.1,0.1,0.3,0.103233725,0.1024449,0.29735646,7.9892616,9.815616e-10,0.0
33.19,0.1,0.1,0.3,0.10305124,0.102306925,0.29750565,7.964544,-2.2344273e-09,0.0
33.195,0.1,0.1,0.3,0.10287905,0.10217674,0.2976464,7.9412017,3.3157508e-09,0.0
33.2,0.1,0.1,0.3,0.10271657,0.1020539,0.29777923,7.9191546,7.488894e-09,0.0
33.205,0.1,0.1,0.3,0.10256327,0.101937994,0.29790455,7.898331,-8.413189e-10,0.0
33.21,0.1,0.1,0.3,0.10241862,0.10182863,0.2980228,7.8786645,-8.851042e-10,0.0
33.215,0.1,0.1,0.3,0.10228213,0.10172543,0.2981344,7.86009,-1.3644951e-08,0.0
33.22,0.1,0.1,0.3,0.10215334,0.10162806,0.29823968,7.8425474,-2.0233146e-09,0.0
33.225,0.1,0.1,0.3,0.10203182,0.101536185,0.298339,7.825979,7.8903595e-09,0.0
33.230000000000004,0.1,0.1,0.3,0.101917155,0.10144949,0.29843274,7.810333,6.2763696e-09,0.0
33.235,0.1,0.1,0.3,0.101808965,0.10136769,0.2985212,7.795561,-4.2761887e-09,0.0
33.24,0.1,0.1,0.3,0.10170688,0.10129051,0.29860464,7.781612,-4.1526316e-09,0.0
33.245,0.1,0.1,0.3,0.101610556,0.10121768,0.29868338,7.768439,-1.2334203e-08,0.0
33.25,0.1,0.1,0.3,0.10151967,0.10114896,0.29875767,7.7559953,6.011193e-09,0.0
33.255,0.1,0.1,0.3,0.10143391,0.10108412,0.29882777,7.7442446,-5.2886295e-09,0.0
33.26,0.1,0.1,0.3,0.10135299,0.10102294,0.29889393,7.733152,-1.2292524e-08,0.0
33.265,0.1,0.1,0.3,0.101276636,0.10096521,0.29895633,7.722682,7.183219e-10,0.0
33.27,0.1,0.1,0.3,0.10120459,0.10091074,0.29901522,7.7128234,-1.901042e-08,0.0
33.275,0.1,0.1,0.3,0.10113661,0.100859344,0.2990708,7.7036557,5.9890326e-10,0.0
33.28,0.1,0.1,0.3,0.10107247,0.10081085,0.29912326,7.695238,6.8702968e-09,0.0
33.285000000000004,0.1,0.1,0.3,0.10101195,0.10076509,0.29917273,7.687572,-7.3994224e-09,0.0
33.29,0.1,0.1,0.3,0.10095484,0.10072191,0.29921943,7.680601,-3.843362e-09,0.0
33.295,0.1,0.1,0.3,0.100900955,0.10068117,0.29926348,7.674259,5.035356e-10,0.0
33.3,0.1,0.1,0.3,0.10085011,0.10064273,0.29930505,7.6684647,-2.7661795e-09,0.0
33.305,0.1,0.1,0.3,0.10080214,0.100606464,0.29934427,7.6631303,-5.5435465e-09,0.0
33.31,0.1,0.1,0.3,0.10075687,0.100572236,0.2993813,7.65818,1.3808884e-09,0.0
33.315,0.1,0.1,0.3,0.100714155,0.100539945,0.2994162,7.653548,-1.5504051e-09,0.0
33.32,0.1,0.1,0.3,0.100673854,0.10050947,0.29944915,7.6491814,1.3161934e-09,0.0
33.325,0.1,0.1,0.3,0.10063583,0.10048072,0.29948023,7.64505,5.018346e-09,0.0
33.33,0.1,0.1,0.3,0.100599945,0.10045359,0.29950956,7.6411276,-1.7906311e-08,0.0
33.335,0.1,0.1,0.3,0.10056609,0.10042799,0.29953724,7.6373925,-3.601213e-09,0.0
33.34,0.1,0.1,0.3,0.10053414,0.10040384,0.29956335,7.633834,3.837108e-09,0.0
33.345,0.1,0.1,0.3,0.100503996,0.10038105,0.299588,7.630448,1.8232972e-09,0.0
33.35,0.1,0.1,0.3,0.10047556,0.100359544,0.29961124,7.6272264,4.260095e-09,0.0
33.355000000000004,0.1,0.1,0.3,0.10044872,0.100339256,0.29963318,7.6241674,-2.1941537e-08,0.0
33.36,0.1,0.1,0.3,0.100423396,0.10032011,0.2996539,7.6212673,7.2450232e-09,0.0
33.365,0.1,0.1,0.3,0.1003995,0.10030204,0.2996734,7.6185207,4.939532e-09,0.0
33.37,0.1,0.1,0.3,0.100376956,0.10028499,0.29969183,7.615921,-1.0198854e-08,0.0
33.375,0.1,0.1,0.3,0.100355685,0.10026891,0.29970923,7.6134553,2.9060123e-09,0.0
33.38,0.1,0.1,0.3,0.10033561,0.10025373,0.29972565,7.6111097,-7.873049e-09,0.0
33.385,0.1,0.1,0.3,0.10031667,0.10023941,0.29974115,7.6088676,2.5748716e-09,0.0
33.39,0.1,0.1,0.3,0.1002988,0.1002259,0.29975575,7.606704,2.4245164e-09,0.0
33.395,0.1,0.1,0.3,0.10028194,0.100213155,0.29976955,7.6046,-6.0530447e-09,0.0
33.4,0.1,0.1,0.3,0.10026603,0.10020112,0.29978254,7.6025143,-3.0233056e-09,0.0
33.405,0.1,0.1,0.3,0.10025102,0.100189775,0.29979482,7.6004095,-5.5687046e-09,0.0
33.410000000000004,0.1,0.1,0.3,0.100236855,0.10017907,0.29980642,7.5982385,1.991442e-09,0.0
33.415,0.1,0.1,0.3,0.10022349,0.100168966,0.29981735,7.59595,6.468279e-09,0.0
33.42,0.1,0.1,0.3,0.100210875,0.10015943,0.29982767,7.593482,-8.014422e-09,0.0
33.425,0.1,0.1,0.3,0.10019898,0.10015043,0.29983738,7.590756,1.5423757e-09,0.0
33.43,0.1,0.1,0.3,0.10018775,0.10014194,0.29984656,7.587935,-1.0649934e-08,0.0
33.435,0.1,0.1,0.3,0.100177154,0.10013393,0.29985523,7.5852423,-6.433739e-09,0.0
33.44,0.1,0.1,0.3,0.100167155,0.10012638,0.2998634,7.5828238,6.5532513e-09,0.0
33.445,0.1,0.1,0.3,0.10015772,0.10011925,0.29987112,7.580746,-2.3291025e-09,0.0
33.45,0.1,0.1,0.3,0.10014882,0.10011252,0.2998784,7.5793147,3.1326943e-09,0.0
33.455,0.1,0.1,0.3,0.10014042,0.10010617,0.29988524,7.5783405,1.5082164e-09,0.0
33.46,0.1,0.1,0.3,0.100132495,0.10010018,0.2998917,7.5774183,-9.189722e-09,0.0
33.465,0.1,0.1,0.3,0.100125015,0.10009453,0.29989782,7.5771914,-8.72829e-09,0.0
33.47,0.1,0.1,0.3,0.10011796,0.10008919,0.2999036,7.5771875,-1.0942889e-08,0.0
33.475,0.1,0.1,0.3,0.100111306,0.100084156,0.29990906,7.577184,-5.19112e-09,0.0
33.480000000000004,0.1,0.1,0.3,0.100105025,0.10007941,0.29991418,7.577181,3.383881e-09,0.0
33.485,0.1,0.1,0.3,0.1000991,0.10007493,0.29991904,7.5771775,-9.242538e-09,0.0
33.49,0.1,0.1,0.3,0.10009351,0.1000707,0.2999236,7.577171,1.2171975e-08,0.0
33.495,0.1,0.1,0.3,0.10008823,0.100066714,0.29992792,7.5771637,1.1031115e-08,0.0
33.5,0.1,0.1,0.3,0.100083254,0.10006295,0.299932,7.5771537,4.095112e-10,0.0
33.505,0.1,0.1,0.3,0.10007855,0.1000594,0.29993585,7.577143,4.2573536e-10,0.0
33.51,0.1,0.1,0.3,0.10007412,0.100056045,0.29993948,7.577133,-5.849024e-09,0.0
33.515,0.1,0.1,0.3,0.10006994,0.100052886,0.2999429,7.5771227,-1.1953108e-08,0.0
33.52,0.1,0.1,0.3,0.10006599,0.1000499,0.29994613,7.5771093,-3.1663725e-09,0.0
33.525,0.1,0.1,0.3,0.100062266,0.10004708,0.29994917,7.5770955,-2.2573965e-09,0.0
33.53,0.1,0.1,0.3,0.10005875,0.10004442,0.29995203,7.5770817,6.888813e-09,0.0
33.535000000000004,0.1,0.1,0.3,0.100055434,0.10004192,0.29995474,7.5770683,-1.4725211e-09,0.0
33.54,0.1,0.1,0.3,0.100052305,0.10003956,0.2999573,7.5770545,7.1531647e-09,0.0
33.545,0.1,0.1,0.3,0.100049354,0.10003732,0.29995972,7.577041,-5.907802e-09,0.0
33.55,0.1,0.1,0.3,0.10004657,0.10003521,0.29996198,7.5770273,-1.1660313e-08,0.0
33.555,0.1,0.1,0.3,0.10004394,0.10003322,0.29996413,7.5770135,-9.23325e-10,0.0
33.56,0.1,0.1,0.3,0.10004146,0.100031346,0.29996616,7.577,-9.1502556e-10,0.0
33.565,0.1,0.1,0.3,0.10003912,0.10002958,0.29996806,7.5769863,-7.5666995e-10,0.0
33.57,0.1,0.1,0.3,0.10003691,0.10002791,0.29996985,7.5769725,5.6248193e-09,0.0
33.575,0.1,0.1,0.3,0.100034826,0.10002634,0.29997155,7.576959,4.646016e-09,0.0
33.58,0.1,0.1,0.3,0.10003286,0.10002486,0.29997316,7.576942,-2.5798907e-09,0.0
33.585,0.1,0.1,0.3,0.100031,0.100023456,0.29997468,7.576925,6.660264e-09,0.0
33.59,0.1,0.1,0.3,0.10002925,0.10002213,0.2999761,7.5769076,-5.924096e-09,0.0
33.595,0.1,0.1,0.3,0.1000276,0.10002088,0.29997745,7.5768905,-2.1985341e-10,0.0
33.6,0.1,0.1,0.3,0.10002604,0.1000197,0.29997873,7.576874,-2.6945675e-09,0.0
33.605000000000004,0.1,0.1,0.3,0.10002457,0.10001859,0.29997993,7.5768566,-2.673538e-10,0.0
33.61,0.1,0.1,0.3,0.10002319,0.10001754,0.29998106,7.5768394,1.1078425e-08,0.0
33.615,0.1,0.1,0.3,0.10002188,0.10001655,0.29998213,7.5768223,-5.1984625e-09,0.0
33.62,0.1,0.1,0.3,0.10002064,0.10001562,0.29998314,7.576805,4.4764032e-09,0.0
33.625,0.1,0.1,0.3,0.10001948,0.10001474,0.2999841,7.5767884,1.12079706e-08,0.0
33.63,0.1,0.1,0.3,0.100018375,0.100013904,0.299985,7.5767713,-5.436026e-09,0.0
33.635,0.1,0.1,0.3,0.10001734,0.10001312,0.29998583,7.576754,6.665036e-10,0.0
33.64,0.1,0.1,0.3,0.10001636,0.100012384,0.29998663,7.576737,8.148847e-10,0.0
33.645,0.1,0.1,0.3,0.10001544,0.100011684,0.29998738,7.5767198,3.201741e-09,0.0
33.65,0.1,0.1,0.3,0.10001457,0.10001103,0.2999881,7.5767026,-9.693582e-09,0.0
33.655,0.1,0.1,0.3,0.10001375,0.1000104,0.29998878,7.576686,-6.0822436e-10,0.0
33.660000000000004,0.1,0.1,0.3,0.10001297,0.100009814,0.2999894,7.5766687,-8.24983e-09,0.0
33.665,0.1,0.1,0.3,0.10001224,0.10000926,0.29999,7.5766516,-5.882833e-09,0.0
33.67,0.1,0.1,0.3,0.10001155,0.10000874,0.29999056,7.5766344,-3.5486791e-09,0.0
33.675,0.1,0.1,0.3,0.1000109,0.10000825,0.2999911,7.5766172,4.3958552e-09,0.0
33.68,0.1,0.1,0.3,0.10001028,0.10000779,0.2999916,7.5766006,1.8529889e-09,0.0
33.685,0.1,0.1,0.3,0.1000097,0.10000735,0.29999208,7.5765834,-1.6929544e-09,0.0
33.69,0.1,0.1,0.3,0.10000916,0.10000693,0.29999253,7.576566,-5.3115876e-09,0.0
33.695,0.1,0.1,0.3,0.100008644,0.10000654,0.29999295,7.576549,-1.7849214e-09,0.0
33.7,0.1,0.1,0.3,0.10000816,0.10000617,0.29999334,7.576532,-1.2913051e-09,0.0
33.705,0.1,0.1,0.3,0.1000077,0.10000582,0.29999372,7.576515,-2.0891906e-09,0.0
33.71,0.1,0.1,0.3,0.100007266,0.10000549,0.29999408,7.576498,-5.0667825e-09,0.0
33.715,0.1,0.1,0.3,0.100006856,0.10000518,0.2999944,7.576481,8.610839e-09,0.0
33.72,0.1,0.1,0.3,0.10000647,0.10000489,0.29999474,7.5764637,-3.754878e-09,0.0
33.725,0.1,0.1,0.3,0.1000061,0.10000461,0.29999503,7.5764465,-4.9316182e-09,0.0
33.730000000000004,0.1,0.1,0.3,0.10000576,0.10000435,0.2999953,7.57643,3.359855e-09,0.0
33.735,0.1,0.1,0.3,0.10000543,0.10000411,0.29999557,7.5764127,-3.5301468e-09,0.0
33.74,0.1,0.1,0.3,0.10000513,0.100003876,0.2999958,7.5763955,8.2219485e-09,0.0
33.745,0.1,0.1,0.3,0.10000484,0.10000366,0.29999605,7.5763783,-5.4011386e-09,0.0
33.75,0.1,0.1,0.3,0.10000456,0.10000345,0.2999963,7.576361,-5.5197286e-10,0.0
33.755,0.1,0.1,0.3,0.1000043,0.10000326,0.2999965,7.576344,7.546252e-09,0.0
33.76,0.1,0.1,0.3,0.100004055,0.10000307,0.2999967,7.5763273,-1.0025017e-08,0.0
33.765,0.1,0.1,0.3,0.10000382,0.1000029,0.29999688,7.57631,2.7457094e-09,0.0
33.77,0.1,0.1,0.3,0.10000361,0.100002736,0.29999706,7.576293,-5.794003e-09,0.0
33.775,0.1,0.1,0.3,0.10000341,0.10000258,0.29999724,7.576276,9.495894e-09,0.0
33.78,0.1,0.1,0.3,0.10000321,0.10000243,0.2999974,7.5762587,-7.8853674e-11,0.0
33.785000000000004,0.1,0.1,0.3,0.100003034,0.100002296,0.29999754,7.576242,1.2230933e-08,0.0
33.79,0.1,0.1,0.3,0.10000286,0.10000217,0.2999977,7.576225,-2.838417e-09,0.0
33.795,0.1,0.1,0.3,0.1000027,0.10000205,0.2999978,7.5762076,1.5805803e-09,0.0
33.8,0.1,0.1,0.3,0.10000255,0.10000193,0.29999793,7.5761905,9.265423e-12,0.0
33.805,0.1,0.1,0.3,0.10000241,0.10000182,0.29999804,7.5761733,-3.348355e-10,0.0
33.81,0.1,0.1,0.3,0.100002274,0.100001715,0.29999816,7.5761566,5.1285265e-09,0.0
33.815,0.1,0.1,0.3,0.10000215,0.10000162,0.29999825,7.5761395,3.460876e-10,0.0
33.82,0.1,0.1,0.3,0.10000203,0.10000153,0.29999834,7.5761223,-7.9804146e-09,0.0
33.825,0.1,0.1,0.3,0.10000192,0.10000144,0.29999843,7.576105,-3.2724798e-09,0.0
33.83,0.1,0.1,0.3,0.100001805,0.10000136,0.29999852,7.576088,7.824579e-09,0.0
33.835,0.1,0.1,0.3,0.1000017,0.10000128,0.2999986,7.5760713,-3.8614116e-09,0.0
33.84,0.1,0.1,0.3,0.1000016,0.10000121,0.2999987,7.576054,9.071519e-09,0.0
33.845,0.1,0.1,0.3,0.100001514,0.10000114,0.29999876,7.576037,-1.4204118e-10,0.0
33.85,0.1,0.1,0.3,0.10000143,0.100001074,0.29999882,7.57602,-1.6430246e-10,0.0
33.855000000000004,0.1,0.1,0.3,0.10000135,0.100001015,0.29999888,7.5760026,5.969762e-09,0.0
33.86,0.1,0.1,0.3,0.100001276,0.100000955,0.29999894,7.5759854,-6.879377e-09,0.0
33.865,0.1,0.1,0.3,0.1000012,0.1000009,0.299999,7.5759687,2.3583704e-09,0.0
33.87,0.1,0.1,0.3,0.100001134,0.10000085,0.29999906,7.5759516,-1.0430473e-08,0.0
33.875,0.1,0.1,0.3,0.10000107,0.100000806,0.29999912,7.5759344,3.5985467e-10,0.0
33.88,0.1,0.1,0.3,0.10000101,0.10000076,0.29999918,7.5759172,-1.1096764e-08,0.0
33.885,0.1,0.1,0.3,0.10000095,0.10000072,0.29999924,7.5759,-1.3461552e-08,0.0
33.89,0.1,0.1,0.3,0.100000896,0.10000068,0.29999927,7.5758834,3.596806e-09,0.0
33.895,0.1,0.1,0.3,0.10000084,0.10000064,0.2999993,7.575866,1.5081533e-09,0.0
33.9,0.1,0.1,0.3,0.1000008,0.100000605,0.29999933,7.575849,1.0294846e-08,0.0
33.905,0.1,0.1,0.3,0.100000754,0.10000057,0.29999936,7.575832,4.420849e-09,0.0
33.910000000000004,0.1,0.1,0.3,0.10000071,0.10000054,0.2999994,7.5758147,-4.1874157e-09,0.0
33.915,0.1,0.1,0.3,0.10000067,0.10000051,0.29999942,7.575798,-6.9601516e-09,0.0
33.92,0.1,0.1,0.3,0.100000635,0.10000048,0.29999945,7.575781,-1.0531371e-08,0.0
33.925,0.1,0.1,0.3,0.1000006,0.10000045,0.29999948,7.5757637,-7.958231e-09,0.0
33.93,0.1,0.1,0.3,0.10000056,0.100000426,0.2999995,7.5757465,-1.0469715e-10,0.0
33.935,0.1,0.1,0.3,0.10000053,0.100000404,0.29999954,7.5757294,-1.5157035e-08,0.0
33.94,0.1,0.1,0.3,0.1000005,0.10000038,0.29999956,7.575712,-1.4811715e-08,0.0
33.945,0.1,0.1,0.3,0.10000047,0.10000036,0.2999996,7.5756955,-1.3462209e-08,0.0
33.95,0.1,0.1,0.3,0.10000044,0.10000034,0.29999962,7.5756783,1.0481371e-08,0.0
33.955,0.1,0.1,0.3,0.10000042,0.100000314,0.29999965,7.575661,4.440774e-09,0.0
33.96,0.1,0.1,0.3,0.1000004,0.1000003,0.29999968,7.575644,9.0239416e-10,0.0
33.965,0.1,0.1,0.3,0.100000374,0.100000285,0.2999997,7.575627,1.4440531e-08,0.0
33.97,0.1,0.1,0.3,0.10000035,0.10000027,0.29999974,7.57561,-9.387906e-09,0.0
33.975,0.1,0.1,0.3,0.10000033,0.100000255,0.29999977,7.575593,2.6709557e-09,0.0
33.980000000000004,0.1,0.1,0.3,0.100000314,0.10000024,0.29999977,7.575576,8.643771e-09,0.0
33.985,0.1,0.1,0.3,0.1000003,0.100000225,0.29999977,7.5755587,7.058464e-10,0.0
33.99,0.1,0.1,0.3,0.100000285,0.10000021,0.29999977,7.5755415,9.136771e-09,0.0
33.995,0.1,0.1,0.3,0.10000027,0.100000195,0.29999977,7.575525,-2.8271734e-09,0.0
34.0,0.1,0.1,0.3,0.100000255,0.10000019,0.29999977,7.5755076,-4.2362673e-09,0.0
34.005,0.1,0.1,0.3,0.10000024,0.10000018,0.29999977,7.5754905,9.659398e-09,0.0
34.01,0.1,0.1,0.3,0.100000225,0.10000017,0.29999977,7.5754733,-5.0498854e-09,0.0
34.015,0.1,0.1,0.3,0.10000021,0.100000165,0.29999977,7.575456,-1.2724233e-10,0.0
34.02,0.1,0.1,0.3,0.100000195,0.10000016,0.29999977,7.5754395,-4.167671e-09,0.0
34.025,0.1,0.1,0.3,0.10000019,0.10000015,0.29999977,7.5754223,3.056944e-09,0.0
34.03,0.1,0.1,0.3,0.10000018,0.10000014,0.29999977,7.575405,2.7309972e-09,0.0
34.035000000000004,0.1,0.1,0.3,0.10000017,0.100000136,0.29999977,7.575388,-8.619706e-10,0.0
34.04,0.1,0.1,0.3,0.100000165,0.10000013,0.29999977,7.575371,-1.1822991e-09,0.0
34.045,0.1,0.1,0.3,0.10000016,0.10000012,0.29999977,7.5753536,-4.591978e-09,0.0
34.05,0.1,0.1,0.3,0.10000015,0.10000011,0.29999977,7.575337,-8.593522e-09,0.0
34.055,0.1,0.1,0.3,0.10000014,0.100000106,0.29999977,7.57532,7.702997e-09,0.0
34.06,0.1,0.1,0.3,0.100000136,0.1000001,0.29999977,7.5753026,8.838623e-09,0.0
34.065,0.1,0.1,0.3,0.10000013,0.10000009,0.29999977,7.5752854,-6.642379e-09,0.0
34.07,0.1,0.1,0.3,0.10000012,0.10000008,0.29999977,7.5752683,-3.71713e-09,0.0
34.075,0.1,0.1,0.3,0.10000011,0.100000076,0.29999977,7.5752516,2.4051077e-09,0.0
34.08,0.1,0.1,0.3,0.100000106,0.10000007,0.29999977,7.5752344,-5.506597e-09,0.0
34.085,0.1,0.1,0.3,0.1000001,0.10000006,0.29999977,7.5752172,-1.6521884e-08,0.0
34.09,0.1,0.1,0.3,0.10000009,0.10000006,0.29999977,7.5752,9.001773e-09,0.0
34.095,0.1,0.1,0.3,0.10000008,0.10000006,0.29999977,7.575183,8.6296253e-10,0.0
34.1,0.1,0.1,0.3,0.100000076,0.10000006,0.29999977,7.575166,-8.488763e-09,0.0
34.105000000000004,0.1,0.1,0.3,0.10000007,0.10000006,0.29999977,7.575149,-1.2881352e-09,0.0
34.11,0.1,0.1,0.3,0.10000006,0.10000006,0.29999977,7.575132,5.951962e-09,0.0
34.115,0.1,0.1,0.3,0.10000006,0.10000006,0.29999977,7.5751147,3.58739e-09,0.0
34.12,0.1,0.1,0.3,0.10000006,0.10000006,0.29999977,7.5750976,-2.7701712e-09,0.0
34.125,0.1,0.1,0.3,0.10000006,0.10000006,0.29999977,7.575081,5.347103e-10,0.0
34.13,0.1,0.1,0.3,0.10000006,0.10000006,0.29999977,7.5750637,5.0107998e-09,0.0
34.135,0.1,0.1,0.3,0.10000006,0.10000006,0.29999977,7.5750465,-9.121448e-09,0.0
34.14,0.1,0.1,0.3,0.10000006,0.10000006,0.29999977,7.5750294,2.5714098e-10,0.0
34.145,0.1,0.1,0.3,0.10000006,0.10000006,0.29999977,7.575012,1.32053515e-08,0.0
34.15,0.1,0.1,0.3,0.10000006,0.10000006,0.29999977,7.574995,-9.246686e-09,0.0
34.155,0.1,0.1,0.3,0.10000006,0.10000006,0.29999977,7.5749784,-4.3276223e-09,0.0
34.160000000000004,0.1,0.1,0.3,0.10000006,0.10000006,0.29999977,7.574961,-2.6999802e-09,0.0
34.165,0.1,0.1,0.3,0.10000006,0.10000006,0.29999977,7.574944,-1.0716054e-09,0.0
34.17,0.1,0.1,0.3,0.10000006,0.10000006,0.29999977,7.574927,-2.604699e-09,0.0
34.175000000000004,0.1,0.1,0.3,0.10000006,0.10000006,0.29999977,7.5749097,4.8041753e-09,0.0
34.18,0.1,0.1,0.3,0.10000006,0.10000006,0.29999977,7.574893,4.1809276e-09,0.0
34.185,0.1,0.1,0.3,0.10000006,0.10000006,0.29999977,7.574876,-8.00457e-09,0.0
34.19,0.1,0.1,0.3,0.10000006,0.10000006,0.29999977,7.5748587,-7.463783e-09,0.0
34.195,0.1,0.1,0.3,0.10000006,0.10000006,0.29999977,7.5748415,1.7818581e-09,0.0
34.2,0.1,0.1,0.3,0.10000006,0.10000006,0.29999977,7.5748243,2.1207954e-11,0.0
34.205,0.1,0.1,0.3,0.10000006,0.10000006,0.29999977,7.5748076,1.873328e-11,0.0
34.21,0.1,0.1,0.3,0.10000006,0.10000006,0.29999977,7.5747905,2.33849e-09,0.0
34.215,0.1,0.1,0.3,0.10000006,0.10000006,0.29999977,7.5747733,5.4190896e-09,0.0
34.22,0.1,0.1,0.3,0.10000006,0.10000006,0.29999977,7.574756,1.2107219e-09,0.0
34.225,0.1,0.1,0.3,0.10000006,0.10000006,0.29999977,7.574739,-6.108121e-09,0.0
34.230000000000004,0.1,0.1,0.3,0.10000006,0.10000006,0.29999977,7.5747223,-9.392867e-09,0.0
34.235,0.1,0.1,0.3,0.10000006,0.10000006,0.29999977,7.574705,-9.37779e-09,0.0
34.24,0.1,0.1,0.3,0.10000006,0.10000006,0.29999977,7.574688,9.202927e-10,0.0
34.245,0.1,0.1,0.3,0.10000006,0.10000006,0.29999977,7.574671,6.3356875e-09,0.0
34.25,0.1,0.1,0.3,0.10000006,0.10000006,0.29999977,7.5746536,5.403918e-11,0.0
34.255,0.1,0.1,0.3,0.10000006,0.10000006,0.29999977,7.5746365,8.0008205e-09,0.0
34.26,0.1,0.1,0.3,0.10000006,0.10000006,0.29999977,7.57462,7.216587e-09,0.0
34.265,0.1,0.1,0.3,0.10000006,0.10000006,0.29999977,7.5746026,-2.480705e-09,0.0
34.27,0.1,0.1,0.3,0.10000006,0.10000006,0.29999977,7.5745854,-6.7564225e-09,0.0
34.275,0.1,0.1,0.3,0.10000006,0.10000006,0.29999977,7.5745683,3.785933e-10,0.0
34.28,0.1,0.1,0.3,0.10000006,0.10000006,0.29999977,7.574551,5.954785e-10,0.0
34.285000000000004,0.1,0.1,0.3,0.10000006,0.10000006,0.29999977,7.5745344,-6.496192e-09,0.0
34.29,0.1,0.1,0.3,0.10000006,0.10000006,0.29999977,7.5745173,-5.1714433e-09,0.0
34.295,0.1,0.1,0.3,0.10000006,0.10000006,0.29999977,7.5745,-2.8585667e-09,0.0
34.300000000000004,0.1,0.1,0.3,0.10000006,0.10000006,0.29999977,7.574483,1.2369352e-09,0.0
34.305,0.1,0.1,0.3,0.10000006,0.10000006,0.29999977,7.5744658,-1.109344e-08,0.0
34.31,0.1,0.1,0.3,0.10000006,0.10000006,0.29999977,7.574449,-4.109522e-09,0.0
34.315,0.1,0.1,0.3,0.10000006,0.10000006,0.29999977,7.574432,4.3358415e-09,0.0
34.32,0.1,0.1,0.3,0.10000006,0.10000006,0.29999977,7.5744147,-1.1936513e-08,0.0
34.325,0.1,0.1,0.3,0.10000006,0.10000006,0.29999977,7.5743976,-2.8463518e-09,0.0
34.33,0.1,0.1,0.3,0.10000006,0.10000006,0.29999977,7.5743804,-7.779208e-09,0.0
34.335,0.1,0.1,0.3,0.10000006,0.10000006,0.29999977,7.5743637,7.94238e-09,0.0
34.34,0.1,0.1,0.3,0.10000006,0.10000006,0.29999977,7.5743465,-7.938528e-10,0.0
34.345,0.1,0.1,0.3,0.10000006,0.10000006,0.29999977,7.5743294,-3.840998e-09,0.0
34.35,0.1,0.1,0.3,0.10000006,0.10000006,0.29999977,7.574312,7.034105e-09,0.0
34.355000000000004,0.1,0.1,0.3,0.10000006,0.10000006,0.29999977,7.574295,9.37412e-09,0.0
34.36,0.1,0.1,0.3,0.10000006,0.10000006,0.29999977,7.574278,-3.5989274e-09,0.0
34.365,0.1,0.1,0.3,0.10000006,0.10000006,0.29999977,7.574261,4.3899653e-09,0.0
34.37,0.1,0.1,0.3,0.10000006,0.10000006,0.29999977,7.574244,1.0669585e-08,0.0
34.375,0.1,0.1,0.3,0.10000006,0.10000006,0.29999977,7.574227,-1.932228e-09,0.0
34.38,0.1,0.1,0.3,0.10000006,0.10000006,0.29999977,7.5742097,-8.08372e-09,0.0
34.385,0.1,0.1,0.3,0.10000006,0.10000006,0.29999977,7.5741925,-5.2963784e-09,0.0
34.39,0.1,0.1,0.3,0.10000006,0.10000006,0.29999977,7.574176,-9.568242e-09,0.0
34.395,0.1,0.1,0.3,0.10000006,0.10000006,0.29999977,7.5741587,1.3609206e-08,0.0
34.4,0.1,0.1,0.3,0.10000006,0.10000006,0.29999977,7.5741415,8.9072945e-09,0.0
34.405,0.1,0.1,0.3,0.10000006,0.10000006,0.29999977,7.5741243,-6.5998105e-09,0.0
34.410000000000004,0.1,0.1,0.3,0.10000006,0.10000006,0.29999977,7.574107,4.17604e-09,0.0
34.415,0.1,0.1,0.3,0.10000006,0.10000006,0.29999977,7.5740905,4.0158415e-11,0.0
34.42,0.1,0.1,0.3,0.10000006,0.10000006,0.29999977,7.5740733,-5.68697e-09,0.0
34.425000000000004,0.1,0.1,0.3,0.10000006,0.10000006,0.29999977,7.574056,4.7800692e-09,0.0
34.43,0.1,0.1,0.3,0.10000006,0.10000006,0.29999977,7.574039,1.7748889e-08,0.0
34.435,0.1,0.1,0.3,0.10000006,0.10000006,0.29999977,7.574022,3.0209377e-09,0.0
34.44,0.1,0.1,0.3,0.10000006,0.10000006,0.29999977,7.574005,-9.676423e-09,0.0
34.445,0.1,0.1,0.3,0.10000006,0.10000006,0.29999977,7.573988,1.8975712e-09,0.0
34.45,0.1,0.1,0.3,0.10000006,0.10000006,0.29999977,7.573971,-1.3088008e-08,0.0
34.455,0.1,0.1,0.3,0.10000006,0.10000006,0.29999977,7.5739536,-9.116095e-09,0.0
34.46,0.1,0.1,0.3,0.10000006,0.10000006,0.29999977,7.5739365,7.939753e-09,0.0
34.465,0.1,0.1,0.3,0.10000006,0.10000006,0.29999977,7.5739193,-5.4203215e-09,0.0
34.47,0.1,0.1,0.3,0.10000006,0.10000006,0.29999977,7.5739026,-1.4407056e-08,0.0
34.475,0.1,0.1,0.3,0.10000006,0.10000006,0.29999977,7.5738854,-1.4508279e-08,0.0
34.480000000000004,0.1,0.1,0.3,0.10000006,0.10000006,0.29999977,7.5738683,-6.3289773e-09,0.0
34.485,0.1,0.1,0.3,0.10000006,0.10000006,0.29999977,7.573851,7.778216e-09,0.0
34.49,0.1,0.1,0.3,0.10000006,0.10000006,0.29999977,7.573834,-3.7717123e-09,0.0
34.495,0.1,0.1,0.3,0.10000006,0.10000006,0.29999977,7.5738173,-2.368229e-09,0.0
34.5,0.1,0.1,0.3,0.10000006,0.10000006,0.29999977,7.5738,-1.3508773e-08,0.0
34.505,0.1,0.1,0.3,0.10000006,0.10000006,0.29999977,7.573783,1.8679445e-09,0.0
34.51,0.1,0.1,0.3,0.10000006,0.10000006,0.29999977,7.5737658,-2.7423506e-09,0.0
34.515,0.1,0.1,0.3,0.10000006,0.10000006,0.29999977,7.5737486,6.768321e-09,0.0
34.52,0.1,0.1,0.3,0.10000006,0.10000006,0.29999977,7.573732,1.4188893e-08,0.0
34.525,0.1,0.1,0.3,0.10000006,0.10000006,0.29999977,7.5737147,-7.807251e-09,0.0
34.53,0.1,0.1,0.3,0.10000006,0.10000006,0.29999977,7.5736976,-3.2617994e-10,0.0
34.535000000000004,0.1,0.1,0.3,0.10000006,0.10000006,0.29999977,7.5736804,-1.4086326e-08,0.0
34.54,0.1,0.1,0.3,0.10000006,0.10000006,0.29999977,7.573663,5.032249e-09,0.0
34.545,0.1,0.1,0.3,0.10000006,0.10000006,0.29999977,7.5736465,2.6007765e-10,0.0
34.550000000000004,0.1,0.1,0.3,0.10000006,0.10000006,0.29999977,7.5736294,1.5573237e-08,0.0
34.555,0.1,0.1,0.3,0.10000006,0.10000006,0.29999977,7.5736156,-1.9071096e-09,0.0
34.56,0.1,0.1,0.3,0.10000006,0.10000006,0.29999977,7.5736017,-3.5035295e-09,0.0
34.565,0.1,0.1,0.3,0.10000006,0.10000006,0.29999977,7.5735884,3.494408e-09,0.0
34.57,0.1,0.1,0.3,0.10000006,0.10000006,0.29999977,7.5735745,4.0934354e-09,0.0
34.575,0.1,0.1,0.3,0.10000006,0.10000006,0.29999977,7.5735607,7.1233472e-09,0.0
34.58,0.1,0.1,0.3,0.10000006,0.10000006,0.29999977,7.5735474,-8.520076e-09,0.0
34.585,0.1,0.1,0.3,0.10000006,0.10000006,0.29999977,7.5735335,-7.19996e-09,0.0
34.59,0.1,0.1,0.3,0.10000006,0.10000006,0.29999977,7.57352,3.9251188e-10,0.0
34.595,0.1,0.1,0.3,0.10000006,0.10000006,0.29999977,7.5735064,1.0916243e-08,0.0
34.6,0.1,0.1,0.3,0.10000006,0.10000006,0.29999977,7.5734925,1.0913646e-09,0.0
34.605000000000004,0.1,0.1,0.3,0.10000006,0.10000006,0.29999977,7.573479,-8.659483e-09,0.0
34.61,0.1,0.1,0.3,0.10000006,0.10000006,0.29999977,7.5734653,1.8732624e-09,0.0
34.615,0.1,0.1,0.3,0.10000006,0.10000006,0.29999977,7.5734515,2.1216822e-09,0.0
34.62,0.1,0.1,0.3,0.10000006,0.10000006,0.29999977,7.573438,5.6277707e-09,0.0
34.625,0.1,0.1,0.3,0.10000006,0.10000006,0.29999977,7.5734243,-8.879953e-09,0.0
34.63,0.1,0.1,0.3,0.10000006,0.10000006,0.29999977,7.5734105,-1.12689555e-08,0.0
34.635,0.1,0.1,0.3,0.10000006,0.10000006,0.29999977,7.573397,-9.837862e-09,0.0
34.64,0.1,0.1,0.3,0.10000006,0.10000006,0.29999977,7.5733833,-8.752636e-09,0.0
34.645,0.1,0.1,0.3,0.10000006,0.10000006,0.29999977,7.5733695,-1.1565415e-09,0.0
34.65,0.1,0.1,0.3,0.10000006,0.10000006,0.29999977,7.573356,6.4036727e-09,0.0
34.655,0.1,0.1,0.3,0.10000006,0.10000006,0.29999977,7.5733423,-2.6646076e-09,0.0
34.660000000000004,0.1,0.1,0.3,0.10000006,0.10000006,0.29999977,7.5733285,-7.569926e-09,0.0
34.665,0.1,0.1,0.3,0.10000006,0.10000006,0.29999977,7.573315,2.2980366e-09,0.0
34.67,0.1,0.1,0.3,0.10000006,0.10000006,0.29999977,7.5733013,8.897715e-09,0.0
34.675000000000004,0.1,0.1,0.3,0.10000006,0.10000006,0.29999977,7.5732875,1.3959855e-08,0.0
34.68,0.1,0.1,0.3,0.10000006,0.10000006,0.29999977,7.573274,9.818615e-09,0.0
34.685,0.1,0.1,0.3,0.10000006,0.10000006,0.29999977,7.5732603,-7.0263537e-09,0.0
34.69,0.1,0.1,0.3,0.10000006,0.10000006,0.29999977,7.573247,5.6732636e-09,0.0
34.695,0.1,0.1,0.3,0.10000006,0.10000006,0.29999977,7.573233,4.7793876e-09,0.0
34.7,0.1,0.1,0.3,0.10000006,0.10000006,0.29999977,7.5732193,-1.125782e-08,0.0
34.705,0.1,0.1,0.3,0.10000006,0.10000006,0.29999977,7.573206,-3.1706684e-09,0.0
34.71,0.1,0.1,0.3,0.10000006,0.10000006,0.29999977,7.573192,5.64602e-09,0.0
34.715,0.1,0.1,0.3,0.10000006,0.10000006,0.29999977,7.5731783,-7.96193e-09,0.0
34.72,0.1,0.1,0.3,0.10000006,0.10000006,0.29999977,7.573165,-5.900596e-09,0.0
34.725,0.1,0.1,0.3,0.10000006,0.10000006,0.29999977,7.573151,-1.1719237e-08,0.0
34.730000000000004,0.1,0.1,0.3,0.10000006,0.10000006,0.29999977,7.5731373,-1.8039513e-08,0.0
34.735,0.1,0.1,0.3,0.10000006,0.10000006,0.29999977,7.573124,2.015474e-09,0.0
34.74,0.1,0.1,0.3,0.10000006,0.10000006,0.29999977,7.57311,1.3934159e-08,0.0
34.745,0.1,0.1,0.3,0.10000006,0.10000006,0.29999977,7.5730963,-4.2459614e-09,0.0
34.75,0.1,0.1,0.3,0.10000006,0.10000006,0.29999977,7.573083,-1.3214321e-09,0.0
34.755,0.1,0.1,0.3,0.10000006,0.10000006,0.29999977,7.573069,-9.482549e-10,0.0
34.76,0.1,0.1,0.3,0.10000006,0.10000006,0.29999977,7.5730553,-1.2821659e-08,0.0
34.765,0.1,0.1,0.3,0.10000006,0.10000006,0.29999977,7.573042,7.64656e-09,0.0
34.77,0.1,0.1,0.3,0.10000006,0.10000006,0.29999977,7.573028,-8.6140295e-09,0.0
34.775,0.1,0.1,0.3,0.10000006,0.10000006,0.29999977,7.5730147,-1.911079e-09,0.0
34.78,0.1,0.1,0.3,0.10000006,0.10000006,0.29999977,7.573001,3.2062402e-09,0.0
34.785000000000004,0.1,0.1,0.3,0.10000006,0.10000006,0.29999977,7.572987,-1.5068805e-08,0.0
34.79,0.1,0.1,0.3,0.10000006,0.10000006,0.29999977,7.5729737,-4.154165e-09,0.0
34.795,0.1,0.1,0.3,0.10000006,0.10000006,0.29999977,7.57296,-1.2291381e-09,0.0
34.800000000000004,0.1,0.1,0.3,0.10000006,0.10000006,0.29999977,7.572946,2.6995193e-09,0.0
34.805,0.1,0.1,0.3,0.10000006,0.10000006,0.29999977,7.5729327,2.8088258e-09,0.0
34.81,0.1,0.1,0.3,0.10000006,0.10000006,0.29999977,7.572919,7.015066e-09,0.0
34.815,0.1,0.1,0.3,0.10000006,0.10000006,0.29999977,7.572905,1.2316409e-08,0.0
34.82,0.1,0.1,0.3,0.10000006,0.10000006,0.29999977,7.5728917,-1.29444375e-08,0.0
34.825,0.1,0.1,0.3,0.10000006,0.10000006,0.29999977,7.572878,6.931971e-09,0.0
34.83,0.1,0.1,0.3,0.10000006,0.10000006,0.29999977,7.572864,-2.8243947e-09,0.0
34.835,0.1,0.1,0.3,0.10000006,0.10000006,0.29999977,7.5728507,-1.7262824e-08,0.0
34.84,0.1,0.1,0.3,0.10000006,0.10000006,0.29999977,7.572837,1.0769445e-08,0.0
34.845,0.1,0.1,0.3,0.10000006,0.10000006,0.29999977,7.572823,1.0759255e-08,0.0
34.85,0.1,0.1,0.3,0.10000006,0.10000006,0.29999977,7.5728097,8.627632e-09,0.0
34.855000000000004,0.1,0.1,0.3,0.10000006,0.10000006,0.29999977,7.572796,3.217978e-09,0.0
34.86,0.1,0.1,0.3,0.10000006,0.10000006,0.29999977,7.5727825,-1.0770387e-09,0.0
34.865,0.1,0.1,0.3,0.10000006,0.10000006,0.29999977,7.5727687,-6.0454943e-09,0.0
34.87,0.1,0.1,0.3,0.10000006,0.10000006,0.29999977,7.572755,-8.585015e-09,0.0
34.875,0.1,0.1,0.3,0.10000006,0.10000006,0.29999977,7.5727415,-5.4826446e-09,0.0
34.88,0.1,0.1,0.3,0.10000006,0.10000006,0.29999977,7.5727277,4.485752e-09,0.0
34.885,0.1,0.1,0.3,0.10000006,0.10000006,0.29999977,7.572714,4.32171e-09,0.0
34.89,0.1,0.1,0.3,0.10000006,0.10000006,0.29999977,7.5727005,-5.7612297e-09,0.0
34.895,0.1,0.1,0.3,0.10000006,0.10000006,0.29999977,7.5726867,3.6551464e-09,0.0
