time,P_cmd_DF,P_cmd_F,P_cmd_G,P_out_DF,P_out_F,P_out_G,wrist_angle_deg,grip_angle_deg,force_N
0.0,0.1,0.1,0.3,0.005643341,0.005643341,0.016930023,-0.0,8.099999,0.0
0.005,0.1,0.1,0.3,0.010968209,0.010968209,0.03290463,-2.9686686e-07,7.939893,0.0
0.01,0.1,0.1,0.3,0.015992576,0.015992576,0.04797773,-5.869724e-07,7.528828,0.0
0.015,0.1,0.1,0.3,0.020733401,0.020733401,0.062200207,-8.6326145e-07,6.8735757,0.0
0.02,0.1,0.1,0.3,0.025206685,0.025206685,0.07562006,-1.1389686e-06,5.9807124,0.0
0.025,0.1,0.1,0.3,0.029427527,0.029427527,0.088282585,0.026920145,4.8267894,0.0
0.03,0.1,0.1,0.3,0.033410173,0.033410173,0.10023052,0.108359806,3.388332,0.0
0.035,0.1,0.1,0.3,0.037168063,0.037168063,0.1115042,0.25259098,1.6639649,0.0
0.04,0.1,0.1,0.3,0.040713884,0.040713884,0.12214166,0.38829243,-1.6995705e-07,0.0
0.045,0.1,0.1,0.3,0.0440596,0.0440596,0.13217881,0.29816213,2.0381519e-09,0.0
0.05,0.1,0.1,0.3,0.04721651,0.04721651,0.14164953,0.3551784,7.374165e-09,0.0
0.055,0.1,0.1,0.3,0.05019526,0.05019526,0.15058579,0.533798,1.8061858e-08,0.0
0.06,0.1,0.1,0.3,0.05300591,0.05300591,0.15901774,0.79744214,1.951243e-08,0.0
0.065,0.1,0.1,0.3,0.05565795,0.05565795,0.16697386,1.1075771,1.8229153e-08,0.0
0.07,0.1,0.1,0.3,0.058160324,0.058160324,0.17448097,1.4300144,5.590509e-09,0.0
0.075,0.1,0.1,0.3,0.06052148,0.06052148,0.18156444,1.738493,2.1874488e-08,0.0
0.08,0.1,0.1,0.3,0.062749386,0.062749386,0.18824816,2.015958,1.8262485e-08,0.0
0.085,0.1,0.1,0.3,0.06485157,0.06485157,0.1945547,2.254572,1.2836089e-08,0.0
0.09,0.1,0.1,0.3,0.06683511,0.06683511,0.20050535,2.4544067,1.4289956e-08,0.0
0.095,0.1,0.1,0.3,0.06870672,0.06870672,0.20612016,2.6200795,7.443176e-09,0.0
0.1,0.1,0.1,0.3,0.07047271,0.07047271,0.21141812,2.7582197,1.621877e-08,0.0
0.105,0.1,0.1,0.3,0.07213903,0.07213903,0.2164171,2.8759556,2.0823163e-09,0.0
0.11,0.1,0.1,0.3,0.07371132,0.07371132,0.22113398,2.9798346,1.2827259e-09,0.0
0.115,0.1,0.1,0.3,0.07519488,0.07519488,0.22558466,3.075216,6.8261468e-09,0.0
0.12,0.1,0.1,0.3,0.07659472,0.07659472,0.22978416,3.1659844,6.796563e-09,0.0
0.125,0.1,0.1,0.3,0.07791556,0.07791556,0.23374668,3.2545211,4.9191495e-10,0.0
0.13,0.1,0.1,0.3,0.07916186,0.07916186,0.23748557,3.341927,1.5268246e-09,0.0
0.135,0.1,0.1,0.3,0.08033783,0.08033783,0.24101348,3.4283504,2.0462938e-09,0.0
0.14,0.1,0.1,0.3,0.08144743,0.08144743,0.2443423,3.5133355,2.9892588e-09,0.0
0.145,0.1,0.1,0.3,0.082494415,0.082494415,0.24748325,3.5961218,5.788599e-09,0.0
0.15,0.1,0.1,0.3,0.08348232,0.08348232,0.25044695,3.6758611,2.848937e-09,0.0
0.155,0.1,0.1,0.3,0.08441447,0.08441447,0.2532434,3.7518005,6.4618253e-09,0.0
0.16,0.1,0.1,0.3,0.085294016,0.085294016,0.25588202,3.8234098,5.1180247e-09,0.0
0.165,0.1,0.1,0.3,0.08612392,0.08612392,0.25837174,3.8904178,5.042412e-09,0.0
0.17,0.1,0.1,0.3,0.08690699,0.08690699,0.26072097,3.9530623,6.5079315e-09,0.0
0.17500000000000002,0.1,0.1,0.3,0.08764587,0.08764587,0.2629376,4.0120506,2.9285885e-09,0.0
0.18,0.1,0.1,0.3,0.08834306,0.08834306,0.26502916,4.0680223,7.673268e-09,0.0
0.185,0.1,0.1,0.3,0.0890009,0.0890009,0.26700267,4.1213894,3.4584218e-09,0.0
0.19,0.1,0.1,0.3,0.08962162,0.08962162,0.2688648,4.1723437,2.348873e-10,0.0
0.195,0.1,0.1,0.3,0.09020731,0.09020731,0.27062187,4.220914,-1.4881417e-09,0.0
0.2,0.1,0.1,0.3,0.09075994,0.09075994,0.27227977,4.2670746,5.0211724e-09,0.0
0.20500000000000002,0.1,0.1,0.3,0.09128139,0.09128139,0.27384412,4.3108053,3.3329295e-10,0.0
0.21,0.1,0.1,0.3,0.09177341,0.09177341,0.2753202,4.352105,-4.8801536e-09,0.0
0.215,0.1,0.1,0.3,0.092237666,0.092237666,0.27671295,4.3910055,4.487689e-09,0.0
0.22,0.1,0.1,0.3,0.09267572,0.09267572,0.27802712,4.427574,3.5508896e-09,0.0
0.225,0.1,0.1,0.3,0.09308906,0.09308906,0.27926713,4.461906,6.750337e-10,0.0
0.23,0.1,0.1,0.3,0.09347907,0.09347907,0.28043717,4.49412,3.1679241e-09,0.0
0.23500000000000001,0.1,0.1,0.3,0.093847066,0.093847066,0.28154117,4.524354,-1.4993554e-09,0.0
0.24,0.1,0.1,0.3,0.0941943,0.0941943,0.28258288,4.5527387,2.10313e-09,0.0
0.245,0.1,0.1,0.3,0.09452193,0.09452193,0.2835658,4.5794163,3.6044687e-09,0.0
0.25,0.1,0.1,0.3,0.09483108,0.09483108,0.28449324,4.604512,1.2922593e-09,0.0
0.255,0.1,0.1,0.3,0.09512278,0.09512278,0.28536832,4.6281366,-3.0811045e-09,0.0
0.26,0.1,0.1,0.3,0.095398016,0.095398016,0.28619403,4.6503806,7.525733e-09,0.0
0.265,0.1,0.1,0.3,0.09565772,0.09565772,0.28697315,4.6713424,-4.9905595e-09,0.0
0.27,0.1,0.1,0.3,0.09590277,0.09590277,0.2877083,4.6911035,3.1973053e-09,0.0
0.275,0.1,0.1,0.3,0.09613399,0.09613399,0.28840196,4.7097383,-1.2414004e-09,0.0
0.28,0.1,0.1,0.3,0.09635217,0.09635217,0.28905648,4.727312,1.3094867e-09,0.0
0.28500000000000003,0.1,0.1,0.3,0.09655803,0.09655803,0.28967407,4.743887,8.169457e-09,0.0
0.29,0.1,0.1,0.3,0.09675227,0.09675227,0.2902568,4.7595224,1.4419586e-09,0.0
0.295,0.1,0.1,0.3,0.09693555,0.09693555,0.29080665,4.774269,3.1085332e-10,0.0
0.3,0.1,0.1,0.3,0.09710848,0.09710848,0.29132545,4.7881827,6.750136e-11,0.0
0.305,0.1,0.1,0.3,0.09727166,0.09727166,0.29181498,4.80131,2.4893485e-09,0.0
0.31,0.1,0.1,0.3,0.097425625,0.097425625,0.2922769,4.8136954,4.2812145e-09,0.0
0.315,0.1,0.1,0.3,0.0975709,0.0975709,0.29271272,4.8253794,-1.2018178e-09,0.0
0.32,0.1,0.1,0.3,0.09770799,0.09770799,0.29312396,4.836397,-4.4533053e-09,0.0
0.325,0.1,0.1,0.3,0.09783734,0.09783734,0.293512,4.846784,5.6560308e-09,0.0
0.33,0.1,0.1,0.3,0.097959384,0.097959384,0.29387814,4.856578,-2.0215079e-09,0.0
0.335,0.1,0.1,0.3,0.09807454,0.09807454,0.2942236,4.865812,3.5540484e-10,0.0
0.34,0.1,0.1,0.3,0.0981832,0.0981832,0.29454958,4.87452,3.6013192e-09,0.0
0.34500000000000003,0.1,0.1,0.3,0.09828573,0.09828573,0.29485717,4.882732,-2.3667315e-09,0.0
0.35000000000000003,0.1,0.1,0.3,0.09838247,0.09838247,0.2951474,4.89048,-1.3181124e-09,0.0
0.355,0.1,0.1,0.3,0.09847376,0.09847376,0.29542124,4.897787,-5.1015547e-09,0.0
0.36,0.1,0.1,0.3,0.098559886,0.098559886,0.29567963,4.9046817,-4.4192796e-09,0.0
0.365,0.1,0.1,0.3,0.09864116,0.09864116,0.29592344,4.9111886,-1.8029409e-09,0.0
0.37,0.1,0.1,0.3,0.09871784,0.09871784,0.2961535,4.917328,-1.9773498e-09,0.0
0.375,0.1,0.1,0.3,0.0987902,0.0987902,0.29637057,4.923117,-3.8913264e-09,0.0
0.38,0.1,0.1,0.3,0.09885847,0.09885847,0.2965754,4.928575,-1.0159837e-08,0.0
0.385,0.1,0.1,0.3,0.098922886,0.098922886,0.29676867,4.9337254,1.0192977e-08,0.0
0.39,0.1,0.1,0.3,0.09898367,0.09898367,0.29695103,4.9385834,-3.272571e-09,0.0
0.395,0.1,0.1,0.3,0.09904102,0.09904102,0.2971231,4.943167,-3.2808216e-09,0.0
0.4,0.1,0.1,0.3,0.09909514,0.09909514,0.29728547,4.947494,-9.973086e-10,0.0
0.405,0.1,0.1,0.3,0.09914621,0.09914621,0.29743865,4.951579,-2.823935e-09,0.0
0.41000000000000003,0.1,0.1,0.3,0.09919439,0.09919439,0.2975832,4.9554334,3.3811303e-09,0.0
0.41500000000000004,0.1,0.1,0.3,0.099239856,0.099239856,0.29771957,4.9590664,-7.918313e-10,0.0
0.42,0.1,0.1,0.3,0.09928276,0.09928276,0.29784825,4.9624915,-9.692714e-09,0.0
0.425,0.1,0.1,0.3,0.099323235,0.099323235,0.2979697,4.965724,1.67912e-08,0.0
0.43,0.1,0.1,0.3,0.09936143,0.09936143,0.2980843,4.9687743,-4.98645e-09,0.0
0.435,0.1,0.1,0.3,0.099397466,0.099397466,0.2981924,4.971653,-4.474245e-09,0.0
0.44,0.1,0.1,0.3,0.09943147,0.09943147,0.29829443,4.974365,4.3515747e-09,0.0
0.445,0.1,0.1,0.3,0.09946355,0.09946355,0.2983907,4.976923,3.780199e-09,0.0
0.45,0.1,0.1,0.3,0.099493824,0.099493824,0.2984815,4.979337,-3.7736108e-09,0.0
0.455,0.1,0.1,0.3,0.09952239,0.09952239,0.29856718,4.981615,-8.261632e-09,0.0
0.46,0.1,0.1,0.3,0.099549346,0.099549346,0.29864803,4.9837656,-1.2024672e-08,0.0
0.465,0.1,0.1,0.3,0.099574775,0.099574775,0.29872432,4.985801,7.891651e-10,0.0
0.47000000000000003,0.1,0.1,0.3,0.09959877,0.09959877,0.29879633,4.9877305,-2.590618e-09,0.0
0.47500000000000003,0.1,0.1,0.3,0.099621415,0.099621415,0.29886425,4.9895363,-9.32435e-09,0.0
0.48,0.1,0.1,0.3,0.09964278,0.09964278,0.29892835,4.9895487,3.5630437e-10,0.0
0.485,0.1,0.1,0.3,0.099662945,0.099662945,0.29898882,4.9895587,-8.886625e-09,0.0
0.49,0.1,0.1,0.3,0.099681966,0.099681966,0.2990459,4.9895706,3.7357567e-10,0.0
0.495,0.1,0.1,0.3,0.099699914,0.099699914,0.29909974,4.989588,1.5463326e-10,0.0
0.5,0.1,0.1,0.3,0.09971685,0.09971685,0.29915056,4.9896064,-1.3261263e-08,0.0
0.505,0.1,0.1,0.3,0.09973283,0.09973283,0.2991985,4.9896307,-2.8133622e-09,0.0
0.51,0.1,0.1,0.3,0.09974791,0.09974791,0.29924375,4.9896593,-1.1452441e-08,0.0
0.515,0.1,0.1,0.3,0.099762134,0.099762134,0.29928643,4.9896917,-1.0963146e-09,0.0
0.52,0.1,0.1,0.3,0.09977556,0.09977556,0.2993267,4.9897313,8.547349e-09,0.0
0.525,0.1,0.1,0.3,0.099788226,0.099788226,0.2993647,4.989779,-7.034046e-09,0.0
0.53,0.1,0.1,0.3,0.09980018,0.09980018,0.29940054,4.992696,-1.1033367e-08,0.0
0.535,0.1,0.1,0.3,0.09981146,0.09981146,0.29943436,4.9990654,-4.927926e-10,0.0
0.54,0.1,0.1,0.3,0.0998221,0.0998221,0.29946628,5.0069075,-5.956956e-09,0.0
0.545,0.1,0.1,0.3,0.09983214,0.09983214,0.2994964,5.0148234,-1.0347525e-08,0.0
0.55,0.1,0.1,0.3,0.09984161,0.09984161,0.29952484,5.021856,-3.17299e-09,0.0
0.555,0.1,0.1,0.3,0.09985055,0.09985055,0.29955167,5.027475,-8.2847995e-10,0.0
0.56,0.1,0.1,0.3,0.099858984,0.099858984,0.29957697,5.03151,1.2736919e-08,0.0
0.5650000000000001,0.1,0.1,0.3,0.09986694,0.09986694,0.29960084,5.0340376,-2.6135811e-09,0.0
0.5700000000000001,0.1,0.1,0.3,0.09987445,0.09987445,0.29962337,5.0343523,5.99507e-09,0.0
0.5750000000000001,0.1,0.1,0.3,0.09988154,0.09988154,0.29964462,5.0343475,1.1485985e-09,0.0
0.58,0.1,0.1,0.3,0.09988822,0.09988822,0.29966468,5.0343423,9.678913e-09,0.0
0.585,0.1,0.1,0.3,0.09989453,0.09989453,0.2996836,5.0343404,-2.4222904e-09,0.0
0.59,0.1,0.1,0.3,0.099900484,0.099900484,0.29970145,5.034339,1.4244675e-09,0.0
0.595,0.1,0.1,0.3,0.0999061,0.0999061,0.2997183,5.034337,-1.2571969e-08,0.0
0.6,0.1,0.1,0.3,0.0999114,0.0999114,0.29973418,5.034337,5.832286e-09,0.0
0.605,0.1,0.1,0.3,0.0999164,0.0999164,0.29974917,5.034337,2.1451547e-09,0.0
0.61,0.1,0.1,0.3,0.099921115,0.099921115,0.29976332,5.034337,1.7203593e-08,0.0
0.615,0.1,0.1,0.3,0.09992557,0.09992557,0.29977667,5.034337,7.7829565e-09,0.0
0.62,0.1,0.1,0.3,0.09992977,0.09992977,0.29978928,5.034337,-8.048484e-09,0.0
0.625,0.1,0.1,0.3,0.099933736,0.099933736,0.29980117,5.034339,-1.9921458e-09,0.0
0.63,0.1,0.1,0.3,0.099937476,0.099937476,0.2998124,5.0343404,1.8085943e-09,0.0
0.635,0.1,0.1,0.3,0.09994101,0.09994101,0.299823,5.0343423,-2.0909703e-09,0.0
0.64,0.1,0.1,0.3,0.09994434,0.09994434,0.29983297,5.0343437,2.8536107e-09,0.0
0.645,0.1,0.1,0.3,0.09994748,0.09994748,0.2998424,5.0343456,1.3180518e-08,0.0
0.65,0.1,0.1,0.3,0.09995045,0.09995045,0.29985127,5.0343475,-6.1426677e-09,0.0
0.655,0.1,0.1,0.3,0.09995324,0.09995324,0.29985967,5.034351,1.1824202e-08,0.0
0.66,0.1,0.1,0.3,0.09995588,0.09995588,0.2998676,5.034354,-4.9615365e-09,0.0
0.665,0.1,0.1,0.3,0.09995837,0.09995837,0.29987508,5.0343575,1.9655323e-08,0.0
0.67,0.1,0.1,0.3,0.099960715,0.099960715,0.29988214,5.034361,-9.1919805e-09,0.0
0.675,0.1,0.1,0.3,0.099962935,0.099962935,0.2998888,5.034364,8.608132e-09,0.0
0.68,0.1,0.1,0.3,0.09996503,0.09996503,0.29989508,5.034368,-7.498737e-09,0.0
0.685,0.1,0.1,0.3,0.099967,0.099967,0.299901,5.0343714,4.167326e-09,0.0
0.6900000000000001,0.1,0.1,0.3,0.099968866,0.099968866,0.29990658,5.0343747,1.0751952e-08,0.0
0.6950000000000001,0.1,0.1,0.3,0.099970624,0.099970624,0.29991186,5.034378,6.5250716e-10,0.0
0.7000000000000001,0.1,0.1,0.3,0.099972285,0.099972285,0.29991683,5.0343833,-2.0898838e-09,0.0
0.705,0.1,0.1,0.3,0.09997385,0.09997385,0.29992154,5.034388,-7.3854416e-11,0.0
0.71,0.1,0.1,0.3,0.099975325,0.099975325,0.29992598,5.0343933,-9.141477e-09,0.0
0.715,0.1,0.1,0.3,0.09997672,0.09997672,0.29993016,5.0343986,-3.5697598e-09,0.0
0.72,0.1,0.1,0.3,0.09997803,0.09997803,0.2999341,5.034404,7.0477406e-09,0.0
0.725,0.1,0.1,0.3,0.09997927,0.09997927,0.2999378,5.0344086,-6.736672e-09,0.0
0.73,0.1,0.1,0.3,0.099980436,0.099980436,0.29994133,5.0344152,-1.1428067e-08,0.0
0.735,0.1,0.1,0.3,0.09998154,0.09998154,0.29994464,5.034422,1.8802105e-08,0.0
0.74,0.1,0.1,0.3,0.09998258,0.09998258,0.29994777,5.034429,-1.2799232e-09,0.0
0.745,0.1,0.1,0.3,0.099983566,0.099983566,0.29995072,5.0344357,-9.830496e-09,0.0
0.75,0.1,0.1,0.3,0.09998449,0.09998449,0.2999535,5.0344424,-1.084569e-08,0.0
0.755,0.1,0.1,0.3,0.09998536,0.09998536,0.2999561,5.0344496,1.4425808e-09,0.0
0.76,0.1,0.1,0.3,0.09998619,0.09998619,0.2999586,5.0344563,-1.026738e-08,0.0
0.765,0.1,0.1,0.3,0.09998697,0.09998697,0.2999609,5.034463,4.9040216e-09,0.0
0.77,0.1,0.1,0.3,0.09998771,0.09998771,0.29996312,5.0344696,6.115212e-09,0.0
0.775,0.1,0.1,0.3,0.0999884,0.0999884,0.2999652,5.0344768,1.6489347e-08,0.0
0.78,0.1,0.1,0.3,0.09998906,0.09998906,0.29996717,5.0344834,4.0966817e-09,0.0
0.785,0.1,0.1,0.3,0.099989675,0.099989675,0.29996902,5.03449,1.0738237e-08,0.0
0.79,0.1,0.1,0.3,0.099990256,0.099990256,0.29997078,5.0344973,2.0224928e-08,0.0
0.795,0.1,0.1,0.3,0.09999081,0.09999081,0.29997241,5.034504,1.0178667e-09,0.0
0.8,0.1,0.1,0.3,0.09999133,0.09999133,0.29997396,5.0345125,-5.979312e-09,0.0
0.805,0.1,0.1,0.3,0.09999182,0.09999182,0.29997543,5.034521,1.2637491e-08,0.0
0.81,0.1,0.1,0.3,0.09999228,0.09999228,0.29997683,5.0345297,7.7252595e-09,0.0
0.8150000000000001,0.1,0.1,0.3,0.099992715,0.099992715,0.29997814,5.0345383,1.3171861e-08,0.0
0.8200000000000001,0.1,0.1,0.3,0.099993125,0.099993125,0.29997936,5.034547,-1.7176263e-09,0.0
0.8250000000000001,0.1,0.1,0.3,0.09999351,0.09999351,0.29998052,5.0345554,3.0520797e-09,0.0
0.8300000000000001,0.1,0.1,0.3,0.09999388,0.09999388,0.29998162,5.0345635,-4.1136765e-09,0.0
0.835,0.1,0.1,0.3,0.09999422,0.09999422,0.29998267,5.034572,-7.632676e-09,0.0
0.84,0.1,0.1,0.3,0.09999455,0.09999455,0.29998365,5.0345807,3.8987307e-09,0.0
0.845,0.1,0.1,0.3,0.09999485,0.09999485,0.29998457,5.0345893,-9.414415e-10,0.0
0.85,0.1,0.1,0.3,0.09999514,0.09999514,0.29998544,5.034598,6.49353e-09,0.0
0.855,0.1,0.1,0.3,0.09999542,0.09999542,0.29998627,5.0346065,-8.463965e-09,0.0
0.86,0.1,0.1,0.3,0.09999568,0.09999568,0.29998705,5.034615,8.331486e-09,0.0
0.865,0.1,0.1,0.3,0.099995926,0.099995926,0.2999878,5.0346236,-9.623797e-10,0.0
0.87,0.1,0.1,0.3,0.09999616,0.09999616,0.29998848,5.034632,-4.047305e-09,0.0
0.875,0.1,0.1,0.3,0.09999637,0.09999637,0.29998913,5.034641,2.711321e-09,0.0
0.88,0.1,0.1,0.3,0.099996574,0.099996574,0.29998976,5.034649,-5.6368856e-09,0.0
0.885,0.1,0.1,0.3,0.09999677,0.09999677,0.29999033,5.0346575,-2.6320388e-10,0.0
0.89,0.1,0.1,0.3,0.09999695,0.09999695,0.29999086,5.034666,-1.3744275e-08,0.0
0.895,0.1,0.1,0.3,0.09999712,0.09999712,0.29999137,5.0346746,-3.1179486e-09,0.0
0.9,0.1,0.1,0.3,0.09999728,0.09999728,0.29999185,5.034683,4.3427315e-09,0.0
0.905,0.1,0.1,0.3,0.09999744,0.09999744,0.2999923,5.034692,-1.7851178e-09,0.0
0.91,0.1,0.1,0.3,0.09999758,0.09999758,0.29999274,5.0347004,2.744862e-09,0.0
0.915,0.1,0.1,0.3,0.099997714,0.099997714,0.29999316,5.034709,8.6907495e-09,0.0
0.92,0.1,0.1,0.3,0.09999784,0.09999784,0.29999354,5.0347176,3.9782484e-09,0.0
0.925,0.1,0.1,0.3,0.09999796,0.09999796,0.2999939,5.034726,2.9854847e-09,0.0
0.93,0.1,0.1,0.3,0.09999807,0.09999807,0.29999426,5.0347347,-2.5249594e-09,0.0
0.935,0.1,0.1,0.3,0.09999818,0.09999818,0.2999946,5.034743,2.4094834e-10,0.0
0.9400000000000001,0.1,0.1,0.3,0.09999829,0.09999829,0.2999949,5.0347514,-1.6812364e-09,0.0
0.9450000000000001,0.1,0.1,0.3,0.099998385,0.099998385,0.29999518,5.03476,-1.2827792e-08,0.0
0.9500000000000001,0.1,0.1,0.3,0.099998474,0.099998474,0.29999545,5.0347686,5.088282e-10,0.0
0.9550000000000001,0.1,0.1,0.3,0.09999856,0.09999856,0.29999572,5.034777,7.7142195e-09,0.0
0.96,0.1,0.1,0.3,0.099998645,0.099998645,0.29999596,5.0347857,-4.7259103e-09,0.0
0.965,0.1,0.1,0.3,0.09999872,0.09999872,0.2999962,5.0347943,-7.227313e-10,0.0
0.97,0.1,0.1,0.3,0.099998794,0.099998794,0.2999964,5.034803,-4.6124753e-09,0.0
0.975,0.1,0.1,0.3,0.09999886,0.09999886,0.2999966,5.0348115,5.7442646e-09,0.0
0.98,0.1,0.1,0.3,0.09999893,0.09999893,0.2999968,5.03482,9.817593e-09,0.0
0.985,0.1,0.1,0.3,0.09999899,0.09999899,0.29999697,5.034828,7.4704705e-09,0.0
0.99,0.1,0.1,0.3,0.09999905,0.09999905,0.29999715,5.034837,-1.4597707e-08,0.0
0.995,0.1,0.1,0.3,0.0999991,0.0999991,0.2999973,5.0348454,-3.1730987e-09,0.0
1.0,0.1,0.1,0.3,0.09999915,0.09999915,0.29999745,5.034854,-5.8216667e-09,0.0
1.0050000000000001,0.1,0.1,0.3,0.0999992,0.0999992,0.2999976,5.0348625,-1.0411018e-08,0.0
1.01,0.1,0.1,0.3,0.09999924,0.09999924,0.29999775,5.034871,6.8555828e-09,0.0
1.0150000000000001,0.1,0.1,0.3,0.099999286,0.099999286,0.29999787,5.0348797,1.4434367e-08,0.0
1.02,0.1,0.1,0.3,0.09999932,0.09999932,0.299998,5.0348883,3.003145e-09,0.0
1.025,0.1,0.1,0.3,0.09999936,0.09999936,0.2999981,5.034897,8.768618e-10,0.0
1.03,0.1,0.1,0.3,0.0999994,0.0999994,0.29999822,5.0349054,3.4398548e-09,0.0
1.035,0.1,0.1,0.3,0.099999435,0.099999435,0.2999983,5.034914,-1.0071659e-08,0.0
1.04,0.1,0.1,0.3,0.099999465,0.099999465,0.2999984,5.034922,4.4602766e-09,0.0
1.045,0.1,0.1,0.3,0.099999495,0.099999495,0.2999985,5.0349307,-5.5712697e-09,0.0
1.05,0.1,0.1,0.3,0.099999525,0.099999525,0.29999858,5.0349393,1.4960579e-08,0.0
1.055,0.1,0.1,0.3,0.099999554,0.099999554,0.29999867,5.034948,3.292935e-09,0.0
1.06,0.1,0.1,0.3,0.09999958,0.09999958,0.29999876,5.0349565,-2.9114292e-10,0.0
1.065,0.1,0.1,0.3,0.0999996,0.0999996,0.29999882,5.034965,-8.722126e-10,0.0
1.07,0.1,0.1,0.3,0.09999962,0.09999962,0.29999888,5.0349736,-3.0058374e-09,0.0
1.075,0.1,0.1,0.3,0.099999644,0.099999644,0.29999894,5.034982,7.459414e-09,0.0
1.08,0.1,0.1,0.3,0.099999666,0.099999666,0.299999,5.034991,-4.804403e-09,0.0
1.085,0.1,0.1,0.3,0.09999969,0.09999969,0.29999906,5.0349994,-7.532509e-09,0.0
1.09,0.1,0.1,0.3,0.0999997,0.0999997,0.29999912,5.0350075,-1.0069762e-08,0.0
1.095,0.1,0.1,0.3,0.09999972,0.09999972,0.29999918,5.035016,5.1395896e-09,0.0
1.1,0.1,0.1,0.3,0.09999973,0.09999973,0.29999924,5.0350246,-2.10304e-09,0.0
1.105,0.1,0.1,0.3,0.09999975,0.09999975,0.29999927,5.035033,7.552124e-09,0.0
1.11,0.1,0.1,0.3,0.09999976,0.09999976,0.2999993,5.035042,-3.693716e-10,0.0
1.115,0.1,0.1,0.3,0.09999978,0.09999978,0.29999933,5.0350504,-1.4180477e-08,0.0
1.12,0.1,0.1,0.3,0.09999979,0.09999979,0.29999936,5.035059,6.854925e-09,0.0
1.125,0.1,0.1,0.3,0.09999981,0.09999981,0.2999994,5.0350676,2.6208986e-09,0.0
1.1300000000000001,0.1,0.1,0.3,0.099999815,0.099999815,0.29999942,5.035076,-1.2052289e-08,0.0
1.135,0.1,0.1,0.3,0.09999982,0.09999982,0.29999945,5.0350847,1.2227587e-09,0.0
1.1400000000000001,0.1,0.1,0.3,0.09999983,0.09999983,0.29999948,5.0350933,-5.5123603e-09,0.0
1.145,0.1,0.1,0.3,0.09999984,0.09999984,0.2999995,5.0351014,1.272116e-09,0.0
1.1500000000000001,0.1,0.1,0.3,0.099999845,0.099999845,0.29999954,5.03511,-4.2253507e-09,0.0
1.155,0.1,0.1,0.3,0.09999985,0.09999985,0.29999956,5.0351186,5.662993e-09,0.0
1.16,0.1,0.1,0.3,0.09999986,0.09999986,0.2999996,5.035127,8.113043e-10,0.0
1.165,0.1,0.1,0.3,0.09999987,0.09999987,0.29999962,5.0351357,1.3089799e-09,0.0
1.17,0.1,0.1,0.3,0.099999875,0.099999875,0.29999965,5.0351424,-2.5107746e-10,0.0
1.175,0.1,0.1,0.3,0.09999988,0.09999988,0.29999968,5.0351496,9.534639e-09,0.0
1.18,0.1,0.1,0.3,0.09999989,0.09999989,0.2999997,5.0351562,-1.5276518e-08,0.0
1.185,0.1,0.1,0.3,0.0999999,0.0999999,0.29999974,5.035163,-6.7783995e-10,0.0
1.19,0.1,0.1,0.3,0.099999905,0.099999905,0.29999977,5.03517,-3.8296406e-09,0.0
1.195,0.1,0.1,0.3,0.09999991,0.09999991,0.29999977,5.0351768,2.6854645e-09,0.0
1.2,0.1,0.1,0.3,0.09999992,0.09999992,0.29999977,5.0351834,2.623607e-09,0.0
1.205,0.1,0.1,0.3,0.09999993,0.09999993,0.29999977,5.0351906,-6.9266775e-09,0.0
1.21,0.1,0.1,0.3,0.099999934,0.099999934,0.29999977,5.0351973,1.4807617e-08,0.0
1.215,0.1,0.1,0.3,0.09999994,0.09999994,0.29999977,5.035204,1.1421615e-09,0.0
1.22,0.1,0.1,0.3,0.09999994,0.09999994,0.29999977,5.035211,1.4942994e-08,0.0
1.225,0.1,0.1,0.3,0.09999994,0.09999994,0.29999977,5.035218,8.930546e-09,0.0
1.23,0.1,0.1,0.3,0.09999994,0.09999994,0.29999977,5.0352244,1.00120205e-08,0.0
1.235,0.1,0.1,0.3,0.09999994,0.09999994,0.29999977,5.0352316,8.185036e-09,0.0
1.24,0.1,0.1,0.3,0.09999994,0.09999994,0.29999977,5.0352383,-3.7331316e-09,0.0
1.245,0.1,0.1,0.3,0.09999994,0.09999994,0.29999977,5.035245,-5.7844503e-09,0.0
1.25,0.1,0.1,0.3,0.09999994,0.09999994,0.29999977,5.035252,-1.2388018e-08,0.0
1.2550000000000001,0.1,0.1,0.3,0.09999994,0.09999994,0.29999977,5.035259,-3.4362664e-09,0.0
1.26,0.1,0.1,0.3,0.09999994,0.09999994,0.29999977,5.0352654,7.412561e-09,0.0
1.2650000000000001,0.1,0.1,0.3,0.09999994,0.09999994,0.29999977,5.0352726,3.608458e-09,0.0
1.27,0.1,0.1,0.3,0.09999994,0.09999994,0.29999977,5.0352793,-3.2230777e-11,0.0
1.2750000000000001,0.1,0.1,0.3,0.09999994,0.09999994,0.29999977,5.035286,1.1473505e-08,0.0
1.28,0.1,0.1,0.3,0.09999994,0.09999994,0.29999977,5.035293,1.5668832e-08,0.0
1.285,0.1,0.1,0.3,0.09999994,0.09999994,0.29999977,5.0353,5.2292446e-09,0.0
1.29,0.1,0.1,0.3,0.09999994,0.09999994,0.29999977,5.0353065,-4.781804e-09,0.0
1.295,0.1,0.1,0.3,0.09999994,0.09999994,0.29999977,5.035313,-1.4895623e-09,0.0
1.3,0.1,0.1,0.3,0.09999994,0.09999994,0.29999977,5.0353203,-1.7729459e-08,0.0
1.305,0.1,0.1,0.3,0.09999994,0.09999994,0.29999977,5.035327,9.359429e-10,0.0
1.31,0.1,0.1,0.3,0.09999994,0.09999994,0.29999977,5.0353336,3.2797451e-09,0.0
1.315,0.1,0.1,0.3,0.09999994,0.09999994,0.29999977,5.035341,1.6224049e-09,0.0
1.32,0.1,0.1,0.3,0.09999994,0.09999994,0.29999977,5.0353475,-5.5319744e-09,0.0
1.325,0.1,0.1,0.3,0.09999994,0.09999994,0.29999977,5.035354,-3.0608511e-09,0.0
1.33,0.1,0.1,0.3,0.09999994,0.09999994,0.29999977,5.0353613,-3.2346146e-09,0.0
1.335,0.1,0.1,0.3,0.09999994,0.09999994,0.29999977,5.035368,1.4836517e-08,0.0
1.34,0.1,0.1,0.3,0.09999994,0.09999994,0.29999977,5.0353746,9.68271e-09,0.0
1.345,0.1,0.1,0.3,0.09999994,0.09999994,0.29999977,5.035382,6.909183e-09,0.0
1.35,0.1,0.1,0.3,0.09999994,0.09999994,0.29999977,5.0353885,-6.116648e-09,0.0
1.355,0.1,0.1,0.3,0.09999994,0.09999994,0.29999977,5.035395,-3.6542807e-09,0.0
1.36,0.1,0.1,0.3,0.09999994,0.09999994,0.29999977,5.0354023,-2.1054082e-11,0.0
1.365,0.1,0.1,0.3,0.09999994,0.09999994,0.29999977,5.035409,6.6953956e-11,0.0
1.37,0.1,0.1,0.3,0.09999994,0.09999994,0.29999977,5.0354156,6.9922192e-09,0.0
1.375,0.1,0.1,0.3,0.09999994,0.09999994,0.29999977,5.035423,-4.765972e-09,0.0
1.3800000000000001,0.1,0.1,0.3,0.09999994,0.09999994,0.29999977,5.0354295,-2.6384988e-09,0.0
1.385,0.1,0.1,0.3,0.09999994,0.09999994,0.29999977,5.035436,-6.496968e-10,0.0
1.3900000000000001,0.1,0.1,0.3,0.09999994,0.09999994,0.29999977,5.0354433,-1.4093918e-10,0.0
1.395,0.1,0.1,0.3,0.09999994,0.09999994,0.29999977,5.03545,-7.7417575e-09,0.0
1.4000000000000001,0.1,0.1,0.3,0.09999994,0.09999994,0.29999977,5.0354567,3.4309973e-09,0.0
1.405,0.1,0.1,0.3,0.09999994,0.09999994,0.29999977,5.035464,6.684658e-10,0.0
1.41,0.1,0.1,0.3,0.09999994,0.09999994,0.29999977,5.0354705,-3.777418e-09,0.0
1.415,0.1,0.1,0.3,0.09999994,0.09999994,0.29999977,5.035477,-2.3754219e-09,0.0
1.42,0.1,0.1,0.3,0.09999994,0.09999994,0.29999977,5.0354843,-2.663816e-09,0.0
1.425,0.1,0.1,0.3,0.09999994,0.09999994,0.29999977,5.035491,-2.5058426e-09,0.0
1.43,0.1,0.1,0.3,0.09999994,0.09999994,0.29999977,5.0354977,-5.402893e-09,0.0
1.435,0.1,0.1,0.3,0.09999994,0.09999994,0.29999977,5.035505,-4.0074113e-09,0.0
1.44,0.1,0.1,0.3,0.09999994,0.09999994,0.29999977,5.0355115,-2.900377e-09,0.0
1.445,0.1,0.1,0.3,0.09999994,0.09999994,0.29999977,5.035518,-1.0158926e-08,0.0
1.45,0.1,0.1,0.3,0.09999994,0.09999994,0.29999977,5.0355253,2.8906755e-09,0.0
1.455,0.1,0.1,0.3,0.09999994,0.09999994,0.29999977,5.035532,-4.2892596e-09,0.0
1.46,0.1,0.1,0.3,0.09999994,0.09999994,0.29999977,5.0355387,7.74243e-09,0.0
1.465,0.1,0.1,0.3,0.09999994,0.09999994,0.29999977,5.035546,-6.3073684e-09,0.0
1.47,0.1,0.1,0.3,0.09999994,0.09999994,0.29999977,5.0355525,-1.2869562e-08,0.0
1.475,0.1,0.1,0.3,0.09999994,0.09999994,0.29999977,5.035559,-8.629385e-10,0.0
1.48,0.1,0.1,0.3,0.09999994,0.09999994,0.29999977,5.035566,5.0918114e-09,0.0
1.485,0.1,0.1,0.3,0.09999994,0.09999994,0.29999977,5.035573,1.1692731e-08,0.0
1.49,0.1,0.1,0.3,0.09999994,0.09999994,0.29999977,5.0355797,8.235551e-09,0.0
1.495,0.1,0.1,0.3,0.09999994,0.09999994,0.29999977,5.0355864,-1.7064532e-09,0.0
1.5,0.1,0.1,0.3,0.09999994,0.09999994,0.29999977,5.0355935,2.544029e-09,0.0
1.5050000000000001,0.1,0.1,0.3,0.09999994,0.09999994,0.29999977,5.0356,-1.8544746e-09,0.0
1.51,0.1,0.1,0.3,0.09999994,0.09999994,0.29999977,5.035607,-6.4993135e-09,0.0
1.5150000000000001,0.1,0.1,0.3,0.09999994,0.09999994,0.29999977,5.035614,-3.5454268e-09,0.0
1.52,0.1,0.1,0.3,0.09999994,0.09999994,0.29999977,5.0356207,2.4181162e-09,0.0
1.5250000000000001,0.1,0.1,0.3,0.09999994,0.09999994,0.29999977,5.0356274,-1.1172753e-09,0.0
1.53,0.1,0.1,0.3,0.09999994,0.09999994,0.29999977,5.0356345,-1.3400171e-09,0.0
1.5350000000000001,0.1,0.1,0.3,0.09999994,0.09999994,0.29999977,5.035641,-1.1162066e-09,0.0
1.54,0.1,0.1,0.3,0.09999994,0.09999994,0.29999977,5.035648,-2.7728828e-09,0.0
1.545,0.1,0.1,0.3,0.09999994,0.09999994,0.29999977,5.035655,-2.8915144e-09,0.0
1.55,0.1,0.1,0.3,0.09999994,0.09999994,0.29999977,5.0356617,-3.010368e-09,0.0
1.555,0.1,0.1,0.3,0.09999994,0.09999994,0.29999977,5.0356684,-8.83434e-09,0.0
1.56,0.1,0.1,0.3,0.09999994,0.09999994,0.29999977,5.0356755,2.6392952e-09,0.0
1.565,0.1,0.1,0.3,0.09999994,0.09999994,0.29999977,5.035682,5.1130113e-09,0.0
1.57,0.1,0.1,0.3,0.09999994,0.09999994,0.29999977,5.035689,1.2811237e-08,0.0
1.575,0.1,0.1,0.3,0.09999994,0.09999994,0.29999977,5.035696,4.8890763e-09,0.0
1.58,0.1,0.1,0.3,0.09999994,0.09999994,0.29999977,5.0357027,1.1901743e-09,0.0
1.585,0.1,0.1,0.3,0.09999994,0.09999994,0.29999977,5.0357094,1.2469053e-08,0.0
1.59,0.1,0.1,0.3,0.09999994,0.09999994,0.29999977,5.0357165,-9.76113e-09,0.0
1.595,0.1,0.1,0.3,0.09999994,0.09999994,0.29999977,5.035723,-1.628404e-08,0.0
1.6,0.1,0.1,0.3,0.09999994,0.09999994,0.29999977,5.03573,-7.559075e-10,0.0
1.605,0.1,0.1,0.3,0.09999994,0.09999994,0.29999977,5.035737,1.7098143e-08,0.0
1.61,0.1,0.1,0.3,0.09999994,0.09999994,0.29999977,5.0357437,-1.8457612e-09,0.0
1.615,0.1,0.1,0.3,0.09999994,0.09999994,0.29999977,5.0357504,3.6285017e-09,0.0
1.62,0.1,0.1,0.3,0.09999994,0.09999994,0.29999977,5.0357575,1.129347e-09,0.0
1.625,0.1,0.1,0.3,0.09999994,0.09999994,0.29999977,5.035764,-1.7903447e-09,0.0
1.6300000000000001,0.1,0.1,0.3,0.09999994,0.09999994,0.29999977,5.035771,-1.7661214e-09,0.0
1.635,0.1,0.1,0.3,0.09999994,0.09999994,0.29999977,5.035778,1.3546585e-09,0.0
1.6400000000000001,0.1,0.1,0.3,0.09999994,0.09999994,0.29999977,5.0357847,4.600362e-09,0.0
1.645,0.1,0.1,0.3,0.09999994,0.09999994,0.29999977,5.0357914,2.8033316e-09,0.0
1.6500000000000001,0.1,0.1,0.3,0.09999994,0.09999994,0.29999977,5.035798,-1.9386779e-09,0.0
1.655,0.1,0.1,0.3,0.09999994,0.09999994,0.29999977,5.035805,-2.065918e-09,0.0
1.6600000000000001,0.1,0.1,0.3,0.09999994,0.09999994,0.29999977,5.035812,6.6034858e-09,0.0
1.665,0.1,0.1,0.3,0.09999994,0.09999994,0.29999977,5.035818,4.853713e-09,0.0
1.67,0.1,0.1,0.3,0.09999994,0.09999994,0.29999977,5.035825,7.0608293e-09,0.0
1.675,0.1,0.1,0.3,0.09999994,0.09999994,0.29999977,5.0358305,-6.875602e-09,0.0
1.68,0.1,0.1,0.3,0.09999994,0.09999994,0.29999977,5.035837,2.9376737e-09,0.0
1.685,0.1,0.1,0.3,0.09999994,0.09999994,0.29999977,5.035844,3.086257e-09,0.0
1.69,0.1,0.1,0.3,0.09999994,0.09999994,0.29999977,5.035851,1.800565e-09,0.0
1.695,0.1,0.1,0.3,0.09999994,0.09999994,0.29999977,5.0358577,8.7908845e-09,0.0
1.7,0.1,0.1,0.3,0.09999994,0.09999994,0.29999977,5.0358634,-1.4410111e-08,0.0
1.705,0.1,0.1,0.3,0.09999994,0.09999994,0.29999977,5.0358686,-1.02633155e-08,0.0
1.71,0.1,0.1,0.3,0.09999994,0.09999994,0.29999977,5.035874,3.3821095e-09,0.0
1.715,0.1,0.1,0.3,0.09999994,0.09999994,0.29999977,5.035879,-3.611608e-09,0.0
1.72,0.1,0.1,0.3,0.09999994,0.09999994,0.29999977,5.035884,-8.789816e-09,0.0
1.725,0.1,0.1,0.3,0.09999994,0.09999994,0.29999977,5.035889,5.0096727e-09,0.0
1.73,0.1,0.1,0.3,0.09999994,0.09999994,0.29999977,5.0358944,7.3440085e-09,0.0
1.735,0.1,0.1,0.3,0.09999994,0.09999994,0.29999977,5.0358996,-5.435433e-09,0.0
1.74,0.1,0.1,0.3,0.09999994,0.09999994,0.29999977,5.0359044,-8.7927905e-09,0.0
1.745,0.1,0.1,0.3,0.09999994,0.09999994,0.29999977,5.0359097,6.822071e-09,0.0
1.75,0.1,0.1,0.3,0.09999994,0.09999994,0.29999977,5.035915,6.6701937e-09,0.0
1.7550000000000001,0.1,0.1,0.3,0.09999994,0.09999994,0.29999977,5.03592,6.5186976e-09,0.0
1.76,0.1,0.1,0.3,0.09999994,0.09999994,0.29999977,5.035925,2.6074114e-09,0.0
1.7650000000000001,0.1,0.1,0.3,0.09999994,0.09999994,0.29999977,5.03593,-4.4182116e-09,0.0
1.77,0.1,0.1,0.3,0.09999994,0.09999994,0.29999977,5.0359354,8.689883e-09,0.0
1.7750000000000001,0.1,0.1,0.3,0.09999994,0.09999994,0.29999977,5.0359406,-1.4131886e-09,0.0
1.78,0.1,0.1,0.3,0.09999994,0.09999994,0.29999977,5.0359454,-1.0764757e-08,0.0
1.7850000000000001,0.1,0.1,0.3,0.09999994,0.09999994,0.29999977,5.0359507,7.915839e-09,0.0
1.79,0.1,0.1,0.3,0.09999994,0.09999994,0.29999977,5.035956,4.257644e-09,0.0
1.795,0.1,0.1,0.3,0.09999994,0.09999994,0.29999977,5.035961,4.1864268e-09,0.0
1.8,0.1,0.1,0.3,0.09999994,0.09999994,0.29999977,5.035966,4.1151815e-09,0.0
1.805,0.1,0.1,0.3,0.09999994,0.09999994,0.29999977,5.035971,9.613839e-09,0.0
1.81,0.1,0.1,0.3,0.09999994,0.09999994,0.29999977,5.0359764,1.6876394e-09,0.0
1.815,0.1,0.1,0.3,0.09999994,0.09999994,0.29999977,5.0359817,4.292358e-09,0.0
1.82,0.1,0.1,0.3,0.09999994,0.09999994,0.29999977,5.0359864,-1.8136254e-09,0.0
1.825,0.1,0.1,0.3,0.09999994,0.09999994,0.29999977,5.0359917,1.985513e-09,0.0
1.83,0.1,0.1,0.3,0.09999994,0.09999994,0.29999977,5.035997,2.004342e-09,0.0
1.835,0.1,0.1,0.3,0.09999994,0.09999994,0.29999977,5.036002,2.0231707e-09,0.0
1.84,0.1,0.1,0.3,0.09999994,0.09999994,0.29999977,5.036007,2.0418875e-09,0.0
1.845,0.1,0.1,0.3,0.09999994,0.09999994,0.29999977,5.036012,6.8645973e-09,0.0
1.85,0.1,0.1,0.3,0.09999994,0.09999994,0.29999977,5.0360174,7.0439663e-09,0.0
1.855,0.1,0.1,0.3,0.09999994,0.09999994,0.29999977,5.036022,3.9738715e-09,0.0
1.86,0.1,0.1,0.3,0.09999994,0.09999994,0.29999977,5.0360274,-9.95332e-09,0.0
1.865,0.1,0.1,0.3,0.09999994,0.09999994,0.29999977,5.0360327,-5.8460103e-09,0.0
1.87,0.1,0.1,0.3,0.09999994,0.09999994,0.29999977,5.036038,-3.50902e-09,0.0
1.875,0.1,0.1,0.3,0.09999994,0.09999994,0.29999977,5.0360427,-3.5584613e-09,0.0
1.8800000000000001,0.1,0.1,0.3,0.09999994,0.09999994,0.29999977,5.036048,-3.6078978e-09,0.0
1.885,0.1,0.1,0.3,0.09999994,0.09999994,0.29999977,5.036053,-2.3152777e-09,0.0
1.8900000000000001,0.1,0.1,0.3,0.09999994,0.09999994,0.29999977,5.0360584,6.540431e-09,0.0
1.895,0.1,0.1,0.3,0.09999994,0.09999994,0.29999977,5.036063,-3.5091953e-12,0.0
1.9000000000000001,0.1,0.1,0.3,0.09999994,0.09999994,0.29999977,5.0360684,3.1862002e-09,0.0
1.905,0.1,0.1,0.3,0.09999994,0.09999994,0.29999977,5.0360737,-2.2869744e-09,0.0
1.9100000000000001,0.1,0.1,0.3,0.09999994,0.09999994,0.29999977,5.036079,8.899738e-09,0.0
1.915,0.1,0.1,0.3,0.09999994,0.09999994,0.29999977,5.0360837,4.398397e-09,0.0
1.92,0.1,0.1,0.3,0.09999994,0.09999994,0.29999977,5.036089,7.453883e-09,0.0
1.925,0.1,0.1,0.3,0.09999994,0.09999994,0.29999977,5.036094,6.5069843e-09,0.0
1.93,0.1,0.1,0.3,0.09999994,0.09999994,0.29999977,5.0360994,1.1016369e-09,0.0
1.935,0.1,0.1,0.3,0.09999994,0.09999994,0.29999977,5.036104,-1.0511903e-08,0.0
1.94,0.1,0.1,0.3,0.09999994,0.09999994,0.29999977,5.0361094,-1.0352522e-08,0.0
1.945,0.1,0.1,0.3,0.09999994,0.09999994,0.29999977,5.0361147,2.4127864e-09,0.0
1.95,0.1,0.1,0.3,0.09999994,0.09999994,0.29999977,5.03612,9.761521e-09,0.0
1.955,0.1,0.1,0.3,0.09999994,0.09999994,0.29999977,5.0361247,1.4406045e-08,0.0
1.96,0.1,0.1,0.3,0.09999994,0.09999994,0.29999977,5.03613,1.0038333e-08,0.0
1.965,0.1,0.1,0.3,0.09999994,0.09999994,0.29999977,5.036135,5.425336e-09,0.0
1.97,0.1,0.1,0.3,0.09999994,0.09999994,0.29999977,5.0361404,4.906024e-09,0.0
1.975,0.1,0.1,0.3,0.09999994,0.09999994,0.29999977,5.036145,2.637217e-09,0.0
1.98,0.1,0.1,0.3,0.09999994,0.09999994,0.29999977,5.0361505,-1.6557246e-08,0.0
1.985,0.1,0.1,0.3,0.09999994,0.09999994,0.29999977,5.0361557,-1.6687768e-08,0.0
1.99,0.1,0.1,0.3,0.09999994,0.09999994,0.29999977,5.036161,2.3357067e-09,0.0
1.995,0.1,0.1,0.3,0.09999994,0.09999994,0.29999977,5.0361657,-4.0992374e-09,0.0
2.0,0.11483181,0.107047774,0.29266074,0.09999994,0.09999994,0.29999977,5.036171,-3.7101537e-09,0.0
2.005,0.11483181,0.107047774,0.29266074,0.09999994,0.09999994,0.29999977,5.036176,-4.680578e-09,0.0
2.0100000000000002,0.11483181,0.107047774,0.29266074,0.09999994,0.09999994,0.29999977,5.0361814,-7.3423188e-09,0.0
2.015,0.11483181,0.107047774,0.29266074,0.09999994,0.09999994,0.29999977,5.036186,-4.4027826e-09,0.0
2.02,0.12966365,0.114095524,0.2853215,0.09999994,0.09999994,0.29999977,5.0361915,8.85138e-09,0.0
2.025,0.12966365,0.114095524,0.2853215,0.09999994,0.09999994,0.29999977,5.0361967,-9.647252e-10,0.0
2.0300000000000002,0.12966365,0.114095524,0.2853215,0.09999994,0.09999994,0.29999977,5.0362015,-8.7059275e-09,0.0
2.035,0.12966365,0.114095524,0.2853215,0.09999994,0.09999994,0.29999977,5.0362067,-7.3217445e-09,0.0
2.04,0.14449543,0.1211433,0.27798226,0.10006691,0.10003176,0.29996666,5.036212,2.0749298e-09,0.0
2.045,0.14449543,0.1211433,0.27798226,0.10090014,0.1004277,0.29955438,5.032688,6.109709e-08,0.0
2.05,0.14449543,0.1211433,0.27798226,0.10168636,0.1008013,0.29916534,5.03035,1.25523485e-08,0.0
2.055,0.14449543,0.1211433,0.27798226,0.1024282,0.101153806,0.29879826,5.036733,1.6926133e-08,0.0
2.06,0.15932727,0.12819105,0.270643,0.10319514,0.10151824,0.29841876,5.0541825,-5.320246e-08,0.0
2.065,0.15932727,0.12819105,0.270643,0.104688846,0.10222802,0.29767963,5.083515,-1.6071693e-09,0.0
2.07,0.15932727,0.12819105,0.270643,0.10609826,0.10289775,0.29698223,5.128072,1.6762506e-08,0.0
2.075,0.15932727,0.12819105,0.270643,0.10742813,0.10352968,0.29632416,5.1897926,-4.2830575e-09,0.0
2.08,0.17415908,0.13523883,0.26330376,0.10874992,0.10415776,0.29567012,5.2670035,3.2178523e-08,0.0
2.085,0.17415908,0.13523883,0.26330376,0.110767156,0.105116315,0.29467192,5.356236,7.157224e-09,0.0
2.09,0.17415908,0.13523883,0.26330376,0.112670556,0.10602077,0.29373008,5.4575834,5.417609e-09,0.0
2.095,0.17415908,0.13523883,0.26330376,0.11446654,0.10687419,0.29284137,5.5708823,2.2820767e-08,0.0
2.1,0.18899089,0.14228658,0.25596452,0.11622813,0.10771126,0.2919697,5.6934266,-7.920904e-09,0.0
2.105,0.18899089,0.14228658,0.25596452,0.11866037,0.108867005,0.29076615,5.8216023,1.806492e-08,0.0
2.11,0.18899089,0.14228658,0.25596452,0.12095534,0.10995752,0.28963053,5.9562416,1.8625224e-08,0.0
2.115,0.18899089,0.14228658,0.25596452,0.1231208,0.1109865,0.288559,6.099413,-1.1768331e-08,0.0
2.12,0.20382272,0.14933436,0.24862526,0.12523101,0.11198923,0.2875148,6.2507935,1.5286048e-08,0.0
2.125,0.20382272,0.14933436,0.24862526,0.12799218,0.113301285,0.2861485,6.408425,1.3012603e-08,0.0
2.13,0.20382272,0.14933436,0.24862526,0.13059753,0.114539295,0.28485927,6.5737543,3.9153214e-09,0.0
2.1350000000000002,0.20382272,0.14933436,0.24862526,0.13305587,0.11570744,0.28364283,6.747765,-3.8612717e-09,0.0
2.14,0.21865453,0.15638211,0.24128601,0.13544242,0.11684148,0.28246188,6.9287276,1.7273582e-08,0.0
2.145,0.21865453,0.15638211,0.24128601,0.13846435,0.11827743,0.28096655,7.1137824,-9.093615e-09,0.0
2.15,0.21865453,0.15638211,0.24128601,0.14131573,0.11963235,0.2795556,7.3038588,-1.3428748e-08,0.0
2.1550000000000002,0.21865453,0.15638211,0.24128601,0.14400621,0.1209108,0.27822426,7.4998317,-7.962375e-09,0.0
2.16,0.23348634,0.16342986,0.23394676,0.14661181,0.12214893,0.27693492,7.700133,8.55745e-09,0.0
2.165,0.23348634,0.16342986,0.23394676,0.14984041,0.123683095,0.2753373,7.90224,1.881132e-08,0.0
2.17,0.23348634,0.16342986,0.23394676,0.15288682,0.12513068,0.27382985,8.109412,8.4040765e-09,0.0
2.1750000000000003,0.23348634,0.16342986,0.23394676,0.1557613,0.12649658,0.27240747,8.325339,-7.5879685e-09,0.0
2.18,0.24831815,0.17047763,0.22660752,0.15854053,0.12781721,0.2710322,8.550251,-7.586413e-09,0.0
2.185,0.24831815,0.17047763,0.22660752,0.16193298,0.12942922,0.26935354,8.782396,4.167969e-09,0.0
2.19,0.24831815,0.17047763,0.22660752,0.16513397,0.13095027,0.2677696,9.023232,2.5890403e-08,0.0
2.195,0.24831815,0.17047763,0.22660752,0.16815431,0.13238548,0.26627505,9.273644,1.3800365e-08,0.0
2.2,0.26314998,0.1775254,0.21926828,0.17107117,0.13377151,0.2648317,9.531772,-4.878715e-09,0.0
2.205,0.26314998,0.1775254,0.21926828,0.17459348,0.13544524,0.26308876,9.794612,1.6532656e-08,0.0
2.21,0.26314998,0.1775254,0.21926828,0.177917,0.1370245,0.26144418,10.064223,3.78651e-08,0.0
2.215,0.26314998,0.1775254,0.21926828,0.18105297,0.13851465,0.2598924,10.343833,1.1041801e-09,0.0
2.22,0.2779818,0.18457316,0.21192901,0.18407892,0.13995253,0.25839508,10.63375,4.1165237e-08,0.0
2.225,0.2779818,0.18457316,0.21192901,0.18770416,0.14167516,0.25660118,10.932301,1.3430569e-08,0.0
2.23,0.2779818,0.18457316,0.21192901,0.19112481,0.14330058,0.25490853,11.241085,2.4092207e-08,0.0
2.235,0.2779818,0.18457316,0.21192901,0.19435243,0.14483427,0.2533114,11.561112,2.5654074e-08,0.0
2.24,0.2928136,0.19162093,0.20458977,0.19746487,0.14631322,0.25177127,11.890503,4.553309e-08,0.0
2.245,0.2928136,0.19162093,0.20458977,0.2011717,0.14807463,0.24993701,12.22779,1.3184459e-08,0.0
2.25,0.2928136,0.19162093,0.20458977,0.20466934,0.14973663,0.24820627,12.575834,1.0110932e-08,0.0
2.255,0.2928136,0.19162093,0.20458977,0.2079696,0.15130484,0.24657321,12.936528,2.5389122e-08,0.0
2.2600000000000002,0.3076454,0.19866869,0.19725052,0.21115059,0.15281637,0.24499917,13.308398,2.7564575e-08,0.0
2.265,0.3076454,0.19866869,0.19725052,0.2149221,0.15460852,0.2431329,13.688366,1.2533078e-08,0.0
2.27,0.3076454,0.19866869,0.19725052,0.21848078,0.15629953,0.24137196,14.077625,-7.7556334e-10,0.0
2.275,0.3076454,0.19866869,0.19725052,0.22183862,0.1578951,0.23971039,14.47781,3.6524654e-08,0.0
2.2800000000000002,0.32247722,0.20571646,0.18991126,0.22507393,0.15943246,0.23810945,14.887675,4.534599e-08,0.0
2.285,0.32247722,0.20571646,0.18991126,0.2288967,0.16124897,0.23621783,15.304271,5.794775e-08,0.0
2.29,0.32247722,0.20571646,0.18991126,0.23250376,0.16296296,0.23443295,15.728238,1.7428023e-08,0.0
2.295,0.32247722,0.20571646,0.18991126,0.23590724,0.16458023,0.23274879,16.160505,2.8318732e-08,0.0
2.3000000000000003,0.33730906,0.21276422,0.18257202,0.23918562,0.16613804,0.23112655,16.599667,8.478152e-09,0.0
2.305,0.33730906,0.21276422,0.18257202,0.24304904,0.16797385,0.2292148,17.043015,1.8368942e-08,0.0
2.31,0.33730906,0.21276422,0.18257202,0.24669443,0.16970606,0.22741094,17.49124,4.4895486e-08,0.0
2.315,0.33730906,0.21276422,0.18257202,0.2501341,0.17134053,0.22570889,17.944826,2.4085061e-08,0.0
2.32,0.35214087,0.21981199,0.17523277,0.25344664,0.17291456,0.22406974,18.402174,7.6699775e-09,0.0
2.325,0.35214087,0.21981199,0.17523277,0.25734228,0.17476569,0.22214207,18.86063,1.4666189e-08,0.0
2.33,0.35214087,0.21981199,0.17523277,0.26101807,0.17651235,0.22032318,19.32105,3.906078e-08,0.0
2.335,0.35214087,0.21981199,0.17523277,0.26448643,0.17816043,0.21860693,19.784025,5.2198356e-08,0.0
2.34,0.36697268,0.22685975,0.1678935,0.26782602,0.17974733,0.21695441,20.248133,-4.7142197e-09,0.0
2.345,0.36697268,0.22685975,0.1678935,0.27174717,0.18161058,0.2150141,20.711023,3.5941135e-08,0.0
2.35,0.36697268,0.22685975,0.1678935,0.27544704,0.18336868,0.21318328,21.1739,2.2000055e-08,0.0
2.355,0.36697268,0.22685975,0.1678935,0.2789381,0.18502757,0.21145579,21.637802,3.4119243e-08,0.0
2.36,0.3818045,0.2339075,0.16055426,0.28229916,0.18662466,0.20979264,22.102234,2.550642e-08,0.0
2.365,0.3818045,0.2339075,0.16055426,0.28624058,0.18849754,0.2078423,22.566988,6.2089702e-09,0.0
2.37,0.3818045,0.2339075,0.16055426,0.28995955,0.19026473,0.20600204,23.03421,3.415515e-08,0.0
2.375,0.3818045,0.2339075,0.16055426,0.29346865,0.19193219,0.20426562,23.505045,2.3375492e-08,0.0
2.38,0.39663634,0.24095528,0.15321502,0.2968467,0.19353735,0.20259407,23.979433,2.249231e-08,0.0
2.3850000000000002,0.39663634,0.24095528,0.15321502,0.30080414,0.19541785,0.2006358,24.457174,4.690041e-08,0.0
2.39,0.39663634,0.24095528,0.15321502,0.30453825,0.19719222,0.19878805,24.94092,2.725342e-08,0.0
2.395,0.39663634,0.24095528,0.15321502,0.30806163,0.19886646,0.19704457,25.43241,4.1507732e-08,0.0
2.4,0.41146812,0.24800302,0.14587577,0.31145313,0.20047803,0.19536634,25.93225,6.03454e-08,0.0
2.4050000000000002,0.41146812,0.24800302,0.14587577,0.3154233,0.20236456,0.19340177,26.440922,3.3357804e-08,0.0
2.41,0.41146812,0.24800302,0.14587577,0.31916943,0.20414464,0.19154808,26.961424,3.6655877e-08,0.0
2.415,0.41146812,0.24800302,0.14587577,0.32270414,0.20582426,0.189799,27.495419,2.0273573e-08,0.0
2.42,0.42629996,0.2550508,0.13853653,0.32610634,0.20744091,0.18811548,28.043316,3.751695e-08,0.0
2.4250000000000003,0.42629996,0.2550508,0.13853653,0.3300866,0.20933224,0.18614593,28.604698,1.8973289e-08,0.0
2.43,0.42629996,0.2550508,0.13853653,0.33384222,0.21111684,0.18428753,29.181387,4.4411536e-08,0.0
2.435,0.42629996,0.2550508,0.13853653,0.3373859,0.21280073,0.18253401,29.774319,2.8865427e-08,0.0
2.44,0.44113177,0.26209858,0.13119727,0.34079656,0.2144214,0.1808463,30.382347,5.0366342e-08,0.0
2.445,0.44113177,0.26209858,0.13119727,0.3447848,0.21631654,0.1788728,31.002975,4.463334e-08,0.0
2.45,0.44113177,0.26209858,0.13119727,0.34854797,0.2181047,0.17701066,31.636219,1.08770575e-08,0.0
2.455,0.44113177,0.26209858,0.13119727,0.35209876,0.21979196,0.17525361,32.28105,4.7307083e-08,0.0
2.46,0.45596358,0.26914632,0.12385801,0.35551614,0.22141583,0.17356259,32.934254,2.85747e-08,0.0
2.465,0.45596358,0.26914632,0.12385801,0.35951072,0.22331397,0.17158595,33.59179,1.08331555e-07,0.0
2.47,0.45596358,0.26914632,0.12385801,0.36327988,0.22510499,0.16972086,34.252247,2.5481334e-08,0.0
2.475,0.45596358,0.26914632,0.12385801,0.3668363,0.22679493,0.16796102,34.914146,7.643591e-08,0.0
2.48,0.4707954,0.2761941,0.11651877,0.37025902,0.22842132,0.16626737,35.574696,4.5842867e-08,0.0
2.485,0.4707954,0.2761941,0.11651877,0.3742586,0.23032184,0.16428824,36.230915,7.217925e-08,0.0
2.49,0.4707954,0.2761941,0.11651877,0.37803248,0.2321151,0.16242081,36.873787,3.2681406e-08,0.0
2.495,0.4707954,0.2761941,0.11651877,0.38159338,0.23380718,0.16065876,37.481,3.2793803e-08,0.0
2.5,0.4707954,0.2761941,0.11651877,0.3850203,0.23543558,0.15896301,38.033024,3.7723314e-08,0.0
2.505,0.4707954,0.2761941,0.11651877,0.38902387,0.23733799,0.15698192,38.520176,3.7848377e-08,0.0
2.5100000000000002,0.4707954,0.2761941,0.11651877,0.3928015,0.23913305,0.15511262,38.94119,8.730026e-09,0.0
2.515,0.4707954,0.2761941,0.11651877,0.39636594,0.2408268,0.15334882,39.300205,1.5026208e-08,0.0
2.52,0.44074878,0.42893302,0.060299423,0.3997962,0.2424568,0.15165141,39.60386,1.3448982e-08,0.0
2.525,0.44074878,0.42893302,0.060299423,0.40380293,0.2443607,0.14966875,39.859856,4.5443613e-09,0.0
2.5300000000000002,0.44074878,0.42893302,0.060299423,0.40758353,0.24615717,0.14779799,40.07762,1.8488738e-08,0.0
2.535,0.44074878,0.42893302,0.060299423,0.41115078,0.24785225,0.1460328,40.26612,1.8174493e-08,0.0
2.54,0.48616278,0.6,0.0004135609,0.41451675,0.24945168,0.14436722,40.43251,1.7675595e-09,0.0
2.545,0.48616278,0.6,0.0004135609,0.41769275,0.25096086,0.14279564,40.582336,1.13397e-08,0.0
2.5500000000000003,0.48616278,0.6,0.0004135609,0.42068952,0.25238484,0.14131275,40.719833,1.0906888e-08,0.0
2.555,0.48616278,0.6,0.0004135609,0.42351717,0.25372848,0.13991354,40.84839,1.4907611e-08,0.0
2.56,0.5151917,0.6,0.0,0.4260496,0.25568587,0.13833949,40.970383,1.5344009e-08,0.0
2.565,0.5151917,0.6,0.0,0.4268791,0.2654628,0.13393542,41.083035,7.64843e-09,0.0
2.57,0.5151917,0.6,0.0,0.4276618,0.27468798,0.12977989,41.1333,1.6434883e-09,0.0
2.575,0.5151917,0.6,0.0,0.42840034,0.28339255,0.12585887,41.06744,3.0645504e-09,0.0
2.58,0.54316664,0.6,0.0,0.42930225,0.29237822,0.121888764,40.862316,-1.0089409e-08,0.0
2.585,0.54316664,0.6,0.0,0.4325111,0.30973837,0.11503351,40.513863,0.0011425562,0.0
2.59,0.54316664,0.6,0.0,0.43553883,0.32611883,0.108565114,39.998833,0.004720623,0.0
2.595,0.54316664,0.6,0.0,0.4383957,0.34157488,0.102461755,39.30831,0.010003287,0.0
2.6,0.555329,0.6,0.0,0.44122243,0.3561587,0.09670096,38.465153,0.012645359,0.0
2.605,0.555329,0.6,0.0,0.44539678,0.3699195,0.091243796,37.505688,-2.0107803e-08,0.0
2.61,0.555329,0.6,0.0,0.44933555,0.38290372,0.086094595,36.4725,0.006947399,0.0
2.615,0.555329,0.6,0.0,0.45305204,0.39515522,0.08123598,35.418022,0.0038621924,0.0
2.62,0.6,0.6,0.0,0.4566851,0.4067153,0.07665156,34.3763,0.0009334541,0.0
2.625,0.6,0.6,0.0,0.46156555,0.417623,0.07232585,33.3736,-2.9676517e-08,0.0
2.63,0.6,0.6,0.0,0.46617058,0.42791516,0.068244256,32.433807,1.16486945e-08,0.0
2.6350000000000002,0.6,0.6,0.0,0.47051573,0.43762648,0.064393,31.574299,-1.5239843e-08,0.0
2.64,0.5764289,0.6,0.0,0.4746706,0.44678977,0.060759082,30.803762,3.0557608e-08,0.0
2.645,0.5764289,0.6,0.0,0.47922242,0.45543596,0.05733024,30.124586,-2.0278318e-08,0.0
2.65,0.5764289,0.6,0.0,0.48351738,0.4635942,0.0540949,29.537682,-3.1789853e-08,0.0
2.6550000000000002,0.5764289,0.6,0.0,0.48756996,0.47129205,0.05104214,29.040289,5.751455e-09,0.0
2.66,0.6,0.6,0.0,0.4915955,0.47855547,0.048161656,28.625067,-2.048793e-08,0.0
2.665,0.6,0.6,0.0,0.49771315,0.485409,0.04544373,28.283478,-1.456807e-08,0.0
2.67,0.6,0.6,0.0,0.50348556,0.49187577,0.042879183,28.01604,-3.431607e-10,0.0
2.6750000000000003,0.6,0.6,0.0,0.5089322,0.49797758,0.040459365,27.822323,-5.106959e-09,0.0
2.68,0.43264106,0.6,0.0,0.513965,0.50373507,0.038176104,27.695309,-1.0500072e-09,0.0
2.685,0.43264106,0.6,0.0,0.5174901,0.5091676,0.0360217,27.623695,-1.079793e-08,0.0
2.69,0.43264106,0.6,0.0,0.5208162,0.5142936,0.03398887,27.588919,2.607995e-09,0.0
2.695,0.43264106,0.6,0.0,0.52395463,0.5191303,0.032070763,27.572735,-4.0664143e-09,0.0
2.7,0.52051336,0.6,0.0,0.52702236,0.52369404,0.0302609,27.561876,3.7622123e-09,0.0
2.705,0.52051336,0.6,0.0,0.53114074,0.52800024,0.028553175,27.548058,-1.4867847e-09,0.0
2.71,0.52051336,0.6,0.0,0.5350267,0.5320634,0.026941821,27.532476,-3.1974488e-09,0.0
2.715,0.52051336,0.6,0.0,0.53869337,0.5358973,0.025421401,27.518988,8.5035784e-10,0.0
2.72,0.37826332,0.6,0.0,0.5413976,0.53951484,0.023986785,27.50999,1.3817307e-09,0.0
2.725,0.37826332,0.6,0.0,0.5352601,0.5429282,0.022633128,27.503048,6.410354e-09,0.0
2.73,0.37826332,0.6,0.0,0.52946895,0.54614896,0.021355864,28.297466,4.780963e-08,0.0
2.735,0.37826332,0.6,0.0,0.52400464,0.54918796,0.02015068,29.907795,1.6270944e-07,0.0
2.74,0.5201277,0.37838975,0.0,0.5192454,0.5520555,0.01901351,31.835104,1.5700437e-07,0.0
2.745,0.5201277,0.37838975,0.0,0.519317,0.5547612,0.017940512,33.728638,1.0146353e-07,0.0
2.75,0.5201277,0.37838975,0.0,0.5193845,0.55731416,0.016928067,34.401043,1.0561519,0.0
2.755,0.5201277,0.37838975,0.0,0.5194482,0.5597231,0.01597276,33.76493,3.3145618,0.0
2.7600000000000002,0.57813084,0.3214656,0.0,0.5188661,0.56199604,0.015071362,32.41647,6.0821476,0.0
2.765,0.57813084,0.3214656,0.0,0.51093143,0.56414074,0.014220834,31.781366,7.766487,0.0
2.77,0.57813084,0.3214656,0.0,0.5034445,0.5661644,0.013418304,32.040756,8.206536,0.0
2.775,0.57813084,0.3214656,0.0,0.4963801,0.5680738,0.012661063,32.689796,7.994479,0.0
2.7800000000000002,0.6,0.3598051,0.0,0.49035484,0.568875,0.011946556,33.398052,7.512731,0.0
2.785,0.6,0.3598051,0.0,0.49203503,0.55812526,0.011272371,33.98445,6.9688406,0.0
2.79,0.6,0.3598051,0.0,0.4936204,0.54798216,0.010636233,32.447216,8.582068,0.0
2.795,0.6,0.3598051,0.0,0.4951163,0.5384115,0.0100359935,28.957565,12.086036,0.0
2.8000000000000003,0.4541034,0.6,0.0,0.49678963,0.5291239,0.009469628,24.829496,15.968274,0.0
2.805,0.4541034,0.6,0.0,0.50137997,0.51740503,0.008935225,20.917362,19.277714,0.0
2.81,0.4541034,0.6,0.0,0.50571126,0.5063475,0.00843098,17.748138,21.46111,0.0
2.815,0.4541034,0.6,0.0,0.50979817,0.49591395,0.007955192,15.562966,22.296457,0.0
2.82,0.5825894,0.5493406,0.0,0.5137532,0.48624232,0.007506253,14.382004,21.803814,0.0
2.825,0.5825894,0.5493406,0.0,0.5186204,0.47910705,0.0070826495,14.088314,20.144665,0.0
2.83,0.5825894,0.5493406,0.0,0.5232129,0.47237444,0.0066829515,14.480513,17.562782,0.0
2.835,0.5825894,0.5493406,0.0,0.5275463,0.46602178,0.0063058096,15.332222,14.321152,0.0
2.84,0.47618517,0.32159042,0.0,0.5309764,0.46111202,0.0059499512,16.438019,10.654198,0.0
2.845,0.47618517,0.32159042,0.0,0.5266382,0.46894994,0.005614175,17.628952,6.7527404,0.0
2.85,0.47618517,0.32159042,0.0,0.5225448,0.47634554,0.005297348,20.591022,0.7442535,0.0
2.855,0.47618517,0.32159042,0.0,0.5186824,0.48332378,0.0049984003,23.907017,3.4135658e-07,0.0
2.86,0.3795744,0.6,0.0,0.5156181,0.48967952,0.0047163237,27.813017,2.7301098e-07,0.0
2.865,0.3795744,0.6,0.0,0.5193975,0.4930464,0.0044501657,31.749607,3.637045e-07,0.0
2.87,0.3795744,0.6,0.0,0.52296364,0.49622327,0.0041990275,34.327663,1.0624964,0.0
2.875,0.3795744,0.6,0.0,0.5263285,0.49922088,0.0039620623,35.31472,3.635992,0.0
2.88,0.42404625,0.6,0.0,0.5290231,0.5010211,0.0037384697,35.27942,7.0574613,0.0
2.8850000000000002,0.42404625,0.6,0.0,0.52604127,0.4908952,0.003527495,34.66018,10.825033,0.0
2.89,0.42404625,0.6,0.0,0.5232277,0.48134077,0.0033284265,33.866684,14.484325,0.0
2.895,0.42404625,0.6,0.0,0.5205729,0.4723255,0.003140592,33.14864,17.772778,0.0
2.9,0.37652168,0.35764036,0.0,0.51763177,0.46507594,0.0029633576,32.615097,20.590435,0.0
2.9050000000000002,0.37652168,0.35764036,0.0,0.5098407,0.47269017,0.0027961251,32.294098,22.92829,0.0
2.91,0.37652168,0.35764036,0.0,0.5024893,0.4798747,0.0026383302,32.94928,23.980597,0.0
2.915,0.37652168,0.35764036,0.0,0.4955528,0.48665377,0.0024894401,34.4008,23.984833,0.0
2.92,0.43682396,0.4783987,0.0,0.48920852,0.49305028,0.0023489525,36.03086,23.637196,0.0
2.9250000000000003,0.43682396,0.4783987,0.0,0.48553118,0.4990858,0.0022163931,37.47916,23.33951,0.0
2.93,0.43682396,0.4783987,0.0,0.4820614,0.50478077,0.0020913144,38.58554,23.268469,0.0
2.935,0.43682396,0.4783987,0.0,0.4787874,0.5101543,0.0019732944,39.306065,23.470644,0.0
2.94,0.44711578,0.6,0.0,0.4754836,0.5141304,0.0018619347,39.656204,23.926502,0.0
2.945,0.44711578,0.6,0.0,0.46989885,0.50529915,0.0017568594,39.68769,24.57683,0.0
2.95,0.44711578,0.6,0.0,0.46462926,0.49696627,0.0016577138,38.53705,26.35029,0.0
2.955,0.44711578,0.6,0.0,0.45965704,0.48910365,0.0015641634,36.356144,29.044704,0.0
2.96,0.5164414,0.5451518,0.0,0.4552377,0.48222992,0.0014758923,33.811638,31.915792,0.0
2.965,0.5164414,0.5451518,0.0,0.45419854,0.4820137,0.0013926027,31.32672,34.507,0.0
2.97,0.5164414,0.5451518,0.0,0.45321804,0.4818097,0.0013140134,29.129393,36.587204,0.0
2.975,0.5164414,0.5451518,0.0,0.45229286,0.4816172,0.0012398591,27.32305,38.064957,0.0
2.98,0.50412047,0.6,0.0,0.45146635,0.4819846,0.0011698897,25.932768,38.93309,0.0
2.985,0.50412047,0.6,0.0,0.45122084,0.4886446,0.0011038688,25.863789,38.259014,0.0
2.99,0.50412047,0.6,0.0,0.4509892,0.49492878,0.0010415737,26.990599,36.216335,0.0
2.995,0.50412047,0.6,0.0,0.4507706,0.5008583,0.0009827941,28.638092,33.539997,0.0
3.0,0.5334351,0.5534048,0.0,0.4508773,0.5062056,0.0009273317,30.3577,30.712421,0.0
3.005,0.5334351,0.5534048,0.0,0.45457733,0.5084035,0.0008749992,31.006937,28.953846,0.0
3.0100000000000002,0.5334351,0.5534048,0.0,0.45806852,0.5104773,0.00082562,30.527122,28.296814,0.0
3.015,0.5334351,0.5534048,0.0,0.4613627,0.5124341,0.00077902747,29.454096,28.136963,0.0
3.02,0.5694743,0.6,0.0,0.46441534,0.5145281,0.00073506427,28.165737,28.051943,0.0
3.025,0.5694743,0.6,0.0,0.46665603,0.51935154,0.0006935821,26.906683,27.77327,0.0
3.0300000000000002,0.5694743,0.6,0.0,0.46877027,0.52390283,0.0006544409,25.79943,27.17045,0.0
3.035,0.5694743,0.6,0.0,0.4707652,0.5281972,0.00061750854,24.892044,26.195639,0.0
3.04,0.59378886,0.43379182,0.0,0.4727799,0.5320389,0.00058266043,24.192211,24.844797,0.0
3.045,0.59378886,0.43379182,0.0,0.47620288,0.53324467,0.0005497789,23.68426,23.13845,0.0
3.0500000000000003,0.59378886,0.43379182,0.0,0.47943267,0.5343824,0.000518753,23.359543,21.088467,0.0
3.055,0.59378886,0.43379182,0.0,0.48248023,0.5354559,0.000489478,23.2011,18.71515,0.0
3.06,0.5461614,0.6,0.0,0.4855185,0.53667915,0.0004618551,23.178074,16.053242,0.0
3.065,0.5461614,0.6,0.0,0.4902564,0.54025257,0.00043579104,23.25504,13.141672,0.0
3.0700000000000003,0.5461614,0.6,0.0,0.49472693,0.54362434,0.00041119786,23.397036,10.018276,0.0
3.075,0.5461614,0.6,0.0,0.49894518,0.5468058,0.00038799256,23.57405,6.7149534,0.0
3.08,0.55248874,0.34766647,0.0,0.5030351,0.54905736,0.00036609682,23.763063,3.2557013,0.0
3.085,0.55248874,0.34766647,0.0,0.50815666,0.54255253,0.00034543674,23.884775,-3.224196e-08,0.0
3.09,0.55248874,0.34766647,0.0,0.51298916,0.5364148,0.00032594256,22.566477,0.7414285,0.0
3.095,0.55248874,0.34766647,0.0,0.517549,0.53062344,0.0003075485,20.641539,1.8910958,0.0
3.1,0.52419865,0.50578856,0.0,0.5216364,0.52590925,0.0002901925,18.704838,2.7748713,0.0
3.105,0.52419865,0.50578856,0.0,0.52302045,0.53009045,0.00027381594,17.100304,3.0177093,0.0
3.11,0.52419865,0.50578856,0.0,0.5243264,0.5340357,0.00025836358,16.937832,1.4020191,0.0
3.115,0.52419865,0.50578856,0.0,0.5255586,0.5377583,0.00024378324,17.788633,8.210539e-08,0.0
3.12,0.4808188,0.23980479,0.0,0.52674985,0.5401316,0.00023002572,19.083305,1.18262676e-07,0.0
3.125,0.4808188,0.23980479,0.0,0.52820235,0.5292702,0.00021704458,20.717173,1.4501211e-07,0.0
3.13,0.4808188,0.23980479,0.0,0.5295729,0.51902163,0.00020479602,21.476467,0.79655313,0.0
3.1350000000000002,0.4808188,0.23980479,0.0,0.53086615,0.5093515,0.00019323868,21.236002,2.4363573,0.0
3.14,0.5435308,0.40902552,0.0,0.53195864,0.5009409,0.00018233356,20.546425,4.286256,0.0
3.145,0.5435308,0.40902552,0.0,0.5315207,0.5012145,0.00017204386,19.77825,5.9308496,0.0
3.15,0.5435308,0.40902552,0.0,0.5311075,0.50147265,0.00016233484,21.08796,4.9848423,0.0
3.1550000000000002,0.5435308,0.40902552,0.0,0.5307176,0.5017162,0.00015317372,24.41624,1.5851043,0.0
3.16,0.52269876,0.2251922,0.0,0.5301539,0.5007452,0.00014452961,28.016869,1.1984281e-07,0.0
3.165,0.52269876,0.2251922,0.0,0.52736974,0.48601943,0.0001363733,30.670454,0.5672651,0.0
3.17,0.52269876,0.2251922,0.0,0.5247427,0.4721247,0.00012867729,32.285778,2.0316243,0.0
3.1750000000000003,0.52269876,0.2251922,0.0,0.52226394,0.4590141,0.00012141559,33.237923,3.9647567,0.0
3.18,0.4702107,0.5428923,0.0,0.5202082,0.44740734,0.0001145637,33.816696,6.0393815,0.0
3.185,0.4702107,0.5428923,0.0,0.52152437,0.44524133,0.00010809848,34.22302,8.035739,0.0
3.19,0.4702107,0.5428923,0.0,0.5227663,0.44319755,0.000101998114,33.535385,10.981455,0.0
3.1950000000000003,0.4702107,0.5428923,0.0,0.5239381,0.4412691,9.624201e-05,31.823898,14.770541,0.0
3.2,0.4396569,0.47874823,0.0,0.5249497,0.43861952,9.081075e-05,29.724226,18.682928,0.0
3.205,0.4396569,0.47874823,0.0,0.5248227,0.4265751,8.5685984e-05,27.650322,22.266926,0.0
3.21,0.4396569,0.47874823,0.0,0.52470285,0.41521037,8.0850434e-05,26.916412,24.115484,0.0
3.215,0.4396569,0.47874823,0.0,0.5245898,0.40448698,7.628777e-05,27.647854,24.155893,0.0
3.22,0.41605982,0.5442573,0.0,0.5242461,0.3958031,7.198259e-05,29.260986,23.065992,0.0
3.225,0.41605982,0.5442573,0.0,0.5211967,0.40410385,6.7920366e-05,31.31033,21.353104,0.0
3.23,0.41605982,0.5442573,0.0,0.5183194,0.41193616,6.408739e-05,34.149014,18.644909,0.0
3.235,0.41605982,0.5442573,0.0,0.5156045,0.41932645,6.047072e-05,37.44714,15.321297,0.0
3.24,0.34812117,0.6,0.0,0.5129048,0.4260101,5.705815e-05,40.59653,12.058529,0.0
3.245,0.34812117,0.6,0.0,0.5087712,0.42898628,5.3838165e-05,43.27657,9.210229,0.0
3.25,0.34812117,0.6,0.0,0.50487083,0.43179452,5.0799892e-05,45.35943,6.9119277,0.0
3.255,0.34812117,0.6,0.0,0.5011906,0.43444428,4.793308e-05,46.82826,5.172532,0.0
3.2600000000000002,0.39608115,0.58888817,0.0,0.49761152,0.43724024,4.5228055e-05,47.731834,3.9262078,0.0
3.265,0.39608115,0.58888817,0.0,0.49300927,0.44327956,4.267568e-05,48.154453,3.0676296,0.0
3.27,0.39608115,0.58888817,0.0,0.48866674,0.44897807,4.0267347e-05,48.16769,2.5069845,0.0
3.275,0.39608115,0.58888817,0.0,0.48456928,0.454355,3.7994923e-05,47.84603,2.1524205,0.0
3.2800000000000002,0.45028576,0.5734965,0.0,0.48039633,0.45968014,3.585074e-05,47.272705,1.90405,0.0
3.285,0.45028576,0.5734965,0.0,0.4729316,0.46759886,3.382756e-05,46.523308,1.6725416,0.0
3.29,0.45028576,0.5734965,0.0,0.4658881,0.47507071,3.1918556e-05,45.62201,1.4277782,0.0
3.295,0.45028576,0.5734965,0.0,0.45924214,0.4821209,3.0117284e-05,44.58448,1.1491631,0.0
3.3000000000000003,0.51386213,0.5666344,0.0,0.45318773,0.48872307,2.8417662e-05,43.43979,0.801405,0.0
3.305,0.51386213,0.5666344,0.0,0.449965,0.49437574,2.6813957e-05,42.221832,0.34442818,0.0
3.31,0.51386213,0.5666344,0.0,0.44692415,0.4997094,2.5300755e-05,40.931805,0.008642766,0.0
3.315,0.51386213,0.5666344,0.0,0.4440549,0.5047421,2.3872946e-05,39.6074,0.0055172616,0.0
3.3200000000000003,0.5666261,0.6,0.0,0.4415923,0.5094212,2.2525714e-05,38.349224,0.0021362167,0.0
3.325,0.5666261,0.6,0.0,0.4420829,0.5130372,2.1254511e-05,37.175663,-9.674003e-08,0.0
3.33,0.5666261,0.6,0.0,0.44254583,0.51644915,2.0055046e-05,35.284492,0.7663324,0.0
3.335,0.5666261,0.6,0.0,0.4429826,0.5196685,1.892327e-05,32.74524,2.0080197,0.0
3.34,0.6,0.6,0.0,0.44368178,0.5226752,1.7855366e-05,30.05978,3.1495528,0.0
3.345,0.6,0.6,0.0,0.4476423,0.52515596,1.6847727e-05,27.552872,3.8298943,0.0
3.35,0.6,0.6,0.0,0.4513793,0.52749676,1.5896952e-05,25.429264,3.8323758,0.0
3.355,0.6,0.6,0.0,0.45490542,0.5297054,1.4999833e-05,23.783398,3.0686677,0.0
3.36,0.6,0.486168,0.0,0.45847076,0.53194004,1.4153342e-05,22.62132,1.549968,0.0
3.365,0.6,0.486168,0.0,0.46457434,0.5357809,1.3354621e-05,21.77208,2.736556e-08,0.0
3.37,0.6,0.486168,0.0,0.47033346,0.539405,1.26009745e-05,21.014608,-1.4279605e-08,0.0
3.375,0.6,0.486168,0.0,0.47576758,0.54282457,1.1889859e-05,20.64738,1.3069857e-08,0.0
3.38,0.6,0.6,0.0,0.48104572,0.54605114,1.1218874e-05,20.597624,1.6021028e-09,0.0
3.3850000000000002,0.6,0.6,0.0,0.48775873,0.5490957,1.0585754e-05,20.784681,1.559719e-08,0.0
3.39,0.6,0.6,0.0,0.49409288,0.5519684,9.988364e-06,21.138264,2.5079958e-08,0.0
3.395,0.6,0.6,0.0,0.50006956,0.554679,9.424686e-06,21.59644,4.4197943e-08,0.0
3.4,0.6,0.5723728,0.0,0.505709,0.5567227,8.892819e-06,22.104727,4.1782233e-08,0.0
3.4050000000000002,0.6,0.5723728,0.0,0.51103014,0.55274105,8.390967e-06,22.62154,2.9129739e-08,0.0
3.41,0.6,0.5723728,0.0,0.516051,0.5489841,7.917436e-06,22.11213,0.95895714,0.0
3.415,0.6,0.5723728,0.0,0.52078855,0.5454392,7.470628e-06,20.633015,2.7242343,0.0
3.42,0.6,0.6,0.0,0.5252587,0.5426082,7.049035e-06,18.85364,4.528734,0.0
3.4250000000000003,0.6,0.6,0.0,0.52947664,0.545847,6.651234e-06,17.203331,5.8951263,0.0
3.43,0.6,0.6,0.0,0.5334565,0.54890305,6.2758822e-06,16.933184,5.4491863,0.0
3.435,0.6,0.6,0.0,0.5372118,0.5517866,5.9217127e-06,18.04104,3.2465055,0.0
3.44,0.6,0.36902994,0.0,0.54075515,0.55438274,5.5875303e-06,19.823004,0.10767446,0.0
3.4450000000000003,0.6,0.36902994,0.0,0.54409856,0.555398,5.272207e-06,21.22911,1.01263915e-07,0.0
3.45,0.6,0.36902994,0.0,0.54725325,0.55635595,4.9746786e-06,22.715023,7.027531e-08,0.0
3.455,0.6,0.36902994,0.0,0.5502299,0.55725986,4.6939404e-06,24.119307,1.2880515e-08,0.0
3.46,0.6,0.48231474,0.0,0.5530386,0.55823743,4.4290455e-06,25.33343,1.0523621e-07,0.0
3.465,0.6,0.48231474,0.0,0.5556888,0.56059426,4.1790995e-06,26.308027,0.00074047624,0.0
3.47,0.6,0.48231474,0.0,0.55818945,0.56281805,3.943259e-06,27.033607,0.005493632,0.0
3.475,0.6,0.48231474,0.0,0.56054896,0.5649164,3.7207274e-06,27.526255,0.024610195,0.0
3.48,0.59432256,0.440569,0.0,0.5627753,0.56585354,3.5107541e-06,27.829018,0.016640557,0.0
3.485,0.59432256,0.440569,0.0,0.564876,0.5547461,3.3126303e-06,27.982506,1.0703481e-08,0.0
3.49,0.59432256,0.440569,0.0,0.5668582,0.5442655,3.1256873e-06,27.03786,1.0172861,0.0
3.495,0.59432256,0.440569,0.0,0.5687285,0.5343764,2.9492942e-06,25.159382,2.8061516,0.0
3.5,0.5567993,0.39469352,0.0,0.5704933,0.52555674,2.7828555e-06,23.07145,4.538666,0.0
3.505,0.5567993,0.39469352,0.0,0.57215846,0.52311647,2.6258094e-06,21.226652,5.714159,0.0
3.5100000000000002,0.5567993,0.39469352,0.0,0.57372963,0.5208139,2.4776261e-06,19.825771,6.126397,0.0
3.515,0.5567993,0.39469352,0.0,0.5752122,0.51864123,2.3378052e-06,18.912292,5.7480726,0.0
3.52,0.40783566,0.37941703,0.0,0.5765854,0.5164027,2.2058748e-06,18.445192,4.644749,0.0
3.525,0.40783566,0.37941703,0.0,0.57758635,0.51212317,2.0813898e-06,18.338276,2.9290643,0.0
3.5300000000000002,0.40783566,0.37941703,0.0,0.57853085,0.50808513,1.96393e-06,18.50292,0.7127376,0.0
3.535,0.40783566,0.37941703,0.0,0.57942206,0.50427496,1.8530986e-06,18.530611,2.1031742e-10,0.0
3.54,0.121950194,0.47173765,0.0,0.58009356,0.5004727,1.748522e-06,18.664946,1.9367334e-08,0.0
3.545,0.121950194,0.47173765,0.0,0.578779,0.49450323,1.6498469e-06,18.985832,3.5737422e-08,0.0
3.5500000000000003,0.121950194,0.47173765,0.0,0.5775386,0.48887062,1.5567405e-06,20.339314,8.147377e-08,0.0
3.555,0.121950194,0.47173765,0.0,0.5763682,0.48355588,1.4688883e-06,22.729229,1.5116107e-07,0.0
3.56,0.113454886,0.3225776,0.0,0.57459134,0.4784721,1.3859939e-06,25.579748,3.076048e-07,0.0
3.565,0.113454886,0.3225776,0.0,0.5651807,0.4728821,1.3077776e-06,28.467426,1.7944413e-07,0.0
3.5700000000000003,0.113454886,0.3225776,0.0,0.5563012,0.46760753,1.2339752e-06,31.08636,0.009979742,0.0
3.575,0.113454886,0.3225776,0.0,0.5479228,0.46263063,1.1643378e-06,33.220936,0.24918468,0.0
3.58,0.35206127,0.3334379,0.08536277,0.5387265,0.4583514,1.0986303e-06,34.790443,0.879204,0.0
3.585,0.35206127,0.3334379,0.08536277,0.5152064,0.45910683,1.0366308e-06,35.812588,1.8762257,0.0
3.59,0.35206127,0.3334379,0.08536277,0.49301362,0.45981964,9.781302e-07,37.108746,2.3203561,0.0
3.595,0.35206127,0.3334379,0.08536277,0.47207326,0.46049222,9.2293095e-07,38.618538,2.3005834,0.0
3.6,0.37944734,0.38509753,0.0,0.45227626,0.46045342,8.708468e-07,39.87266,2.3537424,0.0
3.605,0.37944734,0.38509753,0.0,0.43315542,0.45267263,8.21702e-07,39.744713,3.7359173,0.0
3.61,0.37944734,0.38509753,0.0,0.41511363,0.44533092,7.7533053e-07,38.239105,6.4040666,0.0
3.615,0.37944734,0.38509753,0.0,0.39809,0.43840352,7.31576e-07,35.959927,9.652273,0.0
3.62,0.18408567,0.5814814,0.010506678,0.3831043,0.4319161,0.00038607526,33.339195,12.985647,0.0
3.625,0.18408567,0.5814814,0.010506678,0.38135242,0.42635864,0.0051816,30.675587,16.07316,0.0
3.63,0.18408567,0.5814814,0.010506678,0.37969944,0.4211148,0.009706496,28.235714,18.63139,0.0
3.6350000000000002,0.18408567,0.5814814,0.010506678,0.37813973,0.4161669,0.0139760375,26.187452,20.495352,0.0
3.64,0.098052986,0.5172938,0.35426188,0.3767917,0.41173145,0.017619248,24.589674,21.623264,0.0
3.645,0.098052986,0.5172938,0.35426188,0.37694156,0.4102284,0.016624935,23.437551,22.04201,0.0
3.65,0.098052986,0.5172938,0.35426188,0.37708297,0.40881017,0.015686734,21.935936,22.631855,0.0
3.6550000000000002,0.098052986,0.5172938,0.35426188,0.3772164,0.40747198,0.014801478,20.044285,23.423702,0.0
3.66,0.39693844,0.44782963,0.29563308,0.3764603,0.40709594,0.0140136145,18.148586,23.991411,0.0
3.665,0.39693844,0.44782963,0.29563308,0.36560395,0.4169371,0.013815707,17.208853,23.302303,0.0
3.67,0.39693844,0.44782963,0.29563308,0.35536027,0.42622292,0.013628967,17.962038,20.593737,0.0
3.6750000000000003,0.39693844,0.44782963,0.29563308,0.34569466,0.43498468,0.0134527655,19.817741,16.548235,0.0
3.68,0.44859937,0.3772562,0.21568502,0.3361861,0.4429622,0.01483845,21.928188,12.108823,0.0
3.685,0.44859937,0.3772562,0.21568502,0.32274744,0.447157,0.03399327,23.780073,7.841947,0.0
3.69,0.44859937,0.3772562,0.21568502,0.31006718,0.45111504,0.05206712,25.095247,4.048618,0.0
3.6950000000000003,0.44859937,0.3772562,0.21568502,0.2981025,0.45484975,0.069121,25.773998,0.8268644,0.0
3.7,0.5181252,0.50564873,0.3396472,0.28816238,0.4580601,0.08494779,25.521177,0.017869057,0.0
3.705,0.5181252,0.50564873,0.3396472,0.29430097,0.45748276,0.096837476,24.829082,0.097605966,0.0
3.71,0.5181252,0.50564873,0.3396472,0.30009314,0.456938,0.10805619,22.565487,1.6862307,0.0
3.715,0.5181252,0.50564873,0.3396472,0.30555844,0.456424,0.118641794,18.972565,4.45777,0.0
3.72,0.39776453,0.58568484,0.3131386,0.31094855,0.45562038,0.12826908,15.0666485,7.2432814,0.0
3.725,0.39776453,0.58568484,0.3131386,0.31871665,0.451198,0.13320225,11.495113,9.32396,0.0
3.73,0.39776453,0.58568484,0.3131386,0.32604638,0.4470252,0.13785703,8.686296,10.249722,0.0
3.735,0.39776453,0.58568484,0.3131386,0.33296245,0.4430879,0.14224914,6.869832,9.803989,0.0
3.74,0.50973284,0.6,0.1193226,0.33980212,0.43995246,0.14695302,6.06238,8.007581,0.0
3.745,0.50973284,0.6,0.1193226,0.3498655,0.44365993,0.1578274,6.1066117,5.06823,0.0
3.75,0.50973284,0.6,0.1193226,0.35936096,0.44715816,0.16808812,7.603225,0.34226298,0.0
3.755,0.50973284,0.6,0.1193226,0.36832058,0.45045897,0.1777698,9.270538,1.6196287e-07,0.0
3.7600000000000002,0.6,0.38589823,0.25347784,0.3762312,0.45393485,0.18678541,11.533419,1.470671e-07,0.0
3.765,0.6,0.38589823,0.25347784,0.37744638,0.46136996,0.19391596,13.9645,1.7861962e-07,0.0
3.77,0.6,0.38589823,0.25347784,0.378593,0.4683855,0.2006441,16.186077,0.004426944,0.0
3.775,0.6,0.38589823,0.25347784,0.3796749,0.4750051,0.20699255,17.959442,0.1732956,0.0
3.7800000000000002,0.6,0.41301858,0.6,0.38120127,0.48131576,0.21210772,19.203953,0.6722859,0.0
3.785,0.6,0.41301858,0.6,0.38845474,0.4880135,0.20687154,19.964983,1.4454709,0.0
3.79,0.6,0.41301858,0.6,0.39529887,0.4943333,0.20193085,20.360268,2.3568566,0.0
3.795,0.6,0.41301858,0.6,0.40175676,0.5002964,0.197269,20.514544,3.2660582,0.0
3.8000000000000003,0.3287254,0.6,0.6,0.40825775,0.5049564,0.19347587,20.526514,4.0651307,0.0
3.805,0.3287254,0.6,0.6,0.4190784,0.49823758,0.19686198,20.47603,4.6697106,0.0
3.81,0.3287254,0.6,0.6,0.42928845,0.49189788,0.20005701,19.534218,6.006684,0.0
3.815,0.3287254,0.6,0.6,0.4389223,0.48591596,0.20307173,17.86194,7.872147,0.0
3.8200000000000003,0.3038615,0.6,0.5835116,0.44801244,0.48039407,0.20748076,16.10732,9.5344095,0.0
3.825,0.3038615,0.6,0.5835116,0.4565896,0.47659183,0.22963196,14.6577,10.572694,0.0
3.83,0.3038615,0.6,0.5835116,0.46468276,0.47300416,0.2505331,13.700321,10.799265,0.0
3.835,0.3038615,0.6,0.5835116,0.4723192,0.46961898,0.2702547,13.408409,9.415162,0.0
3.84,0.6,0.6,0.6,0.47829995,0.46726897,0.28886336,13.815849,5.5854874,0.0
3.845,0.6,0.6,0.6,0.46985894,0.47475943,0.30642188,14.576724,2.4814748e-08,0.0
3.85,0.6,0.6,0.6,0.4618943,0.48182717,0.3229895,15.799707,8.707902e-08,0.0
3.855,0.6,0.6,0.6,0.45437914,0.48849607,0.33862215,18.701674,5.3375214e-08,0.0
3.86,0.14772585,0.6,0.6,0.44717583,0.49478862,0.35329816,22.297333,2.6514917e-07,0.0
3.865,0.14772585,0.6,0.6,0.4390881,0.50072604,0.36628988,25.889034,1.3149621e-07,0.0
3.87,0.14772585,0.6,0.6,0.4314568,0.5063284,0.37854844,29.024908,3.251278e-07,0.0
3.875,0.14772585,0.6,0.6,0.42425618,0.5116146,0.3901152,31.462097,1.6833998e-07,0.0
3.88,0.0,0.6,0.6,0.41879886,0.5166025,0.40110365,33.12044,1.2597921e-07,0.0
3.8850000000000002,0.0,0.6,0.6,0.42902467,0.5213089,0.41232803,34.035946,4.4751285e-08,0.0
3.89,0.0,0.6,0.6,0.43867338,0.5257497,0.422919,33.712154,-1.640641e-08,0.0
3.895,0.0,0.6,0.6,0.4477776,0.5299399,0.4329123,32.292667,-7.1843644e-08,0.0
3.9,0.0,0.6,0.6,0.45432615,0.53389364,0.44234163,30.307072,1.2144365e-07,0.0
3.9050000000000002,0.0,0.6,0.6,0.43702364,0.53762424,0.45123884,28.148287,-3.0395146e-08,0.0
3.91,0.0,0.6,0.6,0.42069757,0.5411443,0.45963395,26.681417,-3.2496647e-08,0.0
3.915,0.0,0.6,0.6,0.40529284,0.5444657,0.46755528,25.998549,-6.051158e-09,0.0
3.92,0.0,0.6,0.6,0.39009053,0.54759973,0.4750296,25.725073,7.189171e-09,0.0
3.9250000000000003,0.0,0.6,0.6,0.36807638,0.55055684,0.4820821,25.580492,-4.883695e-08,0.0
3.93,0.0,0.6,0.6,0.34730458,0.5533471,0.4887366,25.326336,-2.6996776e-08,0.0
3.935,0.0,0.6,0.6,0.327705,0.5559799,0.49501556,24.800571,-1.2661887e-08,0.0
3.94,0.0,0.46020514,0.6,0.3092115,0.5584641,0.5009402,23.931608,-4.0597666e-08,0.0
3.9450000000000003,0.0,0.46020514,0.6,0.29176164,0.5608081,0.50653046,22.713406,-2.9948172e-08,0.0
3.95,0.0,0.46020514,0.6,0.27529654,0.5630199,0.5118053,21.184885,-1.14197974e-07,0.0
3.955,0.0,0.46020514,0.6,0.25976062,0.5651068,0.5167824,19.414082,-8.455603e-08,0.0
3.96,0.0,0.59175014,0.6,0.24510144,0.56707597,0.52147865,17.48368,-8.458181e-08,0.0
3.9650000000000003,0.0,0.59175014,0.6,0.23126952,0.56893396,0.5259099,15.475634,-1.03985215e-07,0.0
3.97,0.0,0.59175014,0.6,0.21821819,0.5706871,0.53009105,13.462232,4.453182e-08,0.0
3.975,0.0,0.59175014,0.6,0.2059034,0.5723413,0.5340363,11.504669,1.9829011e-08,0.0
3.98,0.32229397,0.6,0.53452706,0.19428356,0.5732711,0.5377588,9.653579,-2.0809676e-08,0.0
3.985,0.32229397,0.6,0.53452706,0.18331948,0.5668904,0.5412713,7.9535036,-8.9029434e-08,0.0
3.99,0.32229397,0.6,0.53452706,0.17297414,0.5608698,0.5445856,5.5805683,2.5265432e-08,0.0
3.995,0.32229397,0.6,0.53452706,0.16321261,0.55518895,0.5477128,2.5687811,-2.288084e-07,0.0
4.0,0.0,0.10083527,0.5947626,0.15400197,0.55042255,0.55066353,-1.9205788e-07,-5.526883e-08,0.0
4.005,0.0,0.10083527,0.5947626,0.14531112,0.5527548,0.5534478,-7.680925e-09,2.0116153e-09,0.0
4.01,0.0,0.10083527,0.5947626,0.13711071,0.5549555,0.55607486,0.43023527,1.2178692e-09,0.0
4.015,0.0,0.10083527,0.5947626,0.12937309,0.5570319,0.5585537,1.2227703,3.2578168e-08,0.0
4.0200000000000005,0.0,0.0,0.6,0.12352718,0.55902845,0.56059706,2.0089386,1.4091323e-08,0.0
4.025,0.0,0.0,0.6,0.13474427,0.56134063,0.55912584,2.5556142,3.7747396e-09,0.0
4.03,0.0,0.0,0.6,0.14532834,0.56352234,0.55773765,2.6346607,1.6266469e-08,0.0
4.035,0.0,0.0,0.6,0.15531512,0.5655809,0.5564278,2.3443215,-4.667531e-08,0.0
4.04,0.29339263,0.0,0.6,0.16328324,0.5652697,0.5554638,1.9347656,-8.279444e-08,0.0
4.045,0.29339263,0.0,0.6,0.15406862,0.5390601,0.55768156,0.7082578,-3.5771336e-08,0.0
4.05,0.29339263,0.0,0.6,0.145374,0.5143296,0.55977416,-1.1940146e-08,2.0486565e-08,0.0
4.055,0.29339263,0.0,0.6,0.13717005,0.49099472,0.5617487,-9.355539e-09,-5.875255e-10,0.0
4.0600000000000005,0.6,0.21543856,0.6,0.12942907,0.46852145,0.5636354,7.379186e-09,1.2890782e-08,0.0
4.065,0.6,0.21543856,0.6,0.12212495,0.44208118,0.5656876,3.1135414e-08,-8.9809376e-08,0.0
4.07,0.6,0.21543856,0.6,0.11523302,0.41713303,0.567624,3.2120623e-10,1.9316769e-08,0.0
4.075,0.6,0.21543856,0.6,0.108730026,0.3935928,0.5694511,2.2109212e-08,-3.480077e-08,0.0
4.08,0.6,0.24450432,0.104361914,0.10391859,0.371381,0.5711751,0.010796942,-3.559761e-08,0.0
4.085,0.6,0.24450432,0.104361914,0.11461125,0.3504227,0.57280177,0.10904003,4.0040703e-08,0.0
4.09,0.6,0.24450432,0.104361914,0.124700494,0.33064717,0.57433665,0.26322085,6.9339063e-09,0.0
4.095,0.6,0.24450432,0.104361914,0.13422036,0.31198764,0.5757849,0.57599247,2.4721523e-08,0.0
4.1,0.23132624,0.5568402,0.3599772,0.14458723,0.29535374,0.5771515,1.1651975,-1.2938788e-08,0.0
4.105,0.23132624,0.5568402,0.3599772,0.17028773,0.29084384,0.5784409,2.0367458,-6.2175324e-08,0.0
4.11,0.23132624,0.5568402,0.3599772,0.19453786,0.28658846,0.57965755,3.1826725,1.9543357e-08,0.0
4.115,0.23132624,0.5568402,0.3599772,0.21741948,0.28257322,0.58080554,4.5636225,7.14297e-08,0.0
4.12,0.6,0.49863228,0.24593654,0.2390098,0.2789158,0.5796511,6.1032486,3.9260048e-08,0.0
4.125,0.6,0.49863228,0.24593654,0.2593817,0.27697384,0.5528289,7.720983,1.8057001e-08,0.0
4.13,0.6,0.49863228,0.24593654,0.27860397,0.27514148,0.52752036,9.360129,1.3424946e-07,0.0
4.135,0.6,0.49863228,0.24593654,0.29674146,0.27341253,0.50364006,10.993838,1.9762969e-07,0.0
4.14,0.6,0.33874026,0.55181295,0.31219092,0.27319124,0.48226145,12.609686,2.039863e-08,0.0
4.1450000000000005,0.6,0.33874026,0.55181295,0.30762744,0.28919852,0.47536054,14.182596,8.5360746e-08,0.0
4.15,0.6,0.33874026,0.55181295,0.3033215,0.30430245,0.46884906,16.455643,2.6769348e-07,0.0
4.155,0.6,0.33874026,0.55181295,0.29925856,0.318554,0.46270505,19.381266,9.4394515e-08,0.0
4.16,0.3766574,0.5308544,0.6,0.29708934,0.33173853,0.4563929,22.374887,1.8316732e-07,0.0
4.165,0.3766574,0.5308544,0.6,0.31418362,0.3411569,0.44451615,25.034048,1.717136e-07,0.0
4.17,0.3766574,0.5308544,0.6,0.3303132,0.35004377,0.4333096,26.768408,3.119012e-08,0.0
4.175,0.3766574,0.5308544,0.6,0.34553257,0.35842913,0.4227355,27.579569,4.365298e-08,0.0
4.18,0.2791932,0.6,0.6,0.35989302,0.36561942,0.41413906,27.793251,-3.7406863e-08,0.0
4.1850000000000005,0.2791932,0.6,0.6,0.37344307,0.36410254,0.42190847,27.664078,-1.362152e-08,0.0
4.19,0.2791932,0.6,0.6,0.38622844,0.36267126,0.42923942,26.826233,2.1193607e-08,0.0
4.195,0.2791932,0.6,0.6,0.3982923,0.36132073,0.43615666,25.39209,7.1844073e-09,0.0
4.2,0.48333862,0.6,0.4547599,0.40866703,0.36091378,0.44290107,23.780396,1.4701749e-08,0.0
4.205,0.48333862,0.6,0.4547599,0.40686062,0.3705041,0.4517667,22.274141,-5.7593482e-08,0.0
4.21,0.48333862,0.6,0.4547599,0.40515614,0.37955323,0.460132,22.18817,1.4271868e-08,0.0
4.215,0.48333862,0.6,0.4547599,0.40354785,0.38809168,0.46802524,23.608347,1.0595258e-07,0.0
4.22,0.0,0.6,0.38911024,0.40159032,0.39646044,0.47547302,25.824842,1.2353136e-07,0.0
4.225,0.0,0.6,0.38911024,0.39468303,0.40794688,0.4825005,28.305273,1.4796049e-07,0.0
4.23,0.0,0.6,0.38911024,0.38816556,0.4187851,0.4891314,30.645721,2.4293971e-09,0.0
4.235,0.0,0.6,0.38911024,0.38201588,0.42901167,0.4953881,32.58427,7.748253e-08,0.0
4.24,0.0,0.6,0.6,0.3771349,0.43866113,0.500636,33.987484,1.2058987e-07,0.0
4.245,0.0,0.6,0.6,0.38312832,0.44776604,0.49804702,34.818737,9.157376e-08,0.0
4.25,0.0,0.6,0.6,0.3887835,0.45635712,0.4956042,34.546165,1.0785094e-08,0.0
4.255,0.0,0.6,0.6,0.3941196,0.46446338,0.49329922,33.2359,-2.6528506e-09,0.0
4.26,0.0,0.6,0.6,0.39697242,0.47211218,0.49082792,31.329247,7.9019316e-08,0.0
4.265,0.0,0.6,0.6,0.37456992,0.47932932,0.48508763,29.158213,-3.0284244e-08,0.0
4.2700000000000005,0.0,0.6,0.6,0.35343167,0.48613918,0.4796713,27.452475,-1.4078785e-07,0.0
4.275,0.0,0.6,0.6,0.33348632,0.49256474,0.47456062,26.272839,-1.5184012e-08,0.0
4.28,0.0,0.6,0.6,0.31466654,0.49862766,0.47069046,25.299719,4.8904123e-08,0.0
4.285,0.0,0.6,0.6,0.29690883,0.50434846,0.47798783,24.31664,-4.8789268e-08,0.0
4.29,0.0,0.6,0.6,0.28015324,0.5097464,0.48487338,23.199114,4.3970296e-08,0.0
4.295,0.0,0.6,0.6,0.26434323,0.5148397,0.49137038,21.886946,3.8790272e-08,0.0
4.3,0.0,0.39531714,0.6,0.24942544,0.5196456,0.49750072,20.370163,-7.598615e-08,0.0
4.305,0.0,0.39531714,0.6,0.2353495,0.52418023,0.5032851,18.67365,2.1167843e-08,0.0
4.3100000000000005,0.0,0.39531714,0.6,0.22206794,0.528459,0.50874305,16.840595,-9.770808e-08,0.0
4.315,0.0,0.39531714,0.6,0.20953588,0.53249633,0.513893,14.922409,-2.5539237e-08,0.0
4.32,0.0,0.43161157,0.6,0.19771105,0.5363058,0.51875234,12.975461,-3.8529148e-08,0.0
4.325,0.0,0.43161157,0.6,0.18655354,0.53990024,0.5233374,11.060021,9.6512316e-08,0.0
4.33,0.0,0.43161157,0.6,0.17602569,0.54329187,0.52766377,9.2366,5.932311e-08,0.0
4.335,0.0,0.43161157,0.6,0.16609196,0.5464921,0.531746,7.5611444,-1.1440639e-07,0.0
4.34,0.41984114,0.58016753,0.6,0.15671882,0.5485877,0.5355978,6.0792828,-4.1482497e-08,0.0
4.345,0.41984114,0.58016753,0.6,0.14787464,0.5399381,0.53923225,4.826269,-8.01327e-09,0.0
4.3500000000000005,0.41984114,0.58016753,0.6,0.13952957,0.53177667,0.5426616,3.0065606,-5.448098e-09,0.0
4.355,0.41984114,0.58016753,0.6,0.13165544,0.5240758,0.5458974,0.63663024,-3.191869e-08,0.0
4.36,0.29696387,0.6,0.54811114,0.124225676,0.5169734,0.5489506,1.2618256e-08,-2.5474193e-08,0.0
4.365,0.29696387,0.6,0.54811114,0.1172152,0.5121561,0.5518315,-3.0765814e-09,2.073404e-08,0.0
4.37,0.29696387,0.6,0.54811114,0.110600345,0.50761074,0.5545498,-1.5760964e-08,-1.3729714e-08,0.0
4.375,0.29696387,0.6,0.54811114,0.10435879,0.5033218,0.5571147,-3.6722825e-09,-4.6391108e-08,0.0
4.38,0.0,0.37523517,0.6,0.100364916,0.49994564,0.5595349,7.388646e-09,5.120361e-09,0.0
4.385,0.0,0.37523517,0.6,0.11839405,0.50447285,0.5618185,1.9724475e-09,3.8539977e-08,0.0
4.39,0.0,0.37523517,0.6,0.13540573,0.50874454,0.5639732,0.15281111,-2.9898114e-08,0.0
4.3950000000000005,0.0,0.37523517,0.6,0.1514574,0.5127752,0.5660063,0.5571668,2.6759306e-08,0.0
4.4,0.0,0.0,0.6,0.16604845,0.5166679,0.56769043,1.1971313,4.399827e-08,0.0
4.405,0.0,0.0,0.6,0.17343646,0.5213706,0.5665855,2.0002687,-1.3823447e-08,0.0
4.41,0.0,0.0,0.6,0.18040754,0.5258079,0.56554294,2.8243103,4.5649844e-09,0.0
4.415,0.0,0.0,0.6,0.18698521,0.52999485,0.5645592,3.5470934,3.6108503e-08,0.0
4.42,0.26571274,0.0,0.48872146,0.19185099,0.53293073,0.56386524,4.104925,9.500541e-08,0.0
4.425,0.26571274,0.0,0.48872146,0.18102418,0.52403146,0.56590444,4.4794264,6.714072e-08,0.0
4.43,0.26571274,0.0,0.48872146,0.17080837,0.51563436,0.5678286,4.137314,-4.5719275e-08,0.0
4.4350000000000005,0.26571274,0.0,0.48872146,0.16116908,0.5077112,0.56964415,3.0555415,-1.2502753e-08,0.0
4.44,0.6,0.21746022,0.5347987,0.15207376,0.49854103,0.57135725,1.6085378,3.807878e-08,0.0
4.445,0.6,0.21746022,0.5347987,0.14349172,0.47040665,0.57297367,0.1320597,8.576902e-08,0.0
4.45,0.6,0.21746022,0.5347987,0.13539399,0.44386,0.57449883,3.851724e-09,-1.3220224e-08,0.0
4.455,0.6,0.21746022,0.5347987,0.12775324,0.41881147,0.5759379,2.3309957e-08,-1.24416575e-08,0.0
4.46,0.6,0.21425502,0.1316528,0.1217433,0.3951765,0.57679343,0.039747365,-1.8547867e-08,0.0
4.465,0.6,0.21425502,0.1316528,0.12986799,0.37287533,0.57182324,0.18681617,3.9699085e-08,0.0
4.47,0.6,0.21425502,0.1316528,0.13753417,0.35183272,0.56713355,0.34892714,-5.4146675e-08,0.0
4.4750000000000005,0.6,0.21425502,0.1316528,0.14476773,0.3319776,0.5627085,0.6163923,-1.3244281e-08,0.0
4.48,0.2636449,0.5246157,0.41792038,0.15310226,0.31422475,0.55874115,1.1319975,5.87768e-09,0.0
4.485,0.2636449,0.5246157,0.41792038,0.17832223,0.308764,0.55739,1.9283438,1.1242188e-07,0.0
4.49,0.2636449,0.5246157,0.41792038,0.20211895,0.30361143,0.5561151,3.015016,3.2711334e-08,0.0
4.495,0.2636449,0.5246157,0.41792038,0.22457273,0.29874963,0.55491215,4.3608155,2.1800462e-07,0.0
4.5,0.6,0.43405405,0.30233586,0.24575937,0.29414773,0.551957,5.8886595,3.1382704e-08,0.0
4.505,0.6,0.43405405,0.30233586,0.26575038,0.28963912,0.5282378,7.5158167,1.2448974e-07,0.0
4.51,0.6,0.43405405,0.30233586,0.28461322,0.28538492,0.50585717,9.1832695,2.6818984e-07,0.0
4.515,0.6,0.43405405,0.30233586,0.3024116,0.28137082,0.48473954,10.857419,8.743266e-08,0.0
4.5200000000000005,0.6,0.3328447,0.57132465,0.31768698,0.27898443,0.46610606,12.518773,1.2148449e-07,0.0
4.525,0.6,0.3328447,0.57132465,0.31463718,0.29284623,0.46338677,14.139216,-3.9857797e-09,0.0
4.53,0.6,0.3328447,0.57132465,0.3117595,0.3059258,0.46082094,16.496956,1.0386951e-07,0.0
4.535,0.6,0.3328447,0.57132465,0.30904424,0.3182672,0.45839992,19.548101,1.4547479e-07,0.0
4.54,0.36787605,0.5509732,0.6,0.30800074,0.3295033,0.4555937,22.700884,3.0525027e-07,0.0
4.545,0.36787605,0.5509732,0.6,0.32447925,0.33540344,0.44694483,25.551243,1.0368645e-07,0.0
4.55,0.36787605,0.5509732,0.6,0.34002784,0.34097064,0.43878406,27.487486,1.2317585e-07,0.0
4.555,0.36787605,0.5509732,0.6,0.35469896,0.34622365,0.43108383,28.502563,4.1621178e-08,0.0
4.5600000000000005,0.27361456,0.6,0.56169456,0.36854213,0.3507233,0.42503253,28.922329,7.567086e-08,0.0
4.565,0.27361456,0.6,0.56169456,0.3816041,0.34971434,0.43328828,28.997375,2.9214872e-08,0.0
4.57,0.27361456,0.6,0.56169456,0.39392895,0.34876233,0.44107813,28.36698,2.2390003e-08,0.0
4.575,0.27361456,0.6,0.56169456,0.40555823,0.34786406,0.4484284,27.128279,-5.0255785e-08,0.0
4.58,0.45918143,0.6,0.4025945,0.41548327,0.34800124,0.4554933,25.674982,8.5161735e-09,0.0
4.585,0.45918143,0.6,0.4025945,0.41279662,0.35945565,0.46364832,24.837826,2.9634423e-08,0.0
4.59,0.45918143,0.6,0.4025945,0.4102616,0.37026364,0.4713431,25.389515,1.554581e-08,0.0
4.595,0.45918143,0.6,0.4025945,0.40786964,0.3804617,0.47860366,27.0562,1.2852539e-07,0.0
4.6000000000000005,0.0,0.6,0.31209573,0.4051871,0.39030558,0.48528153,29.232403,5.7102728e-08,0.0
4.605,0.0,0.6,0.31209573,0.397762,0.40213937,0.48959377,31.488413,9.6729835e-08,0.0
4.61,0.0,0.6,0.31209573,0.39075595,0.4133053,0.49366266,33.50367,8.929009e-08,0.0
4.615,0.0,0.6,0.31209573,0.38414526,0.42384112,0.49750194,35.070545,1.5637599e-07,0.0
4.62,0.0,0.6,0.6,0.3787454,0.43378237,0.50040627,36.091892,-1.1054617e-08,0.0
4.625,0.0,0.6,0.6,0.3832847,0.4431626,0.49488643,36.5577,-1.8565173e-08,0.0
4.63,0.0,0.6,0.6,0.3875678,0.45201346,0.48967808,35.947018,1.305521e-07,0.0
4.635,0.0,0.6,0.6,0.3916092,0.46036485,0.48476365,34.330597,-4.0259938e-08,0.0
4.64,0.0,0.6,0.6,0.39334947,0.46824494,0.479718,32.150936,3.8528363e-08,0.0
4.6450000000000005,0.0,0.6,0.6,0.37115142,0.47568032,0.4702585,29.73882,-1.5697898e-07,0.0
4.65,0.0,0.6,0.6,0.35020608,0.48269612,0.46133283,27.823267,7.023414e-08,0.0
4.655,0.0,0.6,0.6,0.33044276,0.489316,0.45291087,26.467999,-4.142567e-08,0.0
4.66,0.0,0.6,0.6,0.31179476,0.49556226,0.446264,25.354969,1.1945556e-07,0.0
4.665,0.0,0.6,0.6,0.2941991,0.501456,0.45493984,24.26653,-5.4588817e-08,0.0
4.67,0.0,0.6,0.6,0.27759644,0.5070172,0.4631261,23.075012,7.0654553e-09,0.0
4.675,0.0,0.6,0.6,0.26193073,0.51226455,0.47085035,21.7165,-6.355419e-08,0.0
4.68,0.0,0.46415675,0.6,0.2471491,0.5172158,0.47813872,20.176023,-4.4876128e-08,0.0
4.6850000000000005,0.0,0.46415675,0.6,0.23320162,0.5218876,0.48501575,18.473007,-6.452699e-08,0.0
4.69,0.0,0.46415675,0.6,0.22004126,0.5262957,0.4915047,16.645292,-1.0415829e-07,0.0
4.695,0.0,0.46415675,0.6,0.20762359,0.5304551,0.49762747,14.739868,4.3487745e-08,0.0
4.7,0.0,0.40920082,0.6,0.19590668,0.5343798,0.5034047,12.8101015,-9.5927604e-08,0.0
4.705,0.0,0.40920082,0.6,0.184851,0.53808296,0.5088559,10.914363,1.326246e-07,0.0
4.71,0.0,0.40920082,0.6,0.17441924,0.54157716,0.51399946,9.112074,-6.468936e-08,0.0
4.715,0.0,0.40920082,0.6,0.16457617,0.5448742,0.5188528,7.4585023,-8.674083e-09,0.0
4.72,0.39573377,0.51864564,0.6,0.15528858,0.54737186,0.5234322,5.998637,-1.693658e-08,0.0
4.7250000000000005,0.39573377,0.51864564,0.6,0.14652511,0.54267573,0.5277532,4.764466,-1.7643713e-09,0.0
4.73,0.39573377,0.51864564,0.6,0.1382562,0.53824466,0.5318303,2.9410613,-1.913015e-08,0.0
4.735,0.39573377,0.51864564,0.6,0.13045394,0.53406364,0.5356774,0.526163,9.046921e-08,0.0
4.74,0.24970788,0.52278155,0.5431882,0.12309198,0.52987045,0.5393073,3.4967262e-10,-1.9191656e-08,0.0
4.745,0.24970788,0.52278155,0.5431882,0.116145484,0.5230607,0.5427324,-1.3263066e-08,-2.3941725e-08,0.0
4.75,0.24970788,0.52278155,0.5431882,0.109591,0.5166352,0.54596424,5.5723537e-09,1.5716674e-08,0.0
4.755,0.24970788,0.52278155,0.5431882,0.10340641,0.5105723,0.5490137,1.8206235e-08,-3.816112e-08,0.0
4.76,0.0,0.4477122,0.6,0.09935744,0.5053457,0.551891,1.5755779e-08,6.9643926e-09,0.0
4.765,0.0,0.4477122,0.6,0.11608297,0.50609624,0.55460596,1.3486095e-08,-8.726962e-09,0.0
4.7700000000000005,0.0,0.4477122,0.6,0.1318646,0.50680447,0.5571677,0.13271731,3.559626e-08,0.0
4.775,0.0,0.4477122,0.6,0.14675565,0.5074727,0.55958486,0.50026685,6.7098355e-08,0.0
4.78,0.07030698,0.016662491,0.6,0.16014707,0.5081219,0.56160915,1.1049775,-5.6572528e-08,0.0
4.785,0.07030698,0.016662491,0.6,0.16520129,0.5089492,0.5605696,1.8874172,1.0539132e-08,0.0
4.79,0.07030698,0.016662491,0.6,0.16997029,0.5097298,0.5595887,2.707071,2.1428718e-08,0.0
4.795,0.07030698,0.016662491,0.6,0.17447016,0.51046634,0.55866313,3.4379606,9.2425815e-08,0.0
4.8,0.3388759,0.0,0.5335732,0.17758873,0.5108224,0.55804634,4.012196,1.5191715e-07,0.0
4.805,0.3388759,0.0,0.5335732,0.16756679,0.5072609,0.56041396,4.4046392,6.571362e-08,0.0
4.8100000000000005,0.3388759,0.0,0.5335732,0.15811042,0.5039004,0.56264794,4.0682163,-4.4991786e-08,0.0
4.815,0.3388759,0.0,0.5335732,0.14918771,0.5007295,0.56475586,2.9580486,3.4611865e-08,0.0
4.82,0.53354925,0.14035381,0.3375402,0.14108595,0.4957915,0.5667448,1.4348613,-6.582988e-08,0.0
4.825,0.53354925,0.14035381,0.3375402,0.13709165,0.46875262,0.5686215,-4.1985654e-06,-4.510972e-08,0.0
4.83,0.53354925,0.14035381,0.3375402,0.13332276,0.44323963,0.5703923,-1.4214857e-08,-4.770747e-10,0.0
4.835,0.53354925,0.14035381,0.3375402,0.12976657,0.41916642,0.57206315,-4.717595e-09,3.3965204e-08,0.0
4.84,0.4643858,0.12815277,0.38633326,0.12762356,0.39637652,0.5733398,0.054203566,-2.7411797e-08,0.0
4.845,0.4643858,0.12815277,0.38633326,0.13954525,0.37400764,0.57109565,0.25682276,-8.962601e-09,0.0
4.8500000000000005,0.4643858,0.12815277,0.38633326,0.15079415,0.3529011,0.56897813,0.52164775,9.729954e-08,0.0
4.855,0.4643858,0.12815277,0.38633326,0.16140825,0.3329857,0.5669801,0.93607545,-2.7481578e-08,0.0
4.86,0.42755443,0.31981504,0.2782765,0.17230223,0.31482783,0.5642098,1.6345992,5.935054e-08,0.0
4.865,0.42755443,0.31981504,0.2782765,0.19268863,0.30498168,0.55141807,2.6318989,4.5551403e-08,0.0
4.87,0.42755443,0.31981504,0.2782765,0.21192455,0.29569116,0.5393482,3.8920832,3.0340125e-08,0.0
4.875,0.42755443,0.31981504,0.2782765,0.23007493,0.28692496,0.52795947,5.3425694,1.2015464e-07,0.0
4.88,0.53286,0.41866183,0.25245252,0.24688877,0.27859837,0.51743376,6.8993506,1.8654005e-07,0.0
4.885,0.53286,0.41866183,0.25245252,0.25916287,0.27010822,0.51003534,8.494372,1.389193e-07,0.0
4.89,0.53286,0.41866183,0.25245252,0.2707443,0.26209718,0.5030544,10.067471,1.1598262e-08,0.0
4.8950000000000005,0.53286,0.41866183,0.25245252,0.28167215,0.25453824,0.4964674,11.584074,1.3168176e-07,0.0
4.9,0.6,0.43740943,0.3635111,0.291817,0.24827117,0.48976433,13.036534,1.015375e-07,0.0
4.905,0.6,0.43740943,0.3635111,0.29947713,0.25230864,0.47782937,14.428038,4.7125486e-08,0.0
4.91,0.6,0.43740943,0.3635111,0.30670497,0.25611827,0.46656793,16.003262,8.408892e-08,0.0
4.915,0.6,0.43740943,0.3635111,0.3135249,0.2597129,0.455942,17.770786,8.134238e-08,0.0
4.92,0.6,0.6,0.6,0.3204354,0.26355094,0.44579914,19.592005,5.8023716e-08,0.0
4.925,0.6,0.6,0.6,0.33242324,0.2723044,0.43488795,21.378603,1.2039048e-07,0.0
4.93,0.6,0.6,0.6,0.34373456,0.28056383,0.4245925,23.105734,1.5907597e-07,0.0
4.9350000000000005,0.6,0.6,0.6,0.35440755,0.28835717,0.41487804,24.740334,1.1522474e-07,0.0
4.94,0.24374354,0.6,0.3826176,0.36478135,0.29579535,0.40621322,26.230087,-1.2872851e-08,0.0
4.945,0.24374354,0.6,0.3826176,0.37805554,0.3037871,0.4038034,27.543018,5.0015508e-08,0.0
4.95,0.24374354,0.6,0.3826176,0.39058062,0.31132787,0.40152958,28.683231,2.7284386e-08,0.0
4.955,0.24374354,0.6,0.3826176,0.40239888,0.3184431,0.39938408,29.669752,1.0154406e-08,0.0
4.96,0.5332378,0.6,0.461918,0.4135502,0.3258908,0.3984273,30.5218,2.4214119e-08,0.0
4.965,0.5332378,0.6,0.461918,0.4240722,0.34135973,0.40980273,31.254107,6.474947e-08,0.0
4.97,0.5332378,0.6,0.461918,0.4340004,0.3559557,0.42053622,31.845697,2.116073e-08,0.0
4.9750000000000005,0.5332378,0.6,0.461918,0.44336832,0.36972794,0.43066397,32.273308,4.610907e-08,0.0
4.98,0.0,0.6,0.6,0.4505992,0.38272297,0.4392388,32.534847,1.0493305e-08,0.0
4.985,0.0,0.6,0.6,0.43892562,0.39498466,0.43604347,32.636303,-7.1188047e-09,0.0
4.99,0.0,0.6,0.6,0.42791083,0.40655437,0.43302846,33.20703,4.5507385e-08,0.0
4.995,0.0,0.6,0.6,0.41751763,0.41747117,0.4301836,34.230682,3.0833822e-09,0.0
5.0,0.0,0.6,0.6,0.40901795,0.4277719,0.42785728,35.30447,7.14293e-08,0.0
5.005,0.0,0.6,0.6,0.4160281,0.43749133,0.42977944,36.17655,2.8022338e-08,0.0
5.01,0.0,0.6,0.6,0.42264265,0.44666225,0.43159312,36.134014,-3.0680436e-08,0.0
5.015,0.0,0.6,0.6,0.4288839,0.45531562,0.43330446,35.1419,-3.8318216e-08,0.0
5.0200000000000005,0.0,0.6,0.6,0.43236557,0.46348065,0.4355426,33.58689,-1.0336195e-07,0.0
5.025,0.0,0.6,0.6,0.4079657,0.4711849,0.4448235,31.75991,9.603592e-09,0.0
5.03,0.0,0.6,0.6,0.3849428,0.47845438,0.45358065,30.407253,-8.6953875e-09,0.0
5.035,0.0,0.6,0.6,0.36321917,0.48531362,0.46184358,29.57278,5.355889e-09,0.0
5.04,0.0,0.6,0.6,0.34272146,0.49178576,0.46964023,28.899021,-3.0621454e-08,0.0
5.045,0.0,0.6,0.6,0.32338053,0.49789268,0.47699687,28.14659,-5.927169e-09,0.0
5.05,0.0,0.6,0.6,0.30513108,0.50365496,0.48393837,27.173256,-2.136228e-09,0.0
5.055,0.0,0.6,0.6,0.2879115,0.50909203,0.4904881,25.911358,-8.339127e-08,0.0
5.0600000000000005,0.0,0.49937275,0.6,0.27166367,0.51422226,0.49666825,24.351473,-1.8732975e-07,0.0
5.065,0.0,0.49937275,0.6,0.25633276,0.519063,0.50249964,22.527367,-5.793817e-08,0.0
5.07,0.0,0.49937275,0.6,0.24186702,0.52363056,0.5080019,20.501799,-6.27926e-08,0.0
5.075,0.0,0.49937275,0.6,0.22821765,0.52794033,0.51319367,18.35029,-1.8450818e-07,0.0
5.08,0.0,0.6,0.6,0.21533854,0.5320069,0.51809245,16.146168,-1.6017863e-07,0.0
5.085,0.0,0.6,0.6,0.20318626,0.535844,0.5227148,13.95497,6.9568614e-08,0.0
5.09,0.0,0.6,0.6,0.19171977,0.5394646,0.52707624,11.837259,-3.1564554e-08,0.0
5.095,0.0,0.6,0.6,0.18090037,0.54288083,0.5311916,9.84979,1.8686162e-08,0.0
5.1000000000000005,0.36141503,0.5958893,0.5813364,0.17069153,0.54564995,0.5350747,8.043483,8.029811e-08,0.0
5.105,0.36141503,0.5958893,0.5813364,0.16105883,0.54303837,0.53873867,6.4622293,1.4361435e-08,0.0
5.11,0.36141503,0.5958893,0.5813364,0.15196973,0.5405742,0.54219586,4.3016295,-9.226436e-08,0.0
5.115,0.36141503,0.5958893,0.5813364,0.14339356,0.5382491,0.54545796,1.5675877,1.6549487e-07,0.0
5.12,0.07814732,0.0,0.4656285,0.13530138,0.53650945,0.54853594,2.4651452e-09,7.629677e-09,0.0
5.125,0.07814732,0.0,0.4656285,0.12766586,0.54009247,0.55144024,4.683554e-09,1.9850411e-08,0.0
5.13,0.07814732,0.0,0.4656285,0.12046124,0.54347324,0.5541806,0.33340222,5.6899193e-08,0.0
5.135,0.07814732,0.0,0.4656285,0.113663204,0.5466632,0.5567664,0.93597186,3.521578e-08,0.0
5.14,0.0,0.050727583,0.6,0.108880475,0.54965466,0.55912197,1.511817,3.8999474e-08,0.0
5.1450000000000005,0.0,0.050727583,0.6,0.123131864,0.55226386,0.56037563,1.8818767,-4.5856732e-10,0.0
5.15,0.0,0.050727583,0.6,0.13657899,0.55472577,0.56155854,1.8861737,8.2426155e-09,0.0
5.155,0.0,0.050727583,0.6,0.14926726,0.55704874,0.5626747,1.6445978,2.47111e-08,0.0
5.16,0.26357168,0.043316353,0.48293957,0.15996061,0.5565504,0.5632055,1.3871295,-1.4746626e-09,0.0
5.165,0.26357168,0.043316353,0.48293957,0.1553436,0.5251424,0.5576989,0.3983182,4.2519446e-09,0.0
5.17,0.26357168,0.043316353,0.48293957,0.15098716,0.4955068,0.55250305,2.1218563e-08,-8.609606e-09,0.0
5.175,0.26357168,0.043316353,0.48293957,0.14687656,0.46754366,0.54760045,-2.2867885e-08,1.9474463e-08,0.0
5.18,0.6,0.18561083,0.5463159,0.14264512,0.4413876,0.5435811,1.9677422e-09,-8.797624e-08,0.0
5.1850000000000005,0.6,0.18561083,0.5463159,0.13459517,0.41934133,0.546765,0.05137687,-2.1712692e-08,0.0
5.19,0.6,0.18561083,0.5463159,0.12699951,0.3985392,0.5497693,0.19593596,2.0117893e-08,0.0
5.195,0.6,0.18561083,0.5463159,0.11983249,0.378911,0.55260396,0.4392413,2.5071346e-08,0.0
5.2,0.50630605,0.07853249,0.1741287,0.11425988,0.36035702,0.5547502,0.7711948,6.59243e-08,0.0
5.205,0.50630605,0.07853249,0.1741287,0.12268605,0.34246534,0.5506977,1.181019,1.035248e-07,0.0
5.21,0.50630605,0.07853249,0.1741287,0.1306367,0.32558334,0.54687387,1.5212219,8.661484e-08,0.0
5.215,0.50630605,0.07853249,0.1741287,0.13813868,0.30965406,0.5432658,1.844062,-1.4938092e-08,0.0
5.22,0.24975511,0.4091226,0.39013973,0.14673616,0.29526612,0.54014754,2.2780733,5.2414553e-08,0.0
5.2250000000000005,0.24975511,0.4091226,0.39013973,0.17231539,0.2890779,0.54049563,2.8753128,2.9019398e-08,0.0
5.23,0.24975511,0.4091226,0.39013973,0.1964511,0.28323892,0.5408241,3.7134767,4.8847856e-08,0.0
5.235,0.24975511,0.4091226,0.39013973,0.21922474,0.27772942,0.54113406,4.82449,3.1922487e-09,0.0
5.24,0.6,0.6,0.16816698,0.24029018,0.27204743,0.53974617,6.173745,-6.261825e-08,0.0
5.245,0.6,0.6,0.16816698,0.25530237,0.26112673,0.5191131,7.693685,1.7461439e-07,0.0
5.25,0.6,0.6,0.16816698,0.26946735,0.2508223,0.4996445,9.307886,6.880596e-08,0.0
5.255,0.6,0.6,0.16816698,0.28283298,0.2410994,0.48127452,11.20642,2.6224209e-08,0.0
5.26,0.6,0.4283759,0.08210373,0.29428607,0.2334177,0.46491644,13.363837,2.0272846e-07,0.0
5.265,0.6,0.4283759,0.08210373,0.29177305,0.24333332,0.46069652,15.606855,1.450278e-07,0.0
5.2700000000000005,0.6,0.4283759,0.08210373,0.28940183,0.2526894,0.45671475,18.230284,2.2601937e-07,0.0
5.275,0.6,0.4283759,0.08210373,0.28716442,0.26151747,0.4529577,21.138773,1.8435738e-07,0.0
5.28,0.6,0.41925058,0.6,0.28663453,0.27070907,0.4484105,24.015413,1.2720828e-07,0.0
5.285,0.6,0.41925058,0.6,0.30431882,0.28929207,0.4325954,26.67782,-1.6649562e-08,0.0
5.29,0.6,0.41925058,0.6,0.3210051,0.30682638,0.4176728,28.556633,7.0551984e-08,0.0
5.295,0.6,0.41925058,0.6,0.33674973,0.32337117,0.40359235,29.566534,1.4392434e-08,0.0
5.3,0.3702276,0.6,0.59314036,0.35160583,0.33820745,0.38991794,29.951897,3.3030172e-08,0.0
5.305,0.3702276,0.6,0.59314036,0.36562356,0.34329596,0.37254694,29.914957,1.5918227e-08,0.0
5.3100000000000005,0.3702276,0.6,0.59314036,0.37885022,0.34809732,0.35615623,29.653952,-2.7176876e-09,0.0
5.315,0.3702276,0.6,0.59314036,0.39133045,0.35262772,0.34069052,29.328981,4.1877982e-08,0.0
5.32,0.31678757,0.6,0.58285505,0.4031064,0.35686126,0.32843572,29.045092,-1.0318206e-08,0.0
5.325,0.31678757,0.6,0.58285505,0.41421777,0.3603821,0.34376103,28.865215,1.32452564e-08,0.0
5.33,0.31678757,0.6,0.58285505,0.4247021,0.36370426,0.35822147,28.824697,-5.139234e-09,0.0
5.335,0.31678757,0.6,0.58285505,0.43459478,0.36683893,0.37186587,28.932884,3.864378e-09,0.0
5.34,0.47588578,0.6,0.5147584,0.4428918,0.3706127,0.3847093,29.179981,4.1226302e-09,0.0
5.345,0.47588578,0.6,0.5147584,0.43879113,0.38355783,0.39647177,29.537773,1.1977277e-09,0.0
5.3500000000000005,0.47588578,0.6,0.5147584,0.43492186,0.3957724,0.40757045,30.580227,4.333585e-08,0.0
5.355,0.47588578,0.6,0.5147584,0.43127096,0.40729767,0.41804278,32.238125,6.102883e-08,0.0
5.36,0.104445115,0.6,0.6,0.4275848,0.4181725,0.4278777,34.060715,5.2694997e-08,0.0
5.365,0.104445115,0.6,0.6,0.42133212,0.42843366,0.4366236,35.74175,1.3063676e-07,0.0
5.37,0.104445115,0.6,0.6,0.4154323,0.43811575,0.44487596,37.079792,-3.4891676e-09,0.0
5.375,0.104445115,0.6,0.6,0.40986544,0.44725144,0.4526626,37.96859,1.5989725e-08,0.0
5.38,0.0,0.6,0.6,0.40533102,0.45587155,0.45970234,38.38166,5.2370863e-09,0.0
5.385,0.0,0.6,0.6,0.40931267,0.4640052,0.46280935,38.349434,-4.516923e-08,0.0
5.39,0.0,0.6,0.6,0.4130696,0.47167987,0.465741,37.325184,-1.08001885e-07,0.0
5.3950000000000005,0.0,0.6,0.6,0.41661453,0.4789214,0.46850723,35.368107,-8.33986e-09,0.0
5.4,0.0,0.6,0.6,0.41828248,0.48575428,0.47150218,32.925285,1.0860779e-07,0.0
5.405,0.0,0.6,0.6,0.40057155,0.49220157,0.47875375,30.328299,1.3781458e-10,0.0
5.41,0.0,0.6,0.6,0.38386014,0.498285,0.4855961,28.372143,-2.6836279e-08,0.0
5.415,0.0,0.6,0.6,0.3680918,0.5040251,0.4920523,27.150343,9.058271e-09,0.0
5.42,0.0,0.6,0.6,0.35274178,0.5094413,0.49814415,26.326303,-5.8776795e-08,0.0
5.425,0.0,0.6,0.6,0.33283535,0.5145519,0.50389224,25.651518,-4.8575185e-08,0.0
5.43,0.0,0.6,0.6,0.3140523,0.519374,0.5093159,24.921932,-6.0099794e-08,0.0
5.4350000000000005,0.0,0.6,0.6,0.29632926,0.523924,0.5144335,23.999838,-3.279719e-08,0.0
5.44,0.0,0.46321574,0.6,0.2796064,0.5282172,0.5192623,22.823294,5.17082e-08,0.0
5.445,0.0,0.46321574,0.6,0.26382726,0.53226817,0.5238186,21.386206,-1.2630227e-07,0.0
5.45,0.0,0.46321574,0.6,0.24893859,0.5360905,0.5281178,19.721403,3.5677676e-08,0.0
5.455,0.0,0.46321574,0.6,0.23489013,0.5396971,0.53217435,17.884834,-6.4264874e-08,0.0
5.46,0.0,0.56712157,0.6,0.22163448,0.54310024,0.536002,15.940281,9.773826e-08,0.0
5.465,0.0,0.56712157,0.6,0.20912689,0.54631126,0.5396136,13.951464,-7.492773e-08,0.0
5.47,0.0,0.56712157,0.6,0.19732514,0.5493411,0.54302144,11.980487,-2.9625564e-08,0.0
5.4750000000000005,0.0,0.56712157,0.6,0.18618941,0.55219996,0.54623693,10.086613,5.1959304e-08,0.0
5.48,0.3226319,0.6,0.5988924,0.17568211,0.5542799,0.549271,8.324689,-1.2332451e-08,0.0
5.485,0.3226319,0.6,0.5988924,0.16576777,0.5491409,0.5521338,6.7453,1.4036631e-08,0.0
5.49,0.3226319,0.6,0.5988924,0.15641293,0.5442918,0.5548351,4.550741,7.688334e-08,0.0
5.495,0.3226319,0.6,0.5988924,0.14758602,0.5397164,0.5573839,1.7683713,-1.8014659e-07,0.0
5.5,0.0,0.010532535,0.54547775,0.13925724,0.53586835,0.5597889,2.3551802e-08,-4.315759e-09,0.0
5.505,0.0,0.010532535,0.54547775,0.13139847,0.53763205,0.56205815,-2.026275e-09,-4.3564047e-08,0.0
5.51,0.0,0.010532535,0.54547775,0.123983204,0.53929627,0.5641993,0.3712728,1.3600796e-07,0.0
5.515,0.0,0.010532535,0.54547775,0.11698641,0.54086655,0.5662197,1.0542656,1.8197127e-08,0.0
5.5200000000000005,0.0,0.0,0.6,0.111841045,0.5424966,0.568121,1.7310622,3.0619887e-09,0.0
5.525,0.0,0.0,0.6,0.123736694,0.54574174,0.56985754,2.2017932,1.3937567e-08,0.0
5.53,0.0,0.0,0.6,0.13496102,0.5488037,0.57149607,2.2690072,8.657355e-09,0.0
5.535,0.0,0.0,0.6,0.14555193,0.55169284,0.57304215,2.0264225,2.6073264e-08,0.0
5.54,0.2598086,0.0,0.53891903,0.15408859,0.55175775,0.5742598,1.6985302,4.567522e-09,0.0
5.545,0.2598086,0.0,0.53891903,0.14539284,0.52121454,0.57263553,1.4528434,-1.7725638e-08,0.0
5.55,0.2598086,0.0,0.53891903,0.13718782,0.492395,0.5711029,0.82973933,9.826848e-09,0.0
5.555,0.2598086,0.0,0.53891903,0.12944585,0.46520188,0.5696568,-4.8592995e-07,-9.232058e-08,0.0
5.5600000000000005,0.6,0.24892698,0.6,0.12214078,0.4394958,0.5685384,9.3236805e-09,-6.1963012e-09,0.0
5.565,0.6,0.24892698,0.6,0.11524796,0.41469356,0.57031393,3.1502516e-08,1.05392735e-08,0.0
5.57,0.6,0.24892698,0.6,0.10874412,0.391291,0.57198924,-3.8777284e-09,2.4257954e-08,0.0
5.575,0.6,0.24892698,0.6,0.10260732,0.3692091,0.57356995,0.022537591,-2.1245762e-08,0.0
5.58,0.6,0.24026684,0.09067868,0.09798979,0.34837338,0.5747857,0.13358368,2.8237675e-08,0.0
5.585,0.6,0.24026684,0.09067868,0.10712178,0.32871348,0.57276165,0.3895348,3.1881736e-08,0.0
5.59,0.6,0.24026684,0.09067868,0.11573842,0.31016305,0.5708518,0.6905715,9.457823e-08,0.0
5.595,0.6,0.24026684,0.09067868,0.12386879,0.2926595,0.5690497,1.0806811,-7.161316e-08,0.0
5.6000000000000005,0.26648986,0.49193218,0.37048048,0.13307619,0.27726755,0.5676251,1.6449422,-7.456079e-08,0.0
5.605,0.26648986,0.49193218,0.37048048,0.1594263,0.2756682,0.5694521,2.3883052,2.328714e-08,0.0
5.61,0.26648986,0.49193218,0.37048048,0.18428938,0.2741591,0.57117605,3.3481936,2.9902147e-08,0.0
5.615,0.26648986,0.49193218,0.37048048,0.20774935,0.27273518,0.57280266,4.5335345,1.488912e-07,0.0
5.62,0.6,0.51149154,0.26332825,0.2298854,0.2713525,0.5720381,5.8988767,1.3532173e-07,0.0
5.625,0.6,0.51149154,0.26332825,0.25077224,0.26959822,0.54487336,7.378018,8.9615256e-08,0.0
5.63,0.6,0.51149154,0.26332825,0.27048036,0.26794294,0.51924163,8.923635,6.933146e-08,0.0
5.635,0.6,0.51149154,0.26332825,0.28907627,0.26638108,0.49505636,10.509469,4.6353147e-08,0.0
5.64,0.6,0.37086454,0.5416332,0.30511707,0.26604354,0.47349918,12.116738,3.803116e-08,0.0
5.6450000000000005,0.6,0.37086454,0.5416332,0.3029372,0.27879122,0.4676855,13.714582,1.2445672e-07,0.0
5.65,0.6,0.37086454,0.5416332,0.30088037,0.2908195,0.46219987,16.007399,2.8826571e-08,0.0
5.655,0.6,0.37086454,0.5416332,0.2989396,0.30216897,0.45702383,18.973455,1.6171728e-07,0.0
5.66,0.36831605,0.5671204,0.6,0.29861403,0.31296626,0.45165613,22.09194,1.9713156e-08,0.0
5.665,0.36831605,0.5671204,0.6,0.31562227,0.32416973,0.44102815,24.973728,2.0965325e-07,0.0
5.67,0.36831605,0.5671204,0.6,0.33167067,0.33474094,0.43099993,26.980406,1.4806504e-07,0.0
5.675,0.36831605,0.5671204,0.6,0.3468134,0.34471557,0.42153764,28.063242,6.975052e-08,0.0
5.68,0.27647513,0.6,0.56727433,0.3611016,0.3534924,0.4138658,28.518179,8.8468495e-09,0.0
5.6850000000000005,0.27647513,0.6,0.56727433,0.37458345,0.3544728,0.42107615,28.582155,2.8467799e-08,0.0
5.69,0.27647513,0.6,0.56727433,0.38730448,0.35539782,0.4278796,28.466347,-1.4551495e-08,0.0
5.695,0.27647513,0.6,0.56727433,0.3993076,0.35627067,0.4342991,28.32922,-3.1529076e-08,0.0
5.7,0.4809901,0.6,0.42703393,0.40958738,0.35798028,0.44061986,28.268755,4.579982e-08,0.0
5.705,0.4809901,0.6,0.42703393,0.4072583,0.36978278,0.44961423,28.330276,1.0026696e-09,0.0
5.71,0.4809901,0.6,0.42703393,0.40506065,0.38091922,0.458101,29.08234,6.579135e-08,0.0
5.715,0.4809901,0.6,0.42703393,0.40298703,0.3914272,0.46610886,30.475294,1.2859047e-07,0.0
5.72,0.0,0.6,0.39062434,0.4006158,0.4014906,0.47351706,32.097843,1.07673195e-07,0.0
5.7250000000000005,0.0,0.6,0.39062434,0.39361012,0.41269317,0.4788081,33.66331,1.3725928e-07,0.0
5.73,0.0,0.6,0.39062434,0.3869998,0.42326355,0.48380056,34.95289,-1.2060805e-08,0.0
5.735,0.0,0.6,0.39062434,0.38076252,0.4332374,0.48851126,35.830853,9.959043e-09,0.0
5.74,0.0,0.6,0.6,0.37580055,0.44264838,0.49232298,36.247066,-5.702012e-09,0.0
5.745,0.0,0.6,0.6,0.38173676,0.45152828,0.4886385,36.216816,-9.913117e-09,0.0
5.75,0.0,0.6,0.6,0.38733795,0.45990705,0.48516193,35.235195,2.3350446e-09,0.0
5.755,0.0,0.6,0.6,0.39262307,0.467813,0.48188156,33.372818,-1.4198305e-07,0.0
5.76,0.0,0.6,0.6,0.3954384,0.47527274,0.47862193,31.061039,-3.165582e-09,0.0
5.765,0.0,0.6,0.6,0.37312245,0.48231152,0.47365594,28.615269,-5.141901e-09,0.0
5.7700000000000005,0.0,0.6,0.6,0.3520659,0.48895308,0.46897018,26.742468,8.456747e-08,0.0
5.775,0.0,0.6,0.6,0.3321976,0.49521983,0.46454886,25.48127,5.0027992e-08,0.0
5.78,0.0,0.6,0.6,0.31345057,0.5011329,0.4613223,24.49143,-5.8618156e-08,0.0
5.785,0.0,0.6,0.6,0.2957615,0.5067123,0.46914837,23.540098,5.3579054e-08,0.0
5.79,0.0,0.6,0.6,0.27907068,0.51197684,0.4765328,22.486694,3.8571873e-08,0.0
5.795,0.0,0.6,0.6,0.26332176,0.5169443,0.48350045,21.258379,9.239623e-09,0.0
5.8,0.0,0.3761355,0.6,0.24846162,0.5216314,0.49007493,19.8331,-4.467571e-08,0.0
5.805,0.0,0.3761355,0.6,0.23444009,0.526054,0.49627838,18.226341,2.3222592e-08,0.0
5.8100000000000005,0.0,0.3761355,0.6,0.22120984,0.53022707,0.50213176,16.475243,1.0971973e-07,0.0
5.815,0.0,0.3761355,0.6,0.20872621,0.5341646,0.5076548,14.628257,-2.9294345e-08,0.0
5.82,0.0,0.4259959,0.6,0.19694708,0.53787994,0.51286614,12.741179,9.9898294e-08,0.0
5.825,0.0,0.4259959,0.6,0.1858327,0.5413856,0.5177834,10.874665,2.0974154e-08,0.0
5.83,0.0,0.4259959,0.6,0.17534553,0.5446934,0.52242315,9.090122,-5.809403e-08,0.0
5.835,0.0,0.4259959,0.6,0.16545019,0.54781455,0.52680105,7.4448495,-5.845461e-09,0.0
5.84,0.44740817,0.4714768,0.6,0.15611327,0.5497489,0.5309319,5.9861407,3.814756e-08,0.0
5.845,0.44740817,0.4714768,0.6,0.14730327,0.5399513,0.5348296,4.7497687,-2.6142716e-08,0.0
5.8500000000000005,0.44740817,0.4714768,0.6,0.13899045,0.53070664,0.5385074,2.9451926,-2.955945e-08,0.0
5.855,0.44740817,0.4714768,0.6,0.13114674,0.5219837,0.54197764,0.59562176,9.347848e-08,0.0
5.86,0.2945093,0.6,0.48692045,0.12374569,0.51397806,0.545252,6.7488934e-09,-4.4242643e-08,0.0
5.865,0.2945093,0.6,0.48692045,0.116762295,0.50901294,0.54834163,4.458563e-10,-1.6471345e-08,0.0
5.87,0.2945093,0.6,0.48692045,0.110173,0.504328,0.5512569,1.4097998e-09,5.773041e-10,0.0
5.875,0.2945093,0.6,0.48692045,0.10395557,0.49990746,0.55400765,1.37235014e-08,1.6009475e-08,0.0
5.88,0.0,0.41153714,0.6,0.1001089,0.4959417,0.55660313,-2.1516648e-09,2.1127795e-08,0.0
5.885,0.0,0.41153714,0.6,0.11970818,0.49456105,0.55905217,1.4813122e-08,-1.6060167e-08,0.0
5.89,0.0,0.41153714,0.6,0.13820142,0.49325833,0.561363,-3.031833e-09,-1.3432071e-09,0.0
5.8950000000000005,0.0,0.41153714,0.6,0.155651,0.49202913,0.5635434,-4.2339114e-09,9.8824e-10,0.0
5.9,0.0,0.0,0.6,0.17142557,0.49144953,0.56509024,-9.378617e-09,-3.212416e-08,0.0
5.905,0.0,0.0,0.6,0.1783716,0.4975754,0.56067884,2.438777e-08,4.666137e-08,0.0
5.91,0.0,0.0,0.6,0.18492565,0.50335556,0.5565164,0.5530047,-5.6761484e-09,0.0
5.915,0.0,0.0,0.6,0.19110982,0.50880957,0.5525889,1.6856368,-6.172348e-08,0.0
5.92,0.25003636,0.0,0.2594454,0.1956154,0.5131049,0.5493935,3.027539,4.1854218e-08,0.0
5.925,0.25003636,0.0,0.2594454,0.18457615,0.5073731,0.5522494,4.281711,-4.9266763e-08,0.0
5.93,0.25003636,0.0,0.2594454,0.17415988,0.50196475,0.5549441,4.7345166,2.4383855e-08,0.0
5.9350000000000005,0.25003636,0.0,0.2594454,0.16433145,0.4968616,0.5574868,4.242661,1.4186965e-08,0.0
5.94,0.6,0.0889989,0.6,0.15505767,0.4901885,0.5598859,3.1146362,1.0553335e-09,0.0
5.945,0.6,0.0889989,0.6,0.14630723,0.4625255,0.5621497,1.6858867,7.012405e-08,0.0
5.95,0.6,0.0889989,0.6,0.13805062,0.4364236,0.56428576,0.34571132,4.8666404e-08,0.0
5.955,0.6,0.0889989,0.6,0.13025995,0.41179472,0.5663012,2.0725815e-06,-3.8478458e-08,0.0
5.96,0.6,0.27955514,0.15993989,0.124037765,0.38855574,0.5666655,0.093044505,9.068571e-09,0.0
5.965,0.6,0.27955514,0.15993989,0.1311483,0.3666282,0.54932797,0.34670976,8.867884e-08,0.0
5.97,0.6,0.27955514,0.15993989,0.13785756,0.34593812,0.5329689,0.62161994,-1.7681842e-07,0.0
5.9750000000000005,0.6,0.27955514,0.15993989,0.1441882,0.32641566,0.517533,0.9716294,8.109741e-08,0.0
5.98,0.27550375,0.50046504,0.4306851,0.15174153,0.3083967,0.50450575,1.5202577,8.2062584e-08,0.0
5.985,0.27550375,0.50046504,0.4306851,0.17703828,0.29601532,0.50989485,2.2980812,9.221269e-08,0.0
5.99,0.27550375,0.50046504,0.4306851,0.20090745,0.2843327,0.5149798,3.3591406,7.95703e-08,0.0
5.995,0.27550375,0.50046504,0.4306851,0.2234296,0.27330935,0.5197778,4.711154,2.0021165e-08,0.0
6.0,0.6,0.4410812,0.29830226,0.24468076,0.26376837,0.52231824,6.2933936,9.263247e-08,0.0
6.005,0.6,0.4410812,0.29830226,0.26473263,0.2646593,0.501868,8.027173,1.1396279e-07,0.0
6.01,0.6,0.4410812,0.29830226,0.2836529,0.26549992,0.48257184,10.088529,1.6906085e-07,0.0
6.015000000000001,0.6,0.4410812,0.29830226,0.30150545,0.2662931,0.46436462,12.450441,1.2580018e-07,0.0
6.0200000000000005,0.6,0.37757036,0.5298357,0.31688553,0.26803887,0.44840723,14.947974,1.5671407e-07,0.0
6.025,0.6,0.37757036,0.5298357,0.31455022,0.28115547,0.44740713,17.456638,1.8439549e-07,0.0
6.03,0.6,0.37757036,0.5298357,0.3123467,0.29353186,0.44646344,20.330402,1.6388735e-07,0.0
6.035,0.6,0.37757036,0.5298357,0.31026754,0.30520982,0.445573,23.444263,1.3381057e-07,0.0
6.04,0.35645437,0.5782721,0.6,0.3097707,0.31596065,0.44413516,26.3773,1.5041735e-07,0.0
6.045,0.35645437,0.5782721,0.6,0.32614934,0.32302162,0.4359053,28.877567,1.7228969e-07,0.0
6.05,0.35645437,0.5782721,0.6,0.34160367,0.32968414,0.4281399,30.436657,1.0809172e-07,0.0
6.055,0.35645437,0.5782721,0.6,0.35618585,0.33597064,0.42081273,31.093576,-5.435194e-10,0.0
6.0600000000000005,0.27833828,0.6,0.57207763,0.3699451,0.34161565,0.41494435,31.185328,6.718008e-08,0.0
6.065,0.27833828,0.6,0.57207763,0.3829279,0.3436447,0.42142805,30.96257,-9.710835e-09,0.0
6.07,0.27833828,0.6,0.57207763,0.39517802,0.34555924,0.42754588,30.623636,4.369486e-09,0.0
6.075,0.27833828,0.6,0.57207763,0.40673682,0.34736574,0.43331844,30.307081,-9.593474e-10,0.0
6.08,0.4750885,0.6,0.42435575,0.41654378,0.3499764,0.439082,30.09583,1.9014154e-08,0.0
6.085,0.4750885,0.6,0.42435575,0.41315272,0.3628599,0.44816315,30.024305,-1.2769616e-08,0.0
6.09,0.4750885,0.6,0.42435575,0.40995306,0.37501636,0.45673183,30.659454,1.6995775e-08,0.0
6.095,0.4750885,0.6,0.42435575,0.40693393,0.38648677,0.46481693,31.944143,9.914305e-08,0.0
6.1000000000000005,0.0,0.6,0.3735221,0.40373254,0.39740795,0.47231972,33.45604,5.4680754e-08,0.0
6.105,0.0,0.6,0.3735221,0.39665613,0.40884092,0.4779494,34.90229,1.3982995e-07,0.0
6.11,0.0,0.6,0.3735221,0.38997903,0.41962868,0.48326138,36.069317,6.646921e-08,0.0
6.115,0.0,0.6,0.3735221,0.38367876,0.42980766,0.4882736,36.830143,-1.4546735e-08,0.0
6.12,0.0,0.6,0.6,0.3786223,0.4394122,0.49233603,37.140057,1.40783305e-08,0.0
6.125,0.0,0.6,0.6,0.38406622,0.44847474,0.48849967,37.017197,2.7467424e-09,0.0
6.13,0.0,0.6,0.6,0.38920292,0.45702583,0.48487982,35.95148,-6.7405374e-08,0.0
6.135,0.0,0.6,0.6,0.39404973,0.46509436,0.48146424,34.01075,4.984975e-08,0.0
6.140000000000001,0.0,0.6,0.6,0.39647815,0.47270754,0.4780119,31.62557,-1.2330419e-08,0.0
6.1450000000000005,0.0,0.6,0.6,0.37410355,0.4798911,0.4721152,29.110388,-1.3216975e-07,0.0
6.15,0.0,0.6,0.6,0.3529916,0.48666924,0.46655124,27.17546,-7.877884e-08,0.0
6.155,0.0,0.6,0.6,0.33307108,0.49306488,0.4613013,25.860777,-5.068237e-08,0.0
6.16,0.0,0.6,0.6,0.31427476,0.49909958,0.4573701,24.826332,1.8801043e-08,0.0
6.165,0.0,0.6,0.6,0.29653916,0.50479376,0.4654192,23.83776,-6.2194246e-08,0.0
6.17,0.0,0.6,0.6,0.27980444,0.5101666,0.47301406,22.753248,1.0494717e-08,0.0
6.175,0.0,0.6,0.6,0.26401412,0.5152362,0.4801803,21.49871,5.4535157e-08,0.0
6.18,0.0,0.37491173,0.6,0.2491149,0.5200197,0.48694214,20.051302,4.9996736e-08,0.0
6.1850000000000005,0.0,0.37491173,0.6,0.2350565,0.5245333,0.49332237,18.42586,-8.042363e-09,0.0
6.19,0.0,0.37491173,0.6,0.22179146,0.52879214,0.49934256,16.658823,-2.377202e-08,0.0
6.195,0.0,0.37491173,0.6,0.209275,0.5328106,0.505023,14.79773,-1.7342582e-07,0.0
6.2,0.0,0.43458506,0.6,0.1974649,0.5366024,0.5103829,12.897255,-1.9495465e-08,0.0
6.205,0.0,0.43458506,0.6,0.18632129,0.54018015,0.5154403,11.017254,-3.2820626e-08,0.0
6.21,0.0,0.43458506,0.6,0.17580654,0.543556,0.5202123,9.218664,1.2407222e-07,0.0
6.215,0.0,0.43458506,0.6,0.16588518,0.5467413,0.524715,7.558512,-9.545793e-08,0.0
6.22,0.40404305,0.5928338,0.6,0.15652372,0.5487307,0.5289636,6.083898,-2.8495291e-08,0.0
6.2250000000000005,0.40404305,0.5928338,0.6,0.14769055,0.5389215,0.53297246,4.8321843,1.0289723e-08,0.0
6.23,0.40404305,0.5928338,0.6,0.13935587,0.5296658,0.536755,3.0154388,9.168009e-08,0.0
6.235,0.40404305,0.5928338,0.6,0.13149154,0.52093256,0.54032415,0.6574439,5.9360907e-08,0.0
6.24,0.23547833,0.6,0.58633065,0.124071024,0.5129615,0.5436919,9.5472545e-09,7.599314e-09,0.0
6.245,0.23547833,0.6,0.58633065,0.117069274,0.5085385,0.5468695,-4.8010436e-09,-3.8744368e-08,0.0
6.25,0.23547833,0.6,0.58633065,0.11046266,0.504365,0.54986787,-6.59497e-10,-1.2875351e-08,0.0
6.255,0.23547833,0.6,0.58633065,0.10422888,0.5004271,0.552697,1.4485964e-08,1.6511468e-08,0.0
6.26,0.0,0.37901747,0.6,0.10017101,0.49742588,0.55536646,2.933382e-10,7.122429e-08,0.0
6.265000000000001,0.0,0.37901747,0.6,0.11731954,0.50281006,0.5578853,9.953683e-09,-1.5084735e-08,0.0
6.2700000000000005,0.0,0.37901747,0.6,0.13350032,0.5078904,0.56026196,0.15116669,4.5400665e-08,0.0
6.275,0.0,0.37901747,0.6,0.14876798,0.51268405,0.56250453,0.54441696,-2.9076594e-08,0.0
6.28,0.07447259,0.0,0.6,0.162413,0.5172395,0.5645588,1.1577011,7.572827e-08,0.0
6.285,0.07447259,0.0,0.6,0.16653633,0.52190995,0.56578743,1.917301,1.642031e-08,0.0
6.29,0.07447259,0.0,0.6,0.17042696,0.5263168,0.56694674,2.675641,-4.657262e-09,0.0
6.295,0.07447259,0.0,0.6,0.17409803,0.530475,0.56804067,3.3040478,3.5625867e-08,0.0
6.3,0.33854923,0.0,0.6,0.17649882,0.5334009,0.56913453,3.7392273,-6.767234e-08,0.0
6.305,0.33854923,0.0,0.6,0.16653839,0.5246885,0.57087636,3.9688904,-5.8053185e-08,0.0
6.3100000000000005,0.33854923,0.0,0.6,0.15714006,0.51646775,0.5725199,3.4596996,8.192011e-08,0.0
6.315,0.33854923,0.0,0.6,0.14827211,0.508711,0.5740707,2.2203965,1.0911896e-08,0.0
6.32,0.6,0.23535664,0.39714667,0.14024083,0.4996808,0.575534,0.6596414,1.6875507e-08,0.0
6.325,0.6,0.23535664,0.39714667,0.13652931,0.4714821,0.57691467,7.3912276e-09,1.4626309e-08,0.0
6.33,0.6,0.23535664,0.39714667,0.13302724,0.44487476,0.57821745,1.7979023e-08,8.872545e-09,0.0
6.335,0.6,0.23535664,0.39714667,0.1297228,0.41976896,0.57944673,-1.1005015e-08,5.4305932e-08,0.0
6.34,0.44895807,0.15265217,0.13695921,0.12779707,0.39607996,0.58060664,0.050883785,-9.320262e-09,0.0
6.345,0.44895807,0.15265217,0.13695921,0.13969053,0.37372783,0.5817011,0.25285277,7.834546e-08,0.0
6.3500000000000005,0.44895807,0.15265217,0.13695921,0.1509128,0.35263708,0.58273375,0.5262707,1.4969645e-08,0.0
6.355,0.44895807,0.15265217,0.13695921,0.16150177,0.33273658,0.58370817,0.95584214,6.1247206e-08,0.0
6.36,0.4054478,0.45332882,0.24953257,0.17267352,0.3150217,0.58371174,1.6706116,8.2997e-08,0.0
6.365,0.4054478,0.45332882,0.24953257,0.19678901,0.31052592,0.57318324,2.6812742,1.2955898e-07,0.0
6.37,0.4054478,0.45332882,0.24953257,0.21954358,0.30628386,0.5632489,3.9472857,2.4218514e-07,0.0
6.375,0.4054478,0.45332882,0.24953257,0.24101403,0.3022812,0.55387515,5.4002104,4.943264e-09,0.0
6.38,0.6,0.41511428,0.26865283,0.26059094,0.29813105,0.5438558,6.965138,1.1991109e-07,0.0
6.385,0.6,0.41511428,0.26865283,0.27122113,0.28992116,0.5208932,8.578328,5.596093e-08,0.0
6.390000000000001,0.6,0.41511428,0.26865283,0.28125143,0.28217462,0.4992265,10.166466,6.33864e-08,0.0
6.3950000000000005,0.6,0.41511428,0.26865283,0.2907157,0.2748652,0.47878253,11.678122,-5.4399518e-08,0.0
6.4,0.6,0.48943993,0.6,0.2994494,0.26932576,0.46000051,13.095702,2.6058837e-08,0.0
6.405,0.6,0.48943993,0.6,0.30543128,0.2797097,0.4481231,14.41679,6.794884e-08,0.0
6.41,0.6,0.48943993,0.6,0.31107554,0.28950763,0.43691596,15.961743,1.8767707e-07,0.0
6.415,0.6,0.48943993,0.6,0.3164013,0.2987526,0.4263413,17.751694,1.37795e-07,0.0
6.42,0.4113716,0.6,0.6,0.32230484,0.30730334,0.4164497,19.588585,9.437764e-08,0.0
6.425,0.4113716,0.6,0.6,0.33797613,0.31338748,0.408109,21.302866,2.6601448e-08,0.0
6.43,0.4113716,0.6,0.6,0.35276303,0.31912827,0.40023902,22.837719,1.4979224e-07,0.0
6.4350000000000005,0.4113716,0.6,0.6,0.36671546,0.3245451,0.39281318,24.198246,1.6085983e-07,0.0
6.44,0.22823046,0.6,0.41565654,0.37988052,0.32999176,0.3873023,25.40092,1.3999343e-07,0.0
6.445,0.22823046,0.6,0.41565654,0.3923026,0.33898997,0.39930555,26.466482,8.396456e-08,0.0
6.45,0.22823046,0.6,0.41565654,0.40402368,0.3474804,0.41063142,27.40502,8.490988e-08,0.0
6.455,0.22823046,0.6,0.41565654,0.4150833,0.35549164,0.42131814,28.221827,6.875758e-08,0.0
6.46,0.58648986,0.6,0.55564785,0.42466718,0.36354995,0.43140176,28.926447,1.4079443e-08,0.0
6.465,0.58648986,0.6,0.55564785,0.42391688,0.37689364,0.44091633,29.524788,4.1806086e-08,0.0
6.47,0.58648986,0.6,0.55564785,0.4232089,0.3894843,0.44989395,30.633736,3.382411e-08,0.0
6.4750000000000005,0.58648986,0.6,0.55564785,0.42254087,0.40136442,0.45836496,32.253872,1.535841e-07,0.0
6.48,0.0,0.6,0.6,0.42108372,0.4125741,0.46552566,34.00083,1.9886666e-07,0.0
6.485,0.0,0.6,0.6,0.41020036,0.4231512,0.46271136,35.609123,9.0137355e-08,0.0
6.49,0.0,0.6,0.6,0.39993116,0.43313137,0.4600559,36.85706,8.246403e-08,0.0
6.495,0.0,0.6,0.6,0.3902415,0.44254833,0.4575503,37.60924,6.741843e-08,0.0
6.5,0.0,0.6,0.6,0.3827161,0.45143387,0.4558181,37.827972,-1.1776428e-07,0.0
6.505,0.0,0.6,0.6,0.39421573,0.45981798,0.46145183,37.54823,-2.6579833e-08,0.0
6.51,0.0,0.6,0.6,0.40506643,0.4677289,0.46676764,36.31919,-1.4161654e-08,0.0
6.515000000000001,0.0,0.6,0.6,0.41530478,0.4751934,0.47178346,34.265587,4.124581e-08,0.0
6.5200000000000005,0.0,0.6,0.6,0.42231753,0.48223668,0.47671646,31.849188,-2.769393e-08,0.0
6.525,0.0,0.6,0.6,0.3984847,0.48888248,0.48367378,29.397167,1.0368493e-08,0.0
6.53,0.0,0.6,0.6,0.37599686,0.49515322,0.49023846,27.633154,-4.4507136e-08,0.0
6.535,0.0,0.6,0.6,0.35477808,0.5010701,0.4964327,26.564459,-4.3598437e-08,0.0
6.54,0.0,0.6,0.6,0.33475673,0.506653,0.5022774,25.800455,-9.010598e-08,0.0
6.545,0.0,0.6,0.6,0.31586528,0.5119209,0.5077922,25.068693,-7.5926195e-08,0.0
6.55,0.0,0.6,0.6,0.2980399,0.51689154,0.5129958,24.1973,-3.4968977e-08,0.0
6.555,0.0,0.6,0.6,0.2812205,0.52158165,0.5179057,23.097904,-1.1955089e-08,0.0
6.5600000000000005,0.0,0.55818963,0.6,0.26535025,0.52600706,0.5225386,21.74384,7.580717e-08,0.0
6.565,0.0,0.55818963,0.6,0.25037563,0.5301827,0.52691,20.154156,-3.0555675e-08,0.0
6.57,0.0,0.55818963,0.6,0.23624608,0.53412277,0.5310347,18.376177,6.780725e-08,0.0
6.575,0.0,0.55818963,0.6,0.2229139,0.5378404,0.53492665,16.469246,-2.8301088e-09,0.0
6.58,0.0,0.55992216,0.6,0.2103341,0.5413483,0.53859895,14.4955,-1.4306536e-07,0.0
6.585,0.0,0.55992216,0.6,0.19846423,0.5446582,0.542064,12.517289,2.7317189e-08,0.0
6.59,0.0,0.55992216,0.6,0.18726422,0.5477813,0.54533356,10.596193,6.459614e-08,0.0
6.595,0.0,0.55992216,0.6,0.17669626,0.55072814,0.5484186,8.790579,-4.4110134e-08,0.0
6.6000000000000005,0.2602778,0.5759089,0.6,0.16672468,0.55332,0.5513295,7.1526732,1.0496084e-07,0.0
6.605,0.2602778,0.5759089,0.6,0.15731584,0.5535948,0.55407614,5.724645,3.7807816e-08,0.0
6.61,0.2602778,0.5759089,0.6,0.14843796,0.5538541,0.5566678,4.5381117,-1.3857088e-07,0.0
6.615,0.2602778,0.5759089,0.6,0.1400611,0.5540988,0.5591132,3.6058352,-2.5869882e-08,0.0
6.62,0.14995271,0.044309825,0.5530007,0.13215697,0.55433744,0.56142056,2.9082925,1.6776859e-08,0.0
6.625,0.14995271,0.044309825,0.5530007,0.1246989,0.55465263,0.56359774,2.402106,-6.5343717e-09,0.0
6.63,0.14995271,0.044309825,0.5530007,0.117661715,0.55495,0.5656521,2.0295405,9.002876e-09,0.0
6.635,0.14995271,0.044309825,0.5530007,0.11102166,0.5552306,0.5675904,1.7305663,2.2119602e-09,0.0
6.640000000000001,0.0,0.123282984,0.6,0.1059314,0.55556756,0.5694194,1.4558116,1.9349125e-08,0.0
6.6450000000000005,0.0,0.123282984,0.6,0.114641696,0.5567155,0.5711452,1.1807798,-3.2985277e-08,0.0
6.65,0.0,0.123282984,0.6,0.12286044,0.5577986,0.5727736,0.7801063,-4.2632312e-08,0.0
6.655,0.0,0.123282984,0.6,0.13061537,0.55882066,0.57431006,0.3363978,-2.4918567e-08,0.0
6.66,0.1318301,0.0,0.6,0.13743459,0.557385,0.57554764,0.017666651,-4.9400125e-08,0.0
6.665,0.1318301,0.0,0.6,0.13814102,0.52843046,0.57427526,5.781441e-09,3.457577e-08,0.0
6.67,0.1318301,0.0,0.6,0.1388076,0.5011099,0.57307464,2.3351336e-09,-3.7226737e-08,0.0
6.675,0.1318301,0.0,0.6,0.13943656,0.47533113,0.5719418,-1.441062e-08,7.594236e-08,0.0
6.68,0.47413272,0.030790258,0.53114766,0.13935304,0.45136365,0.5710851,3.3964596e-08,-8.3740685e-09,0.0
6.6850000000000005,0.47413272,0.030790258,0.53114766,0.13148887,0.43284893,0.5727169,3.017462e-08,-8.186844e-08,0.0
6.69,0.47413272,0.030790258,0.53114766,0.124068506,0.41537908,0.5742566,0.0050828294,-4.246428e-08,0.0
6.695,0.47413272,0.030790258,0.53114766,0.1170669,0.39889508,0.5757094,0.036738213,7.896195e-08,0.0
6.7,0.5847113,0.048309002,0.45658365,0.11105558,0.38278478,0.5770802,0.11604302,1.9371942e-09,0.0
6.705,0.5847113,0.048309002,0.45658365,0.11222796,0.36118293,0.5783736,0.26061776,2.344773e-08,0.0
6.71,0.5847113,0.048309002,0.45658365,0.11333418,0.34080014,0.5795941,0.34842643,-9.997135e-09,0.0
6.715,0.5847113,0.048309002,0.45658365,0.11437797,0.32156762,0.58074564,0.4438615,3.314334e-08,0.0
6.72,0.3839387,0.14015076,0.35487968,0.11690824,0.30355948,0.5815214,0.67906016,6.2454156e-08,0.0
6.7250000000000005,0.3839387,0.14015076,0.35487968,0.13706763,0.2881662,0.5786786,1.104633,1.7411525e-08,0.0
6.73,0.3839387,0.14015076,0.35487968,0.15608937,0.2736416,0.5759963,1.8031406,7.02e-08,0.0
6.735,0.3839387,0.14015076,0.35487968,0.17403764,0.25993666,0.57346535,2.8087857,1.5126329e-08,0.0
6.74,0.45148173,0.54932386,0.29885036,0.19147225,0.24708425,0.5707406,4.2762003,2.4964454e-08,0.0
6.745,0.45148173,0.54932386,0.29885036,0.21366407,0.23586668,0.56429833,6.109372,6.182351e-08,0.0
6.75,0.45148173,0.54932386,0.29885036,0.23460352,0.22528216,0.5582196,8.118715,1.5381377e-07,0.0
6.755,0.45148173,0.54932386,0.29885036,0.2543613,0.21529496,0.552484,10.196352,1.9663073e-08,0.0
6.76,0.6,0.57945156,0.12216712,0.27209765,0.20628601,0.54661286,12.289041,-1.0859637e-08,0.0
6.765000000000001,0.6,0.57945156,0.12216712,0.2784092,0.20255378,0.5357927,14.368755,1.2728981e-07,0.0
6.7700000000000005,0.6,0.57945156,0.12216712,0.2843646,0.19903216,0.52558315,16.360426,7.109939e-08,0.0
6.775,0.6,0.57945156,0.12216712,0.28998393,0.19570927,0.5159498,18.196817,3.00118e-08,0.0
6.78,0.579764,0.5850631,0.2062469,0.29559106,0.1944212,0.5066071,19.85017,7.832482e-08,0.0
6.785,0.579764,0.5850631,0.2062469,0.3043885,0.21444957,0.4948827,21.31857,1.3021334e-07,0.0
6.79,0.579764,0.5850631,0.2062469,0.31268945,0.23334767,0.48381993,22.632286,1.6006555e-07,0.0
6.795,0.579764,0.5850631,0.2062469,0.32052198,0.25117928,0.47338146,23.830544,3.8610175e-08,0.0
6.8,0.44971177,0.6,0.538076,0.328583,0.2681406,0.4627344,24.946272,1.0418736e-07,0.0
6.805,0.44971177,0.6,0.538076,0.3439,0.28570896,0.44351503,26.003149,7.0156865e-08,0.0
6.8100000000000005,0.44971177,0.6,0.538076,0.3583526,0.30228585,0.42538026,26.971678,7.008606e-08,0.0
6.815,0.44971177,0.6,0.538076,0.37198958,0.31792724,0.4082689,27.809261,8.015487e-08,0.0
6.82,0.22490437,0.6,0.5070895,0.38476562,0.33271128,0.39250278,28.496723,3.612339e-08,0.0
6.825,0.22490437,0.6,0.5070895,0.39577004,0.34695235,0.38199174,29.032803,6.263884e-08,0.0
6.83,0.22490437,0.6,0.5070895,0.40615344,0.36038974,0.37207386,29.42123,-7.63009e-09,0.0
6.835,0.22490437,0.6,0.5070895,0.41595086,0.3730688,0.3627157,29.673044,3.169379e-08,0.0
6.84,0.6,0.6,0.5362768,0.42460826,0.3850998,0.35538372,29.806356,2.3352312e-08,0.0
6.845,0.6,0.6,0.5362768,0.42602494,0.39722735,0.36569366,29.838991,2.5378377e-08,0.0
6.8500000000000005,0.6,0.6,0.5362768,0.42736167,0.4086705,0.3754218,29.757952,-8.1474925e-09,0.0
6.855,0.6,0.6,0.5362768,0.42862296,0.4194679,0.38460094,29.547468,1.3873727e-08,0.0
6.86,0.022877563,0.6,0.6,0.42879814,0.42965594,0.39312217,29.208513,3.7445065e-09,0.0
6.865,0.022877563,0.6,0.6,0.41729173,0.43926904,0.39955375,28.750834,5.168175e-08,0.0
6.87,0.022877563,0.6,0.6,0.40643466,0.44833964,0.40562236,28.806747,2.6009284e-08,0.0
6.875,0.022877563,0.6,0.6,0.3961903,0.45689836,0.4113485,29.3859,4.675975e-08,0.0
6.88,0.0,0.6,0.6,0.38821748,0.46497408,0.41688326,30.109644,3.378556e-08,0.0
6.885,0.0,0.6,0.6,0.4001691,0.47259405,0.42362106,30.73685,3.7231544e-08,0.0
6.890000000000001,0.0,0.6,0.6,0.41144624,0.479784,0.4299786,30.60343,3.5196074e-08,0.0
6.8950000000000005,0.0,0.6,0.6,0.42208698,0.4865682,0.43597737,29.691633,-1.9904354e-08,0.0
6.9,0.0,0.6,0.6,0.4295217,0.49296954,0.4419253,28.374462,8.150122e-08,0.0
6.905,0.0,0.6,0.6,0.40657339,0.49900964,0.450846,26.92231,-4.7541366e-08,0.0
6.91,0.0,0.6,0.6,0.38492012,0.5047089,0.45926327,26.032242,3.6017237e-08,0.0
6.915,0.0,0.6,0.6,0.36448884,0.5100865,0.46720552,25.69719,2.7936657e-08,0.0
6.92,0.0,0.6,0.6,0.34510726,0.5151606,0.47469956,25.523567,1.1539344e-08,0.0
6.925,0.0,0.6,0.6,0.32563168,0.5199484,0.4817707,25.248732,3.2857457e-08,0.0
6.93,0.0,0.6,0.6,0.30725518,0.524466,0.48844278,24.710678,1.7005464e-08,0.0
6.9350000000000005,0.0,0.6,0.6,0.2899157,0.5287286,0.49473834,23.832708,1.21618715e-08,0.0
6.94,0.0,0.47438875,0.6,0.27355477,0.53275067,0.5006786,22.60455,-7.322381e-08,0.0
6.945,0.0,0.47438875,0.6,0.25811714,0.53654575,0.50628364,21.062767,9.888283e-08,0.0
6.95,0.0,0.47438875,0.6,0.2435507,0.5401267,0.51157236,19.273674,-1.3488979e-07,0.0
6.955,0.0,0.47438875,0.6,0.2298063,0.54350555,0.51656264,17.316662,2.2663464e-08,0.0
6.96,0.0,0.58258283,0.6,0.21683756,0.54669374,0.5212713,15.270716,-5.8797774e-08,0.0
6.965,0.0,0.58258283,0.6,0.20460068,0.549702,0.5257142,13.209337,-6.1334255e-08,0.0
6.97,0.0,0.58258283,0.6,0.19305436,0.5525405,0.5299064,11.200753,-5.6049188e-09,0.0
6.9750000000000005,0.0,0.58258283,0.6,0.18215965,0.55521876,0.533862,9.30673,-1.1393212e-08,0.0
6.98,0.3157067,0.6,0.6,0.17187975,0.5571788,0.5375944,7.581068,-5.0923838e-08,0.0
6.985,0.3157067,0.6,0.6,0.16217999,0.5525067,0.5411161,6.068489,-1.684437e-07,0.0
6.99,0.3157067,0.6,0.6,0.15302762,0.5480982,0.54443914,3.95608,2.3827793e-08,0.0
6.995,0.3157067,0.6,0.6,0.14439176,0.5439385,0.54757464,1.2596829,-7.562439e-08,0.0
7.0,0.0,0.0,0.548747,0.13624324,0.5405021,0.5505332,5.408749e-09,-5.3842264e-09,0.0
7.005,0.0,0.0,0.548747,0.12855457,0.54287684,0.55332476,3.3375904e-09,-4.565586e-08,0.0
7.01,0.0,0.0,0.548747,0.121299796,0.54511756,0.5559588,0.33095068,5.2744056e-08,0.0
7.015000000000001,0.0,0.0,0.548747,0.11445443,0.54723185,0.5584442,0.93198705,2.0111864e-08,0.0
7.0200000000000005,0.0,0.0,0.6,0.109420694,0.54930544,0.56078935,1.5121815,-8.714851e-09,0.0
7.025,0.0,0.0,0.6,0.121062115,0.5521663,0.5630021,1.8926905,-2.42198e-08,0.0
7.03,0.0,0.0,0.6,0.13204658,0.5548657,0.56509,1.8924462,4.06138e-08,0.0
7.035,0.0,0.0,0.6,0.14241114,0.5574128,0.5670601,1.6117936,-6.5536014e-08,0.0
7.04,0.26296023,0.0,0.5427712,0.1507655,0.5571073,0.5686876,1.2755846,6.264545e-08,0.0
7.045,0.26296023,0.0,0.5427712,0.14225729,0.52566785,0.5675623,0.17229663,-4.1648316e-09,0.0
7.05,0.26296023,0.0,0.5427712,0.13422923,0.4960026,0.5665005,-1.9520675e-08,-4.0851564e-08,0.0
7.055,0.26296023,0.0,0.5427712,0.12665421,0.4680115,0.5654986,-2.1419066e-08,-1.488388e-07,0.0
7.0600000000000005,0.6,0.2746647,0.6,0.11950668,0.44160002,0.56478465,2.889345e-09,-7.2746715e-08,0.0
7.065,0.6,0.2746647,0.6,0.11276251,0.41667902,0.566772,4.435036e-08,-4.4792845e-08,0.0
7.07,0.6,0.2746647,0.6,0.10639894,0.3931644,0.56864715,3.8785815e-09,-1.1771293e-08,0.0
7.075,0.6,0.2746647,0.6,0.10039449,0.37097678,0.5704165,9.103521e-09,2.9009644e-08,0.0
7.08,0.6,0.23015264,0.081934854,0.09591606,0.3500413,0.57182765,0.06115675,5.956377e-08,0.0
7.085,0.6,0.23015264,0.081934854,0.10534293,0.33028728,0.5701879,0.25674918,-1.504323e-08,0.0
7.09,0.6,0.23015264,0.081934854,0.114237815,0.31164804,0.5686407,0.50765455,-1.0569602e-07,0.0
7.095,0.6,0.23015264,0.081934854,0.12263073,0.29406068,0.5671808,0.8694999,3.7814768e-08,0.0
7.1000000000000005,0.2651549,0.49614763,0.35850814,0.13207163,0.27870587,0.5660617,1.4301522,3.2478823e-08,0.0
7.105,0.2651549,0.49614763,0.35850814,0.15847842,0.27847782,0.56797695,2.1914136,3.9516504e-08,0.0
7.11,0.2651549,0.49614763,0.35850814,0.183395,0.27826265,0.5697841,3.1790318,6.947887e-08,0.0
7.115,0.2651549,0.49614763,0.35850814,0.20690544,0.2780596,0.5714893,4.3899293,2.461864e-08,0.0
7.12,0.6,0.53244334,0.25261086,0.22908911,0.27766705,0.57075936,5.7690606,1.1771973e-07,0.0
7.125,0.6,0.53244334,0.25261086,0.2500209,0.27498564,0.5431733,7.244553,1.5226296e-07,0.0
7.13,0.6,0.53244334,0.25261086,0.2697714,0.27245557,0.5171441,8.774256,7.3852475e-09,0.0
7.135,0.6,0.53244334,0.25261086,0.28840733,0.2700683,0.49258375,10.339316,1.19514e-07,0.0
7.140000000000001,0.6,0.37682894,0.439204,0.30447984,0.2690166,0.47065806,11.926288,8.918221e-08,0.0
7.1450000000000005,0.6,0.37682894,0.439204,0.3022606,0.28183436,0.46432906,13.507882,1.401278e-07,0.0
7.15,0.6,0.37682894,0.439204,0.3001666,0.2939288,0.45835721,15.795884,1.6021384e-07,0.0
7.155,0.6,0.37682894,0.439204,0.29819077,0.3053407,0.4527224,18.767298,1.4634138e-07,0.0
7.16,0.43659806,0.48666996,0.6,0.29783815,0.31627247,0.4469275,21.887718,-7.224357e-08,0.0
7.165,0.43659806,0.48666996,0.6,0.31489018,0.32847172,0.43596154,24.762281,2.0018533e-07,0.0
7.17,0.43659806,0.48666996,0.6,0.33097988,0.33998254,0.42561445,26.751245,5.966644e-08,0.0
7.175,0.43659806,0.48666996,0.6,0.3461616,0.35084376,0.41585127,27.803968,6.955179e-08,0.0
7.18,0.30946743,0.6,0.6,0.36048657,0.3603895,0.40748146,28.216501,3.0140357e-09,0.0
7.1850000000000005,0.30946743,0.6,0.6,0.37400314,0.36131725,0.4092717,28.22872,-2.6306919e-09,0.0
7.19,0.30946743,0.6,0.6,0.38675693,0.36219263,0.41096088,28.058277,-2.9497551e-08,0.0
7.195,0.30946743,0.6,0.6,0.39879096,0.3630186,0.41255474,27.869873,9.252733e-09,0.0
7.2,0.34494275,0.6,0.5483452,0.40940815,0.36429387,0.41478458,27.765467,3.0018715e-08,0.0
7.205,0.34494275,0.6,0.5483452,0.41094258,0.37119997,0.4252369,27.795525,-1.5521102e-09,0.0
7.21,0.34494275,0.6,0.5483452,0.4123904,0.37771633,0.4350994,27.91344,6.200562e-09,0.0
7.215,0.34494275,0.6,0.5483452,0.41375652,0.38386497,0.4444053,28.049845,-2.906956e-08,0.0
7.22,0.1955894,0.6,0.450355,0.4144716,0.39017826,0.45318604,28.159594,-1.8454179e-08,0.0
7.2250000000000005,0.1955894,0.6,0.450355,0.40854585,0.40201923,0.46147126,28.21198,-1.46643915e-08,0.0
7.23,0.1955894,0.6,0.450355,0.40295452,0.41319197,0.46928892,28.791346,3.3734162e-09,0.0
7.235,0.1955894,0.6,0.450355,0.39767873,0.4237342,0.47666538,29.88787,7.2903916e-08,0.0
7.24,0.0,0.6,0.6,0.39286083,0.43368146,0.48339236,31.121367,3.571038e-08,0.0
7.245,0.0,0.6,0.6,0.39015666,0.44306737,0.48705786,32.238758,4.189913e-08,0.0
7.25,0.0,0.6,0.6,0.38760507,0.4519236,0.4905165,33.099083,3.019906e-08,0.0
7.255,0.0,0.6,0.6,0.3851975,0.46028006,0.49378,33.639725,4.2868542e-08,0.0
7.26,0.0,0.6,0.6,0.3822515,0.46816492,0.4964169,33.848953,2.8701118e-08,0.0
7.265000000000001,0.0,0.6,0.6,0.3717175,0.47560483,0.49381748,33.74576,-2.1588729e-08,0.0
7.2700000000000005,0.0,0.6,0.6,0.361778,0.4826249,0.49136475,33.320557,-9.114639e-08,0.0
7.275,0.0,0.6,0.6,0.3523994,0.48924875,0.48905042,32.577774,6.655812e-08,0.0
7.28,0.0,0.6,0.6,0.34266707,0.49549884,0.4875423,31.55397,7.769632e-08,0.0
7.285,0.0,0.6,0.6,0.3233292,0.5013962,0.49388868,30.296286,-7.3851076e-08,0.0
7.29,0.0,0.6,0.6,0.30508265,0.50696075,0.49987692,28.796036,-7.9655884e-08,0.0
7.295,0.0,0.6,0.6,0.2878658,0.51221126,0.5055272,27.037308,-6.196339e-08,0.0
7.3,0.0,0.5221215,0.6,0.27162054,0.5171655,0.5108586,25.037142,3.415633e-08,0.0
7.305,0.0,0.5221215,0.6,0.25629207,0.5218401,0.51588917,22.843163,3.5925062e-08,0.0
7.3100000000000005,0.0,0.5221215,0.6,0.24182864,0.5262509,0.52063584,20.526232,2.0335134e-08,0.0
7.315,0.0,0.5221215,0.6,0.22818142,0.5304128,0.52511466,18.163418,4.8180084e-08,0.0
7.32,0.0,0.4136314,0.6,0.21530436,0.53433985,0.5293407,15.822749,-1.259327e-07,0.0
7.325,0.0,0.4136314,0.6,0.203154,0.5380453,0.53332824,13.56008,7.065752e-08,0.0
7.33,0.0,0.4136314,0.6,0.19168933,0.5415416,0.5370908,11.424481,1.2803109e-08,0.0
7.335,0.0,0.4136314,0.6,0.18087165,0.5448406,0.54064095,9.461058,9.270012e-08,0.0
7.34,0.31206512,0.43001464,0.6,0.17066444,0.5476018,0.5439908,7.708921,7.7168075e-08,0.0
7.345,0.31206512,0.43001464,0.6,0.16103327,0.54616386,0.54715157,6.198023,-9.050584e-08,0.0
7.3500000000000005,0.31206512,0.43001464,0.6,0.15194562,0.5448071,0.550134,4.1034613,-8.568702e-08,0.0
7.355,0.31206512,0.43001464,0.6,0.1433708,0.5435268,0.5529481,1.41607,1.4328355e-08,0.0
7.36,0.28376538,0.6,0.48779777,0.13527991,0.54182905,0.55560344,2.0336874e-09,8.670036e-08,0.0
7.365,0.28376538,0.6,0.48779777,0.1276456,0.5345944,0.55810887,4.9455866e-09,-8.909385e-09,0.0
7.37,0.28376538,0.6,0.48779777,0.12044212,0.5277681,0.5604729,-5.2537303e-09,2.3139373e-09,0.0
7.375,0.28376538,0.6,0.48779777,0.113645166,0.52132696,0.56270355,-3.4196976e-09,3.0217595e-09,0.0
7.38,0.0,0.3662205,0.6,0.108640656,0.5153233,0.5648083,3.0762566e-09,-1.5936514e-08,0.0
7.385,0.0,0.3662205,0.6,0.12012059,0.510509,0.5667943,-6.1075296e-09,-1.847113e-09,0.0
7.390000000000001,0.0,0.3662205,0.6,0.13095267,0.5059664,0.5686682,-4.2897836e-09,1.1349294e-08,0.0
7.3950000000000005,0.0,0.3662205,0.6,0.14117347,0.5016802,0.57043636,-2.0311626e-09,5.691122e-08,0.0
7.4,0.0,0.0,0.6,0.1506897,0.49840328,0.5715982,1.01144355e-08,4.8020187e-08,0.0
7.405,0.0,0.0,0.6,0.15819962,0.50413674,0.566869,-6.7044983e-09,-5.087387e-08,0.0
7.41,0.0,0.0,0.6,0.16528572,0.50954664,0.5624068,0.40557587,5.764212e-08,0.0
7.415,0.0,0.0,0.6,0.17197193,0.51465124,0.55819637,1.2481189,-1.2042761e-08,0.0
7.42,0.25558195,0.0,0.29694822,0.1769997,0.51841235,0.5547301,2.267427,6.6140515e-09,0.0
7.425,0.25558195,0.0,0.29694822,0.16701101,0.5098236,0.55728483,3.2426462,-8.5476906e-09,0.0
7.43,0.25558195,0.0,0.29694822,0.15758601,0.5017196,0.5596954,3.48193,-4.4238018e-08,0.0
7.4350000000000005,0.25558195,0.0,0.29694822,0.14869289,0.4940729,0.56196994,2.8677442,-4.317925e-09,0.0
7.44,0.6,0.15073638,0.6,0.14030164,0.4852044,0.5641161,1.7317498,5.6111786e-09,0.0
7.445,0.6,0.15073638,0.6,0.13238394,0.45782265,0.5661412,0.40329817,1.2683346e-07,0.0
7.45,0.6,0.15073638,0.6,0.12491307,0.43198615,0.56805193,-1.0477094e-09,7.621562e-08,0.0
7.455,0.6,0.15073638,0.6,0.1178638,0.4076077,0.56985486,1.2891016e-09,-2.2244851e-08,0.0
7.46,0.6,0.26195556,0.11786088,0.11236621,0.38460502,0.57018787,0.014239248,-3.4021623e-09,0.0
7.465,0.6,0.26195556,0.11786088,0.12044836,0.36290044,0.554768,0.11468593,6.527156e-08,0.0
7.47,0.6,0.26195556,0.11786088,0.12807441,0.34242073,0.54021835,0.2386132,-3.1810828e-08,0.0
7.4750000000000005,0.6,0.26195556,0.11786088,0.13527009,0.32309675,0.5264898,0.48194486,-7.8439993e-10,0.0
7.48,0.2732637,0.4947439,0.41707554,0.14361463,0.30554384,0.51490414,0.97854054,1.1656764e-07,0.0
7.485,0.2732637,0.4947439,0.41707554,0.16937003,0.29680753,0.51970637,1.7541428,1.6031555e-07,0.0
7.49,0.2732637,0.4947439,0.41707554,0.19367194,0.28856423,0.52423763,2.839395,-7.301163e-08,0.0
7.495,0.2732637,0.4947439,0.41707554,0.21660241,0.28078613,0.52851313,4.216964,8.704353e-08,0.0
7.5,0.6,0.47046283,0.28539827,0.23823884,0.2739491,0.5303707,5.806738,5.4789653e-09,0.0
7.505,0.6,0.47046283,0.28539827,0.25865427,0.27327225,0.5070914,7.5176873,1.1653347e-07,0.0
7.51,0.6,0.47046283,0.28539827,0.27791756,0.2726336,0.4851258,9.263777,6.990337e-08,0.0
7.515000000000001,0.6,0.47046283,0.28539827,0.29609376,0.272031,0.46439978,10.991443,3.7483552e-08,0.0
7.5200000000000005,0.6,0.34698573,0.5504028,0.31176913,0.2725134,0.44619426,12.675678,-2.2558046e-10,0.0
7.525,0.6,0.34698573,0.5504028,0.30959615,0.28505462,0.444551,14.632054,7.345667e-08,0.0
7.53,0.6,0.34698573,0.5504028,0.30754578,0.2968881,0.44300047,17.310347,1.0949831e-07,0.0
7.535,0.6,0.34698573,0.5504028,0.30561113,0.3080538,0.44153744,20.487001,9.104882e-08,0.0
7.54,0.3673488,0.5591357,0.6,0.30526078,0.31847972,0.4395625,23.65508,2.978137e-07,0.0
7.545,0.3673488,0.5591357,0.6,0.32189393,0.32705665,0.4308625,26.467266,1.2692004e-07,0.0
7.55,0.3673488,0.5591357,0.6,0.3375884,0.33514956,0.42265344,28.342714,-9.355137e-10,0.0
7.555,0.3673488,0.5591357,0.6,0.35239717,0.34278575,0.41490766,29.282314,-2.3491147e-08,0.0
7.5600000000000005,0.27206683,0.6,0.56162435,0.36637026,0.34943354,0.40879542,29.610153,-8.041267e-09,0.0
7.565,0.27206683,0.6,0.56162435,0.37955478,0.3492954,0.4167868,29.575678,2.2936618e-08,0.0
7.57,0.27206683,0.6,0.56162435,0.39199525,0.34916505,0.4243272,28.824677,-2.446797e-08,0.0
7.575,0.27206683,0.6,0.56162435,0.40373367,0.34904206,0.43144208,27.459927,7.117659e-09,0.0
7.58,0.46508792,0.6,0.4089306,0.41375932,0.3498838,0.43837935,25.879206,-8.500705e-08,0.0
7.585,0.46508792,0.6,0.4089306,0.4111402,0.36169258,0.44750014,24.919373,1.5815958e-08,0.0
7.59,0.46508792,0.6,0.4089306,0.4086689,0.37283495,0.45610622,25.356619,6.6503446e-08,0.0
7.595,0.46508792,0.6,0.4089306,0.40633708,0.38334852,0.46422663,26.921175,1.8633621e-07,0.0
7.6000000000000005,0.0,0.6,0.34945008,0.40370667,0.39345327,0.47171554,29.010527,4.5929216e-08,0.0
7.605,0.0,0.6,0.34945008,0.3962778,0.4051094,0.4767894,31.194721,1.3444019e-07,0.0
7.61,0.0,0.6,0.34945008,0.38926813,0.41610774,0.48157695,33.153423,1.2708918e-07,0.0
7.615,0.0,0.6,0.34945008,0.38265407,0.42648542,0.4860943,34.67911,-1.48536845e-08,0.0
7.62,0.0,0.6,0.6,0.37728468,0.43627745,0.48966736,35.673504,6.3566425e-08,0.0
7.625,0.0,0.6,0.6,0.3822397,0.44551688,0.48511112,36.124737,3.6213436e-08,0.0
7.63,0.0,0.6,0.6,0.38691512,0.4542349,0.48081198,35.513844,-1.570522e-08,0.0
7.635,0.0,0.6,0.6,0.39132667,0.46246094,0.47675547,33.911247,-7.127887e-08,0.0
7.640000000000001,0.0,0.6,0.6,0.39338955,0.47022274,0.47265935,31.757322,5.94615e-09,0.0
7.6450000000000005,0.0,0.6,0.6,0.37118924,0.4775465,0.46570623,29.380522,-3.6227423e-08,0.0
7.65,0.0,0.6,0.6,0.35024175,0.484457,0.4591455,27.505392,2.6098812e-08,0.0
7.655,0.0,0.6,0.6,0.3304764,0.49097747,0.452955,26.19124,-1.6278749e-08,0.0
7.66,0.0,0.6,0.6,0.3118265,0.49712998,0.44824502,25.117714,-1.281724e-07,0.0
7.665,0.0,0.6,0.6,0.29422906,0.5029353,0.45680907,24.065453,2.8070724e-08,0.0
7.67,0.0,0.6,0.6,0.27762473,0.50841296,0.46488982,22.906343,2.391604e-09,0.0
7.675,0.0,0.6,0.6,0.2619574,0.5135815,0.47251454,21.576626,-1.4109163e-08,0.0
7.68,0.0,0.37109646,0.6,0.24717426,0.5184584,0.47970897,20.060644,-5.4498262e-08,0.0
7.6850000000000005,0.0,0.37109646,0.6,0.23322538,0.5230601,0.4864974,18.37757,-9.2899315e-09,0.0
7.69,0.0,0.37109646,0.6,0.22006367,0.52740204,0.49290276,16.565617,-1.362033e-07,0.0
7.695,0.0,0.37109646,0.6,0.20764473,0.53149897,0.4989466,14.67252,1.636844e-08,0.0
7.7,0.0,0.43485692,0.6,0.19592664,0.5353647,0.5046494,12.752505,-4.889127e-08,0.0
7.705,0.0,0.43485692,0.6,0.18486983,0.53901225,0.5100304,10.864644,3.6492832e-08,0.0
7.71,0.0,0.43485692,0.6,0.17443699,0.542454,0.5151077,9.068829,-8.2457376e-08,0.0
7.715,0.0,0.43485692,0.6,0.1645929,0.5457015,0.5198985,7.420745,-9.065271e-08,0.0
7.72,0.4465968,0.47636613,0.6,0.15530437,0.54773235,0.5244189,5.9657707,-1.1978237e-08,0.0
7.7250000000000005,0.4465968,0.47636613,0.6,0.14654002,0.5377642,0.5286842,4.737243,3.8126494e-08,0.0
7.73,0.4465968,0.47636613,0.6,0.13827026,0.5283586,0.53270876,2.9464128,-4.3599755e-08,0.0
7.735,0.4465968,0.47636613,0.6,0.13046719,0.51948375,0.53650624,0.6154093,-1.9343655e-07,0.0
7.74,0.24693196,0.6,0.53141594,0.12310448,0.5113976,0.5400894,1.0022596e-08,2.3979231e-08,0.0
7.745,0.24693196,0.6,0.53141594,0.11615728,0.5070782,0.5434704,-5.1674296e-09,-3.419101e-08,0.0
7.75,0.24693196,0.6,0.53141594,0.10960212,0.50300246,0.54666054,-4.0169494e-09,7.682649e-08,0.0
7.755,0.24693196,0.6,0.53141594,0.103416905,0.49915677,0.5496707,1.0874994e-08,2.4502791e-08,0.0
7.76,0.0,0.3915315,0.6,0.09959698,0.49571553,0.552511,2.646314e-09,1.42407535e-08,0.0
7.765000000000001,0.0,0.3915315,0.6,0.11917936,0.49462357,0.5551909,-2.1868423e-09,-1.1073132e-08,0.0
7.7700000000000005,0.0,0.3915315,0.6,0.13765664,0.49359325,0.55771965,-2.8009167e-10,-1.053478e-09,0.0
7.775,0.0,0.3915315,0.6,0.1550912,0.49262106,0.5601057,4.3776485e-09,9.730468e-09,0.0
7.78,0.09202123,0.04979618,0.6,0.17064042,0.49226192,0.5620474,-2.4100228e-09,1.5855336e-09,0.0
7.785,0.09202123,0.04979618,0.6,0.17494582,0.49834195,0.56031877,-3.8221268e-10,7.9072935e-09,0.0
7.79,0.09202123,0.04979618,0.6,0.17900825,0.50407887,0.5586877,0.5293398,-5.4225953e-09,0.0
7.795,0.09202123,0.04979618,0.6,0.1828414,0.50949204,0.55714864,1.5995514,3.1761889e-09,0.0
7.8,0.30208823,0.0,0.32583642,0.18534343,0.5136585,0.5560061,2.8434396,2.1683206e-07,0.0
7.805000000000001,0.30208823,0.0,0.32583642,0.17488387,0.5067665,0.5584888,3.9745855,4.6311033e-08,0.0
7.8100000000000005,0.30208823,0.0,0.32583642,0.16501458,0.5002634,0.5608314,4.2950816,8.387382e-09,0.0
7.815,0.30208823,0.0,0.32583642,0.15570225,0.49412727,0.56304187,3.692462,3.873446e-08,0.0
7.82,0.6,0.16421598,0.5267905,0.14733088,0.48679462,0.56512755,2.5014672,-1.6140407e-07,0.0
7.825,0.6,0.16421598,0.5267905,0.14420956,0.46213332,0.5670955,1.0693674,-4.3892832e-08,0.0
7.83,0.6,0.16421598,0.5267905,0.1412644,0.43886372,0.56895244,-6.837638e-08,-2.6427166e-08,0.0
7.835,0.6,0.16421598,0.5267905,0.13848543,0.4169073,0.5707046,0.055724468,-7.2408066e-09,0.0
7.84,0.44706786,0.13473259,0.14190227,0.13681169,0.39596516,0.5711201,0.24643494,5.9208848e-08,0.0
7.845,0.44706786,0.13473259,0.14190227,0.1461388,0.3736195,0.5572779,0.62378156,5.521326e-09,0.0
7.8500000000000005,0.44706786,0.13473259,0.14190227,0.15493956,0.3525349,0.5442169,1.024527,-1.2333705e-08,0.0
7.855,0.44706786,0.13473259,0.14190227,0.16324367,0.33264014,0.5318929,1.4916745,1.371708e-07,0.0
7.86,0.4209132,0.4652517,0.2473832,0.17242411,0.3146095,0.5211717,2.153437,1.9146565e-08,0.0
7.865,0.4209132,0.4652517,0.2473832,0.19655368,0.30612227,0.5214888,3.0413556,-6.902825e-08,0.0
7.87,0.4209132,0.4652517,0.2473832,0.21932153,0.29811403,0.521788,4.1797605,-2.895215e-08,0.0
7.875,0.4209132,0.4652517,0.2473832,0.24080452,0.2905577,0.5220703,5.552398,1.443609e-08,0.0
7.88,0.6,0.41365823,0.28129947,0.2603847,0.2832947,0.520599,7.101743,1.0803409e-07,0.0
7.885,0.6,0.41365823,0.28129947,0.2709199,0.27491084,0.49922785,8.759331,6.4700124e-08,0.0
7.890000000000001,0.6,0.41365823,0.28129947,0.2808605,0.2670001,0.47906274,10.431273,5.3336088e-08,0.0
7.8950000000000005,0.6,0.41365823,0.28129947,0.29024017,0.2595358,0.46003562,12.04631,1.6293897e-07,0.0
7.9,0.6,0.48352116,0.6,0.2989724,0.2539849,0.4425585,13.573948,8.767508e-08,0.0
7.905,0.6,0.48352116,0.6,0.30585393,0.2659074,0.4315441,15.001992,4.2134896e-08,0.0
7.91,0.6,0.48352116,0.6,0.3123471,0.2771571,0.42115128,16.598959,1.11504285e-07,0.0
7.915,0.6,0.48352116,0.6,0.31847388,0.2877719,0.41134495,18.384907,1.2476164e-07,0.0
7.92,0.41274774,0.6,0.6,0.3250634,0.29755476,0.40224513,20.21787,1.6498235e-07,0.0
7.925,0.41274774,0.6,0.6,0.34057903,0.30410686,0.39541975,21.94876,1.4059613e-07,0.0
7.930000000000001,0.41274774,0.6,0.6,0.35521904,0.3102892,0.38897955,23.51406,7.674492e-08,0.0
7.9350000000000005,0.41274774,0.6,0.6,0.36903286,0.31612268,0.3829028,24.911007,6.905013e-08,0.0
7.94,0.23141073,0.6,0.41632152,0.3820671,0.32194236,0.3786078,26.149736,3.428262e-08,0.0
7.945,0.23141073,0.6,0.41632152,0.39436582,0.3310608,0.39110172,27.248505,3.7000873e-08,0.0
7.95,0.23141073,0.6,0.41632152,0.40597045,0.33966467,0.40289056,28.21485,1.07112896e-07,0.0
7.955,0.23141073,0.6,0.41632152,0.4169202,0.34778297,0.41401413,29.052734,4.0276976e-08,0.0
7.96,0.5820102,0.6,0.55400854,0.42640665,0.355969,0.42450994,29.770075,9.451976e-08,0.0
7.965,0.5820102,0.6,0.55400854,0.42563584,0.36974052,0.43441343,30.372467,1.4023674e-08,0.0
7.97,0.5820102,0.6,0.55400854,0.42490852,0.38273484,0.44375804,31.479137,1.05472104e-07,0.0
7.9750000000000005,0.5820102,0.6,0.55400854,0.42422223,0.39499584,0.4525753,33.09074,1.7877588e-07,0.0
7.98,0.0,0.6,0.6,0.42275602,0.40656492,0.46006572,34.82276,1.66113e-07,0.0
7.985,0.0,0.6,0.6,0.41195774,0.41748112,0.45759708,36.410706,1.5180848e-07,0.0
7.99,0.0,0.6,0.6,0.40176886,0.42778128,0.45526776,37.63556,7.7673626e-08,0.0
7.995,0.0,0.6,0.6,0.39215496,0.43750018,0.4530699,38.364326,1.5948119e-07,0.0
8.0,0.0,0.6,0.6,0.38466647,0.4466706,0.45161766,38.560352,8.076505e-08,0.0
8.005,0.0,0.6,0.6,0.39580324,0.4553235,0.4573959,38.258415,2.0504295e-08,0.0
8.01,0.0,0.6,0.6,0.40631154,0.46348807,0.4628481,37.0035,-4.59825e-08,0.0
8.015,0.0,0.6,0.6,0.4162268,0.4711919,0.4679926,34.91768,-1.2752072e-07,0.0
8.02,0.0,0.6,0.6,0.42295495,0.478461,0.4730544,32.462246,-7.526437e-08,0.0
8.025,0.0,0.6,0.6,0.39908615,0.48531985,0.48021838,29.963858,6.637896e-08,0.0
8.03,0.0,0.6,0.6,0.37656435,0.49179164,0.48697805,28.150162,-2.8948717e-08,0.0
8.035,0.0,0.6,0.6,0.35531354,0.4978982,0.49335626,27.032915,3.7935454e-08,0.0
8.040000000000001,0.0,0.6,0.6,0.335262,0.50366014,0.49937454,26.222742,9.10944e-09,0.0
8.045,0.0,0.6,0.6,0.31634203,0.5090969,0.50505316,25.448917,-4.441339e-09,0.0
8.05,0.0,0.6,0.6,0.29848978,0.5142269,0.5104113,24.540335,3.981108e-09,0.0
8.055,0.0,0.6,0.6,0.28164497,0.5190674,0.5154671,23.407566,-2.4684338e-08,0.0
8.06,0.0,0.5369498,0.6,0.2657508,0.52363473,0.52023757,22.023252,-1.2681592e-07,0.0
8.065,0.0,0.5369498,0.6,0.25075358,0.52794427,0.52473885,20.406155,-8.56566e-08,0.0
8.07,0.0,0.5369498,0.6,0.23660271,0.5320106,0.5289861,18.603355,1.4788635e-08,0.0
8.075,0.0,0.5369498,0.6,0.22325042,0.5358475,0.5329937,16.674063,7.356574e-08,0.0
8.08,0.0,0.5566157,0.6,0.21065164,0.5394678,0.53677505,14.67994,3.7285922e-08,0.0
8.085,0.0,0.5566157,0.6,0.19876385,0.5428839,0.54034305,12.682604,-8.295049e-08,0.0
8.09,0.0,0.5566157,0.6,0.18754692,0.5461071,0.5437097,10.743177,-6.595169e-08,0.0
8.095,0.0,0.5566157,0.6,0.17696302,0.5491485,0.5468863,8.91985,-9.426025e-09,0.0
8.1,0.30626407,0.55121875,0.57794607,0.16697639,0.55173355,0.5498837,7.2647085,3.4753354e-09,0.0
8.105,0.30626407,0.55121875,0.57794607,0.15755334,0.55089927,0.55271196,5.820138,6.289721e-08,0.0
8.11,0.30626407,0.55121875,0.57794607,0.14866208,0.55011207,0.5553806,3.7571478,3.997553e-08,0.0
8.115,0.30626407,0.55121875,0.57794607,0.14027257,0.5493693,0.5578986,1.0715566,-1.2232579e-07,0.0
8.120000000000001,0.16628677,0.0,0.45769933,0.13235651,0.5487572,0.5602745,-2.3325104e-09,-4.324054e-08,0.0
8.125,0.16628677,0.0,0.45769933,0.12488718,0.54920065,0.56251633,3.4395673e-09,-4.878434e-09,0.0
8.13,0.16628677,0.0,0.45769933,0.11783937,0.54961914,0.56463164,0.2799465,3.9681947e-08,0.0
8.135,0.16628677,0.0,0.45769933,0.1111893,0.55001396,0.5666276,0.78614926,1.8177177e-08,0.0
8.14,0.0,0.0,0.6,0.10629719,0.55036217,0.56841135,1.2705245,6.822633e-09,0.0
8.145,0.0,0.0,0.6,0.117582,0.5504105,0.5689494,1.5832704,8.619444e-08,0.0
8.15,0.0,0.0,0.6,0.12822998,0.5504561,0.5694571,1.563767,-2.7002091e-08,0.0
8.155,0.0,0.0,0.6,0.13827705,0.55049914,0.56993616,1.3155555,3.1048398e-08,0.0
8.16,0.32725346,0.021898592,0.6,0.14712518,0.5480512,0.5698453,1.0529362,5.1204488e-08,0.0
8.165000000000001,0.32725346,0.021898592,0.6,0.14820653,0.5171228,0.56351656,0.06071152,-4.3694865e-08,0.0
8.17,0.32725346,0.021898592,0.6,0.14922686,0.4879398,0.55754495,-7.49194e-09,-9.086069e-09,0.0
8.175,0.32725346,0.021898592,0.6,0.15018961,0.4604037,0.55191034,-6.9202266e-09,8.599484e-08,0.0
8.18,0.6,0.46846315,0.40345603,0.15034729,0.43442157,0.54723614,1.1001525e-09,-1.9060169e-08,0.0
8.185,0.6,0.46846315,0.40345603,0.14186268,0.40990567,0.5502138,-1.0261556e-08,-5.463198e-08,0.0
8.19,0.6,0.46846315,0.40345603,0.13385688,0.3867733,0.5530234,0.19451506,1.0902517e-09,0.0
8.195,0.6,0.46846315,0.40345603,0.12630288,0.36494637,0.55567443,0.63897246,3.217595e-08,0.0
8.2,0.5171663,0.06538913,0.020828176,0.12065262,0.34445006,0.55817586,1.2560335,-5.1726115e-08,0.0
8.205,0.5171663,0.06538913,0.020828176,0.13231182,0.32624736,0.56053615,1.9712155,7.181819e-08,0.0
8.21,0.5171663,0.06538913,0.020828176,0.14331305,0.30907193,0.5627632,2.5909233,4.5046114e-08,0.0
8.215,0.5171663,0.06538913,0.020828176,0.15369344,0.29286575,0.56486464,3.144206,1.12471035e-07,0.0
8.22,0.28009427,0.36224172,0.28130618,0.16471939,0.27959025,0.5659601,3.750167,3.990499e-08,0.0
8.225,0.28009427,0.36224172,0.28130618,0.18928376,0.290249,0.55678946,4.455007,9.1621416e-08,0.0
8.23,0.28009427,0.36224172,0.28130618,0.21246187,0.30030623,0.54813635,5.574359,-7.713901e-08,0.0
8.235,0.28009427,0.36224172,0.28130618,0.23433197,0.3097959,0.53997153,7.1601515,7.2963113e-10,0.0
8.24,0.6,0.6,0.17402203,0.2545939,0.31693026,0.53054005,9.061634,1.9020679e-07,0.0
8.245000000000001,0.6,0.6,0.17402203,0.26941177,0.30273494,0.50177526,11.153281,1.7021804e-07,0.0
8.25,0.6,0.6,0.17402203,0.2833934,0.2893407,0.47463378,12.873271,1.6295031e-07,0.0
8.255,0.6,0.6,0.17402203,0.296586,0.27670234,0.449024,14.131276,1.2699064e-07,0.0
8.26,0.6,0.6,0.0,0.3079638,0.26611742,0.4260354,15.153735,2.9189584e-08,0.0
8.265,0.6,0.6,0.0,0.30639103,0.27154204,0.41786784,16.091745,4.332703e-08,0.0
8.27,0.6,0.6,0.0,0.30490702,0.27666053,0.4101612,17.788675,2.37523e-07,0.0
8.275,0.6,0.6,0.0,0.30350676,0.28149018,0.40288946,20.279291,2.022031e-07,0.0
8.28,0.4636085,0.6,0.0,0.3036298,0.28712067,0.39554375,23.103582,1.2681428e-08,0.0
8.285,0.4636085,0.6,0.0,0.32035497,0.3047775,0.3830425,25.401142,2.1313966e-07,0.0
8.290000000000001,0.4636085,0.6,0.0,0.33613628,0.32143793,0.37124678,26.915108,8.577179e-08,0.0
8.295,0.4636085,0.6,0.0,0.351027,0.33715814,0.36011672,27.816515,1.830939e-08,0.0
8.3,0.46151522,0.6,0.0,0.3650774,0.3519912,0.34882912,28.265076,-3.127897e-10,0.0
8.305,0.46151522,0.6,0.0,0.37833488,0.36598718,0.3291435,28.396946,-1.564272e-08,0.0
8.31,0.46151522,0.6,0.0,0.3908442,0.37919334,0.3105688,28.322393,-2.908015e-08,0.0
8.315,0.46151522,0.6,0.0,0.40264758,0.39165422,0.29304236,28.12781,3.627017e-08,0.0
8.32,0.35023525,0.6,0.0,0.4131691,0.4034119,0.276505,27.878323,-3.5858744e-08,0.0
8.325,0.35023525,0.6,0.0,0.41601557,0.41450602,0.26090088,27.61781,-2.1530186e-08,0.0
8.33,0.35023525,0.6,0.0,0.4187014,0.42497408,0.24617736,27.341303,-1.0234884e-08,0.0
8.335,0.35023525,0.6,0.0,0.42123568,0.4348514,0.23228474,27.031733,1.0939704e-09,0.0
8.34,0.48664358,0.49783558,0.0,0.42361748,0.4441713,0.21917611,26.683577,-2.5751545e-08,0.0
8.345,0.48664358,0.49783558,0.0,0.4257562,0.45296526,0.20680726,26.299967,3.5113055e-09,0.0
8.35,0.48664358,0.49783558,0.0,0.4277742,0.46126294,0.19513641,25.889053,4.120777e-09,0.0
8.355,0.48664358,0.49783558,0.0,0.42967832,0.46909234,0.1841242,25.460163,-1.9416995e-09,0.0
8.36,0.5740238,0.41946712,0.0,0.4309726,0.47647992,0.17373344,25.02303,-2.690535e-08,0.0
8.365,0.5740238,0.41946712,0.0,0.42641634,0.4834506,0.16392908,24.585136,3.566167e-09,0.0
8.370000000000001,0.5740238,0.41946712,0.0,0.42211717,0.49002787,0.154678,24.80653,3.055814e-08,0.0
8.375,0.5740238,0.41946712,0.0,0.41806063,0.49623397,0.14594899,25.711847,1.2496423e-07,0.0
8.38,0.6,0.31743723,0.0,0.41484886,0.5016286,0.1377126,26.906826,1.07048066e-07,0.0
8.385,0.6,0.31743723,0.0,0.4189005,0.50141454,0.129941,28.11676,7.6466115e-08,0.0
8.39,0.6,0.31743723,0.0,0.42272347,0.50121254,0.12260799,27.464808,1.8324679,0.0
8.395,0.6,0.31743723,0.0,0.42633072,0.501022,0.1156888,24.960613,5.434275,0.0
8.4,0.4534667,0.6,0.0,0.43012887,0.50048834,0.10916009,21.686811,9.548669,0.0
8.405,0.4534667,0.6,0.0,0.43824935,0.49591604,0.102999814,18.37119,13.353961,0.0
8.41,0.4534667,0.6,0.0,0.44591156,0.49160177,0.097187184,15.505888,16.320438,0.0
8.415000000000001,0.4534667,0.6,0.0,0.45314136,0.48753098,0.09170258,13.362536,18.180843,0.0
8.42,0.6,0.4528006,0.0,0.46008044,0.48322928,0.08652749,12.040594,18.863228,0.0
8.425,0.6,0.4528006,0.0,0.46797657,0.47387308,0.081644446,11.514161,18.430664,0.0
8.43,0.6,0.4528006,0.0,0.4754271,0.46504486,0.07703697,11.692592,17.010624,0.0
8.435,0.6,0.4528006,0.0,0.48245716,0.45671487,0.07268951,12.422163,14.793028,0.0
8.44,0.55765194,0.2878552,0.0,0.48842895,0.45013064,0.06858739,13.517331,11.996619,0.0
8.445,0.55765194,0.2878552,0.0,0.48645592,0.45858827,0.06471677,14.79264,8.835373,0.0
8.45,0.55765194,0.2878552,0.0,0.48459423,0.46656862,0.061064582,17.802822,3.5909948,0.0
8.455,0.55765194,0.2878552,0.0,0.4828376,0.47409862,0.0576185,21.648184,2.1329252e-07,0.0
8.46,0.43946862,0.6,0.0,0.48184165,0.4805391,0.05436689,25.421944,3.9898072e-07,0.0
8.465,0.43946862,0.6,0.0,0.48850974,0.47897375,0.051298782,29.234901,6.98833e-08,0.0
8.47,0.43946862,0.6,0.0,0.49480152,0.4774967,0.04840382,30.87887,1.9800546,0.0
8.475,0.43946862,0.6,0.0,0.5007382,0.47610304,0.045672227,30.192738,6.2624335,0.0
8.48,0.44511363,0.6,0.0,0.5061487,0.47404334,0.043094788,28.290976,11.549753,0.0
8.485,0.44511363,0.6,0.0,0.5090552,0.4635361,0.040662803,25.95686,16.950716,0.0
8.49,0.44511363,0.6,0.0,0.51179767,0.45362183,0.03836806,23.741915,21.863832,0.0
8.495000000000001,0.44511363,0.6,0.0,0.5143854,0.44426706,0.036202822,21.975723,25.95569,0.0
8.5,0.3170674,0.35351208,0.0,0.5162935,0.43684945,0.034159772,20.797812,29.111757,0.0
8.505,0.3170674,0.35351208,0.0,0.51195806,0.44605657,0.03223202,20.20443,31.373537,0.0
8.51,0.3170674,0.35351208,0.0,0.5078672,0.45474413,0.030413058,21.829977,31.030767,0.0
8.515,0.3170674,0.35351208,0.0,0.5040073,0.4629414,0.028696746,25.348503,28.498991,0.0
8.52,0.37659347,0.49022257,0.0,0.50039065,0.4706761,0.027077291,29.44898,25.216515,0.0
8.525,0.37659347,0.49022257,0.0,0.49727118,0.4779743,0.025549227,33.321064,22.070122,0.0
8.53,0.37659347,0.49022257,0.0,0.49432775,0.48486063,0.024107397,36.545345,19.519,0.0
8.535,0.37659347,0.49022257,0.0,0.49155045,0.49135834,0.022746934,38.97786,17.716906,0.0
8.540000000000001,0.412163,0.51668185,0.0,0.48835176,0.49637654,0.021463247,40.63844,16.633602,0.0
8.545,0.412163,0.51668185,0.0,0.47868562,0.4883142,0.020252002,41.622738,16.153519,0.0
8.55,0.412163,0.51668185,0.0,0.46956494,0.48070687,0.019109113,41.124542,17.14793,0.0
8.555,0.412163,0.51668185,0.0,0.460959,0.47352883,0.018030722,39.328453,19.370806,0.0
8.56,0.4793067,0.452207,0.0,0.45310745,0.46737307,0.017013187,36.931046,22.025948,0.0
8.565,0.4793067,0.452207,0.0,0.4487895,0.46866256,0.016053075,34.387764,24.604853,0.0
8.57,0.4793067,0.452207,0.0,0.44471523,0.46987927,0.015147145,32.86512,25.852573,0.0
8.575000000000001,0.4793067,0.452207,0.0,0.44087088,0.4710273,0.01429234,32.471043,25.700172,0.0
8.58,0.46923485,0.6,0.0,0.43740407,0.47223002,0.013485774,32.7191,24.707254,0.0
8.585,0.46923485,0.6,0.0,0.43597963,0.4747386,0.012724726,33.266216,23.261145,0.0
8.59,0.46923485,0.6,0.0,0.43463558,0.4771056,0.012006626,33.892414,21.60676,0.0
8.595,0.46923485,0.6,0.0,0.43336737,0.479339,0.011329051,34.467606,19.886457,0.0
8.6,0.48810616,0.5595091,0.0,0.43247387,0.4811553,0.010689714,34.923504,18.172504,0.0
8.605,0.48810616,0.5595091,0.0,0.4351168,0.47952166,0.010086457,35.23857,16.484594,0.0
8.61,0.48810616,0.5595091,0.0,0.4376106,0.4779802,0.009517244,33.675808,16.718193,0.0
8.615,0.48810616,0.5595091,0.0,0.43996364,0.47652572,0.008980153,30.346241,18.680035,0.0
8.620000000000001,0.5287818,0.6,0.0,0.44213843,0.47582057,0.008473372,26.366646,21.090075,0.0
8.625,0.5287818,0.6,0.0,0.4436676,0.48282844,0.007995191,22.462397,23.139355,0.0
8.63,0.5287818,0.6,0.0,0.44511044,0.48944083,0.007543995,19.945597,23.419298,0.0
8.635,0.5287818,0.6,0.0,0.44647187,0.49568006,0.007118262,18.942087,21.853819,0.0
8.64,0.54592526,0.47624877,0.0,0.44784167,0.5013844,0.006716554,18.90586,19.076998,0.0
8.645,0.54592526,0.47624877,0.0,0.45011392,0.50466454,0.006337516,19.409964,15.573443,0.0
8.65,0.54592526,0.47624877,0.0,0.45225796,0.50775963,0.0059798686,20.16005,11.6730795,0.0
8.655,0.54592526,0.47624877,0.0,0.454281,0.51068,0.0056424043,20.963526,7.5894537,0.0
8.66,0.6,0.5997582,0.0,0.4563735,0.5136184,0.005323984,21.701256,3.4525728,0.0
8.665000000000001,0.6,0.5997582,0.0,0.46045977,0.51849324,0.0050235335,22.18247,-1.9909962e-07,0.0
8.67,0.6,0.5997582,0.0,0.4643154,0.5230929,0.0047400384,22.050318,-3.2174108e-09,0.0
8.675,0.6,0.5997582,0.0,0.46795347,0.52743304,0.004472542,22.052067,-6.228031e-10,0.0
8.68,0.5294322,0.56892174,0.0,0.47146362,0.53096956,0.004220141,22.143543,1.1181631e-08,0.0
8.685,0.5294322,0.56892174,0.0,0.47566575,0.5278815,0.003981984,22.28911,1.7213567e-08,0.0
8.69,0.5294322,0.56892174,0.0,0.47963074,0.5249677,0.0037572673,21.512272,0.8825121,0.0
8.695,0.5294322,0.56892174,0.0,0.48337197,0.5222183,0.003545232,19.871367,2.455051,0.0
8.700000000000001,0.5426055,0.57516795,0.0,0.4871462,0.52018166,0.0033451624,17.98816,4.00624,0.0
8.705,0.5426055,0.57516795,0.0,0.49351493,0.52467245,0.0031563835,16.254578,5.101406,0.0
8.71,0.5426055,0.57516795,0.0,0.49952424,0.5289098,0.002978258,15.878444,4.413139,0.0
8.715,0.5426055,0.57516795,0.0,0.5051944,0.532908,0.0028101848,16.871511,1.9803187,0.0
8.72,0.6,0.3275016,0.0,0.510226,0.5365414,0.0026515964,18.308037,9.804628e-08,0.0
8.725,0.6,0.3275016,0.0,0.51130986,0.53836876,0.0025019578,19.722187,1.10907095e-07,0.0
8.73,0.6,0.3275016,0.0,0.51233256,0.54009295,0.0023607637,21.257248,1.5087713e-07,0.0
8.735,0.6,0.3275016,0.0,0.51329756,0.54171985,0.0022275378,22.70426,8.671134e-08,0.0
8.74,0.5659927,0.26488075,0.0,0.51426756,0.54328316,0.0021018302,23.936392,0.00033711497,0.0
8.745000000000001,0.5659927,0.26488075,0.0,0.51586676,0.5450825,0.0019832167,24.89219,0.015377001,0.0
8.75,0.5659927,0.26488075,0.0,0.5173757,0.54678035,0.001871297,25.556911,0.101827085,0.0
8.755,0.5659927,0.26488075,0.0,0.5187995,0.54838234,0.0017656933,25.967257,0.22781748,0.0
8.76,0.5666433,0.5331947,0.0,0.5204021,0.5487758,0.0016660492,26.17842,0.33206487,0.0
8.765,0.5666433,0.5331947,0.0,0.52489406,0.53628856,0.0015720284,26.253914,0.34518042,0.0
8.77,0.5666433,0.5331947,0.0,0.52913254,0.524506,0.0014833135,25.294386,1.2736707,0.0
8.775,0.5666433,0.5331947,0.0,0.53313184,0.51338834,0.0013996051,23.484104,2.8811462,0.0
8.78,0.53644323,0.42951003,0.0,0.5367519,0.5026154,0.0013206205,21.545164,4.345248,0.0
8.785,0.53644323,0.42951003,0.0,0.5384021,0.48919922,0.0012460934,19.915728,5.183938,0.0
8.790000000000001,0.53644323,0.42951003,0.0,0.53995913,0.47654018,0.0011757722,18.821245,5.1651883,0.0
8.795,0.53644323,0.42951003,0.0,0.5414283,0.46459553,0.0011094194,18.322886,4.244258,0.0
8.8,0.47377992,0.49575192,0.0,0.54281753,0.4545363,0.0010468111,18.371147,2.498414,0.0
8.805,0.47377992,0.49575192,0.0,0.5441621,0.45897526,0.000987736,18.850124,0.07520954,0.0
8.81,0.47377992,0.49575192,0.0,0.5454308,0.4631637,0.00093199476,19.821568,1.6180346e-07,0.0
8.815,0.47377992,0.49575192,0.0,0.5466279,0.4671158,0.00087939913,21.73854,1.7805216e-07,0.0
8.82,0.42370299,0.49170688,0.0,0.5476211,0.47037676,0.0008297716,24.072805,1.4027454e-07,0.0
8.825000000000001,0.42370299,0.49170688,0.0,0.5469903,0.4680705,0.0007829448,26.426792,1.9816362e-07,0.0
8.83,0.42370299,0.49170688,0.0,0.54639506,0.4658944,0.0007387606,28.679707,1.2082175e-07,0.0
8.835,0.42370299,0.49170688,0.0,0.54583347,0.4638411,0.0006970698,30.728798,0.00069500325,0.0
8.84,0.42454708,0.50047004,0.0,0.54502064,0.46220276,0.0006577318,32.4704,0.0262215,0.0
8.845,0.42454708,0.50047004,0.0,0.5410003,0.46409604,0.00062061375,33.844433,0.21007548,0.0
8.85,0.42454708,0.50047004,0.0,0.5372068,0.46588248,0.0005855904,35.64775,1.4127944e-07,0.0
8.855,0.42454708,0.50047004,0.0,0.53362745,0.4675681,0.0005525435,37.815697,1.3452072e-07,0.0
8.86,0.44203204,0.48165524,0.0,0.530024,0.46914035,0.0005213616,40.032406,1.6487708e-07,0.0
8.865,0.44203204,0.48165524,0.0,0.52402395,0.47041386,0.00049193937,42.064587,0.0017383589,0.0
8.870000000000001,0.44203204,0.48165524,0.0,0.5183625,0.4716155,0.00046417754,43.74714,0.10150913,0.0
8.875,0.44203204,0.48165524,0.0,0.5130206,0.47274932,0.00043798244,44.978424,0.49011663,0.0
8.88,0.44978684,0.5455051,0.0,0.50798386,0.4738587,0.0004132656,45.75599,1.174285,0.0
8.885,0.44978684,0.5455051,0.0,0.5032752,0.47536048,0.00038994363,46.125816,2.099729,0.0
8.89,0.44978684,0.5455051,0.0,0.49883232,0.4767775,0.00036793778,46.157154,3.187048,0.0
8.895,0.44978684,0.5455051,0.0,0.49464014,0.47811455,0.0003471738,45.92757,4.349093,0.0
8.9,0.48323938,0.57748264,0.0,0.4907635,0.4792912,0.0003275816,45.512486,5.50291,0.0
8.905,0.48323938,0.57748264,0.0,0.48801342,0.47942463,0.00030909505,44.978848,6.5767136,0.0
8.91,0.48323938,0.57748264,0.0,0.48541853,0.4795505,0.00029165176,44.392906,7.500986,0.0
8.915000000000001,0.48323938,0.57748264,0.0,0.4829701,0.47966927,0.00027519284,43.80626,8.223888,0.0
8.92,0.48583034,0.6,0.0,0.48069483,0.4800696,0.00025966277,43.249058,8.718123,0.0
8.925,0.48583034,0.6,0.0,0.4789506,0.48376235,0.0002450091,42.73494,8.974744,0.0
8.93,0.48583034,0.6,0.0,0.4773048,0.48724672,0.0002311824,42.252987,9.011567,0.0
8.935,0.48583034,0.6,0.0,0.47575185,0.49053445,0.00021813599,41.78839,8.849415,0.0
8.94,0.5239208,0.6,0.0,0.4744376,0.493781,0.00020582583,41.332344,8.501458,0.0
8.945,0.5239208,0.6,0.0,0.4749343,0.49850458,0.00019421037,40.88112,7.9743366,0.0
8.950000000000001,0.5239208,0.6,0.0,0.47540298,0.5029616,0.00018325042,39.512836,8.289874,0.0
8.955,0.5239208,0.6,0.0,0.47584522,0.50716704,0.00017290897,37.257027,9.382246,0.0
8.96,0.5465362,0.6,0.0,0.4762742,0.51123685,0.00016315113,34.66484,10.616247,0.0
8.965,0.5465362,0.6,0.0,0.47681347,0.5162461,0.00015394395,32.092896,11.590483,0.0
8.97,0.5465362,0.6,0.0,0.4773223,0.5209726,0.00014525637,29.758934,12.069186,0.0
8.975,0.5465362,0.6,0.0,0.47780246,0.5254324,0.00013705906,27.782675,11.931323,0.0
8.98,0.58825386,0.6,0.0,0.47842747,0.5296405,0.00012932435,26.207722,11.142262,0.0
8.985,0.58825386,0.6,0.0,0.48099482,0.5336111,0.00012202614,25.02188,9.728446,0.0
8.99,0.58825386,0.6,0.0,0.48341727,0.5373577,0.00011513979,24.18849,7.7415648,0.0
8.995000000000001,0.58825386,0.6,0.0,0.48570302,0.5408928,0.00010864206,23.653385,5.2506857,0.0
9.0,0.6,0.6,0.0,0.4879619,0.5442284,0.00010251102,23.350584,2.3360744,0.0
9.005,0.6,0.6,0.0,0.49126744,0.54737574,9.672597e-05,23.0423,-8.240916e-08,0.0
9.01,0.6,0.6,0.0,0.49438643,0.5503455,9.126739e-05,22.532633,-1.2656421e-09,0.0
9.015,0.6,0.6,0.0,0.4973294,0.5531477,8.611687e-05,22.29331,-1.1341522e-08,0.0
9.02,0.6,0.6,0.0,0.5002947,0.55579174,8.1257e-05,22.262903,1.9967887e-09,0.0
9.025,0.6,0.6,0.0,0.5052585,0.55828655,7.667139e-05,22.379627,1.15138645e-08,0.0
9.03,0.6,0.6,0.0,0.50994223,0.5606406,7.234456e-05,22.597593,1.936389e-08,0.0
9.035,0.6,0.6,0.0,0.5143616,0.56286174,6.8261914e-05,22.87982,1.7568349e-08,0.0
9.040000000000001,0.6,0.6,0.0,0.51858467,0.56495756,6.440966e-05,23.19331,1.1899785e-08,0.0
9.045,0.6,0.6,0.0,0.52317923,0.5669351,6.07748e-05,23.511446,2.2297842e-08,0.0
9.05,0.6,0.6,0.0,0.5275145,0.5688011,5.734507e-05,23.818537,1.1011392e-08,0.0
9.055,0.6,0.6,0.0,0.5316051,0.57056177,5.4108892e-05,24.10591,2.5789e-08,0.0
9.06,0.6,0.54562354,0.0,0.5354649,0.57222307,5.1055344e-05,24.368565,1.3663258e-08,0.0
9.065,0.6,0.54562354,0.0,0.53910685,0.5737906,4.8174115e-05,24.60455,1.2056e-08,0.0
9.07,0.6,0.54562354,0.0,0.54254323,0.5752697,4.5455487e-05,24.814257,1.0550213e-08,0.0
9.075000000000001,0.6,0.54562354,0.0,0.5457857,0.57666534,4.289028e-05,24.999733,5.0417297e-09,0.0
9.08,0.6,0.49898487,0.0,0.54884523,0.5779822,4.0469833e-05,25.163769,1.6703122e-08,0.0
9.085,0.6,0.49898487,0.0,0.55173206,0.5792247,3.8185983e-05,25.309786,7.892933e-09,0.0
9.09,0.6,0.49898487,0.0,0.554456,0.5803971,3.603102e-05,25.441988,2.8518048e-09,0.0
9.095,0.6,0.49898487,0.0,0.5570262,0.5815034,3.3997665e-05,25.564222,6.7522725e-09,0.0
9.1,0.6,0.46439797,0.0,0.55945134,0.58230174,3.207906e-05,25.679388,6.967575e-09,0.0
9.105,0.6,0.46439797,0.0,0.5617396,0.58023185,3.026873e-05,25.790506,6.6178605e-09,0.0
9.11,0.6,0.46439797,0.0,0.5638988,0.5782788,2.8560562e-05,24.82885,1.0390213,0.0
9.115,0.6,0.46439797,0.0,0.5659361,0.5764359,2.6948792e-05,22.861216,2.9256978,0.0
9.120000000000001,0.59948117,0.44165993,0.0,0.56785846,0.5744865,2.542798e-05,20.590113,4.853702,0.0
9.125,0.59948117,0.44165993,0.0,0.5696723,0.57022566,2.3992992e-05,18.484007,6.301668,0.0
9.13,0.59948117,0.44165993,0.0,0.5713838,0.5662053,2.2638986e-05,16.823587,6.972854,0.0
9.135,0.59948117,0.44165993,0.0,0.5729987,0.56241184,2.1361391e-05,15.7207,6.7656693,0.0
9.14,0.5518965,0.43004602,0.0,0.5745225,0.5586763,2.0155894e-05,15.158939,5.721532,0.0
9.145,0.5518965,0.43004602,0.0,0.5759603,0.5533559,1.901843e-05,15.048356,3.9604816,0.0
9.15,0.5518965,0.43004602,0.0,0.57731694,0.5483357,1.7945154e-05,15.277699,1.6221099,0.0
9.155,0.5518965,0.43004602,0.0,0.578597,0.5435988,1.6932448e-05,15.523189,-2.7760558e-09,0.0
9.16,0.50895965,0.42673287,0.0,0.5798025,0.53902656,1.5976893e-05,15.701073,1.7906858e-08,0.0
9.165000000000001,0.50895965,0.42673287,0.0,0.58091307,0.53353184,1.5075263e-05,16.089487,3.3113235e-08,0.0
9.17,0.50895965,0.42673287,0.0,0.5819609,0.5283472,1.4224514e-05,16.619892,1.0489892e-08,0.0
9.175,0.50895965,0.42673287,0.0,0.58294964,0.52345514,1.3421776e-05,17.230394,4.4410733e-08,0.0
9.18,0.47119212,0.43874353,0.0,0.58366776,0.5187867,1.266434e-05,17.86826,6.685645e-08,0.0
9.185,0.47119212,0.43874353,0.0,0.5818748,0.5137788,1.1949648e-05,18.493328,3.9247933e-08,0.0
9.19,0.47119212,0.43874353,0.0,0.580183,0.50905347,1.1275289e-05,19.981924,1.3017323e-07,0.0
9.195,0.47119212,0.43874353,0.0,0.5785867,0.5045948,1.0638985e-05,22.36781,1.6362479e-07,0.0
9.200000000000001,0.44736534,0.4483638,0.0,0.57688665,0.5003728,1.0038591e-05,25.107407,3.5621315e-07,0.0
9.205,0.44736534,0.4483638,0.0,0.5730533,0.49621707,9.47208e-06,27.809738,3.1895308e-07,0.0
9.21,0.44736534,0.4483638,0.0,0.56943625,0.49229583,8.937538e-06,30.228384,0.00921958,0.0
9.215,0.44736534,0.4483638,0.0,0.56602335,0.4885959,8.433162e-06,32.211555,0.19848695,0.0
9.22,0.43101054,0.47949147,0.0,0.56263256,0.48515898,7.95725e-06,33.714,0.6844543,0.0
9.225,0.43101054,0.47949147,0.0,0.5574723,0.4825396,7.5081953e-06,34.771797,1.4245018,0.0
9.23,0.43101054,0.47949147,0.0,0.5526032,0.48006803,7.084482e-06,35.43531,2.3606308,0.0
9.235,0.43101054,0.47949147,0.0,0.54800886,0.47773594,6.6846806e-06,35.77052,3.418288,0.0
9.24,0.43324313,0.513291,0.0,0.5435663,0.4755789,6.3074413e-06,35.853203,4.5136228,0.0
9.245000000000001,0.43324313,0.513291,0.0,0.5381373,0.47404307,5.951491e-06,35.753853,5.570368,0.0
9.25,0.43324313,0.513291,0.0,0.5330148,0.4725939,5.615628e-06,35.52002,6.539378,0.0
9.255,0.43324313,0.513291,0.0,0.5281813,0.4712265,5.2987193e-06,35.188488,7.38417,0.0
9.26,0.44456264,0.55741394,0.0,0.52354676,0.47007683,4.9996943e-06,34.79245,8.072739,0.0
9.265,0.44456264,0.55741394,0.0,0.5183246,0.47060812,4.7175445e-06,34.35795,8.581403,0.0
9.27,0.44456264,0.55741394,0.0,0.51339716,0.47110942,4.451317e-06,34.805176,7.8974485,0.0
9.275,0.44456264,0.55741394,0.0,0.5087478,0.47158244,4.2001143e-06,36.10399,6.088008,0.0
9.28,0.47179893,0.59248924,0.0,0.5043709,0.47218138,3.9630877e-06,37.71181,3.777707,0.0
9.285,0.47179893,0.59248924,0.0,0.500357,0.47450134,3.739437e-06,39.291916,1.3497201,0.0
9.290000000000001,0.47179893,0.59248924,0.0,0.4965695,0.47669038,3.528408e-06,40.474255,5.9150516e-08,0.0
9.295,0.47179893,0.59248924,0.0,0.4929958,0.4787559,3.329288e-06,41.257324,1.8605196e-08,0.0
9.3,0.5028151,0.6,0.0,0.48967487,0.480904,3.141405e-06,41.864803,4.529726e-08,0.0
9.305,0.5028151,0.6,0.0,0.48712903,0.48522174,2.9641246e-06,42.26554,0.0012956496,0.0
9.31,0.5028151,0.6,0.0,0.48472688,0.48929578,2.796849e-06,42.445286,0.036378235,0.0
9.315,0.5028151,0.6,0.0,0.48246026,0.49313992,2.6390132e-06,42.417324,0.09672056,0.0
9.32,0.53780967,0.6,0.0,0.48044452,0.49692547,2.4900846e-06,42.21338,0.14659673,0.0
9.325000000000001,0.53780967,0.6,0.0,0.47995663,0.50231844,2.3495606e-06,41.8721,0.14294809,0.0
9.33,0.53780967,0.6,0.0,0.47949627,0.50740707,2.216967e-06,41.43152,0.04406819,0.0
9.335,0.53780967,0.6,0.0,0.47906187,0.5122085,2.091856e-06,40.89412,2.6607802e-08,0.0
9.34,0.5703957,0.6,0.0,0.47879204,0.5167729,1.9738054e-06,40.302002,-2.7590076e-08,0.0
9.345,0.5703957,0.6,0.0,0.48014775,0.5214697,1.8624169e-06,39.69187,1.0618645e-08,0.0
9.35,0.5703957,0.6,0.0,0.48142695,0.52590144,1.7573143e-06,38.181118,0.9058065,0.0
9.355,0.5703957,0.6,0.0,0.48263395,0.53008306,1.6581431e-06,35.830257,2.5044022,0.0
9.36,0.6,0.6,0.0,0.48393083,0.5340287,1.5645685e-06,33.19136,4.1589127,0.0
9.365,0.6,0.6,0.0,0.48697138,0.5377517,1.4762745e-06,30.624832,5.464936,0.0
9.370000000000001,0.6,0.6,0.0,0.48984036,0.54126453,1.3929633e-06,28.363642,6.1720853,0.0
9.375,0.6,0.6,0.0,0.49254742,0.54457915,1.3143537e-06,26.531725,6.1581693,0.0
9.38,0.6,0.6,0.0,0.49524885,0.5477067,1.2401802e-06,25.160816,5.4056177,0.0
9.385,0.6,0.6,0.0,0.49948964,0.5506578,1.1701926e-06,24.219633,3.9658172,0.0
9.39,0.6,0.6,0.0,0.5034911,0.55344236,1.1041546e-06,23.652887,1.914328,0.0
9.395,0.6,0.6,0.0,0.50726676,0.5560698,1.0418435e-06,23.265162,2.8388644e-08,0.0
9.4,0.6,0.6,0.0,0.510963,0.5585489,9.830487e-07,22.799574,7.484643e-09,0.0
9.405,0.6,0.6,0.0,0.5159877,0.5608882,9.2757193e-07,22.629147,-1.2023931e-09,0.0
9.41,0.6,0.6,0.0,0.52072877,0.5630954,8.752259e-07,22.691097,6.669932e-09,0.0
9.415000000000001,0.6,0.6,0.0,0.52520233,0.56517804,8.258339e-07,22.921648,2.7834986e-08,0.0
9.42,0.6,0.58914375,0.0,0.5294234,0.56714314,7.792293e-07,23.258884,1.1464851e-08,0.0
9.425,0.6,0.58914375,0.0,0.5334063,0.5689974,7.3525473e-07,23.648756,3.2081786e-08,0.0
9.43,0.6,0.58914375,0.0,0.53716445,0.57074696,6.937618e-07,24.049448,4.1697177e-08,0.0
9.435,0.6,0.58914375,0.0,0.54071045,0.5723978,6.5461046e-07,24.431446,3.0156293e-08,0.0
9.44,0.6,0.536701,0.0,0.54405636,0.57395554,6.1766855e-07,24.776043,5.554176e-09,0.0
9.445,0.6,0.536701,0.0,0.54721344,0.5754253,5.828114e-07,25.07377,3.000101e-08,0.0
9.450000000000001,0.6,0.536701,0.0,0.55019236,0.57681215,5.4992137e-07,25.322147,1.9467358e-08,0.0
9.455,0.6,0.536701,0.0,0.5530032,0.5781207,5.188874e-07,25.524958,9.555108e-09,0.0
9.46,0.6,0.4931905,0.0,0.55565536,0.5793064,4.896048e-07,25.689497,7.9764e-09,0.0
9.465,0.6,0.4931905,0.0,0.55815786,0.5798616,4.6197474e-07,25.824081,1.8904485e-08,0.0
9.47,0.6,0.4931905,0.0,0.56051916,0.5803854,4.3590393e-07,25.938904,6.617029e-09,0.0
9.475,0.6,0.4931905,0.0,0.5627472,0.5808796,4.1130437e-07,26.043081,2.9799445e-09,0.0
9.48,0.6,0.45428792,0.0,0.5648495,0.5811092,3.8809307e-07,26.142994,9.041214e-09,0.0
9.485,0.6,0.45428792,0.0,0.56683314,0.57860315,3.6619164e-07,26.243511,7.648377e-09,0.0
9.49,0.6,0.45428792,0.0,0.56870484,0.57623845,3.455262e-07,25.27971,1.0325155,0.0
9.495000000000001,0.6,0.45428792,0.0,0.5704709,0.5740072,3.2602696e-07,23.315819,2.9070415,0.0
9.5,0.5892114,0.43145114,0.0,0.57213736,0.57170546,3.0762814e-07,21.049034,4.823283,0.0
9.505,0.5892114,0.43145114,0.0,0.5737097,0.5672746,2.9026765e-07,18.944698,6.263288,0.0
9.51,0.5892114,0.43145114,0.0,0.5751934,0.5630938,2.7388685e-07,17.282545,6.931232,0.0
9.515,0.5892114,0.43145114,0.0,0.57659334,0.5591489,2.5843048e-07,16.174318,6.725408,0.0
9.52,0.5407177,0.42848405,0.0,0.57791424,0.555251,2.4384636e-07,15.6047535,5.6858444,0.0
9.525,0.5407177,0.42848405,0.0,0.57916063,0.54955333,2.3008528e-07,15.484691,3.9315584,0.0
9.53,0.5407177,0.42848405,0.0,0.5803367,0.5441772,2.1710078e-07,15.705411,1.5992157,0.0
9.535,0.5407177,0.42848405,0.0,0.58144635,0.5391044,2.0484904e-07,15.943059,-3.2679848e-09,0.0
9.540000000000001,0.4997042,0.42954993,0.0,0.58244467,0.5342148,1.9328871e-07,16.123425,2.491829e-08,0.0
9.545,0.4997042,0.42954993,0.0,0.58282655,0.5284155,1.8238077e-07,16.518726,1.5286167e-08,0.0
9.55,0.4997042,0.42954993,0.0,0.58318686,0.5229435,1.720884e-07,17.056911,2.4792733e-08,0.0
9.555,0.4997042,0.42954993,0.0,0.58352685,0.51778024,1.6237686e-07,17.672586,4.2820663e-08,0.0
9.56,0.46418855,0.44048375,0.0,0.5836287,0.512895,1.5321338e-07,18.311886,5.071725e-08,0.0
9.565,0.46418855,0.44048375,0.0,0.5812071,0.5081314,1.4456703e-07,18.934273,3.152056e-08,0.0
9.57,0.46418855,0.44048375,0.0,0.57892215,0.5036366,1.3640862e-07,20.412367,1.3723657e-07,0.0
9.575000000000001,0.46418855,0.44048375,0.0,0.57676613,0.4993955,1.2871061e-07,22.777285,1.8337622e-07,0.0
9.58,0.44167745,0.45472467,0.0,0.57454664,0.49539852,1.2144703e-07,25.486057,1.2321247e-07,0.0
9.585,0.44167745,0.45472467,0.0,0.57032305,0.49168247,1.1459336e-07,28.15203,2.0393848e-07,0.0
9.59,0.44167745,0.45472467,0.0,0.56633776,0.4881761,1.0812647e-07,30.530588,0.010040333,0.0
9.595,0.44167745,0.45472467,0.0,0.5625774,0.48486763,1.0202453e-07,32.46743,0.21263377,0.0
9.6,0.42705813,0.49240217,0.0,0.55886894,0.48179522,9.626694e-08,33.918133,0.7183442,0.0
9.605,0.42705813,0.49240217,0.0,0.5535258,0.47946388,9.083426e-08,34.91963,1.4833148,0.0
9.61,0.42705813,0.49240217,0.0,0.5484842,0.4772641,8.570817e-08,35.525406,2.4458692,0.0
9.615,0.42705813,0.49240217,0.0,0.5437271,0.47518846,8.087137e-08,35.80384,3.5286844,0.0
9.620000000000001,0.43474287,0.52440536,0.0,0.5391368,0.47329426,7.630752e-08,35.832024,4.646341,0.0
9.625,0.43474287,0.52440536,0.0,0.53363687,0.47224632,7.200123e-08,35.68059,5.722433,0.0
9.63,0.43474287,0.52440536,0.0,0.5284473,0.4712575,6.7937954e-08,35.395344,6.70971,0.0
9.635,0.43474287,0.52440536,0.0,0.52355057,0.47032452,6.4103986e-08,35.011936,7.57292,0.0
9.64,0.45063764,0.56445533,0.0,0.5188642,0.46961427,6.048638e-08,34.56311,8.280432,0.0
9.645,0.45063764,0.56445533,0.0,0.51368326,0.47090027,5.7072924e-08,34.07544,8.807858,0.0
9.65,0.45063764,0.56445533,0.0,0.5087947,0.4721137,5.3852105e-08,34.468433,8.143471,0.0
9.655,0.45063764,0.56445533,0.0,0.50418204,0.47325864,5.0813046e-08,35.71192,6.3544626,0.0
9.66,0.47962013,0.59836274,0.0,0.49986437,0.47448346,4.794549e-08,37.26336,4.065221,0.0
9.665000000000001,0.47962013,0.59836274,0.0,0.49618936,0.47730073,4.5239762e-08,38.785923,1.6587914,0.0
9.67,0.47962013,0.59836274,0.0,0.4927217,0.479959,4.268673e-08,39.9681,7.145423e-08,0.0
9.675,0.47962013,0.59836274,0.0,0.48944977,0.48246726,4.0277772e-08,40.68081,3.7571745e-08,0.0
9.68,0.5125147,0.6,0.0,0.48643422,0.4850148,3.800476e-08,41.229675,3.684467e-08,0.0
9.685,0.5125147,0.6,0.0,0.4844141,0.4894979,3.5860023e-08,41.584213,6.0620478e-05,0.0
9.69,0.5125147,0.6,0.0,0.48250797,0.493728,3.383632e-08,41.735867,0.0071942233,0.0
9.695,0.5125147,0.6,0.0,0.48070943,0.4977194,3.192682e-08,41.696514,0.019029608,0.0
9.700000000000001,0.54923373,0.6,0.0,0.47914323,0.50163865,3.012508e-08,41.495842,0.0032993664,0.0
9.705,0.54923373,0.6,0.0,0.47917014,0.5070971,2.8425019e-08,41.156063,-2.8745324e-08,0.0
9.71,0.54923373,0.6,0.0,0.47919554,0.51224756,2.6820898e-08,39.790516,0.9897267,0.0
9.715,0.54923373,0.6,0.0,0.4792195,0.5171073,2.5307303e-08,37.47195,2.799795,0.0
9.72,0.57995147,0.6,0.0,0.47939062,0.5217002,2.3879126e-08,34.77769,4.761829,0.0
9.725,0.57995147,0.6,0.0,0.4812599,0.52611893,2.2531546e-08,32.084175,6.4509835,0.0
9.73,0.57995147,0.6,0.0,0.48302373,0.5302883,2.1260014e-08,29.63899,7.598949,0.0
9.735,0.57995147,0.6,0.0,0.484688,0.53422236,2.006024e-08,27.585997,8.0604725,0.0
9.74,0.6,0.6,0.0,0.48642415,0.5379344,1.8928173e-08,25.978695,7.7937474,0.0
9.745000000000001,0.6,0.6,0.0,0.48996872,0.541437,1.785999e-08,24.804916,6.8293567,0.0
9.75,0.6,0.6,0.0,0.49331325,0.54474187,1.6852091e-08,24.022131,5.229336,0.0
9.755,0.6,0.6,0.0,0.49646905,0.54786026,1.590107e-08,23.56636,3.077022,0.0
9.76,0.6,0.6,0.0,0.49958542,0.5508027,1.500372e-08,23.36131,0.4669167,0.0
9.765,0.6,0.6,0.0,0.50412077,0.5535791,1.4157008e-08,22.918064,7.178968e-09,0.0
9.77,0.6,0.6,0.0,0.50840014,0.5561988,1.335808e-08,22.669327,-6.9417596e-09,0.0
9.775,0.6,0.6,0.0,0.512438,0.55867064,1.2604238e-08,22.651344,5.6566658e-11,0.0
9.78,0.6,0.6,0.0,0.5163385,0.56100297,1.1892937e-08,22.802773,1.306553e-08,0.0
9.785,0.6,0.6,0.0,0.5210598,0.5632037,1.1221778e-08,23.064392,1.8035378e-08,0.0
9.790000000000001,0.6,0.6,0.0,0.52551466,0.56528026,1.0588495e-08,23.389051,1.4454201e-08,0.0
9.795,0.6,0.6,0.0,0.5297181,0.56723964,9.99095e-09,23.740263,1.9472115e-09,0.0
9.8,0.6,0.57214093,0.0,0.5336844,0.5690884,9.427127e-09,24.090315,2.6612197e-08,0.0
9.805,0.6,0.57214093,0.0,0.53742677,0.57083285,8.895122e-09,24.419985,1.938247e-08,0.0
9.81,0.6,0.57214093,0.0,0.540958,0.57247883,8.3931395e-09,24.71747,1.1008215e-08,0.0
9.815,0.6,0.57214093,0.0,0.54428995,0.57403195,7.919486e-09,24.977322,2.2903532e-08,0.0
9.82,0.6,0.5237549,0.0,0.54743385,0.5754974,7.472563e-09,25.198746,2.06973e-08,0.0
9.825000000000001,0.6,0.5237549,0.0,0.5504003,0.57688016,7.050861e-09,25.384705,1.2329772e-08,0.0
9.83,0.6,0.5237549,0.0,0.5531994,0.5781849,6.652957e-09,25.541018,2.5952025e-09,0.0
9.835,0.6,0.5237549,0.0,0.55584055,0.579416,6.277508e-09,25.674227,1.8545442e-09,0.0
9.84,0.6,0.4849605,0.0,0.5583326,0.58045185,5.923247e-09,25.790318,4.9759197e-09,0.0
9.845,0.6,0.4849605,0.0,0.5606841,0.5799828,5.5889777e-09,25.894878,4.2576707e-09,0.0
9.85,0.6,0.4849605,0.0,0.5629028,0.57954025,5.2735727e-09,24.914375,1.0508527,0.0
9.855,0.6,0.4849605,0.0,0.5649963,0.57912266,4.975967e-09,22.908697,2.9704669,0.0
9.86,0.6,0.44634306,0.0,0.56697166,0.5785102,4.6951563e-09,20.578625,4.9536867,0.0
9.865,0.6,0.44634306,0.0,0.56883556,0.5754202,4.4301927e-09,18.396534,6.474051,0.0
9.870000000000001,0.6,0.44634306,0.0,0.57059425,0.5725046,4.180182e-09,16.650648,7.226046,0.0
9.875,0.6,0.44634306,0.0,0.5722537,0.56975347,3.94428e-09,15.460524,7.0994616,0.0
9.88,0.57730323,0.428508,0.0,0.5738195,0.56698245,3.721691e-09,14.815113,6.129987,0.0
9.885,0.57730323,0.428508,0.0,0.575297,0.5623537,3.5116632e-09,14.628285,4.4336877,0.0
9.89,0.57730323,0.428508,0.0,0.5766911,0.5579861,3.3134882e-09,14.791043,2.1479154,0.0
9.895,0.57730323,0.428508,0.0,0.5780065,0.553865,3.1264966e-09,15.077579,-7.577576e-08,0.0
9.9,0.52926815,0.42900264,0.0,0.57924765,0.5498021,2.9500578e-09,15.167268,8.7743475e-09,0.0
9.905,0.52926815,0.42900264,0.0,0.58041877,0.54396355,2.783576e-09,15.478229,1.3752183e-08,0.0
9.91,0.52926815,0.42900264,0.0,0.5815238,0.5384545,2.6264892e-09,15.946826,3.2037207e-08,0.0
9.915000000000001,0.52926815,0.42900264,0.0,0.58256644,0.5332563,2.4782676e-09,16.51485,4.3757904e-08,0.0
9.92,0.4902561,0.43178275,0.0,0.5834478,0.52827096,2.3384106e-09,17.12971,4.462771e-08,0.0
9.925,0.4902561,0.43178275,0.0,0.58310103,0.522641,2.2064461e-09,17.74864,2.915349e-08,0.0
9.93,0.4902561,0.43178275,0.0,0.58277386,0.51732874,2.0819289e-09,19.25414,2.3980888e-07,0.0
9.935,0.4902561,0.43178275,0.0,0.5824651,0.5123163,1.9644386e-09,21.685825,-4.4783764e-08,0.0
9.94,0.45727924,0.44341388,0.0,0.5819569,0.5075889,1.8535786e-09,24.498817,7.027002e-08,0.0
9.945,0.45727924,0.44341388,0.0,0.57898355,0.50315404,1.7489749e-09,27.296541,2.2758876e-07,0.0
9.950000000000001,0.45727924,0.44341388,0.0,0.57617795,0.49896944,1.6502743e-09,29.82063,0.00798664,0.0
9.955,0.45727924,0.44341388,0.0,0.5735307,0.495021,1.5571436e-09,31.914808,0.17884979,0.0
9.96,0.4377259,0.46085218,0.0,0.5708567,0.49130788,1.4692687e-09,33.528137,0.6459766,0.0
9.965,0.4377259,0.46085218,0.0,0.56630814,0.4879487,1.3863528e-09,34.69449,1.3694217,0.0
9.97,0.4377259,0.46085218,0.0,0.56201625,0.48477906,1.3081162e-09,35.465607,2.2898903,0.0
9.975,0.4377259,0.46085218,0.0,0.5579666,0.4817883,1.2342947e-09,35.909626,3.3306897,0.0
9.98,0.43152013,0.4941014,0.0,0.55399656,0.47901884,1.1646392e-09,36.103363,4.407109,0.0
9.985,0.43152013,0.4941014,0.0,0.54853845,0.47700953,1.0989146e-09,36.11718,5.4434037,0.0
9.99,0.43152013,0.4941014,0.0,0.54338837,0.47511363,1.0368991e-09,35.993603,6.3962746,0.0
9.995000000000001,0.43152013,0.4941014,0.0,0.5385289,0.47332472,9.783834e-10,35.764732,7.2346206,0.0
10.0,0.43554696,0.53885746,0.0,0.53385544,0.47171548,9.231699e-10,35.46177,7.928702,0.0
10.005,0.43554696,0.53885746,0.0,0.5284305,0.47110242,8.7107227e-10,35.11068,8.454787,0.0
10.01,0.43554696,0.53885746,0.0,0.52331173,0.47052395,8.219147e-10,34.718185,8.810552,0.0
10.015,0.43554696,0.53885746,0.0,0.51848185,0.46997815,7.7553125e-10,34.287823,8.996558,0.0
10.02,0.45788336,0.57623273,0.0,0.5138965,0.46961325,7.3176537e-10,33.82913,9.006286,0.0
10.025,0.45788336,0.57623273,0.0,0.5092477,0.47099522,6.9046935e-10,33.35233,8.832058,0.0
10.03,0.45788336,0.57623273,0.0,0.5048613,0.4722992,6.515038e-10,33.770164,7.4677367,0.0
10.035,0.45788336,0.57623273,0.0,0.5007224,0.47352955,6.147372e-10,35.049095,4.981718,0.0
10.040000000000001,0.4854642,0.6,0.0,0.49683526,0.47489256,5.800455e-10,36.6411,2.0029078,0.0
10.045,0.4854642,0.6,0.0,0.49337655,0.4785023,5.473116e-10,38.006863,6.959778e-08,0.0
10.05,0.4854642,0.6,0.0,0.49011302,0.48190835,5.164249e-10,38.958744,5.3004136e-08,0.0
10.055,0.4854642,0.6,0.0,0.48703367,0.48512217,4.8728127e-10,39.80529,1.6465885e-08,0.0
10.06,0.5204946,0.6,0.0,0.48422894,0.4883234,4.5978232e-10,40.469284,8.771177e-06,0.0
10.065,0.5204946,0.6,0.0,0.48274216,0.4932844,4.3383525e-10,40.915607,0.004798466,0.0
10.07,0.5204946,0.6,0.0,0.4813393,0.49796546,4.0935244e-10,41.132416,0.049983513,0.0
10.075000000000001,0.5204946,0.6,0.0,0.4800156,0.50238234,3.8625128e-10,41.139538,0.11888595,0.0
10.08,0.5558535,0.6,0.0,0.47889113,0.50665724,3.644538e-10,40.97196,0.17231967,0.0
10.085,0.5558535,0.6,0.0,0.47926208,0.5119249,3.4388642e-10,40.6695,0.16617714,0.0
10.09,0.5558535,0.6,0.0,0.47961208,0.5168953,3.2447975e-10,39.340916,1.0959914,0.0
10.095,0.5558535,0.6,0.0,0.47994232,0.52158517,3.0616826e-10,37.049366,2.8579237,0.0
10.1,0.5885925,0.6,0.0,0.4804121,0.5260104,2.8889013e-10,34.37829,4.7765203,0.0
10.105,0.5885925,0.6,0.0,0.4826741,0.5301859,2.725871e-10,31.710863,6.419377,0.0
10.11,0.5885925,0.6,0.0,0.48480844,0.53412575,2.5720406e-10,29.29947,7.512965,0.0
10.115,0.5885925,0.6,0.0,0.48682234,0.5378432,2.4268917e-10,27.288527,7.911644,0.0
10.120000000000001,0.6,0.6,0.0,0.4888822,0.54135096,2.289934e-10,25.729362,7.5761523,0.0
10.125,0.6,0.6,0.0,0.49266163,0.54466075,2.1607052e-10,24.607008,6.5402846,0.0
10.13,0.6,0.6,0.0,0.49622777,0.54778373,2.0387693e-10,23.876133,4.8691883,0.0
10.135,0.6,0.6,0.0,0.49959266,0.55073047,1.9237145e-10,23.470179,2.6490583,0.0
10.14,0.6,0.6,0.0,0.50291544,0.5535109,1.8151528e-10,23.30631,-1.8578363e-06,0.0
10.145,0.6,0.6,0.0,0.5077505,0.55613446,1.7127175e-10,22.836441,-2.324857e-08,0.0
10.15,0.6,0.6,0.0,0.5123127,0.55860996,1.616063e-10,22.648483,-4.4440265e-09,0.0
10.155,0.6,0.6,0.0,0.5166174,0.56094575,1.524863e-10,22.685585,2.0682531e-09,0.0
10.16,0.6,0.6,0.0,0.52073073,0.5631497,1.4388098e-10,22.885183,1.8436374e-08,0.0
10.165000000000001,0.6,0.6,0.0,0.5252042,0.5652293,1.3576128e-10,23.18746,2.3198416e-08,0.0
10.17,0.6,0.6,0.0,0.52942514,0.56719154,1.2809981e-10,23.543165,6.636092e-09,0.0
10.175,0.6,0.6,0.0,0.5334079,0.56904304,1.208707e-10,23.914946,3.0616793e-08,0.0
10.18,0.6,0.5601815,0.0,0.53716594,0.57079005,1.14049555e-10,24.275616,2.4785718e-08,0.0
10.185,0.6,0.5601815,0.0,0.5407119,0.5724385,1.0761335e-10,24.607176,4.4926884e-09,0.0
10.19,0.6,0.5601815,0.0,0.5440577,0.57399386,1.0154036e-10,24.89967,1.5056628e-08,0.0
10.195,0.6,0.5601815,0.0,0.54721475,0.5754615,9.581009e-11,25.149559,1.1838788e-08,0.0
10.200000000000001,0.6,0.5112884,0.0,0.5501936,0.5768463,9.04032e-11,25.35805,1.722171e-08,0.0
10.205,0.6,0.5112884,0.0,0.5530043,0.57815295,8.530144e-11,25.530615,1.5756674e-08,0.0
10.21,0.6,0.5112884,0.0,0.55565643,0.5793859,8.048759e-11,25.674412,7.538334e-09,0.0
10.215,0.6,0.5112884,0.0,0.5581589,0.5805492,7.59454e-11,25.796377,6.5975886e-10,0.0
10.22,0.6,0.4753396,0.0,0.5605201,0.5814671,7.1659546e-11,25.90267,2.3315683e-09,0.0
10.225,0.6,0.4753396,0.0,0.5627481,0.5802659,6.761555e-11,25.999056,7.558552e-09,0.0
10.23,0.6,0.4753396,0.0,0.56485033,0.57913244,6.379978e-11,25.014782,1.0471534,0.0
10.235,0.6,0.4753396,0.0,0.566834,0.57806295,6.019934e-11,23.012823,2.9549904,0.0
10.24,0.6,0.43989173,0.0,0.5687056,0.5768331,5.6802084e-11,20.69514,4.917304,0.0
10.245000000000001,0.6,0.43989173,0.0,0.57047164,0.57313424,5.3596547e-11,18.533436,6.408659,0.0
10.25,0.6,0.43989173,0.0,0.572138,0.5696441,5.057191e-11,16.814144,7.1257377,0.0
10.255,0.6,0.43989173,0.0,0.5737104,0.5663509,4.7717965e-11,15.654367,6.9611588,0.0
10.26,0.56334084,0.43058828,0.0,0.575194,0.5630812,4.5025077e-11,15.0408,5.9530916,0.0
10.265,0.56334084,0.43058828,0.0,0.5765939,0.55812967,4.248416e-11,14.885039,4.220064,0.0
10.27,0.56334084,0.43058828,0.0,0.5779148,0.55345756,4.0086632e-11,15.076151,1.9015086,0.0
10.275,0.56334084,0.43058828,0.0,0.5791611,0.5490491,3.7824407e-11,15.338825,7.408974e-09,0.0
10.28,0.5197979,0.4267968,0.0,0.5803371,0.54472935,3.5689847e-11,15.467909,8.146513e-09,0.0
10.285,0.5197979,0.4267968,0.0,0.58144677,0.538813,3.3675746e-11,15.813502,3.3818274e-08,0.0
10.290000000000001,0.5197979,0.4267968,0.0,0.5824938,0.53323054,3.1775308e-11,16.310999,3.538105e-08,0.0
10.295,0.5197979,0.4267968,0.0,0.5834817,0.5279631,2.9982117e-11,16.90168,3.381989e-08,0.0
10.3,0.4805938,0.43410638,0.0,0.5842484,0.52295095,2.8290124e-11,17.533072,4.5437584e-08,0.0
10.305,0.4805938,0.43410638,0.0,0.58306855,0.5177386,2.6693616e-11,18.163172,4.260989e-08,0.0
10.31,0.4805938,0.43410638,0.0,0.58195525,0.5128204,2.5187205e-11,19.669811,1.2512261e-07,0.0
10.315,0.4805938,0.43410638,0.0,0.5809048,0.5081798,2.3765805e-11,22.087011,9.637697e-08,0.0
10.32,0.4521386,0.44386828,0.0,0.579717,0.50378394,2.242462e-11,24.868547,3.4611693e-07,0.0
10.325000000000001,0.4521386,0.44386828,0.0,0.57633555,0.4994393,2.1159121e-11,27.620155,2.9852876e-07,0.0
10.33,0.4521386,0.44386828,0.0,0.5731449,0.49533984,1.996504e-11,30.091063,0.008760608,0.0
10.335,0.4521386,0.44386828,0.0,0.57013434,0.4914717,1.8838344e-11,32.128727,0.19049218,0.0
10.34,0.43235505,0.47369194,0.0,0.5671167,0.48785487,1.7775233e-11,33.68619,0.6681422,0.0
10.345,0.43235505,0.47369194,0.0,0.5622339,0.48482165,1.6772115e-11,34.798943,1.3998832,0.0
10.35,0.43235505,0.47369194,0.0,0.5576267,0.4819596,1.5825608e-11,35.517925,2.3272173,0.0
10.355,0.43235505,0.47369194,0.0,0.5532795,0.4792591,1.4932515e-11,35.90999,3.3748252,0.0
10.36,0.43189153,0.50374264,0.0,0.54904914,0.47675505,1.4089822e-11,36.05112,4.4587793,0.0
10.365,0.43189153,0.50374264,0.0,0.5435802,0.47489914,1.3294686e-11,36.011505,5.5033474,0.0
10.370000000000001,0.43189153,0.50374264,0.0,0.53841984,0.47314796,1.2544421e-11,35.836357,6.4621534,0.0
10.375,0.43189153,0.50374264,0.0,0.5335507,0.4714956,1.1836497e-11,35.56028,7.3012295,0.0
10.38,0.43746045,0.54994065,0.0,0.528867,0.47007114,1.1168524e-11,35.215446,7.989739,0.0
10.385,0.43746045,0.54994065,0.0,0.5234205,0.47027546,1.0538246e-11,34.827484,8.504353,0.0
10.39,0.43746045,0.54994065,0.0,0.5182814,0.47046825,9.9435364e-12,35.314175,7.8349524,0.0
10.395,0.43746045,0.54994065,0.0,0.51343226,0.47065017,9.382389e-12,36.6454,6.0484815,0.0
10.4,0.46352214,0.58382756,0.0,0.5088547,0.4709575,8.852909e-12,38.278694,3.7693865,0.0
10.405,0.46352214,0.58382756,0.0,0.5045114,0.47280768,8.353309e-12,39.879486,1.378428,0.0
10.41,0.46352214,0.58382756,0.0,0.50041324,0.47455344,7.8819035e-12,41.090878,7.913618e-08,0.0
10.415000000000001,0.46352214,0.58382756,0.0,0.49654633,0.47620067,7.4371e-12,41.8893,4.370899e-08,0.0
10.42,0.49510118,0.6,0.0,0.49292278,0.47796354,7.0173997e-12,42.506954,2.364937e-05,0.0
10.425,0.49510118,0.6,0.0,0.48979285,0.48202544,6.621384e-12,42.912533,0.0062198904,0.0
10.43,0.49510118,0.6,0.0,0.48683956,0.48585814,6.2477168e-12,43.088356,0.05967924,0.0
10.435,0.49510118,0.6,0.0,0.48405293,0.48947453,5.895137e-12,43.04755,0.14964671,0.0
10.44,0.530086,0.6,0.0,0.48154122,0.49303982,5.562454e-12,42.823093,0.23869346,0.0
10.445,0.530086,0.6,0.0,0.48052433,0.49816328,5.248546e-12,42.455452,0.28152308,0.0
10.450000000000001,0.530086,0.6,0.0,0.47956485,0.50299764,4.9523528e-12,41.985344,0.23328811,0.0
10.455,0.530086,0.6,0.0,0.4786595,0.5075591,4.6728745e-12,41.44862,0.055171564,0.0
10.46,0.5678876,0.6,0.0,0.47794783,0.51193625,4.4091683e-12,40.826946,-8.725558e-10,0.0
10.465,0.5678876,0.6,0.0,0.47891584,0.51690596,4.160344e-12,40.175068,-2.3341975e-08,0.0
10.47,0.5678876,0.6,0.0,0.47982922,0.52159524,3.9255617e-12,38.622765,0.9083944,0.0
10.475,0.5678876,0.6,0.0,0.48069108,0.5260199,3.704029e-12,36.229317,2.5116866,0.0
10.48,0.5975842,0.6,0.0,0.48166224,0.5301948,3.494998e-12,33.54479,4.1749277,0.0
10.485,0.5975842,0.6,0.0,0.48439497,0.53413415,3.2977633e-12,30.928211,5.49499,0.0
10.49,0.5975842,0.6,0.0,0.48697346,0.5378512,3.1116594e-12,28.6118,6.222033,0.0
10.495000000000001,0.5975842,0.6,0.0,0.48940644,0.5413585,2.9360579e-12,26.721786,6.2310905,0.0
10.5,0.6,0.6,0.0,0.4918728,0.54466784,2.7703662e-12,25.293102,5.500928,0.0
10.505,0.6,0.6,0.0,0.49616256,0.5477904,2.6140249e-12,24.297203,4.079903,0.0
10.51,0.6,0.6,0.0,0.5002102,0.5507368,2.4665066e-12,23.681843,2.0402603,0.0
10.515,0.6,0.6,0.0,0.5040295,0.55351686,2.3273133e-12,23.27688,-3.175914e-08,0.0
10.52,0.6,0.6,0.0,0.5077673,0.55614007,2.195975e-12,22.768637,9.156498e-09,0.0
10.525,0.6,0.6,0.0,0.512836,0.5586152,2.0720487e-12,22.56508,1.832286e-09,0.0
10.53,0.6,0.6,0.0,0.5176186,0.5609507,1.955116e-12,22.603176,9.6114405e-09,0.0
10.535,0.6,0.6,0.0,0.5221313,0.5631544,1.8447821e-12,22.818209,5.025465e-09,0.0
10.540000000000001,0.58,0.58,0.012000007,0.52640027,0.5652337,1.7406748e-12,23.146896,4.935946e-10,0.0
10.545,0.58,0.58,0.012000007,0.53055376,0.5671957,1.6424426e-12,23.533451,1.4812176e-08,0.0
10.55,0.58,0.58,0.012000007,0.5344728,0.569047,1.5497539e-12,23.934788,4.7552756e-08,0.0
10.555,0.58,0.58,0.012000007,0.53817075,0.57079375,1.462296e-12,24.32054,3.1299436e-08,0.0
10.56,0.56,0.56,0.023999996,0.54166,0.57244194,1.3797737e-12,24.671131,-7.2208e-09,0.0
10.565,0.56,0.56,0.023999996,0.54495233,0.57399714,1.3019083e-12,24.976234,2.9623951e-08,0.0
10.57,0.56,0.56,0.023999996,0.54805887,0.57546455,1.2284372e-12,25.23268,1.6233981e-08,0.0
10.575000000000001,0.56,0.56,0.023999996,0.5509901,0.57684916,1.1591123e-12,25.443077,1.522871e-08,0.0
10.58,0.54,0.54,0.036000002,0.55366564,0.57806534,5.41761e-05,25.61421,1.6379975e-08,0.0
10.585,0.54,0.54,0.036000002,0.55515176,0.57817453,0.00072832004,25.754162,1.3665642e-08,0.0
10.59,0.54,0.54,0.036000002,0.556554,0.5782775,0.0013644197,25.870033,-4.6269473e-09,0.0
10.595,0.54,0.54,0.036000002,0.5578772,0.57837474,0.0019646222,25.96807,6.412202e-09,0.0
10.6,0.52,0.52,0.047999993,0.55903536,0.5783762,0.002585129,26.053574,1.1281218e-08,0.0
10.605,0.52,0.52,0.047999993,0.5590898,0.5773392,0.003793643,26.130758,5.4346887e-09,0.0
10.61,0.52,0.52,0.047999993,0.55914116,0.57636064,0.0049339565,25.121517,1.0552013,0.0
10.615,0.52,0.52,0.047999993,0.5591896,0.57543737,0.006009918,23.07717,2.9903734,0.0
10.620000000000001,0.5,0.5,0.06,0.55914503,0.5744759,0.007079336,20.692913,5.006066,0.0
10.625,0.5,0.5,0.06,0.55806464,0.57253027,0.008711427,19.516775,5.381889,0.0
10.63,0.5,0.5,0.06,0.5570452,0.5706945,0.010251415,19.75098,3.946306,0.0
10.635,0.5,0.5,0.06,0.5560833,0.56896234,0.011704495,20.79124,1.4134194,0.0
10.64,0.48,0.48,0.072000004,0.5550854,0.5672376,0.013129749,21.872158,3.3206494e-08,0.0
10.645,0.48,0.48,0.072000004,0.5531054,0.56457186,0.015097596,22.872326,1.3981978e-08,0.0
10.65,0.48,0.48,0.072000004,0.55123717,0.56205654,0.01695439,23.906925,3.17885e-08,0.0
10.655,0.48,0.48,0.072000004,0.54947436,0.55968314,0.0187064,24.855484,7.113306e-08,0.0
10.66,0.46,0.46,0.08399999,0.54772073,0.5573534,0.020413714,25.65028,3.4383756e-08,0.0
10.665000000000001,0.46,0.46,0.08399999,0.5450277,0.5541167,0.022647703,26.265535,4.541542e-08,0.0
10.67,0.46,0.46,0.08399999,0.5424866,0.55106276,0.02475562,26.704142,2.5435336e-08,0.0
10.675,0.46,0.46,0.08399999,0.54008895,0.5481811,0.02674458,26.985651,2.2772642e-08,0.0
10.68,0.44,0.44,0.096,0.5377363,0.5453718,0.028675472,27.137722,4.5820276e-09,0.0
10.685,0.44,0.44,0.096,0.53447807,0.5416826,0.031120423,27.19134,-2.5391085e-09,0.0
10.69,0.44,0.44,0.096,0.53140366,0.53820163,0.0334274,27.176178,1.2216582e-09,0.0
10.695,0.44,0.44,0.096,0.52850276,0.5349171,0.035604183,27.118164,-1.4817171e-09,0.0
10.700000000000001,0.42,0.42,0.10800001,0.5256753,0.5317277,0.0377123,27.03839,6.8205943e-09,0.0
10.705,0.42,0.42,0.10800001,0.521969,0.52767986,0.040324472,26.952883,-3.3728906e-09,0.0
10.71,0.42,0.42,0.10800001,0.5184719,0.52386045,0.042789232,26.872494,5.3804285e-09,0.0
10.715,0.42,0.42,0.10800001,0.5151721,0.5202566,0.045114897,26.803726,-2.24929e-09,0.0
10.72,0.4,0.4,0.12,0.51196826,0.5167658,0.04736349,26.749733,-1.6099035e-09,0.0
10.725,0.4,0.4,0.12,0.50790685,0.51243365,0.050108213,26.711027,-2.1781972e-09,0.0
10.73,0.4,0.4,0.12,0.50407463,0.50834596,0.052698042,26.685808,-3.4907197e-09,0.0
10.735,0.4,0.4,0.12,0.50045866,0.50448895,0.05514172,26.671246,-1.2418849e-10,0.0
10.74,0.38000003,0.38000003,0.13199998,0.49695647,0.5007593,0.05750167,26.66437,-3.537947e-09,0.0
10.745000000000001,0.38000003,0.38000003,0.13199998,0.49261355,0.49620178,0.060351465,26.662676,1.7275144e-09,0.0
10.75,0.38000003,0.38000003,0.13199998,0.48851573,0.49190146,0.063040435,26.662683,-1.0082521e-09,0.0
10.755,0.38000003,0.38000003,0.13199998,0.48464915,0.4878438,0.065577656,26.66267,1.9805317e-09,0.0
10.76,0.36,0.36,0.144,0.48091048,0.48392487,0.06802587,26.662636,2.2094215e-09,0.0
10.765,0.36,0.36,0.144,0.47634444,0.4791887,0.07095895,26.66061,-1.956115e-09,0.0
10.77,0.36,0.36,0.144,0.47203606,0.47471982,0.073726505,26.652979,1.2789619e-09,0.0
10.775,0.36,0.36,0.144,0.46797082,0.47050312,0.076337874,26.639648,-7.852003e-09,0.0
10.78,0.34,0.34,0.156,0.4640447,0.4664341,0.07885605,26.621107,1.5495449e-09,0.0
10.785,0.34,0.34,0.156,0.45930177,0.46155632,0.08185515,26.598164,-3.4091194e-09,0.0
10.790000000000001,0.34,0.34,0.156,0.4548265,0.45695382,0.08468499,26.571081,3.0337843e-09,0.0
10.795,0.34,0.34,0.156,0.45060378,0.45261106,0.08735514,26.540083,-8.67589e-10,0.0
10.8,0.32,0.32,0.16799998,0.4465291,0.4484231,0.089928776,26.50578,3.6049133e-09,0.0
10.805,0.32,0.32,0.16799998,0.44164595,0.44343308,0.0929802,26.468851,4.3097677e-09,0.0
10.81,0.32,0.32,0.16799998,0.4370384,0.43872467,0.09585942,26.429258,-1.2865231e-09,0.0
10.815,0.32,0.32,0.16799998,0.43269086,0.43428198,0.09857616,26.386892,-8.5442553e-10,0.0
10.82,0.3,0.3,0.18,0.4284984,0.4299997,0.101193756,26.342049,-3.5863595e-10,0.0
10.825000000000001,0.3,0.3,0.18,0.4235041,0.4249207,0.10428666,26.295156,-4.018161e-09,0.0
10.83,0.3,0.3,0.18,0.41879168,0.42012835,0.107205026,26.245901,-7.281265e-09,0.0
10.835,0.3,0.3,0.18,0.4143452,0.41560644,0.10995869,26.193989,3.134546e-09,0.0
10.84,0.28,0.28,0.192,0.41005936,0.41124943,0.11261114,26.139614,-3.8328368e-11,0.0
10.845,0.28,0.28,0.192,0.404977,0.40609992,0.11573692,26.083176,-2.3446902e-09,0.0
10.85,0.28,0.28,0.192,0.40018144,0.401241,0.1186863,26.024336,-6.827912e-09,0.0
10.855,0.28,0.28,0.192,0.39565653,0.3966563,0.121469244,25.962748,-6.5064074e-09,0.0
10.86,0.26,0.26,0.204,0.39129668,0.39224005,0.12414931,25.898718,5.104251e-09,0.0
10.865,0.26,0.26,0.204,0.3861445,0.38703462,0.12730116,25.83272,6.9126377e-10,0.0
10.870000000000001,0.26,0.26,0.204,0.38128307,0.38212296,0.13027513,25.76447,-4.3790243e-09,0.0
10.875,0.26,0.26,0.204,0.376696,0.3774885,0.13308127,25.693735,-4.8006674e-09,0.0
10.88,0.24,0.24,0.216,0.37227747,0.37302527,0.13578324,25.620867,5.02393e-09,0.0
10.885,0.24,0.24,0.216,0.36706993,0.36777553,0.13895574,25.546453,9.446947e-10,0.0
10.89,0.24,0.24,0.216,0.36215627,0.36282206,0.1419492,25.470276,-3.1121383e-10,0.0
10.895,0.24,0.24,0.216,0.35751992,0.35814813,0.14477374,25.392157,8.5813695e-10,0.0
10.9,0.22,0.22,0.228,0.3530549,0.35364768,0.14749305,25.312464,-8.152176e-09,0.0
10.905,0.22,0.22,0.228,0.3478035,0.34836283,0.15068193,25.231817,-4.433993e-09,0.0
10.91,0.22,0.22,0.228,0.34284845,0.34337622,0.15369084,25.150003,2.1730733e-09,0.0
10.915000000000001,0.22,0.22,0.228,0.33817303,0.33867103,0.15652996,25.066822,-6.3182304e-09,0.0
10.92,0.2,0.2,0.24,0.33367115,0.33414105,0.15926303,24.982925,4.7499493e-09,0.0
10.925,0.2,0.2,0.24,0.32838497,0.32882833,0.16246489,24.899324,5.7596716e-10,0.0
10.93,0.2,0.2,0.24,0.3233971,0.32381544,0.16548605,24.816084,-1.1992157e-09,0.0
10.935,0.2,0.2,0.24,0.31869072,0.31908545,0.16833673,24.733091,-8.582184e-09,0.0
10.94,0.18,0.18,0.252,0.31415963,0.3145321,0.17108071,24.650623,2.0780424e-09,0.0
10.945,0.18,0.18,0.252,0.30884588,0.30919734,0.17429286,24.56909,2.5584697e-09,0.0
10.950000000000001,0.18,0.18,0.252,0.303832,0.30416363,0.17732374,24.48801,5.539784e-09,0.0
10.955,0.18,0.18,0.252,0.29910105,0.29941398,0.18018357,24.406862,-1.7366985e-09,0.0
10.96,0.16,0.16,0.264,0.2945468,0.2948421,0.18293619,24.325605,1.7029158e-09,0.0
10.965,0.16,0.16,0.264,0.2892112,0.28948984,0.1861565,24.244385,-6.745192e-09,0.0
10.97,0.16,0.16,0.264,0.2841767,0.28443962,0.18919507,24.162447,-5.0802798e-09,0.0
10.975,0.16,0.16,0.264,0.27942634,0.2796744,0.19206217,24.078907,2.105611e-09,0.0
10.98,0.14,0.14,0.276,0.27485374,0.27508783,0.19482164,23.993214,1.0750768e-09,0.0
10.985,0.14,0.14,0.276,0.26950082,0.26972172,0.19804841,23.90496,-3.2759493e-09,0.0
10.99,0.14,0.14,0.276,0.26444998,0.26465842,0.20109308,23.812561,-9.824573e-10,0.0
10.995000000000001,0.14,0.14,0.276,0.25968418,0.25988087,0.20396593,23.714314,5.704339e-09,0.0
11.0,0.12,0.12,0.288,0.25509703,0.25528264,0.20673084,23.608934,-3.4390055e-09,0.0
11.005,0.12,0.12,0.288,0.24973038,0.24990551,0.20996274,23.495441,-2.6867941e-09,0.0
11.01,0.12,0.12,0.288,0.24466659,0.24483183,0.21301225,23.371325,-4.911138e-09,0.0
11.015,0.12,0.12,0.288,0.23988856,0.24004447,0.21588966,23.234066,4.0104746e-09,0.0
11.02,0.1,0.1,0.3,0.23528989,0.235437,0.21865886,23.082005,2.1203828e-10,0.0
11.025,0.1,0.1,0.3,0.22991236,0.23005117,0.22189482,22.914185,-2.9579659e-09,0.0
11.03,0.1,0.1,0.3,0.2248383,0.22496928,0.22494815,22.72762,1.888091e-09,0.0
11.035,0.1,0.1,0.3,0.22005059,0.22017418,0.22782919,22.519123,-3.1272547e-09,0.0
11.040000000000001,0.1,0.1,0.3,0.21544276,0.21555938,0.2306018,22.28678,-7.334342e-09,0.0
11.045,0.1,0.1,0.3,0.2100566,0.21016663,0.23384097,22.21343,4.2058437e-09,0.0
11.05,0.1,0.1,0.3,0.2049744,0.20507823,0.23689735,22.29526,2.727796e-09,0.0
11.055,0.1,0.1,0.3,0.200179,0.20027697,0.23978125,22.417454,5.466209e-09,0.0
11.06,0.1,0.1,0.3,0.19556393,0.19565637,0.24255657,22.506912,5.3072906e-09,0.0
11.065,0.1,0.1,0.3,0.19017093,0.19025816,0.2457983,22.520754,-1.0451167e-09,0.0
11.07,0.1,0.1,0.3,0.18508227,0.18516459,0.2488571,22.430664,-3.6825112e-09,0.0
11.075000000000001,0.1,0.1,0.3,0.18028079,0.18035845,0.25174326,22.223038,6.8440498e-09,0.0
11.08,0.1,0.1,0.3,0.17575027,0.17582355,0.25446656,21.897694,-4.970338e-09,0.0
11.085,0.1,0.1,0.3,0.17147543,0.17154457,0.25703618,21.462345,8.074252e-09,0.0
11.09,0.1,0.1,0.3,0.16744183,0.16750707,0.25946078,20.928707,5.346608e-09,0.0
11.095,0.1,0.1,0.3,0.16363586,0.1636974,0.26174855,20.31182,9.956783e-09,0.0
11.1,0.1,0.1,0.3,0.16004467,0.16010274,0.26390722,19.628485,-3.1724234e-08,0.0
11.105,0.1,0.1,0.3,0.15665615,0.15671094,0.26594406,18.894785,-4.905838e-08,0.0
11.11,0.1,0.1,0.3,0.15345885,0.15351054,0.26786596,18.128,-3.3132604e-08,0.0
11.115,0.1,0.1,0.3,0.15044199,0.15049076,0.2696794,17.34673,-6.0506182e-09,0.0
11.120000000000001,0.1,0.1,0.3,0.14759538,0.14764139,0.2713905,16.56731,-7.5048066e-09,0.0
11.125,0.1,0.1,0.3,0.14490941,0.14495282,0.27300504,15.80778,9.004005e-09,0.0
11.13,0.1,0.1,0.3,0.14237502,0.14241597,0.27452844,15.083316,3.4521584e-08,0.0
11.135,0.1,0.1,0.3,0.13998365,0.1400223,0.2759659,14.405596,-9.058312e-10,0.0
11.14,0.1,0.1,0.3,0.13772725,0.1377637,0.27732223,13.783592,-2.9437023e-08,0.0
11.145,0.1,0.1,0.3,0.13559817,0.13563256,0.278602,13.221668,4.0824455e-09,0.0
11.15,0.1,0.1,0.3,0.13358924,0.1336217,0.27980956,12.7207,-2.6020919e-08,0.0
11.155,0.1,0.1,0.3,0.13169368,0.13172431,0.28094897,12.279007,9.962253e-09,0.0
11.16,0.1,0.1,0.3,0.12990509,0.129934,0.2820241,11.892322,-1.4559452e-08,0.0
11.165000000000001,0.1,0.1,0.3,0.12821744,0.12824473,0.28303853,11.554671,-1.5970455e-08,0.0
11.17,0.1,0.1,0.3,0.12662503,0.12665078,0.28399572,11.259397,-2.0372305e-08,0.0
11.175,0.1,0.1,0.3,0.12512249,0.12514679,0.2848989,11.000702,1.7518365e-08,0.0
11.18,0.1,0.1,0.3,0.12370474,0.12372767,0.2857511,10.77315,9.289641e-09,0.0
11.185,0.1,0.1,0.3,0.122367,0.12238864,0.28655523,10.57135,-2.373038e-08,0.0
11.19,0.1,0.1,0.3,0.121104755,0.12112517,0.28731397,10.390294,-1.3232119e-08,0.0
11.195,0.1,0.1,0.3,0.11991374,0.119933,0.28802988,10.225596,3.3969307e-09,0.0
11.200000000000001,0.1,0.1,0.3,0.11878994,0.11880811,0.2887054,10.07365,3.3499294e-09,0.0
11.205,0.1,0.1,0.3,0.11772956,0.11774671,0.2893428,9.931682,-5.015174e-09,0.0
11.21,0.1,0.1,0.3,0.11672902,0.116745204,0.2899442,9.797686,3.799196e-09,0.0
11.215,0.1,0.1,0.3,0.11578494,0.11580022,0.2905117,9.67023,-1.4345506e-08,0.0
11.22,0.1,0.1,0.3,0.114894144,0.11490855,0.29104716,9.548353,9.042057e-09,0.0
11.225,0.1,0.1,0.3,0.114053614,0.11406721,0.2915524,9.432245,-2.356959e-09,0.0
11.23,0.1,0.1,0.3,0.11326052,0.11327335,0.2920291,9.322473,2.665936e-09,0.0
11.235,0.1,0.1,0.3,0.112512186,0.11252429,0.29247895,9.219295,1.7488004e-09,0.0
11.24,0.1,0.1,0.3,0.11180608,0.1118175,0.2929034,9.122724,9.274571e-09,0.0
11.245000000000001,0.1,0.1,0.3,0.11113982,0.1111506,0.29330388,9.032555,6.090241e-09,0.0
11.25,0.1,0.1,0.3,0.11051116,0.11052133,0.29368177,8.948425,3.5282268e-09,0.0
11.255,0.1,0.1,0.3,0.10991798,0.10992758,0.29403833,8.869867,1.3086621e-09,0.0
11.26,0.1,0.1,0.3,0.10935828,0.10936733,0.29437476,8.796389,-7.076378e-09,0.0
11.265,0.1,0.1,0.3,0.10883016,0.1088387,0.29469222,8.727505,-1.2901255e-09,0.0
11.27,0.1,0.1,0.3,0.108331844,0.1083399,0.29499176,8.662767,-5.076049e-09,0.0
11.275,0.1,0.1,0.3,0.10786165,0.10786925,0.2952744,8.601762,-7.921757e-09,0.0
11.28,0.1,0.1,0.3,0.10741799,0.10742516,0.29554108,8.544166,4.3250923e-09,0.0
11.285,0.1,0.1,0.3,0.10699937,0.10700613,0.2957927,8.489698,1.151549e-08,0.0
11.290000000000001,0.1,0.1,0.3,0.10660437,0.10661075,0.29603013,8.438119,5.3195626e-09,0.0
11.295,0.1,0.1,0.3,0.10623166,0.10623769,0.29625416,8.389251,7.419208e-09,0.0
11.3,0.1,0.1,0.3,0.105879985,0.10588567,0.29646555,8.342952,-1.8231571e-09,0.0
11.305,0.1,0.1,0.3,0.10554816,0.10555352,0.296665,8.299091,-7.252579e-10,0.0
11.31,0.1,0.1,0.3,0.105235055,0.10524012,0.2968532,8.257552,-2.4107474e-09,0.0
11.315,0.1,0.1,0.3,0.104939625,0.1049444,0.2970308,8.21822,7.8421625e-10,0.0
11.32,0.1,0.1,0.3,0.10466086,0.10466537,0.29719836,8.18099,-1.3899646e-09,0.0
11.325000000000001,0.1,0.1,0.3,0.10439783,0.10440209,0.29735646,8.145766,-7.658988e-09,0.0
11.33,0.1,0.1,0.3,0.10414965,0.10415366,0.29750565,8.112449,-1.935268e-09,0.0
11.335,0.1,0.1,0.3,0.10391547,0.10391926,0.2976464,8.080953,1.0894727e-08,0.0
11.34,0.1,0.1,0.3,0.103694506,0.10369808,0.29777923,8.051177,-3.2133802e-09,0.0
11.345,0.1,0.1,0.3,0.10348601,0.103489384,0.29790455,8.0230465,2.6995355e-09,0.0
11.35,0.1,0.1,0.3,0.103289284,0.103292465,0.2980228,7.9964623,-1.5489269e-08,0.0
11.355,0.1,0.1,0.3,0.10310366,0.10310666,0.2981344,7.97135,8.3779765e-09,0.0
11.36,0.1,0.1,0.3,0.10292851,0.10293134,0.29823968,7.947628,1.8063321e-09,0.0
11.365,0.1,0.1,0.3,0.10276324,0.10276592,0.298339,7.9252234,-1.8728496e-08,0.0
11.370000000000001,0.1,0.1,0.3,0.1026073,0.10260983,0.29843274,7.9040594,1.7963784e-09,0.0
11.375,0.1,0.1,0.3,0.10246016,0.102462545,0.2985212,7.8840723,2.3373763e-09,0.0
11.38,0.1,0.1,0.3,0.10232133,0.10232358,0.29860464,7.865193,4.5210607e-10,0.0
11.385,0.1,0.1,0.3,0.10219032,0.10219245,0.29868338,7.847368,-4.8225175e-09,0.0
11.39,0.1,0.1,0.3,0.10206672,0.10206872,0.29875767,7.830532,7.681398e-09,0.0
11.395,0.1,0.1,0.3,0.10195009,0.10195198,0.29882777,7.8146358,2.0482278e-09,0.0
11.4,0.1,0.1,0.3,0.101840034,0.10184182,0.29889393,7.7996273,-6.9633805e-09,0.0
11.405,0.1,0.1,0.3,0.101736195,0.10173788,0.29895633,7.785448,-2.4523679e-09,0.0
11.41,0.1,0.1,0.3,0.10163821,0.10163981,0.29901522,7.77206,-7.2429585e-10,0.0
11.415000000000001,0.1,0.1,0.3,0.101545766,0.10154727,0.2990708,7.759418,1.0909208e-08,0.0
11.42,0.1,0.1,0.3,0.101458535,0.10145995,0.29912326,7.747479,5.189153e-09,0.0
11.425,0.1,0.1,0.3,0.10137623,0.10137756,0.29917273,7.7362065,-1.0680951e-08,0.0
11.43,0.1,0.1,0.3,0.10129856,0.10129982,0.29921943,7.725565,2.908982e-09,0.0
11.435,0.1,0.1,0.3,0.10122528,0.10122647,0.29926348,7.715518,6.4195618e-09,0.0
11.44,0.1,0.1,0.3,0.10115613,0.101157255,0.29930505,7.7061357,-1.12452e-08,0.0
11.445,0.1,0.1,0.3,0.101090886,0.10109195,0.29934427,7.6975007,-1.7308818e-09,0.0
11.450000000000001,0.1,0.1,0.3,0.10102932,0.10103033,0.2993813,7.689623,-2.0969853e-09,0.0
11.455,0.1,0.1,0.3,0.10097124,0.10097218,0.2994162,7.682471,2.573749e-09,0.0
11.46,0.1,0.1,0.3,0.10091643,0.10091732,0.29944915,7.6759667,1.4580891e-08,0.0
11.465,0.1,0.1,0.3,0.100864716,0.10086555,0.29948023,7.6700315,1.0423004e-08,0.0
11.47,0.1,0.1,0.3,0.100815915,0.100816704,0.29950956,7.66458,1.5891343e-08,0.0
11.475,0.1,0.1,0.3,0.10076987,0.100770615,0.29953724,7.6595316,7.0138286e-09,0.0
11.48,0.1,0.1,0.3,0.100726426,0.100727126,0.29956335,7.654815,-7.1253368e-09,0.0
11.485,0.1,0.1,0.3,0.10068543,0.10068609,0.299588,7.650378,-2.9646103e-09,0.0
11.49,0.1,0.1,0.3,0.10064675,0.10064737,0.29961124,7.646181,-6.0409726e-09,0.0
11.495000000000001,0.1,0.1,0.3,0.10061025,0.10061084,0.29963318,7.6421986,1.0604605e-08,0.0
11.5,0.1,0.1,0.3,0.10057581,0.10057636,0.2996539,7.6384068,1.4434403e-08,0.0
11.505,0.1,0.1,0.3,0.10054332,0.100543834,0.2996734,7.6348004,5.1802935e-09,0.0
11.51,0.1,0.1,0.3,0.10051266,0.100513145,0.29969183,7.631368,-7.612994e-09,0.0
11.515,0.1,0.1,0.3,0.10048373,0.100484185,0.29970923,7.628101,4.6072826e-10,0.0
11.52,0.1,0.1,0.3,0.10045643,0.10045686,0.29972565,7.6249967,2.7863005e-09,0.0
11.525,0.1,0.1,0.3,0.100430675,0.100431085,0.29974115,7.622046,-5.3759006e-09,0.0
11.53,0.1,0.1,0.3,0.10040637,0.10040676,0.29975575,7.6192446,-1.3817605e-09,0.0
11.535,0.1,0.1,0.3,0.10038344,0.1003838,0.29976955,7.6165876,-6.801129e-09,0.0
11.540000000000001,0.1,0.1,0.3,0.1003618,0.100362144,0.29978254,7.614059,8.590483e-10,0.0
11.545,0.1,0.1,0.3,0.10034139,0.10034171,0.29979482,7.6116486,1.0511791e-08,0.0
11.55,0.1,0.1,0.3,0.10032212,0.100322425,0.29980642,7.6093445,8.533383e-10,0.0
11.555,0.1,0.1,0.3,0.10030394,0.10030423,0.29981735,7.6071362,-1.1020453e-08,0.0
11.56,0.1,0.1,0.3,0.10028679,0.100287065,0.29982767,7.6049967,3.427864e-09,0.0
11.565,0.1,0.1,0.3,0.10027061,0.10027087,0.29983738,7.6029067,6.7681754e-09,0.0
11.57,0.1,0.1,0.3,0.10025533,0.10025558,0.29984656,7.600827,-9.466931e-09,0.0
11.575000000000001,0.1,0.1,0.3,0.10024092,0.100241154,0.29985523,7.598715,8.844772e-09,0.0
11.58,0.1,0.1,0.3,0.100227326,0.10022754,0.2998634,7.596505,7.3909727e-09,0.0
11.585,0.1,0.1,0.3,0.100214496,0.100214705,0.29987112,7.5941377,4.319896e-09,0.0
11.59,0.1,0.1,0.3,0.10020239,0.10020259,0.2998784,7.591528,1.0136755e-09,0.0
11.595,0.1,0.1,0.3,0.10019097,0.10019116,0.29988524,7.5888247,-6.2289107e-09,0.0
11.6,0.1,0.1,0.3,0.100180194,0.10018037,0.2998917,7.586242,-9.171318e-09,0.0
11.605,0.1,0.1,0.3,0.100170024,0.100170195,0.29989782,7.5839114,1.0845946e-08,0.0
11.61,0.1,0.1,0.3,0.10016043,0.10016059,0.2999036,7.5818954,-4.8360174e-09,0.0
11.615,0.1,0.1,0.3,0.100151375,0.10015153,0.29990906,7.5814586,1.6851972e-08,0.0
11.620000000000001,0.1,0.1,0.3,0.10014283,0.10014298,0.29991418,7.5814548,-7.567178e-09,0.0
11.625,0.1,0.1,0.3,0.10013477,0.10013491,0.29991904,7.5814514,-2.3343034e-09,0.0
11.63,0.1,0.1,0.3,0.10012716,0.100127295,0.2999236,7.5814447,-1.7536296e-08,0.0
11.635,0.1,0.1,0.3,0.100119986,0.10012011,0.29992792,7.5814342,-3.3208676e-09,0.0
11.64,0.1,0.1,0.3,0.10011321,0.10011333,0.299932,7.581424,-8.98136e-10,0.0
11.645,0.1,0.1,0.3,0.10010682,0.10010694,0.29993585,7.5814137,2.8881888e-09,0.0
11.65,0.1,0.1,0.3,0.10010079,0.100100905,0.29993948,7.5814037,8.106526e-09,0.0
11.655,0.1,0.1,0.3,0.10009511,0.10009521,0.2999429,7.58139,2.8889002e-09,0.0
11.66,0.1,0.1,0.3,0.100089744,0.10008984,0.29994613,7.5813766,9.3367305e-09,0.0
11.665000000000001,0.1,0.1,0.3,0.10008468,0.100084774,0.29994917,7.5813627,-7.8984375e-09,0.0
11.67,0.1,0.1,0.3,0.1000799,0.10007999,0.29995203,7.581349,3.929809e-09,0.0
11.675,0.1,0.1,0.3,0.100075394,0.100075476,0.29995474,7.5813355,4.083886e-09,0.0
11.68,0.1,0.1,0.3,0.10007114,0.100071214,0.2999573,7.5813217,-1.7263472e-09,0.0
11.685,0.1,0.1,0.3,0.100067124,0.1000672,0.29995972,7.5813046,1.7671642e-08,0.0
11.69,0.1,0.1,0.3,0.10006334,0.100063406,0.29996198,7.5812874,-7.717799e-09,0.0
11.695,0.1,0.1,0.3,0.10005976,0.10005983,0.29996413,7.5812707,-1.0534193e-08,0.0
11.700000000000001,0.1,0.1,0.3,0.10005639,0.100056455,0.29996616,7.5812535,9.253908e-09,0.0
11.705,0.1,0.1,0.3,0.100053206,0.100053266,0.29996806,7.5812364,2.394072e-09,0.0
11.71,0.1,0.1,0.3,0.1000502,0.10005026,0.29996985,7.581219,1.8771043e-08,0.0
11.715,0.1,0.1,0.3,0.10004737,0.100047424,0.29997155,7.581202,4.000376e-10,0.0
11.72,0.1,0.1,0.3,0.1000447,0.10004475,0.29997316,7.5811853,-1.07073745e-08,0.0
11.725,0.1,0.1,0.3,0.10004217,0.100042224,0.29997468,7.581168,-8.255863e-09,0.0
11.73,0.1,0.1,0.3,0.100039795,0.10003984,0.2999761,7.581151,1.4958756e-08,0.0
11.735,0.1,0.1,0.3,0.10003755,0.10003759,0.29997745,7.581134,-1.2414136e-08,0.0
11.74,0.1,0.1,0.3,0.10003544,0.100035466,0.29997873,7.5811167,-7.646657e-09,0.0
11.745000000000001,0.1,0.1,0.3,0.10003344,0.10003346,0.29997993,7.581096,-4.399572e-10,0.0
11.75,0.1,0.1,0.3,0.100031555,0.10003158,0.29998106,7.5810757,-6.6514363e-09,0.0
11.755,0.1,0.1,0.3,0.100029774,0.1000298,0.29998213,7.581055,2.7218878e-09,0.0
11.76,0.1,0.1,0.3,0.10002809,0.10002811,0.29998314,7.5810347,-2.974022e-09,0.0
11.765,0.1,0.1,0.3,0.1000265,0.100026526,0.2999841,7.581014,-2.8683902e-09,0.0
11.77,0.1,0.1,0.3,0.100025006,0.10002503,0.299985,7.5809937,-5.5564477e-09,0.0
11.775,0.1,0.1,0.3,0.1000236,0.10002361,0.29998583,7.5809736,4.0292254e-09,0.0
11.78,0.1,0.1,0.3,0.100022264,0.10002228,0.29998663,7.580953,5.801293e-09,0.0
11.785,0.1,0.1,0.3,0.100021005,0.10002102,0.29998738,7.5809326,-5.6233813e-09,0.0
11.790000000000001,0.1,0.1,0.3,0.10001982,0.100019835,0.2999881,7.580912,-7.172724e-10,0.0
11.795,0.1,0.1,0.3,0.1000187,0.10001872,0.29998878,7.5808916,4.1746393e-09,0.0
11.8,0.1,0.1,0.3,0.100017644,0.10001766,0.2999894,7.580871,7.670555e-09,0.0
11.805,0.1,0.1,0.3,0.100016646,0.10001666,0.29999,7.5808506,-5.3424754e-10,0.0
11.81,0.1,0.1,0.3,0.10001571,0.10001572,0.29999056,7.58083,-8.963844e-09,0.0
11.815,0.1,0.1,0.3,0.10001482,0.100014836,0.2999911,7.5808096,-1.6362737e-08,0.0
11.82,0.1,0.1,0.3,0.100013986,0.100014,0.2999916,7.580789,6.1465e-09,0.0
11.825000000000001,0.1,0.1,0.3,0.1000132,0.10001321,0.29999208,7.5807686,1.3092347e-10,0.0
11.83,0.1,0.1,0.3,0.10001245,0.10001247,0.29999253,7.580748,4.749331e-09,0.0
11.835,0.1,0.1,0.3,0.10001175,0.100011766,0.29999295,7.5807276,5.531842e-09,0.0
11.84,0.1,0.1,0.3,0.10001109,0.1000111,0.29999334,7.580707,3.8525947e-09,0.0
11.845,0.1,0.1,0.3,0.10001046,0.10001048,0.29999372,7.5806866,1.9154372e-08,0.0
11.85,0.1,0.1,0.3,0.10000987,0.10000989,0.29999408,7.580666,1.0430306e-08,0.0
11.855,0.1,0.1,0.3,0.100009315,0.10000933,0.2999944,7.5806456,-1.3707833e-09,0.0
11.86,0.1,0.1,0.3,0.100008786,0.1000088,0.29999474,7.580625,-5.8170433e-09,0.0
11.865,0.1,0.1,0.3,0.10000829,0.1000083,0.29999503,7.5806046,5.6041154e-09,0.0
11.870000000000001,0.1,0.1,0.3,0.10000782,0.10000783,0.2999953,7.580584,4.367367e-09,0.0
11.875,0.1,0.1,0.3,0.10000738,0.10000739,0.29999557,7.5805635,-1.0729598e-09,0.0
11.88,0.1,0.1,0.3,0.10000696,0.100006975,0.2999958,7.580543,6.697793e-09,0.0
11.885,0.1,0.1,0.3,0.100006565,0.10000658,0.29999605,7.5805225,-9.10415e-09,0.0
11.89,0.1,0.1,0.3,0.10000619,0.10000621,0.2999963,7.580502,-2.0084554e-09,0.0
11.895,0.1,0.1,0.3,0.10000584,0.10000586,0.2999965,7.5804815,7.9455e-09,0.0
11.9,0.1,0.1,0.3,0.100005515,0.10000553,0.2999967,7.580461,-2.5807338e-09,0.0
11.905,0.1,0.1,0.3,0.1000052,0.10000522,0.29999688,7.5804405,-1.0463633e-08,0.0
11.91,0.1,0.1,0.3,0.10000491,0.10000492,0.29999706,7.58042,5.7866645e-09,0.0
11.915000000000001,0.1,0.1,0.3,0.100004636,0.10000464,0.29999724,7.5803995,-1.30424365e-08,0.0
11.92,0.1,0.1,0.3,0.100004375,0.10000438,0.2999974,7.580379,1.9307121e-08,0.0
11.925,0.1,0.1,0.3,0.10000413,0.10000414,0.29999754,7.5803585,-5.5400813e-09,0.0
11.93,0.1,0.1,0.3,0.1000039,0.100003906,0.2999977,7.580338,8.878115e-09,0.0
11.935,0.1,0.1,0.3,0.100003675,0.10000368,0.2999978,7.5803175,-4.0982404e-09,0.0
11.94,0.1,0.1,0.3,0.100003466,0.10000347,0.29999793,7.580297,4.3819615e-09,0.0
11.945,0.1,0.1,0.3,0.10000327,0.10000328,0.29999804,7.5802765,8.19157e-10,0.0
11.950000000000001,0.1,0.1,0.3,0.100003086,0.10000309,0.29999816,7.580256,-1.365195e-08,0.0
11.955,0.1,0.1,0.3,0.100002915,0.10000292,0.29999825,7.580236,-5.1650155e-09,0.0
11.96,0.1,0.1,0.3,0.10000275,0.10000276,0.29999834,7.5802155,-1.3353454e-08,0.0
11.965,0.1,0.1,0.3,0.100002594,0.1000026,0.29999843,7.580195,-8.6778806e-11,0.0
11.97,0.1,0.1,0.3,0.100002445,0.10000245,0.29999852,7.5801744,-8.073908e-09,0.0
11.975,0.1,0.1,0.3,0.1000023,0.10000231,0.2999986,7.580154,-1.4612913e-08,0.0
11.98,0.1,0.1,0.3,0.10000218,0.100002185,0.2999987,7.5801334,1.1478697e-08,0.0
11.985,0.1,0.1,0.3,0.10000206,0.10000206,0.29999876,7.580113,7.6650535e-09,0.0
11.99,0.1,0.1,0.3,0.10000194,0.10000194,0.29999882,7.5800924,6.9791056e-10,0.0
11.995000000000001,0.1,0.1,0.3,0.10000183,0.10000183,0.29999888,7.580072,1.1142883e-08,0.0
12.0,0.1,0.1,0.3,0.10000172,0.10000172,0.29999894,7.5800514,6.9465576e-09,0.0
12.005,0.1,0.1,0.3,0.100001626,0.100001626,0.299999,7.580031,-1.280562e-08,0.0
12.01,0.1,0.1,0.3,0.10000154,0.10000154,0.29999906,7.5800104,-5.0147646e-09,0.0
12.015,0.1,0.1,0.3,0.10000145,0.10000145,0.29999912,7.57999,6.567382e-09,0.0
12.02,0.1,0.1,0.3,0.100001365,0.100001365,0.29999918,7.5799694,1.530017e-08,0.0
12.025,0.1,0.1,0.3,0.10000129,0.10000129,0.29999924,7.579949,-1.5517028e-08,0.0
12.030000000000001,0.1,0.1,0.3,0.100001216,0.100001216,0.29999927,7.5799284,2.1044906e-09,0.0
12.035,0.1,0.1,0.3,0.10000115,0.10000115,0.2999993,7.579908,6.4073826e-09,0.0
12.040000000000001,0.1,0.1,0.3,0.10000108,0.10000108,0.29999933,7.5798874,5.3403775e-09,0.0
12.045,0.1,0.1,0.3,0.10000102,0.10000102,0.29999936,7.579867,-5.9247305e-09,0.0
12.05,0.1,0.1,0.3,0.10000096,0.10000096,0.2999994,7.5798464,1.0866512e-09,0.0
12.055,0.1,0.1,0.3,0.10000091,0.10000091,0.29999942,7.579826,-8.588975e-09,0.0
12.06,0.1,0.1,0.3,0.10000086,0.10000086,0.29999945,7.5798054,7.1881265e-09,0.0
12.065,0.1,0.1,0.3,0.10000081,0.10000081,0.29999948,7.579785,-1.24296164e-08,0.0
12.07,0.1,0.1,0.3,0.10000077,0.10000077,0.2999995,7.5797644,2.650105e-09,0.0
12.075000000000001,0.1,0.1,0.3,0.100000724,0.100000724,0.29999954,7.579744,3.7931143e-09,0.0
12.08,0.1,0.1,0.3,0.10000069,0.10000069,0.29999956,7.5797234,-1.7879487e-09,0.0
12.085,0.1,0.1,0.3,0.10000065,0.10000065,0.2999996,7.579703,-3.902056e-09,0.0
12.09,0.1,0.1,0.3,0.10000061,0.10000061,0.29999962,7.5796824,-7.6164e-09,0.0
12.095,0.1,0.1,0.3,0.100000575,0.100000575,0.29999965,7.579662,6.875812e-09,0.0
12.1,0.1,0.1,0.3,0.100000545,0.100000545,0.29999968,7.5796413,-1.3983467e-08,0.0
12.105,0.1,0.1,0.3,0.100000516,0.100000516,0.2999997,7.579621,-1.04325455e-08,0.0
12.11,0.1,0.1,0.3,0.100000486,0.100000486,0.29999974,7.5796003,2.149943e-09,0.0
12.115,0.1,0.1,0.3,0.100000456,0.100000456,0.29999977,7.57958,1.1746773e-08,0.0
12.120000000000001,0.1,0.1,0.3,0.10000043,0.10000043,0.29999977,7.5795593,1.8190426e-09,0.0
12.125,0.1,0.1,0.3,0.10000041,0.10000041,0.29999977,7.579539,-2.5843263e-09,0.0
12.13,0.1,0.1,0.3,0.10000039,0.10000039,0.29999977,7.579519,-2.6148381e-09,0.0
12.135,0.1,0.1,0.3,0.10000037,0.10000037,0.29999977,7.5794983,-1.2664576e-08,0.0
12.14,0.1,0.1,0.3,0.100000344,0.100000344,0.29999977,7.579478,5.9095258e-09,0.0
12.145,0.1,0.1,0.3,0.10000032,0.10000032,0.29999977,7.5794573,-2.1449356e-08,0.0
12.15,0.1,0.1,0.3,0.10000031,0.10000031,0.29999977,7.579437,-1.9910977e-09,0.0
12.155000000000001,0.1,0.1,0.3,0.10000029,0.10000029,0.29999977,7.5794163,-1.5304638e-08,0.0
12.16,0.1,0.1,0.3,0.10000028,0.10000028,0.29999977,7.579396,-3.0499059e-09,0.0
12.165000000000001,0.1,0.1,0.3,0.10000026,0.10000026,0.29999977,7.5793753,-5.656703e-10,0.0
12.17,0.1,0.1,0.3,0.10000025,0.10000025,0.29999977,7.579355,-6.180319e-10,0.0
12.175,0.1,0.1,0.3,0.10000023,0.10000023,0.29999977,7.5793343,-1.4066003e-08,0.0
12.18,0.1,0.1,0.3,0.10000022,0.10000022,0.29999977,7.5793138,-1.3457592e-09,0.0
12.185,0.1,0.1,0.3,0.1000002,0.1000002,0.29999977,7.5792933,6.052856e-09,0.0
12.19,0.1,0.1,0.3,0.10000019,0.10000019,0.29999977,7.5792727,-1.4879391e-08,0.0
12.195,0.1,0.1,0.3,0.10000018,0.10000018,0.29999977,7.5792522,-6.5075425e-09,0.0
12.200000000000001,0.1,0.1,0.3,0.10000017,0.10000017,0.29999977,7.5792317,-7.511343e-09,0.0
12.205,0.1,0.1,0.3,0.100000165,0.100000165,0.29999977,7.579211,-3.0107346e-09,0.0
12.21,0.1,0.1,0.3,0.10000016,0.10000016,0.29999977,7.5791907,-5.979308e-09,0.0
12.215,0.1,0.1,0.3,0.10000015,0.10000015,0.29999977,7.57917,-3.169241e-09,0.0
12.22,0.1,0.1,0.3,0.10000014,0.10000014,0.29999977,7.5791497,-3.806093e-09,0.0
12.225,0.1,0.1,0.3,0.100000136,0.100000136,0.29999977,7.579129,1.2886727e-08,0.0
12.23,0.1,0.1,0.3,0.10000013,0.10000013,0.29999977,7.5791087,-9.847047e-09,0.0
12.235,0.1,0.1,0.3,0.10000012,0.10000012,0.29999977,7.579088,-6.576086e-09,0.0
12.24,0.1,0.1,0.3,0.10000011,0.10000011,0.29999977,7.5790677,-1.662836e-09,0.0
12.245000000000001,0.1,0.1,0.3,0.100000106,0.100000106,0.29999977,7.579047,-2.472205e-09,0.0
12.25,0.1,0.1,0.3,0.1000001,0.1000001,0.29999977,7.5790267,-6.0705974e-09,0.0
12.255,0.1,0.1,0.3,0.10000009,0.10000009,0.29999977,7.579006,-7.684819e-09,0.0
12.26,0.1,0.1,0.3,0.10000008,0.10000008,0.29999977,7.5789857,-4.351274e-09,0.0
12.265,0.1,0.1,0.3,0.100000076,0.100000076,0.29999977,7.578965,-3.2934846e-09,0.0
12.27,0.1,0.1,0.3,0.10000007,0.10000007,0.29999977,7.5789447,-1.3146948e-09,0.0
12.275,0.1,0.1,0.3,0.10000006,0.10000006,0.29999977,7.578924,-5.9516987e-09,0.0
12.280000000000001,0.1,0.1,0.3,0.10000006,0.10000006,0.29999977,7.5789037,-2.8578084e-09,0.0
12.285,0.1,0.1,0.3,0.10000006,0.10000006,0.29999977,7.578883,6.2086375e-10,0.0
12.290000000000001,0.1,0.1,0.3,0.10000006,0.10000006,0.29999977,7.5788627,-1.9994102e-08,0.0
12.295,0.1,0.1,0.3,0.10000006,0.10000006,0.29999977,7.578842,1.4346231e-09,0.0
12.3,0.1,0.1,0.3,0.10000006,0.10000006,0.29999977,7.5788217,6.7311148e-09,0.0
12.305,0.1,0.1,0.3,0.10000006,0.10000006,0.29999977,7.578801,-1.3257345e-09,0.0
12.31,0.1,0.1,0.3,0.10000006,0.10000006,0.29999977,7.578781,7.118182e-09,0.0
12.315,0.1,0.1,0.3,0.10000006,0.10000006,0.29999977,7.5787606,-8.727162e-09,0.0
12.32,0.1,0.1,0.3,0.10000006,0.10000006,0.29999977,7.57874,3.1855767e-09,0.0
12.325000000000001,0.1,0.1,0.3,0.10000006,0.10000006,0.29999977,7.5787196,7.2337887e-09,0.0
12.33,0.1,0.1,0.3,0.10000006,0.10000006,0.29999977,7.578699,1.1235457e-08,0.0
12.335,0.1,0.1,0.3,0.10000006,0.10000006,0.29999977,7.5786786,1.3813327e-09,0.0
12.34,0.1,0.1,0.3,0.10000006,0.10000006,0.29999977,7.578658,2.9082694e-09,0.0
12.345,0.1,0.1,0.3,0.10000006,0.10000006,0.29999977,7.5786376,-3.0754024e-09,0.0
12.35,0.1,0.1,0.3,0.10000006,0.10000006,0.29999977,7.578617,-4.4616733e-09,0.0
12.355,0.1,0.1,0.3,0.10000006,0.10000006,0.29999977,7.5785966,2.4291025e-09,0.0
12.36,0.1,0.1,0.3,0.10000006,0.10000006,0.29999977,7.578576,-4.2278123e-09,0.0
12.365,0.1,0.1,0.3,0.10000006,0.10000006,0.29999977,7.5785556,-5.504239e-09,0.0
12.370000000000001,0.1,0.1,0.3,0.10000006,0.10000006,0.29999977,7.578535,-6.1010863e-09,0.0
12.375,0.1,0.1,0.3,0.10000006,0.10000006,0.29999977,7.5785146,-3.965553e-09,0.0
12.38,0.1,0.1,0.3,0.10000006,0.10000006,0.29999977,7.578494,-1.1941004e-09,0.0
12.385,0.1,0.1,0.3,0.10000006,0.10000006,0.29999977,7.5784736,-9.94561e-10,0.0
12.39,0.1,0.1,0.3,0.10000006,0.10000006,0.29999977,7.578453,-1.7230148e-08,0.0
12.395,0.1,0.1,0.3,0.10000006,0.10000006,0.29999977,7.5784326,-4.660156e-09,0.0
12.4,0.1,0.1,0.3,0.10000006,0.10000006,0.29999977,7.578412,3.1263847e-09,0.0
12.405000000000001,0.1,0.1,0.3,0.10000006,0.10000006,0.29999977,7.5783916,1.0297551e-08,0.0
12.41,0.1,0.1,0.3,0.10000006,0.10000006,0.29999977,7.578371,1.1372088e-08,0.0
12.415000000000001,0.1,0.1,0.3,0.10000006,0.10000006,0.29999977,7.5783505,-9.057259e-09,0.0
12.42,0.1,0.1,0.3,0.10000006,0.10000006,0.29999977,7.57833,-4.3412416e-09,0.0
12.425,0.1,0.1,0.3,0.10000006,0.10000006,0.29999977,7.5783095,-5.965291e-09,0.0
12.43,0.1,0.1,0.3,0.10000006,0.10000006,0.29999977,7.578289,-3.6250272e-10,0.0
12.435,0.1,0.1,0.3,0.10000006,0.10000006,0.29999977,7.5782685,5.7113807e-09,0.0
12.44,0.1,0.1,0.3,0.10000006,0.10000006,0.29999977,7.578248,2.213134e-09,0.0
12.445,0.1,0.1,0.3,0.10000006,0.10000006,0.29999977,7.5782275,9.539649e-09,0.0
12.450000000000001,0.1,0.1,0.3,0.10000006,0.10000006,0.29999977,7.578207,-3.2822507e-09,0.0
12.455,0.1,0.1,0.3,0.10000006,0.10000006,0.29999977,7.5781865,1.5594308e-09,0.0
12.46,0.1,0.1,0.3,0.10000006,0.10000006,0.29999977,7.578166,-6.194433e-09,0.0
12.465,0.1,0.1,0.3,0.10000006,0.10000006,0.29999977,7.5781455,-4.9620636e-09,0.0
12.47,0.1,0.1,0.3,0.10000006,0.10000006,0.29999977,7.578125,7.551083e-09,0.0
12.475,0.1,0.1,0.3,0.10000006,0.10000006,0.29999977,7.5781045,-7.0886435e-09,0.0
12.48,0.1,0.1,0.3,0.10000006,0.10000006,0.29999977,7.578084,-8.4697875e-09,0.0
12.485,0.1,0.1,0.3,0.10000006,0.10000006,0.29999977,7.578064,-9.482454e-09,0.0
12.49,0.1,0.1,0.3,0.10000006,0.10000006,0.29999977,7.5780435,6.4193215e-09,0.0
12.495000000000001,0.1,0.1,0.3,0.10000006,0.10000006,0.29999977,7.578023,1.1651708e-09,0.0
12.5,0.1,0.1,0.3,0.10000006,0.10000006,0.29999977,7.5780025,4.703084e-09,0.0
12.505,0.1,0.1,0.3,0.10000006,0.10000006,0.29999977,7.577982,-5.6910268e-09,0.0
12.51,0.1,0.1,0.3,0.10000006,0.10000006,0.29999977,7.5779614,-1.1139978e-08,0.0
12.515,0.1,0.1,0.3,0.10000006,0.10000006,0.29999977,7.577941,-3.2783407e-09,0.0
12.52,0.1,0.1,0.3,0.10000006,0.10000006,0.29999977,7.5779204,1.2536465e-08,0.0
12.525,0.1,0.1,0.3,0.10000006,0.10000006,0.29999977,7.5779,1.4573103e-09,0.0
12.530000000000001,0.1,0.1,0.3,0.10000006,0.10000006,0.29999977,7.5778794,2.1703854e-09,0.0
12.535,0.1,0.1,0.3,0.10000006,0.10000006,0.29999977,7.577859,2.9655128e-10,0.0
12.540000000000001,0.1,0.1,0.3,0.10000006,0.10000006,0.29999977,7.5778384,-5.490528e-09,0.0
12.545,0.1,0.1,0.3,0.10000006,0.10000006,0.29999977,7.577818,1.5742079e-09,0.0
12.55,0.1,0.1,0.3,0.10000006,0.10000006,0.29999977,7.5777974,-1.4671249e-09,0.0
12.555,0.1,0.1,0.3,0.10000006,0.10000006,0.29999977,7.577777,-3.1525806e-09,0.0
12.56,0.1,0.1,0.3,0.10000006,0.10000006,0.29999977,7.5777564,1.0059348e-08,0.0
12.565,0.1,0.1,0.3,0.10000006,0.10000006,0.29999977,7.577736,7.0968614e-10,0.0
12.57,0.1,0.1,0.3,0.10000006,0.10000006,0.29999977,7.5777154,1.15526895e-08,0.0
12.575000000000001,0.1,0.1,0.3,0.10000006,0.10000006,0.29999977,7.577695,-6.3610353e-09,0.0
12.58,0.1,0.1,0.3,0.10000006,0.10000006,0.29999977,7.5776744,3.074941e-09,0.0
12.585,0.1,0.1,0.3,0.10000006,0.10000006,0.29999977,7.577654,-6.088769e-09,0.0
12.59,0.1,0.1,0.3,0.10000006,0.10000006,0.29999977,7.5776334,-3.2755723e-09,0.0
12.595,0.1,0.1,0.3,0.10000006,0.10000006,0.29999977,7.577613,-1.1445375e-08,0.0
12.6,0.1,0.1,0.3,0.10000006,0.10000006,0.29999977,7.5775924,2.5772628e-09,0.0
12.605,0.1,0.1,0.3,0.10000006,0.10000006,0.29999977,7.577575,-7.983981e-09,0.0
12.61,0.1,0.1,0.3,0.10000006,0.10000006,0.29999977,7.5775585,-2.5507942e-09,0.0
12.615,0.1,0.1,0.3,0.10000006,0.10000006,0.29999977,7.5775414,-6.1076135e-09,0.0
12.620000000000001,0.1,0.1,0.3,0.10000006,0.10000006,0.29999977,7.577524,-1.5663016e-09,0.0
12.625,0.1,0.1,0.3,0.10000006,0.10000006,0.29999977,7.577507,5.813409e-09,0.0
12.63,0.1,0.1,0.3,0.10000006,0.10000006,0.29999977,7.57749,1.3931595e-10,0.0
12.635,0.1,0.1,0.3,0.10000006,0.10000006,0.29999977,7.5774727,-8.120169e-11,0.0
12.64,0.1,0.1,0.3,0.10000006,0.10000006,0.29999977,7.577456,-1.0698042e-08,0.0
12.645,0.1,0.1,0.3,0.10000006,0.10000006,0.29999977,7.577439,5.426155e-09,0.0
12.65,0.1,0.1,0.3,0.10000006,0.10000006,0.29999977,7.5774217,5.81973e-09,0.0
12.655000000000001,0.1,0.1,0.3,0.10000006,0.10000006,0.29999977,7.5774045,-2.532537e-09,0.0
12.66,0.1,0.1,0.3,0.10000006,0.10000006,0.29999977,7.5773873,6.8422774e-09,0.0
12.665000000000001,0.1,0.1,0.3,0.10000006,0.10000006,0.29999977,7.5773706,6.7976034e-09,0.0
12.67,0.1,0.1,0.3,0.10000006,0.10000006,0.29999977,7.5773535,8.365771e-09,0.0
12.675,0.1,0.1,0.3,0.10000006,0.10000006,0.29999977,7.5773363,-7.47532e-09,0.0
12.68,0.1,0.1,0.3,0.10000006,0.10000006,0.29999977,7.577319,6.4253103e-10,0.0
12.685,0.1,0.1,0.3,0.10000006,0.10000006,0.29999977,7.577302,2.9953426e-10,0.0
12.69,0.1,0.1,0.3,0.10000006,0.10000006,0.29999977,7.5772853,-9.953099e-09,0.0
12.695,0.1,0.1,0.3,0.10000006,0.10000006,0.29999977,7.577268,-3.0684801e-09,0.0
12.700000000000001,0.1,0.1,0.3,0.10000006,0.10000006,0.29999977,7.577251,3.113825e-09,0.0
12.705,0.1,0.1,0.3,0.10000006,0.10000006,0.29999977,7.577234,-5.629737e-09,0.0
12.71,0.1,0.1,0.3,0.10000006,0.10000006,0.29999977,7.5772166,8.903104e-09,0.0
12.715,0.1,0.1,0.3,0.10000006,0.10000006,0.29999977,7.5772,6.571959e-09,0.0
12.72,0.1,0.1,0.3,0.10000006,0.10000006,0.29999977,7.577183,-6.098778e-09,0.0
12.725,0.1,0.1,0.3,0.10000006,0.10000006,0.29999977,7.5771656,-1.0749183e-08,0.0
12.73,0.1,0.1,0.3,0.10000006,0.10000006,0.29999977,7.5771484,-3.919805e-09,0.0
12.735,0.1,0.1,0.3,0.10000006,0.10000006,0.29999977,7.5771313,2.9208613e-09,0.0
12.74,0.1,0.1,0.3,0.10000006,0.10000006,0.29999977,7.577114,-2.0428994e-09,0.0
12.745000000000001,0.1,0.1,0.3,0.10000006,0.10000006,0.29999977,7.5770974,5.425364e-10,0.0
12.75,0.1,0.1,0.3,0.10000006,0.10000006,0.29999977,7.5770802,7.298667e-10,0.0
12.755,0.1,0.1,0.3,0.10000006,0.10000006,0.29999977,7.577063,-1.1394692e-08,0.0
12.76,0.1,0.1,0.3,0.10000006,0.10000006,0.29999977,7.577046,5.12343e-09,0.0
12.765,0.1,0.1,0.3,0.10000006,0.10000006,0.29999977,7.5770288,-3.0154776e-09,0.0
12.77,0.1,0.1,0.3,0.10000006,0.10000006,0.29999977,7.577012,9.162402e-09,0.0
12.775,0.1,0.1,0.3,0.10000006,0.10000006,0.29999977,7.576995,-5.0290048e-09,0.0
12.780000000000001,0.1,0.1,0.3,0.10000006,0.10000006,0.29999977,7.5769777,7.50898e-09,0.0
12.785,0.1,0.1,0.3,0.10000006,0.10000006,0.29999977,7.5769606,4.049135e-09,0.0
12.790000000000001,0.1,0.1,0.3,0.10000006,0.10000006,0.29999977,7.5769434,2.2904323e-09,0.0
12.795,0.1,0.1,0.3,0.10000006,0.10000006,0.29999977,7.5769267,8.333408e-09,0.0
12.8,0.1,0.1,0.3,0.10000006,0.10000006,0.29999977,7.5769095,-1.4750488e-08,0.0
12.805,0.1,0.1,0.3,0.10000006,0.10000006,0.29999977,7.5768924,1.5160818e-08,0.0
12.81,0.1,0.1,0.3,0.10000006,0.10000006,0.29999977,7.576875,6.4257963e-09,0.0
12.815,0.1,0.1,0.3,0.10000006,0.10000006,0.29999977,7.576858,1.5531848e-09,0.0
12.82,0.1,0.1,0.3,0.10000006,0.10000006,0.29999977,7.5768414,-1.6423259e-09,0.0
12.825000000000001,0.1,0.1,0.3,0.10000006,0.10000006,0.29999977,7.576824,-4.5255373e-09,0.0
12.83,0.1,0.1,0.3,0.10000006,0.10000006,0.29999977,7.576807,-4.7749733e-09,0.0
12.835,0.1,0.1,0.3,0.10000006,0.10000006,0.29999977,7.57679,7.3633695e-09,0.0
12.84,0.1,0.1,0.3,0.10000006,0.10000006,0.29999977,7.5767727,-1.1265974e-08,0.0
12.845,0.1,0.1,0.3,0.10000006,0.10000006,0.29999977,7.5767555,-2.781422e-09,0.0
12.85,0.1,0.1,0.3,0.10000006,0.10000006,0.29999977,7.576739,-1.8415262e-09,0.0
12.855,0.1,0.1,0.3,0.10000006,0.10000006,0.29999977,7.5767217,-1.9880764e-10,0.0
12.86,0.1,0.1,0.3,0.10000006,0.10000006,0.29999977,7.5767045,-2.9714289e-09,0.0
12.865,0.1,0.1,0.3,0.10000006,0.10000006,0.29999977,7.5766873,-7.788529e-09,0.0
12.870000000000001,0.1,0.1,0.3,0.10000006,0.10000006,0.29999977,7.57667,-1.0127232e-09,0.0
12.875,0.1,0.1,0.3,0.10000006,0.10000006,0.29999977,7.5766535,6.884341e-09,0.0
12.88,0.1,0.1,0.3,0.10000006,0.10000006,0.29999977,7.5766363,-8.663528e-10,0.0
12.885,0.1,0.1,0.3,0.10000006,0.10000006,0.29999977,7.576619,2.7120097e-09,0.0
12.89,0.1,0.1,0.3,0.10000006,0.10000006,0.29999977,7.576602,-8.002883e-09,0.0
12.895,0.1,0.1,0.3,0.10000006,0.10000006,0.29999977,7.576585,-1.207781e-08,0.0
12.9,0.1,0.1,0.3,0.10000006,0.10000006,0.29999977,7.576568,-1.4026579e-08,0.0
12.905000000000001,0.1,0.1,0.3,0.10000006,0.10000006,0.29999977,7.576551,-1.3083884e-08,0.0
12.91,0.1,0.1,0.3,0.10000006,0.10000006,0.29999977,7.576534,-1.047638e-08,0.0
12.915000000000001,0.1,0.1,0.3,0.10000006,0.10000006,0.29999977,7.5765166,-9.767996e-09,0.0
12.92,0.1,0.1,0.3,0.10000006,0.10000006,0.29999977,7.5764995,6.487904e-09,0.0
12.925,0.1,0.1,0.3,0.10000006,0.10000006,0.29999977,7.576483,-1.2816459e-08,0.0
12.93,0.1,0.1,0.3,0.10000006,0.10000006,0.29999977,7.5764656,-1.1865902e-08,0.0
12.935,0.1,0.1,0.3,0.10000006,0.10000006,0.29999977,7.5764484,-8.92309e-09,0.0
12.94,0.1,0.1,0.3,0.10000006,0.10000006,0.29999977,7.5764313,-2.7448643e-09,0.0
12.945,0.1,0.1,0.3,0.10000006,0.10000006,0.29999977,7.576414,-1.2901346e-08,0.0
12.950000000000001,0.1,0.1,0.3,0.10000006,0.10000006,0.29999977,7.576397,4.3221724e-09,0.0
12.955,0.1,0.1,0.3,0.10000006,0.10000006,0.29999977,7.5763803,5.434838e-09,0.0
12.96,0.1,0.1,0.3,0.10000006,0.10000006,0.29999977,7.576363,-1.8359586e-09,0.0
12.965,0.1,0.1,0.3,0.10000006,0.10000006,0.29999977,7.576346,1.1824013e-09,0.0
12.97,0.1,0.1,0.3,0.10000006,0.10000006,0.29999977,7.5763288,1.6169569e-09,0.0
12.975,0.1,0.1,0.3,0.10000006,0.10000006,0.29999977,7.5763116,-1.3044446e-09,0.0
12.98,0.1,0.1,0.3,0.10000006,0.10000006,0.29999977,7.576295,-2.2449402e-09,0.0
12.985,0.1,0.1,0.3,0.10000006,0.10000006,0.29999977,7.5762777,-1.5523939e-09,0.0
12.99,0.1,0.1,0.3,0.10000006,0.10000006,0.29999977,7.5762606,4.60743e-09,0.0
12.995000000000001,0.1,0.1,0.3,0.10000006,0.10000006,0.29999977,7.5762434,2.6484928e-09,0.0
13.0,0.1,0.1,0.3,0.10000006,0.10000006,0.29999977,7.576226,-4.2219597e-09,0.0
13.005,0.1,0.1,0.3,0.10000006,0.10000006,0.29999977,7.5762095,4.717312e-09,0.0
13.01,0.1,0.1,0.3,0.10000006,0.10000006,0.29999977,7.5761924,7.407149e-10,0.0
13.015,0.1,0.1,0.3,0.10000006,0.10000006,0.29999977,7.576175,-3.583205e-09,0.0
13.02,0.1,0.1,0.3,0.10000006,0.10000006,0.29999977,7.576158,3.1215637e-09,0.0
13.025,0.1,0.1,0.3,0.10000006,0.10000006,0.29999977,7.576141,-2.3676565e-09,0.0
13.030000000000001,0.1,0.1,0.3,0.10000006,0.10000006,0.29999977,7.576124,-8.802422e-09,0.0
13.035,0.1,0.1,0.3,0.10000006,0.10000006,0.29999977,7.576107,-8.7031955e-09,0.0
