time,P_cmd_DF,P_cmd_F,P_cmd_G,P_out_DF,P_out_F,P_out_G,wrist_angle_deg,grip_angle_deg,force_N
0.0,0.1,0.1,0.3,-0.00027197704,0.00084217894,-0.009479041,-0.0,8.099999,0.0
0.005,0.1,0.1,0.3,-0.009526285,0.0005805362,-0.0043045236,-2.9971125e-07,7.939893,0.0
0.01,0.1,0.1,0.3,-0.009055728,-0.0042634676,-0.0037590386,-5.8957704e-07,7.528828,0.0
0.015,0.1,0.1,0.3,-0.0039786575,-0.0033201524,-0.009573642,-8.612443e-07,6.8735766,0.0
0.02,0.1,0.1,0.3,-0.0001762296,-0.005059807,-0.009532499,-1.146495e-06,5.9807134,0.0
0.025,0.1,0.1,0.3,-0.009835901,-8.2213126e-05,-0.0029378391,-1.4137988e-06,4.856666,0.0
0.03,0.1,0.1,0.3,-0.010662278,-0.0021985176,-0.014353983,-1.672515e-06,3.5077586,0.0
0.035,0.1,0.1,0.3,-0.0050778305,-0.005489149,-0.0034997484,-1.915013e-06,1.9402835,0.0
0.04,0.1,0.1,0.3,-0.00906713,-0.0026838044,-0.0062447,-2.1726662e-06,0.16056558,0.0
0.045,0.1,0.1,0.3,-0.012755479,-0.011712387,0.015904307,9.1888436e-10,5.1363607e-09,0.0
0.05,0.1,0.1,0.3,-0.011699127,-0.015040249,0.043223094,1.6176415e-09,4.8815187e-09,0.0
0.055,0.1,0.1,0.3,-0.0020932257,-0.003915406,0.05044764,2.4008355e-09,4.168691e-09,0.0
0.06,0.1,0.1,0.3,0.017078936,0.008842525,0.07244432,-1.6512199e-09,8.018094e-09,0.0
0.065,0.1,0.1,0.3,0.023275832,0.013694955,0.09015994,2.7091722e-09,4.9149143e-09,0.0
0.07,0.1,0.1,0.3,0.024600806,0.02253988,0.10572295,-1.0193721e-09,6.364607e-09,0.0
0.075,0.1,0.1,0.3,0.0353548,0.03019882,0.120220765,8.991891e-09,-4.435871e-09,0.0
0.08,0.1,0.1,0.3,0.04665556,0.034247678,0.13709271,0.05969473,7.8927e-09,0.0
0.085,0.1,0.1,0.3,0.04641731,0.043752953,0.15008686,0.25194076,1.3391693e-08,0.0
0.09,0.1,0.1,0.3,0.057966173,0.050845,0.16027181,0.65830064,3.121139e-08,0.0
0.095,0.1,0.1,0.3,0.05099014,0.05945504,0.17240633,1.1647164,3.0241914e-08,0.0
0.1,0.1,0.1,0.3,0.05623294,0.06906322,0.18250847,1.7227092,2.9086317e-08,0.0
0.105,0.1,0.1,0.3,0.057126738,0.072238125,0.19022332,2.1843283,3.7122831e-09,0.0
0.11,0.1,0.1,0.3,0.069011666,0.07011371,0.20020695,2.4742582,1.05681615e-08,0.0
0.115,0.1,0.1,0.3,0.06612622,0.06481079,0.20866035,2.686444,1.1055947e-09,0.0
0.12,0.1,0.1,0.3,0.06985393,0.062162694,0.21490146,2.9848862,2.5614852e-08,0.0
0.125,0.1,0.1,0.3,0.07624582,0.07643646,0.22194926,3.242607,2.0207741e-08,0.0
0.13,0.1,0.1,0.3,0.06936904,0.07428429,0.22914147,3.4136968,1.3322853e-08,0.0
0.135,0.1,0.1,0.3,0.08238049,0.07953055,0.23407075,3.6328895,1.1252771e-08,0.0
0.14,0.1,0.1,0.3,0.097158745,0.082962185,0.23912436,3.8383715,1.1688531e-08,0.0
0.145,0.1,0.1,0.3,0.08945604,0.09067963,0.2450258,4.0587554,4.9358566e-09,0.0
0.15,0.1,0.1,0.3,0.09748894,0.08290556,0.24901459,4.4413395,3.6485574e-08,0.0
0.155,0.1,0.1,0.3,0.10290453,0.08676149,0.2534861,4.819086,1.815948e-08,0.0
0.16,0.1,0.1,0.3,0.10244105,0.087126985,0.25838262,5.1085052,7.259528e-10,0.0
0.165,0.1,0.1,0.3,0.09958477,0.089736745,0.2616985,5.5161963,2.0206366e-08,0.0
0.17,0.1,0.1,0.3,0.10700865,0.08542523,0.2648134,6.0312896,3.9309256e-08,0.0
0.17500000000000002,0.1,0.1,0.3,0.105958074,0.08591326,0.2687155,6.3886743,0.005812547,0.0
0.18,0.1,0.1,0.3,0.10766848,0.0853942,0.27151185,6.7233896,1.9876135e-08,0.0
0.185,0.1,0.1,0.3,0.10801279,0.087709166,0.27416515,6.9084992,1.0902712e-08,0.0
0.19,0.1,0.1,0.3,0.09983204,0.09671545,0.2771774,6.8750095,1.0068031e-09,0.0
0.195,0.1,0.1,0.3,0.10709284,0.094319284,0.27952597,6.852264,2.0406454e-09,0.0
0.2,0.1,0.1,0.3,0.0986818,0.102224365,0.2814646,6.760158,1.0502909e-09,0.0
0.20500000000000002,0.1,0.1,0.3,0.0962505,0.09924535,0.28344443,6.700367,1.11655664e-10,0.0
0.21,0.1,0.1,0.3,0.09878507,0.094876744,0.28518167,6.727312,-1.1492396e-08,0.0
0.215,0.1,0.1,0.3,0.0923702,0.09840988,0.28654593,6.6222463,-3.964198e-09,0.0
0.22,0.1,0.1,0.3,0.09377612,0.09584368,0.288036,6.500139,6.7659484e-10,0.0
0.225,0.1,0.1,0.3,0.09322901,0.09564308,0.28949028,6.2787614,1.1658446e-08,0.0
0.23,0.1,0.1,0.3,0.0962391,0.09691976,0.29063588,6.108951,-2.7454583e-09,0.0
0.23500000000000001,0.1,0.1,0.3,0.09302276,0.09488315,0.29173702,5.9163,-1.5482142e-08,0.0
0.24,0.1,0.1,0.3,0.100399,0.087394744,0.29296944,5.8112464,-3.4404488e-09,0.0
0.245,0.1,0.1,0.3,0.080101475,0.10049182,0.29401803,5.7177887,2.4476131e-11,0.0
0.25,0.1,0.1,0.3,0.07660276,0.10745567,0.29534948,5.619112,-2.3458113e-09,0.0
0.255,0.1,0.1,0.3,0.079142846,0.111500904,0.2968054,5.529039,1.1471343e-08,0.0
0.26,0.1,0.1,0.3,0.08239123,0.112778366,0.29776207,5.2948174,-1.4313162e-09,0.0
0.265,0.1,0.1,0.3,0.097165614,0.097812384,0.29809487,4.9368973,2.0102474e-08,0.0
0.27,0.1,0.1,0.3,0.09509816,0.10090222,0.29852626,4.6383553,-5.7497154e-09,0.0
0.275,0.1,0.1,0.3,0.089866586,0.103785396,0.298837,4.6403008,1.0213145e-08,0.0
0.28,0.1,0.1,0.3,0.0845016,0.10916511,0.29906777,4.8954964,2.9176778e-08,0.0
0.28500000000000003,0.1,0.1,0.3,0.08430997,0.11173913,0.29909813,5.2280307,3.0103706e-09,0.0
0.29,0.1,0.1,0.3,0.07129415,0.114119776,0.29857475,5.54853,4.925135e-09,0.0
0.295,0.1,0.1,0.3,0.09014069,0.103688724,0.29841992,5.7213416,2.3894033e-08,0.0
0.3,0.1,0.1,0.3,0.0975693,0.09281071,0.29765764,5.6789155,-2.82706e-08,0.0
0.305,0.1,0.1,0.3,0.09741098,0.09680581,0.2977326,5.518435,1.6468316e-08,0.0
0.31,0.1,0.1,0.3,0.1106901,0.08361699,0.29708895,5.5169163,-1.7251724e-08,0.0
0.315,0.1,0.1,0.3,0.10526699,0.08223972,0.29642496,5.602795,-3.7023787e-10,0.0
0.32,0.1,0.1,0.3,0.09205327,0.09407821,0.29660192,5.8489547,2.1272779e-08,0.0
0.325,0.1,0.1,0.3,0.099908695,0.08789767,0.29626787,6.1671066,2.0412518e-08,0.0
0.33,0.1,0.1,0.3,0.08850665,0.09991769,0.296391,6.3056045,-2.3176206e-08,0.0
0.335,0.1,0.1,0.3,0.09525686,0.09672997,0.29643354,6.3540683,6.0192216e-09,0.0
0.34,0.1,0.1,0.3,0.09543478,0.096803285,0.2962468,6.2558613,1.1791421e-08,0.0
0.34500000000000003,0.1,0.1,0.3,0.08649556,0.10400613,0.29615104,5.996924,2.7644786e-09,0.0
0.35000000000000003,0.1,0.1,0.3,0.09335319,0.09876687,0.2959447,5.7851553,1.4647757e-09,0.0
0.355,0.1,0.1,0.3,0.08814376,0.10189664,0.29590428,5.5548162,-9.088841e-11,0.0
0.36,0.1,0.1,0.3,0.09098112,0.09707254,0.29549822,5.419132,4.736944e-09,0.0
0.365,0.1,0.1,0.3,0.09398344,0.09779788,0.29564577,5.2772837,1.205762e-08,0.0
0.37,0.1,0.1,0.3,0.084177926,0.108980075,0.29579765,5.085841,-3.5090748e-09,0.0
0.375,0.1,0.1,0.3,0.09998332,0.097449355,0.2956301,5.012142,5.644084e-09,0.0
0.38,0.1,0.1,0.3,0.09804268,0.095595814,0.29531878,5.002658,-1.9350997e-08,0.0
0.385,0.1,0.1,0.3,0.08996635,0.09759703,0.29503387,5.1777954,2.7153757e-09,0.0
0.39,0.1,0.1,0.3,0.07538186,0.10976565,0.29514188,5.4885554,2.4079403e-08,0.0
0.395,0.1,0.1,0.3,0.09262105,0.10259416,0.2954702,5.715388,1.6431654e-08,0.0
0.4,0.1,0.1,0.3,0.09567568,0.103795454,0.2957017,5.7438574,-3.4929084e-09,0.0
0.405,0.1,0.1,0.3,0.098731,0.10189867,0.29568356,5.623025,-1.09883995e-08,0.0
0.41000000000000003,0.1,0.1,0.3,0.0967498,0.10206976,0.2957678,5.4418497,2.4944347e-09,0.0
0.41500000000000004,0.1,0.1,0.3,0.09657118,0.10112625,0.29582107,5.434989,3.039426e-08,0.0
0.42,0.1,0.1,0.3,0.102606565,0.097373635,0.29594746,5.6385403,1.3902775e-08,0.0
0.425,0.1,0.1,0.3,0.095766805,0.09946713,0.29603803,5.7987776,-2.8917375e-09,0.0
0.43,0.1,0.1,0.3,0.08989806,0.10507337,0.29637858,5.980541,-6.1239454e-09,0.0
0.435,0.1,0.1,0.3,0.087739885,0.102821074,0.29645264,6.1906443,1.5363637e-08,0.0
0.44,0.1,0.1,0.3,0.09184901,0.097800225,0.2966774,6.359071,1.0102557e-08,0.0
0.445,0.1,0.1,0.3,0.10354968,0.08720626,0.2969566,6.3175964,-9.2023095e-10,0.0
0.45,0.1,0.1,0.3,0.101220466,0.0911884,0.2975813,6.128301,-2.7574938e-09,0.0
0.455,0.1,0.1,0.3,0.11016759,0.085321195,0.2978544,6.082245,1.7876687e-09,0.0
0.46,0.1,0.1,0.3,0.09754067,0.09723889,0.29841268,6.0836635,-4.1820982e-09,0.0
0.465,0.1,0.1,0.3,0.089123055,0.10587433,0.29894987,6.1621423,1.4517396e-08,0.0
0.47000000000000003,0.1,0.1,0.3,0.09092245,0.104686745,0.29907697,6.2845783,1.414005e-08,0.0
0.47500000000000003,0.1,0.1,0.3,0.100307256,0.09330802,0.29878277,6.2205067,1.7495017e-10,0.0
0.48,0.1,0.1,0.3,0.093710534,0.09872397,0.29891616,6.003187,4.5331632e-08,0.0
0.485,0.1,0.1,0.3,0.11226255,0.08984387,0.29911017,5.887431,1.0142173e-08,0.0
0.49,0.1,0.1,0.3,0.111105196,0.08961929,0.29890206,5.848851,-1.7148928e-09,0.0
0.495,0.1,0.1,0.3,0.091195695,0.10292066,0.29885876,6.028828,-1.07648646e-08,0.0
0.5,0.1,0.1,0.3,0.10063356,0.095695324,0.29872334,6.2946663,-1.8617406e-08,0.0
0.505,0.1,0.1,0.3,0.111833364,0.089654915,0.29869178,6.383758,1.5480827e-08,0.0
0.51,0.1,0.1,0.3,0.12281986,0.084387474,0.29877833,6.3423815,2.295237e-08,0.0
0.515,0.1,0.1,0.3,0.12606032,0.08273055,0.2987692,6.3166375,-3.7325614e-09,0.0
0.52,0.1,0.1,0.3,0.12883799,0.07793065,0.2985332,6.3559866,1.59044e-08,0.0
0.525,0.1,0.1,0.3,0.12772642,0.077433445,0.2985013,6.456687,5.676155e-08,0.0
0.53,0.1,0.1,0.3,0.11177234,0.081882514,0.29817688,6.825479,1.2973416e-08,0.0
0.535,0.1,0.1,0.3,0.08957041,0.1013844,0.2982134,7.335206,8.181721e-08,0.0
0.54,0.1,0.1,0.3,0.09322811,0.09764212,0.2980588,7.6686797,2.1575977e-08,0.0
0.545,0.1,0.1,0.3,0.08858739,0.10240306,0.2983042,7.6048365,1.490591e-08,0.0
0.55,0.1,0.1,0.3,0.10166318,0.093929775,0.29821724,7.3579106,9.464203e-09,0.0
0.555,0.1,0.1,0.3,0.104534894,0.09249616,0.298113,6.9863634,1.32896405e-08,0.0
0.56,0.1,0.1,0.3,0.109145835,0.08615021,0.29792792,6.5326977,1.4562403e-08,0.0
0.5650000000000001,0.1,0.1,0.3,0.101241596,0.08972308,0.29774567,6.1099253,-9.5293435e-09,0.0
0.5700000000000001,0.1,0.1,0.3,0.10364384,0.0885195,0.29765677,5.9232407,-2.8552185e-08,0.0
0.5750000000000001,0.1,0.1,0.3,0.095483586,0.09605832,0.29780263,5.808017,4.3427426e-09,0.0
0.58,0.1,0.1,0.3,0.08964387,0.10089791,0.29780778,5.804518,-7.3203976e-10,0.0
0.585,0.1,0.1,0.3,0.09950573,0.09289562,0.2976239,5.908069,-1.10914e-08,0.0
0.59,0.1,0.1,0.3,0.10451695,0.09091705,0.29771262,5.9216824,6.7899824e-09,0.0
0.595,0.1,0.1,0.3,0.114972636,0.08291845,0.29767367,5.840068,-4.4603454e-09,0.0
0.6,0.1,0.1,0.3,0.09658526,0.09736381,0.29786724,5.777971,7.429481e-09,0.0
0.605,0.1,0.1,0.3,0.09841744,0.093196236,0.29773536,5.8546257,1.7220264e-08,0.0
0.61,0.1,0.1,0.3,0.099790685,0.09571409,0.29785192,5.876152,4.4418003e-09,0.0
0.615,0.1,0.1,0.3,0.10080821,0.09617062,0.29790697,5.7743797,-1.4808592e-08,0.0
0.62,0.1,0.1,0.3,0.08940684,0.10576812,0.2980762,5.613723,1.1891407e-09,0.0
0.625,0.1,0.1,0.3,0.097827286,0.098163985,0.29794106,5.552374,1.4292819e-09,0.0
0.63,0.1,0.1,0.3,0.09755397,0.09693673,0.29790455,5.489162,-5.140987e-09,0.0
0.635,0.1,0.1,0.3,0.09794942,0.09323641,0.29763573,5.555713,-2.3864724e-08,0.0
0.64,0.1,0.1,0.3,0.09779242,0.094552554,0.29772198,5.607546,-1.847087e-08,0.0
0.645,0.1,0.1,0.3,0.092488386,0.101783745,0.29796687,5.7406597,1.8943028e-08,0.0
0.65,0.1,0.1,0.3,0.09652286,0.10028158,0.29795074,5.972888,3.2438912e-09,0.0
0.655,0.1,0.1,0.3,0.09387364,0.10349149,0.29808876,6.0583863,1.8582737e-08,0.0
0.66,0.1,0.1,0.3,0.10229467,0.09859983,0.29803985,6.127669,1.40142165e-08,0.0
0.665,0.1,0.1,0.3,0.09096855,0.1017884,0.297709,6.1257653,-1.4027687e-08,0.0
0.67,0.1,0.1,0.3,0.085282296,0.10877307,0.29790848,6.1229053,-2.84604e-08,0.0
0.675,0.1,0.1,0.3,0.080921225,0.10890916,0.29779962,6.1422443,-3.8643795e-09,0.0
0.68,0.1,0.1,0.3,0.10078035,0.093576,0.29761508,6.120719,8.2831275e-10,0.0
0.685,0.1,0.1,0.3,0.08979991,0.10636282,0.29799852,6.0013657,2.2481697e-08,0.0
0.6900000000000001,0.1,0.1,0.3,0.09413907,0.09660885,0.29768792,5.9239573,1.6084161e-09,0.0
0.6950000000000001,0.1,0.1,0.3,0.10367491,0.090478346,0.29764664,5.7854376,-7.3877913e-09,0.0
0.7000000000000001,0.1,0.1,0.3,0.104648374,0.08777239,0.29755977,5.5949345,-2.0241623e-08,0.0
0.705,0.1,0.1,0.3,0.116369694,0.085293956,0.2978779,5.427253,-5.01289e-08,0.0
0.71,0.1,0.1,0.3,0.11165262,0.08934432,0.29798502,5.369886,-1.3333332e-08,0.0
0.715,0.1,0.1,0.3,0.09535099,0.101115,0.29805058,5.617472,7.669386e-09,0.0
0.72,0.1,0.1,0.3,0.095120035,0.099663764,0.29793972,6.0147166,4.3721876e-08,0.0
0.725,0.1,0.1,0.3,0.095764,0.097549304,0.29790512,6.3986764,5.318171e-09,0.0
0.73,0.1,0.1,0.3,0.09100966,0.10317094,0.29813528,6.541457,-1.3452691e-08,0.0
0.735,0.1,0.1,0.3,0.107058056,0.090173796,0.29793072,6.572572,7.260449e-09,0.0
0.74,0.1,0.1,0.3,0.09794498,0.09646097,0.2980978,6.512023,-1.1585489e-08,0.0
0.745,0.1,0.1,0.3,0.09156057,0.09665282,0.29777917,6.493911,-1.0327894e-09,0.0
0.75,0.1,0.1,0.3,0.10366294,0.09255933,0.2981451,6.532226,5.691675e-09,0.0
0.755,0.1,0.1,0.3,0.10356821,0.09099022,0.2980242,6.4650574,-8.393877e-09,0.0
0.76,0.1,0.1,0.3,0.10208598,0.09267385,0.2980771,6.4767504,-3.5058896e-08,0.0
0.765,0.1,0.1,0.3,0.09135051,0.09925972,0.2980169,6.6337967,6.205053e-09,0.0
0.77,0.1,0.1,0.3,0.09998351,0.09356884,0.29811406,6.7864966,2.1200709e-08,0.0
0.775,0.1,0.1,0.3,0.091927975,0.10128625,0.29833585,6.7453394,-9.135404e-09,0.0
0.78,0.1,0.1,0.3,0.078942634,0.10778029,0.2980301,6.6519365,-8.542663e-09,0.0
0.785,0.1,0.1,0.3,0.0798373,0.10577197,0.29791194,6.51065,-1.8921054e-09,0.0
0.79,0.1,0.1,0.3,0.08014545,0.10336382,0.29764974,6.1427336,6.4408847e-09,0.0
0.795,0.1,0.1,0.3,0.07974986,0.10500722,0.29783487,5.5831003,-1.610253e-08,0.0
0.8,0.1,0.1,0.3,0.094711535,0.09812013,0.298228,5.1273794,9.105554e-09,0.0
0.805,0.1,0.1,0.3,0.096590064,0.095721275,0.29803693,4.8026648,6.154745e-09,0.0
0.81,0.1,0.1,0.3,0.090709545,0.100548565,0.29805416,4.574641,2.243299e-08,0.0
0.8150000000000001,0.1,0.1,0.3,0.08227077,0.100539215,0.2975893,4.5962844,-1.0749898e-09,0.0
0.8200000000000001,0.1,0.1,0.3,0.09571239,0.0895785,0.2973828,4.7943754,4.7140897e-08,0.0
0.8250000000000001,0.1,0.1,0.3,0.09132478,0.095591895,0.29770595,4.96057,3.5551885e-08,0.0
0.8300000000000001,0.1,0.1,0.3,0.08146396,0.10411154,0.29792094,5.198817,5.6520038e-09,0.0
0.835,0.1,0.1,0.3,0.08209571,0.105672084,0.29804337,5.4648294,2.8251117e-08,0.0
0.84,0.1,0.1,0.3,0.09014142,0.09742295,0.2978017,5.512349,-5.6539196e-09,0.0
0.845,0.1,0.1,0.3,0.098089516,0.09309807,0.298001,5.3671927,2.417758e-08,0.0
0.85,0.1,0.1,0.3,0.0954923,0.09781118,0.2982018,5.1834335,-1.1858734e-08,0.0
0.855,0.1,0.1,0.3,0.09744335,0.09150942,0.2977429,5.1980753,1.2385931e-08,0.0
0.86,0.1,0.1,0.3,0.09304995,0.09663126,0.29794148,5.251654,-1.0876962e-08,0.0
0.865,0.1,0.1,0.3,0.09446583,0.09362266,0.2977942,5.3952875,1.0038539e-08,0.0
0.87,0.1,0.1,0.3,0.095718026,0.09416868,0.2978705,5.4834023,2.5228129e-08,0.0
0.875,0.1,0.1,0.3,0.08906699,0.10295246,0.29819372,5.440031,4.9647157e-09,0.0
0.88,0.1,0.1,0.3,0.09592222,0.101299375,0.29838845,5.461692,-1.1878446e-09,0.0
0.885,0.1,0.1,0.3,0.086221166,0.10460561,0.2980692,5.4558206,3.5070127e-09,0.0
0.89,0.1,0.1,0.3,0.08659257,0.10340675,0.29801634,5.4776797,8.2896445e-09,0.0
0.895,0.1,0.1,0.3,0.0867785,0.104016036,0.29831716,5.400754,-1.1913562e-08,0.0
0.9,0.1,0.1,0.3,0.08621447,0.10206997,0.29804632,5.1815624,3.2431922e-09,0.0
0.905,0.1,0.1,0.3,0.09037959,0.09856897,0.2980095,5.067922,1.9670876e-09,0.0
0.91,0.1,0.1,0.3,0.08568543,0.10184985,0.2981212,4.9744267,7.58825e-09,0.0
0.915,0.1,0.1,0.3,0.09495558,0.097002134,0.2981914,4.9792533,-7.614294e-09,0.0
0.92,0.1,0.1,0.3,0.09684701,0.09371821,0.2978742,5.0051527,-1.8318141e-10,0.0
0.925,0.1,0.1,0.3,0.0911592,0.09439643,0.2977368,4.9881234,-2.1505004e-09,0.0
0.93,0.1,0.1,0.3,0.09544328,0.09375659,0.297985,5.09979,1.618e-08,0.0
0.935,0.1,0.1,0.3,0.09789493,0.092280574,0.29791698,5.204073,1.1507558e-09,0.0
0.9400000000000001,0.1,0.1,0.3,0.082577094,0.10469008,0.2981867,5.221627,1.9959545e-09,0.0
0.9450000000000001,0.1,0.1,0.3,0.09354076,0.0953961,0.29810804,5.2691317,-5.1692592e-09,0.0
0.9500000000000001,0.1,0.1,0.3,0.08973875,0.10153229,0.298395,5.2640314,-2.0209687e-09,0.0
0.9550000000000001,0.1,0.1,0.3,0.09733613,0.095068604,0.29829836,5.330745,1.4846638e-08,0.0
0.96,0.1,0.1,0.3,0.097140305,0.09512655,0.29844847,5.3798814,-4.83679e-09,0.0
0.965,0.1,0.1,0.3,0.090789795,0.10134459,0.2984925,5.533758,-2.5663593e-09,0.0
0.97,0.1,0.1,0.3,0.10158619,0.09145139,0.29832444,5.791385,4.2108548e-09,0.0
0.975,0.1,0.1,0.3,0.090339825,0.0986646,0.29833266,5.9379444,-1.5815989e-08,0.0
0.98,0.1,0.1,0.3,0.10012742,0.092858896,0.2983124,6.0478306,2.1750136e-08,0.0
0.985,0.1,0.1,0.3,0.104776874,0.08754552,0.29811168,6.054903,-2.1773797e-08,0.0
0.99,0.1,0.1,0.3,0.09435722,0.09719694,0.29847437,5.9546156,-1.8173184e-08,0.0
0.995,0.1,0.1,0.3,0.0998415,0.09261259,0.2982813,5.939806,-1.1067691e-08,0.0
1.0,0.1,0.1,0.3,0.09967507,0.09455301,0.2984324,5.8899593,-9.827321e-09,0.0
1.0050000000000001,0.1,0.1,0.3,0.101707034,0.091608845,0.29843676,5.939892,1.2331717e-08,0.0
1.01,0.1,0.1,0.3,0.08421986,0.10624888,0.2986774,5.966933,1.885393e-09,0.0
1.0150000000000001,0.1,0.1,0.3,0.08635137,0.104829945,0.29854134,5.954033,-9.095223e-10,0.0
1.02,0.1,0.1,0.3,0.09472952,0.09880126,0.29856968,5.789158,1.1552384e-08,0.0
1.025,0.1,0.1,0.3,0.097831205,0.09576849,0.29854417,5.508547,-1.7159067e-08,0.0
1.03,0.1,0.1,0.3,0.10704573,0.08769728,0.2984303,5.2269382,-9.383315e-09,0.0
1.035,0.1,0.1,0.3,0.1017556,0.08822464,0.29820248,5.0424023,-1.0676907e-08,0.0
1.04,0.1,0.1,0.3,0.097554624,0.090605855,0.2982205,5.143436,5.490509e-08,0.0
1.045,0.1,0.1,0.3,0.102331735,0.087870166,0.29820502,5.481201,2.2614609e-08,0.0
1.05,0.1,0.1,0.3,0.10233455,0.088588096,0.29826522,5.7509584,-3.283899e-09,0.0
1.055,0.1,0.1,0.3,0.09651698,0.091081426,0.29820156,5.8566594,1.0373496e-08,0.0
1.06,0.1,0.1,0.3,0.10494596,0.08500625,0.29816726,5.9970655,-6.5810957e-09,0.0
1.065,0.1,0.1,0.3,0.104006894,0.08681723,0.29831436,6.0806756,-6.212529e-10,0.0
1.07,0.1,0.1,0.3,0.09221474,0.09783227,0.29881227,6.2441025,2.2028306e-09,0.0
1.075,0.1,0.1,0.3,0.10169354,0.08987763,0.29863673,6.460079,1.1520406e-08,0.0
1.08,0.1,0.1,0.3,0.10561885,0.08899074,0.29867437,6.508788,-1.2277655e-08,0.0
1.085,0.1,0.1,0.3,0.09924102,0.08995275,0.29831025,6.3968925,-1.0502111e-08,0.0
1.09,0.1,0.1,0.3,0.10683723,0.08489519,0.29820368,6.361225,2.3328608e-08,0.0
1.095,0.1,0.1,0.3,0.09679033,0.093604505,0.29811773,6.3077273,-1.6372042e-08,0.0
1.1,0.1,0.1,0.3,0.08541665,0.09959958,0.297713,6.3054996,-1.5794576e-08,0.0
1.105,0.1,0.1,0.3,0.09395455,0.09458206,0.29743382,6.3252096,2.4829122e-08,0.0
1.11,0.1,0.1,0.3,0.09045328,0.1004848,0.29734394,6.188309,-2.9103632e-08,0.0
1.115,0.1,0.1,0.3,0.09502158,0.093968794,0.29671428,6.0608115,-7.373649e-09,0.0
1.12,0.1,0.1,0.3,0.0954725,0.09509569,0.2963578,5.8801703,-3.8940215e-09,0.0
1.125,0.1,0.1,0.3,0.09722297,0.09368705,0.29584542,5.606407,-4.5473364e-08,0.0
1.1300000000000001,0.1,0.1,0.3,0.09159987,0.09875321,0.29556978,5.314798,1.6962854e-08,0.0
1.135,0.1,0.1,0.3,0.08618677,0.10003124,0.2949416,5.2054563,-1.8947576e-08,0.0
1.1400000000000001,0.1,0.1,0.3,0.09329779,0.09570096,0.294799,5.270172,5.72286e-09,0.0
1.145,0.1,0.1,0.3,0.08563113,0.10429624,0.29500645,5.287647,-2.8908435e-08,0.0
1.1500000000000001,0.1,0.1,0.3,0.08806759,0.101176545,0.29474428,5.335744,-1.66949e-09,0.0
1.155,0.1,0.1,0.3,0.08728683,0.10221577,0.2948695,5.3022017,5.486204e-09,0.0
1.16,0.1,0.1,0.3,0.09916359,0.09119071,0.29482484,5.3107,7.3923967e-10,0.0
1.165,0.1,0.1,0.3,0.093742445,0.09703691,0.2951285,5.325036,-1.991481e-08,0.0
1.17,0.1,0.1,0.3,0.08838874,0.100611635,0.29523012,5.4433637,2.0792019e-08,0.0
1.175,0.1,0.1,0.3,0.10463909,0.09275543,0.2955978,5.6584764,8.3447e-09,0.0
1.18,0.1,0.1,0.3,0.0989953,0.097496785,0.29572216,5.8049626,1.2311294e-09,0.0
1.185,0.1,0.1,0.3,0.093281165,0.09867944,0.29557067,6.006261,5.7864495e-09,0.0
1.19,0.1,0.1,0.3,0.09697366,0.09756111,0.29602808,6.2604613,3.1734032e-08,0.0
1.195,0.1,0.1,0.3,0.09817108,0.09505654,0.29592222,6.3352213,2.7344345e-09,0.0
1.2,0.1,0.1,0.3,0.10220067,0.09019646,0.29578072,6.202903,-1.45105465e-08,0.0
1.205,0.1,0.1,0.3,0.10256954,0.08877264,0.295966,5.9730563,-6.5414696e-09,0.0
1.21,0.1,0.1,0.3,0.10497292,0.08617802,0.29587775,5.7207546,-2.5685578e-09,0.0
1.215,0.1,0.1,0.3,0.10876285,0.086471945,0.2961937,5.496426,-2.2723356e-08,0.0
1.22,0.1,0.1,0.3,0.1146508,0.080613784,0.2961641,5.3491564,8.0281815e-10,0.0
1.225,0.1,0.1,0.3,0.10638681,0.08709375,0.29640815,5.316738,1.5884371e-08,0.0
1.23,0.1,0.1,0.3,0.1022687,0.09214057,0.29661885,5.543289,-7.077096e-10,0.0
1.235,0.1,0.1,0.3,0.10174896,0.09327434,0.29676154,5.9668045,2.3199481e-08,0.0
1.24,0.1,0.1,0.3,0.094847314,0.09714271,0.29682136,6.450364,3.984865e-08,0.0
1.245,0.1,0.1,0.3,0.09941377,0.0938057,0.2968263,6.866728,1.801589e-08,0.0
1.25,0.1,0.1,0.3,0.10064586,0.09487903,0.29707158,7.0025864,1.4437169e-09,0.0
1.2550000000000001,0.1,0.1,0.3,0.089627646,0.10261538,0.29736623,6.859895,1.2285998e-08,0.0
1.26,0.1,0.1,0.3,0.09450561,0.09801515,0.29735744,6.672009,1.1958835e-08,0.0
1.2650000000000001,0.1,0.1,0.3,0.08912862,0.1024199,0.297442,6.38183,2.5287452e-08,0.0
1.27,0.1,0.1,0.3,0.099977866,0.09529083,0.2974867,6.127357,-2.1638156e-08,0.0
1.2750000000000001,0.1,0.1,0.3,0.09797503,0.09784428,0.29763055,5.882562,6.510629e-10,0.0
1.28,0.1,0.1,0.3,0.08729244,0.10015518,0.29731154,5.7930856,-2.2048843e-10,0.0
1.285,0.1,0.1,0.3,0.09754668,0.09629073,0.29770046,5.8297873,1.490836e-08,0.0
1.29,0.1,0.1,0.3,0.10065519,0.092850156,0.29774836,5.788946,-8.843725e-09,0.0
1.295,0.1,0.1,0.3,0.10335172,0.091884896,0.29787236,5.6594462,-5.068346e-09,0.0
1.3,0.1,0.1,0.3,0.09546991,0.0943289,0.29754993,5.5117993,-6.1671956e-09,0.0
1.305,0.1,0.1,0.3,0.095121115,0.093558356,0.29747605,5.521439,1.5049512e-08,0.0
1.31,0.1,0.1,0.3,0.09023352,0.09567234,0.29743236,5.7056103,2.4692058e-08,0.0
1.315,0.1,0.1,0.3,0.09138047,0.09898409,0.2978315,5.946143,1.81051e-08,0.0
1.32,0.1,0.1,0.3,0.083246276,0.103719324,0.29783255,6.0035086,8.861618e-09,0.0
1.325,0.1,0.1,0.3,0.09494516,0.09527282,0.29773304,5.969222,-1.2506449e-09,0.0
1.33,0.1,0.1,0.3,0.098368235,0.091086335,0.29760936,5.834572,8.945509e-09,0.0
1.335,0.1,0.1,0.3,0.084146485,0.10254567,0.2977148,5.6128325,4.0601932e-08,0.0
1.34,0.1,0.1,0.3,0.08702204,0.10393439,0.298123,5.463844,-4.0562713e-09,0.0
1.345,0.1,0.1,0.3,0.09300859,0.09999126,0.29813668,5.2730694,-1.8453719e-09,0.0
1.35,0.1,0.1,0.3,0.09166667,0.09866943,0.29784635,5.033061,3.750783e-09,0.0
1.355,0.1,0.1,0.3,0.09543323,0.09429184,0.29790935,4.9832764,2.0060625e-08,0.0
1.36,0.1,0.1,0.3,0.097600274,0.09336822,0.2979061,4.9962687,-2.8397165e-10,0.0
1.365,0.1,0.1,0.3,0.090462044,0.09818804,0.2977858,4.9802094,4.0098262e-09,0.0
1.37,0.1,0.1,0.3,0.08574003,0.103843026,0.29796985,5.091986,3.375514e-08,0.0
1.375,0.1,0.1,0.3,0.09232978,0.09831695,0.29791465,5.3138804,-1.6344452e-09,0.0
1.3800000000000001,0.1,0.1,0.3,0.09031483,0.09687162,0.29748845,5.4245987,-7.007057e-09,0.0
1.385,0.1,0.1,0.3,0.08566795,0.10093258,0.29734966,5.546436,1.30098e-08,0.0
1.3900000000000001,0.1,0.1,0.3,0.090872735,0.098729976,0.29719377,5.713978,1.4080882e-08,0.0
1.395,0.1,0.1,0.3,0.09084715,0.09796721,0.2967482,5.7275643,1.724977e-08,0.0
1.4000000000000001,0.1,0.1,0.3,0.08592403,0.10254281,0.29642594,5.745507,-2.7981848e-08,0.0
1.405,0.1,0.1,0.3,0.09009944,0.09862771,0.29594684,5.8223076,4.376812e-09,0.0
1.41,0.1,0.1,0.3,0.093945324,0.09913117,0.29581964,5.7583723,-1.3598984e-08,0.0
1.415,0.1,0.1,0.3,0.088929646,0.10354045,0.29553613,5.5525284,-4.3278137e-09,0.0
1.42,0.1,0.1,0.3,0.07648677,0.11030476,0.29515886,5.4410515,-9.854099e-09,0.0
1.425,0.1,0.1,0.3,0.08844765,0.105077885,0.29501712,5.393015,-1.8584375e-08,0.0
1.43,0.1,0.1,0.3,0.085764766,0.10143939,0.29457083,5.2543044,-5.6932887e-08,0.0
1.435,0.1,0.1,0.3,0.08100649,0.10373611,0.29447827,5.1858497,-5.2035545e-09,0.0
1.44,0.1,0.1,0.3,0.09800655,0.097122796,0.29479602,5.2201314,1.431299e-09,0.0
1.445,0.1,0.1,0.3,0.094212696,0.10077375,0.29512933,5.2340055,4.02434e-09,0.0
1.45,0.1,0.1,0.3,0.099722095,0.094786145,0.29494706,5.3649726,4.3212727e-09,0.0
1.455,0.1,0.1,0.3,0.102509715,0.091397,0.29496235,5.4836397,1.2975445e-08,0.0
1.46,0.1,0.1,0.3,0.09030833,0.102226876,0.29544258,5.515979,3.4846532e-09,0.0
1.465,0.1,0.1,0.3,0.09446424,0.09680689,0.29527932,5.608077,2.1891712e-10,0.0
1.47,0.1,0.1,0.3,0.10286393,0.09238741,0.29540473,5.624384,-2.265074e-08,0.0
1.475,0.1,0.1,0.3,0.09870709,0.09470462,0.29572687,5.5564427,-1.1978397e-09,0.0
1.48,0.1,0.1,0.3,0.10273809,0.09106758,0.29588377,5.638579,-3.126127e-09,0.0
1.485,0.1,0.1,0.3,0.101597205,0.090113744,0.2957482,5.72627,1.2699843e-09,0.0
1.49,0.1,0.1,0.3,0.08940761,0.09991987,0.29619107,5.9088435,-2.220142e-09,0.0
1.495,0.1,0.1,0.3,0.089901984,0.098440096,0.2961235,6.1445785,2.0919577e-09,0.0
1.5,0.1,0.1,0.3,0.08354266,0.10430684,0.29636106,6.1637025,6.725715e-09,0.0
1.5050000000000001,0.1,0.1,0.3,0.092598006,0.09671243,0.29645565,6.0832086,-4.879933e-09,0.0
1.51,0.1,0.1,0.3,0.09938399,0.092805155,0.29669842,5.8956833,1.3486912e-08,0.0
1.5150000000000001,0.1,0.1,0.3,0.09718436,0.09145949,0.29648975,5.634952,-6.0230687e-09,0.0
1.52,0.1,0.1,0.3,0.09459463,0.09410605,0.29676867,5.5544543,6.5087873e-09,0.0
1.5250000000000001,0.1,0.1,0.3,0.099732384,0.089777164,0.29700896,5.6792645,-3.259136e-09,0.0
1.53,0.1,0.1,0.3,0.097560905,0.090907685,0.2969058,5.7575073,6.4312693e-09,0.0
1.5350000000000001,0.1,0.1,0.3,0.09728122,0.093080305,0.29726556,5.891459,2.0100913e-08,0.0
1.54,0.1,0.1,0.3,0.08945938,0.09800872,0.29724902,6.1387434,1.4826321e-08,0.0
1.545,0.1,0.1,0.3,0.095655076,0.09331855,0.29730085,6.374751,3.421239e-09,0.0
1.55,0.1,0.1,0.3,0.095455825,0.093963146,0.29740423,6.403061,4.3885082e-09,0.0
1.555,0.1,0.1,0.3,0.09154542,0.09646692,0.29723418,6.406371,6.0405423e-09,0.0
1.56,0.1,0.1,0.3,0.097205415,0.093475424,0.2973036,6.4592113,2.5665807e-08,0.0
1.565,0.1,0.1,0.3,0.091345124,0.0958788,0.2972602,6.373183,-2.5119506e-08,0.0
1.57,0.1,0.1,0.3,0.08979407,0.09738047,0.29747,6.276312,3.0992997e-08,0.0
1.575,0.1,0.1,0.3,0.077830285,0.107801914,0.2977153,6.2505393,-1.1124796e-09,0.0
1.58,0.1,0.1,0.3,0.08480267,0.099175274,0.2973985,6.1839347,-3.2600502e-09,0.0
1.585,0.1,0.1,0.3,0.07321285,0.11087413,0.29775754,5.9260354,-4.113244e-09,0.0
1.59,0.1,0.1,0.3,0.08735436,0.10059597,0.29779917,5.596957,-7.1077038e-09,0.0
1.595,0.1,0.1,0.3,0.0892884,0.10031476,0.2979369,5.230795,1.1550746e-08,0.0
1.6,0.1,0.1,0.3,0.08943205,0.100265734,0.29798695,4.8580236,-2.0404505e-08,0.0
1.605,0.1,0.1,0.3,0.097871,0.093476854,0.29797116,4.534736,-1.5895621e-09,0.0
1.61,0.1,0.1,0.3,0.085589364,0.10320418,0.2981133,4.3336153,-5.7244502e-08,0.0
1.615,0.1,0.1,0.3,0.09032386,0.10159787,0.29822403,4.369628,2.1852417e-08,0.0
1.62,0.1,0.1,0.3,0.09595206,0.098947264,0.29836342,4.466002,8.951193e-09,0.0
1.625,0.1,0.1,0.3,0.10057358,0.091856256,0.29815307,4.5483556,-4.394029e-09,0.0
1.6300000000000001,0.1,0.1,0.3,0.09532596,0.095257,0.29818824,4.6527834,1.7843659e-08,0.0
1.635,0.1,0.1,0.3,0.09520659,0.095995605,0.2982282,4.9333696,9.726426e-09,0.0
1.6400000000000001,0.1,0.1,0.3,0.094646975,0.092952855,0.29805258,5.37809,3.6005506e-08,0.0
1.645,0.1,0.1,0.3,0.09281629,0.09381043,0.2980413,5.868666,2.1921098e-08,0.0
1.6500000000000001,0.1,0.1,0.3,0.092833534,0.09370173,0.2981219,6.311424,2.632513e-08,0.0
1.655,0.1,0.1,0.3,0.0877172,0.102514714,0.29862732,6.4804773,7.791586e-09,0.0
1.6600000000000001,0.1,0.1,0.3,0.10159393,0.08960909,0.2982929,6.505049,-3.9392196e-09,0.0
1.665,0.1,0.1,0.3,0.09696032,0.09517063,0.29840764,6.4046926,-1.1757155e-08,0.0
1.67,0.1,0.1,0.3,0.09278494,0.09829522,0.29828644,6.3490715,1.0701704e-08,0.0
1.675,0.1,0.1,0.3,0.09669507,0.095627055,0.29823327,6.383501,4.3923137e-08,0.0
1.68,0.1,0.1,0.3,0.090584725,0.09993258,0.29798958,6.2926626,-7.1139827e-09,0.0
1.685,0.1,0.1,0.3,0.090694286,0.09891494,0.29764962,6.1931615,1.6783548e-09,0.0
1.69,0.1,0.1,0.3,0.08348752,0.10527116,0.29748723,5.992112,8.134924e-09,0.0
1.695,0.1,0.1,0.3,0.09389513,0.097422525,0.29702863,5.783451,-2.3999737e-08,0.0
1.7,0.1,0.1,0.3,0.10061356,0.092688516,0.29678747,5.5472646,2.9281285e-08,0.0
1.705,0.1,0.1,0.3,0.0953917,0.095165595,0.2965121,5.3028626,-1.6702298e-08,0.0
1.71,0.1,0.1,0.3,0.08866112,0.09862389,0.2960975,5.2644677,3.5489037e-08,0.0
1.715,0.1,0.1,0.3,0.086880505,0.09922801,0.29593268,5.401585,-2.6470063e-08,0.0
1.72,0.1,0.1,0.3,0.08105527,0.10381792,0.29606995,5.600406,-1.224732e-08,0.0
1.725,0.1,0.1,0.3,0.0759744,0.10668802,0.29584232,5.7685184,-6.395466e-10,0.0
1.73,0.1,0.1,0.3,0.08347525,0.10562492,0.29631805,5.834548,9.061911e-09,0.0
1.735,0.1,0.1,0.3,0.101998895,0.093466006,0.2964407,5.6887197,-1.6716884e-08,0.0
1.74,0.1,0.1,0.3,0.112019345,0.08480113,0.29626778,5.467837,7.567807e-09,0.0
1.745,0.1,0.1,0.3,0.10690803,0.09108453,0.296655,5.3353524,-2.2701085e-09,0.0
1.75,0.1,0.1,0.3,0.10253314,0.09623401,0.29689538,5.488391,3.6621528e-09,0.0
1.7550000000000001,0.1,0.1,0.3,0.09219282,0.098400444,0.29648772,5.873608,2.1931163e-08,0.0
1.76,0.1,0.1,0.3,0.09413666,0.09955587,0.29694352,6.271599,5.688024e-09,0.0
1.7650000000000001,0.1,0.1,0.3,0.097637065,0.093030274,0.29662183,6.420259,-2.803614e-09,0.0
1.77,0.1,0.1,0.3,0.090234555,0.098152615,0.2966759,6.3161564,-1.6897195e-08,0.0
1.7750000000000001,0.1,0.1,0.3,0.09616841,0.09423679,0.2968555,6.208143,-7.281249e-09,0.0
1.78,0.1,0.1,0.3,0.11007221,0.08233374,0.29678875,6.0338316,-7.467908e-09,0.0
1.7850000000000001,0.1,0.1,0.3,0.08923526,0.09786459,0.29688737,5.8355722,-7.12974e-09,0.0
1.79,0.1,0.1,0.3,0.07877963,0.10639987,0.29714683,5.7472615,5.0005844e-09,0.0
1.795,0.1,0.1,0.3,0.09394354,0.09884482,0.29733852,5.698538,-8.787364e-09,0.0
1.8,0.1,0.1,0.3,0.094484165,0.09594492,0.29722288,5.5653715,-2.0732631e-09,0.0
1.805,0.1,0.1,0.3,0.090359375,0.09521921,0.297101,5.353449,-2.4398528e-08,0.0
1.81,0.1,0.1,0.3,0.100825496,0.09195056,0.29764253,5.2751536,6.8937117e-10,0.0
1.815,0.1,0.1,0.3,0.09774919,0.09201101,0.29757324,5.258281,-1.5004508e-08,0.0
1.82,0.1,0.1,0.3,0.08889495,0.09867036,0.29762143,5.3972206,4.600465e-09,0.0
1.825,0.1,0.1,0.3,0.10373725,0.09149631,0.29796854,5.649325,2.8301194e-08,0.0
1.83,0.1,0.1,0.3,0.09069673,0.101119325,0.2980612,5.818335,1.0174643e-08,0.0
1.835,0.1,0.1,0.3,0.08784217,0.10458555,0.29815564,5.9700804,1.0449864e-08,0.0
1.84,0.1,0.1,0.3,0.09839516,0.09545548,0.2979844,6.12753,4.4182413e-09,0.0
1.845,0.1,0.1,0.3,0.09947872,0.09243921,0.29790795,6.139424,-3.28777e-08,0.0
1.85,0.1,0.1,0.3,0.106994435,0.09006772,0.298361,5.997443,2.2418229e-08,0.0
1.855,0.1,0.1,0.3,0.098759614,0.094621755,0.29826316,5.8180714,-7.731287e-09,0.0
1.86,0.1,0.1,0.3,0.09539672,0.09684859,0.29813844,5.803157,3.96986e-08,0.0
1.865,0.1,0.1,0.3,0.09412067,0.10120377,0.2984082,5.949387,6.30024e-09,0.0
1.87,0.1,0.1,0.3,0.09658105,0.09889403,0.29835588,6.167195,9.7832e-09,0.0
1.875,0.1,0.1,0.3,0.086034805,0.102551974,0.2978309,6.2276626,-4.004301e-09,0.0
1.8800000000000001,0.1,0.1,0.3,0.10214203,0.09050017,0.297462,6.202609,-2.0608766e-09,0.0
1.885,0.1,0.1,0.3,0.09428588,0.09151839,0.29670268,6.098577,5.812227e-09,0.0
1.8900000000000001,0.1,0.1,0.3,0.08158594,0.10436705,0.29671955,6.0544605,-4.608362e-08,0.0
1.895,0.1,0.1,0.3,0.091881886,0.09806413,0.29637235,6.0393653,-2.2230659e-10,0.0
1.9000000000000001,0.1,0.1,0.3,0.08941603,0.09959223,0.29596242,5.885972,-2.5736966e-08,0.0
1.905,0.1,0.1,0.3,0.08382332,0.10314333,0.2954889,5.7671995,-3.482902e-09,0.0
1.9100000000000001,0.1,0.1,0.3,0.0830039,0.10174196,0.29494983,5.729682,2.1337016e-08,0.0
1.915,0.1,0.1,0.3,0.09305369,0.09462672,0.29460078,5.723792,1.0534362e-08,0.0
1.92,0.1,0.1,0.3,0.09123912,0.09743167,0.2946769,5.6229568,1.5023973e-08,0.0
1.925,0.1,0.1,0.3,0.100349784,0.090403445,0.29453212,5.5896616,1.6585281e-09,0.0
1.93,0.1,0.1,0.3,0.10597659,0.086441666,0.2946029,5.5621,1.4156295e-08,0.0
1.935,0.1,0.1,0.3,0.10677068,0.085074,0.29462636,5.508361,-7.688354e-09,0.0
1.94,0.1,0.1,0.3,0.098681316,0.09039857,0.29479578,5.466661,-9.560515e-09,0.0
1.945,0.1,0.1,0.3,0.093343735,0.095385544,0.2950757,5.5893664,9.998723e-09,0.0
1.95,0.1,0.1,0.3,0.091986306,0.09613976,0.2951678,5.8436,2.6815712e-08,0.0
1.955,0.1,0.1,0.3,0.08879061,0.09845173,0.2954408,6.1241965,1.4465733e-08,0.0
1.96,0.1,0.1,0.3,0.09308099,0.09775634,0.29579273,6.362045,5.591525e-09,0.0
1.965,0.1,0.1,0.3,0.09679267,0.094957575,0.29576373,6.377223,4.41951e-09,0.0
1.97,0.1,0.1,0.3,0.09752143,0.09325038,0.29593724,6.181478,1.5955351e-09,0.0
1.975,0.1,0.1,0.3,0.09924287,0.092490956,0.296277,5.8837414,-1.880585e-08,0.0
1.98,0.1,0.1,0.3,0.092830144,0.097078286,0.29633874,5.5648627,5.813889e-09,0.0
1.985,0.1,0.1,0.3,0.09071341,0.09780976,0.29621226,5.424754,1.1046447e-08,0.0
1.99,0.1,0.1,0.3,0.093979895,0.09498244,0.2961579,5.480256,1.8673603e-08,0.0
1.995,0.1,0.1,0.3,0.09022061,0.09895127,0.296376,5.4856834,-1.9164933e-08,0.0
2.0,0.10739408,0.097295314,0.288,0.09253255,0.0957226,0.2963853,5.5362053,1.0602336e-08,0.0
2.005,0.10739408,0.097295314,0.288,0.100729205,0.09279789,0.29692426,5.5247917,-3.4322147e-09,0.0
2.0100000000000002,0.10739408,0.097295314,0.288,0.09034825,0.09730685,0.29663822,5.434239,6.1907834e-09,0.0
2.015,0.10739408,0.097295314,0.288,0.09740433,0.09061142,0.2964627,5.4468193,4.253003e-09,0.0
2.02,0.11478818,0.09459061,0.276,0.094870016,0.093938656,0.2967085,5.4463534,1.6157262e-08,0.0
2.025,0.11478818,0.09459061,0.276,0.0999763,0.09024423,0.29661095,5.542194,4.611882e-09,0.0
2.0300000000000002,0.11478818,0.09459061,0.276,0.10177593,0.08908235,0.29668897,5.618488,6.480293e-09,0.0
2.035,0.11478818,0.09459061,0.276,0.087836415,0.09874953,0.29666588,5.601526,8.501338e-09,0.0
2.04,0.12218228,0.0918859,0.264,0.0974276,0.09122289,0.29676345,5.626805,-1.06288605e-08,0.0
2.045,0.12218228,0.0918859,0.264,0.08806878,0.09776956,0.29675174,5.6051545,6.9810135e-09,0.0
2.05,0.12218228,0.0918859,0.264,0.08771357,0.09611679,0.29620737,5.6174536,9.407732e-09,0.0
2.055,0.12218228,0.0918859,0.264,0.092350185,0.09530439,0.29628044,5.7105007,-9.1392955e-09,0.0
2.06,0.12957639,0.089181215,0.252,0.08562703,0.10005266,0.29579684,5.6936183,5.919587e-09,0.0
2.065,0.12957639,0.089181215,0.252,0.08297694,0.10435137,0.2946441,5.6631074,-2.6602088e-08,0.0
2.07,0.12957639,0.089181215,0.252,0.07693904,0.107905604,0.29285434,5.6768303,1.2928618e-08,0.0
2.075,0.12957639,0.089181215,0.252,0.0851383,0.100059144,0.29115245,5.6641655,-2.87123e-08,0.0
2.08,0.13697048,0.086476535,0.24,0.0773081,0.1054909,0.28904825,5.4975257,1.8036262e-08,0.0
2.085,0.13697048,0.086476535,0.24,0.0860834,0.100519314,0.28634214,5.3077455,3.7673153e-09,0.0
2.09,0.13697048,0.086476535,0.24,0.082345724,0.10021701,0.28373936,5.07461,-6.242082e-09,0.0
2.095,0.13697048,0.086476535,0.24,0.08896734,0.098492846,0.2813867,4.933725,-2.18256e-08,0.0
2.1,0.14436458,0.083771825,0.228,0.08628405,0.10053146,0.27823263,4.816756,6.092433e-09,0.0
2.105,0.14436458,0.083771825,0.228,0.09287669,0.09325796,0.27535686,4.824281,2.250401e-08,0.0
2.11,0.14436458,0.083771825,0.228,0.104610704,0.08585482,0.27276105,4.8587904,3.9705792e-08,0.0
2.115,0.14436458,0.083771825,0.228,0.107412726,0.084275305,0.26936042,4.905459,4.1238204e-09,0.0
2.12,0.15175866,0.081067145,0.216,0.09618374,0.09233334,0.26666057,5.006221,1.15542687e-10,0.0
2.125,0.15175866,0.081067145,0.216,0.103143424,0.08772269,0.26417843,5.2647014,1.106155e-08,0.0
2.13,0.15175866,0.081067145,0.216,0.09969705,0.09021466,0.2608106,5.5090528,2.688076e-09,0.0
2.1350000000000002,0.15175866,0.081067145,0.216,0.11885195,0.07831081,0.2578117,5.8122063,4.8592614e-09,0.0
2.14,0.15915276,0.07836246,0.204,0.1190695,0.076949604,0.2551647,6.119879,1.9813827e-08,0.0
2.145,0.15915276,0.07836246,0.204,0.12025733,0.07422375,0.2517543,6.350605,-1.0288329e-08,0.0
2.15,0.15915276,0.07836246,0.204,0.11242409,0.08354561,0.24852322,6.510971,-1.712461e-08,0.0
2.1550000000000002,0.15915276,0.07836246,0.204,0.12043195,0.07926832,0.24607329,6.781118,2.4801276e-08,0.0
2.16,0.16654685,0.075657755,0.192,0.11481163,0.08807657,0.24324673,7.010471,4.8630593e-08,0.0
2.165,0.16654685,0.075657755,0.192,0.12815854,0.09011315,0.24021113,7.286797,5.74029e-09,0.0
2.17,0.16654685,0.075657755,0.192,0.1295815,0.08457225,0.23800328,7.514161,2.0194308e-08,0.0
2.1750000000000003,0.16654685,0.075657755,0.192,0.1322379,0.07900967,0.23526652,7.6164656,9.9572075e-09,0.0
2.18,0.17394094,0.07295307,0.18,0.14092086,0.08088844,0.2322232,7.6425843,6.2470003e-09,0.0
2.185,0.17394094,0.07295307,0.18,0.14982651,0.07171349,0.23019406,7.671383,-8.319546e-09,0.0
2.19,0.17394094,0.07295307,0.18,0.14361094,0.08793214,0.22762947,7.7739315,7.139414e-09,0.0
2.195,0.17394094,0.07295307,0.18,0.15048894,0.09299399,0.22459973,8.166862,1.5438216e-08,0.0
2.2,0.18133503,0.070248365,0.16799998,0.1543051,0.09115906,0.22248913,8.604404,3.1039267e-08,0.0
2.205,0.18133503,0.070248365,0.16799998,0.15302314,0.07739585,0.22036129,8.934169,2.964154e-08,0.0
2.21,0.18133503,0.070248365,0.16799998,0.15937643,0.07503802,0.21728715,9.439012,8.371764e-09,0.0
2.215,0.18133503,0.070248365,0.16799998,0.15778533,0.07215915,0.21491565,9.906014,7.1052013e-09,0.0
2.22,0.18872914,0.06754368,0.156,0.16123101,0.077642255,0.21278356,10.453666,4.7040654e-08,0.0
2.225,0.18872914,0.06754368,0.156,0.15078011,0.08457145,0.21028636,10.88144,3.2217486e-08,0.0
2.23,0.18872914,0.06754368,0.156,0.15215679,0.073708326,0.20750397,11.271414,2.3539537e-08,0.0
2.235,0.18872914,0.06754368,0.156,0.1509308,0.06881867,0.20530583,11.427694,0.111718275,0.0
2.24,0.19612323,0.064838976,0.144,0.16386026,0.07009555,0.20263426,11.602546,2.1700695e-09,0.0
2.245,0.19612323,0.064838976,0.144,0.1643747,0.06824828,0.20022584,11.656024,4.791639e-09,0.0
2.25,0.19612323,0.064838976,0.144,0.1682186,0.06530812,0.19800574,11.544843,5.1450364e-09,0.0
2.255,0.19612323,0.064838976,0.144,0.17191704,0.06615095,0.1954376,11.359182,-1.6324922e-08,0.0
2.2600000000000002,0.20351732,0.062134285,0.13199998,0.1634027,0.07821932,0.19289027,11.174075,7.711352e-09,0.0
2.265,0.20351732,0.062134285,0.13199998,0.16816808,0.07265717,0.19051984,11.258624,2.1130615e-08,0.0
2.27,0.20351732,0.062134285,0.13199998,0.16412008,0.06819505,0.18848272,11.372875,5.7269243e-09,0.0
2.275,0.20351732,0.062134285,0.13199998,0.1722957,0.08048594,0.18506,11.630343,1.5525304e-08,0.0
2.2800000000000002,0.21091141,0.0594296,0.12,0.18224043,0.07361644,0.18275662,11.852297,1.160036e-08,0.0
2.285,0.21091141,0.0594296,0.12,0.18096285,0.06787567,0.18056376,11.96626,4.0677097e-09,0.0
2.29,0.21091141,0.0594296,0.12,0.1793935,0.077352844,0.17767043,12.340609,5.2647962e-08,0.0
2.295,0.21091141,0.0594296,0.12,0.18218635,0.07329328,0.17537013,13.002399,4.522094e-08,0.0
2.3000000000000003,0.21830551,0.056724895,0.10800001,0.17528728,0.07212617,0.17350288,13.480938,0.08337193,0.0
2.305,0.21830551,0.056724895,0.10800001,0.18636009,0.0727489,0.17070763,13.957615,3.4429988e-08,0.0
2.31,0.21830551,0.056724895,0.10800001,0.18684982,0.07335186,0.16827047,14.242759,0.053573105,0.0
2.315,0.21830551,0.056724895,0.10800001,0.18496145,0.06531541,0.16636923,14.280718,0.12690365,0.0
2.32,0.2256996,0.05402021,0.096,0.1930784,0.0674389,0.1635731,14.499904,1.31224205e-08,0.0
2.325,0.2256996,0.05402021,0.096,0.20089139,0.06829087,0.16102313,14.659812,4.5278616e-09,0.0
2.33,0.2256996,0.05402021,0.096,0.20502932,0.06601991,0.15912466,14.695407,1.4641389e-09,0.0
2.335,0.2256996,0.05402021,0.096,0.19757839,0.07154697,0.1567728,14.69718,-6.470256e-09,0.0
2.34,0.2330937,0.051315505,0.08399999,0.19702797,0.07398253,0.1542182,14.986232,3.225059e-08,0.0
2.345,0.2330937,0.051315505,0.08399999,0.20058995,0.06165559,0.15241586,15.589312,5.433956e-08,0.0
2.35,0.2330937,0.051315505,0.08399999,0.20382394,0.061378848,0.15020846,16.017042,0.09003836,0.0
2.355,0.2330937,0.051315505,0.08399999,0.20820937,0.057981037,0.14752933,16.165054,0.23600508,0.0
2.36,0.24048778,0.04861082,0.072000004,0.20082231,0.05453968,0.14549126,16.184803,0.26921928,0.0
2.365,0.24048778,0.04861082,0.072000004,0.20875761,0.049322605,0.14374647,16.460752,1.8381934e-08,0.0
2.37,0.24048778,0.04861082,0.072000004,0.20169792,0.051731665,0.14049323,16.656761,5.004918e-09,0.0
2.375,0.24048778,0.04861082,0.072000004,0.20402166,0.055354003,0.1382812,16.979712,2.7347957e-08,0.0
2.38,0.24788187,0.045906115,0.06,0.20724764,0.058448594,0.13609652,17.17265,0.077562325,0.0
2.3850000000000002,0.24788187,0.045906115,0.06,0.20271732,0.06709449,0.13332598,17.129494,0.16489035,0.0
2.39,0.24788187,0.045906115,0.06,0.21549,0.06427304,0.13101074,17.305666,1.0422642e-08,0.0
2.395,0.24788187,0.045906115,0.06,0.20776595,0.06311942,0.12867692,17.444317,9.33639e-09,0.0
2.4,0.25527596,0.04320143,0.047999993,0.21935515,0.06462473,0.12626173,17.74448,1.34973845e-08,0.0
2.4050000000000002,0.25527596,0.04320143,0.047999993,0.22646317,0.067871526,0.124247365,18.002037,2.046616e-05,0.0
2.41,0.25527596,0.04320143,0.047999993,0.2318271,0.06602639,0.12219658,18.110659,-3.1728592e-10,0.0
2.415,0.25527596,0.04320143,0.047999993,0.2235063,0.064503856,0.1201648,18.168821,5.2555023e-09,0.0
2.42,0.26267007,0.040496726,0.036000002,0.22087339,0.059116445,0.11756582,18.538143,2.3249267e-08,0.0
2.4250000000000003,0.26267007,0.040496726,0.036000002,0.23394194,0.055777792,0.1157205,19.2361,3.8975948e-08,0.0
2.43,0.26267007,0.040496726,0.036000002,0.22820319,0.059777144,0.11341117,19.781805,0.06242972,0.0
2.435,0.26267007,0.040496726,0.036000002,0.23829754,0.05595258,0.11065635,20.424776,5.1632863e-08,0.0
2.44,0.27006418,0.037792042,0.023999996,0.23904479,0.05312798,0.10918594,20.900537,0.081181854,0.0
2.445,0.27006418,0.037792042,0.023999996,0.23753859,0.04960607,0.107479006,21.085043,0.23565957,0.0
2.45,0.27006418,0.037792042,0.023999996,0.23754328,0.062107105,0.10423492,21.535822,2.9059915e-08,0.0
2.455,0.27006418,0.037792042,0.023999996,0.24521323,0.051918473,0.10247712,22.235407,7.5100154e-08,0.0
2.46,0.27745825,0.035087354,0.012000007,0.23859794,0.046541464,0.10089491,22.707771,0.14370935,0.0
2.465,0.27745825,0.035087354,0.012000007,0.23964924,0.046279028,0.098698094,23.2602,-3.0244223e-08,0.0
2.47,0.27745825,0.035087354,0.012000007,0.25017726,0.042529546,0.09597923,23.517286,0.19430125,0.0
2.475,0.27745825,0.035087354,0.012000007,0.2579845,0.0420432,0.093642466,23.466791,0.4816797,0.0
2.48,0.28485236,0.032382652,0.0,0.2511124,0.04108432,0.09258958,23.330805,0.6133237,0.0
2.485,0.28485236,0.032382652,0.0,0.24959755,0.048621938,0.09030868,23.649143,-5.264407e-07,0.0
2.49,0.28485236,0.032382652,0.0,0.25590068,0.055360608,0.087691635,24.205812,1.533988e-08,0.0
2.495,0.28485236,0.032382652,0.0,0.2603452,0.05302757,0.08481309,24.57486,0.13699582,0.0
2.5,0.28485236,0.032382652,0.0,0.25537083,0.047791388,0.08192873,24.63921,0.36692318,0.0
2.505,0.28485236,0.032382652,0.0,0.26414636,0.044159357,0.08309856,25.028437,-1.3250025e-07,0.0
2.5100000000000002,0.28485236,0.032382652,0.0,0.26877874,0.04180763,0.06545611,25.260193,0.06012709,0.0
2.515,0.28485236,0.032382652,0.0,0.2633498,0.042121466,0.0557623,25.283884,0.10862496,0.0
2.52,0.37351084,0.06690245,0.056762394,0.2679753,0.042622108,0.056912333,25.614367,3.6680017e-08,0.0
2.525,0.37351084,0.06690245,0.056762394,0.27657712,0.050529733,0.047449872,25.874346,0.06753871,0.0
2.5300000000000002,0.37351084,0.06690245,0.056762394,0.28096175,0.041813646,0.025451096,25.943176,0.105201006,0.0
2.535,0.37351084,0.06690245,0.056762394,0.28774288,0.038434923,0.02469593,25.949142,-4.711046e-09,0.0
2.54,0.50008214,0.20146741,0.22794375,0.28753093,0.033384945,0.020644266,25.924068,1.0491423e-09,0.0
2.545,0.50008214,0.20146741,0.22794375,0.2811007,0.03122666,0.025380904,26.390062,4.7190706e-08,0.0
2.5500000000000003,0.50008214,0.20146741,0.22794375,0.27918223,0.042892404,0.025910957,27.349663,9.6089465e-08,0.0
2.555,0.50008214,0.20146741,0.22794375,0.28016934,0.048889514,0.0152349165,28.54827,6.943913e-08,0.0
2.56,0.57098174,0.37284446,0.2028163,0.28805202,0.043427847,0.016794281,29.336426,0.2973867,0.0
2.565,0.57098174,0.37284446,0.2028163,0.3010018,0.047307517,0.013057971,29.645998,0.88383377,0.0
2.57,0.57098174,0.37284446,0.2028163,0.30951512,0.0516659,0.007925588,29.782877,1.4135494,0.0
2.575,0.57098174,0.37284446,0.2028163,0.31588748,0.046811834,0.0066229273,29.911825,1.7065685,0.0
2.58,0.55701655,0.6,0.084771074,0.32793793,0.057573345,0.011601752,30.096148,1.6999353,0.0
2.585,0.55701655,0.6,0.084771074,0.3417777,0.053467523,0.020222578,30.395918,1.3351914,0.0
2.59,0.55701655,0.6,0.084771074,0.3438298,0.06064794,0.018369777,30.864782,0.5620985,0.0
2.595,0.55701655,0.6,0.084771074,0.36286372,0.071688294,0.04224498,31.358711,2.7542072e-08,0.0
2.6,0.5575297,0.6,0.0,0.3712823,0.093964875,0.05249238,31.908937,1.9002405e-08,0.0
2.605,0.5575297,0.6,0.0,0.37346998,0.1187321,0.06455075,32.636784,5.4617317e-08,0.0
2.61,0.5575297,0.6,0.0,0.3711977,0.13061516,0.068057716,33.478874,7.500599e-08,0.0
2.615,0.5575297,0.6,0.0,0.38429058,0.147438,0.07592505,34.95515,7.8151174e-08,0.0
2.62,0.5587836,0.6,0.0,0.389134,0.16050999,0.06941347,36.536198,0.008725016,0.0
2.625,0.5587836,0.6,0.0,0.39145237,0.17360695,0.07289309,37.859566,0.049639676,0.0
2.63,0.5587836,0.6,0.0,0.3962396,0.18978205,0.07299234,38.993828,0.08084443,0.0
2.6350000000000002,0.5587836,0.6,0.0,0.40302613,0.20644452,0.081677824,40.00083,0.037052803,0.0
2.64,0.6,0.6,0.0,0.41141766,0.21921998,0.08062239,40.916424,6.324879e-08,0.0
2.645,0.6,0.6,0.0,0.41274738,0.23327371,0.0780359,41.72476,5.8160204e-08,0.0
2.65,0.6,0.6,0.0,0.41590804,0.24896252,0.07858932,42.34985,0.0011361262,0.0
2.6550000000000002,0.6,0.6,0.0,0.41593072,0.26113123,0.07406456,42.70393,0.080442816,0.0
2.66,0.599674,0.6,0.0,0.41594347,0.2735013,0.08047306,42.748985,0.297306,0.0
2.665,0.599674,0.6,0.0,0.42288524,0.2876784,0.07129306,42.49628,0.6363077,0.0
2.67,0.599674,0.6,0.0,0.4197968,0.3000373,0.0704558,41.990654,1.0444667,0.0
2.6750000000000003,0.599674,0.6,0.0,0.41806465,0.31094274,0.062330127,42.07819,0.57611597,0.0
2.68,0.5030674,0.6,0.073682666,0.41981488,0.32407323,0.05188691,42.638393,5.3376382e-08,0.0
2.685,0.5030674,0.6,0.073682666,0.42906862,0.33529204,0.04849074,42.527336,0.59820044,0.0
2.69,0.5030674,0.6,0.073682666,0.4358908,0.34521723,0.04430659,41.691307,1.7826672,0.0
2.695,0.5030674,0.6,0.073682666,0.44174334,0.35633114,0.04623753,40.48444,3.1440976,0.0
2.7,0.455462,0.6,0.51260895,0.45057616,0.36659557,0.035654683,39.1338,4.4253798,0.0
2.705,0.455462,0.6,0.51260895,0.45045292,0.3742763,0.034064338,37.802822,5.447045,0.0
2.71,0.455462,0.6,0.51260895,0.44744697,0.38401127,0.02727368,37.44344,5.1595745,0.0
2.715,0.455462,0.6,0.51260895,0.4403317,0.3918866,0.010410266,38.01553,3.6456108,0.0
2.72,0.16626543,0.55546343,0.5384885,0.44806004,0.39836982,0.016943093,38.944164,1.5703648,0.0
2.725,0.16626543,0.55546343,0.5384885,0.4490356,0.40549964,0.017238965,39.091213,0.21244949,0.0
2.73,0.16626543,0.55546343,0.5384885,0.44695768,0.4122226,0.015408301,38.252316,0.11516239,0.0
2.735,0.16626543,0.55546343,0.5384885,0.46306327,0.41742918,0.015402381,37.702553,2.1220549e-08,0.0
2.74,0.2853139,0.41566706,0.6,0.46923432,0.4230868,0.018172637,36.989395,0.31259727,0.0
2.745,0.2853139,0.41566706,0.6,0.4670668,0.42908722,0.031521395,35.931694,0.7817134,0.0
2.75,0.2853139,0.41566706,0.6,0.46459454,0.43328875,0.04564594,35.642376,0.16104977,0.0
2.755,0.2853139,0.41566706,0.6,0.45221025,0.4359957,0.066130824,35.939735,2.5031527e-08,0.0
2.7600000000000002,0.36534452,0.5169775,0.6,0.45242065,0.43944126,0.08289406,36.562664,3.2212146e-08,0.0
2.765,0.36534452,0.5169775,0.6,0.46221116,0.44140148,0.10000159,36.476517,0.6982705,0.0
2.77,0.36534452,0.5169775,0.6,0.4669061,0.44127458,0.11847741,35.611176,2.024975,0.0
2.775,0.36534452,0.5169775,0.6,0.46303236,0.4412549,0.13420379,33.55918,4.417649,0.0
2.7800000000000002,0.0,0.6,0.5146186,0.4608601,0.44104186,0.14708565,31.492922,6.537431,0.0
2.785,0.0,0.6,0.5146186,0.45313525,0.44140634,0.16440539,30.038815,7.7047596,0.0
2.79,0.0,0.6,0.5146186,0.4404852,0.441265,0.18165262,29.884556,7.185799,0.0
2.795,0.0,0.6,0.5146186,0.44700256,0.4419494,0.19429773,29.93512,6.241418,0.0
2.8000000000000003,0.0,0.6,0.6,0.43113172,0.44234806,0.20922092,29.666222,5.4550667,0.0
2.805,0.0,0.6,0.6,0.42322162,0.44318858,0.2257019,30.010487,3.785881,0.0
2.81,0.0,0.6,0.6,0.41710806,0.44408816,0.23812209,30.98017,1.2434978,0.0
2.815,0.0,0.6,0.6,0.39920694,0.44486856,0.2518349,31.843857,1.0386065e-08,0.0
2.82,0.0,0.6,0.6,0.3878353,0.4464952,0.26642936,32.500557,1.5156465e-08,0.0
2.825,0.0,0.6,0.6,0.35394296,0.44719496,0.27856696,33.010777,3.1924532e-08,0.0
2.83,0.0,0.6,0.6,0.32820007,0.44699275,0.29058486,33.143005,5.627432e-10,0.0
2.835,0.0,0.6,0.6,0.29886004,0.4475103,0.3041284,31.972984,0.42866814,0.0
2.84,0.0,0.3398839,0.6,0.27617863,0.44804624,0.31566563,30.317074,8.6532175e-08,0.0
2.845,0.0,0.3398839,0.6,0.2496022,0.44862214,0.3254189,28.366064,1.9512736e-09,0.0
2.85,0.0,0.3398839,0.6,0.22091913,0.44857347,0.33737496,26.16614,-6.489475e-08,0.0
2.855,0.0,0.3398839,0.6,0.19644259,0.44912282,0.34746787,22.969576,2.2245233e-08,0.0
2.86,0.026208438,0.0,0.6,0.19150558,0.44934002,0.35602677,19.457462,-1.1083954e-07,0.0
2.865,0.026208438,0.0,0.6,0.17164484,0.44793293,0.36534643,16.271517,-1.2397656e-07,0.0
2.87,0.026208438,0.0,0.6,0.15078859,0.44548777,0.37455276,12.705248,-2.204182e-08,0.0
2.875,0.026208438,0.0,0.6,0.13114066,0.4434563,0.38172385,8.667935,-1.3142888e-07,0.0
2.88,0.2661183,0.0,0.3255171,0.11019508,0.44097042,0.38913462,4.5859137,2.4862809e-08,0.0
2.8850000000000002,0.2661183,0.0,0.3255171,0.09726328,0.43755835,0.396425,0.8254399,-5.972859e-08,0.0
2.89,0.2661183,0.0,0.3255171,0.086935304,0.43549636,0.40255728,9.158903e-09,5.1478194e-10,0.0
2.895,0.2661183,0.0,0.3255171,0.06350465,0.43301466,0.40884623,1.6117347e-08,5.602562e-09,0.0
2.9,0.6,0.07617277,0.43310118,0.048067473,0.42997545,0.4153671,4.08358e-10,5.9641274e-09,0.0
2.9050000000000002,0.6,0.07617277,0.43310118,0.059572633,0.42195848,0.41916534,2.607456e-11,1.3239972e-08,0.0
2.91,0.6,0.07617277,0.43310118,0.050093226,0.4049817,0.4198879,-3.8103912e-11,2.0116383e-08,0.0
2.915,0.6,0.07617277,0.43310118,0.047872644,0.38016868,0.41977218,6.400229e-09,2.1466436e-08,0.0
2.92,0.44887504,0.30977863,0.04559178,0.05706304,0.35249707,0.42024446,-8.80394e-09,2.353817e-08,0.0
2.9250000000000003,0.44887504,0.30977863,0.04559178,0.068708554,0.3227657,0.41929394,3.2378509e-09,2.551385e-08,0.0
2.93,0.44887504,0.30977863,0.04559178,0.089059636,0.29368058,0.41864386,5.0220677e-09,-3.0627557e-08,0.0
2.935,0.44887504,0.30977863,0.04559178,0.111075774,0.26534572,0.41827136,0.12968317,8.2962885e-08,0.0
2.94,0.3879611,0.2734479,0.30303532,0.11987791,0.24231891,0.41685846,0.801907,8.967957e-08,0.0
2.945,0.3879611,0.2734479,0.30303532,0.12918876,0.22823258,0.41598436,2.0038488,7.084923e-08,0.0
2.95,0.3879611,0.2734479,0.30303532,0.15476643,0.22115232,0.41621178,3.4654377,1.4649618e-07,0.0
2.955,0.3879611,0.2734479,0.30303532,0.17742041,0.21706705,0.4146721,5.0691357,6.7521704e-08,0.0
2.96,0.6,0.4194171,0.38952592,0.19252953,0.21621096,0.4126264,6.7484803,1.15247225e-07,0.0
2.965,0.6,0.4194171,0.38952592,0.20436752,0.21580847,0.41245925,8.41207,6.2013996e-08,0.0
2.97,0.6,0.4194171,0.38952592,0.20701547,0.21573758,0.4106259,9.986219,8.691597e-08,0.0
2.975,0.6,0.4194171,0.38952592,0.2221678,0.21686739,0.4048581,11.391491,6.894248e-08,0.0
2.98,0.6,0.6,0.24150755,0.24628213,0.21766993,0.3989403,12.658085,2.8530646e-08,0.0
2.985,0.6,0.6,0.24150755,0.26209018,0.2183971,0.39342576,13.92182,1.7006585e-07,0.0
2.99,0.6,0.6,0.24150755,0.2713102,0.21923685,0.38841256,15.251523,1.1434605e-07,0.0
2.995,0.6,0.6,0.24150755,0.2862312,0.22348544,0.3839799,16.623867,1.4582692e-07,0.0
3.0,0.22267318,0.6,0.31575006,0.2971856,0.23232388,0.3798679,18.033455,-1.4993834e-09,0.0
3.005,0.22267318,0.6,0.31575006,0.30092275,0.2401723,0.3736295,19.468855,7.852866e-08,0.0
3.0100000000000002,0.22267318,0.6,0.31575006,0.3126766,0.2501467,0.36689988,20.873493,5.6141896e-08,0.0
3.015,0.22267318,0.6,0.31575006,0.32446975,0.2643238,0.36093885,22.23689,2.0494394e-08,0.0
3.02,0.4862129,0.6,0.5915894,0.3344253,0.27771807,0.35312867,23.579042,8.451999e-08,0.0
3.025,0.4862129,0.6,0.5915894,0.34119466,0.2902237,0.34411296,24.87865,1.3150805e-07,0.0
3.0300000000000002,0.4862129,0.6,0.5915894,0.34471327,0.30414456,0.33692712,26.050531,9.401074e-08,0.0
3.035,0.4862129,0.6,0.5915894,0.34804472,0.31670958,0.3307578,26.998129,6.705694e-08,0.0
3.04,0.28415564,0.5584207,0.6,0.34103903,0.32843435,0.32528186,27.668947,-3.7121775e-09,0.0
3.045,0.28415564,0.5584207,0.6,0.34694025,0.34098434,0.32094935,28.56261,4.3786756e-08,0.0
3.0500000000000003,0.28415564,0.5584207,0.6,0.35211584,0.35317653,0.31855726,29.202288,4.051514e-08,0.0
3.055,0.28415564,0.5584207,0.6,0.3494515,0.3636263,0.31846908,29.310513,-2.5165843e-09,0.0
3.06,0.3460344,0.6,0.6,0.34643096,0.37508273,0.31919032,29.563772,4.4749427e-08,0.0
3.065,0.3460344,0.6,0.6,0.33798084,0.3857056,0.31956702,30.093857,2.0078492e-08,0.0
3.0700000000000003,0.3460344,0.6,0.6,0.33471128,0.39414182,0.3213447,30.639751,5.2731234e-08,0.0
3.075,0.3460344,0.6,0.6,0.34118074,0.4024618,0.32432476,31.053999,3.8959264e-08,0.0
3.08,0.36834076,0.6,0.6,0.33664456,0.40985605,0.32794586,30.77604,6.0936913e-09,0.0
3.085,0.36834076,0.6,0.6,0.33228424,0.41454303,0.33558497,30.280447,-2.1763594e-08,0.0
3.09,0.36834076,0.6,0.6,0.3447545,0.41960266,0.34801853,29.884184,-1.06991545e-08,0.0
3.095,0.36834076,0.6,0.6,0.3479846,0.42485294,0.35947013,29.053387,-3.34902e-08,0.0
3.1,0.25946045,0.6,0.6,0.34436607,0.42911434,0.36923355,27.734505,-5.2581473e-08,0.0
3.105,0.25946045,0.6,0.6,0.35222712,0.43331861,0.3800324,26.715525,-1.4461256e-08,0.0
3.11,0.25946045,0.6,0.6,0.35241276,0.43721887,0.38862786,25.70024,-1.2276877e-08,0.0
3.115,0.25946045,0.6,0.6,0.34545004,0.43998843,0.39498508,24.477009,-5.0168666e-08,0.0
3.12,0.0,0.6,0.6,0.359799,0.44232908,0.4018784,23.727058,3.524906e-08,0.0
3.125,0.0,0.6,0.6,0.35556132,0.4454922,0.40708375,23.11666,3.68375e-09,0.0
3.13,0.0,0.6,0.6,0.34657893,0.4475524,0.4110668,22.938442,-2.1096303e-08,0.0
3.1350000000000002,0.0,0.6,0.6,0.33661038,0.44951338,0.41548654,23.272816,4.2293724e-08,0.0
3.14,0.0,0.6,0.6,0.32756126,0.45122033,0.42026344,23.808475,1.2514066e-08,0.0
3.145,0.0,0.6,0.6,0.33772907,0.453135,0.4237471,24.3268,7.6869355e-09,0.0
3.15,0.0,0.6,0.6,0.3418204,0.45432505,0.4277504,24.26358,-2.3298103e-08,0.0
3.1550000000000002,0.0,0.6,0.6,0.34016258,0.4552923,0.43215102,23.587399,-1.8244526e-08,0.0
3.16,0.0,0.38866374,0.6,0.33767506,0.4561561,0.43645436,23.116474,-5.095661e-10,0.0
3.165,0.0,0.38866374,0.6,0.33206415,0.45601082,0.44135982,23.079556,4.4400167e-08,0.0
3.17,0.0,0.38866374,0.6,0.31373635,0.45670682,0.4461508,22.560244,-3.533619e-08,0.0
3.1750000000000003,0.0,0.38866374,0.6,0.29225314,0.45778075,0.4496649,21.983276,3.2550123e-08,0.0
3.18,0.0,0.0,0.6,0.2598675,0.45817792,0.45338228,21.582071,-7.2777695e-08,0.0
3.185,0.0,0.0,0.6,0.23184599,0.45834902,0.456092,21.033955,-1.8424211e-08,0.0
3.19,0.0,0.0,0.6,0.21137074,0.4581424,0.45814744,20.126326,-6.709877e-08,0.0
3.1950000000000003,0.0,0.0,0.6,0.19279435,0.45755175,0.46019068,18.08656,-1.7349706e-07,0.0
3.2,0.3203961,0.0,0.5437207,0.17522104,0.45632994,0.46189454,14.899997,1.8100643e-08,0.0
3.205,0.3203961,0.0,0.5437207,0.14748606,0.45500058,0.463568,11.062316,-1.7301572e-08,0.0
3.21,0.3203961,0.0,0.5437207,0.13165143,0.45420521,0.46518087,6.943992,-2.2182259e-07,0.0
3.215,0.3203961,0.0,0.5437207,0.11409376,0.4520718,0.4672806,2.944053,1.6700755e-08,0.0
3.22,0.6,0.04874089,0.44635728,0.08697831,0.4498702,0.46909356,-1.1277376e-07,5.879475e-08,0.0
3.225,0.6,0.04874089,0.44635728,0.07309302,0.4446405,0.47040156,1.7500216e-09,-4.01057e-09,0.0
3.23,0.6,0.04874089,0.44635728,0.08496079,0.43014598,0.47206336,-4.1940035e-10,2.2513558e-09,0.0
3.235,0.6,0.04874089,0.44635728,0.07484755,0.4057002,0.47360784,7.1991915e-09,4.2627186e-09,0.0
3.24,0.40043196,0.10926462,0.4734556,0.07547051,0.3775546,0.47496632,-4.699929e-09,-3.728189e-08,0.0
3.245,0.40043196,0.10926462,0.4734556,0.08865014,0.34731,0.475592,-6.088693e-09,-2.586126e-08,0.0
3.25,0.40043196,0.10926462,0.4734556,0.109830104,0.3179239,0.4759838,5.4624794e-09,-2.9151483e-08,0.0
3.255,0.40043196,0.10926462,0.4734556,0.119499095,0.2884256,0.47642016,0.1818547,2.5498991e-08,0.0
3.2600000000000002,0.14295423,0.14624609,0.6,0.13725284,0.26378077,0.4761076,0.7135036,3.334359e-08,0.0
3.265,0.14295423,0.14624609,0.6,0.15699378,0.24256499,0.47566968,1.8429226,4.7851696e-08,0.0
3.27,0.14295423,0.14624609,0.6,0.18637861,0.22661634,0.47507048,3.5042372,1.00350576e-07,0.0
3.275,0.14295423,0.14624609,0.6,0.19930804,0.21680751,0.47392753,5.5053887,2.4436885e-08,0.0
3.2800000000000002,0.42955464,0.36953703,0.6,0.21569361,0.20915261,0.4735934,7.6120667,3.2181287e-08,0.0
3.285,0.42955464,0.36953703,0.6,0.22484979,0.2031594,0.4731215,9.656849,1.8609397e-07,0.0
3.29,0.42955464,0.36953703,0.6,0.2322115,0.19980185,0.47230312,11.5443125,1.7659714e-07,0.0
3.295,0.42955464,0.36953703,0.6,0.23074861,0.19651023,0.4723473,13.227244,-1.47774895e-08,0.0
3.3000000000000003,0.48712716,0.6,0.6,0.23766443,0.19396976,0.47179717,15.048762,1.3971241e-07,0.0
3.305,0.48712716,0.6,0.6,0.23147379,0.19185904,0.4718376,16.668552,1.3328223e-07,0.0
3.31,0.48712716,0.6,0.6,0.22766161,0.1914396,0.47187498,18.22129,1.1778987e-07,0.0
3.315,0.48712716,0.6,0.6,0.24444538,0.19290857,0.47163805,19.782495,-5.2669473e-09,0.0
3.3200000000000003,0.0,0.6,0.42148256,0.24792539,0.19324441,0.4719222,20.939774,5.493291e-10,0.0
3.325,0.0,0.6,0.42148256,0.24862905,0.19433793,0.47259283,21.633886,2.0034046e-08,0.0
3.33,0.0,0.6,0.42148256,0.27266368,0.20056874,0.4728691,21.99986,2.1359373e-08,0.0
3.335,0.0,0.6,0.42148256,0.28553703,0.21234164,0.47281253,22.264158,2.3890962e-08,0.0
3.34,0.0,0.6,0.58138984,0.2958182,0.22307032,0.47302914,22.578876,4.3095085e-08,0.0
3.345,0.0,0.6,0.58138984,0.31077752,0.23629156,0.4729996,22.99877,-1.7015337e-08,0.0
3.35,0.0,0.6,0.58138984,0.31209725,0.252141,0.47296554,23.564978,-2.1617627e-08,0.0
3.355,0.0,0.6,0.58138984,0.3111331,0.26645422,0.47225085,24.237797,4.4421647e-08,0.0
3.36,0.0,0.6,0.5798174,0.3113127,0.28035215,0.4720777,25.451666,1.6148206e-07,0.0
3.365,0.0,0.6,0.5798174,0.31087467,0.29611704,0.47198048,26.634422,8.95038e-08,0.0
3.37,0.0,0.6,0.5798174,0.30589175,0.3099146,0.4717318,27.86351,1.8635879e-07,0.0
3.375,0.0,0.6,0.5798174,0.2904657,0.32237405,0.47122648,29.167057,5.6599323e-08,0.0
3.38,0.0,0.5799593,0.6,0.28120315,0.336641,0.47095004,30.223818,3.8270358e-08,0.0
3.3850000000000002,0.0,0.5799593,0.6,0.2544321,0.34963167,0.47053185,30.84375,8.856741e-08,0.0
3.39,0.0,0.5799593,0.6,0.23297861,0.36048168,0.4702563,30.832954,3.8908468e-08,0.0
3.395,0.0,0.5799593,0.6,0.22002739,0.37213483,0.47002614,30.097733,1.41762495e-08,0.0
3.4,0.0,0.26275244,0.57940704,0.20019896,0.3825888,0.46970138,28.710234,-3.070623e-08,0.0
3.4050000000000002,0.0,0.26275244,0.57940704,0.17797713,0.3901159,0.46974167,26.758453,1.4809012e-08,0.0
3.41,0.0,0.26275244,0.57940704,0.1617683,0.39903346,0.4693119,24.327715,-1.7840557e-07,0.0
3.415,0.0,0.26275244,0.57940704,0.14664671,0.4062756,0.46912417,21.52629,-2.2347288e-07,0.0
3.42,0.15025148,0.0,0.21988605,0.12894422,0.40976074,0.46904078,18.46651,-1.17611e-07,0.0
3.4250000000000003,0.15025148,0.0,0.21988605,0.12114666,0.40990165,0.46865845,15.256424,-5.3803145e-08,0.0
3.43,0.15025148,0.0,0.21988605,0.0977235,0.40842247,0.46858177,12.105799,-3.06653e-08,0.0
3.435,0.15025148,0.0,0.21988605,0.090840325,0.4065842,0.46801394,8.494458,-1.1103032e-07,0.0
3.44,0.6,0.21880059,0.29401848,0.08014885,0.4024784,0.46782938,4.532795,-2.482472e-08,0.0
3.4450000000000003,0.6,0.21880059,0.29401848,0.07473875,0.39927256,0.46743992,0.7656711,2.8401006e-08,0.0
3.45,0.6,0.21880059,0.29401848,0.07449175,0.39586535,0.46600083,-6.762468e-09,-1.0307336e-08,0.0
3.455,0.6,0.21880059,0.29401848,0.080433786,0.39177302,0.46492267,-7.431535e-09,-2.7691174e-08,0.0
3.46,0.48279557,0.03547488,0.23012047,0.06789857,0.388147,0.4650144,-4.3370427e-09,-3.016056e-08,0.0
3.465,0.48279557,0.03547488,0.23012047,0.0562535,0.38542446,0.4638597,1.1941239e-08,-5.596686e-09,0.0
3.47,0.48279557,0.03547488,0.23012047,0.061600182,0.37994146,0.46265024,-3.19802e-09,-3.951289e-08,0.0
3.475,0.48279557,0.03547488,0.23012047,0.08132532,0.37115636,0.46270823,-9.604204e-09,-4.2528e-08,0.0
3.48,0.29238275,0.0,0.5010911,0.09212649,0.3619566,0.46073312,-4.2118704e-09,-3.4455833e-10,0.0
3.485,0.29238275,0.0,0.5010911,0.10954658,0.35226586,0.45169896,3.0717697e-09,-1.6028572e-08,0.0
3.49,0.29238275,0.0,0.5010911,0.11581225,0.33773205,0.44173342,0.017773747,-6.9198244e-08,0.0
3.495,0.29238275,0.0,0.5010911,0.12552123,0.32299924,0.43198535,0.1660131,3.262823e-08,0.0
3.5,0.6,0.0,0.6,0.14606868,0.30887765,0.41847792,0.56538177,4.1907143e-08,0.0
3.505,0.6,0.0,0.6,0.16831626,0.2932675,0.40400058,1.3224627,-2.0689225e-08,0.0
3.5100000000000002,0.6,0.0,0.6,0.19185762,0.2747768,0.39339882,2.4789052,1.2496859e-08,0.0
3.515,0.6,0.0,0.6,0.20110366,0.25382397,0.3885932,3.9945033,8.429576e-08,0.0
3.52,0.6,0.021628225,0.6,0.21621978,0.23157033,0.386462,5.9000425,7.006792e-08,0.0
3.525,0.6,0.021628225,0.6,0.21565865,0.20965287,0.3842062,8.037045,8.760382e-08,0.0
3.5300000000000002,0.6,0.021628225,0.6,0.21729635,0.18872465,0.38397822,10.477751,2.9422768e-07,0.0
3.535,0.6,0.021628225,0.6,0.23005748,0.1689868,0.3849888,12.69773,1.4213039e-07,0.0
3.54,0.38784662,0.6,0.02776605,0.24736369,0.15025274,0.38455346,14.4758625,1.1499314e-07,0.0
3.545,0.38784662,0.6,0.02776605,0.26015443,0.133706,0.38535908,15.96761,1.65382e-07,0.0
3.5500000000000003,0.38784662,0.6,0.02776605,0.27596578,0.11566411,0.3870821,17.29165,1.2455413e-07,0.0
3.555,0.38784662,0.6,0.02776605,0.2964912,0.10205605,0.38700265,18.540512,1.296685e-07,0.0
3.56,0.27896026,0.6,0.0,0.3079957,0.09260432,0.38728052,19.806309,1.3238413e-07,0.0
3.565,0.27896026,0.6,0.0,0.31179655,0.08613487,0.3882255,21.115911,7.345161e-08,0.0
3.5700000000000003,0.27896026,0.6,0.0,0.3219501,0.087001085,0.38819972,22.420261,2.3857964e-08,0.0
3.575,0.27896026,0.6,0.0,0.32859373,0.09199718,0.38719904,23.698278,1.0905319e-07,0.0
3.58,0.39223218,0.6,0.0,0.3415883,0.10044458,0.38620475,24.942162,4.778573e-08,0.0
3.585,0.39223218,0.6,0.0,0.33840322,0.11918762,0.3860506,26.17726,1.1027956e-07,0.0
3.59,0.39223218,0.6,0.0,0.33704713,0.1417931,0.38613668,27.913918,1.2164601e-07,0.0
3.595,0.39223218,0.6,0.0,0.33196586,0.14247651,0.38415262,30.16553,2.0538587e-07,0.0
3.6,0.24873942,0.6,0.0,0.332536,0.15892242,0.37702182,32.620853,1.1135955e-07,0.0
3.605,0.24873942,0.6,0.0,0.3377863,0.17923605,0.36263192,34.559284,7.585963e-08,0.0
3.61,0.24873942,0.6,0.0,0.32706973,0.19439164,0.34369332,35.843346,8.58474e-08,0.0
3.615,0.24873942,0.6,0.0,0.3327331,0.21013479,0.3206245,37.157333,7.9045854e-08,0.0
3.62,0.3789977,0.6,0.0,0.3398198,0.2273815,0.29669577,38.183277,1.2353107e-07,0.0
3.625,0.3789977,0.6,0.0,0.33846417,0.24253847,0.27214274,38.72107,-1.7442485e-08,0.0
3.63,0.3789977,0.6,0.0,0.3376181,0.2559091,0.24861452,39.385406,-2.5713161e-08,0.0
3.6350000000000002,0.3789977,0.6,0.0,0.3301558,0.2722058,0.22580332,40.25605,2.507435e-08,0.0
3.64,0.20483169,0.6,0.0,0.3317108,0.28715637,0.20430315,41.031063,4.2783075e-08,0.0
3.645,0.20483169,0.6,0.0,0.33083606,0.29983157,0.1841814,40.877777,0.78791076,0.0
3.65,0.20483169,0.6,0.0,0.33865917,0.31465957,0.16617087,40.40495,1.6999809,0.0
3.6550000000000002,0.20483169,0.6,0.0,0.33580995,0.328978,0.14885789,39.357426,3.0223646,0.0
3.66,0.24139217,0.40192088,0.0,0.33169332,0.33922762,0.13411966,38.29838,4.113422,0.0
3.665,0.24139217,0.40192088,0.0,0.33765286,0.35136357,0.12003348,37.520905,4.658093,0.0
3.67,0.24139217,0.40192088,0.0,0.34229186,0.36327744,0.107182585,36.237278,5.5451236,0.0
3.6750000000000003,0.24139217,0.40192088,0.0,0.33026895,0.37104133,0.09690136,34.40334,6.808157,0.0
3.68,0.37037933,0.38516384,0.0,0.32848957,0.37993377,0.08266612,32.95492,7.3983035,0.0
3.685,0.37037933,0.38516384,0.0,0.33348903,0.38864842,0.078780964,32.06704,7.1431684,0.0
3.69,0.37037933,0.38516384,0.0,0.32989255,0.39433303,0.059501376,30.87477,7.0205092,0.0
3.6950000000000003,0.37037933,0.38516384,0.0,0.33379126,0.39778343,0.057566646,29.89079,6.4513497,0.0
3.7,0.183112,0.0,0.0,0.332162,0.40018874,0.045960378,28.751102,5.852576,0.0
3.705,0.183112,0.0,0.0,0.3407752,0.4016319,0.032920107,27.94148,4.677934,0.0
3.71,0.183112,0.0,0.0,0.3372718,0.4009953,0.028200114,27.083576,3.3639874,0.0
3.715,0.183112,0.0,0.0,0.3262577,0.40002275,0.027558042,25.835503,2.2863314,0.0
3.72,0.35807917,0.13291246,0.121600434,0.3264575,0.39946032,0.0175521,24.330494,1.2863164,0.0
3.725,0.35807917,0.13291246,0.121600434,0.3272397,0.39735177,0.0163164,22.13407,0.8424312,0.0
3.73,0.35807917,0.13291246,0.121600434,0.32363257,0.39537638,0.016948093,19.468773,0.68336004,0.0
3.735,0.35807917,0.13291246,0.121600434,0.32962897,0.39441648,0.015127244,17.387794,-1.9076423e-07,0.0
3.74,0.19852732,0.13882495,0.11958944,0.31796476,0.39218977,0.010619275,15.477619,0.014470945,0.0
3.745,0.19852732,0.13882495,0.11958944,0.31551224,0.39020953,0.006040288,14.198344,1.3592565e-08,0.0
3.75,0.19852732,0.13882495,0.11958944,0.32318705,0.38883123,0.015911695,13.699919,5.1588485e-09,0.0
3.755,0.19852732,0.13882495,0.11958944,0.32136634,0.38579643,0.0076087844,13.296422,0.01950094,0.0
3.7600000000000002,0.58752054,0.0839783,0.5333303,0.33629933,0.37275445,-0.0022108532,13.298984,3.1025755e-09,0.0
3.765,0.58752054,0.0839783,0.5333303,0.33360514,0.35689408,-0.008729369,13.453366,7.1556983e-09,0.0
3.77,0.58752054,0.0839783,0.5333303,0.32304785,0.3428257,-0.010104656,14.110768,7.9412516e-08,0.0
3.775,0.58752054,0.0839783,0.5333303,0.3185641,0.32755592,0.0050679618,15.350838,5.103125e-08,0.0
3.7800000000000002,0.35701165,0.43624687,0.25415128,0.31439492,0.3127089,0.017856458,16.8999,9.3190515e-08,0.0
3.785,0.35701165,0.43624687,0.25415128,0.31739116,0.30066836,0.027039453,18.574013,1.2434946e-07,0.0
3.79,0.35701165,0.43624687,0.25415128,0.30919528,0.2874831,0.044608086,19.694681,0.38174066,0.0
3.795,0.35701165,0.43624687,0.25415128,0.31637168,0.275299,0.06412012,20.763128,0.5589463,0.0
3.8000000000000003,0.6,0.47248277,0.05267839,0.3087435,0.26494548,0.08577016,21.506199,0.84741044,0.0
3.805,0.6,0.47248277,0.05267839,0.31526098,0.2600162,0.10740132,22.381195,0.73271155,0.0
3.81,0.6,0.47248277,0.05267839,0.32101566,0.25815633,0.119755186,23.010586,0.6514138,0.0
3.815,0.6,0.47248277,0.05267839,0.31981435,0.25670472,0.13144116,23.220083,0.7949322,0.0
3.8200000000000003,0.5116219,0.47808084,0.1548661,0.32231867,0.25763735,0.14594516,23.836185,0.23687907,0.0
3.825,0.5116219,0.47808084,0.1548661,0.3221525,0.2587483,0.1558212,24.62938,6.482478e-08,0.0
3.83,0.5116219,0.47808084,0.1548661,0.3241339,0.25879076,0.16085054,25.98096,6.072408e-08,0.0
3.835,0.5116219,0.47808084,0.1548661,0.33036512,0.2604667,0.1625402,27.40697,0.0097792465,0.0
3.84,0.6,0.6,0.012316884,0.34089598,0.2675258,0.16456166,28.582191,0.031553198,0.0
3.845,0.6,0.6,0.012316884,0.34393948,0.277299,0.16462491,29.575455,0.017529225,0.0
3.85,0.6,0.6,0.012316884,0.3505576,0.28637764,0.16440612,30.361282,0.0013199813,0.0
3.855,0.6,0.6,0.012316884,0.34874445,0.29671437,0.16512604,30.931166,0.0003995263,0.0
3.86,0.6,0.6,0.0017157734,0.35701135,0.3085638,0.16514288,31.826235,8.4482636e-08,0.0
3.865,0.6,0.6,0.0017157734,0.36721826,0.3187003,0.16430108,32.504265,0.2567355,0.0
3.87,0.6,0.6,0.0017157734,0.3751362,0.32911104,0.16429888,32.689556,0.8259469,0.0
3.875,0.6,0.6,0.0017157734,0.37243712,0.3409916,0.16434789,32.5596,1.5037844,0.0
3.88,0.516583,0.6,0.4271976,0.3859681,0.3520829,0.16322602,32.911324,1.4004655,0.0
3.8850000000000002,0.516583,0.6,0.4271976,0.39377597,0.3620509,0.16102141,33.1048,1.2542024,0.0
3.89,0.516583,0.6,0.4271976,0.4015824,0.37302533,0.15415105,32.825092,1.4130151,0.0
3.895,0.516583,0.6,0.4271976,0.41061988,0.3829001,0.14330931,32.27767,1.6403345,0.0
3.9,0.5557762,0.6,0.6,0.41032243,0.39123747,0.13063101,31.616186,1.7628593,0.0
3.9050000000000002,0.5557762,0.6,0.6,0.4162206,0.39976934,0.11855459,31.711761,0.8118451,0.0
3.91,0.5557762,0.6,0.6,0.4264077,0.40718886,0.11071036,31.72594,0.013794774,0.0
3.915,0.5557762,0.6,0.6,0.4372931,0.41401467,0.10893329,31.27343,0.08416374,0.0
3.92,0.18189627,0.6,0.6,0.44126543,0.4207142,0.10793674,30.72453,0.029332673,0.0
3.9250000000000003,0.18189627,0.6,0.6,0.44369075,0.42639768,0.10877487,30.128864,-1.8120017e-08,0.0
3.93,0.18189627,0.6,0.6,0.44035876,0.43106827,0.12052574,29.535055,3.949593e-08,0.0
3.935,0.18189627,0.6,0.6,0.44320244,0.436313,0.13678095,29.65629,4.521966e-08,0.0
3.94,0.2754133,0.5324582,0.6,0.44554096,0.44063532,0.1513886,29.84116,0.15766518,0.0
3.9450000000000003,0.2754133,0.5324582,0.6,0.44431427,0.44325477,0.16696413,29.685524,0.45657364,0.0
3.95,0.2754133,0.5324582,0.6,0.4437445,0.4444339,0.18491153,30.149178,2.3988978e-08,0.0
3.955,0.2754133,0.5324582,0.6,0.43956897,0.44528982,0.19879776,31.132011,7.259584e-08,0.0
3.96,0.4096209,0.6,0.6,0.44007447,0.44514686,0.21290211,32.413635,4.560925e-08,0.0
3.9650000000000003,0.4096209,0.6,0.6,0.43256095,0.44516593,0.22908086,32.088593,1.64006,0.0
3.97,0.4096209,0.6,0.6,0.43868583,0.44539383,0.24279588,31.71136,3.0608313,0.0
3.975,0.4096209,0.6,0.6,0.43749824,0.44626755,0.2549786,31.342155,4.2141323,0.0
3.98,0.0,0.6,0.5815009,0.4352695,0.44658998,0.26907685,31.462036,4.5692596,0.0
3.985,0.0,0.6,0.5815009,0.43197593,0.4469243,0.28239164,32.34248,3.3806124,0.0
3.99,0.0,0.6,0.5815009,0.42442882,0.44731727,0.29391658,33.64878,0.46145278,0.0
3.995,0.0,0.6,0.5815009,0.4136049,0.44757098,0.30692345,34.38166,4.7074085e-08,0.0
4.0,0.0,0.6,0.6,0.4175762,0.44842643,0.31871754,34.945747,2.499326e-08,0.0
4.005,0.0,0.6,0.6,0.42083013,0.44905186,0.3296098,34.73022,1.0479628e-08,0.0
4.01,0.0,0.6,0.6,0.40571606,0.44946182,0.34074485,33.69842,-4.0335085e-08,0.0
4.015,0.0,0.6,0.6,0.3813064,0.45022422,0.3523107,32.80322,-3.5097866e-08,0.0
4.0200000000000005,0.0,0.6,0.6,0.36817107,0.4507094,0.36102006,32.222603,6.568392e-09,0.0
4.025,0.0,0.6,0.6,0.3416444,0.450648,0.37082863,31.739542,1.0178702e-08,0.0
4.03,0.0,0.6,0.6,0.31375894,0.45068938,0.3804541,30.437937,-1.1144042e-07,0.0
4.035,0.0,0.6,0.6,0.2834705,0.45079488,0.3881924,28.787306,-1.7226941e-09,0.0
4.04,0.0,0.14271498,0.6,0.25365824,0.45088822,0.3954497,27.101,1.1044043e-07,0.0
4.045,0.0,0.14271498,0.6,0.23629159,0.45144176,0.40320575,25.20672,1.5190023e-08,0.0
4.05,0.0,0.14271498,0.6,0.21148273,0.45236254,0.408788,23.10019,-6.174365e-08,0.0
4.055,0.0,0.14271498,0.6,0.18961532,0.45335275,0.41329467,20.794277,-3.838857e-08,0.0
4.0600000000000005,0.0,0.0,0.6,0.17880102,0.4545573,0.41810867,18.302505,-7.969602e-08,0.0
4.065,0.0,0.0,0.6,0.16219766,0.4555558,0.42199403,15.733179,-1.1036944e-07,0.0
4.07,0.0,0.0,0.6,0.14994185,0.45646998,0.4248264,13.174126,-1.9457745e-07,0.0
4.075,0.0,0.0,0.6,0.12043783,0.45562977,0.42831337,10.725148,9.0392156e-08,0.0
4.08,0.3568047,0.0,0.33724782,0.11658959,0.45348078,0.43139538,7.6538377,-2.7155727e-07,0.0
4.085,0.3568047,0.0,0.33724782,0.09021932,0.45207116,0.4342824,4.056276,-3.76371e-08,0.0
4.09,0.3568047,0.0,0.33724782,0.07118926,0.44965017,0.43867505,0.42018697,-2.1031745e-07,0.0
4.095,0.3568047,0.0,0.33724782,0.06713965,0.44616115,0.44346738,6.257812e-09,-2.2167225e-08,0.0
4.1,0.6,0.0,0.39404035,0.053091664,0.43962088,0.4468454,-1.819551e-09,-1.1058414e-08,0.0
4.105,0.6,0.0,0.39404035,0.0680679,0.42308983,0.44963014,4.1608974e-09,-3.7305843e-09,0.0
4.11,0.6,0.0,0.39404035,0.070129104,0.3986925,0.4510606,3.0167393e-09,-1.283861e-08,0.0
4.115,0.6,0.0,0.39404035,0.067753375,0.37048575,0.45148954,4.8963407e-09,-1.1465016e-08,0.0
4.12,0.43551987,0.11342911,0.024819661,0.06730097,0.3401575,0.450363,-2.8470675e-09,-2.1663158e-08,0.0
4.125,0.43551987,0.11342911,0.024819661,0.09218136,0.31040403,0.44984782,9.71729e-09,1.6397083e-08,0.0
4.13,0.43551987,0.11342911,0.024819661,0.11208509,0.28079394,0.44947833,0.0932776,-3.3963225e-08,0.0
4.135,0.43551987,0.11342911,0.024819661,0.12363302,0.25338882,0.447997,0.5014526,1.06582824e-07,0.0
4.14,0.3262644,0.026146282,0.15228552,0.14799903,0.22709633,0.4475529,1.4782301,4.475584e-08,0.0
4.1450000000000005,0.3262644,0.026146282,0.15228552,0.1749022,0.20401773,0.44725338,2.996516,7.638915e-08,0.0
4.15,0.3262644,0.026146282,0.15228552,0.1812889,0.18240994,0.4450392,4.8851147,1.0393934e-07,0.0
4.155,0.3262644,0.026146282,0.15228552,0.19863708,0.16335301,0.44304788,6.8645864,5.777871e-08,0.0
4.16,0.6,0.17299238,0.4775545,0.21067102,0.14594665,0.4418844,8.762044,1.3527091e-07,0.0
4.165,0.6,0.17299238,0.4775545,0.22753675,0.13232508,0.43674162,10.509851,1.4376847e-08,0.0
4.17,0.6,0.17299238,0.4775545,0.23013963,0.122401506,0.42425716,12.124399,-2.5458611e-08,0.0
4.175,0.6,0.17299238,0.4775545,0.24291874,0.114837565,0.4095573,13.578707,-1.5096305e-08,0.0
4.18,0.56891936,0.6,0.30046886,0.24306144,0.11114342,0.39588526,14.896864,1.0633501e-07,0.0
4.1850000000000005,0.56891936,0.6,0.30046886,0.25445348,0.11011906,0.38196093,16.06859,4.6399432e-08,0.0
4.19,0.56891936,0.6,0.30046886,0.27270186,0.11123023,0.37020168,17.128307,8.000325e-08,0.0
4.195,0.56891936,0.6,0.30046886,0.28330088,0.11218614,0.36256537,18.1776,1.0578981e-07,0.0
4.2,0.03727078,0.6,0.0,0.28700373,0.11192083,0.35969222,19.258585,1.831849e-08,0.0
4.205,0.03727078,0.6,0.0,0.30184597,0.11496484,0.35829973,20.336811,8.45299e-08,0.0
4.21,0.03727078,0.6,0.0,0.31256655,0.12391429,0.35667598,21.430317,2.777308e-08,0.0
4.215,0.03727078,0.6,0.0,0.3277045,0.13250351,0.35551694,22.558384,1.3780141e-08,0.0
4.22,0.33911157,0.6,0.0,0.34341893,0.1451291,0.3550124,23.744354,-3.4235835e-08,0.0
4.225,0.33911157,0.6,0.0,0.36335862,0.16318381,0.35368806,25.016483,3.3606728e-08,0.0
4.23,0.33911157,0.6,0.0,0.3665727,0.17859718,0.34961468,26.412588,1.0353518e-07,0.0
4.235,0.33911157,0.6,0.0,0.35901964,0.19228713,0.33928934,27.885107,9.0565315e-08,0.0
4.24,0.41224954,0.6,0.0,0.35838076,0.20965707,0.32246426,29.894047,1.240349e-07,0.0
4.245,0.41224954,0.6,0.0,0.35425887,0.22484222,0.30260354,32.441547,1.0266432e-07,0.0
4.25,0.41224954,0.6,0.0,0.3551783,0.23855127,0.27961066,35.20984,6.266791e-08,0.0
4.255,0.41224954,0.6,0.0,0.35104558,0.25427678,0.25716344,37.40581,1.136778e-07,0.0
4.26,0.3481732,0.6,0.0,0.349988,0.26994523,0.23401174,39.27247,1.4971247e-08,0.0
4.265,0.3481732,0.6,0.0,0.3546384,0.28290105,0.21224843,40.943905,9.623511e-08,0.0
4.2700000000000005,0.3481732,0.6,0.0,0.34824336,0.29722622,0.19154672,41.70333,1.2344129e-09,0.0
4.275,0.3481732,0.6,0.0,0.34083834,0.31174237,0.17269368,41.95839,2.3024088e-08,0.0
4.28,0.3094614,0.6,0.0,0.33833802,0.3229528,0.1544523,41.972282,0.077636264,0.0
4.285,0.3094614,0.6,0.0,0.3455685,0.33560494,0.13826314,41.691776,0.27493834,0.0
4.29,0.3094614,0.6,0.0,0.33895037,0.3480068,0.12377246,40.512444,1.2628793,0.0
4.295,0.3094614,0.6,0.0,0.33839926,0.35711396,0.110467166,39.146473,2.2211294,0.0
4.3,0.41772068,0.42368332,0.0,0.34814438,0.3665246,0.097965285,38.023834,2.6750774,0.0
4.305,0.41772068,0.42368332,0.0,0.35218647,0.37630913,0.08798616,36.446552,3.4136534,0.0
4.3100000000000005,0.41772068,0.42368332,0.0,0.35119087,0.38365057,0.08364682,34.396923,4.4418054,0.0
4.315,0.41772068,0.42368332,0.0,0.35129794,0.390313,0.06901298,32.907223,4.6025224,0.0
4.32,0.5529065,0.6,0.0,0.3541548,0.39767098,0.05171107,31.461678,4.495145,0.0
4.325,0.5529065,0.6,0.0,0.35552558,0.40345055,0.056828402,29.789461,4.4193187,0.0
4.33,0.5529065,0.6,0.0,0.35195675,0.4086566,0.05361788,28.09985,4.1385174,0.0
4.335,0.5529065,0.6,0.0,0.3593023,0.41296166,0.04934249,27.191113,2.7677345,0.0
4.34,0.23246878,0.30435035,0.16195437,0.36332545,0.41648033,0.035301156,26.451054,1.0178564,0.0
4.345,0.23246878,0.30435035,0.16195437,0.3592988,0.41979635,0.023359606,25.41741,0.00014370802,0.0
4.3500000000000005,0.23246878,0.30435035,0.16195437,0.35743394,0.42413816,0.014503091,24.809689,-9.578609e-10,0.0
4.355,0.23246878,0.30435035,0.16195437,0.35238832,0.4280356,0.012275703,24.929039,1.8513205e-08,0.0
4.36,0.6,0.33102417,0.2195842,0.3586736,0.43003875,0.011110794,25.45307,3.6771247e-08,0.0
4.365,0.6,0.33102417,0.2195842,0.3616412,0.43117177,0.0056069847,25.56109,0.38844356,0.0
4.37,0.6,0.33102417,0.2195842,0.3604277,0.4318967,-0.0014134247,25.127798,1.1280358,0.0
4.375,0.6,0.33102417,0.2195842,0.35033858,0.43123326,0.00838871,25.134792,1.1160946,0.0
4.38,0.4251302,0.4317585,0.22128855,0.35856727,0.42973128,0.019327458,24.816492,1.2307016,0.0
4.385,0.4251302,0.4317585,0.22128855,0.35311818,0.4293904,0.01654106,23.254179,2.486377,0.0
4.39,0.4251302,0.4317585,0.22128855,0.35974297,0.4280917,0.013731121,21.4946,3.681568,0.0
4.3950000000000005,0.4251302,0.4317585,0.22128855,0.3711674,0.42621338,0.02810782,19.48338,4.8825006,0.0
4.4,0.6,0.3188009,0.37445676,0.36556888,0.42558354,0.043123633,17.310648,5.9832797,0.0
4.405,0.6,0.3188009,0.37445676,0.37023312,0.42432564,0.06155388,16.022705,5.826689,0.0
4.41,0.6,0.3188009,0.37445676,0.37404454,0.42352498,0.07106471,15.047748,5.0857887,0.0
4.415,0.6,0.3188009,0.37445676,0.38113117,0.42320007,0.09400781,14.064593,4.1260834,0.0
4.42,0.36240488,0.4553029,0.6,0.38185453,0.42288038,0.09575973,13.260424,2.7443352,0.0
4.425,0.36240488,0.4553029,0.6,0.3791517,0.4219914,0.105884895,12.697596,0.8811571,0.0
4.43,0.36240488,0.4553029,0.6,0.38826552,0.4214896,0.11991455,12.712324,2.4178718e-08,0.0
4.4350000000000005,0.36240488,0.4553029,0.6,0.39530224,0.42130053,0.12620795,12.916479,5.2997384e-09,0.0
4.44,0.6,0.4426343,0.6,0.4071018,0.42097247,0.14250606,13.089195,8.6341005e-09,0.0
4.445,0.6,0.4426343,0.6,0.40943578,0.420339,0.15859485,13.300861,1.5606723e-08,0.0
4.45,0.6,0.4426343,0.6,0.41109142,0.41893715,0.17177548,13.559828,1.576376e-08,0.0
4.455,0.6,0.4426343,0.6,0.41202587,0.4179386,0.1864773,13.842551,1.6827972e-08,0.0
4.46,0.20604767,0.37983292,0.6,0.42043447,0.4176662,0.20265391,14.127414,9.543659e-09,0.0
4.465,0.20604767,0.37983292,0.6,0.42353714,0.41739848,0.21571462,14.4338045,6.778281e-09,0.0
4.47,0.20604767,0.37983292,0.6,0.42344618,0.41748783,0.22927828,14.762473,2.3295653e-08,0.0
4.4750000000000005,0.20604767,0.37983292,0.6,0.42105928,0.41744694,0.24431351,16.422924,1.4388183e-07,0.0
4.48,0.38616258,0.37617487,0.6,0.4154836,0.416643,0.25752932,18.797415,1.5682605e-07,0.0
4.485,0.38616258,0.37617487,0.6,0.4184324,0.4164252,0.26968184,21.029259,1.11286255e-07,0.0
4.49,0.38616258,0.37617487,0.6,0.41567028,0.41567564,0.28354418,22.165354,0.7558049,0.0
4.495,0.38616258,0.37617487,0.6,0.4118909,0.41599318,0.29573083,23.034327,0.91855484,0.0
4.5,0.37922996,0.6,0.6,0.41494504,0.4161289,0.30664614,24.660673,-1.0056357e-08,0.0
4.505,0.37922996,0.6,0.6,0.40768796,0.41525942,0.3187398,26.042747,9.96733e-08,0.0
4.51,0.37922996,0.6,0.6,0.41448286,0.41392934,0.32987466,26.90159,-2.53564e-08,0.0
4.515,0.37922996,0.6,0.6,0.41782728,0.41245872,0.33983952,26.707926,1.0218732e-08,0.0
4.5200000000000005,0.0,0.6,0.5980074,0.41284266,0.4118604,0.34989113,25.548605,-4.8364456e-08,0.0
4.525,0.0,0.6,0.5980074,0.4094115,0.4118432,0.3602235,24.50493,3.3248348e-08,0.0
4.53,0.0,0.6,0.5980074,0.40865934,0.41166925,0.36904114,23.933046,2.3893465e-08,0.0
4.535,0.0,0.6,0.5980074,0.406321,0.41258532,0.37780404,23.706022,1.2161492e-08,0.0
4.54,0.0,0.6,0.5994197,0.4099399,0.41365096,0.3865624,24.3645,8.552234e-08,0.0
4.545,0.0,0.6,0.5994197,0.41421226,0.4141476,0.3937375,25.2376,4.9728545e-08,0.0
4.55,0.0,0.6,0.5994197,0.41882405,0.41450408,0.4010689,25.867085,3.981997e-08,0.0
4.555,0.0,0.6,0.5994197,0.40747383,0.41494966,0.40859124,26.312977,5.4996896e-08,0.0
4.5600000000000005,0.0,0.6,0.6,0.39496076,0.41550225,0.4138652,27.20842,5.496157e-08,0.0
4.565,0.0,0.6,0.6,0.3735496,0.415292,0.41956666,28.550364,4.3126228e-08,0.0
4.57,0.0,0.6,0.6,0.34893084,0.41566727,0.42514756,29.24212,5.219609e-08,0.0
4.575,0.0,0.6,0.6,0.31949702,0.41546986,0.42938218,29.558868,5.724162e-08,0.0
4.58,0.0,0.39123753,0.6,0.29568857,0.41463837,0.43345335,29.016272,-8.215918e-09,0.0
4.585,0.0,0.39123753,0.6,0.27184913,0.41394797,0.43796992,27.359835,-4.942064e-09,0.0
4.59,0.0,0.39123753,0.6,0.23961046,0.41335928,0.44143993,24.8561,2.7620175e-08,0.0
4.595,0.0,0.39123753,0.6,0.21697,0.41281328,0.44422564,21.690592,-1.7976805e-07,0.0
4.6000000000000005,0.0,0.0,0.6,0.18153493,0.41314217,0.44780535,18.089886,-2.6933256e-07,0.0
4.605,0.0,0.0,0.6,0.16487673,0.4148143,0.45096028,14.835399,-7.92033e-08,0.0
4.61,0.0,0.0,0.6,0.15407574,0.4170631,0.45340618,12.183393,-1.4048688e-09,0.0
4.615,0.0,0.0,0.6,0.13995387,0.41776076,0.4562747,10.0484,5.6388902e-09,0.0
4.62,0.21089588,0.0,0.2637401,0.11518546,0.41749093,0.45879427,8.349631,-3.8473434e-08,0.0
4.625,0.21089588,0.0,0.2637401,0.09743916,0.41711146,0.46052298,6.2554207,-6.061886e-08,0.0
4.63,0.21089588,0.0,0.2637401,0.09455297,0.41661456,0.46193478,3.6159947,-4.223108e-08,0.0
4.635,0.21089588,0.0,0.2637401,0.09167168,0.41510028,0.46332067,0.9085262,-9.8520296e-08,0.0
4.64,0.6,0.0,0.4682773,0.080335766,0.4127195,0.4642607,1.1684533e-08,-3.2643904e-08,0.0
4.6450000000000005,0.6,0.0,0.4682773,0.06075039,0.40896574,0.46350703,-1.864385e-09,-1.7967066e-08,0.0
4.65,0.6,0.0,0.4682773,0.059848823,0.39754885,0.46303156,-6.6171872e-09,-1.10970134e-07,0.0
4.655,0.6,0.0,0.4682773,0.056984045,0.37683183,0.46260712,1.2843593e-08,1.3122722e-08,0.0
4.66,0.46080855,0.27573895,0.09720029,0.057646748,0.3519424,0.4602599,7.4034556e-09,2.3610523e-08,0.0
4.665,0.46080855,0.27573895,0.09720029,0.073959045,0.32377267,0.45878008,7.587119e-09,1.0382112e-08,0.0
4.67,0.46080855,0.27573895,0.09720029,0.08948794,0.29571635,0.45868233,-4.674468e-09,-3.7041385e-08,0.0
4.675,0.46080855,0.27573895,0.09720029,0.106051594,0.2679349,0.45716956,0.12546621,-5.129465e-08,0.0
4.68,0.32854602,0.23678744,0.20629936,0.11604555,0.24174944,0.45639324,0.7595889,5.032669e-08,0.0
4.6850000000000005,0.32854602,0.23678744,0.20629936,0.13435915,0.21689494,0.45635492,1.8994076,3.980859e-08,0.0
4.69,0.32854602,0.23678744,0.20629936,0.15785679,0.19626322,0.45465687,3.3521893,6.048223e-08,0.0
4.695,0.32854602,0.23678744,0.20629936,0.1765031,0.18396078,0.44946957,4.9963527,-1.0868163e-07,0.0
4.7,0.6,0.32619834,0.4018183,0.19851924,0.17977858,0.44215286,6.7140956,-1.2893928e-08,0.0
4.705,0.6,0.32619834,0.4018183,0.21092704,0.17648363,0.43293393,8.439238,4.4623263e-08,0.0
4.71,0.6,0.32619834,0.4018183,0.22119352,0.17602049,0.41854486,10.108178,3.1229074e-08,0.0
4.715,0.6,0.32619834,0.4018183,0.23736589,0.17650673,0.40191147,11.67041,6.658153e-08,0.0
4.72,0.6,0.5358205,0.436079,0.2398216,0.17673007,0.3872722,13.151892,8.712816e-08,0.0
4.7250000000000005,0.6,0.5358205,0.436079,0.24124633,0.17807774,0.37389264,14.52584,1.039899e-07,0.0
4.73,0.6,0.5358205,0.436079,0.25513533,0.18045083,0.36386698,15.7424135,3.345734e-08,0.0
4.735,0.6,0.5358205,0.436079,0.2643415,0.18517981,0.35691577,16.853516,8.020769e-08,0.0
4.74,0.20786738,0.6,0.0,0.29078123,0.18918215,0.35328147,17.911737,7.6766725e-08,0.0
4.745,0.20786738,0.6,0.0,0.29444453,0.19813143,0.35153386,19.03309,1.8283215e-08,0.0
4.75,0.20786738,0.6,0.0,0.3149507,0.21310955,0.35019773,20.21261,7.230479e-08,0.0
4.755,0.20786738,0.6,0.0,0.3201476,0.22750878,0.35059324,21.467794,1.4961022e-07,0.0
4.76,0.47308898,0.6,0.37159812,0.32644966,0.240244,0.3511855,22.774946,1.289534e-07,0.0
4.765,0.47308898,0.6,0.37159812,0.3431433,0.25643516,0.35063383,24.08219,8.63209e-08,0.0
4.7700000000000005,0.47308898,0.6,0.37159812,0.34739587,0.27078313,0.3498896,25.411016,1.0370448e-07,0.0
4.775,0.47308898,0.6,0.37159812,0.34897217,0.28302622,0.346655,26.72196,6.043053e-08,0.0
4.78,0.5761136,0.6,0.51749665,0.34755257,0.2967686,0.33750993,27.891182,8.652591e-08,0.0
4.785,0.5761136,0.6,0.51749665,0.347504,0.3103508,0.32685548,29.359354,1.5885863e-07,0.0
4.79,0.5761136,0.6,0.51749665,0.34000382,0.32141814,0.31770694,31.115396,9.4894936e-08,0.0
4.795,0.5761136,0.6,0.51749665,0.3339915,0.3329122,0.31192812,32.815235,1.5563515e-07,0.0
4.8,0.15856767,0.6,0.5974206,0.34695292,0.34615812,0.3074788,34.227036,3.8171738e-08,0.0
4.805,0.15856767,0.6,0.5974206,0.34007218,0.35625482,0.30675358,34.764065,-2.2145917e-08,0.0
4.8100000000000005,0.15856767,0.6,0.5974206,0.35279128,0.3666413,0.3067567,34.891315,5.312922e-08,0.0
4.815,0.15856767,0.6,0.5974206,0.36235106,0.37824374,0.305889,34.445717,-5.2070842e-08,0.0
4.82,0.33825937,0.6,0.48829445,0.36964658,0.38622776,0.30763012,33.37588,-5.336761e-08,0.0
4.825,0.33825937,0.6,0.48829445,0.3659247,0.39359146,0.30894324,31.976099,1.7242657e-07,0.0
4.83,0.33825937,0.6,0.48829445,0.37307212,0.40031484,0.3102553,31.010195,-5.4651137e-09,0.0
4.835,0.33825937,0.6,0.48829445,0.37345338,0.4052941,0.31370512,30.090765,-1.6098713e-08,0.0
4.84,0.4281201,0.6,0.6,0.37164748,0.41043302,0.32132265,28.949257,-3.6025962e-09,0.0
4.845,0.4281201,0.6,0.6,0.36594364,0.41655388,0.3300757,28.307327,-1.9857545e-08,0.0
4.8500000000000005,0.4281201,0.6,0.6,0.37099314,0.42153627,0.33817062,28.271505,1.5373285e-08,0.0
4.855,0.4281201,0.6,0.6,0.35966697,0.42560816,0.3476983,28.01531,1.3045178e-08,0.0
4.86,0.33519027,0.6,0.6,0.36390126,0.42977268,0.35516512,27.844887,-1.834641e-08,0.0
4.865,0.33519027,0.6,0.6,0.37829724,0.43386215,0.36021364,27.426107,-1.7659156e-09,0.0
4.87,0.33519027,0.6,0.6,0.3755487,0.4371951,0.36754173,26.63193,-1.7766823e-08,0.0
4.875,0.33519027,0.6,0.6,0.37099668,0.44108096,0.3749808,26.260862,4.8761994e-09,0.0
4.88,0.0,0.6,0.6,0.36049178,0.4438537,0.38119027,26.449612,-2.4211664e-09,0.0
4.885,0.0,0.6,0.6,0.3532575,0.44564828,0.38816154,26.889858,2.3973008e-08,0.0
4.89,0.0,0.6,0.6,0.36456454,0.44818828,0.39459956,27.366255,-2.6260318e-08,0.0
4.8950000000000005,0.0,0.6,0.6,0.35824507,0.44949213,0.40049982,27.272114,-3.4175944e-09,0.0
4.9,0.0,0.6,0.6,0.35575238,0.44986817,0.406806,27.085224,1.0286009e-08,0.0
4.905,0.0,0.6,0.6,0.35825244,0.45033914,0.4132833,27.113564,1.2824631e-09,0.0
4.91,0.0,0.6,0.6,0.37003827,0.45148966,0.41827235,26.704994,-2.7539569e-08,0.0
4.915,0.0,0.6,0.6,0.36062247,0.4507152,0.4242615,25.80533,-2.0089987e-08,0.0
4.92,0.0,0.54618067,0.6,0.35891297,0.4507901,0.43038547,24.50773,2.8172305e-08,0.0
4.925,0.0,0.54618067,0.6,0.3341206,0.45152196,0.43497792,23.673807,-3.118718e-08,0.0
4.93,0.0,0.54618067,0.6,0.3139327,0.45235738,0.43875873,23.415312,-1.482234e-08,0.0
4.9350000000000005,0.0,0.54618067,0.6,0.28769982,0.45296183,0.44328177,23.33874,2.8911316e-08,0.0
4.94,0.03861308,0.029259343,0.6,0.25525612,0.4543557,0.44672778,23.140665,-2.8127149e-08,0.0
4.945,0.03861308,0.029259343,0.6,0.22795746,0.4558694,0.4493629,22.56014,-9.926049e-09,0.0
4.95,0.03861308,0.029259343,0.6,0.2136538,0.45777404,0.4519354,21.46651,-1.2068534e-07,0.0
4.955,0.03861308,0.029259343,0.6,0.18925932,0.45959866,0.45417622,19.922249,2.9400104e-08,0.0
4.96,0.2555117,0.0,0.54940677,0.15847835,0.46138573,0.45599037,17.973873,-1.4390295e-07,0.0
4.965,0.2555117,0.0,0.54940677,0.13737604,0.46194637,0.45794633,15.594696,3.886339e-08,0.0
4.97,0.2555117,0.0,0.54940677,0.12933226,0.46047089,0.4598192,12.875528,2.8224505e-07,0.0
4.9750000000000005,0.2555117,0.0,0.54940677,0.11467532,0.4601577,0.4607599,9.356953,3.85843e-08,0.0
4.98,0.6,0.16845779,0.6,0.10836971,0.45906645,0.46259394,5.2190647,3.6094185e-08,0.0
4.985,0.6,0.16845779,0.6,0.09827641,0.45689094,0.4643949,1.1283348,1.2473683e-07,0.0
4.99,0.6,0.16845779,0.6,0.09300637,0.4512371,0.4656748,1.8032141e-09,1.669508e-08,0.0
4.995,0.6,0.16845779,0.6,0.10019003,0.43517107,0.46690315,4.2024455e-09,1.3712465e-08,0.0
5.0,0.2738368,0.18425779,0.3743534,0.107743755,0.41025147,0.46843183,1.0333681e-08,-8.431586e-09,0.0
5.005,0.2738368,0.18425779,0.3743534,0.1000513,0.38221982,0.4692482,3.896188e-09,4.1297017e-08,0.0
5.01,0.2738368,0.18425779,0.3743534,0.1170336,0.35142037,0.47011486,3.875116e-05,4.1098435e-08,0.0
5.015,0.2738368,0.18425779,0.3743534,0.12697701,0.32038528,0.47093296,0.07418881,-4.217984e-08,0.0
5.0200000000000005,0.15373892,0.25116417,0.6,0.13806969,0.2906873,0.47169977,0.4334823,2.4057476e-08,0.0
5.025,0.15373892,0.25116417,0.6,0.1612775,0.2646676,0.4710098,1.2090226,1.717727e-08,0.0
5.03,0.15373892,0.25116417,0.6,0.1678299,0.24326852,0.47045854,2.6314998,5.7684584e-08,0.0
5.035,0.15373892,0.25116417,0.6,0.1812089,0.22825038,0.47006524,4.5109477,-5.5129004e-08,0.0
5.04,0.5412502,0.5252299,0.6,0.18067881,0.21945386,0.46916008,6.5147266,1.0313547e-07,0.0
5.045,0.5412502,0.5252299,0.6,0.179235,0.21523663,0.46840295,8.682381,2.031463e-07,0.0
5.05,0.5412502,0.5252299,0.6,0.18824539,0.21310604,0.4685698,10.853957,1.4295647e-07,0.0
5.055,0.5412502,0.5252299,0.6,0.18937115,0.21231459,0.46807173,12.548088,2.6918357e-07,0.0
5.0600000000000005,0.087032266,0.6,0.6,0.19094455,0.21230224,0.46812725,13.652233,-8.9746045e-08,0.0
5.065,0.087032266,0.6,0.6,0.20177707,0.21430263,0.46795407,14.297276,1.3864934e-08,0.0
5.07,0.087032266,0.6,0.6,0.21224594,0.21542199,0.46775973,14.6636095,2.5129594e-08,0.0
5.075,0.087032266,0.6,0.6,0.2210404,0.21644032,0.46806806,14.917716,3.30804e-08,0.0
5.08,0.0,0.6,0.6,0.23538058,0.22287941,0.46796787,15.170387,2.8048909e-08,0.0
5.085,0.0,0.6,0.6,0.24464808,0.23635286,0.46768615,15.515049,2.3694895e-08,0.0
5.09,0.0,0.6,0.6,0.2570183,0.24920583,0.46760678,15.991301,7.3080116e-08,0.0
5.095,0.0,0.6,0.6,0.26190165,0.26247367,0.46749395,16.619104,-3.5709363e-08,0.0
5.1000000000000005,0.0,0.6,0.6,0.26989308,0.2768513,0.46735504,17.36616,4.8818055e-08,0.0
5.105,0.0,0.6,0.6,0.26716295,0.29121768,0.46706408,18.197634,-2.4238414e-08,0.0
5.11,0.0,0.6,0.6,0.26860282,0.3032965,0.4671446,19.472916,6.6518076e-08,0.0
5.115,0.0,0.6,0.6,0.2660868,0.3170641,0.46759123,20.672497,8.340379e-08,0.0
5.12,0.0,0.5385233,0.6,0.26659495,0.33028716,0.46741405,21.848278,-6.3353145e-09,0.0
5.125,0.0,0.5385233,0.6,0.26596355,0.34183738,0.46728292,22.598919,5.661109e-08,0.0
5.13,0.0,0.5385233,0.6,0.25754642,0.3536901,0.46750528,23.14197,9.212349e-08,0.0
5.135,0.0,0.5385233,0.6,0.23848572,0.36605796,0.46730572,23.600115,2.1964038e-08,0.0
5.14,0.0,0.07540375,0.6,0.2185121,0.37592167,0.46712023,23.725613,-2.2020537e-08,0.0
5.1450000000000005,0.0,0.07540375,0.6,0.18241166,0.38595062,0.466942,23.350533,-3.7289222e-08,0.0
5.15,0.0,0.07540375,0.6,0.15896799,0.395096,0.46654052,22.30076,-4.3682967e-08,0.0
5.155,0.0,0.07540375,0.6,0.13802837,0.40120032,0.46681887,20.548216,1.0143001e-07,0.0
5.16,0.2566018,0.0,0.3253775,0.123480275,0.40775543,0.46664292,18.200407,-1.1540088e-08,0.0
5.165,0.2566018,0.0,0.3253775,0.11713701,0.4138622,0.46618447,15.429717,7.0908236e-08,0.0
5.17,0.2566018,0.0,0.3253775,0.10967994,0.416914,0.46623442,12.494903,-9.901272e-08,0.0
5.175,0.2566018,0.0,0.3253775,0.09577043,0.41664755,0.46594638,9.664266,-4.144719e-08,0.0
5.18,0.6,0.2944914,0.29410592,0.08644264,0.415255,0.46558493,6.42625,4.4822592e-08,0.0
5.1850000000000005,0.6,0.2944914,0.29410592,0.0755693,0.41349426,0.46468455,2.8599987,-1.9329084e-08,0.0
5.19,0.6,0.2944914,0.29410592,0.07406507,0.40954542,0.46456006,-1.2686345e-07,-2.4016666e-07,0.0
5.195,0.6,0.2944914,0.29410592,0.058596935,0.4053226,0.46446633,6.2119905e-09,-3.346694e-09,0.0
5.2,0.42339236,0.23398767,0.22606196,0.06275686,0.3983394,0.4631941,5.834094e-09,-3.2544727e-11,0.0
5.205,0.42339236,0.23398767,0.22606196,0.05628768,0.38720074,0.4621603,4.825424e-09,-8.699625e-09,0.0
5.21,0.42339236,0.23398767,0.22606196,0.068002656,0.37205943,0.4625834,2.2238968e-09,1.24437785e-08,0.0
5.215,0.42339236,0.23398767,0.22606196,0.103041805,0.35957226,0.4610851,3.503869e-09,-1.9988937e-08,0.0
5.22,0.286513,0.034332313,0.3779752,0.11775241,0.34878558,0.4591943,-1.5267353e-09,3.729925e-08,0.0
5.2250000000000005,0.286513,0.034332313,0.3779752,0.13729858,0.33846474,0.45821798,0.08836489,1.8382426e-08,0.0
5.23,0.286513,0.034332313,0.3779752,0.15545142,0.32991564,0.45598373,0.44399682,5.4445774e-08,0.0
5.235,0.286513,0.034332313,0.3779752,0.1674469,0.32306567,0.44440052,1.1655697,-6.934453e-08,0.0
5.24,0.6,0.38154796,0.26822072,0.18694508,0.31497556,0.42961287,2.1928916,-2.9728223e-08,0.0
5.245,0.6,0.38154796,0.26822072,0.20972045,0.30791134,0.4163255,3.4502454,8.76293e-08,0.0
5.25,0.6,0.38154796,0.26822072,0.22417675,0.30217266,0.40477306,4.8860893,8.152162e-08,0.0
5.255,0.6,0.38154796,0.26822072,0.23299976,0.29367843,0.39567304,6.395568,3.9038657e-08,0.0
5.26,0.6,0.496394,0.30451298,0.23753853,0.2814529,0.3888657,7.8578753,1.4260085e-07,0.0
5.265,0.6,0.496394,0.30451298,0.25155216,0.27106467,0.38093042,9.190646,2.0225793e-08,0.0
5.2700000000000005,0.6,0.496394,0.30451298,0.25424033,0.26660353,0.37286147,10.422766,6.2060536e-08,0.0
5.275,0.6,0.496394,0.30451298,0.2661814,0.26488757,0.36638728,11.5412035,1.3239168e-07,0.0
5.28,0.4106556,0.6,0.23973013,0.28347284,0.26319999,0.35917118,12.55941,4.9993265e-08,0.0
5.285,0.4106556,0.6,0.23973013,0.28885475,0.26350987,0.35132137,13.555993,1.3019319e-07,0.0
5.29,0.4106556,0.6,0.23973013,0.30584663,0.26430923,0.34500158,14.842419,1.242117e-07,0.0
5.295,0.4106556,0.6,0.23973013,0.31302783,0.2647429,0.33889022,16.479946,1.0724784e-07,0.0
5.3,0.46031073,0.6,0.5432522,0.3245725,0.26668108,0.3330124,18.308048,1.12182775e-07,0.0
5.305,0.46031073,0.6,0.5432522,0.34502372,0.27295142,0.3287009,20.209316,1.620573e-07,0.0
5.3100000000000005,0.46031073,0.6,0.5432522,0.34894067,0.2838836,0.32379985,22.163803,2.3036237e-07,0.0
5.315,0.46031073,0.6,0.5432522,0.34857994,0.29326698,0.31851608,24.065325,1.04260785e-07,0.0
5.32,0.26517,0.49674428,0.6,0.36498785,0.3050214,0.31320545,26.30936,5.075812e-08,0.0
5.325,0.26517,0.49674428,0.6,0.37872878,0.31800258,0.30975327,28.337671,1.0382328e-07,0.0
5.33,0.26517,0.49674428,0.6,0.37898698,0.32955173,0.30939305,29.811743,-1.3201896e-08,0.0
5.335,0.26517,0.49674428,0.6,0.3775927,0.3408281,0.30981913,30.776373,8.665807e-08,0.0
5.34,0.16121371,0.6,0.5724881,0.37916723,0.3538411,0.30922374,31.873947,1.1933274e-07,0.0
5.345,0.16121371,0.6,0.5724881,0.3808086,0.3647728,0.3102306,32.60579,3.8358216e-08,0.0
5.3500000000000005,0.16121371,0.6,0.5724881,0.38806385,0.374613,0.31222,32.67201,5.3701363e-09,0.0
5.355,0.16121371,0.6,0.5724881,0.37722227,0.3836081,0.3137355,32.27044,4.2449674e-10,0.0
5.36,0.40393385,0.6,0.6,0.37103418,0.39041165,0.31757286,32.111362,8.167104e-09,0.0
5.365,0.40393385,0.6,0.6,0.36808723,0.3966642,0.32662368,32.325497,3.621758e-08,0.0
5.37,0.40393385,0.6,0.6,0.35993043,0.40454438,0.33679792,32.690624,4.858405e-08,0.0
5.375,0.40393385,0.6,0.6,0.354252,0.41080016,0.3468152,33.022694,2.0137426e-08,0.0
5.38,0.0,0.6,0.44484374,0.35477832,0.41542718,0.35802633,33.20499,3.853757e-09,0.0
5.385,0.0,0.6,0.44484374,0.35338855,0.41999596,0.36932626,32.651703,-8.054889e-09,0.0
5.39,0.0,0.6,0.44484374,0.3509209,0.42364073,0.378685,31.902203,-2.279701e-08,0.0
5.3950000000000005,0.0,0.6,0.44484374,0.3496178,0.4265326,0.38885888,31.329123,-9.126773e-09,0.0
5.4,0.0,0.6,0.5295721,0.35339347,0.43024936,0.39769626,30.877436,-1.3758505e-08,0.0
5.405,0.0,0.6,0.5295721,0.3509671,0.43366957,0.4041837,29.961971,2.6914122e-09,0.0
5.41,0.0,0.6,0.5295721,0.35003504,0.43605262,0.40962255,29.064707,2.1300814e-08,0.0
5.415,0.0,0.6,0.5295721,0.35402936,0.4392836,0.41266227,28.508118,9.685536e-09,0.0
5.42,0.0,0.5549628,0.6,0.3532528,0.44242427,0.41425544,27.64541,9.142705e-09,0.0
5.425,0.0,0.5549628,0.6,0.33667845,0.44450837,0.41646022,26.916445,2.7179238e-08,0.0
5.43,0.0,0.5549628,0.6,0.32900405,0.44677886,0.41854373,26.50169,1.804253e-08,0.0
5.4350000000000005,0.0,0.5549628,0.6,0.2929135,0.44888258,0.42002293,26.208242,-1.0839718e-08,0.0
5.44,0.0,0.26470736,0.6,0.2653984,0.4504432,0.4221469,25.739304,-1.2588007e-08,0.0
5.445,0.0,0.26470736,0.6,0.24424624,0.45162156,0.4249493,24.870543,-8.9649475e-08,0.0
5.45,0.0,0.26470736,0.6,0.2230791,0.45285815,0.42717454,23.56077,-7.4929254e-08,0.0
5.455,0.0,0.26470736,0.6,0.18781568,0.4532396,0.4298625,21.844843,-9.145502e-08,0.0
5.46,0.0,0.0,0.6,0.17467391,0.45306316,0.43336287,19.680532,-4.6300542e-08,0.0
5.465,0.0,0.0,0.6,0.1572049,0.45206997,0.4368077,16.45519,1.3439745e-07,0.0
5.47,0.0,0.0,0.6,0.13660987,0.45125583,0.43988422,12.271285,2.609979e-08,0.0
5.4750000000000005,0.0,0.0,0.6,0.12277995,0.4494529,0.4435549,7.6742697,-4.6458476e-07,0.0
5.48,0.2956621,0.0,0.3608476,0.100769855,0.44686943,0.44708258,3.1876438,6.7033696e-08,0.0
5.485,0.2956621,0.0,0.3608476,0.08908896,0.44516137,0.45004672,5.2304014e-08,2.2204127e-08,0.0
5.49,0.2956621,0.0,0.3608476,0.07727001,0.44322222,0.4531589,-1.7695633e-09,-6.879395e-10,0.0
5.495,0.2956621,0.0,0.3608476,0.06797277,0.44011232,0.45645198,1.8172129e-10,-4.1721444e-09,0.0
5.5,0.6,0.13531215,0.47680137,0.06505044,0.43690515,0.45773798,9.739521e-09,-7.118646e-10,0.0
5.505,0.6,0.13531215,0.47680137,0.065975904,0.42519474,0.45789608,4.675888e-10,-3.7749135e-08,0.0
5.51,0.6,0.13531215,0.47680137,0.055901773,0.4041353,0.45845297,-1.4544976e-09,9.063019e-09,0.0
5.515,0.6,0.13531215,0.47680137,0.06723774,0.37633115,0.45856845,4.2392196e-09,-3.066146e-08,0.0
5.5200000000000005,0.4222379,0.39533022,0.06869733,0.06318526,0.34742522,0.45738217,1.3926961e-09,-1.5524096e-08,0.0
5.525,0.4222379,0.39533022,0.06869733,0.07714631,0.31717452,0.45716164,1.2142864e-08,-7.984521e-08,0.0
5.53,0.4222379,0.39533022,0.06869733,0.104814716,0.28771505,0.45770028,-3.3164174e-09,-1.2757506e-09,0.0
5.535,0.4222379,0.39533022,0.06869733,0.114731334,0.26228517,0.45735776,0.25137573,4.00805e-08,0.0
5.54,0.24864103,0.25242645,0.18489815,0.13570479,0.24195111,0.45721522,1.0722384,-1.00775786e-07,0.0
5.545,0.24864103,0.25242645,0.18489815,0.15462133,0.22826734,0.45668808,2.4431055,1.9222178e-08,0.0
5.55,0.24864103,0.25242645,0.18489815,0.16839278,0.2206885,0.45492998,4.156624,1.3874138e-07,0.0
5.555,0.24864103,0.25242645,0.18489815,0.17803709,0.21733154,0.45296603,5.9833636,1.7109674e-07,0.0
5.5600000000000005,0.59177077,0.25413087,0.19382341,0.19646865,0.21703139,0.4522196,7.7284646,4.6707083e-09,0.0
5.565,0.59177077,0.25413087,0.19382341,0.21516065,0.21622755,0.45038393,9.337933,-5.9480588e-08,0.0
5.57,0.59177077,0.25413087,0.19382341,0.22028331,0.21665798,0.442736,10.852282,6.134036e-08,0.0
5.575,0.59177077,0.25413087,0.19382341,0.22110903,0.21734992,0.43156302,12.250872,5.925847e-08,0.0
5.58,0.5248512,0.43414927,0.18447271,0.22492252,0.21801259,0.42021027,13.475902,5.4161706e-08,0.0
5.585,0.5248512,0.43414927,0.18447271,0.23701073,0.21917097,0.40430433,14.516353,1.144284e-08,0.0
5.59,0.5248512,0.43414927,0.18447271,0.2405663,0.22039843,0.38812375,15.443684,1.3416239e-09,0.0
5.595,0.5248512,0.43414927,0.18447271,0.24853261,0.22103947,0.37381175,16.288927,-9.939711e-09,0.0
5.6000000000000005,0.4285806,0.55276144,0.038668264,0.26735035,0.22277336,0.35852683,17.079325,-1.2773694e-08,0.0
5.605,0.4285806,0.55276144,0.038668264,0.28804982,0.22809541,0.34396505,17.910334,8.2758206e-08,0.0
5.61,0.4285806,0.55276144,0.038668264,0.2904957,0.23796399,0.3321286,18.878242,5.935788e-08,0.0
5.615,0.4285806,0.55276144,0.038668264,0.29393893,0.2460922,0.32013926,19.940918,7.793471e-08,0.0
5.62,0.5710259,0.6,0.4051846,0.3146719,0.25561488,0.30880654,21.020042,7.226958e-08,0.0
5.625,0.5710259,0.6,0.4051846,0.31964412,0.26803732,0.29972234,22.156515,3.6842057e-08,0.0
5.63,0.5710259,0.6,0.4051846,0.33449975,0.27969524,0.29015845,23.3397,1.7180989e-08,0.0
5.635,0.5710259,0.6,0.4051846,0.33879223,0.29009306,0.27861652,24.535278,8.274586e-08,0.0
5.64,0.5710336,0.6,0.4336509,0.34802094,0.30376223,0.26801342,25.652805,7.154925e-08,0.0
5.6450000000000005,0.5710336,0.6,0.4336509,0.3587562,0.31628233,0.2618486,26.609419,2.2560839e-08,0.0
5.65,0.5710336,0.6,0.4336509,0.36179683,0.3275057,0.26017144,27.38086,4.9336073e-08,0.0
5.655,0.5710336,0.6,0.4336509,0.35245788,0.3387472,0.25964904,27.940851,2.0221204e-08,0.0
5.66,0.28309104,0.6,0.6,0.36895892,0.35151124,0.25878775,28.78594,7.902323e-08,0.0
5.665,0.28309104,0.6,0.6,0.36443117,0.36000663,0.26074848,29.457418,4.527404e-08,0.0
5.67,0.28309104,0.6,0.6,0.3716686,0.3693626,0.26171532,30.22495,5.856579e-08,0.0
5.675,0.28309104,0.6,0.6,0.38699913,0.37830964,0.26236558,30.6189,0.3748916,0.0
5.68,0.33470958,0.6,0.5404825,0.39763394,0.38517106,0.26522923,30.47982,1.1005079,0.0
5.6850000000000005,0.33470958,0.6,0.5404825,0.4048464,0.39112255,0.26994866,30.098036,1.803691,0.0
5.69,0.33470958,0.6,0.5404825,0.4097693,0.3983171,0.27397987,29.67621,2.0354843,0.0
5.695,0.33470958,0.6,0.5404825,0.41853127,0.40352634,0.28150135,29.313278,1.4326484,0.0
5.7,0.3392969,0.6,0.5240149,0.4126456,0.40896627,0.29495475,29.020267,-8.937846e-09,0.0
5.705,0.3392969,0.6,0.5240149,0.41197807,0.41557539,0.30678356,29.070492,2.2910752e-08,0.0
5.71,0.3392969,0.6,0.5240149,0.4002405,0.42074457,0.31664792,29.846855,3.6798312e-08,0.0
5.715,0.3392969,0.6,0.5240149,0.3990972,0.4251017,0.32801172,30.929806,3.5103398e-08,0.0
5.72,0.0,0.6,0.4812976,0.3969683,0.429188,0.33732933,32.0566,3.7090714e-08,0.0
5.7250000000000005,0.0,0.6,0.4812976,0.40035138,0.4325483,0.34473294,33.080593,7.248984e-08,0.0
5.73,0.0,0.6,0.4812976,0.39559048,0.43533188,0.35275182,33.302814,-2.1286429e-08,0.0
5.735,0.0,0.6,0.4812976,0.39773265,0.43803003,0.36005354,33.25781,-1.6576763e-08,0.0
5.74,0.0,0.6,0.5719776,0.40181676,0.4407474,0.3657276,32.711063,-9.662362e-09,0.0
5.745,0.0,0.6,0.5719776,0.40000275,0.44211915,0.37293586,31.55728,-3.9176333e-09,0.0
5.75,0.0,0.6,0.5719776,0.3947498,0.44357473,0.3793457,30.728817,6.2779812e-09,0.0
5.755,0.0,0.6,0.5719776,0.38895682,0.44393522,0.3852712,30.464272,-4.7097846e-08,0.0
5.76,0.0,0.6,0.6,0.37638977,0.443677,0.39117926,30.535154,3.8931223e-08,0.0
5.765,0.0,0.6,0.6,0.35485846,0.44294357,0.39712822,30.020134,-1.56489e-08,0.0
5.7700000000000005,0.0,0.6,0.6,0.3326202,0.44255528,0.4014448,28.633144,-3.5648544e-08,0.0
5.775,0.0,0.6,0.6,0.31207305,0.4428436,0.4062043,26.576738,-6.4111823e-09,0.0
5.78,0.0,0.32917923,0.6,0.2824846,0.44331527,0.41184828,24.738047,-1.2947719e-07,0.0
5.785,0.0,0.32917923,0.6,0.26660815,0.44470835,0.41641954,23.278915,3.487937e-08,0.0
5.79,0.0,0.32917923,0.6,0.24129772,0.4464421,0.42043543,21.975346,-4.0125094e-08,0.0
5.795,0.0,0.32917923,0.6,0.21701294,0.44867593,0.42483672,20.649282,-6.555275e-10,0.0
5.8,0.0,0.0,0.6,0.18761156,0.4506802,0.4283171,19.152452,1.13122745e-07,0.0
5.805,0.0,0.0,0.6,0.16896644,0.45252213,0.4313047,17.355484,1.245408e-07,0.0
5.8100000000000005,0.0,0.0,0.6,0.15814523,0.45311886,0.434883,15.255003,-5.8681504e-08,0.0
5.815,0.0,0.0,0.6,0.13532747,0.45224816,0.43832436,12.994836,-2.4480919e-08,0.0
5.82,0.4267894,0.18963677,0.5666742,0.11193939,0.45238283,0.4411287,9.945447,9.882225e-08,0.0
5.825,0.4267894,0.18963677,0.5666742,0.103805594,0.45101526,0.4442718,6.8316703,4.029717e-08,0.0
5.83,0.4267894,0.18963677,0.5666742,0.09109361,0.44932556,0.4473069,3.585122,7.511679e-08,0.0
5.835,0.4267894,0.18963677,0.5666742,0.08497959,0.4485706,0.44986296,0.23681654,5.552231e-08,0.0
5.84,0.57309294,0.046752676,0.5493117,0.06580499,0.44755694,0.45304182,1.2964066e-08,-1.4052598e-08,0.0
5.845,0.57309294,0.046752676,0.5493117,0.06714575,0.4435676,0.45621046,4.6901687e-09,3.1208662e-09,0.0
5.8500000000000005,0.57309294,0.046752676,0.5493117,0.08316334,0.43721244,0.4583851,2.4918099e-09,-2.5135252e-08,0.0
5.855,0.57309294,0.046752676,0.5493117,0.089669414,0.42945054,0.46031812,3.967514e-09,2.5892534e-08,0.0
5.86,0.37498075,0.5053357,0.34606805,0.09601031,0.41630507,0.46220317,-5.225272e-09,2.5478483e-08,0.0
5.865,0.37498075,0.5053357,0.34606805,0.1028905,0.39836746,0.4637704,1.4028727e-09,2.4173268e-08,0.0
5.87,0.37498075,0.5053357,0.34606805,0.122755356,0.38211828,0.46516946,-9.183912e-09,-3.791811e-08,0.0
5.875,0.37498075,0.5053357,0.34606805,0.12676911,0.36527127,0.46606472,6.1497305e-09,-2.2182064e-08,0.0
5.88,0.0,0.6,0.6,0.1444434,0.34749448,0.46671852,0.06662025,5.7502987e-08,0.0
5.885,0.0,0.6,0.6,0.16849978,0.33210906,0.46585816,0.40577295,3.789692e-09,0.0
5.89,0.0,0.6,0.6,0.17260666,0.32371145,0.46519724,1.1973294,5.5651682e-08,0.0
5.8950000000000005,0.0,0.6,0.6,0.18404762,0.32084402,0.46459523,2.331697,4.9646196e-08,0.0
5.9,0.0,0.33497977,0.6,0.20840943,0.31825778,0.46333617,3.6091042,1.2873367e-07,0.0
5.905,0.0,0.33497977,0.6,0.22023973,0.31781325,0.4629241,4.9564724,3.8373006e-08,0.0
5.91,0.0,0.33497977,0.6,0.22262554,0.31890947,0.46296567,6.277546,7.335932e-08,0.0
5.915,0.0,0.33497977,0.6,0.23079164,0.31958646,0.4620856,7.8604527,1.3988168e-07,0.0
5.92,0.0,0.0,0.6,0.22699429,0.32111454,0.46181595,9.692334,8.304232e-09,0.0
5.925,0.0,0.0,0.6,0.22426076,0.32409528,0.46213323,11.881411,1.5926757e-07,0.0
5.93,0.0,0.0,0.6,0.21802129,0.3281947,0.46167967,14.25334,1.4443827e-07,0.0
5.9350000000000005,0.0,0.0,0.6,0.21706182,0.33145556,0.46202585,16.435717,-1.0914124e-08,0.0
5.94,0.0951337,0.0,0.118224695,0.21481043,0.33444846,0.46204662,18.23496,1.5003585e-07,0.0
5.945,0.0951337,0.0,0.118224695,0.20656624,0.33727196,0.46133986,19.57874,1.3932251e-07,0.0
5.95,0.0951337,0.0,0.118224695,0.18285811,0.33923677,0.46146113,20.409967,1.1434222e-07,0.0
5.955,0.0951337,0.0,0.118224695,0.17470115,0.34002596,0.46107608,20.612282,-3.5120447e-08,0.0
5.96,0.6,0.16701253,0.22351687,0.14721414,0.33998382,0.46034408,20.225782,-2.7605767e-08,0.0
5.965,0.6,0.16701253,0.22351687,0.13633735,0.3395932,0.45898366,18.700441,2.3753515e-08,0.0
5.97,0.6,0.16701253,0.22351687,0.13492171,0.33285627,0.45757687,16.090536,1.3438851e-08,0.0
5.9750000000000005,0.6,0.16701253,0.22351687,0.10535156,0.3168861,0.4575508,12.980877,-9.1804466e-08,0.0
5.98,0.5072275,0.34861073,0.0,0.103486635,0.29497558,0.45567176,9.74194,-1.9272886e-07,0.0
5.985,0.5072275,0.34861073,0.0,0.091711015,0.27204219,0.4513636,6.7756333,1.4043398e-07,0.0
5.99,0.5072275,0.34861073,0.0,0.0874536,0.24782054,0.4458217,4.370294,-5.095809e-08,0.0
5.995,0.5072275,0.34861073,0.0,0.08151672,0.22536142,0.43831557,2.8718488,-4.9901033e-08,0.0
6.0,0.21704264,0.1177024,0.294472,0.09220586,0.21123081,0.42278624,2.2532675,-6.199713e-08,0.0
6.005,0.21704264,0.1177024,0.294472,0.110859565,0.20521738,0.4077745,2.1844914,-5.3829563e-08,0.0
6.01,0.21704264,0.1177024,0.294472,0.12811153,0.20143738,0.39378855,2.558317,-1.8317959e-08,0.0
6.015000000000001,0.21704264,0.1177024,0.294472,0.14293629,0.20032263,0.378277,3.3417306,2.042337e-08,0.0
6.0200000000000005,0.6,0.07885881,0.46475542,0.16592845,0.20107268,0.35897282,4.4300427,5.998001e-08,0.0
6.025,0.6,0.07885881,0.46475542,0.17675912,0.2011986,0.34060478,5.7484446,-1.5343696e-08,0.0
6.03,0.6,0.07885881,0.46475542,0.190284,0.20204912,0.32268217,7.171445,2.4040087e-08,0.0
6.035,0.6,0.07885881,0.46475542,0.199584,0.20238715,0.30884522,8.597841,2.2592964e-08,0.0
6.04,0.6,0.2507989,0.50184655,0.19690363,0.20306307,0.29965693,9.962814,8.897321e-08,0.0
6.045,0.6,0.2507989,0.50184655,0.2114856,0.20386101,0.29554978,11.5024605,1.283478e-07,0.0
6.05,0.6,0.2507989,0.50184655,0.21390203,0.20342617,0.2944038,12.931386,9.587659e-08,0.0
6.055,0.6,0.2507989,0.50184655,0.21622282,0.20371504,0.29324302,14.056733,6.771761e-08,0.0
6.0600000000000005,0.2952854,0.33061862,0.26774347,0.23813047,0.20372103,0.2940658,14.9197855,3.5811073e-08,0.0
6.065,0.2952854,0.33061862,0.26774347,0.25672936,0.20444803,0.29541868,15.689767,4.614946e-08,0.0
6.07,0.2952854,0.33061862,0.26774347,0.26691005,0.20493576,0.29566142,16.520395,4.9007536e-08,0.0
6.075,0.2952854,0.33061862,0.26774347,0.28175402,0.20513037,0.29708815,17.444918,6.507754e-08,0.0
6.08,0.4156577,0.5067077,0.08314839,0.29620275,0.20610291,0.30194265,18.476799,8.7299114e-08,0.0
6.085,0.4156577,0.5067077,0.08314839,0.3018242,0.20641786,0.30899692,19.62636,9.531332e-08,0.0
6.09,0.4156577,0.5067077,0.08314839,0.31297627,0.20669411,0.3127713,20.843956,8.9340325e-08,0.0
6.095,0.4156577,0.5067077,0.08314839,0.3163481,0.20759197,0.31419906,22.09832,3.8714138e-08,0.0
6.1000000000000005,0.4877667,0.6,0.0,0.32695475,0.20941687,0.31559846,23.3441,1.262657e-07,0.0
6.105,0.4877667,0.6,0.0,0.32933265,0.21114486,0.31564364,24.571554,5.35068e-08,0.0
6.11,0.4877667,0.6,0.0,0.31503168,0.21247384,0.31495607,25.757809,6.170437e-08,0.0
6.115,0.4877667,0.6,0.0,0.3343633,0.22104372,0.3147956,27.303904,1.08129235e-07,0.0
6.12,0.3713457,0.6,0.0,0.33911297,0.23636837,0.3146677,28.81765,8.615857e-08,0.0
6.125,0.3713457,0.6,0.0,0.33462575,0.24973397,0.3133282,30.057041,4.436413e-08,0.0
6.13,0.3713457,0.6,0.0,0.33393064,0.26289645,0.31241512,31.608894,6.8354986e-08,0.0
6.135,0.3713457,0.6,0.0,0.3476122,0.2786933,0.3118785,33.495358,1.5249411e-07,0.0
6.140000000000001,0.34132814,0.6,0.0,0.34840605,0.292733,0.30761713,34.89038,4.4156923e-08,0.0
6.1450000000000005,0.34132814,0.6,0.0,0.34805405,0.30464745,0.29706445,35.51209,-5.124668e-09,0.0
6.15,0.34132814,0.6,0.0,0.3513514,0.31785402,0.28101885,36.051964,1.088827e-08,0.0
6.155,0.34132814,0.6,0.0,0.36230376,0.329987,0.2620945,36.14228,-4.2437993e-08,0.0
6.16,0.32533255,0.6,0.0,0.35743886,0.33999354,0.2423489,35.60966,4.695359e-09,0.0
6.165,0.32533255,0.6,0.0,0.36208493,0.35127506,0.22190158,35.219925,3.1293315e-08,0.0
6.17,0.32533255,0.6,0.0,0.36122635,0.36183876,0.2017059,34.609283,3.9004715e-09,0.0
6.175,0.32533255,0.6,0.0,0.36058772,0.37076953,0.18256529,34.127224,-2.1953795e-08,0.0
6.18,0.26808086,0.42001966,0.0,0.365739,0.3799006,0.16434173,33.99972,-2.5903988e-09,0.0
6.1850000000000005,0.26808086,0.42001966,0.0,0.36092553,0.3888657,0.14797425,33.413376,0.48028147,0.0
6.19,0.26808086,0.42001966,0.0,0.36475468,0.39602587,0.13205826,32.934338,0.6000266,0.0
6.195,0.26808086,0.42001966,0.0,0.3663584,0.4034911,0.11784127,32.14051,0.8437081,0.0
6.2,0.4439607,0.33308023,0.0,0.3660222,0.41016263,0.10621775,30.848455,1.4068652,0.0
6.205,0.4439607,0.33308023,0.0,0.3676323,0.41575626,0.097619794,30.060627,1.1624317,0.0
6.21,0.4439607,0.33308023,0.0,0.36260462,0.41956967,0.08886008,29.222082,0.7539567,0.0
6.215,0.4439607,0.33308023,0.0,0.35860193,0.42304027,0.07421697,28.684925,-3.7539113e-08,0.0
6.22,0.19549088,0.0,0.0,0.37409917,0.4251861,0.061648265,28.454473,-2.899379e-10,0.0
6.2250000000000005,0.19549088,0.0,0.0,0.3595997,0.4242869,0.06304737,27.974566,0.2885069,0.0
6.23,0.19549088,0.0,0.0,0.35070753,0.4235295,0.05161079,26.92888,0.96278787,0.0
6.235,0.19549088,0.0,0.0,0.35001096,0.423292,0.034702733,25.491947,1.8162522,0.0
6.24,0.36595,0.14536333,0.092549264,0.35833868,0.42147884,0.03673604,23.929783,2.546597,0.0
6.245,0.36595,0.14536333,0.092549264,0.37090522,0.4201961,0.028227301,21.81425,3.6325727,0.0
6.25,0.36595,0.14536333,0.092549264,0.37750322,0.41940254,0.03478168,19.37736,4.7999163,0.0
6.255,0.36595,0.14536333,0.092549264,0.3676552,0.4180327,0.026953071,17.108196,5.502525,0.0
6.26,0.18720339,0.27504262,0.0,0.36669776,0.4137966,0.009455653,15.892113,4.77107,0.0
6.265000000000001,0.18720339,0.27504262,0.0,0.36151448,0.40204123,0.010239158,15.780807,2.5900369,0.0
6.2700000000000005,0.18720339,0.27504262,0.0,0.35687923,0.3866703,0.0074326447,16.2663,-1.6065512e-07,0.0
6.275,0.18720339,0.27504262,0.0,0.3543451,0.36688527,0.005573915,16.72524,6.145294e-08,0.0
6.28,0.6,0.074296445,0.23484491,0.353978,0.34786427,0.020176817,17.635818,4.7003745e-08,0.0
6.285,0.6,0.074296445,0.23484491,0.35690853,0.33225897,0.019804403,18.901434,1.327027e-07,0.0
6.29,0.6,0.074296445,0.23484491,0.3549878,0.3183301,0.017047042,19.80825,0.28109625,0.0
6.295,0.6,0.074296445,0.23484491,0.33457023,0.30861425,0.014051845,20.924515,0.06906507,0.0
6.3,0.2362642,0.1425999,0.261501,0.32055843,0.30245516,0.009462285,22.20937,9.608413e-08,0.0
6.305,0.2362642,0.1425999,0.261501,0.32293397,0.29517034,0.018800315,23.414701,9.726831e-08,0.0
6.3100000000000005,0.2362642,0.1425999,0.261501,0.33275944,0.28563124,0.016609035,23.881454,0.54563576,0.0
6.315,0.2362642,0.1425999,0.261501,0.3259409,0.2773868,0.017577818,23.713467,1.5388608,0.0
6.32,0.6,0.2369235,0.0,0.3250058,0.2685344,0.030689372,23.926083,1.838746,0.0
6.325,0.6,0.2369235,0.0,0.32282957,0.2583723,0.028694222,24.717653,1.247063,0.0
6.33,0.6,0.2369235,0.0,0.32278535,0.24942636,0.037314918,25.851503,0.04984466,0.0
6.335,0.6,0.2369235,0.0,0.319553,0.24181776,0.05602703,26.92444,7.702903e-08,0.0
6.34,0.3615139,0.28479013,0.13569768,0.32672754,0.23390482,0.0743017,28.119337,4.6844487e-08,0.0
6.345,0.3615139,0.28479013,0.13569768,0.32506716,0.2277861,0.08846425,28.841991,0.3392119,0.0
6.3500000000000005,0.3615139,0.28479013,0.13569768,0.32813817,0.22493842,0.08641617,29.67052,0.31302255,0.0
6.355,0.3615139,0.28479013,0.13569768,0.33594057,0.22429934,0.09338341,30.219416,0.36697748,0.0
6.36,0.6,0.38468423,0.16614616,0.3333727,0.22329988,0.09522533,30.323023,0.68176806,0.0
6.365,0.6,0.38468423,0.16614616,0.32922655,0.22344619,0.08973916,30.84922,0.28411973,0.0
6.37,0.6,0.38468423,0.16614616,0.32837778,0.2242067,0.09321215,31.985205,9.613374e-08,0.0
6.375,0.6,0.38468423,0.16614616,0.32591474,0.22462043,0.08205159,33.57931,1.4651503e-07,0.0
6.38,0.5636549,0.6,0.007745773,0.32748267,0.22514461,0.08308563,35.427994,1.8017182e-07,0.0
6.385,0.5636549,0.6,0.007745773,0.33104238,0.22676533,0.083389916,36.776188,0.36822945,0.0
6.390000000000001,0.5636549,0.6,0.007745773,0.35397902,0.22759983,0.086339585,37.484493,1.2166383,0.0
6.3950000000000005,0.5636549,0.6,0.007745773,0.36635023,0.22825436,0.09324765,37.90927,2.141147,0.0
6.4,0.48681703,0.6,0.0,0.3775184,0.2313589,0.10357715,38.25453,2.9169695,0.0
6.405,0.48681703,0.6,0.0,0.39076018,0.23988286,0.09270487,38.594288,3.4690247,0.0
6.41,0.48681703,0.6,0.0,0.3953065,0.24857982,0.08535418,38.93927,3.7939367,0.0
6.415,0.48681703,0.6,0.0,0.40004066,0.25655383,0.0921943,39.235706,3.9594672,0.0
6.42,0.55950135,0.6,0.0,0.40042946,0.26994786,0.09799497,39.43686,4.022996,0.0
6.425,0.55950135,0.6,0.0,0.41033423,0.28398043,0.09385571,39.466152,4.0731974,0.0
6.43,0.55950135,0.6,0.0,0.4157557,0.2964168,0.095113024,39.310493,4.1250873,0.0
6.4350000000000005,0.55950135,0.6,0.0,0.41840762,0.3094979,0.0900499,38.989426,4.1568227,0.0
6.44,0.5649789,0.6,0.0,0.4253167,0.32314992,0.087733164,38.508503,4.162051,0.0
6.445,0.5649789,0.6,0.0,0.4171039,0.33457515,0.0776351,37.90241,4.1017213,0.0
6.45,0.5649789,0.6,0.0,0.41877064,0.34594178,0.072529204,37.970726,3.0869515,0.0
6.455,0.5649789,0.6,0.0,0.41996005,0.35805768,0.055149984,37.8954,2.0547726,0.0
6.46,0.45067108,0.6,0.0,0.42442775,0.36744058,0.05629577,37.259804,1.4613156,0.0
6.465,0.45067108,0.6,0.0,0.42424136,0.3763463,0.049511705,36.30607,1.0228817,0.0
6.47,0.45067108,0.6,0.0,0.4335311,0.38646233,0.037422005,35.96049,-3.953026e-08,0.0
6.4750000000000005,0.45067108,0.6,0.0,0.43543488,0.3938064,0.037106927,35.407494,0.19890536,0.0
6.48,0.28508124,0.6,0.2628318,0.43136945,0.4008151,0.03659999,34.568142,0.48923233,0.0
6.485,0.28508124,0.6,0.2628318,0.43731382,0.40911412,0.03153765,34.375362,-4.5751456e-08,0.0
6.49,0.28508124,0.6,0.2628318,0.43560678,0.41490388,0.02197127,34.00548,0.25860715,0.0
6.495,0.28508124,0.6,0.2628318,0.4387962,0.42023295,0.016200174,34.059223,1.7776696e-08,0.0
6.5,0.6,0.58616817,0.6,0.42702046,0.4259216,0.0024998214,33.836452,0.35860258,0.0
6.505,0.6,0.58616817,0.6,0.4326815,0.43069398,0.00086620194,33.891796,0.17032953,0.0
6.51,0.6,0.58616817,0.6,0.44326475,0.43510348,0.004281529,33.63058,0.11801808,0.0
6.515000000000001,0.6,0.58616817,0.6,0.43587223,0.43973202,0.0032159777,32.83699,0.43321034,0.0
6.5200000000000005,0.31530696,0.4273484,0.6,0.43437293,0.44342434,0.013345307,32.59291,-4.6236185e-08,0.0
6.525,0.31530696,0.4273484,0.6,0.43971327,0.44679594,0.034792997,32.839222,3.7038042e-08,0.0
6.53,0.31530696,0.4273484,0.6,0.43731558,0.4503155,0.04888271,32.683342,0.46845266,0.0
6.535,0.31530696,0.4273484,0.6,0.43974164,0.45312673,0.052166715,32.765484,0.4290861,0.0
6.54,0.2641756,0.40679893,0.6,0.44343543,0.45413736,0.073725045,32.519043,0.53318596,0.0
6.545,0.2641756,0.40679893,0.6,0.43974394,0.45405608,0.09731399,31.70159,1.0418429,0.0
6.55,0.2641756,0.40679893,0.6,0.44738874,0.45441473,0.11794242,30.596687,1.6281581,0.0
6.555,0.2641756,0.40679893,0.6,0.44746733,0.45390636,0.13531493,29.4811,1.980843,0.0
6.5600000000000005,0.45989344,0.6,0.6,0.4449939,0.45330262,0.15077996,27.622482,2.9211566,0.0
6.565,0.45989344,0.6,0.6,0.44828662,0.45249698,0.16377974,25.958004,3.3823225,0.0
6.57,0.45989344,0.6,0.6,0.43449178,0.45113397,0.17734356,24.158072,3.7490573,0.0
6.575,0.45989344,0.6,0.6,0.43999672,0.44975019,0.19320473,22.841677,3.3279514,0.0
6.58,0.039616264,0.6,0.6,0.44319618,0.44924524,0.20681866,21.523006,2.6846454,0.0
6.585,0.039616264,0.6,0.6,0.44208553,0.44800994,0.21987945,19.98,2.0639915,0.0
6.59,0.039616264,0.6,0.6,0.4403323,0.44750375,0.23446605,19.359161,0.18663344,0.0
6.595,0.039616264,0.6,0.6,0.45116657,0.44723785,0.24806347,19.265514,1.188575e-08,0.0
6.6000000000000005,0.0,0.6,0.6,0.4514514,0.44662422,0.26016533,19.108103,0.18636142,0.0
6.605,0.0,0.6,0.6,0.43752995,0.4463886,0.27358308,18.639833,0.46484143,0.0
6.61,0.0,0.6,0.6,0.42978182,0.44643107,0.28650337,18.767807,3.6216512e-08,0.0
6.615,0.0,0.6,0.6,0.40207747,0.44544938,0.2982449,20.071487,1.282443e-07,0.0
6.62,0.0,0.6,0.6,0.38732105,0.44484013,0.30945867,21.548765,7.316194e-08,0.0
6.625,0.0,0.6,0.6,0.36447513,0.4441076,0.3214195,22.457155,1.4100093e-08,0.0
6.63,0.0,0.6,0.6,0.3438192,0.44341385,0.331271,22.717682,8.656691e-09,0.0
6.635,0.0,0.6,0.6,0.32810187,0.44260934,0.3414114,22.325256,2.3093119e-08,0.0
6.640000000000001,0.0,0.45141643,0.6,0.30673096,0.44185957,0.35182482,21.374313,-4.078478e-08,0.0
6.6450000000000005,0.0,0.45141643,0.6,0.2812771,0.44126958,0.36129996,19.955484,-8.783741e-08,0.0
6.65,0.0,0.45141643,0.6,0.2514303,0.44075245,0.37009382,18.122446,-6.934495e-08,0.0
6.655,0.0,0.45141643,0.6,0.22430716,0.44051778,0.37993267,15.897814,6.064576e-08,0.0
6.66,0.11457003,0.0,0.6,0.20177332,0.44104278,0.38829687,13.325257,2.064223e-08,0.0
6.665,0.11457003,0.0,0.6,0.18978804,0.44152537,0.39577836,11.209155,-1.534517e-08,0.0
6.67,0.11457003,0.0,0.6,0.15998293,0.442411,0.40346348,9.802446,-3.6673832e-08,0.0
6.675,0.11457003,0.0,0.6,0.14090692,0.4433753,0.4096669,8.760994,-9.185044e-09,0.0
6.68,0.064449035,0.0,0.5739378,0.12234541,0.44407102,0.41437015,7.8407674,-2.4021137e-08,0.0
6.6850000000000005,0.064449035,0.0,0.5739378,0.112541996,0.44406942,0.41842172,6.9162593,2.2819007e-08,0.0
6.69,0.064449035,0.0,0.5739378,0.102268554,0.44253752,0.42177182,5.977795,3.3886474e-10,0.0
6.695,0.064449035,0.0,0.5739378,0.096254796,0.4415241,0.4243093,4.352396,3.2501544e-09,0.0
6.7,0.5926008,0.0,0.6,0.092851855,0.4405098,0.4269565,2.0691514,-4.489144e-08,0.0
6.705,0.5926008,0.0,0.6,0.10015294,0.43848574,0.42977706,-2.865792e-07,-1.2204828e-07,0.0
6.71,0.5926008,0.0,0.6,0.091954984,0.43248573,0.43327892,2.0115964e-09,1.4638654e-09,0.0
6.715,0.5926008,0.0,0.6,0.07992882,0.41696644,0.43759492,4.359275e-09,-7.798328e-09,0.0
6.72,0.6,0.09509215,0.3828963,0.072664425,0.39269707,0.44166413,1.04047455e-08,-2.3499892e-08,0.0
6.7250000000000005,0.6,0.09509215,0.3828963,0.07042896,0.3655468,0.44426072,6.3165944e-09,8.259562e-09,0.0
6.73,0.6,0.09509215,0.3828963,0.07423636,0.33537528,0.44746378,9.166783e-09,-1.6143241e-08,0.0
6.735,0.6,0.09509215,0.3828963,0.08190451,0.30615795,0.45065495,-1.5010993e-08,2.819039e-08,0.0
6.74,0.31335187,0.38280752,0.5570408,0.09756618,0.27698165,0.45285773,0.045877654,-1.7084803e-08,0.0
6.745,0.31335187,0.38280752,0.5570408,0.10454294,0.2500122,0.4536827,0.32325038,5.277469e-08,0.0
6.75,0.31335187,0.38280752,0.5570408,0.12626697,0.22422469,0.4536627,1.0777538,1.7719449e-08,0.0
6.755,0.31335187,0.38280752,0.5570408,0.14312011,0.20151263,0.45350322,2.3118412,-1.8175156e-08,0.0
6.76,0.2282182,0.43063584,0.6,0.16008075,0.18194093,0.4527522,3.8527918,7.504676e-08,0.0
6.765000000000001,0.2282182,0.43063584,0.6,0.16266319,0.17144702,0.45235395,5.5215797,1.3567289e-07,0.0
6.7700000000000005,0.2282182,0.43063584,0.6,0.17397287,0.16842549,0.45193684,7.1074142,5.429292e-08,0.0
6.775,0.2282182,0.43063584,0.6,0.1973166,0.1660709,0.45135215,8.508723,5.7178234e-08,0.0
6.78,0.40700868,0.58156776,0.6,0.20287211,0.16703762,0.45053744,9.79809,7.9813546e-08,0.0
6.785,0.40700868,0.58156776,0.6,0.21306843,0.17309958,0.44987264,10.984194,1.1919591e-07,0.0
6.79,0.40700868,0.58156776,0.6,0.21351203,0.18428884,0.4493165,12.07257,1.5950465e-07,0.0
6.795,0.40700868,0.58156776,0.6,0.21227103,0.19425845,0.44942516,13.039443,7.366584e-08,0.0
6.8,0.114430174,0.6,0.6,0.20810497,0.20795925,0.44922078,14.211566,4.4988056e-08,0.0
6.805,0.114430174,0.6,0.6,0.21352944,0.2243881,0.44887382,15.578534,1.1436749e-07,0.0
6.8100000000000005,0.114430174,0.6,0.6,0.21672684,0.23836972,0.44950968,16.630844,7.1679686e-08,0.0
6.815,0.114430174,0.6,0.6,0.22000621,0.25208524,0.4501717,17.262655,-1.9588002e-08,0.0
6.82,0.0,0.6,0.6,0.22831142,0.26776198,0.4508294,17.610203,-1.36935645e-08,0.0
6.825,0.0,0.6,0.6,0.242212,0.281644,0.45125115,17.809547,1.5006891e-09,0.0
6.83,0.0,0.6,0.6,0.25572953,0.29435253,0.45151553,18.006151,2.6771955e-08,0.0
6.835,0.0,0.6,0.6,0.2651504,0.30780122,0.45128357,18.290842,1.33109e-08,0.0
6.84,0.0,0.6,0.6,0.25899985,0.31958133,0.45142373,18.642452,-1.49058e-08,0.0
6.845,0.0,0.6,0.6,0.25348428,0.33012593,0.45126283,19.36685,2.975506e-08,0.0
6.8500000000000005,0.0,0.6,0.6,0.2431063,0.34170192,0.45140272,20.371807,3.846205e-08,0.0
6.855,0.0,0.6,0.6,0.23906551,0.35276937,0.45127824,21.312124,6.036925e-08,0.0
6.86,0.0,0.47075066,0.6,0.23788802,0.36288092,0.4504897,21.9889,5.3609416e-08,0.0
6.865,0.0,0.47075066,0.6,0.23324573,0.37320375,0.45022517,22.344234,4.6998014e-09,0.0
6.87,0.0,0.47075066,0.6,0.23058791,0.3830772,0.45009363,22.35871,5.086208e-08,0.0
6.875,0.0,0.47075066,0.6,0.21273549,0.3910538,0.44994643,22.053057,-2.4327804e-08,0.0
6.88,0.0,0.13499554,0.6,0.19885303,0.39953393,0.44943708,21.377052,-8.898587e-08,0.0
6.885,0.0,0.13499554,0.6,0.17447314,0.40787444,0.44903216,20.302002,9.7869815e-08,0.0
6.890000000000001,0.0,0.13499554,0.6,0.16094819,0.4137455,0.44921216,18.775862,9.584592e-08,0.0
6.8950000000000005,0.0,0.13499554,0.6,0.14079168,0.4187001,0.44960275,16.85255,1.3370175e-07,0.0
6.9,0.20710403,0.0,0.33713865,0.116337076,0.42228222,0.4501144,14.609397,-4.5008104e-08,0.0
6.905,0.20710403,0.0,0.33713865,0.10955466,0.42445704,0.45052385,12.110377,1.607908e-07,0.0
6.91,0.20710403,0.0,0.33713865,0.095160566,0.42366093,0.45145595,9.564354,3.787882e-08,0.0
6.915,0.20710403,0.0,0.33713865,0.081002,0.4210914,0.45265082,6.476821,-1.0400065e-07,0.0
6.92,0.6,0.13151564,0.49118,0.076491825,0.41922903,0.45427093,2.9229136,-1.8300713e-07,0.0
6.925,0.6,0.13151564,0.49118,0.07225461,0.41584486,0.45581523,-2.2769322e-07,-2.0230338e-08,0.0
6.93,0.6,0.13151564,0.49118,0.070474476,0.41151458,0.4570796,2.7165312e-10,-3.3236823e-08,0.0
6.9350000000000005,0.6,0.13151564,0.49118,0.075159915,0.40340477,0.45691755,-5.185872e-09,-1.5160698e-08,0.0
6.94,0.53756255,0.2255299,0.10780891,0.073527396,0.39102358,0.4567444,7.868252e-09,-9.163625e-08,0.0
6.945,0.53756255,0.2255299,0.10780891,0.06948292,0.37189704,0.45729455,2.8284328e-09,8.322841e-09,0.0
6.95,0.53756255,0.2255299,0.10780891,0.09685121,0.35463816,0.45684478,-1.4119363e-09,3.8950827e-08,0.0
6.955,0.53756255,0.2255299,0.10780891,0.099926524,0.33889163,0.45653123,-4.291233e-09,-1.38118486e-08,0.0
6.96,0.2413376,0.0,0.6,0.09894247,0.32318205,0.45660603,0.0207305,-1.218895e-07,0.0
6.965,0.2413376,0.0,0.6,0.12605092,0.30780584,0.45561013,0.32737863,-1.2672563e-09,0.0
6.97,0.2413376,0.0,0.6,0.14814349,0.29580462,0.4535801,0.95032483,-2.5080379e-08,0.0
6.9750000000000005,0.2413376,0.0,0.6,0.16225389,0.28455463,0.45295432,1.8825507,6.571583e-08,0.0
6.98,0.6,0.0,0.6,0.17809317,0.27650452,0.45246974,3.074766,9.499804e-08,0.0
6.985,0.6,0.0,0.6,0.20529266,0.27120972,0.45091003,4.4177046,3.125895e-08,0.0
6.99,0.6,0.0,0.6,0.2174838,0.2641486,0.4505024,5.874881,-2.2820519e-08,0.0
6.995,0.6,0.0,0.6,0.23172177,0.25111547,0.45050213,7.3605795,8.6560455e-08,0.0
7.0,0.6,0.5707122,0.45227984,0.22872348,0.2342266,0.45000103,9.048536,3.791658e-08,0.0
7.005,0.6,0.5707122,0.45227984,0.22587243,0.21487147,0.45016456,11.225772,2.3653743e-07,0.0
7.01,0.6,0.5707122,0.45227984,0.23741792,0.19519305,0.4499996,13.690755,7.978863e-08,0.0
7.015000000000001,0.6,0.5707122,0.45227984,0.262128,0.1768112,0.44978246,15.81328,7.267751e-08,0.0
7.0200000000000005,0.06502578,0.6,0.008737779,0.27417052,0.1648341,0.4501184,17.534325,1.252801e-07,0.0
7.025,0.06502578,0.6,0.008737779,0.28887537,0.15934668,0.4496614,19.016901,1.1554118e-07,0.0
7.03,0.06502578,0.6,0.008737779,0.29352835,0.15626505,0.44923827,20.355179,1.02462565e-07,0.0
7.035,0.06502578,0.6,0.008737779,0.30972868,0.155598,0.44929257,21.574331,5.6745844e-08,0.0
7.04,0.25100812,0.6,0.0,0.32666296,0.15698427,0.44897777,22.7381,6.736528e-08,0.0
7.045,0.25100812,0.6,0.0,0.3350085,0.15844329,0.44816187,23.921526,2.0757612e-07,0.0
7.05,0.25100812,0.6,0.0,0.34476924,0.16156092,0.4458636,25.133287,5.199364e-09,0.0
7.055,0.25100812,0.6,0.0,0.3405997,0.17202064,0.44233757,26.366997,6.051099e-08,0.0
7.0600000000000005,0.40489012,0.6,0.0,0.33697614,0.18812655,0.4371809,28.113317,-5.392302e-08,0.0
7.065,0.40489012,0.6,0.0,0.34220442,0.20230553,0.42444605,30.364035,3.5188506e-07,0.0
7.07,0.40489012,0.6,0.0,0.33102065,0.21712908,0.40289956,32.315517,1.9389132e-07,0.0
7.075,0.40489012,0.6,0.0,0.3281326,0.23401563,0.37901095,34.221596,4.569535e-08,0.0
7.08,0.33486733,0.6,0.0,0.32475725,0.2481866,0.35250592,36.260174,-1.1011881e-08,0.0
7.085,0.33486733,0.6,0.0,0.32287714,0.26163357,0.32620248,38.186756,2.8729028e-07,0.0
7.09,0.33486733,0.6,0.0,0.31332588,0.2770722,0.2991952,39.788887,1.7554797e-07,0.0
7.095,0.33486733,0.6,0.0,0.31435493,0.29075098,0.27341,40.88176,4.9834327e-08,0.0
7.1000000000000005,0.24364062,0.6,0.0,0.30402327,0.30333352,0.24867325,40.908955,-4.027894e-09,0.0
7.105,0.24364062,0.6,0.0,0.29754782,0.31720355,0.22541136,40.324505,-1.9096328e-08,0.0
7.11,0.24364062,0.6,0.0,0.29532325,0.33005166,0.20413074,39.468952,-2.3037591e-08,0.0
7.115,0.24364062,0.6,0.0,0.31259432,0.34071055,0.18412484,38.350624,0.11084445,0.0
7.12,0.34273097,0.18094927,0.0,0.31902424,0.35385776,0.16505662,36.591785,0.7174467,0.0
7.125,0.34273097,0.18094927,0.0,0.30735978,0.36545208,0.14808112,34.322315,1.6548005,0.0
7.13,0.34273097,0.18094927,0.0,0.2953251,0.3742558,0.13323629,32.435585,1.9155682,0.0
7.135,0.34273097,0.18094927,0.0,0.30371195,0.38307256,0.11986776,31.025852,1.4146724,0.0
7.140000000000001,0.5985117,0.4152461,0.0,0.30449936,0.3925059,0.106926546,29.34758,0.9992203,0.0
7.1450000000000005,0.5985117,0.4152461,0.0,0.304177,0.397222,0.09519142,27.323315,0.7453656,0.0
7.15,0.5985117,0.4152461,0.0,0.3099796,0.39737052,0.08246019,25.774439,3.7582495e-08,0.0
7.155,0.5985117,0.4152461,0.0,0.3161078,0.3962923,0.07222311,24.234276,0.018426724,0.0
7.16,0.32496455,0.40549594,0.0,0.31008652,0.3938105,0.07291077,22.00968,0.55668086,0.0
7.165,0.32496455,0.40549594,0.0,0.31351057,0.39103106,0.06717336,19.865334,0.74024445,0.0
7.17,0.32496455,0.40549594,0.0,0.32447088,0.38899866,0.052465647,17.714334,0.67921734,0.0
7.175,0.32496455,0.40549594,0.0,0.33348024,0.38709182,0.051981673,15.6010065,0.32526222,0.0
7.18,0.22509266,0.16020204,0.18471253,0.34443894,0.38573715,0.04818865,13.742668,4.473408e-08,0.0
7.1850000000000005,0.22509266,0.16020204,0.18471253,0.35693666,0.38498682,0.03379476,12.300947,-2.9027518e-08,0.0
7.19,0.22509266,0.16020204,0.18471253,0.35215983,0.38366,0.02151502,11.438363,-5.1548852e-08,0.0
7.195,0.22509266,0.16020204,0.18471253,0.35906067,0.38348728,0.019511584,11.652231,2.1051791e-08,0.0
7.2,0.6,0.28060964,0.0,0.3573393,0.38331035,0.020950079,12.306169,5.7967235e-08,0.0
7.205,0.6,0.28060964,0.0,0.35515043,0.383358,0.02248008,13.472061,1.11545404e-07,0.0
7.21,0.6,0.28060964,0.0,0.35357642,0.38311234,0.013954492,15.737114,3.2454855e-07,0.0
7.215,0.6,0.28060964,0.0,0.35200188,0.3823566,0.017843783,18.1677,0.014001394,0.0
7.22,0.6,0.18660891,0.15551178,0.3579731,0.38204002,0.024229009,20.102676,0.27300116,0.0
7.2250000000000005,0.6,0.18660891,0.15551178,0.3584358,0.3814651,0.03217089,20.851858,1.5952336,0.0
7.23,0.6,0.18660891,0.15551178,0.3561541,0.38038877,0.036100622,20.508675,3.8488562,0.0
7.235,0.6,0.18660891,0.15551178,0.3585596,0.37902614,0.045995273,20.272133,5.6781754,0.0
7.24,0.30529687,0.35230204,0.6,0.3644376,0.3768445,0.03470039,19.77953,7.503707,0.0
7.245,0.30529687,0.35230204,0.6,0.36294937,0.36727592,0.041840103,18.907429,9.459998,0.0
7.25,0.30529687,0.35230204,0.6,0.3737533,0.35476574,0.044579327,18.710278,10.381135,0.0
7.255,0.30529687,0.35230204,0.6,0.3812377,0.34460488,0.04221313,18.730328,10.8063965,0.0
7.26,0.6,0.6,0.456712,0.3901851,0.33369422,0.03793965,18.704563,11.036101,0.0
7.265000000000001,0.6,0.6,0.456712,0.4095659,0.3225322,0.03472153,18.832857,10.8564,0.0
7.2700000000000005,0.6,0.6,0.456712,0.40574017,0.31341642,0.04838653,19.287334,10.088725,0.0
7.275,0.6,0.6,0.456712,0.4091723,0.30895433,0.06562346,20.806946,7.9312944,0.0
7.28,0.33117104,0.48731846,0.6,0.40680736,0.30682114,0.0849216,22.438046,5.473989,0.0
7.285,0.33117104,0.48731846,0.6,0.4105996,0.30590186,0.10209804,24.395178,2.4777348,0.0
7.29,0.33117104,0.48731846,0.6,0.4062031,0.30644548,0.11722843,25.91109,-1.9190676e-07,0.0
7.295,0.33117104,0.48731846,0.6,0.4068241,0.3076895,0.13517207,27.5433,1.021295e-07,0.0
7.3,0.2903374,0.6,0.6,0.40516844,0.30913773,0.14879453,29.430744,0.0028807481,0.0
7.305,0.2903374,0.6,0.6,0.4015502,0.31016216,0.165986,31.65051,1.4308827e-07,0.0
7.3100000000000005,0.2903374,0.6,0.6,0.39946705,0.31218815,0.18216716,34.228123,2.3311884e-07,0.0
7.315,0.2903374,0.6,0.6,0.4000421,0.31322557,0.19567876,36.816963,2.225177e-07,0.0
7.32,0.27441248,0.6,0.6,0.39757627,0.31482852,0.20983204,38.43268,0.75577134,0.0
7.325,0.27441248,0.6,0.6,0.3938578,0.3206181,0.2252921,39.689503,1.6705103,0.0
7.33,0.27441248,0.6,0.6,0.3947757,0.3295926,0.23798482,40.93317,2.365096,0.0
7.335,0.27441248,0.6,0.6,0.3999478,0.33847257,0.25124142,41.200306,3.9231977,0.0
7.34,0.12018861,0.6,0.6,0.40242302,0.3472075,0.26499072,40.453396,6.3642635,0.0
7.345,0.12018861,0.6,0.6,0.39764935,0.35819647,0.27680358,39.2483,8.525589,0.0
7.3500000000000005,0.12018861,0.6,0.6,0.39978826,0.3670002,0.2878375,38.75729,8.1355915,0.0
7.355,0.12018861,0.6,0.6,0.39729694,0.37474233,0.29959217,38.371326,5.214396,0.0
7.36,0.0,0.6,0.6,0.39625248,0.38249728,0.31016162,38.290245,-1.0914366e-08,0.0
7.365,0.0,0.6,0.6,0.39831862,0.3888132,0.3196013,37.516567,-2.6677047e-10,0.0
7.37,0.0,0.6,0.6,0.38827956,0.39370757,0.3297916,36.491753,-1.6299445e-08,0.0
7.375,0.0,0.6,0.6,0.39127174,0.39932004,0.33879584,35.609215,-9.225072e-09,0.0
7.38,0.0,0.6,0.6,0.374967,0.40378118,0.3470029,34.54056,-2.4189005e-08,0.0
7.385,0.0,0.6,0.6,0.37122494,0.40776795,0.3550363,33.62416,-6.6055016e-08,0.0
7.390000000000001,0.0,0.6,0.6,0.36126518,0.41127953,0.36364746,33.103703,6.054362e-10,0.0
7.3950000000000005,0.0,0.6,0.6,0.34088257,0.41473186,0.37069282,32.788197,-3.9369226e-08,0.0
7.4,0.0,0.43011054,0.6,0.31731504,0.41737545,0.37811238,32.45426,-1.0462256e-08,0.0
7.405,0.0,0.43011054,0.6,0.29574287,0.4202557,0.38514104,31.901445,1.3561793e-08,0.0
7.41,0.0,0.43011054,0.6,0.26843286,0.4230708,0.39102948,31.006847,-1.5530095e-09,0.0
7.415,0.0,0.43011054,0.6,0.23399827,0.42512736,0.3970747,29.670645,3.8859326e-08,0.0
7.42,0.0,0.0,0.6,0.22394677,0.42788365,0.402973,27.79288,1.2297675e-08,0.0
7.425,0.0,0.0,0.6,0.18888459,0.43054247,0.40775636,25.494669,-3.239745e-08,0.0
7.43,0.0,0.0,0.6,0.17424294,0.43297747,0.41208586,22.81678,-1.5107835e-07,0.0
7.4350000000000005,0.0,0.0,0.6,0.14973776,0.4341946,0.41676548,19.860792,8.2083226e-08,0.0
7.44,0.30930793,0.0,0.38049322,0.1512882,0.43508935,0.4204291,16.709238,-1.1925286e-07,0.0
7.445,0.30930793,0.0,0.38049322,0.13596672,0.4356217,0.42392248,13.332149,-4.530414e-08,0.0
7.45,0.30930793,0.0,0.38049322,0.11593179,0.43465057,0.4278714,10.164677,-8.103005e-08,0.0
7.455,0.30930793,0.0,0.38049322,0.094193034,0.43270385,0.4314577,6.746528,-1.9530093e-07,0.0
7.46,0.6,0.3075046,0.3267384,0.0957143,0.4313483,0.43388554,3.0189257,-5.369045e-08,0.0
7.465,0.6,0.3075046,0.3267384,0.0937946,0.42528018,0.43744963,-1.2187442e-07,5.892252e-08,0.0
7.47,0.6,0.3075046,0.3267384,0.07599395,0.4086165,0.43993613,4.8446482e-09,1.2122506e-08,0.0
7.4750000000000005,0.6,0.3075046,0.3267384,0.07414443,0.38546857,0.44030985,1.6592143e-09,-4.544035e-08,0.0
7.48,0.33110332,0.13260603,0.16982853,0.07717582,0.35673523,0.43963134,6.363187e-10,-1.9371209e-08,0.0
7.485,0.33110332,0.13260603,0.16982853,0.08570286,0.32767028,0.4397536,-5.7886973e-10,4.141923e-08,0.0
7.49,0.33110332,0.13260603,0.16982853,0.109254256,0.29820025,0.43904722,1.5148403e-08,2.8963388e-08,0.0
7.495,0.33110332,0.13260603,0.16982853,0.12405927,0.27506766,0.4376759,0.2467796,-5.0505093e-08,0.0
7.5,0.2996961,0.008040494,0.31654292,0.13756481,0.26074812,0.43775263,0.9034429,3.2112805e-08,0.0
7.505,0.2996961,0.008040494,0.31654292,0.15772137,0.25345188,0.4366387,2.1239488,4.1903856e-08,0.0
7.51,0.2996961,0.008040494,0.31654292,0.17726307,0.24961814,0.43384394,3.8120317,1.2588539e-07,0.0
7.515000000000001,0.2996961,0.008040494,0.31654292,0.1770185,0.24561875,0.43257195,5.7338367,1.0625155e-08,0.0
7.5200000000000005,0.6,0.37114507,0.15322387,0.19472855,0.24154457,0.43106988,7.9085116,5.2965902e-08,0.0
7.525,0.6,0.37114507,0.15322387,0.20501228,0.23825417,0.4247137,9.932561,1.8405589e-07,0.0
7.53,0.6,0.37114507,0.15322387,0.20467614,0.23324765,0.41507527,11.597818,1.0501468e-07,0.0
7.535,0.6,0.37114507,0.15322387,0.21533291,0.22320978,0.40627152,13.257191,1.9656157e-09,0.0
7.54,0.6,0.5111967,0.6,0.22227283,0.20999674,0.39656097,14.670654,1.1036276e-07,0.0
7.545,0.6,0.5111967,0.6,0.23543984,0.20220928,0.38590553,15.712917,1.1762048e-07,0.0
7.55,0.6,0.5111967,0.6,0.2405161,0.19999169,0.37745804,16.539137,3.7987412e-08,0.0
7.555,0.6,0.5111967,0.6,0.25049016,0.19830844,0.3683713,17.23802,-1.8357374e-08,0.0
7.5600000000000005,0.44719708,0.6,0.37394226,0.27301562,0.19888182,0.35554403,17.879574,-2.5633822e-08,0.0
7.565,0.44719708,0.6,0.37394226,0.27441248,0.20096375,0.34325823,18.596296,-1.1611106e-08,0.0
7.57,0.44719708,0.6,0.37394226,0.2981376,0.2041394,0.33509216,19.386438,4.5371262e-08,0.0
7.575,0.44719708,0.6,0.37394226,0.29866567,0.20854406,0.33237976,20.302004,3.901545e-08,0.0
7.58,0.1310306,0.6,0.48446298,0.30669492,0.21873017,0.33117625,21.306587,9.594332e-08,0.0
7.585,0.1310306,0.6,0.48446298,0.31877738,0.23354684,0.32981452,22.34709,1.18925286e-07,0.0
7.59,0.1310306,0.6,0.48446298,0.3300115,0.24696636,0.33006576,23.429548,6.532472e-08,0.0
7.595,0.1310306,0.6,0.48446298,0.34237683,0.26103812,0.33027175,24.566008,7.45437e-08,0.0
7.6000000000000005,0.29629114,0.6,0.6,0.3485348,0.2758322,0.33025402,25.766403,1.3040078e-07,0.0
7.605,0.29629114,0.6,0.6,0.3549395,0.28933698,0.3310731,26.955616,1.6108034e-08,0.0
7.61,0.29629114,0.6,0.6,0.35807163,0.30136827,0.3318149,28.023932,5.9855736e-08,0.0
7.615,0.29629114,0.6,0.6,0.36448908,0.3151739,0.3316095,28.886337,5.3927263e-08,0.0
7.62,0.3129251,0.6,0.6,0.3649681,0.32715505,0.33293486,29.500368,-4.636062e-10,0.0
7.625,0.3129251,0.6,0.6,0.36465394,0.33740312,0.33657876,29.84508,8.447074e-09,0.0
7.63,0.3129251,0.6,0.6,0.3672013,0.3493337,0.3400021,30.510815,3.2680973e-08,0.0
7.635,0.3129251,0.6,0.6,0.3584306,0.3597399,0.34473416,30.990543,2.7117789e-08,0.0
7.640000000000001,0.0,0.6,0.48561066,0.3628653,0.36788535,0.3525973,31.490793,4.312024e-08,0.0
7.6450000000000005,0.0,0.6,0.48561066,0.35827678,0.37669486,0.36257938,31.629217,7.1090267e-09,0.0
7.65,0.0,0.6,0.48561066,0.36178565,0.3850525,0.370898,31.74012,2.7782995e-08,0.0
7.655,0.0,0.6,0.48561066,0.36261934,0.3913246,0.3798775,31.493557,-2.6097371e-08,0.0
7.66,0.0,0.6,0.58819157,0.34614527,0.3977154,0.38826874,30.701979,-7.071839e-08,0.0
7.665,0.0,0.6,0.58819157,0.3531936,0.4044963,0.39401162,30.059351,-7.826496e-09,0.0
7.67,0.0,0.6,0.58819157,0.351835,0.40841767,0.3997216,29.237377,-1.070705e-08,0.0
7.675,0.0,0.6,0.58819157,0.3553227,0.41353607,0.40344968,28.61962,-2.6573668e-08,0.0
7.68,0.0,0.6,0.6,0.34379256,0.41807202,0.4060258,27.88535,3.727488e-08,0.0
7.6850000000000005,0.0,0.6,0.6,0.33446592,0.42167187,0.40891695,27.319122,-4.5221373e-09,0.0
7.69,0.0,0.6,0.6,0.3090735,0.42477626,0.41226104,27.078314,-2.7031497e-08,0.0
7.695,0.0,0.6,0.6,0.28535265,0.42833778,0.4147183,26.850851,-3.5175418e-08,0.0
7.7,0.0,0.37841704,0.6,0.25249147,0.430333,0.41781148,26.38299,-3.29981e-08,0.0
7.705,0.0,0.37841704,0.6,0.22826126,0.431847,0.42177337,25.470331,-6.412909e-08,0.0
7.71,0.0,0.37841704,0.6,0.19857214,0.43398863,0.4247729,24.04698,1.4394448e-08,0.0
7.715,0.0,0.37841704,0.6,0.18554012,0.43547136,0.42774466,22.107246,-3.3590037e-08,0.0
7.72,0.0,0.0,0.6,0.17489414,0.4367998,0.43104985,19.780418,-3.043972e-08,0.0
7.7250000000000005,0.0,0.0,0.6,0.14917082,0.43824643,0.43408445,17.253374,-1.1060339e-07,0.0
7.73,0.0,0.0,0.6,0.1324791,0.43990305,0.43633962,14.569023,7.899213e-08,0.0
7.735,0.0,0.0,0.6,0.11762325,0.44030264,0.439327,11.814093,-1.823054e-08,0.0
7.74,0.29060912,0.0,0.45653918,0.11327327,0.43935215,0.44214752,9.144536,-1.9063054e-07,0.0
7.745,0.29060912,0.0,0.45653918,0.094733536,0.43859714,0.44444218,6.064531,9.774972e-09,0.0
7.75,0.29060912,0.0,0.45653918,0.083614625,0.43706667,0.4471728,2.6063893,1.5802453e-07,0.0
7.755,0.29060912,0.0,0.45653918,0.07989592,0.43512115,0.44928282,3.5263817e-08,-7.2976945e-08,0.0
7.76,0.6,0.17463616,0.46310106,0.057556923,0.43303412,0.45135915,2.5550702e-09,-2.0345126e-09,0.0
7.765000000000001,0.6,0.17463616,0.46310106,0.046633936,0.42909086,0.45317313,6.531467e-10,-4.926282e-09,0.0
7.7700000000000005,0.6,0.17463616,0.46310106,0.04777752,0.4161706,0.45484987,-4.5173892e-10,-2.2578721e-08,0.0
7.775,0.6,0.17463616,0.46310106,0.05155522,0.39413777,0.45586658,5.0009423e-09,-3.2578622e-08,0.0
7.78,0.44038424,0.35382664,0.23797904,0.050852504,0.36698842,0.45672512,-4.2585624e-09,-1.5298719e-08,0.0
7.785,0.44038424,0.35382664,0.23797904,0.05337552,0.33734614,0.45764285,2.490116e-09,3.6262836e-08,0.0
7.79,0.44038424,0.35382664,0.23797904,0.07535404,0.3076278,0.4582369,2.3864462e-09,-1.2236668e-08,0.0
7.795,0.44038424,0.35382664,0.23797904,0.089269705,0.28107885,0.45800152,1.665589e-08,1.0983431e-09,0.0
7.8,0.2643685,0.24746238,0.32895362,0.09330693,0.2590744,0.45764303,0.16280457,-1.9174301e-08,0.0
7.805000000000001,0.2643685,0.24746238,0.32895362,0.097111195,0.24432558,0.45684126,0.75302666,-5.0690474e-08,0.0
7.8100000000000005,0.2643685,0.24746238,0.32895362,0.12535073,0.2360473,0.45509142,1.7007821,5.71225e-08,0.0
7.815,0.2643685,0.24746238,0.32895362,0.14628306,0.2322592,0.45278338,2.9369588,-1.2186125e-08,0.0
7.82,0.6,0.46329287,0.12837425,0.16311547,0.23040144,0.45267215,4.400319,1.4184879e-07,0.0
7.825,0.6,0.46329287,0.12837425,0.19062378,0.22959398,0.45111963,5.96668,5.045563e-08,0.0
7.83,0.6,0.46329287,0.12837425,0.19685592,0.2297654,0.44903547,7.5967546,1.0089454e-07,0.0
7.835,0.6,0.46329287,0.12837425,0.21080784,0.2303083,0.44896302,9.185419,5.3257494e-08,0.0
7.84,0.6,0.6,0.2216215,0.22605404,0.23078321,0.44798985,10.677132,1.2016393e-07,0.0
7.845,0.6,0.6,0.2216215,0.23114468,0.2313205,0.44148463,12.098154,6.2883274e-08,0.0
7.8500000000000005,0.6,0.6,0.2216215,0.23305248,0.23380427,0.4312708,13.428382,5.5096727e-08,0.0
7.855,0.6,0.6,0.2216215,0.2330563,0.23831005,0.42100406,14.62061,7.784428e-08,0.0
7.86,0.44532982,0.6,0.0,0.25015843,0.24422324,0.4077181,15.640303,3.1781724e-08,0.0
7.865,0.44532982,0.6,0.0,0.25922495,0.25221753,0.39098725,16.574947,6.988817e-08,0.0
7.87,0.44532982,0.6,0.0,0.2782378,0.26561505,0.37682006,17.492626,3.3608977e-08,0.0
7.875,0.44532982,0.6,0.0,0.28864148,0.27874222,0.3617148,18.468088,-1.7664524e-08,0.0
7.88,0.52303857,0.6,0.3029703,0.30134287,0.29163548,0.34779668,19.52512,5.966726e-08,0.0
7.885,0.52303857,0.6,0.3029703,0.30863324,0.30513844,0.3367427,20.632,5.980217e-08,0.0
7.890000000000001,0.52303857,0.6,0.3029703,0.3230341,0.3187274,0.32545212,21.68889,6.171904e-08,0.0
7.8950000000000005,0.52303857,0.6,0.3029703,0.33305755,0.32943135,0.31180626,22.633211,5.8774262e-08,0.0
7.9,0.5932164,0.6,0.56671745,0.34796193,0.34121954,0.29591218,23.438568,6.109309e-08,0.0
7.905,0.5932164,0.6,0.56671745,0.3574875,0.35220516,0.2806853,24.113699,2.7637066e-08,0.0
7.91,0.5932164,0.6,0.56671745,0.3599147,0.36070704,0.26833165,24.66346,2.8901574e-08,0.0
7.915,0.5932164,0.6,0.56671745,0.36135107,0.369306,0.260022,25.064947,1.2785723e-08,0.0
7.92,0.20852484,0.5443152,0.6,0.37095356,0.3780477,0.2551887,25.297476,-1.9172134e-08,0.0
7.925,0.20852484,0.5443152,0.6,0.38745588,0.38466704,0.2539085,25.399254,-3.91977e-09,0.0
7.930000000000001,0.20852484,0.5443152,0.6,0.38239634,0.39073044,0.2541712,25.468159,2.2622112e-08,0.0
7.9350000000000005,0.20852484,0.5443152,0.6,0.38740247,0.39666614,0.2548079,26.107883,7.844245e-08,0.0
7.94,0.2213317,0.55118334,0.6,0.38343415,0.40091607,0.25880852,26.722271,0.14630409,0.0
7.945,0.2213317,0.55118334,0.6,0.39279094,0.40611863,0.2641006,27.609259,6.378874e-08,0.0
7.95,0.2213317,0.55118334,0.6,0.39318722,0.41122106,0.26972133,28.190374,0.29984975,0.0
7.955,0.2213317,0.55118334,0.6,0.3923469,0.4151875,0.27777055,28.241379,0.83248794,0.0
7.96,0.2813109,0.6,0.6,0.39241478,0.41961786,0.2909691,28.789236,0.09434543,0.0
7.965,0.2813109,0.6,0.6,0.3942849,0.42411184,0.30224103,28.955431,-4.5014397e-09,0.0
7.97,0.2813109,0.6,0.6,0.39188477,0.4268374,0.3124364,28.619902,3.797694e-09,0.0
7.9750000000000005,0.2813109,0.6,0.6,0.3923803,0.42949027,0.32365063,28.596588,1.1956061e-08,0.0
7.98,0.0,0.6,0.6,0.39209917,0.43189627,0.33377922,28.451725,-2.7179037e-09,0.0
7.985,0.0,0.6,0.6,0.3875404,0.4334759,0.3426269,28.530512,3.280585e-08,0.0
7.99,0.0,0.6,0.6,0.3780004,0.43495992,0.35195333,29.032097,4.948174e-08,0.0
7.995,0.0,0.6,0.6,0.37673938,0.436317,0.36126465,29.688805,5.3531366e-08,0.0
8.0,0.0,0.6,0.6,0.36836404,0.43749905,0.3689222,30.349691,1.593394e-08,0.0
8.005,0.0,0.6,0.6,0.36950102,0.43775183,0.37750834,30.899874,1.8857486e-08,0.0
8.01,0.0,0.6,0.6,0.35723963,0.43753338,0.38580036,30.71553,-8.858855e-09,0.0
8.015,0.0,0.6,0.6,0.34833324,0.43758363,0.3927734,29.586746,1.30987186e-08,0.0
8.02,0.0,0.6,0.6,0.32980046,0.43741074,0.39935613,28.477446,-4.074276e-08,0.0
8.025,0.0,0.6,0.6,0.2973049,0.43656462,0.40706727,26.97749,-9.3986515e-08,0.0
8.03,0.0,0.6,0.6,0.27173236,0.43614894,0.41332474,24.706373,-4.0472873e-08,0.0
8.035,0.0,0.6,0.6,0.24445395,0.43662164,0.41875616,21.830564,-1.4047485e-07,0.0
8.040000000000001,0.0,0.2726912,0.6,0.21840894,0.4373165,0.4242408,19.223104,5.1338972e-08,0.0
8.045,0.0,0.2726912,0.6,0.20690557,0.43936744,0.42807996,17.096546,-3.016413e-08,0.0
8.05,0.0,0.2726912,0.6,0.1865831,0.4411742,0.43128297,15.29115,8.482914e-08,0.0
8.055,0.0,0.2726912,0.6,0.16560899,0.4432764,0.4345127,13.658924,-1.04256436e-07,0.0
8.06,0.0,0.0,0.5536722,0.1457415,0.44582725,0.43697253,12.057637,-3.5867668e-08,0.0
8.065,0.0,0.0,0.5536722,0.13566124,0.448525,0.43906522,10.413345,-1.6284139e-07,0.0
8.07,0.0,0.0,0.5536722,0.115805484,0.44901055,0.44182935,8.772768,-9.7169055e-09,0.0
8.075,0.0,0.0,0.5536722,0.09506596,0.4481537,0.44446492,7.1563473,4.694905e-08,0.0
8.08,0.294306,0.0,0.53858966,0.09342332,0.4487542,0.4459434,4.8390703,-1.5912258e-07,0.0
8.085,0.294306,0.0,0.53858966,0.09178065,0.44800648,0.4480302,2.6372721,-1.0109244e-08,0.0
8.09,0.294306,0.0,0.53858966,0.08701082,0.44608286,0.4503626,0.48902258,-6.301607e-08,0.0
8.095,0.294306,0.0,0.53858966,0.07880987,0.44331962,0.45196995,-4.460914e-09,-1.4283082e-09,0.0
8.1,0.6,0.18884785,0.27218023,0.055180572,0.43179598,0.45429802,-7.547414e-09,1.4498677e-10,0.0
8.105,0.6,0.18884785,0.27218023,0.050263572,0.40996617,0.45574278,-8.5410523e-10,1.1395473e-08,0.0
8.11,0.6,0.18884785,0.27218023,0.037052047,0.38282737,0.45716217,2.5695968e-10,3.1057617e-08,0.0
8.115,0.6,0.18884785,0.27218023,0.03972433,0.35282683,0.45816016,2.454455e-09,2.474605e-08,0.0
8.120000000000001,0.47165403,0.28748104,0.020188076,0.02750614,0.3222988,0.4590821,-4.012137e-09,1.7954939e-08,0.0
8.125,0.47165403,0.28748104,0.020188076,0.06421332,0.29226342,0.45946977,7.6482065e-09,-6.1956738e-09,0.0
8.13,0.47165403,0.28748104,0.020188076,0.09386624,0.2636737,0.4581727,1.3494367e-08,-1.6634276e-08,0.0
8.135,0.47165403,0.28748104,0.020188076,0.10442105,0.23677063,0.45724797,0.42468885,1.1197132e-07,0.0
8.14,0.22469549,0.1645461,0.34020168,0.12077815,0.21215801,0.45698404,1.358662,1.0063863e-07,0.0
8.145,0.22469549,0.1645461,0.34020168,0.13867772,0.1918733,0.45476094,2.6337793,7.888497e-08,0.0
8.15,0.22469549,0.1645461,0.34020168,0.15749575,0.1808346,0.45262146,4.109151,-2.7115993e-08,0.0
8.155,0.22469549,0.1645461,0.34020168,0.16757017,0.17692934,0.45214432,5.6684127,7.8272535e-08,0.0
8.16,0.6,0.35734916,0.38405737,0.1813354,0.1739921,0.4493015,7.1811237,7.8542215e-08,0.0
8.165000000000001,0.6,0.35734916,0.38405737,0.19665511,0.17399076,0.4377775,8.581508,-2.4198318e-08,0.0
8.17,0.6,0.35734916,0.38405737,0.21004108,0.17396843,0.42437068,9.880887,-5.185073e-08,0.0
8.175,0.6,0.35734916,0.38405737,0.23064117,0.17442994,0.41092658,11.108147,2.8756592e-08,0.0
8.18,0.6,0.5727853,0.6,0.22936296,0.17568272,0.39855677,12.342812,8.097858e-10,0.0
8.185,0.6,0.5727853,0.6,0.22948118,0.17688845,0.38906595,13.925418,3.4820197e-08,0.0
8.19,0.6,0.5727853,0.6,0.23036689,0.17770627,0.3821907,15.419635,8.751831e-08,0.0
8.195,0.6,0.5727853,0.6,0.23905428,0.17873837,0.37678045,16.553085,3.734255e-08,0.0
8.2,0.27213728,0.6,0.6,0.24644673,0.18587394,0.3727918,17.427004,6.6762844e-08,0.0
8.205,0.27213728,0.6,0.6,0.26331702,0.19777781,0.37004727,18.14193,1.1773012e-07,0.0
8.21,0.27213728,0.6,0.6,0.2844362,0.2072843,0.3699148,18.822987,5.281728e-08,0.0
8.215,0.27213728,0.6,0.6,0.2956293,0.21712281,0.37039268,19.600426,2.2266972e-08,0.0
8.22,0.1857574,0.5708431,0.6,0.30353668,0.23216102,0.36992487,20.51001,1.207484e-07,0.0
8.225,0.1857574,0.5708431,0.6,0.32383046,0.24675311,0.37036824,21.515816,-4.3749657e-09,0.0
8.23,0.1857574,0.5708431,0.6,0.33246508,0.2596053,0.37146682,22.645926,9.2663065e-08,0.0
8.235,0.1857574,0.5708431,0.6,0.33348152,0.2733836,0.37157354,23.885326,4.060664e-08,0.0
8.24,0.40125126,0.6,0.6,0.3351315,0.28731912,0.37234885,25.135347,1.1385866e-07,0.0
8.245000000000001,0.40125126,0.6,0.6,0.33319482,0.29822698,0.37495527,26.248808,4.7957375e-08,0.0
8.25,0.40125126,0.6,0.6,0.3326519,0.31124339,0.37709332,27.651073,9.736542e-08,0.0
8.255,0.40125126,0.6,0.6,0.33238146,0.32388166,0.37958395,29.330563,9.9309354e-08,0.0
8.26,0.38029662,0.6,0.6,0.335601,0.33411163,0.38420284,30.988958,6.881278e-08,0.0
8.265,0.38029662,0.6,0.6,0.33470353,0.34470752,0.38949257,31.924597,2.9825486e-08,0.0
8.27,0.38029662,0.6,0.6,0.33715734,0.3559813,0.3942021,32.530518,2.017655e-08,0.0
8.275,0.38029662,0.6,0.6,0.33984128,0.3645359,0.39953655,32.5522,1.1364017e-08,0.0
8.28,0.028850485,0.6,0.41010877,0.33540657,0.3730219,0.405471,31.869991,3.3391963e-09,0.0
8.285,0.028850485,0.6,0.41010877,0.33591276,0.38190582,0.40966007,31.25389,-1.1412866e-08,0.0
8.290000000000001,0.028850485,0.6,0.41010877,0.33223337,0.38835603,0.41395324,30.393637,1.9947693e-08,0.0
8.295,0.028850485,0.6,0.41010877,0.32735512,0.3939828,0.41826692,29.633768,2.157551e-09,0.0
8.3,0.0,0.6,0.6,0.33271992,0.40106365,0.42094845,29.192028,3.262121e-08,0.0
8.305,0.0,0.6,0.6,0.3324354,0.40583378,0.42357448,28.42319,-3.3822758e-08,0.0
8.31,0.0,0.6,0.6,0.33362633,0.41028014,0.42554066,27.741718,3.3180594e-08,0.0
8.315,0.0,0.6,0.6,0.33077875,0.4148413,0.426823,26.878962,7.742667e-09,0.0
8.32,0.0,0.6,0.6,0.33107752,0.41868407,0.42679542,26.184498,-4.4232983e-08,0.0
8.325,0.0,0.6,0.6,0.33540365,0.4218169,0.42686617,25.355951,-2.3939624e-08,0.0
8.33,0.0,0.6,0.6,0.32804728,0.42567337,0.42661113,24.232296,-4.8454535e-08,0.0
8.335,0.0,0.6,0.6,0.32823122,0.42928433,0.42655665,23.494827,-1.697736e-08,0.0
8.34,0.0,0.49299517,0.6,0.32136947,0.43153474,0.42829207,22.771141,-1.3073411e-08,0.0
8.345,0.0,0.49299517,0.6,0.30216178,0.43457264,0.43042466,22.325258,-1.8605132e-08,0.0
8.35,0.0,0.49299517,0.6,0.2699783,0.43746352,0.43231863,22.212492,1.0606423e-08,0.0
8.355,0.0,0.49299517,0.6,0.24630663,0.4396891,0.43510038,22.028255,-2.2362803e-08,0.0
8.36,0.0,0.0,0.6,0.22901632,0.44247854,0.43767413,21.522343,-4.133938e-08,0.0
8.365,0.0,0.0,0.6,0.20124951,0.44481975,0.44027,20.628214,-2.3179965e-08,0.0
8.370000000000001,0.0,0.0,0.6,0.17864051,0.44732326,0.4425607,19.279959,-4.221071e-08,0.0
8.375,0.0,0.0,0.6,0.1685994,0.4495816,0.44492194,17.462278,-9.1295675e-08,0.0
8.38,0.33685675,0.0,0.5024369,0.1489437,0.451528,0.44686493,15.318353,1.737678e-08,0.0
8.385,0.33685675,0.0,0.5024369,0.12881641,0.45268658,0.44906676,12.965739,-8.0110524e-08,0.0
8.39,0.33685675,0.0,0.5024369,0.11744408,0.45276716,0.45054102,10.499751,-1.8610834e-08,0.0
8.395,0.33685675,0.0,0.5024369,0.095714636,0.45108,0.45197803,8.089155,-1.311495e-07,0.0
8.4,0.6,0.11543328,0.36741507,0.081975624,0.44925764,0.45336717,5.1092467,-1.4633942e-07,0.0
8.405,0.6,0.11543328,0.36741507,0.07397785,0.44178823,0.45543402,1.6172526,1.990128e-08,0.0
8.41,0.6,0.11543328,0.36741507,0.07909117,0.4251101,0.45700535,-8.709091e-09,1.1143301e-08,0.0
8.415000000000001,0.6,0.11543328,0.36741507,0.067053735,0.39946356,0.4580906,1.9270996e-09,1.14347e-08,0.0
8.42,0.37195745,0.023015125,0.3700477,0.064019985,0.37117255,0.45931292,3.029023e-09,-3.7715232e-08,0.0
8.425,0.37195745,0.023015125,0.3700477,0.0720066,0.33975473,0.4603063,-1.5248082e-09,-3.990992e-08,0.0
8.43,0.37195745,0.023015125,0.3700477,0.094487585,0.3107703,0.4603265,1.1012676e-09,-4.1553676e-08,0.0
8.435,0.37195745,0.023015125,0.3700477,0.11977433,0.2850986,0.4598062,0.110431835,2.9748966e-08,0.0
8.44,0.32319668,0.1495833,0.6,0.12718017,0.26312542,0.46008307,0.575512,2.6420752e-08,0.0
8.445,0.32319668,0.1495833,0.6,0.15057296,0.24629058,0.45888922,1.6255736,3.0131574e-08,0.0
8.45,0.32319668,0.1495833,0.6,0.17616896,0.23535891,0.45756373,3.1988606,8.329707e-08,0.0
8.455,0.32319668,0.1495833,0.6,0.18977015,0.22550322,0.45746803,5.1083198,1.3952395e-07,0.0
8.46,0.47007632,0.32651317,0.6,0.20654139,0.21608439,0.4569747,7.1231365,1.3789038e-07,0.0
8.465,0.47007632,0.32651317,0.6,0.21869102,0.20904936,0.45608196,9.084088,9.334212e-09,0.0
8.47,0.47007632,0.32651317,0.6,0.23248667,0.20331267,0.45591474,10.911903,2.00881e-07,0.0
8.475,0.47007632,0.32651317,0.6,0.23920165,0.19810191,0.4560227,12.59655,2.7012061e-09,0.0
8.48,0.35200083,0.36741722,0.6,0.24423392,0.19517948,0.4560394,14.130968,1.81892e-08,0.0
8.485,0.35200083,0.36741722,0.6,0.25229892,0.19487321,0.4560848,15.499939,4.024682e-08,0.0
8.49,0.35200083,0.36741722,0.6,0.25906137,0.19508697,0.45609003,16.722149,3.4643033e-08,0.0
8.495000000000001,0.35200083,0.36741722,0.6,0.27588382,0.19517088,0.4560998,17.825428,1.01590445e-07,0.0
8.5,0.2149636,0.6,0.52916086,0.28758848,0.19672228,0.45628184,18.88846,6.230155e-09,0.0
8.505,0.2149636,0.6,0.52916086,0.28606778,0.19803335,0.45619887,19.964079,1.16165644e-07,0.0
8.51,0.2149636,0.6,0.52916086,0.29819533,0.19866079,0.45644307,21.470207,1.1788116e-07,0.0
8.515,0.2149636,0.6,0.52916086,0.31446928,0.20122121,0.4564271,22.989193,5.0363013e-08,0.0
8.52,0.0,0.6,0.4246811,0.3054149,0.2100628,0.45592645,24.294931,1.1194587e-07,0.0
8.525,0.0,0.6,0.4246811,0.30398297,0.22073817,0.45565113,25.88425,1.2074347e-07,0.0
8.53,0.0,0.6,0.4246811,0.3037318,0.2294413,0.45559707,27.79825,-2.9319821e-08,0.0
8.535,0.0,0.6,0.4246811,0.3041285,0.2409421,0.4549913,29.828337,2.1556531e-07,0.0
8.540000000000001,0.0,0.6,0.52477235,0.30142045,0.25636977,0.4551798,31.354832,5.8992125e-08,0.0
8.545,0.0,0.6,0.52477235,0.3032597,0.27034423,0.45507872,32.6981,8.542562e-09,0.0
8.55,0.0,0.6,0.52477235,0.3119308,0.28415665,0.4549114,33.523342,5.9581695e-09,0.0
8.555,0.0,0.6,0.52477235,0.30529338,0.29997858,0.4543312,33.644566,8.420024e-08,0.0
8.56,0.0,0.6,0.6,0.3010594,0.31381896,0.4537681,33.672943,4.8785452e-08,0.0
8.565,0.0,0.6,0.6,0.29248562,0.32568157,0.45342335,33.742348,-3.538247e-08,0.0
8.57,0.0,0.6,0.6,0.28051716,0.33947465,0.4534009,33.67112,-2.213057e-08,0.0
8.575000000000001,0.0,0.6,0.6,0.27169305,0.35130405,0.45307523,33.31217,-2.7785639e-08,0.0
8.58,0.0,0.6,0.6,0.24634868,0.36076918,0.45298693,32.603886,2.1074735e-08,0.0
8.585,0.0,0.6,0.6,0.22429752,0.37174824,0.45269704,31.443378,-3.3411073e-08,0.0
8.59,0.0,0.6,0.6,0.21235318,0.38138178,0.45286646,29.764576,-1.5202437e-07,0.0
8.595,0.0,0.6,0.6,0.18599342,0.38857105,0.45274958,27.651213,-4.3416104e-08,0.0
8.6,0.0,0.24528809,0.59769624,0.17211376,0.39667773,0.45236847,25.148727,-2.6235005e-09,0.0
8.605,0.0,0.24528809,0.59769624,0.14388315,0.403512,0.45244867,22.344994,2.1457294e-07,0.0
8.61,0.0,0.24528809,0.59769624,0.118640706,0.40817556,0.4527421,19.267614,-9.313325e-08,0.0
8.615,0.0,0.24528809,0.59769624,0.097558394,0.4131943,0.4526859,15.93037,-1.357921e-07,0.0
8.620000000000001,0.20742485,0.0,0.4359349,0.092474625,0.418225,0.45234138,12.451904,6.726893e-08,0.0
8.625,0.20742485,0.0,0.4359349,0.07840541,0.4205366,0.45255628,9.096316,4.293755e-09,0.0
8.63,0.20742485,0.0,0.4359349,0.067781724,0.41847804,0.45251578,6.0609093,2.391555e-08,0.0
8.635,0.20742485,0.0,0.4359349,0.057585828,0.41598016,0.45230854,2.8032024,6.1976564e-08,0.0
8.64,0.6,0.10457773,0.37160012,0.05157746,0.4123696,0.45293376,-2.229176e-08,1.8053738e-07,0.0
8.645,0.6,0.10457773,0.37160012,0.050384484,0.40773386,0.45347267,5.2785887e-09,-9.665644e-09,0.0
8.65,0.6,0.10457773,0.37160012,0.04955076,0.40449354,0.45337957,4.591934e-10,-3.840373e-09,0.0
8.655,0.6,0.10457773,0.37160012,0.056981545,0.40216005,0.45311078,-1.3554962e-08,-1.5808471e-08,0.0
8.66,0.38299778,0.0,0.284978,0.05939013,0.3990062,0.4532026,1.1422315e-08,1.0866077e-08,0.0
8.665000000000001,0.38299778,0.0,0.284978,0.059081443,0.39576817,0.45271567,4.3064854e-09,2.2979831e-08,0.0
8.67,0.38299778,0.0,0.284978,0.079330966,0.39218947,0.45152867,6.4154877e-09,7.3693194e-08,0.0
8.675,0.38299778,0.0,0.284978,0.095787466,0.38502774,0.4513549,2.2372209e-08,-1.094643e-07,0.0
8.68,0.3146738,0.0,0.6,0.10153584,0.37045562,0.45161128,5.8186016e-09,1.8296458e-09,0.0
8.685,0.3146738,0.0,0.6,0.12303133,0.35492542,0.44990885,1.4092703e-08,1.8880955e-08,0.0
8.69,0.3146738,0.0,0.6,0.130104,0.33991587,0.4487557,0.09204122,3.5331766e-08,0.0
8.695,0.3146738,0.0,0.6,0.15387318,0.3236055,0.44854137,0.39840847,5.8553056e-08,0.0
8.700000000000001,0.6,0.04820436,0.6,0.17070933,0.3031707,0.44837487,1.0855013,1.0722981e-08,0.0
8.705,0.6,0.04820436,0.6,0.18135324,0.28051123,0.44793087,2.2118428,-5.0844164e-09,0.0
8.71,0.6,0.04820436,0.6,0.19367313,0.25663954,0.44846144,3.665054,6.199615e-08,0.0
8.715,0.6,0.04820436,0.6,0.21225059,0.2323313,0.44858718,5.4970474,1.00890034e-07,0.0
8.72,0.6,0.6,0.53378516,0.22601748,0.20966044,0.4485095,7.5965548,1.5805605e-07,0.0
8.725,0.6,0.6,0.53378516,0.22550753,0.18756384,0.4490579,9.743852,7.298237e-08,0.0
8.73,0.6,0.6,0.53378516,0.23667064,0.16761552,0.44877923,12.1155815,1.8243136e-07,0.0
8.735,0.6,0.6,0.53378516,0.24516913,0.15215492,0.44881734,14.297942,1.2848164e-07,0.0
8.74,0.0,0.6,0.04710061,0.2556444,0.14466913,0.4488443,16.073887,1.0948154e-07,0.0
8.745000000000001,0.0,0.6,0.04710061,0.2632207,0.14146625,0.44803455,17.543215,1.4980097e-07,0.0
8.75,0.0,0.6,0.04710061,0.290693,0.1394121,0.4482004,18.780413,-7.319196e-08,0.0
8.755,0.0,0.6,0.04710061,0.30802327,0.13999954,0.4483858,19.955572,5.0019572e-08,0.0
8.76,0.32849693,0.6,0.0,0.31597325,0.14170983,0.4481769,21.180767,9.118578e-08,0.0
8.765,0.32849693,0.6,0.0,0.31966406,0.14492115,0.44726065,22.441826,2.8087056e-08,0.0
8.77,0.32849693,0.6,0.0,0.32713607,0.14937304,0.44618264,23.68542,7.446529e-08,0.0
8.775,0.32849693,0.6,0.0,0.33569744,0.16287075,0.446389,24.891842,7.381625e-08,0.0
8.78,0.43109074,0.6,0.0,0.3261192,0.1796815,0.44373864,26.073484,7.370292e-08,0.0
8.785,0.43109074,0.6,0.0,0.31459895,0.19378176,0.43328312,27.685312,3.5739305e-08,0.0
8.790000000000001,0.43109074,0.6,0.0,0.3211691,0.20863748,0.41895357,29.67368,1.2378771e-07,0.0
8.795,0.43109074,0.6,0.0,0.3127789,0.22578683,0.40626964,31.304985,8.717228e-08,0.0
8.8,0.3426663,0.6,0.0,0.3187607,0.23988669,0.38987252,32.872013,7.1924844e-09,0.0
8.805,0.3426663,0.6,0.0,0.3118923,0.25435004,0.37036666,34.100494,6.1442136e-09,0.0
8.81,0.3426663,0.6,0.0,0.3111707,0.27011764,0.34695894,35.221832,2.8880503e-08,0.0
8.815,0.3426663,0.6,0.0,0.315806,0.28439838,0.32301787,36.33084,1.0317319e-07,0.0
8.82,0.24546896,0.6,0.0,0.31768075,0.29751933,0.2974264,36.748413,4.443273e-08,0.0
8.825000000000001,0.24546896,0.6,0.0,0.31990415,0.31287652,0.27285406,36.337547,3.966928e-08,0.0
8.83,0.24546896,0.6,0.0,0.31354895,0.32561353,0.24880901,35.32096,-2.302759e-08,0.0
8.835,0.24546896,0.6,0.0,0.31438965,0.33582285,0.22603354,34.37442,-2.2332381e-08,0.0
8.84,0.49559137,0.32716778,0.0,0.31478345,0.34797966,0.20481049,33.204876,-5.803729e-08,0.0
8.845,0.49559137,0.32716778,0.0,0.31559694,0.358952,0.1851878,31.603563,0.22025079,0.0
8.85,0.49559137,0.32716778,0.0,0.31433812,0.3668083,0.1673173,29.801968,0.4263958,0.0
8.855,0.49559137,0.32716778,0.0,0.31385374,0.37557578,0.15064912,28.541443,-4.6734286e-08,0.0
8.86,0.50677466,0.51605475,0.0,0.32119003,0.3832293,0.13581638,27.757883,6.9275665e-09,0.0
8.865,0.50677466,0.51605475,0.0,0.31705406,0.38665664,0.12241941,26.841599,0.2254025,0.0
8.870000000000001,0.50677466,0.51605475,0.0,0.3036859,0.38603565,0.11027447,26.238337,-4.455765e-09,0.0
8.875,0.50677466,0.51605475,0.0,0.31076637,0.38500112,0.09904163,25.238909,0.46516412,0.0
8.88,0.24318562,0.18771982,0.0,0.3173186,0.3846813,0.08451347,23.20551,1.8279141,0.0
8.885,0.24318562,0.18771982,0.0,0.31316403,0.3853606,0.07672808,20.547924,3.6008704,0.0
8.89,0.24318562,0.18771982,0.0,0.3241388,0.38751826,0.07214288,19.199936,3.6218169,0.0
8.895,0.24318562,0.18771982,0.0,0.33830363,0.38966325,0.056987695,18.856583,2.2875195,0.0
8.9,0.6,0.26388317,0.0,0.35157782,0.39345476,0.05068318,18.933376,0.27688482,0.0
8.905,0.6,0.26388317,0.0,0.35665956,0.3979914,0.047791664,18.967793,9.866522e-09,0.0
8.91,0.6,0.26388317,0.0,0.3629044,0.40084153,0.031730287,19.254967,3.139531e-08,0.0
8.915000000000001,0.6,0.26388317,0.0,0.36129558,0.40114024,0.03868471,19.740425,1.671583e-08,0.0
8.92,0.5402307,0.280282,0.07862594,0.35904294,0.40084255,0.03485583,20.897165,9.0680246e-08,0.0
8.925,0.5402307,0.280282,0.07862594,0.3497676,0.4005447,0.028934257,21.998203,0.17062913,0.0
8.93,0.5402307,0.280282,0.07862594,0.34977466,0.39886332,0.020575233,22.537931,0.7110302,0.0
8.935,0.5402307,0.280282,0.07862594,0.35859844,0.3978832,0.017819362,22.666471,1.4494426,0.0
8.94,0.3996367,0.27116635,0.29504338,0.3527285,0.3977505,0.00572787,21.908878,2.9117396,0.0
8.945,0.3996367,0.27116635,0.29504338,0.35359445,0.3962403,0.011542566,21.075287,4.1738906,0.0
8.950000000000001,0.3996367,0.27116635,0.29504338,0.36329868,0.39551732,0.0069200066,19.926365,5.5124865,0.0
8.955,0.3996367,0.27116635,0.29504338,0.37704062,0.39541855,-0.003519511,18.449585,6.9350247,0.0
8.96,0.6,0.6,0.2073306,0.38509288,0.39341122,0.0027332993,17.0609,7.978948,0.0
8.965,0.6,0.6,0.2073306,0.39110437,0.38594627,-0.0031283963,15.981679,8.410721,0.0
8.97,0.6,0.6,0.2073306,0.39561048,0.37678343,0.005664542,15.322429,8.125143,0.0
8.975,0.6,0.6,0.2073306,0.3918892,0.36968398,0.011128187,15.115153,7.1054487,0.0
8.98,0.44150928,0.6,0.6,0.38919222,0.35992467,0.027157875,16.036776,4.6185317,0.0
8.985,0.44150928,0.6,0.6,0.3970204,0.3505563,0.03504521,17.936647,0.8669104,0.0
8.99,0.44150928,0.6,0.6,0.39765716,0.3443697,0.04522525,19.095411,0.0048144483,0.0
8.995000000000001,0.44150928,0.6,0.6,0.39378664,0.34084958,0.06787732,19.785185,0.047870412,0.0
9.0,0.31457597,0.5374362,0.6,0.40634695,0.33944982,0.07283138,20.886686,1.1245314e-07,0.0
9.005,0.31457597,0.5374362,0.6,0.41941136,0.33843493,0.08154782,21.873137,0.1586978,0.0
9.01,0.31457597,0.5374362,0.6,0.41497225,0.33917916,0.09762668,22.485748,0.47890157,0.0
9.015,0.31457597,0.5374362,0.6,0.41116676,0.3404585,0.118867084,24.1687,1.082844e-07,0.0
9.02,0.27891624,0.5711749,0.6,0.4202513,0.3408702,0.13321881,26.794243,1.6924194e-07,0.0
9.025,0.27891624,0.5711749,0.6,0.4360151,0.3423099,0.15014242,29.220924,0.20348366,0.0
9.03,0.27891624,0.5711749,0.6,0.42400992,0.34557003,0.16636346,31.049051,0.8124043,0.0
9.035,0.27891624,0.5711749,0.6,0.4191901,0.3507294,0.17961706,33.150177,0.8642367,0.0
9.040000000000001,0.36328655,0.6,0.6,0.42848507,0.35617003,0.19412822,35.51797,0.38734275,0.0
9.045,0.36328655,0.6,0.6,0.4207589,0.36264008,0.20927307,36.982643,0.7040902,0.0
9.05,0.36328655,0.6,0.6,0.41832027,0.37070432,0.22140934,38.145138,1.1254143,0.0
9.055,0.36328655,0.6,0.6,0.41701978,0.37673613,0.23536594,39.328724,1.2969942,0.0
9.06,0.0,0.6,0.6,0.42079118,0.3832278,0.24896957,40.341698,1.4418893,0.0
9.065,0.0,0.6,0.6,0.4236953,0.38991278,0.26067412,40.30635,2.5427108,0.0
9.07,0.0,0.6,0.6,0.423191,0.39478895,0.2720403,39.24591,4.52704,0.0
9.075000000000001,0.0,0.6,0.6,0.41910714,0.39982623,0.2843821,38.597782,5.2198505,0.0
9.08,0.0,0.6,0.6,0.4235861,0.40504423,0.2950295,38.732914,3.4429846,0.0
9.085,0.0,0.6,0.6,0.4217094,0.40897897,0.30545524,38.526913,0.06386219,0.0
9.09,0.0,0.6,0.6,0.42058992,0.41249067,0.31614214,37.63572,2.4195593e-08,0.0
9.095,0.0,0.6,0.6,0.41792068,0.41644004,0.32573798,37.201736,1.6557868e-09,0.0
9.1,0.0,0.6,0.6,0.40488768,0.41924044,0.33486348,37.06538,1.2309938e-09,0.0
9.105,0.0,0.6,0.6,0.3815147,0.42127794,0.34455377,37.030327,-4.6442774e-09,0.0
9.11,0.0,0.6,0.6,0.359008,0.4232336,0.3534337,36.87668,-1.3363526e-08,0.0
9.115,0.0,0.6,0.6,0.32829568,0.4251471,0.36078498,36.445946,5.9373524e-09,0.0
9.120000000000001,0.0,0.39754173,0.6,0.2975013,0.4259949,0.36969516,35.604717,9.194441e-09,0.0
9.125,0.0,0.39754173,0.6,0.2694545,0.42753062,0.37761837,34.257935,-5.0765397e-08,0.0
9.13,0.0,0.39754173,0.6,0.2347956,0.42903656,0.38425568,32.37517,8.79796e-08,0.0
9.135,0.0,0.39754173,0.6,0.2201168,0.43031466,0.39100692,29.930935,-2.1828954e-07,0.0
9.14,0.0,0.0,0.6,0.19652103,0.4317411,0.3976456,27.068373,5.3300077e-08,0.0
9.145,0.0,0.0,0.6,0.17036127,0.4333317,0.40300894,23.933126,3.3849204e-08,0.0
9.15,0.0,0.0,0.6,0.16550183,0.43454468,0.40843442,20.595201,4.0779085e-08,0.0
9.155,0.0,0.0,0.6,0.15994145,0.43426806,0.41312894,17.238277,-2.3395454e-07,0.0
9.16,0.2879418,0.0,0.4308374,0.13732171,0.43367028,0.416477,13.384561,-1.9664148e-08,0.0
9.165000000000001,0.2879418,0.0,0.4308374,0.1195243,0.43285018,0.41942078,9.041778,-2.0726056e-07,0.0
9.17,0.2879418,0.0,0.4308374,0.09595706,0.43135816,0.4223023,4.6643066,-9.317097e-09,0.0
9.175,0.2879418,0.0,0.4308374,0.078642696,0.42884284,0.42466155,0.618829,-9.994545e-08,0.0
9.18,0.6,0.16180645,0.53266627,0.07163344,0.42614672,0.42757425,3.6387067e-09,-3.8310784e-08,0.0
9.185,0.6,0.16180645,0.53266627,0.06335707,0.41918293,0.4312218,1.5532695e-08,-1.8117687e-08,0.0
9.19,0.6,0.16180645,0.53266627,0.056111995,0.40172306,0.4346874,4.750899e-09,1.2784149e-08,0.0
9.195,0.6,0.16180645,0.53266627,0.05905584,0.37684777,0.43627954,7.235934e-09,2.3521025e-08,0.0
9.200000000000001,0.48529223,0.2047075,0.012091613,0.061208893,0.3491859,0.4370452,1.3915441e-08,2.0305754e-08,0.0
9.205,0.48529223,0.2047075,0.012091613,0.05096555,0.31940222,0.4378217,1.556392e-08,-6.9758315e-09,0.0
9.21,0.48529223,0.2047075,0.012091613,0.07078462,0.2914627,0.43833077,-9.530331e-09,-2.9557208e-08,0.0
9.215,0.48529223,0.2047075,0.012091613,0.10706317,0.2676622,0.43915948,0.021138767,-4.860968e-08,0.0
9.22,0.41733873,0.31984338,0.18787709,0.118208855,0.24804594,0.44000295,0.557878,6.813293e-08,0.0
9.225,0.41733873,0.31984338,0.18787709,0.128663,0.2347261,0.4396403,1.6863738,5.4954334e-08,0.0
9.23,0.41733873,0.31984338,0.18787709,0.15373579,0.22693692,0.4381951,3.1395447,-4.380866e-08,0.0
9.235,0.41733873,0.31984338,0.18787709,0.15963098,0.22199331,0.4374835,4.7749186,6.2586395e-08,0.0
9.24,0.6,0.34454027,0.3291082,0.16510214,0.21883744,0.43718016,6.4077888,2.4469804e-08,0.0
9.245000000000001,0.6,0.34454027,0.3291082,0.19539437,0.21736956,0.43449432,7.868663,3.498013e-08,0.0
9.25,0.6,0.34454027,0.3291082,0.20847382,0.21757089,0.4319357,9.229439,4.6515577e-08,0.0
9.255,0.6,0.34454027,0.3291082,0.21928905,0.21812394,0.42905253,10.547493,4.540534e-08,0.0
9.26,0.6,0.6,0.26422027,0.24424803,0.21860246,0.4205004,11.818212,4.0988205e-08,0.0
9.265,0.6,0.6,0.26422027,0.2481185,0.21999775,0.40581375,13.1310005,-4.399659e-09,0.0
9.27,0.6,0.6,0.26422027,0.2582522,0.2211285,0.39200458,14.465723,-1.933322e-08,0.0
9.275,0.6,0.6,0.26422027,0.27711877,0.22156845,0.37898695,15.78441,2.33985e-08,0.0
9.28,0.40830025,0.6,0.5867918,0.283016,0.22331317,0.3686255,17.132101,7.3813865e-08,0.0
9.285,0.40830025,0.6,0.5867918,0.29580325,0.23097403,0.36056772,18.489567,1.8803986e-08,0.0
9.290000000000001,0.40830025,0.6,0.5867918,0.31217194,0.24198371,0.352446,19.8448,8.25341e-08,0.0
9.295,0.40830025,0.6,0.5867918,0.33558184,0.25159687,0.344176,21.227589,1.8958475e-07,0.0
9.3,0.16102515,0.6,0.5262449,0.34639198,0.2635709,0.33734185,22.70015,2.4037824e-08,0.0
9.305,0.16102515,0.6,0.5262449,0.3495495,0.27729636,0.3334875,24.254728,9.232692e-08,0.0
9.31,0.16102515,0.6,0.5262449,0.3532478,0.2893534,0.33300248,25.779594,1.274105e-07,0.0
9.315,0.16102515,0.6,0.5262449,0.35275334,0.30141965,0.33249536,27.137024,1.06699886e-07,0.0
9.32,0.17743285,0.49632037,0.6,0.36078578,0.31469154,0.33217645,28.785181,1.3696757e-07,0.0
9.325000000000001,0.17743285,0.49632037,0.6,0.35927275,0.3259027,0.33312368,30.180456,3.0032986e-08,0.0
9.33,0.17743285,0.49632037,0.6,0.36218905,0.3365653,0.33405092,31.541975,1.5157134e-07,0.0
9.335,0.17743285,0.49632037,0.6,0.3619039,0.34792668,0.33409488,32.444576,1.4373572e-08,0.0
9.34,0.41880992,0.6,0.6,0.36177993,0.35814136,0.33573833,33.20618,2.9232712e-08,0.0
9.345,0.41880992,0.6,0.6,0.3571155,0.36679727,0.33966464,34.05104,2.1572818e-08,0.0
9.35,0.41880992,0.6,0.6,0.35482308,0.37611648,0.34349716,34.800995,1.7564966e-08,0.0
9.355,0.41880992,0.6,0.6,0.3529117,0.38223612,0.34901568,35.346806,4.7656062e-08,0.0
9.36,0.0,0.6,0.4154826,0.35955113,0.3875211,0.35748705,35.65313,9.9506074e-09,0.0
9.365,0.0,0.6,0.4154826,0.36535722,0.39287916,0.36683497,35.193943,3.6957378e-08,0.0
9.370000000000001,0.0,0.6,0.4154826,0.3619569,0.3970994,0.37533802,33.981125,-1.3603727e-07,0.0
9.375,0.0,0.6,0.4154826,0.36490875,0.400642,0.3844728,32.921917,-8.4795325e-08,0.0
9.38,0.0,0.6,0.6,0.3516956,0.40486625,0.39299166,31.739058,-1.6795835e-07,0.0
9.385,0.0,0.6,0.6,0.34765944,0.4094818,0.3985609,30.75466,-1.784135e-08,0.0
9.39,0.0,0.6,0.6,0.3484734,0.41279832,0.402624,30.179726,-9.978771e-10,0.0
9.395,0.0,0.6,0.6,0.34948936,0.41687655,0.40502912,29.315939,2.2204176e-09,0.0
9.4,0.0,0.6,0.6,0.34908465,0.42101315,0.4065572,28.018845,-7.921945e-08,0.0
9.405,0.0,0.6,0.6,0.33900228,0.42400205,0.40886328,27.075352,-1.1225599e-08,0.0
9.41,0.0,0.6,0.6,0.3102433,0.42722493,0.4109935,26.636879,-1.7613882e-08,0.0
9.415000000000001,0.0,0.6,0.6,0.28349483,0.43033633,0.41275948,26.322456,-1.7211294e-08,0.0
9.42,0.0,0.43803588,0.6,0.2630597,0.43198225,0.41567227,25.817802,-2.3398547e-08,0.0
9.425,0.0,0.43803588,0.6,0.23617378,0.43397895,0.41908082,24.981966,-3.126584e-08,0.0
9.43,0.0,0.43803588,0.6,0.2129232,0.43572438,0.42208752,23.728092,6.4607684e-09,0.0
9.435,0.0,0.43803588,0.6,0.1948097,0.43680418,0.4253225,22.039253,5.7353443e-08,0.0
9.44,0.0,0.0,0.6,0.17413591,0.43792647,0.42867687,19.9893,-2.0103434e-09,0.0
9.445,0.0,0.0,0.6,0.15595487,0.4394368,0.4315032,17.647894,1.9994841e-08,0.0
9.450000000000001,0.0,0.0,0.6,0.13713637,0.44068605,0.43427944,15.090982,2.8815004e-08,0.0
9.455,0.0,0.0,0.6,0.11688812,0.44130862,0.43745854,12.419162,1.4845229e-08,0.0
9.46,0.23199438,0.0,0.45720306,0.11881733,0.44199872,0.43976426,9.744111,-1.8311091e-07,0.0
9.465,0.23199438,0.0,0.45720306,0.09885872,0.44285524,0.44176224,7.086424,-9.278663e-08,0.0
9.47,0.23199438,0.0,0.45720306,0.09022388,0.4427686,0.44399643,4.746611,-2.9209811e-08,0.0
9.475,0.23199438,0.0,0.45720306,0.06865628,0.44045287,0.44645235,2.2212384,1.534613e-07,0.0
9.48,0.6,0.0,0.596001,0.059990413,0.43827018,0.44847676,5.968547e-08,-1.19057546e-07,0.0
9.485,0.6,0.0,0.596001,0.051629853,0.43502495,0.45005065,3.0728435e-09,1.7389903e-08,0.0
9.49,0.6,0.0,0.596001,0.04711888,0.42420018,0.45156,-1.9079776e-09,-2.3069836e-08,0.0
9.495000000000001,0.6,0.0,0.596001,0.037330445,0.40182278,0.45306274,-7.449842e-09,-1.0315353e-08,0.0
9.5,0.4819083,0.14477567,0.2549573,0.024187308,0.37527877,0.45372137,5.3666125e-09,-2.3332472e-08,0.0
9.505,0.4819083,0.14477567,0.2549573,0.036380902,0.34571204,0.4540591,-2.4304253e-11,-2.1579663e-08,0.0
9.51,0.4819083,0.14477567,0.2549573,0.048088305,0.315731,0.45491743,1.4888311e-09,-2.6668998e-09,0.0
9.515,0.4819083,0.14477567,0.2549573,0.072040364,0.28582177,0.4553788,2.1159754e-09,1.2450984e-08,0.0
9.52,0.34246454,0.4564134,0.23855743,0.07939225,0.258621,0.4551515,0.043864194,1.8059141e-09,0.0
9.525,0.34246454,0.4564134,0.23855743,0.106761426,0.23122357,0.45510346,0.4204726,-4.531397e-09,0.0
9.53,0.34246454,0.4564134,0.23855743,0.12519565,0.20924088,0.4535454,1.2897382,1.8482103e-08,0.0
9.535,0.34246454,0.4564134,0.23855743,0.145099,0.19245589,0.4521678,2.5672512,1.0708895e-07,0.0
9.540000000000001,0.57848877,0.5343521,0.23248783,0.16601042,0.18145931,0.4517283,4.107379,-1.5618255e-08,0.0
9.545,0.57848877,0.5343521,0.23248783,0.180901,0.17610943,0.44937867,5.78053,-9.361314e-09,0.0
9.55,0.57848877,0.5343521,0.23248783,0.19044985,0.17316777,0.4475259,7.457669,4.484607e-08,0.0
9.555,0.57848877,0.5343521,0.23248783,0.20447621,0.17389078,0.44713232,9.027298,1.4030425e-07,0.0
9.56,0.6,0.5580428,0.18457949,0.21723704,0.17441079,0.4455069,10.465736,1.8636817e-08,0.0
9.565,0.6,0.5580428,0.18457949,0.22622809,0.17566389,0.43800214,11.79803,1.12879825e-07,0.0
9.57,0.6,0.5580428,0.18457949,0.23561954,0.18358491,0.42873076,13.037442,6.9098654e-08,0.0
9.575000000000001,0.6,0.5580428,0.18457949,0.24416953,0.19878952,0.418988,14.201001,1.1391494e-07,0.0
9.58,0.4088016,0.6,0.0,0.26047218,0.21264336,0.40567282,15.306735,1.06054465e-07,0.0
9.585,0.4088016,0.6,0.0,0.27021083,0.22621475,0.39210644,16.414017,1.8427357e-09,0.0
9.59,0.4088016,0.6,0.0,0.2731653,0.24176255,0.38079366,17.546986,1.5242346e-08,0.0
9.595,0.4088016,0.6,0.0,0.28457278,0.2561377,0.3666977,18.662596,7.8928215e-09,0.0
9.6,0.5196393,0.6,0.0,0.29467064,0.26873034,0.35331824,19.761755,3.6617863e-08,0.0
9.605,0.5196393,0.6,0.0,0.30366573,0.28279847,0.34140173,20.862627,6.732244e-08,0.0
9.61,0.5196393,0.6,0.0,0.31533787,0.29528975,0.32919762,21.953081,3.559254e-08,0.0
9.615,0.5196393,0.6,0.0,0.3210106,0.30619135,0.3131383,22.980698,2.4938943e-08,0.0
9.620000000000001,0.5995972,0.6,0.38078487,0.32187796,0.31780446,0.2949155,23.871,8.438714e-08,0.0
9.625,0.5995972,0.6,0.38078487,0.33726203,0.32914993,0.2740883,24.546251,1.6699184e-08,0.0
9.63,0.5995972,0.6,0.38078487,0.33834216,0.33816087,0.2528517,25.0341,2.2802961e-08,0.0
9.635,0.5995972,0.6,0.38078487,0.33733717,0.34815374,0.23122862,25.343884,2.2690594e-08,0.0
9.64,0.56416976,0.6,0.6,0.3465166,0.35773256,0.20999502,26.000996,-8.1636395e-09,0.0
9.645,0.56416976,0.6,0.6,0.35398877,0.36501288,0.19004242,26.521559,0.18328436,0.0
9.65,0.56416976,0.6,0.6,0.35987717,0.37280485,0.17200838,26.644611,0.56436765,0.0
9.655,0.56416976,0.6,0.6,0.3579996,0.37987036,0.15975384,26.527792,0.9637911,0.0
9.66,0.12779157,0.6,0.5657692,0.37540635,0.38507897,0.15623896,26.948101,0.51526886,0.0
9.665000000000001,0.12779157,0.6,0.5657692,0.38711166,0.3900235,0.15498014,27.30684,-1.2160661e-09,0.0
9.67,0.12779157,0.6,0.5657692,0.3951319,0.39553228,0.1540066,27.293686,-5.0101683e-09,0.0
9.675,0.12779157,0.6,0.5657692,0.40006855,0.3994318,0.15900387,27.149609,4.5333737e-09,0.0
9.68,0.32274994,0.49789083,0.6,0.39620966,0.40345833,0.1735588,26.94714,-3.6627341e-09,0.0
9.685,0.32274994,0.49789083,0.6,0.39757678,0.40862226,0.1859581,27.32893,6.8252874e-08,0.0
9.69,0.32274994,0.49789083,0.6,0.40921044,0.41319266,0.19989493,27.69254,0.17028816,0.0
9.695,0.32274994,0.49789083,0.6,0.40786627,0.41710663,0.21579164,27.73003,0.46128875,0.0
9.700000000000001,0.36707547,0.5665803,0.6,0.41749665,0.42086905,0.2280972,28.340324,-4.9368534e-08,0.0
9.705,0.36707547,0.5665803,0.6,0.40245086,0.42306656,0.23949215,28.746021,0.20388883,0.0
9.71,0.36707547,0.5665803,0.6,0.39649937,0.42534068,0.25346237,29.409424,2.4309442e-08,0.0
9.715,0.36707547,0.5665803,0.6,0.39151406,0.42706224,0.26585072,30.333906,7.241898e-08,0.0
9.72,0.0,0.6,0.52475363,0.39534616,0.42900077,0.27585232,31.330154,3.7836795e-08,0.0
9.725,0.0,0.6,0.52475363,0.3947067,0.42998752,0.28799292,31.599152,0.3393306,0.0
9.73,0.0,0.6,0.52475363,0.38116416,0.43023095,0.30011946,31.845991,8.4855785e-09,0.0
9.735,0.0,0.6,0.52475363,0.3860223,0.43066025,0.31049415,32.136143,3.204504e-08,0.0
9.74,0.0,0.6,0.6,0.3917225,0.4308012,0.3213116,31.84828,-2.40496e-08,0.0
9.745000000000001,0.0,0.6,0.6,0.38958412,0.4311979,0.3317031,30.923643,-2.279659e-08,0.0
9.75,0.0,0.6,0.6,0.38129586,0.4309753,0.34078598,30.282131,1.8794605e-08,0.0
9.755,0.0,0.6,0.6,0.3651891,0.43028212,0.35009724,29.453878,1.1907254e-08,0.0
9.76,0.0,0.6,0.6,0.3440916,0.42939138,0.35869598,28.09455,7.7509384e-08,0.0
9.765,0.0,0.6,0.6,0.33205032,0.42880848,0.36602125,26.314615,-4.9970946e-08,0.0
9.77,0.0,0.6,0.6,0.30652684,0.42786998,0.37332729,24.255758,9.723569e-09,0.0
9.775,0.0,0.6,0.6,0.29742143,0.4280594,0.38089687,21.978899,-1.2540681e-08,0.0
9.78,0.0,0.18349913,0.6,0.27137813,0.42894375,0.38720167,20.29522,-1.4400232e-08,0.0
9.785,0.0,0.18349913,0.6,0.23774453,0.42972055,0.3935104,19.294336,-1.4110965e-09,0.0
9.790000000000001,0.0,0.18349913,0.6,0.2152291,0.43140382,0.3996228,18.50375,5.4235203e-09,0.0
9.795,0.0,0.18349913,0.6,0.19727178,0.43326974,0.40529498,17.630098,-2.0809807e-08,0.0
9.8,0.0,0.0,0.6,0.17645414,0.43519172,0.40977678,16.550701,-5.242782e-08,0.0
9.805,0.0,0.0,0.6,0.15563156,0.43592644,0.41437897,15.195976,-3.2951775e-08,0.0
9.81,0.0,0.0,0.6,0.1561514,0.4351921,0.41785774,13.54591,7.261456e-08,0.0
9.815,0.0,0.0,0.6,0.13063355,0.4351168,0.4209229,10.821813,-4.4172566e-08,0.0
9.82,0.25732931,0.0,0.53310096,0.11529997,0.4342027,0.42464435,7.294986,-5.731463e-08,0.0
9.825000000000001,0.25732931,0.0,0.53310096,0.0949566,0.43254134,0.42787388,3.6151664,1.5438891e-09,0.0
9.83,0.25732931,0.0,0.53310096,0.086169966,0.43138337,0.431221,0.15969773,-1.3937408e-08,0.0
9.835,0.25732931,0.0,0.53310096,0.070314705,0.43021333,0.43482286,8.180328e-09,-2.0066164e-09,0.0
9.84,0.6,0.07180996,0.23927777,0.06832537,0.4245646,0.43812218,5.5288942e-09,-5.423616e-09,0.0
9.845,0.6,0.07180996,0.23927777,0.062054485,0.40812436,0.44084147,5.8535976e-09,-7.528449e-09,0.0
9.85,0.6,0.07180996,0.23927777,0.063469484,0.38452664,0.44380623,-1.4439142e-09,-1.3274103e-08,0.0
9.855,0.6,0.07180996,0.23927777,0.08163784,0.35668564,0.44550318,5.4601967e-09,-3.3025305e-08,0.0
9.86,0.5007908,0.41124332,0.041169155,0.08714269,0.32784966,0.4465769,2.2768831e-09,-1.6640403e-08,0.0
9.865,0.5007908,0.41124332,0.041169155,0.08822305,0.29840818,0.44573423,1.918098e-08,1.9633761e-09,0.0
9.870000000000001,0.5007908,0.41124332,0.041169155,0.08338007,0.27020028,0.4455505,0.1091391,6.8388593e-09,0.0
9.875,0.5007908,0.41124332,0.041169155,0.08889761,0.2428834,0.44526222,0.75253546,6.044212e-08,0.0
9.88,0.24285772,0.33990327,0.2304851,0.10248099,0.21968356,0.44318548,1.7399138,1.09169875e-07,0.0
9.885,0.24285772,0.33990327,0.2304851,0.12272685,0.2054717,0.44177955,2.8282566,9.9185364e-08,0.0
9.89,0.24285772,0.33990327,0.2304851,0.14057072,0.20052828,0.44138923,3.9936004,8.3772235e-08,0.0
9.895,0.24285772,0.33990327,0.2304851,0.15942773,0.19693264,0.43893045,5.211353,-3.674434e-08,0.0
9.9,0.6,0.39135426,0.2543316,0.18174462,0.19597965,0.4322568,6.459448,8.347243e-08,0.0
9.905,0.6,0.39135426,0.2543316,0.20072551,0.1985645,0.42297292,7.7512455,7.051499e-08,0.0
9.91,0.6,0.39135426,0.2543316,0.21190624,0.20088714,0.4133511,9.093562,7.538197e-08,0.0
9.915000000000001,0.6,0.39135426,0.2543316,0.21819821,0.20446084,0.39914483,10.450827,1.1571844e-07,0.0
9.92,0.6,0.50840867,0.19251288,0.22617815,0.21244325,0.38545832,11.761446,-2.1368447e-08,0.0
9.925,0.6,0.50840867,0.19251288,0.23209983,0.22324264,0.37299272,12.994468,2.9038148e-08,0.0
9.93,0.6,0.50840867,0.19251288,0.2451534,0.23207533,0.3602232,14.138357,-3.678381e-09,0.0
9.935,0.6,0.50840867,0.19251288,0.25076395,0.2418148,0.34906107,15.233417,-2.9127525e-08,0.0
9.94,0.46153623,0.5250208,0.11894152,0.26185903,0.25345623,0.34019297,16.28896,1.1005024e-08,0.0
9.945,0.46153623,0.5250208,0.11894152,0.27374807,0.2630381,0.3299575,17.324293,6.245593e-08,0.0
9.950000000000001,0.46153623,0.5250208,0.11894152,0.29263014,0.271945,0.32084593,18.373121,1.0234672e-07,0.0
9.955,0.46153623,0.5250208,0.11894152,0.3089061,0.28416663,0.3132008,19.494682,1.4719288e-08,0.0
9.96,0.45168316,0.6,0.41564587,0.320524,0.2960046,0.30479115,20.72404,1.3401223e-07,0.0
9.965,0.45168316,0.6,0.41564587,0.33207396,0.30657673,0.2960242,21.983974,4.251905e-09,0.0
9.97,0.45168316,0.6,0.41564587,0.3382265,0.31792232,0.28935778,23.179918,7.3859155e-08,0.0
9.975,0.45168316,0.6,0.41564587,0.34549913,0.32851464,0.28171656,24.223888,4.820584e-08,0.0
9.98,0.4906498,0.6,0.6,0.34926057,0.33706635,0.27294502,25.065702,8.7143725e-08,0.0
9.985,0.4906498,0.6,0.6,0.35243756,0.34620002,0.26543096,25.68543,1.0549415e-08,0.0
9.99,0.4906498,0.6,0.6,0.35310996,0.35501292,0.26145217,26.081047,2.6233755e-08,0.0
9.995000000000001,0.4906498,0.6,0.6,0.36278984,0.36185244,0.260666,26.256884,-5.194361e-09,0.0
10.0,0.25205052,0.6,0.6,0.3705205,0.36951777,0.2598903,26.278936,5.607485e-09,0.0
10.005,0.25205052,0.6,0.6,0.36955377,0.37741613,0.25973743,26.215921,-9.608446e-09,0.0
10.01,0.25205052,0.6,0.6,0.37365863,0.3832886,0.2622207,26.667215,5.251064e-09,0.0
10.015,0.25205052,0.6,0.6,0.37470552,0.38874844,0.26496467,27.083525,0.15148444,0.0
10.02,0.319237,0.5902422,0.6,0.37964064,0.3954009,0.26780882,27.119255,0.48394608,0.0
10.025,0.319237,0.5902422,0.6,0.3872292,0.40085378,0.27480128,26.932287,0.74676496,0.0
10.03,0.319237,0.5902422,0.6,0.38742766,0.4061862,0.28838444,26.703684,0.46782342,0.0
10.035,0.319237,0.5902422,0.6,0.38820216,0.41209355,0.29964218,26.380531,1.8213386e-08,0.0
10.040000000000001,0.41424206,0.6,0.5352617,0.3828019,0.4162092,0.31104094,25.90931,4.1853023e-09,0.0
10.045,0.41424206,0.6,0.5352617,0.3856615,0.419432,0.32275197,26.008362,3.8583252e-08,0.0
10.05,0.41424206,0.6,0.5352617,0.39128432,0.42281035,0.33227864,26.151419,-7.553311e-09,0.0
10.055,0.41424206,0.6,0.5352617,0.3949248,0.42499712,0.3406482,26.00965,-1.5341465e-08,0.0
10.06,0.0,0.6,0.4931484,0.38922745,0.42665488,0.35024953,25.708197,-2.4377576e-08,0.0
10.065,0.0,0.6,0.4931484,0.38803306,0.4289405,0.35818172,25.923326,2.2668498e-08,0.0
10.07,0.0,0.6,0.4931484,0.38401413,0.43058515,0.3652273,26.746216,4.72798e-08,0.0
10.075000000000001,0.0,0.6,0.4931484,0.37701067,0.43201998,0.37227812,27.859983,9.674061e-08,0.0
10.08,0.0,0.6,0.6,0.38523847,0.43343028,0.37837365,29.009542,1.2131063e-07,0.0
10.085,0.0,0.6,0.6,0.38217077,0.4340988,0.38395458,29.491405,1.0928855e-08,0.0
10.09,0.0,0.6,0.6,0.38018915,0.43421972,0.3896151,29.802698,-5.560531e-09,0.0
10.095,0.0,0.6,0.6,0.37904248,0.43478563,0.3947906,30.272451,4.334224e-08,0.0
10.1,0.0,0.6,0.6,0.37521946,0.43444872,0.39911342,30.79406,2.1966173e-08,0.0
10.105,0.0,0.6,0.6,0.3557796,0.43354583,0.40515482,30.589752,-2.2119915e-09,0.0
10.11,0.0,0.6,0.6,0.34325826,0.4344374,0.41014323,29.44635,-5.282613e-09,0.0
10.115,0.0,0.6,0.6,0.31237203,0.4358062,0.41392288,28.325857,-2.3387818e-08,0.0
10.120000000000001,0.0,0.35123706,0.6,0.29167825,0.4366938,0.41783687,27.410273,2.9771686e-08,0.0
10.125,0.0,0.35123706,0.6,0.25996217,0.43794695,0.42210698,26.448227,-4.6910497e-08,0.0
10.13,0.0,0.35123706,0.6,0.23721422,0.43986818,0.42516583,25.232931,4.0186055e-08,0.0
10.135,0.0,0.35123706,0.6,0.21837234,0.441781,0.42777908,23.670103,-1.0870505e-08,0.0
10.14,0.0,0.0,0.6,0.19227718,0.44368702,0.43071747,21.788607,5.300342e-09,0.0
10.145,0.0,0.0,0.6,0.1630571,0.4454888,0.43345016,19.594769,-9.897305e-09,0.0
10.15,0.0,0.0,0.6,0.140653,0.44717637,0.43577564,17.056108,-5.5227193e-08,0.0
10.155,0.0,0.0,0.6,0.12581536,0.44773197,0.43837112,14.224137,2.8128678e-08,0.0
10.16,0.28776821,0.0,0.6,0.106521204,0.44707793,0.4406384,11.283879,-3.172432e-08,0.0
10.165000000000001,0.28776821,0.0,0.6,0.106664196,0.44739416,0.44217584,7.704291,1.602999e-07,0.0
10.17,0.28776821,0.0,0.6,0.094821736,0.4461429,0.4447493,4.2008133,6.48496e-08,0.0
10.175,0.28776821,0.0,0.6,0.08382436,0.44388008,0.44705412,0.9055664,-5.4903655e-08,0.0
10.18,0.6,0.013959003,0.3028104,0.07675773,0.44221747,0.44862255,9.439047e-10,-1.3601097e-08,0.0
10.185,0.6,0.013959003,0.3028104,0.06357618,0.4352821,0.45061672,4.1610093e-09,-3.837327e-09,0.0
10.19,0.6,0.013959003,0.3028104,0.05200065,0.41817757,0.45238253,-5.541406e-09,2.4012696e-08,0.0
10.195,0.6,0.013959003,0.3028104,0.053169098,0.3930924,0.45369282,-1.884896e-10,-3.4735358e-08,0.0
10.200000000000001,0.4308292,0.12822126,0.24066196,0.05263588,0.3644244,0.45528677,-3.7106078e-09,-2.1213364e-08,0.0
10.205,0.4308292,0.12822126,0.24066196,0.056426723,0.33467898,0.45613572,8.147684e-09,-1.1519656e-08,0.0
10.21,0.4308292,0.12822126,0.24066196,0.05398145,0.30453372,0.4573303,-1.8015597e-09,-5.3899065e-08,0.0
10.215,0.4308292,0.12822126,0.24066196,0.07368709,0.2755749,0.45632657,3.5987436e-05,-2.1771399e-08,0.0
10.22,0.3021012,0.21053056,0.6,0.09950393,0.24843673,0.45545292,0.07431554,3.537146e-08,0.0
10.225,0.3021012,0.21053056,0.6,0.1049923,0.22234325,0.45541507,0.6128532,1.0368156e-07,0.0
10.23,0.3021012,0.21053056,0.6,0.121145375,0.20134959,0.4529371,1.6179131,8.338955e-08,0.0
10.235,0.3021012,0.21053056,0.6,0.14164095,0.18481949,0.4512039,2.9054954,-7.127144e-08,0.0
10.24,0.44635457,0.34223908,0.6,0.16071971,0.17384708,0.45115122,4.3674045,-6.389761e-08,0.0
10.245000000000001,0.44635457,0.34223908,0.6,0.1894578,0.16838448,0.45035574,5.909248,1.9980834e-07,0.0
10.25,0.44635457,0.34223908,0.6,0.1924643,0.16515987,0.4499744,7.516039,6.4692486e-08,0.0
10.255,0.44635457,0.34223908,0.6,0.20543039,0.1646237,0.45006257,9.069248,4.4698556e-08,0.0
10.26,0.27312425,0.44466534,0.6,0.21976134,0.16443565,0.44988284,10.507752,-4.7106173e-08,0.0
10.265,0.27312425,0.44466534,0.6,0.22500545,0.16492307,0.44990173,11.856254,-6.8946e-09,0.0
10.27,0.27312425,0.44466534,0.6,0.23003078,0.16694006,0.44975215,13.105418,1.625363e-07,0.0
10.275,0.27312425,0.44466534,0.6,0.24297872,0.16845009,0.44964528,14.2339735,2.5663832e-08,0.0
10.28,0.32353127,0.6,0.6,0.24211347,0.1691071,0.45032945,15.289033,1.317509e-07,0.0
10.285,0.32353127,0.6,0.6,0.26219487,0.17566714,0.4503666,16.665302,7.1729175e-08,0.0
10.290000000000001,0.32353127,0.6,0.6,0.2718283,0.18999633,0.4498477,18.06946,1.114584e-07,0.0
10.295,0.32353127,0.6,0.6,0.27437705,0.2040344,0.45026127,19.295105,4.1081947e-08,0.0
10.3,0.043524295,0.6,0.4597649,0.2844373,0.21694833,0.44999543,20.36533,2.6276659e-08,0.0
10.305,0.043524295,0.6,0.4597649,0.27869454,0.23284978,0.44936132,21.323532,2.726574e-09,0.0
10.31,0.043524295,0.6,0.4597649,0.2821313,0.24712093,0.44982985,22.604347,3.9876454e-08,0.0
10.315,0.043524295,0.6,0.4597649,0.28252444,0.26027712,0.44941306,23.795776,-3.8306876e-08,0.0
10.32,0.0,0.6,0.6,0.2835215,0.2746676,0.44880515,24.63178,5.8039408e-08,0.0
10.325000000000001,0.0,0.6,0.6,0.279782,0.2888297,0.44910613,25.16533,-4.717417e-09,0.0
10.33,0.0,0.6,0.6,0.27982274,0.30055213,0.4490367,25.839327,7.8421884e-08,0.0
10.335,0.0,0.6,0.6,0.28005335,0.3133777,0.44851038,26.23343,-3.5290615e-09,0.0
10.34,0.0,0.6,0.4794396,0.27701533,0.32632402,0.44851115,26.09481,-4.332929e-08,0.0
10.345,0.0,0.6,0.4794396,0.27828485,0.33706176,0.4482993,25.978369,1.1484364e-07,0.0
10.35,0.0,0.6,0.4794396,0.27613705,0.34822547,0.44774836,25.586056,-6.070345e-08,0.0
10.355,0.0,0.6,0.4794396,0.2759273,0.3592936,0.44798535,25.189938,-5.3258354e-08,0.0
10.36,0.0,0.5455769,0.6,0.27528745,0.36818758,0.44810182,24.98552,-4.2340933e-08,0.0
10.365,0.0,0.5455769,0.6,0.25836247,0.37668145,0.44756913,24.862131,-3.0453235e-09,0.0
10.370000000000001,0.0,0.5455769,0.6,0.24198689,0.38582668,0.44744268,24.628391,-4.526588e-09,0.0
10.375,0.0,0.5455769,0.6,0.21797389,0.39242512,0.44765854,24.114668,3.3456626e-08,0.0
10.38,0.0,0.34533274,0.6,0.19968612,0.3983172,0.44737574,23.197289,-4.839655e-08,0.0
10.385,0.0,0.34533274,0.6,0.17775089,0.40520352,0.4468624,21.841572,-1.4776419e-08,0.0
10.39,0.0,0.34533274,0.6,0.1641307,0.40971366,0.44736317,20.048225,-6.6356016e-08,0.0
10.395,0.0,0.34533274,0.6,0.14002013,0.41334414,0.44721782,17.904144,4.9737943e-09,0.0
10.4,0.22203551,0.14569166,0.3109638,0.11570261,0.41741464,0.4470808,15.455513,-4.4379235e-08,0.0
10.405,0.22203551,0.14569166,0.3109638,0.11057171,0.4204591,0.4470661,12.752853,-3.1076215e-08,0.0
10.41,0.22203551,0.14569166,0.3109638,0.09933838,0.4207323,0.44703746,10.0256195,-1.4190219e-09,0.0
10.415000000000001,0.22203551,0.14569166,0.3109638,0.07772084,0.4185826,0.44702664,7.486317,7.144837e-08,0.0
10.42,0.6,0.080633804,0.569452,0.07718911,0.41672644,0.44703424,4.520761,3.9981842e-08,0.0
10.425,0.6,0.080633804,0.569452,0.054937467,0.41392067,0.44708267,1.2507126,8.431517e-09,0.0
10.43,0.6,0.080633804,0.569452,0.05324499,0.4104233,0.4468078,-5.957557e-09,7.460433e-09,0.0
10.435,0.6,0.080633804,0.569452,0.06361946,0.40832365,0.44578353,7.0709625e-09,1.0153742e-07,0.0
10.44,0.43949226,0.16060235,0.0467256,0.07365528,0.40614477,0.44447502,-1.6033523e-08,9.896469e-09,0.0
10.445,0.43949226,0.16060235,0.0467256,0.06592935,0.40336046,0.44447896,-5.781127e-09,-3.590474e-08,0.0
10.450000000000001,0.43949226,0.16060235,0.0467256,0.06382892,0.4013674,0.44450712,1.5130878e-08,-4.4636675e-08,0.0
10.455,0.43949226,0.16060235,0.0467256,0.084557675,0.3998903,0.4437505,-1.702004e-09,-2.4493886e-08,0.0
10.46,0.33047426,0.0,0.51124036,0.10307455,0.3918272,0.4437999,-2.5061948e-09,4.100171e-08,0.0
10.465,0.33047426,0.0,0.51124036,0.118103094,0.37714028,0.4431417,7.187592e-09,-3.571107e-08,0.0
10.47,0.33047426,0.0,0.51124036,0.12771337,0.36159027,0.44169375,5.789326e-10,-4.900107e-08,0.0
10.475,0.33047426,0.0,0.51124036,0.13884538,0.34637234,0.44069338,0.08853181,-1.0444477e-07,0.0
10.48,0.6,0.20289679,0.6,0.14655067,0.33001035,0.44068977,0.4164706,-2.4186484e-09,0.0
10.485,0.6,0.20289679,0.6,0.16868173,0.31605336,0.43995738,1.0534297,8.6163986e-08,0.0
10.49,0.6,0.20289679,0.6,0.18752192,0.3037875,0.43944994,2.0516496,1.0182628e-07,0.0
10.495000000000001,0.6,0.20289679,0.6,0.20256399,0.2896053,0.43941125,3.379619,1.5065435e-08,0.0
10.5,0.6,0.6,0.6,0.2156328,0.27277872,0.43919468,4.920396,1.0705155e-07,0.0
10.505,0.6,0.6,0.6,0.23233011,0.25665313,0.43928412,6.5466,2.398896e-08,0.0
10.51,0.6,0.6,0.6,0.24015795,0.24237508,0.43940383,8.427158,1.11846184e-07,0.0
10.515,0.6,0.6,0.6,0.2427567,0.23261435,0.43937945,10.488717,1.848231e-07,0.0
10.52,0.15616816,0.6,0.6,0.26372334,0.22749032,0.43980214,12.498285,1.186852e-07,0.0
10.525,0.15616816,0.6,0.6,0.27600786,0.22636028,0.43933117,14.430662,8.616534e-08,0.0
10.53,0.15616816,0.6,0.6,0.27938902,0.22596861,0.4394376,16.28959,1.5406432e-07,0.0
10.535,0.15616816,0.6,0.6,0.29612395,0.22583519,0.44004357,18.018448,-2.1149093e-08,0.0
10.540000000000001,0.11227808,0.51922166,0.6,0.3130012,0.22860044,0.44013843,19.641504,3.100728e-08,0.0
10.545,0.11227808,0.51922166,0.6,0.3147756,0.23749185,0.4399792,21.218811,1.2357312e-07,0.0
10.55,0.11227808,0.51922166,0.6,0.30449474,0.24722421,0.44102496,22.713442,3.2172277e-08,0.0
10.555,0.11227808,0.51922166,0.6,0.29968014,0.25847057,0.44070405,24.515741,1.3932595e-07,0.0
10.56,0.2282521,0.6,0.54747087,0.2984823,0.27230483,0.44032535,26.608957,8.6879965e-08,0.0
10.565,0.2282521,0.6,0.54747087,0.2965646,0.28571412,0.44095352,28.712925,9.405791e-08,0.0
10.57,0.2282521,0.6,0.54747087,0.30310673,0.29805407,0.44064483,30.602718,1.0713609e-07,0.0
10.575000000000001,0.2282521,0.6,0.54747087,0.30107063,0.31112465,0.44064975,31.680998,-1.7228794e-08,0.0
10.58,0.0,0.6,0.5138876,0.30545744,0.32386655,0.44107437,32.32111,5.1839364e-09,0.0
10.585,0.0,0.6,0.5138876,0.30826202,0.33487344,0.4412556,32.323395,-1.4402079e-08,0.0
10.59,0.0,0.6,0.5138876,0.29650027,0.34683397,0.44060454,31.605528,7.411286e-09,0.0
10.595,0.0,0.6,0.5138876,0.29308787,0.3599214,0.44034016,30.820261,7.7923765e-08,0.0
10.6,0.0,0.6,0.5225011,0.29113367,0.36972764,0.44053096,30.155294,2.0390575e-08,0.0
10.605,0.0,0.6,0.5225011,0.2867994,0.38021436,0.4400507,29.522621,-1.2265201e-08,0.0
10.61,0.0,0.6,0.5225011,0.28087503,0.39028692,0.44010413,28.851107,1.9379982e-08,0.0
10.615,0.0,0.6,0.5225011,0.2728609,0.3976359,0.4404463,28.082773,-3.8538488e-08,0.0
10.620000000000001,0.0,0.6,0.6,0.2642901,0.4041887,0.44041738,27.180304,3.09159e-08,0.0
10.625,0.0,0.6,0.6,0.2427706,0.41098633,0.44108745,26.122293,1.7444955e-07,0.0
10.63,0.0,0.6,0.6,0.22034444,0.41543183,0.4420725,24.826122,2.4621293e-08,0.0
10.635,0.0,0.6,0.6,0.2040999,0.4196807,0.44212082,23.218838,3.2342985e-08,0.0
10.64,0.0,0.2967019,0.6,0.19134377,0.42419732,0.44204718,21.322803,6.779753e-08,0.0
10.645,0.0,0.2967019,0.6,0.15748873,0.42704263,0.44262558,19.215355,-3.3312467e-08,0.0
10.65,0.0,0.2967019,0.6,0.14506593,0.42896473,0.44269294,16.82719,-2.5988973e-08,0.0
10.655,0.0,0.2967019,0.6,0.12688059,0.43199268,0.44237998,14.232105,5.4628995e-08,0.0
10.66,0.0,0.0,0.49605384,0.10370004,0.43378118,0.44250333,11.562974,-3.9388397e-08,0.0
10.665000000000001,0.0,0.0,0.49605384,0.090202235,0.433192,0.44243497,8.906659,2.0366524e-08,0.0
10.67,0.0,0.0,0.49605384,0.07900963,0.4303265,0.44215816,5.7019053,-1.6751748e-07,0.0
10.675,0.0,0.0,0.49605384,0.06960611,0.42781547,0.44202203,2.0640492,1.04100586e-07,0.0
10.68,0.17965525,0.0,0.47761318,0.05553749,0.42429036,0.44273382,-8.536786e-09,4.0399488e-08,0.0
10.685,0.17965525,0.0,0.47761318,0.04709887,0.41981107,0.44420397,3.81342e-09,-2.1770488e-08,0.0
10.69,0.17965525,0.0,0.47761318,0.040696394,0.41704422,0.4455083,5.133499e-09,-2.0768087e-10,0.0
10.695,0.17965525,0.0,0.47761318,0.049064465,0.41460076,0.44670925,1.40491325e-08,-1.558583e-08,0.0
10.700000000000001,0.6,0.0,0.41702452,0.049398866,0.41154882,0.44765562,1.4237402e-10,8.2515985e-09,0.0
10.705,0.6,0.0,0.41702452,0.037913628,0.40504038,0.44858488,8.108164e-09,3.5791306e-08,0.0
10.71,0.6,0.0,0.41702452,0.03157411,0.38967532,0.449389,4.469527e-09,-8.783034e-09,0.0
10.715,0.6,0.0,0.41702452,0.02361983,0.36662963,0.4502121,3.1147431e-09,4.6939834e-09,0.0
10.72,0.50607073,0.37335092,0.0,0.031461082,0.33927837,0.4506792,5.407068e-09,-5.4580246e-10,0.0
10.725,0.50607073,0.37335092,0.0,0.04641843,0.31091678,0.45056704,-4.7964557e-09,-3.3666737e-08,0.0
10.73,0.50607073,0.37335092,0.0,0.06571168,0.28233328,0.45062703,5.3875877e-09,-3.2160894e-08,0.0
10.735,0.50607073,0.37335092,0.0,0.07254183,0.25483915,0.45091793,0.012011381,3.034705e-08,0.0
10.74,0.28123719,0.30189854,0.12602526,0.08893567,0.22986013,0.45065227,0.31525394,2.8638578e-08,0.0
10.745000000000001,0.28123719,0.30189854,0.12602526,0.1080113,0.21401127,0.45094106,1.0152007,-1.0154921e-07,0.0
10.75,0.28123719,0.30189854,0.12602526,0.12016816,0.207924,0.45115095,2.0567906,9.261561e-09,0.0
10.755,0.28123719,0.30189854,0.12602526,0.15036757,0.20373559,0.4497796,3.3119893,6.332819e-08,0.0
10.76,0.48059824,0.50800717,0.019710893,0.16328487,0.2026056,0.44793066,4.741683,-8.743564e-09,0.0
10.765,0.48059824,0.50800717,0.019710893,0.17567462,0.20333602,0.44617313,6.2505627,5.7315646e-08,0.0
10.77,0.48059824,0.50800717,0.019710893,0.18602404,0.20328718,0.44115898,7.719505,4.7061853e-08,0.0
10.775,0.48059824,0.50800717,0.019710893,0.19913082,0.20424208,0.42783198,9.077556,1.0341916e-08,0.0
10.78,0.6,0.5476471,0.08813405,0.19872573,0.20679364,0.41287026,10.32479,4.075293e-09,0.0
10.785,0.6,0.5476471,0.08813405,0.21354026,0.21001983,0.39853123,11.760515,-7.581235e-10,0.0
10.790000000000001,0.6,0.5476471,0.08813405,0.22691941,0.21300949,0.38304538,13.114503,8.849193e-08,0.0
10.795,0.6,0.5476471,0.08813405,0.23494403,0.22056659,0.366945,14.257327,3.4648576e-08,0.0
10.8,0.5365019,0.6,0.019435449,0.23987089,0.23489659,0.35331264,15.266229,6.322461e-08,0.0
10.805,0.5365019,0.6,0.019435449,0.25308338,0.24811149,0.33831716,16.168629,8.390943e-08,0.0
10.81,0.5365019,0.6,0.019435449,0.2703371,0.26114517,0.3232486,17.0303,7.688516e-08,0.0
10.815,0.5365019,0.6,0.019435449,0.2828834,0.2751171,0.3099296,17.942589,7.471921e-08,0.0
10.82,0.48354796,0.6,0.1360638,0.29548323,0.2883938,0.29715106,18.943722,5.0820052e-08,0.0
10.825000000000001,0.48354796,0.6,0.1360638,0.30274934,0.2996307,0.28325266,20.028942,2.7880915e-08,0.0
10.83,0.48354796,0.6,0.1360638,0.31805018,0.31191337,0.27216503,21.108341,9.492291e-08,0.0
10.835,0.48354796,0.6,0.1360638,0.32493982,0.3229544,0.26138976,22.118135,6.817801e-08,0.0
10.84,0.6,0.6,0.37503144,0.33092993,0.3326271,0.24882999,23.000357,4.5097803e-08,0.0
10.845,0.6,0.6,0.37503144,0.3359468,0.34254986,0.2354832,23.708057,4.197938e-08,0.0
10.85,0.6,0.6,0.37503144,0.33430845,0.35284024,0.22226584,24.221338,3.0978466e-08,0.0
10.855,0.6,0.6,0.37503144,0.3422947,0.3611219,0.2106311,25.052256,6.167353e-08,0.0
10.86,0.493578,0.6,0.5797725,0.35523877,0.36944017,0.20258921,25.704268,0.20496799,0.0
10.865,0.493578,0.6,0.5797725,0.36409613,0.37762666,0.19790998,25.945856,0.61979884,0.0
10.870000000000001,0.493578,0.6,0.5797725,0.372519,0.38340828,0.19723934,25.95895,1.038205,0.0
10.875,0.493578,0.6,0.5797725,0.378438,0.38935095,0.19653064,25.866741,1.3239608,0.0
10.88,0.31572032,0.5749851,0.6,0.37666163,0.39450034,0.19702163,25.738798,1.4038079,0.0
10.885,0.31572032,0.5749851,0.6,0.37704197,0.39804888,0.20058131,26.3155,0.4577355,0.0
10.89,0.31572032,0.5749851,0.6,0.39249772,0.40208587,0.20803441,26.715376,0.027075123,0.0
10.895,0.31572032,0.5749851,0.6,0.39709982,0.40608296,0.2167002,26.740496,0.09551487,0.0
10.9,0.24576981,0.6,0.5685625,0.40389815,0.40900403,0.23002367,26.63781,0.065765105,0.0
10.905,0.24576981,0.6,0.5685625,0.40941966,0.41188166,0.2460396,26.471094,-5.681801e-09,0.0
10.91,0.24576981,0.6,0.5685625,0.40266648,0.4150124,0.26013497,26.289162,-1.4206315e-08,0.0
10.915000000000001,0.24576981,0.6,0.5685625,0.40646827,0.41806865,0.27219215,26.730597,5.4797233e-08,0.0
10.92,0.059210572,0.6,0.6,0.4199541,0.420767,0.2861394,27.212362,2.1891497e-08,0.0
10.925,0.059210572,0.6,0.6,0.42940053,0.42336255,0.29693326,27.405565,5.734602e-09,0.0
10.93,0.059210572,0.6,0.6,0.42957082,0.42555273,0.30562344,27.454346,4.6494564e-09,0.0
10.935,0.059210572,0.6,0.6,0.41961828,0.4265747,0.3160263,27.413412,-3.639749e-09,0.0
10.94,0.0,0.6,0.6,0.41075346,0.42816505,0.32523727,27.932928,5.9440175e-08,0.0
10.945,0.0,0.6,0.6,0.4045219,0.4295713,0.33304226,29.034098,7.12468e-08,0.0
10.950000000000001,0.0,0.6,0.6,0.3976635,0.43054086,0.34178734,30.35243,1.3011125e-07,0.0
10.955,0.0,0.6,0.6,0.39983547,0.43127614,0.35072643,31.64074,9.156216e-08,0.0
10.96,0.0,0.6,0.6,0.3994775,0.43211523,0.35793978,32.152107,2.5446548e-08,0.0
10.965,0.0,0.6,0.6,0.376883,0.4318016,0.36610854,32.42611,3.9795616e-08,0.0
10.97,0.0,0.6,0.6,0.36568835,0.43114156,0.37426755,32.02758,4.188435e-09,0.0
10.975,0.0,0.6,0.6,0.3521427,0.43039185,0.38150877,30.735586,-5.6425904e-09,0.0
10.98,0.0,0.4801108,0.6,0.3386692,0.4284934,0.38916373,28.846048,-1.2635611e-07,0.0
10.985,0.0,0.4801108,0.6,0.31383997,0.42736703,0.39649352,26.59162,-4.610061e-08,0.0
10.99,0.0,0.4801108,0.6,0.2876706,0.42770174,0.4020398,24.073761,-4.1939305e-08,0.0
10.995000000000001,0.0,0.4801108,0.6,0.25588983,0.42795628,0.4078445,22.010763,-1.4645378e-08,0.0
11.0,0.0,0.524778,0.6,0.24074507,0.429128,0.4129969,20.46476,3.3304457e-09,0.0
11.005,0.0,0.524778,0.6,0.20745936,0.43083993,0.41740817,19.176216,2.7399699e-08,0.0
11.01,0.0,0.524778,0.6,0.18525517,0.43280149,0.42056546,17.868137,6.1250365e-09,0.0
11.015,0.0,0.524778,0.6,0.16377006,0.43491003,0.42358956,16.361275,3.6299596e-08,0.0
11.02,0.08772853,0.29482302,0.6,0.15172128,0.4368689,0.4260506,14.600988,-5.149143e-08,0.0
11.025,0.08772853,0.29482302,0.6,0.13496682,0.43884298,0.4284335,12.663061,5.1671318e-08,0.0
11.03,0.08772853,0.29482302,0.6,0.11648953,0.4404487,0.4311304,10.639303,-3.0283648e-08,0.0
11.035,0.08772853,0.29482302,0.6,0.100117095,0.44212177,0.43375316,8.593008,-1.07062455e-07,0.0
11.040000000000001,0.49821705,0.12690021,0.47091317,0.0993053,0.44403103,0.4356972,6.592748,-3.342353e-08,0.0
11.045,0.49821705,0.12690021,0.47091317,0.088902,0.44530267,0.43788898,4.808349,-9.901882e-09,0.0
11.05,0.49821705,0.12690021,0.47091317,0.083032526,0.44457263,0.44047165,3.334816,6.606084e-08,0.0
11.055,0.49821705,0.12690021,0.47091317,0.052557785,0.4441899,0.4428515,1.5055375,4.1146038e-08,0.0
11.06,0.39329004,0.39810714,0.5826791,0.03147481,0.4437706,0.44503868,9.750719e-09,2.694243e-10,0.0
11.065,0.39329004,0.39810714,0.5826791,0.04355287,0.44244894,0.44680578,1.0456742e-09,-3.8720383e-08,0.0
11.07,0.39329004,0.39810714,0.5826791,0.034487106,0.44140497,0.44823962,-2.6734106e-09,1.0196189e-08,0.0
11.075000000000001,0.39329004,0.39810714,0.5826791,0.047504634,0.44093344,0.44937345,5.9679928e-09,-1.260447e-08,0.0
11.08,0.0,0.19793136,0.6,0.050624993,0.4386675,0.44985902,-3.1424816e-09,1.0997055e-08,0.0
11.085,0.0,0.19793136,0.6,0.052930526,0.43104097,0.4500649,-3.6172052e-09,2.3520117e-08,0.0
11.09,0.0,0.19793136,0.6,0.0667905,0.42111218,0.45070797,1.43649075e-08,1.6460293e-08,0.0
11.095,0.0,0.19793136,0.6,0.09818561,0.41144395,0.4513161,5.5962364e-09,-5.3106497e-08,0.0
11.1,0.0,0.0,0.6,0.10637509,0.40342456,0.45161894,-5.94784e-10,2.4957796e-08,0.0
11.105,0.0,0.0,0.6,0.11838383,0.39775005,0.45153314,-1.3939247e-10,-2.6786573e-08,0.0
11.11,0.0,0.0,0.6,0.13589212,0.39218318,0.45125705,6.434818e-10,-2.4846766e-08,0.0
11.115,0.0,0.0,0.6,0.13814369,0.38122317,0.45150042,-3.2826921e-09,-1.679823e-08,0.0
11.120000000000001,0.3536777,0.0,0.49224517,0.13611102,0.36908105,0.4514306,0.057491027,-3.2951997e-10,0.0
11.125,0.3536777,0.0,0.49224517,0.13656,0.35791385,0.4517425,0.47074783,-5.7475393e-08,0.0
11.13,0.3536777,0.0,0.49224517,0.13531184,0.3438247,0.45194146,1.0197546,1.3247073e-08,0.0
11.135,0.3536777,0.0,0.49224517,0.12544388,0.32545573,0.452278,1.7814254,8.2864055e-08,0.0
11.14,0.6,0.15489826,0.44246015,0.11544299,0.30265945,0.45295006,2.7260363,4.816879e-08,0.0
11.145,0.6,0.15489826,0.44246015,0.122284,0.278582,0.45374963,3.6590345,2.4410355e-08,0.0
11.15,0.6,0.15489826,0.44246015,0.12981379,0.253293,0.45434526,4.3359303,2.8348913e-08,0.0
11.155,0.6,0.15489826,0.44246015,0.11968712,0.22905654,0.45530522,4.9864097,1.3318313e-09,0.0
11.16,0.3654269,0.35330924,0.0,0.1291598,0.20539339,0.4559256,5.853007,-4.5946752e-08,0.0
11.165000000000001,0.3654269,0.35330924,0.0,0.13105436,0.18453021,0.45598072,6.664117,6.021255e-08,0.0
11.17,0.3654269,0.35330924,0.0,0.13480048,0.16627932,0.45605186,7.2617784,2.1097216e-08,0.0
11.175,0.3654269,0.35330924,0.0,0.13910055,0.1548131,0.45561057,7.673959,4.445515e-09,0.0
11.18,0.20337164,0.0,0.2620016,0.14385022,0.14846519,0.45528957,7.9454103,2.2613143e-08,0.0
11.185,0.20337164,0.0,0.2620016,0.15594168,0.14482948,0.45399907,8.130652,-8.460495e-08,0.0
11.19,0.20337164,0.0,0.2620016,0.17210525,0.14377448,0.45239353,8.32194,-4.6751367e-08,0.0
11.195,0.20337164,0.0,0.2620016,0.18301745,0.14485903,0.45210642,8.625637,-8.334284e-08,0.0
11.200000000000001,0.5980217,0.15944792,0.26528662,0.19633095,0.14578262,0.4504569,9.083879,2.6224757e-08,0.0
11.205,0.5980217,0.15944792,0.26528662,0.22089252,0.14651628,0.44645822,9.709166,-1.6048444e-08,0.0
11.21,0.5980217,0.15944792,0.26528662,0.23017383,0.1472745,0.44160098,10.570687,-1.1095409e-08,0.0
11.215,0.5980217,0.15944792,0.26528662,0.23363182,0.1478977,0.43483248,11.641801,8.9441095e-08,0.0
11.22,0.47976983,0.36199075,0.3621487,0.24832562,0.14828305,0.42197084,12.807485,8.6246393e-10,0.0
11.225,0.47976983,0.36199075,0.3621487,0.24890243,0.14874594,0.4088603,14.039423,1.1926748e-07,0.0
11.23,0.47976983,0.36199075,0.3621487,0.23779124,0.14889164,0.39774832,15.268653,4.223788e-08,0.0
11.235,0.47976983,0.36199075,0.3621487,0.24671258,0.14936209,0.38518506,16.744202,4.3649173e-08,0.0
11.24,0.36013913,0.6,0.050116774,0.263239,0.15044414,0.37362877,18.10009,1.7544842e-08,0.0
11.245000000000001,0.36013913,0.6,0.050116774,0.27487534,0.15076718,0.36504695,19.200987,1.2744155e-07,0.0
11.25,0.36013913,0.6,0.050116774,0.2867005,0.15153153,0.3577278,20.17458,6.294798e-08,0.0
11.255,0.36013913,0.6,0.050116774,0.2932886,0.15404192,0.3521364,21.097805,-1.4924613e-08,0.0
11.26,0.5191608,0.6,0.0,0.31978655,0.16170911,0.34784997,21.995802,3.7319534e-08,0.0
11.265,0.5191608,0.6,0.0,0.32856834,0.17015122,0.3413422,22.975924,7.105749e-08,0.0
11.27,0.5191608,0.6,0.0,0.32887322,0.17812067,0.3309009,24.064413,1.8878237e-09,0.0
11.275,0.5191608,0.6,0.0,0.32451043,0.19153437,0.3218988,25.185595,7.895029e-08,0.0
11.28,0.58314276,0.6,0.0,0.33259717,0.20671543,0.3117593,26.776714,1.1968557e-07,0.0
11.285,0.58314276,0.6,0.0,0.34054703,0.21949059,0.2993899,28.365635,6.643532e-08,0.0
11.290000000000001,0.58314276,0.6,0.0,0.34809732,0.23361368,0.2872588,29.67478,1.011301e-07,0.0
11.295,0.58314276,0.6,0.0,0.34247428,0.2492947,0.27548328,30.809954,1.3172664e-07,0.0
11.3,0.3497845,0.6,0.0,0.34905225,0.26221275,0.2618788,32.340305,8.9773806e-08,0.0
11.305,0.3497845,0.6,0.0,0.36400607,0.27532318,0.24605921,33.73104,5.302396e-08,0.0
11.31,0.3497845,0.6,0.0,0.36751583,0.28898188,0.2294082,34.640892,3.6453304e-08,0.0
11.315,0.3497845,0.6,0.0,0.36798933,0.30068845,0.21126704,35.11778,5.184071e-09,0.0
11.32,0.45649806,0.6,0.0,0.37096316,0.3108396,0.19359927,35.190834,2.8564744e-09,0.0
11.325000000000001,0.45649806,0.6,0.0,0.37663937,0.3227358,0.17576854,34.91066,0.11039947,0.0
11.33,0.45649806,0.6,0.0,0.3767078,0.3328304,0.15903078,34.38153,0.27195922,0.0
11.335,0.45649806,0.6,0.0,0.3798585,0.34192306,0.1431222,33.682587,0.39451343,0.0
11.34,0.5907572,0.6,0.0,0.38233483,0.35165563,0.12907852,32.889217,0.3939146,0.0
11.345,0.5907572,0.6,0.0,0.3793809,0.36052972,0.115597785,32.059036,0.20777404,0.0
11.35,0.5907572,0.6,0.0,0.37706468,0.36786535,0.10383515,31.779158,-1.4534599e-09,0.0
11.355,0.5907572,0.6,0.0,0.3829831,0.37689137,0.0874744,32.0978,5.1498135e-09,0.0
11.36,0.28956994,0.35933524,0.0,0.38327995,0.3849335,0.07873231,32.10908,0.3639057,0.0
11.365,0.28956994,0.35933524,0.0,0.3973861,0.39168343,0.06734582,31.572868,1.0983268,0.0
11.370000000000001,0.28956994,0.35933524,0.0,0.4049037,0.39871648,0.058329068,30.79164,1.8569216,0.0
11.375,0.28956994,0.35933524,0.0,0.40823704,0.40540987,0.052727513,29.965496,2.4166842,0.0
11.38,0.6,0.38775626,0.11175338,0.40173227,0.40980104,0.055075217,29.17567,2.692483,0.0
11.385,0.6,0.38775626,0.11175338,0.41483635,0.4140075,0.03813516,29.20488,1.8196806,0.0
11.39,0.6,0.38775626,0.11175338,0.4096239,0.4166329,0.03388293,29.32041,0.6473683,0.0
11.395,0.6,0.38775626,0.11175338,0.4065767,0.41816884,0.025080163,29.663979,3.079701e-08,0.0
11.4,0.44184497,0.31374708,0.6,0.40104392,0.41795918,0.030031646,30.429249,7.776517e-08,0.0
11.405,0.44184497,0.31374708,0.6,0.3917708,0.4183121,0.024094565,30.700193,0.5166216,0.0
11.41,0.44184497,0.31374708,0.6,0.39994717,0.4178965,0.03033375,31.024021,0.72617334,0.0
11.415000000000001,0.44184497,0.31374708,0.6,0.39606503,0.41683492,0.023034194,30.164726,2.0214534,0.0
11.42,0.3214814,0.36220136,0.6,0.39492658,0.41620204,0.01939348,28.715254,3.7034824,0.0
11.425,0.3214814,0.36220136,0.6,0.39583173,0.4153485,0.0125349285,27.429628,4.9287066,0.0
11.43,0.3214814,0.36220136,0.6,0.40467665,0.41432256,0.027542157,25.58765,6.5093584,0.0
11.435,0.3214814,0.36220136,0.6,0.40897587,0.413536,0.033550866,23.287619,8.319836,0.0
11.44,0.290774,0.3585514,0.6,0.41089818,0.4128963,0.048953004,21.019665,9.810531,0.0
11.445,0.290774,0.3585514,0.6,0.41311407,0.41117373,0.06864764,19.04832,10.698362,0.0
11.450000000000001,0.290774,0.3585514,0.6,0.4142708,0.41034544,0.090953685,17.501925,10.858613,0.0
11.455,0.290774,0.3585514,0.6,0.4148234,0.41022414,0.1058777,16.400808,10.288078,0.0
11.46,0.37516704,0.5554783,0.6,0.4115386,0.4093213,0.12595305,15.6964245,9.057987,0.0
11.465,0.37516704,0.5554783,0.6,0.42034152,0.40859237,0.14261317,16.102348,6.3935027,0.0
11.47,0.37516704,0.5554783,0.6,0.42390049,0.40837222,0.15619744,16.746695,3.2970796,0.0
11.475,0.37516704,0.5554783,0.6,0.4127546,0.40809426,0.17158952,17.112581,0.34499106,0.0
11.48,0.0,0.6,0.6,0.40960902,0.4063571,0.18698142,17.47079,2.251392e-08,0.0
11.485,0.0,0.6,0.6,0.40701613,0.4036834,0.20012607,18.46596,4.4913783e-08,0.0
11.49,0.0,0.6,0.6,0.4129269,0.40146047,0.21424197,19.823431,8.5217636e-08,0.0
11.495000000000001,0.0,0.6,0.6,0.41432515,0.40060052,0.22908044,20.596941,0.5040674,0.0
11.5,0.0,0.6,0.6,0.41100183,0.4000259,0.24136074,20.607105,1.5956343,0.0
11.505,0.0,0.6,0.6,0.41046602,0.39927426,0.25413525,20.969463,2.0179808,0.0
11.51,0.0,0.6,0.6,0.40771145,0.3995493,0.2675361,21.881252,1.5743648,0.0
11.515,0.0,0.6,0.6,0.40252766,0.39977556,0.2793741,23.731901,-4.7605697e-09,0.0
11.52,0.0,0.6,0.6,0.3973929,0.39970794,0.29002854,25.89686,1.3519121e-07,0.0
11.525,0.0,0.6,0.6,0.37447244,0.4003767,0.30218098,27.6357,2.8691522e-08,0.0
11.53,0.0,0.6,0.6,0.3407796,0.40009618,0.31283772,29.103989,9.217466e-08,0.0
11.535,0.0,0.6,0.6,0.31541073,0.39952123,0.32245046,29.686258,5.949531e-09,0.0
11.540000000000001,0.0,0.4118115,0.6,0.28144297,0.39833054,0.333051,29.051443,-1.8805359e-08,0.0
11.545,0.0,0.4118115,0.6,0.25609788,0.39772105,0.34278318,27.3603,-7.391637e-08,0.0
11.55,0.0,0.4118115,0.6,0.23591974,0.3963077,0.35138217,24.812923,1.0487163e-08,0.0
11.555,0.0,0.4118115,0.6,0.21326073,0.39524892,0.36066043,21.681368,-1.1295355e-07,0.0
11.56,0.0,0.06621282,0.6,0.20141682,0.39491084,0.3694092,18.208065,6.650104e-08,0.0
11.565,0.0,0.06621282,0.6,0.17744921,0.3949704,0.37686852,14.652658,-3.5470467e-08,0.0
11.57,0.0,0.06621282,0.6,0.156269,0.39511758,0.38482788,11.784441,1.3322828e-07,0.0
11.575000000000001,0.0,0.06621282,0.6,0.13335973,0.39579323,0.39204222,9.738031,7.81644e-09,0.0
11.58,0.21860693,0.0,0.5725261,0.11965206,0.3964227,0.3977787,8.220434,-1.2153458e-09,0.0
11.585,0.21860693,0.0,0.5725261,0.112907134,0.39680582,0.40295017,7.056641,-2.2314818e-08,0.0
11.59,0.21860693,0.0,0.5725261,0.09522515,0.39637867,0.40746337,6.180951,-4.2204523e-08,0.0
11.595,0.21860693,0.0,0.5725261,0.08772987,0.39491895,0.4108587,4.8300242,4.2674074e-08,0.0
11.6,0.6,0.1510587,0.14474124,0.08656812,0.3943194,0.41417757,2.9139187,1.5822055e-08,0.0
11.605,0.6,0.1510587,0.14474124,0.06860164,0.39308345,0.4174641,0.8770466,6.770228e-08,0.0
11.61,0.6,0.1510587,0.14474124,0.058688186,0.39051127,0.4210226,5.4925997e-09,-5.176117e-09,0.0
11.615,0.6,0.1510587,0.14474124,0.06238795,0.38545936,0.42467198,1.6432761e-09,-2.3098907e-09,0.0
11.620000000000001,0.39107102,0.16575065,0.24884683,0.054663233,0.37579778,0.4285918,-3.2663339e-09,1.8456127e-08,0.0
11.625,0.39107102,0.16575065,0.24884683,0.053635377,0.3605953,0.4313174,6.3131314e-09,9.4305825e-09,0.0
11.63,0.39107102,0.16575065,0.24884683,0.053184368,0.34305197,0.43208814,1.1925781e-10,-1.0517796e-08,0.0
11.635,0.39107102,0.16575065,0.24884683,0.073467866,0.32849807,0.43024907,1.6615003e-08,5.0841436e-08,0.0
11.64,0.27934346,0.032957323,0.413915,0.089566946,0.31319135,0.42991963,1.814631e-08,5.39009e-08,0.0
11.645,0.27934346,0.032957323,0.413915,0.10719187,0.2993474,0.42878237,0.06623563,-4.1637286e-08,0.0
11.65,0.27934346,0.032957323,0.413915,0.13248675,0.2890699,0.42619476,0.3643563,-6.1058394e-08,0.0
11.655,0.27934346,0.032957323,0.413915,0.1425904,0.27857894,0.4259268,1.0488492,3.125725e-08,0.0
11.66,0.6,0.52197593,0.2760261,0.15810409,0.26954466,0.42469937,2.0708544,2.4869924e-09,0.0
11.665000000000001,0.6,0.52197593,0.2760261,0.17357287,0.2628064,0.4202264,3.3098292,1.0350058e-08,0.0
11.67,0.6,0.52197593,0.2760261,0.19190156,0.2557509,0.41496152,4.8715496,1.747327e-07,0.0
11.675,0.6,0.52197593,0.2760261,0.20239738,0.24562418,0.41065776,6.6910534,3.6940857e-08,0.0
11.68,0.6,0.56949127,0.4308876,0.20333485,0.23720345,0.40625674,8.558469,1.2477099e-07,0.0
11.685,0.6,0.56949127,0.4308876,0.21151023,0.23349096,0.4027777,10.276876,2.424495e-08,0.0
11.69,0.6,0.56949127,0.4308876,0.21571365,0.23304603,0.39942312,11.775098,7.368239e-08,0.0
11.695,0.6,0.56949127,0.4308876,0.22656348,0.2319939,0.3928364,13.045572,9.4355705e-08,0.0
11.700000000000001,0.3664134,0.6,0.31905603,0.2436965,0.23264568,0.38476753,14.143484,4.02298e-08,0.0
11.705,0.3664134,0.6,0.31905603,0.2515862,0.23734082,0.37765878,15.181514,8.49385e-08,0.0
11.71,0.3664134,0.6,0.31905603,0.26003549,0.24432224,0.37372255,16.202848,1.2532133e-08,0.0
11.715,0.3664134,0.6,0.31905603,0.27767992,0.25186172,0.37176162,17.212715,7.7588666e-08,0.0
11.72,0.31334093,0.6,0.50747895,0.28559127,0.26203918,0.37025172,18.267195,1.580207e-08,0.0
11.725,0.31334093,0.6,0.50747895,0.30264646,0.27538094,0.36849475,19.37133,3.769021e-08,0.0
11.73,0.31334093,0.6,0.50747895,0.30701682,0.28707352,0.36590242,20.544918,3.223654e-08,0.0
11.735,0.31334093,0.6,0.50747895,0.31854337,0.29920745,0.36382276,21.729105,1.02477316e-07,0.0
11.74,0.30552882,0.6,0.6,0.31816262,0.31140226,0.36232957,22.83727,2.4765935e-08,0.0
11.745000000000001,0.30552882,0.6,0.6,0.31651205,0.32290533,0.36144102,24.276396,7.637592e-08,0.0
11.75,0.30552882,0.6,0.6,0.30892715,0.33318073,0.36162493,25.994438,1.2346875e-07,0.0
11.755,0.30552882,0.6,0.6,0.31797087,0.34489653,0.36158237,27.638735,1.3114068e-07,0.0
11.76,0.3220825,0.5496163,0.6,0.32202563,0.3545494,0.36266643,28.554588,-6.6929937e-09,0.0
11.765,0.3220825,0.5496163,0.6,0.32194492,0.36349162,0.36319965,28.653059,-2.9502212e-09,0.0
11.77,0.3220825,0.5496163,0.6,0.32040423,0.37308973,0.36354923,28.693947,1.0386689e-08,0.0
11.775,0.3220825,0.5496163,0.6,0.31918973,0.38181937,0.3645404,28.896603,1.7219831e-08,0.0
11.78,0.44291118,0.6,0.6,0.3179877,0.3885968,0.36584258,29.122671,-3.4143912e-09,0.0
11.785,0.44291118,0.6,0.6,0.31668788,0.3964019,0.36593866,29.291172,2.1627756e-08,0.0
11.790000000000001,0.44291118,0.6,0.6,0.30991727,0.4023489,0.36781132,29.352541,-1.4362554e-08,0.0
11.795,0.44291118,0.6,0.6,0.32063815,0.4074395,0.36988086,29.2504,-1.4434455e-08,0.0
11.8,0.10021754,0.6,0.5743414,0.3232019,0.41229475,0.37174383,28.538313,9.491614e-09,0.0
11.805,0.10021754,0.6,0.5743414,0.32343346,0.41631138,0.37447527,27.228619,3.7832733e-09,0.0
11.81,0.10021754,0.6,0.5743414,0.31795824,0.41938207,0.37981924,25.604517,-5.264065e-08,0.0
11.815,0.10021754,0.6,0.5743414,0.32139528,0.42360625,0.3853025,24.371374,-3.1445023e-08,0.0
11.82,0.005310971,0.6,0.6,0.31588677,0.42692342,0.39008415,23.220789,-1.2051334e-08,0.0
11.825000000000001,0.005310971,0.6,0.6,0.310145,0.4288128,0.39590943,22.432573,2.4264086e-08,0.0
11.83,0.005310971,0.6,0.6,0.31325334,0.4320521,0.40051702,22.15171,3.5042196e-09,0.0
11.835,0.005310971,0.6,0.6,0.32540655,0.4346766,0.4039913,21.701738,-6.2473635e-09,0.0
11.84,0.0,0.6,0.6,0.32123822,0.43641242,0.40783238,20.973892,-1.5737895e-08,0.0
11.845,0.0,0.6,0.6,0.32565233,0.43756256,0.4120351,20.654137,-1.7826368e-08,0.0
11.85,0.0,0.6,0.6,0.3313532,0.43861938,0.41541803,20.380253,-1.255093e-08,0.0
11.855,0.0,0.6,0.6,0.3301455,0.43962264,0.418574,19.92652,-5.1097842e-08,0.0
11.86,0.0,0.5307468,0.6,0.32245207,0.44048455,0.42214483,19.937733,-1.4646543e-08,0.0
11.865,0.0,0.5307468,0.6,0.30975786,0.4408992,0.42572954,20.471878,6.674566e-08,0.0
11.870000000000001,0.0,0.5307468,0.6,0.28871426,0.44134995,0.42899126,21.18863,5.236739e-09,0.0
11.875,0.0,0.5307468,0.6,0.27881303,0.44186398,0.43268883,21.772242,5.6679294e-08,0.0
11.88,0.0,0.01317848,0.6,0.2555869,0.44212112,0.43586934,22.071156,2.5531643e-08,0.0
11.885,0.0,0.01317848,0.6,0.2298904,0.44311452,0.4381352,21.957558,-4.3062315e-08,0.0
11.89,0.0,0.01317848,0.6,0.20059958,0.44434148,0.44038728,21.314964,-3.5561687e-08,0.0
11.895,0.0,0.01317848,0.6,0.18196884,0.44576174,0.4423429,20.071083,-1.1641369e-07,0.0
11.9,0.22093996,0.0,0.5227696,0.16315565,0.44705215,0.44403902,18.285212,5.9150494e-08,0.0
11.905,0.22093996,0.0,0.5227696,0.14879136,0.4482118,0.44513875,16.075897,8.080666e-09,0.0
11.91,0.22093996,0.0,0.5227696,0.13106781,0.44686657,0.44625518,13.603355,-6.520276e-08,0.0
11.915000000000001,0.22093996,0.0,0.5227696,0.10453026,0.44558328,0.44742158,10.320597,-1.1586354e-07,0.0
11.92,0.6,0.00029575825,0.49344754,0.103656806,0.44468543,0.4485327,6.273155,-1.9678968e-07,0.0
11.925,0.6,0.00029575825,0.49344754,0.08740912,0.4426124,0.44987145,2.1313238,-6.1645466e-08,0.0
11.93,0.6,0.00029575825,0.49344754,0.083829544,0.43895528,0.45040053,1.0501612e-08,2.2673817e-08,0.0
11.935,0.6,0.00029575825,0.49344754,0.07043912,0.42720768,0.45162812,-2.966232e-09,1.683628e-08,0.0
11.94,0.47965762,0.0,0.2495325,0.05648726,0.40411937,0.4527144,4.5154107e-09,1.0944825e-08,0.0
11.945,0.47965762,0.0,0.2495325,0.06333802,0.3766293,0.45370096,4.1197836e-09,-3.5346456e-08,0.0
11.950000000000001,0.47965762,0.0,0.2495325,0.08364806,0.34648374,0.45416078,6.354413e-09,3.854626e-08,0.0
11.955,0.47965762,0.0,0.2495325,0.08825705,0.31691632,0.45454186,8.73661e-09,-4.279695e-08,0.0
11.96,0.35847902,0.09602452,0.6,0.12033383,0.28721306,0.45462564,0.046112154,-4.224562e-08,0.0
11.965,0.35847902,0.09602452,0.6,0.12323641,0.25916085,0.45393905,0.44723558,6.036787e-08,0.0
11.97,0.35847902,0.09602452,0.6,0.13170497,0.23299536,0.45291916,1.446376,2.5686546e-08,0.0
11.975,0.35847902,0.09602452,0.6,0.15674195,0.20870437,0.4528624,2.8824148,8.2955225e-08,0.0
11.98,0.4431196,0.32126123,0.6,0.16707991,0.18655336,0.45118484,4.572634,1.6617386e-07,0.0
11.985,0.4431196,0.32126123,0.6,0.18502595,0.16649778,0.45011806,6.3233995,7.189046e-08,0.0
11.99,0.4431196,0.32126123,0.6,0.19907847,0.14887474,0.45007643,8.01171,1.5472196e-07,0.0
11.995000000000001,0.4431196,0.32126123,0.6,0.21965063,0.13452886,0.44951853,9.58943,8.6953e-08,0.0
12.0,0.3454583,0.47756597,0.6,0.23007807,0.1250091,0.44868898,11.092693,1.4585467e-07,0.0
12.005,0.3454583,0.47756597,0.6,0.23415697,0.1223195,0.44901505,12.535066,-1.3270966e-07,0.0
12.01,0.3454583,0.47756597,0.6,0.2433602,0.1203434,0.44871867,13.878068,9.501448e-08,0.0
12.015,0.3454583,0.47756597,0.6,0.24403451,0.11986672,0.44886833,15.116623,-9.21221e-09,0.0
12.02,0.3521686,0.6,0.6,0.26768374,0.12309237,0.4488591,16.229279,1.6216921e-08,0.0
12.025,0.3521686,0.6,0.6,0.27384645,0.13185182,0.44885522,17.319714,3.6264897e-08,0.0
12.030000000000001,0.3521686,0.6,0.6,0.28325537,0.14168434,0.4486973,18.422674,8.847857e-08,0.0
12.035,0.3521686,0.6,0.6,0.2779055,0.15149784,0.4487828,19.523228,4.500206e-08,0.0
12.040000000000001,0.0,0.6,0.39662775,0.28277683,0.1667759,0.4486286,21.009157,6.2195845e-08,0.0
12.045,0.0,0.6,0.39662775,0.2955881,0.18313608,0.44822615,22.43287,1.316132e-07,0.0
12.05,0.0,0.6,0.39662775,0.30294558,0.196132,0.4482931,23.56972,-1.1884616e-08,0.0
12.055,0.0,0.6,0.39662775,0.31232995,0.21219786,0.44767886,24.52952,2.4912682e-08,0.0
12.06,0.0,0.6,0.5961518,0.31276453,0.22801,0.44759265,25.387478,-2.580113e-08,0.0
12.065,0.0,0.6,0.5961518,0.31454867,0.24108118,0.4476042,26.159712,1.2977654e-07,0.0
12.07,0.0,0.6,0.5961518,0.3133185,0.25470525,0.44715717,26.850086,4.390889e-08,0.0
12.075000000000001,0.0,0.6,0.5961518,0.30713078,0.27024078,0.44609904,27.96853,1.7470365e-08,0.0
12.08,0.0,0.6,0.6,0.30048493,0.2825651,0.44529322,29.481188,7.748069e-08,0.0
12.085,0.0,0.6,0.6,0.2999469,0.29468173,0.44543216,31.012964,8.75268e-08,0.0
12.09,0.0,0.6,0.6,0.30073652,0.30838308,0.44526508,32.350315,7.879669e-08,0.0
12.095,0.0,0.6,0.6,0.29911312,0.31987944,0.44505754,32.886246,-7.938698e-08,0.0
12.1,0.0,0.6,0.4516328,0.2855657,0.32996458,0.444975,33.00925,3.7072472e-09,0.0
12.105,0.0,0.6,0.4516328,0.27162746,0.34252915,0.4446507,32.936752,1.9588269e-08,0.0
12.11,0.0,0.6,0.4516328,0.24769485,0.35199445,0.4451033,32.518326,-5.729109e-09,0.0
12.115,0.0,0.6,0.4516328,0.22505859,0.36047566,0.44510704,31.622255,7.4153474e-09,0.0
12.120000000000001,0.0,0.19704421,0.5638655,0.20053397,0.3703282,0.44449747,30.185316,4.1631917e-08,0.0
12.125,0.0,0.19704421,0.5638655,0.18107693,0.37820897,0.44458574,28.20186,-1.3671803e-07,0.0
12.13,0.0,0.19704421,0.5638655,0.1662007,0.3842772,0.44435856,25.752367,-4.8224152e-08,0.0
12.135,0.0,0.19704421,0.5638655,0.14255743,0.39152917,0.444126,22.96928,-7.135218e-08,0.0
12.14,0.26058277,0.0,0.3978641,0.12626535,0.39691943,0.4442521,19.910128,-8.940099e-08,0.0
12.145,0.26058277,0.0,0.3978641,0.12173199,0.39917555,0.44375768,16.65277,-8.604109e-08,0.0
12.15,0.26058277,0.0,0.3978641,0.10372153,0.39663228,0.44393262,13.410174,1.2701062e-07,0.0
12.155000000000001,0.26058277,0.0,0.3978641,0.10205673,0.39432788,0.44390666,9.729783,-4.979449e-09,0.0
12.16,0.6,0.30310065,0.22498243,0.09064534,0.39088333,0.44341478,5.7724805,-4.5794036e-07,0.0
12.165000000000001,0.6,0.30310065,0.22498243,0.07468948,0.38570583,0.4434392,2.0452697,-1.5472423e-08,0.0
12.17,0.6,0.30310065,0.22498243,0.06059147,0.382035,0.4430268,-7.601086e-09,-2.978115e-08,0.0
12.175,0.6,0.30310065,0.22498243,0.059210658,0.37933865,0.44201097,-5.5754175e-09,1.7981602e-08,0.0
12.18,0.43461064,0.17352179,0.26813534,0.053146724,0.37536466,0.44211388,-7.151294e-09,8.355607e-08,0.0
12.185,0.43461064,0.17352179,0.26813534,0.05241227,0.36782512,0.44142658,-1.6107253e-09,8.745558e-09,0.0
12.19,0.43461064,0.17352179,0.26813534,0.06372096,0.35651463,0.43987393,3.8623935e-09,-6.691357e-08,0.0
12.195,0.43461064,0.17352179,0.26813534,0.083316065,0.3430715,0.43942034,7.996003e-09,-6.620097e-08,0.0
12.200000000000001,0.29974607,0.025313528,0.3891791,0.09988239,0.3308603,0.4394138,-5.5658256e-09,-1.1652768e-08,0.0
12.205,0.29974607,0.025313528,0.3891791,0.12059631,0.32269895,0.43474007,0.058296435,4.0608445e-08,0.0
12.21,0.29974607,0.025313528,0.3891791,0.13424195,0.31449145,0.42771876,0.34726602,1.9563062e-09,0.0
12.215,0.29974607,0.025313528,0.3891791,0.15960996,0.30523813,0.42026496,0.9538519,-7.843543e-08,0.0
12.22,0.6,0.25585178,0.39332464,0.17574771,0.2968317,0.41031364,1.9291315,7.027346e-08,0.0
12.225,0.6,0.25585178,0.39332464,0.19306861,0.28957918,0.39766338,3.2098017,8.306162e-08,0.0
12.23,0.6,0.25585178,0.39332464,0.20677088,0.27771172,0.38787532,4.6686835,2.3303166e-08,0.0
12.235,0.6,0.25585178,0.39332464,0.22306257,0.2658102,0.3802002,6.186547,-1.0826475e-08,0.0
12.24,0.6,0.3607159,0.35959327,0.23714109,0.2548987,0.3745551,7.6972027,6.7528305e-08,0.0
12.245000000000001,0.6,0.3607159,0.35959327,0.24471128,0.24469782,0.37056243,9.411421,6.1228775e-08,0.0
12.25,0.6,0.3607159,0.35959327,0.24532494,0.23668179,0.3683679,11.296712,1.05224835e-07,0.0
12.255,0.6,0.3607159,0.35959327,0.25130916,0.23232071,0.36734775,13.146075,1.7942132e-07,0.0
12.26,0.41319668,0.6,0.19183497,0.26607415,0.23043741,0.36666608,14.855101,1.09424015e-07,0.0
12.265,0.41319668,0.6,0.19183497,0.2754361,0.2290745,0.36637208,16.44445,7.404946e-08,0.0
12.27,0.41319668,0.6,0.19183497,0.28142568,0.22873598,0.36588416,17.935892,4.1960167e-08,0.0
12.275,0.41319668,0.6,0.19183497,0.29565552,0.2294119,0.36559394,19.318691,1.12056306e-07,0.0
12.280000000000001,0.43456304,0.6,0.41606385,0.31344077,0.23058811,0.36412567,20.629393,5.6650165e-08,0.0
12.285,0.43456304,0.6,0.41606385,0.31567767,0.23080665,0.36082095,21.93761,5.797233e-08,0.0
12.290000000000001,0.43456304,0.6,0.41606385,0.33211377,0.2322347,0.35624963,23.219864,1.7877948e-08,0.0
12.295,0.43456304,0.6,0.41606385,0.33216244,0.23561388,0.35206884,24.496191,1.4043623e-07,0.0
12.3,0.2722299,0.6,0.47918802,0.35187423,0.24116258,0.3438343,25.739832,6.045716e-08,0.0
12.305,0.2722299,0.6,0.47918802,0.3490468,0.24733883,0.33451432,26.996445,1.3996305e-07,0.0
12.31,0.2722299,0.6,0.47918802,0.34842974,0.25880513,0.32725665,28.805035,1.4202102e-07,0.0
12.315,0.2722299,0.6,0.47918802,0.3565903,0.27251723,0.32319063,31.162315,1.4200455e-07,0.0
12.32,0.117181584,0.57262045,0.6,0.36504963,0.2844187,0.32238016,33.14321,1.6907701e-07,0.0
12.325000000000001,0.117181584,0.57262045,0.6,0.3650568,0.29738742,0.32158548,34.423534,7.0825386e-08,0.0
12.33,0.117181584,0.57262045,0.6,0.36434853,0.31191894,0.32133108,35.079334,-9.601779e-09,0.0
12.335,0.117181584,0.57262045,0.6,0.359385,0.3235554,0.32258156,35.75955,7.279529e-08,0.0
12.34,0.41752878,0.6,0.6,0.35813972,0.33543316,0.32291093,36.587204,4.261527e-08,0.0
12.345,0.41752878,0.6,0.6,0.35853058,0.34812745,0.32333782,37.345806,1.025624e-08,0.0
12.35,0.41752878,0.6,0.6,0.3608663,0.35774308,0.32560575,37.334637,-2.6124338e-08,0.0
12.355,0.41752878,0.6,0.6,0.3555835,0.3666988,0.3269691,36.463116,2.3335855e-09,0.0
12.36,0.0,0.6,0.5521788,0.35885653,0.37672052,0.32790393,35.595016,3.004224e-08,0.0
12.365,0.0,0.6,0.5521788,0.35254833,0.38368994,0.33377466,34.45564,1.3189704e-07,0.0
12.370000000000001,0.0,0.6,0.5521788,0.3610146,0.38971278,0.34331703,33.43136,-4.0939014e-08,0.0
12.375,0.0,0.6,0.5521788,0.34247625,0.39650357,0.35241434,32.263496,-6.077432e-08,0.0
12.38,0.0,0.6,0.6,0.34719014,0.40230736,0.36049095,31.245197,-4.0007335e-09,0.0
12.385,0.0,0.6,0.6,0.35616457,0.40664846,0.3702033,30.066061,7.385413e-09,0.0
12.39,0.0,0.6,0.6,0.36114866,0.41102475,0.37791476,28.603706,-5.2636732e-08,0.0
12.395,0.0,0.6,0.6,0.35159513,0.4146868,0.38355687,27.079819,2.958672e-08,0.0
12.4,0.0,0.5433595,0.6,0.35150197,0.4176989,0.38883513,26.140394,9.910854e-09,0.0
12.405000000000001,0.0,0.5433595,0.6,0.33398467,0.4206235,0.39309067,25.903925,2.004631e-08,0.0
12.41,0.0,0.5433595,0.6,0.3190275,0.42298996,0.39652365,26.015865,-2.4458163e-08,0.0
12.415000000000001,0.0,0.5433595,0.6,0.304539,0.4248876,0.40058732,26.17653,1.785797e-08,0.0
12.42,0.0,0.37918648,0.6,0.28364056,0.42723477,0.403995,26.197891,-1.5720294e-09,0.0
12.425,0.0,0.37918648,0.6,0.24985033,0.428598,0.40754268,25.921896,5.399667e-09,0.0
12.43,0.0,0.37918648,0.6,0.2388849,0.42969424,0.41116706,25.156998,-1.7796726e-08,0.0
12.435,0.0,0.37918648,0.6,0.20581675,0.42998645,0.41530505,23.930891,-6.459735e-08,0.0
12.44,0.0,0.0,0.6,0.19103955,0.43085057,0.4182005,22.235846,2.9768387e-08,0.0
12.445,0.0,0.0,0.6,0.16746153,0.43055627,0.42223912,20.14921,-2.8068282e-08,0.0
12.450000000000001,0.0,0.0,0.6,0.13571085,0.42879283,0.4263941,17.061417,6.4926566e-09,0.0
12.455,0.0,0.0,0.6,0.1173305,0.42681432,0.4295883,12.916484,-1.2688056e-07,0.0
12.46,0.20490095,0.0,0.41188347,0.09931845,0.4252829,0.432672,8.258291,-3.1213983e-07,0.0
12.465,0.20490095,0.0,0.41188347,0.09451454,0.42299712,0.43510777,3.6137667,6.5433895e-08,0.0
12.47,0.20490095,0.0,0.41188347,0.08487938,0.42038962,0.43733653,-1.5617173e-06,6.78135e-08,0.0
12.475,0.20490095,0.0,0.41188347,0.0798774,0.4195894,0.4389945,5.694233e-09,-4.182157e-08,0.0
12.48,0.6,0.115294725,0.36556998,0.0654565,0.41785753,0.4413494,4.22954e-09,8.895563e-09,0.0
12.485,0.6,0.115294725,0.36556998,0.060957696,0.41524428,0.4427712,-8.5209916e-11,2.2548164e-08,0.0
12.49,0.6,0.115294725,0.36556998,0.054130282,0.40693766,0.44323456,3.4798768e-09,-5.8814478e-09,0.0
12.495000000000001,0.6,0.115294725,0.36556998,0.04967807,0.38815847,0.44372103,-2.4260734e-11,-2.0768937e-08,0.0
12.5,0.5107669,0.31955522,0.1539101,0.048966646,0.36393836,0.44414914,9.287244e-10,3.3085747e-08,0.0
12.505,0.5107669,0.31955522,0.1539101,0.055447772,0.33579403,0.44374588,7.182855e-09,-4.2881112e-08,0.0
12.51,0.5107669,0.31955522,0.1539101,0.06284337,0.3075514,0.44352278,-2.1586397e-09,-8.3634816e-08,0.0
12.515,0.5107669,0.31955522,0.1539101,0.072304845,0.2788266,0.4438094,7.029587e-11,-4.740107e-08,0.0
12.52,0.37178686,0.3550104,0.13074121,0.08331036,0.252082,0.4425769,0.062476866,-1.96661e-08,0.0
12.525,0.37178686,0.3550104,0.13074121,0.0989038,0.23077299,0.44041535,0.48412505,3.0226694e-08,0.0
12.530000000000001,0.37178686,0.3550104,0.13074121,0.134443,0.2205788,0.43975762,1.3372333,9.1834686e-08,0.0
12.535,0.37178686,0.3550104,0.13074121,0.1418205,0.21568376,0.43836144,2.6288998,4.498465e-08,0.0
12.540000000000001,0.6,0.32096776,0.26791102,0.15771611,0.21226245,0.4346544,4.1796813,9.6880575e-09,0.0
12.545,0.6,0.32096776,0.26791102,0.17737766,0.21269174,0.42791414,5.7917614,7.1868996e-08,0.0
12.55,0.6,0.32096776,0.26791102,0.19759828,0.2128027,0.42120838,7.381676,1.6150238e-07,0.0
12.555,0.6,0.32096776,0.26791102,0.21600851,0.21299012,0.4086528,8.93503,1.2164577e-07,0.0
12.56,0.6,0.44317913,0.3077494,0.22799604,0.21479617,0.3930958,10.4652605,1.203139e-07,0.0
12.565,0.6,0.44317913,0.3077494,0.23579499,0.21765254,0.37862846,11.961197,1.731818e-07,0.0
12.57,0.6,0.44317913,0.3077494,0.24064977,0.2207563,0.3646605,13.388279,2.44923e-08,0.0
12.575000000000001,0.6,0.44317913,0.3077494,0.26090664,0.22488435,0.3514786,14.709283,3.656681e-08,0.0
12.58,0.49434334,0.52875173,0.6,0.26548228,0.2327444,0.34168467,15.995013,1.2408468e-07,0.0
12.585,0.49434334,0.52875173,0.6,0.27390912,0.2400874,0.3335006,17.251257,1.1370955e-07,0.0
12.59,0.49434334,0.52875173,0.6,0.28988713,0.24609397,0.32661822,18.460125,5.1767536e-08,0.0
12.595,0.49434334,0.52875173,0.6,0.30186236,0.25529265,0.32150376,19.665796,-7.794709e-09,0.0
12.6,0.41314527,0.6,0.49075115,0.31657088,0.26708952,0.31891033,20.895702,8.812623e-08,0.0
12.605,0.41314527,0.6,0.49075115,0.3193957,0.2768941,0.31820512,22.168657,4.2284757e-08,0.0
12.61,0.41314527,0.6,0.49075115,0.33154592,0.2875087,0.31810582,23.434109,1.4767824e-07,0.0
12.615,0.41314527,0.6,0.49075115,0.33115575,0.2998251,0.31843287,24.622608,3.227353e-08,0.0
12.620000000000001,0.2490241,0.6,0.6,0.3439646,0.31075138,0.32017154,26.164928,1.04581524e-07,0.0
12.625,0.2490241,0.6,0.6,0.35245687,0.32054982,0.32147145,27.548119,7.345629e-08,0.0
12.63,0.2490241,0.6,0.6,0.3641934,0.3325836,0.3218665,28.457748,5.7637944e-08,0.0
12.635,0.2490241,0.6,0.6,0.36239532,0.34238902,0.32366312,28.999025,1.2115517e-08,0.0
12.64,0.20187855,0.6,0.6,0.37297156,0.35077384,0.32651016,29.801668,3.9637136e-08,0.0
12.645,0.20187855,0.6,0.6,0.37049946,0.3593609,0.3298903,30.421995,2.6968777e-08,0.0
12.65,0.20187855,0.6,0.6,0.36196724,0.36815807,0.334739,31.139305,4.707869e-08,0.0
12.655000000000001,0.20187855,0.6,0.6,0.36938256,0.37440935,0.34312287,32.063995,6.705918e-08,0.0
12.66,0.27469414,0.6,0.6,0.36334088,0.38220438,0.3515142,32.434532,1.0605919e-08,0.0
12.665000000000001,0.27469414,0.6,0.6,0.36100322,0.388879,0.3586373,32.6486,2.536652e-08,0.0
12.67,0.27469414,0.6,0.6,0.3681009,0.3938055,0.36724484,32.97342,3.216238e-08,0.0
12.675,0.27469414,0.6,0.6,0.37435174,0.39826846,0.37477684,32.75111,-1.2015861e-08,0.0
12.68,0.0,0.6,0.5081934,0.37082872,0.40300992,0.37991208,31.902388,-1.0070218e-08,0.0
12.685,0.0,0.6,0.5081934,0.36470276,0.406323,0.38552725,31.274998,-1.1855523e-09,0.0
12.69,0.0,0.6,0.5081934,0.36760375,0.41013715,0.39050356,31.076542,2.4500816e-08,0.0
12.695,0.0,0.6,0.5081934,0.36821347,0.41366515,0.39430064,30.554255,-4.5081443e-08,0.0
12.700000000000001,0.0,0.6,0.6,0.36066127,0.4167227,0.39801008,29.543032,-2.7073542e-08,0.0
12.705,0.0,0.6,0.6,0.36959496,0.4192111,0.4020806,28.816345,-2.365655e-09,0.0
12.71,0.0,0.6,0.6,0.37436444,0.42150632,0.40578836,28.051231,-1.2918774e-08,0.0
12.715,0.0,0.6,0.6,0.35516587,0.4232071,0.4091843,27.048668,1.012804e-08,0.0
12.72,0.0,0.6,0.6,0.3235015,0.42423683,0.41309598,26.45038,5.1979426e-10,0.0
12.725,0.0,0.6,0.6,0.30336478,0.42469382,0.41690066,26.19963,-6.176217e-09,0.0
12.73,0.0,0.6,0.6,0.27875212,0.42567104,0.4203864,25.954628,-3.8173315e-08,0.0
12.735,0.0,0.6,0.6,0.25175193,0.42675254,0.42415512,25.49184,1.4700615e-08,0.0
12.74,0.0,0.1917196,0.6,0.23183934,0.42850468,0.42695674,24.644659,-3.0734537e-08,0.0
12.745000000000001,0.0,0.1917196,0.6,0.20184563,0.43046722,0.42924908,23.37378,3.2154304e-08,0.0
12.75,0.0,0.1917196,0.6,0.1812623,0.4324387,0.43152523,21.64289,-7.227712e-08,0.0
12.755,0.0,0.1917196,0.6,0.16556197,0.43491864,0.4333304,19.48843,-4.740894e-08,0.0
12.76,0.0,0.0,0.6,0.15139762,0.4376017,0.43475264,17.025223,3.9294935e-08,0.0
12.765,0.0,0.0,0.6,0.12949711,0.43848214,0.43692005,14.390301,1.1612847e-07,0.0
12.77,0.0,0.0,0.6,0.1053482,0.4379471,0.43820557,11.681493,-1.9783103e-07,0.0
12.775,0.0,0.0,0.6,0.08451264,0.43731004,0.43956536,8.281037,-4.2354107e-09,0.0
12.780000000000001,0.26498237,0.0,0.45722732,0.07733327,0.43723875,0.44075584,4.2397227,2.4234023e-08,0.0
12.785,0.26498237,0.0,0.45722732,0.06688851,0.43534505,0.44234663,0.17824093,-7.1863674e-08,0.0
12.790000000000001,0.26498237,0.0,0.45722732,0.06037663,0.4342911,0.44377092,4.749047e-09,-2.315727e-08,0.0
12.795,0.26498237,0.0,0.45722732,0.060034834,0.43353203,0.44570157,2.1549105e-09,-2.17526e-08,0.0
12.8,0.6,0.036718532,0.28138435,0.037511032,0.42897928,0.44785833,3.7012804e-09,-5.6258833e-09,0.0
12.805,0.6,0.036718532,0.28138435,0.037170004,0.41342622,0.44948223,2.195046e-09,3.9409304e-08,0.0
12.81,0.6,0.036718532,0.28138435,0.04518636,0.39159414,0.45004958,-3.8261736e-09,9.741334e-10,0.0
12.815,0.6,0.036718532,0.28138435,0.049736034,0.3628994,0.4510964,3.664702e-09,-2.2945537e-08,0.0
12.82,0.5754937,0.29479262,0.0,0.0426349,0.33348513,0.45179465,9.723789e-09,-6.3884746e-09,0.0
12.825000000000001,0.5754937,0.29479262,0.0,0.06368322,0.30358648,0.4500776,-7.805135e-09,5.636722e-09,0.0
12.83,0.5754937,0.29479262,0.0,0.08035848,0.2756008,0.44912925,1.0645336e-08,9.655194e-08,0.0
12.835,0.5754937,0.29479262,0.0,0.08498939,0.24769838,0.4488296,0.11747402,-4.3771585e-08,0.0
12.84,0.18472248,0.084786296,0.3062004,0.101559974,0.22356099,0.44636238,0.60700357,6.962146e-08,0.0
12.845,0.18472248,0.084786296,0.3062004,0.11509068,0.2067167,0.4444149,1.5099446,9.167739e-08,0.0
12.85,0.18472248,0.084786296,0.3062004,0.1317985,0.19954166,0.4443936,2.6963196,8.534251e-08,0.0
12.855,0.18472248,0.084786296,0.3062004,0.14965153,0.19502588,0.4426497,4.042811,7.3885296e-08,0.0
12.86,0.6,0.20612113,0.26141393,0.15893213,0.1930084,0.43494907,5.457413,8.285891e-08,0.0
12.865,0.6,0.20612113,0.26141393,0.18578202,0.19217594,0.4200407,6.8287945,5.3295427e-08,0.0
12.870000000000001,0.6,0.20612113,0.26141393,0.19145615,0.19193414,0.40259376,8.179801,-6.411513e-08,0.0
12.875,0.6,0.20612113,0.26141393,0.1925521,0.19266263,0.3845634,9.473341,4.9121045e-09,0.0
12.88,0.6,0.26964802,0.27981654,0.19335943,0.19271791,0.369796,10.616844,1.4323952e-08,0.0
12.885,0.6,0.26964802,0.27981654,0.19230221,0.1922229,0.35803908,11.562973,-2.885151e-08,0.0
12.89,0.6,0.26964802,0.27981654,0.21363395,0.19198895,0.3470162,12.6270075,3.942894e-08,0.0
12.895,0.6,0.26964802,0.27981654,0.22233666,0.19168454,0.33813906,13.645163,2.2622306e-08,0.0
12.9,0.14350969,0.5876515,0.0,0.24243535,0.19178101,0.33144498,14.502593,3.651438e-08,0.0
12.905000000000001,0.14350969,0.5876515,0.0,0.24957336,0.1918113,0.32467374,15.338934,1.2983787e-08,0.0
12.91,0.14350969,0.5876515,0.0,0.25931922,0.19275877,0.31891656,16.204262,1.0320668e-07,0.0
12.915000000000001,0.14350969,0.5876515,0.0,0.27171895,0.19371876,0.31423226,17.104712,9.020357e-08,0.0
12.92,0.16702968,0.6,0.0,0.28252417,0.19408838,0.30981034,18.063404,2.2002409e-08,0.0
12.925,0.16702968,0.6,0.0,0.2993962,0.19522259,0.30556828,19.088633,-2.2289361e-08,0.0
12.93,0.16702968,0.6,0.0,0.31921253,0.19810466,0.30174854,20.20728,7.805993e-08,0.0
12.935,0.16702968,0.6,0.0,0.32146806,0.20122,0.29734686,21.460154,-2.6282847e-09,0.0
12.94,0.47619963,0.6,0.0,0.31944677,0.20512348,0.28776973,22.783352,8.5420105e-08,0.0
12.945,0.47619963,0.6,0.0,0.3195391,0.21477233,0.27358878,24.589476,1.4588329e-07,0.0
12.950000000000001,0.47619963,0.6,0.0,0.32543707,0.22975153,0.25679463,26.346018,1.1437782e-07,0.0
12.955,0.47619963,0.6,0.0,0.32446566,0.24289468,0.23799096,27.744516,7.995988e-08,0.0
12.96,0.379146,0.6,0.0,0.32880324,0.25618196,0.2183464,29.391733,4.5890243e-08,0.0
12.965,0.379146,0.6,0.0,0.32389724,0.27148062,0.19908792,30.88862,7.3370686e-08,0.0
12.97,0.379146,0.6,0.0,0.320459,0.28484324,0.18042454,32.37987,1.4796426e-07,0.0
12.975,0.379146,0.6,0.0,0.31965107,0.29657182,0.16304599,33.9067,1.2925858e-07,0.0
12.98,0.31858912,0.6,0.0,0.3131047,0.3098797,0.14705524,35.244244,0.0013593943,0.0
12.985,0.31858912,0.6,0.0,0.31061998,0.32229593,0.13172333,36.199165,0.15182878,0.0
12.99,0.31858912,0.6,0.0,0.3140759,0.33228162,0.11803072,36.683834,0.6001528,0.0
12.995000000000001,0.31858912,0.6,0.0,0.31447947,0.34335575,0.105478585,36.147125,1.9559721,0.0
13.0,0.41878963,0.6,0.0,0.30591863,0.35385382,0.09148709,34.68892,4.081364,0.0
13.005,0.41878963,0.6,0.0,0.30542386,0.36139476,0.0907066,33.310013,5.843282,0.0
13.01,0.41878963,0.6,0.0,0.31519398,0.37024114,0.07520295,32.300117,6.9353795,0.0
13.015,0.41878963,0.6,0.0,0.31293234,0.3784144,0.058506902,30.964756,8.145709,0.0
13.02,0.527015,0.5245826,0.08844193,0.3068483,0.38424024,0.05290516,29.834148,8.880359,0.0
13.025,0.527015,0.5245826,0.08844193,0.31287548,0.39114532,0.042216767,29.113632,8.929006,0.0
13.030000000000001,0.527015,0.5245826,0.08844193,0.32178625,0.398101,0.036538754,28.032429,9.160013,0.0
13.035,0.527015,0.5245826,0.08844193,0.31784934,0.4033943,0.030084454,26.55625,9.600223,0.0
13.040000000000001,0.20421235,0.25478753,0.030936403,0.32216892,0.4096597,0.01937511,25.580956,9.253065,0.0
13.045,0.20421235,0.25478753,0.030936403,0.31561384,0.4153034,0.024380399,24.627523,8.670849,0.0
13.05,0.20421235,0.25478753,0.030936403,0.329533,0.41992137,0.02938587,24.032614,7.4800396,0.0
13.055,0.20421235,0.25478753,0.030936403,0.33550006,0.42439345,0.020362921,23.41111,6.1239,0.0
13.06,0.6,0.45772377,0.0,0.34359792,0.42835924,0.028460419,22.5754,4.8073163,0.0
13.065,0.6,0.45772377,0.0,0.34619594,0.4312913,0.017792784,21.742773,3.2853677,0.0
13.07,0.6,0.45772377,0.0,0.34332705,0.43147904,0.017019495,21.019361,1.4426293,0.0
13.075000000000001,0.6,0.45772377,0.0,0.35112956,0.4313277,0.025557004,20.838203,7.1823845e-09,0.0
13.08,0.55727506,0.32358217,0.3488527,0.34400028,0.4318398,0.013240556,19.847717,0.81740564,0.0
13.085,0.55727506,0.32358217,0.3488527,0.34709433,0.4312663,0.01423278,19.527863,0.6135836,0.0
13.09,0.55727506,0.32358217,0.3488527,0.34604052,0.43099746,0.014474848,18.84682,0.57640773,0.0
13.095,0.55727506,0.32358217,0.3488527,0.34076968,0.43063495,0.009007394,17.98085,0.494075,0.0
13.1,0.43542853,0.3342534,0.43499723,0.34352598,0.42959034,0.022246588,17.371002,2.4551433e-08,0.0
13.105,0.43542853,0.3342534,0.43499723,0.34848127,0.4287539,0.019478567,16.230927,0.418635,0.0
13.11,0.43542853,0.3342534,0.43499723,0.3510666,0.42796707,0.028012555,14.732861,0.97181004,0.0
13.115,0.43542853,0.3342534,0.43499723,0.36089548,0.42715168,0.03504324,13.24591,1.2445081,0.0
13.120000000000001,0.6,0.39781106,0.07753022,0.36943385,0.42611846,0.04612918,12.032286,0.9523488,0.0
13.125,0.6,0.39781106,0.07753022,0.37364367,0.42565876,0.05148214,11.230542,-3.6489794e-08,0.0
13.13,0.6,0.39781106,0.07753022,0.37486976,0.42476138,0.07127826,10.597483,-5.054909e-08,0.0
13.135,0.6,0.39781106,0.07753022,0.3795581,0.42361218,0.089107275,10.338354,6.786882e-12,0.0
13.14,0.4580023,0.42337498,0.6,0.38926575,0.42290843,0.10537536,10.40179,1.4364614e-09,0.0
13.145,0.4580023,0.42337498,0.6,0.3953858,0.4221545,0.11683306,10.742527,2.2197954e-08,0.0
13.15,0.4580023,0.42337498,0.6,0.39738572,0.4194996,0.12036835,11.285928,2.6882018e-08,0.0
13.155000000000001,0.4580023,0.42337498,0.6,0.40033323,0.41698766,0.12976864,11.932917,5.5787186e-08,0.0
13.16,0.6,0.4916631,0.6,0.40911093,0.41448343,0.1313048,12.603747,3.1922525e-08,0.0
13.165000000000001,0.6,0.4916631,0.6,0.4107888,0.41235512,0.12926807,13.27891,4.1568914e-08,0.0
13.17,0.6,0.4916631,0.6,0.41270137,0.4097442,0.13416643,13.923205,4.158349e-08,0.0
13.175,0.6,0.4916631,0.6,0.41789398,0.40825653,0.14277177,14.504907,3.0509156e-08,0.0
13.18,0.20764734,0.41838273,0.6,0.4213619,0.40706623,0.15153831,15.027988,2.6002681e-08,0.0
13.185,0.20764734,0.41838273,0.6,0.4190236,0.40647122,0.16178766,15.497999,3.248513e-08,0.0
13.19,0.20764734,0.41838273,0.6,0.42096922,0.40634128,0.17274149,16.55559,1.0392142e-07,0.0
13.195,0.20764734,0.41838273,0.6,0.42258492,0.40638408,0.18722053,17.543621,0.18311559,0.0
13.200000000000001,0.29472664,0.45784515,0.6,0.42759278,0.40648583,0.2016946,18.80193,3.909999e-08,0.0
13.205,0.29472664,0.45784515,0.6,0.4198882,0.40633282,0.2142058,20.394663,1.2740814e-07,0.0
13.21,0.29472664,0.45784515,0.6,0.4202836,0.40676343,0.2283761,22.081697,1.0388873e-07,0.0
13.215,0.29472664,0.45784515,0.6,0.42042214,0.40711957,0.24218933,23.645046,7.434237e-08,0.0
13.22,0.36690384,0.6,0.6,0.41967633,0.40767294,0.25373244,24.972757,0.0010024764,0.0
13.225,0.36690384,0.6,0.6,0.4192728,0.4085035,0.26610506,26.692163,1.5834506e-07,0.0
13.23,0.36690384,0.6,0.6,0.41728577,0.4092409,0.27883324,28.856482,1.6181491e-07,0.0
13.235,0.36690384,0.6,0.6,0.42086786,0.41002283,0.28963062,31.117558,1.6336e-07,0.0
13.24,0.0,0.6,0.5145253,0.41457763,0.4101709,0.30037442,32.599457,8.353164e-08,0.0
13.245000000000001,0.0,0.6,0.5145253,0.41780052,0.41083527,0.3118116,33.754,8.208827e-08,0.0
13.25,0.0,0.6,0.5145253,0.41278243,0.41089332,0.32178384,34.27478,1.6675349e-08,0.0
13.255,0.0,0.6,0.5145253,0.4170754,0.41095316,0.33142403,34.643444,6.746592e-08,0.0
13.26,0.0,0.6,0.6,0.4072357,0.41115394,0.34132984,34.5669,-1.295536e-08,0.0
13.265,0.0,0.6,0.6,0.40247747,0.41147116,0.35043368,34.484787,6.612752e-09,0.0
13.27,0.0,0.6,0.6,0.40547204,0.4115868,0.358303,34.688835,9.954917e-09,0.0
13.275,0.0,0.6,0.6,0.38855362,0.411826,0.3665016,34.41544,-2.715587e-08,0.0
13.280000000000001,0.0,0.6,0.6,0.35478732,0.41199538,0.37307015,34.07772,-1.482018e-08,0.0
13.285,0.0,0.6,0.6,0.32154325,0.41174784,0.37851602,33.808235,1.2440311e-08,0.0
13.290000000000001,0.0,0.6,0.6,0.29897767,0.411247,0.3849371,32.639046,-1.445332e-08,0.0
13.295,0.0,0.6,0.6,0.28276718,0.41100135,0.3907896,30.379202,-1.4497162e-07,0.0
13.3,0.0,0.41768372,0.6,0.25870198,0.40990373,0.39576015,27.382132,-1.370536e-07,0.0
13.305,0.0,0.41768372,0.6,0.2390641,0.40907705,0.40085223,23.899794,7.027828e-09,0.0
13.31,0.0,0.41768372,0.6,0.22252546,0.4089289,0.40610048,20.158163,2.7303923e-08,0.0
13.315,0.0,0.41768372,0.6,0.19433258,0.40963027,0.41046923,16.386427,3.772861e-09,0.0
13.32,0.0,0.0,0.6,0.16403958,0.41051075,0.41496682,13.321593,-7.82133e-08,0.0
13.325000000000001,0.0,0.0,0.6,0.14801206,0.41172993,0.41909933,11.016993,-5.5616383e-09,0.0
13.33,0.0,0.0,0.6,0.13486569,0.41367218,0.42145345,9.224672,-8.4323e-08,0.0
13.335,0.0,0.0,0.6,0.13348952,0.41511786,0.42354223,7.8208523,-1.6178353e-09,0.0
13.34,0.30384946,0.0,0.2692059,0.12367144,0.4145647,0.42628658,6.7843366,-3.3882905e-08,0.0
13.345,0.30384946,0.0,0.2692059,0.094921164,0.41348264,0.4286374,5.394671,-9.8017345e-08,0.0
13.35,0.30384946,0.0,0.2692059,0.0992873,0.4133345,0.43086022,3.3869717,5.849999e-08,0.0
13.355,0.30384946,0.0,0.2692059,0.07279512,0.41171178,0.43384388,0.9971602,-1.8427466e-08,0.0
13.36,0.6,0.30222255,0.26002774,0.056797124,0.41011715,0.43574104,-8.6359406e-11,1.7601687e-08,0.0
13.365,0.6,0.30222255,0.26002774,0.048164323,0.407371,0.4360599,4.420161e-09,-3.408496e-08,0.0
13.370000000000001,0.6,0.30222255,0.26002774,0.06084396,0.39598405,0.43508506,6.0997087e-09,1.1490856e-08,0.0
13.375,0.6,0.30222255,0.26002774,0.06527778,0.37674168,0.4349858,1.7442972e-08,3.2574254e-09,0.0
13.38,0.35940707,0.23054378,0.26598415,0.079331554,0.35087392,0.43331212,2.1109388e-08,-5.219775e-08,0.0
13.385,0.35940707,0.23054378,0.26598415,0.077832796,0.32371452,0.43142423,1.6063612e-09,-1.0041323e-07,0.0
13.39,0.35940707,0.23054378,0.26598415,0.08953868,0.29509616,0.4313435,0.11175838,-5.076546e-08,0.0
13.395,0.35940707,0.23054378,0.26598415,0.10883573,0.26804283,0.4300161,0.35542658,-3.3454928e-08,0.0
13.4,0.30606052,0.0351908,0.3980839,0.1264477,0.24445266,0.4275945,1.054508,8.228964e-08,0.0
13.405000000000001,0.30606052,0.0351908,0.3980839,0.14289384,0.22790125,0.42598885,2.2691526,9.739002e-08,0.0
13.41,0.30606052,0.0351908,0.3980839,0.16105899,0.21846773,0.42335048,3.803784,-2.3895637e-08,0.0
13.415000000000001,0.30606052,0.0351908,0.3980839,0.1648314,0.21289304,0.4149662,5.4820056,1.1765507e-07,0.0
13.42,0.6,0.41146603,0.3135164,0.1868536,0.20934023,0.4041108,7.096872,1.5379694e-08,0.0
13.425,0.6,0.41146603,0.3135164,0.19601403,0.20723289,0.39480412,8.602577,8.4522815e-09,0.0
13.43,0.6,0.41146603,0.3135164,0.20149122,0.20619324,0.38700497,9.984563,2.0197263e-08,0.0
13.435,0.6,0.41146603,0.3135164,0.21072327,0.2041797,0.38081264,11.205084,5.1732158e-08,0.0
13.44,0.6,0.569891,0.46650216,0.21744406,0.19926831,0.37631807,12.281309,6.1166375e-08,0.0
13.445,0.6,0.569891,0.46650216,0.22023599,0.19431181,0.37117463,13.243002,1.12066e-07,0.0
13.450000000000001,0.6,0.569891,0.46650216,0.24436522,0.19141266,0.36628354,14.092054,7.419546e-08,0.0
13.455,0.6,0.569891,0.46650216,0.25655252,0.19144864,0.3623272,14.956565,1.0311925e-07,0.0
13.46,0.27051967,0.6,0.28268978,0.27712572,0.19212516,0.3583758,15.91248,4.8226763e-08,0.0
13.465,0.27051967,0.6,0.28268978,0.2928751,0.19262075,0.35513684,17.010555,7.1588936e-08,0.0
13.47,0.27051967,0.6,0.28268978,0.30212373,0.19643638,0.35261747,18.267027,6.776746e-08,0.0
13.475,0.27051967,0.6,0.28268978,0.31659636,0.20577626,0.35102463,19.631618,9.791681e-09,0.0
13.48,0.46397874,0.6,0.6,0.32011953,0.21504284,0.35110825,21.07386,1.04478055e-07,0.0
13.485,0.46397874,0.6,0.6,0.32333857,0.22605884,0.35098153,22.531511,1.6706053e-08,0.0
13.49,0.46397874,0.6,0.6,0.33684447,0.24030861,0.35035777,23.932455,9.932795e-08,0.0
13.495000000000001,0.46397874,0.6,0.6,0.3337481,0.25383356,0.35006884,25.289476,3.1885424e-08,0.0
13.5,0.37163746,0.6,0.6,0.3349755,0.26555866,0.35011607,27.107607,7.936743e-08,0.0
13.505,0.37163746,0.6,0.6,0.33991238,0.27974916,0.34974548,28.852053,1.1843366e-07,0.0
13.51,0.37163746,0.6,0.6,0.33997253,0.29232204,0.35090676,30.121454,4.5112984e-08,0.0
13.515,0.37163746,0.6,0.6,0.3379685,0.30376387,0.35183892,30.92183,2.5249507e-08,0.0
13.52,0.2541875,0.6,0.6,0.3313469,0.31552476,0.3523539,31.82201,1.6608082e-08,0.0
13.525,0.2541875,0.6,0.6,0.34340543,0.32844302,0.35296863,32.879665,7.8486536e-08,0.0
13.530000000000001,0.2541875,0.6,0.6,0.3428007,0.33816826,0.3543729,33.37683,1.5270018e-08,0.0
13.535,0.2541875,0.6,0.6,0.3415636,0.34882158,0.3545477,33.707546,3.6687936e-08,0.0
13.540000000000001,0.4242905,0.6,0.57301134,0.34569108,0.35878035,0.35559398,34.11394,2.7873257e-08,0.0
13.545,0.4242905,0.6,0.57301134,0.35065413,0.3666408,0.35830554,33.93336,-1.1377592e-08,0.0
13.55,0.4242905,0.6,0.57301134,0.35115945,0.3736306,0.36277747,33.07479,-2.0923881e-08,0.0
13.555,0.4242905,0.6,0.57301134,0.34451097,0.38160282,0.3670183,31.803545,-3.2030194e-08,0.0
13.56,0.0,0.6,0.5497398,0.3508211,0.38749063,0.37318382,30.836725,2.7263665e-08,0.0
13.565,0.0,0.6,0.5497398,0.3516509,0.39422852,0.37890708,29.836685,3.181068e-08,0.0
13.57,0.0,0.6,0.5497398,0.36265984,0.40028527,0.38403693,28.577282,4.703166e-09,0.0
13.575000000000001,0.0,0.6,0.5497398,0.3541699,0.40413523,0.39007956,27.253517,2.803884e-08,0.0
13.58,0.0,0.6,0.6,0.36169592,0.40826955,0.39504343,26.516216,1.3313965e-08,0.0
13.585,0.0,0.6,0.6,0.35610914,0.4126983,0.39868975,25.929039,-2.0282597e-08,0.0
13.59,0.0,0.6,0.6,0.35771278,0.41632158,0.4016634,25.734821,-2.590455e-09,0.0
13.595,0.0,0.6,0.6,0.35127172,0.41838592,0.4055799,25.502304,-2.5480515e-08,0.0
13.6,0.0,0.6,0.6,0.34882745,0.42137796,0.40812278,25.49446,5.166206e-09,0.0
13.605,0.0,0.6,0.6,0.34621245,0.42345598,0.41085127,25.878502,4.3254726e-08,0.0
13.61,0.0,0.6,0.6,0.331425,0.42482704,0.41400397,26.449772,4.147991e-08,0.0
13.615,0.0,0.6,0.6,0.31122825,0.4262087,0.41700068,26.984959,5.326511e-08,0.0
13.620000000000001,0.0,0.19113399,0.6,0.28392103,0.4276435,0.4192979,27.264624,7.217449e-09,0.0
13.625,0.0,0.19113399,0.6,0.26143467,0.4286788,0.42200547,27.094023,-9.2859125e-09,0.0
13.63,0.0,0.19113399,0.6,0.2359333,0.42990607,0.4245891,26.38431,4.497915e-09,0.0
13.635,0.0,0.19113399,0.6,0.21146998,0.43126336,0.42680958,25.115948,-8.289706e-08,0.0
13.64,0.0,0.0,0.6,0.18606219,0.43182164,0.42946085,23.319809,-1.0975291e-07,0.0
13.645,0.0,0.0,0.6,0.17440918,0.43048275,0.43179402,21.059248,-5.9718495e-08,0.0
13.65,0.0,0.0,0.6,0.14153452,0.4294634,0.4335508,17.816652,3.4921857e-08,0.0
13.655000000000001,0.0,0.0,0.6,0.13719925,0.4284332,0.43529344,13.567921,-3.2134892e-07,0.0
13.66,0.31404552,0.0,0.42451632,0.12235905,0.42605093,0.43708265,8.91714,9.391339e-08,0.0
13.665000000000001,0.31404552,0.0,0.42451632,0.11519578,0.42396402,0.43888932,4.416897,-6.1962595e-08,0.0
13.67,0.31404552,0.0,0.42451632,0.09538113,0.42277825,0.44064656,0.5288391,1.0205407e-07,0.0
13.675,0.31404552,0.0,0.42451632,0.077029094,0.42109323,0.44227076,2.7339847e-10,-5.004769e-08,0.0
13.68,0.6,0.0,0.6,0.0777641,0.41406527,0.44387484,4.7637543e-09,3.086883e-08,0.0
13.685,0.6,0.0,0.6,0.087641254,0.39858764,0.444828,8.988757e-09,-3.8345287e-09,0.0
13.69,0.6,0.0,0.6,0.07497573,0.3747285,0.44620058,-7.467409e-10,1.8311683e-08,0.0
13.695,0.6,0.0,0.6,0.06454689,0.34740323,0.4474153,-2.1043352e-09,1.9871452e-08,0.0
13.700000000000001,0.4299629,0.23529433,0.32903504,0.067511454,0.3181486,0.44764146,5.2083333e-09,-2.3270683e-08,0.0
13.705,0.4299629,0.23529433,0.32903504,0.08808803,0.2894097,0.44799358,1.7653214e-09,1.534525e-08,0.0
13.71,0.4299629,0.23529433,0.32903504,0.10206073,0.26127696,0.44813365,0.1384712,9.698228e-09,0.0
13.715,0.4299629,0.23529433,0.32903504,0.11497053,0.2351774,0.44762722,0.76423305,2.1362977e-08,0.0
13.72,0.14409788,0.20329554,0.6,0.13571735,0.21055643,0.4468311,1.8798819,1.02886126e-07,0.0
13.725,0.14409788,0.20329554,0.6,0.15415677,0.18799533,0.4466123,3.3245835,-4.8736013e-08,0.0
13.73,0.14409788,0.20329554,0.6,0.1707688,0.16781472,0.4453149,4.9502106,-2.3424178e-09,0.0
13.735,0.14409788,0.20329554,0.6,0.1758859,0.15364103,0.4439348,6.617468,-7.189362e-08,0.0
13.74,0.41444182,0.3620724,0.6,0.19510841,0.14843804,0.4432421,8.170559,-5.5754892e-08,0.0
13.745000000000001,0.41444182,0.3620724,0.6,0.20452532,0.14571044,0.44270727,9.590325,5.573079e-08,0.0
13.75,0.41444182,0.3620724,0.6,0.21008883,0.14436433,0.44239816,10.885868,8.7693294e-08,0.0
13.755,0.41444182,0.3620724,0.6,0.20971431,0.14546426,0.4422439,12.042314,5.1424603e-08,0.0
13.76,0.4625746,0.6,0.6,0.21315876,0.14540012,0.4423577,13.384451,1.2611336e-07,0.0
13.765,0.4625746,0.6,0.6,0.21263437,0.14629959,0.44238532,14.589374,5.5258777e-08,0.0
13.77,0.4625746,0.6,0.6,0.22865362,0.14849791,0.44242558,15.804557,-1.24343e-08,0.0
13.775,0.4625746,0.6,0.6,0.23056851,0.15606748,0.44232583,16.856955,3.36072e-08,0.0
13.780000000000001,0.0,0.6,0.5741303,0.24650839,0.16618131,0.44246018,17.601461,4.3439968e-08,0.0
13.785,0.0,0.6,0.5741303,0.25179318,0.17506051,0.44229326,18.196163,3.2640823e-08,0.0
13.790000000000001,0.0,0.6,0.5741303,0.26880863,0.18879761,0.4421097,18.729876,1.497764e-08,0.0
13.795,0.0,0.6,0.5741303,0.27293923,0.20461863,0.4419295,19.29695,-1.05830054e-07,0.0
13.8,0.0,0.6,0.58519757,0.28120828,0.21749493,0.442175,19.919125,8.093232e-08,0.0
13.805,0.0,0.6,0.58519757,0.2948278,0.23130368,0.44184098,20.596127,6.447335e-08,0.0
13.81,0.0,0.6,0.58519757,0.29138306,0.24644767,0.4420395,21.357908,3.6146453e-08,0.0
13.815,0.0,0.6,0.58519757,0.29922813,0.25954345,0.44183463,22.62749,1.221312e-07,0.0
13.82,0.0,0.6,0.6,0.30125955,0.2721576,0.4414958,23.943312,1.052026e-07,0.0
13.825000000000001,0.0,0.6,0.6,0.2942156,0.2856919,0.44175422,24.984446,1.644964e-07,0.0
13.83,0.0,0.6,0.6,0.30065632,0.29760572,0.44149208,26.169638,1.3398991e-07,0.0
13.835,0.0,0.6,0.6,0.29607394,0.30853933,0.44156456,27.056416,6.865066e-08,0.0
13.84,0.0,0.6,0.6,0.26869747,0.3212483,0.44162157,27.843502,2.760672e-08,0.0
13.845,0.0,0.6,0.6,0.2538916,0.33241007,0.44129255,28.481647,-8.6591205e-09,0.0
13.85,0.0,0.6,0.6,0.22014676,0.3413263,0.44130728,28.700218,-5.171573e-10,0.0
13.855,0.0,0.6,0.6,0.1987876,0.35185412,0.44147235,28.291224,1.9711628e-08,0.0
13.86,0.0,0.23907001,0.6,0.17261603,0.3607292,0.44194785,27.191572,-2.8589566e-08,0.0
13.865,0.0,0.23907001,0.6,0.15204908,0.36857998,0.4416074,25.436668,4.2064492e-08,0.0
13.870000000000001,0.0,0.23907001,0.6,0.13286391,0.37661088,0.44171444,23.117174,-1.5865656e-07,0.0
13.875,0.0,0.23907001,0.6,0.109997556,0.38400754,0.44144332,20.346853,1.9181671e-08,0.0
13.88,0.20287172,0.0,0.28325823,0.11185291,0.38784528,0.44161066,17.205349,-5.232337e-08,0.0
13.885,0.20287172,0.0,0.28325823,0.113732375,0.38932496,0.44132227,13.738004,-8.9591886e-08,0.0
13.89,0.20287172,0.0,0.28325823,0.10513355,0.3893016,0.44129324,10.263764,-1.02852475e-07,0.0
13.895,0.20287172,0.0,0.28325823,0.08696565,0.38823137,0.44080803,6.689965,-2.1369105e-07,0.0
13.9,0.6,0.1984144,0.36182326,0.087796316,0.38490787,0.4404315,3.1135125,-1.0075657e-07,0.0
13.905000000000001,0.6,0.1984144,0.36182326,0.05771076,0.38177985,0.43986282,-0.00028444975,-2.849521e-07,0.0
13.91,0.6,0.1984144,0.36182326,0.04244921,0.378641,0.4388174,2.9889442e-08,-5.287075e-08,0.0
13.915000000000001,0.6,0.1984144,0.36182326,0.04715029,0.37438023,0.43872708,-5.696539e-09,-4.224423e-08,0.0
13.92,0.48958936,0.0,0.293428,0.04472075,0.37125883,0.43758696,-1.6041872e-08,-7.3967215e-08,0.0
13.925,0.48958936,0.0,0.293428,0.061776556,0.36818063,0.4364338,1.3508391e-08,-7.245001e-08,0.0
13.93,0.48958936,0.0,0.293428,0.079828225,0.363412,0.436598,-3.8591286e-09,8.2128465e-10,0.0
13.935,0.48958936,0.0,0.293428,0.09387384,0.35334155,0.43623888,-5.296877e-10,-1.3530858e-08,0.0
13.94,0.28345424,0.0,0.54702055,0.10625792,0.34417143,0.4345374,-3.0342797e-09,-4.867186e-08,0.0
13.945,0.28345424,0.0,0.54702055,0.12456053,0.33358887,0.4349807,0.037039526,-5.4463968e-08,0.0
13.950000000000001,0.28345424,0.0,0.54702055,0.14466211,0.3200787,0.43449402,0.28521797,2.6538101e-08,0.0
13.955,0.28345424,0.0,0.54702055,0.15114202,0.3054862,0.43111354,0.9085668,2.10118e-08,0.0
13.96,0.6,0.0,0.6,0.16287874,0.2923419,0.42612538,1.8717631,8.525812e-08,0.0
13.965,0.6,0.0,0.6,0.18213694,0.2771213,0.42158756,3.062678,9.710804e-08,0.0
13.97,0.6,0.0,0.6,0.19575924,0.25956494,0.41896486,4.421226,-2.8317796e-08,0.0
13.975,0.6,0.0,0.6,0.20506945,0.23902702,0.41811514,6.0905,9.91721e-08,0.0
13.98,0.6,0.40669864,0.5746013,0.20403463,0.21797046,0.41727695,7.959839,-5.30292e-08,0.0
13.985,0.6,0.40669864,0.5746013,0.21636622,0.19640325,0.41729158,10.107344,2.3786777e-07,0.0
13.99,0.6,0.40669864,0.5746013,0.21918304,0.17557353,0.4184381,12.119272,9.48599e-08,0.0
13.995000000000001,0.6,0.40669864,0.5746013,0.24288855,0.15631652,0.4183304,13.739692,8.894177e-08,0.0
14.0,0.0884251,0.6,0.04316894,0.25172085,0.1384304,0.4182416,15.121954,1.7820474e-07,0.0
14.005,0.0884251,0.6,0.04316894,0.2564733,0.124048464,0.41906038,16.368671,9.925619e-08,0.0
14.01,0.0884251,0.6,0.04316894,0.26784566,0.11929001,0.41897935,17.495697,-4.4287845e-09,0.0
14.015,0.0884251,0.6,0.04316894,0.2947788,0.11867179,0.41866308,18.542568,1.3349057e-07,0.0
14.02,0.2490193,0.6,0.0,0.3136873,0.117376186,0.41919464,19.641968,1.26437465e-08,0.0
14.025,0.2490193,0.6,0.0,0.31452468,0.121458024,0.41912577,20.877445,7.411919e-08,0.0
14.030000000000001,0.2490193,0.6,0.0,0.32600796,0.1363941,0.4185998,22.173307,1.5731716e-07,0.0
14.035,0.2490193,0.6,0.0,0.32393816,0.15200496,0.41805363,23.485718,1.747975e-07,0.0
14.040000000000001,0.3863986,0.6,0.0,0.3225152,0.16511396,0.41702104,25.279097,2.9367348e-08,0.0
14.045,0.3863986,0.6,0.0,0.32026654,0.1809217,0.4169338,27.54164,1.3408376e-07,0.0
14.05,0.3863986,0.6,0.0,0.31318536,0.19771594,0.4129166,29.981049,1.4317776e-07,0.0
14.055,0.3863986,0.6,0.0,0.31208488,0.21097268,0.40042222,32.383274,1.2338643e-07,0.0
14.06,0.31028032,0.6,0.0,0.30848575,0.22508317,0.38020757,34.644123,5.2332123e-08,0.0
14.065,0.31028032,0.6,0.0,0.2919332,0.24030061,0.3571931,36.707256,3.799225e-08,0.0
14.07,0.31028032,0.6,0.0,0.29512197,0.25359127,0.33127317,38.384514,-1.3934356e-08,0.0
14.075000000000001,0.31028032,0.6,0.0,0.2935708,0.26622516,0.3052321,39.09728,1.7857584e-08,0.0
14.08,0.20178868,0.6,0.0,0.29016614,0.28108412,0.27942634,39.26905,-6.822601e-09,0.0
14.085,0.20178868,0.6,0.0,0.29174164,0.29370317,0.25479877,39.18357,8.151014e-09,0.0
14.09,0.20178868,0.6,0.0,0.29296464,0.3055999,0.23149775,38.346054,-4.2507807e-08,0.0
14.095,0.20178868,0.6,0.0,0.2949448,0.31876358,0.2095188,36.74844,-3.6038867e-09,0.0
14.1,0.47073093,0.44578964,0.0,0.30277684,0.33054674,0.18931285,34.644,0.29414594,0.0
14.105,0.47073093,0.44578964,0.0,0.30511475,0.34035113,0.17032929,32.37998,0.5317206,0.0
14.11,0.47073093,0.44578964,0.0,0.29915264,0.35157716,0.15343626,30.171047,0.47134385,0.0
14.115,0.47073093,0.44578964,0.0,0.29424742,0.3609609,0.13759269,28.553389,4.7641166e-08,0.0
14.120000000000001,0.43656522,0.6,0.0,0.2964534,0.36852425,0.12369992,27.44187,2.5640998e-09,0.0
14.125,0.43656522,0.6,0.0,0.29789773,0.3763503,0.110248856,26.228447,0.21556301,0.0
14.13,0.43656522,0.6,0.0,0.2974073,0.38222492,0.09907825,24.790676,0.43503216,0.0
14.135,0.43656522,0.6,0.0,0.29175788,0.38565043,0.08977407,23.872597,-2.3219556e-08,0.0
14.14,0.21928379,0.21042235,0.0,0.29405686,0.38916862,0.08135015,23.38541,-2.4633175e-08,0.0
14.145,0.21928379,0.21042235,0.0,0.2929619,0.3914631,0.07476083,22.74878,0.20508727,0.0
14.15,0.21928379,0.21042235,0.0,0.3068225,0.39320502,0.073152445,22.391462,-1.9631937e-08,0.0
14.155000000000001,0.21928379,0.21042235,0.0,0.31632835,0.39652243,0.06511961,21.961212,0.07901838,0.0
14.16,0.6,0.2551134,0.0,0.31963563,0.4014316,0.056740284,21.40848,0.046692904,0.0
14.165000000000001,0.6,0.2551134,0.0,0.31362426,0.40437445,0.04823671,20.822392,9.647983e-09,0.0
14.17,0.6,0.2551134,0.0,0.31769416,0.40459394,0.04422348,20.733828,7.810006e-09,0.0
14.175,0.6,0.2551134,0.0,0.32845765,0.4043785,0.029537829,20.730515,0.029851397,0.0
14.18,0.58862376,0.13740052,0.18809825,0.32611158,0.4042341,0.01902343,19.814095,0.83048767,0.0
14.185,0.58862376,0.13740052,0.18809825,0.32830602,0.40194547,0.017472254,18.754276,1.5183749,0.0
14.19,0.58862376,0.13740052,0.18809825,0.31925824,0.40119773,0.012458452,17.417557,2.2498622,0.0
14.195,0.58862376,0.13740052,0.18809825,0.3309769,0.4004374,0.018179923,16.35847,2.4018228,0.0
14.200000000000001,0.36074358,0.19956668,0.49214473,0.3261014,0.39872995,0.0026769603,15.3074875,2.2939906,0.0
14.205,0.36074358,0.19956668,0.49214473,0.327747,0.39698407,-0.0036897715,14.746713,1.3919046,0.0
14.21,0.36074358,0.19956668,0.49214473,0.32901844,0.39490804,-0.0010260805,14.219007,0.22962388,0.0
14.215,0.36074358,0.19956668,0.49214473,0.33804712,0.3898553,-0.00021571622,13.335128,0.0004982818,0.0
14.22,0.6,0.5375424,0.35881042,0.34662434,0.3763996,0.0040815556,12.513017,-1.9349947e-08,0.0
14.225,0.6,0.5375424,0.35881042,0.3545093,0.35998002,0.0052840984,12.00503,-1.0726723e-08,0.0
14.23,0.6,0.5375424,0.35881042,0.36546424,0.34549212,0.020733014,11.948257,9.034698e-09,0.0
14.235,0.6,0.5375424,0.35881042,0.36985314,0.33054504,0.036789645,12.390559,4.918757e-08,0.0
14.24,0.5011695,0.6,0.6,0.3707662,0.31708917,0.059517626,13.274698,7.672275e-08,0.0
14.245000000000001,0.5011695,0.6,0.6,0.38170704,0.30909497,0.08014954,14.468088,5.98117e-08,0.0
14.25,0.5011695,0.6,0.6,0.3864602,0.30571583,0.10437118,15.864804,1.0763446e-08,0.0
14.255,0.5011695,0.6,0.6,0.38163835,0.3037889,0.11439999,17.342299,5.894091e-08,0.0
14.26,0.32983044,0.6,0.6,0.38328847,0.30324346,0.12964402,19.355822,1.242107e-07,0.0
14.265,0.32983044,0.6,0.6,0.38840806,0.30474123,0.14417817,21.21613,0.18140425,0.0
14.27,0.32983044,0.6,0.6,0.39521733,0.30654854,0.1553578,23.108036,0.059959114,0.0
14.275,0.32983044,0.6,0.6,0.3925611,0.30602863,0.1692663,25.080297,1.3349178e-07,0.0
14.280000000000001,0.26278675,0.59235704,0.6,0.39705697,0.30767527,0.18430196,27.078962,9.172011e-08,0.0
14.285,0.26278675,0.59235704,0.6,0.40632018,0.31513444,0.19633888,28.892702,0.004314564,0.0
14.290000000000001,0.26278675,0.59235704,0.6,0.40409356,0.32318655,0.20854044,30.397236,0.057612102,0.0
14.295,0.26278675,0.59235704,0.6,0.40351415,0.33019754,0.22317554,32.225662,6.301527e-08,0.0
14.3,0.34692296,0.6,0.6,0.40889004,0.33947662,0.23488334,34.38367,9.22474e-08,0.0
14.305,0.34692296,0.6,0.6,0.40614384,0.3488179,0.24658166,35.81788,0.6053024,0.0
14.31,0.34692296,0.6,0.6,0.40476972,0.35656655,0.25851732,37.03748,1.2072765,0.0
14.315,0.34692296,0.6,0.6,0.41243345,0.36451167,0.26990515,38.323105,1.5019192,0.0
14.32,0.0,0.6,0.5929034,0.3978062,0.3717469,0.27975097,38.743946,2.3227897,0.0
14.325000000000001,0.0,0.6,0.5929034,0.39418635,0.37747657,0.29061696,39.002804,2.3613765,0.0
14.33,0.0,0.6,0.5929034,0.39718717,0.383291,0.3004586,39.519638,0.59873444,0.0
14.335,0.0,0.6,0.5929034,0.39491498,0.3890059,0.3089798,38.99685,-5.2593748e-08,0.0
14.34,0.0,0.6,0.6,0.39990112,0.3929857,0.3183139,38.235752,-3.6673e-08,0.0
14.345,0.0,0.6,0.6,0.39620093,0.39686093,0.3273366,37.133858,2.830532e-09,0.0
14.35,0.0,0.6,0.6,0.3914153,0.40067187,0.33522192,36.176407,2.5931634e-08,0.0
14.355,0.0,0.6,0.6,0.3911969,0.4037225,0.34323466,35.655,-1.2615523e-08,0.0
14.36,0.0,0.6,0.6,0.3937463,0.40651572,0.35141492,35.423866,1.2964253e-08,0.0
14.365,0.0,0.6,0.6,0.37084877,0.40940574,0.35843572,34.76296,-2.9344177e-08,0.0
14.370000000000001,0.0,0.6,0.6,0.3398092,0.4113342,0.36564806,34.03751,1.8157563e-08,0.0
14.375,0.0,0.6,0.6,0.30219135,0.413093,0.37253734,33.382557,2.8311241e-08,0.0
14.38,0.0,0.4432198,0.6,0.28147578,0.4148426,0.37870356,32.475567,3.2431146e-08,0.0
14.385,0.0,0.4432198,0.6,0.2555022,0.4160902,0.3844293,31.192373,5.4734933e-08,0.0
14.39,0.0,0.4432198,0.6,0.224297,0.4172764,0.3904927,29.490765,-1.0900508e-08,0.0
14.395,0.0,0.4432198,0.6,0.19843736,0.41890332,0.39544213,27.325676,-1.07939904e-07,0.0
14.4,0.0,0.0,0.6,0.18112838,0.42048937,0.3999337,24.732601,-2.2838618e-07,0.0
14.405000000000001,0.0,0.0,0.6,0.1653536,0.4220159,0.40460557,21.843775,-6.6234044e-08,0.0
14.41,0.0,0.0,0.6,0.14364897,0.42320597,0.40891567,18.79725,-1.5115144e-07,0.0
14.415000000000001,0.0,0.0,0.6,0.12919928,0.4241648,0.4122563,15.658694,-1.6801046e-08,0.0
14.42,0.28846112,0.0,0.35479504,0.119371794,0.42475402,0.41530946,12.546549,5.2276807e-08,0.0
14.425,0.28846112,0.0,0.35479504,0.1038024,0.42322794,0.4179653,9.649736,7.4922674e-08,0.0
14.43,0.28846112,0.0,0.35479504,0.08990674,0.4218882,0.41963997,6.41125,-6.4840165e-08,0.0
14.435,0.28846112,0.0,0.35479504,0.075017504,0.42132774,0.4213627,2.856387,-6.490718e-08,0.0
14.44,0.6,0.15046638,0.4858983,0.07663465,0.4196804,0.42312738,-1.5265628e-07,5.4652066e-08,0.0
14.445,0.6,0.15046638,0.4858983,0.0626787,0.4162644,0.4250412,-2.5162656e-09,9.061762e-09,0.0
14.450000000000001,0.6,0.15046638,0.4858983,0.07408117,0.40487933,0.42504057,8.4078495e-09,-7.409965e-09,0.0
14.455,0.6,0.15046638,0.4858983,0.074630454,0.3855803,0.4246486,5.1326404e-10,1.9482858e-08,0.0
14.46,0.47640818,0.19180842,0.0,0.073044516,0.3596136,0.42434013,1.4161586e-09,-5.289601e-08,0.0
14.465,0.47640818,0.19180842,0.0,0.079561606,0.33205602,0.4230883,-2.441166e-09,1.4159021e-08,0.0
14.47,0.47640818,0.19180842,0.0,0.09127256,0.30249768,0.4223742,-7.2635618e-09,2.5664864e-08,0.0
14.475,0.47640818,0.19180842,0.0,0.10464567,0.27494037,0.42208478,0.11650629,-1.2171723e-09,0.0
14.48,0.42201433,0.33194387,0.13077225,0.11161458,0.2486759,0.42168164,0.51397467,7.6258694e-08,0.0
14.485,0.42201433,0.33194387,0.13077225,0.130585,0.2277525,0.42181242,1.3873687,6.423569e-08,0.0
14.49,0.42201433,0.33194387,0.13077225,0.14947031,0.21278591,0.4217303,2.7071326,4.8386205e-08,0.0
14.495000000000001,0.42201433,0.33194387,0.13077225,0.16882172,0.20407325,0.42064494,4.3013325,4.4141945e-08,0.0
14.5,0.6,0.3491958,0.28250748,0.17854479,0.19968383,0.41879708,6.014863,1.11846376e-07,0.0
14.505,0.6,0.3491958,0.28250748,0.20127657,0.19833198,0.41727677,7.6855865,1.7920016e-07,0.0
14.51,0.6,0.3491958,0.28250748,0.21468139,0.19776204,0.41538242,9.282184,2.5259999e-08,0.0
14.515,0.6,0.3491958,0.28250748,0.23541997,0.19797637,0.40826353,10.80716,5.668372e-08,0.0
14.52,0.6,0.6,0.23420678,0.25047436,0.19891982,0.39872858,12.308557,-1.5115019e-08,0.0
14.525,0.6,0.6,0.23420678,0.25761884,0.19997518,0.38772392,13.820675,5.5406627e-08,0.0
14.530000000000001,0.6,0.6,0.23420678,0.2697812,0.20091078,0.37522057,15.30756,5.585768e-08,0.0
14.535,0.6,0.6,0.23420678,0.28378624,0.20453754,0.36430928,16.757057,5.3026803e-08,0.0
14.540000000000001,0.3949546,0.6,0.5713445,0.29730034,0.21273546,0.3548745,18.19082,6.972162e-08,0.0
14.545,0.3949546,0.6,0.5713445,0.29091087,0.21943985,0.34542638,19.626183,1.9897534e-08,0.0
14.55,0.3949546,0.6,0.5713445,0.29884565,0.22665328,0.33620244,21.450148,7.473474e-08,0.0
14.555,0.3949546,0.6,0.5713445,0.31460464,0.23857774,0.32902396,23.198378,1.186736e-07,0.0
14.56,0.15756749,0.6,0.5328726,0.3195573,0.252227,0.3209877,24.646048,-1.0374077e-08,0.0
14.565,0.15756749,0.6,0.5328726,0.3319153,0.26398268,0.31324497,25.884464,1.2004166e-07,0.0
14.57,0.15756749,0.6,0.5328726,0.33253935,0.27676368,0.30723515,27.000444,1.4310042e-07,0.0
14.575000000000001,0.15756749,0.6,0.5328726,0.34564155,0.2900584,0.3044222,27.949736,-7.7607226e-08,0.0
14.58,0.19018273,0.51119524,0.6,0.35269186,0.30103952,0.3045276,28.704111,-1.664624e-08,0.0
14.585,0.19018273,0.51119524,0.6,0.35660884,0.31246406,0.30416328,29.268429,3.2199107e-08,0.0
14.59,0.19018273,0.51119524,0.6,0.35811695,0.3241539,0.30438843,29.627106,-2.9204974e-08,0.0
14.595,0.19018273,0.51119524,0.6,0.35469988,0.3337232,0.30626762,29.766592,-1.5933917e-08,0.0
14.6,0.4380259,0.6,0.6,0.3549993,0.34381634,0.30661625,30.249626,-2.8965221e-08,0.0
14.605,0.4380259,0.6,0.6,0.35619786,0.3542954,0.30819786,30.5722,7.710777e-09,0.0
14.61,0.4380259,0.6,0.6,0.35024074,0.36238462,0.31374413,30.414309,2.8379705e-09,0.0
14.615,0.4380259,0.6,0.6,0.34387085,0.3701375,0.32258284,30.441454,1.6761344e-08,0.0
14.620000000000001,0.0,0.6,0.46493813,0.33674443,0.37661245,0.33210668,30.77525,1.565537e-08,0.0
14.625,0.0,0.6,0.46493813,0.33704257,0.38141915,0.3424418,31.177992,2.626833e-08,0.0
14.63,0.0,0.6,0.46493813,0.347711,0.3854516,0.35350987,30.99402,1.9155292e-08,0.0
14.635,0.0,0.6,0.46493813,0.34648812,0.3902235,0.36274552,30.18365,6.23559e-10,0.0
14.64,0.0,0.6,0.6,0.34444115,0.39421234,0.37090194,29.576101,-1.8637818e-08,0.0
14.645,0.0,0.6,0.6,0.34952053,0.3979731,0.37911648,29.389063,8.745227e-09,0.0
14.65,0.0,0.6,0.6,0.350823,0.40237853,0.38498715,28.92319,-6.364166e-08,0.0
14.655000000000001,0.0,0.6,0.6,0.34847948,0.4067402,0.38897943,28.014275,-7.153134e-08,0.0
14.66,0.0,0.6,0.6,0.3371845,0.4093982,0.39261407,27.41276,-2.1569655e-08,0.0
14.665000000000001,0.0,0.6,0.6,0.32886428,0.41238135,0.3949954,27.24798,3.8040415e-08,0.0
14.67,0.0,0.6,0.6,0.30420735,0.41553995,0.39660895,27.272287,3.6168732e-10,0.0
14.675,0.0,0.6,0.6,0.27770177,0.4176228,0.3998837,27.209347,-2.3888298e-08,0.0
14.68,0.0,0.39747456,0.6,0.2573265,0.41976967,0.40290165,26.814796,-2.141532e-08,0.0
14.685,0.0,0.39747456,0.6,0.23381205,0.4214676,0.40575582,25.987028,2.7193417e-08,0.0
14.69,0.0,0.39747456,0.6,0.19963408,0.42182702,0.40969393,24.69627,-4.6158664e-08,0.0
14.695,0.0,0.39747456,0.6,0.1859001,0.42280093,0.4130848,22.888071,1.5563359e-08,0.0
14.700000000000001,0.0,0.0,0.6,0.16739364,0.4238585,0.41592392,20.666782,3.9833385e-09,0.0
14.705,0.0,0.0,0.6,0.14974779,0.42452857,0.41902214,18.161127,-4.1610427e-08,0.0
14.71,0.0,0.0,0.6,0.14956272,0.42485255,0.42121628,15.469232,4.8728857e-08,0.0
14.715,0.0,0.0,0.6,0.13926715,0.4243634,0.4231793,12.827828,-1.8532411e-07,0.0
14.72,0.29432255,0.0,0.42981285,0.12006005,0.4241958,0.42524967,9.7416525,-8.976315e-08,0.0
14.725,0.29432255,0.0,0.42981285,0.10194343,0.4230009,0.427493,6.1935086,1.2659392e-07,0.0
14.73,0.29432255,0.0,0.42981285,0.0848093,0.42054132,0.43004906,2.5948842,-5.1569053e-08,0.0
14.735,0.29432255,0.0,0.42981285,0.078968495,0.41930225,0.43225315,-9.20773e-08,3.7476852e-08,0.0
14.74,0.6,0.0,0.6,0.060098894,0.41752866,0.4349189,1.4972468e-08,-3.0784236e-08,0.0
14.745000000000001,0.6,0.0,0.6,0.048639175,0.4151807,0.43662646,-1.1120435e-09,7.604107e-09,0.0
14.75,0.6,0.0,0.6,0.049748857,0.4084009,0.43742082,4.76346e-09,-1.9389223e-08,0.0
14.755,0.6,0.0,0.6,0.04603468,0.39238268,0.43811664,3.2437564e-09,-9.2773025e-09,0.0
14.76,0.48979113,0.30469447,0.22129555,0.043410532,0.36802006,0.43887618,-6.2686945e-09,-7.6373805e-09,0.0
14.765,0.48979113,0.30469447,0.22129555,0.03172887,0.34028688,0.43994468,-2.7641434e-10,-1.133182e-08,0.0
14.77,0.48979113,0.30469447,0.22129555,0.049642842,0.3111212,0.44123963,9.93041e-10,1.9724324e-08,0.0
14.775,0.48979113,0.30469447,0.22129555,0.06934025,0.2832206,0.44174486,2.191995e-09,1.4019501e-08,0.0
14.780000000000001,0.35857022,0.43455714,0.16394971,0.09415265,0.25511006,0.44200867,0.033397134,1.5072652e-08,0.0
14.785,0.35857022,0.43455714,0.16394971,0.11197698,0.23123805,0.441403,0.49884096,4.9688794e-08,0.0
14.790000000000001,0.35857022,0.43455714,0.16394971,0.122100316,0.21705976,0.4413547,1.5013287,-9.689824e-09,0.0
14.795,0.35857022,0.43455714,0.16394971,0.1460254,0.2107956,0.44005153,2.8346624,4.769175e-08,0.0
14.8,0.6,0.4206717,0.32644102,0.1569286,0.2065945,0.4378555,4.368188,1.4755502e-08,0.0
14.805,0.6,0.4206717,0.32644102,0.1806739,0.20628221,0.4363097,5.950225,2.1997794e-08,0.0
14.81,0.6,0.4206717,0.32644102,0.20351021,0.20694073,0.43549323,7.516644,-4.311564e-08,0.0
14.815,0.6,0.4206717,0.32644102,0.2084,0.20701355,0.433191,9.082808,2.6655293e-08,0.0
14.82,0.6,0.6,0.13575095,0.21953389,0.20877358,0.4304403,10.576926,5.7778934e-08,0.0
14.825000000000001,0.6,0.6,0.13575095,0.22856659,0.21553291,0.42737564,11.962476,5.3263445e-08,0.0
14.83,0.6,0.6,0.13575095,0.23249477,0.22573929,0.42131686,13.245287,2.5784333e-08,0.0
14.835,0.6,0.6,0.13575095,0.238865,0.23426424,0.4125075,14.409959,3.2509508e-08,0.0
14.84,0.44689563,0.6,0.0,0.25544226,0.24597499,0.40484324,15.4603815,1.5282902e-08,0.0
14.845,0.44689563,0.6,0.0,0.25831527,0.25781113,0.3955345,16.47586,7.164388e-08,0.0
14.85,0.44689563,0.6,0.0,0.27483797,0.26774946,0.38197628,17.463316,4.0072962e-08,0.0
14.855,0.44689563,0.6,0.0,0.2838901,0.27786508,0.3681335,18.464855,9.637905e-08,0.0
14.86,0.50413424,0.6,0.14538485,0.29554895,0.29043168,0.3549742,19.504099,7.1639867e-09,0.0
14.865,0.50413424,0.6,0.14538485,0.3043183,0.30120492,0.33970174,20.562088,2.9044408e-08,0.0
14.870000000000001,0.50413424,0.6,0.14538485,0.31263664,0.3117299,0.3251136,21.572449,1.1218482e-07,0.0
14.875,0.50413424,0.6,0.14538485,0.31650192,0.32296133,0.3118059,22.467371,4.1090743e-08,0.0
14.88,0.58122337,0.6,0.6,0.32538715,0.3330268,0.29732803,23.184,3.770312e-08,0.0
14.885,0.58122337,0.6,0.6,0.34332496,0.34158432,0.28116724,23.712532,6.310192e-09,0.0
14.89,0.58122337,0.6,0.6,0.3476266,0.3513885,0.26494402,24.130888,5.428426e-09,0.0
14.895,0.58122337,0.6,0.6,0.35421532,0.35943627,0.2498223,24.45327,6.298599e-09,0.0
14.9,0.24613038,0.44602945,0.6,0.35455114,0.3661231,0.23685385,24.677713,-1.3287343e-08,0.0
14.905000000000001,0.24613038,0.44602945,0.6,0.3626227,0.3730605,0.22823009,24.795053,5.8693654e-09,0.0
14.91,0.24613038,0.44602945,0.6,0.3636008,0.3792973,0.22509615,24.832327,-1.7982734e-08,0.0
14.915000000000001,0.24613038,0.44602945,0.6,0.35952604,0.3835263,0.22555622,24.800823,5.3363682e-09,0.0
14.92,0.13711737,0.54511994,0.6,0.3651636,0.3886887,0.22553864,25.263924,5.2927422e-08,0.0
14.925,0.13711737,0.54511994,0.6,0.3752902,0.39377618,0.22734983,25.717247,2.7775418e-08,0.0
14.93,0.13711737,0.54511994,0.6,0.37928313,0.39743906,0.23597318,25.859936,0.020007413,0.0
14.935,0.13711737,0.54511994,0.6,0.38162807,0.40107027,0.24622771,25.818214,0.0039027722,0.0
14.94,0.34337205,0.6,0.56902075,0.3763707,0.4041355,0.2559106,25.649633,1.7156719e-08,0.0
14.945,0.34337205,0.6,0.56902075,0.36816522,0.40650046,0.26830864,25.981855,1.1634333e-08,0.0
14.950000000000001,0.34337205,0.6,0.56902075,0.37250292,0.40898153,0.2809154,26.846895,3.538903e-10,0.0
14.955,0.34337205,0.6,0.56902075,0.3802668,0.41156536,0.29061148,27.376623,3.0443807e-08,0.0
14.96,0.0,0.6,0.5311996,0.38864917,0.4131676,0.30154938,27.3725,5.453676e-09,0.0
14.965,0.0,0.6,0.5311996,0.38951707,0.4152076,0.3125392,27.065777,-1.0085125e-08,0.0
14.97,0.0,0.6,0.5311996,0.39250916,0.4177437,0.32099462,26.597288,6.6450374e-09,0.0
14.975,0.0,0.6,0.5311996,0.3814968,0.41882485,0.3303767,26.06234,1.0456712e-08,0.0
14.98,0.0,0.6,0.6,0.3724588,0.42000583,0.33939,26.087008,2.8492392e-08,0.0
14.985,0.0,0.6,0.6,0.37045953,0.42059058,0.3476185,26.700396,5.575705e-08,0.0
14.99,0.0,0.6,0.6,0.3695447,0.4209073,0.35505328,27.603762,1.074679e-08,0.0
14.995000000000001,0.0,0.6,0.6,0.35395056,0.42078865,0.3629508,28.611385,8.098442e-08,0.0
15.0,0.0,0.6,0.6,0.33401743,0.42073375,0.36949313,28.83685,-1.2678113e-08,0.0
15.005,0.0,0.6,0.6,0.31174698,0.4205841,0.37588796,28.0135,-3.5596983e-08,0.0
15.01,0.0,0.6,0.6,0.29016772,0.41999334,0.38272995,26.355835,-7.479229e-08,0.0
15.015,0.0,0.6,0.6,0.26184434,0.41950577,0.38915503,24.060545,-2.2990587e-08,0.0
15.02,0.0,0.2815231,0.6,0.24039799,0.42020828,0.39418206,21.267336,1.3088936e-07,0.0
15.025,0.0,0.2815231,0.6,0.21643578,0.42115718,0.3997104,18.811287,3.750888e-08,0.0
15.030000000000001,0.0,0.2815231,0.6,0.19402474,0.42278823,0.404606,16.889086,-4.3805358e-08,0.0
15.035,0.0,0.2815231,0.6,0.16916983,0.42493126,0.40830147,15.229279,7.6183646e-08,0.0
15.040000000000001,0.0,0.0,0.6,0.15267746,0.42681512,0.41168547,13.612447,6.823752e-08,0.0
15.045,0.0,0.0,0.6,0.15249613,0.426726,0.41485187,11.958687,2.054993e-08,0.0
15.05,0.0,0.0,0.6,0.1272146,0.4266053,0.41692412,9.712103,4.4873403e-08,0.0
15.055,0.0,0.0,0.6,0.1076615,0.42641523,0.41973892,6.8040886,-7.0889385e-08,0.0
15.06,0.41183117,0.0,0.19872685,0.08651461,0.42453304,0.42297858,3.595451,8.140149e-08,0.0
15.065,0.41183117,0.0,0.19872685,0.06596686,0.42330784,0.42515177,0.42559865,-5.436964e-08,0.0
15.07,0.41183117,0.0,0.19872685,0.06270994,0.4225617,0.42800456,2.9954612e-09,3.2792293e-08,0.0
15.075000000000001,0.41183117,0.0,0.19872685,0.05307024,0.42101523,0.43119237,2.3042195e-09,-9.1912705e-10,0.0
15.08,0.6,0.1995739,0.44075707,0.03357462,0.4175765,0.43330055,-6.9777957e-09,2.1563228e-08,0.0
15.085,0.6,0.1995739,0.44075707,0.033826035,0.40535775,0.43329847,-2.623457e-09,-2.3167983e-08,0.0
15.09,0.6,0.1995739,0.44075707,0.045522302,0.38434282,0.43349013,2.8028522e-09,-2.1070376e-08,0.0
15.095,0.6,0.1995739,0.44075707,0.047550634,0.35778016,0.43387914,5.7746914e-09,2.8051142e-08,0.0
15.1,0.4274385,0.2882974,0.07923791,0.062326886,0.3297238,0.4316451,5.678458e-09,-9.1833713e-10,0.0
15.105,0.4274385,0.2882974,0.07923791,0.062158175,0.30092213,0.4300846,2.7401112e-09,-1.83045e-08,0.0
15.11,0.4274385,0.2882974,0.07923791,0.08837794,0.27262527,0.42965692,0.075113066,5.1115414e-08,0.0
15.115,0.4274385,0.2882974,0.07923791,0.104455926,0.24628666,0.42819867,0.54306823,1.1798856e-08,0.0
15.120000000000001,0.3012024,0.25719658,0.28571078,0.11306976,0.22519986,0.42701146,1.4716696,6.927169e-09,0.0
15.125,0.3012024,0.25719658,0.28571078,0.12275906,0.21399978,0.42695728,2.6789162,1.0090562e-07,0.0
15.13,0.3012024,0.25719658,0.28571078,0.14050443,0.20854196,0.4257132,3.9816747,4.5701135e-08,0.0
15.135,0.3012024,0.25719658,0.28571078,0.16331922,0.2051272,0.42044523,5.294252,5.4859267e-08,0.0
15.14,0.6,0.33702815,0.34648824,0.17713065,0.20467517,0.41234118,6.6178856,2.8698507e-08,0.0
15.145,0.6,0.33702815,0.34648824,0.20183064,0.20510551,0.40258867,7.926096,5.0656507e-08,0.0
15.15,0.6,0.33702815,0.34648824,0.21047565,0.20500039,0.3911319,9.254244,9.561811e-08,0.0
15.155000000000001,0.6,0.33702815,0.34648824,0.22090654,0.20617783,0.37939548,10.58161,1.3666626e-07,0.0
15.16,0.6,0.6,0.50280684,0.22718509,0.20686859,0.36992046,11.873376,4.4107313e-08,0.0
15.165000000000001,0.6,0.6,0.50280684,0.22509335,0.20740007,0.36138502,13.100182,1.1141741e-07,0.0
15.17,0.6,0.6,0.50280684,0.23383725,0.20890409,0.35407832,14.576249,7.849143e-08,0.0
15.175,0.6,0.6,0.50280684,0.25937393,0.21162196,0.348364,15.963867,3.8760678e-08,0.0
15.18,0.4076377,0.6,0.6,0.27000698,0.21421285,0.34409302,17.173313,4.059444e-08,0.0
15.185,0.4076377,0.6,0.6,0.2850092,0.21738362,0.34032527,18.317728,9.16632e-09,0.0
15.19,0.4076377,0.6,0.6,0.2899037,0.22626805,0.33790207,19.453672,4.399894e-08,0.0
15.195,0.4076377,0.6,0.6,0.29817116,0.23931561,0.33700693,20.575735,-5.374945e-08,0.0
15.200000000000001,0.21068239,0.5259425,0.6,0.3073243,0.25170958,0.3371172,21.671865,3.4327343e-08,0.0
15.205,0.21068239,0.5259425,0.6,0.3175843,0.26335117,0.33738628,22.753668,1.1416981e-07,0.0
15.21,0.21068239,0.5259425,0.6,0.3273752,0.27813745,0.3376062,23.837908,7.829796e-08,0.0
15.215,0.21068239,0.5259425,0.6,0.3390219,0.28993377,0.33948976,24.902344,6.408247e-08,0.0
15.22,0.24595457,0.6,0.6,0.34289426,0.30087093,0.3401947,25.894999,3.5173105e-08,0.0
15.225,0.24595457,0.6,0.6,0.35487732,0.31308717,0.34041336,26.741901,-4.467398e-09,0.0
15.23,0.24595457,0.6,0.6,0.35207832,0.32371837,0.34273353,27.421743,3.4814175e-08,0.0
15.235,0.24595457,0.6,0.6,0.35569218,0.33267197,0.34692177,28.457966,7.796935e-08,0.0
15.24,0.40479788,0.6,0.6,0.3506821,0.34215462,0.3515495,29.324701,6.590653e-08,0.0
15.245000000000001,0.40479788,0.6,0.6,0.34008017,0.34980357,0.35690653,30.223763,3.318764e-08,0.0
15.25,0.40479788,0.6,0.6,0.3458339,0.35630065,0.3636708,31.243803,1.829832e-08,0.0
15.255,0.40479788,0.6,0.6,0.33481723,0.3637847,0.3699343,31.670033,1.0812119e-08,0.0
15.26,0.0,0.6,0.41829813,0.33821297,0.37105143,0.37617302,31.858727,-4.8542503e-09,0.0
15.265,0.0,0.6,0.41829813,0.338537,0.37690043,0.3826206,31.556131,9.337664e-09,0.0
15.27,0.0,0.6,0.41829813,0.34045258,0.3837093,0.38737273,30.64453,-5.1302315e-08,0.0
15.275,0.0,0.6,0.41829813,0.33964413,0.38926575,0.39165857,29.368595,-5.829244e-08,0.0
15.280000000000001,0.0,0.6,0.5977303,0.34388533,0.39417186,0.39536172,28.459751,7.1538033e-09,0.0
15.285,0.0,0.6,0.5977303,0.3478313,0.39879727,0.39879104,27.571138,-5.9539254e-08,0.0
15.290000000000001,0.0,0.6,0.5977303,0.34388041,0.40265,0.40173534,26.477146,2.786528e-08,0.0
15.295,0.0,0.6,0.5977303,0.34182858,0.40579626,0.40364105,25.855095,-3.997338e-08,0.0
15.3,0.0,0.6,0.6,0.34344724,0.4091,0.40507182,25.832563,5.571791e-09,0.0
15.305,0.0,0.6,0.6,0.33740067,0.41209036,0.4065532,25.630108,1.230585e-08,0.0
15.31,0.0,0.6,0.6,0.32260787,0.41475046,0.40844548,25.546051,-1.3292505e-08,0.0
15.315,0.0,0.6,0.6,0.2942799,0.41705433,0.4107564,25.69936,2.4859416e-08,0.0
15.32,0.0,0.39504603,0.6,0.2707863,0.41925755,0.41302684,25.743471,-2.6104273e-08,0.0
15.325000000000001,0.0,0.39504603,0.6,0.23935997,0.42092612,0.41601846,25.441473,-3.430475e-08,0.0
15.33,0.0,0.39504603,0.6,0.21677577,0.4222467,0.4194365,24.62661,2.4325602e-09,0.0
15.335,0.0,0.39504603,0.6,0.20543805,0.42442465,0.42192498,23.268694,-7.5878035e-08,0.0
15.34,0.0,0.0,0.6,0.17391954,0.42637858,0.42431733,21.49771,8.300066e-09,0.0
15.345,0.0,0.0,0.6,0.15195864,0.4275122,0.42683342,19.324242,-1.2028416e-07,0.0
15.35,0.0,0.0,0.6,0.1401493,0.42784667,0.42868662,16.775824,-1.1459295e-07,0.0
15.355,0.0,0.0,0.6,0.1388584,0.42831928,0.4302872,14.028736,2.1439597e-07,0.0
15.36,0.32248574,0.0,0.29604664,0.12098725,0.4279171,0.4321655,11.365006,-8.189219e-08,0.0
15.365,0.32248574,0.0,0.29604664,0.08629893,0.4267174,0.4332832,8.236682,1.7931288e-07,0.0
15.370000000000001,0.32248574,0.0,0.29604664,0.07568232,0.42581177,0.4345224,4.524779,-2.0688425e-07,0.0
15.375,0.32248574,0.0,0.29604664,0.063322976,0.42511815,0.4363055,0.7174159,-3.3015887e-08,0.0
15.38,0.6,0.009042889,0.43505102,0.046662573,0.42327645,0.43801084,4.544168e-09,1.4335486e-08,0.0
15.385,0.6,0.009042889,0.43505102,0.03643121,0.41706395,0.438907,3.5212866e-09,-2.2842887e-08,0.0
15.39,0.6,0.009042889,0.43505102,0.049926046,0.40303153,0.43837154,1.3696528e-08,4.924368e-11,0.0
15.395,0.6,0.009042889,0.43505102,0.059605453,0.37930286,0.43882492,3.804218e-09,-5.9228668e-08,0.0
15.4,0.45589152,0.1334545,0.035675365,0.0591567,0.35267138,0.43850586,-8.8820623e-10,-2.7185733e-08,0.0
15.405000000000001,0.45589152,0.1334545,0.035675365,0.068696834,0.32256746,0.43775856,-9.440372e-09,-7.533192e-09,0.0
15.41,0.45589152,0.1334545,0.035675365,0.08384863,0.29426014,0.4377006,-9.3000974e-10,3.060219e-08,0.0
15.415000000000001,0.45589152,0.1334545,0.035675365,0.102277055,0.26576906,0.43699,0.09369892,-7.8663774e-08,0.0
15.42,0.26627505,0.070536524,0.22762215,0.113213554,0.23904362,0.43583378,0.67093945,7.1754144e-08,0.0
15.425,0.26627505,0.070536524,0.22762215,0.13276586,0.21397766,0.4354096,1.756096,8.961599e-08,0.0
15.43,0.26627505,0.070536524,0.22762215,0.15626721,0.19161808,0.43431666,3.1761942,1.6297417e-08,0.0
15.435,0.26627505,0.070536524,0.22762215,0.1720309,0.17171292,0.43264696,4.811696,1.6910344e-07,0.0
15.44,0.6,0.12639596,0.31316072,0.181317,0.15732248,0.43080437,6.5196853,9.949758e-08,0.0
15.445,0.6,0.12639596,0.31316072,0.20040955,0.14830813,0.42847767,8.148489,-1.1102039e-09,0.0
15.450000000000001,0.6,0.12639596,0.31316072,0.21682331,0.1430304,0.4225392,9.669546,5.891593e-08,0.0
15.455,0.6,0.12639596,0.31316072,0.22429876,0.14008908,0.41070732,11.115407,-4.9313357e-08,0.0
15.46,0.6,0.44258884,0.17834154,0.22665821,0.13769946,0.39867216,12.47556,3.354264e-08,0.0
15.465,0.6,0.44258884,0.17834154,0.226602,0.13633715,0.38672677,13.704626,4.868921e-08,0.0
15.47,0.6,0.44258884,0.17834154,0.23351815,0.13552389,0.37492695,15.144475,4.7147086e-09,0.0
15.475,0.6,0.44258884,0.17834154,0.24345767,0.13471965,0.36570865,16.469751,7.642385e-08,0.0
15.48,0.17417511,0.4945438,0.0,0.25850835,0.13423473,0.35762396,17.510122,3.7280532e-08,0.0
15.485000000000001,0.17417511,0.4945438,0.0,0.26574674,0.13421038,0.34767687,18.410063,6.512171e-08,0.0
15.49,0.17417511,0.4945438,0.0,0.28580108,0.13499452,0.33912578,19.24298,1.3265688e-08,0.0
15.495000000000001,0.17417511,0.4945438,0.0,0.30380154,0.13641968,0.3321035,20.106482,6.750741e-08,0.0
15.5,0.31503624,0.6,0.0,0.30813712,0.13754518,0.3228386,21.083336,2.2038373e-08,0.0
15.505,0.31503624,0.6,0.0,0.31518713,0.14066733,0.3131284,22.141497,6.9784676e-08,0.0
15.51,0.31503624,0.6,0.0,0.3179637,0.15320066,0.30528808,23.234272,9.8843245e-08,0.0
15.515,0.31503624,0.6,0.0,0.32553035,0.16839351,0.29550746,24.316193,6.6696906e-08,0.0
15.52,0.3961919,0.6,0.0,0.31974518,0.18073945,0.28269747,25.376257,1.1932201e-07,0.0
15.525,0.3961919,0.6,0.0,0.3173719,0.19576193,0.26539543,26.880428,1.0999096e-07,0.0
15.530000000000001,0.3961919,0.6,0.0,0.31664914,0.21253271,0.24761136,28.837757,1.2512155e-07,0.0
15.535,0.3961919,0.6,0.0,0.31210724,0.22565532,0.22792147,30.993624,1.7264611e-07,0.0
15.540000000000001,0.34025967,0.5669763,0.0,0.3181279,0.24021286,0.2081321,33.165577,1.4776126e-07,0.0
15.545,0.34025967,0.5669763,0.0,0.32144248,0.2556753,0.1887122,34.703793,0.41629153,0.0
15.55,0.34025967,0.5669763,0.0,0.31591395,0.26826042,0.17051046,35.419548,1.5096413,0.0
15.555,0.34025967,0.5669763,0.0,0.3190331,0.28000066,0.15354307,36.096832,2.394299,0.0
15.56,0.30787575,0.6,0.0,0.31725743,0.29426184,0.13825087,36.254498,3.6185696,0.0
15.565,0.30787575,0.6,0.0,0.3119494,0.30567878,0.12406475,36.296925,4.723372,0.0
15.57,0.30787575,0.6,0.0,0.31392038,0.3155738,0.11061348,36.417374,5.503573,0.0
15.575000000000001,0.30787575,0.6,0.0,0.31334317,0.327387,0.09842232,35.840786,6.8296194,0.0
15.58,0.4343214,0.6,0.0,0.31534645,0.3373101,0.08262588,35.14354,8.0459585,0.0
15.585,0.4343214,0.6,0.0,0.32452497,0.34473336,0.074978076,34.037117,9.479802,0.0
15.59,0.4343214,0.6,0.0,0.3140063,0.35402402,0.06399451,32.47825,11.168948,0.0
15.595,0.4343214,0.6,0.0,0.31009084,0.3624179,0.046033032,31.319315,12.167408,0.0
15.6,0.2330211,0.44649827,0.0,0.31536293,0.36880597,0.054212768,30.663435,12.384936,0.0
15.605,0.2330211,0.44649827,0.0,0.32754079,0.37628856,0.041453525,29.68771,12.74639,0.0
15.610000000000001,0.2330211,0.44649827,0.0,0.32390508,0.3829923,0.030831318,28.340065,13.2993,0.0
15.615,0.2330211,0.44649827,0.0,0.31967705,0.38922173,0.025569774,27.502287,13.068239,0.0
15.620000000000001,0.44938383,0.3245523,0.0,0.32082993,0.39575568,0.029471973,27.252325,11.9904375,0.0
15.625,0.44938383,0.3245523,0.0,0.32745612,0.40185338,0.024904162,26.662258,11.10523,0.0
15.63,0.44938383,0.3245523,0.0,0.3220716,0.40656215,0.019491617,25.615404,10.528525,0.0
15.635,0.44938383,0.3245523,0.0,0.32064378,0.41088217,0.0065971976,24.998219,9.271737,0.0
15.64,0.24974957,0.0,0.10766502,0.31887734,0.41405368,-0.0011922856,24.942331,7.207375,0.0
15.645,0.24974957,0.0,0.10766502,0.31715024,0.41571924,-0.0033673423,25.169983,4.657742,0.0
15.65,0.24974957,0.0,0.10766502,0.31697068,0.41531244,-0.006979156,25.502274,1.8283513,0.0
15.655000000000001,0.24974957,0.0,0.10766502,0.31940645,0.4151922,-0.0011443775,24.983599,-1.8111315e-08,0.0
15.66,0.48275787,0.106963046,0.53260446,0.3140382,0.41447333,-0.0024069033,22.840963,0.9712631,0.0
15.665000000000001,0.48275787,0.106963046,0.53260446,0.31797075,0.41259652,-0.00087080355,20.501669,1.885156,0.0
15.67,0.48275787,0.106963046,0.53260446,0.31658754,0.41060123,-0.007868308,18.002575,2.7053287,0.0
15.675,0.48275787,0.106963046,0.53260446,0.3216223,0.4098741,-0.009911928,16.045233,2.6483636,0.0
15.68,0.6,0.18674539,0.6,0.31610927,0.40779704,-0.0027899265,14.343586,2.0612407,0.0
15.685,0.6,0.18674539,0.6,0.32212955,0.40241146,0.008047995,13.322231,0.47979936,0.0
15.69,0.6,0.18674539,0.6,0.32582986,0.39435655,0.011482434,12.297984,-6.508461e-08,0.0
15.695,0.6,0.18674539,0.6,0.333435,0.38524973,0.014386286,11.344567,1.3092179e-08,0.0
15.700000000000001,0.17940775,0.31195477,0.51913184,0.343658,0.37118632,0.034219135,10.731413,1.2319435e-08,0.0
15.705,0.17940775,0.31195477,0.51913184,0.3354283,0.35425696,0.039530758,10.591297,7.496238e-09,0.0
15.71,0.17940775,0.31195477,0.51913184,0.33460343,0.3395377,0.05728309,11.44106,4.5504933e-08,0.0
15.715,0.17940775,0.31195477,0.51913184,0.32806456,0.32353598,0.07473169,13.2174015,1.8295933e-07,0.0
15.72,0.6,0.34447154,0.23404263,0.34387642,0.31019047,0.08234137,15.475729,9.5827616e-08,0.0
15.725,0.6,0.34447154,0.23404263,0.34045616,0.30019292,0.10509513,17.405771,0.1950397,0.0
15.73,0.6,0.34447154,0.23404263,0.34129426,0.29392287,0.12619606,19.415907,0.028176373,0.0
15.735000000000001,0.6,0.34447154,0.23404263,0.34303474,0.28976512,0.1396936,20.961338,0.16409008,0.0
15.74,0.3756666,0.29631257,0.2705072,0.35721746,0.28846383,0.1541169,21.808643,0.81413877,0.0
15.745000000000001,0.3756666,0.29631257,0.2705072,0.3509907,0.28750327,0.17000474,22.275318,1.6235168,0.0
15.75,0.3756666,0.29631257,0.2705072,0.3553511,0.28742424,0.18230772,23.188028,1.6692685,0.0
15.755,0.3756666,0.29631257,0.2705072,0.3525067,0.2873681,0.19211434,23.91969,1.6749241,0.0
15.76,0.36116838,0.44441605,0.0,0.35238847,0.287597,0.19901139,24.833424,1.2337732,0.0
15.765,0.36116838,0.44441605,0.0,0.3485629,0.28787372,0.20265262,26.59165,1.0027514e-07,0.0
15.77,0.36116838,0.44441605,0.0,0.3592744,0.28847605,0.20680635,28.688576,1.1235791e-07,0.0
15.775,0.36116838,0.44441605,0.0,0.36379817,0.2889558,0.21117344,30.485748,0.22718985,0.0
15.780000000000001,0.53432906,0.44632027,0.0,0.3637371,0.28886637,0.21404846,31.704405,0.84878135,0.0
15.785,0.53432906,0.44632027,0.0,0.36883608,0.2895495,0.21437535,32.640785,1.5365183,0.0
15.790000000000001,0.53432906,0.44632027,0.0,0.37176406,0.29025233,0.2144053,33.291695,2.296949,0.0
15.795,0.53432906,0.44632027,0.0,0.36944178,0.2914279,0.21490395,33.678413,3.1074054,0.0
15.8,0.5508083,0.513098,0.09738547,0.3680432,0.29230785,0.21388371,34.596733,3.083798,0.0
15.805,0.5508083,0.513098,0.09738547,0.37285498,0.29318357,0.2124719,36.338833,0.6172881,0.0
15.81,0.5508083,0.513098,0.09738547,0.36747602,0.29483998,0.21033238,37.17554,1.563275e-08,0.0
15.815,0.5508083,0.513098,0.09738547,0.36906195,0.2963858,0.20354094,37.871975,4.3880295e-08,0.0
15.82,0.44810095,0.6,0.0,0.36699778,0.29857913,0.19109315,38.12228,0.4419579,0.0
15.825000000000001,0.44810095,0.6,0.0,0.38160628,0.30330682,0.17627095,38.46547,0.5505584,0.0
15.83,0.44810095,0.6,0.0,0.39044532,0.31259647,0.16001691,38.489964,0.79949,0.0
15.835,0.44810095,0.6,0.0,0.39352462,0.32112405,0.14392541,37.983864,1.4182097,0.0
15.84,0.46687847,0.6,0.0,0.40209806,0.329404,0.12850736,37.178574,2.139739,0.0
15.845,0.46687847,0.6,0.0,0.39936137,0.3399662,0.11403568,36.25613,2.758494,0.0
15.85,0.46687847,0.6,0.0,0.40139592,0.34886977,0.10266097,36.067078,2.3301995,0.0
15.855,0.46687847,0.6,0.0,0.4099891,0.35649726,0.08686531,35.842815,1.7415447,0.0
15.860000000000001,0.49170563,0.51345813,0.0,0.4108957,0.36545026,0.07280563,35.221367,1.3926879,0.0
15.865,0.49170563,0.51345813,0.0,0.41360864,0.37447247,0.06115527,34.38922,1.0681539,0.0
15.870000000000001,0.49170563,0.51345813,0.0,0.41327423,0.38113672,0.058606792,33.46158,0.63662237,0.0
15.875,0.49170563,0.51345813,0.0,0.41549295,0.38831988,0.05101245,33.16746,-3.769389e-09,0.0
15.88,0.5722443,0.5913584,0.0,0.41444722,0.39552623,0.030341001,32.813824,0.1581991,0.0
15.885,0.5722443,0.5913584,0.0,0.4200108,0.40078592,0.033496983,32.89421,2.3090756e-08,0.0
15.89,0.5722443,0.5913584,0.0,0.42092884,0.40642104,0.026460689,32.794025,0.285666,0.0
15.895,0.5722443,0.5913584,0.0,0.4273651,0.41106635,0.026122833,32.256065,0.823319,0.0
15.9,0.40045568,0.44868177,0.0,0.42805237,0.41465974,0.02134959,31.513859,1.3462199,0.0
15.905000000000001,0.40045568,0.44868177,0.0,0.4274886,0.41824877,0.019417804,30.71392,1.6915615,0.0
15.91,0.40045568,0.44868177,0.0,0.4239613,0.42190665,0.007918407,30.767015,0.84843355,0.0
15.915000000000001,0.40045568,0.44868177,0.0,0.4207277,0.42477736,0.004280493,31.459997,3.0593874e-08,0.0
15.92,0.5012065,0.5052631,0.34047848,0.4231945,0.4277223,0.0015559678,32.371628,5.907064e-08,0.0
15.925,0.5012065,0.5052631,0.34047848,0.43881926,0.4303101,0.005380689,32.68496,0.5732614,0.0
15.93,0.5012065,0.5052631,0.34047848,0.4332385,0.43214494,0.002149389,32.30795,1.6709718,0.0
15.935,0.5012065,0.5052631,0.34047848,0.43141225,0.43417138,0.004679029,32.411156,1.977135,0.0
15.94,0.46634948,0.5068432,0.6,0.4352139,0.43594766,0.0047618914,33.15135,1.3435068,0.0
15.945,0.46634948,0.5068432,0.6,0.4420623,0.4370426,0.0019410787,33.338917,1.1197891,0.0
15.950000000000001,0.46634948,0.5068432,0.6,0.43682894,0.43750113,0.0018732982,32.810795,1.4726537,0.0
15.955,0.46634948,0.5068432,0.6,0.43795636,0.43902418,-0.009219389,32.759895,1.0578848,0.0
15.96,0.22707073,0.49193075,0.6,0.44022703,0.43952918,0.0029352112,32.533176,0.6283212,0.0
15.965,0.22707073,0.49193075,0.6,0.43685484,0.43999806,0.020592012,31.817474,0.52692944,0.0
15.97,0.22707073,0.49193075,0.6,0.44899383,0.44094697,0.04592433,31.637148,7.7286355e-09,0.0
15.975,0.22707073,0.49193075,0.6,0.44158265,0.4409715,0.06502362,31.352476,0.17687386,0.0
15.98,0.2050399,0.5409711,0.6,0.43980083,0.44081518,0.07883018,31.525389,2.6369966e-08,0.0
15.985000000000001,0.2050399,0.5409711,0.6,0.4364181,0.44063893,0.091365725,31.480013,0.3298701,0.0
15.99,0.2050399,0.5409711,0.6,0.4395111,0.4399787,0.110326506,30.944765,0.9658301,0.0
15.995000000000001,0.2050399,0.5409711,0.6,0.44156453,0.44000423,0.12628321,29.333445,2.5535865,0.0
16.0,0.4123135,0.6,0.6,0.43611068,0.4396599,0.14340104,27.72785,3.856666,0.0
16.005,0.4123135,0.6,0.6,0.43685877,0.43960175,0.15662625,26.67945,4.2761483,0.0
16.01,0.4123135,0.6,0.6,0.43592483,0.4393063,0.17120089,25.19547,4.9383373,0.0
16.015,0.4123135,0.6,0.6,0.4307427,0.43847474,0.18745205,24.051237,4.9686804,0.0
16.02,0.104857355,0.6,0.6,0.4235552,0.4382477,0.19991258,23.607273,3.988799,0.0
16.025,0.104857355,0.6,0.6,0.41941229,0.43789944,0.21338065,23.545967,2.3751664,0.0
16.03,0.104857355,0.6,0.6,0.4210223,0.43768772,0.22754279,23.655567,0.37625697,0.0
16.035,0.104857355,0.6,0.6,0.42175514,0.43748346,0.23982339,22.806229,0.3301324,0.0
16.04,0.0,0.6,0.6,0.41937345,0.43722677,0.25136095,21.282259,1.0779945,0.0
16.045,0.0,0.6,0.6,0.4085134,0.43693706,0.26464996,20.392448,0.8515581,0.0
16.05,0.0,0.6,0.6,0.39068267,0.43634376,0.27599806,20.19144,1.9013399e-08,0.0
16.055,0.0,0.6,0.6,0.37823066,0.4357956,0.28623584,20.104944,2.8328366e-09,0.0
16.06,0.0,0.6,0.6,0.36408275,0.4343165,0.29782474,20.093779,3.0958849e-09,0.0
16.065,0.0,0.6,0.6,0.3554416,0.43295908,0.30836287,20.010813,2.5611273e-09,0.0
16.07,0.0,0.6,0.6,0.337768,0.4306851,0.31794977,19.797535,-1.4322936e-08,0.0
16.075,0.0,0.6,0.6,0.32247853,0.4280954,0.32809994,19.39212,-2.041299e-08,0.0
16.080000000000002,0.0,0.35997596,0.6,0.29891217,0.42630345,0.33746263,18.760887,2.0512664e-08,0.0
16.085,0.0,0.35997596,0.6,0.27847153,0.42380738,0.34595487,17.851498,-2.1436822e-08,0.0
16.09,0.0,0.35997596,0.6,0.26026526,0.42204702,0.3543125,16.645834,-4.87567e-08,0.0
16.095,0.0,0.35997596,0.6,0.24502155,0.42086387,0.36289066,15.179222,-1.0939844e-07,0.0
16.1,0.0,0.065366276,0.6,0.2202431,0.42029715,0.37060353,13.520087,7.727063e-08,0.0
16.105,0.0,0.065366276,0.6,0.19795735,0.42050156,0.37773827,11.66621,6.342901e-08,0.0
16.11,0.0,0.065366276,0.6,0.18022747,0.4197481,0.38516605,10.288697,1.1775241e-08,0.0
16.115000000000002,0.0,0.065366276,0.6,0.16085497,0.41852206,0.39074212,8.838944,-9.6185026e-08,0.0
16.12,0.313599,0.0,0.4667533,0.12989275,0.4177162,0.39563233,6.9707503,1.7446365e-09,0.0
16.125,0.313599,0.0,0.4667533,0.10661093,0.41651803,0.40005445,4.7796664,3.896543e-08,0.0
16.13,0.313599,0.0,0.4667533,0.09705883,0.41531947,0.40282747,2.4096277,-9.083259e-09,0.0
16.135,0.313599,0.0,0.4667533,0.08782006,0.4146901,0.40553722,0.13805401,5.093584e-08,0.0
16.14,0.6,0.23993017,0.39483777,0.078847125,0.41383702,0.4089679,5.7446563e-09,-6.6243677e-10,0.0
16.145,0.6,0.23993017,0.39483777,0.073744886,0.4113935,0.41207135,3.777336e-09,-2.0041373e-08,0.0
16.15,0.6,0.23993017,0.39483777,0.06628601,0.40407348,0.41542748,1.4195208e-08,-3.65765e-08,0.0
16.155,0.6,0.23993017,0.39483777,0.06806591,0.38643965,0.4184921,3.3656953e-09,7.747123e-09,0.0
16.16,0.31646103,0.10572859,0.14438003,0.07886522,0.36275464,0.42124352,4.8537485e-09,-2.7720507e-08,0.0
16.165,0.31646103,0.10572859,0.14438003,0.07446428,0.33564958,0.42172343,4.9681357e-09,-7.2574164e-09,0.0
16.17,0.31646103,0.10572859,0.14438003,0.06630163,0.30727604,0.42183214,0.03523599,4.8276913e-08,0.0
16.175,0.31646103,0.10572859,0.14438003,0.081171535,0.27912205,0.42165852,0.16128667,2.3387507e-08,0.0
16.18,0.29557243,0.0,0.36057574,0.0925388,0.25248906,0.42069,0.38332316,1.4885855e-08,0.0
16.185,0.29557243,0.0,0.36057574,0.09491958,0.2293096,0.41899633,0.952322,2.1673918e-08,0.0
16.19,0.29557243,0.0,0.36057574,0.11105136,0.21020211,0.41891158,1.8410232,7.41528e-08,0.0
16.195,0.29557243,0.0,0.36057574,0.13272445,0.19632186,0.4181928,2.9215517,1.5447524e-08,0.0
16.2,0.6,0.3059093,0.542021,0.14692993,0.18847932,0.41558027,4.156447,4.5202874e-08,0.0
16.205000000000002,0.6,0.3059093,0.542021,0.17389293,0.18353754,0.4137777,5.467809,1.02432146e-07,0.0
16.21,0.6,0.3059093,0.542021,0.17349899,0.1764052,0.41210565,6.8480434,1.3835533e-07,0.0
16.215,0.6,0.3059093,0.542021,0.19442509,0.16645624,0.40801427,8.482334,-4.3643733e-09,0.0
16.22,0.6,0.47018066,0.6,0.21096802,0.15857765,0.4035595,10.070052,1.1254116e-07,0.0
16.225,0.6,0.47018066,0.6,0.21648544,0.15522371,0.3999461,11.470314,-1.1495327e-08,0.0
16.23,0.6,0.47018066,0.6,0.22209777,0.15361539,0.39759904,12.704852,5.975724e-08,0.0
16.235,0.6,0.47018066,0.6,0.22114304,0.15314788,0.39715484,13.781411,3.6089933e-08,0.0
16.240000000000002,0.18531501,0.6,0.56063676,0.22861134,0.1539547,0.39673114,15.060578,2.5268887e-08,0.0
16.245,0.18531501,0.6,0.56063676,0.24189566,0.15504862,0.39608037,16.236164,5.889294e-08,0.0
16.25,0.18531501,0.6,0.56063676,0.26085088,0.15619296,0.396536,17.169975,1.0278278e-07,0.0
16.255,0.18531501,0.6,0.56063676,0.2797091,0.15949528,0.39601642,18.034073,6.187638e-08,0.0
16.26,0.15111047,0.5013947,0.59799826,0.28764743,0.16842777,0.39640418,18.95165,5.7096393e-08,0.0
16.265,0.15111047,0.5013947,0.59799826,0.29640543,0.17871767,0.39741322,19.939518,3.838625e-08,0.0
16.27,0.15111047,0.5013947,0.59799826,0.30123112,0.18954407,0.39708742,20.97723,8.085459e-08,0.0
16.275,0.15111047,0.5013947,0.59799826,0.3132788,0.20415995,0.39676195,22.02505,1.9678062e-08,0.0
16.28,0.38409027,0.6,0.56452847,0.3035752,0.21884571,0.39764875,23.086733,4.393264e-08,0.0
16.285,0.38409027,0.6,0.56452847,0.29647672,0.2313397,0.39740983,24.576998,5.971012e-08,0.0
16.29,0.38409027,0.6,0.56452847,0.29625863,0.24640827,0.39664167,26.441359,2.1677008e-07,0.0
16.295,0.38409027,0.6,0.56452847,0.29060805,0.26064807,0.39745066,28.425982,1.0410604e-07,0.0
16.3,0.0,0.6,0.47544357,0.29660177,0.27309537,0.39747015,30.35216,4.6435098e-08,0.0
16.305,0.0,0.6,0.47544357,0.2872879,0.28529835,0.39744604,31.605766,5.2420646e-08,0.0
16.31,0.0,0.6,0.47544357,0.28200722,0.29935944,0.3981935,32.44668,1.14021425e-07,0.0
16.315,0.0,0.6,0.47544357,0.2839536,0.31054905,0.39917967,33.047375,8.776448e-09,0.0
16.32,0.0,0.6,0.6,0.29576868,0.32210326,0.40032497,32.88818,-1.1394887e-08,0.0
16.325,0.0,0.6,0.6,0.29915392,0.33456942,0.40134692,31.992949,-2.4057844e-08,0.0
16.330000000000002,0.0,0.6,0.6,0.29561388,0.3444315,0.40298432,30.64507,-9.2942116e-08,0.0
16.335,0.0,0.6,0.6,0.29011014,0.3533249,0.40452412,29.498373,-1.1948236e-08,0.0
16.34,0.0,0.6,0.6,0.29731557,0.3634581,0.4060982,28.700747,-1.4739898e-08,0.0
16.345,0.0,0.6,0.6,0.28083074,0.3711398,0.40818095,27.662237,1.0776015e-08,0.0
16.35,0.0,0.6,0.6,0.26892683,0.3780882,0.40999398,26.637043,3.5725156e-10,0.0
16.355,0.0,0.6,0.6,0.25010988,0.3850094,0.41183,25.761496,7.396493e-09,0.0
16.36,0.0,0.42058462,0.6,0.22700976,0.39049137,0.41398194,24.836996,-4.321545e-08,0.0
16.365000000000002,0.0,0.42058462,0.6,0.2009759,0.3945321,0.41627583,23.693495,-1.9586318e-08,0.0
16.37,0.0,0.42058462,0.6,0.18073502,0.39951965,0.41776732,22.213789,-4.4135025e-08,0.0
16.375,0.0,0.42058462,0.6,0.16027668,0.4034462,0.41942114,20.3727,2.564668e-08,0.0
16.38,0.0,0.0,0.6,0.13693365,0.40596753,0.42148447,18.194225,-5.343695e-08,0.0
16.385,0.0,0.0,0.6,0.115000606,0.40915284,0.42274937,15.70966,-3.6615206e-09,0.0
16.39,0.0,0.0,0.6,0.11837623,0.41109928,0.42385074,12.997885,-9.436017e-08,0.0
16.395,0.0,0.0,0.6,0.10441579,0.4125308,0.42506438,10.120262,6.26328e-08,0.0
16.4,0.2003759,0.0,0.6,0.09458879,0.41403824,0.42571914,7.4687185,3.733995e-08,0.0
16.405,0.2003759,0.0,0.6,0.0927947,0.41437966,0.42685366,5.272418,-2.1036099e-08,0.0
16.41,0.2003759,0.0,0.6,0.0828571,0.41428226,0.4277683,3.618751,-1.2322423e-07,0.0
16.415,0.2003759,0.0,0.6,0.063488044,0.41211438,0.4283695,1.8288449,1.4818944e-08,0.0
16.42,0.6,0.09462308,0.45149198,0.056628264,0.40920666,0.42967167,-6.168561e-07,9.525062e-08,0.0
16.425,0.6,0.09462308,0.45149198,0.03999502,0.4059961,0.43148956,1.5890553e-10,-1.0445173e-09,0.0
16.43,0.6,0.09462308,0.45149198,0.041032817,0.39912564,0.43296817,-1.8450148e-09,2.3732204e-08,0.0
16.435,0.6,0.09462308,0.45149198,0.044019848,0.38245368,0.43405622,5.250227e-09,-2.16582e-11,0.0
16.44,0.4726275,0.21698113,0.18665034,0.058131486,0.35945275,0.43548948,9.706483e-10,2.5576966e-08,0.0
16.445,0.4726275,0.21698113,0.18665034,0.056022752,0.33184776,0.4370847,8.22019e-09,4.2584336e-08,0.0
16.45,0.4726275,0.21698113,0.18665034,0.07737898,0.3035932,0.43857422,9.283005e-10,-6.7793704e-09,0.0
16.455000000000002,0.4726275,0.21698113,0.18665034,0.083747014,0.27678227,0.43999,0.02593067,-9.057124e-09,0.0
16.46,0.29654542,0.22823611,0.43094316,0.08949813,0.254369,0.44104072,0.19372353,4.072782e-08,0.0
16.465,0.29654542,0.22823611,0.43094316,0.109388135,0.23584805,0.44178513,0.75101936,-3.4036418e-08,0.0
16.47,0.29654542,0.22823611,0.43094316,0.12702964,0.22366276,0.44128397,1.7490128,-1.1734981e-09,0.0
16.475,0.29654542,0.22823611,0.43094316,0.1467893,0.21702644,0.44053397,3.0648687,6.393813e-08,0.0
16.48,0.6,0.5623755,0.23910932,0.1514881,0.21313356,0.44056538,4.5717454,2.0778792e-07,0.0
16.485,0.6,0.5623755,0.23910932,0.1695504,0.21160065,0.4390583,6.081271,4.8558345e-08,0.0
16.490000000000002,0.6,0.5623755,0.23910932,0.18241157,0.21051723,0.43823752,7.5033183,-7.9563165e-09,0.0
16.495,0.6,0.5623755,0.23910932,0.20079029,0.21058366,0.43798625,8.8166895,-1.7492724e-08,0.0
16.5,0.6,0.6,0.05034072,0.20706256,0.2108656,0.4361855,10.060887,3.858312e-08,0.0
16.505,0.6,0.6,0.05034072,0.21151143,0.21140687,0.4347889,11.229465,-7.705435e-09,0.0
16.51,0.6,0.6,0.05034072,0.224208,0.21320044,0.4345245,12.2891865,5.6086872e-08,0.0
16.515,0.6,0.6,0.05034072,0.24012287,0.21463573,0.43272805,13.280314,1.3400312e-08,0.0
16.52,0.40995023,0.6,0.0,0.25022146,0.21529324,0.42674115,14.283285,-3.4543664e-08,0.0
16.525,0.40995023,0.6,0.0,0.25344947,0.21846347,0.41922542,15.326812,-1.641352e-08,0.0
16.53,0.40995023,0.6,0.0,0.27137208,0.22827227,0.41132966,16.36961,9.2710145e-08,0.0
16.535,0.40995023,0.6,0.0,0.28900042,0.24031518,0.39810455,17.44881,5.8493832e-08,0.0
16.54,0.50621986,0.6,0.0,0.29353487,0.25055137,0.3834021,18.623812,1.2866557e-08,0.0
16.545,0.50621986,0.6,0.0,0.3087157,0.26345628,0.3696293,19.854496,5.3167604e-08,0.0
16.55,0.50621986,0.6,0.0,0.33009166,0.27652743,0.3545465,21.131105,7.822857e-08,0.0
16.555,0.50621986,0.6,0.0,0.33174723,0.2872138,0.3363381,22.5038,9.917848e-08,0.0
16.56,0.6,0.6,0.0,0.33679903,0.2993215,0.3153459,23.863876,1.00063524e-07,0.0
16.565,0.6,0.6,0.0,0.33886787,0.3113406,0.29212368,25.06736,8.151985e-08,0.0
16.57,0.6,0.6,0.0,0.34606186,0.320716,0.26966923,26.018839,6.854675e-08,0.0
16.575,0.6,0.6,0.0,0.34646937,0.33117706,0.24623266,26.708515,5.2660226e-08,0.0
16.580000000000002,0.52338123,0.6,0.14947422,0.35443127,0.34203276,0.22400992,27.13248,4.0186332e-08,0.0
16.585,0.52338123,0.6,0.14947422,0.3553335,0.35029912,0.20281751,27.324455,2.6054288e-08,0.0
16.59,0.52338123,0.6,0.14947422,0.36351576,0.35849896,0.1830781,27.319975,-3.301631e-09,0.0
16.595,0.52338123,0.6,0.14947422,0.37160113,0.36654744,0.16495125,27.17948,5.259831e-10,0.0
16.6,0.5066205,0.6,0.599474,0.36865905,0.37262696,0.14812426,26.970074,5.605687e-09,0.0
16.605,0.5066205,0.6,0.599474,0.3790666,0.37795806,0.13264129,27.292105,3.025665e-08,0.0
16.61,0.5066205,0.6,0.599474,0.38120842,0.38394144,0.12061358,27.639116,0.09929667,0.0
16.615000000000002,0.5066205,0.6,0.599474,0.38249835,0.3876769,0.11428286,27.673761,0.3058501,0.0
16.62,0.1657158,0.43817285,0.6,0.39674705,0.39144525,0.11048452,27.505741,0.49558365,0.0
16.625,0.1657158,0.43817285,0.6,0.39834931,0.39521593,0.109082356,27.293484,0.492623,0.0
16.63,0.1657158,0.43817285,0.6,0.4114313,0.3989144,0.110158406,27.0964,0.23619585,0.0
16.635,0.1657158,0.43817285,0.6,0.41091025,0.4017334,0.1133715,26.918892,-9.1948e-09,0.0
16.64,0.3477012,0.33467335,0.6,0.41575807,0.406192,0.11718475,27.413347,4.2378282e-08,0.0
16.645,0.3477012,0.33467335,0.6,0.41083184,0.41024935,0.12667453,28.003513,0.08990854,0.0
16.65,0.3477012,0.33467335,0.6,0.40497318,0.41430852,0.14503805,28.936825,3.4442017e-08,0.0
16.655,0.3477012,0.33467335,0.6,0.40188405,0.41789153,0.15986282,30.24605,1.2076485e-07,0.0
16.66,0.34091082,0.5487126,0.6,0.4026124,0.42037758,0.17297071,31.651596,1.0027853e-07,0.0
16.665,0.34091082,0.5487126,0.6,0.39262566,0.4210602,0.18895094,32.223057,0.7044463,0.0
16.67,0.34091082,0.5487126,0.6,0.40080658,0.42033914,0.20341235,32.58454,1.3921492,0.0
16.675,0.34091082,0.5487126,0.6,0.39261186,0.4202609,0.21501061,31.585514,3.352856,0.0
16.68,0.0,0.6,0.56527734,0.40067357,0.42051956,0.22829343,29.868767,5.828153,0.0
16.685,0.0,0.6,0.56527734,0.39845827,0.41981336,0.24167946,28.347885,7.7956777,0.0
16.69,0.0,0.6,0.56527734,0.39922455,0.41950887,0.25263393,27.079865,9.209059,0.0
16.695,0.0,0.6,0.56527734,0.39135292,0.4187412,0.26504883,25.36994,10.38168,0.0
16.7,0.0,0.6,0.6,0.38736048,0.4180133,0.2781141,24.08688,9.486118,0.0
16.705000000000002,0.0,0.6,0.6,0.39337352,0.41659933,0.28898728,23.629862,5.472146,0.0
16.71,0.0,0.6,0.6,0.39729437,0.41557413,0.29948682,22.869854,-5.5889393e-07,0.0
16.715,0.0,0.6,0.6,0.39259017,0.41436285,0.31041443,20.637802,7.43534e-08,0.0
16.72,0.0,0.56256634,0.6,0.37448534,0.41285983,0.31975687,19.122519,-3.585837e-08,0.0
16.725,0.0,0.56256634,0.6,0.34907955,0.41129267,0.32930768,18.425186,-9.242378e-09,0.0
16.73,0.0,0.56256634,0.6,0.32186696,0.40999177,0.3388369,18.12252,2.5130724e-09,0.0
16.735,0.0,0.56256634,0.6,0.2997969,0.40990707,0.3470256,17.862461,1.9635348e-08,0.0
16.740000000000002,0.0,0.16813692,0.6,0.26795277,0.4101137,0.35445592,17.425346,-2.8372028e-08,0.0
16.745,0.0,0.16813692,0.6,0.2473322,0.41051233,0.3628619,17.277853,1.0815383e-08,0.0
16.75,0.0,0.16813692,0.6,0.21426003,0.41166973,0.36994445,17.411844,5.0391094e-08,0.0
16.755,0.0,0.16813692,0.6,0.18961525,0.4130678,0.37643358,17.39391,-4.5877087e-11,0.0
16.76,0.0,0.0,0.6,0.17884004,0.41399917,0.38286874,16.956047,2.4131687e-08,0.0
16.765,0.0,0.0,0.6,0.1530724,0.41297993,0.38883168,16.096983,-1.3070768e-08,0.0
16.77,0.0,0.0,0.6,0.13660233,0.41237083,0.39323667,14.146361,-2.1345597e-08,0.0
16.775,0.0,0.0,0.6,0.11006146,0.41192982,0.39800957,11.121428,-3.351115e-08,0.0
16.78,0.364255,0.0,0.34598738,0.110365756,0.41021338,0.40240613,7.4782424,-1.1598201e-08,0.0
16.785,0.364255,0.0,0.34598738,0.101759836,0.40899155,0.4058823,3.558771,-1.836173e-07,0.0
16.79,0.364255,0.0,0.34598738,0.099270575,0.40834403,0.40947714,0.04818856,-2.4284287e-07,0.0
16.795,0.364255,0.0,0.34598738,0.09421762,0.40671256,0.41285104,3.6531174e-09,-1.024923e-08,0.0
16.8,0.6,0.16004011,0.38792744,0.073182076,0.39942884,0.41581067,-2.9689933e-09,1.7997209e-08,0.0
16.805,0.6,0.16004011,0.38792744,0.06695205,0.38211456,0.41758144,2.2749558e-10,-2.991256e-08,0.0
16.81,0.6,0.16004011,0.38792744,0.06304058,0.35942423,0.41926792,4.0717425e-09,-1.867072e-09,0.0
16.815,0.6,0.16004011,0.38792744,0.060048655,0.33209682,0.42035592,-2.18101e-09,-8.6701695e-09,0.0
16.82,0.43032375,0.28127664,0.10069937,0.06583963,0.30449304,0.41999012,1.0248382e-08,2.3978082e-08,0.0
16.825,0.43032375,0.28127664,0.10069937,0.05603951,0.2760427,0.4199322,-1.4396747e-08,8.7763105e-08,0.0
16.830000000000002,0.43032375,0.28127664,0.10069937,0.06983302,0.24964517,0.41987374,0.09390605,-5.2175633e-08,0.0
16.835,0.43032375,0.28127664,0.10069937,0.09036751,0.22447868,0.4189709,0.46209076,1.1618029e-07,0.0
16.84,0.40315476,0.27098924,0.14614184,0.10129779,0.20586288,0.41831702,1.1839023,-6.686739e-08,0.0
16.845,0.40315476,0.27098924,0.14614184,0.12731636,0.19724753,0.41779768,2.1746378,6.249791e-08,0.0
16.85,0.40315476,0.27098924,0.14614184,0.15207915,0.19273514,0.41579413,3.395701,1.1190308e-08,0.0
16.855,0.40315476,0.27098924,0.14614184,0.16732126,0.19018893,0.4139654,4.8219976,1.5450883e-07,0.0
16.86,0.6,0.41863817,0.3479442,0.19066733,0.19006653,0.4137496,6.347419,1.2985153e-07,0.0
16.865000000000002,0.6,0.41863817,0.3479442,0.19955401,0.19006874,0.41156632,7.916608,1.3083476e-07,0.0
16.87,0.6,0.41863817,0.3479442,0.21651669,0.19085312,0.40329137,9.446584,8.777876e-08,0.0
16.875,0.6,0.41863817,0.3479442,0.2268159,0.19197221,0.3919106,10.917035,1.0477557e-07,0.0
16.88,0.6,0.6,0.1988557,0.24258448,0.19253477,0.38042983,12.326638,3.649257e-08,0.0
16.885,0.6,0.6,0.1988557,0.24811794,0.19310978,0.36785808,13.704314,2.0527532e-08,0.0
16.89,0.6,0.6,0.1988557,0.26086637,0.19513217,0.35642996,15.033647,1.0958293e-07,0.0
16.895,0.6,0.6,0.1988557,0.26165903,0.20273167,0.3480243,16.32291,3.129865e-08,0.0
16.9,0.3398971,0.6,0.45563018,0.27963218,0.21273653,0.34166154,17.536398,6.137379e-08,0.0
16.905,0.3398971,0.6,0.45563018,0.2922127,0.22167411,0.33671418,18.717573,1.090662e-07,0.0
16.91,0.3398971,0.6,0.45563018,0.31145376,0.23363705,0.33289853,19.915564,1.5119153e-07,0.0
16.915,0.3398971,0.6,0.45563018,0.30974242,0.24724917,0.32781708,21.179083,4.759809e-08,0.0
16.92,0.34660748,0.6,0.5289915,0.31553704,0.258789,0.3213575,22.953955,-7.2721875e-08,0.0
16.925,0.34660748,0.6,0.5289915,0.3274183,0.27115637,0.31504336,24.728252,5.4818162e-08,0.0
16.93,0.34660748,0.6,0.5289915,0.34829196,0.284962,0.31155968,26.200464,1.02975825e-07,0.0
16.935,0.34660748,0.6,0.5289915,0.34767824,0.29603136,0.3112888,27.447803,1.5204022e-07,0.0
16.94,0.2341306,0.6,0.6,0.34546342,0.30652022,0.3106433,28.995245,1.3177113e-07,0.0
16.945,0.2341306,0.6,0.6,0.34664232,0.31859425,0.3102479,30.834208,1.8345162e-07,0.0
16.95,0.2341306,0.6,0.6,0.34304866,0.32849607,0.31167006,32.10038,3.5648178e-08,0.0
16.955000000000002,0.2341306,0.6,0.6,0.34275284,0.33781457,0.31178823,33.09593,5.8502916e-08,0.0
16.96,0.37655684,0.6,0.6,0.34485722,0.3478926,0.31224278,34.05921,6.2768976e-08,0.0
16.965,0.37655684,0.6,0.6,0.3364467,0.35635227,0.31449163,34.318913,3.8100723e-09,0.0
16.97,0.37655684,0.6,0.6,0.3421655,0.36333516,0.31795952,34.270157,-1.6068894e-08,0.0
16.975,0.37655684,0.6,0.6,0.34499317,0.371453,0.32146215,33.71405,-2.3069166e-08,0.0
16.98,0.36233634,0.6,0.6,0.34498882,0.37841216,0.32757568,32.56311,-4.3806367e-08,0.0
16.985,0.36233634,0.6,0.6,0.34158778,0.38328555,0.33702078,31.067438,-9.4071666e-08,0.0
16.990000000000002,0.36233634,0.6,0.6,0.34343404,0.3888602,0.346278,29.957716,1.5563112e-08,0.0
16.995,0.36233634,0.6,0.6,0.34141725,0.393277,0.35491166,28.873178,-5.315965e-09,0.0
17.0,0.073289916,0.6,0.55482125,0.33736348,0.39646327,0.36471415,28.116304,3.753913e-08,0.0
17.005,0.073289916,0.6,0.55482125,0.3355544,0.40005994,0.37247425,27.858099,-1.9532205e-08,0.0
17.01,0.073289916,0.6,0.55482125,0.337986,0.40370136,0.37835655,27.897844,5.3682534e-09,0.0
17.015,0.073289916,0.6,0.55482125,0.34036273,0.4062744,0.3839437,27.566277,-1.3521894e-08,0.0
17.02,0.0,0.6,0.6,0.34666142,0.40931588,0.38841105,26.736063,-3.9560632e-08,0.0
17.025,0.0,0.6,0.6,0.34324923,0.41232184,0.3914772,25.661165,-6.4975616e-08,0.0
17.03,0.0,0.6,0.6,0.34273985,0.41423967,0.3949622,25.048368,-4.0865933e-09,0.0
17.035,0.0,0.6,0.6,0.3418549,0.41604567,0.3979914,25.04693,1.0935668e-08,0.0
17.04,0.0,0.6,0.6,0.3414049,0.41815415,0.40046063,25.427778,5.4083486e-08,0.0
17.045,0.0,0.6,0.6,0.33693016,0.42015883,0.40299582,26.010817,1.4949398e-08,0.0
17.05,0.0,0.6,0.6,0.34485623,0.42219117,0.40590695,26.637606,7.054235e-08,0.0
17.055,0.0,0.6,0.6,0.34251723,0.422746,0.40961096,26.70716,-9.392643e-09,0.0
17.06,0.0,0.36188722,0.6,0.32124504,0.42369327,0.41310608,26.684437,-2.4511808e-08,0.0
17.065,0.0,0.36188722,0.6,0.28598633,0.4246776,0.4166275,26.7396,-2.109002e-08,0.0
17.07,0.0,0.36188722,0.6,0.25736082,0.42570767,0.4196224,26.528124,-4.2447343e-08,0.0
17.075,0.0,0.36188722,0.6,0.2353922,0.42703092,0.42197672,25.83365,-4.0592074e-08,0.0
17.080000000000002,0.0,0.0,0.6,0.21778788,0.42846522,0.42415228,24.61857,4.7075125e-11,0.0
17.085,0.0,0.0,0.6,0.1983235,0.42990467,0.42595267,22.955288,-1.7707336e-08,0.0
17.09,0.0,0.0,0.6,0.1746923,0.4314415,0.42731348,20.93022,9.674654e-09,0.0
17.095,0.0,0.0,0.6,0.16014281,0.43196985,0.42911306,18.584906,-3.613981e-08,0.0
17.1,0.27939796,0.0,0.6,0.13519506,0.43177313,0.4302628,16.021189,-2.9255546e-08,0.0
17.105,0.27939796,0.0,0.6,0.12820144,0.43148163,0.43150365,12.617757,2.0082588e-08,0.0
17.11,0.27939796,0.0,0.6,0.1140488,0.43060806,0.43314904,8.518468,1.3324411e-07,0.0
17.115000000000002,0.27939796,0.0,0.6,0.10463542,0.4291973,0.43425253,4.313333,1.4850841e-08,0.0
17.12,0.6,0.026710065,0.3103113,0.07821596,0.4276979,0.43541977,0.4940256,-1.058469e-08,0.0
17.125,0.6,0.026710065,0.3103113,0.083844796,0.423635,0.43660545,1.0382593e-08,1.6943536e-08,0.0
17.13,0.6,0.026710065,0.3103113,0.079191394,0.40972677,0.43836886,8.123515e-09,-1.1366863e-08,0.0
17.135,0.6,0.026710065,0.3103113,0.086422846,0.38704318,0.439303,3.1299083e-09,-2.65549e-08,0.0
17.14,0.42983148,0.041453183,0.27617168,0.07791156,0.36002305,0.4405009,7.369578e-09,3.5130225e-09,0.0
17.145,0.42983148,0.041453183,0.27617168,0.08031005,0.3303997,0.44161317,1.143477e-08,1.2420527e-08,0.0
17.150000000000002,0.42983148,0.041453183,0.27617168,0.097418554,0.3011445,0.44194508,9.486003e-09,-3.1802408e-08,0.0
17.155,0.42983148,0.041453183,0.27617168,0.112382144,0.27236533,0.4411144,0.16398962,9.002668e-09,0.0
17.16,0.30782056,0.22135349,0.6,0.12032565,0.24574311,0.44046587,0.8795789,-2.8622475e-08,0.0
17.165,0.30782056,0.22135349,0.6,0.14405164,0.22023544,0.4404197,2.1050458,2.6547402e-08,0.0
17.17,0.30782056,0.22135349,0.6,0.15970755,0.19770353,0.43835473,3.6585457,1.8903691e-07,0.0
17.175,0.30782056,0.22135349,0.6,0.17142124,0.18037248,0.43709564,5.3664966,1.3248656e-07,0.0
17.18,0.46432653,0.3600795,0.6,0.18654563,0.16718589,0.43696418,7.0512767,9.007965e-08,0.0
17.185,0.46432653,0.3600795,0.6,0.18944748,0.15775439,0.4365707,8.626261,1.2186908e-07,0.0
17.19,0.46432653,0.3600795,0.6,0.21019706,0.15351129,0.4359027,10.0103445,1.8864526e-07,0.0
17.195,0.46432653,0.3600795,0.6,0.21862453,0.1518969,0.43601927,11.260399,1.1275221e-07,0.0
17.2,0.37777042,0.30821702,0.6,0.23106822,0.15136674,0.43565074,12.427344,2.0222256e-08,0.0
17.205000000000002,0.37777042,0.30821702,0.6,0.23870176,0.15147966,0.43586475,13.542926,-2.1365956e-08,0.0
17.21,0.37777042,0.30821702,0.6,0.2450893,0.15265366,0.43623495,14.623134,3.6859966e-08,0.0
17.215,0.37777042,0.30821702,0.6,0.263042,0.15565673,0.4358133,15.662828,8.021338e-08,0.0
17.22,0.27295357,0.6,0.6,0.26451555,0.15804109,0.43605763,16.719624,8.933267e-08,0.0
17.225,0.27295357,0.6,0.6,0.28572318,0.16421908,0.43582582,17.776102,3.4080387e-08,0.0
17.23,0.27295357,0.6,0.6,0.28611192,0.17496978,0.43582246,18.877584,1.0671323e-07,0.0
17.235,0.27295357,0.6,0.6,0.28302595,0.18517663,0.4359392,19.993265,1.1415182e-07,0.0
17.240000000000002,0.0,0.6,0.4022725,0.28950974,0.19358206,0.43578905,21.501427,7.194622e-08,0.0
17.245,0.0,0.6,0.4022725,0.29958686,0.20731938,0.43521887,22.962471,1.7317133e-07,0.0
17.25,0.0,0.6,0.4022725,0.3070507,0.22237238,0.4351713,24.130804,-1.0088452e-07,0.0
17.255,0.0,0.6,0.4022725,0.30343598,0.23468733,0.43524355,25.108095,3.2057768e-10,0.0
17.26,0.0,0.6,0.5847476,0.30724993,0.24818456,0.43453413,26.412361,7.7013816e-08,0.0
17.265,0.0,0.6,0.5847476,0.30543768,0.26320487,0.43429166,27.629473,1.256915e-07,0.0
17.27,0.0,0.6,0.5847476,0.31347233,0.27550682,0.43388072,28.967127,1.6060409e-07,0.0
17.275000000000002,0.0,0.6,0.5847476,0.31247976,0.28756768,0.43387052,30.035177,4.6908045e-08,0.0
17.28,0.0,0.6,0.6,0.3022353,0.3007447,0.4339321,31.046143,1.537569e-07,0.0
17.285,0.0,0.6,0.6,0.2958199,0.3117838,0.43403488,32.057842,4.952261e-08,0.0
17.29,0.0,0.6,0.6,0.29085678,0.32254714,0.43363255,32.84342,3.7358387e-08,0.0
17.295,0.0,0.6,0.6,0.2690477,0.33457604,0.43350384,33.29395,-1.8422378e-09,0.0
17.3,0.0,0.6,0.5352762,0.25098875,0.34443805,0.4334358,33.245235,-4.3710287e-08,0.0
17.305,0.0,0.6,0.5352762,0.22806397,0.3522919,0.43347394,32.60065,-3.8538577e-08,0.0
17.31,0.0,0.6,0.5352762,0.21170254,0.36191624,0.43341875,31.34309,-2.7508838e-08,0.0
17.315,0.0,0.6,0.5352762,0.19056122,0.37004653,0.4337191,29.529976,-1.4863717e-08,0.0
17.32,0.0,0.22185476,0.5088231,0.16758603,0.3763201,0.43378356,27.245173,-5.8418607e-08,0.0
17.325,0.0,0.22185476,0.5088231,0.15505694,0.3837642,0.4331759,24.566412,1.0744044e-07,0.0
17.330000000000002,0.0,0.22185476,0.5088231,0.13700026,0.3893101,0.43352687,21.609674,-2.8229438e-08,0.0
17.335,0.0,0.22185476,0.5088231,0.12141698,0.39359173,0.43318588,18.464132,7.526011e-09,0.0
17.34,0.22812529,0.0,0.47611222,0.11142258,0.39792952,0.4332667,15.219122,-5.6655878e-08,0.0
17.345,0.22812529,0.0,0.47611222,0.08972147,0.40248373,0.43297598,12.04721,-1.4107874e-07,0.0
17.35,0.22812529,0.0,0.47611222,0.085201465,0.40428758,0.4326855,9.052992,-1.4073517e-08,0.0
17.355,0.22812529,0.0,0.47611222,0.07661952,0.4021818,0.43241814,6.3835173,-1.08993774e-07,0.0
17.36,0.6,0.21280454,0.26457235,0.060480006,0.39982343,0.4323225,3.5262692,-1.8516069e-07,0.0
17.365000000000002,0.6,0.21280454,0.26457235,0.043368198,0.39664802,0.43246245,0.46587923,1.6498919e-07,0.0
17.37,0.6,0.21280454,0.26457235,0.05300365,0.3929933,0.43167943,6.9034827e-09,-1.5372203e-08,0.0
17.375,0.6,0.21280454,0.26457235,0.047447372,0.38955438,0.43169633,2.0578156e-08,-3.739298e-09,0.0
17.38,0.5030779,0.38966173,0.027446778,0.050608177,0.38682437,0.4317195,3.8629313e-09,1.75149e-08,0.0
17.385,0.5030779,0.38966173,0.027446778,0.05444813,0.3820847,0.43128347,4.7809854e-09,1.1119639e-09,0.0
17.39,0.5030779,0.38966173,0.027446778,0.060405932,0.37126377,0.4307432,9.519857e-10,2.0412556e-10,0.0
17.395,0.5030779,0.38966173,0.027446778,0.074668705,0.36053333,0.42941144,-4.2748378e-11,-1.428484e-08,0.0
17.400000000000002,0.20685029,0.0,0.58284134,0.0980453,0.34892,0.42893636,-2.3829803e-09,8.721787e-08,0.0
17.405,0.20685029,0.0,0.58284134,0.10853967,0.33795583,0.4286237,3.4484375e-09,-4.151397e-08,0.0
17.41,0.20685029,0.0,0.58284134,0.13651374,0.33021638,0.42620823,0.082021326,-3.3653695e-08,0.0
17.415,0.20685029,0.0,0.58284134,0.16148342,0.32584456,0.42457187,0.4653638,1.17980086e-07,0.0
17.42,0.6,0.1283564,0.44995922,0.18143593,0.32404128,0.42355162,1.2766622,7.7742035e-09,0.0
17.425,0.6,0.1283564,0.44995922,0.18406047,0.32234737,0.42205524,2.456147,5.6106916e-08,0.0
17.43,0.6,0.1283564,0.44995922,0.20229487,0.3212745,0.42069566,3.7644873,2.4268163e-08,0.0
17.435,0.6,0.1283564,0.44995922,0.21069612,0.3165475,0.4194718,5.054375,8.5185334e-08,0.0
17.44,0.6,0.6,0.15567264,0.20531496,0.3038906,0.41874737,6.244197,1.2091854e-07,0.0
17.445,0.6,0.6,0.15567264,0.20537752,0.28932843,0.4191777,7.5870547,4.6716806e-08,0.0
17.45,0.6,0.6,0.15567264,0.2246836,0.27316776,0.41886595,8.73187,3.7756166e-08,0.0
17.455000000000002,0.6,0.6,0.15567264,0.23667964,0.25851947,0.4187558,9.610589,1.283479e-07,0.0
17.46,0.34782895,0.6,0.54124963,0.24059929,0.24840368,0.41881165,10.411342,-8.75816e-08,0.0
17.465,0.34782895,0.6,0.54124963,0.24496265,0.24407656,0.41866964,11.192924,1.9720583e-09,0.0
17.47,0.34782895,0.6,0.54124963,0.2692386,0.24297102,0.41742736,12.18563,6.574791e-08,0.0
17.475,0.34782895,0.6,0.54124963,0.28353637,0.24187697,0.41235715,13.512185,5.170931e-08,0.0
17.48,0.4753517,0.6,0.28876123,0.3027929,0.24310644,0.40364408,14.860287,-1.2217383e-08,0.0
17.485,0.4753517,0.6,0.28876123,0.31726617,0.24775961,0.39666572,16.37968,7.451792e-08,0.0
17.490000000000002,0.4753517,0.6,0.28876123,0.30719733,0.25427514,0.39412916,18.14851,5.1939654e-08,0.0
17.495,0.4753517,0.6,0.28876123,0.32139942,0.26172018,0.39279315,20.447506,1.3564706e-07,0.0
17.5,0.20684884,0.6,0.5312275,0.3245874,0.2726992,0.3909898,22.738407,1.9490531e-07,0.0
17.505,0.20684884,0.6,0.5312275,0.32907972,0.28461683,0.38979828,24.674223,1.6654349e-08,0.0
17.51,0.20684884,0.6,0.5312275,0.3365732,0.29552966,0.3884706,26.224646,4.4040707e-08,0.0
17.515,0.20684884,0.6,0.5312275,0.33375156,0.30782703,0.3869816,27.385324,1.3901886e-08,0.0
17.52,0.32421666,0.6,0.6,0.33963704,0.32017073,0.38298905,28.678839,1.0685238e-07,0.0
17.525000000000002,0.32421666,0.6,0.6,0.34358928,0.33065647,0.37767214,29.644836,5.0489547e-08,0.0
17.53,0.32421666,0.6,0.6,0.34757045,0.34100822,0.37302732,30.015408,-5.9884964e-09,0.0
17.535,0.32421666,0.6,0.6,0.3432309,0.3516811,0.37103653,29.935137,1.4600086e-08,0.0
17.54,0.2574073,0.6,0.6,0.34483144,0.3604496,0.3710185,30.046452,3.5110368e-08,0.0
17.545,0.2574073,0.6,0.6,0.34865522,0.3693067,0.37077698,29.940569,-2.8933469e-08,0.0
17.55,0.2574073,0.6,0.6,0.34660637,0.37799382,0.3716133,29.381802,-1.0376206e-07,0.0
17.555,0.2574073,0.6,0.6,0.34254304,0.38519323,0.37372157,29.078125,-2.6993535e-08,0.0
17.56,0.0,0.6,0.5069959,0.34374124,0.3906166,0.3757418,29.173813,1.1227818e-08,0.0
17.565,0.0,0.6,0.5069959,0.32889062,0.39688647,0.37770745,28.921942,-2.161699e-08,0.0
17.57,0.0,0.6,0.5069959,0.32424533,0.40173668,0.38057157,28.606228,2.1686207e-08,0.0
17.575,0.0,0.6,0.5069959,0.3226609,0.40590718,0.38235313,28.446249,-1.0062415e-08,0.0
17.580000000000002,0.0,0.6,0.6,0.32115304,0.41059327,0.38297912,28.346643,3.004645e-08,0.0
17.585,0.0,0.6,0.6,0.32820493,0.41461822,0.38443375,28.25082,-1.7198375e-09,0.0
17.59,0.0,0.6,0.6,0.32942513,0.41727027,0.38483027,27.64313,-3.0701475e-08,0.0
17.595,0.0,0.6,0.6,0.33345202,0.42083082,0.38370505,26.481226,5.01532e-08,0.0
17.6,0.0,0.44093508,0.6,0.32939684,0.42282677,0.38438776,25.044546,1.7530947e-08,0.0
17.605,0.0,0.44093508,0.6,0.30291864,0.4242855,0.38482472,24.05439,-9.4261694e-08,0.0
17.61,0.0,0.44093508,0.6,0.28749898,0.42620057,0.38474447,23.52166,-4.3120494e-09,0.0
17.615000000000002,0.0,0.44093508,0.6,0.27008295,0.42748976,0.38627225,23.128187,-1.813986e-08,0.0
17.62,0.0,0.2934933,0.6,0.23843478,0.4278907,0.3901617,22.680706,-2.8671788e-08,0.0
17.625,0.0,0.2934933,0.6,0.20530339,0.42830247,0.39440572,21.954384,-5.1418663e-08,0.0
17.63,0.0,0.2934933,0.6,0.18726185,0.42890424,0.39765093,20.759384,-5.9567096e-08,0.0
17.635,0.0,0.2934933,0.6,0.18138628,0.42908967,0.40161455,19.103552,-1.7246059e-07,0.0
17.64,0.0,0.0,0.6,0.15535809,0.4283474,0.40587616,17.171114,8.408518e-08,0.0
17.645,0.0,0.0,0.6,0.1356798,0.42797512,0.4090352,14.325513,-2.591487e-07,0.0
17.650000000000002,0.0,0.0,0.6,0.11641643,0.42797014,0.41197166,10.5675,1.5240636e-07,0.0
17.655,0.0,0.0,0.6,0.106948465,0.42678225,0.4145943,6.4132843,-1.07895715e-07,0.0
17.66,0.31214252,0.0,0.30789033,0.0892061,0.42555276,0.41734368,2.3781233,9.083097e-08,0.0
17.665,0.31214252,0.0,0.30789033,0.07253088,0.42510572,0.42044392,3.3562677e-09,-1.1302118e-08,0.0
17.67,0.31214252,0.0,0.30789033,0.06910417,0.42349848,0.4235343,-3.4170836e-10,-1.6635784e-08,0.0
17.675,0.31214252,0.0,0.30789033,0.053107616,0.4212472,0.4260216,-2.4251312e-09,-4.3296946e-08,0.0
17.68,0.6,0.2671243,0.3017213,0.042751055,0.41787854,0.4284952,4.591795e-09,1.7702359e-08,0.0
17.685,0.6,0.2671243,0.3017213,0.037869245,0.40623757,0.43137157,9.632378e-09,-2.8270978e-08,0.0
17.69,0.6,0.2671243,0.3017213,0.042552464,0.38472107,0.43352404,4.5623003e-09,-1.3810677e-08,0.0
17.695,0.6,0.2671243,0.3017213,0.04376582,0.35885754,0.43348444,2.1789193e-09,-1.6033212e-08,0.0
17.7,0.35837683,0.4131997,0.011967266,0.05818019,0.33015633,0.43356755,2.0295852e-08,1.201125e-08,0.0
17.705000000000002,0.35837683,0.4131997,0.011967266,0.069565155,0.30113575,0.4346283,9.88351e-09,4.514557e-09,0.0
17.71,0.35837683,0.4131997,0.011967266,0.088524945,0.27277523,0.43356767,9.568862e-09,-2.4929143e-08,0.0
17.715,0.35837683,0.4131997,0.011967266,0.10904434,0.24931936,0.432317,0.3907113,1.0486269e-09,0.0
17.72,0.23686956,0.26469344,0.25744125,0.11295985,0.23299244,0.43213987,1.3199657,1.204566e-07,0.0
17.725,0.23686956,0.26469344,0.25744125,0.14268865,0.22368498,0.43049872,2.565109,1.4320459e-07,0.0
17.73,0.23686956,0.26469344,0.25744125,0.1461157,0.21841036,0.42692056,4.0306396,1.9029356e-08,0.0
17.735,0.23686956,0.26469344,0.25744125,0.15966122,0.21647353,0.42273697,5.541045,3.760392e-08,0.0
17.740000000000002,0.6,0.33866996,0.22333173,0.18538684,0.21671465,0.41675746,6.9595904,1.6150639e-07,0.0
17.745,0.6,0.33866996,0.22333173,0.1913353,0.21604663,0.4048023,8.326053,5.327383e-10,0.0
17.75,0.6,0.33866996,0.22333173,0.19615935,0.2173485,0.38935545,9.612262,1.4699208e-07,0.0
17.755,0.6,0.33866996,0.22333173,0.20135602,0.21808398,0.375533,10.757823,1.3552167e-07,0.0
17.76,0.6,0.52435106,0.1061113,0.19601373,0.21868399,0.36162364,11.751152,6.137057e-08,0.0
17.765,0.6,0.52435106,0.1061113,0.2055687,0.22040752,0.34911773,12.882909,6.980773e-08,0.0
17.77,0.6,0.52435106,0.1061113,0.21743804,0.22526115,0.339735,13.890459,8.339656e-08,0.0
17.775000000000002,0.6,0.52435106,0.1061113,0.24071167,0.23072262,0.32962486,14.66804,3.8744833e-08,0.0
17.78,0.49395755,0.6,0.17440291,0.2558294,0.23478141,0.32069954,15.415114,7.29136e-08,0.0
17.785,0.49395755,0.6,0.17440291,0.26439244,0.24344914,0.31301826,16.247671,2.223767e-08,0.0
17.79,0.49395755,0.6,0.17440291,0.27871707,0.25563273,0.3051415,17.170944,1.08676204e-07,0.0
17.795,0.49395755,0.6,0.17440291,0.2967275,0.2661111,0.2945042,18.193008,2.7281512e-08,0.0
17.8,0.6,0.6,0.4791733,0.3092424,0.27697235,0.28547615,19.345884,9.725726e-08,0.0
17.805,0.6,0.6,0.4791733,0.3141776,0.2896388,0.27641577,20.620396,6.331432e-08,0.0
17.81,0.6,0.6,0.4791733,0.32379282,0.30088064,0.26766017,21.912594,4.4499327e-08,0.0
17.815,0.6,0.6,0.4791733,0.32746604,0.31086978,0.2601609,23.114143,9.6259654e-08,0.0
17.82,0.3785155,0.6,0.41810036,0.3292437,0.3219344,0.25594404,24.133877,1.5794267e-08,0.0
17.825,0.3785155,0.6,0.41810036,0.33235058,0.3318121,0.2542243,24.901386,4.552227e-08,0.0
17.830000000000002,0.3785155,0.6,0.41810036,0.33318925,0.3397864,0.25357103,25.396461,1.1278959e-08,0.0
17.835,0.3785155,0.6,0.41810036,0.34509978,0.34849986,0.25339088,25.631994,2.4286324e-08,0.0
17.84,0.25675246,0.6,0.6,0.35004622,0.35635152,0.2549583,25.688963,-2.3419469e-08,0.0
17.845,0.25675246,0.6,0.6,0.36094826,0.3626955,0.25627682,25.632027,3.906215e-09,0.0
17.85,0.25675246,0.6,0.6,0.36227152,0.3693557,0.2574344,25.530603,2.8380576e-09,0.0
17.855,0.25675246,0.6,0.6,0.3678193,0.3751284,0.26019624,25.402576,8.74429e-10,0.0
17.86,0.31160304,0.6,0.6,0.3642665,0.3796183,0.26402283,25.261389,-9.374239e-09,0.0
17.865000000000002,0.31160304,0.6,0.6,0.368341,0.38534978,0.26679066,25.679373,6.0506984e-08,0.0
17.87,0.31160304,0.6,0.6,0.3697579,0.39110202,0.2720794,26.102928,0.1171066,0.0
17.875,0.31160304,0.6,0.6,0.36615014,0.3954606,0.28250426,26.209845,0.17477487,0.0
17.88,0.008158315,0.6,0.6,0.36659777,0.40012848,0.2937216,26.669226,3.378248e-08,0.0
17.885,0.008158315,0.6,0.6,0.36878577,0.40498444,0.3024529,26.945875,-4.4142277e-09,0.0
17.89,0.008158315,0.6,0.6,0.3612694,0.40820706,0.31319082,26.783623,-6.7118733e-09,0.0
17.895,0.008158315,0.6,0.6,0.3540169,0.410549,0.32308048,26.877787,1.0958287e-08,0.0
17.900000000000002,0.0,0.6,0.6,0.35731766,0.41275755,0.33088267,27.35144,3.7962316e-08,0.0
17.905,0.0,0.6,0.6,0.36491346,0.41486338,0.33863866,27.441677,-8.146908e-09,0.0
17.91,0.0,0.6,0.6,0.36210072,0.41621488,0.3466246,27.011787,-1.33875915e-08,0.0
17.915,0.0,0.6,0.6,0.35182288,0.41721913,0.3535787,26.855553,2.897593e-08,0.0
17.92,0.0,0.6,0.6,0.33829486,0.4174546,0.36083308,27.111683,4.4114532e-08,0.0
17.925,0.0,0.6,0.6,0.3197271,0.41681138,0.36886883,27.494932,7.582776e-09,0.0
17.93,0.0,0.6,0.6,0.30711615,0.41707444,0.37478152,27.102604,-1.9549766e-08,0.0
17.935,0.0,0.6,0.6,0.27707782,0.4165014,0.381046,26.41261,-9.346972e-09,0.0
17.94,0.0,0.6,0.6,0.25223312,0.4158596,0.3873039,25.010086,-4.914464e-08,0.0
17.945,0.0,0.6,0.6,0.22362493,0.41565195,0.3927872,22.639004,6.780536e-08,0.0
17.95,0.0,0.6,0.6,0.20828128,0.41526607,0.39795575,19.549065,2.6258789e-08,0.0
17.955000000000002,0.0,0.6,0.6,0.18369682,0.4160795,0.40264052,16.047915,-2.132364e-07,0.0
17.96,0.0,0.55600846,0.6,0.15545493,0.41717926,0.4065986,13.015161,-1.98041e-07,0.0
17.965,0.0,0.55600846,0.6,0.14083594,0.41890723,0.40997446,10.621213,1.8175755e-09,0.0
17.97,0.0,0.55600846,0.6,0.13375163,0.4209963,0.41285047,8.692918,3.545224e-08,0.0
17.975,0.0,0.55600846,0.6,0.123657525,0.4232295,0.41517243,7.1909485,5.9258305e-08,0.0
17.98,0.12272373,0.23209563,0.6,0.09628962,0.4252328,0.41741413,6.0589604,-2.3369866e-08,0.0
17.985,0.12272373,0.23209563,0.6,0.088164546,0.42739522,0.4198566,5.0866604,1.4417132e-08,0.0
17.990000000000002,0.12272373,0.23209563,0.6,0.07608562,0.42979255,0.42154652,4.191468,-7.3082965e-08,0.0
17.995,0.12272373,0.23209563,0.6,0.062454134,0.432018,0.422924,3.349019,-3.5236532e-08,0.0
18.0,0.44291055,0.22634979,0.6,0.07155863,0.4335266,0.4248002,2.5098188,3.4417113e-08,0.0
18.005,0.44291055,0.22634979,0.6,0.057062622,0.43360442,0.42677614,1.6594685,1.0451671e-08,0.0
18.01,0.44291055,0.22634979,0.6,0.070446864,0.43294623,0.42843017,0.9359763,3.9920646e-08,0.0
18.015,0.44291055,0.22634979,0.6,0.07143201,0.43304238,0.4300645,1.9954827e-09,-6.8523015e-08,0.0
18.02,0.04410823,0.19240777,0.42067435,0.06230792,0.43221298,0.4315973,0.06408858,2.6310044e-08,0.0
18.025000000000002,0.04410823,0.19240777,0.42067435,0.06733868,0.43064103,0.43296492,7.617916e-09,-4.01822e-08,0.0
18.03,0.04410823,0.19240777,0.42067435,0.068964176,0.43023717,0.43417567,1.378139e-10,1.088248e-08,0.0
18.035,0.04410823,0.19240777,0.42067435,0.07312859,0.42953178,0.4350044,9.532041e-09,-1.4551245e-09,0.0
18.04,0.0,0.0,0.51994205,0.07837085,0.42467138,0.43605757,7.6387896e-10,-1.2044511e-08,0.0
18.045,0.0,0.0,0.51994205,0.09960048,0.41764408,0.43670362,1.3637694e-09,1.4516998e-08,0.0
18.05,0.0,0.0,0.51994205,0.097698994,0.4099941,0.43708956,4.898604e-09,-1.31572735e-08,0.0
18.055,0.0,0.0,0.51994205,0.108266816,0.39772168,0.43710434,-1.4062383e-09,1.945328e-08,0.0
18.06,0.3662631,0.0,0.46916994,0.11414239,0.38158497,0.43700257,3.8791383e-09,1.47403165e-08,0.0
18.065,0.3662631,0.0,0.46916994,0.112372644,0.36711937,0.43668973,7.0292887e-09,-4.2624702e-08,0.0
18.07,0.3662631,0.0,0.46916994,0.111284085,0.35098118,0.43681216,0.17611258,5.6812812e-08,0.0
18.075,0.3662631,0.0,0.46916994,0.107121475,0.33190566,0.43692017,0.6102215,-3.708935e-09,0.0
18.080000000000002,0.6,0.042528287,0.5544247,0.11313946,0.3087584,0.43716222,1.2457393,-1.0202638e-08,0.0
18.085,0.6,0.042528287,0.5544247,0.10491702,0.28457758,0.43755716,1.870511,8.5024885e-09,0.0
18.09,0.6,0.042528287,0.5544247,0.10647898,0.25883698,0.4379495,2.577884,5.2096947e-08,0.0
18.095,0.6,0.042528287,0.5544247,0.112091154,0.23502152,0.43776706,3.4115713,4.420282e-08,0.0
18.1,0.36047244,0.17944208,0.030768925,0.12017848,0.21099907,0.43803862,4.2714,4.26962e-08,0.0
18.105,0.36047244,0.17944208,0.030768925,0.13000418,0.18933794,0.43839106,5.095909,7.2777926e-09,0.0
18.11,0.36047244,0.17944208,0.030768925,0.15156338,0.16940786,0.43852267,5.869501,6.833004e-08,0.0
18.115000000000002,0.36047244,0.17944208,0.030768925,0.16383599,0.15184401,0.438983,6.6596594,5.5459576e-08,0.0
18.12,0.11800972,0.13537116,0.0958932,0.1819331,0.13601214,0.43868285,7.497221,3.6845858e-08,0.0
18.125,0.11800972,0.13537116,0.0958932,0.19748041,0.12072808,0.43756083,8.4038105,1.6333495e-07,0.0
18.13,0.11800972,0.13537116,0.0958932,0.20414205,0.113071315,0.43604735,9.399873,1.00365796e-07,0.0
18.135,0.11800972,0.13537116,0.0958932,0.21684414,0.11073029,0.4356102,10.439865,1.8447555e-08,0.0
18.14,0.6,0.054983445,0.28576082,0.22337043,0.10810136,0.43447372,11.508301,6.017158e-08,0.0
18.145,0.6,0.054983445,0.28576082,0.23884644,0.108694494,0.43158945,12.580256,1.6038573e-08,0.0
18.150000000000002,0.6,0.054983445,0.28576082,0.24478972,0.108510226,0.42930347,13.680742,3.9951775e-09,0.0
18.155,0.6,0.054983445,0.28576082,0.24244939,0.108416304,0.42372566,14.797251,3.6290437e-08,0.0
18.16,0.6,0.32027033,0.35093835,0.23857272,0.109605804,0.41081232,16.254408,-4.123989e-08,0.0
18.165,0.6,0.32027033,0.35093835,0.2503639,0.10947747,0.3958171,18.004435,1.2065084e-07,0.0
18.17,0.6,0.32027033,0.35093835,0.2532977,0.11059759,0.38189495,19.47687,9.783594e-08,0.0
18.175,0.6,0.32027033,0.35093835,0.25274548,0.110768236,0.36889994,20.516947,4.5491056e-08,0.0
18.18,0.19706036,0.5138519,0.053447593,0.26392806,0.11178395,0.3581483,21.638721,7.4659795e-08,0.0
18.185,0.19706036,0.5138519,0.053447593,0.2728937,0.11256588,0.3496662,22.596104,4.615962e-08,0.0
18.19,0.19706036,0.5138519,0.053447593,0.29288325,0.11277355,0.34306023,23.251165,1.00002254e-07,0.0
18.195,0.19706036,0.5138519,0.053447593,0.30423358,0.11321467,0.3384394,23.802423,8.368701e-08,0.0
18.2,0.45463565,0.6,0.0,0.31716692,0.11668781,0.33484727,24.369602,1.3344498e-08,0.0
18.205000000000002,0.45463565,0.6,0.0,0.3342909,0.123252586,0.32822084,25.01351,2.1989514e-08,0.0
18.21,0.45463565,0.6,0.0,0.32879034,0.12842022,0.31903762,25.793167,9.630849e-08,0.0
18.215,0.45463565,0.6,0.0,0.3255026,0.14054884,0.31056178,27.17592,1.719779e-07,0.0
18.22,0.6,0.6,0.008768607,0.3328629,0.15720612,0.30075866,29.123695,1.5553381e-07,0.0
18.225,0.6,0.6,0.008768607,0.3308964,0.17026943,0.2893844,30.84945,1.8396491e-07,0.0
18.23,0.6,0.6,0.008768607,0.33530635,0.18422167,0.27791822,32.645687,7.582985e-08,0.0
18.235,0.6,0.6,0.008768607,0.33985752,0.20092176,0.26704898,34.17472,-2.3798938e-08,0.0
18.240000000000002,0.4702846,0.6,0.0,0.3304822,0.21468146,0.2537309,35.2313,6.6902714e-08,0.0
18.245,0.4702846,0.6,0.0,0.33705744,0.22774102,0.23859385,36.452137,-1.1295232e-08,0.0
18.25,0.4702846,0.6,0.0,0.3403536,0.24206498,0.2218221,37.47559,4.2580265e-08,0.0
18.255,0.4702846,0.6,0.0,0.33850247,0.2548697,0.20461212,37.99975,1.6386148e-08,0.0
18.26,0.3325983,0.6,0.0,0.3471221,0.26608345,0.18662803,38.614693,8.1143845e-08,0.0
18.265,0.3325983,0.6,0.0,0.35150185,0.27932215,0.16934577,38.85324,0.38532606,0.0
18.27,0.3325983,0.6,0.0,0.35856667,0.29134095,0.15269367,38.475964,1.2316645,0.0
18.275000000000002,0.3325983,0.6,0.0,0.3593779,0.3013831,0.1370837,37.704597,2.2808626,0.0
18.28,0.44041806,0.6,0.0,0.37193412,0.31171483,0.12344637,36.696106,3.3533542,0.0
18.285,0.44041806,0.6,0.0,0.3674891,0.32185033,0.11112651,35.617367,4.262899,0.0
18.29,0.44041806,0.6,0.0,0.3813031,0.33017194,0.09941802,35.24679,4.149011,0.0
18.295,0.44041806,0.6,0.0,0.37140045,0.33890256,0.08441898,34.930832,3.7685084,0.0
18.3,0.6,0.6,0.0,0.37616166,0.34820247,0.07094069,34.969147,2.7886527,0.0
18.305,0.6,0.6,0.0,0.3756334,0.35574445,0.058365427,34.756508,1.900747,0.0
18.31,0.6,0.6,0.0,0.36987308,0.36313102,0.06184199,34.74917,0.5865782,0.0
18.315,0.6,0.6,0.0,0.37201813,0.37114543,0.05532124,34.894226,6.2830683e-09,0.0
18.32,0.44344968,0.46197155,0.0,0.37120616,0.37784058,0.049843196,34.444603,0.4979136,0.0
18.325,0.44344968,0.46197155,0.0,0.37576914,0.3840436,0.04143547,34.120132,0.6170417,0.0
18.330000000000002,0.44344968,0.46197155,0.0,0.37257594,0.39070955,0.03598774,33.492645,0.84968495,0.0
18.335,0.44344968,0.46197155,0.0,0.3786608,0.39555538,0.03544961,33.07193,0.61878794,0.0
18.34,0.28402454,0.28955725,0.47043633,0.39553303,0.40086222,0.03569492,32.412075,0.4377722,0.0
18.345,0.28402454,0.28955725,0.47043633,0.39868462,0.40575942,0.021738853,31.381132,0.44619653,0.0
18.35,0.28402454,0.28955725,0.47043633,0.399735,0.4098693,0.010172117,30.253338,0.33221552,0.0
18.355,0.28402454,0.28955725,0.47043633,0.40134895,0.41312927,0.005930225,29.145905,-2.05376e-08,0.0
18.36,0.6,0.42377752,0.6,0.4079029,0.4158473,0.00265053,28.037443,-4.300586e-08,0.0
18.365000000000002,0.6,0.42377752,0.6,0.41495088,0.4175754,-0.00035741777,27.083792,2.051027e-09,0.0
18.37,0.6,0.42377752,0.6,0.40783465,0.41758028,0.015930796,26.343756,2.927586e-08,0.0
18.375,0.6,0.42377752,0.6,0.40635976,0.41667598,0.01920229,26.438282,2.3391785e-08,0.0
18.38,0.18217993,0.34488842,0.6,0.40629935,0.41677338,0.03449522,26.708054,0.057795785,0.0
18.385,0.18217993,0.34488842,0.6,0.40172768,0.41620174,0.04503563,27.41935,5.632001e-08,0.0
18.39,0.18217993,0.34488842,0.6,0.40939024,0.41601384,0.06983229,27.936684,0.29433632,0.0
18.395,0.18217993,0.34488842,0.6,0.3998521,0.41539684,0.08438239,27.190826,1.7514668,0.0
18.400000000000002,0.27297264,0.35329697,0.6,0.40377086,0.41456544,0.09896466,26.15976,3.2471457,0.0
18.405,0.27297264,0.35329697,0.6,0.3947655,0.41369006,0.1078956,24.663782,4.985757,0.0
18.41,0.27297264,0.35329697,0.6,0.38857725,0.41298717,0.12721728,23.40984,6.1710644,0.0
18.415,0.27297264,0.35329697,0.6,0.39549923,0.41183174,0.14343138,22.738235,6.446686,0.0
18.42,0.33672014,0.59887904,0.6,0.3955945,0.41102886,0.15841854,21.736156,6.8483872,0.0
18.425,0.33672014,0.59887904,0.6,0.3896074,0.4101504,0.17120388,20.306784,7.474267,0.0
18.43,0.33672014,0.59887904,0.6,0.39926383,0.4093154,0.185776,19.528072,7.1241236,0.0
18.435,0.33672014,0.59887904,0.6,0.39461964,0.4086477,0.20010726,18.868856,6.416392,0.0
18.44,0.0,0.6,0.6,0.3893794,0.40838066,0.21213858,18.762718,4.872658,0.0
18.445,0.0,0.6,0.6,0.38979346,0.4076204,0.22546422,19.31739,2.3969336,0.0
18.45,0.0,0.6,0.6,0.39088354,0.40782785,0.2387774,19.412497,0.25610724,0.0
18.455000000000002,0.0,0.6,0.6,0.3894097,0.40822333,0.25031623,19.294788,2.1729996e-09,0.0
18.46,0.0,0.6,0.6,0.38409507,0.4079739,0.2614619,20.271488,8.5753605e-08,0.0
18.465,0.0,0.6,0.6,0.3752948,0.40806448,0.27397835,21.54094,0.00097045646,0.0
18.47,0.0,0.6,0.6,0.3588092,0.40778208,0.2850887,23.132193,9.80324e-08,0.0
18.475,0.0,0.6,0.6,0.33928722,0.4071674,0.29522255,24.337389,4.4948916e-08,0.0
18.48,0.0,0.59072644,0.6,0.3236434,0.40645847,0.30605915,24.671719,5.945867e-10,0.0
18.485,0.0,0.59072644,0.6,0.31630346,0.40609297,0.31579676,24.24402,4.6172726e-08,0.0
18.490000000000002,0.0,0.59072644,0.6,0.30188408,0.4052123,0.32394397,23.255285,-5.331425e-09,0.0
18.495,0.0,0.59072644,0.6,0.28077495,0.40406436,0.33354816,21.867441,-7.5759225e-08,0.0
18.5,0.0,0.2659076,0.6,0.25838977,0.40275526,0.34278053,20.157936,-5.2203646e-09,0.0
18.505,0.0,0.2659076,0.6,0.24029364,0.40099022,0.35087135,18.177073,8.617974e-08,0.0
18.51,0.0,0.2659076,0.6,0.22143596,0.39964208,0.35872284,16.008327,6.157508e-08,0.0
18.515,0.0,0.2659076,0.6,0.18542568,0.39848346,0.3669114,13.728896,3.9507785e-08,0.0
18.52,0.0,0.0,0.6,0.16080786,0.39722353,0.37365854,11.265803,8.731642e-09,0.0
18.525000000000002,0.0,0.0,0.6,0.13977884,0.39612243,0.38039073,8.628135,-1.0523771e-07,0.0
18.53,0.0,0.0,0.6,0.12797442,0.39455387,0.38671696,5.946064,9.619006e-08,0.0
18.535,0.0,0.0,0.6,0.12037487,0.39291325,0.39153174,3.4338043,-5.767689e-08,0.0
18.54,0.24403907,0.0,0.6,0.109447114,0.39209694,0.39606845,1.3247645,5.3856063e-08,0.0
18.545,0.24403907,0.0,0.6,0.11125813,0.39101946,0.40012336,-6.955013e-09,-2.2685501e-08,0.0
18.55,0.24403907,0.0,0.6,0.08479527,0.38949165,0.40329713,1.2751834e-08,2.8687372e-09,0.0
18.555,0.24403907,0.0,0.6,0.084234804,0.38910556,0.40584818,5.153184e-09,-2.4233481e-08,0.0
18.56,0.6,0.05641188,0.25995612,0.08102995,0.3884842,0.40922362,2.0765618e-09,-2.1972033e-08,0.0
18.565,0.6,0.05641188,0.25995612,0.079781465,0.38355967,0.41250962,1.2102809e-08,-2.3200208e-08,0.0
18.57,0.6,0.05641188,0.25995612,0.08110089,0.36934075,0.415847,-2.0283395e-09,1.4542545e-08,0.0
18.575,0.6,0.05641188,0.25995612,0.08267858,0.3474429,0.4197882,3.2532765e-09,-3.5992098e-11,0.0
18.580000000000002,0.6,0.37255022,0.19015999,0.073901206,0.3220279,0.42248243,-6.73073e-09,1.2077188e-08,0.0
18.585,0.6,0.37255022,0.19015999,0.06592701,0.2959286,0.42287028,0.09172489,2.9001523e-10,0.0
18.59,0.6,0.37255022,0.19015999,0.07018597,0.26899213,0.42203385,0.31102803,2.9667516e-08,0.0
18.595,0.6,0.37255022,0.19015999,0.06639089,0.24302305,0.42186025,0.7496796,4.2533824e-08,0.0
18.6,0.32922968,0.29723355,0.21768358,0.08795981,0.21839812,0.42106444,1.4721677,4.7293916e-08,0.0
18.605,0.32922968,0.29723355,0.21768358,0.11395542,0.1978211,0.41916627,2.3331764,8.829394e-08,0.0
18.61,0.32922968,0.29723355,0.21768358,0.13968617,0.18704836,0.41858888,3.3181036,1.8574239e-08,0.0
18.615000000000002,0.32922968,0.29723355,0.21768358,0.15117893,0.18279472,0.4178561,4.480858,-3.3852434e-08,0.0
18.62,0.51439375,0.35845888,0.39835548,0.16557747,0.1798202,0.41439748,5.7441034,1.0166684e-07,0.0
18.625,0.51439375,0.35845888,0.39835548,0.17556065,0.17954336,0.40969858,7.018579,6.24365e-08,0.0
18.63,0.51439375,0.35845888,0.39835548,0.18956724,0.18057154,0.40421137,8.241223,1.46077355e-08,0.0
18.635,0.51439375,0.35845888,0.39835548,0.20148772,0.18141708,0.39404836,9.400906,2.9231058e-08,0.0
18.64,0.6,0.6,0.30477893,0.21287248,0.18360788,0.38118374,10.510584,4.292835e-08,0.0
18.645,0.6,0.6,0.30477893,0.22770894,0.19196469,0.37057203,11.588525,4.211871e-08,0.0
18.650000000000002,0.6,0.6,0.30477893,0.24150401,0.20224881,0.36380714,12.676307,6.783834e-08,0.0
18.655,0.6,0.6,0.30477893,0.25522056,0.21032615,0.3593118,13.811514,8.9068436e-08,0.0
18.66,0.27805144,0.6,0.4036572,0.2644941,0.21960936,0.35613343,15.012943,5.7795955e-08,0.0
18.665,0.27805144,0.6,0.4036572,0.26758203,0.2307798,0.35283312,16.262262,1.0649354e-07,0.0
18.67,0.27805144,0.6,0.4036572,0.28203377,0.23900816,0.34951198,17.49755,6.606158e-08,0.0
18.675,0.27805144,0.6,0.4036572,0.293113,0.24862477,0.34655678,18.72516,1.10964116e-07,0.0
18.68,0.46577033,0.6,0.6,0.29858825,0.26037198,0.34416524,19.963772,5.102473e-08,0.0
18.685,0.46577033,0.6,0.6,0.31155735,0.27212468,0.34167996,21.186216,4.2224706e-08,0.0
18.69,0.46577033,0.6,0.6,0.317213,0.28209573,0.33976778,22.400251,7.895517e-08,0.0
18.695,0.46577033,0.6,0.6,0.32116696,0.29409248,0.33867842,23.564241,9.5346655e-09,0.0
18.7,0.3245097,0.517716,0.6,0.32258043,0.30483744,0.33870402,24.578575,8.039578e-08,0.0
18.705000000000002,0.3245097,0.517716,0.6,0.3221774,0.3142143,0.3389145,25.363285,4.94697e-08,0.0
18.71,0.3245097,0.517716,0.6,0.3187051,0.32481557,0.33895734,26.402534,9.6784866e-08,0.0
18.715,0.3245097,0.517716,0.6,0.32407853,0.33577427,0.3398727,27.710865,1.6385465e-07,0.0
18.72,0.35857138,0.6,0.6,0.32966235,0.34467968,0.34047458,28.525955,2.0870223e-08,0.0
18.725,0.35857138,0.6,0.6,0.3328505,0.3534436,0.340605,28.677189,-1.1776869e-08,0.0
18.73,0.35857138,0.6,0.6,0.3408254,0.36114,0.3422065,28.360535,2.287267e-09,0.0
18.735,0.35857138,0.6,0.6,0.33497784,0.3668099,0.34395677,27.758108,-1.8218309e-10,0.0
18.740000000000002,0.3770093,0.6,0.6,0.332121,0.372436,0.3452383,27.509523,1.2074361e-08,0.0
18.745,0.3770093,0.6,0.6,0.32903364,0.37772506,0.34742972,27.72125,3.0868712e-08,0.0
18.75,0.3770093,0.6,0.6,0.3254432,0.38104835,0.35351753,28.156431,3.51584e-08,0.0
18.755,0.3770093,0.6,0.6,0.31983912,0.3857184,0.35923725,28.649261,2.8510205e-09,0.0
18.76,0.15357399,0.6,0.6,0.32540277,0.39145383,0.3644064,29.071213,5.424413e-08,0.0
18.765,0.15357399,0.6,0.6,0.33884707,0.39572316,0.3710689,28.87032,-2.5154216e-08,0.0
18.77,0.15357399,0.6,0.6,0.3399983,0.399241,0.37810194,28.060648,-3.7942602e-08,0.0
18.775000000000002,0.15357399,0.6,0.6,0.3403543,0.40360233,0.382507,26.927904,1.0665187e-08,0.0
18.78,0.0,0.6,0.6,0.33721727,0.4071208,0.38689333,25.646152,-3.8569663e-08,0.0
18.785,0.0,0.6,0.6,0.3396523,0.40995753,0.3910701,24.876451,6.876668e-09,0.0
18.79,0.0,0.6,0.6,0.33551672,0.41251975,0.394333,24.221277,2.4854588e-08,0.0
18.795,0.0,0.6,0.6,0.33085975,0.4144616,0.39765465,23.931429,4.013965e-09,0.0
18.8,0.0,0.6,0.6,0.3397859,0.4159237,0.40104255,24.132753,-3.947987e-09,0.0
18.805,0.0,0.6,0.6,0.33705083,0.4175574,0.40375528,24.119333,1.9051406e-08,0.0
18.81,0.0,0.6,0.6,0.34233212,0.41869882,0.4066247,24.23835,7.0773223e-09,0.0
18.815,0.0,0.6,0.6,0.34082204,0.4197288,0.4094651,24.177887,1.6065204e-08,0.0
18.82,0.0,0.34854776,0.6,0.34172022,0.42115176,0.41172504,24.277685,2.8976286e-08,0.0
18.825,0.0,0.34854776,0.6,0.32790124,0.42158392,0.41472757,24.19661,-6.747257e-09,0.0
18.830000000000002,0.0,0.34854776,0.6,0.30354586,0.42243183,0.41760004,24.18349,6.4339134e-09,0.0
18.835,0.0,0.34854776,0.6,0.27528536,0.42355108,0.42011613,24.289778,1.7441051e-08,0.0
18.84,0.0,0.0,0.6,0.24946634,0.4247089,0.42222136,24.18491,-9.432163e-09,0.0
18.845,0.0,0.0,0.6,0.22788072,0.4255077,0.42429632,23.66683,-5.281225e-08,0.0
18.85,0.0,0.0,0.6,0.2103712,0.4248956,0.42584234,22.675209,-3.0029547e-08,0.0
18.855,0.0,0.0,0.6,0.19031268,0.42422304,0.42675486,20.580137,-1.4772328e-07,0.0
18.86,0.28907186,0.0,0.38850126,0.16323893,0.4231415,0.42817402,17.387566,-4.9406665e-08,0.0
18.865000000000002,0.28907186,0.0,0.38850126,0.15386115,0.42142043,0.4291784,13.478103,-3.49492e-07,0.0
18.87,0.28907186,0.0,0.38850126,0.13738798,0.41991502,0.42984173,9.31379,-2.881232e-07,0.0
18.875,0.28907186,0.0,0.38850126,0.11694812,0.41859865,0.43140155,5.3038273,-7.4478343e-09,0.0
18.88,0.5907109,0.0,0.6,0.09846827,0.41702765,0.43274644,1.7229843,-8.676826e-08,0.0
18.885,0.5907109,0.0,0.6,0.10465733,0.41370055,0.4331234,6.050639e-09,8.262285e-10,0.0
18.89,0.5907109,0.0,0.6,0.11089275,0.4016852,0.4330268,-3.5823284e-09,-3.172839e-09,0.0
18.895,0.5907109,0.0,0.6,0.10009406,0.38108057,0.43336758,-9.571831e-10,4.6266417e-09,0.0
18.900000000000002,0.5109624,0.06814476,0.41686907,0.099111244,0.35468802,0.4334872,0.009054895,-3.6152226e-08,0.0
18.905,0.5109624,0.06814476,0.41686907,0.10508146,0.326992,0.43324262,0.15621884,6.356347e-09,0.0
18.91,0.5109624,0.06814476,0.41686907,0.0956973,0.29758424,0.43373615,0.4107699,1.6316072e-08,0.0
18.915,0.5109624,0.06814476,0.41686907,0.108953945,0.27016452,0.4333741,0.9287711,5.2667502e-08,0.0
18.92,0.36409047,0.1713999,0.6,0.13087778,0.24306257,0.43323633,1.8420908,8.1815643e-10,0.0
18.925,0.36409047,0.1713999,0.6,0.14447127,0.217814,0.43353716,3.1068387,7.794493e-08,0.0
18.93,0.36409047,0.1713999,0.6,0.15860936,0.19462775,0.43351525,4.5749226,8.434773e-08,0.0
18.935,0.36409047,0.1713999,0.6,0.17855677,0.17422366,0.4331897,6.090653,1.0403901e-07,0.0
18.94,0.284437,0.4325803,0.6,0.19292563,0.15840606,0.43286914,7.587692,2.6677421e-08,0.0
18.945,0.284437,0.4325803,0.6,0.20161307,0.14837001,0.43292782,9.029921,1.8404091e-07,0.0
18.95,0.284437,0.4325803,0.6,0.21865301,0.14358142,0.43244302,10.377688,9.949715e-08,0.0
18.955000000000002,0.284437,0.4325803,0.6,0.2332259,0.1410367,0.43240306,11.660369,1.2871259e-07,0.0
18.96,0.40763023,0.572388,0.6,0.23731388,0.14072193,0.43216074,12.925355,5.5436995e-08,0.0
18.965,0.40763023,0.572388,0.6,0.24313433,0.14148797,0.43199733,14.146097,2.5356178e-08,0.0
18.97,0.40763023,0.572388,0.6,0.25489768,0.14180844,0.4321265,15.291932,-3.834567e-08,0.0
18.975,0.40763023,0.572388,0.6,0.25724816,0.14296271,0.43250215,16.394232,8.149303e-08,0.0
18.98,0.079422966,0.6,0.58967984,0.2614097,0.14858066,0.4326965,17.440445,7.259039e-08,0.0
18.985,0.079422966,0.6,0.58967984,0.26547876,0.15977086,0.43241698,18.408077,6.1059886e-08,0.0
18.990000000000002,0.079422966,0.6,0.58967984,0.2608161,0.16925046,0.43202928,19.290318,1.5404172e-08,0.0
18.995,0.079422966,0.6,0.58967984,0.25803065,0.18245527,0.4322017,20.47821,1.989838e-07,0.0
19.0,0.0,0.6,0.6,0.26404136,0.19853519,0.43211657,21.98156,2.7995328e-09,0.0
19.005,0.0,0.6,0.6,0.27386615,0.21241017,0.43166196,23.184021,1.07423155e-07,0.0
19.01,0.0,0.6,0.6,0.26630977,0.22532049,0.43175048,23.964336,5.4976145e-08,0.0
19.015,0.0,0.6,0.6,0.28257948,0.24058662,0.43128988,24.860542,8.8905864e-08,0.0
19.02,0.0,0.6,0.5156974,0.28429157,0.25378945,0.43069115,25.630957,-3.65785e-09,0.0
19.025000000000002,0.0,0.6,0.5156974,0.28883883,0.26609623,0.43035823,26.105488,3.952259e-08,0.0
19.03,0.0,0.6,0.5156974,0.28307024,0.27960017,0.43030488,26.385605,1.990738e-08,0.0
19.035,0.0,0.6,0.5156974,0.28678325,0.29225335,0.43004555,26.907425,1.2513212e-07,0.0
19.04,0.0,0.5784346,0.6,0.27579412,0.30253845,0.43010914,27.235645,3.8788908e-08,0.0
19.045,0.0,0.5784346,0.6,0.2649501,0.3158545,0.42961827,27.509808,1.7012066e-08,0.0
19.05,0.0,0.5784346,0.6,0.2403086,0.3267497,0.42976868,27.773481,-8.431605e-08,0.0
19.055,0.0,0.5784346,0.6,0.22119325,0.3359172,0.42950907,27.72838,7.994754e-09,0.0
19.06,0.0,0.30477667,0.55037904,0.2028894,0.34572127,0.42957854,27.206121,-9.3785886e-08,0.0
19.065,0.0,0.30477667,0.55037904,0.17188644,0.35538468,0.42982942,26.167496,-4.1032536e-08,0.0
19.07,0.0,0.30477667,0.55037904,0.15610354,0.36301687,0.429547,24.55861,-2.3905477e-08,0.0
19.075,0.0,0.30477667,0.55037904,0.1368972,0.370831,0.4296809,22.437826,-1.1834614e-07,0.0
19.080000000000002,0.0,0.09297177,0.33035904,0.12428494,0.37791649,0.42983818,19.90258,-1.613634e-08,0.0
19.085,0.0,0.09297177,0.33035904,0.10645965,0.38179356,0.42990744,17.072979,-4.284741e-08,0.0
19.09,0.0,0.09297177,0.33035904,0.090840176,0.3820076,0.42975667,14.082489,1.06130265e-07,0.0
19.095,0.0,0.09297177,0.33035904,0.07953033,0.38131565,0.42954597,11.105646,-3.9403577e-08,0.0
19.1,0.50488,0.004849184,0.6,0.06806152,0.3789075,0.4296254,7.712153,-1.3909924e-07,0.0
19.105,0.50488,0.004849184,0.6,0.059273254,0.37486053,0.42945284,3.9907503,-3.440393e-07,0.0
19.11,0.50488,0.004849184,0.6,0.04344849,0.3717652,0.42827913,0.43863916,1.4689801e-08,0.0
19.115000000000002,0.50488,0.004849184,0.6,0.045965895,0.36870825,0.42734054,7.2821362e-09,-3.111153e-08,0.0
19.12,0.6,0.23635273,0.1559087,0.033921685,0.3649909,0.42719352,-3.6978824e-09,-2.0392164e-08,0.0
19.125,0.6,0.23635273,0.1559087,0.032410115,0.3620713,0.42663884,-2.4477387e-09,1.0475727e-08,0.0
19.13,0.6,0.23635273,0.1559087,0.041865867,0.36021128,0.42615584,1.445023e-08,-4.3501608e-08,0.0
19.135,0.6,0.23635273,0.1559087,0.059984226,0.35614955,0.42601797,-3.2544518e-09,3.566017e-08,0.0
19.14,0.28400463,0.0,0.49753943,0.06200237,0.34286502,0.42596886,-3.46295e-09,4.130145e-08,0.0
19.145,0.28400463,0.0,0.49753943,0.076427884,0.32510278,0.42518514,4.223232e-09,3.6464882e-09,0.0
19.150000000000002,0.28400463,0.0,0.49753943,0.08686002,0.3062866,0.42529973,7.431861e-09,-3.5688466e-08,0.0
19.155,0.28400463,0.0,0.49753943,0.09887666,0.28973147,0.42477262,0.07805961,7.1590045e-09,0.0
19.16,0.6,0.046235528,0.52330065,0.11452423,0.27777016,0.42305717,0.36317515,5.517486e-08,0.0
19.165,0.6,0.046235528,0.52330065,0.12780888,0.27037072,0.42174998,0.938501,6.95328e-08,0.0
19.17,0.6,0.046235528,0.52330065,0.14780737,0.26046866,0.4215296,1.9989177,7.093877e-08,0.0
19.175,0.6,0.046235528,0.52330065,0.15675202,0.2465386,0.4208764,3.5045269,6.979365e-08,0.0
19.18,0.6,0.6,0.46758375,0.16570304,0.23174627,0.42052913,5.198401,1.732098e-07,0.0
19.185,0.6,0.6,0.46758375,0.1752024,0.21716763,0.4204378,6.856074,-1.96997e-08,0.0
19.19,0.6,0.6,0.46758375,0.19951232,0.20367788,0.42034432,8.354731,-3.340669e-08,0.0
19.195,0.6,0.6,0.46758375,0.21507694,0.19440171,0.42044508,9.743647,1.0603967e-07,0.0
19.2,0.41383117,0.6,0.6,0.21941584,0.18720408,0.42056617,11.085802,-2.2440272e-09,0.0
19.205000000000002,0.41383117,0.6,0.6,0.24401897,0.18205795,0.42047223,12.350619,1.1775398e-07,0.0
19.21,0.41383117,0.6,0.6,0.25339046,0.17847379,0.42105475,13.617194,6.7909504e-08,0.0
19.215,0.41383117,0.6,0.6,0.2628124,0.17726782,0.42100766,14.917089,4.820743e-08,0.0
19.22,0.268767,0.6,0.6,0.27734473,0.17829856,0.42095986,16.221754,-2.6533712e-08,0.0
19.225,0.268767,0.6,0.6,0.2851059,0.17854269,0.4214483,17.542046,-2.9754368e-08,0.0
19.23,0.268767,0.6,0.6,0.28828228,0.18064708,0.42116162,18.86649,3.6462716e-08,0.0
19.235,0.268767,0.6,0.6,0.2953264,0.18885624,0.4210246,20.140213,1.0844479e-07,0.0
19.240000000000002,0.14172201,0.5820784,0.6,0.29892036,0.20250885,0.42137277,21.340567,8.1042295e-08,0.0
19.245,0.14172201,0.5820784,0.6,0.30780864,0.21353224,0.42156088,22.456564,2.404178e-08,0.0
19.25,0.14172201,0.5820784,0.6,0.3130292,0.2268539,0.42155108,23.505915,3.6485076e-08,0.0
19.255,0.14172201,0.5820784,0.6,0.308949,0.24145769,0.42185718,24.500057,1.0418712e-07,0.0
19.26,0.3511747,0.6,0.6,0.31147072,0.25389102,0.42201728,25.903067,1.5660504e-07,0.0
19.265,0.3511747,0.6,0.6,0.3047641,0.26598,0.42192167,27.253462,4.452877e-08,0.0
19.27,0.3511747,0.6,0.6,0.30513763,0.28006312,0.42195892,28.693424,-4.8989357e-08,0.0
19.275000000000002,0.3511747,0.6,0.6,0.298026,0.2917954,0.42207882,29.774124,6.992075e-08,0.0
19.28,0.0,0.6,0.50647885,0.28778496,0.3026675,0.4218189,30.663723,6.5130514e-08,0.0
19.285,0.0,0.6,0.50647885,0.28036806,0.31487778,0.4217188,31.450642,1.4196303e-07,0.0
19.29,0.0,0.6,0.50647885,0.28368485,0.32609883,0.42185238,31.947046,-1.06003055e-08,0.0
19.295,0.0,0.6,0.50647885,0.27992263,0.33613598,0.4214883,31.672237,2.502142e-08,0.0
19.3,0.0,0.6,0.5528192,0.2842404,0.34750232,0.42145076,31.056114,-7.3053336e-08,0.0
19.305,0.0,0.6,0.5528192,0.28069654,0.35744327,0.42182258,29.971409,-5.9895974e-08,0.0
19.31,0.0,0.6,0.5528192,0.2884167,0.36612827,0.42127532,28.810509,1.4822869e-08,0.0
19.315,0.0,0.6,0.5528192,0.28833228,0.3749071,0.4215145,27.423386,-7.978891e-08,0.0
19.32,0.0,0.6,0.6,0.28486776,0.38268137,0.42219535,26.192003,6.8233845e-08,0.0
19.325,0.0,0.6,0.6,0.28150842,0.38834256,0.42251635,25.325552,-2.5485084e-08,0.0
19.330000000000002,0.0,0.6,0.6,0.27547055,0.3939695,0.42317078,24.690994,-5.8767295e-08,0.0
19.335,0.0,0.6,0.6,0.27003303,0.3994188,0.4239186,24.173306,5.0002757e-08,0.0
19.34,0.0,0.3368915,0.6,0.23801881,0.40294185,0.42456585,23.685217,-4.27314e-08,0.0
19.345,0.0,0.3368915,0.6,0.21112886,0.4071438,0.4247744,22.993061,4.660968e-08,0.0
19.35,0.0,0.3368915,0.6,0.18778805,0.4110113,0.4252484,21.90183,3.7106613e-08,0.0
19.355,0.0,0.3368915,0.6,0.16179326,0.41342118,0.4254259,20.355541,1.373751e-07,0.0
19.36,0.0,0.0,0.6,0.1439018,0.41567644,0.42521575,18.345709,-2.6218355e-08,0.0
19.365000000000002,0.0,0.0,0.6,0.13289282,0.41772833,0.4254023,15.951597,5.670472e-11,0.0
19.37,0.0,0.0,0.6,0.11612685,0.41898885,0.42540482,13.364189,-1.6170183e-07,0.0
19.375,0.0,0.0,0.6,0.09076286,0.41725793,0.42562342,10.753042,-9.224712e-08,0.0
19.38,0.16323535,0.0,0.3436361,0.08559396,0.4150598,0.42541915,7.5289583,1.7502265e-08,0.0
19.385,0.16323535,0.0,0.3436361,0.08083057,0.41188374,0.426071,3.8155215,-6.2113926e-08,0.0
19.39,0.16323535,0.0,0.3436361,0.077869445,0.4082712,0.42614672,0.23736483,-1.5112208e-07,0.0
19.395,0.16323535,0.0,0.3436361,0.06246154,0.40342546,0.42711106,-1.4033404e-09,1.317468e-08,0.0
19.400000000000002,0.46330768,0.0,0.4466641,0.061898123,0.39967847,0.42828014,-4.411897e-09,-1.3612854e-08,0.0
19.405,0.46330768,0.0,0.4466641,0.037995268,0.3927117,0.43004638,2.6446485e-09,1.0714511e-08,0.0
19.41,0.46330768,0.0,0.4466641,0.040053073,0.37793675,0.4308125,-4.7297153e-09,-6.041461e-09,0.0
19.415,0.46330768,0.0,0.4466641,0.041146733,0.35571375,0.42984155,-5.677708e-10,-1.8095449e-08,0.0
19.42,0.5415391,0.2185129,0.10873052,0.03279348,0.3297631,0.42990795,-1.6346505e-09,-2.4295673e-08,0.0
19.425,0.5415391,0.2185129,0.10873052,0.04912092,0.30191097,0.42969456,8.8706535e-09,2.98726e-09,0.0
19.43,0.5415391,0.2185129,0.10873052,0.05794778,0.27445215,0.42922506,1.8068637e-09,-2.541454e-08,0.0
19.435,0.5415391,0.2185129,0.10873052,0.056225102,0.2471522,0.42921492,0.19421229,-9.876605e-09,0.0
19.44,0.346499,0.38548702,0.05694684,0.0853022,0.2221035,0.4289744,0.7124245,-6.4219286e-08,0.0
19.445,0.346499,0.38548702,0.05694684,0.104443714,0.19863778,0.42755443,1.4891571,9.49016e-08,0.0
19.45,0.346499,0.38548702,0.05694684,0.12530549,0.1794396,0.42643067,2.4739687,1.0517799e-07,0.0
19.455000000000002,0.346499,0.38548702,0.05694684,0.1388015,0.16920994,0.4268516,3.6442025,1.1992e-07,0.0
19.46,0.35858122,0.422359,0.19903776,0.16072272,0.1646389,0.42568645,4.9175186,6.390388e-08,0.0
19.465,0.35858122,0.422359,0.19903776,0.1844028,0.16214967,0.42174998,6.2485647,4.173358e-08,0.0
19.47,0.35858122,0.422359,0.19903776,0.18193886,0.16232091,0.4162817,7.6425166,1.5718038e-08,0.0
19.475,0.35858122,0.422359,0.19903776,0.20160116,0.16295967,0.40924683,9.281888,1.5288125e-08,0.0
19.48,0.6,0.53968936,0.153729,0.21323453,0.16374964,0.39589164,10.86159,1.6215274e-07,0.0
19.485,0.6,0.53968936,0.153729,0.2216512,0.16648579,0.38080662,12.21986,6.9503955e-08,0.0
19.490000000000002,0.6,0.53968936,0.153729,0.22906667,0.17760189,0.36704546,13.404495,6.01766e-08,0.0
19.495,0.6,0.53968936,0.153729,0.23636205,0.1916872,0.35283065,14.452934,7.703348e-08,0.0
19.5,0.5373532,0.6,0.0,0.23742297,0.20314634,0.3398736,15.401354,5.161745e-08,0.0
19.505,0.5373532,0.6,0.0,0.24217775,0.21705724,0.3287142,16.245068,4.340495e-08,0.0
19.51,0.5373532,0.6,0.0,0.25731114,0.23232406,0.3174468,16.993244,-7.947933e-09,0.0
19.515,0.5373532,0.6,0.0,0.27769035,0.24458495,0.30614814,17.729586,6.505229e-08,0.0
19.52,0.52029467,0.6,0.053463403,0.28697106,0.25696298,0.29729688,18.565674,4.3958327e-08,0.0
19.525000000000002,0.52029467,0.6,0.053463403,0.2892752,0.2697408,0.28746587,19.518126,3.5803605e-08,0.0
19.53,0.52029467,0.6,0.053463403,0.29046953,0.28049707,0.27654678,20.52083,2.7239611e-08,0.0
19.535,0.52029467,0.6,0.053463403,0.30691746,0.290733,0.26573732,21.50215,1.42528345e-08,0.0
19.54,0.6,0.6,0.43927476,0.31521833,0.30240536,0.25513756,22.442884,9.9590196e-08,0.0
19.545,0.6,0.6,0.43927476,0.33177397,0.3118372,0.24287364,23.297827,1.5927054e-09,0.0
19.55,0.6,0.6,0.43927476,0.34091565,0.3207328,0.22966982,24.067322,4.7996224e-08,0.0
19.555,0.6,0.6,0.43927476,0.3442947,0.3300285,0.2164784,24.749537,3.956033e-08,0.0
19.56,0.53394717,0.6,0.54467833,0.3534118,0.33880764,0.203745,25.301949,1.4222565e-08,0.0
19.565,0.53394717,0.6,0.54467833,0.3508087,0.3458184,0.19349527,25.72352,2.6096119e-08,0.0
19.57,0.53394717,0.6,0.54467833,0.34848526,0.35392871,0.1872801,26.559916,8.437379e-08,0.0
19.575,0.53394717,0.6,0.54467833,0.35310984,0.36151236,0.18554443,27.826881,7.659191e-08,0.0
19.580000000000002,0.23131932,0.6,0.5451977,0.3650586,0.36743394,0.1853653,28.614023,0.41497734,0.0
19.585,0.23131932,0.6,0.5451977,0.36401492,0.37355065,0.184587,28.771887,1.2824228,0.0
19.59,0.23131932,0.6,0.5451977,0.37058666,0.3785371,0.18843704,29.26046,1.5229032,0.0
19.595,0.23131932,0.6,0.5451977,0.37576792,0.38191444,0.19852714,29.520124,1.7821062,0.0
19.6,0.3248462,0.6,0.6,0.37799096,0.38609427,0.21029279,29.291262,2.3457382,0.0
19.605,0.3248462,0.6,0.6,0.38768265,0.3897485,0.22240327,28.7986,2.9568915,0.0
19.61,0.3248462,0.6,0.6,0.38359568,0.39173365,0.2389408,28.229721,3.4061565,0.0
19.615000000000002,0.3248462,0.6,0.6,0.38748568,0.3937555,0.25318757,28.410849,2.778971,0.0
19.62,0.15729894,0.6,0.6,0.3843577,0.39527968,0.2656803,28.613401,1.9177428,0.0
19.625,0.15729894,0.6,0.6,0.3843868,0.3968614,0.27889994,29.20463,0.29234836,0.0
19.63,0.15729894,0.6,0.6,0.3824515,0.39880604,0.29049903,29.328835,-2.523164e-09,0.0
19.635,0.15729894,0.6,0.6,0.3800463,0.4012623,0.2985812,29.60657,2.5476886e-08,0.0
19.64,0.0,0.6,0.6,0.386276,0.40339315,0.30784872,30.284002,3.8320206e-08,0.0
19.645,0.0,0.6,0.6,0.38327017,0.40501457,0.3168524,30.566696,-7.5881585e-09,0.0
19.650000000000002,0.0,0.6,0.6,0.37625512,0.4066944,0.32383126,30.86368,3.4302946e-08,0.0
19.655,0.0,0.6,0.6,0.36485916,0.40839866,0.33094308,31.40445,4.2588233e-08,0.0
19.66,0.0,0.6,0.6,0.37091094,0.41019094,0.33818954,31.963251,5.6993642e-08,0.0
19.665,0.0,0.6,0.6,0.3653744,0.411435,0.34445137,31.882593,1.7223714e-08,0.0
19.67,0.0,0.6,0.6,0.35581574,0.4119743,0.350829,31.658123,1.4268029e-08,0.0
19.675,0.0,0.6,0.6,0.3517175,0.41171154,0.3581082,31.583128,1.28677495e-08,0.0
19.68,0.0,0.6,0.6,0.3404254,0.41118944,0.36468968,30.896666,-4.0847887e-08,0.0
19.685,0.0,0.6,0.6,0.32596874,0.41049337,0.3711062,29.443363,-2.7664667e-08,0.0
19.69,0.0,0.6,0.6,0.297917,0.40972716,0.37730947,27.469927,-8.2945306e-08,0.0
19.695,0.0,0.6,0.6,0.27325532,0.40966976,0.38287777,25.070627,4.9547737e-08,0.0
19.7,0.0,0.52995485,0.6,0.24993478,0.4096416,0.38793853,22.313084,-2.0791505e-07,0.0
19.705000000000002,0.0,0.52995485,0.6,0.2273868,0.40992698,0.3934963,19.30631,-1.6570995e-08,0.0
19.71,0.0,0.52995485,0.6,0.1959707,0.41089723,0.39818892,16.819714,7.2724444e-09,0.0
19.715,0.0,0.52995485,0.6,0.18591183,0.41301602,0.4015616,14.91989,-4.762388e-08,0.0
19.72,0.0,0.28851542,0.6,0.16002856,0.4146856,0.4052463,13.381273,3.4972736e-08,0.0
19.725,0.0,0.28851542,0.6,0.13719614,0.4167001,0.4084439,11.99319,-2.593827e-08,0.0
19.73,0.0,0.28851542,0.6,0.12051396,0.4188414,0.41055763,10.581513,3.021192e-08,0.0
19.735,0.0,0.28851542,0.6,0.106163844,0.421093,0.41236338,9.105149,4.9623964e-08,0.0
19.740000000000002,0.36762157,0.13968773,0.6,0.088854656,0.4226964,0.4146905,7.591778,-1.2112113e-07,0.0
19.745,0.36762157,0.13968773,0.6,0.06961843,0.42437455,0.4165422,6.058475,1.724577e-08,0.0
19.75,0.36762157,0.13968773,0.6,0.08884878,0.4258475,0.41818482,4.5010047,-3.2609677e-08,0.0
19.755,0.36762157,0.13968773,0.6,0.09641308,0.4263869,0.4200625,3.0290825,-6.4501485e-08,0.0
19.76,0.155464,0.2067341,0.427532,0.065517046,0.4254683,0.42222756,1.8630112,-1.3191985e-08,0.0
19.765,0.155464,0.2067341,0.427532,0.04330738,0.42542967,0.42412466,0.3928407,-2.2770699e-08,0.0
19.77,0.155464,0.2067341,0.427532,0.033409268,0.4249654,0.42613223,5.566027e-09,1.1624225e-08,0.0
19.775000000000002,0.155464,0.2067341,0.427532,0.035567425,0.42320332,0.42794612,-2.035355e-09,-1.2376417e-08,0.0
19.78,0.0,0.0,0.6,0.04923078,0.4221448,0.42964643,-4.3329624e-09,2.0422995e-08,0.0
19.785,0.0,0.0,0.6,0.05437734,0.4217814,0.43071225,4.295101e-09,2.8524685e-08,0.0
19.79,0.0,0.0,0.6,0.046171196,0.41777307,0.43178228,1.3973118e-09,1.9763127e-09,0.0
19.795,0.0,0.0,0.6,0.062035326,0.40928572,0.43215477,2.709576e-09,1.7051592e-08,0.0
19.8,0.21420844,0.0,0.46757808,0.08052018,0.40109774,0.4315618,2.7642852e-10,1.3704798e-08,0.0
19.805,0.21420844,0.0,0.46757808,0.09074712,0.38920015,0.43132097,2.299779e-08,-3.903301e-08,0.0
19.81,0.21420844,0.0,0.46757808,0.075391605,0.37304214,0.43118995,2.2170424e-08,-5.8641714e-09,0.0
19.815,0.21420844,0.0,0.46757808,0.07998604,0.35691342,0.43121466,3.7525667e-09,4.8584724e-08,0.0
19.82,0.6,0.048957255,0.5427863,0.08816367,0.34181756,0.43110186,3.4320473e-09,-1.076857e-08,0.0
19.825,0.6,0.048957255,0.5427863,0.09422734,0.32356805,0.43105263,5.650653e-09,-1.4199223e-08,0.0
19.830000000000002,0.6,0.048957255,0.5427863,0.10944614,0.30208713,0.4312929,0.053996842,-2.79165e-10,0.0
19.835,0.6,0.048957255,0.5427863,0.090836264,0.27846223,0.43190753,0.34899908,1.27373365e-08,0.0
19.84,0.3676129,0.19796135,0.031592596,0.08288361,0.2543356,0.43222728,0.9839393,1.04692e-08,0.0
19.845,0.3676129,0.19796135,0.031592596,0.105996266,0.2299687,0.43287465,1.9846311,7.436824e-08,0.0
19.85,0.3676129,0.19796135,0.031592596,0.114375174,0.20672387,0.43360877,3.1420155,3.8753758e-08,0.0
19.855,0.3676129,0.19796135,0.031592596,0.122682355,0.18512155,0.43391353,4.2748322,1.0541968e-07,0.0
19.86,0.0991509,0.062751696,0.15478536,0.14032483,0.16622251,0.43426895,5.3068404,-1.2078407e-08,0.0
19.865000000000002,0.0991509,0.062751696,0.15478536,0.16309948,0.15308109,0.43430933,6.2588162,4.8869634e-08,0.0
19.87,0.0991509,0.062751696,0.15478536,0.17054023,0.14763044,0.43443695,7.217452,5.5873805e-08,0.0
19.875,0.0991509,0.062751696,0.15478536,0.18075298,0.14452307,0.43332773,8.173601,2.955916e-08,0.0
19.88,0.54153997,0.0886285,0.32238147,0.18609028,0.1432786,0.43193826,9.096881,-1.0487027e-08,0.0
19.885,0.54153997,0.0886285,0.32238147,0.1935583,0.14298292,0.43165353,9.961499,5.5074572e-08,0.0
19.89,0.54153997,0.0886285,0.32238147,0.19436185,0.14314035,0.43037632,10.762831,6.297097e-08,0.0
19.895,0.54153997,0.0886285,0.32238147,0.19811241,0.14381742,0.4275083,11.477423,7.529921e-08,0.0
19.900000000000002,0.6,0.17572041,0.41513482,0.20047146,0.14374541,0.42491296,12.097841,2.1834978e-08,0.0
19.905,0.6,0.17572041,0.41513482,0.20398507,0.14344217,0.4203508,12.6312895,-1.6709151e-08,0.0
19.91,0.6,0.17572041,0.41513482,0.21213633,0.142961,0.41166088,13.094689,2.7122649e-08,0.0
19.915,0.6,0.17572041,0.41513482,0.21787384,0.142113,0.40282708,13.537027,-1.1099766e-08,0.0
19.92,0.27851138,0.5181719,0.08473948,0.22636236,0.14077562,0.39575157,13.99189,2.7801134e-08,0.0
19.925,0.27851138,0.5181719,0.08473948,0.23905224,0.13940112,0.38950053,14.490686,-3.0422596e-09,0.0
19.93,0.27851138,0.5181719,0.08473948,0.24804293,0.13891701,0.38435093,15.084221,4.9030206e-08,0.0
19.935,0.27851138,0.5181719,0.08473948,0.26732376,0.1390671,0.38094962,15.78814,6.4947834e-08,0.0
19.94,0.41714224,0.5951224,0.06986812,0.28169417,0.13957122,0.37881055,16.650454,6.891759e-08,0.0
19.945,0.41714224,0.5951224,0.06986812,0.29271072,0.13993962,0.3781039,17.690435,7.149849e-08,0.0
19.95,0.41714224,0.5951224,0.06986812,0.29081154,0.14148854,0.37727633,18.872808,-2.185721e-09,0.0
19.955000000000002,0.41714224,0.5951224,0.06986812,0.29380646,0.1428288,0.37382916,20.568144,7.740884e-08,0.0
19.96,0.6,0.6,0.0,0.28708073,0.14465746,0.36433908,22.261497,8.930487e-08,0.0
19.965,0.6,0.6,0.0,0.2939625,0.15209462,0.35418668,24.047588,9.028889e-08,0.0
19.97,0.6,0.6,0.0,0.295553,0.1683828,0.3424049,25.574665,1.3300643e-08,0.0
19.975,0.6,0.6,0.0,0.30428836,0.18178068,0.3289871,26.636045,6.2136245e-08,0.0
19.98,0.43071893,0.6,0.0,0.30681252,0.1944476,0.31561577,27.396711,4.2767216e-08,0.0
19.985,0.43071893,0.6,0.0,0.31829906,0.21062152,0.3027659,27.967762,-1.6945387e-08,0.0
19.990000000000002,0.43071893,0.6,0.0,0.32658857,0.22484246,0.288542,28.460316,2.8860425e-08,0.0
19.995,0.43071893,0.6,0.0,0.32909465,0.23680267,0.27178854,28.95598,2.1259398e-08,0.0
20.0,0.40227053,0.6,0.0,0.34531114,0.2509032,0.2526638,29.468973,3.585566e-08,0.0
20.005,0.40227053,0.6,0.0,0.35387066,0.2638184,0.2332686,30.060125,1.832487e-08,0.0
20.01,0.40227053,0.6,0.0,0.3583126,0.27452648,0.21350993,30.709393,2.993281e-08,0.0
20.015,0.40227053,0.6,0.0,0.36480838,0.28612575,0.19406116,31.32384,5.4003767e-08,0.0
20.02,0.5461968,0.6,0.0,0.37201294,0.29818848,0.17535092,31.83177,2.6320219e-08,0.0
20.025000000000002,0.5461968,0.6,0.0,0.37146285,0.30757084,0.15797207,32.194088,1.9370045e-08,0.0
20.03,0.5461968,0.6,0.0,0.3778377,0.31701177,0.14237794,32.97461,3.251245e-08,0.0
20.035,0.5461968,0.6,0.0,0.37535754,0.32682437,0.12798879,33.598976,0.23806828,0.0
20.04,0.41151538,0.6,0.0,0.3714268,0.33491108,0.11482677,34.431652,0.008742851,0.0
20.045,0.41151538,0.6,0.0,0.3765176,0.34309027,0.103029005,35.439896,6.357875e-08,0.0
20.05,0.41151538,0.6,0.0,0.38018644,0.35196644,0.09155688,35.782124,0.587854,0.0
20.055,0.41151538,0.6,0.0,0.38352907,0.3594767,0.08130098,35.322315,1.8309811,0.0
20.06,0.6,0.6,0.0,0.38698536,0.3664948,0.0724664,34.405903,3.328962,0.0
20.065,0.6,0.6,0.0,0.38950318,0.37374774,0.06615786,33.28243,4.79848,0.0
20.07,0.6,0.6,0.0,0.3880712,0.37996528,0.054158956,32.11028,6.0653334,0.0
20.075,0.6,0.6,0.0,0.38552067,0.38549963,0.042486843,31.732664,6.2005706,0.0
20.080000000000002,0.3006444,0.20612657,0.28647074,0.39129788,0.39099485,0.03939509,32.15414,5.233384,0.0
20.085,0.3006444,0.20612657,0.28647074,0.39095354,0.39551157,0.030505003,32.21479,4.4772444,0.0
20.09,0.3006444,0.20612657,0.28647074,0.3983354,0.39928386,0.032407604,32.43833,3.3385468,0.0
20.095,0.3006444,0.20612657,0.28647074,0.39784032,0.40456638,0.024883991,32.346367,2.3627496,0.0
20.1,0.6,0.33423364,0.56975734,0.40222144,0.40865368,0.014324802,32.468338,0.9489861,0.0
20.105,0.6,0.33423364,0.56975734,0.40159997,0.41054744,-0.00077671406,32.223206,0.029873058,0.0
20.11,0.6,0.33423364,0.56975734,0.4026556,0.40980333,-0.0035020763,32.03055,-2.4506255e-10,0.0
20.115000000000002,0.6,0.33423364,0.56975734,0.40629295,0.41000688,0.00027496665,30.842531,1.207239,0.0
20.12,0.21452945,0.36999258,0.6,0.4057924,0.40886483,0.013784174,29.301731,2.5395637,0.0
20.125,0.21452945,0.36999258,0.6,0.4059585,0.40699524,0.016921282,28.100504,3.2284403,0.0
20.13,0.21452945,0.36999258,0.6,0.41026872,0.40655172,0.03917482,26.420418,4.2012677,0.0
20.135,0.21452945,0.36999258,0.6,0.40864015,0.4050159,0.05161365,24.270382,5.4332156,0.0
20.14,0.27303204,0.36263096,0.6,0.40202177,0.40407726,0.0668482,22.883968,5.5472255,0.0
20.145,0.27303204,0.36263096,0.6,0.4041865,0.40366578,0.08040753,22.432308,4.3887877,0.0
20.150000000000002,0.27303204,0.36263096,0.6,0.39536232,0.40255028,0.09874667,21.773165,3.2571561,0.0
20.155,0.27303204,0.36263096,0.6,0.39928803,0.40221152,0.115488075,21.42049,1.5718709,0.0
20.16,0.3116199,0.5351957,0.6,0.40701073,0.40202972,0.12582192,20.866814,-2.3334405e-07,0.0
20.165,0.3116199,0.5351957,0.6,0.39723372,0.40132585,0.141928,19.744287,3.4274685e-09,0.0
20.17,0.3116199,0.5351957,0.6,0.4002371,0.40037012,0.1580544,19.205027,9.549322e-10,0.0
20.175,0.3116199,0.5351957,0.6,0.3987487,0.3985097,0.17084749,18.771267,0.0940102,0.0
20.18,0.0,0.6,0.6,0.39794865,0.39659455,0.18497823,18.8166,1.6334905e-08,0.0
20.185,0.0,0.6,0.6,0.3944702,0.39515918,0.20001705,19.46746,3.676032e-08,0.0
20.19,0.0,0.6,0.6,0.39354673,0.39469898,0.2120243,20.45745,4.0561563e-08,0.0
20.195,0.0,0.6,0.6,0.39253122,0.394206,0.22442174,21.568382,8.9673286e-08,0.0
20.2,0.0,0.6,0.6,0.39101925,0.39397287,0.23791024,22.65101,7.535045e-08,0.0
20.205000000000002,0.0,0.6,0.6,0.39117578,0.39453748,0.24952142,23.60573,8.1557566e-08,0.0
20.21,0.0,0.6,0.6,0.38713753,0.39435866,0.26043162,24.389042,6.6718236e-08,0.0
20.215,0.0,0.6,0.6,0.3740973,0.39484233,0.27236056,24.962605,3.5724774e-08,0.0
20.22,0.0,0.6,0.6,0.36976063,0.39536983,0.28278,25.882353,7.416779e-08,0.0
20.225,0.0,0.6,0.6,0.35013995,0.39506108,0.29290393,27.205215,1.1879735e-07,0.0
20.23,0.0,0.6,0.6,0.33174464,0.39446732,0.30308315,27.9148,2.5640851e-08,0.0
20.235,0.0,0.6,0.6,0.3031901,0.39359754,0.3133837,27.667572,-3.3720795e-08,0.0
20.240000000000002,0.0,0.4059761,0.6,0.27809635,0.39279658,0.32179514,26.571182,-6.474422e-08,0.0
20.245,0.0,0.4059761,0.6,0.24995998,0.39083213,0.33143434,24.739431,-1.16261745e-07,0.0
20.25,0.0,0.4059761,0.6,0.2252,0.38992503,0.34020293,22.300188,9.7346344e-08,0.0
20.255,0.0,0.4059761,0.6,0.20316674,0.38853407,0.34824002,19.40665,1.29582e-07,0.0
20.26,0.0,0.0,0.6,0.18075636,0.38745302,0.3560338,16.230509,-2.397031e-07,0.0
20.265,0.0,0.0,0.6,0.1553299,0.38628998,0.36445045,12.915245,-1.2352751e-07,0.0
20.27,0.0,0.0,0.6,0.14736742,0.38515905,0.37131545,9.568378,2.2983944e-07,0.0
20.275000000000002,0.0,0.0,0.6,0.1278549,0.3842368,0.37798324,6.421794,2.3582418e-09,0.0
20.28,0.20471832,0.0,0.35447118,0.10412881,0.3828272,0.38460147,3.6439605,-1.4068146e-09,0.0
20.285,0.20471832,0.0,0.35447118,0.10057743,0.38141918,0.38901797,1.2817165,1.04293086e-07,0.0
20.29,0.20471832,0.0,0.35447118,0.0988776,0.38088164,0.3927355,2.0202133e-08,1.7318174e-08,0.0
20.295,0.20471832,0.0,0.35447118,0.086213745,0.38027385,0.39639935,2.3198629e-05,4.70403e-09,0.0
20.3,0.6,0.0,0.49188912,0.06282472,0.37832767,0.3992029,-1.1750192e-09,1.790065e-08,0.0
20.305,0.6,0.0,0.49188912,0.049772076,0.37442946,0.40036386,3.2600669e-09,1.7017403e-08,0.0
20.31,0.6,0.0,0.49188912,0.04916885,0.36053935,0.4011129,4.7765663e-09,1.2558904e-08,0.0
20.315,0.6,0.0,0.49188912,0.04969481,0.34094724,0.40146324,3.5764596e-09,4.8859827e-09,0.0
20.32,0.49868947,0.14603221,0.15717688,0.041342594,0.31578848,0.4010684,-3.659464e-09,-1.0512716e-10,0.0
20.325,0.49868947,0.14603221,0.15717688,0.04192337,0.28979683,0.4009615,-2.4364173e-09,1.2559765e-08,0.0
20.330000000000002,0.49868947,0.14603221,0.15717688,0.057468113,0.26357955,0.4004355,-5.9752625e-09,1.0052256e-08,0.0
20.335,0.49868947,0.14603221,0.15717688,0.05804645,0.2383291,0.40005663,0.19198257,-3.1357782e-08,0.0
20.34,0.33233362,0.062373772,0.4538687,0.083922386,0.21381566,0.39982912,0.58764523,-6.6348356e-08,0.0
20.345,0.33233362,0.062373772,0.4538687,0.09525821,0.19124395,0.39991313,1.2304081,1.07704096e-07,0.0
20.35,0.33233362,0.062373772,0.4538687,0.110887945,0.17031172,0.39968523,2.105539,1.0986971e-08,0.0
20.355,0.33233362,0.062373772,0.4538687,0.13423757,0.15300834,0.3980985,3.140508,3.1005673e-08,0.0
20.36,0.6,0.27124575,0.6,0.14238538,0.14069498,0.39735326,4.3217697,-3.3069332e-09,0.0
20.365000000000002,0.6,0.27124575,0.6,0.15801986,0.13315019,0.39730957,5.552656,1.1542442e-07,0.0
20.37,0.6,0.27124575,0.6,0.168662,0.12911053,0.3965576,6.7622724,8.832907e-08,0.0
20.375,0.6,0.27124575,0.6,0.18221745,0.12620759,0.39585266,7.9116716,8.182178e-08,0.0
20.38,0.5845329,0.6,0.4539675,0.19588503,0.12604399,0.39561,8.994754,7.1510456e-08,0.0
20.385,0.5845329,0.6,0.4539675,0.22168517,0.12533337,0.39549968,10.039355,1.2543526e-08,0.0
20.39,0.5845329,0.6,0.4539675,0.2248131,0.12414808,0.3953577,11.15333,5.8004687e-08,0.0
20.395,0.5845329,0.6,0.4539675,0.22633311,0.12528776,0.3952741,12.31147,1.0142751e-07,0.0
20.400000000000002,0.008701891,0.6,0.0065771346,0.23896326,0.1263365,0.39541948,13.421188,6.612739e-08,0.0
20.405,0.008701891,0.6,0.0065771346,0.24470912,0.12668166,0.39571533,14.495374,7.075622e-08,0.0
20.41,0.008701891,0.6,0.0065771346,0.2609663,0.12941876,0.39535397,15.540439,1.10584665e-07,0.0
20.415,0.008701891,0.6,0.0065771346,0.26914868,0.13926144,0.39535213,16.598091,1.9933161e-08,0.0
20.42,0.30406237,0.6,0.0,0.2828113,0.14945126,0.39578533,17.68135,6.27705e-08,0.0
20.425,0.30406237,0.6,0.0,0.2882948,0.1601038,0.39563963,18.80756,1.1395394e-07,0.0
20.43,0.30406237,0.6,0.0,0.2889024,0.17520048,0.39495468,19.951117,2.6915876e-08,0.0
20.435,0.30406237,0.6,0.0,0.29076964,0.1899521,0.39370817,21.046576,5.280607e-08,0.0
20.44,0.4623065,0.6,0.010095728,0.29896605,0.2024105,0.39173397,22.050812,6.12773e-08,0.0
20.445,0.4623065,0.6,0.010095728,0.29234457,0.21664123,0.38844112,22.980694,5.388166e-08,0.0
20.45,0.4623065,0.6,0.010095728,0.28517154,0.23093864,0.37745965,24.275446,3.522927e-08,0.0
20.455000000000002,0.4623065,0.6,0.010095728,0.28032187,0.24304895,0.35950017,25.91353,4.072477e-08,0.0
20.46,0.3397599,0.6,0.0,0.27982312,0.25546014,0.3372985,27.630646,7.341993e-08,0.0
20.465,0.3397599,0.6,0.0,0.2709349,0.2691235,0.3136445,29.299938,9.727092e-08,0.0
20.47,0.3397599,0.6,0.0,0.2700176,0.2805555,0.28794897,30.741566,8.2075545e-08,0.0
20.475,0.3397599,0.6,0.0,0.26695025,0.2927381,0.26322684,31.833221,-1.4957072e-08,0.0
20.48,0.33957765,0.6,0.0,0.25955707,0.30493894,0.23922159,32.516174,2.7327916e-08,0.0
20.485,0.33957765,0.6,0.0,0.26989287,0.31558284,0.21679081,32.73721,2.7926335e-09,0.0
20.490000000000002,0.33957765,0.6,0.0,0.28045952,0.32528695,0.19473074,32.158897,1.6992095e-08,0.0
20.495,0.33957765,0.6,0.0,0.2819522,0.3367502,0.17533392,30.830933,0.3840637,0.0
20.5,0.6,0.4527044,0.0,0.2875907,0.34538105,0.15706266,29.098845,0.97527295,0.0
20.505,0.6,0.4527044,0.0,0.2970336,0.3530874,0.14073971,27.23848,1.4582698,0.0
20.51,0.6,0.4527044,0.0,0.29449984,0.36116156,0.12596391,25.47476,1.5834516,0.0
20.515,0.6,0.4527044,0.0,0.3009916,0.36790705,0.11242721,24.473207,0.6172886,0.0
20.52,0.32391098,0.32878053,0.0,0.3048793,0.37289062,0.100710995,23.54346,-7.590455e-08,0.0
20.525000000000002,0.32391098,0.32878053,0.0,0.31306744,0.37853733,0.09264999,22.484325,4.1326416e-08,0.0
20.53,0.32391098,0.32878053,0.0,0.32349062,0.38246626,0.08498007,21.539225,-1.9601561e-08,0.0
20.535,0.32391098,0.32878053,0.0,0.32669804,0.38521212,0.07922237,20.803259,1.3428167e-09,0.0
20.54,0.6,0.5171282,0.0,0.32748383,0.38784254,0.066231646,20.298094,-9.598731e-09,0.0
20.545,0.6,0.5171282,0.0,0.33458313,0.38934547,0.0646594,19.988964,-4.8020463e-09,0.0
20.55,0.6,0.5171282,0.0,0.3473278,0.39049378,0.0599946,19.864487,-2.0801962e-09,0.0
20.555,0.6,0.5171282,0.0,0.3595812,0.389812,0.060000002,19.947113,2.2807234e-09,0.0
20.56,0.29460594,0.3086031,0.12960055,0.35479712,0.3893613,0.050089777,19.548992,0.45392933,0.0
20.565,0.29460594,0.3086031,0.12960055,0.35552442,0.38915402,0.05101601,19.285454,0.49526954,0.0
20.57,0.29460594,0.3086031,0.12960055,0.3527879,0.38974985,0.03517875,18.759848,0.5821765,0.0
20.575,0.29460594,0.3086031,0.12960055,0.36692324,0.39058515,0.032006755,19.11949,3.6968423e-08,0.0
20.580000000000002,0.5351486,0.30706856,0.095407985,0.3732849,0.3907974,0.026717268,19.937792,7.886413e-09,0.0
20.585,0.5351486,0.30706856,0.095407985,0.36497587,0.3905691,0.011561866,20.840485,7.0200315e-08,0.0
20.59,0.5351486,0.30706856,0.095407985,0.36713678,0.39083266,0.0065430473,21.652908,4.742804e-08,0.0
20.595,0.5351486,0.30706856,0.095407985,0.3734088,0.39096737,0.008964208,22.338703,7.0964056e-08,0.0
20.6,0.5495374,0.3590737,0.0,0.37495783,0.39015144,0.009194351,22.933304,4.075037e-08,0.0
20.605,0.5495374,0.3590737,0.0,0.37194157,0.38974267,0.014088041,22.694128,0.7112753,0.0
20.61,0.5495374,0.3590737,0.0,0.36407518,0.3895492,0.012543873,22.351944,1.2710427,0.0
20.615000000000002,0.5495374,0.3590737,0.0,0.37110263,0.38853428,0.013742611,22.277418,1.275528,0.0
20.62,0.392113,0.33834615,0.5163816,0.3713005,0.38804433,0.02066956,21.661724,1.6406653,0.0
20.625,0.392113,0.33834615,0.5163816,0.37723047,0.3873771,0.019593399,20.473932,2.3869736,0.0
20.63,0.392113,0.33834615,0.5163816,0.39790937,0.38659585,0.025411457,19.12681,3.0444376,0.0
20.635,0.392113,0.33834615,0.5163816,0.40189272,0.38621294,0.023106055,17.98724,3.2073605,0.0
20.64,0.6,0.47386098,0.6,0.39711022,0.38580918,0.02895972,17.185925,2.7441626,0.0
20.645,0.6,0.47386098,0.6,0.39905962,0.38525477,0.03605058,17.440365,0.8714679,0.0
20.650000000000002,0.6,0.47386098,0.6,0.39955506,0.38491616,0.030662501,17.639032,-2.740387e-09,0.0
20.655,0.6,0.47386098,0.6,0.39924645,0.38474715,0.040063854,17.535463,2.0130293e-09,0.0
20.66,0.19329676,0.34537742,0.6,0.39713538,0.3850427,0.043160204,18.003258,2.963995e-08,0.0
20.665,0.19329676,0.34537742,0.6,0.3925912,0.3846204,0.054337353,19.736773,1.6602506e-07,0.0
20.67,0.19329676,0.34537742,0.6,0.39370236,0.38438392,0.07666512,21.806486,1.8266034e-07,0.0
20.675,0.19329676,0.34537742,0.6,0.39776114,0.3840781,0.09681782,22.813343,0.8205117,0.0
20.68,0.37257954,0.47492203,0.6,0.39512688,0.38432765,0.10853124,22.720255,2.5965252,0.0
20.685,0.37257954,0.47492203,0.6,0.3964031,0.38454702,0.11422747,23.53165,3.0737631,0.0
20.69,0.37257954,0.47492203,0.6,0.39105734,0.38435358,0.12884417,24.747862,2.8521252,0.0
20.695,0.37257954,0.47492203,0.6,0.39772326,0.38362566,0.14466901,25.672718,2.7204587,0.0
20.7,0.32755035,0.6,0.6,0.3971205,0.38343447,0.1572447,25.595741,3.469625,0.0
20.705000000000002,0.32755035,0.6,0.6,0.39965534,0.38343495,0.1710109,25.371782,4.123239,0.0
20.71,0.32755035,0.6,0.6,0.39762855,0.3832814,0.18643098,24.696064,5.0287676,0.0
20.715,0.32755035,0.6,0.6,0.40363815,0.3837082,0.19896604,24.225107,5.4461884,0.0
20.72,0.06571053,0.6,0.5219815,0.40494114,0.38324288,0.21114498,24.30571,5.008953,0.0
20.725,0.06571053,0.6,0.5219815,0.40139508,0.38321924,0.22507337,23.952518,4.832711,0.0
20.73,0.06571053,0.6,0.5219815,0.40061674,0.38377887,0.23675928,23.789228,4.212485,0.0
20.735,0.06571053,0.6,0.5219815,0.40566462,0.38356668,0.24843416,24.876959,1.9835156,0.0
20.740000000000002,0.0,0.6,0.6,0.39910346,0.38342655,0.26087567,25.422665,0.18429141,0.0
20.745,0.0,0.6,0.6,0.40045238,0.38416305,0.27211374,25.374489,-2.129926e-09,0.0
20.75,0.0,0.6,0.6,0.39644107,0.3844391,0.28214064,25.462587,1.7024833e-08,0.0
20.755,0.0,0.6,0.6,0.39278618,0.3848671,0.2931124,26.262688,8.0868375e-08,0.0
20.76,0.0,0.6,0.6,0.36634177,0.38561958,0.30321702,27.755714,-1.0391525e-08,0.0
20.765,0.0,0.6,0.6,0.35495317,0.3860778,0.31210887,29.405272,1.3249661e-07,0.0
20.77,0.0,0.6,0.6,0.33680144,0.38645425,0.32092088,30.877056,1.6384293e-07,0.0
20.775000000000002,0.0,0.6,0.6,0.32936203,0.38726696,0.3300482,31.977299,4.0561666e-08,0.0
20.78,0.0,0.55311507,0.6,0.3086118,0.38810587,0.33801088,32.649143,2.5111301e-08,0.0
20.785,0.0,0.55311507,0.6,0.2950428,0.38899818,0.345819,32.831177,1.6652634e-09,0.0
20.79,0.0,0.55311507,0.6,0.2728262,0.38923746,0.35437453,32.515263,-3.820351e-08,0.0
20.795,0.0,0.55311507,0.6,0.25327075,0.39214632,0.3607754,31.69239,-2.0148187e-08,0.0
20.8,0.0,0.1710093,0.6,0.22416542,0.39459544,0.36774683,30.367228,-9.524206e-08,0.0
20.805,0.0,0.1710093,0.6,0.19694541,0.39673114,0.37469617,28.52451,-4.0764077e-09,0.0
20.81,0.0,0.1710093,0.6,0.17939368,0.39909974,0.38047042,26.188442,-6.4616437e-09,0.0
20.815,0.0,0.1710093,0.6,0.16799341,0.40180314,0.38556394,23.483757,9.6606136e-08,0.0
20.82,0.26709157,0.0,0.6,0.1374073,0.40366125,0.39074206,20.57881,2.5288465e-08,0.0
20.825,0.26709157,0.0,0.6,0.12090482,0.40346047,0.3946156,17.486956,-5.6959585e-08,0.0
20.830000000000002,0.26709157,0.0,0.6,0.12055482,0.40326104,0.3977754,13.639626,-5.4055953e-08,0.0
20.835,0.26709157,0.0,0.6,0.107340015,0.40283307,0.4007686,9.267905,-1.2590397e-07,0.0
20.84,0.6,0.0990587,0.48946047,0.10323782,0.40078285,0.4035032,4.9382887,-3.360211e-07,0.0
20.845,0.6,0.0990587,0.48946047,0.088840194,0.39939556,0.40557155,1.1238403,-2.0716182e-07,0.0
20.85,0.6,0.0990587,0.48946047,0.09471743,0.39849755,0.40823275,2.3599211e-09,1.6302494e-08,0.0
20.855,0.6,0.0990587,0.48946047,0.09017111,0.39642942,0.41048557,-6.2403527e-10,3.0700374e-08,0.0
20.86,0.4217597,0.0,0.319269,0.09771087,0.39046624,0.4124276,2.772321e-09,1.6856095e-08,0.0
20.865000000000002,0.4217597,0.0,0.319269,0.099114865,0.37815762,0.41480425,2.2022375e-09,1.2853194e-08,0.0
20.87,0.4217597,0.0,0.319269,0.09505261,0.36285245,0.4175724,-3.0277019e-09,3.5570647e-08,0.0
20.875,0.4217597,0.0,0.319269,0.09922976,0.34361228,0.4194719,0.06393347,1.5815328e-08,0.0
20.88,0.29727688,0.0,0.56477004,0.11783656,0.32647663,0.4210253,0.12754934,-2.879547e-08,0.0
20.885,0.29727688,0.0,0.56477004,0.13359755,0.3109552,0.42258742,0.34715238,4.8451654e-10,0.0
20.89,0.29727688,0.0,0.56477004,0.15737906,0.29517013,0.42309433,0.9040277,3.9129407e-08,0.0
20.895,0.29727688,0.0,0.56477004,0.1707862,0.27646354,0.4223176,1.8841867,2.3095401e-08,0.0
20.900000000000002,0.6,0.21757394,0.6,0.1839184,0.25574377,0.422326,3.2143862,1.260986e-07,0.0
20.905,0.6,0.21757394,0.6,0.18835168,0.23371166,0.42235222,4.946488,6.688163e-08,0.0
20.91,0.6,0.21757394,0.6,0.20087285,0.21231128,0.42157567,6.884578,7.387933e-08,0.0
20.915,0.6,0.21757394,0.6,0.20111813,0.19087063,0.42131254,8.789047,1.3006738e-07,0.0
20.92,0.5152816,0.39991444,0.6,0.210635,0.17109667,0.4209868,10.4888935,8.297149e-08,0.0
20.925,0.5152816,0.39991444,0.6,0.22301766,0.15286033,0.42029107,11.942577,4.9272457e-09,0.0
20.93,0.5152816,0.39991444,0.6,0.2407559,0.13653946,0.4199964,13.210926,2.1852106e-08,0.0
20.935,0.5152816,0.39991444,0.6,0.24894539,0.13076702,0.41951138,14.401038,1.402577e-07,0.0
20.94,0.11881593,0.6,0.050895706,0.2629443,0.12855239,0.41901904,15.552936,1.4530998e-07,0.0
20.945,0.11881593,0.6,0.050895706,0.27821454,0.12603088,0.41910243,16.700426,6.825033e-08,0.0
20.95,0.11881593,0.6,0.050895706,0.29428247,0.12685242,0.4187663,17.893013,1.0692963e-07,0.0
20.955000000000002,0.11881593,0.6,0.050895706,0.3076545,0.12984513,0.41885835,19.159634,1.1965496e-07,0.0
20.96,0.24013597,0.59818393,0.0,0.31986266,0.1360704,0.4187159,20.503603,4.4754916e-08,0.0
20.965,0.24013597,0.59818393,0.0,0.31202367,0.14224575,0.41920683,21.905502,9.9779534e-08,0.0
20.97,0.24013597,0.59818393,0.0,0.31128368,0.15588321,0.4187535,23.761559,9.495722e-08,0.0
20.975,0.24013597,0.59818393,0.0,0.32240048,0.17187366,0.41756687,26.03611,3.3337625e-07,0.0
20.98,0.4851605,0.5988232,0.0,0.3141326,0.18443267,0.4168047,28.002207,1.4739288e-07,0.0
20.985,0.4851605,0.5988232,0.0,0.31302574,0.19883996,0.41636372,29.920902,1.4396322e-07,0.0
20.990000000000002,0.4851605,0.5988232,0.0,0.30441523,0.21477713,0.41418332,31.969276,1.5941637e-07,0.0
20.995,0.4851605,0.5988232,0.0,0.297067,0.22758833,0.40952727,33.96613,1.1271407e-07,0.0
21.0,0.20666684,0.5684546,0.0,0.29710576,0.24100739,0.39636725,35.780903,1.1451968e-07,0.0
21.005,0.20666684,0.5684546,0.0,0.29969683,0.2554857,0.37744585,36.852528,2.5601887e-08,0.0
21.01,0.20666684,0.5684546,0.0,0.31005806,0.26807097,0.35365686,37.053585,-5.9494587e-09,0.0
21.015,0.20666684,0.5684546,0.0,0.30453628,0.27918124,0.32931128,36.63021,-2.5794698e-08,0.0
21.02,0.3829175,0.5788715,0.0,0.30080315,0.292214,0.30315357,36.238075,1.0145256e-08,0.0
21.025000000000002,0.3829175,0.5788715,0.0,0.30730546,0.30426362,0.2770855,36.015404,3.3550396e-08,0.0
21.03,0.3829175,0.5788715,0.0,0.30666482,0.3146802,0.25172246,35.34987,-3.7208547e-08,0.0
21.035,0.3829175,0.5788715,0.0,0.3004645,0.32604897,0.2281453,34.6265,-4.5072523e-09,0.0
21.04,0.45902124,0.44542795,0.0,0.29997185,0.3362837,0.20597552,34.055695,-1.6221911e-08,0.0
21.045,0.45902124,0.44542795,0.0,0.30339476,0.34392577,0.18531021,33.529613,-5.661385e-09,0.0
21.05,0.45902124,0.44542795,0.0,0.30289912,0.35221204,0.16707896,32.450016,0.51621956,0.0
21.055,0.45902124,0.44542795,0.0,0.29826033,0.3599514,0.14977698,31.424965,0.7275327,0.0
21.06,0.2987182,0.12526989,0.0,0.30894178,0.36615852,0.1336052,30.71119,0.35867614,0.0
21.065,0.2987182,0.12526989,0.0,0.3090317,0.3714897,0.119762495,29.62786,0.18232402,0.0
21.07,0.2987182,0.12526989,0.0,0.3139925,0.3764135,0.1064531,28.116905,0.25226557,0.0
21.075,0.2987182,0.12526989,0.0,0.31316411,0.37913296,0.095220186,26.478384,0.22503583,0.0
21.080000000000002,0.5871712,0.3894951,0.0,0.31438762,0.38203418,0.087398216,25.382309,2.0169444e-09,0.0
21.085,0.5871712,0.3894951,0.0,0.32070586,0.3844168,0.06950542,24.398077,0.037470933,0.0
21.09,0.5871712,0.3894951,0.0,0.324525,0.3854281,0.07170096,23.370716,-7.030807e-08,0.0
21.095,0.5871712,0.3894951,0.0,0.33518383,0.3846049,0.05375888,22.4132,-3.88802e-08,0.0
21.1,0.40587416,0.31276998,0.0,0.3348389,0.38298294,0.04802257,20.953732,0.5062349,0.0
21.105,0.40587416,0.31276998,0.0,0.33194417,0.3824999,0.033192452,19.738546,0.47704732,0.0
21.11,0.40587416,0.31276998,0.0,0.32810077,0.3808703,0.028066233,19.029758,-1.7402487e-08,0.0
21.115000000000002,0.40587416,0.31276998,0.0,0.3378999,0.38038757,0.015506093,18.56887,-2.0868368e-08,0.0
21.12,0.39970553,0.25203395,0.26697946,0.3408206,0.3797964,0.01607825,17.846237,0.2779333,0.0
21.125,0.39970553,0.25203395,0.26697946,0.35103628,0.3789309,0.019800553,16.824501,0.63090724,0.0
21.13,0.39970553,0.25203395,0.26697946,0.35616472,0.3786762,0.014611777,15.822774,0.70115864,0.0
21.135,0.39970553,0.25203395,0.26697946,0.35409987,0.37813255,0.013470129,15.013544,0.30422798,0.0
21.14,0.5852331,0.35539353,0.0,0.36129972,0.37807906,0.0067240195,14.8933325,2.158948e-08,0.0
21.145,0.5852331,0.35539353,0.0,0.36034265,0.3781428,-0.0011790833,14.977579,2.0733342e-09,0.0
21.150000000000002,0.5852331,0.35539353,0.0,0.3679972,0.3785212,0.0052399775,16.14086,9.681893e-08,0.0
21.155,0.5852331,0.35539353,0.0,0.36590183,0.3777965,0.00036265556,17.960936,1.4201449e-07,0.0
21.16,0.6,0.56362885,0.40695664,0.37038732,0.37154338,0.009105044,19.7326,1.2934764e-07,0.0
21.165,0.6,0.56362885,0.40695664,0.36378038,0.3631437,0.017909367,20.649792,0.63937825,0.0
21.17,0.6,0.56362885,0.40695664,0.3730163,0.35682973,0.022705039,21.370249,1.2295431,0.0
21.175,0.6,0.56362885,0.40695664,0.37917846,0.3522343,0.022057379,21.629,2.0738108,0.0
21.18,0.37532648,0.6,0.6,0.38114384,0.34904525,0.032810677,21.352097,3.245981,0.0
21.185,0.37532648,0.6,0.6,0.38606775,0.34669006,0.0354299,20.858887,4.3840475,0.0
21.19,0.37532648,0.6,0.6,0.3959586,0.3464967,0.03868924,20.354673,5.262271,0.0
21.195,0.37532648,0.6,0.6,0.4016664,0.34805834,0.036043912,19.982298,5.73027,0.0
21.2,0.46391886,0.6,0.6,0.399791,0.34749684,0.062001348,20.475252,4.985664,0.0
21.205000000000002,0.46391886,0.6,0.6,0.4083771,0.34921136,0.075676486,21.852036,3.0413225,0.0
21.21,0.46391886,0.6,0.6,0.3997426,0.3503345,0.097689755,23.580448,0.5155316,0.0
21.215,0.46391886,0.6,0.6,0.39998624,0.3508882,0.10218344,25.532854,9.40599e-08,0.0
21.22,0.27426818,0.43902436,0.6,0.4003408,0.35200194,0.121389106,27.373722,0.11519871,0.0
21.225,0.27426818,0.43902436,0.6,0.39913607,0.3529644,0.1356691,28.69688,0.5492698,0.0
21.23,0.27426818,0.43902436,0.6,0.38981235,0.35326087,0.15076205,30.370623,0.34138566,0.0
21.235,0.27426818,0.43902436,0.6,0.39997336,0.3547058,0.16649953,32.31753,1.7411249e-07,0.0
21.240000000000002,0.45998493,0.6,0.6,0.40306342,0.35766205,0.17865583,33.538883,0.52335054,0.0
21.245,0.45998493,0.6,0.6,0.3984474,0.36259604,0.19211382,33.92289,1.7365519,0.0
21.25,0.45998493,0.6,0.6,0.38953477,0.36647686,0.20667283,34.523403,2.4513867,0.0
21.255,0.45998493,0.6,0.6,0.3973502,0.3711809,0.21884374,35.466873,2.5471828,0.0
21.26,0.0,0.6,0.6,0.39970952,0.3749842,0.23016718,35.72353,3.1881933,0.0
21.265,0.0,0.6,0.6,0.40227902,0.37807515,0.24282777,35.182934,4.481292,0.0
21.27,0.0,0.6,0.6,0.39994544,0.38085783,0.25446162,34.225773,5.987988,0.0
21.275000000000002,0.0,0.6,0.6,0.40554988,0.38481367,0.2645211,33.907623,6.392648,0.0
21.28,0.0,0.6,0.6,0.40451437,0.38820025,0.27507308,33.668728,5.8946824,0.0
21.285,0.0,0.6,0.6,0.40682748,0.39127904,0.28575766,33.985676,3.464566,0.0
21.29,0.0,0.6,0.6,0.40356562,0.3945452,0.29498196,34.136303,-1.8927143e-07,0.0
21.295,0.0,0.6,0.6,0.40608138,0.3973831,0.30472597,33.76927,-1.6874623e-08,0.0
21.3,0.0,0.6,0.6,0.41136807,0.399832,0.3139166,33.29978,-2.0433594e-08,0.0
21.305,0.0,0.6,0.6,0.4081883,0.40234312,0.3218297,32.479736,-4.3933248e-08,0.0
21.31,0.0,0.6,0.6,0.40212396,0.4043682,0.32976034,32.130596,1.40460426e-08,0.0
21.315,0.0,0.6,0.6,0.37550256,0.40612757,0.33806378,32.395775,3.825292e-09,0.0
21.32,0.0,0.37997025,0.6,0.34573475,0.40729332,0.34535113,32.856335,5.8023314e-08,0.0
21.325,0.0,0.37997025,0.6,0.31156948,0.40842602,0.35198906,33.14263,8.807987e-09,0.0
21.330000000000002,0.0,0.37997025,0.6,0.29230255,0.4090688,0.35913888,32.97923,-1.1047887e-08,0.0
21.335,0.0,0.37997025,0.6,0.2532633,0.40935242,0.36574984,32.288536,-3.1127044e-08,0.0
21.34,0.0,0.0,0.6,0.22561848,0.40966544,0.37209967,30.961737,-5.225238e-08,0.0
21.345,0.0,0.0,0.6,0.20441796,0.40965807,0.37832102,28.986238,-9.87288e-08,0.0
21.35,0.0,0.0,0.6,0.18610841,0.40880919,0.38380995,26.496384,-1.0572071e-07,0.0
21.355,0.0,0.0,0.6,0.16246207,0.40766618,0.38857532,23.01268,-7.29931e-08,0.0
21.36,0.29437256,0.0,0.6,0.15474673,0.40675375,0.3933013,18.585148,-8.463041e-09,0.0
21.365000000000002,0.29437256,0.0,0.6,0.13758339,0.40455145,0.39771086,13.740542,-9.8659804e-08,0.0
21.37,0.29437256,0.0,0.6,0.12229063,0.40252534,0.40096322,8.92331,6.1758335e-08,0.0
21.375,0.29437256,0.0,0.6,0.117215924,0.40149575,0.40389347,4.498012,3.396347e-08,0.0
21.38,0.6,0.059327696,0.3486698,0.10313422,0.39917335,0.4066595,0.8348217,-1.6720128e-07,0.0
21.385,0.6,0.059327696,0.3486698,0.103840575,0.39686826,0.4081748,6.5598385e-09,9.3670485e-09,0.0
21.39,0.6,0.059327696,0.3486698,0.100912705,0.38761494,0.41018823,-4.195801e-09,5.099684e-09,0.0
21.395,0.6,0.059327696,0.3486698,0.106873676,0.37054494,0.41191447,2.5057663e-11,-1.3729497e-08,0.0
21.400000000000002,0.58820057,0.35864937,0.067580976,0.08809328,0.34556302,0.41401514,2.1091268e-10,-8.395191e-09,0.0
21.405,0.58820057,0.35864937,0.067580976,0.092677996,0.31966272,0.41599408,0.09606777,1.6563416e-08,0.0
21.41,0.58820057,0.35864937,0.067580976,0.10736144,0.29161906,0.41762716,0.2593341,1.185309e-08,0.0
21.415,0.58820057,0.35864937,0.067580976,0.11697529,0.26472932,0.41860616,0.6192289,-1.3880582e-08,0.0
21.42,0.30865195,0.15567942,0.28187284,0.1411181,0.23879974,0.41804403,1.478599,3.6503227e-08,0.0
21.425,0.30865195,0.15567942,0.28187284,0.15956186,0.21972848,0.41756257,2.8559241,5.7672796e-08,0.0
21.43,0.30865195,0.15567942,0.28187284,0.17757344,0.21119064,0.41735002,4.5586224,8.971042e-08,0.0
21.435,0.30865195,0.15567942,0.28187284,0.18301345,0.20666096,0.41554525,6.3914256,2.1010831e-07,0.0
21.44,0.6,0.26230758,0.24482729,0.19570763,0.20412433,0.41371033,8.147534,1.5617724e-07,0.0
21.445,0.6,0.26230758,0.24482729,0.21242188,0.2033326,0.4137744,9.731289,2.2789104e-09,0.0
21.45,0.6,0.26230758,0.24482729,0.22093979,0.20285302,0.4122038,11.175882,1.3064543e-07,0.0
21.455000000000002,0.6,0.26230758,0.24482729,0.22774586,0.20315257,0.4096314,12.497842,4.221591e-08,0.0
21.46,0.6,0.5244047,0.021427596,0.23665103,0.20359702,0.4075174,13.695845,8.970151e-08,0.0
21.465,0.6,0.5244047,0.021427596,0.23909543,0.20366445,0.4035082,14.793581,5.8879976e-08,0.0
21.47,0.6,0.5244047,0.021427596,0.25865647,0.20428,0.3946787,15.786639,5.2936656e-08,0.0
21.475,0.6,0.5244047,0.021427596,0.2772802,0.2055449,0.38453925,16.761274,9.166417e-08,0.0
21.48,0.42025664,0.6,0.37320578,0.29719314,0.20651838,0.37537375,17.817453,1.3825336e-07,0.0
21.485,0.42025664,0.6,0.37320578,0.29787937,0.20667218,0.36302954,19.01294,4.8615313e-08,0.0
21.490000000000002,0.42025664,0.6,0.37320578,0.30897933,0.20764455,0.34871173,20.276472,7.763406e-08,0.0
21.495,0.42025664,0.6,0.37320578,0.31310177,0.2104545,0.3355594,21.560698,4.9849756e-08,0.0
21.5,0.4434311,0.6,0.43456408,0.327114,0.21549423,0.3211237,22.826895,5.4300404e-08,0.0
21.505,0.4434311,0.6,0.43456408,0.3358859,0.22125112,0.30637556,24.085955,8.084242e-08,0.0
21.51,0.4434311,0.6,0.43456408,0.33333263,0.23023768,0.2940597,25.349064,7.3284e-08,0.0
21.515,0.4434311,0.6,0.43456408,0.33352953,0.24337956,0.28710237,27.100782,1.3008426e-07,0.0
21.52,0.17091602,0.5175453,0.6,0.34313434,0.25548923,0.28409898,28.813807,1.2530212e-07,0.0
21.525000000000002,0.17091602,0.5175453,0.6,0.3506512,0.26722786,0.28216827,30.200108,8.585025e-08,0.0
21.53,0.17091602,0.5175453,0.6,0.35652077,0.28046492,0.28169885,31.312912,3.951901e-08,0.0
21.535,0.17091602,0.5175453,0.6,0.35319534,0.29215783,0.28289187,32.13249,1.9431031e-08,0.0
21.54,0.25454634,0.54419327,0.6,0.3599383,0.30259672,0.28259856,33.188866,6.963239e-08,0.0
21.545,0.25454634,0.54419327,0.6,0.3644009,0.3149103,0.282668,33.98686,1.6699216e-08,0.0
21.55,0.25454634,0.54419327,0.6,0.36428216,0.32491648,0.2849658,34.21656,1.3450208e-09,0.0
21.555,0.25454634,0.54419327,0.6,0.3696466,0.33368072,0.28664532,34.58189,2.9221649e-08,0.0
21.56,0.28184187,0.6,0.6,0.36489898,0.34354034,0.28814748,34.68107,4.5287543e-09,0.0
21.565,0.28184187,0.6,0.6,0.36482185,0.35125744,0.29402688,34.81473,1.2862042e-08,0.0
21.57,0.28184187,0.6,0.6,0.35334113,0.35657918,0.30377036,35.196224,3.6217266e-08,0.0
21.575,0.28184187,0.6,0.6,0.35279712,0.36327705,0.31347042,35.60294,1.48737405e-08,0.0
21.580000000000002,0.117485695,0.6,0.5428084,0.3461617,0.36842403,0.32421,35.916866,3.201352e-08,0.0
21.585,0.117485695,0.6,0.5428084,0.3457193,0.3721529,0.33610728,36.068405,8.619023e-09,0.0
21.59,0.117485695,0.6,0.5428084,0.35010624,0.37653673,0.3453419,36.05207,-4.4763326e-09,0.0
21.595,0.117485695,0.6,0.5428084,0.35366294,0.38149288,0.35338,35.356144,2.2161297e-08,0.0
21.6,0.0,0.6,0.6,0.35561764,0.38536218,0.36124897,33.97543,8.1703604e-08,0.0
21.605,0.0,0.6,0.6,0.3480292,0.38920763,0.3672166,32.24076,2.4973517e-08,0.0
21.61,0.0,0.6,0.6,0.34041613,0.3933573,0.3715444,30.914387,-8.94045e-09,0.0
21.615000000000002,0.0,0.6,0.6,0.335655,0.39690343,0.3757083,30.149723,6.713152e-09,0.0
21.62,0.0,0.6,0.6,0.33097938,0.39979345,0.37896356,29.727663,1.9229876e-08,0.0
21.625,0.0,0.6,0.6,0.31599325,0.402582,0.38179532,29.49367,-7.044868e-09,0.0
21.63,0.0,0.6,0.6,0.30878818,0.40425575,0.3854939,29.268414,-1.986965e-08,0.0
21.635,0.0,0.6,0.6,0.302261,0.4059598,0.38860568,28.95412,-7.90778e-09,0.0
21.64,0.0,0.4085908,0.6,0.27707002,0.40725988,0.3914045,28.524792,-2.2084237e-08,0.0
21.645,0.0,0.4085908,0.6,0.25607783,0.40777597,0.39486176,27.84661,-1.09432055e-08,0.0
21.650000000000002,0.0,0.4085908,0.6,0.23233145,0.40820295,0.39833504,26.815907,3.3688124e-08,0.0
21.655,0.0,0.4085908,0.6,0.22035696,0.40959665,0.40072158,25.39151,7.34726e-08,0.0
21.66,0.0,0.0,0.6,0.19956172,0.41059834,0.4036727,23.648819,-1.5737482e-08,0.0
21.665,0.0,0.0,0.6,0.17310357,0.41162175,0.40639594,21.647175,-1.7673372e-08,0.0
21.67,0.0,0.0,0.6,0.1543957,0.41325283,0.40840343,19.370396,-1.3493372e-08,0.0
21.675,0.0,0.0,0.6,0.13225967,0.41454306,0.41042945,16.851109,-1.18098605e-07,0.0
21.68,0.354259,0.0,0.4073944,0.11445813,0.4148087,0.41293132,14.151228,2.4467788e-08,0.0
21.685,0.354259,0.0,0.4073944,0.09597814,0.41365466,0.41470444,11.393958,-1.4713335e-07,0.0
21.69,0.354259,0.0,0.4073944,0.09592921,0.41218567,0.4166785,8.057437,1.9793299e-07,0.0
21.695,0.354259,0.0,0.4073944,0.09015392,0.41174376,0.41820556,4.3224473,-2.1983884e-07,0.0
21.7,0.6,0.27626592,0.4020578,0.09272325,0.40985015,0.41963035,0.77517337,-2.287836e-08,0.0
21.705000000000002,0.6,0.27626592,0.4020578,0.082925595,0.4066628,0.42100435,6.4397367e-09,-1.5345483e-08,0.0
21.71,0.6,0.27626592,0.4020578,0.06371487,0.3952881,0.42240542,6.398275e-10,1.746133e-08,0.0
21.715,0.6,0.27626592,0.4020578,0.06350633,0.3752556,0.42359042,2.2733067e-09,4.3039297e-08,0.0
21.72,0.46541893,0.33917427,0.22063579,0.07341,0.35034817,0.42374298,1.4515519e-09,1.8130159e-08,0.0
21.725,0.46541893,0.33917427,0.22063579,0.09338605,0.32234785,0.4238544,-4.527589e-09,4.3976655e-08,0.0
21.73,0.46541893,0.33917427,0.22063579,0.10882942,0.29317507,0.4243287,0.057611674,2.5491993e-08,0.0
21.735,0.46541893,0.33917427,0.22063579,0.10734587,0.26565915,0.4240313,0.38005382,3.0862193e-08,0.0
21.740000000000002,0.33531296,0.23940025,0.29101503,0.13763012,0.24033464,0.42313156,1.396744,7.046464e-08,0.0
21.745,0.33531296,0.23940025,0.29101503,0.14456211,0.2233751,0.42263377,2.944975,1.7526777e-07,0.0
21.75,0.33531296,0.23940025,0.29101503,0.15382184,0.21657887,0.4218296,4.6491823,4.737543e-08,0.0
21.755,0.33531296,0.23940025,0.29101503,0.16766635,0.21176627,0.42013866,6.2851987,1.4486857e-07,0.0
21.76,0.6,0.33340088,0.3418668,0.18587478,0.21060875,0.41896096,7.761738,-2.0537643e-08,0.0
21.765,0.6,0.33340088,0.3418668,0.19983597,0.21088557,0.41807327,9.096593,1.1539399e-07,0.0
21.77,0.6,0.33340088,0.3418668,0.21799494,0.21052505,0.41607305,10.330907,4.164445e-08,0.0
21.775000000000002,0.6,0.33340088,0.3418668,0.22922482,0.21081915,0.41537705,11.532287,1.05367086e-07,0.0
21.78,0.6,0.46633568,0.23693234,0.23825824,0.21143547,0.41489732,12.729195,1.4009515e-07,0.0
21.785,0.6,0.46633568,0.23693234,0.2493805,0.21184844,0.4116268,13.91497,7.637968e-08,0.0
21.79,0.6,0.46633568,0.23693234,0.26328713,0.21288712,0.40669152,15.095568,1.1400522e-08,0.0
21.795,0.6,0.46633568,0.23693234,0.26535144,0.21392411,0.40256777,16.298786,1.5021065e-07,0.0
21.8,0.6,0.6,0.3954567,0.27258554,0.21627055,0.39641732,17.483324,7.5813226e-08,0.0
21.805,0.6,0.6,0.3954567,0.28806913,0.21787219,0.3884547,18.619232,6.4610646e-08,0.0
21.81,0.6,0.6,0.3954567,0.30732107,0.22212675,0.3816006,19.750614,9.312599e-08,0.0
21.815,0.6,0.6,0.3954567,0.31036386,0.23266552,0.3740467,20.947123,2.6298752e-08,0.0
21.82,0.53952795,0.6,0.6,0.32676974,0.24574831,0.363511,22.175264,6.0842574e-08,0.0
21.825,0.53952795,0.6,0.6,0.33514872,0.2562867,0.3538703,23.438751,9.688098e-08,0.0
21.830000000000002,0.53952795,0.6,0.6,0.3366529,0.268916,0.34735766,24.734608,1.6782694e-07,0.0
21.835,0.53952795,0.6,0.6,0.33958876,0.28199652,0.34368297,26.001915,9.696782e-08,0.0
21.84,0.23947819,0.6,0.58058846,0.34682468,0.29231066,0.34192896,27.127205,2.6455021e-08,0.0
21.845,0.23947819,0.6,0.58058846,0.3501831,0.30364162,0.34063974,28.048342,6.685047e-08,0.0
21.85,0.23947819,0.6,0.58058846,0.35926807,0.31559345,0.34109148,28.732529,2.145037e-08,0.0
21.855,0.23947819,0.6,0.58058846,0.3625919,0.32458127,0.34232387,29.190546,2.9161775e-08,0.0
21.86,0.21315429,0.54753464,0.6,0.3700971,0.33320642,0.34286317,29.442133,-1.1106572e-09,0.0
21.865000000000002,0.21315429,0.54753464,0.6,0.371691,0.3422707,0.3447431,29.527449,-2.8578588e-09,0.0
21.87,0.21315429,0.54753464,0.6,0.3770516,0.3494184,0.34726524,29.466196,-1.2965821e-08,0.0
21.875,0.21315429,0.54753464,0.6,0.37788028,0.35647526,0.34867522,29.29245,1.256698e-08,0.0
21.88,0.27271053,0.6,0.54141045,0.37843725,0.3644873,0.35091472,29.029436,1.4677978e-08,0.0
21.885,0.27271053,0.6,0.54141045,0.36966947,0.37063026,0.35396528,28.683514,-6.2422263e-09,0.0
21.89,0.27271053,0.6,0.54141045,0.37223485,0.3762122,0.35550264,28.82442,5.583179e-08,0.0
21.895,0.27271053,0.6,0.54141045,0.36478797,0.38187304,0.35733792,28.93744,-6.5188694e-09,0.0
21.900000000000002,0.0,0.6,0.44066706,0.36149916,0.3862038,0.36117846,29.24527,2.5511394e-08,0.0
21.905,0.0,0.6,0.44066706,0.35998213,0.38995332,0.36595374,29.893158,4.3162814e-08,0.0
21.91,0.0,0.6,0.44066706,0.36459747,0.39437976,0.3699382,30.673285,3.1400745e-08,0.0
21.915,0.0,0.6,0.44066706,0.3671372,0.39763647,0.3744548,30.892076,-2.3725667e-08,0.0
21.92,0.0,0.6,0.6,0.36607513,0.39988625,0.37913692,30.429865,3.4706407e-08,0.0
21.925,0.0,0.6,0.6,0.3676168,0.402671,0.38235736,30.132982,2.7435796e-09,0.0
21.93,0.0,0.6,0.6,0.3576502,0.40455243,0.38551858,29.664791,-5.0901335e-08,0.0
21.935,0.0,0.6,0.6,0.35282275,0.40601048,0.38815176,29.338192,1.4932079e-08,0.0
21.94,0.0,0.6,0.6,0.34007606,0.40723807,0.39043438,29.360464,-6.368277e-09,0.0
21.945,0.0,0.6,0.6,0.32055765,0.40872356,0.39302576,29.505243,-1.610069e-08,0.0
21.95,0.0,0.6,0.6,0.30231956,0.4096332,0.3960604,29.544643,1.760281e-08,0.0
21.955000000000002,0.0,0.6,0.6,0.27536672,0.4114123,0.3983843,29.320492,-4.0370594e-08,0.0
21.96,0.0,0.21865155,0.6,0.25308555,0.41353193,0.40024877,28.683266,-1.1983337e-08,0.0
21.965,0.0,0.21865155,0.6,0.22601017,0.41450644,0.40371618,27.559643,5.6032682e-08,0.0
21.97,0.0,0.21865155,0.6,0.20261358,0.41583973,0.40657362,25.929415,-9.855996e-08,0.0
21.975,0.0,0.21865155,0.6,0.19044188,0.41770673,0.40898377,23.836035,-7.181948e-09,0.0
21.98,0.0,0.0,0.51480085,0.16967738,0.418909,0.41167715,21.429296,4.5806306e-08,0.0
21.985,0.0,0.0,0.51480085,0.14180134,0.41898054,0.4137876,18.8054,2.1790132e-07,0.0
21.990000000000002,0.0,0.0,0.51480085,0.13562123,0.41853026,0.41499642,15.966513,6.805452e-08,0.0
21.995,0.0,0.0,0.51480085,0.1175946,0.41859186,0.4166391,12.420272,-9.2752266e-08,0.0
22.0,0.24597996,0.0,0.4383879,0.10143004,0.41722536,0.41828704,8.952844,-5.3610357e-08,0.0
22.005,0.24597996,0.0,0.4383879,0.08610631,0.41505256,0.4200898,5.438324,-5.095872e-08,0.0
22.01,0.24597996,0.0,0.4383879,0.07777311,0.4145455,0.4215121,1.842197,3.9917136e-08,0.0
22.015,0.24597996,0.0,0.4383879,0.0658564,0.41344798,0.42307428,3.331938e-09,9.063479e-09,0.0
22.02,0.6,0.16265452,0.28713435,0.062801845,0.40810326,0.42437607,-1.9841853e-09,1.7781405e-08,0.0
22.025000000000002,0.6,0.16265452,0.28713435,0.06991325,0.39397737,0.42522883,-1.6270721e-09,-2.0965807e-08,0.0
22.03,0.6,0.16265452,0.28713435,0.07787241,0.37147817,0.42640066,8.092216e-10,-2.727884e-08,0.0
22.035,0.6,0.16265452,0.28713435,0.08075962,0.34448794,0.4274541,6.718889e-09,8.951364e-09,0.0
22.04,0.48884156,0.3298838,0.15735966,0.07063441,0.3159164,0.42840493,1.514558e-08,7.3573263e-09,0.0
22.045,0.48884156,0.3298838,0.15735966,0.06444004,0.28748518,0.42859468,0.09090356,1.4890025e-08,0.0
22.05,0.48884156,0.3298838,0.15735966,0.061515894,0.25931323,0.4287647,0.32115558,3.4269064e-08,0.0
22.055,0.48884156,0.3298838,0.15735966,0.06837196,0.23360471,0.42751986,0.8603145,1.3334125e-07,0.0
22.06,0.3725584,0.40594676,0.07470657,0.078368895,0.21169528,0.42648652,1.5446583,-4.4937433e-08,0.0
22.065,0.3725584,0.40594676,0.07470657,0.11124282,0.19989133,0.42597824,2.239301,1.577362e-08,0.0
22.07,0.3725584,0.40594676,0.07470657,0.12652154,0.19537291,0.4242366,3.0774775,5.0471602e-08,0.0
22.075,0.3725584,0.40594676,0.07470657,0.14210759,0.19186942,0.42217764,4.0889354,4.434257e-08,0.0
22.080000000000002,0.48218402,0.38918105,0.3762003,0.1587834,0.19129144,0.42209926,5.211079,1.9892267e-08,0.0
22.085,0.48218402,0.38918105,0.3762003,0.17197391,0.1923774,0.4209592,6.396632,5.0214048e-08,0.0
22.09,0.48218402,0.38918105,0.3762003,0.17847383,0.19273482,0.41468462,7.596028,9.331042e-08,0.0
22.095,0.48218402,0.38918105,0.3762003,0.1897053,0.19397002,0.4045031,8.735055,1.1134833e-07,0.0
22.1,0.6,0.59384054,0.18342622,0.2013005,0.2011904,0.39378974,9.7953415,3.451598e-08,0.0
22.105,0.6,0.59384054,0.18342622,0.21560343,0.21155038,0.38131782,10.800035,-7.3912476e-10,0.0
22.11,0.6,0.59384054,0.18342622,0.23994601,0.22077009,0.36958414,11.79869,6.8372856e-08,0.0
22.115000000000002,0.6,0.59384054,0.18342622,0.25405726,0.23096335,0.36136183,12.899539,8.867391e-09,0.0
22.12,0.45858544,0.6,0.40721363,0.24661036,0.24205835,0.35640776,14.137668,5.6149542e-08,0.0
22.125,0.45858544,0.6,0.40721363,0.24888776,0.25055972,0.35324445,15.784638,8.329541e-09,0.0
22.13,0.45858544,0.6,0.40721363,0.26313144,0.26055562,0.35047096,17.366566,6.836058e-08,0.0
22.135,0.45858544,0.6,0.40721363,0.27840653,0.27222854,0.34586528,18.67089,2.4733945e-08,0.0
22.14,0.47001988,0.6,0.5984861,0.29171985,0.28317273,0.33912298,19.83182,1.0188578e-07,0.0
22.145,0.47001988,0.6,0.5984861,0.29830143,0.2932216,0.33201563,20.934544,2.7933513e-08,0.0
22.150000000000002,0.47001988,0.6,0.5984861,0.3151219,0.30456382,0.32836133,21.944563,-2.5892467e-08,0.0
22.155,0.47001988,0.6,0.5984861,0.32570186,0.31442854,0.32726672,22.84754,1.583703e-07,0.0
22.16,0.34163913,0.52967614,0.6,0.3200821,0.32287973,0.32636455,23.637678,-2.9332972e-09,0.0
22.165,0.34163913,0.52967614,0.6,0.32630333,0.33164468,0.3265269,24.754301,3.292988e-08,0.0
22.17,0.34163913,0.52967614,0.6,0.33379367,0.340098,0.32786813,25.702879,6.072894e-08,0.0
22.175,0.34163913,0.52967614,0.6,0.34392917,0.34666288,0.3288957,26.199566,4.7593737e-08,0.0
22.18,0.33486843,0.6,0.6,0.35675022,0.3539233,0.32960054,26.387596,-4.973566e-09,0.0
22.185,0.33486843,0.6,0.6,0.3473662,0.3603787,0.3321212,26.404606,-1.6383403e-08,0.0
22.19,0.33486843,0.6,0.6,0.36293855,0.36594594,0.3337554,26.818289,5.876887e-08,0.0
22.195,0.33486843,0.6,0.6,0.35575292,0.3715246,0.33474714,27.201727,6.234361e-09,0.0
22.2,0.40359437,0.6,0.6,0.3497475,0.3767506,0.3375653,27.794806,3.6500694e-08,0.0
22.205000000000002,0.40359437,0.6,0.6,0.35003838,0.38072422,0.3424245,28.689512,4.6934684e-08,0.0
22.21,0.40359437,0.6,0.6,0.35391507,0.38497776,0.34765998,29.105053,1.5116273e-08,0.0
22.215,0.40359437,0.6,0.6,0.35140562,0.38971335,0.35223857,28.88155,-3.1178224e-08,0.0
22.22,0.17586122,0.6,0.6,0.35301644,0.39350703,0.35866237,28.796711,3.6750055e-08,0.0
22.225,0.17586122,0.6,0.6,0.35353407,0.3962793,0.36541393,28.506544,1.7423508e-08,0.0
22.23,0.17586122,0.6,0.6,0.36063305,0.39974907,0.37056935,27.798464,2.3170088e-08,0.0
22.235,0.17586122,0.6,0.6,0.35813648,0.40232232,0.37577504,26.884296,-6.6373545e-08,0.0
22.240000000000002,0.0,0.6,0.6,0.35059863,0.40455687,0.3806348,26.471188,-5.1187174e-09,0.0
22.245,0.0,0.6,0.6,0.3477536,0.4065283,0.38477334,26.646318,6.6248913e-09,0.0
22.25,0.0,0.6,0.6,0.34525618,0.40819117,0.38874748,27.137903,-7.943117e-09,0.0
22.255,0.0,0.6,0.6,0.3458058,0.40964907,0.39258653,27.762583,4.7210683e-08,0.0
22.26,0.0,0.6,0.6,0.35351044,0.41108066,0.3957726,27.851902,-6.633843e-09,0.0
22.265,0.0,0.6,0.6,0.35329401,0.4123865,0.39923742,27.327465,-2.9181301e-08,0.0
22.27,0.0,0.6,0.6,0.35232857,0.4129498,0.402854,27.023523,-6.1113625e-09,0.0
22.275000000000002,0.0,0.6,0.6,0.34932065,0.41404912,0.40624878,27.16797,-1.4616594e-08,0.0
22.28,0.0,0.4370215,0.6,0.33908546,0.4150104,0.4091132,27.56679,7.930629e-09,0.0
22.285,0.0,0.4370215,0.6,0.3215542,0.4159876,0.41189772,28.021189,4.10856e-08,0.0
22.29,0.0,0.4370215,0.6,0.29676855,0.41740713,0.41402996,28.325962,2.668315e-08,0.0
22.295,0.0,0.4370215,0.6,0.2691025,0.41861334,0.4162129,28.279823,2.4567667e-08,0.0
22.3,0.0,0.0,0.6,0.2430253,0.42007622,0.41782987,27.72437,-9.411545e-09,0.0
22.305,0.0,0.0,0.6,0.23263246,0.4215373,0.41893676,26.590857,2.6814797e-08,0.0
22.31,0.0,0.0,0.6,0.2167486,0.42274258,0.41997233,24.99365,5.7083554e-08,0.0
22.315,0.0,0.0,0.6,0.19137643,0.4237979,0.42107353,23.066687,-3.410665e-08,0.0
22.32,0.31727177,0.0,0.41352686,0.16357307,0.42337388,0.4221149,20.84323,-2.0438073e-07,0.0
22.325,0.31727177,0.0,0.41352686,0.15314957,0.4226799,0.42298606,17.637104,1.0408383e-07,0.0
22.330000000000002,0.31727177,0.0,0.41352686,0.14227161,0.42249086,0.42373583,13.527481,-1.0461841e-07,0.0
22.335,0.31727177,0.0,0.41352686,0.11365451,0.42093343,0.42467695,9.100921,3.3579293e-09,0.0
22.34,0.6,0.14277978,0.5899403,0.105140366,0.4193518,0.4251831,4.727974,2.3596387e-07,0.0
22.345,0.6,0.14277978,0.5899403,0.0950142,0.41686982,0.42602602,0.8110418,8.33871e-08,0.0
22.35,0.6,0.14277978,0.5899403,0.08692065,0.40690324,0.42707917,4.8929323e-09,-6.5977446e-09,0.0
22.355,0.6,0.14277978,0.5899403,0.08267795,0.38679034,0.42740828,7.382782e-09,-2.3254522e-08,0.0
22.36,0.3973612,0.15376541,0.42451495,0.07938476,0.36171097,0.42721844,-5.54927e-09,-2.6191733e-08,0.0
22.365000000000002,0.3973612,0.15376541,0.42451495,0.07364888,0.3329124,0.42738092,6.364189e-09,-2.6690243e-08,0.0
22.37,0.3973612,0.15376541,0.42451495,0.07769189,0.30380386,0.42740503,0.0414122,2.3218764e-08,0.0
22.375,0.3973612,0.15376541,0.42451495,0.10544369,0.27577695,0.42725673,0.11159414,-2.5948685e-08,0.0
22.38,0.21792401,0.17479606,0.59625006,0.12187444,0.25205186,0.42735502,0.4360677,-2.445452e-08,0.0
22.385,0.21792401,0.17479606,0.59625006,0.14190537,0.23251642,0.42725655,1.3431246,6.979459e-08,0.0
22.39,0.21792401,0.17479606,0.59625006,0.14801234,0.21886796,0.42700046,2.7949529,-6.478369e-09,0.0
22.395,0.21792401,0.17479606,0.59625006,0.17417464,0.21147662,0.42661914,4.490716,-3.5736543e-09,0.0
22.400000000000002,0.38095567,0.25296986,0.6,0.18182488,0.20608653,0.42660218,6.272741,2.7243049e-08,0.0
22.405,0.38095567,0.25296986,0.6,0.19004433,0.2028472,0.42600003,7.992014,7.585139e-08,0.0
22.41,0.38095567,0.25296986,0.6,0.18347429,0.20078997,0.42589435,9.530326,3.324282e-08,0.0
22.415,0.38095567,0.25296986,0.6,0.19305617,0.19902416,0.4257086,11.0914545,6.013785e-08,0.0
22.42,0.4046319,0.6,0.6,0.20796837,0.19768994,0.4254055,12.402908,1.8412615e-07,0.0
22.425,0.4046319,0.6,0.6,0.20830247,0.19664025,0.42563134,13.39505,-4.2432735e-08,0.0
22.43,0.4046319,0.6,0.6,0.2071091,0.19648518,0.4256927,14.151721,4.9927447e-08,0.0
22.435,0.4046319,0.6,0.6,0.21157171,0.19691189,0.42576128,15.049964,8.0986425e-08,0.0
22.44,0.038464703,0.6,0.46682122,0.2262302,0.19725816,0.42573002,15.825158,-3.5820915e-09,0.0
22.445,0.038464703,0.6,0.46682122,0.22795174,0.19780341,0.42612,16.381952,1.1764061e-07,0.0
22.45,0.038464703,0.6,0.46682122,0.2327149,0.19995941,0.42593777,16.815847,6.935197e-08,0.0
22.455000000000002,0.038464703,0.6,0.46682122,0.24569431,0.2016571,0.4260418,17.172165,6.1870345e-08,0.0
22.46,0.0,0.6,0.52802753,0.25483665,0.2040675,0.42597404,17.545765,3.1240397e-08,0.0
22.465,0.0,0.6,0.52802753,0.25381523,0.21104291,0.42612118,17.994474,8.59082e-08,0.0
22.47,0.0,0.6,0.52802753,0.2557211,0.22470228,0.42611918,18.910301,5.582149e-08,0.0
22.475,0.0,0.6,0.52802753,0.26026115,0.23694976,0.4257261,19.87112,5.636645e-08,0.0
22.48,0.0,0.6,0.54234123,0.26578766,0.2490856,0.4256784,20.60747,3.2576413e-08,0.0
22.485,0.0,0.6,0.54234123,0.25933105,0.26294258,0.42548016,21.191738,-3.584176e-08,0.0
22.490000000000002,0.0,0.6,0.54234123,0.24897094,0.27561295,0.42549706,22.05343,-5.642266e-08,0.0
22.495,0.0,0.6,0.54234123,0.24824406,0.2863283,0.42546752,23.174677,7.2447776e-08,0.0
22.5,0.0,0.6,0.6,0.2471776,0.29913738,0.42559186,24.293415,-3.688737e-08,0.0
22.505,0.0,0.6,0.6,0.22806318,0.31047913,0.42568853,25.237814,9.1409575e-08,0.0
22.51,0.0,0.6,0.6,0.20992649,0.32083064,0.42506313,25.784481,-2.0593849e-09,0.0
22.515,0.0,0.6,0.6,0.185297,0.33163103,0.42467433,25.769295,-1.93854e-08,0.0
22.52,0.0,0.23273578,0.6,0.16258083,0.34240797,0.42428124,25.10056,-2.7145813e-08,0.0
22.525000000000002,0.0,0.23273578,0.6,0.14943919,0.35062966,0.4240495,23.76573,-1.6928534e-07,0.0
22.53,0.0,0.23273578,0.6,0.14098732,0.359411,0.423984,21.875452,5.259404e-08,0.0
22.535,0.0,0.23273578,0.6,0.13028495,0.36793318,0.4238006,19.592491,1.4704207e-07,0.0
22.54,0.116343625,0.1064868,0.39744657,0.11407831,0.3734664,0.42381033,17.052448,-9.947133e-08,0.0
22.545,0.116343625,0.1064868,0.39744657,0.09687911,0.37599146,0.4237521,14.363358,7.7313125e-08,0.0
22.55,0.116343625,0.1064868,0.39744657,0.08652529,0.3769249,0.42389,11.651982,6.5670655e-08,0.0
22.555,0.116343625,0.1064868,0.39744657,0.07918429,0.37665644,0.42386186,9.082558,9.631765e-08,0.0
22.56,0.49472904,0.0,0.5301647,0.068086326,0.37480637,0.42347726,6.1881137,6.533309e-08,0.0
22.565,0.49472904,0.0,0.5301647,0.07221264,0.373071,0.42332566,3.006912,-3.052415e-07,0.0
22.57,0.49472904,0.0,0.5301647,0.0653291,0.3707909,0.42346537,-0.0028295342,-8.1789995e-07,0.0
22.575,0.49472904,0.0,0.5301647,0.06480715,0.3678732,0.42316818,-7.187292e-09,2.4127131e-09,0.0
22.580000000000002,0.6,0.10036302,0.32782966,0.06225586,0.36512902,0.4232228,5.9407133e-09,2.2334815e-08,0.0
22.585,0.6,0.10036302,0.32782966,0.056083985,0.36313435,0.4233132,-7.0071917e-09,1.696734e-08,0.0
22.59,0.6,0.10036302,0.32782966,0.051472943,0.3607659,0.42268014,1.2494199e-09,-1.890034e-08,0.0
22.595,0.6,0.10036302,0.32782966,0.056028996,0.3510891,0.42312416,1.685557e-08,-2.7197888e-08,0.0
22.6,0.3637544,0.0,0.6,0.08519499,0.3364506,0.42332995,6.3747776e-09,-1.635581e-08,0.0
22.605,0.3637544,0.0,0.6,0.085226476,0.31956238,0.42372993,-3.2677727e-09,1.0585972e-08,0.0
22.61,0.3637544,0.0,0.6,0.090020664,0.30141896,0.42359844,0.016313292,-1.1288148e-08,0.0
22.615000000000002,0.3637544,0.0,0.6,0.103080906,0.2847626,0.42278513,0.14496216,-3.9919185e-10,0.0
22.62,0.40960464,0.19542013,0.6,0.114321046,0.27117497,0.42274138,0.51114136,1.0127245e-08,0.0
22.625,0.40960464,0.19542013,0.6,0.12516963,0.2569504,0.42276162,1.3643743,5.155879e-08,0.0
22.63,0.40960464,0.19542013,0.6,0.15069073,0.24339351,0.4226839,2.649123,2.7671314e-08,0.0
22.635,0.40960464,0.19542013,0.6,0.16686806,0.23274334,0.42235157,4.218389,5.9506185e-08,0.0
22.64,0.5008169,0.6,0.6,0.18876058,0.22154108,0.42251027,5.9190655,5.1935434e-08,0.0
22.645,0.5008169,0.6,0.6,0.1959305,0.20775743,0.42252645,7.650591,9.340563e-08,0.0
22.650000000000002,0.5008169,0.6,0.6,0.22136028,0.19530167,0.42258823,9.295932,1.1912543e-07,0.0
22.655,0.5008169,0.6,0.6,0.23121862,0.18526486,0.4223745,10.881287,2.4930078e-08,0.0
22.66,0.30583984,0.6,0.6,0.23477894,0.17929636,0.42224753,12.412457,2.2473426e-07,0.0
22.665,0.30583984,0.6,0.6,0.24295036,0.17602576,0.42243123,13.828301,1.44975765e-08,0.0
22.67,0.30583984,0.6,0.6,0.25232095,0.17520666,0.42221865,15.120454,7.514345e-08,0.0
22.675,0.30583984,0.6,0.6,0.26278004,0.17657077,0.42197943,16.31385,1.2445035e-07,0.0
22.68,0.0,0.6,0.4631286,0.27964085,0.17730948,0.42174232,17.443665,1.0387478e-07,0.0
22.685,0.0,0.6,0.4631286,0.28623524,0.17956102,0.42154527,18.576563,1.0385374e-07,0.0
22.69,0.0,0.6,0.4631286,0.28969458,0.18880059,0.42162284,19.717419,4.219477e-08,0.0
22.695,0.0,0.6,0.4631286,0.30308542,0.20249356,0.42154786,20.82753,6.026275e-09,0.0
22.7,0.0,0.6,0.4816685,0.30872443,0.21327904,0.42180884,21.922699,1.8514926e-08,0.0
22.705000000000002,0.0,0.6,0.4816685,0.2999819,0.22702673,0.42158747,23.005592,1.11250365e-07,0.0
22.71,0.0,0.6,0.4816685,0.2973993,0.2416094,0.42134193,24.475893,5.9635234e-08,0.0
22.715,0.0,0.6,0.4816685,0.29292205,0.25321186,0.42150533,26.324127,7.5282344e-08,0.0
22.72,0.0,0.6,0.6,0.28095436,0.26520905,0.42161587,28.286993,7.363775e-08,0.0
22.725,0.0,0.6,0.6,0.2749843,0.27855083,0.42168722,30.107927,1.9856113e-08,0.0
22.73,0.0,0.6,0.6,0.28085575,0.28993168,0.42151594,31.57393,-5.272431e-08,0.0
22.735,0.0,0.6,0.6,0.27255097,0.30038112,0.42153066,32.179527,4.5070717e-08,0.0
22.740000000000002,0.0,0.6,0.6,0.2603688,0.31222335,0.42108202,32.298664,-5.723002e-09,0.0
22.745,0.0,0.6,0.6,0.2450142,0.32226035,0.4210643,32.132378,-1.8917468e-08,0.0
22.75,0.0,0.6,0.6,0.23178203,0.3316814,0.4208672,31.564583,-1.0546613e-08,0.0
22.755,0.0,0.6,0.6,0.20750873,0.34194154,0.42084143,30.56397,8.718276e-08,0.0
22.76,0.0,0.23573636,0.52464837,0.1745034,0.35111064,0.42078304,29.08333,-5.828569e-09,0.0
22.765,0.0,0.23573636,0.52464837,0.17293383,0.3590525,0.4202846,27.06149,2.6330808e-08,0.0
22.77,0.0,0.23573636,0.52464837,0.160458,0.3675985,0.4203424,24.652561,6.5998216e-09,0.0
22.775000000000002,0.0,0.23573636,0.52464837,0.14420958,0.37535524,0.42037264,22.012205,1.324797e-07,0.0
22.78,0.1257158,0.0,0.29376006,0.11662323,0.38146847,0.42016238,19.198084,-1.5600415e-07,0.0
22.785,0.1257158,0.0,0.29376006,0.10126734,0.38603213,0.42015013,16.183088,4.001035e-08,0.0
22.79,0.1257158,0.0,0.29376006,0.086145885,0.38897142,0.42014346,13.065768,2.0389518e-07,0.0
22.795,0.1257158,0.0,0.29376006,0.08995592,0.39021763,0.42018142,10.028416,-5.1195983e-08,0.0
22.8,0.6,0.0,0.10605732,0.07913913,0.3887588,0.4207094,7.1447115,-2.1046016e-07,0.0
22.805,0.6,0.0,0.10605732,0.06475044,0.3885967,0.42032486,4.0931563,-1.8668771e-07,0.0
22.81,0.6,0.0,0.10605732,0.06211501,0.3874921,0.4200587,0.95831925,1.281021e-07,0.0
22.815,0.6,0.0,0.10605732,0.053856198,0.38492003,0.41981664,9.5842525e-09,1.109642e-08,0.0
22.82,0.32506347,0.0,0.023815084,0.06326705,0.38124382,0.41841924,-2.2264167e-08,1.75358e-08,0.0
22.825,0.32506347,0.0,0.023815084,0.052345157,0.37078786,0.41785544,2.388539e-09,-2.553928e-09,0.0
22.830000000000002,0.32506347,0.0,0.023815084,0.039516117,0.34981492,0.41787648,4.196106e-09,-1.4999296e-08,0.0
22.835,0.32506347,0.0,0.023815084,0.046230085,0.3253251,0.41604307,6.2906644e-09,-1.6050747e-08,0.0
22.84,0.26892155,0.0,0.39044747,0.047919307,0.29857427,0.41380313,4.6508578e-10,3.4423495e-09,0.0
22.845,0.26892155,0.0,0.39044747,0.062195748,0.2725156,0.41181085,2.8087072e-10,3.6488938e-08,0.0
22.85,0.26892155,0.0,0.39044747,0.07722659,0.24598753,0.40741038,0.22175291,-2.414104e-08,0.0
22.855,0.26892155,0.0,0.39044747,0.090662755,0.22130023,0.39504704,0.7709005,5.6902905e-09,0.0
22.86,0.6,0.31313303,0.24895847,0.10607833,0.19753179,0.37715164,1.5963131,4.5006644e-08,0.0
22.865000000000002,0.6,0.31313303,0.24895847,0.11234154,0.1768377,0.35879788,2.6276665,1.1394685e-08,0.0
22.87,0.6,0.31313303,0.24895847,0.13730901,0.15729085,0.34347394,3.7356803,4.6906987e-08,0.0
22.875,0.6,0.31313303,0.24895847,0.1483114,0.13999222,0.33281967,4.903988,6.396902e-08,0.0
22.88,0.5862878,0.3995559,0.4229825,0.1608088,0.12371731,0.3251015,6.09133,3.633819e-08,0.0
22.885,0.5862878,0.3995559,0.4229825,0.17395532,0.10645335,0.31887695,7.2385726,7.043185e-08,0.0
22.89,0.5862878,0.3995559,0.4229825,0.19679411,0.09304765,0.313839,8.330377,3.978049e-08,0.0
22.895,0.5862878,0.3995559,0.4229825,0.20832111,0.09656678,0.3101018,9.435294,3.143461e-08,0.0
22.900000000000002,0.30371553,0.6,0.0,0.21449845,0.090358905,0.30573857,10.572188,1.2665665e-08,0.0
22.905,0.30371553,0.6,0.0,0.22904152,0.1005228,0.30138716,11.696849,9.060753e-08,0.0
22.91,0.30371553,0.6,0.0,0.25287017,0.10569468,0.29830042,12.822751,4.087256e-08,0.0
22.915,0.30371553,0.6,0.0,0.25957015,0.11927468,0.2971649,14.045664,2.1077806e-08,0.0
22.92,0.28068867,0.6,0.0,0.27707517,0.12978218,0.2973536,15.349138,2.5215824e-08,0.0
22.925,0.28068867,0.6,0.0,0.27548572,0.14986476,0.29722935,16.728317,8.7188994e-08,0.0
22.93,0.28068867,0.6,0.0,0.28169876,0.16458091,0.2964565,18.556103,1.85381e-07,0.0
22.935,0.28068867,0.6,0.0,0.27975273,0.17763916,0.29322746,20.354895,1.3883086e-07,0.0
22.94,0.42827767,0.6,0.0,0.28600633,0.18835331,0.2845942,22.251652,8.0747625e-08,0.0
22.945,0.42827767,0.6,0.0,0.29596692,0.20218024,0.27090546,23.89298,4.546101e-08,0.0
22.95,0.42827767,0.6,0.0,0.3071704,0.21648116,0.25337994,25.103128,1.2584624e-07,0.0
22.955000000000002,0.42827767,0.6,0.0,0.3064653,0.22782259,0.23487297,26.053005,5.891936e-08,0.0
22.96,0.28557014,0.6,0.0,0.29742178,0.24018623,0.21558069,27.319027,2.2195955e-08,0.0
22.965,0.28557014,0.6,0.0,0.29145983,0.2533859,0.19626512,28.927795,5.7938774e-08,0.0
22.97,0.28557014,0.6,0.0,0.28503776,0.26350877,0.17835668,30.620892,1.4453414e-07,0.0
22.975,0.28557014,0.6,0.0,0.28873685,0.27503967,0.16064993,32.18243,1.9298736e-07,0.0
22.98,0.33304763,0.57554895,0.0,0.29514718,0.28695843,0.14457746,32.911316,0.6157241,0.0
22.985,0.33304763,0.57554895,0.0,0.30601907,0.2973766,0.12909286,32.754192,1.9726616,0.0
22.990000000000002,0.33304763,0.57554895,0.0,0.30334848,0.30617565,0.11638561,32.091133,3.6305962,0.0
22.995,0.33304763,0.57554895,0.0,0.29998106,0.31683907,0.10220206,31.735252,4.6794953,0.0
23.0,0.21127982,0.6,0.0,0.30565837,0.32565773,0.0870161,31.75754,5.062072,0.0
23.005,0.21127982,0.6,0.0,0.3050149,0.33370095,0.073949076,31.32983,5.7158256,0.0
23.01,0.21127982,0.6,0.0,0.30342332,0.34261385,0.061308384,30.942848,6.0859785,0.0
23.015,0.21127982,0.6,0.0,0.29712406,0.35043594,0.06462664,30.825512,5.9302173,0.0
23.02,0.59407234,0.42523766,0.0,0.30223215,0.3569491,0.058255836,30.748404,5.5157337,0.0
23.025000000000002,0.59407234,0.42523766,0.0,0.3041592,0.36452535,0.05325163,30.052538,5.579182,0.0
23.03,0.59407234,0.42523766,0.0,0.30630648,0.37099642,0.036177997,28.737696,6.1031528,0.0
23.035,0.59407234,0.42523766,0.0,0.30799884,0.37658983,0.017339837,27.142296,6.698238,0.0
23.04,0.22421011,0.09937519,0.27592963,0.30494255,0.38229048,0.011149714,25.492245,7.1102047,0.0
23.045,0.22421011,0.09937519,0.27592963,0.30408832,0.38754243,0.0055298647,24.51828,6.5329084,0.0
23.05,0.22421011,0.09937519,0.27592963,0.3037184,0.3912613,0.009672018,24.272373,4.9365997,0.0
23.055,0.22421011,0.09937519,0.27592963,0.30530882,0.394583,0.0032971422,24.43526,2.6974351,0.0
23.06,0.4010486,0.21906716,0.10168346,0.31003082,0.39662838,6.164571e-05,24.188198,0.73903114,0.0
23.065,0.4010486,0.21906716,0.10168346,0.31154478,0.39686158,0.006593951,23.292877,0.021628374,0.0
23.07,0.4010486,0.21906716,0.10168346,0.31632045,0.39530644,0.0033134497,22.175705,2.9249158e-08,0.0
23.075,0.4010486,0.21906716,0.10168346,0.31861183,0.3934987,0.0052032275,20.397964,0.6401945,0.0
23.080000000000002,0.2506434,0.16985919,0.27027723,0.32817796,0.39191654,0.0063505685,18.128658,1.5598805,0.0
23.085,0.2506434,0.16985919,0.27027723,0.33457768,0.3891334,0.014497169,15.9131975,2.1427624,0.0
23.09,0.2506434,0.16985919,0.27027723,0.3315032,0.38726437,0.01777412,14.077492,2.0354893,0.0
23.095,0.2506434,0.16985919,0.27027723,0.3395385,0.38640195,0.02813774,13.373367,0.41960397,0.0
23.1,0.49134964,0.16577052,0.45256674,0.34466663,0.38250893,0.037001885,12.814697,-7.497713e-09,0.0
23.105,0.49134964,0.16577052,0.45256674,0.33882356,0.3735248,0.040039442,12.363817,-4.0396657e-08,0.0
23.11,0.49134964,0.16577052,0.45256674,0.3385333,0.3647885,0.059115734,12.685142,8.552724e-08,0.0
23.115000000000002,0.49134964,0.16577052,0.45256674,0.3320569,0.3551194,0.0736076,13.8194275,9.991709e-09,0.0
23.12,0.39767924,0.5403293,0.15617031,0.33179212,0.34166023,0.08436057,15.39798,1.5465426e-07,0.0
23.125,0.39767924,0.5403293,0.15617031,0.3338463,0.32906443,0.10864479,17.176344,1.640053e-07,0.0
23.13,0.39767924,0.5403293,0.15617031,0.33053243,0.31760037,0.118931174,18.414795,0.38401288,0.0
23.135,0.39767924,0.5403293,0.15617031,0.33451524,0.30511642,0.13381267,19.63564,0.52280265,0.0
23.14,0.36995614,0.4567073,0.09653718,0.32604998,0.29417396,0.14561531,20.49964,0.8074138,0.0
23.145,0.36995614,0.4567073,0.09653718,0.33730108,0.2873797,0.16008489,21.462227,0.72438127,0.0
23.150000000000002,0.36995614,0.4567073,0.09653718,0.3351869,0.2851862,0.17076647,22.16743,0.6855522,0.0
23.155,0.36995614,0.4567073,0.09653718,0.33610126,0.2840188,0.17557721,23.06024,0.19105864,0.0
23.16,0.6,0.51648885,0.0,0.34015253,0.28369033,0.1779638,23.60091,0.0588127,0.0
23.165,0.6,0.51648885,0.0,0.33805725,0.28491676,0.1791653,23.62058,0.3616899,0.0
23.17,0.6,0.51648885,0.0,0.33180338,0.2853571,0.17908585,24.480349,1.1625497e-07,0.0
23.175,0.6,0.51648885,0.0,0.34670976,0.28638378,0.17877251,26.14024,1.3481565e-07,0.0
23.18,0.4482592,0.53411365,0.040573813,0.34279612,0.28913403,0.17868306,27.752254,0.057830215,0.0
23.185,0.4482592,0.53411365,0.040573813,0.3400461,0.293842,0.17816432,29.535547,1.0880649e-07,0.0
23.19,0.4482592,0.53411365,0.040573813,0.35152188,0.2992666,0.1769653,31.51881,1.06339265e-07,0.0
23.195,0.4482592,0.53411365,0.040573813,0.36103612,0.3047641,0.17556843,32.89077,0.45025465,0.0
23.2,0.6,0.6,0.0,0.36299,0.31367528,0.1713577,33.504566,1.5022434,0.0
23.205000000000002,0.6,0.6,0.0,0.37357202,0.32297364,0.16124247,33.597473,2.8806796,0.0
23.21,0.6,0.6,0.0,0.37600768,0.33048764,0.14892295,33.365,4.3626842,0.0
23.215,0.6,0.6,0.0,0.38206938,0.33956045,0.1351461,32.938168,5.802933,0.0
23.22,0.4818804,0.59736687,0.3933424,0.38175577,0.3479052,0.121514715,32.406147,7.1059947,0.0
23.225,0.4818804,0.59736687,0.3933424,0.38698548,0.35438067,0.10823644,32.56168,7.399455,0.0
23.23,0.4818804,0.59736687,0.3933424,0.39044493,0.3614288,0.09814986,32.682926,7.514664,0.0
23.235,0.4818804,0.59736687,0.3933424,0.3939977,0.36873668,0.075701065,32.38339,7.8801546,0.0
23.240000000000002,0.5995729,0.4797128,0.6,0.40794322,0.37499171,0.06819471,31.84013,8.293926,0.0
23.245,0.5995729,0.4797128,0.6,0.41312328,0.38059542,0.06558562,31.238657,8.549488,0.0
23.25,0.5995729,0.4797128,0.6,0.41223603,0.38692528,0.067829356,30.678373,8.540985,0.0
23.255,0.5995729,0.4797128,0.6,0.4108971,0.39158106,0.06383739,30.96679,7.381111,0.0
23.26,0.25952148,0.37454832,0.6,0.40762728,0.39617974,0.07046101,32.06121,5.147757,0.0
23.265,0.25952148,0.37454832,0.6,0.40712172,0.40083456,0.07814171,33.454597,2.4242785,0.0
23.27,0.25952148,0.37454832,0.6,0.41586927,0.40460667,0.08925644,34.754177,-1.453513e-07,0.0
23.275000000000002,0.25952148,0.37454832,0.6,0.41658276,0.40744802,0.106799334,34.83906,0.597302,0.0
23.28,0.2959034,0.35747272,0.6,0.41281745,0.4097696,0.12066026,34.164753,1.7999804,0.0
23.285,0.2959034,0.35747272,0.6,0.40935197,0.4108839,0.13510606,33.88999,2.302224,0.0
23.29,0.2959034,0.35747272,0.6,0.4103961,0.41086012,0.14986178,34.221027,1.8986089,0.0
23.295,0.2959034,0.35747272,0.6,0.41653088,0.4104602,0.16220523,33.24533,2.742689,0.0
23.3,0.39870307,0.6,0.6,0.41959688,0.41008908,0.17607546,30.858212,4.905698,0.0
23.305,0.39870307,0.6,0.6,0.4280147,0.4097845,0.19013473,27.920176,7.391697,0.0
23.31,0.39870307,0.6,0.6,0.4170486,0.40910155,0.20187911,25.005451,9.553258,0.0
23.315,0.39870307,0.6,0.6,0.41350305,0.40886423,0.21445028,23.17827,10.225546,0.0
23.32,0.0,0.6,0.6,0.4151731,0.40825003,0.2280409,22.516396,9.370834,0.0
23.325,0.0,0.6,0.6,0.41210228,0.40801957,0.23967572,21.79169,8.383178,0.0
23.330000000000002,0.0,0.6,0.6,0.4101407,0.407707,0.25062874,21.513767,6.6935143,0.0
23.335,0.0,0.6,0.6,0.40817735,0.40734267,0.26309678,21.918722,3.9631083,0.0
23.34,0.0,0.6,0.6,0.40620503,0.4074467,0.2736879,22.689283,0.38699573,0.0
23.345,0.0,0.6,0.6,0.40498817,0.40732867,0.2835726,23.60779,8.6797066e-08,0.0
23.35,0.0,0.6,0.6,0.40018907,0.40714598,0.2941302,24.680044,9.992318e-08,0.0
23.355,0.0,0.6,0.6,0.4034032,0.4064622,0.30414668,25.43956,2.637414e-08,0.0
23.36,0.0,0.6,0.6,0.38694578,0.40535694,0.31288654,25.289001,-1.3567487e-08,0.0
23.365000000000002,0.0,0.6,0.6,0.36650127,0.40455523,0.32203564,24.78234,-5.3228916e-08,0.0
23.37,0.0,0.6,0.6,0.3345713,0.40351996,0.3306942,24.239738,5.980167e-09,0.0
23.375,0.0,0.6,0.6,0.31363428,0.40353355,0.33806682,23.4555,-5.4448268e-08,0.0
23.38,0.0,0.45601073,0.6,0.28282642,0.4026339,0.34628722,22.983414,-7.2328943e-09,0.0
23.385,0.0,0.45601073,0.6,0.26714408,0.40274668,0.35369867,22.170965,-5.1277254e-08,0.0
23.39,0.0,0.45601073,0.6,0.24661699,0.40309206,0.36023074,21.312696,-3.271217e-08,0.0
23.395,0.0,0.45601073,0.6,0.23434101,0.4040227,0.36652347,20.633205,1.1860973e-08,0.0
23.400000000000002,0.0,0.067736655,0.6,0.20667823,0.4049553,0.3729501,19.968975,4.387598e-08,0.0
23.405,0.0,0.067736655,0.6,0.17876339,0.40600383,0.37839916,19.123402,4.6707928e-08,0.0
23.41,0.0,0.067736655,0.6,0.16050354,0.40710774,0.3833896,17.913183,3.0991117e-08,0.0
23.415,0.0,0.067736655,0.6,0.14530866,0.408386,0.38813636,16.31763,6.216016e-08,0.0
23.42,0.26016748,0.0,0.5929626,0.11830533,0.409515,0.39199698,14.425979,-1.2850404e-07,0.0
23.425,0.26016748,0.0,0.5929626,0.11315951,0.41107342,0.3945988,12.278708,-1.174644e-07,0.0
23.43,0.26016748,0.0,0.5929626,0.10864939,0.41213858,0.3970672,10.054303,-3.7853038e-08,0.0
23.435,0.26016748,0.0,0.5929626,0.090195075,0.41112053,0.39933023,7.971793,2.0953394e-08,0.0
23.44,0.6,0.13812204,0.47364694,0.070417054,0.4100369,0.40104994,5.429678,-3.8764676e-09,0.0
23.445,0.6,0.13812204,0.47364694,0.05526538,0.40955368,0.40311214,2.368786,8.623022e-08,0.0
23.45,0.6,0.13812204,0.47364694,0.065792054,0.40827632,0.40507966,-4.233248e-08,-2.4520862e-08,0.0
23.455000000000002,0.6,0.13812204,0.47364694,0.054408584,0.4057673,0.4076694,-5.088875e-09,-9.2538865e-09,0.0
23.46,0.46897218,0.019549478,0.31380767,0.047025863,0.40093324,0.41085204,1.3332106e-11,2.7107005e-08,0.0
23.465,0.46897218,0.019549478,0.31380767,0.038806632,0.39001212,0.4139081,-2.7224576e-09,2.1605617e-08,0.0
23.47,0.46897218,0.019549478,0.31380767,0.042212725,0.37302357,0.4159963,-9.3516395e-09,1.23218955e-08,0.0
23.475,0.46897218,0.019549478,0.31380767,0.0708979,0.35578308,0.41747594,-2.3596196e-09,-2.2694365e-08,0.0
23.48,0.26642996,0.0,0.6,0.09950128,0.3403106,0.4187914,5.0527127e-10,1.536202e-08,0.0
23.485,0.26642996,0.0,0.6,0.11029972,0.32407936,0.4191424,0.015882868,-1.0740928e-08,0.0
23.490000000000002,0.26642996,0.0,0.6,0.12274423,0.3079924,0.41838124,0.19245808,3.3975986e-08,0.0
23.495,0.26642996,0.0,0.6,0.13295168,0.29482836,0.41809782,0.6645045,8.1093795e-08,0.0
23.5,0.6,0.31619066,0.4824581,0.14817388,0.28100404,0.41768748,1.4401395,-6.716348e-08,0.0
23.505,0.6,0.31619066,0.4824581,0.16744024,0.26431188,0.41744483,2.479735,3.2731474e-08,0.0
23.51,0.6,0.31619066,0.4824581,0.17798422,0.24504305,0.41733167,3.9572158,-5.1729188e-08,0.0
23.515,0.6,0.31619066,0.4824581,0.19722144,0.22533703,0.416604,5.7500305,1.6294324e-07,0.0
23.52,0.6,0.4625471,0.543769,0.18895426,0.20469436,0.41615266,7.645466,1.3827926e-08,0.0
23.525000000000002,0.6,0.4625471,0.543769,0.19851497,0.1859461,0.41590276,9.709489,2.3165917e-07,0.0
23.53,0.6,0.4625471,0.543769,0.20065632,0.17608754,0.41565272,11.5348215,1.9383954e-07,0.0
23.535,0.6,0.4625471,0.543769,0.2088032,0.1729701,0.41507307,12.907875,7.137289e-08,0.0
23.54,0.20839138,0.6,0.0,0.2297195,0.17046267,0.41473818,13.928596,6.834721e-08,0.0
23.545,0.20839138,0.6,0.0,0.24973899,0.17051955,0.4146514,14.792886,5.6646808e-08,0.0
23.55,0.20839138,0.6,0.0,0.2660655,0.17309101,0.41412959,15.674534,1.1740878e-07,0.0
23.555,0.20839138,0.6,0.0,0.27271265,0.17667755,0.41420165,16.657377,1.468715e-07,0.0
23.56,0.23333202,0.6,0.0,0.28502032,0.18189408,0.41423705,17.724882,6.667933e-08,0.0
23.565,0.23333202,0.6,0.0,0.28452212,0.19295576,0.4138014,18.860886,9.636133e-09,0.0
23.57,0.23333202,0.6,0.0,0.28885132,0.20794846,0.41214845,20.463581,5.699637e-08,0.0
23.575,0.23333202,0.6,0.0,0.28557378,0.2196686,0.41139123,22.05395,3.900482e-08,0.0
23.580000000000002,0.4385179,0.50445855,0.0,0.29132187,0.23293538,0.41081712,23.76054,1.9008292e-08,0.0
23.585,0.4385179,0.50445855,0.0,0.28933495,0.2466975,0.4087325,25.230797,4.4210825e-08,0.0
23.59,0.4385179,0.50445855,0.0,0.28552976,0.2587183,0.4026588,26.707653,1.529743e-07,0.0
23.595,0.4385179,0.50445855,0.0,0.27697384,0.26996484,0.3895994,28.330608,8.461378e-09,0.0
23.6,0.3670651,0.6,0.0,0.27844062,0.2836771,0.36898276,29.84977,1.761986e-09,0.0
23.605,0.3670651,0.6,0.0,0.27829802,0.29573992,0.34549266,30.642372,4.0583345e-08,0.0
23.61,0.3670651,0.6,0.0,0.27427268,0.30564493,0.32043755,31.051315,2.9820967e-08,0.0
23.615000000000002,0.3670651,0.6,0.0,0.27826545,0.3167026,0.29498142,31.315825,-4.310487e-08,0.0
23.62,0.26844305,0.6,0.0,0.2831809,0.32586372,0.26875594,30.945759,4.007186e-09,0.0
23.625,0.26844305,0.6,0.0,0.2877483,0.3339264,0.24454395,29.924822,-5.7977488e-08,0.0
23.63,0.26844305,0.6,0.0,0.28050318,0.34282264,0.22108892,28.529375,-4.655858e-08,0.0
23.635,0.26844305,0.6,0.0,0.2888242,0.35077357,0.20006509,27.365068,1.0062741e-08,0.0
23.64,0.19720946,0.5696416,0.0,0.2937059,0.35743707,0.17944877,26.152552,0.15352754,0.0
23.645,0.19720946,0.5696416,0.0,0.29554623,0.36459345,0.16096175,24.804728,0.21343651,0.0
23.650000000000002,0.19720946,0.5696416,0.0,0.296669,0.37143058,0.14362544,23.480486,0.0036571827,0.0
23.655,0.19720946,0.5696416,0.0,0.29789335,0.37618807,0.12829666,22.173124,-3.3247233e-08,0.0
23.66,0.493691,0.31204295,0.0,0.3074769,0.3812995,0.11431958,21.003918,-1.9722261e-08,0.0
23.665,0.493691,0.31204295,0.0,0.30049944,0.38549516,0.1027351,20.057198,-5.5847924e-08,0.0
23.67,0.493691,0.31204295,0.0,0.29737583,0.38869402,0.09453172,19.803799,7.898664e-09,0.0
23.675,0.493691,0.31204295,0.0,0.293652,0.39214733,0.08800422,20.225054,2.9812146e-08,0.0
23.68,0.15570875,0.0,0.0,0.304476,0.39562586,0.08885827,20.99599,-3.206093e-09,0.0
23.685,0.15570875,0.0,0.0,0.298451,0.39829457,0.080551654,21.416803,0.27668545,0.0
23.69,0.15570875,0.0,0.0,0.3004776,0.39885488,0.061244234,21.894402,0.23415619,0.0
23.695,0.15570875,0.0,0.0,0.30089778,0.39857236,0.058086876,22.026335,0.3341658,0.0
23.7,0.3013761,0.09758297,0.0,0.311382,0.3985144,0.046858743,20.870146,1.621484,0.0
23.705000000000002,0.3013761,0.09758297,0.0,0.3011413,0.3965363,0.031338405,18.778805,3.6650972,0.0
23.71,0.3013761,0.09758297,0.0,0.29983726,0.39547187,0.02899619,16.970358,5.0893087,0.0
23.715,0.3013761,0.09758297,0.0,0.30073538,0.39476728,0.022701936,15.803758,5.517796,0.0
23.72,0.24033271,0.056440387,0.059213825,0.30039155,0.39291808,0.01701898,14.551308,5.7853527,0.0
23.725,0.24033271,0.056440387,0.059213825,0.29826286,0.38959217,0.016005417,13.728131,5.3202734,0.0
23.73,0.24033271,0.056440387,0.059213825,0.29041752,0.38568908,0.0004399704,13.563443,3.8911214,0.0
23.735,0.24033271,0.056440387,0.059213825,0.29696143,0.37843373,0.0058387225,13.766107,1.8441508,0.0
23.740000000000002,0.38097134,0.103101686,0.33949283,0.298821,0.36488077,-0.0036800934,13.633167,-6.6874713e-07,0.0
23.745,0.38097134,0.103101686,0.33949283,0.29446533,0.3475744,0.006414905,12.914153,-3.8803083e-08,0.0
23.75,0.38097134,0.103101686,0.33949283,0.2919664,0.33340538,0.0023939917,12.765601,6.147095e-09,0.0
23.755,0.38097134,0.103101686,0.33949283,0.29167986,0.3172919,0.0025853103,13.34808,7.93553e-08,0.0
23.76,0.50303215,0.56368566,0.013680232,0.2987312,0.3021038,0.002615541,14.4565115,1.08805025e-07,0.0
23.765,0.50303215,0.56368566,0.013680232,0.29487938,0.28871745,0.0001678137,15.455122,0.06607363,0.0
23.77,0.50303215,0.56368566,0.013680232,0.29594752,0.27548054,0.0047199647,16.652182,1.1005284e-07,0.0
23.775000000000002,0.50303215,0.56368566,0.013680232,0.30232894,0.2623082,0.011034109,17.66897,0.12266695,0.0
23.78,0.39725932,0.49780142,0.03795054,0.29433042,0.25313303,0.025259908,18.37172,0.33501586,0.0
23.785,0.39725932,0.49780142,0.03795054,0.29821867,0.24948935,0.03609006,19.44049,1.4173553e-08,0.0
23.79,0.39725932,0.49780142,0.03795054,0.2973947,0.24848191,0.034712516,20.301735,0.113145664,0.0
23.795,0.39725932,0.49780142,0.03795054,0.29609135,0.2471358,0.028711015,21.33035,7.8204614e-08,0.0
23.8,0.6,0.5031806,0.0,0.29414687,0.24762607,0.032084953,22.586786,1.3249824e-07,0.0
23.805,0.6,0.5031806,0.0,0.29629487,0.2505703,0.034005534,24.222065,1.9550346e-07,0.0
23.81,0.6,0.5031806,0.0,0.29519168,0.254744,0.036861915,25.66105,0.14461552,0.0
23.815,0.6,0.5031806,0.0,0.29321462,0.26062742,0.041307863,27.208466,5.4638942e-08,0.0
23.82,0.5285846,0.6,0.113392554,0.29060653,0.27063844,0.049118783,28.91378,1.7060405e-07,0.0
23.825,0.5285846,0.6,0.113392554,0.29053372,0.2829241,0.04910367,30.581232,1.2234338e-07,0.0
23.830000000000002,0.5285846,0.6,0.113392554,0.3038109,0.2933086,0.047653344,32.030804,0.002357582,0.0
23.835,0.5285846,0.6,0.113392554,0.3143523,0.3047082,0.03645055,32.649307,0.64864975,0.0
23.84,0.6,0.6,0.08823461,0.32146412,0.31521362,0.037069734,32.455387,1.9530902,0.0
23.845,0.6,0.6,0.08823461,0.33179495,0.3237895,0.029862147,31.791851,3.519046,0.0
23.85,0.6,0.6,0.08823461,0.34022996,0.33216143,0.023583429,30.916096,5.055032,0.0
23.855,0.6,0.6,0.08823461,0.35053548,0.34185117,0.017775675,29.99912,6.373684,0.0
23.86,0.34288573,0.6,0.55154574,0.3669628,0.34960255,0.019826185,29.142134,7.369959,0.0
23.865000000000002,0.34288573,0.6,0.55154574,0.37031525,0.3564319,0.012694869,28.447342,7.9402027,0.0
23.87,0.34288573,0.6,0.55154574,0.36804664,0.3635118,0.025995806,27.914564,8.096523,0.0
23.875,0.34288573,0.6,0.55154574,0.37451285,0.36965114,0.02957371,28.194328,7.1292415,0.0
23.88,0.6,0.6,0.6,0.37693158,0.37499246,0.02390596,28.524925,5.913176,0.0
23.885,0.6,0.6,0.6,0.3801071,0.38109535,0.034091126,28.489998,4.909699,0.0
23.89,0.6,0.6,0.6,0.37670076,0.38590446,0.044044606,28.229464,3.9568548,0.0
23.895,0.6,0.6,0.6,0.3751761,0.3899871,0.054395206,28.558985,2.144313,0.0
23.900000000000002,0.32784763,0.4609796,0.6,0.3734814,0.3945711,0.06581876,29.406431,-4.7589648e-08,0.0
23.905,0.32784763,0.4609796,0.6,0.3775108,0.398351,0.08405805,30.128075,2.5669634e-08,0.0
23.91,0.32784763,0.4609796,0.6,0.37711146,0.40082645,0.09737858,30.348291,0.46964368,0.0
23.915,0.32784763,0.4609796,0.6,0.38768518,0.40273157,0.10531385,30.656315,0.59396553,0.0
23.92,0.35073757,0.5246725,0.6,0.3865677,0.40382284,0.121941485,30.645042,0.84203553,0.0
23.925,0.35073757,0.5246725,0.6,0.39113635,0.40507746,0.1380448,30.862242,0.5959225,0.0
23.93,0.35073757,0.5246725,0.6,0.39917597,0.40589058,0.15115899,30.81115,0.4277151,0.0
23.935000000000002,0.35073757,0.5246725,0.6,0.41070235,0.40653282,0.1639691,30.285473,0.56071615,0.0
23.94,0.45231822,0.6,0.6,0.39369085,0.40643698,0.17923833,29.613441,0.6211283,0.0
23.945,0.45231822,0.6,0.6,0.3866493,0.40585005,0.19237472,28.830292,0.57135355,0.0
23.95,0.45231822,0.6,0.6,0.3943,0.4057244,0.20422055,27.948372,0.39881387,0.0
23.955000000000002,0.45231822,0.6,0.6,0.38056183,0.40581852,0.21722278,26.346413,0.79817903,0.0
23.96,0.08335889,0.6,0.6,0.36950123,0.40548,0.22963496,25.598726,-9.0846845e-07,0.0
23.965,0.08335889,0.6,0.6,0.36918965,0.4052856,0.240375,25.020723,-2.09433e-08,0.0
23.97,0.08335889,0.6,0.6,0.36668926,0.40491813,0.25304547,24.36925,-3.624508e-08,0.0
23.975,0.08335889,0.6,0.6,0.36518183,0.40493798,0.2642495,23.71015,9.493591e-09,0.0
23.98,0.0,0.6,0.6,0.3616738,0.40550107,0.2739746,23.735231,2.8128563e-08,0.0
23.985,0.0,0.6,0.6,0.37859103,0.40586084,0.28438023,24.51088,3.7987842e-08,0.0
23.990000000000002,0.0,0.6,0.6,0.37587735,0.4062158,0.294919,25.196375,4.936446e-08,0.0
23.995,0.0,0.6,0.6,0.3766267,0.40668175,0.30384257,26.097197,7.04019e-08,0.0
24.0,0.0,0.6,0.6,0.37687996,0.4071433,0.3127079,26.763802,2.7097276e-08,0.0
24.005,0.0,0.6,0.6,0.37489235,0.40749782,0.3216405,26.91304,-2.2889153e-09,0.0
24.01,0.0,0.6,0.6,0.38414693,0.407966,0.3294072,27.304811,2.513253e-08,0.0
24.015,0.0,0.6,0.6,0.376744,0.4081287,0.33743075,27.566008,1.1735863e-08,0.0
24.02,0.0,0.4275681,0.6,0.35351333,0.40847102,0.3452841,28.005407,5.7035408e-08,0.0
24.025000000000002,0.0,0.4275681,0.6,0.32757807,0.4086147,0.35218397,28.6746,7.5190066e-08,0.0
24.03,0.0,0.4275681,0.6,0.3100012,0.40880495,0.35827357,29.203959,3.0355384e-08,0.0
24.035,0.0,0.4275681,0.6,0.2833408,0.40863013,0.3649526,29.402908,1.6678465e-08,0.0
24.04,0.0,0.106444396,0.6,0.25982407,0.40855747,0.3707711,28.476748,-1.2640286e-08,0.0
24.045,0.0,0.106444396,0.6,0.23591816,0.40872478,0.37593985,26.29103,5.759124e-09,0.0
24.05,0.0,0.106444396,0.6,0.20652422,0.40891457,0.38098273,23.851494,1.0489915e-07,0.0
24.055,0.0,0.106444396,0.6,0.19371855,0.40911743,0.38565361,21.48809,-8.179301e-08,0.0
24.060000000000002,0.2607458,0.0,0.45816883,0.16947636,0.4091184,0.38965684,19.172544,-4.9956345e-08,0.0
24.065,0.2607458,0.0,0.45816883,0.14433603,0.4096287,0.39355883,16.852772,-4.8141086e-08,0.0
24.07,0.2607458,0.0,0.45816883,0.12681867,0.40883175,0.39738458,14.453192,-9.892335e-09,0.0
24.075,0.2607458,0.0,0.45816883,0.11823947,0.4070059,0.40016758,11.364941,-8.259244e-09,0.0
24.080000000000002,0.6,0.0613504,0.44255605,0.10496717,0.4061709,0.4028551,7.7072344,6.6894867e-09,0.0
24.085,0.6,0.0613504,0.44255605,0.084828936,0.40433326,0.40559173,3.9842818,-1.3076571e-07,0.0
24.09,0.6,0.0613504,0.44255605,0.08488438,0.40292057,0.40657958,0.53700054,-2.2481426e-07,0.0
24.095,0.6,0.0613504,0.44255605,0.09278566,0.39925873,0.40787396,-2.3139577e-09,-8.33502e-10,0.0
24.1,0.3324578,0.0,0.5343209,0.08908842,0.39263138,0.40888137,-3.661091e-09,1.0026983e-08,0.0
24.105,0.3324578,0.0,0.5343209,0.08967418,0.37771183,0.4100147,-2.2761577e-09,-1.6682723e-08,0.0
24.11,0.3324578,0.0,0.5343209,0.09606269,0.3604274,0.41117308,1.499489e-08,2.8898643e-09,0.0
24.115000000000002,0.3324578,0.0,0.5343209,0.10209996,0.34462062,0.41198185,7.3583393e-09,-1.41199e-08,0.0
24.12,0.18169445,0.08397328,0.6,0.119412005,0.3289222,0.41261968,0.01192742,1.4881745e-08,0.0
24.125,0.18169445,0.08397328,0.6,0.13250795,0.31222582,0.413117,0.2226233,2.181348e-08,0.0
24.13,0.18169445,0.08397328,0.6,0.14719059,0.2982055,0.41421413,0.7829807,-9.209312e-10,0.0
24.135,0.18169445,0.08397328,0.6,0.16507366,0.28466237,0.41461578,1.7075046,4.0214303e-08,0.0
24.14,0.4606672,0.42336568,0.6,0.17997134,0.2697285,0.41533196,2.9425292,2.3169639e-08,0.0
24.145,0.4606672,0.42336568,0.6,0.18809712,0.25284255,0.4163959,4.3800797,6.552872e-08,0.0
24.150000000000002,0.4606672,0.42336568,0.6,0.18943553,0.2377248,0.41665378,6.0717626,1.12310964e-07,0.0
24.155,0.4606672,0.42336568,0.6,0.19496801,0.22335327,0.4165161,7.84795,1.2614908e-07,0.0
24.16,0.45991188,0.6,0.6,0.19503921,0.21273558,0.41652203,9.493932,1.8013147e-08,0.0
24.165,0.45991188,0.6,0.6,0.20181222,0.20719008,0.41673908,10.89257,5.127865e-08,0.0
24.17,0.45991188,0.6,0.6,0.20590721,0.2058879,0.4168828,12.04206,5.0087575e-08,0.0
24.175,0.45991188,0.6,0.6,0.20009373,0.20492013,0.41731486,12.977321,4.8783306e-09,0.0
24.18,0.0,0.6,0.4594653,0.20702022,0.20521213,0.41804048,14.020895,8.02263e-08,0.0
24.185000000000002,0.0,0.6,0.4594653,0.22229385,0.20829712,0.41864038,14.911253,6.464978e-09,0.0
24.19,0.0,0.6,0.4594653,0.22400166,0.21498108,0.41973037,15.573744,5.0264084e-08,0.0
24.195,0.0,0.6,0.4594653,0.23780532,0.222526,0.42025042,16.098206,3.253192e-08,0.0
24.2,0.0,0.6,0.48443258,0.24757415,0.23228604,0.4207637,16.583809,9.904632e-09,0.0
24.205000000000002,0.0,0.6,0.48443258,0.24959429,0.24570866,0.4206916,17.109835,4.311236e-08,0.0
24.21,0.0,0.6,0.48443258,0.2575957,0.2578191,0.42049938,17.663256,7.6497734e-08,0.0
24.215,0.0,0.6,0.48443258,0.24976984,0.26854968,0.42083707,18.246494,6.9904424e-08,0.0
24.22,0.0,0.6,0.6,0.24837263,0.2810893,0.42084175,19.212317,6.9518784e-08,0.0
24.225,0.0,0.6,0.6,0.24576208,0.29245365,0.42060122,20.547182,1.1848189e-07,0.0
24.23,0.0,0.6,0.6,0.24136817,0.3022922,0.42065886,21.962238,1.4443974e-07,0.0
24.235,0.0,0.6,0.6,0.24773337,0.31363985,0.42000413,23.218029,3.371765e-08,0.0
24.240000000000002,0.0,0.6,0.6,0.24280404,0.3246617,0.4192299,23.806547,8.645263e-09,0.0
24.245,0.0,0.6,0.6,0.22166876,0.3334008,0.41920167,24.029049,4.2768157e-08,0.0
24.25,0.0,0.6,0.6,0.20977117,0.3433924,0.41857702,23.984453,-3.5929517e-08,0.0
24.255,0.0,0.6,0.6,0.19838588,0.3524184,0.41834188,23.553839,1.0083198e-07,0.0
24.26,0.0,0.2568857,0.6,0.18028241,0.3600738,0.41800314,22.728529,-3.304432e-08,0.0
24.265,0.0,0.2568857,0.6,0.16150619,0.36780006,0.4176416,21.496397,3.7624527e-08,0.0
24.27,0.0,0.2568857,0.6,0.14638332,0.3758687,0.41693565,19.850477,9.1494805e-08,0.0
24.275000000000002,0.0,0.2568857,0.6,0.121181525,0.38130227,0.41672212,17.836414,-1.3884261e-07,0.0
24.28,0.21039252,0.0,0.31162933,0.10703484,0.38683754,0.41687799,15.479431,-2.6090444e-08,0.0
24.285,0.21039252,0.0,0.31162933,0.10224672,0.39236683,0.4166872,12.904782,-1.0396853e-07,0.0
24.29,0.21039252,0.0,0.31162933,0.09283071,0.39594615,0.41664627,10.3384495,2.1106055e-09,0.0
24.295,0.21039252,0.0,0.31162933,0.078422554,0.39613917,0.41661546,7.950723,1.6349091e-08,0.0
24.3,0.6,0.17323655,0.34925023,0.057251275,0.39593595,0.4165957,5.8120704,9.733271e-08,0.0
24.305,0.6,0.17323655,0.34925023,0.044474773,0.3954664,0.4165713,3.259078,-4.0181007e-08,0.0
24.310000000000002,0.6,0.17323655,0.34925023,0.037996832,0.39228573,0.41685748,0.28315455,-5.940044e-08,0.0
24.315,0.6,0.17323655,0.34925023,0.030531796,0.38925707,0.4161921,5.6580274e-09,2.8488698e-08,0.0
24.32,0.44097587,0.0,0.29504222,0.034921113,0.38697702,0.41510776,3.2339111e-09,6.0441565e-08,0.0
24.325,0.44097587,0.0,0.29504222,0.038303256,0.38180307,0.41488338,8.727563e-09,-2.4625672e-08,0.0
24.330000000000002,0.44097587,0.0,0.29504222,0.0401352,0.36863154,0.41355073,-6.1399206e-09,-1.679824e-08,0.0
24.335,0.44097587,0.0,0.29504222,0.039163236,0.35430452,0.41255954,-4.9773785e-09,-1.4353583e-08,0.0
24.34,0.29613653,0.0,0.6,0.06299304,0.3408882,0.41255713,1.286159e-08,-4.4058677e-08,0.0
24.345,0.29613653,0.0,0.6,0.07648331,0.32546282,0.41200233,9.514724e-09,2.7667769e-08,0.0
24.35,0.29613653,0.0,0.6,0.088190705,0.30976143,0.41050848,1.0157353e-08,-2.005168e-08,0.0
24.355,0.29613653,0.0,0.6,0.1157196,0.29682887,0.41044933,0.070944436,1.0496025e-07,0.0
24.36,0.6,0.20480238,0.55134714,0.12739274,0.28221282,0.41040534,0.4379122,-1.1656232e-08,0.0
24.365000000000002,0.6,0.20480238,0.55134714,0.13844118,0.26443705,0.41003096,1.1751225,1.0748684e-08,0.0
24.37,0.6,0.20480238,0.55134714,0.15081272,0.24436334,0.4100338,2.4122386,2.1603622e-08,0.0
24.375,0.6,0.20480238,0.55134714,0.16286375,0.22328885,0.4096799,4.02745,1.020038e-07,0.0
24.38,0.6,0.4058761,0.5955434,0.17502134,0.20209883,0.40942472,5.7637696,1.162806e-07,0.0
24.385,0.6,0.4058761,0.5955434,0.19832481,0.18176688,0.4097124,7.4437156,4.0726093e-08,0.0
24.39,0.6,0.4058761,0.5955434,0.20817715,0.1624775,0.40965435,9.051245,1.5246172e-07,0.0
24.395,0.6,0.4058761,0.5955434,0.22036047,0.14461185,0.40964213,10.561965,8.883754e-08,0.0
24.400000000000002,0.22709282,0.6,0.0,0.23017035,0.13052016,0.40979794,11.965117,2.2922364e-09,0.0
24.405,0.22709282,0.6,0.0,0.24307068,0.12409059,0.40939978,13.275793,8.4021956e-08,0.0
24.41,0.22709282,0.6,0.0,0.24678308,0.12305224,0.40932515,14.526568,-2.9442988e-08,0.0
24.415,0.22709282,0.6,0.0,0.2659008,0.122147076,0.4096366,15.703603,5.7990203e-08,0.0
24.42,0.21873476,0.6,0.0,0.2837362,0.12417154,0.4091965,16.870913,7.030662e-08,0.0
24.425,0.21873476,0.6,0.0,0.29505533,0.13498951,0.4082425,18.101444,1.578018e-08,0.0
24.43,0.21873476,0.6,0.0,0.28971612,0.14904156,0.40707332,19.396526,-1.3368932e-08,0.0
24.435000000000002,0.21873476,0.6,0.0,0.2924698,0.16087271,0.40621206,21.127796,1.3969611e-07,0.0
24.44,0.41637543,0.6,0.0,0.28174686,0.17424251,0.40586156,22.79578,6.2555024e-08,0.0
24.445,0.41637543,0.6,0.0,0.28108746,0.19086687,0.40123352,24.490543,-4.545181e-08,0.0
24.45,0.41637543,0.6,0.0,0.28125298,0.2036356,0.38837397,26.310184,1.564674e-07,0.0
24.455000000000002,0.41637543,0.6,0.0,0.28153345,0.21667162,0.36916444,27.64988,5.7674043e-08,0.0
24.46,0.24390043,0.6,0.0,0.27395213,0.23107159,0.34536147,28.383402,4.5983967e-08,0.0
24.465,0.24390043,0.6,0.0,0.26871845,0.24368213,0.32055312,29.113089,1.4009535e-08,0.0
24.47,0.24390043,0.6,0.0,0.26430446,0.25471285,0.29484162,29.98845,6.3365505e-08,0.0
24.475,0.24390043,0.6,0.0,0.2674733,0.26811516,0.2699125,30.869131,4.672285e-09,0.0
24.48,0.2766633,0.6,0.0,0.26953405,0.27952003,0.24503101,31.200764,-1.687983e-08,0.0
24.485,0.2766633,0.6,0.0,0.2811659,0.29026833,0.22227097,30.860565,-4.733311e-09,0.0
24.490000000000002,0.2766633,0.6,0.0,0.27070448,0.30135304,0.20040517,30.092077,-1.8210017e-08,0.0
24.495,0.2766633,0.6,0.0,0.27651992,0.31204948,0.18083145,29.43837,7.289047e-09,0.0
24.5,0.2734087,0.6,0.0,0.27568612,0.32093388,0.16216277,28.561577,0.26650044,0.0
24.505,0.2734087,0.6,0.0,0.2670149,0.3305614,0.14589061,27.895134,0.054430757,0.0
24.51,0.2734087,0.6,0.0,0.26775587,0.34051841,0.12994583,27.406153,-8.297633e-09,0.0
24.515,0.2734087,0.6,0.0,0.2737505,0.34839836,0.11627338,26.489546,0.39883378,0.0
24.52,0.44734398,0.22789319,0.0,0.270695,0.35622144,0.10432779,25.153364,1.014345,0.0
24.525000000000002,0.44734398,0.22789319,0.0,0.2807345,0.36400887,0.09208876,24.191957,0.9544338,0.0
24.53,0.44734398,0.22789319,0.0,0.27637655,0.37021208,0.08758906,23.25744,0.6276383,0.0
24.535,0.44734398,0.22789319,0.0,0.27453884,0.37626222,0.08421794,22.620615,-2.9121436e-10,0.0
24.54,0.17740975,0.0,0.0,0.27098775,0.38214347,0.06560322,22.271078,4.3242445e-09,0.0
24.545,0.17740975,0.0,0.0,0.27068117,0.3859452,0.062153496,22.172344,-6.9321655e-09,0.0
24.55,0.17740975,0.0,0.0,0.2694516,0.38557315,0.06337545,22.206827,2.550096e-09,0.0
24.555,0.17740975,0.0,0.0,0.27777243,0.3849145,0.054360703,21.588032,0.6104683,0.0
24.560000000000002,0.39178193,0.16178754,0.0,0.28563842,0.38364086,0.045396607,19.811092,2.2475333,0.0
24.565,0.39178193,0.16178754,0.0,0.29415765,0.38135123,0.030546285,17.381432,4.3153396,0.0
24.57,0.39178193,0.16178754,0.0,0.28445977,0.3792986,0.015581502,14.951165,6.0763836,0.0
24.575,0.39178193,0.16178754,0.0,0.29355052,0.3776686,0.0057743816,13.371558,6.5967298,0.0
24.580000000000002,0.18597727,0.069452316,0.10008401,0.29966146,0.3750248,0.0054520112,12.233203,6.369124,0.0
24.585,0.18597727,0.069452316,0.10008401,0.2991892,0.36955428,0.005558589,11.3106785,5.659361,0.0
24.59,0.18597727,0.069452316,0.10008401,0.3000245,0.36170474,0.008288557,11.303965,3.7027667,0.0
24.595,0.18597727,0.069452316,0.10008401,0.29689977,0.3534804,-0.0057035345,11.597691,1.2173759,0.0
24.6,0.4103633,0.12221466,0.36490968,0.29802006,0.33960754,0.0043758363,12.03913,3.6480337e-08,0.0
24.605,0.4103633,0.12221466,0.36490968,0.30880398,0.32631117,0.010752134,12.437863,-3.168034e-10,0.0
24.61,0.4103633,0.12221466,0.36490968,0.31063178,0.31402895,0.010852366,12.842637,8.640456e-09,0.0
24.615000000000002,0.4103633,0.12221466,0.36490968,0.31511745,0.30000195,0.0069923676,13.3375845,2.0783107e-08,0.0
24.62,0.5781293,0.54013854,0.0,0.31329364,0.28533596,0.0013944239,13.960378,5.1951062e-08,0.0
24.625,0.5781293,0.54013854,0.0,0.31183383,0.27333558,0.011400155,15.217068,8.272837e-08,0.0
24.63,0.5781293,0.54013854,0.0,0.29535604,0.26048082,0.01126694,17.104729,1.444881e-07,0.0
24.635,0.5781293,0.54013854,0.0,0.29705185,0.2491669,0.017857417,19.207067,1.1082857e-07,0.0
24.64,0.27121153,0.47315326,0.13901807,0.28656843,0.24102756,0.029441368,20.759548,0.35234883,0.0
24.645,0.27121153,0.47315326,0.13901807,0.2939207,0.23819077,0.048739113,22.145716,0.626215,0.0
24.650000000000002,0.27121153,0.47315326,0.13901807,0.29822218,0.2376013,0.04733544,23.066692,1.1650776,0.0
24.655,0.27121153,0.47315326,0.13901807,0.2989037,0.23661724,0.053174723,23.420807,2.075329,0.0
24.66,0.6,0.6,0.0,0.31257558,0.23788568,0.057608347,23.445904,3.0851,0.0
24.665,0.6,0.6,0.0,0.31182647,0.24060754,0.06683604,23.707668,3.5642815,0.0
24.67,0.6,0.6,0.0,0.311809,0.24617529,0.054834407,24.914433,2.7420452,0.0
24.675,0.6,0.6,0.0,0.3110427,0.2519461,0.063241,26.879873,0.860292,0.0
24.68,0.569352,0.6,0.08289424,0.314469,0.2624839,0.06252485,28.884148,1.4755238e-07,0.0
24.685000000000002,0.569352,0.6,0.08289424,0.3100484,0.27352732,0.061609726,30.327187,0.277385,0.0
24.69,0.569352,0.6,0.08289424,0.31922,0.28313467,0.068044685,31.697048,0.38867036,0.0
24.695,0.569352,0.6,0.08289424,0.332714,0.29452783,0.06108282,32.55339,0.83908194,0.0
24.7,0.5792935,0.6,0.009184456,0.33391786,0.30668712,0.058554213,32.7536,1.778903,0.0
24.705000000000002,0.5792935,0.6,0.009184456,0.33791012,0.31614164,0.062082984,32.499527,2.9736118,0.0
24.71,0.5792935,0.6,0.009184456,0.34513554,0.32578593,0.058074404,31.940647,4.251986,0.0
24.715,0.5792935,0.6,0.009184456,0.3579108,0.33562058,0.057456415,31.223587,5.450398,0.0
24.72,0.6,0.6,0.20861758,0.37613365,0.34364185,0.056835607,30.487207,6.4181643,0.0
24.725,0.6,0.6,0.20861758,0.37665227,0.35082147,0.06132791,29.86984,7.0091434,0.0
24.73,0.6,0.6,0.20861758,0.3802367,0.3588869,0.065508254,29.366571,7.239592,0.0
24.735,0.6,0.6,0.20861758,0.3854447,0.36540222,0.062880255,28.932848,7.167876,0.0
24.740000000000002,0.6,0.6,0.6,0.3813326,0.3707821,0.07172893,28.56216,6.8082023,0.0
24.745,0.6,0.6,0.6,0.3868083,0.3772906,0.06710402,28.962465,5.3818226,0.0
24.75,0.6,0.6,0.6,0.3925408,0.38242227,0.06323103,29.357576,3.7789266,0.0
24.755,0.6,0.6,0.6,0.39395747,0.3867212,0.06311365,29.35247,2.435632,0.0
24.76,0.37088358,0.6,0.6,0.39253062,0.39130723,0.064188585,29.106966,1.1660404,0.0
24.765,0.37088358,0.6,0.6,0.40199998,0.39570493,0.07556664,29.301756,1.930414e-08,0.0
24.77,0.37088358,0.6,0.6,0.3986564,0.3985269,0.085666664,29.3207,0.09686087,0.0
24.775000000000002,0.37088358,0.6,0.6,0.41199136,0.4022548,0.07966192,29.741194,5.0361404e-08,0.0
24.78,0.30357635,0.54771906,0.6,0.40402848,0.40455183,0.093900055,30.034819,0.2051676,0.0
24.785,0.30357635,0.54771906,0.6,0.4070962,0.40629533,0.1192839,30.635702,2.3989223e-08,0.0
24.79,0.30357635,0.54771906,0.6,0.40494767,0.4072797,0.13231893,30.900856,0.34960857,0.0
24.795,0.30357635,0.54771906,0.6,0.40291324,0.40783927,0.14505546,31.415482,0.17796981,0.0
24.8,0.34502703,0.6,0.6,0.40221748,0.4082655,0.16027471,32.264355,9.9208584e-08,0.0
24.805,0.34502703,0.6,0.6,0.40020257,0.40838403,0.17272733,33.238914,4.1590148e-08,0.0
24.810000000000002,0.34502703,0.6,0.6,0.40456912,0.40852085,0.18570821,34.22821,7.942672e-08,0.0
24.815,0.34502703,0.6,0.6,0.402855,0.40846753,0.19993763,34.402122,0.6978705,0.0
24.82,0.030910583,0.6,0.6,0.40083617,0.40831783,0.21234919,33.695576,2.1322517,0.0
24.825,0.030910583,0.6,0.6,0.39994067,0.40828514,0.22345766,32.52385,3.8223426,0.0
24.830000000000002,0.030910583,0.6,0.6,0.40116215,0.40816456,0.23681751,31.181,5.4350934,0.0
24.835,0.030910583,0.6,0.6,0.4002963,0.40810645,0.24844256,29.080362,7.6235776,0.0
24.84,0.0,0.6,0.6,0.40075055,0.40805873,0.2588882,27.167723,9.187466,0.0
24.845,0.0,0.6,0.6,0.39811534,0.40809652,0.27000692,25.260843,9.729656,0.0
24.85,0.0,0.6,0.6,0.3988157,0.40835822,0.2807642,24.874704,6.817216,0.0
24.855,0.0,0.6,0.6,0.39775297,0.4085877,0.2897413,25.428114,0.9363606,0.0
24.86,0.0,0.6,0.6,0.39533105,0.4085274,0.29967207,25.576553,3.2649695e-08,0.0
24.865000000000002,0.0,0.6,0.6,0.3787509,0.40825883,0.3095081,25.80175,4.479895e-09,0.0
24.87,0.0,0.6,0.6,0.36559442,0.40756384,0.31765646,25.73227,1.7249561e-09,0.0
24.875,0.0,0.6,0.6,0.3417176,0.4067736,0.3258139,25.34239,2.929647e-08,0.0
24.88,0.0,0.6,0.6,0.3199751,0.40583724,0.33428228,24.583994,-5.0592632e-09,0.0
24.885,0.0,0.6,0.6,0.29563951,0.40504164,0.34162778,23.433609,4.8428013e-09,0.0
24.89,0.0,0.6,0.6,0.270768,0.40464252,0.3483505,21.895725,2.8231995e-08,0.0
24.895,0.0,0.6,0.6,0.2573087,0.40391654,0.3558791,19.991743,2.307283e-09,0.0
24.900000000000002,0.0,0.6,0.6,0.23453018,0.40411478,0.3619481,17.84721,-3.63602e-08,0.0
24.905,0.0,0.6,0.6,0.21269146,0.40440714,0.36798114,16.183548,8.636052e-09,0.0
24.91,0.0,0.6,0.6,0.2010192,0.40501493,0.37395954,15.078965,1.30563675e-08,0.0
24.915,0.0,0.6,0.6,0.18248673,0.40588212,0.3794118,14.274973,-3.764775e-08,0.0
24.92,0.033842113,0.18406755,0.6,0.15588127,0.4072212,0.38359284,13.558198,-7.654934e-09,0.0
24.925,0.033842113,0.18406755,0.6,0.13725792,0.40854493,0.38790658,12.694654,-2.4251987e-08,0.0
24.93,0.033842113,0.18406755,0.6,0.1223937,0.40963355,0.39190286,11.58482,-8.13871e-09,0.0
24.935000000000002,0.033842113,0.18406755,0.6,0.11136248,0.41130364,0.39441508,10.257916,1.0111446e-08,0.0
24.94,0.43046424,0.3043769,0.52366316,0.09228846,0.41305226,0.3966986,8.803397,-6.7345795e-08,0.0
24.945,0.43046424,0.3043769,0.52366316,0.07683508,0.41358817,0.39883223,7.258979,-3.6755942e-08,0.0
24.95,0.43046424,0.3043769,0.52366316,0.06341261,0.41296944,0.40031895,5.66259,-1.07423496e-07,0.0
24.955000000000002,0.43046424,0.3043769,0.52366316,0.053188663,0.41268378,0.40213093,3.4205756,-2.6814266e-08,0.0
24.96,0.047557462,0.0,0.5358998,0.038654435,0.41170073,0.40449917,0.59715164,3.1200491e-07,0.0
24.965,0.047557462,0.0,0.5358998,0.050332244,0.41060194,0.40637797,1.04913225e-08,1.0151407e-08,0.0
24.97,0.047557462,0.0,0.5358998,0.047562107,0.4096409,0.40942478,3.4125354e-09,-6.2424332e-09,0.0
24.975,0.047557462,0.0,0.5358998,0.053592302,0.4094825,0.41112766,1.2178261e-09,-1.7820167e-08,0.0
24.98,0.0,0.0,0.6,0.059349373,0.4085323,0.41254768,5.288294e-09,-2.302955e-08,0.0
24.985,0.0,0.0,0.6,0.050295155,0.4083239,0.4141079,8.527708e-09,-1.7567599e-08,0.0
24.990000000000002,0.0,0.0,0.6,0.04748732,0.4075164,0.41554993,-1.0223633e-08,3.2489915e-08,0.0
24.995,0.0,0.0,0.6,0.042454146,0.40190622,0.41686416,9.483611e-09,1.5692477e-08,0.0
25.0,0.45041272,0.0,0.38832346,0.044474974,0.38518113,0.4178243,-2.5120626e-09,-1.4479652e-08,0.0
25.005,0.45041272,0.0,0.38832346,0.05927822,0.36252022,0.41858563,1.355391e-09,-5.4510214e-09,0.0
25.01,0.45041272,0.0,0.38832346,0.06533037,0.33450365,0.4194008,4.3860475e-09,5.978224e-09,0.0
25.015,0.45041272,0.0,0.38832346,0.06281176,0.30667987,0.42002913,3.2813243e-09,-1.2474429e-08,0.0
25.02,0.6,0.03590609,0.4744652,0.060969032,0.27802622,0.42076948,0.064299576,-8.919738e-09,0.0
25.025000000000002,0.6,0.03590609,0.4744652,0.06391103,0.25177267,0.42105478,0.26274046,-4.2428883e-09,0.0
25.03,0.6,0.03590609,0.4744652,0.056133315,0.22569522,0.42104328,0.66178143,2.4240363e-08,0.0
25.035,0.6,0.03590609,0.4744652,0.051914636,0.20241733,0.42061147,1.2747988,3.8347537e-08,0.0
25.04,0.4081712,0.24314874,0.0,0.057865683,0.18050909,0.42040133,1.9492614,-4.699073e-08,0.0
25.045,0.4081712,0.24314874,0.0,0.05608175,0.16211292,0.41961303,2.460394,2.2170905e-08,0.0
25.05,0.4081712,0.24314874,0.0,0.06247017,0.14439929,0.41920462,2.8660905,3.5395285e-08,0.0
25.055,0.4081712,0.24314874,0.0,0.09709827,0.1289227,0.41887644,3.1155457,4.037565e-08,0.0
25.060000000000002,0.15362896,0.06293918,0.10855049,0.106175065,0.12143465,0.41820976,3.3925526,-5.742341e-08,0.0
25.065,0.15362896,0.06293918,0.10855049,0.11998912,0.11081753,0.41635084,3.8138921,2.022932e-08,0.0
25.07,0.15362896,0.06293918,0.10855049,0.13618857,0.092535354,0.4150875,4.3831134,8.632876e-09,0.0
25.075,0.15362896,0.06293918,0.10855049,0.15689486,0.08961427,0.41443855,5.111534,-4.3664603e-08,0.0
25.080000000000002,0.6,0.19126122,0.26097953,0.15730181,0.097055525,0.412808,6.0177684,2.1069722e-08,0.0
25.085,0.6,0.19126122,0.26097953,0.17269,0.110535204,0.40652692,6.9868097,2.9162425e-08,0.0
25.09,0.6,0.19126122,0.26097953,0.18380846,0.103880405,0.3961558,7.9683356,1.280676e-08,0.0
25.095,0.6,0.19126122,0.26097953,0.19151331,0.08981588,0.38094553,8.9544935,2.0907349e-08,0.0
25.1,0.6,0.36923805,0.35109016,0.18659776,0.09745538,0.36395168,9.918341,1.2555333e-07,0.0
25.105,0.6,0.36923805,0.35109016,0.19276877,0.09284979,0.3475327,11.092797,9.0397173e-10,0.0
25.11,0.6,0.36923805,0.35109016,0.19767693,0.09807643,0.33271796,12.16297,2.174695e-08,0.0
25.115000000000002,0.6,0.36923805,0.35109016,0.203722,0.09953204,0.31942448,12.956744,8.885799e-08,0.0
25.12,0.22433929,0.49429265,0.039361972,0.21068601,0.09852157,0.31008652,13.558877,2.374205e-08,0.0
25.125,0.22433929,0.49429265,0.039361972,0.21439502,0.10565112,0.30398795,14.050765,4.2201638e-08,0.0
25.13,0.22433929,0.49429265,0.039361972,0.23216449,0.11665707,0.30105597,14.478871,3.2028687e-08,0.0
25.135,0.22433929,0.49429265,0.039361972,0.23991962,0.13621393,0.29926506,14.953264,-1.0580655e-08,0.0
25.14,0.34559813,0.6,0.0,0.24675356,0.1417976,0.2978286,15.524432,-6.031202e-09,0.0
25.145,0.34559813,0.6,0.0,0.25711596,0.15917918,0.29488865,16.181074,1.2358964e-09,0.0
25.150000000000002,0.34559813,0.6,0.0,0.27354103,0.16994281,0.29035392,16.92753,2.3711149e-08,0.0
25.155,0.34559813,0.6,0.0,0.27678058,0.18169308,0.2858891,17.802982,5.404187e-08,0.0
25.16,0.47123367,0.6,0.0,0.27093378,0.19596435,0.278572,18.76701,8.567747e-09,0.0
25.165,0.47123367,0.6,0.0,0.27554542,0.20872428,0.26865608,20.15211,3.793015e-08,0.0
25.17,0.47123367,0.6,0.0,0.27218297,0.21942596,0.25942144,21.50866,4.8956483e-08,0.0
25.175,0.47123367,0.6,0.0,0.26385966,0.23315266,0.24966206,22.975893,7.6898786e-08,0.0
25.18,0.3439901,0.6,0.0,0.26434934,0.24571577,0.23629752,24.58955,7.05735e-08,0.0
25.185000000000002,0.3439901,0.6,0.0,0.27080473,0.25694934,0.22139302,25.738783,3.403997e-08,0.0
25.19,0.3439901,0.6,0.0,0.27877688,0.26858297,0.20467733,26.338873,2.2572733e-08,0.0
25.195,0.3439901,0.6,0.0,0.28312242,0.28003392,0.18768033,26.586718,0.042826112,0.0
25.2,0.23877826,0.6,0.0,0.2794715,0.28905877,0.17036127,26.573471,0.13532175,0.0
25.205000000000002,0.23877826,0.6,0.0,0.29047266,0.2995178,0.15389259,26.819178,4.2177884e-08,0.0
25.21,0.23877826,0.6,0.0,0.30788168,0.30973035,0.13795693,26.88874,0.16369031,0.0
25.215,0.23877826,0.6,0.0,0.31685448,0.31855017,0.12279569,26.691889,0.38076943,0.0
25.22,0.33780757,0.5753776,0.0,0.31950447,0.3262139,0.11042556,26.394438,0.46578413,0.0
25.225,0.33780757,0.5753776,0.0,0.3246858,0.33519825,0.097816356,26.045055,0.36804965,0.0
25.23,0.33780757,0.5753776,0.0,0.31761953,0.3419834,0.081455424,25.670652,0.06193381,0.0
25.235,0.33780757,0.5753776,0.0,0.31680807,0.348967,0.0753901,25.683306,2.8847302e-09,0.0
25.240000000000002,0.49325705,0.49489844,0.0,0.3062944,0.35604957,0.06654794,26.182365,5.9570624e-09,0.0
25.245,0.49325705,0.49489844,0.0,0.3058163,0.3625685,0.06794145,26.854237,-1.2794114e-08,0.0
25.25,0.49325705,0.49489844,0.0,0.30757517,0.36879367,0.04481466,27.508808,4.6023906e-08,0.0
25.255,0.49325705,0.49489844,0.0,0.30954602,0.37490687,0.036950346,27.478645,0.554911,0.0
25.26,0.16550693,0.0,0.0,0.30928162,0.3800927,0.02705296,26.733446,1.6528976,0.0
25.265,0.16550693,0.0,0.0,0.31456354,0.3843066,0.031055873,26.229925,2.2142198,0.0
25.27,0.16550693,0.0,0.0,0.31159827,0.38823217,0.02556159,25.590178,2.6784985,0.0
25.275000000000002,0.16550693,0.0,0.0,0.32069507,0.39149228,0.017522683,25.222752,2.5894823,0.0
25.28,0.537837,0.11708105,0.08542557,0.32865325,0.39220652,0.019162893,24.746803,2.3893228,0.0
25.285,0.537837,0.11708105,0.08542557,0.32044664,0.39173454,0.023947073,24.014517,2.240818,0.0
25.29,0.537837,0.11708105,0.08542557,0.30824676,0.3916592,0.013012301,23.05188,2.1132774,0.0
25.295,0.537837,0.11708105,0.08542557,0.30893713,0.39008608,0.02027135,21.869522,1.9920537,0.0
25.3,0.4426366,0.0,0.34399882,0.312972,0.38830253,0.0044117696,20.032446,2.3594644,0.0
25.305,0.4426366,0.0,0.34399882,0.31323576,0.3869597,-0.010201707,17.76172,2.9499104,0.0
25.310000000000002,0.4426366,0.0,0.34399882,0.31633726,0.3845399,-0.0050949855,15.527122,3.2334352,0.0
25.315,0.4426366,0.0,0.34399882,0.31624156,0.3754217,0.0013609538,13.616382,2.8979063,0.0
25.32,0.37316388,0.0,0.51593107,0.3168909,0.3611199,0.012204938,12.842528,1.0550865,0.0
25.325,0.37316388,0.0,0.51593107,0.33251622,0.34767145,0.01753613,12.353782,-9.743178e-09,0.0
25.330000000000002,0.37316388,0.0,0.51593107,0.33052492,0.33234388,0.013223021,12.04367,-8.384019e-09,0.0
25.335,0.37316388,0.0,0.51593107,0.3315195,0.31362808,0.015145843,12.712896,7.580473e-08,0.0
25.34,0.6,0.21993251,0.25164485,0.34122676,0.29079264,0.017274553,13.82326,7.740553e-08,0.0
25.345,0.6,0.21993251,0.25164485,0.34564278,0.26722446,0.03534415,15.028408,4.2670173e-08,0.0
25.35,0.6,0.21993251,0.25164485,0.34809077,0.24218695,0.049493846,16.374147,1.1779031e-07,0.0
25.355,0.6,0.21993251,0.25164485,0.34853092,0.2188409,0.056006126,17.863144,9.801818e-08,0.0
25.36,0.3279259,0.29409507,0.33656314,0.34588465,0.19583815,0.064949416,19.652895,2.329158e-07,0.0
25.365000000000002,0.3279259,0.29409507,0.33656314,0.3505051,0.1751268,0.08217176,22.203619,2.2753984e-07,0.0
25.37,0.3279259,0.29409507,0.33656314,0.364071,0.15718554,0.105339766,24.828096,0.010944713,0.0
25.375,0.3279259,0.29409507,0.33656314,0.36107138,0.14650185,0.11322665,27.1336,0.058794837,0.0
25.38,0.5774975,0.6,0.0,0.36788502,0.1425235,0.12501529,29.742516,2.5568406e-07,0.0
25.385,0.5774975,0.6,0.0,0.36457643,0.13998817,0.14022726,32.123928,0.15205048,0.0
25.39,0.5774975,0.6,0.0,0.3632854,0.13990177,0.15017399,34.64217,8.299046e-08,0.0
25.395,0.5774975,0.6,0.0,0.36850888,0.14075547,0.15758726,37.359882,2.3564193e-07,0.0
25.400000000000002,0.30942938,0.40953085,0.014395792,0.36714286,0.14094041,0.16756889,39.484238,0.41350254,0.0
25.405,0.30942938,0.40953085,0.014395792,0.36901128,0.14185864,0.17836626,41.556183,0.64981514,0.0
25.41,0.30942938,0.40953085,0.014395792,0.37514594,0.14800932,0.18567014,43.146297,1.2073928,0.0
25.415,0.30942938,0.40953085,0.014395792,0.37620282,0.1605283,0.18818447,44.089382,2.2656505,0.0
25.42,0.51213485,0.5734336,0.0,0.3735067,0.17206325,0.18899375,44.659576,3.5134835,0.0
25.425,0.51213485,0.5734336,0.0,0.38104376,0.1842344,0.18891196,45.732403,3.977666,0.0
25.43,0.51213485,0.5734336,0.0,0.3814777,0.19970186,0.18722259,46.653473,4.414478,0.0
25.435000000000002,0.51213485,0.5734336,0.0,0.38508022,0.21383084,0.17910428,46.999733,5.2950788,0.0
25.44,0.34677824,0.5966794,0.0,0.38698506,0.22585937,0.16745567,46.89907,6.470201,0.0
25.445,0.34677824,0.5966794,0.0,0.38897195,0.23994155,0.15269467,46.458405,7.8168473,0.0
25.45,0.34677824,0.5966794,0.0,0.39192834,0.25176123,0.13880889,45.746456,9.256985,0.0
25.455000000000002,0.34677824,0.5966794,0.0,0.38730147,0.26195738,0.123922616,44.832333,10.713597,0.0
25.46,0.35772163,0.4263594,0.0,0.39379352,0.27404872,0.110499434,44.515984,11.305914,0.0
25.465,0.35772163,0.4263594,0.0,0.3928717,0.28601533,0.09704555,44.080536,11.852536,0.0
25.47,0.35772163,0.4263594,0.0,0.3858135,0.29551825,0.08429276,43.90429,11.933356,0.0
25.475,0.35772163,0.4263594,0.0,0.39073816,0.3064745,0.06345453,44.11478,11.424467,0.0
25.48,0.3703871,0.40649888,0.0,0.38327724,0.31692135,0.056665998,43.66656,11.49088,0.0
25.485,0.3703871,0.40649888,0.0,0.38424215,0.32544574,0.052783966,43.137238,11.475215,0.0
25.490000000000002,0.3703871,0.40649888,0.0,0.38663557,0.33324352,0.03792064,42.11941,11.831431,0.0
25.495,0.3703871,0.40649888,0.0,0.38892567,0.33995333,0.034203388,40.481556,12.686316,0.0
25.5,0.54976356,0.6,0.0,0.38246125,0.34402296,0.035064213,38.589054,13.621162,0.0
25.505,0.54976356,0.6,0.0,0.3898316,0.34804824,0.023807628,37.411167,13.56671,0.0
25.51,0.54976356,0.6,0.0,0.39212933,0.3512694,0.023857322,36.35817,13.199997,0.0
25.515,0.54976356,0.6,0.0,0.38079503,0.35330594,0.015850447,35.111355,12.870111,0.0
25.52,0.2097596,0.4115252,0.0583398,0.3852632,0.3562001,0.0068922434,34.55141,11.603673,0.0
25.525000000000002,0.2097596,0.4115252,0.0583398,0.3873211,0.3595017,0.014668571,34.02918,10.139837,0.0
25.53,0.2097596,0.4115252,0.0583398,0.38665774,0.3619977,0.011485993,33.20736,8.844902,0.0
25.535,0.2097596,0.4115252,0.0583398,0.37935436,0.3651184,0.00596884,33.0331,6.662419,0.0
25.54,0.5751421,0.37924013,0.0,0.3864024,0.3706203,-0.0017754238,33.544323,3.571087,0.0
25.545,0.5751421,0.37924013,0.0,0.38293806,0.37630582,-0.0048130485,33.62781,0.823039,0.0
25.55,0.5751421,0.37924013,0.0,0.38903177,0.38100833,0.004204714,33.433598,-1.2223864e-08,0.0
25.555,0.5751421,0.37924013,0.0,0.396789,0.38492033,-0.0006200931,32.922302,0.27827346,0.0
25.560000000000002,0.33362037,0.4290861,0.1323946,0.39132,0.3866694,0.007656888,32.08508,0.6843994,0.0
25.565,0.33362037,0.4290861,0.1323946,0.38263613,0.3877147,0.0077281636,31.8815,0.14435923,0.0
25.57,0.33362037,0.4290861,0.1323946,0.37380898,0.38856295,0.00077754137,32.126743,2.5740407e-08,0.0
25.575,0.33362037,0.4290861,0.1323946,0.37766612,0.3891462,0.0034236154,32.619293,3.426789e-08,0.0
25.580000000000002,0.434454,0.493166,0.39832386,0.38070273,0.38911483,0.001422029,32.551727,0.5181333,0.0
25.585,0.434454,0.493166,0.39832386,0.37793332,0.38929838,-0.0027541656,31.081587,2.3566227,0.0
25.59,0.434454,0.493166,0.39832386,0.37107974,0.38908228,-0.009335439,30.069838,3.402745,0.0
25.595,0.434454,0.493166,0.39832386,0.3675422,0.3886247,-0.0070206206,29.323301,3.9037843,0.0
25.6,0.28945196,0.59094125,0.57147235,0.3779157,0.38852352,0.0013467504,28.370361,4.3930197,0.0
25.605,0.28945196,0.59094125,0.57147235,0.38664,0.3888277,0.007358353,26.700552,5.4368467,0.0
25.61,0.28945196,0.59094125,0.57147235,0.38451865,0.38932803,0.020577686,25.259445,5.9648666,0.0
25.615000000000002,0.28945196,0.59094125,0.57147235,0.3861632,0.39044428,0.033559605,25.229803,4.684096,0.0
25.62,0.4195889,0.48087898,0.6,0.3870205,0.3919722,0.04187746,25.624588,2.7392354,0.0
25.625,0.4195889,0.48087898,0.6,0.37976894,0.39278874,0.05804392,25.854507,0.7938508,0.0
25.63,0.4195889,0.48087898,0.6,0.38152057,0.39378056,0.07933783,26.328579,5.7087988e-08,0.0
25.635,0.4195889,0.48087898,0.6,0.38698733,0.39561892,0.100132205,26.687511,0.10401528,0.0
25.64,0.35684368,0.38657367,0.6,0.38057756,0.39694113,0.11084413,26.764364,0.2797476,0.0
25.645,0.35684368,0.38657367,0.6,0.3744887,0.39822656,0.1285163,27.317427,1.21908705e-08,0.0
25.650000000000002,0.35684368,0.38657367,0.6,0.37356794,0.39941612,0.14149567,28.280846,6.251703e-08,0.0
25.655,0.35684368,0.38657367,0.6,0.3714665,0.40064147,0.15552993,29.449516,7.570484e-08,0.0
25.66,0.3022177,0.4611494,0.6,0.36713037,0.40114117,0.17097808,30.643011,1.0093875e-07,0.0
25.665,0.3022177,0.4611494,0.6,0.3643548,0.4020193,0.18296166,31.728525,5.191696e-08,0.0
25.67,0.3022177,0.4611494,0.6,0.36218852,0.4025676,0.19560347,32.629295,8.347026e-08,0.0
25.675,0.3022177,0.4611494,0.6,0.3654798,0.40251622,0.20938681,33.317394,7.379465e-07,0.0
25.68,0.48808983,0.6,0.6,0.36320236,0.40160143,0.2214453,32.3196,1.619916,0.0
25.685000000000002,0.48808983,0.6,0.6,0.35300887,0.40053368,0.23240541,30.420595,3.966548,0.0
25.69,0.48808983,0.6,0.6,0.35280102,0.39976114,0.24476002,28.450457,6.1012406,0.0
25.695,0.48808983,0.6,0.6,0.3476667,0.39871615,0.25610858,26.579674,7.841033,0.0
25.7,0.103181615,0.6,0.6,0.34579715,0.3981527,0.26622495,24.98159,8.600267,0.0
25.705000000000002,0.103181615,0.6,0.6,0.35131392,0.39742908,0.27687252,23.788763,7.57829,0.0
25.71,0.103181615,0.6,0.6,0.34832412,0.39698237,0.28738675,22.377508,5.023657,0.0
25.715,0.103181615,0.6,0.6,0.34258184,0.39680147,0.29664198,21.379877,0.075265706,0.0
25.72,0.016500898,0.6,0.6,0.34205326,0.39717144,0.30615413,19.811068,-6.737751e-08,0.0
25.725,0.016500898,0.6,0.6,0.35155421,0.39780185,0.31523713,19.404325,-6.6436665e-09,0.0
25.73,0.016500898,0.6,0.6,0.35497484,0.3991396,0.32291162,19.62276,2.7677945e-08,0.0
25.735,0.016500898,0.6,0.6,0.35467082,0.40070367,0.33056736,19.982052,2.5504908e-08,0.0
25.740000000000002,0.0,0.6,0.6,0.3525012,0.40166587,0.33854398,20.973915,7.5326085e-08,0.0
25.745,0.0,0.6,0.6,0.34293154,0.40286148,0.34542692,22.563457,1.2248125e-07,0.0
25.75,0.0,0.6,0.6,0.32496583,0.40375295,0.3520397,24.325792,1.0872613e-07,0.0
25.755,0.0,0.6,0.6,0.3198657,0.40462947,0.3587193,25.891537,1.6118996e-07,0.0
25.76,0.0,0.39055675,0.6,0.29847485,0.40542272,0.36436507,27.09877,9.492889e-08,0.0
25.765,0.0,0.39055675,0.6,0.26451084,0.40627474,0.36974877,27.811195,2.8281768e-08,0.0
25.77,0.0,0.39055675,0.6,0.24249196,0.40671483,0.37527692,27.835148,-1.1236238e-08,0.0
25.775000000000002,0.0,0.39055675,0.6,0.22045854,0.40774146,0.37956235,27.132856,2.073966e-08,0.0
25.78,0.0,0.0,0.6,0.20526637,0.40848243,0.38351068,25.777126,-5.4296493e-08,0.0
25.785,0.0,0.0,0.6,0.1961735,0.40908852,0.38780826,23.9161,3.4110133e-08,0.0
25.79,0.0,0.0,0.6,0.17775567,0.40847057,0.3918192,21.751368,-1.014519e-07,0.0
25.795,0.0,0.0,0.6,0.15106416,0.4079125,0.39491007,18.742142,1.0995816e-07,0.0
25.8,0.266239,0.0,0.4594231,0.14049073,0.40741697,0.39802694,14.827129,-9.62484e-08,0.0
25.805,0.266239,0.0,0.4594231,0.12686095,0.40647063,0.4005169,10.500041,-3.501751e-08,0.0
25.810000000000002,0.266239,0.0,0.4594231,0.107994616,0.40422064,0.40303445,6.2311325,-1.8862993e-07,0.0
25.815,0.266239,0.0,0.4594231,0.0959196,0.40299597,0.40541556,2.3550723,-1.0724062e-07,0.0
25.82,0.6,0.0,0.6,0.08143874,0.4018429,0.40722215,5.7408163e-09,-4.2917936e-09,0.0
25.825,0.6,0.0,0.6,0.08036491,0.39972147,0.40834248,3.039045e-09,-2.2163613e-08,0.0
25.830000000000002,0.6,0.0,0.6,0.07356188,0.39330906,0.40957192,6.416777e-09,6.3135936e-09,0.0
25.835,0.6,0.0,0.6,0.079585575,0.37756118,0.41045207,2.4925234e-10,-2.4052282e-08,0.0
25.84,0.42502192,0.1906913,0.37878564,0.07002707,0.35425624,0.4120141,3.4042644e-09,-4.2146013e-08,0.0
25.845,0.42502192,0.1906913,0.37878564,0.06648278,0.3275405,0.4132758,1.0184946e-08,-3.1908673e-09,0.0
25.85,0.42502192,0.1906913,0.37878564,0.06916133,0.30040213,0.4142997,0.009455026,-2.8264178e-09,0.0
25.855,0.42502192,0.1906913,0.37878564,0.0842285,0.2725988,0.4154409,0.003348346,-4.0929308e-08,0.0
25.86,0.14259093,0.17671475,0.6,0.11402712,0.24661154,0.41590783,0.3574805,2.1807981e-08,0.0
25.865000000000002,0.14259093,0.17671475,0.6,0.13467143,0.22126569,0.41698107,1.2910037,4.4513047e-08,0.0
25.87,0.14259093,0.17671475,0.6,0.15151124,0.19820216,0.4175057,2.702086,1.0770952e-07,0.0
25.875,0.14259093,0.17671475,0.6,0.16153625,0.1772463,0.41714147,4.3881345,1.4208356e-07,0.0
25.88,0.42210332,0.28332612,0.6,0.17503193,0.16051207,0.41664043,6.1171374,1.2766738e-07,0.0
25.885,0.42210332,0.28332612,0.6,0.19382003,0.15088826,0.4165246,7.743217,6.8505095e-08,0.0
25.89,0.42210332,0.28332612,0.6,0.20146254,0.14621072,0.41607252,9.248616,1.0310563e-07,0.0
25.895,0.42210332,0.28332612,0.6,0.20410216,0.14399955,0.41551214,10.614077,-5.7143317e-09,0.0
25.900000000000002,0.4412796,0.6,0.6,0.2183684,0.1437014,0.41498137,11.797167,2.944041e-08,0.0
25.905,0.4412796,0.6,0.6,0.20903586,0.14408624,0.41458273,12.851603,7.938969e-08,0.0
25.91,0.4412796,0.6,0.6,0.20716386,0.14435387,0.41424367,14.08384,1.720675e-07,0.0
25.915,0.4412796,0.6,0.6,0.21193635,0.14483501,0.41449767,15.479443,-7.958281e-08,0.0
25.92,0.0,0.6,0.42523375,0.2103371,0.14656466,0.41386685,16.548904,2.8201354e-08,0.0
25.925,0.0,0.6,0.42523375,0.22317392,0.14809628,0.41368186,17.514229,1.06303744e-07,0.0
25.93,0.0,0.6,0.42523375,0.23153062,0.14921686,0.41406572,18.241753,1.2146943e-07,0.0
25.935000000000002,0.0,0.6,0.42523375,0.24980594,0.15689692,0.41386923,18.67484,4.981998e-09,0.0
25.94,0.0,0.6,0.5547261,0.25658557,0.17046301,0.41417396,19.017406,4.5916643e-08,0.0
25.945,0.0,0.6,0.5547261,0.26248223,0.18368979,0.41465604,19.372452,8.1017495e-09,0.0
25.95,0.0,0.6,0.5547261,0.25852492,0.1957222,0.4148847,19.766289,2.0870793e-08,0.0
25.955000000000002,0.0,0.6,0.5547261,0.24757785,0.21098304,0.41454563,20.587105,7.183589e-08,0.0
25.96,0.0,0.6,0.6,0.25390828,0.22477436,0.41427794,21.76191,1.310629e-07,0.0
25.965,0.0,0.6,0.6,0.24890916,0.23673601,0.4138385,22.670095,1.2521012e-08,0.0
25.97,0.0,0.6,0.6,0.2515281,0.24948804,0.41383058,23.545424,-2.1606105e-08,0.0
25.975,0.0,0.6,0.6,0.2438402,0.26242244,0.4135951,24.1442,6.7717e-08,0.0
25.98,0.0,0.6,0.54573905,0.23570627,0.27307525,0.4133002,24.69265,7.805465e-08,0.0
25.985,0.0,0.6,0.54573905,0.21798253,0.28479147,0.41304553,25.287905,1.7821714e-08,0.0
25.990000000000002,0.0,0.6,0.54573905,0.20548308,0.29705316,0.41246325,25.66151,-1.3616606e-08,0.0
25.995,0.0,0.6,0.54573905,0.18255833,0.30679303,0.4123848,25.639162,5.9070233e-09,0.0
26.0,0.0,0.19455746,0.53763,0.16398852,0.31707594,0.4120056,25.10208,-1.2514495e-07,0.0
26.005,0.0,0.19455746,0.53763,0.15794371,0.3278206,0.41158277,24.011469,-7.866995e-08,0.0
26.01,0.0,0.19455746,0.53763,0.13454954,0.33606994,0.4116991,22.465776,1.2245718e-07,0.0
26.015,0.0,0.19455746,0.53763,0.11546026,0.34426796,0.41146538,20.502247,-5.7205973e-08,0.0
26.02,0.25066072,0.0,0.33606175,0.09277631,0.35327178,0.41138333,18.14499,9.814131e-08,0.0
26.025000000000002,0.25066072,0.0,0.33606175,0.08226064,0.3603836,0.41092768,15.453305,-1.16630986e-07,0.0
26.03,0.25066072,0.0,0.33606175,0.08078145,0.3623172,0.41118142,12.601321,1.0310792e-07,0.0
26.035,0.25066072,0.0,0.33606175,0.06703158,0.36341268,0.41094446,9.858935,2.1866153e-08,0.0
26.04,0.6,0.28681406,0.25002742,0.06019047,0.3638575,0.41084707,7.361552,-5.345497e-08,0.0
26.045,0.6,0.28681406,0.25002742,0.056202352,0.36195728,0.41080257,5.191023,-9.331943e-09,0.0
26.05,0.6,0.28681406,0.25002742,0.04915226,0.36007982,0.40959936,2.8677711,5.1879336e-08,0.0
26.055,0.6,0.28681406,0.25002742,0.035423145,0.35762045,0.40908504,0.41743478,2.0828544e-08,0.0
26.060000000000002,0.4806488,0.44899872,0.0,0.030757366,0.35128248,0.40929547,2.2917586e-09,-3.591971e-08,0.0
26.065,0.4806488,0.44899872,0.0,0.04050956,0.33737963,0.40827286,7.9541875e-09,-3.0051104e-09,0.0
26.07,0.4806488,0.44899872,0.0,0.03698696,0.32165283,0.40679613,-5.3592877e-09,2.722431e-08,0.0
26.075,0.4806488,0.44899872,0.0,0.05622161,0.3093003,0.4061226,1.9505576e-08,-5.8949283e-08,0.0
26.080000000000002,0.24698336,0.0,0.6,0.074881285,0.29926273,0.40517583,9.846742e-09,4.3729656e-08,0.0
26.085,0.24698336,0.0,0.6,0.09274215,0.2925745,0.40268254,0.021301001,1.8984865e-08,0.0
26.09,0.24698336,0.0,0.6,0.11445609,0.28867713,0.39974543,0.20050086,-3.940302e-08,0.0
26.095,0.24698336,0.0,0.6,0.12326655,0.2869901,0.3960851,0.67957085,2.3875101e-08,0.0
26.1,0.6,0.08524361,0.4486534,0.14037451,0.28638077,0.38635895,1.4227328,4.9792366e-08,0.0
26.105,0.6,0.08524361,0.4486534,0.15422475,0.2855544,0.36946222,2.361992,-1.7307446e-08,0.0
26.11,0.6,0.08524361,0.4486534,0.17016171,0.28445336,0.35192016,3.418705,-3.08556e-08,0.0
26.115000000000002,0.6,0.08524361,0.4486534,0.17671576,0.2801425,0.3407864,4.52096,1.2463606e-07,0.0
26.12,0.6,0.40950882,0.3055666,0.19151682,0.27145135,0.3369824,5.5743384,4.4254705e-08,0.0
26.125,0.6,0.40950882,0.3055666,0.19903025,0.26041007,0.33423418,6.5641794,4.524872e-08,0.0
26.13,0.6,0.40950882,0.3055666,0.19709471,0.24653253,0.33252335,7.495546,9.1880054e-08,0.0
26.135,0.6,0.40950882,0.3055666,0.20304285,0.23500295,0.33269188,8.879346,9.729351e-08,0.0
26.14,0.48902616,0.6,0.5946081,0.2247905,0.22559333,0.33274668,10.403975,1.281861e-07,0.0
26.145,0.48902616,0.6,0.5946081,0.22921307,0.21890934,0.3317631,11.849543,5.283139e-08,0.0
26.150000000000002,0.48902616,0.6,0.5946081,0.2395495,0.21479955,0.33217165,13.206777,1.7310224e-08,0.0
26.155,0.48902616,0.6,0.5946081,0.25003245,0.21280824,0.33255014,14.474005,3.7658985e-08,0.0
26.16,0.4093137,0.6,0.3883094,0.2612949,0.21260981,0.33277076,15.68168,4.6605376e-08,0.0
26.165,0.4093137,0.6,0.3883094,0.26917237,0.21260403,0.3333726,16.858467,1.1882918e-07,0.0
26.17,0.4093137,0.6,0.3883094,0.28158435,0.21288994,0.33398873,18.009321,6.129484e-08,0.0
26.175,0.4093137,0.6,0.3883094,0.29026744,0.21526854,0.33409622,19.154413,4.3965578e-08,0.0
26.18,0.1547803,0.6,0.6,0.30022854,0.220371,0.33513314,20.299406,8.551768e-08,0.0
26.185000000000002,0.1547803,0.6,0.6,0.3166547,0.2259497,0.33588696,21.444653,4.335237e-08,0.0
26.19,0.1547803,0.6,0.6,0.31798887,0.23451677,0.33576205,22.62735,9.805637e-09,0.0
26.195,0.1547803,0.6,0.6,0.32645902,0.24721327,0.33619624,23.808382,5.754002e-08,0.0
26.2,0.24165118,0.6,0.6,0.3292501,0.2589945,0.33695427,24.967197,4.358131e-08,0.0
26.205000000000002,0.24165118,0.6,0.6,0.3332583,0.27011406,0.33746833,26.08527,5.2693313e-08,0.0
26.21,0.24165118,0.6,0.6,0.33339447,0.282673,0.3392795,27.120886,5.3312434e-08,0.0
26.215,0.24165118,0.6,0.6,0.32595593,0.2941278,0.34334117,27.9798,6.1946906e-08,0.0
26.22,0.22762689,0.6,0.6,0.32906994,0.3035946,0.34842208,29.080048,8.1021405e-08,0.0
26.225,0.22762689,0.6,0.6,0.31923753,0.31399378,0.35261855,29.93083,4.974431e-08,0.0
26.23,0.22762689,0.6,0.6,0.30858317,0.32403815,0.3574434,30.702993,6.32223e-08,0.0
26.235,0.22762689,0.6,0.6,0.30323228,0.33181378,0.36278534,31.477554,7.619475e-08,0.0
26.240000000000002,0.0,0.6,0.5072226,0.31107694,0.34057269,0.3667043,32.07411,1.8147e-08,0.0
26.245,0.0,0.6,0.5072226,0.3145308,0.34889603,0.3708322,31.982857,-1.720161e-08,0.0
26.25,0.0,0.6,0.5072226,0.31178832,0.3553913,0.3750756,31.177183,1.5690551e-08,0.0
26.255,0.0,0.6,0.5072226,0.31123,0.36260793,0.37841737,30.42079,-3.7510656e-08,0.0
26.26,0.0,0.6,0.6,0.31018633,0.3694246,0.3817194,29.954,1.7318988e-09,0.0
26.265,0.0,0.6,0.6,0.31126603,0.37456915,0.38529164,29.65458,2.7081146e-08,0.0
26.27,0.0,0.6,0.6,0.3074263,0.37996718,0.3878664,28.941307,-3.1742573e-08,0.0
26.275000000000002,0.0,0.6,0.6,0.30816644,0.3852605,0.39040226,28.200994,-2.8240703e-09,0.0
26.28,0.0,0.42693824,0.6,0.3021408,0.38843066,0.3934205,27.208834,-7.610374e-09,0.0
26.285,0.0,0.42693824,0.6,0.28481057,0.39222294,0.39537647,26.307629,2.6397306e-08,0.0
26.29,0.0,0.42693824,0.6,0.26610008,0.3953015,0.3977926,25.631615,1.7059344e-08,0.0
26.295,0.0,0.42693824,0.6,0.24560846,0.39821115,0.40008852,24.946066,-6.6018875e-09,0.0
26.3,0.0,0.27931395,0.6,0.22167365,0.4010076,0.40151635,24.083796,-1.929364e-08,0.0
26.305,0.0,0.27931395,0.6,0.19601259,0.40349334,0.40304792,22.923487,2.4823972e-08,0.0
26.310000000000002,0.0,0.27931395,0.6,0.16860873,0.40471447,0.40503895,21.386515,-8.000212e-08,0.0
26.315,0.0,0.27931395,0.6,0.15308109,0.40588158,0.40613967,19.430054,-9.864597e-09,0.0
26.32,0.0,0.0,0.6,0.13843405,0.40660602,0.4069522,17.13198,-8.401026e-08,0.0
26.325,0.0,0.0,0.6,0.11782673,0.40681276,0.4080405,14.634945,-6.383593e-09,0.0
26.330000000000002,0.0,0.0,0.6,0.10793258,0.40592706,0.40907905,12.0519285,-6.9874744e-08,0.0
26.335,0.0,0.0,0.6,0.1007288,0.40328142,0.41012678,8.901856,-1.2200904e-07,0.0
26.34,0.3200486,0.0,0.3132223,0.07839078,0.4016808,0.4110432,5.32959,-2.2665112e-07,0.0
26.345,0.3200486,0.0,0.3132223,0.072191074,0.39915612,0.4120091,1.7536958,7.000311e-08,0.0
26.35,0.3200486,0.0,0.3132223,0.06031897,0.39639184,0.4127252,-5.012943e-10,-2.2073086e-08,0.0
26.355,0.3200486,0.0,0.3132223,0.045674935,0.39336428,0.4139348,1.3636301e-09,-1.3590064e-08,0.0
26.36,0.6,0.28596613,0.25571382,0.045408014,0.38672444,0.41491267,1.6826115e-09,-1.066506e-08,0.0
26.365000000000002,0.6,0.28596613,0.25571382,0.04539246,0.37095186,0.41577655,6.627227e-09,-4.685499e-09,0.0
26.37,0.6,0.28596613,0.25571382,0.045958016,0.34790382,0.41494733,4.8360866e-09,5.5259077e-09,0.0
26.375,0.6,0.28596613,0.25571382,0.030983951,0.3216327,0.41455874,1.1399631e-08,-6.934756e-08,0.0
26.38,0.3486272,0.43277436,0.0,0.045768347,0.29332948,0.4146587,4.4614987e-09,9.87491e-09,0.0
26.385,0.3486272,0.43277436,0.0,0.039131902,0.2657856,0.41344658,-9.2335495e-10,-1.0427004e-09,0.0
26.39,0.3486272,0.43277436,0.0,0.04315249,0.2419634,0.41238746,0.1836834,-2.7294876e-08,0.0
26.395,0.3486272,0.43277436,0.0,0.066332646,0.22746536,0.41232657,0.47639287,6.157214e-08,0.0
26.400000000000002,0.23093732,0.28664085,0.22244923,0.088542745,0.22018342,0.4106951,0.9046979,-3.397517e-08,0.0
26.405,0.23093732,0.28664085,0.22244923,0.094014935,0.21552679,0.4087579,1.5789762,5.9232597e-08,0.0
26.41,0.23093732,0.28664085,0.22244923,0.1047015,0.2143735,0.40737957,2.4270208,2.7780882e-09,0.0
26.415,0.23093732,0.28664085,0.22244923,0.13297087,0.21473885,0.40344742,3.3527617,1.5139847e-08,0.0
26.42,0.6,0.3281206,0.18777588,0.15046945,0.21492638,0.391866,4.402006,3.701974e-08,0.0
26.425,0.6,0.3281206,0.18777588,0.16388875,0.21573822,0.37409514,5.575891,6.708493e-08,0.0
26.43,0.6,0.3281206,0.18777588,0.18791993,0.2168895,0.35504845,6.80291,1.1007927e-07,0.0
26.435000000000002,0.6,0.3281206,0.18777588,0.18558507,0.21749008,0.3358899,8.090067,8.521088e-08,0.0
26.44,0.6,0.4953192,0.101702645,0.19543494,0.2187103,0.31965205,9.649681,1.8815084e-07,0.0
26.445,0.6,0.4953192,0.101702645,0.18801129,0.22249551,0.30701765,11.119615,4.2097128e-08,0.0
26.45,0.6,0.4953192,0.101702645,0.19057187,0.22829139,0.29492354,12.542738,5.0843454e-08,0.0
26.455000000000002,0.6,0.4953192,0.101702645,0.19610769,0.23234269,0.28486794,13.649387,3.264934e-08,0.0
26.46,0.49977574,0.6,0.20214269,0.21859984,0.2385737,0.2771303,14.335563,4.8365514e-08,0.0
26.465,0.49977574,0.6,0.20214269,0.2327629,0.24566838,0.26846313,14.850882,4.5007965e-08,0.0
26.47,0.49977574,0.6,0.20214269,0.24113649,0.2508658,0.25994045,15.3733425,3.0874563e-08,0.0
26.475,0.49977574,0.6,0.20214269,0.25344816,0.25633338,0.252991,15.956194,4.764679e-08,0.0
26.48,0.6,0.6,0.49602166,0.26314983,0.2663235,0.2456489,16.634453,4.6122732e-08,0.0
26.485,0.6,0.6,0.49602166,0.27172443,0.27608967,0.23754391,17.419636,9.295228e-08,0.0
26.490000000000002,0.6,0.6,0.49602166,0.27570045,0.28451207,0.23141904,18.296019,7.3765186e-08,0.0
26.495,0.6,0.6,0.49602166,0.2922311,0.29423568,0.2260487,19.218645,9.791011e-08,0.0
26.5,0.38100174,0.6,0.4425182,0.30228648,0.30437157,0.22142722,20.176054,5.950901e-08,0.0
26.505,0.38100174,0.6,0.4425182,0.31535798,0.31291336,0.21793394,21.121557,2.238536e-08,0.0
26.51,0.38100174,0.6,0.4425182,0.3222691,0.32166287,0.21651031,22.016542,2.9182983e-08,0.0
26.515,0.38100174,0.6,0.4425182,0.32142052,0.33090112,0.21661,22.816788,4.3931614e-08,0.0
26.52,0.26240265,0.6,0.6,0.32888058,0.3383338,0.21735716,23.96973,1.0623913e-07,0.0
26.525000000000002,0.26240265,0.6,0.6,0.33378676,0.34564558,0.217496,24.955578,0.17619197,0.0
26.53,0.26240265,0.6,0.6,0.34034213,0.3529427,0.2205682,25.4651,0.63253164,0.0
26.535,0.26240265,0.6,0.6,0.33583546,0.3583786,0.22772905,25.64912,1.1981192,0.0
26.54,0.3049927,0.6,0.6,0.32871714,0.3637543,0.23508124,26.24675,1.0475254,0.0
26.545,0.3049927,0.6,0.6,0.32896632,0.36876565,0.24351633,27.244339,0.21841465,0.0
26.55,0.3049927,0.6,0.6,0.3498064,0.37312096,0.254601,27.609905,0.10779877,0.0
26.555,0.3049927,0.6,0.6,0.35290578,0.37595165,0.265724,27.3841,0.5278728,0.0
26.560000000000002,0.0011260272,0.6,0.6,0.35591748,0.37918243,0.2759921,26.912792,0.95982283,0.0
26.565,0.0011260272,0.6,0.6,0.3641201,0.3811852,0.28773305,26.416876,0.80652004,0.0
26.57,0.0011260272,0.6,0.6,0.3513367,0.38245112,0.30028287,25.968369,-3.9454317e-08,0.0
26.575,0.0011260272,0.6,0.6,0.34367815,0.38423425,0.31070322,25.894236,1.8529434e-09,0.0
26.580000000000002,0.0,0.6,0.6,0.34456336,0.3861638,0.3212118,26.391834,6.218985e-08,0.0
26.585,0.0,0.6,0.6,0.35566625,0.38872322,0.32996264,26.634089,-2.8228901e-09,0.0
26.59,0.0,0.6,0.6,0.3553629,0.39124534,0.33628717,26.446638,5.01629e-09,0.0
26.595,0.0,0.6,0.6,0.345392,0.39313027,0.34256348,26.579693,3.0881882e-08,0.0
26.6,0.0,0.6,0.6,0.3379599,0.39492622,0.3487222,27.130333,3.8076102e-08,0.0
26.605,0.0,0.6,0.6,0.33079216,0.3968129,0.35319573,27.8207,1.0646744e-08,0.0
26.61,0.0,0.6,0.6,0.3011988,0.39840811,0.3576742,28.470217,3.92553e-08,0.0
26.615000000000002,0.0,0.6,0.6,0.2695318,0.39938083,0.36244395,28.817776,-8.579117e-09,0.0
26.62,0.0,0.6,0.6,0.24588966,0.40046218,0.3663792,28.61804,-2.1909553e-08,0.0
26.625,0.0,0.6,0.6,0.23038617,0.4012975,0.37045538,27.79367,3.8452388e-08,0.0
26.63,0.0,0.6,0.6,0.21229847,0.40172768,0.37489107,26.426888,-9.048676e-08,0.0
26.635,0.0,0.6,0.6,0.19006771,0.40175703,0.3790407,24.630001,-1.6873172e-07,0.0
26.64,0.0,0.57900536,0.6,0.17022008,0.40236726,0.3824732,22.479057,-2.8284095e-08,0.0
26.645,0.0,0.57900536,0.6,0.15644217,0.4023089,0.38645884,20.045507,1.4734357e-09,0.0
26.650000000000002,0.0,0.57900536,0.6,0.13520601,0.40254667,0.38998175,16.794577,-1.629883e-07,0.0
26.655,0.0,0.57900536,0.6,0.11391434,0.40333655,0.39281464,13.38878,2.2973738e-07,0.0
26.66,0.14875723,0.0,0.6,0.102501854,0.4046988,0.395239,10.320124,-2.7400503e-08,0.0
26.665,0.14875723,0.0,0.6,0.08593805,0.40553594,0.39827457,7.6524067,-9.122464e-09,0.0
26.67,0.14875723,0.0,0.6,0.08355261,0.40719768,0.40039107,5.4011617,-3.0806447e-08,0.0
26.675,0.14875723,0.0,0.6,0.0638542,0.4086191,0.40283683,3.6342807,-1.0919664e-08,0.0
26.68,0.5034098,0.2173654,0.54632616,0.05022989,0.4092345,0.40476817,2.2809377,-1.4236316e-08,0.0
26.685000000000002,0.5034098,0.2173654,0.54632616,0.047030173,0.40800846,0.4067103,1.230669,-2.748245e-08,0.0
26.69,0.5034098,0.2173654,0.54632616,0.05681433,0.40815312,0.40776095,-3.0718918e-06,4.7165216e-08,0.0
26.695,0.5034098,0.2173654,0.54632616,0.0653719,0.40744102,0.4093293,0.0502899,-2.5351184e-08,0.0
26.7,0.07970595,0.1641567,0.43528894,0.055060558,0.40558505,0.41085306,-1.6537396e-09,-2.538245e-08,0.0
26.705000000000002,0.07970595,0.1641567,0.43528894,0.050501257,0.40410244,0.4124711,-4.216231e-09,3.0623788e-08,0.0
26.71,0.07970595,0.1641567,0.43528894,0.05900718,0.40212128,0.4141986,6.9194925e-09,8.7047525e-09,0.0
26.715,0.07970595,0.1641567,0.43528894,0.061754856,0.39306092,0.4156851,4.426663e-09,-5.289066e-09,0.0
26.72,0.0,0.0,0.6,0.0667595,0.37972096,0.4169717,-1.9370896e-09,-2.2022245e-08,0.0
26.725,0.0,0.0,0.6,0.08242182,0.36708844,0.41813263,2.897734e-09,7.3070012e-09,0.0
26.73,0.0,0.0,0.6,0.09409437,0.35407028,0.41868523,-5.467466e-09,-3.5829695e-09,0.0
26.735,0.0,0.0,0.6,0.10528055,0.3392572,0.41912475,-4.7203073e-09,2.6568946e-08,0.0
26.740000000000002,0.36708352,0.0,0.45818874,0.11228342,0.3264924,0.41888154,0.05848914,-1.0795905e-08,0.0
26.745,0.36708352,0.0,0.45818874,0.105300434,0.31475106,0.4185021,0.2776775,-3.4470315e-08,0.0
26.75,0.36708352,0.0,0.45818874,0.11322309,0.29896587,0.41847193,0.83064157,2.5525615e-08,0.0
26.755,0.36708352,0.0,0.45818874,0.1105463,0.27995306,0.41851515,1.529052,-1.9039353e-08,0.0
26.76,0.6,0.019765913,0.42364946,0.11451434,0.2575662,0.4188768,2.4150908,-5.3345035e-09,0.0
26.765,0.6,0.019765913,0.42364946,0.10452404,0.23506118,0.4189003,3.4732578,-6.407991e-09,0.0
26.77,0.6,0.019765913,0.42364946,0.098731644,0.212498,0.41904762,4.6638217,3.4180143e-08,0.0
26.775000000000002,0.6,0.019765913,0.42364946,0.115392655,0.19139299,0.41881186,5.8114185,8.198585e-08,0.0
26.78,0.3477421,0.18245569,0.0,0.12570909,0.17108765,0.41893417,6.655813,-4.9021676e-08,0.0
26.785,0.3477421,0.18245569,0.0,0.12953411,0.15296815,0.41922015,7.205284,3.1868602e-08,0.0
26.79,0.3477421,0.18245569,0.0,0.15115768,0.1358132,0.41931468,7.5480475,5.8461844e-09,0.0
26.795,0.3477421,0.18245569,0.0,0.15593922,0.122047834,0.41963378,7.8460298,2.422088e-08,0.0
26.8,0.114270516,0.124697976,0.063016534,0.16418628,0.111691765,0.41947266,8.16995,9.764963e-09,0.0
26.805,0.114270516,0.124697976,0.063016534,0.18508868,0.099691056,0.4193337,8.534421,4.2627875e-08,0.0
26.810000000000002,0.114270516,0.124697976,0.063016534,0.21199232,0.09456613,0.41901714,9.03233,6.500495e-09,0.0
26.815,0.114270516,0.124697976,0.063016534,0.21594843,0.08927832,0.41770387,9.790753,-2.9471638e-08,0.0
26.82,0.6,0.032354757,0.25283304,0.22164924,0.092041016,0.4160093,10.752248,8.734125e-08,0.0
26.825,0.6,0.032354757,0.25283304,0.22366054,0.092623964,0.41534814,11.807293,7.6772444e-08,0.0
26.830000000000002,0.6,0.032354757,0.25283304,0.22128017,0.09077331,0.41258296,12.863287,1.0068987e-07,0.0
26.835,0.6,0.032354757,0.25283304,0.22165363,0.092138864,0.40246034,14.204456,9.131887e-08,0.0
26.84,0.6,0.3878255,0.25430882,0.2256494,0.09223305,0.3909154,15.441569,5.7127174e-08,0.0
26.845,0.6,0.3878255,0.25430882,0.22452563,0.0981854,0.37860793,16.353216,6.349107e-08,0.0
26.85,0.6,0.3878255,0.25430882,0.23783344,0.10491195,0.36548665,17.377935,8.486555e-08,0.0
26.855,0.6,0.3878255,0.25430882,0.24216749,0.100690946,0.35403278,18.296162,1.17966344e-07,0.0
26.86,0.19304928,0.6,0.0,0.2573472,0.09543989,0.3437206,18.95453,3.0327744e-08,0.0
26.865000000000002,0.19304928,0.6,0.0,0.2650215,0.1015167,0.33334854,19.50024,1.8359133e-08,0.0
26.87,0.19304928,0.6,0.0,0.2721207,0.10734926,0.32497865,20.023945,2.1522789e-08,0.0
26.875,0.19304928,0.6,0.0,0.2768801,0.104283035,0.31843662,20.56018,-5.4069713e-09,0.0
26.88,0.44631943,0.6,0.0,0.29409558,0.109789625,0.31139788,21.115673,3.0070273e-09,0.0
26.885,0.44631943,0.6,0.0,0.30214268,0.11850193,0.30519047,21.752716,5.5814596e-08,0.0
26.89,0.44631943,0.6,0.0,0.31052625,0.13012144,0.30032435,22.491882,3.637996e-08,0.0
26.895,0.44631943,0.6,0.0,0.30636516,0.15279151,0.29378086,23.317116,4.551474e-08,0.0
26.900000000000002,0.54893833,0.6,0.0,0.3025208,0.16126369,0.28157467,24.653038,3.668135e-08,0.0
26.905,0.54893833,0.6,0.0,0.3113441,0.16929317,0.2656042,26.466726,1.2799855e-07,0.0
26.91,0.54893833,0.6,0.0,0.31393588,0.18416049,0.24694978,28.034094,1.7546951e-07,0.0
26.915,0.54893833,0.6,0.0,0.31241438,0.19779003,0.22804014,29.157003,2.3140615e-08,0.0
26.92,0.44320738,0.6,0.0,0.31670988,0.20930162,0.20777741,30.46242,1.7594832e-07,0.0
26.925,0.44320738,0.6,0.0,0.30795965,0.22284824,0.18871652,31.579525,0.15747812,0.0
26.93,0.44320738,0.6,0.0,0.30024946,0.23625535,0.17029327,32.827003,5.9081948e-08,0.0
26.935000000000002,0.44320738,0.6,0.0,0.30754164,0.24723978,0.15339184,34.21935,8.3210665e-09,0.0
26.94,0.2917116,0.6,0.0,0.32617378,0.25963467,0.13725,35.086655,0.39521143,0.0
26.945,0.2917116,0.6,0.0,0.3337277,0.27226117,0.12288394,35.338924,1.2402941,0.0
26.95,0.2917116,0.6,0.0,0.34206173,0.28172222,0.11005745,35.196823,2.2809768,0.0
26.955000000000002,0.2917116,0.6,0.0,0.3435238,0.29176012,0.09849375,34.807194,3.350708,0.0
26.96,0.4216346,0.49818268,0.0,0.34975138,0.30194157,0.09148356,34.24592,4.366112,0.0
26.965,0.4216346,0.49818268,0.0,0.3567642,0.31030118,0.07855674,33.578747,5.256578,0.0
26.97,0.4216346,0.49818268,0.0,0.35957298,0.31756282,0.07582532,32.883,5.940312,0.0
26.975,0.4216346,0.49818268,0.0,0.34456465,0.3263699,0.06351723,32.199093,6.3782563,0.0
26.98,0.6,0.5375336,0.0,0.352718,0.33394372,0.053804394,32.12074,5.9183183,0.0
26.985,0.6,0.5375336,0.0,0.34984657,0.3411312,0.040088035,31.982922,5.3239417,0.0
26.990000000000002,0.6,0.5375336,0.0,0.3413091,0.34820402,0.037215695,32.13147,4.2083035,0.0
26.995,0.6,0.5375336,0.0,0.34925926,0.35451394,0.022301942,32.642822,2.5016947,0.0
27.0,0.42786646,0.336757,0.0661042,0.35011613,0.35881913,0.027735699,32.599586,1.2368445,0.0
27.005,0.42786646,0.336757,0.0661042,0.34985358,0.36511162,0.024946181,31.897156,0.5130296,0.0
27.01,0.42786646,0.336757,0.0661042,0.342147,0.3693798,0.016003592,31.389177,-2.170981e-08,0.0
27.015,0.42786646,0.336757,0.0661042,0.35227233,0.3734394,0.016504545,31.223211,-1.2827102e-09,0.0
27.02,0.40045854,0.2787296,0.6,0.352409,0.37781817,0.0032400393,30.749634,0.33490193,0.0
27.025000000000002,0.40045854,0.2787296,0.6,0.3689134,0.38202295,0.013779492,29.840572,0.9138466,0.0
27.03,0.40045854,0.2787296,0.6,0.3793027,0.38446537,0.008743603,28.820398,1.3683105,0.0
27.035,0.40045854,0.2787296,0.6,0.3675852,0.38556364,-0.0038833641,27.906128,1.4597307,0.0
27.04,0.6,0.43849882,0.6,0.3691542,0.3859925,-0.0026418408,27.811932,0.40090862,0.0
27.045,0.6,0.43849882,0.6,0.37180954,0.38509443,0.009105414,27.632172,0.015059681,0.0
27.05,0.6,0.43849882,0.6,0.3715568,0.3839492,0.008904979,26.444304,0.82527345,0.0
27.055,0.6,0.43849882,0.6,0.36735338,0.38379732,0.0099128755,25.212305,1.4206444,0.0
27.060000000000002,0.35235244,0.3279865,0.6,0.37867048,0.3832804,0.027074143,24.400455,1.2943425,0.0
27.065,0.35235244,0.3279865,0.6,0.38051295,0.3827693,0.033882804,23.238073,1.3234451,0.0
27.07,0.35235244,0.3279865,0.6,0.37799174,0.38273287,0.041872345,21.686525,1.5410198,0.0
27.075,0.35235244,0.3279865,0.6,0.3813468,0.38214743,0.059770033,20.816965,0.7473839,0.0
27.080000000000002,0.23829554,0.33712485,0.6,0.38955057,0.38219115,0.076397225,19.99546,0.0152835045,0.0
27.085,0.23829554,0.33712485,0.6,0.3946649,0.38191015,0.08187633,19.560335,-8.160555e-09,0.0
27.09,0.23829554,0.33712485,0.6,0.39591545,0.38168228,0.10075513,19.260157,0.05323291,0.0
27.095,0.23829554,0.33712485,0.6,0.39039752,0.38075623,0.11658097,18.806671,0.027137019,0.0
27.1,0.54604673,0.5652061,0.6,0.39157423,0.38041863,0.13107315,18.888199,1.1092193e-08,0.0
27.105,0.54604673,0.5652061,0.6,0.39254537,0.38013527,0.14580806,18.980099,0.1361106,0.0
27.11,0.54604673,0.5652061,0.6,0.37686,0.3785475,0.16086003,18.773869,0.35130268,0.0
27.115000000000002,0.54604673,0.5652061,0.6,0.37608066,0.37842655,0.17211306,19.032663,2.5016572e-08,0.0
27.12,0.0,0.6,0.6,0.39241055,0.378405,0.1856274,19.701952,6.748666e-08,0.0
27.125,0.0,0.6,0.6,0.38715675,0.37762326,0.20007662,20.056442,0.29750654,0.0
27.13,0.0,0.6,0.6,0.39555678,0.37858415,0.21049717,20.6424,0.07863457,0.0
27.135,0.0,0.6,0.6,0.39371595,0.378579,0.2223562,21.538527,5.970368e-08,0.0
27.14,0.0,0.6,0.6,0.37571296,0.37833226,0.23543598,23.212439,1.50018e-07,0.0
27.145,0.0,0.6,0.6,0.3820547,0.37892312,0.24587052,24.816566,0.20060083,0.0
27.150000000000002,0.0,0.6,0.6,0.3916097,0.37864405,0.25628623,25.87591,0.75064445,0.0
27.155,0.0,0.6,0.6,0.3948771,0.37865916,0.26806763,25.83838,2.267451,0.0
27.16,0.0,0.6,0.6,0.3938729,0.37896734,0.27816013,25.644567,3.451881,0.0
27.165,0.0,0.6,0.6,0.3829893,0.37935215,0.28719732,26.63314,2.2651017,0.0
27.17,0.0,0.6,0.6,0.37543225,0.37926936,0.29712063,28.314157,7.672208e-08,0.0
27.175,0.0,0.6,0.6,0.35524866,0.37941647,0.30649427,29.159828,3.3787686e-08,0.0
27.18,0.0,0.3833881,0.6,0.3367666,0.38019773,0.3144875,29.881332,3.8907135e-08,0.0
27.185000000000002,0.0,0.3833881,0.6,0.3074707,0.380598,0.32330647,30.600786,7.047776e-08,0.0
27.19,0.0,0.3833881,0.6,0.27201417,0.38135374,0.33123055,31.017155,3.553985e-09,0.0
27.195,0.0,0.3833881,0.6,0.24426425,0.38304082,0.3382367,30.862354,-6.391936e-09,0.0
27.2,0.0,0.02816155,0.59716165,0.22247158,0.38496894,0.34513906,30.019848,-2.329221e-08,0.0
27.205000000000002,0.0,0.02816155,0.59716165,0.19284199,0.38646105,0.35201922,28.532198,-3.0083182e-08,0.0
27.21,0.0,0.02816155,0.59716165,0.18371329,0.3877616,0.35771263,26.45967,-1.4942059e-07,0.0
27.215,0.0,0.02816155,0.59716165,0.16505738,0.38834485,0.36344212,23.988216,-1.15025884e-07,0.0
27.22,0.20950793,0.0,0.3668314,0.1507531,0.3885929,0.3689009,21.272568,3.601746e-08,0.0
27.225,0.20950793,0.0,0.3668314,0.13588092,0.38725084,0.37349734,18.42073,1.1529071e-07,0.0
27.23,0.20950793,0.0,0.3668314,0.13012604,0.38630846,0.3777185,14.918085,7.8742906e-09,0.0
27.235,0.20950793,0.0,0.3668314,0.10637333,0.3854782,0.38230407,10.897037,-1.0958092e-07,0.0
27.240000000000002,0.6,0.16828716,0.22790433,0.104439184,0.38385198,0.38591316,6.7816153,3.7395864e-08,0.0
27.245,0.6,0.16828716,0.22790433,0.087034866,0.38254914,0.38910523,3.0028448,-4.5567955e-08,0.0
27.25,0.6,0.16828716,0.22790433,0.07809833,0.38236433,0.39100316,-0.00049572135,-5.1812062e-08,0.0
27.255,0.6,0.16828716,0.22790433,0.07552085,0.3777802,0.39266163,5.807124e-09,7.1216917e-09,0.0
27.26,0.38829187,0.18080892,0.19282305,0.06552677,0.36497477,0.39235315,-8.102248e-10,-1.1368577e-09,0.0
27.265,0.38829187,0.18080892,0.19282305,0.0720642,0.3471334,0.39203066,-4.246475e-10,8.1322234e-08,0.0
27.27,0.38829187,0.18080892,0.19282305,0.07756162,0.3281197,0.3915651,1.6128624e-08,5.6442215e-09,0.0
27.275000000000002,0.38829187,0.18080892,0.19282305,0.10320936,0.30944028,0.38984272,6.843752e-09,-4.103065e-10,0.0
27.28,0.25800937,0.10797457,0.28138325,0.10175211,0.29375067,0.38821563,0.1703982,-4.6160813e-09,0.0
27.285,0.25800937,0.10797457,0.28138325,0.11436413,0.28177175,0.38801324,0.75885046,5.841947e-08,0.0
27.29,0.25800937,0.10797457,0.28138325,0.13875037,0.27073094,0.387408,1.5733074,-2.1411255e-08,0.0
27.295,0.25800937,0.10797457,0.28138325,0.14483029,0.26279262,0.3854287,2.7593105,-2.9754144e-08,0.0
27.3,0.6,0.2178712,0.3686853,0.16173121,0.2573264,0.38473883,4.252422,5.7383737e-08,0.0
27.305,0.6,0.2178712,0.3686853,0.17794329,0.25030681,0.38358092,5.850213,-1.8410189e-08,0.0
27.310000000000002,0.6,0.2178712,0.3686853,0.18921849,0.24381447,0.3783045,7.440527,1.234952e-07,0.0
27.315,0.6,0.2178712,0.3686853,0.20491786,0.23886693,0.37187698,8.941061,1.403576e-08,0.0
27.32,0.6,0.4989752,0.32746246,0.20886926,0.23240952,0.36633644,10.344752,5.9246027e-08,0.0
27.325,0.6,0.4989752,0.32746246,0.21779838,0.22553602,0.36014244,11.619247,3.836451e-08,0.0
27.330000000000002,0.6,0.4989752,0.32746246,0.21794295,0.2201579,0.3550957,12.761639,4.8556487e-08,0.0
27.335,0.6,0.4989752,0.32746246,0.2260919,0.21593513,0.3511336,13.753967,4.5172467e-08,0.0
27.34,0.39712387,0.6,0.23634905,0.24215315,0.21364103,0.34791908,14.621986,6.2368e-08,0.0
27.345,0.39712387,0.6,0.23634905,0.25427794,0.21175869,0.34608942,15.465846,5.889376e-08,0.0
27.35,0.39712387,0.6,0.23634905,0.26425675,0.21162578,0.3444892,16.352211,1.7953786e-08,0.0
27.355,0.39712387,0.6,0.23634905,0.2764833,0.2129636,0.34251764,17.296555,4.3184258e-08,0.0
27.36,0.25506225,0.6,0.093819045,0.29170913,0.21381772,0.3401686,18.30951,4.3351484e-08,0.0
27.365000000000002,0.25506225,0.6,0.093819045,0.29369467,0.21453926,0.33873734,19.41409,6.043149e-08,0.0
27.37,0.25506225,0.6,0.093819045,0.3074085,0.2189921,0.33597517,20.55642,4.3887724e-08,0.0
27.375,0.25506225,0.6,0.093819045,0.31680503,0.22762433,0.33070683,21.72501,8.288114e-08,0.0
27.38,0.49937817,0.6,0.58171797,0.3283995,0.23508844,0.3257193,22.920977,3.710277e-08,0.0
27.385,0.49937817,0.6,0.58171797,0.33315045,0.24571449,0.32046726,24.14488,1.4634878e-07,0.0
27.39,0.49937817,0.6,0.58171797,0.33786798,0.2581174,0.3114526,25.370993,3.2844888e-08,0.0
27.395,0.49937817,0.6,0.58171797,0.33177522,0.26943368,0.300569,26.56905,2.8856894e-08,0.0
27.400000000000002,0.33983845,0.6,0.6,0.32539362,0.28047568,0.29202706,28.183767,1.2978306e-07,0.0
27.405,0.33983845,0.6,0.6,0.32493836,0.29300228,0.28853664,30.127802,1.0989798e-07,0.0
27.41,0.33983845,0.6,0.6,0.32894936,0.30348018,0.28739357,32.053688,6.890315e-08,0.0
27.415,0.33983845,0.6,0.6,0.32971683,0.31318784,0.2858603,33.25077,5.1389726e-08,0.0
27.42,0.22314417,0.6,0.6,0.3388834,0.32424453,0.28627628,33.563347,1.4701983e-08,0.0
27.425,0.22314417,0.6,0.6,0.341168,0.33381107,0.2875478,33.25016,-1.0499793e-08,0.0
27.43,0.22314417,0.6,0.6,0.3371827,0.34123287,0.28777435,32.515568,-2.8309286e-09,0.0
27.435000000000002,0.22314417,0.6,0.6,0.33483714,0.34985945,0.28852394,32.039837,-1.498834e-08,0.0
27.44,0.46852386,0.6,0.59767807,0.33383903,0.35713062,0.29202324,31.969488,-4.5583257e-09,0.0
27.445,0.46852386,0.6,0.59767807,0.33155513,0.36235428,0.2968722,32.10477,2.4409324e-08,0.0
27.45,0.46852386,0.6,0.59767807,0.32973966,0.36857796,0.30245706,32.309494,1.8150608e-08,0.0
27.455000000000002,0.46852386,0.6,0.59767807,0.33619124,0.3743835,0.31052968,32.48931,1.2391587e-08,0.0
27.46,0.07221782,0.6,0.5269677,0.3484062,0.37916398,0.3197464,32.089516,-5.2283853e-09,0.0
27.465,0.07221782,0.6,0.5269677,0.34703624,0.38347423,0.3275466,31.104328,-1.119638e-08,0.0
27.47,0.07221782,0.6,0.5269677,0.34372115,0.38789684,0.3346807,30.365171,-4.5868546e-08,0.0
27.475,0.07221782,0.6,0.5269677,0.3418735,0.39074636,0.34232095,30.075787,2.0372479e-08,0.0
27.48,0.0,0.6,0.6,0.3341167,0.3934861,0.3479642,30.05657,6.2342616e-09,0.0
27.485,0.0,0.6,0.6,0.3212323,0.39578536,0.35315937,30.14252,4.739064e-09,0.0
27.490000000000002,0.0,0.6,0.6,0.3128618,0.39712998,0.35838166,30.167923,-7.4186213e-09,0.0
27.495,0.0,0.6,0.6,0.3353534,0.39878798,0.36220998,30.044327,6.4853074e-09,0.0
27.5,0.0,0.6,0.6,0.35000736,0.40034875,0.365585,29.393116,1.00850315e-08,0.0
27.505,0.0,0.6,0.6,0.33500573,0.4010505,0.36975566,28.298367,7.183965e-08,0.0
27.51,0.0,0.6,0.6,0.3254359,0.40137798,0.37348512,27.495062,-2.5826015e-08,0.0
27.515,0.0,0.6,0.6,0.30343166,0.40153575,0.37730098,27.116997,-1.234239e-08,0.0
27.52,0.0,0.20909457,0.6,0.28134605,0.40211782,0.38074487,26.864859,7.210583e-09,0.0
27.525000000000002,0.0,0.20909457,0.6,0.2601078,0.40220764,0.38452163,26.485918,1.9461696e-08,0.0
27.53,0.0,0.20909457,0.6,0.23773237,0.4025514,0.38793933,25.827934,-2.819413e-08,0.0
27.535,0.0,0.20909457,0.6,0.21437596,0.40256992,0.39198872,24.808193,-7.251849e-08,0.0
27.54,0.0,0.0,0.6,0.19169691,0.40288314,0.3950272,23.393736,9.984964e-08,0.0
27.545,0.0,0.0,0.6,0.18029873,0.4023159,0.39780375,21.596811,1.921989e-08,0.0
27.55,0.0,0.0,0.6,0.1639469,0.40213987,0.4002367,18.88738,1.4726209e-09,0.0
27.555,0.0,0.0,0.6,0.15379623,0.40156597,0.4024212,15.307742,3.4483268e-08,0.0
27.560000000000002,0.29426593,0.0,0.6,0.14504051,0.4002123,0.40373877,11.3447075,-1.3446466e-07,0.0
27.565,0.29426593,0.0,0.6,0.116650194,0.39976227,0.40517,7.445868,6.452502e-08,0.0
27.57,0.29426593,0.0,0.6,0.10869875,0.3991064,0.40654778,3.8232265,4.2249713e-08,0.0
27.575,0.29426593,0.0,0.6,0.08720908,0.3970195,0.4083935,0.7311862,3.233421e-08,0.0
27.580000000000002,0.6,0.011732412,0.4999328,0.07912093,0.3942839,0.40999332,-1.5265141e-09,-5.121634e-10,0.0
27.585,0.6,0.011732412,0.4999328,0.08796106,0.38405797,0.4116883,5.017626e-09,-2.3921656e-08,0.0
27.59,0.6,0.011732412,0.4999328,0.078197666,0.3640945,0.4130971,6.7560904e-09,9.524075e-09,0.0
27.595,0.6,0.011732412,0.4999328,0.07595358,0.33941862,0.4144845,-2.9301674e-09,-1.4185036e-08,0.0
27.6,0.4619682,0.28732896,0.35905147,0.06836336,0.31187212,0.41575128,0.029390939,-2.7058272e-08,0.0
27.605,0.4619682,0.28732896,0.35905147,0.08221129,0.2847345,0.4164457,0.14864069,-1.8413012e-08,0.0
27.61,0.4619682,0.28732896,0.35905147,0.08714992,0.25705686,0.41741168,0.3647653,-1.2925171e-08,0.0
27.615000000000002,0.4619682,0.28732896,0.35905147,0.10038798,0.23067424,0.41822213,0.89998674,1.2588125e-08,0.0
27.62,0.119584866,0.2483677,0.6,0.11319655,0.20624214,0.4186283,1.7961766,2.069049e-08,0.0
27.625,0.119584866,0.2483677,0.6,0.13188806,0.18423228,0.4181565,2.9251623,3.976676e-08,0.0
27.63,0.119584866,0.2483677,0.6,0.14549263,0.16505666,0.41778082,4.1959734,2.8067051e-08,0.0
27.635,0.119584866,0.2483677,0.6,0.1656023,0.15358531,0.41740227,5.5150294,-6.039406e-08,0.0
27.64,0.39491668,0.32431474,0.6,0.18337087,0.14972179,0.4165861,6.8413415,2.2121185e-08,0.0
27.645,0.39491668,0.32431474,0.6,0.19614656,0.14767548,0.41536215,8.166458,2.048008e-07,0.0
27.650000000000002,0.39491668,0.32431474,0.6,0.19339845,0.14693883,0.41530892,9.464409,1.3623276e-07,0.0
27.655,0.39491668,0.32431474,0.6,0.201942,0.14766285,0.41498464,10.965833,3.8664805e-08,0.0
27.66,0.5070115,0.58709025,0.6,0.19655852,0.14789626,0.41470754,12.340908,1.3337943e-08,0.0
27.665,0.5070115,0.58709025,0.6,0.199948,0.14916146,0.41429344,13.679071,4.264543e-09,0.0
27.67,0.5070115,0.58709025,0.6,0.20036219,0.15353142,0.41439533,14.725218,-1.1715317e-08,0.0
27.675,0.5070115,0.58709025,0.6,0.20895767,0.16362531,0.41445136,15.345269,-6.6724715e-10,0.0
27.68,0.0,0.6,0.56342137,0.21903378,0.17199801,0.414478,15.698738,3.066666e-08,0.0
27.685000000000002,0.0,0.6,0.56342137,0.23009491,0.18116714,0.41413206,15.942033,-8.08062e-09,0.0
27.69,0.0,0.6,0.56342137,0.24214923,0.1948119,0.4142764,16.191202,3.0908367e-08,0.0
27.695,0.0,0.6,0.56342137,0.24222174,0.2087283,0.41427535,16.533882,4.0809404e-08,0.0
27.7,0.0,0.6,0.6,0.2622875,0.22003916,0.414232,16.95257,5.370303e-09,0.0
27.705000000000002,0.0,0.6,0.6,0.27857503,0.2336403,0.4139189,17.503218,4.1231807e-08,0.0
27.71,0.0,0.6,0.6,0.28358942,0.24654122,0.4136614,18.24831,3.4768004e-08,0.0
27.715,0.0,0.6,0.6,0.2825126,0.25683182,0.41374466,19.142357,7.254165e-08,0.0
27.72,0.0,0.6,0.6,0.2836508,0.2681205,0.41337836,20.552982,1.9197753e-07,0.0
27.725,0.0,0.6,0.6,0.2765836,0.28004062,0.41332597,21.979698,6.4510495e-08,0.0
27.73,0.0,0.6,0.6,0.2732718,0.28949133,0.4129868,23.49036,1.2414824e-07,0.0
27.735,0.0,0.6,0.6,0.26446614,0.299825,0.4127573,25.087511,1.684802e-07,0.0
27.740000000000002,0.0,0.6,0.6,0.2536084,0.3107671,0.4125278,26.477957,1.12950865e-07,0.0
27.745,0.0,0.6,0.6,0.23320717,0.31974277,0.4122523,27.452074,5.8024465e-08,0.0
27.75,0.0,0.6,0.6,0.21028663,0.32821342,0.41213733,27.843275,-1.1302162e-08,0.0
27.755,0.0,0.6,0.6,0.18478176,0.33791393,0.4122785,27.550303,-6.311945e-08,0.0
27.76,0.0,0.17940238,0.6,0.16389686,0.34551927,0.41230336,26.545008,2.8911492e-08,0.0
27.765,0.0,0.17940238,0.6,0.13987161,0.35219607,0.41251183,24.892424,3.5691133e-10,0.0
27.77,0.0,0.17940238,0.6,0.117156506,0.35939553,0.41295636,22.680185,1.5642863e-07,0.0
27.775000000000002,0.0,0.17940238,0.6,0.11877855,0.36594814,0.41267842,19.987776,-8.400887e-08,0.0
27.78,0.20812814,0.0,0.30127904,0.11028636,0.37088713,0.41273895,16.811052,6.20116e-08,0.0
27.785,0.20812814,0.0,0.30127904,0.09162759,0.37512624,0.41283196,13.57605,1.3800952e-08,0.0
27.79,0.20812814,0.0,0.30127904,0.06599435,0.37762097,0.41299564,10.555994,1.498e-07,0.0
27.795,0.20812814,0.0,0.30127904,0.062044133,0.37752923,0.41310403,7.759461,8.211969e-08,0.0
27.8,0.6,0.20088036,0.38966158,0.058348097,0.37497684,0.41291082,4.676298,-1.3860873e-07,0.0
27.805,0.6,0.20088036,0.38966158,0.055098187,0.3730674,0.41253498,1.4321707,-7.093882e-08,0.0
27.810000000000002,0.6,0.20088036,0.38966158,0.045179244,0.37028056,0.41201323,9.584311e-09,-2.8093812e-08,0.0
27.815,0.6,0.20088036,0.38966158,0.055775147,0.36624593,0.4111337,1.0745936e-08,-7.576265e-09,0.0
27.82,0.49522978,0.0,0.28548402,0.061830644,0.3631452,0.40970764,1.4012711e-09,7.240778e-09,0.0
27.825,0.49522978,0.0,0.28548402,0.07016815,0.3600539,0.4090748,1.3656589e-08,3.2456449e-09,0.0
27.830000000000002,0.49522978,0.0,0.28548402,0.068446346,0.35063595,0.40859193,2.8249053e-08,-6.211065e-08,0.0
27.835,0.49522978,0.0,0.28548402,0.088181905,0.33931354,0.40722603,1.03858255e-08,-6.210271e-09,0.0
27.84,0.27732766,0.0,0.55373937,0.11087714,0.32939082,0.4070375,-1.7939923e-08,5.473581e-08,0.0
27.845,0.27732766,0.0,0.55373937,0.11865592,0.31810242,0.40664992,0.13746805,2.7386019e-08,0.0
27.85,0.27732766,0.0,0.55373937,0.12814468,0.30388248,0.40510753,0.5149575,-5.1399258e-08,0.0
27.855,0.27732766,0.0,0.55373937,0.13523845,0.2906814,0.4046468,1.1581198,8.221655e-08,0.0
27.86,0.6,0.10987541,0.5690195,0.15316135,0.27752578,0.4047642,2.0190806,3.624482e-08,0.0
27.865000000000002,0.6,0.10987541,0.5690195,0.1828848,0.26220518,0.40436882,3.0737443,3.5634933e-08,0.0
27.87,0.6,0.10987541,0.5690195,0.20079218,0.24358012,0.40452167,4.580483,1.6795501e-07,0.0
27.875,0.6,0.10987541,0.5690195,0.20383555,0.22384971,0.40473065,6.489576,6.1775104e-08,0.0
27.88,0.6,0.4426207,0.6,0.21057338,0.20270886,0.40448138,8.483802,6.2057545e-08,0.0
27.885,0.6,0.4426207,0.6,0.21251759,0.18252167,0.40473732,10.344627,1.2336558e-07,0.0
27.89,0.6,0.4426207,0.6,0.21622604,0.16327749,0.40451792,11.962559,7.731479e-08,0.0
27.895,0.6,0.4426207,0.6,0.23586392,0.14551145,0.40460768,13.304245,4.0276362e-08,0.0
27.900000000000002,0.011315507,0.6,0.0,0.24782763,0.12901458,0.40462458,14.488937,3.6240927e-08,0.0
27.905,0.011315507,0.6,0.0,0.2577712,0.11864346,0.4048618,15.615162,6.21691e-08,0.0
27.91,0.011315507,0.6,0.0,0.27501974,0.11663892,0.40475994,16.714756,5.515308e-08,0.0
27.915,0.011315507,0.6,0.0,0.28581017,0.116548896,0.4048397,17.841572,3.8823035e-08,0.0
27.92,0.23389232,0.6,0.0,0.2981224,0.116971895,0.40505055,19.017445,8.648989e-08,0.0
27.925,0.23389232,0.6,0.0,0.30739298,0.122923054,0.4043812,20.242086,8.867202e-08,0.0
27.93,0.23389232,0.6,0.0,0.31783175,0.13792534,0.40323606,21.495308,1.1316749e-07,0.0
27.935000000000002,0.23389232,0.6,0.0,0.31713942,0.15121561,0.4019732,22.762606,2.2220037e-08,0.0
27.94,0.46523795,0.39086196,0.0,0.3063316,0.16331588,0.40194184,24.504099,1.3740934e-08,0.0
27.945,0.46523795,0.39086196,0.0,0.30590972,0.17904618,0.3997293,26.64579,3.9121716e-08,0.0
27.95,0.46523795,0.39086196,0.0,0.30221853,0.1930555,0.3903687,28.898539,2.0544746e-07,0.0
27.955000000000002,0.46523795,0.39086196,0.0,0.29441813,0.20521915,0.3737597,31.100803,1.3377424e-07,0.0
27.96,0.27510157,0.6,0.0,0.28345367,0.21937795,0.3515477,33.123966,7.149987e-08,0.0
27.965,0.27510157,0.6,0.0,0.28884682,0.23307973,0.32730085,34.859264,1.03684506e-07,0.0
27.97,0.27510157,0.6,0.0,0.2909155,0.24402514,0.30194,35.87124,1.5957133e-08,0.0
27.975,0.27510157,0.6,0.0,0.29189178,0.25520566,0.27691588,36.106956,2.2547313e-08,0.0
27.98,0.3269059,0.59097356,0.0,0.29254988,0.26489347,0.25214732,35.755997,-1.801645e-08,0.0
27.985,0.3269059,0.59097356,0.0,0.2842957,0.2722576,0.2286829,34.97499,3.0797043e-08,0.0
27.990000000000002,0.3269059,0.59097356,0.0,0.2837784,0.2811264,0.20682417,34.333015,-3.633838e-08,0.0
27.995,0.3269059,0.59097356,0.0,0.2822865,0.29238334,0.18674138,33.9769,-1.6509217e-08,0.0
28.0,0.5046719,0.5920475,0.0,0.2856951,0.30187437,0.16795596,33.738167,-5.0527373e-09,0.0
28.005,0.5046719,0.5920475,0.0,0.27888837,0.31174207,0.15048757,32.9815,0.47343796,0.0
28.01,0.5046719,0.5920475,0.0,0.27968064,0.32235125,0.13527425,32.176807,0.75891936,0.0
28.015,0.5046719,0.5920475,0.0,0.2829066,0.33165708,0.120930575,31.011581,1.212615,0.0
28.02,0.43789116,0.6,0.0,0.27450112,0.3390478,0.10847325,29.398342,1.9219866,0.0
28.025000000000002,0.43789116,0.6,0.0,0.2801769,0.34811872,0.09705384,28.105087,2.0230978,0.0
28.03,0.43789116,0.6,0.0,0.27034938,0.35536662,0.08470186,26.755634,1.9531461,0.0
28.035,0.43789116,0.6,0.0,0.280249,0.3614688,0.07882679,25.660439,1.3648114,0.0
28.04,0.21531759,0.24341917,0.0,0.2922682,0.3682748,0.075246215,24.512306,0.61543775,0.0
28.045,0.21531759,0.24341917,0.0,0.29242632,0.3731453,0.060295943,23.197344,-5.992615e-08,0.0
28.05,0.21531759,0.24341917,0.0,0.30025762,0.37628168,0.05494629,21.817278,2.6688753e-08,0.0
28.055,0.21531759,0.24341917,0.0,0.31514364,0.37950125,0.051529113,20.629633,7.608968e-09,0.0
28.060000000000002,0.6,0.26259288,0.0,0.31842113,0.38190874,0.042015687,19.758228,-2.5489886e-08,0.0
28.065,0.6,0.26259288,0.0,0.32563803,0.38269424,0.046507057,19.217394,9.698732e-09,0.0
28.07,0.6,0.26259288,0.0,0.32660925,0.38088283,0.04213611,18.982656,-1.3751311e-09,0.0
28.075,0.6,0.26259288,0.0,0.33645552,0.37989897,0.038522035,18.312508,0.4518848,0.0
28.080000000000002,0.43316963,0.21908638,0.06448898,0.32939315,0.37849063,0.029871976,17.207148,1.1256313,0.0
28.085,0.43316963,0.21908638,0.06448898,0.3281858,0.37596825,0.024834411,16.633638,0.937746,0.0
28.09,0.43316963,0.21908638,0.06448898,0.3254359,0.3753347,0.01268326,16.699318,-1.6414072e-08,0.0
28.095,0.43316963,0.21908638,0.06448898,0.33145103,0.37469137,0.008517027,16.91593,2.071631e-08,0.0
28.1,0.37134236,0.24900872,0.3582515,0.34265965,0.3736473,0.0070555015,16.798162,0.31179667,0.0
28.105,0.37134236,0.24900872,0.3582515,0.34021908,0.37331712,0.00029071947,16.305126,0.78143543,0.0
28.11,0.37134236,0.24900872,0.3582515,0.3380577,0.37278083,-0.0016632818,16.35348,0.38326508,0.0
28.115000000000002,0.37134236,0.24900872,0.3582515,0.3345502,0.37164554,-0.006325933,16.859861,3.599489e-08,0.0
28.12,0.6,0.44171524,0.45470232,0.3382423,0.37023637,0.0027457778,17.56365,6.244125e-08,0.0
28.125,0.6,0.44171524,0.45470232,0.3420533,0.36892593,0.008140155,17.784721,0.40975085,0.0
28.13,0.6,0.44171524,0.45470232,0.3311993,0.3639833,0.0037151498,17.437687,1.1899958,0.0
28.135,0.6,0.44171524,0.45470232,0.33788037,0.3538392,0.016003173,17.44428,1.3044565,0.0
28.14,0.43146136,0.50034314,0.6,0.3360509,0.34522027,0.020334452,17.404966,1.2203591,0.0
28.145,0.43146136,0.50034314,0.6,0.34085378,0.34044886,0.03161955,17.78749,0.41757822,0.0
28.150000000000002,0.43146136,0.50034314,0.6,0.35114217,0.338579,0.043328535,18.011822,0.01455679,0.0
28.155,0.43146136,0.50034314,0.6,0.3692129,0.33705947,0.060999904,17.942575,-2.7365976e-09,0.0
28.16,0.50912434,0.5000767,0.6,0.38458848,0.33723056,0.08328111,17.861752,1.4679807e-09,0.0
28.165,0.50912434,0.5000767,0.6,0.38211387,0.3378722,0.09340183,18.455843,8.274731e-08,0.0
28.17,0.50912434,0.5000767,0.6,0.385638,0.33769616,0.109158374,20.360558,1.9727996e-07,0.0
28.175,0.50912434,0.5000767,0.6,0.3813735,0.3382368,0.12118323,22.027111,0.5178043,0.0
28.18,0.22741331,0.5378221,0.6,0.38144168,0.33937672,0.1298619,24.16777,0.23968029,0.0
28.185000000000002,0.22741331,0.5378221,0.6,0.38217694,0.33998093,0.14454912,26.233839,0.009757751,0.0
28.19,0.22741331,0.5378221,0.6,0.3863094,0.3412027,0.15971485,27.712055,0.2653164,0.0
28.195,0.22741331,0.5378221,0.6,0.38714322,0.34262058,0.17213988,28.740116,0.77517545,0.0
28.2,0.34054843,0.6,0.6,0.38115007,0.34267655,0.18436769,29.423077,1.4193517,0.0
28.205000000000002,0.34054843,0.6,0.6,0.37827173,0.3424935,0.19876446,30.56656,1.2988783,0.0
28.21,0.34054843,0.6,0.6,0.37819985,0.34364477,0.21026148,31.523026,1.1610585,0.0
28.215,0.34054843,0.6,0.6,0.3858764,0.344564,0.22110607,32.62349,0.63460165,0.0
28.22,0.0,0.6,0.6,0.38796556,0.34472865,0.23349474,33.327847,0.3375251,0.0
28.225,0.0,0.6,0.6,0.38029793,0.34496602,0.24544199,33.4028,0.52161664,0.0
28.23,0.0,0.6,0.6,0.3902262,0.34827688,0.2550774,33.822865,0.08852311,0.0
28.235,0.0,0.6,0.6,0.40073785,0.35289755,0.26577765,33.954628,0.1483236,0.0
28.240000000000002,0.0713059,0.6,0.6,0.3877282,0.35664484,0.27624828,33.657635,0.51894504,0.0
28.245,0.0713059,0.6,0.6,0.37728384,0.36124492,0.2852941,33.85536,-1.0305113e-08,0.0
28.25,0.0713059,0.6,0.6,0.3803393,0.36664912,0.2942829,34.337948,3.7305647e-08,0.0
28.255,0.0713059,0.6,0.6,0.3850729,0.37109917,0.30322042,34.394215,-1.5416605e-08,0.0
28.26,0.0,0.6,0.6,0.38123125,0.3754887,0.3107726,33.85172,-3.328852e-08,0.0
28.265,0.0,0.6,0.6,0.3771664,0.3792681,0.31823525,33.538593,-3.1609002e-09,0.0
28.27,0.0,0.6,0.6,0.35802674,0.38219914,0.3257847,33.65664,3.3520091e-09,0.0
28.275000000000002,0.0,0.6,0.6,0.33381966,0.38460582,0.3325376,33.902504,1.5631494e-08,0.0
28.28,0.0,0.3897436,0.6,0.31940904,0.386984,0.3391226,33.992664,1.3970862e-09,0.0
28.285,0.0,0.3897436,0.6,0.31120604,0.38895747,0.34563512,33.793304,-2.7844638e-09,0.0
28.29,0.0,0.3897436,0.6,0.29036453,0.39072677,0.35127875,33.30602,2.2162188e-09,0.0
28.295,0.0,0.3897436,0.6,0.2776315,0.39220694,0.35649845,32.48654,-5.442297e-08,0.0
28.3,0.0,0.0,0.6,0.25540867,0.3933789,0.3623439,31.337702,-8.697223e-08,0.0
28.305,0.0,0.0,0.6,0.23065366,0.39393833,0.36761612,29.844707,-9.550972e-08,0.0
28.310000000000002,0.0,0.0,0.6,0.21502139,0.3950328,0.37182006,27.977924,-1.4991636e-07,0.0
28.315,0.0,0.0,0.6,0.19239725,0.3954155,0.3765522,25.804014,-1.10746745e-08,0.0
28.32,0.32202202,0.0,0.33154926,0.16987078,0.39526737,0.38073695,23.38482,-3.0614192e-08,0.0
28.325,0.32202202,0.0,0.33154926,0.14818165,0.39395827,0.3839111,20.122463,-1.2533772e-07,0.0
28.330000000000002,0.32202202,0.0,0.33154926,0.13034886,0.39316767,0.38741013,16.000534,1.2514258e-07,0.0
28.335,0.32202202,0.0,0.33154926,0.12624289,0.3918067,0.39076796,11.462271,7.902401e-09,0.0
28.34,0.6,0.1624623,0.49246684,0.11381946,0.38980508,0.3929914,7.022802,-1.6443265e-07,0.0
28.345,0.6,0.1624623,0.49246684,0.093910396,0.3866949,0.39456087,3.0830712,-1.6218041e-07,0.0
28.35,0.6,0.1624623,0.49246684,0.08645236,0.37520537,0.39614037,-0.00065532874,-1.6332955e-07,0.0
28.355,0.6,0.1624623,0.49246684,0.09004031,0.35471022,0.39642674,2.385388e-09,1.0958559e-08,0.0
28.36,0.4594609,0.23459509,0.0,0.08940975,0.32977492,0.39536342,-4.9857776e-09,3.301929e-09,0.0
28.365000000000002,0.4594609,0.23459509,0.0,0.09731123,0.30242908,0.39459854,0.17818777,3.496266e-08,0.0
28.37,0.4594609,0.23459509,0.0,0.10830003,0.27522737,0.3944004,0.51851106,1.2062404e-07,0.0
28.375,0.4594609,0.23459509,0.0,0.117786266,0.24865034,0.39374542,1.0477837,-1.7122158e-08,0.0
28.38,0.29272288,0.033811748,0.30051127,0.11966801,0.22549264,0.39352918,1.9796461,6.159235e-08,0.0
28.385,0.29272288,0.033811748,0.30051127,0.12777822,0.20908867,0.39282775,3.1973085,5.7585115e-08,0.0
28.39,0.29272288,0.033811748,0.30051127,0.15111673,0.19917922,0.39161405,4.4828653,1.1823134e-07,0.0
28.395,0.29272288,0.033811748,0.30051127,0.16922301,0.19445314,0.38920504,5.793177,1.9597279e-07,0.0
28.400000000000002,0.6,0.14689268,0.30758017,0.19023837,0.1913902,0.38785386,7.1146183,9.325785e-08,0.0
28.405,0.6,0.14689268,0.30758017,0.19901945,0.18864097,0.38651186,8.454519,-3.8949533e-08,0.0
28.41,0.6,0.14689268,0.30758017,0.21997924,0.18715465,0.38270095,9.770442,-2.071129e-08,0.0
28.415,0.6,0.14689268,0.30758017,0.22367625,0.18538198,0.3784785,11.088132,5.4137942e-08,0.0
28.42,0.6,0.6,0.30740824,0.22693266,0.18169233,0.3731258,12.374088,5.711064e-08,0.0
28.425,0.6,0.6,0.30740824,0.23355663,0.17727025,0.36614007,13.56359,9.90644e-08,0.0
28.43,0.6,0.6,0.30740824,0.23645277,0.17365013,0.36012375,14.646383,2.7982717e-08,0.0
28.435000000000002,0.6,0.6,0.30740824,0.25674045,0.1709053,0.35409376,15.617101,6.159769e-08,0.0
28.44,0.402556,0.6,0.6,0.266667,0.16822919,0.34798434,16.571957,9.961177e-08,0.0
28.445,0.402556,0.6,0.6,0.28222042,0.1665821,0.34260464,17.566023,7.4398415e-08,0.0
28.45,0.402556,0.6,0.6,0.29563814,0.16717261,0.33776316,18.630636,7.808435e-08,0.0
28.455000000000002,0.402556,0.6,0.6,0.30649528,0.16874011,0.33273718,19.783747,5.404904e-08,0.0
28.46,0.1266306,0.6,0.44386154,0.3136288,0.16906953,0.32853627,21.010542,-5.5145075e-09,0.0
28.465,0.1266306,0.6,0.44386154,0.31245798,0.17158686,0.32545176,22.270836,9.910503e-08,0.0
28.47,0.1266306,0.6,0.44386154,0.31860146,0.18085904,0.32388997,23.999393,2.0452158e-07,0.0
28.475,0.1266306,0.6,0.44386154,0.32694137,0.19264902,0.3241412,25.708302,8.4118916e-08,0.0
28.48,0.14098276,0.6,0.6,0.32671875,0.20224753,0.3242354,27.112032,4.2948923e-08,0.0
28.485,0.14098276,0.6,0.6,0.3280389,0.2156587,0.32416475,28.807985,9.4750625e-08,0.0
28.490000000000002,0.14098276,0.6,0.6,0.33733523,0.22941141,0.32499382,30.364933,1.210148e-07,0.0
28.495,0.14098276,0.6,0.6,0.34924656,0.24110718,0.32468128,31.55108,5.6104607e-08,0.0
28.5,0.3877562,0.6,0.5217779,0.338565,0.25269845,0.32524472,32.533905,-8.127774e-09,0.0
28.505,0.3877562,0.6,0.5217779,0.3304918,0.2656533,0.3265373,33.843025,9.862502e-08,0.0
28.51,0.3877562,0.6,0.5217779,0.32101762,0.2763057,0.32667023,35.410442,9.804534e-08,0.0
28.515,0.3877562,0.6,0.5217779,0.32671338,0.2876157,0.32677668,36.864624,8.3229764e-08,0.0
28.52,0.0,0.6,0.4758394,0.32755595,0.29993322,0.32907617,37.524,5.297938e-09,0.0
28.525000000000002,0.0,0.6,0.4758394,0.3281469,0.30963045,0.33397347,37.26964,-9.283534e-10,0.0
28.53,0.0,0.6,0.4758394,0.33055753,0.31902936,0.33862332,36.35992,-7.755736e-09,0.0
28.535,0.0,0.6,0.4758394,0.33180067,0.32902718,0.34421787,35.032352,5.7028173e-09,0.0
28.54,0.0,0.6,0.6,0.33194357,0.33689567,0.3501534,33.47271,-5.3577896e-08,0.0
28.545,0.0,0.6,0.6,0.3261154,0.34360823,0.35557866,31.820152,-5.4055178e-08,0.0
28.55,0.0,0.6,0.6,0.32423016,0.35090157,0.36049542,30.681276,-7.0621278e-09,0.0
28.555,0.0,0.6,0.6,0.3180349,0.35714456,0.36521322,30.15529,7.290611e-09,0.0
28.560000000000002,0.0,0.6,0.6,0.31461903,0.36279243,0.36848783,29.975065,-2.7972842e-09,0.0
28.565,0.0,0.6,0.6,0.3020744,0.36867195,0.3715881,29.952137,9.599181e-09,0.0
28.57,0.0,0.6,0.6,0.28101602,0.3735831,0.3748259,29.902,-3.2482543e-08,0.0
28.575,0.0,0.6,0.6,0.26627702,0.37733608,0.37761033,29.61757,2.3675998e-08,0.0
28.580000000000002,0.0,0.36923397,0.6,0.23167104,0.38113227,0.379938,28.997147,-9.2051835e-08,0.0
28.585,0.0,0.36923397,0.6,0.21414542,0.38460967,0.38243458,27.887175,-4.1948358e-08,0.0
28.59,0.0,0.36923397,0.6,0.20876423,0.38720953,0.3847985,26.278145,-2.6195684e-08,0.0
28.595,0.0,0.36923397,0.6,0.18453728,0.39006355,0.38641322,24.347626,-6.422085e-08,0.0
28.6,0.0,0.0,0.6,0.16331965,0.39180487,0.38888544,22.156967,3.102979e-08,0.0
28.605,0.0,0.0,0.6,0.1538527,0.3930491,0.39072663,19.719465,7.4918404e-08,0.0
28.61,0.0,0.0,0.6,0.13304259,0.39229605,0.39248344,17.149975,9.386962e-08,0.0
28.615000000000002,0.0,0.0,0.6,0.11078707,0.39158413,0.393917,13.891055,1.3915891e-07,0.0
28.62,0.26817575,0.0,0.49561402,0.098501384,0.3903898,0.3955886,9.953461,-5.4481863e-08,0.0
28.625,0.26817575,0.0,0.49561402,0.09120883,0.38798583,0.3968396,5.839908,8.1114365e-08,0.0
28.63,0.26817575,0.0,0.49561402,0.07818213,0.38564917,0.398059,2.0252798,7.8834866e-08,0.0
28.635,0.26817575,0.0,0.49561402,0.0632226,0.38376722,0.399909,3.7525116e-09,-2.8227921e-08,0.0
28.64,0.6,0.03214946,0.5823085,0.05614399,0.38125777,0.40157032,1.426929e-09,-7.576467e-09,0.0
28.645,0.6,0.03214946,0.5823085,0.04920061,0.37879452,0.40283766,-4.6328e-09,4.9483693e-09,0.0
28.650000000000002,0.6,0.03214946,0.5823085,0.049344976,0.37055412,0.40490863,-1.8193674e-09,1.2261793e-08,0.0
28.655,0.6,0.03214946,0.5823085,0.039912153,0.35371414,0.40675837,-4.8691695e-09,-9.5270805e-09,0.0
28.66,0.49588495,0.3493371,0.19380268,0.04283452,0.3301032,0.4079865,-5.9137667e-10,-1.3195474e-09,0.0
28.665,0.49588495,0.3493371,0.19380268,0.039453812,0.30441263,0.4092294,5.0574864e-09,3.5554656e-08,0.0
28.67,0.49588495,0.3493371,0.19380268,0.054346036,0.2774573,0.4099914,3.2152239e-09,3.2647602e-08,0.0
28.675,0.49588495,0.3493371,0.19380268,0.069451734,0.25107408,0.41098854,4.084558e-09,-1.4817926e-08,0.0
28.68,0.32080203,0.45520854,0.17336519,0.09294059,0.22596867,0.41206178,0.27169463,3.9034017e-08,0.0
28.685000000000002,0.32080203,0.45520854,0.17336519,0.10680115,0.20801632,0.41288728,0.9775018,5.2718864e-08,0.0
28.69,0.32080203,0.45520854,0.17336519,0.12187864,0.19979356,0.41368613,2.03747,6.8994844e-08,0.0
28.695,0.32080203,0.45520854,0.17336519,0.1475233,0.19552879,0.41254824,3.3157432,2.264102e-08,0.0
28.7,0.6,0.45969313,0.2860298,0.15288371,0.19307344,0.4122176,4.750423,-5.5041163e-08,0.0
28.705000000000002,0.6,0.45969313,0.2860298,0.1699612,0.19351618,0.4118972,6.1937933,-1.9449288e-08,0.0
28.71,0.6,0.45969313,0.2860298,0.18938512,0.19439846,0.4098978,7.563108,8.634172e-08,0.0
28.715,0.6,0.45969313,0.2860298,0.18723029,0.1955255,0.408779,8.877545,4.7264457e-08,0.0
28.72,0.6,0.6,0.16223891,0.19729953,0.20092642,0.40783033,10.384303,1.5080631e-07,0.0
28.725,0.6,0.6,0.16223891,0.2117479,0.21289241,0.40330735,11.765284,5.891349e-08,0.0
28.73,0.6,0.6,0.16223891,0.21301837,0.22579552,0.39581558,12.891539,2.990355e-08,0.0
28.735,0.6,0.6,0.16223891,0.226608,0.2368133,0.3887531,13.812837,1.0646086e-07,0.0
28.740000000000002,0.42650428,0.6,0.0,0.2432328,0.24965958,0.37997177,14.6162405,-4.278066e-08,0.0
28.745,0.42650428,0.6,0.0,0.25372976,0.26147375,0.36981142,15.42487,1.2207756e-08,0.0
28.75,0.42650428,0.6,0.0,0.25004375,0.27076444,0.36127526,16.290203,6.531734e-08,0.0
28.755,0.42650428,0.6,0.0,0.25434774,0.2809737,0.35211,17.561977,7.6505984e-08,0.0
28.76,0.5313423,0.6,0.21702011,0.27537167,0.2912693,0.34013507,18.820272,8.516227e-08,0.0
28.765,0.5313423,0.6,0.21702011,0.29047528,0.29985443,0.3288067,19.882996,1.944929e-08,0.0
28.77,0.5313423,0.6,0.21702011,0.29313037,0.30811533,0.3181137,20.833473,-1.0999924e-08,0.0
28.775000000000002,0.5313423,0.6,0.21702011,0.30090365,0.31696835,0.30531368,21.633806,1.5161516e-09,0.0
28.78,0.6,0.6,0.6,0.30741963,0.32406142,0.28959593,22.261396,-3.9600035e-08,0.0
28.785,0.6,0.6,0.6,0.3151488,0.33143923,0.27362043,22.728895,7.800199e-09,0.0
28.79,0.6,0.6,0.6,0.31744948,0.33908764,0.2587119,23.063425,4.0088743e-08,0.0
28.795,0.6,0.6,0.6,0.32374334,0.34565628,0.24716352,23.267725,2.3011737e-08,0.0
28.8,0.2019246,0.5965514,0.6,0.3214004,0.3510345,0.23980908,23.365059,1.7033349e-08,0.0
28.805,0.2019246,0.5965514,0.6,0.32771307,0.357679,0.23668493,23.879736,8.619109e-08,0.0
28.810000000000002,0.2019246,0.5965514,0.6,0.3332378,0.3628669,0.23620291,24.357336,4.870356e-09,0.0
28.815,0.2019246,0.5965514,0.6,0.3438827,0.3676322,0.23507331,24.51121,-1.2253907e-09,0.0
28.82,0.23726861,0.4344339,0.6,0.35702837,0.37204543,0.23588158,24.47759,-8.137996e-09,0.0
28.825,0.23726861,0.4344339,0.6,0.35809526,0.37550113,0.23984277,24.390474,-7.146942e-09,0.0
28.830000000000002,0.23726861,0.4344339,0.6,0.34487724,0.37796158,0.24622044,24.292574,-2.8865317e-09,0.0
28.835,0.23726861,0.4344339,0.6,0.3469806,0.38106418,0.25317347,24.677412,7.407996e-08,0.0
28.84,0.3883538,0.6,0.6,0.34311697,0.38281283,0.26565933,25.008251,0.14766191,0.0
28.845,0.3883538,0.6,0.6,0.34407964,0.38426444,0.27870822,25.591415,5.2333075e-08,0.0
28.85,0.3883538,0.6,0.6,0.34563157,0.38562235,0.28936064,25.937315,1.0696081e-08,0.0
28.855,0.3883538,0.6,0.6,0.3510806,0.38711482,0.30036563,25.83868,-1.4725535e-08,0.0
28.86,0.0,0.6,0.4782785,0.34791178,0.38880628,0.31084022,25.478548,1.0463663e-08,0.0
28.865000000000002,0.0,0.6,0.4782785,0.35247418,0.3912166,0.3175454,25.528482,2.7650485e-08,0.0
28.87,0.0,0.6,0.4782785,0.35283127,0.39306918,0.32440707,25.568684,9.975797e-09,0.0
28.875,0.0,0.6,0.4782785,0.35310745,0.39433956,0.33177128,25.31094,-1.7564483e-08,0.0
28.88,0.0,0.6,0.6,0.35206422,0.3957864,0.33734053,24.871635,-1.7276196e-08,0.0
28.885,0.0,0.6,0.6,0.35137945,0.39756244,0.3426337,24.907505,4.106893e-08,0.0
28.89,0.0,0.6,0.6,0.34863606,0.39840603,0.34813863,25.527672,-1.5566915e-08,0.0
28.895,0.0,0.6,0.6,0.34555528,0.39899245,0.352588,26.453907,9.355613e-09,0.0
28.900000000000002,0.0,0.6,0.6,0.34000334,0.39933124,0.3567623,27.47496,3.969798e-08,0.0
28.905,0.0,0.6,0.6,0.3163732,0.3992896,0.36117986,28.432083,7.164038e-08,0.0
28.91,0.0,0.6,0.6,0.29879674,0.39852646,0.3652992,28.46452,2.9345717e-08,0.0
28.915,0.0,0.6,0.6,0.26851165,0.39795494,0.36941063,27.370934,-1.152386e-08,0.0
28.92,0.0,0.3540548,0.6,0.25020394,0.39787424,0.3736231,25.356947,3.9102686e-09,0.0
28.925,0.0,0.3540548,0.6,0.22530583,0.39788184,0.37765437,22.662941,5.7422845e-08,0.0
28.93,0.0,0.3540548,0.6,0.19828846,0.39858067,0.38114193,19.509212,-3.403684e-08,0.0
28.935000000000002,0.0,0.3540548,0.6,0.17498378,0.39926466,0.38520795,16.679686,-9.6069556e-08,0.0
28.94,0.0,0.0,0.6,0.14997448,0.40027744,0.38878265,14.363616,-2.0111093e-08,0.0
28.945,0.0,0.0,0.6,0.13310324,0.40120026,0.39174855,12.327755,-2.312907e-09,0.0
28.95,0.0,0.0,0.6,0.1257294,0.4026601,0.3941104,10.471821,3.2810117e-08,0.0
28.955000000000002,0.0,0.0,0.6,0.10119233,0.40333745,0.3967815,8.823755,-7.7357065e-08,0.0
28.96,0.31282377,0.0,0.20800653,0.08952575,0.40340415,0.39834532,7.3088713,4.683469e-08,0.0
28.965,0.31282377,0.0,0.20800653,0.07823193,0.40327838,0.39983627,5.8994975,-6.979818e-08,0.0
28.97,0.31282377,0.0,0.20800653,0.074858986,0.40298644,0.40157163,3.972472,-1.514255e-08,0.0
28.975,0.31282377,0.0,0.20800653,0.0713363,0.40203816,0.40291494,1.5734171,-5.6377885e-09,0.0
28.98,0.6,0.115723535,0.4053657,0.07616207,0.4003904,0.40463373,6.3212533e-09,5.5958718e-09,0.0
28.985,0.6,0.115723535,0.4053657,0.06859838,0.39804384,0.40670362,-1.216644e-09,-1.8563155e-08,0.0
28.990000000000002,0.6,0.115723535,0.4053657,0.06080414,0.3878646,0.40836066,2.808256e-09,-2.0161409e-08,0.0
28.995,0.6,0.115723535,0.4053657,0.064213485,0.36972865,0.4081484,3.8039016e-09,-1.788428e-08,0.0
29.0,0.45413032,0.29994366,0.07712229,0.04926889,0.3440886,0.4076437,7.794559e-09,3.184099e-08,0.0
29.005,0.45413032,0.29994366,0.07712229,0.067950636,0.31764695,0.4077933,8.662267e-09,-2.9437887e-08,0.0
29.01,0.45413032,0.29994366,0.07712229,0.092050806,0.28931734,0.4070304,4.099519e-09,-2.6933757e-08,0.0
29.015,0.45413032,0.29994366,0.07712229,0.09411469,0.26329106,0.40631875,0.16183434,3.9781813e-08,0.0
29.02,0.38329282,0.2964535,0.21890043,0.11027441,0.24137072,0.40617287,0.7577532,-1.0217793e-07,0.0
29.025000000000002,0.38329282,0.2964535,0.21890043,0.13226102,0.2262981,0.40492266,1.7976942,6.52353e-09,0.0
29.03,0.38329282,0.2964535,0.21890043,0.14957526,0.21771038,0.40245292,3.1692104,1.18758074e-07,0.0
29.035,0.38329282,0.2964535,0.21890043,0.1535742,0.21316211,0.40048763,4.732725,8.6426304e-08,0.0
29.04,0.6,0.39661366,0.3907545,0.16961545,0.21159056,0.39726922,6.276542,1.3459004e-07,0.0
29.045,0.6,0.39661366,0.3907545,0.18247984,0.21082595,0.3878487,7.7036743,1.2122173e-08,0.0
29.05,0.6,0.39661366,0.3907545,0.20014575,0.21091636,0.37478408,8.99917,8.341453e-08,0.0
29.055,0.6,0.39661366,0.3907545,0.21390009,0.2119905,0.36204538,10.210789,2.1241947e-08,0.0
29.060000000000002,0.6,0.6,0.26160496,0.21971503,0.21254134,0.3487961,11.386501,7.600247e-09,0.0
29.065,0.6,0.6,0.26160496,0.22671987,0.21306202,0.33603927,12.511685,4.0471875e-09,0.0
29.07,0.6,0.6,0.26160496,0.23476987,0.21442936,0.32652837,13.572522,5.092473e-08,0.0
29.075,0.6,0.6,0.26160496,0.2582015,0.2169356,0.3213313,14.578879,9.446149e-09,0.0
29.080000000000002,0.2567017,0.6,0.36909378,0.26804817,0.21948355,0.31921563,15.636993,9.242e-08,0.0
29.085,0.2567017,0.6,0.36909378,0.2797738,0.22379254,0.31762442,16.77776,9.3308074e-08,0.0
29.09,0.2567017,0.6,0.36909378,0.28292656,0.23330848,0.31625852,17.984499,1.1016189e-07,0.0
29.095,0.2567017,0.6,0.36909378,0.2913119,0.24541996,0.31434608,19.200977,2.0757497e-08,0.0
29.1,0.46492544,0.6,0.53628707,0.31125584,0.2563702,0.31229386,20.39497,5.4746256e-08,0.0
29.105,0.46492544,0.6,0.53628707,0.31232512,0.2680358,0.31176817,21.62205,6.319872e-08,0.0
29.11,0.46492544,0.6,0.53628707,0.31574136,0.2802721,0.3117541,22.850544,7.416796e-08,0.0
29.115000000000002,0.46492544,0.6,0.53628707,0.3261931,0.29056552,0.31148633,23.993734,8.978328e-08,0.0
29.12,0.30727226,0.6,0.6,0.3223087,0.30013043,0.31207785,25.00241,-1.269357e-08,0.0
29.125,0.30727226,0.6,0.6,0.32338828,0.31059992,0.31315574,26.318068,9.011033e-08,0.0
29.13,0.30727226,0.6,0.6,0.3186279,0.31894514,0.31363422,27.40923,2.9387493e-08,0.0
29.135,0.30727226,0.6,0.6,0.32262823,0.32748687,0.31395033,28.446724,7.120018e-08,0.0
29.14,0.3230723,0.6,0.6,0.32523674,0.3366963,0.31567323,29.076538,3.5700456e-08,0.0
29.145,0.3230723,0.6,0.6,0.31669912,0.34387267,0.31725127,29.09683,7.690412e-09,0.0
29.150000000000002,0.3230723,0.6,0.6,0.3174701,0.3499164,0.31844223,29.150885,1.1564704e-08,0.0
29.155,0.3230723,0.6,0.6,0.31834868,0.3578844,0.32018626,28.911346,-1.0556561e-08,0.0
29.16,0.3822023,0.6,0.6,0.32101727,0.3637258,0.32356313,28.19162,-2.0773411e-08,0.0
29.165,0.3822023,0.6,0.6,0.3226301,0.3688689,0.3265157,27.183403,2.7827173e-08,0.0
29.17,0.3822023,0.6,0.6,0.3207837,0.37470412,0.32995564,26.03904,1.5393415e-08,0.0
29.175,0.3822023,0.6,0.6,0.32717898,0.37995902,0.3359055,25.375937,6.2820646e-09,0.0
29.18,0.1213651,0.6,0.6,0.31989264,0.383436,0.3424544,24.817036,1.5347783e-08,0.0
29.185000000000002,0.1213651,0.6,0.6,0.3226716,0.38735357,0.34780416,24.581018,-1.2320634e-08,0.0
29.19,0.1213651,0.6,0.6,0.32440153,0.39040628,0.35374492,24.293896,1.9739847e-08,0.0
29.195,0.1213651,0.6,0.6,0.32261664,0.39270228,0.35913348,23.72565,3.1265756e-08,0.0
29.2,0.0,0.6,0.6,0.31956956,0.3944041,0.36366954,23.529001,-1.1721271e-08,0.0
29.205000000000002,0.0,0.6,0.6,0.3216375,0.39592186,0.3682402,23.827477,3.0951558e-08,0.0
29.21,0.0,0.6,0.6,0.3253199,0.39692408,0.37267262,23.893566,1.1083068e-09,0.0
29.215,0.0,0.6,0.6,0.32317322,0.39768702,0.37619796,23.55049,3.960943e-09,0.0
29.22,0.0,0.6,0.6,0.32378528,0.39831963,0.37962142,23.489882,2.8658281e-08,0.0
29.225,0.0,0.6,0.6,0.32049125,0.39839914,0.38328347,23.35567,-1.787379e-08,0.0
29.23,0.0,0.6,0.6,0.3239797,0.3991324,0.3860116,23.421618,-6.7980768e-09,0.0
29.235,0.0,0.6,0.6,0.30537608,0.4000362,0.3884756,23.363592,1.2743233e-08,0.0
29.240000000000002,0.0,0.23794432,0.6,0.30319577,0.4010948,0.3909646,23.371218,-1.1690338e-08,0.0
29.245,0.0,0.23794432,0.6,0.28375605,0.40177554,0.3935124,23.609074,-1.1242709e-08,0.0
29.25,0.0,0.23794432,0.6,0.25799432,0.4025299,0.39631006,23.83415,5.1642823e-09,0.0
29.255,0.0,0.23794432,0.6,0.24090505,0.40367314,0.3986596,23.782492,-1.7148183e-08,0.0
29.26,0.0,0.0,0.6,0.22003372,0.40469486,0.40065342,23.33807,-3.5325538e-08,0.0
29.265,0.0,0.0,0.6,0.18965946,0.40541765,0.40240607,22.461353,-1.34328575e-08,0.0
29.27,0.0,0.0,0.6,0.16763715,0.40710306,0.40317827,21.082956,4.4120426e-08,0.0
29.275000000000002,0.0,0.0,0.6,0.13998632,0.40750027,0.40416324,19.211182,3.7336907e-08,0.0
29.28,0.33967125,0.0,0.6,0.13313693,0.40624705,0.4053781,16.878857,-1.1522854e-07,0.0
29.285,0.33967125,0.0,0.6,0.11520374,0.40599403,0.40645173,13.64554,1.2994993e-08,0.0
29.29,0.33967125,0.0,0.6,0.10758749,0.40530005,0.40737468,9.662447,1.4180296e-09,0.0
29.295,0.33967125,0.0,0.6,0.09993816,0.40361977,0.40821058,5.507762,-1.7915173e-07,0.0
29.3,0.6,0.01779054,0.46903747,0.08341195,0.4005393,0.4098418,1.6849991,-2.2133275e-07,0.0
29.305,0.6,0.01779054,0.46903747,0.07919948,0.39114952,0.41106167,-2.3160167e-09,4.84071e-09,0.0
29.310000000000002,0.6,0.01779054,0.46903747,0.0736687,0.3712361,0.41204393,1.1802237e-09,-8.735534e-10,0.0
29.315,0.6,0.01779054,0.46903747,0.080640234,0.34671527,0.4128111,4.032785e-09,-1.7127492e-08,0.0
29.32,0.46273473,0.25524327,0.39772964,0.0764029,0.31854552,0.41370675,1.40771785e-08,2.274883e-08,0.0
29.325,0.46273473,0.25524327,0.39772964,0.08376452,0.2905542,0.41446036,0.12613538,-1.7689114e-08,0.0
29.330000000000002,0.46273473,0.25524327,0.39772964,0.09875532,0.2631435,0.41439864,0.36439154,1.2110829e-08,0.0
29.335,0.46273473,0.25524327,0.39772964,0.11359275,0.23692042,0.41475114,0.98342246,6.6151976e-08,0.0
29.34,0.1292087,0.24071178,0.6,0.13840716,0.21214606,0.41458526,2.0443063,1.656483e-08,0.0
29.345,0.1292087,0.24071178,0.6,0.1546062,0.18989125,0.4141969,3.442022,-7.149231e-08,0.0
29.35,0.1292087,0.24071178,0.6,0.15810272,0.17058307,0.41396645,5.030566,1.1182603e-07,0.0
29.355,0.1292087,0.24071178,0.6,0.16894703,0.15948153,0.41355726,6.590314,1.0017775e-07,0.0
29.36,0.39374402,0.3694837,0.6,0.18205236,0.15535042,0.41330895,7.997834,-5.458779e-09,0.0
29.365000000000002,0.39374402,0.3694837,0.6,0.19963816,0.15228681,0.41325647,9.242868,6.3832985e-08,0.0
29.37,0.39374402,0.3694837,0.6,0.20441955,0.15238631,0.4127784,10.390569,-6.584114e-08,0.0
29.375,0.39374402,0.3694837,0.6,0.20682211,0.15295002,0.41263264,11.446717,8.218026e-08,0.0
29.38,0.49845412,0.5788741,0.6,0.20371243,0.15339337,0.41242743,12.378237,3.743471e-09,0.0
29.385,0.49845412,0.5788741,0.6,0.20492588,0.1545144,0.41217333,13.491501,4.3855895e-08,0.0
29.39,0.49845412,0.5788741,0.6,0.20782456,0.15755965,0.41244137,14.462893,-3.947702e-08,0.0
29.395,0.49845412,0.5788741,0.6,0.21362363,0.16555467,0.41250628,15.114598,1.821592e-08,0.0
29.400000000000002,0.0,0.6,0.44840172,0.2147554,0.17287442,0.4126794,15.557217,-3.7025432e-09,0.0
29.405,0.0,0.6,0.44840172,0.22765318,0.1822769,0.4125162,15.857086,1.6967348e-09,0.0
29.41,0.0,0.6,0.44840172,0.24104597,0.19614616,0.41268015,16.121082,1.3133816e-08,0.0
29.415,0.0,0.6,0.44840172,0.25221553,0.20963633,0.41241935,16.464375,2.8668167e-11,0.0
29.42,0.0,0.6,0.59678966,0.26878235,0.22153762,0.4120833,16.939175,4.058764e-08,0.0
29.425,0.0,0.6,0.59678966,0.27673087,0.23489979,0.4118778,17.59124,3.5997008e-08,0.0
29.43,0.0,0.6,0.59678966,0.28168023,0.24770626,0.4114934,18.404993,7.868898e-08,0.0
29.435000000000002,0.0,0.6,0.59678966,0.28856358,0.25797322,0.41138402,19.317902,1.1054672e-07,0.0
29.44,0.0,0.6,0.57119876,0.28998193,0.26883495,0.4117906,20.28449,1.3084603e-07,0.0
29.445,0.0,0.6,0.57119876,0.28642324,0.27986518,0.41171154,21.252209,5.2139633e-08,0.0
29.45,0.0,0.6,0.57119876,0.27969742,0.28910646,0.4115439,22.606506,1.674824e-07,0.0
29.455000000000002,0.0,0.6,0.57119876,0.2792936,0.29949498,0.41134408,24.2534,2.7739816e-07,0.0
29.46,0.0,0.58799255,0.6,0.25636715,0.30996022,0.41146204,25.870117,1.1639096e-07,0.0
29.465,0.0,0.58799255,0.6,0.2374597,0.318794,0.4110644,27.117304,4.070177e-08,0.0
29.47,0.0,0.58799255,0.6,0.21359362,0.3270941,0.4109548,27.756266,2.543056e-08,0.0
29.475,0.0,0.58799255,0.6,0.19595455,0.33692926,0.41033918,27.672905,-2.950921e-09,0.0
29.48,0.0,0.19053017,0.6,0.16550432,0.3438887,0.41083845,26.875181,-2.7725493e-09,0.0
29.485,0.0,0.19053017,0.6,0.14794268,0.35086486,0.4108985,25.387266,-2.7191362e-08,0.0
29.490000000000002,0.0,0.19053017,0.6,0.14490798,0.35820585,0.41098788,23.311659,6.295702e-08,0.0
29.495,0.0,0.19053017,0.6,0.12756464,0.36385253,0.41111496,20.85728,-5.3932663e-08,0.0
29.5,0.17086208,0.0,0.2517549,0.10067313,0.36843893,0.4113693,18.145609,-1.2798419e-08,0.0
29.505,0.17086208,0.0,0.2517549,0.09193913,0.3729703,0.41124934,15.20795,-5.7770766e-08,0.0
29.51,0.17086208,0.0,0.2517549,0.08119539,0.37557814,0.41148734,12.210781,1.312005e-07,0.0
29.515,0.17086208,0.0,0.2517549,0.07407249,0.3756518,0.41115966,9.363847,1.0572789e-07,0.0
29.52,0.6,0.1693722,0.34577966,0.059086658,0.37316325,0.4112362,6.8219404,-1.1329534e-07,0.0
29.525000000000002,0.6,0.1693722,0.34577966,0.05094668,0.37137341,0.4109533,4.0427213,-1.9978712e-07,0.0
29.53,0.6,0.1693722,0.34577966,0.052899055,0.3687951,0.41029045,1.0509179,7.053792e-08,0.0
29.535,0.6,0.1693722,0.34577966,0.047990732,0.36522633,0.4092261,-6.677868e-10,-7.404557e-08,0.0
29.54,0.48575202,0.0081734955,0.32372847,0.034813114,0.3626913,0.40764055,8.490881e-09,1.4801647e-08,0.0
29.545,0.48575202,0.0081734955,0.32372847,0.04710842,0.35886326,0.40736327,1.1759556e-08,4.2806874e-08,0.0
29.55,0.48575202,0.0081734955,0.32372847,0.053932775,0.34905192,0.40666744,1.2702319e-09,5.575385e-09,0.0
29.555,0.48575202,0.0081734955,0.32372847,0.06613397,0.33610216,0.4052181,1.9800158e-08,-5.128581e-09,0.0
29.560000000000002,0.28959486,0.0,0.6,0.08779108,0.32487643,0.40488735,1.9143025e-09,-4.4229083e-08,0.0
29.565,0.28959486,0.0,0.6,0.106031366,0.31151658,0.40430707,0.007295311,-3.624975e-09,0.0
29.57,0.28959486,0.0,0.6,0.12946837,0.2965443,0.4032436,0.19522613,1.4453938e-09,0.0
29.575,0.28959486,0.0,0.6,0.1316155,0.28325868,0.40334648,0.76733065,6.660699e-08,0.0
29.580000000000002,0.6,0.07533777,0.6,0.14788361,0.27043235,0.40334353,1.6634725,6.996524e-08,0.0
29.585,0.6,0.07533777,0.6,0.16665168,0.2548056,0.40281436,3.0056763,1.4724243e-07,0.0
29.59,0.6,0.07533777,0.6,0.17857021,0.2367032,0.40295702,4.72719,3.0334547e-08,0.0
29.595,0.6,0.07533777,0.6,0.17857452,0.21617918,0.4030574,6.580208,1.14939404e-07,0.0
29.6,0.542389,0.42902818,0.4892316,0.19636887,0.19593918,0.4027739,8.309018,1.5361124e-07,0.0
29.605,0.542389,0.42902818,0.4892316,0.2039609,0.17578873,0.4033863,9.850141,4.389e-08,0.0
29.61,0.542389,0.42902818,0.4892316,0.21991253,0.15761355,0.40314996,11.206979,4.8777377e-08,0.0
29.615000000000002,0.542389,0.42902818,0.4892316,0.2352614,0.1399045,0.40303567,12.436655,-1.6222277e-08,0.0
29.62,0.17938082,0.6,0.09452362,0.24813461,0.12542187,0.40375483,13.621341,9.229397e-08,0.0
29.625,0.17938082,0.6,0.09452362,0.24872196,0.11510333,0.4039797,14.810542,3.6345774e-08,0.0
29.63,0.17938082,0.6,0.09452362,0.2586593,0.11225046,0.40390408,15.958305,3.806262e-08,0.0
29.635,0.17938082,0.6,0.09452362,0.28580394,0.11182709,0.4039719,17.052061,1.3672565e-07,0.0
29.64,0.27300784,0.6,0.0,0.27919674,0.11250956,0.40385428,18.214088,6.27395e-08,0.0
29.645,0.27300784,0.6,0.0,0.28924584,0.12058764,0.40332025,19.843431,1.192591e-07,0.0
29.650000000000002,0.27300784,0.6,0.0,0.3035024,0.13585827,0.40202475,21.475666,1.8307256e-07,0.0
29.655,0.27300784,0.6,0.0,0.2984867,0.14860617,0.40114126,22.868572,1.2202734e-07,0.0
29.66,0.37328386,0.6,0.0,0.29307377,0.16177419,0.4001222,24.523472,2.3143562e-08,0.0
29.665,0.37328386,0.6,0.0,0.28675205,0.17757446,0.3940831,26.455267,4.1545896e-08,0.0
29.67,0.37328386,0.6,0.0,0.28795195,0.19190072,0.38156956,28.40619,3.521412e-08,0.0
29.675,0.37328386,0.6,0.0,0.27793545,0.2035305,0.37011504,29.794441,7.256522e-08,0.0
29.68,0.26635802,0.6,0.0,0.28353614,0.2184865,0.3563164,30.935184,1.10039046e-07,0.0
29.685000000000002,0.26635802,0.6,0.0,0.2824609,0.23196073,0.33974004,31.65407,1.6567396e-08,0.0
29.69,0.26635802,0.6,0.0,0.2791618,0.2429744,0.31896138,32.31953,2.4802373e-08,0.0
29.695,0.26635802,0.6,0.0,0.2773063,0.25515002,0.29688403,33.141953,5.1320503e-09,0.0
29.7,0.5050927,0.6,0.0,0.27163318,0.2672358,0.27316067,33.95065,3.1466453e-08,0.0
29.705000000000002,0.5050927,0.6,0.0,0.28130978,0.27766275,0.24975434,34.568596,3.1180992e-08,0.0
29.71,0.5050927,0.6,0.0,0.27950534,0.28877068,0.22723459,34.518177,-1.02729745e-08,0.0
29.715,0.5050927,0.6,0.0,0.2660885,0.29984605,0.20628914,34.200863,-4.993811e-09,0.0
29.72,0.41509745,0.6,0.0,0.26400045,0.30923748,0.18611827,33.78537,0.00534359,0.0
29.725,0.41509745,0.6,0.0,0.27024767,0.3181303,0.16778012,33.19738,0.009455365,0.0
29.73,0.41509745,0.6,0.0,0.26985303,0.32854357,0.15044183,31.97432,0.5179918,0.0
29.735,0.41509745,0.6,0.0,0.2705884,0.3365372,0.13504834,30.71217,0.8249932,0.0
29.740000000000002,0.27671498,0.2850495,0.0,0.28062436,0.34383902,0.12140596,29.176838,1.1990682,0.0
29.745,0.27671498,0.2850495,0.0,0.29158875,0.3518261,0.108401276,27.347368,1.6556691,0.0
29.75,0.27671498,0.2850495,0.0,0.29593104,0.3576173,0.097161464,25.544245,1.8337145,0.0
29.755,0.27671498,0.2850495,0.0,0.307449,0.36262423,0.08317954,23.929516,1.5585907,0.0
29.76,0.6,0.28710946,0.0,0.3079783,0.36721024,0.07773854,22.628517,0.70082873,0.0
29.765,0.6,0.28710946,0.0,0.31879976,0.37015486,0.07533125,21.517824,-9.117579e-08,0.0
29.77,0.6,0.28710946,0.0,0.32424566,0.37063956,0.058348168,20.608643,-7.628392e-09,0.0
29.775000000000002,0.6,0.28710946,0.0,0.32093322,0.3696496,0.047544524,20.064184,-1.0503229e-08,0.0
29.78,0.43589124,0.29199073,0.0,0.318486,0.36843956,0.031308312,19.739553,-4.2888715e-10,0.0
29.785,0.43589124,0.29199073,0.0,0.31521088,0.3662707,0.028010324,19.537516,-7.2741644e-09,0.0
29.79,0.43589124,0.29199073,0.0,0.3223267,0.3643997,0.022782013,19.420807,-6.481313e-09,0.0
29.795,0.43589124,0.29199073,0.0,0.33395877,0.36301246,0.018243648,18.828117,0.40895322,0.0
29.8,0.36930475,0.12520224,0.39469746,0.33770254,0.36115545,0.008765446,17.845217,0.9914589,0.0
29.805,0.36930475,0.12520224,0.39469746,0.35377634,0.35971415,0.008283059,16.820164,1.3555343,0.0
29.810000000000002,0.36930475,0.12520224,0.39469746,0.36325786,0.35958228,0.016843718,16.009766,1.221039,0.0
29.815,0.36930475,0.12520224,0.39469746,0.36736077,0.35889655,0.0058946726,15.52597,0.47686538,0.0
29.82,0.53685963,0.3107645,0.37471485,0.3719872,0.35812095,0.010166339,15.198914,1.7958586e-08,0.0
29.825,0.53685963,0.3107645,0.37471485,0.3759821,0.35862485,0.00072432106,15.036901,2.680768e-09,0.0
29.830000000000002,0.53685963,0.3107645,0.37471485,0.36756608,0.35812005,0.0094940495,15.677882,1.9542409e-08,0.0
29.835,0.53685963,0.3107645,0.37471485,0.36908758,0.35659355,0.0154054,17.065992,7.2148936e-08,0.0
29.84,0.6,0.42211607,0.6,0.36663416,0.3517363,0.025652396,18.174107,0.27493516,0.0
29.845,0.6,0.42211607,0.6,0.36893314,0.346319,0.044764,19.424091,0.12924424,0.0
29.85,0.6,0.42211607,0.6,0.3769116,0.33984956,0.05325263,20.299192,0.1571486,0.0
29.855,0.6,0.42211607,0.6,0.38104257,0.33301613,0.073275425,20.617264,0.555101,0.0
29.86,0.16538459,0.41706064,0.6,0.37014118,0.32829452,0.08855753,20.689041,0.9690993,0.0
29.865000000000002,0.16538459,0.41706064,0.6,0.36138967,0.3256729,0.09512635,21.341784,0.47731307,0.0
29.87,0.16538459,0.41706064,0.6,0.37095004,0.32539716,0.11334619,22.398258,1.08525505e-07,0.0
29.875,0.16538459,0.41706064,0.6,0.3880549,0.32520673,0.1288476,22.963516,0.34705487,0.0
29.88,0.4432534,0.52268225,0.6,0.38773626,0.32541177,0.14355128,23.048452,0.97402537,0.0
29.885,0.4432534,0.52268225,0.6,0.3901114,0.32546142,0.15595219,24.31118,0.025882881,0.0
29.89,0.4432534,0.52268225,0.6,0.3869857,0.32564965,0.16981423,25.795383,3.985318e-08,0.0
29.895,0.4432534,0.52268225,0.6,0.38953942,0.326193,0.18376862,27.752693,1.160381e-07,0.0
29.900000000000002,0.3990727,0.6,0.6,0.37403953,0.32638633,0.19516797,29.535973,0.2013695,0.0
29.905,0.3990727,0.6,0.6,0.3834952,0.32659087,0.20760763,31.388594,0.07165881,0.0
29.91,0.3990727,0.6,0.6,0.38180798,0.3263813,0.2211105,32.750687,0.2596201,0.0
29.915,0.3990727,0.6,0.6,0.37353736,0.32736152,0.23119792,33.470066,0.92732984,0.0
29.92,0.0075476826,0.6,0.6,0.37478608,0.32726514,0.24220254,34.389835,1.1264248,0.0
29.925,0.0075476826,0.6,0.6,0.38401273,0.3280773,0.25369707,34.23807,2.2934182,0.0
29.93,0.0075476826,0.6,0.6,0.38803563,0.3291009,0.2633786,33.50491,3.8510966,0.0
29.935000000000002,0.0075476826,0.6,0.6,0.3884873,0.32967952,0.2734534,32.903347,4.7875876,0.0
29.94,0.0,0.6,0.6,0.39298785,0.330833,0.28390658,32.544456,4.447605,0.0
29.945,0.0,0.6,0.6,0.38872853,0.3335676,0.2928164,32.476448,2.2480605,0.0
29.95,0.0,0.6,0.6,0.3881277,0.33867618,0.30083242,32.868076,8.417231e-09,0.0
29.955000000000002,0.0,0.6,0.6,0.38365853,0.34456065,0.31003264,33.53033,6.221934e-08,0.0
29.96,0.0,0.6,0.6,0.37917683,0.3497582,0.3178109,34.57349,1.0350544e-07,0.0
29.965,0.0,0.6,0.6,0.37276176,0.35585806,0.32465383,35.711994,3.0403047e-08,0.0
29.97,0.0,0.6,0.6,0.34567258,0.36155254,0.33124447,36.736988,3.3569826e-08,0.0
29.975,0.0,0.6,0.6,0.32849586,0.36592874,0.3378234,37.393227,6.88947e-09,0.0
29.98,0.0,0.53104895,0.6,0.29980162,0.36994907,0.34343082,37.541946,-1.4598291e-08,0.0
29.985,0.0,0.53104895,0.6,0.27086928,0.37376234,0.34892362,37.085144,-1.9126091e-08,0.0
29.990000000000002,0.0,0.53104895,0.6,0.2431721,0.3763617,0.35438848,35.95076,5.0194022e-09,0.0
29.995,0.0,0.53104895,0.6,0.22118618,0.37904227,0.35888737,34.147724,5.7207917e-08,0.0
30.0,0.0,0.04607833,0.6,0.20410453,0.3812444,0.36354268,31.781706,-6.3228875e-08,0.0
30.005,0.0,0.04607833,0.6,0.18676704,0.3833033,0.36783808,29.02004,3.2461207e-07,0.0
30.01,0.0,0.04607833,0.6,0.1617612,0.3851258,0.37191102,26.01599,-5.448867e-08,0.0
30.015,0.0,0.04607833,0.6,0.1399893,0.3872893,0.37515226,22.840504,4.078434e-08,0.0
30.02,0.22034259,0.0,0.4016147,0.12395454,0.38886032,0.37898067,19.529379,-4.616581e-09,0.0
30.025000000000002,0.22034259,0.0,0.4016147,0.10422425,0.38892913,0.3819406,16.154398,-3.4974278e-08,0.0
30.03,0.22034259,0.0,0.4016147,0.09835256,0.38773227,0.38460875,12.82551,-2.4089381e-08,0.0
30.035,0.22034259,0.0,0.4016147,0.08960074,0.38756388,0.3871406,9.132774,-1.02025794e-07,0.0
30.04,0.6,0.0,0.6,0.07054427,0.38591227,0.38970783,5.2014384,-2.612244e-09,0.0
30.045,0.6,0.0,0.6,0.05837617,0.38376075,0.39173678,1.4312383,-9.4761596e-08,0.0
30.05,0.6,0.0,0.6,0.050067425,0.37814665,0.39277244,-3.149632e-10,-1.7690862e-08,0.0
30.055,0.6,0.0,0.6,0.052826706,0.36354366,0.39383683,3.7605488e-09,-1.1357887e-08,0.0
30.060000000000002,0.52384347,0.08198261,0.15094225,0.049158372,0.34118116,0.39450532,1.1182393e-09,-9.571584e-09,0.0
30.065,0.52384347,0.08198261,0.15094225,0.048203684,0.31592473,0.3955102,-6.526821e-09,1.5515178e-09,0.0
30.07,0.52384347,0.08198261,0.15094225,0.049718827,0.2879798,0.39658132,8.121694e-09,-2.0338634e-08,0.0
30.075,0.52384347,0.08198261,0.15094225,0.07468662,0.26132163,0.397631,6.3768324e-09,-9.925149e-09,0.0
30.080000000000002,0.306712,0.0,0.47702914,0.093690395,0.23533921,0.3989864,0.30564246,-2.3674426e-08,0.0
30.085,0.306712,0.0,0.47702914,0.09992671,0.21098089,0.4007023,1.0518396,1.408389e-08,0.0
30.09,0.306712,0.0,0.47702914,0.110072255,0.18811406,0.40155935,2.0871103,3.350488e-08,0.0
30.095,0.306712,0.0,0.47702914,0.13281244,0.16785486,0.40042514,3.246592,-2.0207985e-08,0.0
30.1,0.6,0.2482571,0.44499087,0.14311273,0.15030298,0.3991783,4.4868836,8.78305e-08,0.0
30.105,0.6,0.2482571,0.44499087,0.15890092,0.1347845,0.3992828,5.7344527,1.10005864e-07,0.0
30.11,0.6,0.2482571,0.44499087,0.1741217,0.11679067,0.39901033,6.9411387,9.656925e-08,0.0
30.115000000000002,0.6,0.2482571,0.44499087,0.17817532,0.11242147,0.39816353,8.1020565,6.439597e-08,0.0
30.12,0.6,0.48025247,0.38976017,0.19097778,0.10422503,0.3980307,9.164811,1.0216156e-07,0.0
30.125,0.6,0.48025247,0.38976017,0.20245148,0.100885764,0.39777032,10.137405,7.597866e-08,0.0
30.13,0.6,0.48025247,0.38976017,0.21566501,0.10285,0.39664426,11.063449,4.5236753e-08,0.0
30.135,0.6,0.48025247,0.38976017,0.211605,0.10017945,0.39629716,11.99101,6.2131825e-08,0.0
30.14,0.20038001,0.6,0.0,0.21418482,0.093007915,0.3963708,13.220647,-8.109142e-09,0.0
30.145,0.20038001,0.6,0.0,0.22158849,0.09720392,0.3958736,14.379945,6.674828e-08,0.0
30.150000000000002,0.20038001,0.6,0.0,0.23178604,0.08995869,0.3962714,15.271826,-1.1988711e-08,0.0
30.155,0.20038001,0.6,0.0,0.23580156,0.09383447,0.39582482,16.01051,-1.4922428e-08,0.0
30.16,0.23257954,0.6,0.0,0.26056898,0.11316963,0.39542666,16.651037,1.8150576e-08,0.0
30.165,0.23257954,0.6,0.0,0.26709783,0.12603271,0.39547586,17.336851,1.4281873e-08,0.0
30.17,0.23257954,0.6,0.0,0.2666938,0.13777834,0.3945508,18.117718,1.713113e-08,0.0
30.175,0.23257954,0.6,0.0,0.28304583,0.15750092,0.39248517,19.366951,1.2118556e-07,0.0
30.18,0.40302896,0.6,0.0,0.28727013,0.16923368,0.38784793,20.7064,8.3110315e-08,0.0
30.185000000000002,0.40302896,0.6,0.0,0.284554,0.1807353,0.3759245,21.856997,4.2204977e-08,0.0
30.19,0.40302896,0.6,0.0,0.27425942,0.19538176,0.35637546,23.28023,1.7801715e-07,0.0
30.195,0.40302896,0.6,0.0,0.28141016,0.2086233,0.33420503,24.957253,7.432172e-08,0.0
30.2,0.21481584,0.5787037,0.0,0.27572486,0.21986334,0.30904403,26.251183,4.9169937e-08,0.0
30.205000000000002,0.21481584,0.5787037,0.0,0.27862558,0.23363033,0.28430167,27.447521,2.511868e-08,0.0
30.21,0.21481584,0.5787037,0.0,0.26744443,0.24622135,0.2587984,28.304472,5.092918e-08,0.0
30.215,0.21481584,0.5787037,0.0,0.27576917,0.2570408,0.23527414,29.0672,5.501428e-08,0.0
30.22,0.27393275,0.46899348,0.0,0.27239946,0.26886004,0.2120425,29.531816,-2.452909e-09,0.0
30.225,0.27393275,0.46899348,0.0,0.27157536,0.28096902,0.19101016,29.952108,3.9514727e-08,0.0
30.23,0.27393275,0.46899348,0.0,0.27371368,0.29032856,0.17120989,30.447739,1.9246478e-08,0.0
30.235,0.27393275,0.46899348,0.0,0.27697128,0.30048907,0.15379055,30.362492,0.4750978,0.0
30.240000000000002,0.38432136,0.43223372,0.0,0.27598765,0.31124204,0.13741061,29.630203,1.4250921,0.0
30.245,0.38432136,0.43223372,0.0,0.2696865,0.31899065,0.123275466,29.057829,1.9384974,0.0
30.25,0.38432136,0.43223372,0.0,0.27846846,0.3266816,0.10987165,28.762932,1.8994857,0.0
30.255,0.38432136,0.43223372,0.0,0.27550778,0.3342332,0.09616731,28.067152,2.0772302,0.0
30.26,0.18237169,0.0,0.0,0.2721591,0.338223,0.09123843,27.439589,1.939399,0.0
30.265,0.18237169,0.0,0.0,0.27756923,0.3423934,0.07996404,27.097569,1.2547472,0.0
30.27,0.18237169,0.0,0.0,0.27109677,0.34613955,0.06622967,26.381363,0.7710804,0.0
30.275000000000002,0.18237169,0.0,0.0,0.26980475,0.3479859,0.049774382,25.73672,-3.3762916e-07,0.0
30.28,0.46923575,0.049976226,0.0,0.27343825,0.34806046,0.03929265,25.19987,-1.2157548e-08,0.0
30.285,0.46923575,0.049976226,0.0,0.27424857,0.34693238,0.03392586,24.42106,0.2472773,0.0
30.29,0.46923575,0.049976226,0.0,0.28065974,0.34588897,0.038114216,22.677813,1.3205383,0.0
30.295,0.46923575,0.049976226,0.0,0.27795553,0.3438814,0.035736814,20.274172,2.852036,0.0
30.3,0.26832458,0.0,0.09507682,0.28653988,0.34158054,0.033596143,18.336552,3.574796,0.0
30.305,0.26832458,0.0,0.09507682,0.27605876,0.33954498,0.039116394,16.6683,3.7340949,0.0
30.310000000000002,0.26832458,0.0,0.09507682,0.2725472,0.33766347,0.03426655,15.614153,2.9578438,0.0
30.315,0.26832458,0.0,0.09507682,0.27707452,0.33369988,0.028873323,15.2683325,1.1684304,0.0
30.32,0.3928151,0.13332331,0.42654178,0.2781044,0.3267214,0.0137798,14.72726,0.0057827826,0.0
30.325,0.3928151,0.13332331,0.42654178,0.28104624,0.3188793,0.011122656,13.898035,5.7830483e-09,0.0
30.330000000000002,0.3928151,0.13332331,0.42654178,0.28027233,0.3066057,0.00055760454,13.200213,-1.9195493e-08,0.0
30.335,0.3928151,0.13332331,0.42654178,0.29467452,0.28931305,0.0037464732,13.205315,1.0267018e-08,0.0
30.34,0.6,0.33355546,0.30916706,0.28293574,0.27131906,0.0043263617,13.62965,3.23622e-08,0.0
30.345,0.6,0.33355546,0.30916706,0.29171953,0.25331748,0.011104253,14.608548,5.770969e-08,0.0
30.35,0.6,0.33355546,0.30916706,0.29603165,0.23767717,0.0106758205,15.755279,4.7649966e-08,0.0
30.355,0.6,0.33355546,0.30916706,0.2926493,0.22652102,0.02292923,16.810543,1.73235e-08,0.0
30.36,0.3634025,0.27572852,0.45822385,0.28932634,0.21773861,0.037035197,18.471588,1.0127827e-07,0.0
30.365000000000002,0.3634025,0.27572852,0.45822385,0.30341518,0.21158333,0.04100854,20.751476,2.0252303e-07,0.0
30.37,0.3634025,0.27572852,0.45822385,0.30520844,0.20791139,0.04950832,22.851944,0.08195995,0.0
30.375,0.3634025,0.27572852,0.45822385,0.30857095,0.20691831,0.05876219,24.47986,0.41805598,0.0
30.38,0.6,0.5863173,0.13502337,0.32696223,0.20681311,0.08423189,25.74736,0.90088516,0.0
30.385,0.6,0.5863173,0.13502337,0.33023942,0.20669436,0.09980114,26.854935,1.3067464,0.0
30.39,0.6,0.5863173,0.13502337,0.32940567,0.20714684,0.112567365,27.68665,1.7706544,0.0
30.395,0.6,0.5863173,0.13502337,0.3321716,0.20758842,0.12299781,29.084423,1.3541305,0.0
30.400000000000002,0.3561815,0.6,0.2822898,0.33499295,0.20806196,0.13981794,30.503672,0.6925835,0.0
30.405,0.3561815,0.6,0.2822898,0.33607432,0.20869239,0.15500803,31.572578,0.20476519,0.0
30.41,0.3561815,0.6,0.2822898,0.33794248,0.21119656,0.16439077,32.367893,8.0199186e-08,0.0
30.415,0.3561815,0.6,0.2822898,0.34934232,0.21682727,0.16853547,32.989807,2.4055852e-08,0.0
30.42,0.5173205,0.6,0.09183267,0.3550516,0.22272632,0.1712966,33.56316,4.083856e-08,0.0
30.425,0.5173205,0.6,0.09183267,0.3581934,0.23054828,0.17326608,34.13621,3.0878468e-08,0.0
30.43,0.5173205,0.6,0.09183267,0.36719504,0.24334672,0.17600776,34.71383,4.7684516e-08,0.0
30.435000000000002,0.5173205,0.6,0.09183267,0.36853835,0.25393492,0.17911246,35.28204,3.1168465e-08,0.0
30.44,0.5934167,0.6,0.0,0.37107047,0.26455313,0.18085496,35.76551,4.2701327e-08,0.0
30.445,0.5934167,0.6,0.0,0.35952762,0.2763332,0.18148342,36.091652,2.3999796e-08,0.0
30.45,0.5934167,0.6,0.0,0.36593118,0.28712735,0.1819539,36.739548,1.8088334e-08,0.0
30.455000000000002,0.5934167,0.6,0.0,0.3616063,0.29654935,0.18201655,37.124542,0.32247594,0.0
30.46,0.3938273,0.56508124,0.13182713,0.3641092,0.30714032,0.18140933,37.63268,0.278619,0.0
30.465,0.3938273,0.56508124,0.13182713,0.36777365,0.31659344,0.18123041,37.702736,0.5096444,0.0
30.47,0.3938273,0.56508124,0.13182713,0.36275262,0.3244349,0.18149954,37.099472,1.267159,0.0
30.475,0.3938273,0.56508124,0.13182713,0.37237045,0.3327556,0.18076164,36.794285,1.454958,0.0
30.48,0.45006445,0.6,0.0,0.3728743,0.3411603,0.17963885,36.287876,1.6489437,0.0
30.485,0.45006445,0.6,0.0,0.36621746,0.34761894,0.17891438,35.31948,2.1343598,0.0
30.490000000000002,0.45006445,0.6,0.0,0.3755228,0.3543692,0.17717193,34.810913,1.8757837,0.0
30.495,0.45006445,0.6,0.0,0.3792558,0.36048555,0.17438927,34.221355,1.4985206,0.0
30.5,0.5442806,0.56929463,0.0,0.37634102,0.3649326,0.1722727,33.27935,1.3014542,0.0
30.505,0.5442806,0.56929463,0.0,0.38413548,0.3696811,0.16966967,32.921467,0.23379806,0.0
30.51,0.5442806,0.56929463,0.0,0.3831332,0.37486,0.16332176,32.368748,0.08447809,0.0
30.515,0.5442806,0.56929463,0.0,0.3861341,0.37901908,0.15303257,32.17352,-7.863161e-10,0.0
30.52,0.31357276,0.27925926,0.0,0.38302994,0.38332656,0.1398483,31.861126,0.242054,0.0
30.525000000000002,0.31357276,0.27925926,0.0,0.3943829,0.38742942,0.1268728,31.893515,4.520811e-09,0.0
30.53,0.31357276,0.27925926,0.0,0.40567762,0.3907887,0.11338417,31.70294,0.25895438,0.0
30.535,0.31357276,0.27925926,0.0,0.39440295,0.3935737,0.101466455,31.180864,0.6499853,0.0
30.54,0.5127522,0.2904783,0.0,0.3940914,0.39670354,0.09472624,31.239456,0.15250522,0.0
30.545,0.5127522,0.2904783,0.0,0.3947789,0.39854732,0.087310046,31.7379,5.253912e-08,0.0
30.55,0.5127522,0.2904783,0.0,0.39486206,0.3992699,0.063790254,31.81617,0.42514575,0.0
30.555,0.5127522,0.2904783,0.0,0.39191535,0.3988898,0.05051616,31.312212,1.257094,0.0
30.560000000000002,0.38946024,0.21326578,0.0,0.39200965,0.39920074,0.051721487,30.48954,2.1924002,0.0
30.565,0.38946024,0.21326578,0.0,0.3917937,0.39823887,0.049408175,29.55602,2.9971662,0.0
30.57,0.38946024,0.21326578,0.0,0.3941744,0.39739677,0.03828732,28.639606,3.5327518,0.0
30.575,0.38946024,0.21326578,0.0,0.38590142,0.39643276,0.03392947,27.056705,4.5659986,0.0
30.580000000000002,0.41917425,0.22752145,0.0,0.37908646,0.3950021,0.022620516,25.588116,5.209706,0.0
30.585,0.41917425,0.22752145,0.0,0.37872845,0.3933271,0.01256066,24.632904,5.0359674,0.0
30.59,0.41917425,0.22752145,0.0,0.38323262,0.39310187,0.004169417,24.055416,4.2154655,0.0
30.595,0.41917425,0.22752145,0.0,0.38906586,0.39202335,0.010494499,23.03793,3.6718428,0.0
30.6,0.44312027,0.31503475,0.0,0.37784573,0.38636845,0.012025926,21.562567,3.4105477,0.0
30.605,0.44312027,0.31503475,0.0,0.39300823,0.37575355,0.0038938846,20.719381,2.2102115,0.0
30.61,0.44312027,0.31503475,0.0,0.387377,0.36727005,0.001079782,20.100079,0.55318606,0.0
30.615000000000002,0.44312027,0.31503475,0.0,0.38713613,0.35586214,0.0017256718,19.827215,1.805979e-10,0.0
30.62,0.43894148,0.27496895,0.0,0.3915558,0.34425747,-0.003260008,20.311466,4.5336108e-08,0.0
30.625,0.43894148,0.27496895,0.0,0.39457124,0.3346752,-0.0082568,20.799261,0.090353824,0.0
30.63,0.43894148,0.27496895,0.0,0.3971404,0.32650658,-0.003301771,21.049747,0.19349612,0.0
30.635,0.43894148,0.27496895,0.0,0.39863998,0.31997663,-0.005349623,21.242441,0.11134217,0.0
30.64,0.5083517,0.35604104,0.0,0.3903542,0.3156882,-0.0064335293,21.421879,1.3666606e-08,0.0
30.645,0.5083517,0.35604104,0.0,0.3888997,0.31170022,-0.013296491,22.191969,8.834741e-08,0.0
30.650000000000002,0.5083517,0.35604104,0.0,0.38609657,0.3072458,-0.016926084,23.622972,9.155919e-08,0.0
30.655,0.5083517,0.35604104,0.0,0.38521284,0.30391976,-0.008222832,25.37858,1.2447978e-07,0.0
30.66,0.3786864,0.35029265,0.0,0.3874104,0.30226925,-0.01439096,27.220478,1.3521384e-07,0.0
30.665,0.3786864,0.35029265,0.0,0.39010468,0.3013623,-0.008950974,28.28281,0.61288023,0.0
30.67,0.3786864,0.35029265,0.0,0.39505857,0.3012344,-0.0021471458,28.463202,1.9528993,0.0
30.675,0.3786864,0.35029265,0.0,0.3957185,0.3018796,-0.0013730575,28.161745,3.5587907,0.0
30.68,0.6,0.54658234,0.0,0.39778793,0.30222365,-0.004899471,28.231382,4.4776483,0.0
30.685000000000002,0.6,0.54658234,0.0,0.39589992,0.30274826,-0.00041624275,28.812796,4.5769877,0.0
30.69,0.6,0.54658234,0.0,0.3963919,0.30360436,0.00092836237,30.409506,3.318422,0.0
30.695,0.6,0.54658234,0.0,0.3962383,0.30440453,0.00045284833,32.044796,1.8252373,0.0
30.7,0.34460637,0.51795805,0.0,0.39586788,0.30503696,-0.0015652117,33.924488,-2.3084871e-07,0.0
30.705000000000002,0.34460637,0.51795805,0.0,0.39805752,0.30565912,-0.009218593,35.803078,1.4501464e-07,0.0
30.71,0.34460637,0.51795805,0.0,0.40062374,0.3067742,-0.0084576765,37.11069,0.49488875,0.0
30.715,0.34460637,0.51795805,0.0,0.4020763,0.30799288,-0.0050183376,37.60601,1.6603041,0.0
30.72,0.5241914,0.55156225,0.0,0.39637554,0.30799538,-0.0059894035,37.58786,3.150626,0.0
30.725,0.5241914,0.55156225,0.0,0.39089882,0.30894676,-0.013011389,38.026196,3.8818243,0.0
30.73,0.5241914,0.55156225,0.0,0.3962179,0.31019026,-0.0057305414,39.00862,3.7834964,0.0
30.735,0.5241914,0.55156225,0.0,0.40108746,0.3115037,-0.0014927394,39.43904,4.0972857,0.0
30.740000000000002,0.51956344,0.567127,0.0,0.3977192,0.3135619,-0.0005648332,39.16113,4.9844613,0.0
30.745,0.51956344,0.567127,0.0,0.39863393,0.3192674,-0.0031363587,39.26212,5.224875,0.0
30.75,0.51956344,0.567127,0.0,0.39032632,0.3267358,-0.007973083,39.125595,5.525672,0.0
30.755,0.51956344,0.567127,0.0,0.39627013,0.3330995,-0.0074717226,39.151882,5.4364223,0.0
30.76,0.44097272,0.5056178,0.0,0.3970365,0.34111217,-0.006691197,38.826256,5.543199,0.0
30.765,0.44097272,0.5056178,0.0,0.39929593,0.34921816,-0.00617421,37.90793,6.1026773,0.0
30.77,0.44097272,0.5056178,0.0,0.39772797,0.3556157,-0.005076285,36.68137,6.7863145,0.0
30.775000000000002,0.44097272,0.5056178,0.0,0.40307632,0.3619438,-0.013525404,36.11921,6.5118437,0.0
30.78,0.42288277,0.4615022,0.0,0.400796,0.369487,-0.0096535105,35.566326,6.0341387,0.0
30.785,0.42288277,0.4615022,0.0,0.3990691,0.37470475,-0.0048447372,35.425114,4.9040265,0.0
30.79,0.42288277,0.4615022,0.0,0.40190983,0.37930083,-0.0107078655,35.855762,2.9618857,0.0
30.795,0.42288277,0.4615022,0.0,0.4030015,0.38414255,-0.010181373,35.760315,1.4453659,0.0
30.8,0.5994013,0.5116312,0.0,0.4038073,0.38737288,-0.010454052,34.961754,0.53276014,0.0
30.805,0.5994013,0.5116312,0.0,0.40371495,0.39030564,-0.0025362624,33.771908,0.01992538,0.0
30.810000000000002,0.5994013,0.5116312,0.0,0.4123668,0.3933312,-0.0050090873,33.042843,-2.7572478e-08,0.0
30.815,0.5994013,0.5116312,0.0,0.40355858,0.39516282,-0.0077562463,32.427498,0.11251854,0.0
30.82,0.3819929,0.27942193,0.084115006,0.40988567,0.39694142,0.0012894417,32.271694,5.0114923e-10,0.0
30.825,0.3819929,0.27942193,0.084115006,0.4050443,0.3988617,-0.012878068,32.02406,0.22187802,0.0
30.830000000000002,0.3819929,0.27942193,0.084115006,0.40887275,0.40026793,0.00038789056,32.158047,8.551057e-09,0.0
30.835,0.3819929,0.27942193,0.084115006,0.4003694,0.40174893,-0.012423283,32.054916,0.2981896,0.0
30.84,0.6,0.35546076,0.061451826,0.40618378,0.4030181,-0.0034263479,32.261753,0.011934086,0.0
30.845000000000002,0.6,0.35546076,0.061451826,0.39679298,0.40441394,0.006169285,32.15668,0.18756907,0.0
30.85,0.6,0.35546076,0.061451826,0.4097759,0.40470758,0.017597912,32.27127,3.219147e-08,0.0
30.855,0.6,0.35546076,0.061451826,0.40985036,0.40435365,0.014985268,32.09672,0.30969578,0.0
30.86,0.6,0.47113675,0.14214121,0.40754983,0.404338,0.014315015,30.700064,1.7441602,0.0
30.865000000000002,0.6,0.47113675,0.14214121,0.40070936,0.40354672,0.0073313033,29.13264,3.0959857,0.0
30.87,0.6,0.47113675,0.14214121,0.40515116,0.40304658,-0.00272965,27.951197,3.7534978,0.0
30.875,0.6,0.47113675,0.14214121,0.40778834,0.40266648,-0.0056164702,26.317902,4.6662683,0.0
30.88,0.47921786,0.53119636,0.18640412,0.4139801,0.40260756,-0.0035886066,24.226923,5.82681,0.0
30.885,0.47921786,0.53119636,0.18640412,0.4204426,0.40266895,-0.0010494166,22.128633,6.727102,0.0
30.89,0.47921786,0.53119636,0.18640412,0.4097243,0.40231445,0.002498842,21.101082,6.179373,0.0
30.895,0.47921786,0.53119636,0.18640412,0.4089711,0.40200195,-0.0013818013,21.163626,4.204949,0.0
30.900000000000002,0.6,0.6,0.0,0.40943956,0.4022255,0.010745245,21.82373,1.3818705,0.0
30.905,0.6,0.6,0.0,0.41603005,0.40191582,0.023002643,22.413,1.9619893e-08,0.0
30.91,0.6,0.6,0.0,0.41642764,0.40129212,0.045640286,22.282135,0.4374698,0.0
30.915,0.6,0.6,0.0,0.41020498,0.40137365,0.05635549,21.588602,1.24394,0.0
30.92,0.55397654,0.5987607,0.0,0.40661678,0.4012445,0.06215912,22.206274,0.32075244,0.0
30.925,0.55397654,0.5987607,0.0,0.4157593,0.40169883,0.061406747,23.206818,5.2442267e-08,0.0
30.93,0.55397654,0.5987607,0.0,0.40562513,0.40161872,0.06298973,24.139503,5.128401e-08,0.0
30.935000000000002,0.55397654,0.5987607,0.0,0.40554023,0.40191558,0.061759077,24.96022,3.686022e-08,0.0
30.94,0.5209147,0.5586936,0.0,0.41569197,0.40176263,0.072203405,26.255703,9.441747e-08,0.0
30.945,0.5209147,0.5586936,0.0,0.42178807,0.40152887,0.073417544,26.661833,1.047993,0.0
30.95,0.5209147,0.5586936,0.0,0.40482903,0.401743,0.07552012,25.85101,3.181696,0.0
30.955000000000002,0.5209147,0.5586936,0.0,0.4142917,0.40237394,0.06984669,25.922182,4.0387797,0.0
30.96,0.55752516,0.5492735,0.0,0.41346607,0.4021039,0.07789234,26.475784,4.1081886,0.0
30.965,0.55752516,0.5492735,0.0,0.42174348,0.40346655,0.066069804,26.905666,4.080123,0.0
30.970000000000002,0.55752516,0.5492735,0.0,0.42624024,0.404703,0.05504249,27.248848,3.917144,0.0
30.975,0.55752516,0.5492735,0.0,0.42941117,0.40520722,0.050725,27.536728,3.5886247,0.0
30.98,0.49967602,0.4580692,0.0,0.42384988,0.40574467,0.047805056,27.788757,3.0775592,0.0
30.985,0.49967602,0.4580692,0.0,0.42343584,0.4072477,0.032755356,28.79951,1.5035859,0.0
30.990000000000002,0.49967602,0.4580692,0.0,0.41981843,0.4079394,0.028671095,30.33499,1.2591646e-07,0.0
30.995,0.49967602,0.4580692,0.0,0.40869126,0.4090006,0.022933934,31.885227,9.655495e-08,0.0
31.0,0.48011437,0.38587835,0.0,0.40867922,0.41007426,0.019304154,33.45829,9.5135334e-08,0.0
31.005,0.48011437,0.38587835,0.0,0.39981258,0.4108526,0.013720949,34.882397,1.0649918e-07,0.0
31.01,0.48011437,0.38587835,0.0,0.4094413,0.41247228,0.008759239,36.03538,0.02378004,0.0
31.015,0.48011437,0.38587835,0.0,0.41468143,0.4133367,0.011220745,36.132153,0.9881287,0.0
31.02,0.49276367,0.35821772,0.0,0.41841227,0.4139985,0.0030229553,35.26475,2.7787938,0.0
31.025000000000002,0.49276367,0.35821772,0.0,0.41926402,0.41416195,-0.0021182091,33.948925,4.8012605,0.0
31.03,0.49276367,0.35821772,0.0,0.4198043,0.41373247,0.0048135133,32.51057,6.6886497,0.0
31.035,0.49276367,0.35821772,0.0,0.42138752,0.41443762,-0.0021993627,30.33212,9.12931,0.0
31.04,0.5003806,0.33761168,0.0,0.41721585,0.41393447,0.0043341373,28.359066,11.05698,0.0
31.045,0.5003806,0.33761168,0.0,0.41666886,0.41267934,-0.0048371158,27.077967,11.95701,0.0
31.05,0.5003806,0.33761168,0.0,0.41238523,0.412456,-0.005639559,26.31704,12.047667,0.0
31.055,0.5003806,0.33761168,0.0,0.4152527,0.41199994,-0.0063423472,25.90264,11.540778,0.0
31.060000000000002,0.45161325,0.3365007,0.0,0.40923873,0.41101402,0.0054924265,24.923872,11.453099,0.0
31.065,0.45161325,0.3365007,0.0,0.412586,0.4107693,-0.0008512004,24.107668,10.965236,0.0
31.07,0.45161325,0.3365007,0.0,0.42224532,0.41040295,0.013328899,23.065922,10.5190525,0.0
31.075,0.45161325,0.3365007,0.0,0.42141813,0.4091193,0.011423104,21.683939,10.231472,0.0
31.080000000000002,0.4826411,0.3857846,0.0,0.42143276,0.40857866,0.0035892024,21.116594,8.822005,0.0
31.085,0.4826411,0.3857846,0.0,0.43062538,0.40886232,0.0018827562,20.67075,7.08857,0.0
31.09,0.4826411,0.3857846,0.0,0.43271068,0.40807566,-0.0016213324,20.801725,4.524562,0.0
31.095000000000002,0.4826411,0.3857846,0.0,0.42813742,0.40707237,0.005349819,20.88394,1.8478158,0.0
31.1,0.47214162,0.42437416,0.0,0.4214708,0.40734437,0.007200478,21.100096,1.0541407e-08,0.0
31.105,0.47214162,0.42437416,0.0,0.41279563,0.4072254,-0.001731476,22.221594,5.3554324e-08,0.0
31.11,0.47214162,0.42437416,0.0,0.40194938,0.4065377,-0.004599779,23.705177,8.212963e-08,0.0
31.115000000000002,0.47214162,0.42437416,0.0,0.4055372,0.40590084,0.006180057,24.853264,0.05736625,0.0
31.12,0.44777933,0.4505509,0.0,0.4009083,0.40499568,0.0037547217,24.863317,1.1305544,0.0
31.125,0.44777933,0.4505509,0.0,0.41614273,0.40469608,-0.0006277135,24.604378,2.2302952,0.0
31.13,0.44777933,0.4505509,0.0,0.42157215,0.40397343,-0.0049593914,23.89339,3.5662117,0.0
31.135,0.44777933,0.4505509,0.0,0.4131995,0.40330076,-0.0075126546,22.692797,5.1701803,0.0
31.14,0.44347042,0.46146312,0.0,0.41769114,0.40331307,-0.008780622,22.121168,5.79427,0.0
31.145,0.44347042,0.46146312,0.0,0.4248172,0.40337592,-0.0069724503,21.565084,6.1511226,0.0
31.150000000000002,0.44347042,0.46146312,0.0,0.4149892,0.40275386,-0.007655829,21.534088,5.6774406,0.0
31.155,0.44347042,0.46146312,0.0,0.42014894,0.40228754,-0.009367755,22.18403,4.2261844,0.0
31.16,0.45937598,0.6,0.0,0.42620954,0.4021386,-0.00077060703,22.358543,3.1047797,0.0
31.165,0.45937598,0.6,0.0,0.4172849,0.40224487,0.0050040544,21.89372,2.481631,0.0
31.17,0.45937598,0.6,0.0,0.42193723,0.40226352,-0.004679471,22.683617,0.23381028,0.0
31.175,0.45937598,0.6,0.0,0.4134718,0.40238556,0.0017214589,23.61853,4.300625e-08,0.0
31.18,0.42514065,0.6,0.0,0.41407976,0.40219456,0.0013039835,25.164108,6.6551245e-08,0.0
31.185000000000002,0.42514065,0.6,0.0,0.41250214,0.40237203,-0.0020784754,25.840971,1.0549185,0.0
31.19,0.42514065,0.6,0.0,0.41633564,0.40270737,-0.004501352,26.80954,1.5112283,0.0
31.195,0.42514065,0.6,0.0,0.4052228,0.40240392,-0.0001491795,27.834347,1.6584198,0.0
31.2,0.3369991,0.5623485,0.0,0.41034466,0.40269116,-0.00039136113,28.346651,2.1355577,0.0
31.205000000000002,0.3369991,0.5623485,0.0,0.42100525,0.40300202,0.006813245,28.507425,2.7571294,0.0
31.21,0.3369991,0.5623485,0.0,0.41470033,0.40341708,0.005298266,28.518585,3.2967353,0.0
31.215,0.3369991,0.5623485,0.0,0.4127209,0.40341327,0.0032778936,29.24736,2.7930903,0.0
31.220000000000002,0.500524,0.5302149,0.0,0.41873112,0.4039183,0.0022610556,30.684425,1.28701,0.0
31.225,0.500524,0.5302149,0.0,0.4103199,0.40415958,0.0033446017,31.605152,0.1671084,0.0
31.23,0.500524,0.5302149,0.0,0.41284624,0.40438735,0.0035894313,32.32862,6.274638e-08,0.0
31.235,0.500524,0.5302149,0.0,0.4157021,0.40505815,-0.009829806,32.590244,0.44902548,0.0
31.240000000000002,0.33959642,0.41503888,0.0,0.41516033,0.40536314,-0.01030498,32.23528,1.3438334,0.0
31.245,0.33959642,0.41503888,0.0,0.41160828,0.40551955,-0.0048641735,32.374474,1.4360496,0.0
31.25,0.33959642,0.41503888,0.0,0.4091146,0.40531406,0.0022857692,33.15408,0.58890384,0.0
31.255,0.33959642,0.41503888,0.0,0.41979784,0.40541655,-0.004658031,33.39985,0.13534395,0.0
31.26,0.47548994,0.42632225,0.0,0.4185046,0.40528488,-0.002827072,32.964516,0.22481756,0.0
31.265,0.47548994,0.42632225,0.0,0.41974923,0.40531632,-0.0018221005,32.21837,0.43054655,0.0
31.27,0.47548994,0.42632225,0.0,0.42718217,0.40547442,0.00048372115,31.354334,0.53384453,0.0
31.275000000000002,0.47548994,0.42632225,0.0,0.43047568,0.40557685,-0.0003707548,30.534615,0.35542998,0.0
31.28,0.26100183,0.12943049,0.1494396,0.42025897,0.40571386,-0.0062664617,29.816858,1.7125075e-08,0.0
31.285,0.26100183,0.12943049,0.1494396,0.4195669,0.40577284,-0.004266906,29.779896,1.594567e-08,0.0
31.29,0.26100183,0.12943049,0.1494396,0.4184564,0.40575227,-0.008736847,30.561413,7.730155e-08,0.0
31.295,0.26100183,0.12943049,0.1494396,0.4140564,0.4057884,-0.009882555,31.105677,0.3141987,0.0
31.3,0.6,0.22779793,0.12425677,0.41082817,0.40530008,-0.0002782157,31.880358,0.1293163,0.0
31.305,0.6,0.22779793,0.12425677,0.41244397,0.4052512,0.00014040656,32.26779,0.15359266,0.0
31.310000000000002,0.6,0.22779793,0.12425677,0.41927588,0.4052628,-0.001490437,31.194818,1.5754449,0.0
31.315,0.6,0.22779793,0.12425677,0.42261487,0.40435755,0.0008737643,29.026636,3.9448886,0.0
31.32,0.38749525,0.24963988,0.2205037,0.41581714,0.4031925,-0.000527905,26.474133,6.4435062,0.0
31.325,0.38749525,0.24963988,0.2205037,0.41763803,0.4028573,0.003211786,24.74468,7.729739,0.0
31.330000000000002,0.38749525,0.24963988,0.2205037,0.41614968,0.40095127,0.004128061,23.243563,8.502581,0.0
31.335,0.38749525,0.24963988,0.2205037,0.4129734,0.39483434,0.01222717,22.461662,8.227428,0.0
31.34,0.4371201,0.3054299,0.35963297,0.40878212,0.38844913,0.030700082,22.597624,6.716621,0.0
31.345000000000002,0.4371201,0.3054299,0.35963297,0.40738526,0.38112438,0.03510832,23.267733,4.4227414,0.0
31.35,0.4371201,0.3054299,0.35963297,0.4051711,0.3698698,0.036312323,24.215313,1.6458244,0.0
31.355,0.4371201,0.3054299,0.35963297,0.39717284,0.35825586,0.05402356,25.038258,3.5194745e-08,0.0
31.36,0.44768417,0.4587755,0.1913004,0.41282046,0.34989023,0.07405354,25.718168,3.081459e-08,0.0
31.365000000000002,0.44768417,0.4587755,0.1913004,0.40075937,0.340212,0.07888603,25.89946,0.42334074,0.0
31.37,0.44768417,0.4587755,0.1913004,0.39618498,0.33288592,0.08909835,26.266275,0.3860554,0.0
31.375,0.44768417,0.4587755,0.1913004,0.40018415,0.32783997,0.10136301,27.02717,2.2335378e-08,0.0
31.38,0.5153816,0.39113253,0.06495535,0.40691462,0.32288852,0.11643019,27.229713,0.44388074,0.0
31.385,0.5153816,0.39113253,0.06495535,0.41220394,0.31927586,0.124305524,26.886591,1.2446659,0.0
31.39,0.5153816,0.39113253,0.06495535,0.41122684,0.31673497,0.13661271,26.352451,1.9993416,0.0
31.395,0.5153816,0.39113253,0.06495535,0.41301766,0.315918,0.14462142,26.606342,1.6194237,0.0
31.400000000000002,0.3571531,0.2944875,0.0034636797,0.4052669,0.31569773,0.15126349,26.897034,0.9763155,0.0
31.405,0.3571531,0.2944875,0.0034636797,0.40280387,0.315217,0.15596183,27.493176,-7.7770565e-08,0.0
31.41,0.3571531,0.2944875,0.0034636797,0.41119063,0.3164444,0.1580734,28.343557,6.540304e-08,0.0
31.415,0.3571531,0.2944875,0.0034636797,0.4158205,0.31693488,0.1587098,29.347122,5.9321096e-08,0.0
31.42,0.6,0.565331,0.0,0.41173014,0.31717655,0.15906274,30.347755,1.1356413e-07,0.0
31.425,0.6,0.565331,0.0,0.4114431,0.31732047,0.15933077,31.92458,2.0901828e-07,0.0
31.43,0.6,0.565331,0.0,0.416387,0.31731197,0.15852813,34.08936,1.9312965e-07,0.0
31.435000000000002,0.6,0.565331,0.0,0.4147171,0.3177828,0.15746227,35.76569,0.42678705,0.0
31.44,0.30831474,0.45917144,0.0,0.4107474,0.3181189,0.15633741,37.441563,0.6139131,0.0
31.445,0.30831474,0.45917144,0.0,0.4090017,0.31920743,0.15254274,39.31953,0.35135725,0.0
31.45,0.30831474,0.45917144,0.0,0.40596083,0.31963018,0.14374226,41.101257,-2.7175236e-08,0.0
31.455000000000002,0.30831474,0.45917144,0.0,0.40980893,0.31992447,0.13255914,42.591644,0.002071134,0.0
31.46,0.6,0.433555,0.0,0.41420126,0.3212577,0.12006101,43.041912,0.9018185,0.0
31.465,0.6,0.433555,0.0,0.41122243,0.32189187,0.10830176,42.47745,2.7031505,0.0
31.470000000000002,0.6,0.433555,0.0,0.4085044,0.32336292,0.0941402,42.1735,3.9659734,0.0
31.475,0.6,0.433555,0.0,0.39653888,0.3259159,0.08678986,42.401375,4.410983,0.0
31.48,0.48355967,0.4039161,0.0,0.4161055,0.3312183,0.06956033,42.800747,4.4615254,0.0
31.485,0.48355967,0.4039161,0.0,0.41970688,0.33541343,0.05922152,42.50438,5.092247,0.0
31.490000000000002,0.48355967,0.4039161,0.0,0.41827714,0.33997333,0.04461972,41.481083,6.3192434,0.0
31.495,0.48355967,0.4039161,0.0,0.41004625,0.3445918,0.044779085,40.914917,6.814395,0.0
31.5,0.47867125,0.33943078,0.0,0.4109554,0.34820002,0.038714487,40.96196,6.429752,0.0
31.505,0.47867125,0.33943078,0.0,0.40569383,0.3514097,0.037310738,40.494106,6.437024,0.0
31.51,0.47867125,0.33943078,0.0,0.40182525,0.35499063,0.029983263,40.12417,6.140202,0.0
31.515,0.47867125,0.33943078,0.0,0.40435654,0.3576232,0.025655918,40.165184,5.2036066,0.0
31.52,0.4678444,0.37769485,0.0,0.4064525,0.35906225,0.031490173,39.62331,4.744055,0.0
31.525000000000002,0.4678444,0.37769485,0.0,0.40969977,0.36060545,0.015692558,38.411163,4.83859,0.0
31.53,0.4678444,0.37769485,0.0,0.40897927,0.3612222,0.010846985,36.93535,5.018399,0.0
31.535,0.4678444,0.37769485,0.0,0.41327402,0.3616916,0.0066364193,36.248734,4.10954,0.0
31.54,0.5061327,0.42578506,0.0,0.4230777,0.36168683,0.004678834,35.6875,2.8804262,0.0
31.545,0.5061327,0.42578506,0.0,0.4167708,0.36173418,-0.0009370706,34.921,1.697364,0.0
31.55,0.5061327,0.42578506,0.0,0.421033,0.36121842,0.0054100878,34.819824,-5.152652e-08,0.0
31.555,0.5061327,0.42578506,0.0,0.41831633,0.36115992,-0.0042622546,33.77811,0.8794889,0.0
31.560000000000002,0.44005013,0.46259847,0.0,0.41403422,0.36135665,-0.0075382777,32.67644,1.5737772,0.0
31.565,0.44005013,0.46259847,0.0,0.41327864,0.36139783,-0.0029645048,32.724102,0.745292,0.0
31.57,0.44005013,0.46259847,0.0,0.41283605,0.36157912,-0.0034716993,33.517982,4.69242e-08,0.0
31.575,0.44005013,0.46259847,0.0,0.42766783,0.3618486,-0.0023971607,34.66952,6.179411e-08,0.0
31.580000000000002,0.4391364,0.48267493,0.0,0.4120184,0.36217993,-0.011059405,35.399673,0.40336207,0.0
31.585,0.4391364,0.48267493,0.0,0.403616,0.36212465,-0.009239065,36.208946,0.48251688,0.0
31.59,0.4391364,0.48267493,0.0,0.4009214,0.36328182,-0.0072177276,36.56024,0.8518497,0.0
31.595000000000002,0.4391364,0.48267493,0.0,0.4101384,0.3646412,-0.007898208,36.927116,0.9729413,0.0
31.6,0.4585757,0.50858504,0.0,0.4150985,0.36630514,-0.0018751373,36.85556,1.3645214,0.0
31.605,0.4585757,0.50858504,0.0,0.40971324,0.36920112,-0.0055139246,36.188175,2.1913495,0.0
31.61,0.4585757,0.50858504,0.0,0.40699285,0.37180188,-0.011123172,36.011406,2.2327747,0.0
31.615000000000002,0.4585757,0.50858504,0.0,0.41243002,0.37400007,-0.008667577,36.47358,1.3487569,0.0
31.62,0.475018,0.5148786,0.0,0.41571593,0.37761414,-0.009661118,36.45933,0.80463,0.0
31.625,0.475018,0.5148786,0.0,0.41607073,0.38036358,-0.008672777,35.786327,0.78931564,0.0
31.63,0.475018,0.5148786,0.0,0.41055688,0.38264483,-0.014218493,34.782906,0.92197645,0.0
31.635,0.475018,0.5148786,0.0,0.39817098,0.3859378,-0.017701807,34.445057,0.086574875,0.0
31.64,0.48030168,0.5366788,0.0,0.40201154,0.38888636,-0.009861867,34.51434,2.3621661e-08,0.0
31.645,0.48030168,0.5366788,0.0,0.4073617,0.3910758,-0.0065169404,34.214783,0.418022,0.0
31.650000000000002,0.48030168,0.5366788,0.0,0.41022193,0.39438382,-0.011827315,33.417355,1.1541508,0.0
31.655,0.48030168,0.5366788,0.0,0.4108276,0.3968325,-0.004711852,32.413136,1.875874,0.0
31.66,0.5188672,0.56943136,0.0,0.41454986,0.39879456,0.00026708463,31.373425,2.3925323,0.0
31.665,0.5188672,0.56943136,0.0,0.41274244,0.40088362,-0.0046026744,30.415537,2.5783849,0.0
31.67,0.5188672,0.56943136,0.0,0.41723236,0.4030313,-0.0061827414,30.390368,1.4937786,0.0
31.675,0.5188672,0.56943136,0.0,0.42998186,0.40486228,-7.2868347e-06,30.492336,0.07214557,0.0
31.68,0.5359141,0.6,0.0,0.42188668,0.4066922,-0.0055712694,30.127844,1.6639492e-08,0.0
31.685000000000002,0.5359141,0.6,0.0,0.41939256,0.4081313,0.0019066591,30.348185,5.1033837e-08,0.0
31.69,0.5359141,0.6,0.0,0.41192645,0.4094842,0.0022733128,31.245907,6.154964e-08,0.0
31.695,0.5359141,0.6,0.0,0.41088167,0.4104645,-0.0013590596,32.45657,9.7595546e-08,0.0
31.7,0.5386131,0.6,0.0,0.4112026,0.4119626,-0.004003575,33.74172,8.253244e-08,0.0
31.705000000000002,0.5386131,0.6,0.0,0.41941565,0.41303438,-0.0077496804,34.18416,0.7246337,0.0
31.71,0.5386131,0.6,0.0,0.42563838,0.41421494,-0.0026452004,33.736855,2.1945243,0.0
31.715,0.5386131,0.6,0.0,0.41795456,0.41502956,0.0004507087,32.86219,3.877479,0.0
31.720000000000002,0.54820734,0.6,0.0,0.4083272,0.41517776,0.0043260027,32.612797,4.59964,0.0
31.725,0.54820734,0.6,0.0,0.41688657,0.41569367,0.0011535849,33.056305,4.3176374,0.0
31.73,0.54820734,0.6,0.0,0.41496515,0.41596216,0.0069990386,33.06126,4.314249,0.0
31.735,0.54820734,0.6,0.0,0.4235088,0.41664818,-0.003263592,33.24462,3.8921783,0.0
31.740000000000002,0.5587669,0.6,0.0,0.42487577,0.41719514,0.0038988446,33.130215,3.5967765,0.0
31.745,0.5587669,0.6,0.0,0.42939088,0.4176072,-0.001468213,32.480625,3.683155,0.0
31.75,0.5587669,0.6,0.0,0.41671574,0.4171067,0.0054775546,31.607857,3.7938135,0.0
31.755,0.5587669,0.6,0.0,0.41535193,0.41771212,0.0009623553,30.634083,3.791326,0.0
31.76,0.54683733,0.57812136,0.0,0.40980345,0.41769323,-0.0013264559,30.470009,2.6639576,0.0
31.765,0.54683733,0.57812136,0.0,0.4164599,0.41729465,0.010174512,30.320953,1.3282038,0.0
31.77,0.54683733,0.57812136,0.0,0.41926,0.41784632,-0.0017855723,29.00577,1.0972289,0.0
31.775000000000002,0.54683733,0.57812136,0.0,0.4137239,0.41793483,-0.0071356134,27.601692,0.73343444,0.0
31.78,0.5649855,0.5617045,0.0,0.4199513,0.41781196,0.007756401,27.244005,-6.4979777e-09,0.0
31.785,0.5649855,0.5617045,0.0,0.42833525,0.41815764,0.017812295,26.35002,0.7915813,0.0
31.79,0.5649855,0.5617045,0.0,0.42528138,0.41819537,0.0127911335,25.5187,1.2498943,0.0
31.795,0.5649855,0.5617045,0.0,0.41662395,0.41839662,0.010697839,26.036646,-4.6425293e-07,0.0
31.8,0.5002555,0.41573137,0.0,0.41632494,0.4181108,0.010795216,27.200867,9.116506e-08,0.0
31.805,0.5002555,0.41573137,0.0,0.4139102,0.41809893,0.012400843,28.151793,0.28671536,0.0
31.810000000000002,0.5002555,0.41573137,0.0,0.41291332,0.4185439,-0.0006065872,28.511858,0.98538345,0.0
31.815,0.5002555,0.41573137,0.0,0.4165804,0.41830122,0.0056711966,29.29734,0.9544982,0.0
31.82,0.59281695,0.40083262,0.0,0.40877587,0.4181283,-0.0036034288,29.034193,1.8631616,0.0
31.825,0.59281695,0.40083262,0.0,0.41220433,0.4183397,-0.0035981871,28.165344,3.1845865,0.0
31.830000000000002,0.59281695,0.40083262,0.0,0.4079242,0.41826367,-0.011338637,27.436295,4.084324,0.0
31.835,0.59281695,0.40083262,0.0,0.41233805,0.4182639,-0.010132045,26.831451,4.5920906,0.0
31.84,0.5835607,0.41897148,0.0,0.41094497,0.4180142,-0.0015510523,25.558147,5.59859,0.0
31.845000000000002,0.5835607,0.41897148,0.0,0.41918787,0.41800213,0.00302225,24.44841,6.1614676,0.0
31.85,0.5835607,0.41897148,0.0,0.4112256,0.41762945,-0.00019044634,23.179955,6.6552734,0.0
31.855,0.5835607,0.41897148,0.0,0.4123352,0.41715303,-0.0039761066,22.347137,6.4170513,0.0
31.86,0.48910943,0.42798534,0.0,0.40380538,0.41718975,-0.015601005,21.430944,6.0458956,0.0
31.865000000000002,0.48910943,0.42798534,0.0,0.40738714,0.41684362,-0.0008529273,21.739878,4.0860343,0.0
31.87,0.48910943,0.42798534,0.0,0.4127053,0.416529,-0.0076285326,21.89712,2.1154988,0.0
31.875,0.48910943,0.42798534,0.0,0.40869057,0.41656092,-0.008522183,21.207016,0.89563435,0.0
31.88,0.5498862,0.50438577,0.0,0.4201167,0.41670722,-0.006186045,21.386368,2.1435502e-08,0.0
31.885,0.5498862,0.50438577,0.0,0.4143381,0.4164465,-0.0025195214,22.132393,8.205591e-08,0.0
31.89,0.5498862,0.50438577,0.0,0.4137288,0.41607362,-0.0009931911,22.969873,3.5070922e-08,0.0
31.895,0.5498862,0.50438577,0.0,0.41136715,0.41591632,-0.0074023497,23.772959,5.2075347e-08,0.0
31.900000000000002,0.5244078,0.48784772,0.0,0.413039,0.41600338,-0.010648756,24.465508,3.7847432e-08,0.0
31.905,0.5244078,0.48784772,0.0,0.41579032,0.41641945,-0.013436209,25.031023,4.8846474e-08,0.0
31.91,0.5244078,0.48784772,0.0,0.41728443,0.41588482,-0.006596059,25.482141,3.122364e-08,0.0
31.915,0.5244078,0.48784772,0.0,0.41496196,0.4157898,-0.0072709974,25.038475,0.7810651,0.0
31.92,0.43800342,0.43067205,0.0,0.4154431,0.4159572,0.0011563039,24.534365,1.3644952,0.0
31.925,0.43800342,0.43067205,0.0,0.41113502,0.41576213,0.0042923414,24.442364,1.2346433,0.0
31.93,0.43800342,0.43067205,0.0,0.41435546,0.4158266,-0.0047050845,24.566578,0.62818927,0.0
31.935000000000002,0.43800342,0.43067205,0.0,0.41309518,0.41604468,-0.005031171,24.750515,2.145549e-09,0.0
31.94,0.43147433,0.384457,0.0,0.4092432,0.4163036,-0.005990743,25.536451,6.6746026e-08,0.0
31.945,0.43147433,0.384457,0.0,0.410429,0.41627875,-0.0043052044,27.052694,1.3710873e-07,0.0
31.95,0.43147433,0.384457,0.0,0.40582323,0.4162435,-0.008977315,27.37599,1.2885836,0.0
31.955000000000002,0.43147433,0.384457,0.0,0.41118816,0.41600633,-0.0110321855,26.9919,3.0889697,0.0
31.96,0.45705265,0.35889357,0.0,0.41537902,0.41609243,-0.0012664979,25.84541,5.45549,0.0
31.965,0.45705265,0.35889357,0.0,0.41789863,0.415506,-0.0030339567,24.840218,7.366617,0.0
31.970000000000002,0.45705265,0.35889357,0.0,0.41926435,0.41524935,-0.0103054615,23.630508,9.225096,0.0
31.975,0.45705265,0.35889357,0.0,0.41645136,0.4150876,-0.010730363,22.05012,11.211826,0.0
31.98,0.43721095,0.34954914,0.0,0.4117406,0.4144713,-0.0057821614,21.232922,12.075007,0.0
31.985,0.43721095,0.34954914,0.0,0.41650137,0.41401777,-0.0020610115,21.30634,11.71166,0.0
31.990000000000002,0.43721095,0.34954914,0.0,0.41730794,0.41396934,-0.0053062183,21.09503,11.447013,0.0
31.995,0.43721095,0.34954914,0.0,0.4135502,0.41349316,-0.005210176,20.367104,11.52822,0.0
32.0,0.44018903,0.38297176,0.0,0.42219839,0.4126628,0.0056413594,20.214462,10.742834,0.0
32.005,0.44018903,0.38297176,0.0,0.42328477,0.41300172,0.0032328565,20.045769,9.769097,0.0
32.01,0.44018903,0.38297176,0.0,0.42160413,0.41251314,0.0020314038,20.334824,8.081091,0.0
32.015,0.44018903,0.38297176,0.0,0.42297837,0.41156298,0.0033976766,21.263514,5.4975953,0.0
32.02,0.47399846,0.45801315,0.0,0.41505265,0.41129673,-0.0065429825,21.650349,3.3477917,0.0
32.025,0.47399846,0.45801315,0.0,0.41271374,0.4106535,-0.00090432214,22.050138,0.9964764,0.0
32.03,0.47399846,0.45801315,0.0,0.42073405,0.41006288,0.0030374539,22.447054,1.7708887e-08,0.0
32.035000000000004,0.47399846,0.45801315,0.0,0.41806474,0.4097727,-0.0003609479,22.214508,0.440419,0.0
32.04,0.4786753,0.5126518,0.0,0.41808662,0.40943792,0.0023301775,22.232492,0.34234107,0.0
32.045,0.4786753,0.5126518,0.0,0.41950533,0.40915474,-0.005990237,21.967335,0.32088038,0.0
32.05,0.4786753,0.5126518,0.0,0.4195101,0.40917894,-0.0034155403,21.177006,0.6387201,0.0
32.055,0.4786753,0.5126518,0.0,0.41948184,0.40933308,-0.004520628,20.978487,0.040993333,0.0
32.06,0.4787877,0.54389226,0.0,0.42209202,0.40965158,-0.0061231544,21.94361,6.987413e-08,0.0
32.065,0.4787877,0.54389226,0.0,0.41868263,0.40984952,-0.012620853,23.36289,1.4729522e-07,0.0
32.07,0.4787877,0.54389226,0.0,0.41447243,0.40933383,-0.0071481676,25.270864,4.4707402e-08,0.0
32.075,0.4787877,0.54389226,0.0,0.4189671,0.4094656,0.002334711,26.933853,0.28965452,0.0
32.08,0.50138736,0.56579745,0.0,0.42266768,0.40954876,0.003347153,27.932713,1.0648295,0.0
32.085,0.50138736,0.56579745,0.0,0.41773608,0.40932015,-0.0041703363,28.475021,2.0899367,0.0
32.09,0.50138736,0.56579745,0.0,0.4196175,0.40940127,-0.004861855,28.697615,3.209555,0.0
32.095,0.50138736,0.56579745,0.0,0.41185653,0.40968823,0.0023675226,28.701607,4.3115163,0.0
32.1,0.5225222,0.58068717,0.0,0.4148729,0.40978897,0.0015615541,29.339947,4.4506664,0.0
32.105000000000004,0.5225222,0.58068717,0.0,0.41444883,0.41000617,0.0005241027,29.861046,4.492865,0.0
32.11,0.5225222,0.58068717,0.0,0.4103715,0.41052404,-0.0036081315,30.688318,3.9662628,0.0
32.115,0.5225222,0.58068717,0.0,0.41295186,0.41065812,-0.0014386718,31.97629,2.7184882,0.0
32.12,0.5328983,0.5943382,0.0,0.41022307,0.410582,0.0034526633,32.596767,2.0228422,0.0
32.125,0.5328983,0.5943382,0.0,0.41504115,0.41129312,0.0034549313,32.36975,2.062267,0.0
32.13,0.5328983,0.5943382,0.0,0.41362983,0.4113643,0.0050766347,31.689337,2.3794289,0.0
32.135,0.5328983,0.5943382,0.0,0.41222188,0.41144717,0.00048358674,31.627647,1.7730286,0.0
32.14,0.5460615,0.5876731,0.0,0.42299134,0.41197926,-0.00041969278,32.31029,0.13048267,0.0
32.145,0.5460615,0.5876731,0.0,0.41972408,0.4120228,-0.010454308,32.36546,0.18038192,0.0
32.15,0.5460615,0.5876731,0.0,0.4190914,0.41218692,-0.0054159365,32.669697,2.2811541e-08,0.0
32.155,0.5460615,0.5876731,0.0,0.41627657,0.41226417,-0.0075909346,33.373676,4.0883926e-08,0.0
32.160000000000004,0.56189275,0.5905414,0.0,0.42110714,0.41274625,-0.001682785,34.29339,5.784792e-08,0.0
32.165,0.56189275,0.5905414,0.0,0.4164611,0.41260085,-0.0006715996,34.52032,0.6273563,0.0
32.17,0.56189275,0.5905414,0.0,0.42005044,0.4128505,-0.005139538,33.93159,1.9213132,0.0
32.175,0.56189275,0.5905414,0.0,0.42002258,0.41290158,-0.0027986965,32.929142,3.417881,0.0
32.18,0.56353194,0.589191,0.0,0.42719123,0.41296378,-0.00019622214,32.61287,3.8896217,0.0
32.185,0.56353194,0.589191,0.0,0.42708376,0.41296926,5.9543494e-05,32.337296,4.087552,0.0
32.19,0.56353194,0.589191,0.0,0.41873598,0.41306683,0.0007569274,32.56457,3.49976,0.0
32.195,0.56353194,0.589191,0.0,0.41745466,0.41307682,0.0013888617,33.407486,2.0250206,0.0
32.2,0.56245404,0.5852512,0.0,0.41698647,0.413078,0.004640549,34.48543,0.106123865,0.0
32.205,0.56245404,0.5852512,0.0,0.4172048,0.41374907,-0.00495806,35.263386,8.341077e-08,0.0
32.21,0.56245404,0.5852512,0.0,0.41224435,0.41407603,-0.0061987853,35.277065,0.6822814,0.0
32.215,0.56245404,0.5852512,0.0,0.41576126,0.4142529,-0.005132987,35.252525,1.1642156,0.0
32.22,0.55672073,0.57092655,0.0,0.41447455,0.41424716,-0.0040648165,34.795036,1.8976237,0.0
32.225,0.55672073,0.57092655,0.0,0.4125405,0.41433963,-0.010046062,34.551632,2.1508193,0.0
32.230000000000004,0.55672073,0.57092655,0.0,0.41527507,0.41425508,-0.007882538,34.834312,1.5943797,0.0
32.235,0.55672073,0.57092655,0.0,0.41330853,0.4143547,-0.002420801,33.773857,2.331451,0.0
32.24,0.5487295,0.5413305,0.0,0.4103457,0.41431564,-0.0018490409,32.869656,2.6466753,0.0
32.245,0.5487295,0.5413305,0.0,0.41184843,0.41442245,-0.0050440654,32.094162,2.5926616,0.0
32.25,0.5487295,0.5413305,0.0,0.4130648,0.4143245,-0.009152561,31.07364,2.5879428,0.0
32.255,0.5487295,0.5413305,0.0,0.4202675,0.41447523,-0.004195047,29.207571,3.297945,0.0
32.26,0.5370539,0.5118839,0.0,0.41795823,0.41458577,-0.0019721587,27.491045,3.5882974,0.0
32.265,0.5370539,0.5118839,0.0,0.41264114,0.4144848,-0.006244257,27.250544,1.9997145,0.0
32.27,0.5370539,0.5118839,0.0,0.41678292,0.4146174,-0.008163092,27.378672,-3.0712645e-08,0.0
32.275,0.5370539,0.5118839,0.0,0.42249036,0.41461077,-0.0002698024,27.049196,-9.796555e-09,0.0
32.28,0.5239343,0.47337157,0.0,0.42090994,0.41504627,-0.009155249,26.792692,5.1525423e-10,0.0
32.285000000000004,0.5239343,0.47337157,0.0,0.4197369,0.4151338,-0.0049540116,27.283504,3.9894623e-08,0.0
32.29,0.5239343,0.47337157,0.0,0.41314548,0.41519725,0.0019756581,28.5568,8.9425654e-08,0.0
32.295,0.5239343,0.47337157,0.0,0.41204715,0.41501722,0.0025612789,30.195759,1.9319391e-07,0.0
32.3,0.51031595,0.43601406,0.0,0.41402793,0.4151058,0.00044796686,31.152779,0.5962644,0.0
32.305,0.51031595,0.43601406,0.0,0.41898286,0.41561437,-0.0044003376,31.2477,1.9036022,0.0
32.31,0.51031595,0.43601406,0.0,0.41803885,0.41578284,-3.576709e-05,30.866573,3.4767306,0.0
32.315,0.51031595,0.43601406,0.0,0.42170122,0.41594282,0.0039508557,31.072971,4.128313,0.0
32.32,0.4947112,0.40494913,0.0,0.42564434,0.4166243,-0.0005882739,31.192438,4.639189,0.0
32.325,0.4947112,0.40494913,0.0,0.418851,0.4169806,-0.006016581,30.87541,5.397909,0.0
32.33,0.4947112,0.40494913,0.0,0.41992146,0.41675034,-0.002497116,31.128527,5.282059,0.0
32.335,0.4947112,0.40494913,0.0,0.42709184,0.4170211,-0.0079200985,30.432552,6.0062065,0.0
32.34,0.4797217,0.38443008,0.0,0.4306598,0.41691998,0.0027746325,29.314238,6.953195,0.0
32.345,0.4797217,0.38443008,0.0,0.4288933,0.41723824,0.0036645443,27.67815,8.228037,0.0
32.35,0.4797217,0.38443008,0.0,0.42716828,0.41678107,-0.0025522131,27.162577,8.003613,0.0
32.355000000000004,0.4797217,0.38443008,0.0,0.41877064,0.416376,0.0042385585,27.31946,6.8256826,0.0
32.36,0.46637744,0.37631366,0.0,0.42729753,0.41687217,-0.00788273,27.383034,5.5582104,0.0
32.365,0.46637744,0.37631366,0.0,0.42320043,0.41631627,-0.00559464,27.39831,4.151113,0.0
32.37,0.46637744,0.37631366,0.0,0.42275473,0.41626474,-0.0070151575,27.395813,2.5720294,0.0
32.375,0.46637744,0.37631366,0.0,0.4245566,0.41579923,-0.00944093,27.37517,0.8230398,0.0
32.38,0.46637744,0.37631366,0.0,0.42216715,0.41531295,-0.007738378,26.478943,0.06845444,0.0
32.385,0.46637744,0.37631366,0.0,0.42162254,0.4151634,-0.0019602806,25.482973,-6.444647e-08,0.0
32.39,0.46637744,0.37631366,0.0,0.4176472,0.41483682,-0.0023678937,24.931082,2.9814908e-09,0.0
32.395,0.46637744,0.37631366,0.0,0.42249507,0.41442174,-0.00036262666,24.703497,-1.113179e-08,0.0
32.4,0.45172235,0.36526108,0.012000007,0.41535833,0.4139709,-0.0061200964,23.967146,0.5288401,0.0
32.405,0.45172235,0.36526108,0.012000007,0.4219517,0.413986,-0.0057914336,23.440115,0.5650997,0.0
32.410000000000004,0.45172235,0.36526108,0.012000007,0.42666167,0.41360393,0.0017531802,23.44778,-1.7389682e-09,0.0
32.415,0.45172235,0.36526108,0.012000007,0.42486084,0.41311336,0.0013394799,22.9431,0.4321599,0.0
32.42,0.43706724,0.35420856,0.023999996,0.42095122,0.41297665,-9.4269366e-05,22.75862,0.24944073,0.0
32.425,0.43706724,0.35420856,0.023999996,0.41913956,0.4127166,-0.005124022,23.012928,9.83597e-09,0.0
32.43,0.43706724,0.35420856,0.023999996,0.42130297,0.41232833,-0.0017672336,23.478754,4.2799684e-08,0.0
32.435,0.43706724,0.35420856,0.023999996,0.41594034,0.41232333,-0.011032975,23.312431,0.5968201,0.0
32.44,0.4224122,0.343156,0.036000002,0.4139824,0.4122048,-0.016424773,23.209131,0.8611407,0.0
32.445,0.4224122,0.343156,0.036000002,0.41019842,0.41085833,-0.0027277714,23.52017,0.41540837,0.0
32.45,0.4224122,0.343156,0.036000002,0.4126535,0.4103164,-0.010274241,23.927124,2.3041892e-08,0.0
32.455,0.4224122,0.343156,0.036000002,0.41605535,0.40990433,-0.006232722,23.561466,0.63011575,0.0
32.46,0.40775704,0.33210343,0.047999993,0.42043096,0.40710005,-0.010778261,22.49452,1.7796794,0.0
32.465,0.40775704,0.33210343,0.047999993,0.42300692,0.40184227,-0.009490389,21.192455,2.9157054,0.0
32.47,0.40775704,0.33210343,0.047999993,0.41807675,0.39700913,-0.008933107,19.9698,3.6891105,0.0
32.475,0.40775704,0.33210343,0.047999993,0.41996682,0.39212212,-0.012880259,19.776772,3.053562,0.0
32.480000000000004,0.39310196,0.3210509,0.06,0.40813467,0.38446286,-0.01355916,19.827108,1.925208,0.0
32.485,0.39310196,0.3210509,0.06,0.40450582,0.37918743,-0.0030295074,20.410257,-1.2936096e-06,0.0
32.49,0.39310196,0.3210509,0.06,0.41908184,0.37450302,-0.0015772766,21.175451,5.8203625e-08,0.0
32.495,0.39310196,0.3210509,0.06,0.41978207,0.36776024,0.0004715273,21.710993,0.24839419,0.0
32.5,0.37844685,0.3099984,0.072000004,0.41497752,0.36256137,-0.005701103,21.810452,0.7287833,0.0
32.505,0.37844685,0.3099984,0.072000004,0.4146088,0.35872105,-0.0070510814,22.488224,0.30494362,0.0
32.51,0.37844685,0.3099984,0.072000004,0.4103162,0.35326374,-0.007012058,23.660004,7.8889386e-08,0.0
32.515,0.37844685,0.3099984,0.072000004,0.41040885,0.34879434,-0.005776481,25.056166,5.140326e-08,0.0
32.52,0.36379176,0.29894584,0.08399999,0.41529313,0.34478688,-0.0042368467,25.78987,0.571017,0.0
32.525,0.36379176,0.29894584,0.08399999,0.4156935,0.34054187,-0.0034075924,25.752287,1.7435851,0.0
32.53,0.36379176,0.29894584,0.08399999,0.41465527,0.33660346,-0.010063785,25.329908,3.0739198,0.0
32.535000000000004,0.36379176,0.29894584,0.08399999,0.40877223,0.3334201,0.0021772317,25.576504,3.3871202,0.0
32.54,0.34913665,0.2878933,0.096,0.410978,0.32943282,-0.003881832,26.567614,2.6313398,0.0
32.545,0.34913665,0.2878933,0.096,0.40295795,0.32521874,0.00589977,27.115803,2.1549957,0.0
32.55,0.34913665,0.2878933,0.096,0.4117874,0.3225677,0.02276653,27.759491,1.3470576,0.0
32.555,0.34913665,0.2878933,0.096,0.40851033,0.3196628,0.019944353,28.053316,0.71770334,0.0
32.56,0.33448157,0.27684075,0.10800001,0.4180066,0.31644282,0.031506527,28.500551,3.087648e-08,0.0
32.565,0.33448157,0.27684075,0.10800001,0.4159381,0.3137463,0.03674941,28.594597,0.26273942,0.0
32.57,0.33448157,0.27684075,0.10800001,0.41381565,0.31121728,0.04330533,29.059803,2.139134e-08,0.0
32.575,0.33448157,0.27684075,0.10800001,0.4115479,0.3077463,0.05143732,29.950296,5.2536173e-08,0.0
32.58,0.31982642,0.2657882,0.12,0.4150314,0.30495813,0.055112608,31.106682,1.1581454e-07,0.0
32.585,0.31982642,0.2657882,0.12,0.40562847,0.3023888,0.06120299,31.638964,0.55138326,0.0
32.59,0.31982642,0.2657882,0.12,0.40512612,0.29891545,0.06582217,32.171204,0.85509473,0.0
32.595,0.31982642,0.2657882,0.12,0.40131378,0.29628682,0.06719946,33.053802,0.5331817,0.0
32.6,0.30517137,0.25473565,0.13199998,0.4008091,0.2940957,0.072706655,34.03546,3.653185e-08,0.0
32.605000000000004,0.30517137,0.25473565,0.13199998,0.39768055,0.29102695,0.07981977,34.908566,2.5676732e-08,0.0
32.61,0.30517137,0.25473565,0.13199998,0.39875942,0.28834352,0.07360623,35.733948,4.791375e-08,0.0
32.615,0.30517137,0.25473565,0.13199998,0.3940409,0.28634194,0.07818176,35.730656,0.711408,0.0
32.62,0.29051626,0.2436831,0.144,0.37596643,0.2831392,0.078466535,35.649742,1.2666332,0.0
32.625,0.29051626,0.2436831,0.144,0.36308214,0.2803007,0.07789147,35.80437,1.3269674,0.0
32.63,0.29051626,0.2436831,0.144,0.362712,0.27873155,0.08453273,35.962185,1.1641912,0.0
32.635,0.29051626,0.2436831,0.144,0.35822624,0.27579007,0.097757496,36.08356,0.82796884,0.0
32.64,0.27586117,0.23263055,0.156,0.3498613,0.27291673,0.094504945,36.169304,0.3217685,0.0
32.645,0.27586117,0.23263055,0.156,0.3380004,0.27034262,0.09836471,36.129753,4.479065e-09,0.0
32.65,0.27586117,0.23263055,0.156,0.34112942,0.26812336,0.1031139,35.932545,3.2055791e-09,0.0
32.655,0.27586117,0.23263055,0.156,0.34226876,0.2654522,0.09687055,35.042194,0.6092735,0.0
32.660000000000004,0.26120606,0.22157802,0.16799998,0.3259697,0.26349944,0.094704,33.556423,1.6413451,0.0
32.665,0.26120606,0.22157802,0.16799998,0.3260959,0.26126873,0.10478456,32.444286,2.004521,0.0
32.67,0.26120606,0.22157802,0.16799998,0.31861013,0.25825563,0.110195614,31.282192,2.1916838,0.0
32.675,0.26120606,0.22157802,0.16799998,0.31256512,0.2556481,0.1098506,30.489208,1.7347788,0.0
32.68,0.24655096,0.21052547,0.18,0.30756637,0.25348455,0.11119652,30.23781,0.4608117,0.0
32.685,0.24655096,0.21052547,0.18,0.3070857,0.25046787,0.11369598,30.048664,-1.3296688e-08,0.0
32.69,0.24655096,0.21052547,0.18,0.29676536,0.24756807,0.13085029,29.99838,-1.2893981e-09,0.0
32.695,0.24655096,0.21052547,0.18,0.294024,0.2454437,0.12936415,30.057789,6.298448e-09,0.0
32.7,0.23189588,0.19947292,0.192,0.29870158,0.2427705,0.1360844,30.152184,7.706368e-09,0.0
32.705,0.23189588,0.19947292,0.192,0.2959187,0.23991773,0.13290295,29.747389,0.4140081,0.0
32.71,0.23189588,0.19947292,0.192,0.29041117,0.23786846,0.13465835,29.435545,0.47817212,0.0
32.715,0.23189588,0.19947292,0.192,0.29013044,0.23538613,0.13593753,29.444777,-1.1809392e-07,0.0
32.72,0.2172408,0.18842037,0.204,0.27931717,0.23283325,0.14477567,29.500957,5.652437e-09,0.0
32.725,0.2172408,0.18842037,0.204,0.2680753,0.23037967,0.14895491,29.605934,3.676664e-09,0.0
32.730000000000004,0.2172408,0.18842037,0.204,0.26300642,0.22814251,0.15122014,29.640184,1.8878366e-09,0.0
32.735,0.2172408,0.18842037,0.204,0.26171663,0.22537686,0.15453683,29.570559,5.2800635e-09,0.0
32.74,0.20258568,0.17736782,0.216,0.25964552,0.22348174,0.15803288,29.429504,9.577592e-09,0.0
32.745,0.20258568,0.17736782,0.216,0.25318623,0.22137423,0.16037841,29.2473,-9.960292e-09,0.0
32.75,0.20258568,0.17736782,0.216,0.25876567,0.21902207,0.16286583,29.011196,4.970499e-09,0.0
32.755,0.20258568,0.17736782,0.216,0.2469799,0.21671014,0.16680525,28.287457,0.38873824,0.0
32.76,0.1879306,0.16631527,0.228,0.2506589,0.21484049,0.16954572,27.562046,0.5314197,0.0
32.765,0.1879306,0.16631527,0.228,0.24553381,0.21180294,0.17243192,26.620884,0.6758812,0.0
32.77,0.1879306,0.16631527,0.228,0.23852259,0.2089777,0.17650905,25.8727,0.36196992,0.0
32.775,0.1879306,0.16631527,0.228,0.23760074,0.20737368,0.17924254,25.371754,1.275567e-08,0.0
32.78,0.17327549,0.15526274,0.24,0.22921123,0.20482431,0.18173923,25.148275,1.4632946e-09,0.0
32.785000000000004,0.17327549,0.15526274,0.24,0.22860199,0.20211859,0.18564318,25.188797,1.048431e-09,0.0
32.79,0.17327549,0.15526274,0.24,0.22860225,0.20017241,0.18877046,25.364044,7.256258e-09,0.0
32.795,0.17327549,0.15526274,0.24,0.21714415,0.19761494,0.19124077,25.615877,1.815588e-08,0.0
32.8,0.15862039,0.14421019,0.252,0.22473682,0.19537807,0.19439128,25.828606,8.423755e-09,0.0
32.805,0.15862039,0.14421019,0.252,0.223086,0.19360368,0.19743265,25.58293,0.31608856,0.0
32.81,0.15862039,0.14421019,0.252,0.23029928,0.19159617,0.19963995,25.35627,0.36061385,0.0
32.815,0.15862039,0.14421019,0.252,0.2173682,0.1888536,0.20267734,24.953924,0.36112523,0.0
32.82,0.14396529,0.13315763,0.264,0.22150913,0.1866949,0.20629331,24.642235,0.018524613,0.0
32.825,0.14396529,0.13315763,0.264,0.20709774,0.18449654,0.20867899,24.080572,0.08894821,0.0
32.83,0.14396529,0.13315763,0.264,0.19628611,0.18187554,0.21143983,23.583471,-2.7129179e-08,0.0
32.835,0.14396529,0.13315763,0.264,0.19472677,0.17965013,0.21481381,23.182116,1.5554946e-09,0.0
32.84,0.12931019,0.1221051,0.276,0.1949435,0.17727639,0.21769637,22.8261,-2.6070863e-08,0.0
32.845,0.12931019,0.1221051,0.276,0.19294211,0.1746001,0.22027113,22.131426,0.2605621,0.0
32.85,0.12931019,0.1221051,0.276,0.20032538,0.1726863,0.22340131,21.505108,0.1914746,0.0
32.855000000000004,0.12931019,0.1221051,0.276,0.19436719,0.17057279,0.22637074,20.784864,-5.4406968e-08,0.0
32.86,0.11465511,0.11105254,0.288,0.1816187,0.16815217,0.22870642,20.150883,-7.035528e-09,0.0
32.865,0.11465511,0.11105254,0.288,0.17571764,0.16561505,0.2323176,19.697292,-9.60204e-09,0.0
32.87,0.11465511,0.11105254,0.288,0.18302828,0.16357401,0.23553085,19.291872,2.1118852e-08,0.0
32.875,0.11465511,0.11105254,0.288,0.19245417,0.1615069,0.23780721,18.62311,0.17058134,0.0
32.88,0.1,0.1,0.3,0.17570014,0.15909223,0.24088682,17.785522,0.2749499,0.0
32.885,0.1,0.1,0.3,0.16553447,0.15729317,0.2437805,17.171234,-1.5581483e-09,0.0
32.89,0.1,0.1,0.3,0.16676375,0.15478082,0.2460821,16.666792,-1.6448643e-08,0.0
32.895,0.1,0.1,0.3,0.1630248,0.15211484,0.24910839,15.960577,0.13937612,0.0
32.9,0.1,0.1,0.3,0.15731132,0.15005806,0.2520706,15.359926,-1.1938404e-08,0.0
32.905,0.1,0.1,0.3,0.16575886,0.14810175,0.25426236,14.897233,1.22484884e-08,0.0
32.910000000000004,0.1,0.1,0.3,0.16378665,0.1457426,0.25659028,14.319763,0.046408772,0.0
32.915,0.1,0.1,0.3,0.16156077,0.14336883,0.26017413,13.892865,-3.8456534e-08,0.0
32.92,0.1,0.1,0.3,0.16082287,0.14124657,0.26274908,13.704156,-8.383164e-09,0.0
32.925,0.1,0.1,0.3,0.15314114,0.13869123,0.26525557,13.677539,-3.5152161e-09,0.0
32.93,0.1,0.1,0.3,0.15013099,0.13680324,0.268088,13.699771,1.0031963e-09,0.0
32.935,0.1,0.1,0.3,0.1521246,0.13472556,0.27041897,13.701591,-5.138707e-09,0.0
32.94,0.1,0.1,0.3,0.14496143,0.13231473,0.27240577,13.4107,0.04844271,0.0
32.945,0.1,0.1,0.3,0.13352412,0.13050129,0.27476373,13.06307,1.9540341e-08,0.0
32.95,0.1,0.1,0.3,0.13461132,0.12910412,0.27673873,12.720452,5.1939093e-09,0.0
32.955,0.1,0.1,0.3,0.13126343,0.12712795,0.2782237,12.1334715,-1.5114646e-08,0.0
32.96,0.1,0.1,0.3,0.13615862,0.12564254,0.27987614,11.537015,-1.8709606e-08,0.0
32.965,0.1,0.1,0.3,0.13064322,0.12368941,0.28123757,10.882051,1.9084004e-08,0.0
32.97,0.1,0.1,0.3,0.14220026,0.122242816,0.28251854,10.347467,-1.28002915e-08,0.0
32.975,0.1,0.1,0.3,0.14555605,0.12198919,0.28366888,9.869128,9.865385e-09,0.0
32.980000000000004,0.1,0.1,0.3,0.14233662,0.12022654,0.2851992,9.397244,-3.7905274e-09,0.0
32.985,0.1,0.1,0.3,0.13112287,0.11847864,0.2859157,9.2258215,-1.3503955e-08,0.0
32.99,0.1,0.1,0.3,0.12429924,0.1173272,0.2869357,9.314962,1.2273994e-08,0.0
32.995,0.1,0.1,0.3,0.13277528,0.11489854,0.28811267,9.47973,1.3566116e-08,0.0
33.0,0.1,0.1,0.3,0.1250288,0.11409909,0.2891232,9.466312,-2.1557138e-09,0.0
33.005,0.1,0.1,0.3,0.12399943,0.113216236,0.2902229,9.432967,-1.8454875e-09,0.0
33.01,0.1,0.1,0.3,0.12898886,0.11252158,0.29150355,9.481252,-3.573297e-09,0.0
33.015,0.1,0.1,0.3,0.12689297,0.112122044,0.29225802,9.368935,2.1564974e-09,0.0
33.02,0.1,0.1,0.3,0.11529659,0.11123763,0.2929886,9.282183,-1.7426518e-09,0.0
33.025,0.1,0.1,0.3,0.11845172,0.10904769,0.29362833,9.257072,-1.0065942e-08,0.0
33.03,0.1,0.1,0.3,0.11629254,0.10779314,0.29420376,9.03103,-7.014655e-09,0.0
33.035000000000004,0.1,0.1,0.3,0.11634133,0.1053697,0.2946505,8.800626,1.159365e-08,0.0
33.04,0.1,0.1,0.3,0.11491963,0.10663303,0.29449242,8.4762745,-2.6371609e-08,0.0
33.045,0.1,0.1,0.3,0.119890675,0.1059221,0.29442522,8.217852,-4.6786615e-09,0.0
33.05,0.1,0.1,0.3,0.11189603,0.10537058,0.2944046,7.9432106,2.8545937e-09,0.0
33.055,0.1,0.1,0.3,0.11077669,0.10465466,0.294236,7.7577395,1.38718965e-08,0.0
33.06,0.1,0.1,0.3,0.11004127,0.10383589,0.29419127,7.729266,4.3358938e-08,0.0
33.065,0.1,0.1,0.3,0.11418727,0.103923276,0.29363528,7.797994,3.6842703e-08,0.0
33.07,0.1,0.1,0.3,0.09851801,0.10223227,0.29386112,7.731923,-7.587246e-09,0.0
33.075,0.1,0.1,0.3,0.082012914,0.100782916,0.2937181,7.59811,-7.8897777e-10,0.0
33.08,0.1,0.1,0.3,0.09866294,0.100974895,0.29327404,7.373593,1.46555195e-08,0.0
33.085,0.1,0.1,0.3,0.09442291,0.099717796,0.29311496,6.974046,-2.4983214e-08,0.0
33.09,0.1,0.1,0.3,0.08641232,0.10039674,0.29299474,6.6275663,-2.085379e-08,0.0
33.095,0.1,0.1,0.3,0.09231193,0.101220936,0.2930114,6.382348,2.5722644e-08,0.0
33.1,0.1,0.1,0.3,0.098609686,0.1001143,0.29259142,6.0606413,-5.4098197e-09,0.0
33.105000000000004,0.1,0.1,0.3,0.09832684,0.09863804,0.2925744,5.6848016,2.2325956e-08,0.0
33.11,0.1,0.1,0.3,0.10236986,0.09770071,0.2924139,5.526645,1.3089691e-08,0.0
33.115,0.1,0.1,0.3,0.0996243,0.09673009,0.29249617,5.460559,-3.0956183e-08,0.0
33.12,0.1,0.1,0.3,0.09120125,0.09748394,0.29252774,5.5603056,1.7479746e-08,0.0
33.125,0.1,0.1,0.3,0.08943702,0.09607456,0.29264852,5.790827,2.5455595e-08,0.0
33.13,0.1,0.1,0.3,0.09566477,0.09450757,0.29237184,6.0351825,4.7096615e-09,0.0
33.135,0.1,0.1,0.3,0.08509524,0.10244902,0.29214403,6.1054564,-2.9904488e-08,0.0
33.14,0.1,0.1,0.3,0.088981286,0.105134815,0.29220724,6.091045,1.639651e-08,0.0
33.145,0.1,0.1,0.3,0.087430626,0.10048797,0.2922394,5.9302626,-1.1248489e-08,0.0
33.15,0.1,0.1,0.3,0.09048668,0.10134084,0.2921341,5.7828074,3.3704661e-09,0.0
33.155,0.1,0.1,0.3,0.09641283,0.09899163,0.29199567,5.5837283,2.6789012e-08,0.0
33.160000000000004,0.1,0.1,0.3,0.09535915,0.096651,0.2920198,5.3251867,4.5177892e-10,0.0
33.165,0.1,0.1,0.3,0.09098193,0.094291896,0.2921679,5.264556,6.3497896e-09,0.0
33.17,0.1,0.1,0.3,0.0948785,0.09180436,0.29165235,5.407821,1.1628368e-08,0.0
33.175,0.1,0.1,0.3,0.097593285,0.08412973,0.29209164,5.48897,-4.0353964e-08,0.0
33.18,0.1,0.1,0.3,0.10553012,0.081584655,0.29187506,5.452601,-5.5504854e-09,0.0
33.185,0.1,0.1,0.3,0.095509104,0.088275336,0.2914034,5.3951845,-1.3227738e-08,0.0
33.19,0.1,0.1,0.3,0.09141008,0.10290786,0.2912701,5.4859476,3.456507e-08,0.0
33.195,0.1,0.1,0.3,0.081781626,0.10581653,0.29133323,5.702237,5.4207234e-09,0.0
33.2,0.1,0.1,0.3,0.092846364,0.09485853,0.29117575,5.891796,6.7807193e-10,0.0
33.205,0.1,0.1,0.3,0.08889043,0.09666918,0.2913019,5.8971586,6.995444e-09,0.0
33.21,0.1,0.1,0.3,0.08803541,0.09786275,0.29120952,5.8845773,5.343692e-09,0.0
33.215,0.1,0.1,0.3,0.08415097,0.1023958,0.29112598,5.934971,2.6866786e-08,0.0
33.22,0.1,0.1,0.3,0.08116756,0.097714335,0.2914223,5.988631,-1.8832033e-08,0.0
33.225,0.1,0.1,0.3,0.08886493,0.09145407,0.2912062,6.0048547,-5.0203988e-09,0.0
33.230000000000004,0.1,0.1,0.3,0.08148269,0.08546279,0.2917263,5.8569155,2.7295519e-08,0.0
33.235,0.1,0.1,0.3,0.07724215,0.091195494,0.29148042,5.6809325,-5.623347e-09,0.0
33.24,0.1,0.1,0.3,0.08077614,0.08734204,0.29171702,5.5393553,1.7936586e-10,0.0
33.245,0.1,0.1,0.3,0.07672164,0.09283839,0.2915345,5.280318,-5.816613e-09,0.0
33.25,0.1,0.1,0.3,0.091162935,0.082334526,0.29156104,5.039645,1.1043989e-08,0.0
33.255,0.1,0.1,0.3,0.08684032,0.07927372,0.29150277,4.836303,-1.12660885e-08,0.0
33.26,0.1,0.1,0.3,0.091611154,0.08777661,0.29126173,4.7950664,4.7917652e-08,0.0
33.265,0.1,0.1,0.3,0.077111885,0.08802406,0.29139957,4.7945843,3.2608334e-09,0.0
33.27,0.1,0.1,0.3,0.09007998,0.08783357,0.2917925,4.823821,1.1786389e-08,0.0
33.275,0.1,0.1,0.3,0.08487654,0.10211227,0.29142424,4.8244586,1.779928e-09,0.0
33.28,0.1,0.1,0.3,0.0871382,0.0967259,0.29149574,4.9033256,2.4193328e-08,0.0
33.285000000000004,0.1,0.1,0.3,0.08705121,0.094731204,0.2915546,4.938015,3.0559237e-09,0.0
33.29,0.1,0.1,0.3,0.09111706,0.08784917,0.29166964,5.035079,1.7610951e-08,0.0
33.295,0.1,0.1,0.3,0.08323056,0.08466337,0.29159695,5.098355,-2.2241746e-09,0.0
33.3,0.1,0.1,0.3,0.08824583,0.09218947,0.29159784,5.1754794,-5.946382e-09,0.0
33.305,0.1,0.1,0.3,0.09143626,0.08971773,0.29153773,5.172386,-7.526068e-09,0.0
33.31,0.1,0.1,0.3,0.08882239,0.09159049,0.2912269,5.061543,5.2871638e-08,0.0
33.315,0.1,0.1,0.3,0.08986719,0.096767485,0.29121217,5.067852,3.814052e-08,0.0
33.32,0.1,0.1,0.3,0.08204276,0.09601532,0.29186437,5.0617714,-2.501461e-08,0.0
33.325,0.1,0.1,0.3,0.086362794,0.09295455,0.29207852,5.0857897,1.9743032e-09,0.0
33.33,0.1,0.1,0.3,0.08121452,0.083529115,0.29199067,5.0467186,2.197797e-09,0.0
33.335,0.1,0.1,0.3,0.08056984,0.09834549,0.2919908,5.0320983,1.660878e-08,0.0
33.34,0.1,0.1,0.3,0.095748104,0.09232951,0.29187086,5.1009197,3.1027103e-10,0.0
33.345,0.1,0.1,0.3,0.09460206,0.08651908,0.2917939,5.135705,-2.3001467e-08,0.0
33.35,0.1,0.1,0.3,0.08101784,0.093217544,0.29216427,5.2855783,6.0226824e-08,0.0
33.355000000000004,0.1,0.1,0.3,0.080967486,0.09184361,0.29230222,5.489494,1.45188785e-08,0.0
33.36,0.1,0.1,0.3,0.09546801,0.08349034,0.29245266,5.653585,5.043045e-09,0.0
33.365,0.1,0.1,0.3,0.088479295,0.09258771,0.29203922,5.6856265,-2.792318e-09,0.0
33.37,0.1,0.1,0.3,0.09029712,0.079157375,0.292193,5.7195296,-1.4884767e-09,0.0
33.375,0.1,0.1,0.3,0.08884629,0.08294342,0.2919935,5.653041,-6.420007e-09,0.0
33.38,0.1,0.1,0.3,0.092764385,0.075270504,0.2923599,5.6120906,-1.1667507e-08,0.0
33.385,0.1,0.1,0.3,0.10066136,0.080833845,0.29241368,5.5248823,-4.6289976e-09,0.0
33.39,0.1,0.1,0.3,0.09505224,0.07258073,0.29292005,5.3840504,-1.8970157e-09,0.0
33.395,0.1,0.1,0.3,0.09269525,0.076174356,0.29233292,5.4063845,1.4266146e-09,0.0
33.4,0.1,0.1,0.3,0.09327658,0.08551052,0.2926056,5.5959682,1.675631e-08,0.0
33.405,0.1,0.1,0.3,0.09338443,0.08538238,0.2920331,5.682458,6.823758e-09,0.0
33.410000000000004,0.1,0.1,0.3,0.09225845,0.09098218,0.29195997,5.5944448,-5.969375e-10,0.0
33.415,0.1,0.1,0.3,0.09495642,0.09540616,0.29195717,5.5793433,2.2720434e-08,0.0
33.42,0.1,0.1,0.3,0.08673064,0.08977431,0.29196838,5.536582,2.2431498e-08,0.0
33.425,0.1,0.1,0.3,0.1035604,0.08598972,0.2917655,5.5233326,-1.8537532e-08,0.0
33.43,0.1,0.1,0.3,0.09596283,0.07955566,0.29198724,5.5183973,1.9567022e-08,0.0
33.435,0.1,0.1,0.3,0.09396972,0.08368062,0.291966,5.6285563,1.4686132e-08,0.0
33.44,0.1,0.1,0.3,0.0936128,0.07675465,0.2921071,5.8613524,1.9527276e-08,0.0
33.445,0.1,0.1,0.3,0.08792118,0.0917471,0.2917987,6.138518,1.9189795e-08,0.0
33.45,0.1,0.1,0.3,0.088473074,0.09094616,0.29218447,6.369859,5.062028e-08,0.0
33.455,0.1,0.1,0.3,0.08927041,0.08024169,0.2926314,6.349196,1.2706014e-09,0.0
33.46,0.1,0.1,0.3,0.0793207,0.08153868,0.29301456,6.0791435,-4.03293e-09,0.0
33.465,0.1,0.1,0.3,0.084143855,0.08495925,0.29263225,5.7849298,1.3579486e-08,0.0
33.47,0.1,0.1,0.3,0.09042503,0.09176169,0.29238734,5.421187,-4.7268554e-08,0.0
33.475,0.1,0.1,0.3,0.08567499,0.091547474,0.29220298,5.019306,2.5474291e-08,0.0
33.480000000000004,0.1,0.1,0.3,0.08950584,0.09788104,0.2926219,4.8098607,-5.3845275e-09,0.0
33.485,0.1,0.1,0.3,0.08593686,0.10725363,0.2923321,4.680608,3.9695078e-10,0.0
33.49,0.1,0.1,0.3,0.08231015,0.10249566,0.29220045,4.6968737,1.577573e-08,0.0
33.495,0.1,0.1,0.3,0.090600245,0.09690796,0.29238528,4.859712,-2.5926246e-08,0.0
33.5,0.1,0.1,0.3,0.08516742,0.09079704,0.29255053,4.9667583,6.8502666e-09,0.0
33.505,0.1,0.1,0.3,0.10100369,0.08343047,0.29248458,5.105092,1.6291427e-08,0.0
33.51,0.1,0.1,0.3,0.097806685,0.084024996,0.29240662,5.235388,2.332837e-08,0.0
33.515,0.1,0.1,0.3,0.093770124,0.0918956,0.29218525,5.475699,5.384088e-10,0.0
33.52,0.1,0.1,0.3,0.097326405,0.09221621,0.29196915,5.8192663,1.1375455e-08,0.0
33.525,0.1,0.1,0.3,0.09373063,0.091821015,0.29220626,6.005595,-5.212682e-09,0.0
33.53,0.1,0.1,0.3,0.09432338,0.08959669,0.2925975,6.1492386,7.668862e-09,0.0
33.535000000000004,0.1,0.1,0.3,0.101120405,0.09487075,0.2926049,6.1509304,4.7063176e-09,0.0
33.54,0.1,0.1,0.3,0.089988895,0.09245936,0.29308662,6.002465,-4.6620743e-09,0.0
33.545,0.1,0.1,0.3,0.092984475,0.090637565,0.2930097,5.909473,-6.914616e-09,0.0
33.55,0.1,0.1,0.3,0.09115878,0.07920248,0.2930659,5.7564483,-2.0477952e-08,0.0
33.555,0.1,0.1,0.3,0.09025331,0.08161126,0.29318792,5.6712055,4.657209e-09,0.0
33.56,0.1,0.1,0.3,0.07985876,0.09292017,0.29311195,5.7252126,-8.166785e-09,0.0
33.565,0.1,0.1,0.3,0.072466396,0.08725524,0.29314035,5.7835155,-3.959346e-08,0.0
33.57,0.1,0.1,0.3,0.07799496,0.09262334,0.29287663,5.745296,-2.3429936e-09,0.0
33.575,0.1,0.1,0.3,0.07665109,0.09740471,0.29309538,5.494008,-1.0173601e-09,0.0
33.58,0.1,0.1,0.3,0.08784883,0.088669986,0.29316407,5.2242126,-1.2241587e-08,0.0
33.585,0.1,0.1,0.3,0.09061413,0.09612433,0.2928454,4.9596353,1.3249627e-08,0.0
33.59,0.1,0.1,0.3,0.07831035,0.09511251,0.29288757,4.696091,-2.0374205e-08,0.0
33.595,0.1,0.1,0.3,0.08833742,0.09618306,0.29289067,4.5682106,2.4276376e-09,0.0
33.6,0.1,0.1,0.3,0.092809245,0.08884203,0.29312164,4.4903035,-3.87956e-09,0.0
33.605000000000004,0.1,0.1,0.3,0.09410496,0.08565866,0.29309243,4.428368,-7.215859e-09,0.0
33.61,0.1,0.1,0.3,0.09906434,0.08406391,0.29308903,4.4038424,-1.20063905e-08,0.0
33.615,0.1,0.1,0.3,0.0987537,0.09351658,0.2929837,4.4396324,1.6162085e-08,0.0
33.62,0.1,0.1,0.3,0.09747119,0.084185615,0.29296604,4.720104,2.1905771e-08,0.0
33.625,0.1,0.1,0.3,0.098405264,0.0850106,0.29304436,5.2181196,3.653772e-08,0.0
33.63,0.1,0.1,0.3,0.089748666,0.09005118,0.29299697,5.6072764,1.6134146e-08,0.0
33.635,0.1,0.1,0.3,0.092859626,0.10180189,0.293022,5.9078774,3.8031168e-08,0.0
33.64,0.1,0.1,0.3,0.092721924,0.096851446,0.29326513,6.016785,-4.7138684e-09,0.0
33.645,0.1,0.1,0.3,0.086275086,0.10206357,0.29291418,6.088551,5.15227e-09,0.0
33.65,0.1,0.1,0.3,0.09232202,0.089867026,0.29312205,6.173782,1.8391114e-08,0.0
33.655,0.1,0.1,0.3,0.09049077,0.09280862,0.29319075,6.0935364,2.5700686e-09,0.0
33.660000000000004,0.1,0.1,0.3,0.0944235,0.089354396,0.29302296,6.0136156,7.875908e-09,0.0
33.665,0.1,0.1,0.3,0.10357436,0.09405036,0.2931048,5.8679433,-1.6925277e-08,0.0
33.67,0.1,0.1,0.3,0.09071614,0.09982542,0.29316705,5.666409,-5.920953e-10,0.0
33.675,0.1,0.1,0.3,0.09102378,0.08990371,0.2931824,5.5892787,3.64225e-09,0.0
33.68,0.1,0.1,0.3,0.100913756,0.09332441,0.2932515,5.478882,1.9821e-09,0.0
33.685,0.1,0.1,0.3,0.10351074,0.091144726,0.29339993,5.324664,2.0898363e-09,0.0
33.69,0.1,0.1,0.3,0.09864552,0.09320931,0.29325998,5.2055264,4.3854262e-09,0.0
33.695,0.1,0.1,0.3,0.08922052,0.092189446,0.29342565,5.2975154,2.7022026e-08,0.0
33.7,0.1,0.1,0.3,0.08504211,0.09397765,0.29319543,5.5367928,7.506265e-09,0.0
33.705,0.1,0.1,0.3,0.10435551,0.092339456,0.29321253,5.7769265,-8.384193e-09,0.0
33.71,0.1,0.1,0.3,0.09016132,0.084120765,0.2932124,5.909484,1.7789981e-09,0.0
33.715,0.1,0.1,0.3,0.07603971,0.091862045,0.29340848,6.0243034,1.2390095e-08,0.0
33.72,0.1,0.1,0.3,0.07595222,0.092673175,0.2937523,6.063635,2.5644729e-09,0.0
33.725,0.1,0.1,0.3,0.08395724,0.09010348,0.29386765,5.995453,-8.578211e-09,0.0
33.730000000000004,0.1,0.1,0.3,0.08477831,0.09144698,0.29428557,5.7475667,2.0372685e-08,0.0
33.735,0.1,0.1,0.3,0.0808461,0.09356687,0.2934856,5.353472,-8.032735e-09,0.0
33.74,0.1,0.1,0.3,0.094103515,0.08528773,0.29304513,5.0558,-6.324866e-10,0.0
33.745,0.1,0.1,0.3,0.09041064,0.09236919,0.2935425,4.8426642,-1.3540864e-08,0.0
33.75,0.1,0.1,0.3,0.090295136,0.08527836,0.29318285,4.8305917,1.2590855e-08,0.0
33.755,0.1,0.1,0.3,0.09067599,0.09726104,0.29338083,5.0352025,1.4505028e-08,0.0
33.76,0.1,0.1,0.3,0.07806952,0.08240866,0.29355934,5.1787405,6.460233e-09,0.0
33.765,0.1,0.1,0.3,0.09402595,0.0858092,0.29332465,5.262336,1.25782895e-08,0.0
33.77,0.1,0.1,0.3,0.089168034,0.09296748,0.29306555,5.2681627,-1.605709e-08,0.0
33.775,0.1,0.1,0.3,0.08773556,0.09005764,0.29366097,5.3365664,2.8796798e-08,0.0
33.78,0.1,0.1,0.3,0.09720739,0.08094667,0.2936567,5.508537,1.3274477e-08,0.0
33.785000000000004,0.1,0.1,0.3,0.08169322,0.0898728,0.29342505,5.599878,-1.6408119e-09,0.0
33.79,0.1,0.1,0.3,0.08331676,0.09242319,0.29321545,5.639377,1.8431917e-08,0.0
33.795,0.1,0.1,0.3,0.09110472,0.09231657,0.29300663,5.5179043,-6.849597e-09,0.0
33.8,0.1,0.1,0.3,0.10126844,0.08749242,0.2928833,5.2672453,-4.0042534e-09,0.0
33.805,0.1,0.1,0.3,0.086870454,0.0850349,0.29320884,5.044761,2.3697927e-08,0.0
33.81,0.1,0.1,0.3,0.08702177,0.08571971,0.29320988,4.996009,4.1482426e-09,0.0
33.815,0.1,0.1,0.3,0.07722298,0.092237085,0.29300123,4.9417725,-5.5192033e-09,0.0
33.82,0.1,0.1,0.3,0.081691675,0.0997348,0.29274818,4.9028463,8.91878e-09,0.0
33.825,0.1,0.1,0.3,0.07728821,0.10530951,0.29300436,4.794681,3.64561e-08,0.0
33.83,0.1,0.1,0.3,0.07526037,0.104845725,0.2930345,4.723616,-2.6655487e-09,0.0
33.835,0.1,0.1,0.3,0.0718801,0.10486008,0.2929406,4.742784,-9.2258e-09,0.0
33.84,0.1,0.1,0.3,0.083767,0.10360325,0.29294297,4.7841263,2.1373902e-08,0.0
33.845,0.1,0.1,0.3,0.08601464,0.09752134,0.2930348,4.73528,-1.1681269e-09,0.0
33.85,0.1,0.1,0.3,0.08434468,0.08883152,0.29290733,4.6059494,-2.9013134e-09,0.0
33.855000000000004,0.1,0.1,0.3,0.089042984,0.097001195,0.29306623,4.609064,-2.1061664e-08,0.0
33.86,0.1,0.1,0.3,0.093798265,0.09017834,0.29310742,4.6395464,6.703948e-09,0.0
33.865,0.1,0.1,0.3,0.08476679,0.09042947,0.29334167,4.6388526,1.3013025e-08,0.0
33.87,0.1,0.1,0.3,0.08772093,0.084164545,0.29351422,4.7532086,3.4571987e-09,0.0
33.875,0.1,0.1,0.3,0.08589526,0.09319885,0.29336083,4.834884,4.926479e-09,0.0
33.88,0.1,0.1,0.3,0.094281286,0.09640369,0.29321814,4.9669647,2.859885e-08,0.0
33.885,0.1,0.1,0.3,0.09449745,0.08855331,0.29344836,5.072652,3.8930462e-08,0.0
33.89,0.1,0.1,0.3,0.0935532,0.08094836,0.2936814,5.0860133,-4.7023185e-09,0.0
33.895,0.1,0.1,0.3,0.086523004,0.087594755,0.29348278,5.220214,6.119497e-10,0.0
33.9,0.1,0.1,0.3,0.09068991,0.0870414,0.29364404,5.457278,2.0616184e-10,0.0
33.905,0.1,0.1,0.3,0.096221335,0.086752445,0.2934258,5.554767,-7.062388e-09,0.0
33.910000000000004,0.1,0.1,0.3,0.10618104,0.08294905,0.29346234,5.499089,-2.1482824e-08,0.0
33.915,0.1,0.1,0.3,0.10690269,0.0776095,0.2938268,5.4236197,-1.1752045e-08,0.0
33.92,0.1,0.1,0.3,0.08004476,0.08851605,0.2936515,5.3797626,-1.988835e-09,0.0
33.925,0.1,0.1,0.3,0.092465445,0.09624866,0.29330558,5.3733163,-5.4626574e-09,0.0
33.93,0.1,0.1,0.3,0.07762495,0.08680618,0.2932288,5.3018284,8.828765e-09,0.0
33.935,0.1,0.1,0.3,0.087523095,0.07547255,0.29347834,5.2243195,-1.4397663e-08,0.0
33.94,0.1,0.1,0.3,0.08223325,0.08655357,0.29387805,5.0886517,-3.4871572e-09,0.0
33.945,0.1,0.1,0.3,0.08182912,0.09255193,0.29335162,5.0181627,3.815207e-09,0.0
33.95,0.1,0.1,0.3,0.080782406,0.08849367,0.2936245,5.066231,1.8874342e-08,0.0
33.955,0.1,0.1,0.3,0.08090798,0.08388059,0.29352108,5.179467,1.17291785e-08,0.0
33.96,0.1,0.1,0.3,0.08533519,0.08301158,0.2929713,5.1485643,-8.031421e-09,0.0
33.965,0.1,0.1,0.3,0.073641956,0.08662298,0.2931389,4.963878,3.7194001e-09,0.0
33.97,0.1,0.1,0.3,0.059591632,0.088121854,0.29361895,4.8043413,-2.093116e-10,0.0
33.975,0.1,0.1,0.3,0.052751563,0.08395836,0.2936585,4.622276,1.0143101e-08,0.0
33.980000000000004,0.1,0.1,0.3,0.051719006,0.09212308,0.29357833,4.3408175,-3.4064738e-09,0.0
33.985,0.1,0.1,0.3,0.050924785,0.09525617,0.29387918,3.9895773,2.650382e-08,0.0
33.99,0.1,0.1,0.3,0.0621153,0.09191434,0.293923,3.6248276,1.5212173e-08,0.0
33.995,0.1,0.1,0.3,0.080507465,0.084744096,0.29410148,3.2406883,-4.2495305e-09,0.0
34.0,0.1,0.1,0.3,0.07371218,0.08405228,0.29438418,2.9812124,-3.3525231e-09,0.0
34.005,0.1,0.1,0.3,0.06363766,0.09034666,0.29419848,3.016269,3.9229566e-09,0.0
34.01,0.1,0.1,0.3,0.07142553,0.09247797,0.29356346,3.2239032,-2.1420214e-09,0.0
34.015,0.1,0.1,0.3,0.07781859,0.089763835,0.2933372,3.3828769,9.9841175e-09,0.0
34.02,0.1,0.1,0.3,0.08090415,0.09292423,0.2930799,3.4781158,1.8450924e-08,0.0
34.025,0.1,0.1,0.3,0.09080351,0.09374389,0.29297382,3.5565748,-3.3315275e-09,0.0
34.03,0.1,0.1,0.3,0.10300664,0.09324329,0.29326358,3.6830018,4.401846e-08,0.0
34.035000000000004,0.1,0.1,0.3,0.08819631,0.09611267,0.2933216,3.931214,2.0432873e-08,0.0
34.04,0.1,0.1,0.3,0.10493992,0.08953344,0.2936745,4.356973,9.8672315e-09,0.0
34.045,0.1,0.1,0.3,0.08213131,0.094943054,0.2937612,4.8128505,1.3449277e-08,0.0
34.05,0.1,0.1,0.3,0.07393794,0.09364208,0.29343194,5.2251463,4.540188e-08,0.0
34.055,0.1,0.1,0.3,0.09228769,0.08584192,0.2932064,5.511074,9.615638e-09,0.0
34.06,0.1,0.1,0.3,0.08437175,0.082493,0.29322523,5.5934577,6.450221e-09,0.0
34.065,0.1,0.1,0.3,0.10166378,0.08051438,0.29278526,5.6339993,-4.0730685e-09,0.0
34.07,0.1,0.1,0.3,0.07922167,0.08774947,0.2929184,5.632079,1.4393995e-08,0.0
34.075,0.1,0.1,0.3,0.07472582,0.08862871,0.29243276,5.6013904,3.241547e-09,0.0
34.08,0.1,0.1,0.3,0.07495968,0.0877354,0.29171064,5.539325,-4.9987164e-10,0.0
34.085,0.1,0.1,0.3,0.08367656,0.08612753,0.29139706,5.2870584,-4.864076e-08,0.0
34.09,0.1,0.1,0.3,0.09294255,0.08724909,0.29101226,4.9093323,-4.0747956e-08,0.0
34.095,0.1,0.1,0.3,0.10138044,0.09016109,0.2904413,4.5764327,-1.4737452e-08,0.0
34.1,0.1,0.1,0.3,0.1034052,0.082843624,0.2897974,4.3939652,-1.740719e-08,0.0
34.105000000000004,0.1,0.1,0.3,0.098482475,0.08236381,0.28926456,4.373596,9.170411e-09,0.0
34.11,0.1,0.1,0.3,0.09000951,0.08963408,0.28929755,4.63656,-4.132367e-08,0.0
34.115,0.1,0.1,0.3,0.08576777,0.09095321,0.28893426,5.079932,1.8746444e-08,0.0
34.12,0.1,0.1,0.3,0.083395585,0.09462766,0.28889632,5.5228133,2.0790834e-08,0.0
34.125,0.1,0.1,0.3,0.09238373,0.092486806,0.28900686,5.874648,2.3872165e-08,0.0
34.13,0.1,0.1,0.3,0.09125713,0.096003994,0.28888762,5.9952083,6.314515e-09,0.0
34.135,0.1,0.1,0.3,0.08518062,0.09306374,0.28924227,6.062674,1.3600654e-08,0.0
34.14,0.1,0.1,0.3,0.09033124,0.094165385,0.28934106,6.135894,-1.8750246e-09,0.0
34.145,0.1,0.1,0.3,0.09202581,0.09049678,0.28935343,6.0377855,3.8604364e-09,0.0
34.15,0.1,0.1,0.3,0.07974418,0.087499104,0.28947675,5.7718434,-8.99481e-09,0.0
34.155,0.1,0.1,0.3,0.08634069,0.08508665,0.2894385,5.524972,-4.2001895e-09,0.0
34.160000000000004,0.1,0.1,0.3,0.08735501,0.08407341,0.2892767,5.2382894,9.956385e-10,0.0
34.165,0.1,0.1,0.3,0.095208235,0.08848545,0.28941703,4.8997784,-9.64508e-09,0.0
34.17,0.1,0.1,0.3,0.095074214,0.08397961,0.28980446,4.621428,1.6902662e-08,0.0
34.175000000000004,0.1,0.1,0.3,0.10519275,0.07681408,0.28969884,4.633287,1.4974548e-08,0.0
34.18,0.1,0.1,0.3,0.09065932,0.0872144,0.28961512,4.8019586,-7.3568316e-09,0.0
34.185,0.1,0.1,0.3,0.08523037,0.09561289,0.2898818,5.083632,4.2209134e-09,0.0
34.19,0.1,0.1,0.3,0.08190754,0.099028155,0.29002357,5.4175534,2.318032e-08,0.0
34.195,0.1,0.1,0.3,0.08740776,0.08358412,0.290193,5.7005577,1.5359186e-08,0.0
34.2,0.1,0.1,0.3,0.09495745,0.0803237,0.29016304,5.762902,3.770619e-09,0.0
34.205,0.1,0.1,0.3,0.075208634,0.09725539,0.2903362,5.640207,1.766912e-08,0.0
34.21,0.1,0.1,0.3,0.071401194,0.08558531,0.29061562,5.478302,5.0708016e-09,0.0
34.215,0.1,0.1,0.3,0.07298708,0.08745952,0.29099002,5.306664,7.5310086e-10,0.0
34.22,0.1,0.1,0.3,0.06775196,0.090145,0.29073134,4.9895554,2.4750335e-09,0.0
34.225,0.1,0.1,0.3,0.08744386,0.08287512,0.29093733,4.65555,-4.022681e-09,0.0
34.230000000000004,0.1,0.1,0.3,0.081931785,0.09635146,0.29104802,4.3818836,-1.0286061e-08,0.0
34.235,0.1,0.1,0.3,0.07631564,0.094335295,0.29123235,4.3056717,-5.4940563e-11,0.0
34.24,0.1,0.1,0.3,0.076089814,0.08980309,0.2911794,4.3993087,1.2094607e-08,0.0
34.245,0.1,0.1,0.3,0.079539135,0.09035274,0.29144135,4.568882,1.254559e-08,0.0
34.25,0.1,0.1,0.3,0.089031905,0.099674135,0.29141185,4.627139,-2.3788616e-10,0.0
34.255,0.1,0.1,0.3,0.07806417,0.10878606,0.29132986,4.586904,-1.5290649e-08,0.0
34.26,0.1,0.1,0.3,0.08143949,0.09846235,0.2914827,4.6129904,1.3328647e-08,0.0
34.265,0.1,0.1,0.3,0.07901114,0.093200594,0.29126742,4.5888767,2.9723597e-09,0.0
34.27,0.1,0.1,0.3,0.0877112,0.09655355,0.29130515,4.6106634,-6.9915003e-09,0.0
34.275,0.1,0.1,0.3,0.086947694,0.09795439,0.29152176,4.6251225,5.3199924e-09,0.0
34.28,0.1,0.1,0.3,0.08526769,0.10146904,0.2916123,4.7492146,1.7452424e-09,0.0
34.285000000000004,0.1,0.1,0.3,0.094833545,0.1016537,0.29162583,5.0073524,1.3303432e-08,0.0
34.29,0.1,0.1,0.3,0.08811955,0.09941092,0.2917015,5.19699,1.6395367e-08,0.0
34.295,0.1,0.1,0.3,0.087703824,0.09998554,0.2918286,5.396103,1.0556968e-08,0.0
34.300000000000004,0.1,0.1,0.3,0.08856395,0.09693161,0.2916645,5.6451707,1.5349412e-08,0.0
34.305,0.1,0.1,0.3,0.10382531,0.08817155,0.29185197,5.717792,1.4103957e-08,0.0
34.31,0.1,0.1,0.3,0.09219505,0.086555436,0.29197636,5.663631,-5.432295e-09,0.0
34.315,0.1,0.1,0.3,0.09268977,0.088075474,0.29165104,5.6967373,-5.1549858e-09,0.0
34.32,0.1,0.1,0.3,0.093236394,0.08779851,0.29173267,5.6591787,-2.2495149e-08,0.0
34.325,0.1,0.1,0.3,0.09207195,0.08583178,0.29209277,5.4897714,-1.2612954e-08,0.0
34.33,0.1,0.1,0.3,0.085993215,0.08807909,0.29205436,5.4355807,8.285468e-09,0.0
34.335,0.1,0.1,0.3,0.08240312,0.09052008,0.2920316,5.50989,-3.6088597e-08,0.0
34.34,0.1,0.1,0.3,0.07544979,0.09260902,0.29226583,5.610269,1.1503447e-08,0.0
34.345,0.1,0.1,0.3,0.08829375,0.093232974,0.29235289,5.6533318,7.3386253e-09,0.0
34.35,0.1,0.1,0.3,0.09668403,0.09206043,0.29242054,5.541955,1.01605035e-08,0.0
34.355000000000004,0.1,0.1,0.3,0.097383484,0.08878771,0.29272094,5.3463154,-8.022146e-09,0.0
34.36,0.1,0.1,0.3,0.099464394,0.08084527,0.29259053,5.148384,-1.8315541e-08,0.0
34.365,0.1,0.1,0.3,0.097307965,0.09302383,0.29227123,4.9860024,-6.811403e-09,0.0
34.37,0.1,0.1,0.3,0.08509271,0.088678844,0.29241666,5.0540714,-3.0580596e-09,0.0
34.375,0.1,0.1,0.3,0.078267075,0.093599774,0.2925506,5.272799,1.4711593e-08,0.0
34.38,0.1,0.1,0.3,0.0682567,0.10057735,0.29277557,5.469359,-1.9560698e-09,0.0
34.385,0.1,0.1,0.3,0.06863658,0.098807074,0.2928082,5.526482,-4.2882826e-09,0.0
34.39,0.1,0.1,0.3,0.07345662,0.087786265,0.29268813,5.2971697,-2.5832938e-09,0.0
34.395,0.1,0.1,0.3,0.07846721,0.08698445,0.29268748,4.8550124,-5.9804175e-09,0.0
34.4,0.1,0.1,0.3,0.07103697,0.09600094,0.29263824,4.3687716,3.6303568e-08,0.0
34.405,0.1,0.1,0.3,0.08019692,0.09221663,0.2925631,4.0385275,-1.600618e-08,0.0
34.410000000000004,0.1,0.1,0.3,0.08782146,0.090628676,0.29249752,3.8109334,1.614536e-08,0.0
34.415,0.1,0.1,0.3,0.09825066,0.092506215,0.2919933,3.6765695,-9.257677e-09,0.0
34.42,0.1,0.1,0.3,0.085970104,0.097282626,0.2915212,3.709719,-2.8336556e-08,0.0
34.425000000000004,0.1,0.1,0.3,0.09536725,0.09466071,0.29127723,3.9856713,-3.9859724e-09,0.0
34.43,0.1,0.1,0.3,0.07460048,0.10248433,0.29097378,4.3201084,-2.4771149e-08,0.0
34.435,0.1,0.1,0.3,0.072131276,0.09816084,0.29058105,4.62377,3.225927e-08,0.0
34.44,0.1,0.1,0.3,0.074733935,0.09983725,0.29041988,4.8680325,1.1978092e-11,0.0
34.445,0.1,0.1,0.3,0.08614511,0.08932739,0.2898978,4.892329,-5.405238e-09,0.0
34.45,0.1,0.1,0.3,0.081273206,0.08693179,0.28964615,4.7628074,8.899267e-09,0.0
34.455,0.1,0.1,0.3,0.08242082,0.080009334,0.28971443,4.7223787,3.477267e-09,0.0
34.46,0.1,0.1,0.3,0.07548413,0.08617681,0.2895484,4.6583424,-8.471909e-10,0.0
34.465,0.1,0.1,0.3,0.08389265,0.08741967,0.2891194,4.6216803,-2.2364839e-08,0.0
34.47,0.1,0.1,0.3,0.08109114,0.09106198,0.28914234,4.557532,1.949343e-08,0.0
34.475,0.1,0.1,0.3,0.08307915,0.09575113,0.28935406,4.5809264,9.101647e-09,0.0
34.480000000000004,0.1,0.1,0.3,0.098050594,0.09669342,0.28951368,4.5818663,-6.322396e-09,0.0
34.485,0.1,0.1,0.3,0.08853018,0.0944758,0.2896488,4.576012,3.943865e-09,0.0
34.49,0.1,0.1,0.3,0.094833985,0.08877839,0.28976738,4.7362013,6.131812e-09,0.0
34.495,0.1,0.1,0.3,0.08516519,0.09013895,0.28992862,4.907403,8.864057e-09,0.0
34.5,0.1,0.1,0.3,0.09063205,0.08857132,0.28986517,5.109102,1.8220023e-08,0.0
34.505,0.1,0.1,0.3,0.091841295,0.086189464,0.29002625,5.2204747,-5.336702e-09,0.0
34.51,0.1,0.1,0.3,0.098016925,0.09489259,0.2900597,5.192286,-1.1399526e-08,0.0
34.515,0.1,0.1,0.3,0.10113338,0.07945536,0.29064703,5.1154537,8.952428e-09,0.0
34.52,0.1,0.1,0.3,0.09217834,0.08729672,0.29056352,5.052704,-1.2676838e-08,0.0
34.525,0.1,0.1,0.3,0.08297544,0.08361583,0.29096788,5.147555,-4.304908e-08,0.0
34.53,0.1,0.1,0.3,0.07946023,0.078131154,0.29102072,5.337428,5.443248e-09,0.0
34.535000000000004,0.1,0.1,0.3,0.07389816,0.08645924,0.2911814,5.5074754,1.259932e-08,0.0
34.54,0.1,0.1,0.3,0.074338086,0.078776665,0.29115662,5.5886073,6.15363e-09,0.0
34.545,0.1,0.1,0.3,0.07755158,0.08610793,0.29102573,5.4204216,2.0802402e-08,0.0
34.550000000000004,0.1,0.1,0.3,0.087838754,0.09233457,0.29075494,5.0442047,-6.947813e-09,0.0
34.555,0.1,0.1,0.3,0.100882515,0.08229699,0.2905102,4.646613,6.87467e-11,0.0
34.56,0.1,0.1,0.3,0.090991564,0.0783716,0.2905311,4.393475,-2.3952607e-08,0.0
34.565,0.1,0.1,0.3,0.08148695,0.08367929,0.29123893,4.436836,8.277769e-09,0.0
34.57,0.1,0.1,0.3,0.08265628,0.085087635,0.29118836,4.667612,1.1279797e-08,0.0
34.575,0.1,0.1,0.3,0.07502046,0.08474618,0.2912738,4.7926702,-2.0143057e-08,0.0
34.58,0.1,0.1,0.3,0.08036317,0.08238734,0.29154214,4.863826,6.848606e-09,0.0
34.585,0.1,0.1,0.3,0.09224585,0.08943476,0.2911925,4.821645,3.169286e-09,0.0
34.59,0.1,0.1,0.3,0.09777356,0.085048184,0.29141292,4.711288,6.539867e-09,0.0
34.595,0.1,0.1,0.3,0.09407921,0.08480716,0.29148632,4.63951,1.1418086e-09,0.0
34.6,0.1,0.1,0.3,0.090173356,0.096437804,0.29180634,4.787656,-4.952217e-09,0.0
34.605000000000004,0.1,0.1,0.3,0.08271202,0.08810984,0.29147777,5.1206064,3.4113643e-08,0.0
34.61,0.1,0.1,0.3,0.08879891,0.101554245,0.2915025,5.4623814,1.3477768e-08,0.0
34.615,0.1,0.1,0.3,0.08945636,0.09401972,0.29178303,5.6038527,-3.2652825e-09,0.0
34.62,0.1,0.1,0.3,0.07083709,0.094459586,0.29170108,5.528936,-2.2226914e-09,0.0
34.625,0.1,0.1,0.3,0.074408606,0.08862714,0.29139677,5.3628383,-2.2744691e-08,0.0
34.63,0.1,0.1,0.3,0.087901056,0.09476763,0.29125986,5.044927,-1.8281293e-08,0.0
34.635,0.1,0.1,0.3,0.09519552,0.08421899,0.2915012,4.6770086,3.167843e-08,0.0
34.64,0.1,0.1,0.3,0.096247725,0.08976007,0.2918056,4.4088917,3.1933651e-09,0.0
34.645,0.1,0.1,0.3,0.07352803,0.09850689,0.29197252,4.27149,-1.2921273e-08,0.0
34.65,0.1,0.1,0.3,0.071346015,0.095097914,0.2925191,4.2638016,2.9116372e-09,0.0
34.655,0.1,0.1,0.3,0.06697621,0.0920528,0.2925393,4.338323,8.811939e-09,0.0
34.660000000000004,0.1,0.1,0.3,0.05879054,0.091922656,0.29241866,4.416902,-7.516692e-09,0.0
34.665,0.1,0.1,0.3,0.06558521,0.09890717,0.29247582,4.4066105,2.142649e-08,0.0
34.67,0.1,0.1,0.3,0.09504581,0.094062135,0.29220095,4.212852,-9.692229e-09,0.0
34.675000000000004,0.1,0.1,0.3,0.08308788,0.094038434,0.29268247,4.0491023,-2.652972e-08,0.0
34.68,0.1,0.1,0.3,0.08687376,0.09183708,0.2928067,4.119049,7.908032e-09,0.0
34.685,0.1,0.1,0.3,0.07869011,0.086578645,0.2925654,4.239692,7.98493e-09,0.0
34.69,0.1,0.1,0.3,0.069480285,0.08768182,0.29250538,4.4163065,2.1790546e-08,0.0
34.695,0.1,0.1,0.3,0.085865796,0.08397883,0.29215184,4.597077,2.2928958e-08,0.0
34.7,0.1,0.1,0.3,0.0760197,0.08955402,0.29254773,4.669045,1.42365435e-08,0.0
34.705,0.1,0.1,0.3,0.07758618,0.086014226,0.2927997,4.737407,-4.741639e-09,0.0
34.71,0.1,0.1,0.3,0.08207861,0.089447886,0.29275456,4.696289,-6.5235537e-09,0.0
34.715,0.1,0.1,0.3,0.0895082,0.08772691,0.29282644,4.5333743,9.0827905e-09,0.0
34.72,0.1,0.1,0.3,0.097568534,0.08590043,0.29290757,4.3689885,-4.508678e-09,0.0
34.725,0.1,0.1,0.3,0.09833784,0.08547601,0.2927209,4.296612,-8.9284746e-10,0.0
34.730000000000004,0.1,0.1,0.3,0.087218165,0.08712206,0.2932077,4.3217254,-3.4312133e-09,0.0
34.735,0.1,0.1,0.3,0.08777238,0.08632156,0.2929264,4.524556,1.7646967e-08,0.0
34.74,0.1,0.1,0.3,0.08926726,0.088944614,0.2923825,4.7014875,2.5081595e-08,0.0
34.745,0.1,0.1,0.3,0.08383189,0.091109335,0.29234546,4.7565203,8.885076e-09,0.0
34.75,0.1,0.1,0.3,0.07497244,0.09282097,0.29232478,4.8687754,4.442774e-08,0.0
34.755,0.1,0.1,0.3,0.088921085,0.09715224,0.29167116,5.0114064,2.747806e-09,0.0
34.76,0.1,0.1,0.3,0.09274223,0.08997246,0.2913592,5.0452566,1.7642238e-08,0.0
34.765,0.1,0.1,0.3,0.09384041,0.0870683,0.29080406,4.9850154,-2.7252571e-09,0.0
34.77,0.1,0.1,0.3,0.10125943,0.080155425,0.2906776,4.887534,-5.493282e-09,0.0
34.775,0.1,0.1,0.3,0.10245416,0.080758564,0.29016623,4.824606,2.0373985e-08,0.0
34.78,0.1,0.1,0.3,0.106629334,0.08369307,0.28993306,4.8223176,-5.409255e-10,0.0
34.785000000000004,0.1,0.1,0.3,0.099350795,0.091959134,0.28929955,4.8890715,-1.2535817e-08,0.0
34.79,0.1,0.1,0.3,0.09958246,0.0808652,0.28928438,5.1597953,4.7515876e-08,0.0
34.795,0.1,0.1,0.3,0.09512502,0.08722085,0.28897312,5.4158688,5.6335936e-09,0.0
34.800000000000004,0.1,0.1,0.3,0.086973384,0.08714217,0.2888602,5.6935287,1.9999984e-08,0.0
34.805,0.1,0.1,0.3,0.09414984,0.08007409,0.2891378,5.974775,3.8071647e-08,0.0
34.81,0.1,0.1,0.3,0.09314041,0.08543513,0.28890443,6.0601907,-2.40213e-09,0.0
34.815,0.1,0.1,0.3,0.09752706,0.07400003,0.2890597,6.116038,-2.2749674e-08,0.0
34.82,0.1,0.1,0.3,0.0901582,0.07933948,0.28929436,6.078134,-2.1165558e-09,0.0
34.825,0.1,0.1,0.3,0.08887525,0.0777248,0.28967553,6.0410337,1.3443111e-09,0.0
34.83,0.1,0.1,0.3,0.09896981,0.07657855,0.2895197,6.071263,-3.049641e-09,0.0
34.835,0.1,0.1,0.3,0.09408936,0.08071704,0.28938007,6.012407,6.325253e-09,0.0
34.84,0.1,0.1,0.3,0.09700435,0.086853705,0.2895055,5.997512,8.890641e-09,0.0
34.845,0.1,0.1,0.3,0.092687614,0.08867145,0.28952178,5.9263406,-2.9100826e-09,0.0
34.85,0.1,0.1,0.3,0.09309764,0.09019021,0.28969094,5.900698,1.5593882e-08,0.0
34.855000000000004,0.1,0.1,0.3,0.07957759,0.08983382,0.2899717,5.8066835,-2.1853852e-09,0.0
34.86,0.1,0.1,0.3,0.08312118,0.0940134,0.28981048,5.6718173,4.054512e-09,0.0
34.865,0.1,0.1,0.3,0.089764975,0.08853664,0.29003567,5.422177,-8.751262e-09,0.0
34.87,0.1,0.1,0.3,0.08789025,0.09115294,0.2899581,5.092207,3.5026602e-08,0.0
34.875,0.1,0.1,0.3,0.10283736,0.0750282,0.29023775,4.937485,-6.761533e-10,0.0
34.88,0.1,0.1,0.3,0.09406326,0.09132461,0.29000583,4.9156656,6.389268e-09,0.0
34.885,0.1,0.1,0.3,0.09406326,0.09132461,0.29000583,5.0745325,-6.5468736e-10,0.0
34.89,0.1,0.1,0.3,0.09406326,0.09132461,0.29000583,5.4029818,3.372161e-08,0.0
34.895,0.1,0.1,0.3,0.09406326,0.09132461,0.29000583,5.8030157,3.9425178e-08,0.0
