time,P_cmd_DF,P_cmd_F,P_cmd_G,P_out_DF,P_out_F,P_out_G,wrist_angle_deg,grip_angle_deg,force_N
0.0,0.1,0.1,0.3,0.005841121,0.005841121,0.01746921,-0.0,8.099999,0.0
0.005,0.1,0.1,0.3,0.011341056,0.011341056,0.033972178,-2.9855536e-07,7.939893,0.0
0.01,0.1,0.1,0.3,0.016519733,0.016519733,0.049511187,-5.8818136e-07,7.528828,0.0
0.015,0.1,0.1,0.3,0.021395916,0.021395916,0.06414254,-8.656763e-07,6.8735757,0.0
0.02,0.1,0.1,0.3,0.025987275,0.025987275,0.07791926,-1.1424795e-06,5.9807124,0.0
0.025,0.1,0.1,0.3,0.030310448,0.030310448,0.090891264,0.032775957,4.820288,0.0
0.03,0.1,0.1,0.3,0.0343811,0.0343811,0.10310556,0.12617473,3.3687508,0.0
0.035,0.1,0.1,0.3,0.03821398,0.03821398,0.1146064,0.28503114,1.6286892,0.0
0.04,0.1,0.1,0.3,0.041822977,0.041822977,0.12543547,0.42606574,-6.5259854e-08,0.0
0.045,0.1,0.1,0.3,0.04522117,0.04522117,0.135632,0.35113862,-2.0540094e-09,0.0
0.05,0.1,0.1,0.3,0.048420865,0.048420865,0.14523293,0.42156827,4.1072625e-09,0.0
0.055,0.1,0.1,0.3,0.051433664,0.051433664,0.15427306,0.6109116,2.415893e-08,0.0
0.06,0.1,0.1,0.3,0.054270484,0.054270484,0.16278514,0.88231426,1.9819014e-08,0.0
0.065,0.1,0.1,0.3,0.0569416,0.0569416,0.17080003,1.1973995,1.9967117e-09,0.0
0.07,0.1,0.1,0.3,0.05945669,0.05945669,0.17834675,1.5224,1.4415752e-08,0.0
0.075,0.1,0.1,0.3,0.061824873,0.061824873,0.18545267,1.8316154,2.0333792e-08,0.0
0.08,0.1,0.1,0.3,0.06405473,0.06405473,0.19214351,2.10856,1.6092061e-08,0.0
0.085,0.1,0.1,0.3,0.06615433,0.06615433,0.19844355,2.34637,6.849603e-09,0.0
0.09,0.1,0.1,0.3,0.0681313,0.0681313,0.20437558,2.545511,4.241286e-09,0.0
0.095,0.1,0.1,0.3,0.06999279,0.06999279,0.20996112,2.7105696,4.126545e-09,0.0
0.1,0.1,0.1,0.3,0.071745545,0.071745545,0.21522039,2.848097,3.6864702e-09,0.0
0.105,0.1,0.1,0.3,0.07339592,0.07339592,0.22017246,2.965126,5.7932064e-09,0.0
0.11,0.1,0.1,0.3,0.0749499,0.0749499,0.22483529,3.0681565,5.4715077e-09,0.0
0.115,0.1,0.1,0.3,0.0764131,0.0764131,0.22922575,3.1625175,7.286769e-10,0.0
0.12,0.1,0.1,0.3,0.07779084,0.07779084,0.23335977,3.252048,1.5829782e-08,0.0
0.125,0.1,0.1,0.3,0.07908811,0.07908811,0.23725231,3.3391194,5.530569e-09,0.0
0.13,0.1,0.1,0.3,0.08030959,0.08030959,0.24091747,3.4248576,-1.7293242e-10,0.0
0.135,0.1,0.1,0.3,0.08145973,0.08145973,0.24436855,3.5094557,7.3009527e-09,0.0
0.14,0.1,0.1,0.3,0.08254269,0.08254269,0.24761805,3.5925014,8.965707e-10,0.0
0.145,0.1,0.1,0.3,0.08356239,0.08356239,0.25067773,3.6732461,7.710306e-09,0.0
0.15,0.1,0.1,0.3,0.08452253,0.08452253,0.2535587,3.750861,1.2767478e-09,0.0
0.155,0.1,0.1,0.3,0.08542659,0.08542659,0.2562714,3.8246338,1.2003809e-09,0.0
0.16,0.1,0.1,0.3,0.08627784,0.08627784,0.25882563,3.8940742,-1.4586445e-09,0.0
0.165,0.1,0.1,0.3,0.08707937,0.08707937,0.26123068,3.9592252,3.1344207e-09,0.0
0.17,0.1,0.1,0.3,0.087834075,0.087834075,0.26349524,4.020631,1.9770354e-09,0.0
0.17500000000000002,0.1,0.1,0.3,0.088544704,0.088544704,0.26562753,4.078806,7.615809e-09,0.0
0.18,0.1,0.1,0.3,0.08921382,0.08921382,0.2676353,4.1340704,7.3926487e-09,0.0
0.185,0.1,0.1,0.3,0.089843854,0.089843854,0.26952574,4.1865683,-3.2561528e-10,0.0
0.19,0.1,0.1,0.3,0.090437084,0.090437084,0.27130577,4.2363315,3.0861096e-09,0.0
0.195,0.1,0.1,0.3,0.09099567,0.09099567,0.27298182,4.283367,-1.7218225e-11,0.0
0.2,0.1,0.1,0.3,0.09152162,0.09152162,0.27455997,4.3277035,-3.6028316e-09,0.0
0.20500000000000002,0.1,0.1,0.3,0.09201685,0.09201685,0.27604595,4.369389,3.4374912e-09,0.0
0.21,0.1,0.1,0.3,0.092483155,0.092483155,0.27744514,4.4085083,9.6304715e-09,0.0
0.215,0.1,0.1,0.3,0.092922226,0.092922226,0.2787626,4.445178,5.3356035e-09,0.0
0.22,0.1,0.1,0.3,0.09333564,0.09333564,0.2800031,4.479524,-3.3341405e-09,0.0
0.225,0.1,0.1,0.3,0.093724914,0.093724914,0.28117114,4.511697,5.343637e-09,0.0
0.23,0.1,0.1,0.3,0.09409145,0.09409145,0.28227097,4.5418487,4.132792e-09,0.0
0.23500000000000001,0.1,0.1,0.3,0.09443658,0.09443658,0.28330654,4.5701246,-2.4526257e-09,0.0
0.24,0.1,0.1,0.3,0.09476154,0.09476154,0.2842816,4.596669,-1.384553e-09,0.0
0.245,0.1,0.1,0.3,0.09506753,0.09506753,0.28519973,4.6216,-3.8142325e-09,0.0
0.25,0.1,0.1,0.3,0.095355645,0.095355645,0.28606424,4.6450257,-2.0680742e-09,0.0
0.255,0.1,0.1,0.3,0.09562693,0.09562693,0.28687823,4.667045,5.253858e-12,0.0
0.26,0.1,0.1,0.3,0.09588236,0.09588236,0.28764468,4.687752,3.937973e-10,0.0
0.265,0.1,0.1,0.3,0.09612288,0.09612288,0.28836638,4.7072344,2.8962503e-11,0.0
0.27,0.1,0.1,0.3,0.09634935,0.09634935,0.2890459,4.7255697,-3.2364087e-09,0.0
0.275,0.1,0.1,0.3,0.09656259,0.09656259,0.28968576,4.7428317,5.87772e-10,0.0
0.28,0.1,0.1,0.3,0.09676337,0.09676337,0.2902882,4.7590833,8.6319085e-09,0.0
0.28500000000000003,0.1,0.1,0.3,0.09695243,0.09695243,0.2908555,4.774378,1.3817611e-09,0.0
0.29,0.1,0.1,0.3,0.09713044,0.09713044,0.29138964,4.7887764,1.7168472e-09,0.0
0.295,0.1,0.1,0.3,0.097298056,0.097298056,0.2918926,4.8023267,5.851847e-09,0.0
0.3,0.1,0.1,0.3,0.09745588,0.09745588,0.29236615,4.815083,5.6071086e-09,0.0
0.305,0.1,0.1,0.3,0.09760448,0.09760448,0.29281205,4.82709,-7.2679502e-09,0.0
0.31,0.1,0.1,0.3,0.097744405,0.097744405,0.2932319,4.83839,-3.6450363e-09,0.0
0.315,0.1,0.1,0.3,0.097876154,0.097876154,0.29362723,4.8490257,1.2461614e-10,0.0
0.32,0.1,0.1,0.3,0.09800021,0.09800021,0.29399946,4.8590336,-3.4898937e-09,0.0
0.325,0.1,0.1,0.3,0.09811702,0.09811702,0.29434997,4.8684483,2.3740994e-09,0.0
0.33,0.1,0.1,0.3,0.09822701,0.09822701,0.29468,4.8773093,3.4725667e-09,0.0
0.335,0.1,0.1,0.3,0.09833057,0.09833057,0.29499075,4.885648,-3.841252e-09,0.0
0.34,0.1,0.1,0.3,0.098428085,0.098428085,0.29528335,4.893498,4.8285655e-09,0.0
0.34500000000000003,0.1,0.1,0.3,0.09851991,0.09851991,0.29555884,4.900883,8.944244e-09,0.0
0.35000000000000003,0.1,0.1,0.3,0.09860636,0.09860636,0.29581824,4.90784,-6.912637e-09,0.0
0.355,0.1,0.1,0.3,0.09868777,0.09868777,0.2960625,4.914388,3.8615267e-09,0.0
0.36,0.1,0.1,0.3,0.09876442,0.09876442,0.29629248,4.9205494,-5.436644e-09,0.0
0.365,0.1,0.1,0.3,0.09883659,0.09883659,0.29650906,4.9263444,7.312284e-09,0.0
0.37,0.1,0.1,0.3,0.09890455,0.09890455,0.29671296,4.9317994,2.2985387e-09,0.0
0.375,0.1,0.1,0.3,0.098968536,0.098968536,0.29690495,4.936938,-1.1130058e-08,0.0
0.38,0.1,0.1,0.3,0.09902879,0.09902879,0.29708573,4.941779,1.8514087e-09,0.0
0.385,0.1,0.1,0.3,0.09908552,0.09908552,0.29725596,4.9463377,-4.5214477e-09,0.0
0.39,0.1,0.1,0.3,0.09913893,0.09913893,0.29741624,4.950635,1.3100133e-09,0.0
0.395,0.1,0.1,0.3,0.09918923,0.09918923,0.29756716,4.9546785,4.2842013e-10,0.0
0.4,0.1,0.1,0.3,0.099236585,0.099236585,0.29770926,4.9584856,3.1430658e-09,0.0
0.405,0.1,0.1,0.3,0.09928118,0.09928118,0.29784307,4.9620667,7.3096396e-10,0.0
0.41000000000000003,0.1,0.1,0.3,0.09932316,0.09932316,0.29796907,4.965438,-4.139561e-10,0.0
0.41500000000000004,0.1,0.1,0.3,0.099362694,0.099362694,0.29808772,4.9686103,-4.699395e-10,0.0
0.42,0.1,0.1,0.3,0.09939992,0.09939992,0.29819942,4.9715934,-2.9977125e-09,0.0
0.425,0.1,0.1,0.3,0.09943497,0.09943497,0.2983046,4.9744,-2.3012954e-09,0.0
0.43,0.1,0.1,0.3,0.09946798,0.09946798,0.29840362,4.9770412,-3.107175e-09,0.0
0.435,0.1,0.1,0.3,0.099499054,0.099499054,0.29849687,4.979529,-2.3373865e-09,0.0
0.44,0.1,0.1,0.3,0.09952831,0.09952831,0.29858467,4.981876,1.370736e-08,0.0
0.445,0.1,0.1,0.3,0.099555865,0.099555865,0.29866734,4.9840903,1.5932561e-09,0.0
0.45,0.1,0.1,0.3,0.09958181,0.09958181,0.2987452,4.986179,-7.806001e-09,0.0
0.455,0.1,0.1,0.3,0.09960624,0.09960624,0.29881847,4.9881516,-9.024624e-09,0.0
0.46,0.1,0.1,0.3,0.09962924,0.09962924,0.2988875,4.990023,-2.885634e-09,0.0
0.465,0.1,0.1,0.3,0.0996509,0.0996509,0.29895246,4.990477,4.0876165e-09,0.0
0.47000000000000003,0.1,0.1,0.3,0.09967129,0.09967129,0.29901364,4.990487,-1.5046511e-09,0.0
0.47500000000000003,0.1,0.1,0.3,0.09969049,0.09969049,0.29907125,4.990499,-1.344335e-09,0.0
0.48,0.1,0.1,0.3,0.09970857,0.09970857,0.2991255,4.990513,-7.3267564e-10,0.0
0.485,0.1,0.1,0.3,0.0997256,0.0997256,0.29917657,4.9905314,3.7223318e-09,0.0
0.49,0.1,0.1,0.3,0.09974162,0.09974162,0.29922467,4.990554,-7.1196276e-09,0.0
0.495,0.1,0.1,0.3,0.09975672,0.09975672,0.29926997,4.990581,-1.3164694e-08,0.0
0.5,0.1,0.1,0.3,0.099770926,0.099770926,0.29931262,4.9906135,-5.5362013e-09,0.0
0.505,0.1,0.1,0.3,0.09978431,0.09978431,0.29935277,4.990653,-5.2896687e-09,0.0
0.51,0.1,0.1,0.3,0.099796906,0.099796906,0.29939058,4.9907007,-1.0607568e-08,0.0
0.515,0.1,0.1,0.3,0.09980877,0.09980877,0.29942617,4.9922185,-6.970971e-10,0.0
0.52,0.1,0.1,0.3,0.099819936,0.099819936,0.2994597,4.997427,1.3863683e-08,0.0
0.525,0.1,0.1,0.3,0.099830456,0.099830456,0.29949126,5.0048494,2.0394195e-09,0.0
0.53,0.1,0.1,0.3,0.09984036,0.09984036,0.29952097,5.0128927,-8.040508e-11,0.0
0.535,0.1,0.1,0.3,0.099849686,0.099849686,0.29954895,5.020405,1.5236177e-09,0.0
0.54,0.1,0.1,0.3,0.09985846,0.09985846,0.2995753,5.0266786,2.4302582e-09,0.0
0.545,0.1,0.1,0.3,0.09986673,0.09986673,0.2996001,5.031393,-1.4837199e-09,0.0
0.55,0.1,0.1,0.3,0.09987452,0.09987452,0.29962346,5.0345316,-7.5778384e-10,0.0
0.555,0.1,0.1,0.3,0.09988185,0.09988185,0.29964545,5.0359845,-7.3978046e-09,0.0
0.56,0.1,0.1,0.3,0.09988875,0.09988875,0.29966617,5.035982,-1.4595965e-08,0.0
0.5650000000000001,0.1,0.1,0.3,0.09989525,0.09989525,0.29968566,5.0359774,-5.8299587e-09,0.0
0.5700000000000001,0.1,0.1,0.3,0.09990136,0.09990136,0.29970402,5.035972,4.973018e-10,0.0
0.5750000000000001,0.1,0.1,0.3,0.09990712,0.09990712,0.2997213,5.03597,-8.908428e-10,0.0
0.58,0.1,0.1,0.3,0.09991255,0.09991255,0.29973757,5.035969,-2.2159101e-09,0.0
0.585,0.1,0.1,0.3,0.09991766,0.09991766,0.2997529,5.035967,1.24012e-08,0.0
0.59,0.1,0.1,0.3,0.09992247,0.09992247,0.29976732,5.0359654,3.6277925e-09,0.0
0.595,0.1,0.1,0.3,0.099927,0.099927,0.2997809,5.035964,7.1146657e-09,0.0
0.6,0.1,0.1,0.3,0.09993126,0.09993126,0.2997937,5.035964,1.1917733e-08,0.0
0.605,0.1,0.1,0.3,0.09993528,0.09993528,0.29980573,5.035964,4.9042614e-09,0.0
0.61,0.1,0.1,0.3,0.099939056,0.099939056,0.2998171,5.035964,1.5681214e-09,0.0
0.615,0.1,0.1,0.3,0.09994262,0.09994262,0.29982778,5.035964,3.819919e-09,0.0
0.62,0.1,0.1,0.3,0.09994597,0.09994597,0.29983786,5.035964,4.010952e-09,0.0
0.625,0.1,0.1,0.3,0.09994913,0.09994913,0.29984733,5.0359654,-3.0732972e-09,0.0
0.63,0.1,0.1,0.3,0.0999521,0.0999521,0.29985625,5.0359674,1.3176347e-09,0.0
0.635,0.1,0.1,0.3,0.0999549,0.0999549,0.29986465,5.0359693,-7.1971504e-09,0.0
0.64,0.1,0.1,0.3,0.09995754,0.09995754,0.29987255,5.0359707,-6.9089516e-09,0.0
0.645,0.1,0.1,0.3,0.09996002,0.09996002,0.29988,5.0359726,-1.3348976e-08,0.0
0.65,0.1,0.1,0.3,0.09996235,0.09996235,0.299887,5.035974,-2.8443417e-09,0.0
0.655,0.1,0.1,0.3,0.09996455,0.09996455,0.2998936,5.035976,-4.1255808e-09,0.0
0.66,0.1,0.1,0.3,0.09996662,0.09996662,0.29989982,5.0359793,-5.633307e-09,0.0
0.665,0.1,0.1,0.3,0.099968575,0.099968575,0.29990566,5.0359826,1.1107271e-08,0.0
0.67,0.1,0.1,0.3,0.09997041,0.09997041,0.29991117,5.035986,1.3120526e-08,0.0
0.675,0.1,0.1,0.3,0.09997214,0.09997214,0.29991636,5.0359898,-6.479219e-09,0.0
0.68,0.1,0.1,0.3,0.09997376,0.09997376,0.29992124,5.035993,-5.817034e-09,0.0
0.685,0.1,0.1,0.3,0.099975295,0.099975295,0.29992583,5.0359964,4.907742e-09,0.0
0.6900000000000001,0.1,0.1,0.3,0.09997674,0.09997674,0.29993016,5.036,1.6347753e-08,0.0
0.6950000000000001,0.1,0.1,0.3,0.0999781,0.0999781,0.29993424,5.036003,-6.1961942e-09,0.0
0.7000000000000001,0.1,0.1,0.3,0.09997938,0.09997938,0.29993808,5.0360065,-6.4211756e-09,0.0
0.705,0.1,0.1,0.3,0.099980585,0.099980585,0.2999417,5.0360103,-4.573619e-09,0.0
0.71,0.1,0.1,0.3,0.09998172,0.09998172,0.2999451,5.0360136,1.9421726e-09,0.0
0.715,0.1,0.1,0.3,0.09998278,0.09998278,0.2999483,5.036017,-8.979794e-11,0.0
0.72,0.1,0.1,0.3,0.09998379,0.09998379,0.29995131,5.0360203,-4.401685e-09,0.0
0.725,0.1,0.1,0.3,0.099984735,0.099984735,0.29995415,5.0360236,1.3555941e-08,0.0
0.73,0.1,0.1,0.3,0.09998563,0.09998563,0.29995683,5.0360274,-6.343278e-10,0.0
0.735,0.1,0.1,0.3,0.09998647,0.09998647,0.29995936,5.0360327,8.908532e-09,0.0
0.74,0.1,0.1,0.3,0.09998726,0.09998726,0.29996175,5.036038,-8.531772e-09,0.0
0.745,0.1,0.1,0.3,0.099988006,0.099988006,0.29996398,5.0360427,1.2058708e-08,0.0
0.75,0.1,0.1,0.3,0.09998871,0.09998871,0.2999661,5.036048,8.6134175e-09,0.0
0.755,0.1,0.1,0.3,0.09998937,0.09998937,0.29996806,5.036053,-7.3387685e-10,0.0
0.76,0.1,0.1,0.3,0.09998999,0.09998999,0.29996994,5.0360584,3.5638927e-09,0.0
0.765,0.1,0.1,0.3,0.09999058,0.09999058,0.2999717,5.036063,4.3080988e-09,0.0
0.77,0.1,0.1,0.3,0.09999113,0.09999113,0.29997334,5.0360684,-7.560125e-09,0.0
0.775,0.1,0.1,0.3,0.09999165,0.09999165,0.2999749,5.0360737,1.2888396e-09,0.0
0.78,0.1,0.1,0.3,0.09999213,0.09999213,0.29997635,5.036079,-5.0159685e-09,0.0
0.785,0.1,0.1,0.3,0.099992596,0.099992596,0.29997772,5.0360837,-5.7551257e-09,0.0
0.79,0.1,0.1,0.3,0.09999303,0.09999303,0.29997903,5.036089,-7.627221e-10,0.0
0.795,0.1,0.1,0.3,0.09999344,0.09999344,0.29998025,5.036094,1.4534245e-08,0.0
0.8,0.1,0.1,0.3,0.09999382,0.09999382,0.29998142,5.0360994,-1.0574389e-08,0.0
0.805,0.1,0.1,0.3,0.099994175,0.099994175,0.2999825,5.036104,1.17333965e-08,0.0
0.81,0.1,0.1,0.3,0.09999452,0.09999452,0.2999835,5.0361094,5.919617e-09,0.0
0.8150000000000001,0.1,0.1,0.3,0.09999484,0.09999484,0.29998446,5.0361147,-3.0829386e-09,0.0
0.8200000000000001,0.1,0.1,0.3,0.099995136,0.099995136,0.29998535,5.03612,1.0713772e-08,0.0
0.8250000000000001,0.1,0.1,0.3,0.09999542,0.09999542,0.2999862,5.0361247,-1.0961074e-08,0.0
0.8300000000000001,0.1,0.1,0.3,0.09999569,0.09999569,0.29998702,5.03613,-9.710243e-09,0.0
0.835,0.1,0.1,0.3,0.09999594,0.09999594,0.29998776,5.036135,5.992576e-11,0.0
0.84,0.1,0.1,0.3,0.09999618,0.09999618,0.29998848,5.036142,-2.415722e-09,0.0
0.845,0.1,0.1,0.3,0.0999964,0.0999964,0.29998916,5.0361485,4.2380452e-10,0.0
0.85,0.1,0.1,0.3,0.09999661,0.09999661,0.2999898,5.0361557,4.854262e-10,0.0
0.855,0.1,0.1,0.3,0.09999681,0.09999681,0.2999904,5.0361624,9.764377e-09,0.0
0.86,0.1,0.1,0.3,0.099997,0.099997,0.29999095,5.036169,-3.824259e-09,0.0
0.865,0.1,0.1,0.3,0.09999718,0.09999718,0.2999915,5.036176,-3.80481e-09,0.0
0.87,0.1,0.1,0.3,0.09999734,0.09999734,0.299992,5.036183,-3.5752887e-09,0.0
0.875,0.1,0.1,0.3,0.0999975,0.0999975,0.29999247,5.0361896,-1.3981908e-08,0.0
0.88,0.1,0.1,0.3,0.09999765,0.09999765,0.29999292,5.0361967,-1.223289e-09,0.0
0.885,0.1,0.1,0.3,0.09999778,0.09999778,0.29999334,5.0362034,-5.774258e-09,0.0
0.89,0.1,0.1,0.3,0.09999791,0.09999791,0.29999372,5.03621,-1.1992964e-08,0.0
0.895,0.1,0.1,0.3,0.09999803,0.09999803,0.29999408,5.036217,2.7788858e-09,0.0
0.9,0.1,0.1,0.3,0.09999814,0.09999814,0.29999444,5.036224,2.3988518e-09,0.0
0.905,0.1,0.1,0.3,0.09999825,0.09999825,0.29999477,5.0362306,7.317346e-09,0.0
0.91,0.1,0.1,0.3,0.099998355,0.099998355,0.29999506,5.0362377,-8.8214716e-09,0.0
0.915,0.1,0.1,0.3,0.09999845,0.09999845,0.29999536,5.0362444,-9.17057e-09,0.0
0.92,0.1,0.1,0.3,0.09999854,0.09999854,0.29999563,5.036251,-4.6364224e-09,0.0
0.925,0.1,0.1,0.3,0.09999862,0.09999862,0.2999959,5.036258,-4.3883457e-09,0.0
0.93,0.1,0.1,0.3,0.099998705,0.099998705,0.29999614,5.036265,4.5280486e-09,0.0
0.935,0.1,0.1,0.3,0.09999878,0.09999878,0.29999638,5.0362716,-1.5877443e-08,0.0
0.9400000000000001,0.1,0.1,0.3,0.099998854,0.099998854,0.29999658,5.0362787,9.013665e-09,0.0
0.9450000000000001,0.1,0.1,0.3,0.09999892,0.09999892,0.2999968,5.0362854,-1.0712693e-09,0.0
0.9500000000000001,0.1,0.1,0.3,0.09999898,0.09999898,0.29999697,5.036292,7.1595276e-09,0.0
0.9550000000000001,0.1,0.1,0.3,0.09999904,0.09999904,0.29999715,5.036299,5.0297544e-09,0.0
0.96,0.1,0.1,0.3,0.0999991,0.0999991,0.29999733,5.036306,7.911795e-09,0.0
0.965,0.1,0.1,0.3,0.09999915,0.09999915,0.29999748,5.0363126,-1.1131253e-08,0.0
0.97,0.1,0.1,0.3,0.099999204,0.099999204,0.29999763,5.0363197,-3.7050916e-09,0.0
0.975,0.1,0.1,0.3,0.09999925,0.09999925,0.29999778,5.0363264,-5.5914393e-09,0.0
0.98,0.1,0.1,0.3,0.09999929,0.09999929,0.2999979,5.036333,-4.2600887e-09,0.0
0.985,0.1,0.1,0.3,0.09999934,0.09999934,0.29999802,5.03634,7.862394e-09,0.0
0.99,0.1,0.1,0.3,0.099999376,0.099999376,0.29999813,5.036347,7.1862902e-09,0.0
0.995,0.1,0.1,0.3,0.09999941,0.09999941,0.29999825,5.0363536,-1.1382834e-08,0.0
1.0,0.1,0.1,0.3,0.09999945,0.09999945,0.29999834,5.0363603,-5.923356e-09,0.0
1.0050000000000001,0.1,0.1,0.3,0.09999948,0.09999948,0.29999843,5.036366,1.6821969e-10,0.0
1.01,0.1,0.1,0.3,0.09999951,0.09999951,0.29999852,5.0363727,-6.8994783e-09,0.0
1.0150000000000001,0.1,0.1,0.3,0.09999954,0.09999954,0.2999986,5.036378,1.185154e-09,0.0
1.02,0.1,0.1,0.3,0.09999957,0.09999957,0.2999987,5.0363836,8.777896e-09,0.0
1.025,0.1,0.1,0.3,0.09999959,0.09999959,0.2999988,5.0363894,-1.3107746e-08,0.0
1.03,0.1,0.1,0.3,0.099999614,0.099999614,0.29999885,5.0363965,-7.98709e-09,0.0
1.035,0.1,0.1,0.3,0.09999964,0.09999964,0.2999989,5.036403,-1.3742519e-08,0.0
1.04,0.1,0.1,0.3,0.09999966,0.09999966,0.29999897,5.03641,-2.291553e-08,0.0
1.045,0.1,0.1,0.3,0.09999968,0.09999968,0.29999903,5.0364165,6.5664505e-09,0.0
1.05,0.1,0.1,0.3,0.0999997,0.0999997,0.2999991,5.036422,5.0723346e-09,0.0
1.055,0.1,0.1,0.3,0.09999972,0.09999972,0.29999915,5.0364265,-4.1614974e-09,0.0
1.06,0.1,0.1,0.3,0.09999973,0.09999973,0.2999992,5.036432,-5.9413297e-09,0.0
1.065,0.1,0.1,0.3,0.09999975,0.09999975,0.29999927,5.036437,4.726882e-09,0.0
1.07,0.1,0.1,0.3,0.09999976,0.09999976,0.2999993,5.0364423,8.862044e-09,0.0
1.075,0.1,0.1,0.3,0.09999978,0.09999978,0.29999933,5.036447,-5.9652687e-09,0.0
1.08,0.1,0.1,0.3,0.09999979,0.09999979,0.29999936,5.0364523,6.253678e-09,0.0
1.085,0.1,0.1,0.3,0.09999981,0.09999981,0.2999994,5.0364575,1.5022262e-09,0.0
1.09,0.1,0.1,0.3,0.09999982,0.09999982,0.29999942,5.0364623,1.419874e-09,0.0
1.095,0.1,0.1,0.3,0.09999983,0.09999983,0.29999945,5.0364676,3.9051304e-10,0.0
1.1,0.1,0.1,0.3,0.09999984,0.09999984,0.29999948,5.036473,-1.2450504e-09,0.0
1.105,0.1,0.1,0.3,0.099999845,0.099999845,0.2999995,5.036478,3.7905514e-09,0.0
1.11,0.1,0.1,0.3,0.09999985,0.09999985,0.29999954,5.036483,-9.465785e-09,0.0
1.115,0.1,0.1,0.3,0.09999986,0.09999986,0.29999956,5.036488,8.56523e-09,0.0
1.12,0.1,0.1,0.3,0.09999987,0.09999987,0.2999996,5.0364933,1.1947939e-08,0.0
1.125,0.1,0.1,0.3,0.099999875,0.099999875,0.29999962,5.0364985,-3.3645253e-09,0.0
1.1300000000000001,0.1,0.1,0.3,0.09999988,0.09999988,0.29999965,5.0365033,5.718699e-10,0.0
1.135,0.1,0.1,0.3,0.09999989,0.09999989,0.29999968,5.0365086,1.5073237e-08,0.0
1.1400000000000001,0.1,0.1,0.3,0.0999999,0.0999999,0.2999997,5.036514,-8.325917e-09,0.0
1.145,0.1,0.1,0.3,0.099999905,0.099999905,0.29999974,5.036519,1.000992e-08,0.0
1.1500000000000001,0.1,0.1,0.3,0.09999991,0.09999991,0.29999977,5.036524,9.053146e-10,0.0
1.155,0.1,0.1,0.3,0.09999992,0.09999992,0.29999977,5.036529,-8.526778e-09,0.0
1.16,0.1,0.1,0.3,0.09999993,0.09999993,0.29999977,5.0365343,-4.7911044e-09,0.0
1.165,0.1,0.1,0.3,0.099999934,0.099999934,0.29999977,5.0365396,5.3933333e-09,0.0
1.17,0.1,0.1,0.3,0.09999994,0.09999994,0.29999977,5.0365443,-9.372196e-09,0.0
1.175,0.1,0.1,0.3,0.09999994,0.09999994,0.29999977,5.0365496,1.2651934e-08,0.0
1.18,0.1,0.1,0.3,0.09999994,0.09999994,0.29999977,5.036555,-2.622879e-09,0.0
1.185,0.1,0.1,0.3,0.09999994,0.09999994,0.29999977,5.03656,-4.4152144e-09,0.0
1.19,0.1,0.1,0.3,0.09999994,0.09999994,0.29999977,5.036565,-6.713228e-09,0.0
1.195,0.1,0.1,0.3,0.09999994,0.09999994,0.29999977,5.03657,-3.5454223e-10,0.0
1.2,0.1,0.1,0.3,0.09999994,0.09999994,0.29999977,5.0365753,-6.9404678e-09,0.0
1.205,0.1,0.1,0.3,0.09999994,0.09999994,0.29999977,5.0365806,-1.0633428e-08,0.0
1.21,0.1,0.1,0.3,0.09999994,0.09999994,0.29999977,5.0365853,-1.0974135e-08,0.0
1.215,0.1,0.1,0.3,0.09999994,0.09999994,0.29999977,5.0365906,-1.963778e-09,0.0
1.22,0.1,0.1,0.3,0.09999994,0.09999994,0.29999977,5.036596,2.8020386e-09,0.0
1.225,0.1,0.1,0.3,0.09999994,0.09999994,0.29999977,5.036601,7.857509e-09,0.0
1.23,0.1,0.1,0.3,0.09999994,0.09999994,0.29999977,5.036606,5.8115863e-09,0.0
1.235,0.1,0.1,0.3,0.09999994,0.09999994,0.29999977,5.036611,-3.034172e-09,0.0
1.24,0.1,0.1,0.3,0.09999994,0.09999994,0.29999977,5.0366163,-7.300147e-09,0.0
1.245,0.1,0.1,0.3,0.09999994,0.09999994,0.29999977,5.0366216,-2.941937e-09,0.0
1.25,0.1,0.1,0.3,0.09999994,0.09999994,0.29999977,5.0366263,-1.2922943e-08,0.0
1.2550000000000001,0.1,0.1,0.3,0.09999994,0.09999994,0.29999977,5.0366316,-1.677938e-08,0.0
1.26,0.1,0.1,0.3,0.09999994,0.09999994,0.29999977,5.036637,3.3323535e-09,0.0
1.2650000000000001,0.1,0.1,0.3,0.09999994,0.09999994,0.29999977,5.0366416,-3.3653145e-09,0.0
1.27,0.1,0.1,0.3,0.09999994,0.09999994,0.29999977,5.036647,-4.2337094e-09,0.0
1.2750000000000001,0.1,0.1,0.3,0.09999994,0.09999994,0.29999977,5.036652,-5.80048e-09,0.0
1.28,0.1,0.1,0.3,0.09999994,0.09999994,0.29999977,5.0366573,-5.140965e-09,0.0
1.285,0.1,0.1,0.3,0.09999994,0.09999994,0.29999977,5.036662,2.3287192e-10,0.0
1.29,0.1,0.1,0.3,0.09999994,0.09999994,0.29999977,5.0366673,-1.0761503e-10,0.0
1.295,0.1,0.1,0.3,0.09999994,0.09999994,0.29999977,5.0366726,-1.3469898e-12,0.0
1.3,0.1,0.1,0.3,0.09999994,0.09999994,0.29999977,5.036678,-8.928265e-09,0.0
1.305,0.1,0.1,0.3,0.09999994,0.09999994,0.29999977,5.0366826,1.4379527e-08,0.0
1.31,0.1,0.1,0.3,0.09999994,0.09999994,0.29999977,5.036688,1.524963e-08,0.0
1.315,0.1,0.1,0.3,0.09999994,0.09999994,0.29999977,5.036693,9.6148485e-09,0.0
1.32,0.1,0.1,0.3,0.09999994,0.09999994,0.29999977,5.0366983,-5.495995e-09,0.0
1.325,0.1,0.1,0.3,0.09999994,0.09999994,0.29999977,5.036703,-4.303017e-09,0.0
1.33,0.1,0.1,0.3,0.09999994,0.09999994,0.29999977,5.0367084,-4.3364934e-09,0.0
1.335,0.1,0.1,0.3,0.09999994,0.09999994,0.29999977,5.0367136,-4.7623097e-09,0.0
1.34,0.1,0.1,0.3,0.09999994,0.09999994,0.29999977,5.036719,-9.710163e-09,0.0
1.345,0.1,0.1,0.3,0.09999994,0.09999994,0.29999977,5.0367236,-8.355179e-09,0.0
1.35,0.1,0.1,0.3,0.09999994,0.09999994,0.29999977,5.036729,-8.339327e-09,0.0
1.355,0.1,0.1,0.3,0.09999994,0.09999994,0.29999977,5.036734,-8.323474e-09,0.0
1.36,0.1,0.1,0.3,0.09999994,0.09999994,0.29999977,5.0367393,3.9080947e-09,0.0
1.365,0.1,0.1,0.3,0.09999994,0.09999994,0.29999977,5.036744,6.135999e-09,0.0
1.37,0.1,0.1,0.3,0.09999994,0.09999994,0.29999977,5.0367494,2.5134936e-09,0.0
1.375,0.1,0.1,0.3,0.09999994,0.09999994,0.29999977,5.0367546,6.851996e-09,0.0
1.3800000000000001,0.1,0.1,0.3,0.09999994,0.09999994,0.29999977,5.03676,2.3710047e-09,0.0
1.385,0.1,0.1,0.3,0.09999994,0.09999994,0.29999977,5.0367646,-9.186199e-09,0.0
1.3900000000000001,0.1,0.1,0.3,0.09999994,0.09999994,0.29999977,5.03677,-3.3675907e-09,0.0
1.395,0.1,0.1,0.3,0.09999994,0.09999994,0.29999977,5.036775,-1.30334925e-08,0.0
1.4000000000000001,0.1,0.1,0.3,0.09999994,0.09999994,0.29999977,5.0367804,-4.261832e-09,0.0
1.405,0.1,0.1,0.3,0.09999994,0.09999994,0.29999977,5.036785,-1.6882341e-09,0.0
1.41,0.1,0.1,0.3,0.09999994,0.09999994,0.29999977,5.0367904,5.9797087e-09,0.0
1.415,0.1,0.1,0.3,0.09999994,0.09999994,0.29999977,5.0367956,2.3797957e-09,0.0
1.42,0.1,0.1,0.3,0.09999994,0.09999994,0.29999977,5.036801,-5.0236113e-09,0.0
1.425,0.1,0.1,0.3,0.09999994,0.09999994,0.29999977,5.0368056,6.488085e-09,0.0
1.43,0.1,0.1,0.3,0.09999994,0.09999994,0.29999977,5.036811,4.9955906e-09,0.0
1.435,0.1,0.1,0.3,0.09999994,0.09999994,0.29999977,5.036816,6.7519603e-09,0.0
1.44,0.1,0.1,0.3,0.09999994,0.09999994,0.29999977,5.0368214,6.6072054e-09,0.0
1.445,0.1,0.1,0.3,0.09999994,0.09999994,0.29999977,5.036826,-3.5531238e-09,0.0
1.45,0.1,0.1,0.3,0.09999994,0.09999994,0.29999977,5.0368314,-1.7139023e-08,0.0
1.455,0.1,0.1,0.3,0.09999994,0.09999994,0.29999977,5.0368366,-1.7405517e-08,0.0
1.46,0.1,0.1,0.3,0.09999994,0.09999994,0.29999977,5.0368414,7.326291e-09,0.0
1.465,0.1,0.1,0.3,0.09999994,0.09999994,0.29999977,5.0368466,-7.1594903e-09,0.0
1.47,0.1,0.1,0.3,0.09999994,0.09999994,0.29999977,5.036852,-7.3108355e-09,0.0
1.475,0.1,0.1,0.3,0.09999994,0.09999994,0.29999977,5.036857,-7.0146604e-09,0.0
1.48,0.1,0.1,0.3,0.09999994,0.09999994,0.29999977,5.036862,-7.1654203e-09,0.0
1.485,0.1,0.1,0.3,0.09999994,0.09999994,0.29999977,5.036867,-7.3167734e-09,0.0
1.49,0.1,0.1,0.3,0.09999994,0.09999994,0.29999977,5.0368724,-1.0865925e-08,0.0
1.495,0.1,0.1,0.3,0.09999994,0.09999994,0.29999977,5.0368776,-1.25185915e-08,0.0
1.5,0.1,0.1,0.3,0.09999994,0.09999994,0.29999977,5.0368824,-7.766769e-09,0.0
1.5050000000000001,0.1,0.1,0.3,0.09999994,0.09999994,0.29999977,5.0368876,-1.08237925e-08,0.0
1.51,0.1,0.1,0.3,0.09999994,0.09999994,0.29999977,5.036893,-3.2446394e-09,0.0
1.5150000000000001,0.1,0.1,0.3,0.09999994,0.09999994,0.29999977,5.036898,-4.0605106e-09,0.0
1.52,0.1,0.1,0.3,0.09999994,0.09999994,0.29999977,5.036903,-3.9832173e-09,0.0
1.5250000000000001,0.1,0.1,0.3,0.09999994,0.09999994,0.29999977,5.036908,-1.1250829e-08,0.0
1.53,0.1,0.1,0.3,0.09999994,0.09999994,0.29999977,5.0369134,5.9698384e-09,0.0
1.5350000000000001,0.1,0.1,0.3,0.09999994,0.09999994,0.29999977,5.0369186,-5.077438e-09,0.0
1.54,0.1,0.1,0.3,0.09999994,0.09999994,0.29999977,5.0369234,-2.9430145e-09,0.0
1.545,0.1,0.1,0.3,0.09999994,0.09999994,0.29999977,5.0369287,1.2846966e-08,0.0
1.55,0.1,0.1,0.3,0.09999994,0.09999994,0.29999977,5.036934,8.543554e-09,0.0
1.555,0.1,0.1,0.3,0.09999994,0.09999994,0.29999977,5.036939,3.46177e-09,0.0
1.56,0.1,0.1,0.3,0.09999994,0.09999994,0.29999977,5.036944,9.463957e-09,0.0
1.565,0.1,0.1,0.3,0.09999994,0.09999994,0.29999977,5.036949,9.908664e-09,0.0
1.57,0.1,0.1,0.3,0.09999994,0.09999994,0.29999977,5.0369544,1.2146901e-08,0.0
1.575,0.1,0.1,0.3,0.09999994,0.09999994,0.29999977,5.0369596,-5.933051e-09,0.0
1.58,0.1,0.1,0.3,0.09999994,0.09999994,0.29999977,5.0369644,-5.9072502e-09,0.0
1.585,0.1,0.1,0.3,0.09999994,0.09999994,0.29999977,5.0369697,4.685649e-09,0.0
1.59,0.1,0.1,0.3,0.09999994,0.09999994,0.29999977,5.036975,-2.3410238e-10,0.0
1.595,0.1,0.1,0.3,0.09999994,0.09999994,0.29999977,5.03698,-1.5153161e-09,0.0
1.6,0.1,0.1,0.3,0.09999994,0.09999994,0.29999977,5.036985,9.878552e-09,0.0
1.605,0.1,0.1,0.3,0.09999994,0.09999994,0.29999977,5.03699,-3.543602e-09,0.0
1.61,0.1,0.1,0.3,0.09999994,0.09999994,0.29999977,5.0369954,-3.4842658e-09,0.0
1.615,0.1,0.1,0.3,0.09999994,0.09999994,0.29999977,5.0370007,-2.7254008e-09,0.0
1.62,0.1,0.1,0.3,0.09999994,0.09999994,0.29999977,5.0370054,-2.7767983e-09,0.0
1.625,0.1,0.1,0.3,0.09999994,0.09999994,0.29999977,5.0370107,-2.3816464e-09,0.0
1.6300000000000001,0.1,0.1,0.3,0.09999994,0.09999994,0.29999977,5.037016,-2.4338689e-09,0.0
1.635,0.1,0.1,0.3,0.09999994,0.09999994,0.29999977,5.0370207,-3.4121112e-11,0.0
1.6400000000000001,0.1,0.1,0.3,0.09999994,0.09999994,0.29999977,5.037026,5.983073e-11,0.0
1.645,0.1,0.1,0.3,0.09999994,0.09999994,0.29999977,5.0370297,-7.90478e-11,0.0
1.6500000000000001,0.1,0.1,0.3,0.09999994,0.09999994,0.29999977,5.037033,-1.3737983e-10,0.0
1.655,0.1,0.1,0.3,0.09999994,0.09999994,0.29999977,5.037037,-1.9564739e-10,0.0
1.6600000000000001,0.1,0.1,0.3,0.09999994,0.09999994,0.29999977,5.0370407,5.035147e-09,0.0
1.665,0.1,0.1,0.3,0.09999994,0.09999994,0.29999977,5.037045,3.5404852e-09,0.0
1.67,0.1,0.1,0.3,0.09999994,0.09999994,0.29999977,5.0370493,-2.3420788e-09,0.0
1.675,0.1,0.1,0.3,0.09999994,0.09999994,0.29999977,5.0370536,3.673837e-09,0.0
1.68,0.1,0.1,0.3,0.09999994,0.09999994,0.29999977,5.0370584,-2.2075772e-09,0.0
1.685,0.1,0.1,0.3,0.09999994,0.09999994,0.29999977,5.0370636,9.7304085e-09,0.0
1.69,0.1,0.1,0.3,0.09999994,0.09999994,0.29999977,5.037069,1.1012299e-08,0.0
1.695,0.1,0.1,0.3,0.09999994,0.09999994,0.29999977,5.0370736,9.860125e-09,0.0
1.7,0.1,0.1,0.3,0.09999994,0.09999994,0.29999977,5.0370784,-4.711091e-09,0.0
1.705,0.1,0.1,0.3,0.09999994,0.09999994,0.29999977,5.0370827,-3.5195022e-09,0.0
1.71,0.1,0.1,0.3,0.09999994,0.09999994,0.29999977,5.037086,6.387451e-09,0.0
1.715,0.1,0.1,0.3,0.09999994,0.09999994,0.29999977,5.03709,4.1918558e-09,0.0
1.72,0.1,0.1,0.3,0.09999994,0.09999994,0.29999977,5.037093,1.9288426e-09,0.0
1.725,0.1,0.1,0.3,0.09999994,0.09999994,0.29999977,5.0370965,3.935776e-09,0.0
1.73,0.1,0.1,0.3,0.09999994,0.09999994,0.29999977,5.0371,4.417294e-09,0.0
1.735,0.1,0.1,0.3,0.09999994,0.09999994,0.29999977,5.037103,4.4523056e-09,0.0
1.74,0.1,0.1,0.3,0.09999994,0.09999994,0.29999977,5.0371065,-2.7598615e-09,0.0
1.745,0.1,0.1,0.3,0.09999994,0.09999994,0.29999977,5.0371103,8.048233e-09,0.0
1.75,0.1,0.1,0.3,0.09999994,0.09999994,0.29999977,5.0371137,3.6728784e-09,0.0
1.7550000000000001,0.1,0.1,0.3,0.09999994,0.09999994,0.29999977,5.037117,5.3476676e-09,0.0
1.76,0.1,0.1,0.3,0.09999994,0.09999994,0.29999977,5.0371203,-7.2256917e-10,0.0
1.7650000000000001,0.1,0.1,0.3,0.09999994,0.09999994,0.29999977,5.0371237,-3.4611256e-09,0.0
1.77,0.1,0.1,0.3,0.09999994,0.09999994,0.29999977,5.037127,9.291093e-09,0.0
1.7750000000000001,0.1,0.1,0.3,0.09999994,0.09999994,0.29999977,5.037131,6.7506942e-09,0.0
1.78,0.1,0.1,0.3,0.09999994,0.09999994,0.29999977,5.037134,1.1150577e-09,0.0
1.7850000000000001,0.1,0.1,0.3,0.09999994,0.09999994,0.29999977,5.0371375,1.3934768e-08,0.0
1.79,0.1,0.1,0.3,0.09999994,0.09999994,0.29999977,5.037141,6.7428862e-09,0.0
1.795,0.1,0.1,0.3,0.09999994,0.09999994,0.29999977,5.037144,-2.7556588e-10,0.0
1.8,0.1,0.1,0.3,0.09999994,0.09999994,0.29999977,5.0371475,-9.516344e-09,0.0
1.805,0.1,0.1,0.3,0.09999994,0.09999994,0.29999977,5.0371513,-6.2864918e-09,0.0
1.81,0.1,0.1,0.3,0.09999994,0.09999994,0.29999977,5.0371547,-7.795151e-09,0.0
1.815,0.1,0.1,0.3,0.09999994,0.09999994,0.29999977,5.037158,-3.288131e-09,0.0
1.82,0.1,0.1,0.3,0.09999994,0.09999994,0.29999977,5.0371614,-3.4047556e-10,0.0
1.825,0.1,0.1,0.3,0.09999994,0.09999994,0.29999977,5.0371647,-1.1186958e-08,0.0
1.83,0.1,0.1,0.3,0.09999994,0.09999994,0.29999977,5.037168,2.0442965e-09,0.0
1.835,0.1,0.1,0.3,0.09999994,0.09999994,0.29999977,5.0371714,1.1624949e-08,0.0
1.84,0.1,0.1,0.3,0.09999994,0.09999994,0.29999977,5.037175,-1.7066999e-09,0.0
1.845,0.1,0.1,0.3,0.09999994,0.09999994,0.29999977,5.0371785,1.8207421e-08,0.0
1.85,0.1,0.1,0.3,0.09999994,0.09999994,0.29999977,5.037182,1.1485754e-08,0.0
1.855,0.1,0.1,0.3,0.09999994,0.09999994,0.29999977,5.037185,-1.7343834e-09,0.0
1.86,0.1,0.1,0.3,0.09999994,0.09999994,0.29999977,5.0371885,-7.5538953e-10,0.0
1.865,0.1,0.1,0.3,0.09999994,0.09999994,0.29999977,5.037192,6.2198593e-09,0.0
1.87,0.1,0.1,0.3,0.09999994,0.09999994,0.29999977,5.0371957,-4.9409956e-09,0.0
1.875,0.1,0.1,0.3,0.09999994,0.09999994,0.29999977,5.037199,-4.76972e-09,0.0
1.8800000000000001,0.1,0.1,0.3,0.09999994,0.09999994,0.29999977,5.0372024,-5.044782e-09,0.0
1.885,0.1,0.1,0.3,0.09999994,0.09999994,0.29999977,5.0372057,-4.8732027e-09,0.0
1.8900000000000001,0.1,0.1,0.3,0.09999994,0.09999994,0.29999977,5.037209,-9.048964e-09,0.0
1.895,0.1,0.1,0.3,0.09999994,0.09999994,0.29999977,5.0372124,-1.7966235e-09,0.0
1.9000000000000001,0.1,0.1,0.3,0.09999994,0.09999994,0.29999977,5.037216,-1.8310753e-09,0.0
1.905,0.1,0.1,0.3,0.09999994,0.09999994,0.29999977,5.0372195,-1.8655273e-09,0.0
1.9100000000000001,0.1,0.1,0.3,0.09999994,0.09999994,0.29999977,5.037223,-9.6852e-10,0.0
1.915,0.1,0.1,0.3,0.09999994,0.09999994,0.29999977,5.037226,-9.656449e-10,0.0
1.92,0.1,0.1,0.3,0.09999994,0.09999994,0.29999977,5.0372295,-9.627696e-10,0.0
1.925,0.1,0.1,0.3,0.09999994,0.09999994,0.29999977,5.037233,-1.4081303e-09,0.0
1.93,0.1,0.1,0.3,0.09999994,0.09999994,0.29999977,5.0372367,-1.6001576e-10,0.0
1.935,0.1,0.1,0.3,0.09999994,0.09999994,0.29999977,5.03724,-2.5123395e-10,0.0
1.94,0.1,0.1,0.3,0.09999994,0.09999994,0.29999977,5.0372434,-3.4260486e-10,0.0
1.945,0.1,0.1,0.3,0.09999994,0.09999994,0.29999977,5.0372467,1.28080775e-11,0.0
1.95,0.1,0.1,0.3,0.09999994,0.09999994,0.29999977,5.03725,-7.851727e-11,0.0
1.955,0.1,0.1,0.3,0.09999994,0.09999994,0.29999977,5.0372534,-1.697864e-10,0.0
1.96,0.1,0.1,0.3,0.09999994,0.09999994,0.29999977,5.037257,4.4322044e-09,0.0
1.965,0.1,0.1,0.3,0.09999994,0.09999994,0.29999977,5.0372605,4.306306e-09,0.0
1.97,0.1,0.1,0.3,0.09999994,0.09999994,0.29999977,5.037264,6.193267e-09,0.0
1.975,0.1,0.1,0.3,0.09999994,0.09999994,0.29999977,5.037267,1.1782489e-09,0.0
1.98,0.1,0.1,0.3,0.09999994,0.09999994,0.29999977,5.0372705,6.778431e-09,0.0
1.985,0.1,0.1,0.3,0.09999994,0.09999994,0.29999977,5.037274,9.862001e-10,0.0
1.99,0.1,0.1,0.3,0.09999994,0.09999994,0.29999977,5.0372777,2.3020517e-09,0.0
1.995,0.1,0.1,0.3,0.09999994,0.09999994,0.29999977,5.037281,-6.564741e-09,0.0
2.0,0.10739408,0.097295314,0.288,0.09999994,0.09999994,0.29999977,5.0372844,-6.6650574e-09,0.0
2.005,0.10739408,0.097295314,0.288,0.09999994,0.09999994,0.29999977,5.0372877,-6.931389e-09,0.0
2.0100000000000002,0.10739408,0.097295314,0.288,0.09999994,0.09999994,0.29999977,5.037291,-6.5846644e-09,0.0
2.015,0.10739408,0.097295314,0.288,0.09999994,0.09999994,0.29999977,5.0372944,-6.6843957e-09,0.0
2.02,0.11478818,0.09459061,0.276,0.09999994,0.09999994,0.29999977,5.0372977,-1.8575502e-09,0.0
2.025,0.11478818,0.09459061,0.276,0.09999994,0.09999994,0.29999977,5.0373015,2.2739122e-09,0.0
2.0300000000000002,0.11478818,0.09459061,0.276,0.09999994,0.09999994,0.29999977,5.037305,-7.714617e-09,0.0
2.035,0.11478818,0.09459061,0.276,0.09999994,0.09999994,0.29999977,5.037308,5.832246e-09,0.0
2.04,0.12218228,0.0918859,0.264,0.100069046,0.09997467,0.29988763,5.0373116,5.055112e-09,0.0
2.045,0.12218228,0.0918859,0.264,0.10049691,0.09981816,0.29919326,5.034493,-7.005254e-08,0.0
2.05,0.12218228,0.0918859,0.264,0.10089978,0.0996708,0.29853946,5.030005,-5.1067193e-08,0.0
2.055,0.12218228,0.0918859,0.264,0.10127912,0.099532045,0.29792383,5.0287585,-4.793621e-09,0.0
2.06,0.12957639,0.089181215,0.252,0.1017054,0.09937612,0.29723203,5.0329323,1.7691637e-08,0.0
2.065,0.12957639,0.089181215,0.252,0.102469586,0.09909659,0.29599184,5.0440154,3.417262e-08,0.0
2.07,0.12957639,0.089181215,0.252,0.10318913,0.09883339,0.2948241,5.064094,-1.0375029e-08,0.0
2.075,0.12957639,0.089181215,0.252,0.103866644,0.09858556,0.29372457,5.0941563,-2.1601984e-08,0.0
2.08,0.13697048,0.086476535,0.24,0.10457369,0.09832694,0.2925771,5.1331873,-1.6062642e-09,0.0
2.085,0.13697048,0.086476535,0.24,0.10560223,0.097950704,0.29090786,5.179387,2.6980733e-09,0.0
2.09,0.13697048,0.086476535,0.24,0.10657069,0.09759645,0.28933614,5.2325892,3.293837e-08,0.0
2.095,0.13697048,0.086476535,0.24,0.10748258,0.09726289,0.28785622,5.292382,1.2757269e-09,0.0
2.1,0.14436458,0.083771825,0.228,0.108410314,0.09692354,0.2863506,5.3570876,-2.2367301e-08,0.0
2.105,0.14436458,0.083771825,0.228,0.10964665,0.0964713,0.28434414,5.4248443,1.2719576e-08,0.0
2.11,0.14436458,0.083771825,0.228,0.11081077,0.09604548,0.28245488,5.495833,-2.5026474e-09,0.0
2.115,0.14436458,0.083771825,0.228,0.11190689,0.095644526,0.28067598,5.570231,2.4236087e-08,0.0
2.12,0.15175866,0.081067145,0.216,0.1130081,0.09524172,0.27888882,5.6470795,2.1196342e-08,0.0
2.125,0.15175866,0.081067145,0.216,0.11440777,0.09472973,0.2766173,5.72521,1.4729488e-08,0.0
2.13,0.15175866,0.081067145,0.216,0.11572569,0.09424765,0.27447844,5.805389,-1.6129874e-09,0.0
2.1350000000000002,0.15175866,0.081067145,0.216,0.11696662,0.09379373,0.2724645,5.888373,-3.9149946e-08,0.0
2.14,0.15915276,0.07836246,0.204,0.11820418,0.093341045,0.27045608,5.974381,4.5393833e-08,0.0
2.145,0.15915276,0.07836246,0.204,0.11973224,0.092782095,0.26797616,6.0632906,2.5537416e-08,0.0
2.15,0.15915276,0.07836246,0.204,0.12117104,0.09225579,0.2656411,6.1563206,-1.548682e-08,0.0
2.1550000000000002,0.15915276,0.07836246,0.204,0.122525804,0.09176023,0.26344243,6.254095,5.2820828e-09,0.0
2.16,0.16654685,0.075657755,0.192,0.12387054,0.091268346,0.26126003,6.3557034,1.7414454e-08,0.0
2.165,0.16654685,0.075657755,0.192,0.12549952,0.09067248,0.25861633,6.459745,-1.0191929e-08,0.0
2.17,0.16654685,0.075657755,0.192,0.12703334,0.09011142,0.25612706,6.5665774,8.487499e-09,0.0
2.1750000000000003,0.16654685,0.075657755,0.192,0.12847757,0.089583136,0.2537832,6.6763635,2.9750586e-08,0.0
2.18,0.17394094,0.07295307,0.18,0.12990655,0.089060426,0.2514641,6.7880406,1.1890838e-08,0.0
2.185,0.17394094,0.07295307,0.18,0.13161486,0.088435546,0.24869166,6.900302,-1.3618804e-08,0.0
2.19,0.17394094,0.07295307,0.18,0.13322338,0.087847166,0.24608117,7.013714,3.42278e-08,0.0
2.195,0.17394094,0.07295307,0.18,0.13473795,0.087293155,0.24362317,7.128742,1.5968114e-08,0.0
2.2,0.18133503,0.070248365,0.16799998,0.13623315,0.08674622,0.24119657,7.244659,1.0713538e-08,0.0
2.205,0.18133503,0.070248365,0.16799998,0.13800381,0.08609853,0.23832294,7.3604693,-1.7322433e-08,0.0
2.21,0.18133503,0.070248365,0.16799998,0.13967104,0.08548867,0.23561716,7.476995,2.0074454e-08,0.0
2.215,0.18133503,0.070248365,0.16799998,0.1412409,0.08491443,0.23306943,7.5948925,-4.8005067e-09,0.0
2.22,0.18872914,0.06754368,0.156,0.14278816,0.08434846,0.23055837,7.713598,1.4257635e-08,0.0
2.225,0.18872914,0.06754368,0.156,0.14460783,0.08368284,0.2276052,7.832194,1.0931606e-08,0.0
2.23,0.18872914,0.06754368,0.156,0.1463212,0.0830561,0.22482452,7.952679,5.691283e-09,0.0
2.235,0.18872914,0.06754368,0.156,0.14793451,0.08246597,0.22220626,8.077072,2.102033e-08,0.0
2.24,0.19612323,0.064838976,0.144,0.14952268,0.08188503,0.2196288,8.205525,1.817199e-08,0.0
2.245,0.19612323,0.064838976,0.144,0.15138088,0.08120532,0.2166131,8.337286,-1.2440753e-10,0.0
2.25,0.19612323,0.064838976,0.144,0.15313055,0.08056531,0.21377355,8.472966,-5.67698e-09,0.0
2.255,0.19612323,0.064838976,0.144,0.154778,0.079962686,0.21109986,8.612802,8.119054e-09,0.0
2.2600000000000002,0.20351732,0.062134285,0.13199998,0.15639834,0.079369985,0.2084702,8.755651,-9.978533e-09,0.0
2.265,0.20351732,0.062134285,0.13199998,0.15828682,0.0786792,0.20540535,8.900853,1.0426304e-08,0.0
2.27,0.20351732,0.062134285,0.13199998,0.160065,0.07802876,0.20251952,9.0487175,8.419038e-09,0.0
2.275,0.20351732,0.062134285,0.13199998,0.1617393,0.077416316,0.19980226,9.198968,3.0358462e-09,0.0
2.2800000000000002,0.21091141,0.0594296,0.12,0.16338491,0.07681437,0.19713157,9.35027,2.2078555e-09,0.0
2.285,0.21091141,0.0594296,0.12,0.1652972,0.07611487,0.1940281,9.501184,8.5108045e-09,0.0
2.29,0.21091141,0.0594296,0.12,0.16709778,0.07545623,0.19110589,9.652305,1.6731612e-08,0.0
2.295,0.21091141,0.0594296,0.12,0.16879319,0.07483607,0.18835437,9.80422,1.6029883e-08,0.0
2.3000000000000003,0.21830551,0.056724895,0.10800001,0.17045867,0.07422685,0.18565144,9.957534,2.0072736e-08,0.0
2.305,0.21830551,0.056724895,0.10800001,0.17238967,0.073520504,0.18251759,10.112737,1.1133374e-08,0.0
2.31,0.21830551,0.056724895,0.10800001,0.17420788,0.07285542,0.17956679,10.271568,1.1549504e-08,0.0
2.315,0.21830551,0.056724895,0.10800001,0.17591988,0.072229184,0.17678834,10.435068,5.3294023e-09,0.0
2.32,0.2256996,0.05402021,0.096,0.17760098,0.07161425,0.17406005,10.602583,7.970989e-09,0.0
2.325,0.2256996,0.05402021,0.096,0.17954668,0.070902534,0.17090233,10.772925,1.6203902e-08,0.0
2.33,0.2256996,0.05402021,0.096,0.18137874,0.070232384,0.16792905,10.946636,2.1370417e-10,0.0
2.335,0.2256996,0.05402021,0.096,0.18310377,0.06960138,0.16512945,11.123957,1.1665202e-08,0.0
2.34,0.2330937,0.051315505,0.08399999,0.18479715,0.06898195,0.16238123,11.303809,1.20201555e-08,0.0
2.345,0.2330937,0.051315505,0.08399999,0.18675442,0.068266004,0.15920475,11.484869,1.8135644e-08,0.0
2.35,0.2330937,0.051315505,0.08399999,0.18859735,0.067591876,0.15621382,11.667709,6.1078635e-09,0.0
2.355,0.2330937,0.051315505,0.08399999,0.19033264,0.06695712,0.15339759,11.85313,1.8963314e-08,0.0
2.36,0.24048778,0.04861082,0.072000004,0.19203568,0.066334166,0.15063371,12.041356,7.3675825e-09,0.0
2.365,0.24048778,0.04861082,0.072000004,0.19400203,0.065614894,0.14744249,12.232181,1.6092196e-08,0.0
2.37,0.24048778,0.04861082,0.072000004,0.19585353,0.064937636,0.14443767,12.426812,6.2979627e-10,0.0
2.375,0.24048778,0.04861082,0.072000004,0.19759688,0.06429993,0.14160837,12.625934,1.0891129e-08,0.0
2.38,0.24788187,0.045906115,0.06,0.1993075,0.063674204,0.13883218,12.828716,1.22921096e-08,0.0
2.3850000000000002,0.24788187,0.045906115,0.06,0.201281,0.06295232,0.13562937,13.033841,1.3440289e-08,0.0
2.39,0.24788187,0.045906115,0.06,0.20313922,0.062272597,0.13261363,13.241831,1.4764685e-08,0.0
2.395,0.24788187,0.045906115,0.06,0.2048889,0.06163258,0.12977405,13.452963,1.4629183e-08,0.0
2.4,0.25527596,0.04320143,0.047999993,0.20660548,0.061004672,0.12698819,13.666181,9.160678e-09,0.0
2.4050000000000002,0.25527596,0.04320143,0.047999993,0.20858459,0.060280733,0.123776264,13.880617,2.469264e-08,0.0
2.41,0.25527596,0.04320143,0.047999993,0.2104481,0.05959908,0.12075195,14.097615,1.2916188e-08,0.0
2.415,0.25527596,0.04320143,0.047999993,0.21220276,0.05895724,0.11790429,14.318124,5.7457075e-09,0.0
2.42,0.26267007,0.040496726,0.036000002,0.21392402,0.058327615,0.115110815,14.541491,1.2833629e-08,0.0
2.4250000000000003,0.26267007,0.040496726,0.036000002,0.21590754,0.05760206,0.111891724,14.766567,2.9588323e-09,0.0
2.43,0.26267007,0.040496726,0.036000002,0.2177752,0.056918886,0.108860664,14.993958,2.0668853e-08,0.0
2.435,0.26267007,0.040496726,0.036000002,0.21953376,0.056275617,0.10600665,15.223986,2.8567229e-08,0.0
2.44,0.27006418,0.037792042,0.023999996,0.22125871,0.055644646,0.1032072,15.455666,1.5540554e-08,0.0
2.445,0.27006418,0.037792042,0.023999996,0.22324571,0.054917824,0.09998248,15.687648,9.620358e-09,0.0
2.45,0.27006418,0.037792042,0.023999996,0.22511664,0.054233454,0.09694612,15.921073,2.700592e-08,0.0
2.455,0.27006418,0.037792042,0.023999996,0.22687829,0.05358906,0.09408712,16.156935,1.0451519e-08,0.0
2.46,0.27745825,0.035087354,0.012000007,0.22860613,0.05295703,0.091282964,16.394712,5.4228533e-09,0.0
2.465,0.27745825,0.035087354,0.012000007,0.23059586,0.052229207,0.08805382,16.633265,1.5099465e-08,0.0
2.47,0.27745825,0.035087354,0.012000007,0.23246935,0.0515439,0.08501329,16.873217,1.6560374e-08,0.0
2.475,0.27745825,0.035087354,0.012000007,0.23423341,0.05089862,0.08215037,17.114979,8.841587e-09,0.0
2.48,0.28485236,0.032382652,0.0,0.23596354,0.050265756,0.07934252,17.357574,1.8992223e-08,0.0
2.485,0.28485236,0.032382652,0.0,0.23795539,0.049537152,0.0761099,17.599728,3.5781136e-09,0.0
2.49,0.28485236,0.032382652,0.0,0.23983091,0.048851106,0.0730661,17.842304,1.9690678e-08,0.0
2.495,0.28485236,0.032382652,0.0,0.24159688,0.048205134,0.07020009,18.086132,2.0907368e-08,0.0
2.5,0.28485236,0.032382652,0.0,0.2433288,0.047571614,0.06738934,18.330551,1.3603342e-08,0.0
2.505,0.28485236,0.032382652,0.0,0.24532233,0.046842393,0.064153984,18.574518,1.2105891e-08,0.0
2.5100000000000002,0.28485236,0.032382652,0.0,0.24719943,0.046155766,0.061107606,18.81873,2.6836549e-08,0.0
2.515,0.28485236,0.032382652,0.0,0.24896689,0.045509245,0.05823917,19.063627,1.3323852e-08,0.0
2.52,0.37351084,0.06690245,0.056762394,0.2507002,0.044875212,0.055426136,19.308363,1.1604315e-08,0.0
2.525,0.37351084,0.06690245,0.056762394,0.25269508,0.044145506,0.052188627,19.55185,5.5911182e-09,0.0
2.5300000000000002,0.37351084,0.06690245,0.056762394,0.25457343,0.043458425,0.049140226,19.79498,1.16028795e-08,0.0
2.535,0.37351084,0.06690245,0.056762394,0.25634205,0.042811476,0.046269886,20.03845,1.6001048e-08,0.0
2.54,0.50008214,0.20146741,0.22794375,0.25800738,0.042202316,0.043567207,20.281683,1.525219e-08,0.0
2.545,0.50008214,0.20146741,0.22794375,0.25957543,0.041628737,0.041022394,20.523401,1.4702614e-08,0.0
2.5500000000000003,0.50008214,0.20146741,0.22794375,0.2610519,0.041088663,0.038626228,20.761969,1.5455692e-08,0.0
2.555,0.50008214,0.20146741,0.22794375,0.2624421,0.040580135,0.036370024,20.995665,1.31058115e-08,0.0
2.56,0.57098174,0.37284446,0.2028163,0.2645797,0.040423926,0.034776095,21.222923,1.6345163e-08,0.0
2.565,0.57098174,0.37284446,0.2028163,0.2709425,0.04197057,0.03606034,21.447014,1.3556923e-08,0.0
2.57,0.57098174,0.37284446,0.2028163,0.27693364,0.04342687,0.037269574,21.695642,1.4220103e-08,0.0
2.575,0.57098174,0.37284446,0.2028163,0.28257483,0.04479811,0.03840817,21.994976,2.3997744e-08,0.0
2.58,0.55701655,0.6,0.084771074,0.2890694,0.047346868,0.041080087,22.355648,1.29976625e-08,0.0
2.585,0.55701655,0.6,0.084771074,0.3013949,0.056349233,0.05199502,22.784073,4.7609067e-08,0.0
2.59,0.55701655,0.6,0.084771074,0.31300047,0.06482576,0.0622724,23.312773,2.5381013e-08,0.0
2.595,0.55701655,0.6,0.084771074,0.32392815,0.07280716,0.07194946,23.968067,3.3472404e-08,0.0
2.6,0.5575297,0.6,0.0,0.3348801,0.08192402,0.08082644,24.755169,9.949881e-09,0.0
2.605,0.5575297,0.6,0.0,0.34862882,0.09891704,0.08795201,25.668495,6.210601e-08,0.0
2.61,0.5575297,0.6,0.0,0.36161673,0.11491747,0.09466137,26.71332,4.3259206e-08,0.0
2.615,0.5575297,0.6,0.0,0.373846,0.12998329,0.10097883,27.89158,1.03366006e-07,0.0
2.62,0.5587836,0.6,0.0,0.38523042,0.14629206,0.10582405,29.194338,1.2240852e-07,0.0
2.625,0.5587836,0.6,0.0,0.39526466,0.16287494,0.10459432,30.604656,1.0927107e-07,0.0
2.63,0.5587836,0.6,0.0,0.40471277,0.17929316,0.10343642,32.097965,9.0553065e-08,0.0
2.6350000000000002,0.5587836,0.6,0.0,0.41360903,0.19553429,0.10234615,33.64665,8.762743e-08,0.0
2.64,0.6,0.6,0.0,0.42199042,0.21158603,0.10052732,35.22452,1.3625016e-07,0.0
2.645,0.6,0.6,0.0,0.42990744,0.22743617,0.094655395,36.809788,7.808154e-08,0.0
2.65,0.6,0.6,0.0,0.43736202,0.24307266,0.08912646,38.378067,6.356835e-08,0.0
2.6550000000000002,0.6,0.6,0.0,0.44438115,0.25848356,0.08392048,39.813396,4.1573244e-08,0.0
2.66,0.599674,0.6,0.0,0.451002,0.27365714,0.079018585,40.988197,0.018510506,0.0
2.665,0.599674,0.6,0.0,0.45729765,0.28858176,0.07440302,41.808434,0.20461613,0.0
2.67,0.599674,0.6,0.0,0.46322557,0.303246,0.07005705,42.254585,0.5948069,0.0
2.6750000000000003,0.599674,0.6,0.0,0.46880722,0.31763858,0.06596493,42.352005,1.1580545,0.0
2.68,0.5030674,0.6,0.073682666,0.47444806,0.3317484,0.06211184,42.15047,1.8362211,0.0
2.685,0.5030674,0.6,0.073682666,0.4817817,0.34556457,0.058483813,41.71266,2.5577655,0.0
2.69,0.5030674,0.6,0.073682666,0.48868698,0.3590764,0.055067703,41.113,3.2394972,0.0
2.695,0.5030674,0.6,0.073682666,0.49518892,0.37227342,0.05185113,40.418396,3.8083298,0.0
2.7,0.455462,0.6,0.51260895,0.501308,0.3851453,0.048822444,39.679585,4.210725,0.0
2.705,0.455462,0.6,0.51260895,0.5070537,0.39768198,0.045970667,38.931705,4.4113164,0.0
2.71,0.455462,0.6,0.51260895,0.51246375,0.40949962,0.043285467,38.196167,4.390382,0.0
2.715,0.455462,0.6,0.51260895,0.5175578,0.42062697,0.04075711,37.487076,4.136371,0.0
2.72,0.16626543,0.55546343,0.5384885,0.5214514,0.43110436,0.03906506,36.812157,3.644534,0.0
2.725,0.16626543,0.55546343,0.5384885,0.5203776,0.44096977,0.041087117,36.169624,2.9203637,0.0
2.73,0.16626543,0.55546343,0.5384885,0.51936644,0.4502589,0.04299106,36.539234,0.875663,0.0
2.735,0.16626543,0.55546343,0.5384885,0.5184144,0.45900548,0.044783793,37.45613,5.2426618e-08,0.0
2.74,0.2853139,0.41566706,0.6,0.51707304,0.46724114,0.050573926,38.690575,1.275292e-07,0.0
2.745,0.2853139,0.41566706,0.6,0.5134743,0.47499573,0.06784663,40.08709,8.9215916e-08,0.0
2.75,0.2853139,0.41566706,0.6,0.5100857,0.4822974,0.08502632,41.40574,8.607886e-08,0.0
2.755,0.2853139,0.41566706,0.6,0.50689507,0.48917255,0.10210007,42.489395,0.013077671,0.0
2.7600000000000002,0.36534452,0.5169775,0.6,0.50118804,0.4952299,0.11905503,43.23566,0.17940383,0.0
2.765,0.36534452,0.5169775,0.6,0.4816248,0.4987482,0.13587844,43.606102,0.55630153,0.0
2.77,0.36534452,0.5169775,0.6,0.4632043,0.502061,0.15255761,43.523926,1.2261723,0.0
2.775,0.36534452,0.5169775,0.6,0.44585973,0.5051803,0.16907993,42.955647,2.2197695,0.0
2.7800000000000002,0.0,0.6,0.5146186,0.43064088,0.5068109,0.1854329,41.94181,3.4837015,0.0
2.785,0.0,0.6,0.5146186,0.42215216,0.5014871,0.20160413,40.577087,4.9051275,0.0
2.79,0.0,0.6,0.5146186,0.41415927,0.49647424,0.21758135,38.07413,7.3520083,0.0
2.795,0.0,0.6,0.5146186,0.40663326,0.4917542,0.23335241,34.636658,10.5578785,0.0
2.8000000000000003,0.0,0.6,0.6,0.4002948,0.4882567,0.2489053,30.9653,13.665205,0.0
2.805,0.0,0.6,0.6,0.39825332,0.4899343,0.26422817,27.69122,14.977011,0.0
2.81,0.0,0.6,0.6,0.39633107,0.4915139,0.2793093,26.138906,11.755239,0.0
2.815,0.0,0.6,0.6,0.39452112,0.49300125,0.29413718,26.243053,3.7481625,0.0
2.82,0.0,0.6,0.6,0.38940245,0.49517766,0.30870038,25.865086,5.390911e-08,0.0
2.825,0.0,0.6,0.6,0.366657,0.50130045,0.3207283,25.420134,3.0582775e-08,0.0
2.83,0.0,0.6,0.6,0.34524012,0.5070656,0.33205366,25.286667,6.427436e-09,0.0
2.835,0.0,0.6,0.6,0.32507423,0.512494,0.3427175,25.122131,-9.35625e-09,0.0
2.84,0.0,0.3398839,0.6,0.30608624,0.51760536,0.3535564,24.715754,9.104669e-10,0.0
2.845,0.0,0.3398839,0.6,0.28820738,0.52241814,0.36688417,23.961908,6.982965e-08,0.0
2.85,0.0,0.3398839,0.6,0.27137285,0.52694976,0.379891,22.832104,5.3840314e-08,0.0
2.855,0.0,0.3398839,0.6,0.25552163,0.53121674,0.39256677,21.352982,-3.665515e-08,0.0
2.86,0.026208438,0.0,0.6,0.2405963,0.53523445,0.4046832,19.587723,1.3944697e-09,0.0
2.865,0.026208438,0.0,0.6,0.22654277,0.5390175,0.4160919,17.61792,-1.2559278e-08,0.0
2.87,0.026208438,0.0,0.6,0.21331014,0.5425796,0.4268342,15.527722,-2.0876243e-08,0.0
2.875,0.026208438,0.0,0.6,0.20085043,0.5459336,0.436949,13.397166,-5.3952657e-08,0.0
2.88,0.2661183,0.0,0.3255171,0.1891185,0.5466607,0.44647303,11.302855,-8.4736364e-08,0.0
2.8850000000000002,0.2661183,0.0,0.3255171,0.17807186,0.5345826,0.45544073,9.324923,1.42779e-07,0.0
2.89,0.2661183,0.0,0.3255171,0.16767046,0.52321005,0.46388462,6.738902,-2.7879198e-08,0.0
2.895,0.2661183,0.0,0.3255171,0.15787663,0.5125017,0.4718353,3.6289659,3.189979e-08,0.0
2.9,0.6,0.07617277,0.43310118,0.1488998,0.49924242,0.47932154,0.6250641,-1.5179566e-07,0.0
2.9050000000000002,0.6,0.07617277,0.43310118,0.14173324,0.47008106,0.4863705,1.8116905e-08,5.842318e-09,0.0
2.91,0.6,0.07617277,0.43310118,0.1349853,0.44262305,0.49300775,3.6716146e-09,-1.4353747e-08,0.0
2.915,0.6,0.07617277,0.43310118,0.1286315,0.4167689,0.4992573,1.6021332e-09,-8.730888e-09,0.0
2.92,0.44887504,0.30977863,0.04559178,0.124891,0.39242494,0.50257653,0.057932813,-2.5371127e-09,0.0
2.9250000000000003,0.44887504,0.30977863,0.04559178,0.13314025,0.36950293,0.49223426,0.26418903,4.3468757e-09,0.0
2.93,0.44887504,0.30977863,0.04559178,0.14090766,0.34791982,0.4824961,0.5148664,3.0554737e-08,0.0
2.935,0.44887504,0.30977863,0.04559178,0.14822136,0.3275974,0.47332677,0.8780159,-2.0106283e-08,0.0
2.94,0.3879611,0.2734479,0.30303532,0.15822825,0.30917394,0.46569848,1.4793103,4.086758e-08,0.0
2.945,0.3879611,0.2734479,0.30303532,0.17469403,0.29556406,0.46379444,2.3494549,-4.613927e-08,0.0
2.95,0.3879611,0.2734479,0.30303532,0.19098622,0.28274915,0.46200162,3.4688082,-1.1982012e-09,0.0
2.955,0.3879611,0.2734479,0.30303532,0.20709243,0.27068278,0.4603135,4.7767386,-2.828949e-08,0.0
2.96,0.6,0.4194171,0.38952592,0.22300048,0.26150444,0.4551024,6.1950216,1.3182073e-08,0.0
2.965,0.6,0.4194171,0.38952592,0.23619409,0.2643242,0.4311824,7.6543713,1.12802816e-07,0.0
2.97,0.6,0.4194171,0.38952592,0.24861704,0.26697925,0.4086596,9.336218,3.622874e-08,0.0
2.975,0.6,0.4194171,0.38952592,0.26031435,0.26947922,0.38745236,11.226776,-2.2583057e-08,0.0
2.98,0.6,0.6,0.24150755,0.2707591,0.2714936,0.3698899,13.186213,5.032381e-08,0.0
2.985,0.6,0.6,0.24150755,0.27760503,0.27160776,0.36598483,15.121677,1.3566028e-08,0.0
2.99,0.6,0.6,0.24150755,0.28405106,0.27171525,0.36230788,16.96046,2.2305942e-07,0.0
2.995,0.6,0.6,0.24150755,0.29012057,0.27181646,0.35884568,18.657434,1.7263905e-07,0.0
3.0,0.22267318,0.6,0.31575006,0.29781723,0.27327594,0.35639405,20.195494,4.0406164e-08,0.0
3.005,0.22267318,0.6,0.31575006,0.31231225,0.28181222,0.35832933,21.584852,3.933387e-08,0.0
3.0100000000000002,0.22267318,0.6,0.31575006,0.32652864,0.28984988,0.36015156,22.866318,8.073256e-08,0.0
3.015,0.22267318,0.6,0.31575006,0.3404554,0.29741806,0.36186734,24.050274,3.9166338e-08,0.0
3.02,0.4862129,0.6,0.5915894,0.3540818,0.30623186,0.36209956,25.133709,5.7793162e-08,0.0
3.025,0.4862129,0.6,0.5915894,0.36739725,0.32056713,0.35505563,26.11408,1.2746291e-08,0.0
3.0300000000000002,0.4862129,0.6,0.5915894,0.38039136,0.33461738,0.34842315,26.968012,2.3615115e-08,0.0
3.035,0.4862129,0.6,0.5915894,0.393054,0.34837177,0.34217808,27.678585,-6.4701218e-09,0.0
3.04,0.28415564,0.5584207,0.6,0.40161556,0.36181965,0.33699164,28.247902,4.82518e-08,0.0
3.045,0.28415564,0.5584207,0.6,0.39116332,0.37495056,0.33575088,28.67025,-2.522192e-08,0.0
3.0500000000000003,0.28415564,0.5584207,0.6,0.3813216,0.38775423,0.3345826,29.485723,7.6689455e-09,0.0
3.055,0.28415564,0.5584207,0.6,0.37205476,0.40015176,0.33348256,30.657001,8.6446576e-08,0.0
3.06,0.3460344,0.6,0.6,0.36579219,0.41182515,0.3350247,31.811806,7.732297e-08,0.0
3.065,0.3460344,0.6,0.6,0.3728261,0.42281666,0.3487703,32.732376,3.5724124e-08,0.0
3.0700000000000003,0.3460344,0.6,0.6,0.37944916,0.43316615,0.36220902,32.77992,1.9583013e-09,0.0
3.075,0.3460344,0.6,0.6,0.38568535,0.44291112,0.37533048,31.924852,7.6266735e-09,0.0
3.08,0.36834076,0.6,0.6,0.3896689,0.45169827,0.38804102,30.521034,-3.088613e-08,0.0
3.085,0.36834076,0.6,0.6,0.38350576,0.45793205,0.4004218,28.84006,3.775155e-08,0.0
3.09,0.36834076,0.6,0.6,0.3777026,0.4638017,0.4120794,27.664,-4.0003876e-08,0.0
3.095,0.36834076,0.6,0.6,0.3722384,0.46932852,0.42305607,27.14149,4.1296165e-08,0.0
3.1,0.25946045,0.6,0.6,0.36767167,0.4749211,0.43339157,27.001806,9.5817265e-09,0.0
3.105,0.25946045,0.6,0.6,0.3664078,0.48222712,0.44312337,27.043655,-1.163568e-08,0.0
3.11,0.25946045,0.6,0.6,0.36521778,0.4891064,0.45228672,27.13654,-1.7858726e-08,0.0
3.115,0.25946045,0.6,0.6,0.36409724,0.49558383,0.46091482,27.199783,-3.2646774e-08,0.0
3.12,0.0,0.6,0.6,0.36325064,0.50168294,0.46903896,27.186077,1.4924863e-08,0.0
3.125,0.0,0.6,0.6,0.36354795,0.5074258,0.47668856,27.075006,3.2793759e-09,0.0
3.13,0.0,0.6,0.6,0.3638279,0.5128332,0.48389134,26.283188,4.0805688e-08,0.0
3.1350000000000002,0.0,0.6,0.6,0.36409152,0.5179247,0.4906734,24.778343,-7.121381e-08,0.0
3.14,0.0,0.6,0.6,0.36332214,0.52271885,0.4970593,22.90516,-2.2427633e-08,0.0
3.145,0.0,0.6,0.6,0.35725546,0.52723294,0.5030722,21.513231,-8.138516e-08,0.0
3.15,0.0,0.6,0.6,0.35154313,0.53148335,0.50873387,20.800814,-2.7899656e-08,0.0
3.1550000000000002,0.0,0.6,0.6,0.34616446,0.5354855,0.51406485,20.52233,2.265927e-08,0.0
3.16,0.0,0.38866374,0.6,0.3386751,0.5392539,0.51908445,20.479715,1.2662996e-08,0.0
3.165,0.0,0.38866374,0.6,0.3188927,0.54280216,0.5238108,20.508406,-1.551494e-08,0.0
3.17,0.0,0.38866374,0.6,0.3002658,0.5461432,0.5282611,20.406881,6.07891e-08,0.0
3.1750000000000003,0.0,0.38866374,0.6,0.2827269,0.549289,0.5324515,20.020384,5.1343648e-08,0.0
3.18,0.0,0.0,0.6,0.2662125,0.5522511,0.5363971,19.28379,-5.7093143e-08,0.0
3.185,0.0,0.0,0.6,0.25066268,0.5550402,0.5401122,18.197554,1.08781386e-07,0.0
3.19,0.0,0.0,0.6,0.23602118,0.55766636,0.54361033,16.806114,-1.3296174e-07,0.0
3.1950000000000003,0.0,0.0,0.6,0.22223489,0.5601391,0.54690415,15.178553,1.1880374e-08,0.0
3.2,0.3203961,0.0,0.5437207,0.20925388,0.56049234,0.55000556,13.394774,5.329243e-08,0.0
3.205,0.3203961,0.0,0.5437207,0.19703111,0.55045563,0.55292577,11.544345,7.410533e-09,0.0
3.21,0.3203961,0.0,0.5437207,0.18552229,0.5410052,0.55567545,8.884787,-8.6155275e-08,0.0
3.215,0.3203961,0.0,0.5437207,0.1746857,0.53210676,0.5582645,5.5013905,-3.417929e-08,0.0
3.22,0.6,0.04874089,0.44635728,0.1644821,0.5200957,0.5607023,2.0551996,-1.615389e-07,0.0
3.225,0.6,0.04874089,0.44635728,0.1548745,0.4897163,0.56299776,8.025898e-09,-6.609929e-08,0.0
3.23,0.6,0.04874089,0.44635728,0.1458281,0.46111137,0.5651591,1.8807422e-09,-2.5885765e-08,0.0
3.235,0.6,0.04874089,0.44635728,0.1373101,0.43417728,0.56719416,1.3687614e-08,-7.610777e-09,0.0
3.24,0.40043196,0.10926462,0.4734556,0.13228402,0.40881646,0.56858444,0.04543757,2.7118572e-08,0.0
3.245,0.40043196,0.10926462,0.4734556,0.14327186,0.384937,0.5671321,0.2150112,8.4195975e-09,0.0
3.25,0.40043196,0.10926462,0.4734556,0.1536179,0.36245236,0.5657646,0.41939,3.6305472e-08,0.0
3.255,0.40043196,0.10926462,0.4734556,0.16335961,0.3412811,0.56447697,0.76277286,-5.5613563e-09,0.0
3.2600000000000002,0.14295423,0.14624609,0.6,0.17514542,0.32180196,0.5623546,1.4006485,2.4690157e-08,0.0
3.265,0.14295423,0.14624609,0.6,0.19143264,0.30585214,0.55557907,2.3728542,-1.3435793e-07,0.0
3.27,0.14295423,0.14624609,0.6,0.20753357,0.29083398,0.5491993,3.6445005,1.2032652e-07,0.0
3.275,0.14295423,0.14624609,0.6,0.22343598,0.27669302,0.54319215,5.129591,8.618287e-08,0.0
3.2800000000000002,0.42955464,0.36953703,0.6,0.23912778,0.2639437,0.53778917,6.72902,1.612294e-07,0.0
3.285,0.42955464,0.36953703,0.6,0.24854976,0.2549087,0.5340314,8.366088,1.2332701e-07,0.0
3.29,0.42955464,0.36953703,0.6,0.25742137,0.24640146,0.5304931,9.958544,6.2680144e-08,0.0
3.295,0.42955464,0.36953703,0.6,0.2657748,0.23839113,0.5271615,11.689641,5.9229748e-08,0.0
3.3000000000000003,0.48712716,0.6,0.6,0.27123395,0.23119432,0.5252071,13.555703,-1.1311585e-08,0.0
3.305,0.48712716,0.6,0.6,0.263741,0.2262324,0.5295758,15.411911,1.665534e-08,0.0
3.31,0.48712716,0.6,0.6,0.25668567,0.2215603,0.5336894,17.538658,1.3606395e-07,0.0
3.315,0.48712716,0.6,0.6,0.25004247,0.2171611,0.53756267,19.847303,9.98719e-08,0.0
3.3200000000000003,0.0,0.6,0.42148256,0.24646582,0.2151057,0.5412097,22.047283,1.5212808e-07,0.0
3.325,0.0,0.6,0.42148256,0.25716025,0.22412622,0.5446437,23.987528,1.2133658e-07,0.0
3.33,0.0,0.6,0.42148256,0.26723,0.23261984,0.54787713,25.27489,1.1503647e-07,0.0
3.335,0.0,0.6,0.42148256,0.27671158,0.24061733,0.5509217,25.94064,8.182539e-08,0.0
3.34,0.0,0.6,0.58138984,0.2861774,0.25030154,0.5537884,26.251074,1.39631195e-08,0.0
3.345,0.0,0.6,0.58138984,0.2979151,0.265603,0.5564877,26.395409,4.140291e-08,0.0
3.35,0.0,0.6,0.58138984,0.3089672,0.2806617,0.5590293,26.503305,-3.203336e-08,0.0
3.355,0.0,0.6,0.58138984,0.31937373,0.2954661,0.5614224,26.59588,2.0713294e-08,0.0
3.36,0.0,0.6,0.5798174,0.32461983,0.3100048,0.56200737,26.650532,-9.697857e-09,0.0
3.365,0.0,0.6,0.5798174,0.3056584,0.32426664,0.55379915,26.629192,-5.0133522e-08,0.0
3.37,0.0,0.6,0.5798174,0.2878045,0.33824062,0.5460704,26.878496,1.1445678e-07,0.0
3.375,0.0,0.6,0.5798174,0.2709935,0.35191596,0.5387931,27.280233,1.3205805e-07,0.0
3.38,0.0,0.5799593,0.6,0.25516444,0.365282,0.5334353,27.48886,1.8956413e-08,0.0
3.3850000000000002,0.0,0.5799593,0.6,0.24025998,0.37832838,0.53623635,27.305641,9.502744e-08,0.0
3.39,0.0,0.5799593,0.6,0.22622609,0.39104488,0.5388738,26.646692,-3.6194578e-08,0.0
3.395,0.0,0.5799593,0.6,0.21301195,0.40325022,0.5413572,25.50447,-2.7329923e-08,0.0
3.4,0.0,0.26275244,0.57940704,0.20056966,0.41474262,0.5436809,23.922993,-1.4968807e-08,0.0
3.4050000000000002,0.0,0.26275244,0.57940704,0.18885414,0.42556372,0.5457917,21.979486,-5.1268586e-08,0.0
3.41,0.0,0.26275244,0.57940704,0.17782295,0.43575275,0.54777914,19.763617,1.12644145e-07,0.0
3.415,0.0,0.26275244,0.57940704,0.1674361,0.44534662,0.54965055,17.364365,-1.8340465e-08,0.0
3.42,0.15025148,0.0,0.21988605,0.15765595,0.45419282,0.55160123,14.871882,-1.5681144e-07,0.0
3.4250000000000003,0.15025148,0.0,0.21988605,0.14844708,0.461539,0.5544283,12.389331,-9.4799326e-08,0.0
3.43,0.15025148,0.0,0.21988605,0.13977611,0.46845606,0.55709016,10.029801,-4.19482e-08,0.0
3.435,0.15025148,0.0,0.21988605,0.13161162,0.4749691,0.5595966,7.893798,1.1224378e-08,0.0
3.44,0.6,0.21880059,0.29401848,0.123924024,0.47813714,0.5617642,6.0560083,8.923652e-08,0.0
3.4450000000000003,0.6,0.21880059,0.29401848,0.11668547,0.46555626,0.56279474,4.571676,2.0970765e-08,0.0
3.45,0.6,0.21880059,0.29401848,0.10986973,0.45371026,0.5637651,2.7692487,7.134643e-08,0.0
3.455,0.6,0.21880059,0.29401848,0.10345211,0.44255617,0.5646788,0.66148025,-5.120139e-08,0.0
3.46,0.48279557,0.03547488,0.23012047,0.09881356,0.42959797,0.5621791,-1.2888659e-09,-6.186128e-08,0.0
3.465,0.48279557,0.03547488,0.23012047,0.101818115,0.40450463,0.5421853,5.5880442e-09,-2.0968447e-08,0.0
3.47,0.48279557,0.03547488,0.23012047,0.10464717,0.38087702,0.5233594,-1.7408704e-08,5.894073e-08,0.0
3.475,0.48279557,0.03547488,0.23012047,0.10731097,0.35862952,0.5056332,-1.1482583e-08,1.5664181e-08,0.0
3.48,0.29238275,0.0,0.5010911,0.114022434,0.33972642,0.48963517,-2.622214e-09,4.880053e-10,0.0
3.485,0.29238275,0.0,0.5010911,0.13088633,0.332663,0.47820896,0.107592516,-7.522872e-08,0.0
3.49,0.29238275,0.0,0.5010911,0.14760974,0.32601216,0.46745017,0.46812344,-8.109684e-10,0.0
3.495,0.29238275,0.0,0.5010911,0.16418004,0.3197498,0.45731983,1.1488472,-3.4346332e-08,0.0
3.5,0.6,0.0,0.6,0.1805847,0.3121399,0.44718403,2.128458,3.252047e-08,0.0
3.505,0.6,0.0,0.6,0.19681129,0.29597956,0.43450508,3.334022,3.8579728e-08,0.0
3.5100000000000002,0.6,0.0,0.6,0.21284752,0.28076318,0.4225667,4.7066655,4.4342755e-08,0.0
3.515,0.6,0.0,0.6,0.22861551,0.2664356,0.4113257,6.186563,7.82849e-08,0.0
3.52,0.6,0.021628225,0.6,0.24168292,0.25261337,0.4032737,7.7163486,1.3391958e-07,0.0
3.525,0.6,0.021628225,0.6,0.24464436,0.23785791,0.40898734,9.483966,1.7659481e-07,0.0
3.5300000000000002,0.6,0.021628225,0.6,0.24743281,0.22396433,0.41436723,11.412877,1.6562623e-07,0.0
3.535,0.6,0.021628225,0.6,0.25005838,0.2108823,0.41943288,13.296171,1.2688898e-07,0.0
3.54,0.38784662,0.6,0.02776605,0.25540552,0.19856441,0.42512703,15.017507,6.813446e-08,0.0
3.545,0.38784662,0.6,0.02776605,0.2706277,0.18696602,0.43534157,16.54125,1.191024e-07,0.0
3.5500000000000003,0.38784662,0.6,0.02776605,0.28560328,0.1760451,0.44495946,17.928282,8.977245e-08,0.0
3.555,0.38784662,0.6,0.02776605,0.30032074,0.1657621,0.45401558,19.254826,8.603694e-08,0.0
3.56,0.27896026,0.6,0.0,0.3147688,0.15628186,0.4625427,20.570969,1.5711406e-07,0.0
3.565,0.27896026,0.6,0.0,0.3289363,0.14841658,0.47057176,21.90748,1.859019e-08,0.0
3.5700000000000003,0.27896026,0.6,0.0,0.34281236,0.14101072,0.47813183,23.28196,1.7289208e-08,0.0
3.575,0.27896026,0.6,0.0,0.3563862,0.13403744,0.4852503,24.703432,7.689246e-08,0.0
3.58,0.39223218,0.6,0.0,0.36863324,0.13287681,0.486605,26.17792,9.2717194e-08,0.0
3.585,0.39223218,0.6,0.0,0.3697555,0.14958273,0.45980364,27.70553,9.9563124e-08,0.0
3.59,0.39223218,0.6,0.0,0.37081224,0.16613404,0.4345678,29.229063,1.6927814e-07,0.0
3.595,0.39223218,0.6,0.0,0.37180725,0.18251824,0.41080603,30.691717,3.701731e-08,0.0
3.6,0.24873942,0.6,0.0,0.37172648,0.19872291,0.38817272,32.06468,1.3348212e-07,0.0
3.605,0.24873942,0.6,0.0,0.36630788,0.21473576,0.36549908,33.92888,-1.7358804e-09,0.0
3.61,0.24873942,0.6,0.0,0.36120582,0.23054461,0.34414983,36.31029,7.544858e-08,0.0
3.615,0.24873942,0.6,0.0,0.35640174,0.24613744,0.32404763,38.872757,2.3379526e-07,0.0
3.62,0.3789977,0.6,0.0,0.3529369,0.26150236,0.3051196,41.274555,2.495259e-07,0.0
3.625,0.3789977,0.6,0.0,0.35523218,0.27662763,0.2872972,43.249382,1.7569772e-07,0.0
3.63,0.3789977,0.6,0.0,0.35739338,0.29150167,0.2705158,44.11234,7.609016e-10,0.0
3.6350000000000002,0.3789977,0.6,0.0,0.35942835,0.3061131,0.25471464,43.789375,1.9332557e-08,0.0
3.64,0.20483169,0.6,0.0,0.3600034,0.32045066,0.23983645,42.609367,-5.2479173e-08,0.0
3.645,0.20483169,0.6,0.0,0.35350436,0.3345033,0.22582732,40.845867,5.2015928e-08,0.0
3.65,0.20483169,0.6,0.0,0.3473849,0.34826016,0.21263647,39.271374,-9.18277e-09,0.0
3.6550000000000002,0.20483169,0.6,0.0,0.3416229,0.3617106,0.20021611,38.08718,-6.724889e-08,0.0
3.66,0.24139217,0.40192088,0.0,0.33741483,0.37484416,0.18852125,37.109207,-2.9103397e-08,0.0
3.665,0.24139217,0.40192088,0.0,0.33984375,0.38765058,0.1775095,36.214474,-5.160947e-08,0.0
3.67,0.24139217,0.40192088,0.0,0.34213078,0.40005416,0.16714096,34.707302,0.6165962,0.0
3.6750000000000003,0.24139217,0.40192088,0.0,0.3442842,0.41173324,0.15737805,32.605755,1.6529814,0.0
3.68,0.37037933,0.38516384,0.0,0.34468415,0.42273012,0.1481854,30.276772,2.6859367,0.0
3.685,0.37037933,0.38516384,0.0,0.3365152,0.43308467,0.13952972,27.943806,3.4641862,0.0
3.69,0.37037933,0.38516384,0.0,0.3288234,0.4428344,0.13137962,26.35958,3.1555123,0.0
3.6950000000000003,0.37037933,0.38516384,0.0,0.3215809,0.45201465,0.12370557,25.520132,1.7957973,0.0
3.7,0.183112,0.0,0.0,0.3151031,0.45880744,0.116479784,25.00285,-5.701703e-08,0.0
3.705,0.183112,0.0,0.0,0.31079757,0.45548463,0.109676056,24.281971,-4.270928e-08,0.0
3.71,0.183112,0.0,0.0,0.30674353,0.4523559,0.10326974,22.87655,0.7188384,0.0
3.715,0.183112,0.0,0.0,0.30292627,0.44940993,0.09723763,20.802458,1.9160308,0.0
3.72,0.35807917,0.13291246,0.121600434,0.30053747,0.44647944,0.09155786,18.550596,3.0301857,0.0
3.725,0.35807917,0.13291246,0.121600434,0.30461702,0.44289792,0.086209856,16.444616,3.7027726,0.0
3.73,0.35807917,0.13291246,0.121600434,0.30845827,0.4395256,0.08117423,14.110537,4.361161,0.0
3.735,0.35807917,0.13291246,0.121600434,0.31207514,0.43635026,0.07643275,11.704059,4.8275657,0.0
3.74,0.19852732,0.13882495,0.11958944,0.3137306,0.42976072,0.07196822,9.642728,4.6438165,0.0
3.745,0.19852732,0.13882495,0.11958944,0.306101,0.40465787,0.06776447,8.161581,3.5674772,0.0
3.75,0.19852732,0.13882495,0.11958944,0.29891706,0.38102132,0.063806266,8.005348,0.79404485,0.0
3.755,0.19852732,0.13882495,0.11958944,0.29215273,0.3587654,0.060079265,8.508334,2.1403078e-08,0.0
3.7600000000000002,0.58752054,0.0839783,0.5333303,0.28741875,0.33905163,0.057706416,9.731131,7.642224e-08,0.0
3.765,0.58752054,0.0839783,0.5333303,0.2915461,0.3270108,0.06143854,11.479535,1.658209e-07,0.0
3.77,0.58752054,0.0839783,0.5333303,0.2954324,0.3156733,0.06495267,12.980179,0.16028601,0.0
3.775,0.58752054,0.0839783,0.5333303,0.29909167,0.304998,0.068261534,14.012028,0.573893,0.0
3.7800000000000002,0.35701165,0.43624687,0.25415128,0.30104607,0.29500154,0.07135833,14.766411,1.0303838,0.0
3.785,0.35701165,0.43624687,0.25415128,0.29505783,0.28587908,0.07417557,15.377096,1.3812845,0.0
3.79,0.35701165,0.43624687,0.25415128,0.28941938,0.27728948,0.07682825,16.474718,0.9273616,0.0
3.795,0.35701165,0.43624687,0.25415128,0.28411028,0.2692016,0.07932598,17.978624,9.936766e-08,0.0
3.8000000000000003,0.6,0.47248277,0.05267839,0.28274673,0.26107356,0.08554456,19.414232,1.3557258e-07,0.0
3.805,0.6,0.47248277,0.05267839,0.29751465,0.2507292,0.1026149,20.854763,1.3421517e-07,0.0
3.81,0.6,0.47248277,0.05267839,0.31201532,0.24098907,0.119566076,21.80672,0.2904702,0.0
3.815,0.6,0.47248277,0.05267839,0.3262376,0.23181789,0.1363853,22.329473,0.8028639,0.0
3.8200000000000003,0.5116219,0.47808084,0.1548661,0.33934516,0.22647463,0.1530599,22.770412,1.1472024,0.0
3.825,0.5116219,0.47808084,0.1548661,0.3403771,0.23872767,0.15896477,23.303581,1.1359273,0.0
3.83,0.5116219,0.47808084,0.1548661,0.34134874,0.250265,0.16452473,24.185873,0.49295825,0.0
3.835,0.5116219,0.47808084,0.1548661,0.34226364,0.26112843,0.16975993,25.22913,6.498756e-08,0.0
3.84,0.6,0.6,0.012316884,0.345396,0.27169597,0.17280641,26.29606,1.0967497e-07,0.0
3.845,0.6,0.6,0.012316884,0.35891166,0.28342417,0.16578959,27.374752,9.536788e-08,0.0
3.85,0.6,0.6,0.012316884,0.37211263,0.2944673,0.15918262,28.396507,9.986975e-08,0.0
3.855,0.6,0.6,0.012316884,0.38498858,0.3048654,0.15296158,29.330032,3.3325982e-08,0.0
3.86,0.6,0.6,0.0017157734,0.3967217,0.31470844,0.14805895,30.159645,5.7191702e-08,0.0
3.865,0.6,0.6,0.0017157734,0.40343314,0.32425123,0.14845656,30.878262,5.6928567e-08,0.0
3.87,0.6,0.6,0.0017157734,0.40975258,0.3332366,0.14883095,31.465235,4.3707505e-08,0.0
3.875,0.6,0.6,0.0017157734,0.41570288,0.34169713,0.14918347,31.905277,3.1021273e-08,0.0
3.88,0.516583,0.6,0.4271976,0.4221316,0.3508029,0.14818317,32.200172,2.2944116e-08,0.0
3.8850000000000002,0.516583,0.6,0.4271976,0.4325211,0.36419478,0.14024705,32.3619,1.1154402e-08,0.0
3.89,0.516583,0.6,0.4271976,0.44230375,0.37726784,0.13277449,32.407806,4.095133e-09,0.0
3.895,0.516583,0.6,0.4271976,0.451515,0.39001185,0.12573841,32.35713,-4.8950786e-09,0.0
3.9,0.5557762,0.6,0.6,0.46018818,0.4022775,0.11901425,32.228592,8.068758e-09,0.0
3.9050000000000002,0.5557762,0.6,0.6,0.46835476,0.4138267,0.1121627,32.039616,-1.7617078e-09,0.0
3.91,0.5557762,0.6,0.6,0.47604433,0.4247013,0.10571136,31.80681,5.48199e-09,0.0
3.915,0.5557762,0.6,0.6,0.48328474,0.43494073,0.09963685,31.545702,6.8709256e-09,0.0
3.92,0.18189627,0.6,0.6,0.48932263,0.44458205,0.09789363,31.270254,-4.5194493e-09,0.0
3.9250000000000003,0.18189627,0.6,0.6,0.49091494,0.4536602,0.11487913,30.98881,-1.0855293e-08,0.0
3.93,0.18189627,0.6,0.6,0.49241424,0.4622081,0.13173622,30.688393,-4.6051944e-09,0.0
3.935,0.18189627,0.6,0.6,0.49382597,0.4702567,0.14845218,30.355484,-1.1630312e-08,0.0
3.94,0.2754133,0.5324582,0.6,0.49552152,0.47783515,0.1650144,29.987516,1.3070838e-08,0.0
3.9450000000000003,0.2754133,0.5324582,0.6,0.49904105,0.48497096,0.18141034,29.590757,-1.2599995e-08,0.0
3.95,0.2754133,0.5324582,0.6,0.50235504,0.49168995,0.1976276,29.184631,-9.310134e-09,0.0
3.955,0.2754133,0.5324582,0.6,0.50547546,0.49801648,0.21365386,28.789516,-1.882394e-08,0.0
3.96,0.4096209,0.6,0.6,0.5049194,0.5039735,0.22947696,28.41988,-1.0874202e-08,0.0
3.9650000000000003,0.4096209,0.6,0.6,0.48605123,0.5095825,0.24508485,28.866167,4.906467e-08,0.0
3.97,0.4096209,0.6,0.6,0.46828517,0.5148639,0.26046562,30.065071,1.381405e-07,0.0
3.975,0.4096209,0.6,0.6,0.45155686,0.5198368,0.27560756,31.447876,1.09776316e-07,0.0
3.98,0.0,0.6,0.5815009,0.43667966,0.523888,0.29049903,32.63806,4.7927937e-08,0.0
3.985,0.0,0.6,0.5815009,0.4272599,0.5243886,0.30512866,33.42838,2.2394094e-08,0.0
3.99,0.0,0.6,0.5815009,0.41839036,0.52485996,0.3194852,33.776493,-2.2983953e-09,0.0
3.995,0.0,0.6,0.5815009,0.4100389,0.5253038,0.33355755,33.72139,-1.4412872e-08,0.0
4.0,0.0,0.6,0.6,0.4034295,0.5263529,0.34733486,33.327568,-3.4032904e-08,0.0
4.005,0.0,0.6,0.6,0.40379116,0.5306547,0.36080647,32.67488,5.600139e-08,0.0
4.01,0.0,0.6,0.6,0.40413168,0.5347053,0.37396187,31.21995,-4.4849786e-09,0.0
4.015,0.0,0.6,0.6,0.40445232,0.5385192,0.3867908,29.005333,-5.5399795e-08,0.0
4.0200000000000005,0.0,0.6,0.6,0.400926,0.5421104,0.39907172,26.459343,-8.442741e-08,0.0
4.025,0.0,0.6,0.6,0.37750742,0.5454918,0.40972763,24.523659,8.8767884e-08,0.0
4.03,0.0,0.6,0.6,0.35545674,0.5486757,0.41976112,23.31464,-1.7720563e-08,0.0
4.035,0.0,0.6,0.6,0.3346941,0.55167365,0.42920855,22.457777,1.7835736e-08,0.0
4.04,0.0,0.14271498,0.6,0.3151442,0.55449647,0.438277,21.689093,9.587586e-09,0.0
4.045,0.0,0.14271498,0.6,0.29673627,0.55715436,0.44772345,20.838919,-4.3857995e-08,0.0
4.05,0.0,0.14271498,0.6,0.27940354,0.55965704,0.4566181,19.814484,-6.214152e-08,0.0
4.055,0.0,0.14271498,0.6,0.26308325,0.5620135,0.4649932,18.582735,5.2858726e-09,0.0
4.0600000000000005,0.0,0.0,0.6,0.24771623,0.56423235,0.4728791,17.15264,-5.225392e-08,0.0
4.065,0.0,0.0,0.6,0.23324683,0.5663216,0.4803044,15.559342,-1.09368955e-07,0.0
4.07,0.0,0.0,0.6,0.2196226,0.5682888,0.48729596,13.852162,1.0936019e-07,0.0
4.075,0.0,0.0,0.6,0.20679417,0.5701411,0.49387914,12.08734,-2.0104557e-07,0.0
4.08,0.3568047,0.0,0.33724782,0.19471507,0.56761146,0.5000778,10.322974,-3.2035974e-08,0.0
4.085,0.3568047,0.0,0.33724782,0.18334153,0.54279274,0.5059144,7.7411747,-4.627762e-08,0.0
4.09,0.3568047,0.0,0.33724782,0.17263234,0.5194237,0.51141006,4.4844675,-1.0394216e-08,0.0
4.095,0.3568047,0.0,0.33724782,0.16254868,0.49741971,0.5165847,1.3209031,-6.381954e-08,0.0
4.1,0.6,0.0,0.39404035,0.15305401,0.4753672,0.5214571,-1.1705984e-08,1.7039863e-08,0.0
4.105,0.6,0.0,0.39404035,0.14411394,0.44760042,0.52604485,6.78854e-09,1.0337212e-08,0.0
4.11,0.6,0.0,0.39404035,0.13569607,0.42145553,0.53036463,0.040342584,-2.0227473e-08,0.0
4.115,0.6,0.0,0.39404035,0.1277699,0.3968378,0.5344321,0.17289598,-2.0032886e-08,0.0
4.12,0.43551987,0.11342911,0.024819661,0.12364133,0.37365803,0.53580636,0.42663103,6.145779e-08,0.0
4.125,0.43551987,0.11342911,0.024819661,0.13726068,0.3518322,0.5242083,0.8335986,3.3019877e-08,0.0
4.13,0.43551987,0.11342911,0.024819661,0.15008451,0.33128127,0.5132877,1.2811582,1.0147706e-07,0.0
4.135,0.43551987,0.11342911,0.024819661,0.1621593,0.31193075,0.503005,1.8389217,8.2515236e-08,0.0
4.14,0.3262644,0.026146282,0.15228552,0.17580162,0.2937105,0.49385372,2.6225636,-7.519368e-08,0.0
4.1450000000000005,0.3262644,0.026146282,0.15228552,0.1920816,0.27655452,0.4880235,3.6523633,-6.759204e-08,0.0
4.15,0.3262644,0.026146282,0.15228552,0.20817481,0.26040065,0.4825338,4.895569,8.163521e-08,0.0
4.155,0.3262644,0.026146282,0.15228552,0.22406901,0.24519034,0.4773648,6.517373,-2.763666e-08,0.0
4.16,0.6,0.17299238,0.4775545,0.23975213,0.23192856,0.46904707,8.450886,8.004495e-08,0.0
4.165,0.6,0.17299238,0.4775545,0.25118715,0.22500686,0.4430992,10.509939,1.591599e-07,0.0
4.17,0.6,0.17299238,0.4775545,0.26195425,0.21848947,0.418667,12.562887,1.8264504e-07,0.0
4.175,0.6,0.17299238,0.4775545,0.27209243,0.21235277,0.3956619,14.530953,1.6787195e-07,0.0
4.18,0.56891936,0.6,0.30046886,0.28061736,0.2057588,0.3751918,16.378197,-4.9545196e-08,0.0
4.1850000000000005,0.56891936,0.6,0.30046886,0.28328365,0.19526741,0.3621716,18.087358,1.6757628e-08,0.0
4.19,0.56891936,0.6,0.30046886,0.2857942,0.18538883,0.3499119,19.626017,4.659167e-08,0.0
4.195,0.56891936,0.6,0.30046886,0.28815812,0.17608729,0.3383683,20.97142,4.2101416e-08,0.0
4.2,0.03727078,0.6,0.0,0.29294223,0.16870144,0.33053887,22.122938,5.6805046e-08,0.0
4.205,0.03727078,0.6,0.0,0.30752736,0.16895208,0.33912623,23.107931,4.9204097e-08,0.0
4.21,0.03727078,0.6,0.0,0.32183754,0.16918808,0.347212,24.016388,5.828882e-08,0.0
4.215,0.03727078,0.6,0.0,0.33586174,0.16941029,0.35482544,24.937017,2.9967666e-08,0.0
4.22,0.33911157,0.6,0.0,0.3495891,0.17361024,0.3603392,25.9234,3.1971215e-08,0.0
4.225,0.33911157,0.6,0.0,0.36240044,0.18991429,0.3568421,27.00707,9.3423594e-08,0.0
4.23,0.33911157,0.6,0.0,0.37446347,0.20603319,0.35354927,28.196648,1.0167552e-07,0.0
4.235,0.33911157,0.6,0.0,0.38582188,0.22195472,0.3504488,29.490559,1.179309e-08,0.0
4.24,0.41224954,0.6,0.0,0.39154816,0.23766677,0.3447213,30.879595,1.465419e-07,0.0
4.245,0.41224954,0.6,0.0,0.37085438,0.25315738,0.3245857,32.32531,1.4996711e-07,0.0
4.25,0.41224954,0.6,0.0,0.35136935,0.2684147,0.30562627,34.232136,1.8085107e-07,0.0
4.255,0.41224954,0.6,0.0,0.33302248,0.2834271,0.28777426,36.37102,1.2108846e-07,0.0
4.26,0.3481732,0.6,0.0,0.3185682,0.29818305,0.270965,38.22212,1.0069804e-07,0.0
4.265,0.3481732,0.6,0.0,0.31976816,0.31267124,0.25513762,39.487404,1.00018035e-07,0.0
4.2700000000000005,0.3481732,0.6,0.0,0.32089803,0.3268805,0.24023472,39.602997,8.514949e-09,0.0
4.275,0.3481732,0.6,0.0,0.3219619,0.34079993,0.22620232,38.59426,4.974416e-08,0.0
4.28,0.3094614,0.6,0.0,0.32364717,0.35441867,0.21298957,36.835228,-4.7191453e-08,0.0
4.285,0.3094614,0.6,0.0,0.32882255,0.3677262,0.20054859,34.63714,-1.966186e-09,0.0
4.29,0.3094614,0.6,0.0,0.33369562,0.38071215,0.18883431,32.248756,0.081614204,0.0
4.295,0.3094614,0.6,0.0,0.33828405,0.3933664,0.17780426,29.894602,0.022967348,0.0
4.3,0.41772068,0.42368332,0.0,0.3420056,0.40543613,0.1674185,27.6592,-9.291859e-09,0.0
4.305,0.41772068,0.42368332,0.0,0.34236586,0.41680083,0.15763938,25.614077,-8.007252e-08,0.0
4.3100000000000005,0.41772068,0.42368332,0.0,0.34270507,0.4275017,0.14843148,23.790865,-1.6165618e-08,0.0
4.315,0.41772068,0.42368332,0.0,0.34302446,0.43757755,0.13976142,22.199354,-4.5851156e-08,0.0
4.32,0.5529065,0.6,0.0,0.34296343,0.44706485,0.13159779,20.841528,-3.1259544e-09,0.0
4.325,0.5529065,0.6,0.0,0.34100655,0.45599797,0.123911,20.262657,-4.8886872e-09,0.0
4.33,0.5529065,0.6,0.0,0.33916396,0.46440932,0.11667321,20.470108,2.3631031e-08,0.0
4.335,0.5529065,0.6,0.0,0.337429,0.47232935,0.109858185,21.107985,7.322184e-08,0.0
4.34,0.23246878,0.30435035,0.16195437,0.33680713,0.47813892,0.10344124,21.905373,8.266891e-08,0.0
4.345,0.23246878,0.30435035,0.16195437,0.3415334,0.4749581,0.09739911,22.685783,4.8361137e-08,0.0
4.3500000000000005,0.23246878,0.30435035,0.16195437,0.3459836,0.47196308,0.09170991,21.838514,1.5919583,0.0
4.355,0.23246878,0.30435035,0.16195437,0.35017383,0.469143,0.08635303,19.429716,4.6283407,0.0
4.36,0.6,0.33102417,0.2195842,0.35538274,0.46813548,0.08130904,16.448664,7.9659877,0.0
4.365,0.6,0.33102417,0.2195842,0.36692035,0.47583786,0.076559685,13.533586,10.888591,0.0
4.37,0.6,0.33102417,0.2195842,0.377784,0.4830903,0.07208774,11.981619,11.981611,0.0
4.375,0.6,0.33102417,0.2195842,0.38801312,0.48991916,0.06787701,11.948291,11.135374,0.0
4.38,0.4251302,0.4317585,0.22128855,0.39465,0.49358603,0.06542582,12.871794,9.017256,0.0
4.385,0.4251302,0.4317585,0.22128855,0.3851768,0.48253256,0.07106417,14.26064,6.196845,0.0
4.39,0.4251302,0.4317585,0.22128855,0.37625694,0.47212473,0.076373175,15.54474,3.3197072,0.0
4.3950000000000005,0.4251302,0.4317585,0.22128855,0.3678581,0.46232483,0.081372075,16.495922,0.6386197,0.0
4.4,0.6,0.3188009,0.37445676,0.36338472,0.45334664,0.08661758,16.81687,7.612195e-09,0.0
4.405,0.6,0.3188009,0.37445676,0.37647757,0.44620162,0.09438432,16.963644,6.5326095e-10,0.0
4.41,0.6,0.3188009,0.37445676,0.389242,0.43947396,0.10169739,16.506784,0.495434,0.0
4.415,0.6,0.3188009,0.37445676,0.40155262,0.43313926,0.1085833,15.593135,1.2337852,0.0
4.42,0.36240488,0.4553029,0.6,0.41150987,0.42811605,0.11508293,14.696599,1.6814607,0.0
4.425,0.36240488,0.4553029,0.6,0.41230544,0.4283288,0.12128653,14.075507,1.5594523,0.0
4.43,0.36240488,0.4553029,0.6,0.41305456,0.42852914,0.12712777,14.573046,-5.5332384e-07,0.0
4.4350000000000005,0.36240488,0.4553029,0.6,0.41375992,0.42871776,0.13262782,15.627468,8.6381256e-08,0.0
4.44,0.6,0.4426343,0.6,0.41605836,0.4278397,0.13923807,17.196451,1.3414581e-07,0.0
4.445,0.6,0.4426343,0.6,0.4268026,0.4214706,0.15297748,18.194006,0.51800656,0.0
4.45,0.6,0.4426343,0.6,0.43691927,0.41547355,0.16591436,18.472582,1.5704165,0.0
4.455,0.6,0.4426343,0.6,0.44644502,0.4098268,0.17809556,18.457546,2.671953,0.0
4.46,0.20604767,0.37983292,0.6,0.45319384,0.40578556,0.19167314,18.421267,3.5203164,0.0
4.465,0.20604767,0.37983292,0.6,0.44789076,0.40867794,0.20777121,18.493364,3.9798281,0.0
4.47,0.20604767,0.37983292,0.6,0.4428974,0.41140136,0.22367059,20.279448,2.2752297,0.0
4.4750000000000005,0.20604767,0.37983292,0.6,0.43819574,0.4139657,0.23935917,23.35165,2.1050099e-07,0.0
4.48,0.38616258,0.37617487,0.6,0.4359892,0.41626185,0.25482503,26.538815,1.5539071e-07,0.0
4.485,0.38616258,0.37617487,0.6,0.44556928,0.4178023,0.27005634,29.80523,3.1351405e-07,0.0
4.49,0.38616258,0.37617487,0.6,0.45458975,0.41925278,0.28504145,32.066772,0.646619,0.0
4.495,0.38616258,0.37617487,0.6,0.46308336,0.42061853,0.2997689,33.25315,1.5751159,0.0
4.5,0.37922996,0.6,0.6,0.46739903,0.42131758,0.31422734,33.91544,1.3249626,0.0
4.505,0.37922996,0.6,0.6,0.45213318,0.4188944,0.32840568,34.163727,-1.1574315e-08,0.0
4.51,0.37922996,0.6,0.6,0.43775904,0.41661277,0.34229296,33.777584,1.7086734e-08,0.0
4.515,0.37922996,0.6,0.6,0.4242245,0.4144644,0.35587844,33.12686,-3.63023e-08,0.0
4.5200000000000005,0.0,0.6,0.5980074,0.41316384,0.41240737,0.36915156,32.251495,-2.8319466e-08,0.0
4.525,0.0,0.6,0.5980074,0.41158667,0.410291,0.382102,31.2115,2.7847845e-08,0.0
4.53,0.0,0.6,0.5980074,0.41010162,0.40829822,0.39471963,30.12117,-6.3675065e-09,0.0
4.535,0.0,0.6,0.5980074,0.40870333,0.40642187,0.4067103,29.086739,-4.423753e-09,0.0
4.54,0.0,0.6,0.5994197,0.4073219,0.40674692,0.41800058,28.172178,-1.885048e-08,0.0
4.545,0.0,0.6,0.5994197,0.405681,0.41803506,0.4286314,28.050571,2.4959688e-08,0.0
4.55,0.0,0.6,0.5994197,0.40413597,0.42866385,0.43864125,28.73081,1.2373134e-07,0.0
4.555,0.0,0.6,0.5994197,0.40268117,0.4386718,0.4480664,29.800709,1.0220755e-07,0.0
4.5600000000000005,0.0,0.6,0.6,0.39776716,0.44809517,0.4569224,30.962841,2.394653e-10,0.0
4.565,0.0,0.6,0.6,0.3745331,0.45696813,0.46516335,31.99703,4.1768697e-08,0.0
4.57,0.0,0.6,0.6,0.35265616,0.4653228,0.47292292,32.65251,4.3368214e-08,0.0
4.575,0.0,0.6,0.6,0.3320571,0.47318944,0.48022926,32.749737,-9.065383e-09,0.0
4.58,0.0,0.39123753,0.6,0.31266123,0.4805966,0.48712203,32.225994,-1.1047037e-08,0.0
4.585,0.0,0.39123753,0.6,0.2943983,0.4875711,0.49368146,31.095615,-1.5617707e-07,0.0
4.59,0.0,0.39123753,0.6,0.27720216,0.4941382,0.49985775,29.420889,-2.1361336e-07,0.0
4.595,0.0,0.39123753,0.6,0.26101044,0.50032175,0.5056733,27.29312,1.4998035e-08,0.0
4.6000000000000005,0.0,0.0,0.6,0.24576451,0.50614405,0.51115453,24.823608,-3.3050327e-08,0.0
4.605,0.0,0.0,0.6,0.2314091,0.5116263,0.51634413,22.13725,5.346201e-08,0.0
4.61,0.0,0.0,0.6,0.21789221,0.5167883,0.5212306,19.359457,-7.249095e-08,0.0
4.615,0.0,0.0,0.6,0.20516486,0.5216488,0.5258316,16.597412,1.637237e-07,0.0
4.62,0.21089588,0.0,0.2637401,0.19318093,0.52427435,0.5301638,13.935518,5.89185e-08,0.0
4.625,0.21089588,0.0,0.2637401,0.181897,0.5165035,0.53424305,11.45219,-7.958362e-08,0.0
4.63,0.21089588,0.0,0.2637401,0.17127217,0.50918657,0.538084,8.439313,-1.13467316e-07,0.0
4.635,0.21089588,0.0,0.2637401,0.16126797,0.50229704,0.54170054,4.960412,-8.376632e-08,0.0
4.64,0.6,0.0,0.4682773,0.15184811,0.4921535,0.5451059,1.6130434,-4.7960036e-08,0.0
4.6450000000000005,0.6,0.0,0.4682773,0.14297847,0.4634062,0.5483123,-1.6645842e-08,-2.0548091e-08,0.0
4.65,0.6,0.0,0.4682773,0.13462692,0.4363381,0.55133146,-1.6521634e-08,1.6479474e-08,0.0
4.655,0.6,0.0,0.4682773,0.12676321,0.41085106,0.55417424,0.014756028,-2.0252684e-09,0.0
4.66,0.46080855,0.27573895,0.09720029,0.12132981,0.38685274,0.5537084,0.09973347,-3.100497e-08,0.0
4.665,0.46080855,0.27573895,0.09720029,0.12656146,0.3642562,0.536771,0.31771302,4.373964e-08,0.0
4.67,0.46080855,0.27573895,0.09720029,0.13148753,0.34297955,0.52082294,0.54780006,-8.562081e-09,0.0
4.675,0.46080855,0.27573895,0.09720029,0.13612586,0.3229457,0.50580645,0.8459883,3.395076e-08,0.0
4.68,0.32854602,0.23678744,0.20629936,0.14412975,0.30408207,0.4935786,1.3330799,1.6254761e-08,0.0
4.6850000000000005,0.32854602,0.23678744,0.20629936,0.16073306,0.28632027,0.49210075,2.0527503,2.958955e-08,0.0
4.69,0.32854602,0.23678744,0.20629936,0.17717335,0.26959595,0.4907092,3.0272155,3.1305774e-08,0.0
4.695,0.32854602,0.23678744,0.20629936,0.19343814,0.25384852,0.4893989,4.2309213,-4.1010328e-08,0.0
4.7,0.6,0.32619834,0.4018183,0.20951514,0.24159792,0.48469716,5.7997675,9.280841e-09,0.0
4.705,0.6,0.32619834,0.4018183,0.2241935,0.24359214,0.462063,7.6547794,-5.939657e-08,0.0
4.71,0.6,0.32619834,0.4018183,0.23801447,0.24546988,0.44075093,9.607889,1.3773294e-07,0.0
4.715,0.6,0.32619834,0.4018183,0.25102815,0.24723794,0.4206837,11.54702,8.763334e-08,0.0
4.72,0.6,0.5358205,0.436079,0.2620456,0.24853869,0.40280828,13.419549,1.0725142e-07,0.0
4.7250000000000005,0.6,0.5358205,0.436079,0.26592997,0.24785228,0.39132994,15.199259,1.2071051e-07,0.0
4.73,0.6,0.5358205,0.436079,0.26958746,0.24720597,0.38052207,16.566921,2.7969902e-08,0.0
4.735,0.6,0.5358205,0.436079,0.2730313,0.24659741,0.3703455,17.454018,7.956411e-08,0.0
4.74,0.20786738,0.6,0.0,0.27881092,0.24686001,0.36259064,17.989134,3.407796e-08,0.0
4.745,0.20786738,0.6,0.0,0.2936474,0.25149426,0.36488196,18.580528,2.6960738e-08,0.0
4.75,0.20786738,0.6,0.0,0.3082196,0.25585783,0.36703947,19.411463,3.5853514e-08,0.0
4.755,0.20786738,0.6,0.0,0.32251632,0.2599665,0.36907095,20.460045,7.972343e-08,0.0
4.76,0.47308898,0.6,0.37159812,0.33652654,0.26579425,0.37130395,21.692768,8.1892864e-08,0.0
4.765,0.47308898,0.6,0.37159812,0.35023943,0.2808498,0.37508753,23.074284,6.163942e-08,0.0
4.7700000000000005,0.47308898,0.6,0.37159812,0.36364433,0.29565093,0.3786501,24.535913,1.3070748e-07,0.0
4.775,0.47308898,0.6,0.37159812,0.37673083,0.3096795,0.3820046,25.96425,1.1027765e-07,0.0
4.78,0.5761136,0.6,0.51749665,0.38610747,0.32348847,0.38108763,27.265326,1.075794e-07,0.0
4.785,0.5761136,0.6,0.51749665,0.37569624,0.3374786,0.35882783,28.368425,3.613081e-09,0.0
4.79,0.5761136,0.6,0.51749665,0.36589316,0.35117066,0.33786827,29.751598,7.134733e-08,0.0
4.795,0.5761136,0.6,0.51749665,0.3566627,0.36455402,0.31813297,31.3592,1.021083e-07,0.0
4.8,0.15856767,0.6,0.5974206,0.3504501,0.37761825,0.3030233,32.830708,6.072486e-08,0.0
4.805,0.15856767,0.6,0.5974206,0.3576136,0.3903532,0.30702883,33.961445,2.7671371e-08,0.0
4.8100000000000005,0.15856767,0.6,0.5974206,0.36435866,0.40259892,0.3108004,34.1524,-5.4675344e-09,0.0
4.815,0.15856767,0.6,0.5974206,0.37070972,0.41412935,0.31435168,33.39094,2.419519e-08,0.0
4.82,0.33825937,0.6,0.48829445,0.37765265,0.42498627,0.31905904,32.030514,-1.3735135e-10,0.0
4.825,0.33825937,0.6,0.48829445,0.38924497,0.43520904,0.33065003,30.354343,9.83564e-09,0.0
4.83,0.33825937,0.6,0.48829445,0.4001602,0.44483468,0.34156397,28.60013,-4.5430788e-08,0.0
4.835,0.33825937,0.6,0.48829445,0.41043785,0.45389807,0.3518404,26.94618,-7.6991235e-08,0.0
4.84,0.4281201,0.6,0.6,0.41621286,0.46243206,0.36226353,25.508429,-7.473201e-08,0.0
4.845,0.4281201,0.6,0.6,0.4011635,0.47046757,0.37538368,24.334137,3.9513988e-09,0.0
4.8500000000000005,0.4281201,0.6,0.6,0.38699317,0.47803372,0.38817626,23.972046,2.6925484e-09,0.0
4.855,0.4281201,0.6,0.6,0.37365055,0.4851579,0.40039846,24.332106,2.3471838e-08,0.0
4.86,0.33519027,0.6,0.6,0.36276665,0.49186596,0.41088688,24.959896,4.560181e-08,0.0
4.865,0.33519027,0.6,0.6,0.36133516,0.4981822,0.41540834,25.552916,5.523793e-08,0.0
4.87,0.33519027,0.6,0.6,0.35998726,0.5041295,0.4196657,25.986813,2.628494e-08,0.0
4.875,0.33519027,0.6,0.6,0.3587181,0.50972944,0.42367437,26.228317,2.8326568e-09,0.0
4.88,0.0,0.6,0.6,0.35836288,0.51500225,0.4284929,26.27504,-1.6657067e-08,0.0
4.885,0.0,0.6,0.6,0.3624375,0.5199671,0.43851084,26.149906,2.7377236e-08,0.0
4.89,0.0,0.6,0.6,0.3662741,0.5246419,0.44794363,25.328846,1.6366979e-09,0.0
4.8950000000000005,0.0,0.6,0.6,0.36988658,0.5290436,0.45682544,23.822462,-8.030029e-08,0.0
4.9,0.0,0.6,0.6,0.37241957,0.5331883,0.46518844,21.999401,2.6895625e-08,0.0
4.905,0.0,0.6,0.6,0.37024495,0.53709084,0.47306296,20.13288,-9.2806204e-08,0.0
4.91,0.0,0.6,0.6,0.36819735,0.54076546,0.4804775,18.985964,-4.255201e-09,0.0
4.915,0.0,0.6,0.6,0.36626938,0.54422545,0.48745897,18.691418,-3.256271e-08,0.0
4.92,0.0,0.54618067,0.6,0.3613214,0.5474833,0.49403262,18.949547,-7.7236967e-10,0.0
4.925,0.0,0.54618067,0.6,0.34021616,0.5505509,0.5002223,19.490566,-1.3068104e-08,0.0
4.93,0.0,0.54618067,0.6,0.32034373,0.55343926,0.50605047,19.995865,2.2028216e-08,0.0
4.9350000000000005,0.0,0.54618067,0.6,0.30163208,0.5561589,0.51153815,20.212406,-2.8692218e-08,0.0
4.94,0.03861308,0.029259343,0.6,0.2840134,0.5587197,0.51670533,20.010788,2.6865024e-09,0.0
4.945,0.03861308,0.029259343,0.6,0.26742384,0.56113094,0.5215707,19.355633,-2.1583853e-08,0.0
4.95,0.03861308,0.029259343,0.6,0.25180328,0.56340134,0.52615184,18.277456,6.765934e-10,0.0
4.955,0.03861308,0.029259343,0.6,0.23709515,0.5655391,0.5304654,16.848251,-5.8131416e-08,0.0
4.96,0.2555117,0.0,0.54940677,0.22324613,0.567049,0.534527,15.160094,-7.714497e-08,0.0
4.965,0.2555117,0.0,0.54940677,0.21020605,0.56583005,0.53835136,13.312129,6.327875e-08,0.0
4.97,0.2555117,0.0,0.54940677,0.19792765,0.5646823,0.5419523,10.52199,1.7350298e-07,0.0
4.9750000000000005,0.2555117,0.0,0.54940677,0.18636645,0.5636016,0.5453429,6.8369355,-1.3132134e-07,0.0
4.98,0.6,0.16845779,0.6,0.17584144,0.55775297,0.5485355,2.9076405,4.548318e-08,0.0
4.985,0.6,0.16845779,0.6,0.16782576,0.526883,0.5515416,-1.04788136e-07,-5.8974905e-08,0.0
4.99,0.6,0.16845779,0.6,0.16027829,0.4978162,0.55437213,4.4992814e-09,1.7713358e-08,0.0
4.995,0.6,0.16845779,0.6,0.15317167,0.47044724,0.5570373,1.9950075e-09,-6.6302883e-09,0.0
5.0,0.2738368,0.18425779,0.3743534,0.14850725,0.44440347,0.559074,0.010538253,4.6073303e-08,0.0
5.005,0.2738368,0.18425779,0.3743534,0.15475751,0.41844532,0.5585093,0.10972329,7.1302386e-09,0.0
5.01,0.2738368,0.18425779,0.3743534,0.16064268,0.39400342,0.5579776,0.17518522,2.941509e-08,0.0
5.015,0.2738368,0.18425779,0.3743534,0.1661841,0.3709892,0.557477,0.3019696,4.2917932e-08,0.0
5.0200000000000005,0.15373892,0.25116417,0.6,0.17462134,0.35089365,0.5574784,0.6813796,-6.255659e-08,0.0
5.025,0.15373892,0.25116417,0.6,0.19091432,0.34023735,0.55996215,1.3989009,-3.1070098e-08,0.0
5.03,0.15373892,0.25116417,0.6,0.2070214,0.3302035,0.5623008,2.4517727,1.0345171e-07,0.0
5.035,0.15373892,0.25116417,0.6,0.22293036,0.32075575,0.56450284,3.7660277,4.8806342e-08,0.0
5.04,0.5412502,0.5252299,0.6,0.23862909,0.31200752,0.56446743,5.237829,8.254518e-08,0.0
5.045,0.5412502,0.5252299,0.6,0.24068561,0.3045455,0.55336267,6.7703567,2.3273881e-07,0.0
5.05,0.5412502,0.5252299,0.6,0.24262202,0.29751936,0.5429065,8.216239,4.1230074e-08,0.0
5.055,0.5412502,0.5252299,0.6,0.24444531,0.2909036,0.53306115,9.460939,4.7386187e-08,0.0
5.0600000000000005,0.087032266,0.6,0.6,0.24503969,0.28529957,0.5258997,10.468123,1.1510427e-08,0.0
5.065,0.087032266,0.6,0.6,0.2397067,0.28330567,0.530228,11.245347,1.3984204e-07,0.0
5.07,0.087032266,0.6,0.6,0.23468521,0.28142825,0.5343035,12.183937,2.6823026e-08,0.0
5.075,0.087032266,0.6,0.6,0.22995704,0.2796605,0.5381409,13.301152,7.697443e-08,0.0
5.08,0.0,0.6,0.6,0.22912665,0.28055736,0.5417542,14.385443,1.859908e-08,0.0
5.085,0.0,0.6,0.6,0.24473946,0.29484898,0.5451564,15.716587,1.0272565e-07,0.0
5.09,0.0,0.6,0.6,0.26012543,0.3083058,0.5483599,17.005655,1.8998653e-08,0.0
5.095,0.0,0.6,0.6,0.27527282,0.3209766,0.5513762,18.064795,2.6760254e-08,0.0
5.1000000000000005,0.0,0.6,0.6,0.28656384,0.33360606,0.5542164,18.943197,3.0540253e-08,0.0
5.105,0.0,0.6,0.6,0.27490896,0.34738234,0.55689067,19.653812,1.444264e-08,0.0
5.11,0.0,0.6,0.6,0.26393485,0.36085284,0.5594087,20.535313,8.1885105e-08,0.0
5.115,0.0,0.6,0.6,0.25360176,0.37400714,0.56177974,21.492971,8.330412e-08,0.0
5.12,0.0,0.5385233,0.6,0.24305885,0.38683495,0.5640122,22.221848,1.5756821e-09,0.0
5.125,0.0,0.5385233,0.6,0.22886148,0.39928618,0.5661143,22.545862,-6.342919e-08,0.0
5.13,0.0,0.5385233,0.6,0.21549341,0.41101012,0.5680936,22.362507,-1.3361168e-09,0.0
5.135,0.0,0.5385233,0.6,0.20290618,0.42204925,0.5699573,21.645752,-3.925182e-08,0.0
5.14,0.0,0.07540375,0.6,0.19105418,0.43244356,0.57171214,20.435621,-1.2352558e-07,0.0
5.1450000000000005,0.0,0.07540375,0.6,0.17989448,0.44223073,0.57336444,18.809336,-6.796076e-08,0.0
5.15,0.0,0.07540375,0.6,0.16938663,0.45144624,0.57492024,16.86147,9.330229e-08,0.0
5.155,0.0,0.07540375,0.6,0.15949255,0.46012345,0.5763852,14.697802,-8.404158e-08,0.0
5.16,0.2566018,0.0,0.3253775,0.1501764,0.46771926,0.5776286,12.436221,2.2596497e-08,0.0
5.165,0.2566018,0.0,0.3253775,0.14140442,0.471855,0.57822526,10.202381,-3.0301276e-08,0.0
5.17,0.2566018,0.0,0.3253775,0.13314481,0.4757492,0.57822526,8.122793,-5.752489e-08,0.0
5.175,0.2566018,0.0,0.3253775,0.12536766,0.4794159,0.57822526,6.3002706,-9.649385e-08,0.0
5.18,0.6,0.2944914,0.29410592,0.11804478,0.4785402,0.57822526,4.801281,-5.8807583e-08,0.0
5.1850000000000005,0.6,0.2944914,0.29410592,0.11114964,0.45499253,0.57822526,2.906186,9.659028e-08,0.0
5.19,0.6,0.2944914,0.29410592,0.104657255,0.4328203,0.57822526,0.69069386,-2.035139e-07,0.0
5.195,0.6,0.2944914,0.29410592,0.0985441,0.41194317,0.57822526,2.3603619e-08,5.3873734e-08,0.0
5.2,0.42339236,0.23398767,0.22606196,0.09518617,0.3915808,0.5769306,1.1145916e-08,-1.7463229e-08,0.0
5.205,0.42339236,0.23398767,0.22606196,0.10461465,0.36870807,0.5622371,1.8221828e-08,4.0192607e-08,0.0
5.21,0.42339236,0.23398767,0.22606196,0.11349241,0.3471714,0.54840183,-1.7285615e-08,-7.825946e-08,0.0
5.215,0.42339236,0.23398767,0.22606196,0.1218516,0.3268927,0.5353747,0.06610436,-6.165048e-09,0.0
5.22,0.286513,0.034332313,0.3779752,0.13293186,0.31055075,0.52281624,0.35011536,2.5438327e-08,0.0
5.2250000000000005,0.286513,0.034332313,0.3779752,0.14963728,0.3096127,0.509457,0.9501877,4.7225075e-08,0.0
5.23,0.286513,0.034332313,0.3779752,0.16618806,0.30872944,0.4968781,1.8429809,1.0540138e-07,0.0
5.235,0.286513,0.034332313,0.3779752,0.18257168,0.30789778,0.48503393,2.9390297,7.364528e-08,0.0
5.24,0.6,0.38154796,0.26822072,0.19877574,0.30654925,0.47324568,4.1378846,-3.503584e-08,0.0
5.245,0.6,0.38154796,0.26822072,0.21189587,0.30231085,0.45880738,5.3540745,1.217668e-07,0.0
5.25,0.6,0.38154796,0.26822072,0.22424963,0.29832003,0.44521242,6.5288334,8.378534e-08,0.0
5.255,0.6,0.38154796,0.26822072,0.23588179,0.29456228,0.43241158,7.6329384,6.422031e-08,0.0
5.26,0.6,0.496394,0.30451298,0.24555527,0.2891581,0.4217782,8.660129,1.0743938e-07,0.0
5.265,0.6,0.496394,0.30451298,0.24794766,0.27427343,0.4192196,9.623905,6.0736426e-08,0.0
5.2700000000000005,0.6,0.496394,0.30451298,0.2502003,0.26025817,0.41681048,10.535035,-1.1179499e-08,0.0
5.275,0.6,0.496394,0.30451298,0.25232136,0.24706157,0.41454208,11.4052925,1.7904406e-07,0.0
5.28,0.4106556,0.6,0.23973013,0.2572483,0.2378808,0.4113804,12.244486,-5.650703e-08,0.0
5.285,0.4106556,0.6,0.23973013,0.27244148,0.24627256,0.40301827,13.292346,1.10863546e-07,0.0
5.29,0.4106556,0.6,0.23973013,0.28738663,0.25417417,0.39514458,14.621037,1.3280295e-07,0.0
5.295,0.4106556,0.6,0.23973013,0.3020723,0.26161423,0.3877308,16.157887,1.16907486e-07,0.0
5.3,0.46031073,0.6,0.5432522,0.3164872,0.26969305,0.38108927,17.836178,1.7133556e-07,0.0
5.305,0.46031073,0.6,0.5432522,0.33062026,0.28293493,0.37661636,19.600925,6.2619726e-08,0.0
5.3100000000000005,0.46031073,0.6,0.5432522,0.34446055,0.29540333,0.37240472,21.41187,5.337462e-08,0.0
5.315,0.46031073,0.6,0.5432522,0.35799736,0.30714345,0.36843908,23.170952,3.7855287e-08,0.0
5.32,0.26517,0.49674428,0.6,0.37036344,0.3191661,0.36409962,24.778685,1.9862071e-07,0.0
5.325,0.26517,0.49674428,0.6,0.37271696,0.33324495,0.35683504,26.174717,6.604506e-08,0.0
5.33,0.26517,0.49674428,0.6,0.374933,0.347029,0.3499948,27.279844,4.3630543e-08,0.0
5.335,0.26517,0.49674428,0.6,0.3770196,0.36050758,0.3435541,28.040161,3.7956656e-08,0.0
5.34,0.16121371,0.6,0.5724881,0.37944838,0.3736702,0.34032628,28.451225,-1.621042e-08,0.0
5.345,0.16121371,0.6,0.5724881,0.38417166,0.3865066,0.35217944,28.540306,1.4744662e-08,0.0
5.3500000000000005,0.16121371,0.6,0.5724881,0.38861904,0.39897698,0.36334023,28.364716,-2.4728323e-08,0.0
5.355,0.16121371,0.6,0.5724881,0.39280662,0.41071898,0.3738491,27.986107,-3.0626456e-08,0.0
5.36,0.40393385,0.6,0.6,0.39492586,0.4208101,0.38427448,27.46039,1.8866462e-08,0.0
5.365,0.40393385,0.6,0.6,0.38734666,0.42524552,0.39683443,26.833765,-8.0688885e-08,0.0
5.37,0.40393385,0.6,0.6,0.38021016,0.42942184,0.40870157,26.7444,1.50811e-08,0.0
5.375,0.40393385,0.6,0.6,0.3734905,0.43335423,0.41987553,27.24457,5.542924e-08,0.0
5.38,0.0,0.6,0.44484374,0.36619183,0.43802193,0.4301397,28.001366,1.2809906e-09,0.0
5.385,0.0,0.6,0.44484374,0.3542188,0.44748327,0.43845445,28.772686,6.3268864e-08,0.0
5.39,0.0,0.6,0.44484374,0.34294516,0.45639196,0.44628352,29.346972,4.311455e-08,0.0
5.3950000000000005,0.0,0.6,0.44484374,0.33233002,0.46478027,0.45365527,29.581429,3.7736893e-08,0.0
5.4,0.0,0.6,0.5295721,0.32460332,0.47267863,0.46085358,29.417067,-2.5274536e-08,0.0
5.405,0.0,0.6,0.5295721,0.3292371,0.48011562,0.4689813,28.868063,5.594797e-08,0.0
5.41,0.0,0.6,0.5295721,0.33360022,0.4871182,0.47663426,27.527834,-8.211986e-08,0.0
5.415,0.0,0.6,0.5295721,0.3377085,0.49371177,0.4838402,25.491179,-5.626607e-08,0.0
5.42,0.0,0.5549628,0.6,0.33780172,0.4999202,0.48917517,23.153767,-7.208317e-08,0.0
5.425,0.0,0.5549628,0.6,0.31807032,0.505766,0.4865857,20.793915,9.905337e-09,0.0
5.43,0.0,0.5549628,0.6,0.29949147,0.5112703,0.48414752,19.019312,-1.5754499e-07,0.0
5.4350000000000005,0.0,0.5549628,0.6,0.2819978,0.5164531,0.48185173,17.859043,-7.76773e-08,0.0
5.44,0.0,0.26470736,0.6,0.26552597,0.52133316,0.4804819,17.00685,-1.7952649e-09,0.0
5.445,0.0,0.26470736,0.6,0.25001627,0.5259282,0.48334932,16.24047,-1.6447503e-08,0.0
5.45,0.0,0.26470736,0.6,0.23541252,0.53025484,0.48604926,15.417623,-5.9819236e-08,0.0
5.455,0.0,0.26470736,0.6,0.22166179,0.53432876,0.4885915,14.456231,-4.6407628e-08,0.0
5.46,0.0,0.0,0.6,0.20871426,0.5377438,0.49164343,13.325149,-3.212491e-08,0.0
5.465,0.0,0.0,0.6,0.19652301,0.5387496,0.49797267,12.034662,4.2563464e-08,0.0
5.47,0.0,0.0,0.6,0.18504386,0.53969663,0.50393224,10.6318,-3.0481477e-08,0.0
5.4750000000000005,0.0,0.0,0.6,0.17423522,0.5405884,0.50954366,9.182392,-9.610928e-09,0.0
5.48,0.2956621,0.0,0.3608476,0.16405794,0.53871536,0.5148273,7.75559,9.685165e-08,0.0
5.485,0.2956621,0.0,0.3608476,0.15447512,0.5227102,0.51980233,5.5766954,-3.217239e-08,0.0
5.49,0.2956621,0.0,0.3608476,0.14545204,0.50763994,0.5244868,2.7553647,-2.66496e-08,0.0
5.495,0.2956621,0.0,0.3608476,0.136956,0.49344996,0.5288976,-0.0044529396,-1.0803391e-06,0.0
5.5,0.6,0.13531215,0.47680137,0.12895624,0.4776149,0.5330508,8.9932195e-09,4.0826837e-08,0.0
5.505,0.6,0.13531215,0.47680137,0.12142375,0.44971684,0.5369614,-7.3654993e-09,-2.6939933e-08,0.0
5.51,0.6,0.13531215,0.47680137,0.114331245,0.42344832,0.5406435,-9.946803e-10,-8.399239e-09,0.0
5.515,0.6,0.13531215,0.47680137,0.10765302,0.39871418,0.5441106,-4.801723e-09,-2.837794e-09,0.0
5.5200000000000005,0.4222379,0.39533022,0.06869733,0.10412808,0.3754248,0.5451401,6.226901e-09,-1.0722159e-08,0.0
5.525,0.4222379,0.39533022,0.06869733,0.11531581,0.35349578,0.5343753,0.06834255,-1.6647112e-08,0.0
5.53,0.4222379,0.39533022,0.06869733,0.12585005,0.33284765,0.52423936,0.1849419,1.1300859e-07,0.0
5.535,0.4222379,0.39533022,0.06869733,0.13576898,0.31340563,0.51469547,0.47224346,8.727479e-08,0.0
5.54,0.24864103,0.25242645,0.18489815,0.14795281,0.29636383,0.5067927,1.0604041,-9.938262e-08,0.0
5.545,0.24864103,0.25242645,0.18489815,0.16451982,0.2869566,0.5050409,1.9652991,1.8635268e-08,0.0
5.55,0.24864103,0.25242645,0.18489815,0.18092093,0.27809888,0.5033914,3.127618,6.346134e-08,0.0
5.555,0.24864103,0.25242645,0.18489815,0.19714373,0.26975852,0.5018382,4.455228,1.2471277e-07,0.0
5.5600000000000005,0.59177077,0.25413087,0.19382341,0.21317591,0.26433542,0.4965617,5.8552094,6.0341044e-08,0.0
5.565,0.59177077,0.25413087,0.19382341,0.22538747,0.271987,0.47156963,7.253284,2.3515849e-08,0.0
5.57,0.59177077,0.25413087,0.19382341,0.23688574,0.2791916,0.44803736,8.84226,1.5186441e-07,0.0
5.575,0.59177077,0.25413087,0.19382341,0.24771239,0.2859754,0.42587966,10.617007,1.15838986e-07,0.0
5.58,0.5248512,0.43414927,0.18447271,0.25628424,0.2910274,0.40610218,12.443171,4.234822e-08,0.0
5.585,0.5248512,0.43414927,0.18447271,0.2558378,0.28877267,0.39318138,14.229085,1.224458e-07,0.0
5.59,0.5248512,0.43414927,0.18447271,0.25541744,0.28664964,0.3810153,15.874229,9.146042e-08,0.0
5.595,0.5248512,0.43414927,0.18447271,0.25502163,0.28465062,0.36955985,17.293022,1.6443892e-08,0.0
5.6000000000000005,0.4285806,0.55276144,0.038668264,0.25785574,0.2827843,0.35885695,18.446928,7.5848305e-08,0.0
5.605,0.4285806,0.55276144,0.038668264,0.27303928,0.28111064,0.34921715,18.928019,-1.494962e-08,0.0
5.61,0.4285806,0.55276144,0.038668264,0.28797436,0.27953473,0.3401404,18.812223,6.0611946e-08,0.0
5.615,0.4285806,0.55276144,0.038668264,0.3026495,0.27805087,0.33159384,18.4498,-7.04996e-08,0.0
5.62,0.5710259,0.6,0.4051846,0.31705344,0.27833608,0.32345912,18.08575,4.271793e-08,0.0
5.625,0.5710259,0.6,0.4051846,0.32919115,0.28743732,0.31534076,18.292038,6.5637835e-08,0.0
5.63,0.5710259,0.6,0.4051846,0.3406199,0.29600695,0.3076966,19.17297,3.76746e-08,0.0
5.635,0.5710259,0.6,0.4051846,0.35138106,0.30407602,0.30049896,20.483404,1.0469134e-07,0.0
5.64,0.5710336,0.6,0.4336509,0.36061394,0.3127823,0.29235908,22.000383,5.507628e-08,0.0
5.6450000000000005,0.5710336,0.6,0.4336509,0.36458397,0.32679975,0.27754068,23.544163,7.880331e-08,0.0
5.65,0.5710336,0.6,0.4336509,0.36832207,0.33999845,0.26358786,24.941084,1.2331968e-07,0.0
5.655,0.5710336,0.6,0.4336509,0.37184185,0.3524262,0.25045004,26.069494,7.976411e-08,0.0
5.66,0.28309104,0.6,0.6,0.37648728,0.36456951,0.241505,26.880558,5.220738e-08,0.0
5.665,0.28309104,0.6,0.6,0.38785052,0.3776334,0.25106573,27.377895,-6.4398966e-09,0.0
5.67,0.28309104,0.6,0.6,0.39855,0.39036795,0.260068,27.622574,1.912302e-08,0.0
5.675,0.28309104,0.6,0.6,0.40862453,0.4026128,0.26854444,27.685602,-5.334448e-10,0.0
5.68,0.33470958,0.6,0.5404825,0.41811067,0.41414243,0.27679178,27.623606,-1.27070265e-08,0.0
5.6850000000000005,0.33470958,0.6,0.5404825,0.42704308,0.42499858,0.28595412,27.482016,-2.6666485e-09,0.0
5.69,0.33470958,0.6,0.5404825,0.43545374,0.43522063,0.29458126,27.296747,-1.2090222e-08,0.0
5.695,0.33470958,0.6,0.5404825,0.4433731,0.4448456,0.30270448,27.095245,3.0036549e-09,0.0
5.7,0.3392969,0.6,0.5240149,0.44813886,0.45390835,0.3119079,26.897404,-7.519506e-09,0.0
5.705,0.3392969,0.6,0.5240149,0.43849823,0.46244174,0.32613227,26.704193,1.4037404e-08,0.0
5.71,0.3392969,0.6,0.5240149,0.4294207,0.4704767,0.34006736,27.142958,3.438597e-08,0.0
5.715,0.3392969,0.6,0.5240149,0.4208734,0.4780423,0.35370237,28.185856,1.2086534e-07,0.0
5.72,0.0,0.6,0.4812976,0.4133078,0.485166,0.36702672,29.404844,1.0964777e-07,0.0
5.7250000000000005,0.0,0.6,0.4812976,0.40871677,0.49187362,0.3771585,30.514801,2.6351351e-08,0.0
5.73,0.0,0.6,0.4812976,0.4043939,0.49818942,0.38669845,31.362785,8.72843e-08,0.0
5.735,0.0,0.6,0.4812976,0.40032357,0.5041363,0.39568117,31.884943,5.0648197e-08,0.0
5.74,0.0,0.6,0.5719776,0.39653385,0.5097358,0.4039853,32.072063,-8.582897e-09,0.0
5.745,0.0,0.6,0.5719776,0.39319056,0.5150083,0.41099638,31.951378,8.5141844e-10,0.0
5.75,0.0,0.6,0.5719776,0.39004257,0.51997274,0.41759792,31.5726,-1.3361147e-08,0.0
5.755,0.0,0.6,0.5719776,0.38707846,0.52464724,0.42381385,30.99484,1.00648274e-10,0.0
5.76,0.0,0.6,0.6,0.38111648,0.5290487,0.4292675,30.277363,3.651478e-08,0.0
5.765,0.0,0.6,0.6,0.358855,0.53319305,0.43230665,29.454912,3.441841e-08,0.0
5.7700000000000005,0.0,0.6,0.6,0.33789384,0.5370953,0.43516827,28.450888,1.0098193e-08,0.0
5.775,0.0,0.6,0.6,0.31815705,0.54076964,0.43786272,27.183784,2.8227443e-08,0.0
5.78,0.0,0.32917923,0.6,0.29957312,0.5442293,0.44124728,25.628325,9.577038e-09,0.0
5.785,0.0,0.32917923,0.6,0.2820747,0.54748696,0.4488834,23.802738,-1.8940298e-08,0.0
5.79,0.0,0.32917923,0.6,0.26559836,0.55055434,0.4560735,21.75841,-5.074241e-10,0.0
5.795,0.0,0.32917923,0.6,0.25008443,0.55344254,0.4628436,19.568708,-7.421491e-08,0.0
5.8,0.0,0.0,0.6,0.2354767,0.556162,0.46948013,17.313992,-1.0834232e-07,0.0
5.805,0.0,0.0,0.6,0.22172222,0.5587226,0.47710395,15.067111,-9.206047e-08,0.0
5.8100000000000005,0.0,0.0,0.6,0.20877115,0.5611337,0.48428246,12.888986,-1.10868825e-07,0.0
5.815,0.0,0.0,0.6,0.19657658,0.5634039,0.49104166,10.830514,-2.2831799e-08,0.0
5.82,0.4267894,0.18963677,0.5666742,0.18509431,0.5630105,0.49740607,8.934488,-1.865689e-07,0.0
5.825,0.4267894,0.18963677,0.5666742,0.17428273,0.54935217,0.5033987,6.362954,-1.1360648e-07,0.0
5.83,0.4267894,0.18963677,0.5666742,0.16410266,0.5364916,0.5090413,3.1872964,-1.2710287e-07,0.0
5.835,0.4267894,0.18963677,0.5666742,0.15451722,0.52438223,0.51435435,0.09718051,-9.195014e-08,0.0
5.84,0.57309294,0.046752676,0.5493117,0.14549167,0.5099037,0.519357,2.842666e-09,-2.358028e-08,0.0
5.845,0.57309294,0.046752676,0.5493117,0.13699333,0.48011965,0.52406746,1.1018683e-09,2.7241624e-08,0.0
5.8500000000000005,0.57309294,0.046752676,0.5493117,0.12899138,0.45207527,0.52850276,-4.537286e-09,2.5437096e-08,0.0
5.855,0.57309294,0.046752676,0.5493117,0.12145684,0.425669,0.532679,4.546202e-09,-2.6354565e-08,0.0
5.86,0.37498075,0.5053357,0.34606805,0.11835109,0.4025775,0.5362999,1.7357293e-09,1.2337789e-08,0.0
5.865,0.37498075,0.5053357,0.34606805,0.13518023,0.39013937,0.5380741,0.043365967,3.829231e-08,0.0
5.87,0.37498075,0.5053357,0.34606805,0.15186566,0.37842777,0.5397446,0.07790428,-4.1840433e-08,0.0
5.875,0.37498075,0.5053357,0.34606805,0.16792428,0.36740026,0.5413176,0.2406276,4.000313e-08,0.0
5.88,0.0,0.6,0.6,0.18428954,0.3556815,0.54263645,0.7061339,-2.3265754e-09,0.0
5.885,0.0,0.6,0.6,0.20047393,0.3376366,0.5430264,1.5357741,2.833838e-08,0.0
5.89,0.0,0.6,0.6,0.21646518,0.32064572,0.5433935,2.730677,3.4349559e-09,0.0
5.8950000000000005,0.0,0.6,0.6,0.23225111,0.3046473,0.5437392,4.228732,6.5443814e-08,0.0
5.9,0.0,0.33497977,0.6,0.24781972,0.29386917,0.5421652,5.9229717,1.2752113e-07,0.0
5.905,0.0,0.33497977,0.6,0.25524735,0.3062212,0.53071094,7.687143,1.8850287e-07,0.0
5.91,0.0,0.33497977,0.6,0.26224113,0.3178517,0.5199257,9.71102,8.946087e-08,0.0
5.915,0.0,0.33497977,0.6,0.2688264,0.32880285,0.50977045,11.926823,9.8390025e-08,0.0
5.92,0.0,0.0,0.6,0.2715225,0.33999905,0.5025816,14.084908,2.7666289e-08,0.0
5.925,0.0,0.0,0.6,0.25566253,0.35363558,0.50827193,15.970168,4.4151083e-08,0.0
5.93,0.0,0.0,0.6,0.24072897,0.36696148,0.51362985,17.766798,6.786314e-08,0.0
5.9350000000000005,0.0,0.0,0.6,0.2266677,0.3799664,0.51867485,19.321947,1.2642732e-07,0.0
5.94,0.0951337,0.0,0.118224695,0.21342777,0.390342,0.52342516,20.336172,2.0884382e-08,0.0
5.945,0.0951337,0.0,0.118224695,0.20096119,0.38710824,0.527898,20.684675,-5.917507e-08,0.0
5.95,0.0951337,0.0,0.118224695,0.1892228,0.38406336,0.53210956,19.791225,2.984354e-08,0.0
5.955,0.0951337,0.0,0.118224695,0.17817007,0.38119632,0.5360751,17.727888,-4.519703e-08,0.0
5.96,0.6,0.16701253,0.22351687,0.16776294,0.3753661,0.53980905,14.972101,-7.926475e-08,0.0
5.965,0.6,0.16701253,0.22351687,0.1579637,0.3534405,0.5433249,11.936723,2.8068333e-08,0.0
5.97,0.6,0.16701253,0.22351687,0.14873685,0.33279562,0.5466353,9.044235,3.5366803e-08,0.0
5.9750000000000005,0.6,0.16701253,0.22351687,0.14004895,0.31335664,0.5497524,6.6285005,5.989868e-08,0.0
5.98,0.5072275,0.34861073,0.0,0.13275762,0.2950531,0.5481849,4.885152,2.0824405e-08,0.0
5.985,0.5072275,0.34861073,0.0,0.13055997,0.27781868,0.5230704,3.8743536,-5.3828675e-09,0.0
5.99,0.5072275,0.34861073,0.0,0.12849067,0.26159096,0.49942288,3.558313,-9.221776e-08,0.0
5.995,0.5072275,0.34861073,0.0,0.12654226,0.24631111,0.47715664,4.0209217,1.0123533e-07,0.0
6.0,0.21704264,0.1177024,0.294472,0.12942602,0.23348464,0.45717502,5.0530963,4.7027218e-08,0.0
6.005,0.21704264,0.1177024,0.294472,0.14616214,0.22960192,0.44352677,6.102165,1.2144528e-07,0.0
6.01,0.21704264,0.1177024,0.294472,0.16274625,0.225946,0.43067575,7.0097313,-1.0052652e-08,0.0
6.015000000000001,0.21704264,0.1177024,0.294472,0.17916581,0.22250362,0.41857535,7.856265,8.0576285e-08,0.0
6.0200000000000005,0.6,0.07885881,0.46475542,0.19540837,0.2209595,0.4050928,8.706962,7.824902e-08,0.0
6.025,0.6,0.07885881,0.46475542,0.21146163,0.22841576,0.38143083,9.614593,2.4903077e-08,0.0
6.03,0.6,0.07885881,0.46475542,0.22731338,0.23543648,0.359151,10.614336,9.252067e-08,0.0
6.035,0.6,0.07885881,0.46475542,0.24295159,0.24204713,0.33817255,11.729258,3.44243e-08,0.0
6.04,0.6,0.2507989,0.50184655,0.25567627,0.24611361,0.32117155,12.967617,9.788819e-09,0.0
6.045,0.6,0.2507989,0.50184655,0.25341964,0.23861296,0.319612,14.31054,-2.305819e-09,0.0
6.05,0.6,0.2507989,0.50184655,0.25129482,0.23155043,0.31814355,15.833419,1.3551526e-07,0.0
6.055,0.6,0.2507989,0.50184655,0.2492941,0.22490042,0.31676087,17.672964,1.0535425e-07,0.0
6.0600000000000005,0.2952854,0.33061862,0.26774347,0.2509893,0.21827583,0.31705037,19.689693,1.0497032e-07,0.0
6.065,0.2952854,0.33061862,0.26774347,0.26628017,0.21013232,0.325678,21.273983,1.2204949e-07,0.0
6.07,0.2952854,0.33061862,0.26774347,0.28132778,0.20246448,0.3338017,22.351048,5.8498635e-08,0.0
6.075,0.2952854,0.33061862,0.26774347,0.29612055,0.19524452,0.34145084,23.155912,-9.094622e-09,0.0
6.08,0.4156577,0.5067077,0.08314839,0.31064713,0.19005321,0.34899986,23.854967,4.691561e-08,0.0
6.085,0.4156577,0.5067077,0.08314839,0.32489637,0.19360144,0.35792783,24.561102,7.5090796e-08,0.0
6.09,0.4156577,0.5067077,0.08314839,0.33885726,0.19694242,0.3663343,25.344559,3.0552236e-08,0.0
6.095,0.4156577,0.5067077,0.08314839,0.352519,0.20008825,0.37424973,26.243866,3.3496903e-08,0.0
6.1000000000000005,0.4877667,0.6,0.0,0.36412686,0.2037963,0.37951493,27.277708,7.784575e-08,0.0
6.105,0.4877667,0.6,0.0,0.36010575,0.21120414,0.37298623,28.441431,6.9932256e-08,0.0
6.11,0.4877667,0.6,0.0,0.35631952,0.21817929,0.36683887,30.228828,1.2976024e-07,0.0
6.115,0.4877667,0.6,0.0,0.35275444,0.224747,0.36105058,32.609844,1.5164112e-07,0.0
6.12,0.3713457,0.6,0.0,0.35052258,0.23257679,0.35387522,35.24688,7.068413e-08,0.0
6.125,0.3713457,0.6,0.0,0.3543272,0.24814077,0.33806175,37.92242,6.1629805e-08,0.0
6.13,0.3713457,0.6,0.0,0.3579096,0.26324397,0.32317194,39.830982,6.6806166e-08,0.0
6.135,0.3713457,0.6,0.0,0.36128274,0.277465,0.3091519,40.718533,-1.6767909e-09,0.0
6.140000000000001,0.34132814,0.6,0.0,0.36513275,0.29172722,0.29517367,40.779602,1.2974649e-08,0.0
6.1450000000000005,0.34132814,0.6,0.0,0.37229595,0.30633453,0.27793223,40.203697,-3.5347867e-08,0.0
6.15,0.34132814,0.6,0.0,0.37904072,0.3206678,0.26169786,39.177734,3.268873e-08,0.0
6.155,0.34132814,0.6,0.0,0.38539153,0.334716,0.24641177,37.86972,7.186308e-08,0.0
6.16,0.32533255,0.6,0.0,0.39028335,0.34846824,0.23201856,36.41852,-1.8827257e-07,0.0
6.165,0.32533255,0.6,0.0,0.38917717,0.36191392,0.21846607,34.92806,1.9852815e-08,0.0
6.17,0.32533255,0.6,0.0,0.3881356,0.37504253,0.20570521,34.073067,1.0859649e-08,0.0
6.175,0.32533255,0.6,0.0,0.3871549,0.38784385,0.19368972,33.93036,2.3545583e-09,0.0
6.18,0.26808086,0.42001966,0.0,0.38595092,0.40023616,0.18237607,34.175343,4.5296265e-08,0.0
6.1850000000000005,0.26808086,0.42001966,0.0,0.38334444,0.4119046,0.17172326,34.56545,4.4368043e-08,0.0
6.19,0.26808086,0.42001966,0.0,0.38089022,0.4228915,0.1616927,34.92451,3.548569e-08,0.0
6.195,0.26808086,0.42001966,0.0,0.37857935,0.43323663,0.15224802,35.139362,1.4641767e-08,0.0
6.2,0.4439607,0.33308023,0.0,0.37625396,0.4429775,0.14335503,35.149975,0.012713547,0.0
6.205,0.4439607,0.33308023,0.0,0.37327957,0.45214936,0.13498148,34.936848,0.051603924,0.0
6.21,0.4439607,0.33308023,0.0,0.37047893,0.4607855,0.12709706,34.508247,0.10646255,0.0
6.215,0.4439607,0.33308023,0.0,0.36784187,0.4689172,0.11967316,33.892555,0.14445695,0.0
6.22,0.19549088,0.0,0.0,0.3648238,0.47489184,0.11268291,33.13,0.11997211,0.0
6.2250000000000005,0.19549088,0.0,0.0,0.3591729,0.4716867,0.10610096,32.26508,-4.892351e-08,0.0
6.23,0.19549088,0.0,0.0,0.35385212,0.46866876,0.09990348,30.42095,0.93612003,0.0
6.235,0.19549088,0.0,0.0,0.3488421,0.4658271,0.094068,27.743864,2.5381894,0.0
6.24,0.36595,0.14536333,0.092549264,0.34576848,0.46233892,0.088573374,24.81153,4.141102,0.0
6.245,0.36595,0.14536333,0.092549264,0.351504,0.45478877,0.0833997,22.008972,5.314667,0.0
6.25,0.36595,0.14536333,0.092549264,0.3569045,0.44767964,0.07852822,18.970922,6.474446,0.0
6.255,0.36595,0.14536333,0.092549264,0.36198956,0.44098574,0.07394129,15.91664,7.3706822,0.0
6.26,0.18720339,0.27504262,0.0,0.36445543,0.43156993,0.06962229,13.314782,7.4914637,0.0
6.265000000000001,0.18720339,0.27504262,0.0,0.354586,0.4063614,0.06555557,11.414869,6.5826783,0.0
6.2700000000000005,0.18720339,0.27504262,0.0,0.34529307,0.38262534,0.06172639,11.04213,3.7569249,0.0
6.275,0.18720339,0.27504262,0.0,0.33654293,0.36027575,0.058120877,11.944487,1.922412e-07,0.0
6.28,0.6,0.074296445,0.23484491,0.329897,0.34059015,0.055590913,12.985787,7.360668e-08,0.0
6.285,0.6,0.074296445,0.23484491,0.33200288,0.3291867,0.057749696,14.661195,1.3470915e-07,0.0
6.29,0.6,0.074296445,0.23484491,0.33398578,0.31844935,0.059782382,16.103458,0.18544206,0.0
6.295,0.6,0.074296445,0.23484491,0.33585283,0.30833918,0.061696336,17.056208,0.65045065,0.0
6.3,0.2362642,0.1425999,0.261501,0.3359403,0.3000315,0.062633544,17.721766,1.1704473,0.0
6.305,0.2362642,0.1425999,0.261501,0.3272524,0.29857188,0.058975045,18.231058,1.6000499,0.0
6.3100000000000005,0.2362642,0.1425999,0.261501,0.31907195,0.29719752,0.055530243,19.230356,1.222566,0.0
6.315,0.2362642,0.1425999,0.261501,0.31136936,0.2959034,0.052286655,20.647259,0.14257008,0.0
6.32,0.6,0.2369235,0.0,0.30797458,0.29280877,0.05142734,21.882936,7.377904e-08,0.0
6.325,0.6,0.2369235,0.0,0.32227606,0.2800452,0.06214098,23.001621,6.411658e-08,0.0
6.33,0.6,0.2369235,0.0,0.33629122,0.2680272,0.07222883,23.539062,0.38184553,0.0
6.335,0.6,0.2369235,0.0,0.35000923,0.25671113,0.08172743,23.63622,0.998716,0.0
6.34,0.3615139,0.28479013,0.13569768,0.3612121,0.24669442,0.09092033,23.712141,1.3798573,0.0
6.345,0.3615139,0.28479013,0.13569768,0.35391375,0.24061413,0.100884154,23.977873,1.2980545,0.0
6.3500000000000005,0.3615139,0.28479013,0.13569768,0.3470417,0.234889,0.11026598,25.091953,0.031570982,0.0
6.355,0.3615139,0.28479013,0.13569768,0.34057105,0.22949828,0.119099796,26.563578,1.4775938e-07,0.0
6.36,0.6,0.38468423,0.16614616,0.33787775,0.22530398,0.12497369,28.35952,1.2873389e-07,0.0
6.365,0.6,0.38468423,0.16614616,0.35156104,0.22598268,0.11767383,30.267624,1.4757359e-07,0.0
6.37,0.6,0.38468423,0.16614616,0.36493534,0.22662175,0.110800356,31.923513,0.05308187,0.0
6.375,0.6,0.38468423,0.16614616,0.37799025,0.22722349,0.10432837,33.29601,0.16921988,0.0
6.38,0.5636549,0.6,0.007745773,0.38872927,0.22823742,0.09950263,34.54731,0.18772306,0.0
6.385,0.5636549,0.6,0.007745773,0.3871396,0.23154074,0.10161683,35.75836,0.02426353,0.0
6.390000000000001,0.5636549,0.6,0.007745773,0.38564277,0.2346511,0.103607535,37.476616,1.0716778e-07,0.0
6.3950000000000005,0.5636549,0.6,0.007745773,0.3842334,0.23757978,0.10548196,39.727276,2.1652882e-07,0.0
6.4,0.48681703,0.6,0.0,0.38513514,0.24127097,0.10753146,42.135246,1.1975064e-07,0.0
6.405,0.48681703,0.6,0.0,0.3976721,0.24964792,0.110955216,43.72316,0.6533323,0.0
6.41,0.48681703,0.6,0.0,0.40949032,0.25753555,0.114178985,44.328686,2.1784508,0.0
6.415,0.48681703,0.6,0.0,0.4206182,0.26496246,0.11721445,44.3349,4.1329904,0.0
6.42,0.55950135,0.6,0.0,0.43075645,0.27396786,0.11859223,44.008816,6.21452,0.0
6.425,0.55950135,0.6,0.0,0.4385192,0.28888723,0.11211756,43.515045,8.242384,0.0
6.43,0.55950135,0.6,0.0,0.44582853,0.30354598,0.10602108,42.90296,10.168129,0.0
6.4350000000000005,0.55950135,0.6,0.0,0.4527109,0.31793284,0.100280695,42.189026,11.980247,0.0
6.44,0.5649789,0.6,0.0,0.45847315,0.33203673,0.09480323,41.398193,13.657697,0.0
6.445,0.5649789,0.6,0.0,0.46012875,0.34584674,0.08926566,40.555035,15.179909,0.0
6.45,0.5649789,0.6,0.0,0.46168765,0.3593522,0.08405154,39.66267,16.549835,0.0
6.455,0.5649789,0.6,0.0,0.46315548,0.3725426,0.07914199,38.724697,17.769123,0.0
6.46,0.45067108,0.6,0.0,0.46521688,0.38540766,0.07451921,37.75304,18.82965,0.0
6.465,0.45067108,0.6,0.0,0.47072414,0.3979373,0.07016645,36.76647,19.71552,0.0
6.47,0.45067108,0.6,0.0,0.4759097,0.40974003,0.06606795,35.800358,20.392673,0.0
6.4750000000000005,0.45067108,0.6,0.0,0.4807924,0.42085335,0.06220884,34.885906,20.832132,0.0
6.48,0.28508124,0.6,0.2628318,0.4854411,0.4313175,0.058575146,34.03851,21.022196,0.0
6.485,0.28508124,0.6,0.2628318,0.490087,0.44117045,0.0551537,33.264935,20.960356,0.0
6.49,0.28508124,0.6,0.2628318,0.49446154,0.4504479,0.051932108,32.56745,20.648304,0.0
6.495,0.28508124,0.6,0.2628318,0.49858055,0.4591834,0.04889869,31.944548,20.091211,0.0
6.5,0.6,0.58616817,0.6,0.50139064,0.46740866,0.046042457,31.39256,19.29592,0.0
6.505,0.6,0.58616817,0.6,0.49842805,0.47515348,0.043353062,30.899857,18.277224,0.0
6.51,0.6,0.58616817,0.6,0.4956385,0.48244593,0.04082076,31.389109,16.029093,0.0
6.515000000000001,0.6,0.58616817,0.6,0.4930119,0.4893124,0.038436368,32.780663,12.666264,0.0
6.5200000000000005,0.31530696,0.4273484,0.6,0.48899114,0.49577782,0.038647626,34.462864,8.876036,0.0
6.525,0.31530696,0.4273484,0.6,0.47708052,0.50186557,0.051742494,36.04787,5.0890055,0.0
6.53,0.31530696,0.4273484,0.6,0.4658656,0.50759774,0.064072475,37.2692,1.5958172,0.0
6.535,0.31530696,0.4273484,0.6,0.45530578,0.51299506,0.075682245,37.733936,8.613835e-09,0.0
6.54,0.2641756,0.40679893,0.6,0.44830593,0.51794785,0.08976498,37.62931,0.05113185,0.0
6.545,0.2641756,0.40679893,0.6,0.45716658,0.52193266,0.10680713,37.274864,0.16218835,0.0
6.55,0.2641756,0.40679893,0.6,0.46550965,0.5256847,0.12372694,35.919838,1.1687346,0.0
6.555,0.2641756,0.40679893,0.6,0.4733654,0.5292176,0.14051168,33.725178,2.8600075,0.0
6.5600000000000005,0.45989344,0.6,0.6,0.47810158,0.53105986,0.15714866,31.29609,4.5414977,0.0
6.565,0.45989344,0.6,0.6,0.46859255,0.52500194,0.17362532,29.012016,5.7907543,0.0
6.57,0.45989344,0.6,0.6,0.45963895,0.5192979,0.1899292,26.946375,6.537722,0.0
6.575,0.45989344,0.6,0.6,0.45120835,0.51392704,0.20604794,25.152996,6.7345057,0.0
6.58,0.039616264,0.6,0.6,0.44279233,0.50867784,0.22196928,23.681406,6.339355,0.0
6.585,0.039616264,0.6,0.6,0.4323591,0.502727,0.23768112,22.522749,5.3754663,0.0
6.59,0.039616264,0.6,0.6,0.4225353,0.4971237,0.2531715,21.622656,3.915083,0.0
6.595,0.039616264,0.6,0.6,0.41328532,0.49184772,0.26842862,20.914217,2.0419657,0.0
6.6000000000000005,0.0,0.6,0.6,0.40640476,0.48868555,0.2834408,20.299498,-9.021031e-08,0.0
6.605,0.0,0.6,0.6,0.4095291,0.49518755,0.29819652,19.430283,-1.3560458e-08,0.0
6.61,0.0,0.6,0.6,0.41247094,0.50130975,0.31268448,18.885607,1.174996e-08,0.0
6.615,0.0,0.6,0.6,0.41524094,0.50707436,0.3268935,18.654747,-1.615815e-08,0.0
6.62,0.0,0.6,0.6,0.41392133,0.51250225,0.34081262,18.640036,1.0002937e-08,0.0
6.625,0.0,0.6,0.6,0.39205772,0.5176131,0.3544311,19.400316,1.4744526e-08,0.0
6.63,0.0,0.6,0.6,0.3714712,0.5224254,0.36773834,20.762571,5.7420603e-08,0.0
6.635,0.0,0.6,0.6,0.35208714,0.5269566,0.38072398,22.158394,1.3300387e-07,0.0
6.640000000000001,0.0,0.45141643,0.6,0.3334651,0.5312232,0.3933779,23.223902,8.44281e-08,0.0
6.6450000000000005,0.0,0.45141643,0.6,0.313987,0.53524053,0.40544695,23.759502,1.4283544e-08,0.0
6.65,0.0,0.45141643,0.6,0.29564664,0.5390232,0.41681102,23.681273,2.3243832e-08,0.0
6.655,0.0,0.45141643,0.6,0.27837756,0.54258496,0.4275113,22.993994,4.289742e-08,0.0
6.66,0.11457003,0.0,0.6,0.2621172,0.5459386,0.43758658,21.766376,6.13497e-08,0.0
6.665,0.11457003,0.0,0.6,0.24680662,0.5490964,0.44707334,20.106403,6.386484e-08,0.0
6.67,0.11457003,0.0,0.6,0.23239034,0.5520697,0.45600596,18.139166,-7.452579e-08,0.0
6.675,0.11457003,0.0,0.6,0.21881615,0.5548694,0.46441683,15.988214,2.3460634e-08,0.0
6.68,0.064449035,0.0,0.5739378,0.20603482,0.55611694,0.4723364,13.765059,-7.623825e-10,0.0
6.6850000000000005,0.064449035,0.0,0.5739378,0.19400008,0.55000126,0.4797934,11.572107,-1.2226859e-07,0.0
6.69,0.064449035,0.0,0.5739378,0.1826683,0.5442428,0.48681483,8.658667,8.101585e-08,0.0
6.695,0.064449035,0.0,0.5739378,0.17199843,0.5388207,0.4934261,5.089932,-3.361952e-08,0.0
6.7,0.5926008,0.0,0.6,0.16302253,0.52949643,0.49965122,1.5135099,-7.9255884e-08,0.0
6.705,0.5926008,0.0,0.6,0.16019237,0.4985679,0.5055127,4.8165396e-09,6.5518044e-08,0.0
6.71,0.5926008,0.0,0.6,0.1575275,0.46944594,0.5110318,-2.933619e-09,6.507816e-08,0.0
6.715,0.5926008,0.0,0.6,0.15501831,0.44202504,0.51622856,0.05015229,-2.3716455e-08,0.0
6.72,0.6,0.09509215,0.3828963,0.15218726,0.41620582,0.5208782,0.25216863,3.4742592e-10,0.0
6.7250000000000005,0.6,0.09509215,0.3828963,0.14706236,0.39189473,0.52397746,0.6682095,-1.5560207e-08,0.0
6.73,0.6,0.09509215,0.3828963,0.14223681,0.36900368,0.5268957,1.2824677,4.8413984e-08,0.0
6.735,0.6,0.09509215,0.3828963,0.13769314,0.34744972,0.5296435,2.0430672,-1.4224799e-08,0.0
6.74,0.31335187,0.38280752,0.5570408,0.13835086,0.32715476,0.53247434,2.8866115,1.3267999e-07,0.0
6.745,0.31335187,0.38280752,0.5570408,0.15500765,0.30804524,0.5364186,3.530673,1.7731502e-09,0.0
6.75,0.31335187,0.38280752,0.5570408,0.17150573,0.29005194,0.54013246,4.033387,-7.836392e-09,0.0
6.755,0.31335187,0.38280752,0.5570408,0.18783264,0.27310964,0.5436294,4.607845,5.5481446e-09,0.0
6.76,0.2282182,0.43063584,0.6,0.20397598,0.2580457,0.5448931,5.3646917,-2.5589607e-08,0.0
6.765000000000001,0.2282182,0.43063584,0.6,0.21992351,0.2485274,0.53543067,6.557947,1.377722e-08,0.0
6.7700000000000005,0.2282182,0.43063584,0.6,0.23566312,0.23956506,0.52652097,8.1596,4.3945644e-08,0.0
6.775,0.2282182,0.43063584,0.6,0.2511828,0.23112622,0.5181317,9.988245,3.5755058e-08,0.0
6.78,0.40700868,0.58156776,0.6,0.2664707,0.22586924,0.51185995,11.921423,-3.9827032e-08,0.0
6.785,0.40700868,0.58156776,0.6,0.2692091,0.2350362,0.514499,13.886377,7.839505e-08,0.0
6.79,0.40700868,0.58156776,0.6,0.27178752,0.24366769,0.5169839,15.777463,6.6740455e-08,0.0
6.795,0.40700868,0.58156776,0.6,0.27421534,0.25179502,0.5193237,17.502253,3.6587466e-08,0.0
6.8,0.114430174,0.6,0.6,0.27570572,0.2598946,0.5219283,19.017065,1.0060487e-07,0.0
6.805,0.114430174,0.6,0.6,0.27293193,0.2698678,0.5264886,20.307394,3.338692e-08,0.0
6.8100000000000005,0.114430174,0.6,0.6,0.27032015,0.27925846,0.5307825,21.809626,8.911361e-08,0.0
6.815,0.114430174,0.6,0.6,0.26786092,0.2881006,0.5348256,23.546616,1.2677987e-07,0.0
6.82,0.0,0.6,0.6,0.26721627,0.29783684,0.5386325,25.237202,1.08068235e-07,0.0
6.825,0.0,0.6,0.6,0.2753817,0.3123315,0.5422171,26.690588,3.4206764e-08,0.0
6.83,0.0,0.6,0.6,0.2830702,0.3265475,0.54559225,27.391563,7.2455513e-09,0.0
6.835,0.0,0.6,0.6,0.2903096,0.3404739,0.54877025,27.293095,1.1072399e-08,0.0
6.84,0.0,0.6,0.6,0.29439175,0.35409987,0.55176264,26.649948,-1.5329725e-08,0.0
6.845,0.0,0.6,0.6,0.28387997,0.3674149,0.5545803,25.653683,-1.31227536e-08,0.0
6.8500000000000005,0.0,0.6,0.6,0.2739822,0.38040859,0.5572333,24.845358,-7.423182e-08,0.0
6.855,0.0,0.6,0.6,0.26466256,0.3930708,0.5597313,24.28968,7.830746e-09,0.0
6.86,0.0,0.47075066,0.6,0.25481787,0.40515777,0.5620834,23.771688,-2.3039169e-08,0.0
6.865,0.0,0.47075066,0.6,0.23993365,0.41653875,0.56429815,23.14962,7.724863e-09,0.0
6.87,0.0,0.47075066,0.6,0.22591884,0.42725495,0.56638354,22.306053,5.4953233e-08,0.0
6.875,0.0,0.47075066,0.6,0.21272266,0.4373452,0.5683471,21.175797,-1.2606576e-07,0.0
6.88,0.0,0.13499554,0.6,0.20029727,0.44684607,0.570196,19.751358,-5.008449e-08,0.0
6.885,0.0,0.13499554,0.6,0.18859766,0.45579198,0.57193685,18.06203,-3.3409613e-08,0.0
6.890000000000001,0.0,0.13499554,0.6,0.17758144,0.46421534,0.57357603,16.15963,8.9793375e-08,0.0
6.8950000000000005,0.0,0.13499554,0.6,0.1672087,0.4721467,0.5751195,14.113468,-5.858098e-08,0.0
6.9,0.20710403,0.0,0.33713865,0.15744184,0.47840682,0.5765728,12.009799,-1.2077744e-07,0.0
6.905,0.20710403,0.0,0.33713865,0.14824547,0.4779596,0.57774186,9.948781,-1.3738659e-07,0.0
6.91,0.20710403,0.0,0.33713865,0.13958627,0.47753853,0.5782393,7.2914705,9.233731e-08,0.0
6.915,0.20710403,0.0,0.33713865,0.13143286,0.47714204,0.5782393,4.1046267,1.7392848e-09,0.0
6.92,0.6,0.13151564,0.49118,0.12375571,0.47363082,0.5782393,0.94991386,-2.5091145e-08,0.0
6.925,0.6,0.13151564,0.49118,0.11652699,0.45385072,0.5782393,-7.1831576e-09,6.4736554e-08,0.0
6.93,0.6,0.13151564,0.49118,0.109720506,0.435226,0.5782393,-1.5703844e-08,-3.4858854e-08,0.0
6.9350000000000005,0.6,0.13151564,0.49118,0.1033116,0.41768917,0.5782393,-1.1029482e-08,-1.5001234e-08,0.0
6.94,0.53756255,0.2255299,0.10780891,0.099212594,0.39991507,0.5770537,1.6942218e-08,1.9430281e-08,0.0
6.945,0.53756255,0.2255299,0.10780891,0.10551466,0.37655556,0.56304,-7.6909323e-10,6.5873024e-08,0.0
6.95,0.53756255,0.2255299,0.10780891,0.111448616,0.3545605,0.54984486,-1.5813868e-08,-2.8905102e-08,0.0
6.955,0.53756255,0.2255299,0.10780891,0.11703596,0.33385018,0.53742045,0.015638288,-1.4640108e-07,0.0
6.96,0.2413376,0.0,0.6,0.12596887,0.3155787,0.52716136,0.18518037,5.6608922e-08,0.0
6.965,0.2413376,0.0,0.6,0.14273468,0.30482736,0.52505964,0.6388203,-5.3164094e-08,0.0
6.97,0.2413376,0.0,0.6,0.15935105,0.29470402,0.5230807,1.4264313,8.5035516e-08,0.0
6.9750000000000005,0.2413376,0.0,0.6,0.17580543,0.285172,0.52121735,2.5177562,6.067603e-08,0.0
6.98,0.6,0.0,0.6,0.19208539,0.27707538,0.5158799,3.824011,-1.7795543e-08,0.0
6.985,0.6,0.0,0.6,0.20817855,0.27406454,0.492044,5.237091,2.8917357e-08,0.0
6.99,0.6,0.0,0.6,0.22407271,0.27122957,0.46960038,6.6599603,4.9034963e-08,0.0
6.995,0.6,0.0,0.6,0.23975578,0.2685602,0.4484677,8.034849,8.1677385e-08,0.0
7.0,0.6,0.5707122,0.45227984,0.25438258,0.263939,0.43316934,9.346281,2.969328e-08,0.0
7.005,0.6,0.5707122,0.45227984,0.2536206,0.248522,0.44291413,10.610538,1.5697202e-07,0.0
7.01,0.6,0.5707122,0.45227984,0.25290313,0.23400553,0.4520897,12.228821,1.2343887e-07,0.0
7.015000000000001,0.6,0.5707122,0.45227984,0.25222757,0.22033697,0.46072933,14.41445,1.1220492e-07,0.0
7.0200000000000005,0.06502578,0.6,0.008737779,0.25494346,0.20746683,0.4688643,16.916494,1.8207189e-07,0.0
7.025,0.06502578,0.6,0.008737779,0.27017292,0.19534844,0.47652408,19.033329,1.1320226e-08,0.0
7.03,0.06502578,0.6,0.008737779,0.2851561,0.1839379,0.48373646,20.630829,6.58528e-08,0.0
7.035,0.06502578,0.6,0.008737779,0.29988152,0.17319387,0.49052754,21.909405,2.0213786e-08,0.0
7.04,0.25100812,0.6,0.0,0.31433785,0.16841117,0.4955414,23.017933,2.9746486e-08,0.0
7.045,0.25100812,0.6,0.0,0.32851398,0.18477125,0.49301443,24.062153,5.0346898e-08,0.0
7.05,0.25100812,0.6,0.0,0.34239897,0.20095012,0.49063507,25.111094,4.520089e-09,0.0
7.055,0.25100812,0.6,0.0,0.35598207,0.21693546,0.48839468,26.210257,5.823732e-08,0.0
7.0600000000000005,0.40489012,0.6,0.0,0.3652357,0.23271513,0.48213992,27.390404,8.3901384e-08,0.0
7.065,0.40489012,0.6,0.0,0.34770006,0.24827713,0.45448792,28.64795,2.6252954e-08,0.0
7.07,0.40489012,0.6,0.0,0.3311887,0.2636096,0.42845112,30.406624,1.04551184e-07,0.0
7.075,0.40489012,0.6,0.0,0.31564182,0.2787008,0.40393516,32.50616,1.3598395e-07,0.0
7.08,0.33486733,0.6,0.0,0.3027412,0.2935392,0.38076955,34.45438,1.425079e-07,0.0
7.085,0.33486733,0.6,0.0,0.2997194,0.3081134,0.35852835,35.926407,1.2057197e-07,0.0
7.09,0.33486733,0.6,0.0,0.2968741,0.3224122,0.33758628,36.81043,-1.624639e-08,0.0
7.095,0.33486733,0.6,0.0,0.29419503,0.33642456,0.31786746,37.112713,4.01396e-08,0.0
7.1000000000000005,0.24364062,0.6,0.0,0.29311058,0.35013965,0.29930043,36.886982,3.885811e-09,0.0
7.105,0.24364062,0.6,0.0,0.29963976,0.36354685,0.28181794,36.22396,-3.6597072e-08,0.0
7.11,0.24364062,0.6,0.0,0.30578756,0.37663573,0.26535663,34.78297,-6.7451715e-08,0.0
7.115,0.24364062,0.6,0.0,0.31157625,0.38939607,0.24985683,32.656384,1.02921325e-08,0.0
7.12,0.34273097,0.18094927,0.0,0.3163724,0.4016977,0.2352624,30.199488,-5.4581292e-08,0.0
7.125,0.34273097,0.18094927,0.0,0.3174527,0.41328079,0.22152044,27.660633,-5.5809018e-08,0.0
7.13,0.34273097,0.18094927,0.0,0.3184699,0.42418727,0.20858116,25.19183,-3.637038e-08,0.0
7.135,0.34273097,0.18094927,0.0,0.3194277,0.4344567,0.19639769,22.896284,-5.363275e-08,0.0
7.140000000000001,0.5985117,0.4152461,0.0,0.31947696,0.44412628,0.18492587,20.851162,-7.559725e-08,0.0
7.1450000000000005,0.5985117,0.4152461,0.0,0.31504726,0.45323107,0.17412412,19.100033,7.935435e-09,0.0
7.15,0.5985117,0.4152461,0.0,0.3108763,0.46180403,0.16395332,18.146055,-1.762749e-08,0.0
7.155,0.5985117,0.4152461,0.0,0.306949,0.46987623,0.15437661,17.983034,6.5135617e-09,0.0
7.16,0.32496455,0.40549594,0.0,0.30417714,0.47356054,0.1453593,18.269772,4.020874e-08,0.0
7.165,0.32496455,0.40549594,0.0,0.30642912,0.45646876,0.13686869,18.76431,3.806016e-08,0.0
7.17,0.32496455,0.40549594,0.0,0.30854955,0.44037533,0.12887402,17.966028,1.3058683,0.0
7.175,0.32496455,0.40549594,0.0,0.31054613,0.42522195,0.12134633,15.955739,3.6717286,0.0
7.18,0.22509266,0.16020204,0.18471253,0.31481656,0.41314337,0.11425835,13.645413,6.05315,0.0
7.1850000000000005,0.22509266,0.16020204,0.18471253,0.32898313,0.41326618,0.10758438,11.605675,7.8178334,0.0
7.19,0.22509266,0.16020204,0.18471253,0.3428582,0.41338181,0.10130025,10.949665,7.7541127,0.0
7.195,0.22509266,0.16020204,0.18471253,0.356431,0.4134907,0.095383175,11.73171,5.856803,0.0
7.2,0.6,0.28060964,0.0,0.36801472,0.41350213,0.08981173,13.37145,2.8107867,0.0
7.205,0.6,0.28060964,0.0,0.36550012,0.41303447,0.084565714,15.230814,1.5167087e-08,0.0
7.21,0.6,0.28060964,0.0,0.3631324,0.41259414,0.07962613,16.616821,5.9668125e-08,0.0
7.215,0.6,0.28060964,0.0,0.36090297,0.41217953,0.07497507,17.915825,6.646297e-08,0.0
7.22,0.6,0.18660891,0.15551178,0.35787037,0.40949667,0.072321974,19.013311,4.294441e-08,0.0
7.2250000000000005,0.6,0.18660891,0.15551178,0.35011467,0.39493507,0.078886844,19.863766,0.0006430725,0.0
7.23,0.6,0.18660891,0.15551178,0.34281197,0.38122404,0.08506825,20.498783,5.6352256e-08,0.0
7.235,0.6,0.18660891,0.15551178,0.33593583,0.36831388,0.09088859,20.973867,4.0350695e-08,0.0
7.24,0.30529687,0.35230204,0.6,0.33296517,0.35728312,0.09464268,21.337997,2.8501502e-08,0.0
7.245,0.30529687,0.35230204,0.6,0.34675524,0.3528045,0.08911448,21.647821,1.3840278e-08,0.0
7.25,0.30529687,0.35230204,0.6,0.36024004,0.3485875,0.0839092,21.389086,0.44961885,0.0
7.255,0.30529687,0.35230204,0.6,0.3734091,0.34461683,0.07900796,20.67769,1.1440873,0.0
7.26,0.6,0.6,0.456712,0.38625214,0.3399996,0.07584639,19.940256,1.6024822,0.0
7.265000000000001,0.6,0.6,0.456712,0.3987374,0.33103985,0.08049974,19.428003,1.5520543,0.0
7.2700000000000005,0.6,0.6,0.456712,0.4104934,0.32260346,0.08488128,19.289377,0.8411593,0.0
7.275,0.6,0.6,0.456712,0.4215627,0.31465986,0.08900689,19.47048,9.169348e-09,0.0
7.28,0.33117104,0.48731846,0.6,0.4292312,0.30872878,0.09704562,19.86653,3.6202596e-08,0.0
7.285,0.33117104,0.48731846,0.6,0.42199203,0.31127396,0.11403717,20.611908,5.198409e-08,0.0
7.29,0.33117104,0.48731846,0.6,0.41517574,0.31367046,0.13090095,22.691605,2.9495152e-07,0.0
7.295,0.33117104,0.48731846,0.6,0.40875757,0.31592697,0.14762422,25.992336,3.2768074e-07,0.0
7.3,0.2903374,0.6,0.6,0.40546852,0.32036662,0.16419439,29.738184,2.9802086e-07,0.0
7.305,0.2903374,0.6,0.6,0.41683134,0.33442098,0.1805989,33.42312,2.1473524e-07,0.0
7.3100000000000005,0.2903374,0.6,0.6,0.42753044,0.34817964,0.19672701,35.975277,0.81946164,0.0
7.315,0.2903374,0.6,0.6,0.4376046,0.36163193,0.21191305,37.18383,2.8847375,0.0
7.32,0.27441248,0.6,0.6,0.4445779,0.37450218,0.22755119,37.474342,5.6993794,0.0
7.325,0.27441248,0.6,0.6,0.43795368,0.38109192,0.24318607,37.167248,8.895053,0.0
7.33,0.27441248,0.6,0.6,0.43171638,0.38729674,0.2585953,37.341816,11.14648,0.0
7.335,0.27441248,0.6,0.6,0.42584342,0.39313912,0.27376708,38.2621,11.29887,0.0
7.34,0.12018861,0.6,0.6,0.41993186,0.39969334,0.28868985,39.60231,8.726282,0.0
7.345,0.12018861,0.6,0.6,0.4123621,0.4113935,0.30335215,41.019405,3.415143,0.0
7.3500000000000005,0.12018861,0.6,0.6,0.4052345,0.42241022,0.3177427,41.44096,1.9773026e-08,0.0
7.355,0.12018861,0.6,0.6,0.3985232,0.43278345,0.33185044,40.93776,-9.506482e-09,0.0
7.36,0.0,0.6,0.6,0.39205512,0.44255078,0.34566444,40.214806,-4.1547235e-08,0.0
7.365,0.0,0.6,0.6,0.38518348,0.45174757,0.359174,39.281128,-8.6862055e-09,0.0
7.37,0.0,0.6,0.6,0.37871322,0.46040717,0.3723687,38.16038,2.7965552e-09,0.0
7.375,0.0,0.6,0.6,0.37262088,0.46856096,0.38523817,36.88708,-7.436138e-08,0.0
7.38,0.0,0.6,0.6,0.36544305,0.4762385,0.39777237,35.501453,-7.3160194e-08,0.0
7.385,0.0,0.6,0.6,0.35111743,0.48346755,0.40958473,34.036633,-2.8730929e-08,0.0
7.390000000000001,0.0,0.6,0.6,0.3376286,0.49027434,0.4207071,32.47763,1.1950421e-09,0.0
7.3950000000000005,0.0,0.6,0.6,0.32492766,0.49668354,0.43117982,30.805452,8.441992e-08,0.0
7.4,0.0,0.43011054,0.6,0.31184533,0.5027184,0.4410408,29.023733,5.1206865e-08,0.0
7.405,0.0,0.43011054,0.6,0.29363006,0.50840074,0.45032582,27.142736,1.1710962e-07,0.0
7.41,0.0,0.43011054,0.6,0.27647877,0.51375115,0.45906848,25.142872,-8.459577e-08,0.0
7.415,0.0,0.43011054,0.6,0.2603293,0.51878905,0.46730047,23.01699,4.926607e-10,0.0
7.42,0.0,0.0,0.6,0.24512316,0.5235327,0.4750516,20.794584,8.448656e-08,0.0
7.425,0.0,0.0,0.6,0.23080522,0.5279992,0.48235,18.524506,5.473825e-08,0.0
7.43,0.0,0.0,0.6,0.2173236,0.53220487,0.48922208,16.257008,-1.3847642e-07,0.0
7.4350000000000005,0.0,0.0,0.6,0.20462947,0.5361649,0.49569276,14.037626,2.5667442e-08,0.0
7.44,0.30930793,0.0,0.38049322,0.19267681,0.5383058,0.50178546,11.910518,7.468109e-08,0.0
7.445,0.30930793,0.0,0.38049322,0.18142232,0.531986,0.5075223,9.925583,7.6715786e-08,0.0
7.45,0.30930793,0.0,0.38049322,0.17082523,0.5260353,0.512924,7.3223968,7.7737376e-08,0.0
7.455,0.30930793,0.0,0.38049322,0.16084713,0.52043223,0.51801026,4.142705,-1.1517546e-07,0.0
7.46,0.6,0.3075046,0.3267384,0.15145186,0.5111367,0.5227994,0.99145186,-2.5923715e-08,0.0
7.465,0.6,0.3075046,0.3267384,0.14260536,0.4812806,0.52730876,5.7064836e-10,-7.6340365e-09,0.0
7.47,0.6,0.3075046,0.3267384,0.13427562,0.45316842,0.53155476,4.663809e-09,-5.1082097e-08,0.0
7.4750000000000005,0.6,0.3075046,0.3267384,0.12643242,0.4266983,0.53555274,-6.8018874e-10,3.820274e-08,0.0
7.48,0.33110332,0.13260603,0.16982853,0.12193808,0.40177435,0.5372657,1.4051195e-08,-3.1817223e-08,0.0
7.485,0.33110332,0.13260603,0.16982853,0.13288258,0.3783062,0.5281084,0.07596749,8.689447e-09,0.0
7.49,0.33110332,0.13260603,0.16982853,0.14318779,0.3562089,0.519486,0.18592845,4.5062524e-08,0.0
7.495,0.33110332,0.13260603,0.16982853,0.15289107,0.3354023,0.51136726,0.45833007,1.03501826e-07,0.0
7.5,0.2996961,0.008040494,0.31654292,0.16474432,0.31868494,0.5032204,1.0504448,-9.9369416e-08,0.0
7.505,0.2996961,0.008040494,0.31654292,0.18114309,0.31803188,0.49291185,1.9880769,5.256362e-08,0.0
7.51,0.2996961,0.008040494,0.31654292,0.19736338,0.31741697,0.48320544,3.1706462,1.942187e-08,0.0
7.515000000000001,0.2996961,0.008040494,0.31654292,0.21339287,0.31683797,0.47406602,4.46393,5.028969e-08,0.0
7.5200000000000005,0.6,0.37114507,0.15322387,0.22921939,0.31465822,0.463994,5.7606225,5.9561085e-08,0.0
7.525,0.6,0.37114507,0.15322387,0.23517056,0.30402434,0.44681144,7.001739,-2.4133328e-08,0.0
7.53,0.6,0.37114507,0.15322387,0.24077411,0.2940116,0.43063253,8.152547,1.0269485e-07,0.0
7.535,0.6,0.37114507,0.15322387,0.24605034,0.2845837,0.41539866,9.197144,-5.5249018e-08,0.0
7.54,0.6,0.5111967,0.6,0.25072485,0.27454233,0.40242577,10.142131,5.7030128e-08,0.0
7.545,0.6,0.5111967,0.6,0.2535853,0.25897563,0.39740923,11.009539,-2.0294602e-08,0.0
7.55,0.6,0.5111967,0.6,0.2562787,0.2443182,0.39268574,11.835481,-3.6947277e-08,0.0
7.555,0.6,0.5111967,0.6,0.25881475,0.23051694,0.38823813,12.889998,5.794105e-08,0.0
7.5600000000000005,0.44719708,0.6,0.37394226,0.26400927,0.22091532,0.38252398,14.174979,1.11872495e-07,0.0
7.565,0.44719708,0.6,0.37394226,0.27909398,0.22969042,0.36913028,15.5485325,5.7750224e-08,0.0
7.57,0.44719708,0.6,0.37394226,0.29392558,0.23795295,0.35651892,16.976797,8.8309186e-08,0.0
7.575,0.44719708,0.6,0.37394226,0.3084927,0.24573286,0.34464422,18.46141,6.92486e-08,0.0
7.58,0.1310306,0.6,0.48446298,0.3227841,0.25436723,0.33763862,19.997036,3.0341248e-08,0.0
7.585,0.1310306,0.6,0.48446298,0.33678877,0.26936895,0.35132715,21.575045,9.495542e-08,0.0
7.59,0.1310306,0.6,0.48446298,0.35049593,0.28349438,0.36470687,23.189386,7.185521e-08,0.0
7.595,0.1310306,0.6,0.48446298,0.3638949,0.29679474,0.37776738,24.784958,1.0783446e-09,0.0
7.6000000000000005,0.29629114,0.6,0.6,0.37625802,0.31014815,0.38863558,26.272749,1.42117e-07,0.0
7.605,0.29629114,0.6,0.6,0.38040164,0.3244072,0.38777733,27.582985,8.8231154e-08,0.0
7.61,0.29629114,0.6,0.6,0.38430324,0.33837825,0.3869692,28.63578,5.2397753e-09,0.0
7.615,0.29629114,0.6,0.6,0.38797694,0.35205054,0.3862083,29.380484,2.8198672e-08,0.0
7.62,0.3129251,0.6,0.6,0.38848123,0.36541346,0.38652474,29.80996,-1.3616512e-08,0.0
7.625,0.3129251,0.6,0.6,0.37344322,0.3784566,0.39224544,29.933262,-2.0507342e-08,0.0
7.63,0.3129251,0.6,0.6,0.3592836,0.3911698,0.39763197,30.303703,2.2087665e-08,0.0
7.635,0.3129251,0.6,0.6,0.34595105,0.40336782,0.40270388,30.917202,5.07809e-08,0.0
7.640000000000001,0.0,0.6,0.48561066,0.33494177,0.41485333,0.40855932,31.44229,2.8513321e-08,0.0
7.6450000000000005,0.0,0.6,0.48561066,0.33268416,0.42566797,0.4197416,31.68661,4.7657283e-09,0.0
7.65,0.0,0.6,0.48561066,0.3305584,0.43585092,0.4302707,31.608864,-9.521582e-09,0.0
7.655,0.0,0.6,0.48561066,0.3285568,0.44543907,0.4401848,31.237478,-2.804523e-08,0.0
7.66,0.0,0.6,0.58819157,0.3268276,0.45446718,0.4495198,30.617517,-9.657551e-08,0.0
7.665,0.0,0.6,0.58819157,0.32601553,0.46296793,0.45830953,29.802935,-8.548262e-08,0.0
7.67,0.0,0.6,0.58819157,0.3252509,0.47097215,0.46658584,28.854395,8.470325e-09,0.0
7.675,0.0,0.6,0.58819157,0.32453093,0.47850883,0.47437873,27.829721,5.6242463e-08,0.0
7.68,0.0,0.6,0.6,0.32092848,0.48560527,0.48064736,26.778446,-9.356915e-09,0.0
7.6850000000000005,0.0,0.6,0.6,0.30218267,0.49228722,0.48093727,25.722015,5.7338198e-08,0.0
7.69,0.0,0.6,0.6,0.28453183,0.49857885,0.48121026,24.570066,5.502702e-09,0.0
7.695,0.0,0.6,0.6,0.26791197,0.50450295,0.4814673,23.2312,9.060266e-08,0.0
7.7,0.0,0.37841704,0.6,0.25226292,0.51008105,0.482668,21.6762,5.0712572e-08,0.0
7.705,0.0,0.37841704,0.6,0.23752794,0.51533335,0.48883176,19.921576,-4.3678007e-08,0.0
7.71,0.0,0.37841704,0.6,0.22365364,0.5202788,0.4946355,18.009497,-1.3287098e-08,0.0
7.715,0.0,0.37841704,0.6,0.21058977,0.5249354,0.5001002,15.992423,-2.9026644e-08,0.0
7.72,0.0,0.0,0.6,0.19828896,0.52932006,0.5053561,13.927492,-6.6750154e-08,0.0
7.7250000000000005,0.0,0.0,0.6,0.18670666,0.5334486,0.51088434,11.876817,-7.2630456e-08,0.0
7.73,0.0,0.0,0.6,0.1758009,0.53733593,0.5160897,9.905559,1.9061822e-08,0.0
7.735,0.0,0.0,0.6,0.16553216,0.5409962,0.52099097,8.07684,-2.9417995e-08,0.0
7.74,0.29060912,0.0,0.45653918,0.15586323,0.5423718,0.525606,6.446286,2.0618119e-08,0.0
7.745,0.29060912,0.0,0.45653918,0.14675906,0.532795,0.5299514,5.0631,-1.7708754e-07,0.0
7.75,0.29060912,0.0,0.45653918,0.1381867,0.5237776,0.534043,3.153642,-1.1594532e-07,0.0
7.755,0.29060912,0.0,0.45653918,0.13011505,0.5152869,0.5378956,0.74152297,-2.7514993e-08,0.0
7.76,0.6,0.17463616,0.46310106,0.12251487,0.50375557,0.5415232,-4.3503734e-09,-3.4486545e-09,0.0
7.765000000000001,0.6,0.17463616,0.46310106,0.11535863,0.4743306,0.5449389,1.6878818e-08,1.6503815e-08,0.0
7.7700000000000005,0.6,0.17463616,0.46310106,0.10862039,0.44662437,0.5481551,6.048144e-10,-3.0392947e-08,0.0
7.775,0.6,0.17463616,0.46310106,0.102275744,0.4205365,0.55118346,-1.6470154e-09,2.1530623e-08,0.0
7.78,0.44038424,0.35382664,0.23797904,0.099017665,0.39597243,0.55269414,2.2800902e-08,1.1750179e-08,0.0
7.785,0.44038424,0.35382664,0.23797904,0.11020875,0.3728432,0.5470776,-5.5764726e-09,-1.7777427e-09,0.0
7.79,0.44038424,0.35382664,0.23797904,0.12074615,0.35106498,0.5417891,-1.1149018e-08,6.803371e-08,0.0
7.795,0.44038424,0.35382664,0.23797904,0.13066806,0.33055884,0.53680956,0.09401788,-1.506516e-08,0.0
7.8,0.2643685,0.24746238,0.32895362,0.14290191,0.3128826,0.5321822,0.44711173,3.932163e-08,0.0
7.805000000000001,0.2643685,0.24746238,0.32895362,0.15951672,0.30480745,0.5281471,1.1527286,4.5548703e-08,0.0
7.8100000000000005,0.2643685,0.24746238,0.32895362,0.17596942,0.297204,0.52434766,2.1883593,1.568423e-07,0.0
7.815,0.2643685,0.24746238,0.32895362,0.19224755,0.29004467,0.5207702,3.4610395,6.374541e-08,0.0
7.82,0.6,0.46329287,0.12837425,0.20833878,0.28497818,0.5152977,4.859898,5.975182e-08,0.0
7.825,0.6,0.46329287,0.12837425,0.22189283,0.2889997,0.4990992,6.285306,-9.967185e-08,0.0
7.83,0.6,0.46329287,0.12837425,0.23465519,0.29278633,0.48384684,7.9539194,-1.0003494e-10,0.0
7.835,0.6,0.46329287,0.12837425,0.24667206,0.29635176,0.4694854,9.851047,1.6118123e-07,0.0
7.84,0.6,0.6,0.2216215,0.25634202,0.29871488,0.45681307,11.813874,7.943092e-08,0.0
7.845,0.6,0.6,0.2216215,0.25681087,0.29572114,0.44934464,13.736377,1.5256086e-07,0.0
7.8500000000000005,0.6,0.6,0.2216215,0.25725234,0.2929023,0.44231245,15.058779,7.177293e-08,0.0
7.855,0.6,0.6,0.2216215,0.257668,0.2902481,0.43569103,15.659118,3.0798557e-08,0.0
7.86,0.44532982,0.6,0.0,0.2611961,0.28976604,0.4275818,15.751136,3.842786e-08,0.0
7.865,0.44532982,0.6,0.0,0.2763263,0.29990196,0.41010472,15.530164,5.558717e-08,0.0
7.87,0.44532982,0.6,0.0,0.2912055,0.30944583,0.3936485,15.665337,1.7353187e-08,0.0
7.875,0.44532982,0.6,0.0,0.3058223,0.3184322,0.3781535,16.344545,8.963876e-08,0.0
7.88,0.52303857,0.6,0.3029703,0.3201655,0.32817134,0.36443508,17.389664,9.5367625e-08,0.0
7.885,0.52303857,0.6,0.3029703,0.33422396,0.34206358,0.35609317,18.637472,1.5820626e-07,0.0
7.890000000000001,0.52303857,0.6,0.3029703,0.34798688,0.35565418,0.34823853,19.938713,9.407038e-08,0.0
7.8950000000000005,0.52303857,0.6,0.3029703,0.36144358,0.3689326,0.34084266,21.178656,5.7543502e-08,0.0
7.9,0.5932164,0.6,0.56671745,0.37393242,0.3818885,0.33180758,22.285872,6.649952e-08,0.0
7.905,0.5932164,0.6,0.56671745,0.37810284,0.39451176,0.3124263,23.223257,9.5786504e-08,0.0
7.91,0.5932164,0.6,0.56671745,0.38202965,0.40651459,0.29417711,23.941732,3.4797658e-08,0.0
7.915,0.5932164,0.6,0.56671745,0.38572708,0.4178163,0.27699387,24.411808,1.4183577e-09,0.0
7.92,0.20852484,0.5443152,0.6,0.3899348,0.4284579,0.26364583,24.638742,1.3551414e-08,0.0
7.925,0.20852484,0.5443152,0.6,0.39770955,0.43847787,0.2659428,24.652382,-1.6914972e-10,0.0
7.930000000000001,0.20852484,0.5443152,0.6,0.40503016,0.44791257,0.26810563,24.514862,-1.8775468e-08,0.0
7.9350000000000005,0.20852484,0.5443152,0.6,0.41192317,0.4567962,0.2701421,24.289154,1.5674876e-09,0.0
7.94,0.2213317,0.55118334,0.6,0.4190694,0.4651609,0.27452457,24.02358,-1.09053495e-08,0.0
7.945,0.2213317,0.55118334,0.6,0.42924154,0.47303703,0.2894345,23.757114,-7.4497635e-09,0.0
7.95,0.2213317,0.55118334,0.6,0.4388195,0.4804531,0.30408338,23.534134,-3.7656767e-09,0.0
7.955,0.2213317,0.55118334,0.6,0.447838,0.487436,0.31845996,23.387716,-2.5804305e-09,0.0
7.96,0.2813109,0.6,0.6,0.4527345,0.49349058,0.33255315,23.33114,-3.4183931e-09,0.0
7.965,0.2813109,0.6,0.6,0.43846992,0.4964593,0.34635207,23.34752,-5.6397966e-09,0.0
7.97,0.2813109,0.6,0.6,0.42503855,0.4992546,0.35984606,24.026928,9.428137e-08,0.0
7.9750000000000005,0.2813109,0.6,0.6,0.41239172,0.50188667,0.37302458,25.298138,1.0157221e-07,0.0
7.98,0.0,0.6,0.6,0.4006033,0.50442916,0.3858774,26.70002,2.3665562e-08,0.0
7.985,0.0,0.6,0.6,0.39013183,0.5071601,0.39838457,27.930307,4.282486e-08,0.0
7.99,0.0,0.6,0.6,0.380272,0.5097316,0.41016117,28.820208,4.51918e-08,0.0
7.995,0.0,0.6,0.6,0.3709881,0.51215285,0.4212499,29.29957,1.0493568e-08,0.0
8.0,0.0,0.6,0.6,0.36280704,0.5148889,0.4316909,29.365,-1.0764024e-08,0.0
8.005,0.0,0.6,0.6,0.35804674,0.5198603,0.44152203,29.056637,3.1452263e-08,0.0
8.01,0.0,0.6,0.6,0.3535645,0.5245414,0.45077893,28.445955,1.9148251e-08,0.0
8.015,0.0,0.6,0.6,0.34934407,0.528949,0.45949513,27.61372,-2.0998796e-08,0.0
8.02,0.0,0.6,0.6,0.3427411,0.5330992,0.46770218,26.63509,-9.920024e-08,0.0
8.025,0.0,0.6,0.6,0.32272118,0.5370069,0.47542986,25.559683,2.8140512e-08,0.0
8.03,0.0,0.6,0.6,0.30387065,0.5406864,0.48270616,24.335434,2.6362377e-08,0.0
8.035,0.0,0.6,0.6,0.2861212,0.544151,0.48955745,22.906282,-4.7162874e-08,0.0
8.040000000000001,0.0,0.2726912,0.6,0.2694085,0.54741323,0.49600852,21.267612,-6.425618e-08,0.0
8.045,0.0,0.2726912,0.6,0.253672,0.5504849,0.50208277,19.45119,4.4981043e-08,0.0
8.05,0.0,0.2726912,0.6,0.23885472,0.55337715,0.50780225,17.510021,1.5578376e-08,0.0
8.055,0.0,0.2726912,0.6,0.22490293,0.5561004,0.51318765,15.502879,-3.527823e-08,0.0
8.06,0.0,0.0,0.5536722,0.21176608,0.5586647,0.51825845,13.486618,-5.2159226e-08,0.0
8.065,0.0,0.0,0.5536722,0.19939657,0.56107914,0.5230331,11.515212,-4.6416083e-08,0.0
8.07,0.0,0.0,0.5536722,0.18774956,0.5633526,0.5275288,9.639036,-3.1387664e-08,0.0
8.075,0.0,0.0,0.5536722,0.17678289,0.5654932,0.53176194,7.9044495,-3.7157733e-08,0.0
8.08,0.294306,0.0,0.53858966,0.16645679,0.56444985,0.5357478,6.353988,-5.390506e-08,0.0
8.085,0.294306,0.0,0.53858966,0.15673384,0.54740787,0.5395009,4.1481724,-1.7308995e-08,0.0
8.09,0.294306,0.0,0.53858966,0.14757882,0.53136134,0.54303473,1.3734249,-1.1779484e-07,0.0
8.095,0.294306,0.0,0.53858966,0.13895856,0.5162521,0.54636216,1.6197612e-08,-1.6720968e-08,0.0
8.1,0.6,0.18884785,0.27218023,0.13084182,0.4994769,0.54906225,6.323194e-09,1.0716489e-08,0.0
8.105,0.6,0.18884785,0.27218023,0.123199195,0.47030187,0.54933155,-5.8202704e-10,6.5061063e-09,0.0
8.11,0.6,0.18884785,0.27218023,0.11600298,0.44283098,0.5495851,1.16839205e-08,4.9622148e-08,0.0
8.115,0.6,0.18884785,0.27218023,0.109227106,0.41696468,0.5498238,7.129531e-09,-9.201991e-09,0.0
8.120000000000001,0.47165403,0.28748104,0.020188076,0.10559754,0.39260927,0.5499076,1.6578756e-08,-4.8756416e-08,0.0
8.125,0.47165403,0.28748104,0.020188076,0.11662023,0.3696765,0.54924655,4.240259e-09,2.3696144e-08,0.0
8.13,0.47165403,0.28748104,0.020188076,0.12699907,0.34808326,0.54862404,5.113476e-09,-6.0958605e-08,0.0
8.135,0.47165403,0.28748104,0.020188076,0.13677166,0.32775128,0.54803795,0.14933482,5.901954e-09,0.0
8.14,0.22469549,0.1645461,0.34020168,0.14883038,0.31037188,0.54499626,0.6107309,-1.6900307e-08,0.0
8.145,0.22469549,0.1645461,0.34020168,0.16538896,0.3032735,0.5290607,1.4351201,1.1589953e-07,0.0
8.15,0.22469549,0.1645461,0.34020168,0.18178098,0.29658976,0.514056,2.5675316,1.2392394e-07,0.0
8.155,0.22469549,0.1645461,0.34020168,0.19799402,0.29029644,0.49992776,3.8991487,2.1435001e-07,0.0
8.16,0.6,0.35734916,0.38405737,0.21401581,0.2852925,0.48426968,5.315469,8.242941e-08,0.0
8.165000000000001,0.6,0.35734916,0.38405737,0.22906478,0.28542033,0.4571621,6.7296968,-1.8218001e-08,0.0
8.17,0.6,0.35734916,0.38405737,0.24323471,0.2855407,0.43163794,8.394105,1.4294757e-07,0.0
8.175,0.6,0.35734916,0.38405737,0.25657696,0.28565404,0.40760466,10.31802,-1.5481607e-08,0.0
8.18,0.6,0.5727853,0.6,0.26683185,0.28461182,0.38796598,12.344182,1.4197867e-07,0.0
8.185,0.6,0.5727853,0.6,0.26437062,0.27759865,0.385176,13.973082,4.335955e-08,0.0
8.19,0.6,0.5727853,0.6,0.26205313,0.2709951,0.382549,15.480836,1.04325665e-07,0.0
8.195,0.6,0.5727853,0.6,0.25987104,0.2647773,0.38007542,17.015371,4.4719553e-08,0.0
8.2,0.27213728,0.6,0.6,0.2613239,0.26072457,0.37815621,18.452034,9.167917e-08,0.0
8.205,0.27213728,0.6,0.6,0.27645203,0.26636854,0.3785009,19.302765,2.5658686e-08,0.0
8.21,0.27213728,0.6,0.6,0.2913291,0.27168283,0.37882546,19.934225,2.9657446e-08,0.0
8.215,0.27213728,0.6,0.6,0.30594364,0.2766867,0.37913105,20.683752,4.502118e-08,0.0
8.22,0.1857574,0.5708431,0.6,0.32028446,0.2834117,0.38143694,21.57798,5.304584e-08,0.0
8.225,0.1857574,0.5708431,0.6,0.33434048,0.29816794,0.39407212,22.595146,5.4391972e-08,0.0
8.23,0.1857574,0.5708431,0.6,0.34810087,0.31265643,0.4061006,23.650105,7.976015e-08,0.0
8.235,0.1857574,0.5708431,0.6,0.36155495,0.326866,0.4174265,24.656578,4.5790975e-09,0.0
8.24,0.40125126,0.6,0.6,0.37241867,0.3407857,0.42809084,25.55973,8.982614e-08,0.0
8.245000000000001,0.40125126,0.6,0.6,0.3665611,0.35440478,0.43813226,26.32158,9.336452e-09,0.0
8.25,0.40125126,0.6,0.6,0.36104572,0.36771265,0.44758716,27.438261,7.371988e-08,0.0
8.255,0.40125126,0.6,0.6,0.35585245,0.38069895,0.45648977,28.875208,6.961631e-08,0.0
8.26,0.38029662,0.6,0.6,0.35015526,0.3932361,0.4648724,30.287693,1.3277939e-07,0.0
8.265,0.38029662,0.6,0.6,0.3405526,0.40361035,0.47276536,31.455238,7.830103e-08,0.0
8.27,0.38029662,0.6,0.6,0.3315108,0.41337863,0.48019728,32.23358,1.5471309e-09,0.0
8.275,0.38029662,0.6,0.6,0.32299718,0.4225763,0.4871951,32.551205,2.0354811e-08,0.0
8.28,0.028850485,0.6,0.41010877,0.31699482,0.43150926,0.4937842,32.400898,-5.915384e-08,0.0
8.285,0.028850485,0.6,0.41010877,0.32191634,0.441351,0.49998838,31.829865,1.8109047e-08,0.0
8.290000000000001,0.028850485,0.6,0.41010877,0.3265504,0.45061788,0.50583017,30.447582,-4.3935646e-08,0.0
8.295,0.028850485,0.6,0.41010877,0.33091375,0.45934346,0.5113307,28.34412,-9.888298e-08,0.0
8.3,0.0,0.6,0.6,0.3348264,0.4675594,0.51651,25.902643,4.9117418e-08,0.0
8.305,0.0,0.6,0.6,0.3374824,0.47529542,0.52138674,23.40902,-6.075828e-08,0.0
8.31,0.0,0.6,0.6,0.33998322,0.48257956,0.5259786,21.066193,9.28292e-08,0.0
8.315,0.0,0.6,0.6,0.34233797,0.48943824,0.5303023,19.009123,-1.2800907e-08,0.0
8.32,0.0,0.6,0.6,0.34127063,0.49589628,0.53259873,17.309742,9.656663e-09,0.0
8.325,0.0,0.6,0.6,0.3230218,0.5019771,0.525444,16.52558,-4.5385942e-08,0.0
8.33,0.0,0.6,0.6,0.30583888,0.5077027,0.5187071,16.548874,-3.306817e-08,0.0
8.335,0.0,0.6,0.6,0.28965965,0.5130939,0.51236373,16.898146,-6.993027e-08,0.0
8.34,0.0,0.49299517,0.6,0.27415586,0.5181702,0.5081656,17.231953,-1.2092396e-08,0.0
8.345,0.0,0.49299517,0.6,0.25814208,0.52294993,0.5135298,17.33127,2.0179684e-08,0.0
8.35,0.0,0.49299517,0.6,0.24306369,0.5274505,0.5185806,17.075682,4.6188426e-08,0.0
8.355,0.0,0.49299517,0.6,0.22886604,0.5316882,0.5233364,16.420849,-7.741943e-08,0.0
8.36,0.0,0.0,0.6,0.2154977,0.5356784,0.52781445,15.384548,-6.2228295e-08,0.0
8.365,0.0,0.0,0.6,0.20291021,0.5394355,0.5320309,14.025928,1.09518275e-07,0.0
8.370000000000001,0.0,0.0,0.6,0.19105798,0.54297316,0.536001,12.430769,4.973275e-09,0.0
8.375,0.0,0.0,0.6,0.17989805,0.54630417,0.5397393,10.69828,9.029296e-10,0.0
8.38,0.33685675,0.0,0.5024369,0.16939,0.5484406,0.5432592,8.930913,-1.983781e-08,0.0
8.385,0.33685675,0.0,0.5024369,0.15949571,0.54520196,0.5465735,7.229703,9.3788216e-08,0.0
8.39,0.33685675,0.0,0.5024369,0.15017937,0.54215246,0.54969424,4.8444533,6.080479e-08,0.0
8.395,0.33685675,0.0,0.5024369,0.1414072,0.53928113,0.5526327,1.8379456,6.1079454e-08,0.0
8.4,0.6,0.11543328,0.36741507,0.13314745,0.5319701,0.5553995,-1.9278172e-09,-9.6876896e-08,0.0
8.405,0.6,0.11543328,0.36741507,0.12537014,0.50089705,0.5580047,8.536674e-09,-6.85688e-08,0.0
8.41,0.6,0.11543328,0.36741507,0.118047126,0.47163904,0.56045765,7.0795356e-09,-6.698328e-09,0.0
8.415000000000001,0.6,0.11543328,0.36741507,0.11115185,0.44409004,0.5627674,-4.4640167e-09,1.6861078e-10,0.0
8.42,0.37195745,0.023015125,0.3700477,0.10780753,0.41815022,0.5640304,1.1202135e-08,5.7327536e-08,0.0
8.425,0.37195745,0.023015125,0.3700477,0.12118658,0.39372554,0.5604327,1.26291875e-08,2.1292038e-08,0.0
8.43,0.37195745,0.023015125,0.3700477,0.13378413,0.37072757,0.55704504,1.391518e-08,-1.00445014e-07,0.0
8.435,0.37195745,0.023015125,0.3700477,0.14564584,0.34907293,0.5538553,0.07708112,-6.332082e-09,0.0
8.44,0.32319668,0.1495833,0.6,0.15927398,0.32976198,0.54959,0.4202079,1.4802689e-08,0.0
8.445,0.32319668,0.1495833,0.6,0.17572916,0.31724277,0.53894895,1.1589952,1.6237323e-07,0.0
8.45,0.32319668,0.1495833,0.6,0.19200994,0.30545485,0.5289295,2.2833676,4.961225e-08,0.0
8.455,0.32319668,0.1495833,0.6,0.208104,0.29435545,0.51949525,3.6932602,1.2435909e-07,0.0
8.46,0.47007632,0.32651317,0.6,0.22399911,0.28304067,0.5106367,5.2602596,1.1551246e-07,0.0
8.465,0.47007632,0.32651317,0.6,0.23264153,0.26785228,0.5024247,6.87694,1.202084e-07,0.0
8.47,0.47007632,0.32651317,0.6,0.24077915,0.25355104,0.49469241,8.448288,7.671189e-08,0.0
8.475,0.47007632,0.32651317,0.6,0.24844143,0.24008515,0.48741177,9.918778,-9.766566e-08,0.0
8.48,0.35200083,0.36741722,0.6,0.25520045,0.22858872,0.48270547,11.498003,1.1333852e-07,0.0
8.485,0.35200083,0.36741722,0.6,0.2591722,0.22397391,0.4895568,13.192946,1.5448326e-07,0.0
8.49,0.35200083,0.36741722,0.6,0.26291195,0.21962866,0.49600792,14.871517,5.594594e-08,0.0
8.495000000000001,0.35200083,0.36741722,0.6,0.26643324,0.21553722,0.5020822,16.446056,2.8397622e-08,0.0
8.5,0.2149636,0.6,0.52916086,0.27112156,0.21333832,0.5078017,17.869387,9.66423e-08,0.0
8.505,0.2149636,0.6,0.52916086,0.28274274,0.21994899,0.5131871,19.13135,1.0731544e-07,0.0
8.51,0.2149636,0.6,0.52916086,0.2936851,0.22617353,0.518258,20.279205,6.0977506e-08,0.0
8.515,0.2149636,0.6,0.52916086,0.30398834,0.23203449,0.5230326,21.367207,5.3049963e-08,0.0
8.52,0.0,0.6,0.4246811,0.31258622,0.23793538,0.52752835,22.429085,7.082162e-08,0.0
8.525,0.0,0.6,0.4246811,0.31488848,0.24549857,0.5317615,23.479712,1.9872582e-08,0.0
8.53,0.0,0.6,0.4246811,0.31705627,0.25261998,0.5357474,24.494804,3.402345e-08,0.0
8.535,0.0,0.6,0.4246811,0.31909743,0.2593254,0.5395005,25.447203,5.9479746e-08,0.0
8.540000000000001,0.0,0.6,0.52477235,0.31973863,0.26781285,0.5423723,26.325241,5.3271226e-08,0.0
8.545,0.0,0.6,0.52477235,0.3136186,0.2828352,0.5416006,27.101366,4.992322e-08,0.0
8.55,0.0,0.6,0.52477235,0.30785605,0.29760155,0.54087394,28.165789,5.4408e-08,0.0
8.555,0.0,0.6,0.52477235,0.3024301,0.3121006,0.54018974,29.45075,3.5675416e-08,0.0
8.56,0.0,0.6,0.6,0.29531208,0.32632115,0.5385691,30.638256,1.11980604e-07,0.0
8.565,0.0,0.6,0.6,0.27806255,0.34025228,0.53191674,31.521902,-3.9290118e-08,0.0
8.57,0.0,0.6,0.6,0.26182058,0.35388318,0.52565295,31.91331,4.4644242e-08,0.0
8.575000000000001,0.0,0.6,0.6,0.24652733,0.3672033,0.51975507,31.6949,-6.6299194e-08,0.0
8.58,0.0,0.6,0.6,0.23212737,0.38020223,0.51513714,30.845074,-7.5828865e-08,0.0
8.585,0.0,0.6,0.6,0.21856853,0.39286983,0.5156999,29.408344,-2.6065688e-08,0.0
8.59,0.0,0.6,0.6,0.20580168,0.40496856,0.51622987,27.474333,3.3593928e-08,0.0
8.595,0.0,0.6,0.6,0.19378056,0.4163606,0.5167288,25.15133,6.0227734e-08,0.0
8.6,0.0,0.24528809,0.59769624,0.1824616,0.4270872,0.5179017,22.552952,-1.2575825e-07,0.0
8.605,0.0,0.24528809,0.59769624,0.1718038,0.43718722,0.52269715,19.788296,-2.2774906e-07,0.0
8.61,0.0,0.24528809,0.59769624,0.16176854,0.44669732,0.5272125,16.952528,-1.0132182e-07,0.0
8.615,0.0,0.24528809,0.59769624,0.15231945,0.4556519,0.5314641,14.13876,3.5917191e-09,0.0
8.620000000000001,0.20742485,0.0,0.4359349,0.14342228,0.46408346,0.5354674,11.4519415,2.9136583e-08,0.0
8.625,0.20742485,0.0,0.4359349,0.13504481,0.4720225,0.53923684,8.996271,4.3881996e-09,0.0
8.63,0.20742485,0.0,0.4359349,0.12715667,0.47949782,0.5427861,6.8579345,-1.593484e-08,0.0
8.635,0.20742485,0.0,0.4359349,0.1197293,0.4865365,0.54612803,5.094513,-3.3047787e-08,0.0
8.64,0.6,0.10457773,0.37160012,0.11273577,0.48984897,0.5492532,3.7273731,-3.9348425e-08,0.0
8.645,0.6,0.10457773,0.37160012,0.10615074,0.47556388,0.55208284,2.7449524,1.7956562e-08,0.0
8.65,0.6,0.10457773,0.37160012,0.09995034,0.4621132,0.55474716,1.3983014,6.155041e-08,0.0
8.655,0.6,0.10457773,0.37160012,0.09411212,0.4494482,0.55725586,-5.428913e-08,-1.993687e-08,0.0
8.66,0.38299778,0.0,0.284978,0.09055347,0.43523055,0.55810624,4.601837e-09,5.2517752e-08,0.0
8.665000000000001,0.38299778,0.0,0.284978,0.097380064,0.40980822,0.5509701,6.1689134e-09,7.541513e-09,0.0
8.67,0.38299778,0.0,0.284978,0.10380791,0.3858708,0.5442507,-8.058056e-09,2.0365462e-08,0.0
8.675,0.38299778,0.0,0.284978,0.1098603,0.36333165,0.5379239,4.6104205e-09,1.01028945e-08,0.0
8.68,0.3146738,0.0,0.6,0.11922809,0.34308636,0.53136533,3.3282515e-08,-6.292679e-08,0.0
8.685,0.3146738,0.0,0.6,0.13605009,0.3291548,0.5220333,0.12392526,3.291154e-08,0.0
8.69,0.3146738,0.0,0.6,0.15272771,0.31603697,0.5132463,0.5491031,1.7367778e-08,0.0
8.695,0.3146738,0.0,0.6,0.16924834,0.30368537,0.5049726,1.3576233,1.608089e-08,0.0
8.700000000000001,0.6,0.04820436,0.6,0.1855995,0.29107788,0.49637258,2.517498,2.2123945e-08,0.0
8.705,0.6,0.04820436,0.6,0.19712979,0.27407566,0.48402476,3.9290226,-5.847807e-08,0.0
8.71,0.6,0.04820436,0.6,0.20798656,0.25806656,0.4723982,5.456614,5.3312185e-08,0.0
8.715,0.6,0.04820436,0.6,0.21820918,0.24299258,0.46145076,7.206976,7.595473e-08,0.0
8.72,0.6,0.6,0.53378516,0.22719614,0.22879909,0.4540869,9.104898,1.3350687e-07,0.0
8.725,0.6,0.6,0.53378516,0.23230582,0.21543466,0.46260986,10.976188,1.1754753e-07,0.0
8.73,0.6,0.6,0.53378516,0.23711704,0.20285086,0.470635,12.712771,1.5251645e-07,0.0
8.735,0.6,0.6,0.53378516,0.24164723,0.1910021,0.47819138,14.260415,6.741779e-08,0.0
8.74,0.0,0.6,0.04710061,0.2485794,0.18029594,0.48530635,15.606141,1.7026089e-07,0.0
8.745000000000001,0.0,0.6,0.04710061,0.26390725,0.17258032,0.49200574,16.7756,2.3315662e-08,0.0
8.75,0.0,0.6,0.04710061,0.2789936,0.16531536,0.4983138,17.855968,2.7939485e-08,0.0
8.755,0.0,0.6,0.04710061,0.29382694,0.15847476,0.50425345,18.931503,5.9517703e-08,0.0
8.76,0.32849693,0.6,0.0,0.30839586,0.1571907,0.5092273,20.052399,6.2057566e-08,0.0
8.765,0.32849693,0.6,0.0,0.32268915,0.17366694,0.5106617,21.244413,1.1335322e-08,0.0
8.77,0.32849693,0.6,0.0,0.3366958,0.18997036,0.51201236,22.516657,2.7137407e-08,0.0
8.775,0.32849693,0.6,0.0,0.35040498,0.2060886,0.51328415,23.869852,1.2575908e-08,0.0
8.78,0.43109074,0.6,0.0,0.35937664,0.22200942,0.5099332,25.300732,-8.339164e-09,0.0
8.785,0.43109074,0.6,0.0,0.33838502,0.23772073,0.48289856,26.778463,4.911555e-08,0.0
8.790000000000001,0.43109074,0.6,0.0,0.31861955,0.25321054,0.4574431,28.683453,-4.1294488e-08,0.0
8.795,0.43109074,0.6,0.0,0.3000086,0.26846704,0.43347448,30.88542,2.2817748e-07,0.0
8.8,0.3426663,0.6,0.0,0.2855548,0.28347856,0.41046572,32.91963,1.713849e-08,0.0
8.805,0.3426663,0.6,0.0,0.2880631,0.2982336,0.38648993,34.454365,8.3091486e-08,0.0
8.81,0.3426663,0.6,0.0,0.29042488,0.31272084,0.36391458,34.940533,1.4642656e-08,0.0
8.815,0.3426663,0.6,0.0,0.29264873,0.32692912,0.3426579,34.378468,9.629666e-08,0.0
8.82,0.24546896,0.6,0.0,0.2957015,0.3408475,0.32264283,33.088715,-1.4994824e-07,0.0
8.825000000000001,0.24546896,0.6,0.0,0.30360976,0.3544652,0.3037969,31.341574,-5.9182888e-08,0.0
8.83,0.24546896,0.6,0.0,0.31105608,0.36777163,0.28605175,29.375982,-4.353955e-08,0.0
8.835,0.24546896,0.6,0.0,0.31806746,0.38075647,0.2693431,27.375193,-4.5084267e-08,0.0
8.84,0.49559137,0.32716778,0.0,0.32384288,0.39340955,0.25361046,25.46418,-8.8481286e-08,0.0
8.845,0.49559137,0.32716778,0.0,0.32494238,0.40547675,0.23879677,23.724415,1.14791696e-07,0.0
8.85,0.49559137,0.32716778,0.0,0.32597765,0.4168391,0.22484836,22.186779,7.581794e-08,0.0
8.855,0.49559137,0.32716778,0.0,0.32695246,0.42753774,0.2117147,20.856926,1.0474053e-10,0.0
8.86,0.50677466,0.51605475,0.0,0.32696193,0.43761146,0.19934818,19.729174,1.5801199e-09,0.0
8.865,0.50677466,0.51605475,0.0,0.32220182,0.44709677,0.18770401,18.782948,-4.2522775e-08,0.0
8.870000000000001,0.50677466,0.51605475,0.0,0.31771976,0.45602804,0.17673999,18.49232,-1.3459249e-09,0.0
8.875,0.50677466,0.51605475,0.0,0.3134995,0.46443763,0.16641639,18.836853,2.3247157e-08,0.0
8.88,0.24318562,0.18771982,0.0,0.31186336,0.46980616,0.15669581,19.475082,5.8242314e-08,0.0
8.885,0.24318562,0.18771982,0.0,0.32259515,0.46147448,0.14754303,20.184134,-2.221865e-09,0.0
8.89,0.24318562,0.18771982,0.0,0.33270007,0.45362946,0.13892487,19.465687,1.3980497,0.0
8.895,0.24318562,0.18771982,0.0,0.34221476,0.4462427,0.1308101,17.425041,3.97758,0.0
8.9,0.6,0.26388317,0.0,0.3512782,0.44105268,0.12316932,15.007246,6.6538815,0.0
8.905,0.6,0.26388317,0.0,0.36036092,0.44543365,0.11597485,12.795258,8.77875,0.0
8.91,0.6,0.26388317,0.0,0.3689131,0.4495587,0.10920062,11.932972,9.106472,0.0
8.915000000000001,0.6,0.26388317,0.0,0.37696576,0.4534428,0.10282208,12.46051,7.6484904,0.0
8.92,0.5402307,0.280282,0.07862594,0.3820846,0.4540315,0.096816115,13.779506,5.1084423,0.0
8.925,0.5402307,0.280282,0.07862594,0.37397134,0.4384759,0.09116097,15.4142065,2.0362148,0.0
8.93,0.5402307,0.280282,0.07862594,0.366332,0.42382893,0.08583614,16.734423,5.8409917e-08,0.0
8.935,0.5402307,0.280282,0.07862594,0.35913888,0.41003752,0.08082235,17.599583,7.746419e-08,0.0
8.94,0.3996367,0.27116635,0.29504338,0.3557006,0.3977635,0.076101415,18.420252,1.4371474e-08,0.0
8.945,0.3996367,0.27116635,0.29504338,0.36897793,0.3899434,0.07165624,19.193129,7.241884e-08,0.0
8.950000000000001,0.3996367,0.27116635,0.29504338,0.3819327,0.38258007,0.067470714,19.33449,0.4855008,0.0
8.955,0.3996367,0.27116635,0.29504338,0.3945548,0.37564683,0.06352967,18.941277,1.3034155,0.0
8.96,0.6,0.6,0.2073306,0.4059965,0.36927184,0.060553648,18.464367,1.9441483,0.0
8.965,0.6,0.6,0.2073306,0.41383728,0.36407384,0.061609272,18.16316,2.1248336,0.0
8.97,0.6,0.6,0.2073306,0.42122006,0.35917947,0.062603235,18.134697,1.7503854,0.0
8.975,0.6,0.6,0.2073306,0.4281716,0.35457098,0.06353914,18.386147,0.8272668,0.0
8.98,0.44150928,0.6,0.6,0.43340313,0.35014647,0.066442974,18.775671,1.4662609e-08,0.0
8.985,0.44150928,0.6,0.6,0.4314308,0.34553316,0.0797958,19.210667,1.0470891e-08,0.0
8.99,0.44150928,0.6,0.6,0.42957366,0.3411893,0.09236867,20.483688,1.01377175e-07,0.0
8.995000000000001,0.44150928,0.6,0.6,0.427825,0.33709916,0.10420714,22.561325,1.2202287e-07,0.0
9.0,0.31457597,0.5374362,0.6,0.42805105,0.33632118,0.11453437,24.993809,1.8658001e-07,0.0
9.005,0.31457597,0.5374362,0.6,0.4380948,0.35003853,0.11995471,26.663635,0.6250502,0.0
9.01,0.31457597,0.5374362,0.6,0.44755188,0.36344808,0.12505844,27.975723,1.3871422,0.0
9.015,0.31457597,0.5374362,0.6,0.45645654,0.37653938,0.12986405,29.261065,1.9216138,0.0
9.02,0.27891624,0.5711749,0.6,0.46335986,0.38930222,0.13805877,30.383299,2.3895779,0.0
9.025,0.27891624,0.5711749,0.6,0.46208355,0.40160933,0.15471822,31.26822,2.8787928,0.0
9.03,0.27891624,0.5711749,0.6,0.46088177,0.41319758,0.17121918,32.747616,2.465281,0.0
9.035,0.27891624,0.5711749,0.6,0.4597502,0.42410892,0.18754917,34.76035,1.2451787,0.0
9.040000000000001,0.36328655,0.6,0.6,0.45749843,0.43379822,0.20369583,36.74875,-4.7147623e-08,0.0
9.045,0.36328655,0.6,0.6,0.44915015,0.43985185,0.21964689,38.293243,0.0002653814,0.0
9.05,0.36328655,0.6,0.6,0.4412895,0.44555187,0.23539022,39.500282,0.08691869,0.0
9.055,0.36328655,0.6,0.6,0.43388802,0.45091894,0.25091383,40.253826,0.45568943,0.0
9.06,0.0,0.6,0.6,0.42658558,0.45628783,0.26620588,40.548824,1.1142246,0.0
9.065,0.0,0.6,0.6,0.41796005,0.4629985,0.28125468,40.442905,1.9206884,0.0
9.07,0.0,0.6,0.6,0.40983832,0.46931723,0.29604873,40.091972,2.1207664,0.0
9.075000000000001,0.0,0.6,0.6,0.402191,0.47526684,0.31057665,39.640347,0.7647665,0.0
9.08,0.0,0.6,0.6,0.3957789,0.48113835,0.32482725,38.671837,-4.505211e-08,0.0
9.085,0.0,0.6,0.6,0.39388096,0.48808122,0.33878958,37.36004,1.2388222e-08,0.0
9.09,0.0,0.6,0.6,0.3920939,0.49461854,0.3524528,35.951626,-7.0193295e-08,0.0
9.095,0.0,0.6,0.6,0.39041123,0.50077397,0.36580637,34.528454,-5.514216e-08,0.0
9.1,0.0,0.6,0.6,0.38543165,0.50656986,0.37883985,33.150414,-3.140688e-08,0.0
9.105,0.0,0.6,0.6,0.3629181,0.5120272,0.39154306,31.83993,8.376248e-09,0.0
9.11,0.0,0.6,0.6,0.34171963,0.5171658,0.40371928,30.495865,-4.6785362e-09,0.0
9.115,0.0,0.6,0.6,0.32175937,0.52200425,0.41518426,29.006016,3.8747558e-08,0.0
9.120000000000001,0.0,0.39754173,0.6,0.30296502,0.52656007,0.42597958,27.31355,9.829837e-08,0.0
9.125,0.0,0.39754173,0.6,0.28526846,0.5308498,0.43614432,25.40494,1.1652203e-08,0.0
9.13,0.0,0.39754173,0.6,0.2686056,0.534889,0.44571534,23.302282,7.243957e-09,0.0
9.135,0.0,0.39754173,0.6,0.252916,0.5386922,0.4547273,21.057327,-8.933467e-08,0.0
9.14,0.0,0.0,0.6,0.23814288,0.5422732,0.46321285,18.73936,-2.0032706e-08,0.0
9.145,0.0,0.0,0.6,0.22423266,0.5456451,0.47120276,16.417404,-1.13403985e-07,0.0
9.15,0.0,0.0,0.6,0.21113496,0.5488201,0.47872597,14.150139,-2.751976e-07,0.0
9.155,0.0,0.0,0.6,0.1988023,0.55180955,0.48580974,11.9875,-3.237899e-08,0.0
9.16,0.2879418,0.0,0.4308374,0.18719003,0.5527323,0.49247974,9.973622,-4.0942346e-08,0.0
9.165000000000001,0.2879418,0.0,0.4308374,0.17625603,0.54366744,0.49876013,8.154186,7.099153e-08,0.0
9.17,0.2879418,0.0,0.4308374,0.1659607,0.53513205,0.50467366,5.7499447,-1.5106737e-07,0.0
9.175,0.2879418,0.0,0.4308374,0.15626673,0.52709526,0.5102418,2.8038552,3.877076e-08,0.0
9.18,0.6,0.16180645,0.53266627,0.147139,0.5158125,0.5154847,-0.0027005961,-5.679317e-07,0.0
9.185,0.6,0.16180645,0.53266627,0.13854443,0.4856833,0.5204213,-1.7449283e-09,1.862738e-08,0.0
9.19,0.6,0.16180645,0.53266627,0.13045187,0.45731395,0.5250696,5.5432716e-09,-1.5584238e-08,0.0
9.195,0.6,0.16180645,0.53266627,0.12283202,0.4306017,0.52944636,1.0753288e-09,-5.5970895e-09,0.0
9.200000000000001,0.48529223,0.2047075,0.012091613,0.1183483,0.40544972,0.53198653,1.45855505e-08,-3.9290263e-08,0.0
9.205,0.48529223,0.2047075,0.012091613,0.12825446,0.38176692,0.5260783,0.029411653,-2.1189946e-08,0.0
9.21,0.48529223,0.2047075,0.012091613,0.13758199,0.35946745,0.52051514,0.044211917,-5.7830434e-08,0.0
9.215,0.48529223,0.2047075,0.012091613,0.14636469,0.33847052,0.51527697,0.20001239,1.9582991e-08,0.0
9.22,0.41733873,0.31984338,0.18787709,0.15755081,0.32021224,0.5112964,0.67561215,6.3330155e-08,0.0
9.225,0.41733873,0.31984338,0.18787709,0.17402343,0.31095958,0.51254463,1.5209832,1.3525509e-07,0.0
9.23,0.41733873,0.31984338,0.18787709,0.19032297,0.30224738,0.51372,2.6892552,5.656803e-09,0.0
9.235,0.41733873,0.31984338,0.18787709,0.20643705,0.29404405,0.51482666,4.07462,1.3486802e-07,0.0
9.24,0.6,0.34454027,0.3291082,0.22235344,0.28672084,0.5110035,5.559142,7.347587e-08,0.0
9.245000000000001,0.6,0.34454027,0.3291082,0.23771201,0.28193036,0.48186144,7.0474606,-1.5987522e-08,0.0
9.25,0.6,0.34454027,0.3291082,0.25217348,0.2774197,0.4544216,8.485334,-9.577312e-09,0.0
9.255,0.6,0.34454027,0.3291082,0.26579022,0.27317247,0.42858458,9.856021,7.7240884e-08,0.0
9.26,0.6,0.6,0.26422027,0.2779765,0.2702494,0.40589958,11.1646385,-1.8726615e-08,0.0
9.265,0.6,0.6,0.26422027,0.28611684,0.27314624,0.39316463,12.419668,9.469038e-08,0.0
9.27,0.6,0.6,0.26422027,0.29378167,0.27587387,0.38117355,13.930981,2.8461137e-08,0.0
9.275,0.6,0.6,0.26422027,0.30099878,0.27844217,0.36988288,15.714945,9.1620706e-08,0.0
9.28,0.40830025,0.6,0.5867918,0.30950144,0.28109127,0.36057162,17.599293,-4.9548765e-09,0.0
9.285,0.40830025,0.6,0.5867918,0.32377315,0.2847974,0.3587338,19.477169,1.4503033e-07,0.0
9.290000000000001,0.40830025,0.6,0.5867918,0.33775738,0.28828704,0.35700333,21.315298,1.301329e-07,0.0
9.295,0.40830025,0.6,0.5867918,0.35144332,0.29157287,0.35537395,23.075455,6.0531455e-08,0.0
9.3,0.16102515,0.6,0.5262449,0.36482036,0.29705423,0.3532333,24.721825,1.5460704e-07,0.0
9.305,0.16102515,0.6,0.5262449,0.37787807,0.3115635,0.34803393,26.23255,1.078087e-07,0.0
9.31,0.16102515,0.6,0.5262449,0.39060628,0.32579467,0.34313828,27.560774,1.4872676e-07,0.0
9.315,0.16102515,0.6,0.5262449,0.40283722,0.33973682,0.33852857,28.670155,1.00632384e-07,0.0
9.32,0.17743285,0.49632037,0.6,0.41256216,0.35337913,0.33720282,29.553066,5.9903313e-09,0.0
9.325000000000001,0.17743285,0.49632037,0.6,0.41231322,0.36671105,0.35090092,30.210123,-2.3289461e-09,0.0
9.33,0.17743285,0.49632037,0.6,0.41207883,0.37972218,0.36429054,31.272182,1.2173946e-07,0.0
9.335,0.17743285,0.49632037,0.6,0.4118581,0.39240235,0.3772871,32.775364,1.778955e-08,0.0
9.34,0.41880992,0.6,0.6,0.4093393,0.40452838,0.38895866,34.36999,1.5115519e-07,0.0
9.345,0.41880992,0.6,0.6,0.39483497,0.41594613,0.39697772,35.806065,8.360246e-08,0.0
9.35,0.41880992,0.6,0.6,0.38117784,0.42669693,0.40452838,36.85787,4.5552294e-08,0.0
9.355,0.41880992,0.6,0.6,0.36831847,0.43681976,0.411638,37.38106,2.309738e-08,0.0
9.36,0.0,0.6,0.4154826,0.35636356,0.44538236,0.4190216,37.334206,-2.2067107e-08,0.0
9.365,0.0,0.6,0.4154826,0.345912,0.4483577,0.4295928,36.749516,9.465689e-09,0.0
9.370000000000001,0.0,0.6,0.4154826,0.33607092,0.45115927,0.43954647,35.727406,-2.1004604e-08,0.0
9.375,0.0,0.6,0.4154826,0.3268047,0.4537972,0.44891876,34.386436,5.1791254e-08,0.0
9.38,0.0,0.6,0.6,0.32033557,0.45725,0.4577436,32.8318,1.3932988e-08,0.0
9.385,0.0,0.6,0.6,0.32608756,0.4655882,0.46605295,31.161835,-2.4413481e-08,0.0
9.39,0.0,0.6,0.6,0.3315036,0.47343937,0.47387695,28.980087,-6.714618e-08,0.0
9.395,0.0,0.6,0.6,0.33660325,0.48083192,0.48124397,26.349382,2.0813298e-08,0.0
9.4,0.0,0.6,0.6,0.33749095,0.48779267,0.4864562,23.623266,9.457502e-08,0.0
9.405,0.0,0.6,0.6,0.3177777,0.49434683,0.48231053,21.038012,1.0294697e-07,0.0
9.41,0.0,0.6,0.6,0.2992159,0.50051814,0.47840703,19.15889,-1.875257e-07,0.0
9.415000000000001,0.0,0.6,0.6,0.28173834,0.506329,0.47473153,17.977379,-5.032086e-08,0.0
9.42,0.0,0.43803588,0.6,0.26528168,0.5118004,0.4729952,17.156061,-2.6682365e-08,0.0
9.425,0.0,0.43803588,0.6,0.24978626,0.5169523,0.4804137,16.447313,1.3150325e-08,0.0
9.43,0.0,0.43803588,0.6,0.23519593,0.5218032,0.4873989,15.689647,-2.5906797e-08,0.0
9.435,0.0,0.43803588,0.6,0.22145785,0.52637076,0.49397606,14.7878475,-3.9699035e-08,0.0
9.44,0.0,0.0,0.6,0.20852223,0.53067154,0.50016904,13.701938,-1.8904114e-08,0.0
9.445,0.0,0.0,0.6,0.1963422,0.5347211,0.5060003,12.436311,7.8374306e-08,0.0
9.450000000000001,0.0,0.0,0.6,0.18487361,0.5385341,0.51149094,11.028351,-8.049235e-08,0.0
9.455,0.0,0.0,0.6,0.17407492,0.5421244,0.51666087,9.536598,-1.8680469e-08,0.0
9.46,0.23199438,0.0,0.45720306,0.16390699,0.54399127,0.52152884,8.029386,2.7186637e-09,0.0
9.465,0.23199438,0.0,0.45720306,0.15433298,0.5378023,0.52611244,6.583302,-5.8804268e-08,0.0
9.47,0.23199438,0.0,0.45720306,0.14531821,0.5319748,0.5304283,4.451967,9.640477e-08,0.0
9.475,0.23199438,0.0,0.45720306,0.13683,0.5264877,0.5344921,1.6973122,-1.2904285e-07,0.0
9.48,0.6,0.0,0.596001,0.1288376,0.51722735,0.53831846,9.000374e-09,-3.8278777e-08,0.0
9.485,0.6,0.0,0.596001,0.12131204,0.4870155,0.5419214,1.9054136e-09,1.0501442e-08,0.0
9.49,0.6,0.0,0.596001,0.11422605,0.45856833,0.54531384,-5.6417946e-09,1.2248631e-08,0.0
9.495000000000001,0.6,0.0,0.596001,0.10755397,0.4317828,0.5485081,8.308123e-09,-1.05628e-08,0.0
9.5,0.4819083,0.14477567,0.2549573,0.10343978,0.40656185,0.55018127,4.312865e-09,-7.526981e-09,0.0
9.505,0.4819083,0.14477567,0.2549573,0.11094881,0.38281408,0.5447503,1.3451166e-08,2.7112316e-08,0.0
9.51,0.4819083,0.14477567,0.2549573,0.11801922,0.36045346,0.53963655,-1.184441e-08,-5.16532e-08,0.0
9.515,0.4819083,0.14477567,0.2549573,0.12467665,0.33939892,0.5348215,0.028568875,7.0738353e-09,0.0
9.52,0.34246454,0.4564134,0.23855743,0.13438451,0.3195742,0.5315849,0.23485796,2.8711492e-08,0.0
9.525,0.34246454,0.4564134,0.23855743,0.15107705,0.3009075,0.5353475,0.75475866,1.4805626e-08,0.0
9.53,0.34246454,0.4564134,0.23855743,0.16761385,0.28333113,0.53889036,1.657083,8.166757e-09,0.0
9.535,0.34246454,0.4564134,0.23855743,0.18398242,0.26678142,0.54222625,2.9090111,8.3729e-09,0.0
9.540000000000001,0.57848877,0.5343521,0.23248783,0.20017034,0.25255144,0.54218,4.6208963,1.3975975e-07,0.0
9.545,0.57848877,0.5343521,0.23248783,0.21616533,0.24625613,0.52540296,6.6558037,2.3775934e-08,0.0
9.55,0.57848877,0.5343521,0.23248783,0.2316877,0.24032854,0.5096059,8.7753,1.2131812e-07,0.0
9.555,0.57848877,0.5343521,0.23248783,0.24630338,0.23474717,0.49473155,10.847995,1.0063045e-07,0.0
9.56,0.6,0.5580428,0.18457949,0.25876212,0.23240434,0.48057276,12.822135,1.9068935e-07,0.0
9.565,0.6,0.5580428,0.18457949,0.26365128,0.24548897,0.46643636,14.681011,2.5422565e-08,0.0
9.57,0.6,0.5580428,0.18457949,0.26825485,0.2578093,0.4531257,16.385578,5.3815103e-08,0.0
9.575000000000001,0.6,0.5580428,0.18457949,0.27258953,0.26941,0.4405925,17.9058,9.6152576e-08,0.0
9.58,0.4088016,0.6,0.0,0.27887684,0.2810615,0.42873466,19.23782,1.6208288e-07,0.0
9.585,0.4088016,0.6,0.0,0.2937122,0.2958565,0.41727164,20.40443,7.610625e-08,0.0
9.59,0.4088016,0.6,0.0,0.3082832,0.30978733,0.4064782,21.426628,1.0697304e-07,0.0
9.595,0.4088016,0.6,0.0,0.3225787,0.32290444,0.39631522,22.306044,4.2020268e-08,0.0
9.6,0.5196393,0.6,0.0,0.33658764,0.33547676,0.38629812,23.046673,4.5985747e-08,0.0
9.605,0.5196393,0.6,0.0,0.35029918,0.3484771,0.3745155,23.66188,2.3144805e-08,0.0
9.61,0.5196393,0.6,0.0,0.3637027,0.36071807,0.3634211,24.168594,-6.8076367e-10,0.0
9.615,0.5196393,0.6,0.0,0.37678778,0.37224406,0.35297474,24.58755,4.292354e-08,0.0
9.620000000000001,0.5995972,0.6,0.38078487,0.38803896,0.38348892,0.34141353,24.941494,1.0276888e-08,0.0
9.625,0.5995972,0.6,0.38078487,0.38925174,0.3960698,0.32147115,25.243494,-4.751247e-08,0.0
9.63,0.5995972,0.6,0.38078487,0.39039367,0.4079816,0.30269364,25.44901,7.459475e-10,0.0
9.635,0.5995972,0.6,0.38078487,0.3914689,0.41919762,0.28501293,25.51204,-1.15733e-08,0.0
9.64,0.56416976,0.6,0.6,0.3935172,0.42975852,0.26836497,25.417477,2.4528962e-08,0.0
9.645,0.56416976,0.6,0.6,0.40088415,0.43970254,0.25268945,25.176483,-4.6278017e-09,0.0
9.65,0.56416976,0.6,0.6,0.4078208,0.44906572,0.23792955,24.840427,2.707088e-09,0.0
9.655,0.56416976,0.6,0.6,0.41435224,0.45788196,0.2240318,24.467104,-7.3785533e-09,0.0
9.66,0.12779157,0.6,0.5657692,0.42124945,0.46618325,0.21450457,24.09882,4.3878887e-10,0.0
9.665000000000001,0.12779157,0.6,0.5657692,0.43166697,0.47399965,0.2242172,23.767153,8.706924e-09,0.0
9.67,0.12779157,0.6,0.5657692,0.441476,0.48135948,0.23336251,23.512054,-9.063608e-09,0.0
9.675,0.12779157,0.6,0.5657692,0.45071203,0.48828942,0.24197362,23.361412,-3.1099647e-09,0.0
9.68,0.32274994,0.49789083,0.6,0.45907748,0.49481457,0.2521305,23.321896,-6.08785e-09,0.0
9.685,0.32274994,0.49789083,0.6,0.46521604,0.50095856,0.26740378,23.3841,8.397085e-09,0.0
9.69,0.32274994,0.49789083,0.6,0.47099605,0.50674367,0.28243288,23.520994,1.4259846e-08,0.0
9.695,0.32274994,0.49789083,0.6,0.47643843,0.5121909,0.2972063,23.701618,1.7796577e-08,0.0
9.700000000000001,0.36707547,0.5665803,0.6,0.4774846,0.5173199,0.31171274,23.90021,2.157643e-09,0.0
9.705,0.36707547,0.5665803,0.6,0.4570586,0.5221494,0.325941,24.077444,-1.5881076e-08,0.0
9.71,0.36707547,0.5665803,0.6,0.4378257,0.52669674,0.33988008,24.822815,5.2829858e-08,0.0
9.715,0.36707547,0.5665803,0.6,0.41971624,0.5309785,0.35307455,26.041973,7.5405524e-08,0.0
9.72,0.0,0.6,0.52475363,0.4044866,0.5340558,0.3658182,27.254707,8.279925e-09,0.0
9.725,0.0,0.6,0.52475363,0.39971226,0.5319434,0.37885138,28.176483,4.343837e-08,0.0
9.73,0.0,0.6,0.52475363,0.3952168,0.5299543,0.3915543,27.910755,-4.9088364e-09,0.0
9.735,0.0,0.6,0.52475363,0.3909839,0.5280815,0.40372986,26.429981,3.1628485e-08,0.0
9.74,0.0,0.6,0.6,0.38741255,0.52695996,0.41519424,24.254456,-1.3733181e-07,0.0
9.745000000000001,0.0,0.6,0.6,0.38622463,0.5292742,0.42598897,21.791073,-1.2961327e-07,0.0
9.75,0.0,0.6,0.6,0.3851061,0.5314533,0.43615317,20.171215,8.614851e-09,0.0
9.755,0.0,0.6,0.6,0.3840529,0.53350514,0.44572365,19.662851,5.2803777e-08,0.0
9.76,0.0,0.6,0.6,0.37963063,0.53574944,0.45403188,19.914295,-1.5483333e-10,0.0
9.765,0.0,0.6,0.6,0.35745594,0.5395024,0.4581628,20.598413,5.6302525e-08,0.0
9.77,0.0,0.6,0.6,0.3365765,0.5430361,0.46205246,21.32643,6.0820313e-09,0.0
9.775,0.0,0.6,0.6,0.31691664,0.5463634,0.4657149,21.783949,1.1833982e-08,0.0
9.78,0.0,0.18349913,0.6,0.29840517,0.5494964,0.46986666,21.801039,3.951524e-09,0.0
9.785,0.0,0.18349913,0.6,0.28097495,0.55244637,0.47746792,21.3178,2.2412863e-09,0.0
9.790000000000001,0.0,0.18349913,0.6,0.26456288,0.55522406,0.48462516,20.351873,-8.2745665e-08,0.0
9.795,0.0,0.18349913,0.6,0.24910943,0.55783945,0.49136436,18.97258,-1.3086857e-07,0.0
9.8,0.0,0.0,0.6,0.23455864,0.5603021,0.4977099,17.276575,4.209469e-08,0.0
9.805,0.0,0.0,0.6,0.22085778,0.5626209,0.5036848,15.368754,-7.087979e-08,0.0
9.81,0.0,0.0,0.6,0.20795721,0.56480426,0.5093107,13.351029,-1.5321085e-08,0.0
9.815,0.0,0.0,0.6,0.19581017,0.5668601,0.51460797,11.317519,-7.026098e-08,0.0
9.82,0.25732931,0.0,0.53310096,0.18437266,0.5649033,0.5195958,9.352182,-9.456291e-09,0.0
9.825000000000001,0.25732931,0.0,0.53310096,0.17360324,0.54262507,0.5242923,6.6557255,-2.2269857e-08,0.0
9.83,0.25732931,0.0,0.53310096,0.16346286,0.5216481,0.5287145,3.3743317,-8.455471e-08,0.0
9.835,0.25732931,0.0,0.53310096,0.1539148,0.50189644,0.53287834,0.26438087,2.0239744e-08,0.0
9.84,0.6,0.07180996,0.23927777,0.14492445,0.48158354,0.536799,3.8086463e-09,-3.356406e-08,0.0
9.845,0.6,0.07180996,0.23927777,0.13645923,0.45345366,0.5404907,-6.561839e-09,-7.646663e-08,0.0
9.85,0.6,0.07180996,0.23927777,0.12848848,0.42696688,0.5439667,-5.241131e-09,1.0076195e-09,0.0
9.855,0.6,0.07180996,0.23927777,0.12098331,0.40202722,0.54723966,0.008552889,-6.587485e-09,0.0
9.86,0.5007908,0.41124332,0.041169155,0.116321474,0.37854433,0.5496962,0.0841455,-1.6370905e-08,0.0
9.865,0.5007908,0.41124332,0.041169155,0.12455791,0.3564331,0.54872686,0.30477822,-2.2368265e-08,0.0
9.870000000000001,0.5007908,0.41124332,0.041169155,0.13231325,0.3356134,0.54781413,0.57014936,-1.1102042e-07,0.0
9.875,0.5007908,0.41124332,0.041169155,0.1396156,0.31600982,0.5469547,0.94247854,-9.966751e-08,0.0
9.88,0.24285772,0.33990327,0.2304851,0.14969392,0.29822242,0.54339945,1.5339909,6.377728e-08,0.0
9.885,0.24285772,0.33990327,0.2304851,0.16624416,0.2849974,0.52563536,2.3686507,4.697701e-08,0.0
9.89,0.24285772,0.33990327,0.2304851,0.1826272,0.27254486,0.50890887,3.4311025,-8.500205e-09,0.0
9.895,0.24285772,0.33990327,0.2304851,0.19883062,0.2608197,0.49315938,4.6707535,1.5871706e-08,0.0
9.9,0.6,0.39135426,0.2543316,0.21484214,0.25295168,0.47647837,6.2436485,1.12687e-07,0.0
9.905,0.6,0.39135426,0.2543316,0.23064959,0.26219767,0.45105144,8.094109,7.746435e-08,0.0
9.91,0.6,0.39135426,0.2543316,0.24624094,0.27090362,0.42710972,10.052427,-1.8400214e-09,0.0
9.915000000000001,0.6,0.39135426,0.2543316,0.2611095,0.279101,0.40456647,12.02365,-5.950209e-08,0.0
9.92,0.6,0.50840867,0.19251288,0.272699,0.28615287,0.3851093,13.963104,5.6893754e-08,0.0
9.925,0.6,0.50840867,0.19251288,0.27095592,0.28929248,0.37607753,15.8363085,6.267427e-08,0.0
9.93,0.6,0.50840867,0.19251288,0.26931468,0.29224873,0.3675733,18.001057,7.401399e-08,0.0
9.935,0.6,0.50840867,0.19251288,0.2677693,0.2950323,0.3595658,20.410034,2.5048038e-07,0.0
9.94,0.46153623,0.5250208,0.11894152,0.26965198,0.29813412,0.3522489,22.751194,8.955946e-08,0.0
9.945,0.46153623,0.5250208,0.11894152,0.28464383,0.3035792,0.34652942,24.386574,7.754121e-08,0.0
9.950000000000001,0.46153623,0.5250208,0.11894152,0.2993783,0.30870625,0.34114403,25.25106,1.2188504e-07,0.0
9.955,0.46153623,0.5250208,0.11894152,0.3138441,0.3135338,0.33607322,25.626875,2.0362693e-08,0.0
9.96,0.45168316,0.6,0.41564587,0.32803008,0.31917337,0.33072084,25.737806,-1.3290957e-10,0.0
9.965,0.45168316,0.6,0.41564587,0.3419253,0.33022684,0.32264796,25.744164,8.81017e-09,0.0
9.97,0.45168316,0.6,0.41564587,0.355519,0.34063464,0.3150466,25.729752,1.8769724e-08,0.0
9.975,0.45168316,0.6,0.41564587,0.3688006,0.35043454,0.30788925,25.738386,-1.1787709e-08,0.0
9.98,0.4906498,0.6,0.6,0.3810112,0.35981727,0.3004624,25.79924,1.8742314e-08,0.0
9.985,0.4906498,0.6,0.6,0.38571474,0.369467,0.28985953,25.924433,9.013636e-09,0.0
9.99,0.4906498,0.6,0.6,0.39014357,0.37855306,0.279876,26.07799,1.4703232e-08,0.0
9.995000000000001,0.4906498,0.6,0.6,0.3943137,0.38710842,0.27047563,26.21612,2.8489595e-08,0.0
10.0,0.25205052,0.6,0.6,0.39814815,0.39586478,0.26439726,26.312658,-2.3576982e-08,0.0
10.005,0.25205052,0.6,0.6,0.4012752,0.40778857,0.27323186,26.35165,-8.243726e-09,0.0
10.01,0.25205052,0.6,0.6,0.40421957,0.41901588,0.28155044,26.31186,2.314882e-09,0.0
10.015,0.25205052,0.6,0.6,0.406992,0.4295874,0.2893831,26.177868,1.1380744e-09,0.0
10.02,0.319237,0.5902422,0.6,0.40996662,0.4395414,0.2984812,25.94867,-1.3930275e-09,0.0
10.025,0.319237,0.5902422,0.6,0.4146794,0.448914,0.3129638,25.635868,3.5283414e-08,0.0
10.03,0.319237,0.5902422,0.6,0.41911694,0.4577391,0.3271673,25.266771,-4.192184e-09,0.0
10.035,0.319237,0.5902422,0.6,0.42329526,0.46604875,0.34108067,24.87095,-1.4511775e-08,0.0
10.040000000000001,0.41424206,0.6,0.5352617,0.42499962,0.473873,0.35469317,24.472923,1.3652506e-09,0.0
10.045,0.41424206,0.6,0.5352617,0.41489747,0.4812402,0.36799425,24.08007,-8.721084e-09,0.0
10.05,0.41424206,0.6,0.5352617,0.40538538,0.48817712,0.38097355,24.29976,5.507208e-08,0.0
10.055,0.41424206,0.6,0.5352617,0.3964289,0.49470884,0.3936209,25.113876,3.1565037e-08,0.0
10.06,0.0,0.6,0.4931484,0.3886235,0.5007678,0.40567577,26.116146,5.7543204e-08,0.0
10.065,0.0,0.6,0.4931484,0.38457057,0.50599414,0.4170265,27.03666,5.7308636e-08,0.0
10.07,0.0,0.6,0.4931484,0.38075435,0.51091516,0.4277142,27.738045,5.0406655e-08,0.0
10.075000000000001,0.0,0.6,0.4931484,0.37716106,0.51554877,0.4377776,28.166939,3.0838645e-08,0.0
10.08,0.0,0.6,0.6,0.37466553,0.5200029,0.44664818,28.316391,-3.2791594e-09,0.0
10.085,0.0,0.6,0.6,0.37697724,0.5246756,0.4518242,28.214304,3.5230445e-09,0.0
10.09,0.0,0.6,0.6,0.3791539,0.5290754,0.45669788,27.32468,4.621068e-08,0.0
10.095,0.0,0.6,0.6,0.38120344,0.5332182,0.4612869,25.670544,-3.747597e-08,0.0
10.1,0.0,0.6,0.6,0.37926185,0.53711903,0.46521428,23.645674,1.1376177e-07,0.0
10.105,0.0,0.6,0.6,0.3571087,0.540792,0.46684596,22.14145,5.4877223e-08,0.0
10.11,0.0,0.6,0.6,0.33624956,0.5442504,0.46838233,21.264511,2.7350415e-08,0.0
10.115,0.0,0.6,0.6,0.31660882,0.5475068,0.46982893,20.657005,-1.1671127e-08,0.0
10.120000000000001,0.0,0.35123706,0.6,0.2981153,0.550573,0.47218966,20.070591,5.9050397e-08,0.0
10.125,0.0,0.35123706,0.6,0.28070202,0.55346006,0.47965524,19.35038,-3.3955704e-08,0.0
10.13,0.0,0.35123706,0.6,0.2643059,0.5561785,0.4866847,18.416452,-6.5949957e-09,0.0
10.135,0.0,0.35123706,0.6,0.24886747,0.5587382,0.4933036,17.24668,4.3984052e-08,0.0
10.14,0.0,0.0,0.6,0.23433082,0.56114835,0.49953586,15.858722,1.08299346e-07,0.0
10.145,0.0,0.0,0.6,0.22064327,0.56341773,0.5054041,14.295681,-1.1630212e-07,0.0
10.15,0.0,0.0,0.6,0.20775522,0.56555456,0.5109296,12.615358,6.123363e-08,0.0
10.155,0.0,0.0,0.6,0.19561999,0.5675666,0.5161323,10.882256,4.974738e-09,0.0
10.16,0.28776821,0.0,0.6,0.18419358,0.56713617,0.5210311,9.162809,7.1885495e-08,0.0
10.165000000000001,0.28776821,0.0,0.6,0.17343462,0.55452526,0.52564377,6.6408324,8.107022e-08,0.0
10.17,0.28776821,0.0,0.6,0.16330409,0.54265094,0.529987,3.4112494,6.30196e-08,0.0
10.175,0.28776821,0.0,0.6,0.1537653,0.53147024,0.5340765,0.19170544,-2.5060135e-08,0.0
10.18,0.6,0.013959003,0.3028104,0.14478369,0.51766,0.5379272,-1.4288909e-09,-8.798209e-09,0.0
10.185,0.6,0.013959003,0.3028104,0.1363267,0.48742288,0.54155296,-3.3457024e-09,3.1283824e-09,0.0
10.19,0.6,0.013959003,0.3028104,0.1283637,0.45895192,0.54496694,3.7234882e-09,6.687308e-11,0.0
10.195,0.6,0.013959003,0.3028104,0.12086582,0.432144,0.5481815,6.284271e-09,2.3526823e-08,0.0
10.200000000000001,0.4308292,0.12822126,0.24066196,0.116495326,0.40690193,0.55120826,1.3200777e-08,-2.9167934e-08,0.0
10.205,0.4308292,0.12822126,0.24066196,0.12649958,0.3831343,0.55405825,0.007138156,-2.5332964e-08,0.0
10.21,0.4308292,0.12822126,0.24066196,0.13591948,0.36075497,0.5567418,2.2634494e-09,-3.8599975e-08,0.0
10.215,0.4308292,0.12822126,0.24066196,0.14478914,0.33968282,0.55926853,0.14724566,-1.4534611e-08,0.0
10.22,0.3021012,0.21053056,0.6,0.15605877,0.31997198,0.55887026,0.60695547,4.3486505e-08,0.0
10.225,0.3021012,0.21053056,0.6,0.17254637,0.30209738,0.5439135,1.437642,5.72743e-08,0.0
10.23,0.3021012,0.21053056,0.6,0.188862,0.28526688,0.52983034,2.6246898,2.0838596e-07,0.0
10.235,0.3021012,0.21053056,0.6,0.20499328,0.26941946,0.51656985,4.084151,8.832977e-08,0.0
10.24,0.44635457,0.34223908,0.6,0.22092798,0.25556558,0.5035031,5.694744,-1.931531e-08,0.0
10.245000000000001,0.44635457,0.34223908,0.6,0.23318857,0.24812725,0.4881502,7.5734634,1.4821637e-07,0.0
10.25,0.44635457,0.34223908,0.6,0.24473299,0.2411234,0.47369412,9.641701,1.790675e-07,0.0
10.255,0.44635457,0.34223908,0.6,0.2556031,0.23452865,0.4600824,11.721497,2.062922e-08,0.0
10.26,0.27312425,0.44466534,0.6,0.2646352,0.22908835,0.4506241,13.717955,-7.967242e-09,0.0
10.265,0.27312425,0.44466534,0.6,0.26682365,0.22800437,0.45934933,15.582313,1.427614e-07,0.0
10.27,0.27312425,0.44466534,0.6,0.26888424,0.2269837,0.4675649,17.262653,2.3511382e-07,0.0
10.275,0.27312425,0.44466534,0.6,0.2708245,0.22602265,0.4753006,18.723358,6.682851e-08,0.0
10.28,0.32353127,0.6,0.6,0.27399957,0.22634865,0.48258445,19.958292,1.2574478e-07,0.0
10.285,0.32353127,0.6,0.6,0.28406703,0.23311795,0.48944283,20.987125,1.5345564e-09,0.0
10.290000000000001,0.32353127,0.6,0.6,0.29354644,0.23949185,0.4959006,21.877611,4.781859e-08,0.0
10.295,0.32353127,0.6,0.6,0.30247214,0.24549344,0.5019812,22.699593,8.153824e-08,0.0
10.3,0.043524295,0.6,0.4597649,0.3092575,0.25210172,0.5077066,23.498861,2.3923233e-08,0.0
10.305,0.043524295,0.6,0.4597649,0.3071469,0.2633496,0.5130975,24.29495,2.2093529e-08,0.0
10.31,0.043524295,0.6,0.4597649,0.3051596,0.27394047,0.5181736,25.556198,4.88359e-08,0.0
10.315,0.043524295,0.6,0.4597649,0.30328837,0.28391272,0.52295315,27.252892,1.5536726e-07,0.0
10.32,0.0,0.6,0.6,0.30199754,0.2947542,0.52745354,29.041922,8.355043e-08,0.0
10.325000000000001,0.0,0.6,0.6,0.30325535,0.30930606,0.5316911,30.68631,1.5235887e-07,0.0
10.33,0.0,0.6,0.6,0.3044397,0.32358158,0.53568107,31.54365,1.05701496e-07,0.0
10.335,0.0,0.6,0.6,0.30555487,0.33756977,0.539438,31.488874,-2.9931634e-08,0.0
10.34,0.0,0.6,0.4794396,0.303988,0.35125983,0.5416649,30.757545,-4.098025e-08,0.0
10.345,0.0,0.6,0.4794396,0.288774,0.3646411,0.536881,30.038877,7.896749e-09,0.0
10.35,0.0,0.6,0.4794396,0.2744487,0.37770322,0.5323766,29.434132,3.6627135e-09,0.0
10.355,0.0,0.6,0.4794396,0.26096013,0.39043596,0.52813524,28.707348,-4.534528e-08,0.0
10.36,0.0,0.5455769,0.6,0.24785267,0.40267685,0.52545226,27.727642,-2.1288981e-08,0.0
10.365,0.0,0.5455769,0.6,0.2333753,0.41420275,0.5298067,26.439041,-1.2125024e-07,0.0
10.370000000000001,0.0,0.5455769,0.6,0.21974356,0.42505538,0.53390676,24.833252,5.4600097e-08,0.0
10.375,0.0,0.5455769,0.6,0.20690808,0.43527412,0.53776735,22.938726,-5.939784e-09,0.0
10.38,0.0,0.34533274,0.6,0.19482233,0.44489595,0.5402757,20.812193,3.2759868e-08,0.0
10.385,0.0,0.34533274,0.6,0.18344252,0.45395577,0.5367222,18.52159,1.5910757e-08,0.0
10.39,0.0,0.34533274,0.6,0.17272742,0.4624864,0.5333762,16.130844,-4.60969e-08,0.0
10.395,0.0,0.34533274,0.6,0.1626382,0.47051874,0.5302257,13.713571,1.5927404e-07,0.0
10.4,0.22203551,0.14569166,0.3109638,0.15313831,0.47757328,0.52838594,11.357827,1.4372137e-07,0.0
10.405,0.22203551,0.14569166,0.3109638,0.14419332,0.48154545,0.532569,9.157281,-4.6341945e-08,0.0
10.41,0.22203551,0.14569166,0.3109638,0.13577081,0.4852856,0.5365077,7.2087154,-1.03154136e-07,0.0
10.415000000000001,0.22203551,0.14569166,0.3109638,0.12784028,0.4888073,0.5402164,5.5811934,-2.8941729e-08,0.0
10.42,0.6,0.080633804,0.569452,0.12037297,0.49025184,0.54370844,4.3026667,-5.497953e-09,0.0
10.425,0.6,0.080633804,0.569452,0.113341846,0.48178694,0.5469965,3.368423,9.934708e-09,0.0
10.43,0.6,0.080633804,0.569452,0.10672141,0.47381648,0.55009246,2.0043037,6.370714e-09,0.0
10.435,0.6,0.080633804,0.569452,0.10048768,0.4663116,0.5530076,0.15943098,-3.891148e-08,0.0
10.44,0.43949226,0.16060235,0.0467256,0.09669317,0.45737928,0.55305123,1.4440465e-08,-2.3707527e-08,0.0
10.445,0.43949226,0.16060235,0.0467256,0.10401457,0.43917322,0.5389106,-1.1591114e-08,3.1397843e-08,0.0
10.450000000000001,0.43949226,0.16060235,0.0467256,0.110908315,0.4220306,0.52559596,-3.831637e-09,9.875395e-09,0.0
10.455,0.43949226,0.16060235,0.0467256,0.11739939,0.4058893,0.513059,5.5930056e-09,-8.8725076e-11,0.0
10.46,0.33047426,0.0,0.51124036,0.12704368,0.39008284,0.50367016,-8.731607e-09,-2.512678e-09,0.0
10.465,0.33047426,0.0,0.51124036,0.14380032,0.37200755,0.50751257,3.0108593e-09,-1.5995164e-07,0.0
10.47,0.33047426,0.0,0.51124036,0.16040672,0.35498807,0.5111305,0.14073035,5.7157474e-09,0.0
10.475,0.33047426,0.0,0.51124036,0.17685035,0.3389627,0.51453716,0.6181873,6.0083e-08,0.0
10.48,0.6,0.20289679,0.6,0.19311874,0.32462078,0.5128595,1.52016,3.1395562e-09,0.0
10.485,0.6,0.20289679,0.6,0.20750971,0.31504026,0.48563206,2.800831,3.0355096e-08,0.0
10.49,0.6,0.20289679,0.6,0.2210601,0.30601937,0.459995,4.3201385,6.1137406e-08,0.0
10.495000000000001,0.6,0.20289679,0.6,0.23381898,0.29752538,0.43585545,5.922575,4.3911637e-08,0.0
10.5,0.6,0.6,0.6,0.24481374,0.28802657,0.41746718,7.4905844,6.459913e-08,0.0
10.505,0.6,0.6,0.6,0.24981728,0.2712026,0.42294458,8.960978,1.6386271e-07,0.0
10.51,0.6,0.6,0.6,0.25452855,0.25536132,0.42810205,10.316274,7.437936e-09,0.0
10.515,0.6,0.6,0.6,0.25896463,0.24044536,0.43295825,11.563117,6.408562e-08,0.0
10.52,0.15616816,0.6,0.6,0.26566052,0.22829689,0.43836033,12.947929,1.5361614e-07,0.0
10.525,0.15616816,0.6,0.6,0.28071827,0.22681324,0.4478019,14.495527,7.371316e-08,0.0
10.53,0.15616816,0.6,0.6,0.29552168,0.22541626,0.45669198,16.13296,6.785382e-08,0.0
10.535,0.15616816,0.6,0.6,0.31005937,0.22410087,0.46506277,17.82924,4.1089763e-08,0.0
10.540000000000001,0.11227808,0.51922166,0.6,0.32432014,0.22657356,0.47294462,19.558865,6.0386145e-09,0.0
10.545,0.11227808,0.51922166,0.6,0.33829302,0.24222206,0.48036608,21.303667,1.9658619e-07,0.0
10.55,0.11227808,0.51922166,0.6,0.3519672,0.25764564,0.48735404,23.051964,1.2373356e-07,0.0
10.555,0.11227808,0.51922166,0.6,0.36533204,0.2728325,0.49393383,24.798552,1.6947875e-07,0.0
10.56,0.2282521,0.6,0.54747087,0.3748913,0.28777108,0.5001293,26.521086,6.7918364e-08,0.0
10.565,0.2282521,0.6,0.54747087,0.36211544,0.30244985,0.50596285,28.116127,1.2202977e-07,0.0
10.57,0.2282521,0.6,0.54747087,0.35008582,0.3168576,0.51145566,29.963963,9.045574e-08,0.0
10.575000000000001,0.2282521,0.6,0.54747087,0.33875886,0.3309832,0.5166276,31.946238,9.861025e-08,0.0
10.58,0.0,0.6,0.5138876,0.32768333,0.34481573,0.5214975,33.67891,5.737836e-08,0.0
10.585,0.0,0.6,0.5138876,0.31510124,0.355003,0.52608293,34.93203,5.291003e-08,0.0
10.59,0.0,0.6,0.5138876,0.3032541,0.3645952,0.5304005,35.59285,4.946914e-08,0.0
10.595,0.0,0.6,0.5138876,0.29209897,0.37362713,0.5344659,35.63701,4.314699e-09,0.0
10.6,0.0,0.6,0.5225011,0.2826793,0.3828864,0.53780293,35.101036,-5.6041582e-08,0.0
10.605,0.0,0.6,0.5225011,0.27950013,0.3954833,0.5383676,34.063026,-4.8423978e-08,0.0
10.61,0.0,0.6,0.5225011,0.27650666,0.40742937,0.53889936,32.643024,-1.0277546e-07,0.0
10.615,0.0,0.6,0.5225011,0.27368805,0.41867766,0.53940004,30.963938,-9.62542e-08,0.0
10.620000000000001,0.0,0.6,0.6,0.26890087,0.42926893,0.53955764,29.129358,1.3297377e-08,0.0
10.625,0.0,0.6,0.6,0.25319403,0.43924153,0.5380582,27.210913,-1.5188444e-07,0.0
10.63,0.0,0.6,0.6,0.23840466,0.4486316,0.53664637,25.185453,1.5096925e-08,0.0
10.635,0.0,0.6,0.6,0.22447915,0.45747322,0.535317,23.031807,-1.3326608e-07,0.0
10.64,0.0,0.2967019,0.6,0.21136706,0.46579838,0.5341458,20.773705,-2.1971121e-07,0.0
10.645,0.0,0.2967019,0.6,0.19902085,0.47363725,0.53346556,18.451942,-1.2202301e-07,0.0
10.65,0.0,0.2967019,0.6,0.1873958,0.48101825,0.5328251,16.108612,5.054049e-08,0.0
10.655,0.0,0.2967019,0.6,0.17644978,0.48796812,0.5322221,13.789143,-3.4039605e-08,0.0
10.66,0.0,0.0,0.49605384,0.16614313,0.49451202,0.53237855,11.550633,-2.24446e-09,0.0
10.665000000000001,0.0,0.0,0.49605384,0.15643851,0.5006737,0.53632843,9.463208,1.282791e-07,0.0
10.67,0.0,0.0,0.49605384,0.14730075,0.5064755,0.5400476,7.5906644,8.0112464e-08,0.0
10.675,0.0,0.0,0.49605384,0.13869673,0.5119384,0.5435495,5.979788,1.5060046e-08,0.0
10.68,0.17965525,0.0,0.47761318,0.13059528,0.5142476,0.5468468,4.656326,-6.578689e-08,0.0
10.685,0.17965525,0.0,0.47761318,0.12296705,0.5015405,0.54995155,3.6295402,-8.067274e-09,0.0
10.69,0.17965525,0.0,0.47761318,0.11578439,0.48957562,0.5528749,2.134843,-5.072176e-08,0.0
10.695,0.17965525,0.0,0.47761318,0.10902128,0.47830963,0.5556276,0.16567305,-2.326779e-08,0.0
10.700000000000001,0.6,0.0,0.41702452,0.10265322,0.46492878,0.557248,-1.239018e-08,-6.6377934e-09,0.0
10.705,0.6,0.0,0.41702452,0.09665712,0.43777174,0.55367357,-1.12032e-08,-1.0997987e-08,0.0
10.71,0.6,0.0,0.41702452,0.09101126,0.41220096,0.5503079,5.836417e-09,6.999595e-08,0.0
10.715,0.6,0.0,0.41702452,0.085695185,0.3881238,0.54713887,2.7295222e-09,-2.1340181e-08,0.0
10.72,0.50607073,0.37335092,0.0,0.08236865,0.36545303,0.54398257,2.0303128e-09,1.0612794e-07,0.0
10.725,0.50607073,0.37335092,0.0,0.088051274,0.3441065,0.5401058,-1.0344339e-08,-3.558281e-08,0.0
10.73,0.50607073,0.37335092,0.0,0.093401976,0.32400683,0.5364556,4.986942e-09,7.8113736e-08,0.0
10.735,0.50607073,0.37335092,0.0,0.09844013,0.3050812,0.5330185,0.043666035,6.594364e-08,0.0
10.74,0.28123719,0.30189854,0.12602526,0.10711246,0.28726104,0.529216,0.23940113,-5.541819e-08,0.0
10.745000000000001,0.28123719,0.30189854,0.12602526,0.124029964,0.27048177,0.52266276,0.6723982,9.1877844e-08,0.0
10.75,0.28123719,0.30189854,0.12602526,0.14081216,0.2546826,0.5164923,1.6133997,1.3806124e-07,0.0
10.755,0.28123719,0.30189854,0.12602526,0.15744637,0.23980628,0.5106823,3.0396414,9.40294e-09,0.0
10.76,0.48059824,0.50800717,0.019710893,0.17392004,0.22928816,0.5013142,4.729398,6.300661e-08,0.0
10.765,0.48059824,0.50800717,0.019710893,0.19022068,0.23770304,0.47203186,6.497377,1.3686888e-08,0.0
10.77,0.48059824,0.50800717,0.019710893,0.20633598,0.24562639,0.44445992,8.225051,1.6866079e-07,0.0
10.775,0.48059824,0.50800717,0.019710893,0.22225365,0.25308692,0.4184985,9.865039,1.3685936e-07,0.0
10.78,0.6,0.5476471,0.08813405,0.2367305,0.2594439,0.39523128,11.422547,9.6013686e-08,0.0
10.785,0.6,0.5476471,0.08813405,0.23933019,0.26192373,0.37950662,12.92172,1.4377022e-07,0.0
10.790000000000001,0.6,0.5476471,0.08813405,0.24177803,0.2642587,0.36470047,14.321156,6.249277e-08,0.0
10.795,0.6,0.5476471,0.08813405,0.24408288,0.2664573,0.35075915,15.571618,6.2371555e-08,0.0
10.8,0.5365019,0.6,0.019435449,0.2481163,0.2704537,0.33663857,16.655102,9.12196e-08,0.0
10.805,0.5365019,0.6,0.019435449,0.26169586,0.28432947,0.31812644,17.585098,1.6980366e-08,0.0
10.81,0.5365019,0.6,0.019435449,0.27448222,0.29739475,0.30069563,18.441408,2.5184665e-09,0.0
10.815,0.5365019,0.6,0.019435449,0.2865217,0.30969688,0.28428298,19.270035,5.6213437e-08,0.0
10.82,0.48354796,0.6,0.1360638,0.29897386,0.3216509,0.2694685,20.05251,3.344578e-08,0.0
10.825000000000001,0.48354796,0.6,0.1360638,0.31344724,0.3348516,0.25887653,20.764746,5.378866e-08,0.0
10.83,0.48354796,0.6,0.1360638,0.3276411,0.34728125,0.24890326,21.399803,-3.319349e-09,0.0
10.835,0.48354796,0.6,0.1360638,0.3415445,0.35898486,0.23951253,21.961214,4.715417e-08,0.0
10.84,0.6,0.6,0.37503144,0.3551467,0.37049413,0.23002829,22.459019,4.7965307e-09,0.0
10.845,0.6,0.6,0.37503144,0.36573988,0.3834109,0.2177273,22.9049,2.9042505e-08,0.0
10.85,0.6,0.6,0.37503144,0.3757143,0.39599383,0.20614484,23.290184,2.7159174e-08,0.0
10.855,0.6,0.6,0.37503144,0.3851061,0.40791008,0.19523892,23.603392,2.0608766e-08,0.0
10.86,0.493578,0.6,0.5797725,0.3934544,0.4191303,0.18606001,23.842262,2.1219996e-08,0.0
10.865,0.493578,0.6,0.5797725,0.39871687,0.42969513,0.18313967,24.008774,9.287047e-09,0.0
10.870000000000001,0.493578,0.6,0.5797725,0.40367195,0.43964285,0.18038991,24.096395,2.5429634e-09,0.0
10.875,0.493578,0.6,0.5797725,0.4083376,0.4490095,0.17780077,24.101946,-7.054637e-09,0.0
10.88,0.31572032,0.5749851,0.6,0.41381904,0.45782906,0.17759621,24.03171,-8.052597e-09,0.0
10.885,0.31572032,0.5749851,0.6,0.4246941,0.46613345,0.18912864,23.903063,3.886275e-09,0.0
10.89,0.31572032,0.5749851,0.6,0.43493393,0.47395274,0.19998744,23.764566,3.8371883e-09,0.0
10.895,0.31572032,0.5749851,0.6,0.44457564,0.4813153,0.21021198,23.662664,7.76703e-09,0.0
10.9,0.24576981,0.6,0.5685625,0.45265958,0.48824784,0.22175275,23.62286,1.9706112e-09,0.0
10.905,0.24576981,0.6,0.5685625,0.45504966,0.4947754,0.23746754,23.649542,-3.4420016e-09,0.0
10.91,0.24576981,0.6,0.5685625,0.45730016,0.5009217,0.25296104,23.7096,4.4807544e-09,0.0
10.915000000000001,0.24576981,0.6,0.5685625,0.4594192,0.506709,0.26822144,23.765106,-1.0356332e-09,0.0
10.92,0.059210572,0.6,0.6,0.45975223,0.51192445,0.28323704,23.792507,-4.545604e-10,0.0
10.925,0.059210572,0.6,0.6,0.45133916,0.5156079,0.29799634,23.77264,-2.9487857e-09,0.0
10.93,0.059210572,0.6,0.6,0.4434175,0.51907617,0.31248802,24.374983,1.7905581e-08,0.0
10.935,0.059210572,0.6,0.6,0.43595853,0.52234185,0.32670093,25.604765,8.734478e-08,0.0
10.94,0.0,0.6,0.6,0.42828155,0.52565056,0.3406241,27.037933,4.7387687e-08,0.0
10.945,0.0,0.6,0.6,0.4176208,0.5299934,0.35393825,28.378601,1.1908296e-08,0.0
10.950000000000001,0.0,0.6,0.6,0.4075828,0.5340826,0.36647472,29.421131,5.231406e-08,0.0
10.955,0.0,0.6,0.6,0.3981311,0.53793293,0.3782789,30.053593,2.7199453e-08,0.0
10.96,0.0,0.6,0.6,0.38748795,0.5415583,0.38968742,30.247963,-1.4385991e-09,0.0
10.965,0.0,0.6,0.6,0.36831287,0.544972,0.40197203,30.02101,1.7437419e-08,0.0
10.97,0.0,0.6,0.6,0.3502578,0.54818624,0.41353908,29.36526,3.0052508e-08,0.0
10.975,0.0,0.6,0.6,0.33325738,0.5512127,0.4244305,28.29019,2.3313325e-08,0.0
10.98,0.0,0.4801108,0.6,0.3166966,0.5540624,0.4346857,26.843468,-1.1678715e-08,0.0
10.985,0.0,0.4801108,0.6,0.29819798,0.5567457,0.44434193,25.090225,-1.3893405e-08,0.0
10.99,0.0,0.4801108,0.6,0.28077987,0.5592722,0.4534341,23.08799,3.6953754e-08,0.0
10.995000000000001,0.0,0.4801108,0.6,0.26437917,0.5616512,0.4619952,20.905468,1.6734774e-08,0.0
11.0,0.0,0.524778,0.6,0.24893646,0.5638912,0.47005624,18.626707,-9.001972e-08,0.0
11.005,0.0,0.524778,0.6,0.23439577,0.56600034,0.4776464,16.33431,1.0596112e-07,0.0
11.01,0.0,0.524778,0.6,0.22070444,0.5679863,0.48479325,14.09716,-1.7612102e-08,0.0
11.015,0.0,0.524778,0.6,0.20781282,0.5698563,0.4915226,11.968606,4.6608303e-08,0.0
11.02,0.08772853,0.29482302,0.6,0.19567421,0.57049656,0.4978589,9.989514,-7.6902126e-08,0.0
11.025,0.08772853,0.29482302,0.6,0.18424465,0.565217,0.50382507,8.196711,2.7772503e-08,0.0
11.03,0.08772853,0.29482302,0.6,0.1734827,0.5602459,0.50944275,5.756752,-1.3178384e-07,0.0
11.035,0.08772853,0.29482302,0.6,0.16334936,0.55556506,0.5147323,2.6880918,4.0966704e-08,0.0
11.040000000000001,0.49821705,0.12690021,0.47091317,0.15380792,0.5515751,0.51971287,-1.1224071e-06,-2.0973136e-08,0.0
11.045,0.49821705,0.12690021,0.47091317,0.14482382,0.55000985,0.52440256,-4.890039e-10,-3.3890455e-08,0.0
11.05,0.49821705,0.12690021,0.47091317,0.13636449,0.548536,0.5288183,-2.8996152e-09,2.5073046e-09,0.0
11.055,0.49821705,0.12690021,0.47091317,0.12839928,0.5471483,0.5329761,1.2044485e-08,-3.0283523e-08,0.0
11.06,0.39329004,0.39810714,0.5826791,0.12171922,0.54369247,0.53689104,4.0430415e-09,2.9443303e-08,0.0
11.065,0.39329004,0.39810714,0.5826791,0.11973378,0.52915573,0.5405773,7.3560398e-09,-5.1548994e-08,0.0
11.07,0.39329004,0.39810714,0.5826791,0.11786432,0.51546806,0.54404825,1.9929743e-08,-6.803013e-09,0.0
11.075000000000001,0.39329004,0.39810714,0.5826791,0.11610405,0.5025799,0.54731643,2.0175701e-10,1.1332985e-10,0.0
11.08,0.0,0.19793136,0.6,0.118282944,0.4888752,0.5491873,-6.8259604e-10,-5.4486428e-08,0.0
11.085,0.0,0.19793136,0.6,0.13511264,0.4677318,0.5446152,1.2567933e-09,3.272056e-08,0.0
11.09,0.0,0.19793136,0.6,0.15179867,0.4478234,0.5403102,8.398575e-09,1.0066562e-07,0.0
11.095,0.0,0.19793136,0.6,0.16832842,0.4290779,0.5362566,3.9678087e-09,9.395848e-08,0.0
11.1,0.0,0.0,0.6,0.18468939,0.41396198,0.53348434,0.009853237,-7.759865e-09,0.0
11.105,0.0,0.0,0.6,0.19687401,0.41303587,0.5363579,0.20155662,-1.7653873e-08,0.0
11.11,0.0,0.0,0.6,0.2083469,0.41216385,0.5390636,0.65259767,3.700969e-08,0.0
11.115,0.0,0.0,0.6,0.21914965,0.41134277,0.5416112,1.3100646,5.770664e-08,0.0
11.120000000000001,0.3536777,0.0,0.49224517,0.2256458,0.40869886,0.54417187,2.0872154,6.018599e-08,0.0
11.125,0.3536777,0.0,0.49224517,0.21246555,0.39638767,0.54743284,2.8843198,1.1367859e-07,0.0
11.13,0.3536777,0.0,0.49224517,0.20005518,0.3847956,0.5505034,3.923867,2.4070733e-08,0.0
11.135,0.3536777,0.0,0.49224517,0.18836972,0.37388062,0.55339456,5.0917783,3.0024538e-08,0.0
11.14,0.6,0.15489826,0.44246015,0.17736682,0.3617534,0.5561168,6.1082873,-4.5829303e-08,0.0
11.145,0.6,0.15489826,0.44246015,0.16700661,0.34062296,0.5586801,6.8296986,-9.968109e-09,0.0
11.15,0.6,0.15489826,0.44246015,0.15725155,0.32072675,0.5610937,7.2670717,4.561958e-08,0.0
11.155,0.6,0.15489826,0.44246015,0.1480663,0.3019927,0.56336623,7.4891477,4.728811e-08,0.0
11.16,0.3654269,0.35330924,0.0,0.14272296,0.28435296,0.564499,7.5591226,-3.908367e-09,0.0
11.165000000000001,0.3654269,0.35330924,0.0,0.15504509,0.26774356,0.5602786,7.5496535,6.391716e-09,0.0
11.17,0.3654269,0.35330924,0.0,0.16664746,0.25210434,0.5563047,7.35758,1.0137849e-07,0.0
11.175,0.3654269,0.35330924,0.0,0.17757213,0.23737863,0.5525629,7.3328557,3.665733e-08,0.0
11.18,0.20337164,0.0,0.2620016,0.19016075,0.2249607,0.5485744,7.6600738,1.06526564e-07,0.0
11.185,0.20337164,0.0,0.2620016,0.20627674,0.22086826,0.5423761,8.289166,9.257007e-08,0.0
11.19,0.20337164,0.0,0.2620016,0.22219518,0.21701486,0.5365399,9.185177,-1.2045227e-08,0.0
11.195,0.20337164,0.0,0.2620016,0.23790395,0.21338655,0.5310446,10.312348,5.8758747e-08,0.0
11.200000000000001,0.5980217,0.15944792,0.26528662,0.2533911,0.21182449,0.52173513,11.629371,1.2389211e-07,0.0
11.205,0.5980217,0.15944792,0.26528662,0.25993523,0.22008878,0.49125996,13.095704,7.281085e-08,0.0
11.21,0.5980217,0.15944792,0.26528662,0.26609713,0.22787035,0.4625649,14.626428,6.378783e-08,0.0
11.215,0.5980217,0.15944792,0.26528662,0.2718991,0.23519738,0.43554592,16.137758,4.538211e-08,0.0
11.22,0.47976983,0.36199075,0.3621487,0.27584764,0.23879448,0.41255376,17.577402,1.5175493e-07,0.0
11.225,0.47976983,0.36199075,0.3621487,0.27161422,0.2248462,0.40375984,18.908443,2.1397138e-08,0.0
11.23,0.47976983,0.36199075,0.3621487,0.2676281,0.21171266,0.39547956,20.519226,1.1833893e-08,0.0
11.235,0.47976983,0.36199075,0.3621487,0.2638748,0.19934626,0.38768294,22.398264,1.0484288e-07,0.0
11.24,0.36013913,0.6,0.050116774,0.26402906,0.18919237,0.38037243,24.29276,-7.801528e-08,0.0
11.245000000000001,0.36013913,0.6,0.050116774,0.27911344,0.18745495,0.37365013,25.632902,2.1366228e-08,0.0
11.25,0.36013913,0.6,0.050116774,0.2939447,0.18581903,0.36732048,26.399063,7.431902e-08,0.0
11.255,0.36013913,0.6,0.050116774,0.30851144,0.18427867,0.36136055,26.879301,2.0870429e-08,0.0
11.26,0.5191608,0.6,0.0,0.32280248,0.1847212,0.35665402,27.27095,9.192648e-09,0.0
11.265,0.5191608,0.6,0.0,0.33197114,0.19507574,0.35697496,27.701181,-1.5004945e-08,0.0
11.27,0.5191608,0.6,0.0,0.34060425,0.20482545,0.35727715,28.22542,1.02572875e-08,0.0
11.275,0.5191608,0.6,0.0,0.34873307,0.21400566,0.3575617,28.856956,4.4026283e-08,0.0
11.28,0.58314276,0.6,0.0,0.35526904,0.22487403,0.35491344,29.593443,6.7718716e-08,0.0
11.285,0.58314276,0.6,0.0,0.3555535,0.24054606,0.3371099,30.416988,3.7021437e-08,0.0
11.290000000000001,0.58314276,0.6,0.0,0.35582137,0.25599444,0.32034627,31.281216,5.0006875e-08,0.0
11.295,0.58314276,0.6,0.0,0.3560736,0.2712074,0.30456182,32.107952,9.848926e-08,0.0
11.3,0.3497845,0.6,0.0,0.35779724,0.28617325,0.289231,32.77457,5.243928e-08,0.0
11.305,0.3497845,0.6,0.0,0.36722267,0.30088058,0.27233666,33.186676,5.5024145e-09,0.0
11.31,0.3497845,0.6,0.0,0.37609756,0.31531808,0.25642914,33.337452,1.1408763e-08,0.0
11.315,0.3497845,0.6,0.0,0.38445407,0.32947463,0.2414508,33.260555,-1.0655248e-09,0.0
11.32,0.45649806,0.6,0.0,0.3929204,0.3433393,0.22734737,32.997482,9.067877e-09,0.0
11.325000000000001,0.45649806,0.6,0.0,0.40403152,0.35690132,0.21406774,32.59444,1.4232647e-08,0.0
11.33,0.45649806,0.6,0.0,0.41449362,0.3701502,0.20156379,32.108994,-1.1971984e-08,0.0
11.335,0.45649806,0.6,0.0,0.42434463,0.38307562,0.1897902,31.592741,-2.553271e-08,0.0
11.34,0.5907572,0.6,0.0,0.4314393,0.39566746,0.17870432,31.080778,-1.3386863e-08,0.0
11.345,0.5907572,0.6,0.0,0.42666975,0.4076028,0.16826598,30.585337,7.763185e-11,0.0
11.35,0.5907572,0.6,0.0,0.42217878,0.41884094,0.15843737,30.74033,6.17469e-08,0.0
11.355,0.5907572,0.6,0.0,0.41795012,0.42942268,0.14918286,31.548464,1.8076575e-08,0.0
11.36,0.28956994,0.35933524,0.0,0.4149658,0.4393863,0.14046891,32.612072,1.0678232e-07,0.0
11.365,0.28956994,0.35933524,0.0,0.41739175,0.44876796,0.13226396,33.660904,8.168251e-08,0.0
11.370000000000001,0.28956994,0.35933524,0.0,0.419676,0.4576016,0.12453826,33.749554,0.8329563,0.0
11.375,0.28956994,0.35933524,0.0,0.42182684,0.46591926,0.117263824,32.81734,2.553514,0.0
11.38,0.6,0.38775626,0.11175338,0.4251068,0.47375107,0.110414304,31.3337,4.6160254,0.0
11.385,0.6,0.38775626,0.11175338,0.43478262,0.4811254,0.10396487,29.63814,6.6343007,0.0
11.39,0.6,0.38775626,0.11175338,0.44389328,0.48806903,0.09789216,27.996538,8.315553,0.0
11.395,0.6,0.38775626,0.11175338,0.4524718,0.49460706,0.09217416,26.583298,9.477301,0.0
11.4,0.44184497,0.31374708,0.6,0.45773438,0.498514,0.08679015,25.48187,10.042374,0.0
11.405,0.44184497,0.31374708,0.6,0.44791168,0.4903844,0.081720635,24.704264,10.013639,0.0
11.41,0.44184497,0.31374708,0.6,0.43866274,0.48272964,0.076947235,24.113585,9.556956,0.0
11.415000000000001,0.44184497,0.31374708,0.6,0.42995405,0.475522,0.07245266,23.630932,8.768221,0.0
11.42,0.3214814,0.36220136,0.6,0.42465526,0.46900102,0.06926503,23.234133,7.6782565,0.0
11.425,0.3214814,0.36220136,0.6,0.43489736,0.46425542,0.071746826,22.922392,6.2930384,0.0
11.43,0.3214814,0.36220136,0.6,0.44454122,0.459787,0.074083656,21.956383,5.4373865,0.0
11.435,0.3214814,0.36220136,0.6,0.45362175,0.4555796,0.07628399,20.446817,4.9670377,0.0
11.44,0.290774,0.3585514,0.6,0.4606938,0.4509263,0.08291885,18.920433,4.285523,0.0
11.445,0.290774,0.3585514,0.6,0.45959282,0.4429135,0.10000633,17.677023,3.0640383,0.0
11.450000000000001,0.290774,0.3585514,0.6,0.45855615,0.43536875,0.1169766,17.723032,0.19458412,0.0
11.455,0.290774,0.3585514,0.6,0.45758003,0.42826468,0.13381687,18.33068,2.1677655e-08,0.0
11.46,0.37516704,0.5554783,0.6,0.45553604,0.42202842,0.15051445,19.71515,1.6434295e-07,0.0
11.465,0.37516704,0.5554783,0.6,0.44770575,0.41853386,0.16705674,21.539093,1.2185758e-07,0.0
11.47,0.37516704,0.5554783,0.6,0.44033283,0.41524342,0.18343121,23.456333,2.0709713e-07,0.0
11.475,0.37516704,0.5554783,0.6,0.4333906,0.41214517,0.19962545,25.208529,3.13032e-05,0.0
11.48,0.0,0.6,0.6,0.42656684,0.40919378,0.21562718,26.64393,0.029039422,0.0
11.485,0.0,0.6,0.6,0.418635,0.4062357,0.23142424,27.68017,0.24233462,0.0
11.49,0.0,0.6,0.6,0.4111665,0.4034504,0.24700461,28.319725,0.652972,0.0
11.495000000000001,0.0,0.6,0.6,0.4041342,0.4008278,0.26235643,28.608938,1.2064623,0.0
11.5,0.0,0.6,0.6,0.39830142,0.40019882,0.27746794,28.613697,1.827465,0.0
11.505,0.0,0.6,0.6,0.39695013,0.4092689,0.29232758,28.494167,1.8576297,0.0
11.51,0.0,0.6,0.6,0.39567775,0.41780916,0.30692396,29.079412,1.7145542e-08,0.0
11.515,0.0,0.6,0.6,0.3944797,0.42585057,0.32124585,29.752151,4.74298e-08,0.0
11.52,0.0,0.6,0.6,0.38984537,0.43383837,0.3352822,30.662996,1.2183302e-08,0.0
11.525,0.0,0.6,0.6,0.36707404,0.44354406,0.34902218,31.576544,7.059305e-08,0.0
11.53,0.0,0.6,0.6,0.3456328,0.45268285,0.36245513,32.21086,5.1569028e-08,0.0
11.535,0.0,0.6,0.6,0.32544395,0.46128783,0.3755706,32.351715,-1.0174847e-08,0.0
11.540000000000001,0.0,0.4118115,0.6,0.3064344,0.46939018,0.38835838,31.907104,-2.1615847e-09,0.0
11.545,0.0,0.4118115,0.6,0.28853518,0.47701925,0.40072063,30.86905,-1.5526803e-08,0.0
11.55,0.0,0.4118115,0.6,0.2716815,0.4842027,0.4123608,29.284,-2.516971e-08,0.0
11.555,0.0,0.4118115,0.6,0.25581223,0.4909666,0.423321,27.234335,-4.978207e-08,0.0
11.56,0.0,0.06621282,0.6,0.24086992,0.49733537,0.43364105,24.82776,-1.9802938e-08,0.0
11.565,0.0,0.06621282,0.6,0.22680043,0.50333214,0.44335827,22.188189,3.905235e-08,0.0
11.57,0.0,0.06621282,0.6,0.21355274,0.5089786,0.4525079,19.440277,2.4499505e-07,0.0
11.575000000000001,0.0,0.06621282,0.6,0.20107886,0.5142953,0.4611231,16.690716,-2.536741e-07,0.0
11.58,0.21860693,0.0,0.5725261,0.1893336,0.5175426,0.46923506,14.024624,5.8376628e-08,0.0
11.585,0.21860693,0.0,0.5725261,0.1782744,0.5113667,0.4768732,11.523301,-1.1189331e-08,0.0
11.59,0.21860693,0.0,0.5725261,0.16786116,0.5055516,0.48406518,8.487706,-6.2846006e-08,0.0
11.595,0.21860693,0.0,0.5725261,0.15805618,0.5000761,0.49083707,4.9815,3.7962657e-08,0.0
11.6,0.6,0.1510587,0.14474124,0.14882393,0.49169058,0.4972134,1.5979496,-6.924224e-08,0.0
11.605,0.6,0.1510587,0.14474124,0.14013095,0.4668379,0.5032173,-5.6066423e-09,-8.999564e-08,0.0
11.61,0.6,0.1510587,0.14474124,0.13194573,0.44343692,0.5088705,-4.093242e-09,3.0908218e-08,0.0
11.615,0.6,0.1510587,0.14474124,0.12423862,0.4214028,0.5141935,-1.5506665e-09,-6.1235276e-08,0.0
11.620000000000001,0.39107102,0.16575065,0.24884683,0.119024746,0.40003693,0.5189488,1.8078243e-05,-1.6706611e-08,0.0
11.625,0.39107102,0.16575065,0.24884683,0.12484146,0.3766703,0.52207834,0.061766353,7.337285e-09,0.0
11.63,0.39107102,0.16575065,0.24884683,0.13031842,0.35466853,0.52502507,0.11827355,-5.6770443e-08,0.0
11.635,0.39107102,0.16575065,0.24884683,0.13547546,0.33395192,0.52779967,0.27549848,4.9293583e-08,0.0
11.64,0.27934346,0.032957323,0.413915,0.14389569,0.31585714,0.5264142,0.68506896,3.348071e-08,0.0
11.645,0.27934346,0.032957323,0.413915,0.1605012,0.30623105,0.50412023,1.3925575,9.8488876e-08,0.0
11.65,0.27934346,0.032957323,0.413915,0.17694385,0.29716724,0.48312846,2.3857453,8.438524e-08,0.0
11.655,0.27934346,0.032957323,0.413915,0.1932112,0.28863287,0.46336284,3.6029813,3.3078592e-08,0.0
11.66,0.6,0.52197593,0.2760261,0.2092909,0.2807343,0.44572473,4.954703,-4.5260315e-08,0.0
11.665000000000001,0.6,0.52197593,0.2760261,0.21990891,0.27401796,0.43422484,6.3585606,1.460732e-07,0.0
11.67,0.6,0.52197593,0.2760261,0.2299067,0.26769394,0.42339668,7.726416,6.677361e-08,0.0
11.675,0.6,0.52197593,0.2760261,0.2393205,0.2617393,0.413201,8.998219,9.2715084e-08,0.0
11.68,0.6,0.56949127,0.4308876,0.24714024,0.25489146,0.40514356,10.16345,5.094585e-08,0.0
11.685,0.6,0.56949127,0.4308876,0.24902128,0.24192801,0.40565592,11.234309,5.36442e-08,0.0
11.69,0.6,0.56949127,0.4308876,0.25079244,0.22972178,0.40613833,12.451242,5.1789527e-08,0.0
11.695,0.6,0.56949127,0.4308876,0.25246015,0.21822853,0.40659258,13.813749,6.103476e-08,0.0
11.700000000000001,0.3664134,0.6,0.31905603,0.25702724,0.21197689,0.40573162,15.179022,8.932798e-08,0.0
11.705,0.3664134,0.6,0.31905603,0.2722239,0.22782193,0.39815536,16.472004,6.7639476e-08,0.0
11.71,0.3664134,0.6,0.31905603,0.2871727,0.24345303,0.39102164,17.722828,1.04578035e-07,0.0
11.715,0.3664134,0.6,0.31905603,0.3018622,0.25885826,0.3843046,18.983965,5.912056e-08,0.0
11.72,0.31334093,0.6,0.50747895,0.3162811,0.2740259,0.37942722,20.284985,-2.0334978e-08,0.0
11.725,0.31334093,0.6,0.50747895,0.33041832,0.28894427,0.3824331,21.639635,5.1147524e-08,0.0
11.73,0.31334093,0.6,0.50747895,0.3442629,0.30360198,0.38526338,23.006113,1.8937323e-08,0.0
11.735,0.31334093,0.6,0.50747895,0.35780415,0.31798777,0.38792834,24.29813,8.089239e-08,0.0
11.74,0.30552882,0.6,0.6,0.36976805,0.33209053,0.3893925,25.446814,1.002106e-07,0.0
11.745000000000001,0.30552882,0.6,0.6,0.3695721,0.34589937,0.38528407,26.411968,4.5135156e-08,0.0
11.75,0.30552882,0.6,0.6,0.3693876,0.35940364,0.3814156,27.717913,6.7843935e-08,0.0
11.755,0.30552882,0.6,0.6,0.36921388,0.3725928,0.3777731,29.368093,9.634748e-08,0.0
11.76,0.3220825,0.5496163,0.6,0.3685543,0.3854566,0.37610433,31.041624,5.5382333e-08,0.0
11.765,0.3220825,0.5496163,0.6,0.3653292,0.39798492,0.38377807,32.527782,5.8212112e-08,0.0
11.77,0.3220825,0.5496163,0.6,0.3622925,0.40978485,0.39100358,33.687084,6.816154e-08,0.0
11.775,0.3220825,0.5496163,0.6,0.35943317,0.42089555,0.39780706,34.442432,6.698735e-08,0.0
11.78,0.44291118,0.6,0.6,0.35666785,0.43135726,0.40507782,34.77554,1.0445177e-08,0.0
11.785,0.44291118,0.6,0.6,0.35368076,0.4412079,0.41646346,34.710423,-5.4109237e-09,0.0
11.790000000000001,0.44291118,0.6,0.6,0.35086814,0.4504831,0.42718405,34.29567,1.3943598e-08,0.0
11.795,0.44291118,0.6,0.6,0.3482198,0.45921656,0.43727845,33.593773,1.7067068e-08,0.0
11.8,0.10021754,0.6,0.5743414,0.3458809,0.466969,0.4467832,32.67271,-3.5326014e-08,0.0
11.805,0.10021754,0.6,0.5743414,0.3444908,0.47179654,0.4557328,31.601849,-2.4202274e-08,0.0
11.81,0.10021754,0.6,0.5743414,0.3431819,0.47634208,0.4641596,30.460543,-2.0945013e-08,0.0
11.815,0.10021754,0.6,0.5743414,0.34194946,0.4806221,0.4720942,29.318216,-1.6201906e-08,0.0
11.82,0.005310971,0.6,0.6,0.34191826,0.485123,0.47956535,28.223568,1.0125347e-09,0.0
11.825000000000001,0.005310971,0.6,0.6,0.3478174,0.49183312,0.4866001,27.213806,-9.3231286e-08,0.0
11.83,0.005310971,0.6,0.6,0.35337192,0.49815127,0.49322394,25.775042,8.192561e-08,0.0
11.835,0.005310971,0.6,0.6,0.35860202,0.5041004,0.49946085,23.890984,-4.3151097e-08,0.0
11.84,0.0,0.6,0.6,0.36032388,0.50970197,0.50509363,21.880468,3.6501255e-08,0.0
11.845,0.0,0.6,0.6,0.34513074,0.5149764,0.50913846,19.956863,3.3056622e-08,0.0
11.85,0.0,0.6,0.6,0.33082506,0.5199427,0.512947,18.7298,1.0984697e-08,0.0
11.855,0.0,0.6,0.6,0.317355,0.5246189,0.51653314,18.207739,1.7199428e-08,0.0
11.86,0.0,0.5307468,0.6,0.30378476,0.52902204,0.5201496,18.040888,-6.802074e-08,0.0
11.865,0.0,0.5307468,0.6,0.28635055,0.53316796,0.5248138,17.966352,-6.356106e-09,0.0
11.870000000000001,0.0,0.5307468,0.6,0.26993468,0.5370717,0.5292055,17.773937,-7.5473444e-08,0.0
11.875,0.0,0.5307468,0.6,0.25447768,0.5407474,0.5333407,17.32757,1.0020786e-08,0.0
11.88,0.0,0.01317848,0.6,0.23987392,0.5442084,0.53723437,16.570286,-1.8853383e-08,0.0
11.885,0.0,0.01317848,0.6,0.22586259,0.5474673,0.5409006,15.50405,-5.2422426e-08,0.0
11.89,0.0,0.01317848,0.6,0.21266969,0.5505358,0.54435265,14.167853,7.423137e-08,0.0
11.895,0.0,0.01317848,0.6,0.20024739,0.5534251,0.5476031,12.626362,-1.10716144e-07,0.0
11.9,0.22093996,0.0,0.5227696,0.1885507,0.55549836,0.55066365,10.959059,-1.0536374e-07,0.0
11.905,0.22093996,0.0,0.5227696,0.17753722,0.5540526,0.5535455,9.253322,3.691254e-08,0.0
11.91,0.22093996,0.0,0.5227696,0.16716705,0.5526913,0.5562589,6.7373357,-1.2850472e-07,0.0
11.915000000000001,0.22093996,0.0,0.5227696,0.15740262,0.5514095,0.55881387,3.468466,9.88815e-08,0.0
11.92,0.6,0.00029575825,0.49344754,0.14820854,0.54536545,0.56121963,0.10476265,-7.873098e-08,0.0
11.925,0.6,0.00029575825,0.49344754,0.1395515,0.5142798,0.56348485,1.9316084e-09,3.2335358e-08,0.0
11.93,0.6,0.00029575825,0.49344754,0.13140014,0.48500985,0.56561774,6.59217e-09,-3.955848e-08,0.0
11.935,0.6,0.00029575825,0.49344754,0.1237249,0.45744962,0.56762606,-1.4093528e-08,1.4919632e-08,0.0
11.94,0.47965762,0.0,0.2495325,0.11856284,0.43137604,0.56879526,1.3191221e-08,1.8861831e-08,0.0
11.945,0.47965762,0.0,0.2495325,0.12454281,0.40617883,0.56610686,-1.7113397e-08,2.7614144e-08,0.0
11.950000000000001,0.47965762,0.0,0.2495325,0.13017349,0.38245344,0.56357545,3.0755753e-10,-2.0626892e-08,0.0
11.955,0.47965762,0.0,0.2495325,0.13547526,0.36011386,0.5611919,-4.305127e-08,1.18992645e-07,0.0
11.96,0.35847902,0.09602452,0.6,0.14400998,0.33908194,0.55867356,0.14291713,8.914781e-09,0.0
11.965,0.35847902,0.09602452,0.6,0.16061442,0.31929302,0.55486363,0.59142244,-6.5403766e-10,0.0
11.97,0.35847902,0.09602452,0.6,0.17705591,0.30066,0.55127627,1.4451804,6.395713e-08,0.0
11.975,0.35847902,0.09602452,0.6,0.19332202,0.2831154,0.5478984,2.6947982,4.8213447e-08,0.0
11.98,0.4431196,0.32126123,0.6,0.2094004,0.2665928,0.54243827,4.233487,1.4171316e-07,0.0
11.985,0.4431196,0.32126123,0.6,0.22518645,0.2510208,0.5253293,5.922775,6.9980395e-08,0.0
11.99,0.4431196,0.32126123,0.6,0.24005042,0.23635836,0.50921965,7.865355,1.0005507e-07,0.0
11.995000000000001,0.4431196,0.32126123,0.6,0.25404617,0.22255239,0.494051,9.996695,2.8383545e-07,0.0
12.0,0.3454583,0.47756597,0.6,0.26609188,0.21045026,0.4830438,12.161026,2.788623e-07,0.0
12.005,0.3454583,0.47756597,0.6,0.27148834,0.20376651,0.48987535,14.265697,1.7414851e-07,0.0
12.01,0.3454583,0.47756597,0.6,0.27656958,0.19747317,0.49630785,16.231901,1.1032454e-07,0.0
12.015,0.3454583,0.47756597,0.6,0.281354,0.19154742,0.50236464,18.006824,1.3991078e-07,0.0
12.02,0.3521686,0.6,0.6,0.28665,0.18807283,0.5080676,19.572659,1.5769123e-07,0.0
12.025,0.3521686,0.6,0.6,0.29578957,0.19585252,0.5134375,20.93826,1.02185076e-07,0.0
12.030000000000001,0.3521686,0.6,0.6,0.3043953,0.2031778,0.5184937,22.1467,4.805314e-10,0.0
12.035,0.3521686,0.6,0.6,0.31249833,0.21007518,0.5232546,23.246185,7.588495e-08,0.0
12.040000000000001,0.0,0.6,0.39662775,0.31921536,0.21803048,0.5277374,24.27255,5.9336998e-08,0.0
12.045,0.0,0.6,0.39662775,0.32074824,0.23319027,0.53195834,25.24929,9.1209216e-08,0.0
12.05,0.0,0.6,0.39662775,0.3221916,0.24746455,0.5359327,26.167027,-9.787759e-09,0.0
12.055,0.0,0.6,0.39662775,0.32355064,0.26090506,0.539675,27.013556,6.179137e-08,0.0
12.06,0.0,0.6,0.5961518,0.324893,0.27470472,0.54319865,27.786125,-4.0476753e-08,0.0
12.065,0.0,0.6,0.5961518,0.3264862,0.28961158,0.5465165,28.416916,6.382576e-09,0.0
12.07,0.0,0.6,0.5961518,0.32798633,0.30425724,0.54964054,28.824804,2.9119665e-08,0.0
12.075000000000001,0.0,0.6,0.5961518,0.32939884,0.3186305,0.5525821,28.966688,-1.7340156e-08,0.0
12.08,0.0,0.6,0.6,0.32743755,0.33272022,0.5534511,28.835579,-5.1928656e-11,0.0
12.085,0.0,0.6,0.6,0.30831152,0.34651557,0.5442909,28.968887,8.823528e-09,0.0
12.09,0.0,0.6,0.6,0.29030266,0.36000583,0.5356657,29.314608,8.54372e-08,0.0
12.095,0.0,0.6,0.6,0.27334574,0.3731805,0.5275443,29.502115,3.7548077e-08,0.0
12.1,0.0,0.6,0.4516328,0.2573793,0.38602936,0.521762,29.312408,-2.4655112e-08,0.0
12.105,0.0,0.6,0.4516328,0.24234545,0.39852765,0.5261072,28.639397,5.181024e-08,0.0
12.11,0.0,0.6,0.4516328,0.22818977,0.4102959,0.5301986,27.465565,8.9269285e-09,0.0
12.115,0.0,0.6,0.4516328,0.21486093,0.42137676,0.534051,25.830223,-8.6867416e-08,0.0
12.120000000000001,0.0,0.19704421,0.5638655,0.20231065,0.43181038,0.53771436,23.810642,2.1119755e-08,0.0
12.125,0.0,0.19704421,0.5638655,0.19049343,0.44163454,0.54135257,21.50456,4.6361063e-08,0.0
12.13,0.0,0.19704421,0.5638655,0.17936648,0.45088485,0.5447782,19.010485,2.0871827e-08,0.0
12.135,0.0,0.19704421,0.5638655,0.16888948,0.45959485,0.5480038,16.4189,-2.2736753e-08,0.0
12.14,0.26058277,0.0,0.3978641,0.15902443,0.4677961,0.54965436,13.820481,1.5568267e-07,0.0
12.145,0.26058277,0.0,0.3978641,0.14973563,0.4755183,0.5439288,11.314228,7.228526e-08,0.0
12.15,0.26058277,0.0,0.3978641,0.1409894,0.48278943,0.5385377,8.995142,-1.7934093e-07,0.0
12.155000000000001,0.26058277,0.0,0.3978641,0.13275403,0.48963583,0.53346145,6.948114,-4.765644e-08,0.0
12.16,0.6,0.30310065,0.22498243,0.1249997,0.4923164,0.5297306,5.2353873,1.0344023e-08,0.0
12.165000000000001,0.6,0.30310065,0.22498243,0.11769832,0.4750692,0.53172445,3.8969748,-4.2202073e-09,0.0
12.17,0.6,0.30310065,0.22498243,0.110823415,0.45882943,0.5336018,2.2441456,-2.0893868e-08,0.0
12.175,0.6,0.30310065,0.22498243,0.10435008,0.44353825,0.5353696,0.2921265,4.0766153e-08,0.0
12.18,0.43461064,0.17352179,0.26813534,0.10069022,0.4272987,0.53548265,-8.7801695e-09,5.8850262e-09,0.0
12.185,0.43461064,0.17352179,0.26813534,0.11002974,0.40233967,0.5274442,1.9119148e-09,-1.7417133e-08,0.0
12.19,0.43461064,0.17352179,0.26813534,0.11882373,0.3788385,0.5198752,2.828987e-09,-9.820329e-09,0.0
12.195,0.43461064,0.17352179,0.26813534,0.12710404,0.3567101,0.5127484,-1.08024665e-08,-5.5437962e-08,0.0
12.200000000000001,0.29974607,0.025313528,0.3891791,0.13807282,0.33870694,0.5044222,0.107557744,2.0650347e-08,0.0
12.205,0.29974607,0.025313528,0.3891791,0.15473214,0.33662713,0.48809978,0.4852678,1.0714244e-08,0.0
12.21,0.29974607,0.025313528,0.3891791,0.17123297,0.33466882,0.4727308,1.1791459,-4.1255962e-08,0.0
12.215,0.29974607,0.025313528,0.3891791,0.18756282,0.3328249,0.4582595,2.1355827,7.585742e-08,0.0
12.22,0.6,0.25585178,0.39332464,0.20370932,0.32987764,0.4450368,3.261827,1.17079814e-07,0.0
12.225,0.6,0.25585178,0.39332464,0.21719654,0.32074472,0.43470377,4.4693117,2.4190218e-08,0.0
12.23,0.6,0.25585178,0.39332464,0.22989596,0.31214526,0.4249743,5.7043824,1.3377799e-07,0.0
12.235,0.6,0.25585178,0.39332464,0.2418536,0.3040481,0.41581315,6.9319906,-5.0562775e-08,0.0
12.24,0.6,0.3607159,0.35959327,0.25185236,0.29503876,0.40831837,8.1337595,3.5125556e-08,0.0
12.245000000000001,0.6,0.3607159,0.35959327,0.25464988,0.2792838,0.40720043,9.300936,4.4926256e-08,0.0
12.25,0.6,0.3607159,0.35959327,0.257284,0.2644491,0.40614778,10.4191675,1.4404264e-07,0.0
12.255,0.6,0.3607159,0.35959327,0.25976425,0.2504809,0.4051566,11.481461,8.825921e-08,0.0
12.26,0.41319668,0.6,0.19183497,0.26490575,0.23948315,0.4042621,12.489108,6.590099e-08,0.0
12.265,0.41319668,0.6,0.19183497,0.27997586,0.24043927,0.40362322,13.689292,4.2678842e-08,0.0
12.27,0.41319668,0.6,0.19183497,0.29479218,0.24133953,0.40302166,15.151177,9.2447955e-08,0.0
12.275,0.41319668,0.6,0.19183497,0.30934334,0.24218722,0.40245524,16.795208,7.762562e-08,0.0
12.280000000000001,0.43456304,0.6,0.41606385,0.32361814,0.24396542,0.40160668,18.554192,1.5551395e-08,0.0
12.285,0.43456304,0.6,0.41606385,0.3376056,0.25078496,0.39915264,20.376675,9.4451906e-08,0.0
12.290000000000001,0.43456304,0.6,0.41606385,0.35129485,0.25720617,0.3968419,22.226967,-1.570166e-08,0.0
12.295,0.43456304,0.6,0.41606385,0.3646753,0.2632523,0.39466617,24.082813,1.5718932e-07,0.0
12.3,0.2722299,0.6,0.47918802,0.3766751,0.27118155,0.39104968,25.933825,9.555983e-08,0.0
12.305,0.2722299,0.6,0.47918802,0.37880838,0.28614786,0.3794133,27.743773,6.8147095e-08,0.0
12.31,0.2722299,0.6,0.47918802,0.38081706,0.30085564,0.36845663,29.369623,1.0930299e-07,0.0
12.315,0.2722299,0.6,0.47918802,0.3827084,0.3152936,0.35813993,30.67532,3.6563605e-08,0.0
12.32,0.117181584,0.57262045,0.6,0.38468894,0.32945064,0.35052145,31.595078,1.5916125e-08,0.0
12.325000000000001,0.117181584,0.57262045,0.6,0.38760215,0.3433158,0.35434985,32.1147,3.9108627e-08,0.0
12.33,0.117181584,0.57262045,0.6,0.3903452,0.35687837,0.35795465,32.263382,-1.74666e-08,0.0
12.335,0.117181584,0.57262045,0.6,0.392928,0.3701278,0.36134887,32.09041,1.5260296e-08,0.0
12.34,0.41752878,0.6,0.6,0.39384282,0.38305378,0.36513478,31.652359,-1.5347695e-08,0.0
12.345,0.41752878,0.6,0.6,0.38673925,0.3956462,0.37179676,31.001196,1.2401782e-08,0.0
12.35,0.41752878,0.6,0.6,0.38005063,0.40758276,0.3780696,30.77303,2.1897463e-08,0.0
12.355,0.41752878,0.6,0.6,0.37375268,0.41882208,0.38397604,31.024889,5.068725e-08,0.0
12.36,0.0,0.6,0.5521788,0.36637357,0.42914903,0.39066657,31.440475,3.094531e-08,0.0
12.365,0.0,0.6,0.5521788,0.35181797,0.43752939,0.402894,31.799316,3.3839978e-08,0.0
12.370000000000001,0.0,0.6,0.5521788,0.33811256,0.4454202,0.4144072,31.923603,5.708523e-09,0.0
12.375,0.0,0.6,0.5521788,0.3252077,0.45285013,0.4252479,31.70185,-2.5842558e-08,0.0
12.38,0.0,0.6,0.6,0.31586364,0.46010193,0.43545538,31.095049,-9.457889e-09,0.0
12.385,0.0,0.6,0.6,0.32180202,0.46827355,0.44506663,30.131058,-7.584055e-08,0.0
12.39,0.0,0.6,0.6,0.32739353,0.47596785,0.45411646,28.435347,1.1664974e-07,0.0
12.395,0.0,0.6,0.6,0.33265844,0.4832127,0.4626377,26.11788,-3.8437506e-08,0.0
12.4,0.0,0.5433595,0.6,0.33371368,0.4900344,0.47021428,23.571262,-9.771571e-08,0.0
12.405000000000001,0.0,0.5433595,0.6,0.31422105,0.49645764,0.47500193,21.066021,-4.3720597e-08,0.0
12.41,0.0,0.5433595,0.6,0.29586703,0.50250566,0.47950992,19.195454,1.06931275e-07,0.0
12.415000000000001,0.0,0.5433595,0.6,0.27858508,0.5082004,0.4837546,17.976025,6.572308e-08,0.0
12.42,0.0,0.37918648,0.6,0.2623126,0.51356256,0.48819828,17.091593,-2.7610868e-08,0.0
12.425,0.0,0.37918648,0.6,0.24699059,0.5186115,0.49472874,16.311022,6.226462e-08,0.0
12.43,0.0,0.37918648,0.6,0.23256357,0.5233655,0.50087774,15.480877,-1.040457e-08,0.0
12.435,0.0,0.37918648,0.6,0.21897925,0.5278418,0.5066676,14.513386,-3.4035793e-08,0.0
12.44,0.0,0.0,0.6,0.20618841,0.5315273,0.5121193,13.375871,-4.64198e-09,0.0
12.445,0.0,0.0,0.6,0.1941447,0.5322184,0.5172525,12.078439,4.568449e-08,0.0
12.450000000000001,0.0,0.0,0.6,0.18280447,0.53286916,0.5220859,10.671061,8.0520785e-08,0.0
12.455,0.0,0.0,0.6,0.17212664,0.5334819,0.52663696,9.222561,3.7868237e-08,0.0
12.46,0.20490095,0.0,0.41188347,0.16207251,0.5325245,0.5309222,7.8033857,-4.5676085e-08,0.0
12.465,0.20490095,0.0,0.41188347,0.15260565,0.52356786,0.5349571,5.644003,-2.6228614e-07,0.0
12.47,0.20490095,0.0,0.41188347,0.14369178,0.51513433,0.5387564,2.8153582,-4.206339e-08,0.0
12.475,0.20490095,0.0,0.41188347,0.13529857,0.50719345,0.54233366,-0.0044617034,-8.5887837e-07,0.0
12.48,0.6,0.115294725,0.36556998,0.12739561,0.4961726,0.54570204,-1.4584226e-09,-1.4119393e-08,0.0
12.485,0.6,0.115294725,0.36556998,0.11995428,0.46719056,0.54887366,1.4450332e-09,-4.228267e-08,0.0
12.49,0.6,0.115294725,0.36556998,0.112947606,0.4399014,0.55186003,1.3933845e-08,2.303048e-09,0.0
12.495000000000001,0.6,0.115294725,0.36556998,0.1063502,0.41420624,0.55467194,3.6180807e-09,-9.2112575e-09,0.0
12.5,0.5107669,0.31955522,0.1539101,0.10205311,0.39001194,0.5555615,1.5545463e-09,2.247753e-08,0.0
12.505,0.5107669,0.31955522,0.1539101,0.108060576,0.36723086,0.5471691,3.4966416e-09,-2.9361498e-08,0.0
12.51,0.5107669,0.31955522,0.1539101,0.11371714,0.34578046,0.5392669,-2.6982512e-09,-8.815062e-09,0.0
12.515,0.5107669,0.31955522,0.1539101,0.1190433,0.325583,0.53182626,0.07470479,-5.26917e-09,0.0
12.52,0.37178686,0.3550104,0.13074121,0.12775086,0.30764285,0.5243874,0.35508424,8.8053696e-08,0.0
12.525,0.37178686,0.3550104,0.13074121,0.14450143,0.29640755,0.5151107,0.92303705,2.1839165e-08,0.0
12.530000000000001,0.37178686,0.3550104,0.13074121,0.16110125,0.28582853,0.5063758,1.8007782,-6.8573605e-08,0.0
12.535,0.37178686,0.3550104,0.13074121,0.17753775,0.27586743,0.49815115,2.944661,2.6977581e-08,0.0
12.540000000000001,0.6,0.32096776,0.26791102,0.19379851,0.26839715,0.4884288,4.267497,9.995254e-08,0.0
12.545,0.6,0.32096776,0.26791102,0.20987117,0.27138537,0.46888915,5.67048,1.1160994e-07,0.0
12.55,0.6,0.32096776,0.26791102,0.22574355,0.27419904,0.45049083,7.3136773,-2.1060787e-08,0.0
12.555,0.6,0.32096776,0.26791102,0.24140355,0.27684835,0.4331672,9.178021,2.1409518e-07,0.0
12.56,0.6,0.44317913,0.3077494,0.2558385,0.27967426,0.4166389,11.12975,7.305698e-08,0.0
12.565,0.6,0.44317913,0.3077494,0.2626112,0.28407472,0.39993927,13.088516,5.150424e-08,0.0
12.57,0.6,0.44317913,0.3077494,0.26898828,0.28821817,0.3842151,14.970215,9.400385e-08,0.0
12.575000000000001,0.6,0.44317913,0.3077494,0.27499288,0.2921196,0.36940938,16.712772,9.0574034e-08,0.0
12.58,0.49434334,0.52875173,0.6,0.28277957,0.29547498,0.35675046,18.290659,7.124294e-08,0.0
12.585,0.49434334,0.52875173,0.6,0.29754692,0.29696405,0.35156125,19.688007,7.710894e-08,0.0
12.59,0.49434334,0.52875173,0.6,0.312047,0.29836613,0.34667513,20.935627,6.420562e-08,0.0
12.595,0.49434334,0.52875173,0.6,0.32626864,0.2996863,0.34207442,22.081278,6.111901e-08,0.0
12.6,0.41314527,0.6,0.49075115,0.34020087,0.30207154,0.33811477,23.163284,6.488083e-08,0.0
12.605,0.41314527,0.6,0.49075115,0.35383293,0.31031382,0.33634108,24.205734,6.2000645e-08,0.0
12.61,0.41314527,0.6,0.49075115,0.3671542,0.31807464,0.33467102,25.200672,8.972547e-08,0.0
12.615,0.41314527,0.6,0.49075115,0.38015437,0.32538214,0.3330985,26.13368,7.107475e-08,0.0
12.620000000000001,0.2490241,0.6,0.6,0.39200836,0.33306256,0.33434916,27.002663,6.572603e-08,0.0
12.625,0.2490241,0.6,0.6,0.39798588,0.344493,0.34810936,27.807016,2.8328369e-08,0.0
12.63,0.2490241,0.6,0.6,0.40361422,0.35525578,0.36156327,28.503448,4.434431e-08,0.0
12.635,0.2490241,0.6,0.6,0.40891382,0.36538988,0.37470037,29.04968,2.0030342e-08,0.0
12.64,0.20187855,0.6,0.6,0.413145,0.37559792,0.3868394,29.430408,2.3712746e-08,0.0
12.645,0.20187855,0.6,0.6,0.41314504,0.388385,0.392909,29.643408,2.928963e-08,0.0
12.65,0.20187855,0.6,0.6,0.41314504,0.4007457,0.39862406,29.667376,-2.2869836e-08,0.0
12.655000000000001,0.20187855,0.6,0.6,0.41314504,0.4123844,0.40400532,29.488808,-8.437586e-09,0.0
12.66,0.27469414,0.6,0.6,0.4116112,0.42334324,0.41009325,29.11756,1.7887244e-08,0.0
12.665000000000001,0.27469414,0.6,0.6,0.4021143,0.43366197,0.42118594,29.231821,5.7372085e-09,0.0
12.67,0.27469414,0.6,0.6,0.39317212,0.44337797,0.4316307,29.865479,4.507793e-08,0.0
12.675,0.27469414,0.6,0.6,0.38475224,0.45252645,0.44146535,30.642818,4.8396956e-08,0.0
12.68,0.0,0.6,0.5081934,0.37638357,0.46114057,0.45072556,31.314493,2.6629168e-08,0.0
12.685,0.0,0.6,0.5081934,0.36619052,0.4692515,0.45944485,31.73024,2.6477356e-09,0.0
12.69,0.0,0.6,0.5081934,0.35659286,0.4768887,0.46765485,31.803732,-2.7889401e-08,0.0
12.695,0.0,0.6,0.5081934,0.34755582,0.48407978,0.4753853,31.5061,-4.560586e-08,0.0
12.700000000000001,0.0,0.6,0.6,0.33972716,0.4908508,0.4826642,30.855118,-4.7019057e-08,0.0
12.705,0.0,0.6,0.6,0.3359285,0.49722636,0.48951793,29.901396,-6.0428382e-09,0.0
12.71,0.0,0.6,0.6,0.3323517,0.5032295,0.49597132,28.732855,6.880591e-08,0.0
12.715,0.0,0.6,0.6,0.32898387,0.508882,0.5020478,27.441513,1.8026187e-08,0.0
12.72,0.0,0.6,0.6,0.3232455,0.5142043,0.5069113,26.103033,-1.7225567e-07,0.0
12.725,0.0,0.6,0.6,0.30436432,0.51921576,0.50698614,24.761482,1.24205695e-08,0.0
12.73,0.0,0.6,0.6,0.28658605,0.5239345,0.50705665,23.356722,-1.3466281e-07,0.0
12.735,0.0,0.6,0.6,0.2698462,0.5283776,0.50712305,21.822033,-2.5177862e-08,0.0
12.74,0.0,0.1917196,0.6,0.25408417,0.5325611,0.5080436,20.141893,-4.4338748e-08,0.0
12.745000000000001,0.0,0.1917196,0.6,0.2392428,0.53650033,0.51341486,18.33412,-1.6076525e-08,0.0
12.75,0.0,0.1917196,0.6,0.22526835,0.5402094,0.51847243,16.433928,-8.7081716e-08,0.0
12.755,0.0,0.1917196,0.6,0.21211015,0.5437018,0.52323455,14.484535,1.0651634e-07,0.0
12.76,0.0,0.0,0.6,0.19972053,0.5469903,0.5277185,12.534095,6.064762e-08,0.0
12.765,0.0,0.0,0.6,0.1880546,0.5500866,0.5319405,10.63425,1.4022028e-07,0.0
12.77,0.0,0.0,0.6,0.17707011,0.5530021,0.535916,8.837384,-1.9777453e-08,0.0
12.775,0.0,0.0,0.6,0.16672723,0.55574733,0.5396592,7.193402,-1.0489899e-07,0.0
12.780000000000001,0.26498237,0.0,0.45722732,0.15698849,0.5545165,0.5431838,5.7445498,8.702638e-08,0.0
12.785,0.26498237,0.0,0.45722732,0.1478186,0.5333251,0.54650253,3.66029,-6.8788935e-08,0.0
12.790000000000001,0.26498237,0.0,0.45722732,0.13918433,0.51337147,0.54962736,1.0448539,1.742752e-07,0.0
12.795,0.26498237,0.0,0.45722732,0.1310544,0.4945834,0.5525697,4.637108e-09,3.574329e-08,0.0
12.8,0.6,0.036718532,0.28138435,0.123399355,0.475101,0.5553402,1.5549508e-09,6.156673e-08,0.0
12.805,0.6,0.036718532,0.28138435,0.11619145,0.44734976,0.5579488,1.635474e-08,2.9823216e-08,0.0
12.81,0.6,0.036718532,0.28138435,0.109404564,0.42121953,0.5604051,-7.177252e-09,2.0712024e-08,0.0
12.815,0.6,0.036718532,0.28138435,0.10301411,0.3966156,0.56271785,4.920243e-09,5.1702607e-08,0.0
12.82,0.5754937,0.29479262,0.0,0.0994734,0.3734488,0.5635612,-1.1455553e-08,-6.165024e-08,0.0
12.825000000000001,0.5754937,0.29479262,0.0,0.10914098,0.3516352,0.5573501,0.04106251,1.8047567e-08,0.0
12.83,0.5754937,0.29479262,0.0,0.11824386,0.33109576,0.5515018,0.09830491,-6.970481e-08,0.0
12.835,0.5754937,0.29479262,0.0,0.12681504,0.31175604,0.5459951,0.30180088,4.443776e-08,0.0
12.84,0.18472248,0.084786296,0.3062004,0.13801657,0.29388916,0.5391667,0.7885854,-2.7128813e-08,0.0
12.845,0.18472248,0.084786296,0.3062004,0.15467641,0.2788675,0.5241093,1.5886542,1.18353206e-07,0.0
12.85,0.18472248,0.084786296,0.3062004,0.17117779,0.2647233,0.50993145,2.677528,1.2854475e-08,0.0
12.855,0.18472248,0.084786296,0.3062004,0.18750823,0.25140527,0.49658173,4.198328,6.284178e-08,0.0
12.86,0.6,0.20612113,0.26141393,0.20365536,0.24127707,0.48138204,6.0498466,1.078322e-07,0.0
12.865,0.6,0.20612113,0.26141393,0.21960692,0.24440297,0.45326394,8.010521,1.02935275e-07,0.0
12.870000000000001,0.6,0.20612113,0.26141393,0.23535079,0.2473463,0.42678824,9.949521,1.1413113e-07,0.0
12.875,0.6,0.20612113,0.26141393,0.25087497,0.2501177,0.40185902,11.817062,5.8209547e-08,0.0
12.88,0.6,0.26964802,0.27981654,0.2661676,0.25076452,0.38124764,13.611529,3.1230403e-08,0.0
12.885,0.6,0.26964802,0.27981654,0.2614103,0.24106953,0.37686405,15.349125,1.6754788e-09,0.0
12.89,0.6,0.26964802,0.27981654,0.25693086,0.23194084,0.37273648,17.124674,2.9186008e-08,0.0
12.895,0.6,0.26964802,0.27981654,0.25271308,0.22334535,0.36885002,18.871668,1.3266707e-07,0.0
12.9,0.14350969,0.5876515,0.0,0.25262278,0.21638592,0.36477202,20.6745,1.12486305e-07,0.0
12.905000000000001,0.14350969,0.5876515,0.0,0.26788843,0.21578634,0.35873476,22.496693,1.1169923e-07,0.0
12.91,0.14350969,0.5876515,0.0,0.28290954,0.21522178,0.35305014,23.876982,1.4860206e-07,0.0
12.915000000000001,0.14350969,0.5876515,0.0,0.2976746,0.2146902,0.34769756,24.610949,-1.546837e-08,0.0
12.92,0.16702968,0.6,0.0,0.3121723,0.21478337,0.3428296,24.911964,6.7054295e-09,0.0
12.925,0.16702968,0.6,0.0,0.32639146,0.21798807,0.33914894,25.21673,-3.6765023e-08,0.0
12.93,0.16702968,0.6,0.0,0.34032112,0.22100559,0.33568326,25.713318,2.9169511e-08,0.0
12.935,0.16702968,0.6,0.0,0.3539505,0.22384685,0.33242002,26.41698,2.4056023e-08,0.0
12.94,0.47619963,0.6,0.0,0.3640563,0.22949415,0.32673228,27.32436,4.485631e-08,0.0
12.945,0.47619963,0.6,0.0,0.3511739,0.24510181,0.30764744,28.405083,4.2733895e-08,0.0
12.950000000000001,0.47619963,0.6,0.0,0.33904397,0.26048234,0.28967738,30.08553,1.094276e-07,0.0
12.955,0.47619963,0.6,0.0,0.3276226,0.275624,0.27275696,32.234077,1.2746267e-07,0.0
12.96,0.379146,0.6,0.0,0.31708816,0.2905152,0.2568249,34.362766,1.04182995e-07,0.0
12.965,0.379146,0.6,0.0,0.30832306,0.30514455,0.24182345,36.12039,1.2082576e-07,0.0
12.97,0.379146,0.6,0.0,0.30006993,0.31950077,0.22769825,37.309517,7.900504e-08,0.0
12.975,0.379146,0.6,0.0,0.29229888,0.3335728,0.21439812,37.85117,8.833363e-09,0.0
12.98,0.31858912,0.6,0.0,0.28787118,0.3473498,0.20187487,37.750065,7.456701e-09,0.0
12.985,0.31858912,0.6,0.0,0.29887167,0.36082104,0.19008312,37.03115,0.33374938,0.0
12.99,0.31858912,0.6,0.0,0.3092296,0.37397608,0.17898013,35.35783,1.5036539,0.0
12.995000000000001,0.31858912,0.6,0.0,0.31898254,0.38680467,0.16852568,32.995373,3.1853437,0.0
13.0,0.41878963,0.6,0.0,0.32725874,0.39925766,0.1586819,30.436,4.8144846,0.0
13.005,0.41878963,0.6,0.0,0.33028954,0.41098326,0.1494131,27.965605,6.073131,0.0
13.01,0.41878963,0.6,0.0,0.3331433,0.42202395,0.14068569,25.70919,6.8314505,0.0
13.015,0.41878963,0.6,0.0,0.33583036,0.43241975,0.13246807,23.721785,7.0404263,0.0
13.02,0.527015,0.5245826,0.08844193,0.3377945,0.44220832,0.12473045,22.033367,6.67965,0.0
13.025,0.527015,0.5245826,0.08844193,0.3366727,0.45142514,0.1174448,20.645948,5.7596354,0.0
13.030000000000001,0.527015,0.5245826,0.08844193,0.3356164,0.46010357,0.110584706,20.191797,3.5904377,0.0
13.035,0.527015,0.5245826,0.08844193,0.33462182,0.4682751,0.10412532,20.584703,0.29945642,0.0
13.040000000000001,0.20421235,0.25478753,0.030936403,0.3346218,0.4759693,0.09804323,20.776287,1.9585382e-08,0.0
13.045,0.20421235,0.25478753,0.030936403,0.33953813,0.4832141,0.09231641,21.21757,2.8444926e-08,0.0
13.05,0.20421235,0.25478753,0.030936403,0.3441673,0.4900357,0.0869241,21.18382,0.43076152,0.0
13.055,0.20421235,0.25478753,0.030936403,0.34852606,0.49645886,0.08184676,20.567352,1.2516463,0.0
13.06,0.6,0.45772377,0.0,0.3536417,0.50180197,0.07789255,19.67424,2.1117601,0.0
13.065,0.6,0.45772377,0.0,0.36376864,0.50313264,0.07850875,18.724009,2.7659314,0.0
13.07,0.6,0.45772377,0.0,0.37330404,0.5043856,0.079088956,17.905178,3.0101235,0.0
13.075000000000001,0.6,0.45772377,0.0,0.3822825,0.50556535,0.07963528,17.33329,2.7270076,0.0
13.08,0.55727506,0.32358217,0.3488527,0.38771966,0.50415474,0.07961225,17.043226,1.8914063,0.0
13.085,0.55727506,0.32358217,0.3488527,0.37700078,0.48958892,0.07676903,16.035645,1.6305478,0.0
13.09,0.55727506,0.32358217,0.3488527,0.36690798,0.4758739,0.07409189,15.047091,1.1014183,0.0
13.095,0.55727506,0.32358217,0.3488527,0.35740474,0.46295998,0.07157113,14.532079,-2.3581613e-08,0.0
13.1,0.43542853,0.3342534,0.43499723,0.35215554,0.45269698,0.068908475,14.145355,-4.27459e-09,0.0
13.105,0.43542853,0.3342534,0.43499723,0.365516,0.4529906,0.06488345,14.082026,5.362357e-09,0.0
13.11,0.43542853,0.3342534,0.43499723,0.3785566,0.45326707,0.061093528,14.463442,4.250234e-08,0.0
13.115,0.43542853,0.3342534,0.43499723,0.39126718,0.4535274,0.05752498,15.269433,9.483897e-08,0.0
13.120000000000001,0.6,0.39781106,0.07753022,0.40306023,0.45251885,0.057425182,16.362648,2.6034192e-08,0.0
13.125,0.6,0.39781106,0.07753022,0.4120681,0.4449875,0.07444782,16.811687,0.57962257,0.0
13.13,0.6,0.39781106,0.07753022,0.4205498,0.43789607,0.09047614,16.560503,1.6706156,0.0
13.135,0.6,0.39781106,0.07753022,0.4285361,0.43121886,0.10556823,16.081942,2.7344565,0.0
13.14,0.4580023,0.42337498,0.6,0.43491712,0.4250314,0.12058386,15.671419,3.444614,0.0
13.145,0.4580023,0.42337498,0.6,0.43494698,0.41972893,0.13739473,15.478041,3.6459613,0.0
13.15,0.4580023,0.42337498,0.6,0.43497512,0.4147362,0.1540602,15.508984,3.3446612,0.0
13.155000000000001,0.4580023,0.42337498,0.6,0.4350016,0.4100351,0.17047007,15.7161875,2.6071837,0.0
13.16,0.6,0.4916631,0.6,0.4365646,0.40620258,0.1825806,16.04749,1.5024225,0.0
13.165000000000001,0.6,0.4916631,0.6,0.44611105,0.40571243,0.17644449,16.461014,0.08580934,0.0
13.17,0.6,0.4916631,0.6,0.45509988,0.4052509,0.17066678,16.691504,2.630537e-08,0.0
13.175,0.6,0.4916631,0.6,0.46356368,0.40481633,0.16522656,17.060728,1.4222622e-08,0.0
13.18,0.20764734,0.41838273,0.6,0.47020602,0.40464607,0.16498701,17.568941,3.9946173e-08,0.0
13.185,0.20764734,0.41838273,0.6,0.46949318,0.40574005,0.18138325,18.178381,4.2330992e-08,0.0
13.19,0.20764734,0.41838273,0.6,0.46882197,0.40677014,0.19760081,20.198727,1.9327172e-07,0.0
13.195,0.20764734,0.41838273,0.6,0.46818998,0.40774006,0.2136274,23.65459,1.5004406e-07,0.0
13.200000000000001,0.29472664,0.45784515,0.6,0.468922,0.4092915,0.22945085,27.714256,2.3657896e-07,0.0
13.205,0.29472664,0.45784515,0.6,0.4765784,0.41410294,0.2450591,30.939188,0.65565515,0.0
13.21,0.29472664,0.45784515,0.6,0.48378763,0.4186333,0.26044026,32.904602,2.4484558,0.0
13.215,0.29472664,0.45784515,0.6,0.49057573,0.42289907,0.2755826,33.965702,4.9652543,0.0
13.22,0.36690384,0.6,0.6,0.4933005,0.4262308,0.29047453,34.566566,6.9776797,0.0
13.225,0.36690384,0.6,0.6,0.47661516,0.42577237,0.3051046,35.059875,6.951557,0.0
13.23,0.36690384,0.6,0.6,0.46090442,0.42534074,0.31946158,35.602802,3.853438,0.0
13.235,0.36690384,0.6,0.6,0.44611138,0.42493433,0.33353442,35.613552,-2.0539334e-10,0.0
13.24,0.0,0.6,0.5145253,0.43299624,0.42492044,0.3473122,34.517963,-5.34051e-08,0.0
13.245000000000001,0.0,0.6,0.5145253,0.42491975,0.4268436,0.36078432,33.23131,-3.578222e-09,0.0
13.25,0.0,0.6,0.5145253,0.417315,0.42865446,0.37394026,32.50577,-3.7929055e-09,0.0
13.255,0.0,0.6,0.5145253,0.41015446,0.4303595,0.38676977,32.47286,4.2529105e-09,0.0
13.26,0.0,0.6,0.6,0.40408674,0.43329352,0.39922482,32.820763,1.5631645e-08,0.0
13.265,0.0,0.6,0.6,0.40191483,0.44303104,0.41095233,33.31689,2.621128e-08,0.0
13.27,0.0,0.6,0.6,0.3998698,0.4521998,0.42199484,33.79012,7.816803e-09,0.0
13.275,0.0,0.6,0.6,0.3979442,0.46083298,0.43239233,34.12921,-9.5786135e-09,0.0
13.280000000000001,0.0,0.6,0.6,0.3927021,0.4689619,0.44138366,34.2764,8.410718e-09,0.0
13.285,0.0,0.6,0.6,0.3697639,0.476616,0.44565594,34.193676,1.9591479e-08,0.0
13.290000000000001,0.0,0.6,0.6,0.34816554,0.483823,0.4496787,33.765385,-7.0157125e-09,0.0
13.295,0.0,0.6,0.6,0.32782876,0.49060905,0.45346645,32.898342,2.6132687e-09,0.0
13.3,0.0,0.41768372,0.6,0.30867988,0.4969987,0.4578318,31.573668,-2.2337016e-08,0.0
13.305,0.0,0.41768372,0.6,0.2906495,0.5030151,0.466136,29.819826,-4.696156e-08,0.0
13.31,0.0,0.41768372,0.6,0.2736723,0.5086801,0.47395515,27.694796,-1.1559152e-07,0.0
13.315,0.0,0.41768372,0.6,0.2576868,0.5140142,0.48131758,25.27769,1.4834535e-08,0.0
13.32,0.0,0.0,0.6,0.242635,0.5190367,0.48824996,22.664629,-7.9817994e-08,0.0
13.325000000000001,0.0,0.0,0.6,0.2284624,0.52376586,0.4947774,19.962656,1.1522286e-07,0.0
13.33,0.0,0.0,0.6,0.21511763,0.5282188,0.5009236,17.270893,4.878529e-08,0.0
13.335,0.0,0.0,0.6,0.20255235,0.53241163,0.50671077,14.667238,-4.2296776e-08,0.0
13.34,0.30384946,0.0,0.2692059,0.19072102,0.5346557,0.5121599,12.215089,-2.8353982e-08,0.0
13.345,0.30384946,0.0,0.2692059,0.17958078,0.5278232,0.5172907,9.976187,-9.141513e-08,0.0
13.35,0.30384946,0.0,0.2692059,0.16909125,0.52138984,0.52212185,7.2034144,3.4456225e-08,0.0
13.355,0.30384946,0.0,0.2692059,0.15921444,0.5153322,0.5266708,3.9412024,-9.04789e-08,0.0
13.36,0.6,0.30222255,0.26002774,0.14991453,0.50572485,0.53095406,0.785237,-1.3596141e-07,0.0
13.365,0.6,0.30222255,0.26002774,0.14115785,0.47618484,0.5349871,-5.9718546e-09,1.6405053e-08,0.0
13.370000000000001,0.6,0.30222255,0.26002774,0.13291265,0.4483703,0.53878456,-6.0842638e-09,4.745349e-08,0.0
13.375,0.6,0.30222255,0.26002774,0.12514906,0.42218044,0.54236025,2.9381402e-08,-2.8100155e-08,0.0
13.38,0.35940707,0.23054378,0.26598415,0.12067866,0.39752036,0.5426355,0.003121332,2.7624785e-09,0.0
13.385,0.35940707,0.23054378,0.26598415,0.13137789,0.37430072,0.52666414,0.09350678,-1.8388612e-08,0.0
13.39,0.35940707,0.23054378,0.26598415,0.14145216,0.35243735,0.5116257,0.22705425,4.0385487e-08,0.0
13.395,0.35940707,0.23054378,0.26598415,0.15093799,0.33185107,0.49746567,0.5223292,-1.1622986e-08,0.0
13.4,0.30606052,0.0351908,0.3980839,0.1626375,0.31529176,0.48404697,1.1274999,5.151004e-08,0.0
13.405000000000001,0.30606052,0.0351908,0.3980839,0.17905818,0.31452838,0.47096172,2.0642865,-1.9635522e-08,0.0
13.41,0.30606052,0.0351908,0.3980839,0.19530195,0.31380957,0.4586408,3.2366383,1.3449502e-07,0.0
13.415000000000001,0.30606052,0.0351908,0.3980839,0.21135649,0.31313276,0.44703957,4.5166516,1.4636586e-07,0.0
13.42,0.6,0.41146603,0.3135164,0.22720961,0.3118256,0.43617165,5.801727,5.5394345e-08,0.0
13.425,0.6,0.41146603,0.3135164,0.23493142,0.30707783,0.4262308,7.031016,1.1146078e-08,0.0
13.43,0.6,0.41146603,0.3135164,0.24220219,0.3026074,0.4168706,8.156469,9.46928e-08,0.0
13.435,0.6,0.41146603,0.3135164,0.24904828,0.29839808,0.40805712,9.152507,5.590974e-08,0.0
13.44,0.6,0.569891,0.46650216,0.2549959,0.2926089,0.40099305,10.024142,1.0872301e-07,0.0
13.445,0.6,0.569891,0.46650216,0.25797865,0.27757278,0.40082312,10.797335,-5.906931e-10,0.0
13.450000000000001,0.6,0.569891,0.46650216,0.26078716,0.26341495,0.4006631,11.524415,2.5657654e-08,0.0
13.455,0.6,0.569891,0.46650216,0.26343164,0.2500841,0.40051246,12.249224,5.8098273e-08,0.0
13.46,0.27051967,0.6,0.28268978,0.26866874,0.24104851,0.39958024,12.996036,4.287516e-08,0.0
13.465,0.27051967,0.6,0.28268978,0.28367692,0.25100282,0.39455315,14.015469,3.2315135e-08,0.0
13.47,0.27051967,0.6,0.28268978,0.29842848,0.26037568,0.3898197,15.365729,-1.4370736e-08,0.0
13.475,0.27051967,0.6,0.28268978,0.31291208,0.26920104,0.38536274,16.950607,1.7262918e-08,0.0
13.48,0.46397874,0.6,0.6,0.32711658,0.27899152,0.3825959,18.688147,1.5928276e-07,0.0
13.485,0.46397874,0.6,0.6,0.34103101,0.29382488,0.38749695,20.515045,9.40785e-08,0.0
13.49,0.46397874,0.6,0.6,0.35464463,0.30839384,0.39211175,22.338192,6.514464e-08,0.0
13.495000000000001,0.46397874,0.6,0.6,0.36794686,0.32268718,0.396457,24.036482,1.4349042e-07,0.0
13.5,0.37163746,0.6,0.6,0.3784221,0.33669385,0.39883053,25.520615,7.63001e-08,0.0
13.505,0.37163746,0.6,0.6,0.3721194,0.35040307,0.3920466,26.73853,7.339962e-08,0.0
13.51,0.37163746,0.6,0.6,0.36618483,0.3638042,0.38565895,28.194044,1.17319864e-07,0.0
13.515,0.37163746,0.6,0.6,0.36059693,0.37688679,0.3796444,29.868275,1.4143014e-07,0.0
13.52,0.2541875,0.6,0.6,0.35714343,0.38964066,0.3769467,31.432604,5.5113787e-08,0.0
13.525,0.2541875,0.6,0.6,0.3633838,0.401928,0.389699,32.69703,8.995051e-08,0.0
13.530000000000001,0.2541875,0.6,0.6,0.3692597,0.41349763,0.40198296,33.03795,-2.8603808e-09,0.0
13.535,0.2541875,0.6,0.6,0.37479234,0.42439145,0.41354936,32.41917,-2.82337e-09,0.0
13.540000000000001,0.4242905,0.6,0.57301134,0.37913883,0.43464896,0.42444018,31.184093,1.2688808e-08,0.0
13.545,0.4242905,0.6,0.57301134,0.37870067,0.44430733,0.43469483,29.603325,3.1302715e-08,0.0
13.55,0.4242905,0.6,0.57301134,0.3782881,0.45340154,0.4443505,28.472834,-2.030767e-09,0.0
13.555,0.4242905,0.6,0.57301134,0.37789962,0.46196452,0.4534422,27.975624,-1.8118204e-08,0.0
13.56,0.0,0.6,0.5497398,0.37643617,0.47002733,0.4620028,27.874004,-3.9428237e-08,0.0
13.565,0.0,0.6,0.5497398,0.36929548,0.4776192,0.4700634,27.977762,3.7598564e-08,0.0
13.57,0.0,0.6,0.5497398,0.3625719,0.48476762,0.47765315,28.11001,-4.6364896e-08,0.0
13.575000000000001,0.0,0.6,0.5497398,0.35624102,0.49149847,0.48479956,28.139563,-2.0764464e-08,0.0
13.58,0.0,0.6,0.6,0.3518697,0.49783617,0.49127632,27.99483,2.7936379e-08,0.0
13.585,0.0,0.6,0.6,0.35609987,0.5038037,0.49605057,27.65878,1.27467645e-08,0.0
13.59,0.0,0.6,0.6,0.36008298,0.5094226,0.5005459,26.621395,-7.719412e-08,0.0
13.595,0.0,0.6,0.6,0.36383343,0.51471335,0.5047787,24.911505,3.778403e-08,0.0
13.6,0.0,0.6,0.6,0.36339948,0.51969504,0.50854677,22.900787,-1.2391362e-07,0.0
13.605,0.0,0.6,0.6,0.34217286,0.52438575,0.5109529,21.436844,-3.941369e-08,0.0
13.61,0.0,0.6,0.6,0.32218614,0.52880245,0.51321846,20.604488,-3.415488e-08,0.0
13.615,0.0,0.6,0.6,0.30336687,0.5329612,0.5153517,20.042341,5.34288e-08,0.0
13.620000000000001,0.0,0.19113399,0.6,0.28564686,0.53687704,0.5178301,19.498373,-2.2004324e-08,0.0
13.625,0.0,0.19113399,0.6,0.26896188,0.5405641,0.52262974,18.81424,-1.0946319e-08,0.0
13.63,0.0,0.19113399,0.6,0.2532515,0.54403585,0.527149,17.908352,1.522238e-09,0.0
13.635,0.0,0.19113399,0.6,0.23845877,0.5473048,0.5314043,16.757513,3.1323488e-08,0.0
13.64,0.0,0.0,0.6,0.2245301,0.5503828,0.53541106,15.379697,-2.4139732e-08,0.0
13.645,0.0,0.0,0.6,0.21141502,0.553281,0.5391838,13.819305,-1.4469396e-07,0.0
13.65,0.0,0.0,0.6,0.19906601,0.55600995,0.5427362,12.137754,-4.801497e-08,0.0
13.655000000000001,0.0,0.0,0.6,0.18743832,0.55857944,0.546081,10.405323,-1.0386275e-07,0.0
13.66,0.31404552,0.0,0.42451632,0.17648983,0.55717766,0.54923046,8.694974,-3.510868e-10,0.0
13.665000000000001,0.31404552,0.0,0.42451632,0.16618085,0.5357966,0.55219597,6.2161875,6.826332e-08,0.0
13.67,0.31404552,0.0,0.42451632,0.15647402,0.5156644,0.55498827,3.114499,3.6958376e-08,0.0
13.675,0.31404552,0.0,0.42451632,0.14733419,0.49670818,0.5576175,0.13770632,-2.4118165e-07,0.0
13.68,0.6,0.0,0.6,0.13872822,0.47707292,0.5600931,5.5901115e-09,8.6107875e-08,0.0
13.685,0.6,0.0,0.6,0.13062494,0.44920653,0.5624241,-7.490627e-09,1.8464569e-08,0.0
13.69,0.6,0.0,0.6,0.122994974,0.42296782,0.564619,-5.717402e-09,-7.969602e-08,0.0
13.695,0.6,0.0,0.6,0.11581069,0.39826176,0.5666857,6.435211e-09,-2.9342445e-08,0.0
13.700000000000001,0.4299629,0.23529433,0.32903504,0.11198106,0.3749988,0.56699157,0.043881316,1.3221591e-08,0.0
13.705,0.4299629,0.23529433,0.32903504,0.12378389,0.35309467,0.5586694,0.22158529,-3.3997996e-08,0.0
13.71,0.4299629,0.23529433,0.32903504,0.13489729,0.33246997,0.55083334,0.47551423,-5.772873e-08,0.0
13.715,0.4299629,0.23529433,0.32903504,0.14536156,0.31305,0.543455,0.89379877,-3.801685e-08,0.0
13.72,0.14409788,0.20329554,0.6,0.15788707,0.29476437,0.5381477,1.5893013,1.1473783e-07,0.0
13.725,0.14409788,0.20329554,0.6,0.1743563,0.27754682,0.54176056,2.5716646,1.5659393e-07,0.0
13.73,0.14409788,0.20329554,0.6,0.19065218,0.261335,0.5451624,3.8042495,-1.219706e-09,0.0
13.735,0.14409788,0.20329554,0.6,0.20676236,0.24607009,0.54836553,5.426671,5.9173033e-08,0.0
13.74,0.41444182,0.3620724,0.6,0.22267461,0.23389585,0.54884917,7.348792,1.121183e-07,0.0
13.745000000000001,0.41444182,0.3620724,0.6,0.23478256,0.23397754,0.53600955,9.3710985,2.313587e-07,0.0
13.75,0.41444182,0.3620724,0.6,0.24618328,0.23405446,0.52391994,11.3555355,8.632082e-08,0.0
13.755,0.41444182,0.3620724,0.6,0.25691807,0.23412688,0.51253647,13.232281,5.7595752e-08,0.0
13.76,0.4625746,0.6,0.6,0.2643542,0.23389602,0.5043503,14.981043,2.9428106e-08,0.0
13.765,0.4625746,0.6,0.6,0.25732988,0.23210861,0.50993735,16.587841,1.7193514e-07,0.0
13.77,0.4625746,0.6,0.6,0.25071585,0.2304256,0.515198,18.403574,9.571359e-08,0.0
13.775,0.4625746,0.6,0.6,0.24448816,0.2288409,0.5201514,20.15876,1.16830684e-07,0.0
13.780000000000001,0.0,0.6,0.5741303,0.24115083,0.22883266,0.52481544,21.573341,8.257951e-08,0.0
13.785,0.0,0.6,0.5741303,0.25127298,0.23661536,0.52920705,22.625633,3.0101962e-08,0.0
13.790000000000001,0.0,0.6,0.5741303,0.26080388,0.24394345,0.5333422,23.246243,7.13029e-08,0.0
13.795,0.0,0.6,0.5741303,0.26977804,0.2508435,0.53723574,23.54133,-8.436021e-08,0.0
13.8,0.0,0.6,0.58519757,0.27867788,0.25956413,0.5409019,23.683878,2.128394e-09,0.0
13.805,0.0,0.6,0.58519757,0.2894195,0.2747205,0.5443539,23.792732,3.2739482e-08,0.0
13.81,0.0,0.6,0.58519757,0.2995337,0.28962708,0.54760426,23.935673,1.594584e-08,0.0
13.815,0.0,0.6,0.58519757,0.30905712,0.30427247,0.5506648,24.099764,-2.6722494e-08,0.0
13.82,0.0,0.6,0.6,0.31370112,0.31864542,0.55330473,24.24651,4.727787e-08,0.0
13.825000000000001,0.0,0.6,0.6,0.29537746,0.33273485,0.5545212,24.32687,-4.14627e-08,0.0
13.83,0.0,0.6,0.6,0.2781241,0.34652987,0.55566657,24.672432,5.260525e-08,0.0
13.835,0.0,0.6,0.6,0.26187852,0.3600198,0.55674505,25.160852,1.2847528e-08,0.0
13.84,0.0,0.6,0.6,0.24658188,0.37319416,0.55786395,25.447691,-2.6461475e-08,0.0
13.845,0.0,0.6,0.6,0.23217873,0.38604268,0.5594605,25.337124,2.9130746e-08,0.0
13.85,0.0,0.6,0.6,0.21861689,0.3985402,0.56096387,24.745583,-1.8422824e-08,0.0
13.855,0.0,0.6,0.6,0.2058472,0.4103077,0.56237936,23.66947,-8.851233e-08,0.0
13.86,0.0,0.23907001,0.6,0.19382341,0.42138785,0.5638505,22.157986,4.4998878e-08,0.0
13.865,0.0,0.23907001,0.6,0.18250196,0.4318208,0.5659621,20.288881,-1.10905276e-07,0.0
13.870000000000001,0.0,0.23907001,0.6,0.1718418,0.44164437,0.56795025,18.149954,2.8736494e-08,0.0
13.875,0.0,0.23907001,0.6,0.16180432,0.45089412,0.5698223,15.833107,-2.9772439e-08,0.0
13.88,0.20287172,0.0,0.28325823,0.15235314,0.45960358,0.571585,13.439074,-1.7500057e-07,0.0
13.885,0.20287172,0.0,0.28325823,0.143454,0.4678043,0.57324475,11.078943,-3.6378253e-08,0.0
13.89,0.20287172,0.0,0.28325823,0.13507468,0.47552603,0.5748076,8.862237,6.4158925e-08,0.0
13.895,0.20287172,0.0,0.28325823,0.1271848,0.4827967,0.5762791,6.8812213,-6.559036e-08,0.0
13.9,0.6,0.1984144,0.36182326,0.119755775,0.4862695,0.5775627,5.202298,2.2374116e-09,0.0
13.905000000000001,0.6,0.1984144,0.36182326,0.11276069,0.47183028,0.57821006,3.8699648,-1.5365611e-08,0.0
13.91,0.6,0.1984144,0.36182326,0.1061742,0.45823446,0.57821006,2.195014,2.809169e-08,0.0
13.915000000000001,0.6,0.1984144,0.36182326,0.099972434,0.4454328,0.57821006,0.19053695,1.6044875e-07,0.0
13.92,0.48958936,0.0,0.293428,0.096028924,0.43114462,0.57652265,-6.3975163e-09,2.3417128e-08,0.0
13.925,0.48958936,0.0,0.293428,0.10226974,0.40596095,0.5593927,8.103801e-09,-4.8945285e-08,0.0
13.93,0.48958936,0.0,0.293428,0.10814602,0.38224828,0.5432633,2.2694437e-08,1.31586315e-08,0.0
13.935,0.48958936,0.0,0.293428,0.11367906,0.3599207,0.5280761,4.0075494e-09,2.3185867e-08,0.0
13.94,0.28345424,0.0,0.54702055,0.12260039,0.34075165,0.5145103,0.0033187168,1.2325536e-07,0.0
13.945,0.28345424,0.0,0.54702055,0.13939455,0.33243755,0.50559163,0.16457875,-4.0541046e-10,0.0
13.950000000000001,0.28345424,0.0,0.54702055,0.1560418,0.3246091,0.49719393,0.6325352,-6.9221656e-08,0.0
13.955,0.28345424,0.0,0.54702055,0.17252958,0.3172379,0.48928678,1.4441265,-3.6518788e-08,0.0
13.96,0.6,0.0,0.6,0.1888454,0.30844295,0.48120227,2.550685,-8.697136e-08,0.0
13.965,0.6,0.0,0.6,0.20497689,0.29042643,0.47023416,3.8632283,4.9334812e-08,0.0
13.97,0.6,0.0,0.6,0.2209118,0.27346227,0.4599067,5.3146744,-4.2181078e-08,0.0
13.975,0.6,0.0,0.6,0.23660558,0.257489,0.45018247,6.8508196,4.998654e-10,0.0
13.98,0.6,0.40669864,0.5746013,0.24945618,0.24244875,0.44339627,8.428945,8.0575894e-08,0.0
13.985,0.6,0.40669864,0.5746013,0.25144204,0.22828703,0.4494491,10.230666,1.0122833e-08,0.0
13.99,0.6,0.40669864,0.5746013,0.2533119,0.2149525,0.45514837,12.175253,1.3805423e-07,0.0
13.995000000000001,0.6,0.40669864,0.5746013,0.25507256,0.20239687,0.46051472,14.059033,9.312382e-08,0.0
14.0,0.0884251,0.6,0.04316894,0.25968874,0.19057462,0.46606275,15.767706,2.3639565e-08,0.0
14.005,0.0884251,0.6,0.04316894,0.2748431,0.17944293,0.4738862,17.266775,4.152975e-08,0.0
14.01,0.0884251,0.6,0.04316894,0.2897476,0.16896145,0.48125264,18.62112,-8.3063484e-10,0.0
14.015,0.0884251,0.6,0.04316894,0.30439082,0.1590922,0.48818883,19.912016,1.176428e-07,0.0
14.02,0.2490193,0.6,0.0,0.3187615,0.15360035,0.4944825,21.192898,8.9525486e-08,0.0
14.025,0.2490193,0.6,0.0,0.33284858,0.16838413,0.49916232,22.496325,1.4402394e-07,0.0
14.030000000000001,0.2490193,0.6,0.0,0.34664115,0.18230437,0.50356877,23.84203,3.1705977e-08,0.0
14.035,0.2490193,0.6,0.0,0.36012855,0.1954115,0.50771785,25.241467,6.0337435e-08,0.0
14.040000000000001,0.3863986,0.6,0.0,0.36935866,0.20955959,0.50665796,26.700361,-1.0609615e-08,0.0
14.045,0.3863986,0.6,0.0,0.352949,0.22543599,0.479585,28.2002,-4.4977035e-08,0.0
14.05,0.3863986,0.6,0.0,0.33749783,0.24110025,0.4540934,30.175587,1.7184254e-07,0.0
14.055,0.3863986,0.6,0.0,0.3229492,0.25654045,0.4300908,32.534943,1.8018635e-07,0.0
14.06,0.31028032,0.6,0.0,0.31075126,0.2717448,0.4070868,34.855373,1.5271199e-07,0.0
14.065,0.31028032,0.6,0.0,0.30714542,0.28670165,0.38330835,36.78818,3.4452093e-08,0.0
14.07,0.31028032,0.6,0.0,0.3037502,0.30139956,0.36091885,38.152588,5.714632e-08,0.0
14.075000000000001,0.31028032,0.6,0.0,0.3005533,0.31582722,0.33983713,38.897625,1.3966751e-08,0.0
14.08,0.20178868,0.6,0.0,0.29882705,0.32997355,0.31998682,39.041504,7.280379e-09,0.0
14.085,0.20178868,0.6,0.0,0.3039422,0.3438276,0.301296,38.65738,-3.0332217e-08,0.0
14.09,0.20178868,0.6,0.0,0.3087586,0.35737866,0.28369692,37.388283,-5.0014926e-08,0.0
14.095,0.20178868,0.6,0.0,0.31329364,0.3706162,0.26712584,35.330284,5.780906e-08,0.0
14.1,0.47073093,0.44578964,0.0,0.3168524,0.3835299,0.2515227,32.85909,-1.75685e-08,0.0
14.105,0.47073093,0.44578964,0.0,0.3164685,0.39610967,0.23683095,30.245497,2.56533e-07,0.0
14.11,0.47073093,0.44578964,0.0,0.31610703,0.40801916,0.22299737,28.169392,3.7101927e-08,0.0
14.115,0.47073093,0.44578964,0.0,0.3157667,0.419233,0.20997182,26.776035,-4.2469523e-08,0.0
14.120000000000001,0.43656522,0.6,0.0,0.3144323,0.4297918,0.1977071,25.856802,-2.0150436e-08,0.0
14.125,0.43656522,0.6,0.0,0.30785266,0.43973386,0.18615879,25.243557,-1.5950105e-08,0.0
14.13,0.43656522,0.6,0.0,0.30165732,0.4490952,0.17528503,24.770048,-1.0234987e-08,0.0
14.135,0.43656522,0.6,0.0,0.29582387,0.45790973,0.16504642,24.306744,-4.603873e-09,0.0
14.14,0.21928379,0.21042235,0.0,0.29284465,0.46476817,0.15540586,23.776108,-1.3480394e-08,0.0
14.145,0.21928379,0.21042235,0.0,0.3032352,0.4636596,0.14632842,23.162296,-3.6636173e-08,0.0
14.15,0.21928379,0.21042235,0.0,0.31301883,0.46261582,0.1377812,21.122307,1.4470084,0.0
14.155000000000001,0.21928379,0.21042235,0.0,0.322231,0.46163297,0.12973323,17.87094,3.9492092,0.0
14.16,0.6,0.2551134,0.0,0.33058575,0.46214876,0.12215536,14.381287,6.390944,0.0
14.165000000000001,0.6,0.2551134,0.0,0.33677614,0.4702008,0.11502012,12.151536,7.11432,0.0
14.17,0.6,0.2551134,0.0,0.34260494,0.47778255,0.108301654,11.423359,5.9100738,0.0
14.175,0.6,0.2551134,0.0,0.34809327,0.48492143,0.10197562,11.69264,3.386217,0.0
14.18,0.58862376,0.13740052,0.18809825,0.35123035,0.4880024,0.096019104,12.514775,0.06591045,0.0
14.185,0.58862376,0.13740052,0.18809825,0.3435232,0.47178861,0.090410516,12.962237,1.548794e-08,0.0
14.19,0.58862376,0.13740052,0.18809825,0.33626622,0.4565219,0.08512953,13.448636,3.840344e-08,0.0
14.195,0.58862376,0.13740052,0.18809825,0.32943314,0.44214693,0.08015701,13.856029,1.9654479e-08,0.0
14.200000000000001,0.36074358,0.19956668,0.49214473,0.32655728,0.4290293,0.07547494,14.212812,1.2333929e-08,0.0
14.205,0.36074358,0.19956668,0.49214473,0.34048346,0.41887066,0.07106636,14.56463,2.6808936e-08,0.0
14.21,0.36074358,0.19956668,0.49214473,0.35410923,0.4093054,0.06691529,14.4289055,0.36888856,0.0
14.215,0.36074358,0.19956668,0.49214473,0.36742404,0.40029886,0.063006684,13.933467,0.87459326,0.0
14.22,0.6,0.5375424,0.35881042,0.3804175,0.39071828,0.061084315,13.497679,1.0473614,0.0
14.225,0.6,0.5375424,0.35881042,0.39257908,0.3759217,0.06850335,13.360209,0.63101375,0.0
14.23,0.6,0.5375424,0.35881042,0.4040303,0.36198938,0.07548904,13.562815,1.2497169e-08,0.0
14.235,0.6,0.5375424,0.35881042,0.41481262,0.34887087,0.08206668,14.056614,3.9998618e-08,0.0
14.24,0.5011695,0.6,0.6,0.4228354,0.3370996,0.09110166,14.974009,7.356267e-08,0.0
14.245000000000001,0.5011695,0.6,0.6,0.41920856,0.32906616,0.1081347,16.2415,1.5921401e-07,0.0
14.25,0.5011695,0.6,0.6,0.41579354,0.32150194,0.12504442,18.35691,1.5572195e-07,0.0
14.255,0.5011695,0.6,0.6,0.412578,0.31437954,0.14181806,21.201742,7.662805e-08,0.0
14.26,0.32983044,0.6,0.6,0.41178632,0.31083184,0.15844297,24.29338,2.2842839e-07,0.0
14.265,0.32983044,0.6,0.6,0.4227801,0.32407427,0.17014667,27.299704,2.3925233e-07,0.0
14.27,0.32983044,0.6,0.6,0.43313172,0.3365432,0.18116675,29.831734,0.14429086,0.0
14.275,0.32983044,0.6,0.6,0.4428787,0.3482838,0.19154313,31.728706,0.7332088,0.0
14.280000000000001,0.26278675,0.59235704,0.6,0.45113268,0.35992235,0.20356752,33.06984,1.6916258,0.0
14.285,0.26278675,0.59235704,0.6,0.4540554,0.37309906,0.21952018,33.943687,2.9172213,0.0
14.290000000000001,0.26278675,0.59235704,0.6,0.4568074,0.38595,0.23526523,34.4032,4.3492446,0.0
14.295,0.26278675,0.59235704,0.6,0.45939866,0.3984529,0.25079066,34.50097,5.9283094,0.0
14.3,0.34692296,0.6,0.6,0.46023723,0.4102255,0.2660846,34.306217,7.55936,0.0
14.305,0.34692296,0.6,0.6,0.45262003,0.42131048,0.2811354,34.017315,8.331865,0.0
14.31,0.34692296,0.6,0.6,0.44544774,0.43174794,0.29593155,34.645977,6.124403,0.0
14.315,0.34692296,0.6,0.6,0.4386944,0.44157577,0.31046164,36.11671,0.51090866,0.0
14.32,0.0,0.6,0.5929034,0.43170893,0.4507581,0.3247145,36.514126,3.055211e-08,0.0
14.325000000000001,0.0,0.6,0.5929034,0.42184198,0.45902908,0.3386792,36.82958,4.179458e-09,0.0
14.33,0.0,0.6,0.5929034,0.41255137,0.46681693,0.35234487,36.994602,-8.021766e-09,0.0
14.335,0.0,0.6,0.5929034,0.40380344,0.47414988,0.36570093,36.911083,2.177731e-08,0.0
14.34,0.0,0.6,0.6,0.3963528,0.48112592,0.378737,36.542263,-3.743523e-08,0.0
14.345,0.0,0.6,0.6,0.39346555,0.4880695,0.3914429,35.898376,8.490619e-09,0.0
14.35,0.0,0.6,0.6,0.39074695,0.4946075,0.40362498,35.039085,-2.6801413e-08,0.0
14.355,0.0,0.6,0.6,0.38818714,0.5007636,0.41509548,34.036995,-6.211068e-08,0.0
14.36,0.0,0.6,0.6,0.38253456,0.5065601,0.42582965,32.95629,-7.0438524e-08,0.0
14.365,0.0,0.6,0.6,0.36019024,0.512018,0.43558863,31.831856,-5.74302e-09,0.0
14.370000000000001,0.0,0.6,0.6,0.33915108,0.51715714,0.44477758,30.584166,-1.3103974e-07,0.0
14.375,0.0,0.6,0.6,0.31934085,0.5219961,0.4534298,29.124657,-6.088108e-08,0.0
14.38,0.0,0.4432198,0.6,0.30068776,0.5265524,0.46164292,27.417412,-1.0889898e-07,0.0
14.385,0.0,0.4432198,0.6,0.28312424,0.53084254,0.46972454,25.466183,-5.051092e-08,0.0
14.39,0.0,0.4432198,0.6,0.2665866,0.5348821,0.47733408,23.306862,-8.1281094e-08,0.0
14.395,0.0,0.4432198,0.6,0.25101495,0.53868574,0.48449916,21.001846,1.2475003e-08,0.0
14.4,0.0,0.0,0.6,0.23635286,0.5422672,0.4912457,18.628223,4.8475727e-08,0.0
14.405000000000001,0.0,0.0,0.6,0.2225472,0.54563946,0.49759817,16.25979,8.76216e-08,0.0
14.41,0.0,0.0,0.6,0.20954795,0.5488147,0.5035796,13.957815,-9.738182e-09,0.0
14.415000000000001,0.0,0.0,0.6,0.197308,0.5518045,0.50921166,11.773511,-1.3164195e-07,0.0
14.42,0.28846112,0.0,0.35479504,0.185783,0.5531544,0.51451474,9.751253,1.4671058e-08,0.0
14.425,0.28846112,0.0,0.35479504,0.17493118,0.546733,0.51950806,7.9346833,-1.3455968e-07,0.0
14.43,0.28846112,0.0,0.35479504,0.16471325,0.54068667,0.5242097,5.5294676,-3.4137642e-08,0.0
14.435,0.28846112,0.0,0.35479504,0.15509215,0.5349935,0.5286367,2.5668907,-7.4421976e-08,0.0
14.44,0.6,0.15046638,0.4858983,0.14603303,0.5254907,0.5328051,-1.3378343e-06,-1.377771e-07,0.0
14.445,0.6,0.15046638,0.4858983,0.13750307,0.49479616,0.53673005,9.826102e-09,-3.106833e-08,0.0
14.450000000000001,0.6,0.15046638,0.4858983,0.12947135,0.46589452,0.5404257,-4.252067e-09,2.0507532e-08,0.0
14.455,0.6,0.15046638,0.4858983,0.12190877,0.43868107,0.5439055,7.706019e-09,6.780551e-08,0.0
14.46,0.47640818,0.19180842,0.0,0.117483824,0.41305718,0.5448904,7.537792e-09,-3.9653646e-08,0.0
14.465,0.47640818,0.19180842,0.0,0.12747082,0.38893002,0.5337867,5.52577e-09,8.0013315e-08,0.0
14.47,0.47640818,0.19180842,0.0,0.13687445,0.36621216,0.5233316,9.7247215e-09,-2.5416194e-08,0.0
14.475,0.47640818,0.19180842,0.0,0.14572881,0.34482127,0.51348716,0.12154376,-1.6722975e-08,0.0
14.48,0.42201433,0.33194387,0.13077225,0.15697755,0.32608607,0.50544304,0.5327374,1.4670501e-08,0.0
14.485,0.42201433,0.33194387,0.13077225,0.17345594,0.3158279,0.5043014,1.3129648,8.239868e-08,0.0
14.49,0.42201433,0.33194387,0.13077225,0.18976167,0.30616894,0.50322646,2.432553,-1.0465132e-08,0.0
14.495000000000001,0.42201433,0.33194387,0.13077225,0.20588237,0.29707417,0.5022143,3.7939382,5.3596256e-08,0.0
14.5,0.6,0.3491958,0.28250748,0.22180581,0.288897,0.49672017,5.2803316,5.162968e-08,0.0
14.505,0.6,0.3491958,0.28250748,0.23667744,0.28322595,0.46770614,6.796027,4.484695e-08,0.0
14.51,0.6,0.3491958,0.28250748,0.2506804,0.27788615,0.44038686,8.274378,1.3952301e-07,0.0
14.515,0.6,0.3491958,0.28250748,0.2638654,0.27285823,0.41466334,9.683854,1.04690734e-07,0.0
14.52,0.6,0.6,0.23420678,0.27577195,0.26943368,0.39166453,11.022182,9.5310796e-08,0.0
14.525,0.6,0.6,0.23420678,0.28431413,0.27308497,0.3764255,12.297351,7.030895e-08,0.0
14.530000000000001,0.6,0.6,0.23420678,0.29235736,0.276523,0.3620766,13.8187065,1.1604253e-07,0.0
14.535,0.6,0.6,0.23420678,0.29993078,0.27976018,0.34856585,15.606111,1.01480616e-07,0.0
14.540000000000001,0.3949546,0.6,0.5713445,0.30872524,0.28296953,0.33726233,17.492052,1.4049104e-07,0.0
14.545,0.3949546,0.6,0.5713445,0.3230121,0.2868379,0.33406404,19.372526,1.1724124e-07,0.0
14.55,0.3949546,0.6,0.5713445,0.33701208,0.29048032,0.33105254,21.208616,6.4626725e-08,0.0
14.555,0.3949546,0.6,0.5713445,0.35071436,0.29390997,0.32821697,22.959719,4.8996917e-08,0.0
14.56,0.15756749,0.6,0.5328726,0.36410826,0.29948324,0.32509562,24.591427,1.1507722e-07,0.0
14.565,0.15756749,0.6,0.5328726,0.37718344,0.31394705,0.3197867,26.08333,1.4295532e-07,0.0
14.57,0.15756749,0.6,0.5328726,0.38992965,0.328131,0.31478786,27.390873,2.3435732e-08,0.0
14.575000000000001,0.15756749,0.6,0.5328726,0.4022001,0.34202406,0.31008103,28.480078,2.3889388e-08,0.0
14.58,0.19018273,0.51119524,0.6,0.41183752,0.35561556,0.30879995,29.345684,9.381539e-08,0.0
14.585,0.19018273,0.51119524,0.6,0.41085136,0.3688949,0.32308537,29.989098,3.5539188e-08,0.0
14.59,0.19018273,0.51119524,0.6,0.4099228,0.38185176,0.33708382,31.035563,6.042122e-08,0.0
14.595,0.19018273,0.51119524,0.6,0.4090485,0.394476,0.35076725,32.516792,9.968828e-08,0.0
14.6,0.4380259,0.6,0.6,0.4060067,0.4064809,0.3632919,34.08187,6.652016e-08,0.0
14.605,0.4380259,0.6,0.6,0.39149505,0.4177846,0.3731973,35.481453,1.6305485e-07,0.0
14.61,0.4380259,0.6,0.6,0.37783104,0.42842802,0.3825241,36.494106,6.86903e-08,0.0
14.615,0.4380259,0.6,0.6,0.36496517,0.43844974,0.39130613,36.980263,2.3304686e-08,0.0
14.620000000000001,0.0,0.6,0.46493813,0.35315564,0.44705614,0.40020257,36.90065,6.818448e-09,0.0
14.625,0.0,0.6,0.46493813,0.34363618,0.4508026,0.41187298,36.28855,3.279198e-10,0.0
14.63,0.0,0.6,0.46493813,0.33467278,0.4543302,0.42286173,35.24657,-5.0140624e-08,0.0
14.635,0.0,0.6,0.46493813,0.32623294,0.45765176,0.43320858,33.89436,8.244155e-08,0.0
14.64,0.0,0.6,0.6,0.3206024,0.46160924,0.44295108,32.33743,-8.1761904e-08,0.0
14.645,0.0,0.6,0.6,0.32746124,0.46969283,0.4521245,30.675108,-2.3419098e-09,0.0
14.65,0.0,0.6,0.6,0.33391947,0.47730422,0.46076208,28.51564,-8.757141e-08,0.0
14.655000000000001,0.0,0.6,0.6,0.34000045,0.48447102,0.46889514,25.926395,-8.692632e-09,0.0
14.66,0.0,0.6,0.6,0.34163254,0.49121922,0.47529086,23.262365,4.8605155e-08,0.0
14.665000000000001,0.0,0.6,0.6,0.3216774,0.49757323,0.47468615,20.757784,9.1248715e-09,0.0
14.67,0.0,0.6,0.6,0.30288783,0.5035561,0.47411674,18.97487,-1.16576956e-07,0.0
14.675,0.0,0.6,0.6,0.28519577,0.5091895,0.4735806,17.894442,-5.5784778e-08,0.0
14.68,0.0,0.39747456,0.6,0.26853713,0.5144938,0.47433805,17.167597,-8.6250076e-08,0.0
14.685,0.0,0.39747456,0.6,0.25285155,0.51948833,0.48167813,16.543543,2.6265348e-10,0.0
14.69,0.0,0.39747456,0.6,0.23808219,0.52419114,0.48858947,15.85364,4.364525e-09,0.0
14.695,0.0,0.39747456,0.6,0.22417551,0.5286192,0.4950971,14.999292,2.7175384e-09,0.0
14.700000000000001,0.0,0.0,0.6,0.21108115,0.5327887,0.50122464,13.941425,-3.2606263e-08,0.0
14.705,0.0,0.0,0.6,0.19875164,0.5367146,0.50699425,12.686931,-2.5920126e-08,0.0
14.71,0.0,0.0,0.6,0.18714231,0.5404112,0.51242685,11.275644,-1.4377531e-07,0.0
14.715,0.0,0.0,0.6,0.1762111,0.54389185,0.5175421,9.768111,-6.1817964e-08,0.0
14.72,0.29432255,0.0,0.42981285,0.1659184,0.5452764,0.5223586,8.235413,-8.5440284e-08,0.0
14.725,0.29432255,0.0,0.42981285,0.1562269,0.5366431,0.52689373,6.759485,-6.914046e-08,0.0
14.73,0.29432255,0.0,0.42981285,0.1471015,0.5285141,0.531164,4.6070094,4.9969945e-08,0.0
14.735,0.29432255,0.0,0.42981285,0.13850912,0.5208599,0.5351848,1.8534881,4.5665647e-08,0.0
14.74,0.6,0.0,0.6,0.13041864,0.5099381,0.5389707,2.063042e-09,-3.4740737e-08,0.0
14.745000000000001,0.6,0.0,0.6,0.12280073,0.480152,0.5425355,-1.419931e-08,2.1739732e-08,0.0
14.75,0.6,0.0,0.6,0.11562779,0.45210576,0.54589206,-1.6850572e-09,-1.5448025e-08,0.0
14.755,0.6,0.0,0.6,0.10887383,0.4256977,0.5490526,4.0727963e-09,-1.460362e-08,0.0
14.76,0.48979113,0.30469447,0.22129555,0.10526505,0.4008322,0.550438,4.434735e-09,-2.4310287e-08,0.0
14.765,0.48979113,0.30469447,0.22129555,0.11630813,0.3774191,0.5433921,1.2859878e-08,-5.675917e-08,0.0
14.77,0.48979113,0.30469447,0.22129555,0.12670617,0.35537362,0.5367578,-7.690132e-09,-2.2858824e-08,0.0
14.775,0.48979113,0.30469447,0.22129555,0.13649684,0.33461583,0.530511,0.111082666,1.236765e-07,0.0
14.780000000000001,0.35857022,0.43455714,0.16394971,0.14857243,0.3150705,0.52621967,0.5008111,-3.7285563e-08,0.0
14.785,0.35857022,0.43455714,0.16394971,0.16513349,0.29666686,0.53052926,1.2595495,4.3548965e-08,0.0
14.790000000000001,0.35857022,0.43455714,0.16394971,0.1815282,0.27933818,0.53458714,2.393434,7.394876e-08,0.0
14.795,0.35857022,0.43455714,0.16394971,0.19774412,0.2630217,0.538408,3.821081,2.1007304e-07,0.0
14.8,0.6,0.4206717,0.32644102,0.21376896,0.2505059,0.53846633,5.635943,1.0444725e-07,0.0
14.805,0.6,0.4206717,0.32644102,0.22959055,0.2536711,0.51994,7.7224426,1.0173474e-07,0.0
14.81,0.6,0.4206717,0.32644102,0.24478918,0.25665146,0.5024958,9.868613,1.270372e-07,0.0
14.815,0.6,0.4206717,0.32644102,0.25910005,0.2594577,0.48607057,11.965669,1.2726281e-07,0.0
14.82,0.6,0.6,0.13575095,0.27134863,0.2633137,0.4700688,13.972825,1.4486866e-07,0.0
14.825000000000001,0.6,0.6,0.13575095,0.27644333,0.27331623,0.45218801,15.872363,8.378797e-08,0.0
14.83,0.6,0.6,0.13575095,0.28124046,0.2827345,0.43535167,17.623703,4.051913e-08,0.0
14.835,0.6,0.6,0.13575095,0.2857574,0.29160267,0.41949874,19.195562,2.4097355e-07,0.0
14.84,0.44689563,0.6,0.0,0.29226685,0.29982305,0.40609044,20.558828,9.863513e-08,0.0
14.845,0.44689563,0.6,0.0,0.30686432,0.30688196,0.40143803,21.681122,1.5884844e-08,0.0
14.85,0.44689563,0.6,0.0,0.32118735,0.31352857,0.39705735,22.596895,5.0682807e-08,0.0
14.855,0.44689563,0.6,0.0,0.3352249,0.31978694,0.39293256,23.368557,-3.680176e-09,0.0
14.86,0.50413424,0.6,0.14538485,0.34896612,0.3273557,0.38726658,24.048105,5.9322545e-08,0.0
14.865,0.50413424,0.6,0.14538485,0.36240035,0.34126514,0.37257525,24.671015,1.9296005e-08,0.0
14.870000000000001,0.50413424,0.6,0.14538485,0.37551716,0.35487354,0.35874206,25.234297,-2.2342686e-08,0.0
14.875,0.50413424,0.6,0.14538485,0.38830632,0.36817038,0.34571686,25.726686,3.2795555e-09,0.0
14.88,0.58122337,0.6,0.6,0.39924073,0.3811453,0.3321838,26.147835,1.6013872e-09,0.0
14.885,0.58122337,0.6,0.6,0.4020243,0.39378813,0.31278056,26.495844,1.7753832e-08,0.0
14.89,0.58122337,0.6,0.6,0.4046453,0.4058332,0.29451066,26.73319,-2.834421e-08,0.0
14.895,0.58122337,0.6,0.6,0.4071132,0.41717473,0.27730793,26.825956,3.97869e-08,0.0
14.9,0.24613038,0.44602945,0.6,0.40997186,0.42785376,0.26246879,26.765842,1.3505967e-08,0.0
14.905000000000001,0.24613038,0.44602945,0.6,0.415472,0.43790904,0.25562978,26.565086,-1.541005e-08,0.0
14.91,0.24613038,0.44602945,0.6,0.42065087,0.44737697,0.24919024,26.260433,-1.2926609e-09,0.0
14.915000000000001,0.24613038,0.44602945,0.6,0.42552724,0.45629185,0.24312684,25.893473,1.4437464e-08,0.0
14.92,0.13711737,0.54511994,0.6,0.43083924,0.46468604,0.24166635,25.498568,3.81868e-08,0.0
14.925,0.13711737,0.54511994,0.6,0.43962336,0.47258988,0.25709817,25.105894,-1.7727991e-09,0.0
14.93,0.13711737,0.54511994,0.6,0.4478944,0.48003206,0.27229372,24.75845,8.717694e-09,0.0
14.935,0.13711737,0.54511994,0.6,0.4556823,0.48703954,0.28724134,24.490156,-1.6999564e-08,0.0
14.94,0.34337205,0.6,0.56902075,0.4598836,0.4921987,0.30192962,24.314295,-6.6454664e-09,0.0
14.945,0.34337205,0.6,0.56902075,0.447398,0.4895019,0.31634724,24.220402,-6.6250156e-09,0.0
14.950000000000001,0.34337205,0.6,0.56902075,0.4356417,0.48696262,0.3304831,24.07631,-1.8354832e-08,0.0
14.955,0.34337205,0.6,0.56902075,0.4245721,0.48457167,0.34432632,23.79315,-9.295094e-09,0.0
14.96,0.0,0.6,0.5311996,0.4131303,0.48324645,0.35786614,23.354712,-1.9599533e-08,0.0
14.965,0.0,0.6,0.5311996,0.39700806,0.48686054,0.37109208,22.75768,-2.318041e-08,0.0
14.97,0.0,0.6,0.5311996,0.38182753,0.49026355,0.3839938,22.724644,3.5796955e-08,0.0
14.975,0.0,0.6,0.5311996,0.3675337,0.49346778,0.39656124,23.286995,6.491993e-08,0.0
14.98,0.0,0.6,0.6,0.35600242,0.49699774,0.40815482,24.028225,8.736365e-08,0.0
14.985,0.0,0.6,0.6,0.35526466,0.5030142,0.4175512,24.678446,3.739148e-08,0.0
14.99,0.0,0.6,0.6,0.35457,0.5086793,0.4263987,25.136303,3.7326777e-09,0.0
14.995000000000001,0.0,0.6,0.6,0.35391593,0.5140134,0.43472943,25.383488,3.5005154e-09,0.0
15.0,0.0,0.6,0.6,0.35009095,0.519036,0.44222006,25.430058,1.302569e-08,0.0
15.005,0.0,0.6,0.6,0.3296417,0.5237652,0.44741747,25.282347,-2.0410171e-09,0.0
15.01,0.0,0.6,0.6,0.31038693,0.52821815,0.45231128,24.844912,-2.84047e-09,0.0
15.015,0.0,0.6,0.6,0.29225686,0.53241104,0.45691925,24.03324,-2.7887618e-08,0.0
15.02,0.0,0.2815231,0.6,0.2751858,0.536359,0.46190104,22.835522,-6.359019e-08,0.0
15.025,0.0,0.2815231,0.6,0.25911185,0.5400764,0.46996757,21.290524,4.90257e-08,0.0
15.030000000000001,0.0,0.2815231,0.6,0.24397682,0.5435766,0.47756293,19.469606,-2.1307652e-07,0.0
15.035,0.0,0.2815231,0.6,0.22972584,0.5468724,0.48471463,17.459686,-7.828258e-08,0.0
15.040000000000001,0.0,0.0,0.6,0.21630727,0.54997563,0.49144858,15.347449,-4.427717e-08,0.0
15.045,0.0,0.0,0.6,0.2036725,0.55289763,0.4977892,13.213131,-9.781267e-09,0.0
15.05,0.0,0.0,0.6,0.19177574,0.5556489,0.50375944,11.130877,-7.021662e-08,0.0
15.055,0.0,0.0,0.6,0.18057388,0.5582395,0.509381,9.167743,-4.7022368e-08,0.0
15.06,0.41183117,0.0,0.19872685,0.17002635,0.55770236,0.5146742,7.3824224,9.7357535e-08,0.0
15.065,0.41183117,0.0,0.19872685,0.1600949,0.5415704,0.51965815,4.957404,-8.24177e-08,0.0
15.07,0.41183117,0.0,0.19872685,0.15074356,0.5263807,0.524351,1.9888607,-3.1957308e-07,0.0
15.075000000000001,0.41183117,0.0,0.19872685,0.14193845,0.5120783,0.52876973,-6.1964975e-09,3.779342e-08,0.0
15.08,0.6,0.1995739,0.44075707,0.13364765,0.49598023,0.5329304,1.789048e-08,1.4963327e-08,0.0
15.085,0.6,0.1995739,0.44075707,0.12584113,0.46700943,0.536848,1.0676473e-08,-1.350095e-08,0.0
15.09,0.6,0.1995739,0.44075707,0.11849059,0.43973085,0.5405368,2.2150422e-11,-5.498796e-09,0.0
15.095,0.6,0.1995739,0.44075707,0.11156941,0.41404563,0.54401016,2.395514e-08,4.5023363e-08,0.0
15.1,0.4274385,0.2882974,0.07923791,0.1089014,0.38986072,0.5435304,2.0094399e-08,-3.3018463e-08,0.0
15.105,0.4274385,0.2882974,0.07923791,0.12580523,0.3670885,0.52339,0.027180854,1.10977055e-07,0.0
15.11,0.4274385,0.2882974,0.07923791,0.14251235,0.3456464,0.504426,0.10022402,5.0202946e-08,0.0
15.115,0.4274385,0.2882974,0.07923791,0.1582436,0.3254568,0.48656973,0.41854733,-5.7816137e-11,0.0
15.120000000000001,0.3012024,0.25719658,0.28571078,0.17470922,0.30831164,0.47201845,1.1544065,-1.954909e-08,0.0
15.125,0.3012024,0.25719658,0.28571078,0.19100122,0.30196014,0.47019243,2.3163438,1.2405588e-08,0.0
15.13,0.3012024,0.25719658,0.28571078,0.20710728,0.29597965,0.46847308,3.770841,1.2388332e-07,0.0
15.135,0.3012024,0.25719658,0.28571078,0.22301513,0.29034847,0.46685416,5.349429,3.028029e-08,0.0
15.14,0.6,0.33702815,0.34648824,0.2387127,0.2858754,0.4619511,6.926656,3.203642e-08,0.0
15.145,0.6,0.33702815,0.34648824,0.2497364,0.28601688,0.43959635,8.433201,4.7014737e-08,0.0
15.15,0.6,0.33702815,0.34648824,0.2601162,0.2861501,0.4185474,10.152609,3.5724884e-08,0.0
15.155000000000001,0.6,0.33702815,0.34648824,0.26988968,0.28627554,0.39872792,12.100021,2.2467259e-07,0.0
15.16,0.6,0.6,0.50280684,0.27791253,0.28610298,0.38199577,14.111387,6.812933e-08,0.0
15.165000000000001,0.6,0.6,0.50280684,0.2792729,0.28441453,0.37637165,15.663071,3.9427754e-08,0.0
15.17,0.6,0.6,0.50280684,0.28055385,0.2828247,0.37107605,16.60521,-9.809567e-09,0.0
15.175,0.6,0.6,0.50280684,0.28175995,0.28132772,0.36608976,17.083313,-1.2251842e-08,0.0
15.18,0.4076377,0.6,0.6,0.2856881,0.2806643,0.36196274,17.234941,-1.6633601e-08,0.0
15.185,0.4076377,0.6,0.6,0.30040407,0.2839566,0.36105886,17.189634,-1.0718433e-08,0.0
15.19,0.4076377,0.6,0.6,0.31485057,0.28705657,0.36020777,17.533648,-1.9494843e-08,0.0
15.195,0.4076377,0.6,0.6,0.32901645,0.28997546,0.35940638,18.438375,-1.5417817e-09,0.0
15.200000000000001,0.21068239,0.5259425,0.6,0.3428908,0.29518154,0.36011273,19.748442,1.1457478e-07,0.0
15.205,0.21068239,0.5259425,0.6,0.3564629,0.3097255,0.36844766,21.302862,1.3313951e-07,0.0
15.21,0.21068239,0.5259425,0.6,0.3697222,0.32399282,0.37629575,22.92069,9.493799e-08,0.0
15.215,0.21068239,0.5259425,0.6,0.38265833,0.3379725,0.3836854,24.453001,1.3409564e-08,0.0
15.22,0.24595457,0.6,0.6,0.39355573,0.3516537,0.3915518,25.808683,1.6684675e-08,0.0
15.225,0.24595457,0.6,0.6,0.39437827,0.36502585,0.4037275,26.93697,3.833847e-08,0.0
15.23,0.24595457,0.6,0.6,0.39515278,0.37807852,0.415192,27.774595,6.127379e-08,0.0
15.235,0.24595457,0.6,0.6,0.39588204,0.39080152,0.42598686,28.283491,6.74024e-10,0.0
15.24,0.40479788,0.6,0.6,0.394728,0.40232894,0.43615118,28.466663,1.70778e-08,0.0
15.245000000000001,0.40479788,0.6,0.6,0.38397768,0.40954936,0.44572178,28.981308,6.853792e-08,0.0
15.25,0.40479788,0.6,0.6,0.3738553,0.416348,0.45473334,29.876698,2.5357153e-08,0.0
15.255,0.40479788,0.6,0.6,0.36432415,0.42274955,0.46321854,30.815329,1.125737e-07,0.0
15.26,0.0,0.6,0.41829813,0.3556794,0.4294693,0.47120813,31.5816,8.31419e-08,0.0
15.265,0.0,0.6,0.41829813,0.34927022,0.4394302,0.478731,32.052845,-4.005232e-08,0.0
15.27,0.0,0.6,0.41829813,0.34323543,0.4488093,0.48581448,32.171406,1.0267595e-08,0.0
15.275,0.0,0.6,0.41829813,0.33755314,0.45764053,0.4924842,31.929695,-1.0409832e-08,0.0
15.280000000000001,0.0,0.6,0.5977303,0.33368728,0.4659559,0.49876434,31.356232,-1.874339e-08,0.0
15.285,0.0,0.6,0.5977303,0.33784094,0.47378558,0.50467765,30.510624,5.6529146e-08,0.0
15.290000000000001,0.0,0.6,0.5977303,0.341752,0.48115793,0.51024556,28.962378,-2.2815586e-08,0.0
15.295,0.0,0.6,0.5977303,0.34543458,0.48809963,0.5154882,26.775532,-3.8012594e-08,0.0
15.3,0.0,0.6,0.6,0.3451189,0.49463588,0.51872647,24.327335,6.576361e-09,0.0
15.305,0.0,0.6,0.6,0.3249601,0.5007903,0.5128603,22.44084,7.651715e-08,0.0
15.31,0.0,0.6,0.6,0.3059788,0.50658524,0.5073368,21.205254,-1.182584e-07,0.0
15.315,0.0,0.6,0.6,0.2881062,0.5120417,0.50213593,20.283895,-1.7882518e-07,0.0
15.32,0.0,0.39504603,0.6,0.27127758,0.5171794,0.4989158,19.441387,-1.15525e-08,0.0
15.325000000000001,0.0,0.39504603,0.6,0.25543192,0.52201706,0.50468767,18.525446,6.3308164e-08,0.0
15.33,0.0,0.39504603,0.6,0.24051183,0.52657217,0.5101224,17.456142,-1.2259237e-07,0.0
15.335,0.0,0.39504603,0.6,0.22646324,0.5308612,0.5152397,16.202257,1.6838907e-08,0.0
15.34,0.0,0.0,0.6,0.21323526,0.53489965,0.5200793,14.769462,-1.0897127e-07,0.0
15.345,0.0,0.0,0.6,0.20077993,0.53870225,0.5247476,13.191596,5.8445888e-08,0.0
15.35,0.0,0.0,0.6,0.18905213,0.5422827,0.5291432,11.521638,1.2879475e-08,0.0
15.355,0.0,0.0,0.6,0.17800938,0.54565406,0.53328204,9.823874,-1.07275284e-07,0.0
15.36,0.32248574,0.0,0.29604664,0.16761163,0.546913,0.5371791,8.167659,7.566181e-09,0.0
15.365,0.32248574,0.0,0.29604664,0.15782124,0.5380423,0.54084855,6.627755,6.8854334e-08,0.0
15.370000000000001,0.32248574,0.0,0.29604664,0.14860271,0.5296897,0.54430366,4.458809,1.4590431e-07,0.0
15.375,0.32248574,0.0,0.29604664,0.13992265,0.521825,0.54755694,1.7249447,-7.2419404e-08,0.0
15.38,0.6,0.009042889,0.43505102,0.1317496,0.5107277,0.5506202,-1.2804594e-09,4.2173134e-08,0.0
15.385,0.6,0.009042889,0.43505102,0.12405395,0.4808955,0.5535045,-1.024288e-08,-6.7001396e-09,0.0
15.39,0.6,0.009042889,0.43505102,0.1168078,0.45280582,0.5562204,-3.3204848e-09,1.0692579e-08,0.0
15.395,0.6,0.009042889,0.43505102,0.10998492,0.42635688,0.55877763,1.715282e-08,3.1665932e-09,0.0
15.4,0.45589152,0.1334545,0.035675365,0.10657445,0.40145287,0.5583448,1.8351276e-08,3.6423256e-08,0.0
15.405000000000001,0.45589152,0.1334545,0.035675365,0.119186096,0.3780035,0.54302365,-1.6003105e-08,-1.9616719e-08,0.0
15.41,0.45589152,0.1334545,0.035675365,0.13106108,0.35592386,0.5285974,3.0896958e-09,9.749645e-09,0.0
15.415000000000001,0.45589152,0.1334545,0.035675365,0.14224243,0.3351339,0.5150138,0.13674897,4.004737e-08,0.0
15.42,0.26627505,0.070536524,0.22762215,0.15536426,0.31564283,0.50352275,0.5875894,-9.841294e-09,0.0
15.425,0.26627505,0.070536524,0.22762215,0.1718588,0.29773396,0.49952322,1.4317755,-3.9213184e-08,0.0
15.43,0.26627505,0.070536524,0.22762215,0.18818189,0.28087115,0.4957573,2.648577,3.3813343e-08,0.0
15.435,0.26627505,0.070536524,0.22762215,0.20432115,0.26499334,0.49221137,4.1390157,1.1412776e-07,0.0
15.44,0.6,0.12639596,0.31316072,0.22026433,0.25120568,0.4851401,5.7732844,1.1782817e-07,0.0
15.445,0.6,0.12639596,0.31316072,0.2340276,0.2443277,0.4588863,7.656804,7.761682e-08,0.0
15.450000000000001,0.6,0.12639596,0.31316072,0.24698694,0.23785146,0.43416604,9.722046,-1.6008944e-08,0.0
15.455,0.6,0.12639596,0.31316072,0.2591893,0.2317535,0.41088971,11.809636,1.4376464e-07,0.0
15.46,0.6,0.44258884,0.17834154,0.2689068,0.22542372,0.3907669,13.833982,2.9530305e-09,0.0
15.465,0.6,0.44258884,0.17834154,0.26875308,0.21637657,0.38123742,15.745226,7.9848796e-08,0.0
15.47,0.6,0.44258884,0.17834154,0.26860833,0.20785788,0.37226456,17.914585,3.1178836e-08,0.0
15.475,0.6,0.44258884,0.17834154,0.26847205,0.19983678,0.3638158,20.327915,1.0347161e-07,0.0
15.48,0.17417511,0.4945438,0.0,0.27146265,0.19280624,0.35666,22.737778,1.4215088e-07,0.0
15.485000000000001,0.17417511,0.4945438,0.0,0.28642425,0.18892714,0.35411915,24.561152,1.13125886e-07,0.0
15.49,0.17417511,0.4945438,0.0,0.3011271,0.18527462,0.3517267,25.757298,1.6041645e-07,0.0
15.495000000000001,0.17417511,0.4945438,0.0,0.31555992,0.18183544,0.349474,26.604336,8.554469e-08,0.0
15.5,0.31503624,0.6,0.0,0.32971162,0.18155223,0.3460929,27.301031,5.1691785e-08,0.0
15.505,0.31503624,0.6,0.0,0.34357125,0.1967997,0.33629435,27.980232,2.634951e-08,0.0
15.51,0.31503624,0.6,0.0,0.35712808,0.21115653,0.32706815,28.72583,3.5290701e-09,0.0
15.515,0.31503624,0.6,0.0,0.37037158,0.22467478,0.31838086,29.58499,-3.512109e-09,0.0
15.52,0.3961919,0.6,0.0,0.3798048,0.23788896,0.30853426,30.578884,1.0668794e-07,0.0
15.525,0.3961919,0.6,0.0,0.3677937,0.25288048,0.2905124,31.695232,3.556687e-08,0.0
15.530000000000001,0.3961919,0.6,0.0,0.3564842,0.26699632,0.27354324,33.38363,1.0983367e-07,0.0
15.535,0.3961919,0.6,0.0,0.3458353,0.28028765,0.25756526,35.468723,8.750122e-08,0.0
15.540000000000001,0.34025967,0.5669763,0.0,0.33712488,0.2937882,0.24252056,37.46403,1.4494915e-07,0.0
15.545,0.34025967,0.5669763,0.0,0.33583465,0.30835783,0.22835463,39.06463,1.103131e-07,0.0
15.55,0.34025967,0.5669763,0.0,0.3346198,0.32265186,0.21501616,40.143955,7.077407e-08,0.0
15.555,0.34025967,0.5669763,0.0,0.3334759,0.33665928,0.2024568,40.68413,1.3743674e-08,0.0
15.56,0.30787575,0.6,0.0,0.33315727,0.35036924,0.19063106,40.67907,0.25249833,0.0
15.565,0.30787575,0.6,0.0,0.3368392,0.36377114,0.17949606,40.213547,0.8015132,0.0
15.57,0.30787575,0.6,0.0,0.34030607,0.37685454,0.16901149,38.767498,2.2191238,0.0
15.575000000000001,0.30787575,0.6,0.0,0.34357044,0.38960925,0.15913932,36.489117,4.310692,0.0
15.58,0.4343214,0.6,0.0,0.3461214,0.40158978,0.1498438,33.87033,6.508139,0.0
15.585,0.4343214,0.6,0.0,0.345779,0.4112502,0.14109124,31.224516,8.459117,0.0
15.59,0.4343214,0.6,0.0,0.3454566,0.42034635,0.13284993,29.413994,9.216601,0.0
15.595,0.4343214,0.6,0.0,0.34515303,0.42891118,0.12509,28.503668,8.746769,0.0
15.6,0.2330211,0.44649827,0.0,0.34456456,0.43728435,0.117783345,28.120708,7.491365,0.0
15.605,0.2330211,0.44649827,0.0,0.34242153,0.44678876,0.11090348,28.005798,5.753384,0.0
15.610000000000001,0.2330211,0.44649827,0.0,0.34040368,0.455738,0.104425475,27.967466,3.752948,0.0
15.615,0.2330211,0.44649827,0.0,0.3385037,0.46416453,0.098325856,27.883509,1.6281719,0.0
15.620000000000001,0.44938383,0.3245523,0.0,0.3378964,0.47209883,0.092582524,27.589191,3.7409297e-08,0.0
15.625,0.44938383,0.3245523,0.0,0.34352872,0.4795697,0.08717467,26.970339,-2.2519721e-08,0.0
15.63,0.44938383,0.3245523,0.0,0.34883204,0.48660418,0.08208269,25.766998,0.55380344,0.0
15.635,0.44938383,0.3245523,0.0,0.35382557,0.49322778,0.077288136,24.035429,1.4391727,0.0
15.64,0.24974957,0.0,0.10766502,0.35664612,0.4980299,0.07277364,22.173805,2.2022672,0.0
15.645,0.24974957,0.0,0.10766502,0.34942502,0.49501985,0.06852285,20.431454,2.5679712,0.0
15.65,0.24974957,0.0,0.10766502,0.34262574,0.49218565,0.064520344,18.656109,2.7157001,0.0
15.655000000000001,0.24974957,0.0,0.10766502,0.3362236,0.489517,0.06075163,16.884762,2.6069963,0.0
15.66,0.48275787,0.106963046,0.53260446,0.3322175,0.48586455,0.057203054,15.270722,2.076913,0.0
15.665000000000001,0.48275787,0.106963046,0.53260446,0.33906135,0.4764421,0.053861756,13.919099,1.0185819,0.0
15.67,0.48275787,0.106963046,0.53260446,0.34550542,0.46757004,0.050715625,12.327948,0.004746754,0.0
15.675,0.48275787,0.106963046,0.53260446,0.35157308,0.4592162,0.047753263,10.457417,0.007041908,0.0
15.68,0.6,0.18674539,0.6,0.3554206,0.44831714,0.045970153,8.912962,-8.451943e-08,0.0
15.685,0.6,0.18674539,0.6,0.34924823,0.4221304,0.049573824,7.910928,-2.1252346e-08,0.0
15.69,0.6,0.18674539,0.6,0.3434364,0.39747325,0.052967,8.120129,2.8856096e-08,0.0
15.695,0.6,0.18674539,0.6,0.33796403,0.37425634,0.056161977,9.541063,1.03288635e-07,0.0
15.700000000000001,0.17940775,0.31195477,0.51913184,0.33498895,0.35339522,0.063141726,11.706858,1.3304904e-07,0.0
15.705,0.17940775,0.31195477,0.51913184,0.3436203,0.33900082,0.080348074,14.221493,2.071894e-07,0.0
15.71,0.17940775,0.31195477,0.51913184,0.35174748,0.3254472,0.09745201,16.23539,0.3278376,0.0
15.715,0.17940775,0.31195477,0.51913184,0.35939994,0.31268528,0.11444066,17.577871,1.1318184,0.0
15.72,0.6,0.34447154,0.23404263,0.36770114,0.30141443,0.13130122,18.559666,2.0629256,0.0
15.725,0.6,0.34447154,0.23404263,0.3806877,0.29471648,0.14802101,19.403215,2.873225,0.0
15.73,0.6,0.34447154,0.23404263,0.39334258,0.28840977,0.16458738,20.25432,3.4064012,0.0
15.735000000000001,0.6,0.34447154,0.23404263,0.4054137,0.28247142,0.18098779,21.195549,3.5802007,0.0
15.74,0.3756666,0.29631257,0.2705072,0.41284895,0.27805012,0.19720984,22.261005,3.367927,0.0
15.745000000000001,0.3756666,0.29631257,0.2705072,0.39921337,0.28003055,0.2132412,23.420885,2.8141692,0.0
15.75,0.3756666,0.29631257,0.2705072,0.38637426,0.28189528,0.22906972,25.818853,0.6536151,0.0
15.755,0.3756666,0.29631257,0.2705072,0.3742851,0.28365108,0.24468334,28.74686,3.311472e-07,0.0
15.76,0.36116838,0.44441605,0.0,0.36683285,0.28560823,0.25804982,31.871252,2.6299278e-07,0.0
15.765,0.36116838,0.44441605,0.0,0.37984097,0.2890465,0.25664753,34.90531,2.7372255e-07,0.0
15.77,0.36116838,0.44441605,0.0,0.39251804,0.29228395,0.25532714,37.085594,9.2825125e-08,0.0
15.775,0.36116838,0.44441605,0.0,0.4046373,0.29533228,0.25408387,38.297398,5.1639333e-08,0.0
15.780000000000001,0.53432906,0.44632027,0.0,0.4139521,0.29775247,0.25325403,38.837063,4.6048045e-09,0.0
15.785,0.53432906,0.44632027,0.0,0.4117158,0.29766837,0.2542618,38.94104,6.735305e-11,0.0
15.790000000000001,0.53432906,0.44632027,0.0,0.40961012,0.29758918,0.2552107,38.927666,-5.5764464e-09,0.0
15.795,0.53432906,0.44632027,0.0,0.40762743,0.29751462,0.25610417,38.909634,5.7355565e-09,0.0
15.8,0.5508083,0.513098,0.09738547,0.40562508,0.29882854,0.25441736,38.872948,-4.6866457e-09,0.0
15.805,0.5508083,0.513098,0.09738547,0.4030283,0.3073325,0.23955654,39.29151,3.1225937e-08,0.0
15.81,0.5508083,0.513098,0.09738547,0.4005832,0.3153397,0.22556375,40.16043,8.297157e-08,0.0
15.815,0.5508083,0.513098,0.09738547,0.39828095,0.32287923,0.21238829,41.177174,4.717586e-08,0.0
15.82,0.44810095,0.6,0.0,0.39773148,0.32999614,0.19998243,42.13926,4.36365e-08,0.0
15.825000000000001,0.44810095,0.6,0.0,0.4057103,0.33679077,0.18830122,42.934105,6.109154e-08,0.0
15.83,0.44810095,0.6,0.0,0.4132231,0.34318852,0.17730232,42.76902,0.82575035,0.0
15.835,0.44810095,0.6,0.0,0.42029703,0.3492126,0.16694587,41.67888,2.454778,0.0
15.84,0.46687847,0.6,0.0,0.42711177,0.35550886,0.15810451,40.157642,4.3163786,0.0
15.845,0.46687847,0.6,0.0,0.43433705,0.36471385,0.15455784,38.529564,6.044476,0.0
15.85,0.46687847,0.6,0.0,0.44114026,0.37338114,0.15121832,36.980618,7.4371247,0.0
15.855,0.46687847,0.6,0.0,0.4475461,0.38154218,0.14807388,35.608322,8.395882,0.0
15.860000000000001,0.49170563,0.51345813,0.0,0.45261788,0.39003867,0.14420296,34.45582,8.884611,0.0
15.865,0.49170563,0.51345813,0.0,0.45235404,0.40230277,0.13577989,33.519737,8.918731,0.0
15.870000000000001,0.49170563,0.51345813,0.0,0.4521056,0.41385052,0.12784882,33.60852,7.6146045,0.0
15.875,0.49170563,0.51345813,0.0,0.4518717,0.42472374,0.12038101,34.616833,5.123614,0.0
15.88,0.5722443,0.5913584,0.0,0.45182693,0.43496186,0.11334941,35.96785,2.1075616,0.0
15.885,0.5722443,0.5913584,0.0,0.4527061,0.44460192,0.10672853,37.113106,6.411496e-08,0.0
15.89,0.5722443,0.5913584,0.0,0.45353392,0.4536789,0.10049439,36.986416,0.77395606,0.0
15.895,0.5722443,0.5913584,0.0,0.4543134,0.4622257,0.09462439,35.923344,2.350566,0.0
15.9,0.40045568,0.44868177,0.0,0.45527938,0.46946448,0.08909727,34.35341,4.2302637,0.0
15.905000000000001,0.40045568,0.44868177,0.0,0.4574071,0.47203422,0.083892986,32.58425,6.0627685,0.0
15.91,0.40045568,0.44868177,0.0,0.45941052,0.47445384,0.078992695,30.854555,7.584778,0.0
15.915000000000001,0.40045568,0.44868177,0.0,0.46129692,0.47673213,0.07437864,29.322432,8.630168,0.0
15.92,0.5012065,0.5052631,0.34047848,0.46382582,0.47960538,0.070034094,28.06576,9.125894,0.0
15.925,0.5012065,0.5052631,0.34047848,0.47015867,0.486133,0.065943316,27.105219,9.063315,0.0
15.93,0.5012065,0.5052631,0.34047848,0.4761216,0.49227935,0.06209149,26.426235,8.471858,0.0
15.935,0.5012065,0.5052631,0.34047848,0.48173624,0.4980667,0.05846465,25.993193,7.4024725,0.0
15.94,0.46634948,0.5068432,0.6,0.48541743,0.50218254,0.055049658,25.758028,5.917725,0.0
15.945,0.46634948,0.5068432,0.6,0.4804547,0.4990575,0.05183414,25.667173,4.084279,0.0
15.950000000000001,0.46634948,0.5068432,0.6,0.47578186,0.496115,0.048806444,25.62378,2.0151205,0.0
15.955,0.46634948,0.5068432,0.6,0.47138196,0.49334437,0.0459556,25.52977,-9.7567934e-08,0.0
15.96,0.22707073,0.49193075,0.6,0.46818066,0.49126437,0.04645332,25.095694,-1.8021419e-08,0.0
15.965,0.22707073,0.49193075,0.6,0.47010973,0.49208206,0.06362768,24.775787,1.8582949e-09,0.0
15.97,0.22707073,0.49193075,0.6,0.47192612,0.49285197,0.07979888,24.598171,-1.1148039e-09,0.0
15.975,0.22707073,0.49193075,0.6,0.47363642,0.4935769,0.09502549,24.558123,-1.3796864e-09,0.0
15.98,0.2050399,0.5409711,0.6,0.47492105,0.4942743,0.11178813,24.621012,1.0736909e-08,0.0
15.985000000000001,0.2050399,0.5409711,0.6,0.47442037,0.49500847,0.1286696,24.751942,-1.2737879e-09,0.0
15.99,0.2050399,0.5409711,0.6,0.47394893,0.49569976,0.14541227,25.66418,8.750848e-08,0.0
15.995000000000001,0.2050399,0.5409711,0.6,0.47350502,0.49635068,0.16200349,27.381725,8.302086e-08,0.0
16.0,0.4123135,0.6,0.6,0.4708508,0.49682418,0.1784307,29.459244,1.3516815e-07,0.0
16.005,0.4123135,0.6,0.6,0.4566113,0.49653834,0.1946815,31.558826,1.2841825e-07,0.0
16.01,0.4123135,0.6,0.6,0.44320357,0.4962692,0.21074353,32.421913,1.0770003,0.0
16.015,0.4123135,0.6,0.6,0.43057898,0.4960158,0.22660461,31.841364,3.5016725,0.0
16.02,0.104857355,0.6,0.6,0.4184859,0.4962355,0.24225268,30.346024,6.651408,0.0
16.025,0.104857355,0.6,0.6,0.40601826,0.49884856,0.2576758,29.305502,8.989902,0.0
16.03,0.104857355,0.6,0.6,0.39427885,0.501309,0.2728622,29.08009,9.5433655,0.0
16.035,0.104857355,0.6,0.6,0.38322517,0.5036257,0.28780025,29.375303,7.7295165,0.0
16.04,0.0,0.6,0.6,0.37475428,0.50635874,0.30247852,29.904352,3.3069081,0.0
16.045,0.0,0.6,0.6,0.37694815,0.5118284,0.3168857,29.780838,1.1045042e-08,0.0
16.05,0.0,0.6,0.6,0.37901387,0.5169786,0.33101073,28.365892,5.8068522e-08,0.0
16.055,0.0,0.6,0.6,0.38095894,0.521828,0.3448427,26.359615,-7.03123e-08,0.0
16.06,0.0,0.6,0.6,0.37991697,0.5263941,0.35837087,24.118359,-5.970606e-08,0.0
16.065,0.0,0.6,0.6,0.3638504,0.53069353,0.37158477,22.503359,-6.201076e-08,0.0
16.07,0.0,0.6,0.6,0.3487223,0.5347418,0.38447407,21.630314,5.1376347e-08,0.0
16.075,0.0,0.6,0.6,0.33447787,0.53855366,0.39702868,21.153913,-2.8842774e-08,0.0
16.080000000000002,0.0,0.35997596,0.6,0.3200855,0.5421428,0.4088845,20.81961,6.37528e-09,0.0
16.085,0.0,0.35997596,0.6,0.30138892,0.54552233,0.4200478,20.449007,-3.644652e-09,0.0
16.09,0.0,0.35997596,0.6,0.28378442,0.54870445,0.430559,19.899157,-3.2385103e-08,0.0
16.095,0.0,0.35997596,0.6,0.26720822,0.5517007,0.44045627,19.08455,-6.619162e-08,0.0
16.1,0.0,0.065366276,0.6,0.25160027,0.5545219,0.44977543,17.984005,-1.2284169e-08,0.0
16.105,0.0,0.065366276,0.6,0.236904,0.5571784,0.4585502,16.62119,1.8549287e-08,0.0
16.11,0.0,0.065366276,0.6,0.22306615,0.5596796,0.46681246,15.047266,5.929587e-10,0.0
16.115000000000002,0.0,0.065366276,0.6,0.21003659,0.5620348,0.47459212,13.327844,-1.3131309e-08,0.0
16.12,0.313599,0.0,0.4667533,0.19776809,0.56200916,0.48191735,11.5348835,-2.8025358e-08,0.0
16.125,0.313599,0.0,0.4667533,0.18621622,0.55020815,0.4888147,8.866587,-2.4610323e-08,0.0
16.13,0.313599,0.0,0.4667533,0.1753391,0.5390965,0.49530917,5.415335,-2.478166e-07,0.0
16.135,0.313599,0.0,0.4667533,0.16509733,0.52863383,0.5014243,1.8878527,-1.5193221e-07,0.0
16.14,0.6,0.23993017,0.39483777,0.15545379,0.51602894,0.50718224,-6.6324626e-09,2.2181093e-08,0.0
16.145,0.6,0.23993017,0.39483777,0.14637354,0.48970518,0.5126038,-1.2435529e-08,-2.2679387e-08,0.0
16.15,0.6,0.23993017,0.39483777,0.13782369,0.46491903,0.5177087,-3.584349e-09,4.335323e-08,0.0
16.155,0.6,0.23993017,0.39483777,0.12977324,0.44158068,0.5225155,-2.5989302e-09,1.0033094e-08,0.0
16.16,0.31646103,0.10572859,0.14438003,0.12512386,0.41899464,0.5257961,1.1604941e-09,-3.3583273e-08,0.0
16.165,0.31646103,0.10572859,0.14438003,0.13613293,0.39452064,0.52234733,0.019015726,1.1681672e-09,0.0
16.17,0.31646103,0.10572859,0.14438003,0.14649893,0.3714762,0.5191,0.008640184,-4.2205077e-08,0.0
16.175,0.31646103,0.10572859,0.14438003,0.15625945,0.34977782,0.51604235,0.14093626,7.34905e-08,0.0
16.18,0.29557243,0.0,0.36057574,0.1681265,0.33158922,0.5124912,0.6161506,-3.394419e-08,0.0
16.185,0.29557243,0.0,0.36057574,0.18448961,0.3262353,0.50561893,1.4913343,7.401448e-08,0.0
16.19,0.29557243,0.0,0.36057574,0.2006717,0.3211941,0.49914807,2.6880968,6.8705354e-08,0.0
16.195,0.29557243,0.0,0.36057574,0.2166605,0.31644738,0.49305516,4.072121,1.6162068e-07,0.0
16.2,0.6,0.3059093,0.542021,0.23244384,0.3107237,0.48497745,5.5185084,1.520727e-08,0.0
16.205000000000002,0.6,0.3059093,0.542021,0.23735139,0.2987497,0.46508273,6.9470057,5.4319393e-08,0.0
16.21,0.6,0.3059093,0.542021,0.24197228,0.28747508,0.4463501,8.285098,8.662096e-08,0.0
16.215,0.6,0.3059093,0.542021,0.24632326,0.27685905,0.42871165,9.486639,5.4323248e-08,0.0
16.22,0.6,0.47018066,0.6,0.25022486,0.26587498,0.414124,10.545714,1.02769505e-07,0.0
16.225,0.6,0.47018066,0.6,0.25287366,0.2503449,0.4109962,11.485875,-1.822116e-08,0.0
16.23,0.6,0.47018066,0.6,0.25536776,0.23572195,0.40805107,12.347649,-2.7726424e-08,0.0
16.235,0.6,0.47018066,0.6,0.25771615,0.22195314,0.40527797,13.387294,1.3724413e-07,0.0
16.240000000000002,0.18531501,0.6,0.56063676,0.2627725,0.21184756,0.40436262,14.613219,7.918702e-08,0.0
16.245,0.18531501,0.6,0.56063676,0.27787727,0.21734183,0.4124034,15.903792,6.5128184e-08,0.0
16.25,0.18531501,0.6,0.56063676,0.29272985,0.22251517,0.41997454,17.244318,6.039168e-08,0.0
16.255,0.18531501,0.6,0.56063676,0.30731887,0.22738633,0.42710343,18.64627,1.12077394e-07,0.0
16.26,0.15111047,0.5013947,0.59799826,0.3216331,0.2335082,0.43435776,20.108437,1.2564597e-07,0.0
16.265,0.15111047,0.5013947,0.59799826,0.3356615,0.24733253,0.44403312,21.624123,1.6882291e-07,0.0
16.27,0.15111047,0.5013947,0.59799826,0.34939322,0.26034936,0.45314333,23.184898,4.0271928e-08,0.0
16.275,0.15111047,0.5013947,0.59799826,0.36281765,0.27260587,0.46172142,24.783525,8.277868e-08,0.0
16.28,0.38409027,0.6,0.56452847,0.37279618,0.2853597,0.46943057,26.394318,9.6442335e-08,0.0
16.285,0.38409027,0.6,0.56452847,0.36184517,0.3000815,0.47475803,27.921757,7.615407e-08,0.0
16.29,0.38409027,0.6,0.56452847,0.35153383,0.31453407,0.4797743,29.749659,1.4080618e-07,0.0
16.295,0.38409027,0.6,0.56452847,0.3418248,0.3287063,0.48449758,31.758299,1.7347602e-07,0.0
16.3,0.0,0.6,0.47544357,0.33236322,0.34258723,0.48929414,33.560783,2.3792467e-08,0.0
16.305,0.0,0.6,0.47544357,0.32177603,0.35186335,0.49564368,34.922493,3.6682003e-08,0.0
16.31,0.0,0.6,0.47544357,0.31180725,0.36059767,0.5016223,35.73173,2.5773414e-08,0.0
16.315,0.0,0.6,0.47544357,0.30242077,0.3688218,0.50725174,35.965023,2.442935e-08,0.0
16.32,0.0,0.6,0.6,0.29575992,0.3774871,0.5122396,35.656567,3.961284e-08,0.0
16.325,0.0,0.6,0.6,0.3009194,0.39022544,0.51529384,34.8859,-4.917822e-08,0.0
16.330000000000002,0.0,0.6,0.6,0.30577752,0.40247864,0.5181697,33.312923,-1.4214466e-08,0.0
16.335,0.0,0.6,0.6,0.31035185,0.4140161,0.5208776,31.038406,1.3443383e-08,0.0
16.34,0.0,0.6,0.6,0.31106937,0.42487964,0.52259475,28.428017,-1.42346e-08,0.0
16.345,0.0,0.6,0.6,0.29289943,0.43510863,0.5198406,25.72906,-1.18882205e-07,0.0
16.35,0.0,0.6,0.6,0.2757908,0.44474015,0.5172473,23.495516,-1.8841229e-07,0.0
16.355,0.0,0.6,0.6,0.25968152,0.45380905,0.5148055,21.771276,-3.1284824e-08,0.0
16.36,0.0,0.42058462,0.6,0.24451321,0.46234825,0.5136704,20.309847,8.781064e-08,0.0
16.365000000000002,0.0,0.42058462,0.6,0.2302309,0.47038865,0.518713,18.941822,-8.4906674e-08,0.0
16.37,0.0,0.42058462,0.6,0.21678284,0.4779594,0.52346104,17.561165,-2.1609643e-09,0.0
16.375,0.0,0.42058462,0.6,0.2041203,0.48508793,0.52793175,16.105713,-1.8750116e-08,0.0
16.38,0.0,0.0,0.6,0.19219738,0.4918001,0.5321413,14.551526,4.0999776e-08,0.0
16.385,0.0,0.0,0.6,0.1809709,0.4981202,0.53610504,12.909253,-1.1305573e-07,0.0
16.39,0.0,0.0,0.6,0.17040017,0.5040711,0.53983724,11.217053,6.32272e-08,0.0
16.395,0.0,0.0,0.6,0.1604469,0.50967443,0.5433514,9.53115,-2.6880485e-08,0.0
16.4,0.2003759,0.0,0.6,0.151075,0.51327366,0.5466603,7.91417,-4.5618606e-08,0.0
16.405,0.2003759,0.0,0.6,0.14225054,0.5078596,0.54977596,6.431542,-5.298124e-08,0.0
16.41,0.2003759,0.0,0.6,0.13394152,0.5027617,0.5527096,4.367267,-2.9135899e-08,0.0
16.415,0.2003759,0.0,0.6,0.12611783,0.49796167,0.5554719,1.7642027,-1.2240757e-07,0.0
16.42,0.6,0.09462308,0.45149198,0.11875113,0.48951128,0.55807287,3.2573128e-10,-2.998104e-08,0.0
16.425,0.6,0.09462308,0.45149198,0.11181474,0.46091834,0.5605219,-4.078928e-09,6.333494e-08,0.0
16.43,0.6,0.09462308,0.45149198,0.105283506,0.43399554,0.5628279,-3.8796917e-09,5.6101516e-08,0.0
16.435,0.6,0.09462308,0.45149198,0.09913377,0.40864533,0.56499916,2.961981e-08,-6.0510686e-08,0.0
16.44,0.4726275,0.21698113,0.18665034,0.09521592,0.38477588,0.5670436,8.698331e-09,-3.4526688e-09,0.0
16.445,0.4726275,0.21698113,0.18665034,0.101358436,0.36230066,0.56896865,3.8227967e-09,-1.3084964e-08,0.0
16.45,0.4726275,0.21698113,0.18665034,0.107142165,0.34113824,0.57078123,1.3531286e-08,-7.054666e-09,0.0
16.455000000000002,0.4726275,0.21698113,0.18665034,0.11258806,0.32121193,0.57248795,0.05834999,4.9246005e-08,0.0
16.46,0.29654542,0.22823611,0.43094316,0.12145066,0.30333388,0.57270706,0.30251944,9.438011e-09,0.0
16.465,0.29654542,0.22823611,0.43094316,0.13825437,0.29114282,0.56562674,0.8228071,6.783813e-08,0.0
16.47,0.29654542,0.22823611,0.43094316,0.15491204,0.27966386,0.55895996,1.6488456,2.7254108e-09,0.0
16.475,0.29654542,0.22823611,0.43094316,0.17141108,0.2688554,0.55268264,2.7479212,6.13465e-08,0.0
16.48,0.6,0.5623755,0.23910932,0.18773901,0.2598218,0.5442968,4.0394306,1.0265118e-08,0.0
16.485,0.6,0.5623755,0.23910932,0.20388345,0.25731942,0.52340627,5.643473,-2.6783178e-08,0.0
16.490000000000002,0.6,0.5623755,0.23910932,0.21958111,0.25496322,0.50373596,7.490738,3.2499277e-09,0.0
16.495,0.6,0.5623755,0.23910932,0.23436186,0.25274464,0.4852146,9.41204,6.211677e-08,0.0
16.5,0.6,0.6,0.05034072,0.24663362,0.25076085,0.4700582,11.063392,-5.5764264e-09,0.0
16.505,0.6,0.6,0.05034072,0.24954903,0.24944516,0.46777344,12.368061,1.0700155e-07,0.0
16.51,0.6,0.6,0.05034072,0.25229415,0.2482063,0.46562213,13.382312,9.542088e-08,0.0
16.515,0.6,0.6,0.05034072,0.2548789,0.24703982,0.4635965,14.145766,-6.3663954e-08,0.0
16.52,0.40995023,0.6,0.0,0.26014873,0.24906428,0.45989633,14.7087145,5.2157294e-08,0.0
16.525,0.40995023,0.6,0.0,0.27529573,0.26438472,0.44699988,15.399496,1.7552575e-08,0.0
16.53,0.40995023,0.6,0.0,0.29019254,0.27946332,0.43485674,16.357897,7.755898e-08,0.0
16.535,0.40995023,0.6,0.0,0.30482772,0.29428852,0.4234229,17.54652,3.3013716e-08,0.0
16.54,0.50621986,0.6,0.0,0.31919003,0.30884895,0.41089272,18.910395,6.923558e-08,0.0
16.545,0.50621986,0.6,0.0,0.33326837,0.3231334,0.38983244,20.331335,8.5931326e-08,0.0
16.55,0.50621986,0.6,0.0,0.34705192,0.33713087,0.37000233,21.689548,5.2020976e-08,0.0
16.555,0.50621986,0.6,0.0,0.36052996,0.35083053,0.35133052,22.906424,2.588305e-08,0.0
16.56,0.6,0.6,0.0,0.37274152,0.36422175,0.33327886,23.941195,8.553037e-08,0.0
16.565,0.6,0.6,0.0,0.3749149,0.37729415,0.31381163,24.779896,6.95942e-08,0.0
16.57,0.6,0.6,0.0,0.37696138,0.39003748,0.2954815,25.381624,-4.0613797e-09,0.0
16.575,0.6,0.6,0.0,0.3788883,0.40230164,0.27822208,25.717468,1.9804215e-08,0.0
16.580000000000002,0.52338123,0.6,0.14947422,0.38160238,0.41384944,0.2619708,25.793533,4.387215e-09,0.0
16.585,0.52338123,0.6,0.14947422,0.38888144,0.42472273,0.24666876,25.642023,-4.4055075e-09,0.0
16.59,0.52338123,0.6,0.14947422,0.39573532,0.4349609,0.23226054,25.330055,2.5158997e-08,0.0
16.595,0.52338123,0.6,0.14947422,0.40218887,0.44460103,0.21869393,24.927912,1.07667955e-08,0.0
16.6,0.5066205,0.6,0.599474,0.4091419,0.45367807,0.20591974,24.491102,-1.4887553e-08,0.0
16.605,0.5066205,0.6,0.599474,0.42029014,0.4622249,0.19389172,24.066216,2.1044777e-09,0.0
16.61,0.5066205,0.6,0.599474,0.4307872,0.4702725,0.18256627,23.70813,-1.9923931e-08,0.0
16.615000000000002,0.5066205,0.6,0.599474,0.44067115,0.47785005,0.17190236,23.457521,6.379827e-09,0.0
16.62,0.1657158,0.43817285,0.6,0.44926167,0.48498496,0.16325828,23.330149,1.3527112e-09,0.0
16.625,0.1657158,0.43817285,0.6,0.45359108,0.49170312,0.16245314,23.319956,-1.7568701e-09,0.0
16.63,0.1657158,0.43817285,0.6,0.45766762,0.49802887,0.16169503,23.390087,6.8049166e-09,0.0
16.635,0.1657158,0.43817285,0.6,0.46150604,0.5039851,0.16098121,23.498764,4.120387e-09,0.0
16.64,0.3477012,0.33467335,0.6,0.46496361,0.5095934,0.16451468,23.614922,9.601745e-09,0.0
16.645,0.3477012,0.33467335,0.6,0.46739686,0.51487416,0.18091585,23.716707,9.836988e-09,0.0
16.65,0.3477012,0.33467335,0.6,0.46968797,0.51984644,0.1971387,23.78691,1.1882545e-10,0.0
16.655,0.3477012,0.33467335,0.6,0.47184524,0.5245283,0.21317093,23.81571,4.5290403e-09,0.0
16.66,0.34091082,0.5487126,0.6,0.4706905,0.52742434,0.22900036,23.800383,6.1306986e-09,0.0
16.665,0.34091082,0.5487126,0.6,0.45287654,0.5222111,0.24461494,24.483723,7.531689e-08,0.0
16.67,0.34091082,0.5487126,0.6,0.43610314,0.5173023,0.2600028,24.94776,0.435809,0.0
16.675,0.34091082,0.5487126,0.6,0.42030948,0.51268023,0.27515215,24.655014,1.4603134,0.0
16.68,0.0,0.6,0.56527734,0.40713915,0.5073609,0.2900514,23.889973,2.367534,0.0
16.685,0.0,0.6,0.56527734,0.4036673,0.49727398,0.30468914,22.971401,2.0259018,0.0
16.69,0.0,0.6,0.56527734,0.40039825,0.48777628,0.3190541,22.089424,-3.254837e-07,0.0
16.695,0.0,0.6,0.56527734,0.39732015,0.47883335,0.33313522,20.79176,-8.3670487e-10,0.0
16.7,0.0,0.6,0.6,0.3943584,0.47241315,0.34692162,19.700329,-1.4299396e-08,0.0
16.705000000000002,0.0,0.6,0.6,0.39123645,0.47686988,0.36040264,18.875315,-1.5374743e-08,0.0
16.71,0.0,0.6,0.6,0.38829687,0.48106632,0.3735678,19.021767,9.480395e-09,0.0
16.715,0.0,0.6,0.6,0.38552898,0.48501763,0.38640678,20.124084,1.2268929e-07,0.0
16.72,0.0,0.56256634,0.6,0.3797367,0.48921746,0.3985585,21.702755,6.753257e-08,0.0
16.725,0.0,0.56256634,0.6,0.3575558,0.4956884,0.40829673,23.378176,8.541393e-08,0.0
16.73,0.0,0.56256634,0.6,0.33667055,0.5017814,0.41746616,24.766953,4.0871694e-08,0.0
16.735,0.0,0.56256634,0.6,0.31700522,0.5075185,0.4261,25.596212,3.591975e-08,0.0
16.740000000000002,0.0,0.16813692,0.6,0.29848856,0.51292044,0.434554,25.75083,1.8562043e-08,0.0
16.745,0.0,0.16813692,0.6,0.28105348,0.51800686,0.44421792,25.22501,-2.4495693e-08,0.0
16.75,0.0,0.16813692,0.6,0.2646368,0.52279615,0.45331734,24.082346,6.3999623e-09,0.0
16.755,0.0,0.16813692,0.6,0.24917907,0.5273057,0.46188524,22.431723,-1.2380788e-07,0.0
16.76,0.0,0.0,0.6,0.2346242,0.531202,0.4699527,20.405285,2.0541675e-08,0.0
16.765,0.0,0.0,0.6,0.22091952,0.533034,0.47754893,18.140038,-3.071666e-08,0.0
16.77,0.0,0.0,0.6,0.20801534,0.53475904,0.48470145,15.767889,-7.4537105e-08,0.0
16.775,0.0,0.0,0.6,0.19586492,0.5363833,0.49143618,13.402233,-3.5637424e-08,0.0
16.78,0.364255,0.0,0.34598738,0.1844242,0.5342264,0.49777752,11.13854,-1.3643504e-08,0.0
16.785,0.364255,0.0,0.34598738,0.17365177,0.5128427,0.5037485,8.230303,5.255859e-09,0.0
16.79,0.364255,0.0,0.34598738,0.16350856,0.49270803,0.5093706,4.814201,1.7242995e-07,0.0
16.795,0.364255,0.0,0.34598738,0.15395783,0.47374943,0.5146644,1.5949287,-2.3110894e-07,0.0
16.8,0.6,0.16004011,0.38792744,0.14496496,0.45432687,0.51964897,-2.294587e-09,-7.307363e-09,0.0
16.805,0.6,0.16004011,0.38792744,0.13649738,0.4277891,0.52434236,0.017546264,1.1930454e-08,0.0
16.81,0.6,0.16004011,0.38792744,0.12852441,0.40280142,0.5287616,0.10426636,5.224257e-10,0.0
16.815,0.6,0.16004011,0.38792744,0.12101714,0.3792733,0.53292274,0.30377573,-2.7723866e-08,0.0
16.82,0.43032375,0.28127664,0.10069937,0.117352635,0.35711947,0.53446686,0.6332945,3.8599527e-08,0.0
16.825,0.43032375,0.28127664,0.10069937,0.1317745,0.3362597,0.5234575,1.1111681,-1.4879518e-08,0.0
16.830000000000002,0.43032375,0.28127664,0.10069937,0.14535397,0.31661835,0.51309127,1.619573,8.916345e-08,0.0
16.835,0.43032375,0.28127664,0.10069937,0.15814024,0.29812428,0.5033305,2.216371,7.0773534e-09,0.0
16.84,0.40315476,0.27098924,0.14614184,0.17238288,0.28220618,0.4945319,3.0053754,1.3614939e-08,0.0
16.845,0.40315476,0.27098924,0.14614184,0.18870027,0.2750703,0.488305,4.000187,4.467142e-09,0.0
16.85,0.40315476,0.27098924,0.14614184,0.20483346,0.26835126,0.4824418,5.1516223,-4.767617e-08,0.0
16.855,0.40315476,0.27098924,0.14614184,0.22077018,0.26202467,0.4769211,6.397631,1.1146705e-07,0.0
16.86,0.6,0.41863817,0.3479442,0.23649833,0.2572007,0.46903852,7.6914754,2.5208717e-08,0.0
16.865000000000002,0.6,0.41863817,0.3479442,0.2478199,0.258607,0.4475234,9.004418,5.2225232e-08,0.0
16.87,0.6,0.41863817,0.3479442,0.25848016,0.25993115,0.427265,10.553109,-3.8038198e-11,0.0
16.875,0.6,0.41863817,0.3479442,0.26851776,0.26117796,0.4081899,12.33427,2.565618e-08,0.0
16.88,0.6,0.6,0.1988557,0.27771512,0.2622558,0.3906537,14.20357,1.4780287e-07,0.0
16.885,0.6,0.6,0.1988557,0.2850422,0.2627659,0.37637147,16.062187,3.9286455e-08,0.0
16.89,0.6,0.6,0.1988557,0.2919413,0.26324624,0.36292347,17.841284,1.6913933e-07,0.0
16.895,0.6,0.6,0.1988557,0.2984374,0.26369852,0.350261,19.500298,2.9276356e-08,0.0
16.9,0.3398971,0.6,0.45563018,0.30639374,0.26550427,0.34022415,21.022242,8.628263e-08,0.0
16.905,0.3398971,0.6,0.45563018,0.3207259,0.27444902,0.3406751,22.414503,8.3775745e-08,0.0
16.91,0.3398971,0.6,0.45563018,0.33477288,0.28287128,0.34109968,23.730839,7.488345e-08,0.0
16.915,0.3398971,0.6,0.45563018,0.3485239,0.29080158,0.34149948,24.977457,5.843683e-08,0.0
16.92,0.34660748,0.6,0.5289915,0.3619683,0.29996365,0.34048256,26.135399,6.2819816e-10,0.0
16.925,0.34660748,0.6,0.5289915,0.3750956,0.31441844,0.33220997,27.189602,4.4908845e-08,0.0
16.93,0.34660748,0.6,0.5289915,0.38789558,0.32859296,0.3244206,28.109877,1.10039245e-07,0.0
16.935,0.34660748,0.6,0.5289915,0.40028486,0.34247628,0.3170862,28.87577,-2.0721183e-09,0.0
16.94,0.2341306,0.6,0.6,0.40951958,0.35605764,0.31257996,29.484467,-6.19776e-09,0.0
16.945,0.2341306,0.6,0.6,0.40545285,0.36932653,0.3209357,29.931633,-3.556409e-08,0.0
16.95,0.2341306,0.6,0.6,0.40162367,0.3822726,0.32880336,30.81357,5.6410805e-08,0.0
16.955000000000002,0.2341306,0.6,0.6,0.39801815,0.39488572,0.33621147,32.13574,9.845212e-08,0.0
16.96,0.37655684,0.6,0.6,0.39468595,0.4068667,0.3438725,33.53379,5.7048734e-08,0.0
16.965,0.37655684,0.6,0.6,0.39187762,0.41814786,0.35468552,34.765923,7.611006e-08,0.0
16.97,0.37655684,0.6,0.6,0.38923335,0.42877007,0.36486694,35.69158,6.092518e-08,0.0
16.975,0.37655684,0.6,0.6,0.38674352,0.4387718,0.37445366,36.24816,3.3439306e-08,0.0
16.98,0.36233634,0.6,0.6,0.38334793,0.44818935,0.38414404,36.42863,3.029167e-09,0.0
16.985,0.36233634,0.6,0.6,0.37463197,0.4570568,0.39670748,36.256805,2.0140178e-08,0.0
16.990000000000002,0.36233634,0.6,0.6,0.36642513,0.46540627,0.40858203,35.746048,-2.92063e-09,0.0
16.995,0.36233634,0.6,0.6,0.35869765,0.47326806,0.419763,34.92177,-6.190417e-08,0.0
17.0,0.073289916,0.6,0.55482125,0.35275263,0.48067063,0.43029085,33.831635,-5.8105282e-08,0.0
17.005,0.073289916,0.6,0.55482125,0.35414305,0.4876408,0.44020376,32.542133,5.8684666e-08,0.0
17.01,0.073289916,0.6,0.55482125,0.35545227,0.49420384,0.44953763,30.590475,3.5818985e-08,0.0
17.015,0.073289916,0.6,0.55482125,0.356685,0.5003835,0.45832634,28.031342,-1.299625e-07,0.0
17.02,0.0,0.6,0.6,0.35771284,0.5062022,0.46660167,25.248058,-1.2336629e-07,0.0
17.025,0.0,0.6,0.6,0.3579829,0.5116811,0.47439364,22.519531,-7.7671466e-08,0.0
17.03,0.0,0.6,0.6,0.35823718,0.5168399,0.48173046,20.039015,-3.682668e-08,0.0
17.035,0.0,0.6,0.6,0.3584766,0.5216974,0.48863873,17.924276,-4.2456946e-08,0.0
17.04,0.0,0.6,0.6,0.3560007,0.52627116,0.49472123,16.2263,-2.3950482e-11,0.0
17.045,0.0,0.6,0.6,0.33948722,0.5305778,0.49823174,15.511137,5.96792e-09,0.0
17.05,0.0,0.6,0.6,0.3239383,0.5346328,0.5015372,15.680742,-1.890381e-08,0.0
17.055,0.0,0.6,0.6,0.30929762,0.53845096,0.5046496,16.244455,1.1476065e-08,0.0
17.06,0.0,0.36188722,0.6,0.29482716,0.5420461,0.5080024,16.844099,2.7273067e-08,0.0
17.065,0.0,0.36188722,0.6,0.27760595,0.5454313,0.5133761,17.240189,3.825897e-09,0.0
17.07,0.0,0.36188722,0.6,0.26139066,0.54861873,0.5184359,17.274347,5.201724e-09,0.0
17.075,0.0,0.36188722,0.6,0.24612251,0.55162,0.52320015,16.873505,3.941141e-09,0.0
17.080000000000002,0.0,0.0,0.6,0.2317462,0.5544459,0.5276861,16.041952,1.2620026e-09,0.0
17.085,0.0,0.0,0.6,0.21820962,0.5571068,0.53191006,14.834765,-5.338186e-09,0.0
17.09,0.0,0.0,0.6,0.20546374,0.5596122,0.5358873,13.336807,7.313431e-08,0.0
17.095,0.0,0.0,0.6,0.19346236,0.5619713,0.5396322,11.647257,3.5095788e-09,0.0
17.1,0.27939796,0.0,0.6,0.18216199,0.56196725,0.54315835,9.868899,5.665797e-08,0.0
17.105,0.27939796,0.0,0.6,0.17152168,0.55028033,0.54647857,8.10995,1.4097735e-07,0.0
17.11,0.27939796,0.0,0.6,0.1615029,0.53927606,0.54960483,5.647558,1.0032036e-07,0.0
17.115000000000002,0.27939796,0.0,0.6,0.15206932,0.5289146,0.55254847,2.5891414,-5.1857192e-08,0.0
17.12,0.6,0.026710065,0.3103113,0.14318676,0.51577616,0.55532014,-5.101936e-07,2.5089829e-08,0.0
17.125,0.6,0.026710065,0.3103113,0.13482305,0.48564905,0.55792993,5.9462058e-09,2.7164534e-08,0.0
17.13,0.6,0.026710065,0.3103113,0.12694788,0.4572817,0.5603873,4.0446797e-09,2.9145214e-08,0.0
17.135,0.6,0.026710065,0.3103113,0.1195327,0.43057132,0.56270117,1.9579494e-08,-5.1144585e-08,0.0
17.14,0.42983148,0.041453183,0.27617168,0.11516184,0.40542114,0.56487983,1.2420233e-08,-3.87165e-08,0.0
17.145,0.42983148,0.041453183,0.27617168,0.12475508,0.38174,0.56693125,0.0032893086,-6.439516e-08,0.0
17.150000000000002,0.42983148,0.041453183,0.27617168,0.13378796,0.3594421,0.56886286,3.6235883e-09,-1.7091908e-08,0.0
17.155,0.42983148,0.041453183,0.27617168,0.14229321,0.33844668,0.57068163,0.13999154,4.0449795e-08,0.0
17.16,0.30782056,0.22135349,0.6,0.15329795,0.31892723,0.5696868,0.5819057,-3.96617e-08,0.0
17.165,0.30782056,0.22135349,0.6,0.16981298,0.30185848,0.55453634,1.3862072,1.5410063e-07,0.0
17.17,0.30782056,0.22135349,0.6,0.18615809,0.28578675,0.54027086,2.5414176,1.2381619e-07,0.0
17.175,0.30782056,0.22135349,0.6,0.20232092,0.27065375,0.52683866,3.967305,6.3189056e-08,0.0
17.18,0.46432653,0.3600795,0.6,0.2182892,0.2565425,0.51387197,5.545498,1.1229387e-07,0.0
17.185,0.46432653,0.3600795,0.6,0.23064564,0.24397887,0.4999876,7.397692,-1.9630553e-08,0.0
17.19,0.46432653,0.3600795,0.6,0.24228032,0.23214911,0.48691425,9.445906,9.0229044e-08,0.0
17.195,0.46432653,0.3600795,0.6,0.2532354,0.22101033,0.47460452,11.509891,-1.106395e-08,0.0
17.2,0.37777042,0.30821702,0.6,0.2624103,0.21220349,0.46604025,13.49249,2.3352491e-07,0.0
17.205000000000002,0.37777042,0.30821702,0.6,0.26506278,0.21273795,0.473865,15.3446665,1.6172637e-08,0.0
17.21,0.37777042,0.30821702,0.6,0.2675603,0.21324119,0.4812327,17.01741,1.0027667e-07,0.0
17.215,0.37777042,0.30821702,0.6,0.26991194,0.21371503,0.48817006,18.477524,7.647788e-08,0.0
17.22,0.27295357,0.6,0.6,0.2735889,0.21545771,0.4947022,19.719494,8.8928005e-08,0.0
17.225,0.27295357,0.6,0.6,0.2847301,0.22390524,0.50085276,20.76335,8.607121e-08,0.0
17.23,0.27295357,0.6,0.6,0.29522055,0.23185934,0.50664407,21.680134,1.6736347e-08,0.0
17.235,0.27295357,0.6,0.6,0.30509824,0.23934883,0.5120971,22.541805,1.1621774e-07,0.0
17.240000000000002,0.0,0.6,0.4022725,0.31359002,0.24591616,0.51723164,23.394205,6.60916e-08,0.0
17.245,0.0,0.6,0.4022725,0.31733888,0.24955523,0.52206624,24.259607,2.1639178e-08,0.0
17.25,0.0,0.6,0.4022725,0.32086876,0.25298172,0.5266184,25.12646,-2.7600448e-08,0.0
17.255,0.0,0.6,0.4022725,0.32419246,0.2562081,0.5309047,25.975025,-1.7656609e-08,0.0
17.26,0.0,0.6,0.5847476,0.32634243,0.26197293,0.53494066,26.796404,4.8925873e-08,0.0
17.265,0.0,0.6,0.5847476,0.32322392,0.27709064,0.5387409,27.582113,2.8420576e-08,0.0
17.27,0.0,0.6,0.5847476,0.32028756,0.29195675,0.5423191,28.748787,1.626696e-07,0.0
17.275000000000002,0.0,0.6,0.5847476,0.31752273,0.3065599,0.54568833,30.22629,1.836222e-08,0.0
17.28,0.0,0.6,0.6,0.31236842,0.32088882,0.5470128,31.679174,7.075693e-08,0.0
17.285,0.0,0.6,0.6,0.2941226,0.33493248,0.53855836,32.878517,6.525554e-08,0.0
17.29,0.0,0.6,0.6,0.27694255,0.34868005,0.53059775,33.593815,1.8077344e-08,0.0
17.295,0.0,0.6,0.6,0.260766,0.36212087,0.5231021,33.66974,-8.612279e-09,0.0
17.3,0.0,0.6,0.5352762,0.24553435,0.37524447,0.51774967,33.062153,-8.333424e-08,0.0
17.305,0.0,0.6,0.5352762,0.23119238,0.3880406,0.52166307,31.80416,-8.978403e-08,0.0
17.31,0.0,0.6,0.5352762,0.21768816,0.4004214,0.5253479,29.981873,-9.5356064e-08,0.0
17.315,0.0,0.6,0.5352762,0.20497273,0.41207904,0.5288175,27.703867,1.05906324e-07,0.0
17.32,0.0,0.22185476,0.5088231,0.19300002,0.42305574,0.532227,25.088343,9.86498e-08,0.0
17.325,0.0,0.22185476,0.5088231,0.18172665,0.43339127,0.5361857,22.254892,-2.5285942e-07,0.0
17.330000000000002,0.0,0.22185476,0.5088231,0.17111178,0.4431231,0.5399132,19.313128,-2.6014754e-07,0.0
17.335,0.0,0.22185476,0.5088231,0.16111693,0.45228648,0.54342294,16.355087,-3.5114333e-08,0.0
17.34,0.22812529,0.0,0.47611222,0.15170589,0.4609146,0.5461228,13.474721,-1.4618924e-07,0.0
17.345,0.22812529,0.0,0.47611222,0.14284457,0.46903875,0.54548925,10.775491,-2.6189637e-08,0.0
17.35,0.22812529,0.0,0.47611222,0.13450085,0.47668836,0.54489267,8.352259,-6.242416e-08,0.0
17.355,0.22812529,0.0,0.47611222,0.12664449,0.48389113,0.54433095,6.281153,-1.4624858e-07,0.0
17.36,0.6,0.21280454,0.26457235,0.119247034,0.48713914,0.54355484,4.6100264,-7.529174e-08,0.0
17.365000000000002,0.6,0.21280454,0.26457235,0.11228167,0.47164357,0.54152614,3.3595462,-1.6978925e-09,0.0
17.37,0.6,0.21280454,0.26457235,0.105723165,0.4570531,0.5396159,1.8140049,6.984384e-08,0.0
17.375,0.6,0.21280454,0.26457235,0.099547744,0.44331488,0.5378173,-0.002151284,-5.662086e-07,0.0
17.38,0.5030779,0.38966173,0.027446778,0.09586505,0.42830572,0.535818,1.9115593e-08,9.615046e-08,0.0
17.385,0.5030779,0.38966173,0.027446778,0.103590526,0.40328786,0.5323305,1.201056e-08,7.746614e-08,0.0
17.39,0.5030779,0.38966173,0.027446778,0.11086475,0.37973133,0.5290467,1.25214585e-08,6.3915685e-08,0.0
17.395,0.5030779,0.38966173,0.027446778,0.11771408,0.35755077,0.5259547,-6.995223e-10,-6.1559615e-09,0.0
17.400000000000002,0.20685029,0.0,0.58284134,0.12763879,0.33865464,0.52106637,0.04187549,-1.0438956e-08,0.0
17.405,0.20685029,0.0,0.58284134,0.14439033,0.33130357,0.50608426,0.2848901,1.2136402e-07,0.0
17.41,0.20685029,0.0,0.58284134,0.16099119,0.3243819,0.49197727,0.8464322,3.6509547e-08,0.0
17.415,0.20685029,0.0,0.58284134,0.17742883,0.3178645,0.4786943,1.7347673,1.1510391e-07,0.0
17.42,0.6,0.1283564,0.44995922,0.19369079,0.3133807,0.46397105,2.8844392,3.5394457e-08,0.0
17.425,0.6,0.1283564,0.44995922,0.20976475,0.31783634,0.43847314,4.190837,1.4080833e-08,0.0
17.43,0.6,0.1283564,0.44995922,0.2256385,0.32203174,0.4144646,5.915301,-2.8189039e-08,0.0
17.435,0.6,0.1283564,0.44995922,0.24129996,0.3259821,0.3918584,8.010488,1.2503831e-07,0.0
17.44,0.6,0.6,0.15567264,0.25382224,0.32606,0.37576327,10.242062,5.0728513e-08,0.0
17.445,0.6,0.6,0.15567264,0.25107855,0.30701444,0.38785896,12.45293,1.271679e-07,0.0
17.45,0.6,0.6,0.15567264,0.24849512,0.28908136,0.39924812,14.419831,8.234548e-08,0.0
17.455000000000002,0.6,0.6,0.15567264,0.24606259,0.2721958,0.409972,16.07004,9.861509e-08,0.0
17.46,0.34782895,0.6,0.54124963,0.24744645,0.2574961,0.41882762,17.447252,6.0515106e-08,0.0
17.465,0.34782895,0.6,0.54124963,0.26279154,0.24995288,0.42064604,18.2126,7.83911e-08,0.0
17.47,0.34782895,0.6,0.54124963,0.27789602,0.24285029,0.42235824,18.457281,1.6447212e-09,0.0
17.475,0.34782895,0.6,0.54124963,0.29274827,0.23616256,0.42397046,18.514006,1.2923957e-08,0.0
17.48,0.4753517,0.6,0.28876123,0.30733696,0.23427336,0.42273816,18.605185,-3.1349092e-08,0.0
17.485,0.4753517,0.6,0.28876123,0.32165083,0.24981305,0.40713856,18.844698,2.8173304e-08,0.0
17.490000000000002,0.4753517,0.6,0.28876123,0.33567888,0.26512203,0.39245012,19.519814,-4.151906e-08,0.0
17.495,0.4753517,0.6,0.28876123,0.34941024,0.2801886,0.37861967,20.665203,9.368815e-08,0.0
17.5,0.20684884,0.6,0.5312275,0.36169076,0.2950012,0.3692006,22.144768,6.1563675e-08,0.0
17.505,0.20684884,0.6,0.5312275,0.36088106,0.3095485,0.37925017,23.765755,5.00576e-08,0.0
17.51,0.20684884,0.6,0.5312275,0.36011866,0.32381928,0.38871276,25.870007,1.6422139e-07,0.0
17.515,0.20684884,0.6,0.5312275,0.3594008,0.33780256,0.39762262,28.324965,2.6998148e-07,0.0
17.52,0.32421666,0.6,0.6,0.3599167,0.3514875,0.40365234,30.730354,1.4831993e-07,0.0
17.525000000000002,0.32421666,0.6,0.6,0.36665937,0.36486349,0.39694142,32.266872,1.2231047e-07,0.0
17.53,0.32421666,0.6,0.6,0.37300822,0.37792015,0.3906225,32.775158,2.6986035e-08,0.0
17.535,0.32421666,0.6,0.6,0.37898624,0.39064726,0.38467264,32.53422,1.2491963e-09,0.0
17.54,0.2574073,0.6,0.6,0.38210568,0.4028758,0.3813364,31.782066,-1.3081706e-08,0.0
17.545,0.2574073,0.6,0.6,0.3718687,0.4143901,0.39009172,30.700462,1.266328e-08,0.0
17.55,0.2574073,0.6,0.6,0.3622297,0.42523178,0.39833564,29.97441,1.6876978e-08,0.0
17.555,0.2574073,0.6,0.6,0.3531537,0.4354402,0.406098,29.691175,-6.034103e-09,0.0
17.56,0.0,0.6,0.5069959,0.34570476,0.44505236,0.4140497,29.565626,-8.858607e-09,0.0
17.565,0.0,0.6,0.5069959,0.3444496,0.45410302,0.4249113,29.414478,-8.137656e-09,0.0
17.57,0.0,0.6,0.5069959,0.34326777,0.46262506,0.43513843,29.16688,-1.9009583e-09,0.0
17.575,0.0,0.6,0.5069959,0.34215498,0.4706493,0.4447682,28.807642,5.496809e-08,0.0
17.580000000000002,0.0,0.6,0.6,0.3404828,0.47820485,0.45383546,28.33982,3.186234e-08,0.0
17.585,0.0,0.6,0.6,0.33563027,0.48531905,0.4623731,27.77427,-3.5705607e-08,0.0
17.59,0.0,0.6,0.6,0.33106118,0.49201772,0.47041208,27.106829,3.3838017e-08,0.0
17.595,0.0,0.6,0.6,0.32675898,0.49832508,0.47798148,26.337128,3.0458512e-08,0.0
17.6,0.0,0.44093508,0.6,0.3203024,0.50426406,0.48423952,25.480595,-4.486037e-08,0.0
17.605,0.0,0.44093508,0.6,0.30159315,0.5098561,0.48556876,24.544437,-7.0541766e-08,0.0
17.61,0.0,0.44093508,0.6,0.28397673,0.5151215,0.48682034,23.45603,2.5105598e-08,0.0
17.615000000000002,0.0,0.44093508,0.6,0.2673893,0.5200794,0.4879988,22.149015,-8.862187e-08,0.0
17.62,0.0,0.2934933,0.6,0.25177076,0.5247476,0.48997766,20.613821,-1.2621014e-08,0.0
17.625,0.0,0.2934933,0.6,0.23706453,0.5291432,0.4964042,18.878836,1.7449953e-08,0.0
17.63,0.0,0.2934933,0.6,0.2232173,0.53328204,0.50245535,16.992626,-1.7533356e-08,0.0
17.635,0.0,0.2934933,0.6,0.2101789,0.5371791,0.5081531,15.012142,9.660831e-08,0.0
17.64,0.0,0.0,0.6,0.1979021,0.53936195,0.513518,12.998583,-1.7183376e-08,0.0
17.645,0.0,0.0,0.6,0.1863424,0.5336127,0.51856947,11.021588,-2.331696e-08,0.0
17.650000000000002,0.0,0.0,0.6,0.17545792,0.5281993,0.5233259,8.337515,1.5906765e-07,0.0
17.655,0.0,0.0,0.6,0.16520922,0.5231021,0.52780455,5.002164,-4.0345103e-07,0.0
17.66,0.31214252,0.0,0.30789033,0.15555915,0.5169247,0.5320216,1.6387601,2.8821577e-07,0.0
17.665,0.31214252,0.0,0.30789033,0.14647275,0.50387377,0.53599226,1.1927805e-08,-1.00222595e-08,0.0
17.67,0.31214252,0.0,0.30789033,0.1379171,0.4915852,0.539731,2.4267117e-09,2.9509248e-08,0.0
17.675,0.31214252,0.0,0.30789033,0.12986119,0.4800144,0.5432514,-1.1871885e-08,1.28565745e-08,0.0
17.68,0.6,0.2671243,0.3017213,0.122275844,0.46637657,0.5465661,-2.7186957e-09,-2.6930755e-08,0.0
17.685,0.6,0.2671243,0.3017213,0.11513356,0.43913496,0.54968727,9.315115e-09,2.2525812e-08,0.0
17.69,0.6,0.2671243,0.3017213,0.10840847,0.41348454,0.5526261,6.719062e-09,-2.0459881e-08,0.0
17.695,0.6,0.2671243,0.3017213,0.1020762,0.3893324,0.5553932,9.980828e-09,1.20899335e-08,0.0
17.7,0.35837683,0.4131997,0.011967266,0.09903103,0.36659104,0.55526876,4.4327417e-09,7.354701e-09,0.0
17.705000000000002,0.35837683,0.4131997,0.011967266,0.11147913,0.345178,0.5408191,0.068789475,-3.8533386e-08,0.0
17.71,0.35837683,0.4131997,0.011967266,0.123200126,0.32501575,0.52721345,0.20226872,6.556104e-08,0.0
17.715,0.35837683,0.4131997,0.011967266,0.13423648,0.3060312,0.5144025,0.5244397,1.1088134e-08,0.0
17.72,0.23686956,0.26469344,0.25744125,0.14731845,0.29065204,0.5022822,1.1545217,-9.130146e-08,0.0
17.725,0.23686956,0.26469344,0.25744125,0.16389154,0.28927776,0.4905672,2.0942218,5.500052e-08,0.0
17.73,0.23686956,0.26469344,0.25744125,0.18029921,0.28798375,0.4795365,3.2553985,5.4938283e-08,0.0
17.735,0.23686956,0.26469344,0.25744125,0.19652903,0.2867653,0.4691501,4.525414,4.910768e-08,0.0
17.740000000000002,0.6,0.33866996,0.22333173,0.21256869,0.28698325,0.4566624,5.810081,-1.2395488e-08,0.0
17.745,0.6,0.33866996,0.22333173,0.22108552,0.29435572,0.43068722,7.352801,4.1612314e-08,0.0
17.75,0.6,0.33866996,0.22333173,0.22910488,0.30129755,0.4062293,9.125465,2.1121007e-08,0.0
17.755,0.6,0.33866996,0.22333173,0.2366558,0.30783388,0.38319996,10.933419,3.796578e-08,0.0
17.76,0.6,0.52435106,0.1061113,0.2426301,0.31260052,0.36380994,12.663381,4.2639147e-08,0.0
17.765,0.6,0.52435106,0.1061113,0.24229361,0.3098022,0.3575968,14.255275,1.2857454e-07,0.0
17.77,0.6,0.52435106,0.1061113,0.24197678,0.30716735,0.35174662,15.5373745,8.2521744e-08,0.0
17.775000000000002,0.6,0.52435106,0.1061113,0.24167846,0.3046864,0.34623814,16.456318,2.4369639e-08,0.0
17.78,0.49395755,0.6,0.17440291,0.24479131,0.30304173,0.34073263,17.066448,6.439908e-09,0.0
17.785,0.49395755,0.6,0.17440291,0.2601765,0.30512282,0.3338751,17.04179,-2.477392e-08,0.0
17.79,0.49395755,0.6,0.17440291,0.27532306,0.30708236,0.32741812,16.985567,3.068772e-08,0.0
17.795,0.49395755,0.6,0.17440291,0.2902194,0.30892742,0.3213383,17.287676,5.2017718e-08,0.0
17.8,0.6,0.6,0.4791733,0.3048541,0.31240004,0.3145181,17.911001,1.0090393e-09,0.0
17.805,0.6,0.6,0.4791733,0.3192159,0.32478034,0.3023448,18.789835,7.892649e-08,0.0
17.81,0.6,0.6,0.4791733,0.33329374,0.33643752,0.29088256,19.81631,6.233102e-08,0.0
17.815,0.6,0.6,0.4791733,0.34707674,0.34741378,0.28008986,20.885605,3.7692054e-08,0.0
17.82,0.3785155,0.6,0.41810036,0.36055422,0.3584559,0.2705658,21.923859,8.329839e-08,0.0
17.825,0.3785155,0.6,0.41810036,0.36834645,0.37166774,0.26494882,22.88362,6.7775986e-08,0.0
17.830000000000002,0.3785155,0.6,0.41810036,0.37568355,0.38455495,0.25965992,23.703722,6.617904e-08,0.0
17.835,0.3785155,0.6,0.41810036,0.38259208,0.39710742,0.25467995,24.338486,3.0747803e-08,0.0
17.84,0.25675246,0.6,0.6,0.3900881,0.4089586,0.25283918,24.774345,2.017297e-08,0.0
17.845,0.25675246,0.6,0.6,0.40234932,0.4201176,0.26605964,25.024694,1.2436573e-08,0.0
17.85,0.25675246,0.6,0.6,0.41389433,0.43062472,0.27850786,25.14442,7.629406e-09,0.0
17.855,0.25675246,0.6,0.6,0.424765,0.44051814,0.29022896,25.19165,1.1233822e-09,0.0
17.86,0.31160304,0.6,0.6,0.43293074,0.44983366,0.30069464,25.20835,-2.114965e-09,0.0
17.865000000000002,0.31160304,0.6,0.6,0.4297523,0.45860505,0.30755246,25.213171,2.5496338e-09,0.0
17.87,0.31160304,0.6,0.6,0.42675948,0.4668641,0.3140097,25.846992,1.6990096e-08,0.0
17.875,0.31160304,0.6,0.6,0.4239415,0.47464073,0.32008976,27.112194,1.136913e-07,0.0
17.88,0.008158315,0.6,0.6,0.42015013,0.48196313,0.32751468,28.604591,1.3418078e-07,0.0
17.885,0.008158315,0.6,0.6,0.41060588,0.4888578,0.34142074,30.036861,6.63031e-08,0.0
17.89,0.008158315,0.6,0.6,0.4016191,0.49534976,0.35502568,31.19131,8.600039e-08,0.0
17.895,0.008158315,0.6,0.6,0.39315727,0.5014625,0.36831892,31.93872,2.1193149e-08,0.0
17.900000000000002,0.0,0.6,0.6,0.3857023,0.50721824,0.38129014,32.237526,1.9258344e-08,0.0
17.905,0.0,0.6,0.6,0.3813741,0.51263773,0.39392918,32.108547,-3.250953e-08,0.0
17.91,0.0,0.6,0.6,0.37729868,0.51774067,0.40596604,31.625082,4.110342e-09,0.0
17.915,0.0,0.6,0.6,0.3734613,0.5225455,0.4172998,30.87786,-3.2393434e-08,0.0
17.92,0.0,0.6,0.6,0.36701217,0.52706975,0.42797154,29.952393,-5.0978596e-08,0.0
17.925,0.0,0.6,0.6,0.3460511,0.5313297,0.43801993,28.905783,6.207837e-08,0.0
17.93,0.0,0.6,0.6,0.32631436,0.5353408,0.4474814,27.687593,-1.1974424e-07,0.0
17.935,0.0,0.6,0.6,0.3077305,0.53911763,0.4563902,26.237291,-2.1022512e-08,0.0
17.94,0.0,0.6,0.6,0.2901559,0.5426738,0.46477863,24.54362,-1.07578785e-07,0.0
17.945,0.0,0.6,0.6,0.27320755,0.5460223,0.47267708,22.632437,4.2956454e-08,0.0
17.95,0.0,0.6,0.6,0.25724918,0.5491752,0.48011416,20.55537,3.947534e-08,0.0
17.955000000000002,0.0,0.6,0.6,0.24222293,0.55214393,0.48711684,18.379753,5.893932e-08,0.0
17.96,0.0,0.55600846,0.6,0.2280744,0.55493927,0.4937105,16.17466,2.8859613e-08,0.0
17.965,0.0,0.55600846,0.6,0.2147523,0.55757135,0.499919,14.000984,6.613677e-08,0.0
17.97,0.0,0.55600846,0.6,0.20220836,0.56004965,0.50576484,11.91086,-5.5651117e-08,0.0
17.975,0.0,0.55600846,0.6,0.19039711,0.5623832,0.5112692,9.949421,-4.6616626e-09,0.0
17.98,0.12272373,0.23209563,0.6,0.17927578,0.56458044,0.5164521,8.156571,1.1713849e-08,0.0
17.985,0.12272373,0.23209563,0.6,0.16880406,0.5666493,0.5213322,6.5679297,-1.6489308e-08,0.0
17.990000000000002,0.12272373,0.23209563,0.6,0.15894401,0.5685974,0.5259273,5.211624,-3.0454268e-09,0.0
17.995,0.12272373,0.23209563,0.6,0.1496599,0.57043165,0.530254,4.099234,-5.2291956e-08,0.0
18.0,0.44291055,0.22634979,0.6,0.14091809,0.57174766,0.534328,3.21993,-1.01673345e-08,0.0
18.005,0.44291055,0.22634979,0.6,0.1326869,0.5708283,0.53816396,2.5447333,-4.9706806e-08,0.0
18.01,0.44291055,0.22634979,0.6,0.1249365,0.5699627,0.5417759,1.1416748,-7.007877e-08,0.0
18.015,0.44291055,0.22634979,0.6,0.117638804,0.5691476,0.5451768,-1.1469851e-08,-3.8176537e-08,0.0
18.02,0.04410823,0.19240777,0.42067435,0.11191433,0.5653529,0.5483791,-1.6422211e-08,-1.6969798e-08,0.0
18.025000000000002,0.04410823,0.19240777,0.42067435,0.11254572,0.54588693,0.55139434,7.27116e-09,-1.1332397e-09,0.0
18.03,0.04410823,0.19240777,0.42067435,0.11314023,0.527558,0.55423343,-1.0956736e-09,5.0536183e-08,0.0
18.035,0.04410823,0.19240777,0.42067435,0.11370002,0.5102997,0.5569067,-2.445867e-09,7.852876e-09,0.0
18.04,0.0,0.0,0.51994205,0.1172195,0.49399576,0.5594238,3.2875773e-09,6.3995806e-08,0.0
18.045,0.0,0.0,0.51994205,0.13405782,0.47836223,0.5617939,9.006224e-09,-3.338648e-08,0.0
18.05,0.0,0.0,0.51994205,0.15075326,0.46364188,0.5640256,-1.6193668e-09,-1.14456476e-07,0.0
18.055,0.0,0.0,0.51994205,0.16729322,0.44978136,0.5661269,-1.303635e-09,-1.28328095e-08,0.0
18.06,0.3662631,0.0,0.46916994,0.17966524,0.43641323,0.5664295,2.4333241e-08,-7.090702e-08,0.0
18.065,0.3662631,0.0,0.46916994,0.1717472,0.42216057,0.55791575,0.05118249,3.342697e-08,0.0
18.07,0.3662631,0.0,0.46916994,0.16429165,0.40874043,0.54989934,0.46901134,7.303959e-08,0.0
18.075,0.3662631,0.0,0.46916994,0.1572716,0.3961042,0.5423511,1.2275246,1.01263655e-08,0.0
18.080000000000002,0.6,0.042528287,0.5544247,0.15024936,0.38240784,0.53617156,2.0894644,-2.7341281e-08,0.0
18.085,0.6,0.042528287,0.5544247,0.14147311,0.36007094,0.53522354,2.8853579,1.2973183e-07,0.0
18.09,0.6,0.042528287,0.5544247,0.1332095,0.33903876,0.5343309,3.5575347,-6.5181816e-08,0.0
18.095,0.6,0.042528287,0.5544247,0.12542857,0.3192351,0.5334904,4.1040587,-9.119837e-08,0.0
18.1,0.36047244,0.17944208,0.030768925,0.12152515,0.3005882,0.53222454,4.5329747,-1.16365676e-07,0.0
18.105,0.36047244,0.17944208,0.030768925,0.1358206,0.28303048,0.52854145,4.878294,3.68807e-08,0.0
18.11,0.36047244,0.17944208,0.030768925,0.14928102,0.26649833,0.52507347,5.049367,1.5042518e-08,0.0
18.115000000000002,0.36047244,0.17944208,0.030768925,0.16195521,0.25093183,0.5218081,5.15314,1.4294267e-08,0.0
18.12,0.11800972,0.13537116,0.0958932,0.17607354,0.23667206,0.5195302,5.5740647,-5.229978e-08,0.0
18.125,0.11800972,0.13537116,0.0958932,0.19235052,0.22533189,0.5215684,6.393995,4.9077112e-08,0.0
18.13,0.11800972,0.13537116,0.0958932,0.20844053,0.2146541,0.52348757,7.518443,1.8193058e-08,0.0
18.135,0.11800972,0.13537116,0.0958932,0.22433132,0.20460002,0.52529466,8.857158,6.118731e-08,0.0
18.14,0.6,0.054983445,0.28576082,0.24001083,0.19641279,0.5221022,10.338063,6.926749e-08,0.0
18.145,0.6,0.054983445,0.28576082,0.24704714,0.1954215,0.4934028,11.908517,8.4736946e-08,0.0
18.150000000000002,0.6,0.054983445,0.28576082,0.25367245,0.19448812,0.4663798,13.488151,6.9670605e-08,0.0
18.155,0.6,0.054983445,0.28576082,0.25991076,0.19360927,0.44093522,15.007401,6.981013e-08,0.0
18.16,0.6,0.32027033,0.35093835,0.2635187,0.19236986,0.41758555,16.429783,7.989427e-08,0.0
18.165,0.6,0.32027033,0.35093835,0.25501934,0.1890405,0.39879513,17.72697,1.5069254e-07,0.0
18.17,0.6,0.32027033,0.35093835,0.24701644,0.1859056,0.38110226,19.24375,1.2214784e-07,0.0
18.175,0.6,0.32027033,0.35093835,0.239481,0.18295383,0.36444286,20.940245,1.0102649e-07,0.0
18.18,0.19706036,0.5138519,0.053447593,0.2368903,0.17942318,0.350531,22.562208,9.839962e-08,0.0
18.185,0.19706036,0.5138519,0.053447593,0.2523922,0.1721545,0.3467477,23.991425,1.04154346e-07,0.0
18.19,0.19706036,0.5138519,0.053447593,0.26766142,0.1653104,0.34318537,24.888647,1.4270148e-08,0.0
18.195,0.19706036,0.5138519,0.053447593,0.28268626,0.15886606,0.3398311,25.313417,5.4808115e-08,0.0
18.2,0.45463565,0.6,0.0,0.29745525,0.15527748,0.33728194,25.534124,7.955233e-09,0.0
18.205000000000002,0.45463565,0.6,0.0,0.31195703,0.1649149,0.33807963,25.732801,-6.029193e-08,0.0
18.21,0.45463565,0.6,0.0,0.32618046,0.1739894,0.33883074,26.026936,2.9852394e-08,0.0
18.215,0.45463565,0.6,0.0,0.34011453,0.18253385,0.33953795,26.481724,1.3329251e-08,0.0
18.22,0.6,0.6,0.008768607,0.35152897,0.19238837,0.33742356,27.125841,-2.3570768e-08,0.0
18.225,0.6,0.6,0.008768607,0.34250626,0.20847791,0.3208362,27.951256,2.4007784e-11,0.0
18.23,0.6,0.6,0.008768607,0.3340106,0.22436823,0.30521768,29.399513,1.2532131e-07,0.0
18.235,0.6,0.6,0.008768607,0.32601118,0.24004723,0.2905115,31.400276,2.1593375e-07,0.0
18.240000000000002,0.4702846,0.6,0.0,0.32088625,0.25550297,0.2761648,33.60325,1.9812386e-07,0.0
18.245,0.4702846,0.6,0.0,0.32869872,0.27072364,0.26003367,35.725037,1.4678785e-07,0.0
18.25,0.4702846,0.6,0.0,0.33605486,0.2856976,0.24484478,37.052685,4.819281e-08,0.0
18.255,0.4702846,0.6,0.0,0.3429813,0.3004134,0.2305431,37.432484,1.7500556e-08,0.0
18.26,0.3325983,0.6,0.0,0.35086173,0.31485972,0.21715875,37.096413,-5.459522e-09,0.0
18.265,0.3325983,0.6,0.0,0.36425224,0.32902542,0.20498642,36.25812,-5.4890403e-08,0.0
18.27,0.3325983,0.6,0.0,0.37732387,0.3428996,0.1935251,35.114784,0.09881806,0.0
18.275000000000002,0.3325983,0.6,0.0,0.39006644,0.35647148,0.18273325,33.888607,0.064094186,0.0
18.28,0.44041806,0.6,0.0,0.40111664,0.36973056,0.17248982,32.675953,-7.228394e-08,0.0
18.285,0.44041806,0.6,0.0,0.40515682,0.3826665,0.16241448,31.545332,-3.689671e-09,0.0
18.29,0.44041806,0.6,0.0,0.408961,0.3952692,0.15292765,30.52298,1.9938854e-08,0.0
18.295,0.44041806,0.6,0.0,0.41254297,0.40722775,0.14399496,29.595915,2.880423e-08,0.0
18.3,0.6,0.6,0.0,0.41462895,0.41848782,0.13558404,28.75125,2.0127448e-08,0.0
18.305,0.6,0.6,0.0,0.40983745,0.42909017,0.12766442,27.972992,-3.834532e-08,0.0
18.31,0.6,0.6,0.0,0.40532583,0.43907323,0.120207384,27.873104,1.8275664e-08,0.0
18.315,0.6,0.6,0.0,0.40107772,0.44847316,0.11318593,28.46047,4.2787356e-08,0.0
18.32,0.44344968,0.46197155,0.0,0.39808542,0.45732403,0.1065746,29.351015,6.6586445e-08,0.0
18.325,0.44344968,0.46197155,0.0,0.4005581,0.46565792,0.10034945,30.279394,6.3887235e-08,0.0
18.330000000000002,0.44344968,0.46197155,0.0,0.4028864,0.473505,0.09448791,30.338951,0.7532141,0.0
18.335,0.44344968,0.46197155,0.0,0.40507865,0.48089373,0.08896876,29.46487,2.2923076,0.0
18.34,0.28402454,0.28955725,0.47043633,0.40863428,0.48785087,0.08377199,28.096928,4.1071568,0.0
18.345,0.28402454,0.28955725,0.47043633,0.41981217,0.49440163,0.07887877,26.553751,5.836518,0.0
18.35,0.28402454,0.28955725,0.47043633,0.43033716,0.50056976,0.074271366,25.094704,7.1955605,0.0
18.355,0.28402454,0.28955725,0.47043633,0.4402474,0.5063776,0.06993309,23.888653,8.008364,0.0
18.36,0.6,0.42377752,0.6,0.44811565,0.51055616,0.06584821,23.010738,8.207099,0.0
18.365000000000002,0.6,0.42377752,0.6,0.4478431,0.50771827,0.062001936,22.466541,7.8017106,0.0
18.37,0.6,0.42377752,0.6,0.44758648,0.5050461,0.058380328,22.096138,6.983835,0.0
18.375,0.6,0.42377752,0.6,0.44734484,0.5025301,0.05497026,21.838211,5.829534,0.0
18.38,0.18217993,0.34488842,0.6,0.44562736,0.49854967,0.056155983,21.697672,4.3399515,0.0
18.385,0.18217993,0.34488842,0.6,0.43618795,0.48634216,0.073400095,21.661163,2.5361521,0.0
18.39,0.18217993,0.34488842,0.6,0.42729992,0.4748477,0.09054701,21.700457,0.45502222,0.0
18.395,0.18217993,0.34488842,0.6,0.41893104,0.46402466,0.107583836,21.475843,6.912694e-11,0.0
18.400000000000002,0.27297264,0.35329697,0.6,0.41400403,0.4550882,0.12449775,21.315987,-7.0896697e-09,0.0
18.405,0.27297264,0.35329697,0.6,0.4248683,0.4532593,0.141276,21.290852,-1.9668676e-09,0.0
18.41,0.27297264,0.35329697,0.6,0.43509793,0.45153722,0.15790594,20.674816,0.5531197,0.0
18.415,0.27297264,0.35329697,0.6,0.44473007,0.44991574,0.17437497,19.524225,1.4383613,0.0
18.42,0.33672014,0.59887904,0.6,0.44989473,0.44765168,0.19067064,18.30008,2.1335945,0.0
18.425,0.33672014,0.59887904,0.6,0.43425718,0.44164917,0.2067806,17.255621,2.3624926,0.0
18.43,0.33672014,0.59887904,0.6,0.41953304,0.43599725,0.22269262,17.248165,1.1828452,0.0
18.435,0.33672014,0.59887904,0.6,0.40566897,0.43067548,0.2383946,17.927197,4.9383832e-08,0.0
18.44,0.0,0.6,0.6,0.39346322,0.42574313,0.25387457,18.756887,4.8170488e-08,0.0
18.445,0.0,0.6,0.6,0.38642523,0.42151147,0.26912072,19.691368,9.304013e-08,0.0
18.45,0.0,0.6,0.6,0.37979832,0.417527,0.2841214,20.55892,1.7995651e-08,0.0
18.455000000000002,0.0,0.6,0.6,0.3735585,0.41377524,0.2988651,21.269417,6.026362e-08,0.0
18.46,0.0,0.6,0.6,0.36827892,0.41253778,0.31334054,21.779665,5.2983555e-09,0.0
18.465,0.0,0.6,0.6,0.36643553,0.4234222,0.32753655,22.07345,9.066223e-09,0.0
18.47,0.0,0.6,0.6,0.3646998,0.43367085,0.34144217,22.790398,5.2966996e-08,0.0
18.475,0.0,0.6,0.6,0.36306548,0.44332087,0.35504663,23.980528,7.6848835e-08,0.0
18.48,0.0,0.59072644,0.6,0.3583797,0.4524177,0.3683394,25.301548,8.296914e-08,0.0
18.485,0.0,0.59072644,0.6,0.3374463,0.46103817,0.3813101,26.502499,9.639882e-08,0.0
18.490000000000002,0.0,0.59072644,0.6,0.31773564,0.4691551,0.3939486,27.32184,1.8517962e-08,0.0
18.495,0.0,0.59072644,0.6,0.2991763,0.4767979,0.4059843,27.576374,2.6004985e-09,0.0
18.5,0.0,0.2659076,0.6,0.28170106,0.4839943,0.417317,27.202175,7.2791546e-09,0.0
18.505,0.0,0.2659076,0.6,0.26524657,0.49077034,0.42798775,26.216528,3.135652e-08,0.0
18.51,0.0,0.2659076,0.6,0.24975319,0.49715057,0.4380352,24.693058,-1.6370317e-08,0.0
18.515,0.0,0.2659076,0.6,0.2351648,0.50315815,0.44749576,22.74088,4.5484093e-08,0.0
18.52,0.0,0.0,0.6,0.22142854,0.50872815,0.45640373,20.486544,-4.9987342e-08,0.0
18.525000000000002,0.0,0.0,0.6,0.20849463,0.51351774,0.46479136,18.055048,4.4551967e-08,0.0
18.53,0.0,0.0,0.6,0.19631621,0.5180276,0.47268906,15.557476,-9.329959e-08,0.0
18.535,0.0,0.0,0.6,0.18484914,0.522274,0.48012546,13.090357,6.5472044e-08,0.0
18.54,0.24403907,0.0,0.6,0.17405188,0.5232367,0.48712748,10.744581,1.718919e-08,0.0
18.545,0.24403907,0.0,0.6,0.1638853,0.5082058,0.4937205,8.614124,5.226869e-08,0.0
18.55,0.24403907,0.0,0.6,0.15431255,0.49405283,0.4999284,6.030344,-9.35591e-08,0.0
18.555,0.24403907,0.0,0.6,0.14529897,0.4807266,0.5057737,3.0850751,-6.2900035e-08,0.0
18.56,0.6,0.05641188,0.25995612,0.13681188,0.46569365,0.5112776,0.36467484,9.558082e-08,0.0
18.565,0.6,0.05641188,0.25995612,0.12882054,0.4384919,0.51646,-4.6917648e-09,4.816659e-09,0.0
18.57,0.6,0.05641188,0.25995612,0.12129597,0.41287908,0.52133965,3.4417893e-09,3.2203936e-08,0.0
18.575,0.6,0.05641188,0.25995612,0.114210926,0.38876233,0.5259343,0.017401451,-3.272383e-08,0.0
18.580000000000002,0.6,0.37255022,0.19015999,0.10982047,0.36605424,0.53026056,0.115347095,-4.974109e-08,0.0
18.585,0.6,0.37255022,0.19015999,0.11766034,0.34467256,0.5343341,0.36636686,2.544196e-09,0.0
18.59,0.6,0.37255022,0.19015999,0.12504227,0.3245398,0.53816974,0.6684758,7.365358e-08,0.0
18.595,0.6,0.37255022,0.19015999,0.13199303,0.30558306,0.5417813,1.0677954,-1.703368e-08,0.0
18.6,0.32922968,0.29723355,0.21768358,0.14186451,0.2882608,0.5420039,1.6574407,-2.1767459e-08,0.0
18.605,0.32922968,0.29723355,0.21768358,0.15848899,0.27471823,0.52552915,2.4543648,-4.3719384e-09,0.0
18.61,0.32922968,0.29723355,0.21768358,0.17495212,0.26196668,0.5100167,3.4488735,6.9166546e-08,0.0
18.615000000000002,0.32922968,0.29723355,0.21768358,0.19124146,0.24995998,0.49541035,4.8214273,7.586927e-09,0.0
18.62,0.51439375,0.35845888,0.39835548,0.20734465,0.24160916,0.4810049,6.516476,6.258156e-08,0.0
18.625,0.51439375,0.35845888,0.39835548,0.22324948,0.24925758,0.4640163,8.346491,9.121409e-08,0.0
18.63,0.51439375,0.35845888,0.39835548,0.23894385,0.25645927,0.44802,10.195506,-2.560388e-09,0.0
18.635,0.51439375,0.35845888,0.39835548,0.25441578,0.26324028,0.4329581,12.013304,1.2698317e-07,0.0
18.64,0.6,0.6,0.30477893,0.2696535,0.26892132,0.4190332,13.789895,1.262243e-07,0.0
18.645,0.6,0.6,0.30477893,0.27313343,0.27057508,0.40727213,15.531204,9.1681464e-08,0.0
18.650000000000002,0.6,0.6,0.30477893,0.27641007,0.27213222,0.39619803,17.18263,-5.3186124e-08,0.0
18.655,0.6,0.6,0.30477893,0.27949533,0.2735984,0.3857708,18.686186,1.7865422e-07,0.0
18.66,0.27805144,0.6,0.4036572,0.28413087,0.27555117,0.37764114,20.017273,8.406981e-08,0.0
18.665,0.27805144,0.6,0.4036572,0.2975808,0.2803939,0.3788511,21.181555,8.467764e-08,0.0
18.67,0.27805144,0.6,0.4036572,0.31024513,0.28495377,0.37999037,22.238943,5.2372997e-08,0.0
18.675,0.27805144,0.6,0.4036572,0.3221697,0.2892473,0.3810631,23.227531,5.009508e-08,0.0
18.68,0.46577033,0.6,0.6,0.3341978,0.29554743,0.3811986,24.157862,3.5902595e-08,0.0
18.685,0.46577033,0.6,0.6,0.34796128,0.31008464,0.37673485,25.032455,7.2360784e-08,0.0
18.69,0.46577033,0.6,0.6,0.36141855,0.32434493,0.37253183,25.821651,4.2489006e-08,0.0
18.695,0.46577033,0.6,0.6,0.37455916,0.33831728,0.3685743,26.501389,1.3393733e-08,0.0
18.7,0.3245097,0.517716,0.6,0.38471857,0.3519909,0.365772,27.066368,3.033747e-08,0.0
18.705000000000002,0.3245097,0.517716,0.6,0.378488,0.36535522,0.36798492,27.508503,-2.739873e-08,0.0
18.71,0.3245097,0.517716,0.6,0.3726214,0.3783998,0.37006858,28.363981,6.097584e-08,0.0
18.715,0.3245097,0.517716,0.6,0.36709744,0.39111444,0.37203053,29.61028,1.6498007e-07,0.0
18.72,0.35857138,0.6,0.6,0.36365053,0.4033157,0.37571287,30.891407,2.8965633e-08,0.0
18.725,0.35857138,0.6,0.6,0.36961547,0.41480425,0.388497,31.988499,5.2423816e-09,0.0
18.73,0.35857138,0.6,0.6,0.37523198,0.42562175,0.40085113,32.238064,1.881368e-09,0.0
18.735,0.35857138,0.6,0.6,0.38052043,0.4358074,0.41248366,31.580101,-2.787423e-09,0.0
18.740000000000002,0.3770093,0.6,0.6,0.3841798,0.44462907,0.42343673,30.346403,1.1723693e-08,0.0
18.745,0.3770093,0.6,0.6,0.3806944,0.44889817,0.43375,28.799156,1.2547062e-07,0.0
18.75,0.3770093,0.6,0.6,0.37741256,0.4529179,0.44346088,27.7363,-7.695261e-08,0.0
18.755,0.3770093,0.6,0.6,0.37432244,0.45670283,0.45260453,27.334719,-1.6260516e-08,0.0
18.76,0.15357399,0.6,0.6,0.37173116,0.4610357,0.4612141,27.344566,-1.31985045e-08,0.0
18.765,0.15357399,0.6,0.6,0.37096247,0.46915278,0.46932074,27.571293,2.080956e-08,0.0
18.77,0.15357399,0.6,0.6,0.3702387,0.47679573,0.4769539,27.866282,-1.0587925e-08,0.0
18.775000000000002,0.15357399,0.6,0.6,0.3695572,0.48399225,0.48414117,28.126415,4.1784308e-08,0.0
18.78,0.0,0.6,0.6,0.36908782,0.4907684,0.49090862,28.289822,-2.414402e-09,0.0
18.785,0.0,0.6,0.6,0.36955053,0.49714875,0.49728078,28.327654,-2.9852448e-08,0.0
18.79,0.0,0.6,0.6,0.3699862,0.5031564,0.50328076,27.642887,1.1113774e-08,0.0
18.795,0.0,0.6,0.6,0.37039644,0.5088132,0.50893027,26.199211,-3.6201776e-08,0.0
18.8,0.0,0.6,0.6,0.3686945,0.51413953,0.51424974,24.345829,-6.875659e-09,0.0
18.805,0.0,0.6,0.6,0.35612905,0.5191547,0.5192585,22.939758,-3.4036322e-08,0.0
18.81,0.0,0.6,0.6,0.34429756,0.523877,0.5239747,22.144192,3.001505e-08,0.0
18.815,0.0,0.6,0.6,0.33315715,0.5283235,0.52841544,21.678514,4.642942e-08,0.0
18.82,0.0,0.34854776,0.6,0.3212322,0.53251016,0.53259677,21.33602,4.4641254e-08,0.0
18.825,0.0,0.34854776,0.6,0.30246863,0.53645235,0.5365339,20.967093,4.700013e-08,0.0
18.830000000000002,0.0,0.34854776,0.6,0.28480107,0.54016423,0.540241,20.42891,-7.542545e-09,0.0
18.835,0.0,0.34854776,0.6,0.2681655,0.5436593,0.5437316,19.627113,5.2131373e-08,0.0
18.84,0.0,0.0,0.6,0.25250164,0.5469503,0.5470183,18.534458,-6.7248735e-08,0.0
18.845,0.0,0.0,0.6,0.2377527,0.550049,0.550113,17.17109,8.004813e-08,0.0
18.85,0.0,0.0,0.6,0.22386529,0.5529667,0.553027,15.58613,-3.8968984e-08,0.0
18.855,0.0,0.0,0.6,0.21078904,0.555714,0.55577075,13.844588,3.2923025e-10,0.0
18.86,0.28907186,0.0,0.38850126,0.1984766,0.55595076,0.55835426,12.019491,-1.4347838e-08,0.0
18.865000000000002,0.28907186,0.0,0.38850126,0.18688335,0.5438361,0.56078684,10.193677,-7.1890504e-08,0.0
18.87,0.28907186,0.0,0.38850126,0.17596726,0.5324291,0.56307733,7.635527,3.215573e-07,0.0
18.875,0.28907186,0.0,0.38850126,0.1656888,0.52168834,0.565234,4.4355726,1.3797603e-07,0.0
18.88,0.5907109,0.0,0.6,0.15601072,0.50831753,0.56726474,1.2533184,3.936213e-08,0.0
18.885,0.5907109,0.0,0.6,0.14689794,0.47862607,0.56917685,-7.827152e-09,-2.8681127e-08,0.0
18.89,0.5907109,0.0,0.6,0.13831745,0.45066893,0.5709773,1.470586e-08,1.3494245e-08,0.0
18.895,0.5907109,0.0,0.6,0.13023816,0.4243448,0.57267255,-3.636545e-09,-8.647126e-08,0.0
18.900000000000002,0.5109624,0.06814476,0.41686907,0.1253324,0.3995583,0.57229215,0.033924546,-5.986662e-08,0.0
18.905,0.5109624,0.06814476,0.41686907,0.13489662,0.37621963,0.5615567,0.17703515,-5.9631844e-08,0.0
18.91,0.5109624,0.06814476,0.41686907,0.14390218,0.35424417,0.55144835,0.35441718,-3.699593e-08,0.0
18.915,0.5109624,0.06814476,0.41686907,0.15238172,0.33355233,0.54193044,0.6680161,-5.4517358e-08,0.0
18.92,0.36409047,0.1713999,0.6,0.16318502,0.31406912,0.5349451,1.2621381,1.02651015e-07,0.0
18.925,0.36409047,0.1713999,0.6,0.17960002,0.29572397,0.538745,2.173791,7.8871594e-08,0.0
18.93,0.36409047,0.1713999,0.6,0.1958377,0.27845037,0.542323,3.3880997,-8.119009e-09,0.0
18.935,0.36409047,0.1713999,0.6,0.21188577,0.26218575,0.54569197,4.8330784,1.12025795e-07,0.0
18.94,0.284437,0.4325803,0.6,0.227732,0.24750803,0.54715264,6.6375775,6.5483086e-08,0.0
18.945,0.284437,0.4325803,0.6,0.24336436,0.2370312,0.5395426,8.716517,1.6330344e-07,0.0
18.95,0.284437,0.4325803,0.6,0.2587709,0.22716634,0.5323771,10.876668,1.9570642e-07,0.0
18.955000000000002,0.284437,0.4325803,0.6,0.27350172,0.2178777,0.5256302,13.015245,9.582966e-08,0.0
18.96,0.40763023,0.572388,0.6,0.28599945,0.21009663,0.5209888,15.086806,4.2536957e-08,0.0
18.965,0.40763023,0.572388,0.6,0.29056084,0.2078363,0.52560395,17.064005,8.765306e-08,0.0
18.97,0.40763023,0.572388,0.6,0.2948558,0.20570801,0.5299495,18.899218,4.016303e-08,0.0
18.975,0.40763023,0.572388,0.6,0.2988999,0.20370403,0.5340412,20.552774,2.8277073e-08,0.0
18.98,0.079422966,0.6,0.58967984,0.30196333,0.20425804,0.53789395,22.011276,3.863329e-08,0.0
18.985,0.079422966,0.6,0.58967984,0.3009396,0.21759462,0.54152167,23.276737,2.7124106e-08,0.0
18.990000000000002,0.079422966,0.6,0.58967984,0.29997566,0.23015219,0.54493743,24.837606,1.1522258e-07,0.0
18.995,0.079422966,0.6,0.58967984,0.29906803,0.24197626,0.5481537,26.74648,8.748762e-08,0.0
19.0,0.0,0.6,0.6,0.29936475,0.2544163,0.5511821,28.776457,8.2853e-08,0.0
19.005,0.0,0.6,0.6,0.30568865,0.26965398,0.5540336,30.304123,5.6666074e-08,0.0
19.01,0.0,0.6,0.6,0.31164318,0.2846458,0.5567185,31.149492,7.02967e-09,0.0
19.015,0.0,0.6,0.6,0.3172499,0.29938024,0.55924666,31.441975,2.5865347e-08,0.0
19.02,0.0,0.6,0.5156974,0.31946176,0.313846,0.56153065,31.288794,1.3112947e-08,0.0
19.025000000000002,0.0,0.6,0.5156974,0.3054408,0.32803193,0.5631749,30.774523,1.4616873e-08,0.0
19.03,0.0,0.6,0.5156974,0.29223883,0.3419271,0.5647231,30.395464,-2.1861984e-08,0.0
19.035,0.0,0.6,0.5156974,0.27980798,0.35552076,0.5661808,30.166769,5.5769878e-09,0.0
19.04,0.0,0.5784346,0.6,0.267361,0.36880234,0.5676499,29.830833,7.2837885e-08,0.0
19.045,0.0,0.5784346,0.6,0.2517441,0.3817615,0.5695395,29.23242,1.5146421e-08,0.0
19.05,0.0,0.5784346,0.6,0.23703942,0.3943881,0.57131875,28.269802,-3.9260797e-08,0.0
19.055,0.0,0.5784346,0.6,0.22319366,0.40639815,0.57299405,26.903635,-1.4219388e-07,0.0
19.06,0.0,0.30477667,0.55037904,0.21015665,0.41770667,0.57378364,25.155043,-3.0033554e-08,0.0
19.065,0.0,0.30477667,0.55037904,0.19788115,0.42835465,0.57039076,23.085438,9.3599674e-08,0.0
19.07,0.0,0.30477667,0.55037904,0.18632267,0.43838066,0.5671961,20.772074,-9.1731984e-08,0.0
19.075,0.0,0.30477667,0.55037904,0.17543934,0.44782105,0.56418794,18.298494,7.8559545e-08,0.0
19.080000000000002,0.0,0.09297177,0.33035904,0.16519172,0.45650846,0.56214345,15.747217,1.4684932e-07,0.0
19.085,0.0,0.09297177,0.33035904,0.15554267,0.46363032,0.5643547,13.20609,-8.396589e-08,0.0
19.09,0.0,0.09297177,0.33035904,0.14645724,0.47033617,0.5664368,10.782081,-1.7404059e-08,0.0
19.095,0.0,0.09297177,0.33035904,0.1379025,0.47665033,0.5683973,8.574998,4.5965432e-08,0.0
19.1,0.50488,0.004849184,0.6,0.12984745,0.4800381,0.5697795,6.6602592,-9.196062e-08,0.0
19.105,0.50488,0.004849184,0.6,0.1222629,0.46980086,0.5686463,5.0938935,-1.622014e-08,0.0
19.11,0.50488,0.004849184,0.6,0.11512138,0.4601616,0.56757927,3.189793,-2.5113572e-08,0.0
19.115000000000002,0.50488,0.004849184,0.6,0.108397,0.45108536,0.5665746,0.95739245,-5.7063563e-08,0.0
19.12,0.6,0.23635273,0.1559087,0.1020654,0.4405598,0.5635723,-7.020407e-09,-1.5613962e-08,0.0
19.125,0.6,0.23635273,0.1559087,0.09610364,0.42025676,0.54995,2.3756153e-09,-5.8020753e-09,0.0
19.13,0.6,0.23635273,0.1559087,0.09049011,0.40113965,0.53712344,5.562515e-09,7.800845e-09,0.0
19.135,0.6,0.23635273,0.1559087,0.085204475,0.3831392,0.5250461,-1.0240241e-08,2.7274773e-08,0.0
19.14,0.28400463,0.0,0.49753943,0.08494608,0.36536658,0.5161942,3.3111986e-09,5.555808e-08,0.0
19.145,0.28400463,0.0,0.49753943,0.10202035,0.34430832,0.52108943,2.31401e-09,-3.5436646e-08,0.0
19.150000000000002,0.28400463,0.0,0.49753943,0.11897591,0.3244801,0.5256987,0.01062172,1.1455212e-08,0.0
19.155,0.28400463,0.0,0.49753943,0.13579996,0.30581006,0.5300388,0.2342524,3.6571315e-08,0.0
19.16,0.6,0.046235528,0.52330065,0.15247983,0.29039416,0.52997494,0.85119236,1.4137515e-08,0.0
19.165,0.6,0.046235528,0.52330065,0.1690029,0.28723752,0.5081253,1.8742981,6.7542885e-08,0.0
19.17,0.6,0.046235528,0.52330065,0.18535669,0.28426528,0.4875519,3.1830385,1.4905511e-07,0.0
19.175,0.6,0.046235528,0.52330065,0.20152879,0.28146666,0.4681802,4.625361,2.3719394e-07,0.0
19.18,0.6,0.6,0.46758375,0.21750695,0.2766226,0.45313287,6.0778246,1.7386652e-07,0.0
19.185,0.6,0.6,0.46758375,0.22139116,0.26046473,0.4557267,7.471922,-4.540492e-08,0.0
19.19,0.6,0.6,0.46758375,0.22504848,0.24525067,0.45816904,8.755601,7.802364e-08,0.0
19.195,0.6,0.6,0.46758375,0.22849219,0.23092528,0.4604687,10.128047,8.463721e-08,0.0
19.2,0.41383117,0.6,0.6,0.23468795,0.21786876,0.4628748,11.584992,1.5436744e-07,0.0
19.205000000000002,0.41383117,0.6,0.6,0.2502217,0.20784345,0.46640435,13.014461,-7.1508532e-09,0.0
19.21,0.41383117,0.6,0.6,0.26552442,0.19840375,0.46972772,14.421165,1.1570107e-07,0.0
19.215,0.41383117,0.6,0.6,0.2805844,0.18951541,0.472857,15.840837,8.408822e-08,0.0
19.22,0.268767,0.6,0.6,0.29539013,0.18632163,0.47528276,17.292532,5.1048154e-08,0.0
19.225,0.268767,0.6,0.6,0.30993024,0.20248257,0.47483304,18.78317,1.9343152e-09,0.0
19.23,0.268767,0.6,0.6,0.32419354,0.21844882,0.4744096,20.30868,1.3135957e-08,0.0
19.235,0.268767,0.6,0.6,0.33816904,0.23420826,0.4740109,21.86479,-1.702702e-08,0.0
19.240000000000002,0.14172201,0.5820784,0.6,0.35172302,0.24974889,0.47487304,23.448961,1.0205592e-07,0.0
19.245,0.14172201,0.5820784,0.6,0.35535082,0.26505885,0.48218185,25.062925,4.171668e-08,0.0
19.25,0.14172201,0.5820784,0.6,0.35876673,0.28012645,0.48906374,26.660007,8.911102e-08,0.0
19.255,0.14172201,0.5820784,0.6,0.36198312,0.29494014,0.49554366,28.110731,1.1369458e-07,0.0
19.26,0.3511747,0.6,0.6,0.3636559,0.30948856,0.5016451,29.292309,8.914886e-08,0.0
19.265,0.3511747,0.6,0.6,0.35811332,0.3237605,0.50739014,30.131931,-5.617276e-09,0.0
19.27,0.3511747,0.6,0.6,0.35289448,0.337745,0.5127996,31.152222,9.315283e-08,0.0
19.275000000000002,0.3511747,0.6,0.6,0.3479805,0.35143122,0.5178931,32.379444,5.77277e-08,0.0
19.28,0.0,0.6,0.50647885,0.34216622,0.36480853,0.52268904,33.521088,2.1607216e-08,0.0
19.285,0.0,0.6,0.50647885,0.33045802,0.37749952,0.5272049,34.388256,1.1190933e-08,0.0
19.29,0.0,0.6,0.50647885,0.31943372,0.3894492,0.53145695,34.84055,6.78686e-08,0.0
19.295,0.0,0.6,0.50647885,0.30905336,0.40070093,0.53546065,34.804466,4.1681236e-08,0.0
19.3,0.0,0.6,0.5528192,0.30123684,0.4114629,0.53923047,34.275517,-1.4125414e-08,0.0
19.305,0.0,0.6,0.5528192,0.30415377,0.42247558,0.5427801,33.305874,-5.0069686e-09,0.0
19.31,0.0,0.6,0.5528192,0.30690032,0.432845,0.5461224,31.538933,7.202799e-08,0.0
19.315,0.0,0.6,0.5528192,0.30948645,0.4426087,0.54926944,29.07647,-1.1095213e-07,0.0
19.32,0.0,0.6,0.6,0.3086395,0.45180213,0.55135864,26.293737,-2.74347e-08,0.0
19.325,0.0,0.6,0.6,0.2906115,0.46045855,0.54873717,23.9622,-9.342031e-09,0.0
19.330000000000002,0.0,0.6,0.6,0.27363655,0.46860933,0.5462688,22.194561,3.9349842e-08,0.0
19.335,0.0,0.6,0.6,0.25765312,0.47628403,0.54394466,20.723938,-9.8365035e-08,0.0
19.34,0.0,0.3368915,0.6,0.24260329,0.48351043,0.5421893,19.36865,1.3733786e-08,0.0
19.345,0.0,0.3368915,0.6,0.22843254,0.49031472,0.5428102,18.009768,2.9197041e-08,0.0
19.35,0.0,0.3368915,0.6,0.21508951,0.49672157,0.54339486,16.583235,5.548655e-08,0.0
19.355,0.0,0.3368915,0.6,0.20252588,0.5027542,0.5439454,15.061403,-7.789841e-09,0.0
19.36,0.0,0.0,0.6,0.1906961,0.5084345,0.54490465,13.446517,3.82363e-08,0.0
19.365000000000002,0.0,0.0,0.6,0.17955731,0.5137829,0.5481228,11.768942,-4.5923418e-08,0.0
19.37,0.0,0.0,0.6,0.16906916,0.518819,0.551153,10.079256,8.0999705e-08,0.0
19.375,0.0,0.0,0.6,0.15919362,0.5235609,0.5540062,8.438334,1.2359159e-07,0.0
19.38,0.16323535,0.0,0.3436361,0.14989492,0.5255668,0.5566928,6.9074483,-1.1883611e-07,0.0
19.385,0.16323535,0.0,0.3436361,0.14113937,0.51454604,0.5592224,5.5473666,-1.7513138e-07,0.0
19.39,0.16323535,0.0,0.3436361,0.13289525,0.50416905,0.56160426,3.6337206,-4.419055e-08,0.0
19.395,0.16323535,0.0,0.3436361,0.12513268,0.49439818,0.563847,1.2174422,1.2663901e-07,0.0
19.400000000000002,0.46330768,0.0,0.4466641,0.117823526,0.4820495,0.56595874,4.1994785e-09,-8.862957e-09,0.0
19.405,0.46330768,0.0,0.4466641,0.11094131,0.4538924,0.56794715,-1.9927078e-09,-8.526932e-08,0.0
19.41,0.46330768,0.0,0.4466641,0.104461096,0.42738,0.5698194,-1.0415044e-08,9.386278e-08,0.0
19.415,0.46330768,0.0,0.4466641,0.0983594,0.4024162,0.57158226,-6.771352e-11,-3.5413896e-09,0.0
19.42,0.5415391,0.2185129,0.10873052,0.09413967,0.37891057,0.57084626,2.5541105e-08,-5.7292116e-08,0.0
19.425,0.5415391,0.2185129,0.10873052,0.09817564,0.35677794,0.5575746,1.2172069e-08,2.1427591e-07,0.0
19.43,0.5415391,0.2185129,0.10873052,0.10197585,0.3359381,0.5450782,3.258411e-08,7.219757e-08,0.0
19.435,0.5415391,0.2185129,0.10873052,0.10555409,0.31631553,0.5333117,0.045415204,7.7540676e-08,0.0
19.44,0.346499,0.38548702,0.05694684,0.11172774,0.29783916,0.52319545,0.24697985,3.3102594e-08,0.0
19.445,0.346499,0.38548702,0.05694684,0.12860969,0.28044203,0.51872516,0.6843744,3.778942e-08,0.0
19.45,0.346499,0.38548702,0.05694684,0.14535287,0.26406106,0.514516,1.4206407,3.6694503e-09,0.0
19.455000000000002,0.346499,0.38548702,0.05694684,0.16194464,0.24863693,0.5105527,2.6614852,1.3068814e-07,0.0
19.46,0.35858122,0.422359,0.19903776,0.17837247,0.23615593,0.50366265,4.325079,2.8475134e-07,0.0
19.465,0.35858122,0.422359,0.19903776,0.19462392,0.23512538,0.4805942,6.1728773,-9.024949e-09,0.0
19.47,0.35858122,0.422359,0.19903776,0.21068665,0.23415501,0.45887318,8.034174,1.2093303e-08,0.0
19.475,0.35858122,0.422359,0.19903776,0.22654848,0.23324133,0.43842092,9.8227215,1.0026269e-07,0.0
19.48,0.6,0.53968936,0.153729,0.24219732,0.23394154,0.41867936,11.520999,5.2891874e-08,0.0
19.485,0.6,0.53968936,0.153729,0.2482897,0.2427935,0.39755014,13.14919,3.633216e-08,0.0
19.490000000000002,0.6,0.53968936,0.153729,0.25402623,0.2511284,0.3776551,14.6838,6.705784e-08,0.0
19.495,0.6,0.53968936,0.153729,0.25942767,0.25897646,0.35892212,16.093475,4.4485038e-08,0.0
19.5,0.5373532,0.6,0.0,0.26462653,0.2667107,0.34261134,17.368414,6.129124e-08,0.0
19.505,0.5373532,0.6,0.0,0.27011454,0.2758023,0.33422503,18.512236,9.782412e-08,0.0
19.51,0.5373532,0.6,0.0,0.275282,0.28436285,0.32632858,19.539082,5.9091867e-08,0.0
19.515,0.5373532,0.6,0.0,0.2801476,0.29242337,0.31889337,20.463232,6.9468506e-08,0.0
19.52,0.52029467,0.6,0.053463403,0.28698528,0.3011096,0.31146902,21.257256,3.2520894e-08,0.0
19.525000000000002,0.52029467,0.6,0.053463403,0.30167812,0.31504536,0.30225524,21.897968,1.7317769e-08,0.0
19.53,0.52029467,0.6,0.053463403,0.3161005,0.32816708,0.29357964,22.406084,-5.981472e-09,0.0
19.535,0.52029467,0.6,0.053463403,0.33024135,0.34052235,0.2854108,22.81625,3.1066616e-08,0.0
19.54,0.6,0.6,0.43927476,0.34408972,0.35271958,0.27628237,23.159658,3.3273928e-10,0.0
19.545,0.6,0.6,0.43927476,0.35537848,0.3660669,0.26014438,23.461304,1.5930834e-08,0.0
19.55,0.6,0.6,0.43927476,0.36600783,0.37909395,0.24494903,23.724161,1.3498227e-08,0.0
19.555,0.6,0.6,0.43927476,0.37601632,0.39179054,0.23064126,23.943129,-8.688896e-09,0.0
19.56,0.53394717,0.6,0.54467833,0.3852808,0.4039523,0.21766889,24.115646,1.171524e-08,0.0
19.565,0.53394717,0.6,0.54467833,0.3931671,0.4154037,0.20807745,24.241259,6.612602e-09,0.0
19.57,0.53394717,0.6,0.54467833,0.40059277,0.4261862,0.19904625,24.319412,1.2819427e-08,0.0
19.575,0.53394717,0.6,0.54467833,0.4075847,0.43633887,0.19054258,24.351288,2.667278e-10,0.0
19.580000000000002,0.23131932,0.6,0.5451977,0.41491312,0.44589853,0.18614133,24.341537,-4.826589e-10,0.0
19.585,0.23131932,0.6,0.5451977,0.42572427,0.4548998,0.20092715,24.30094,4.493154e-09,0.0
19.59,0.23131932,0.6,0.5451977,0.43590394,0.46337527,0.21484932,24.260635,-1.4203269e-09,0.0
19.595,0.23131932,0.6,0.5451977,0.445489,0.47135568,0.22795828,24.249863,-4.0677497e-09,0.0
19.6,0.3248462,0.6,0.6,0.45389685,0.47886994,0.2412866,24.283487,-2.2822426e-09,0.0
19.605,0.3248462,0.6,0.6,0.4585727,0.48594528,0.25672406,24.362455,-1.3174737e-09,0.0
19.61,0.3248462,0.6,0.6,0.46297538,0.49260736,0.2719255,24.464224,3.2741767e-09,0.0
19.615000000000002,0.3248462,0.6,0.6,0.46712092,0.4988803,0.28687933,24.563148,1.0058538e-08,0.0
19.62,0.15729894,0.6,0.6,0.468196,0.50478685,0.30157408,24.642431,-1.5190517e-09,0.0
19.625,0.15729894,0.6,0.6,0.45435974,0.5103484,0.31580442,24.679264,-4.2497159e-10,0.0
19.63,0.15729894,0.6,0.6,0.44133168,0.51558506,0.32920358,25.307785,3.5576523e-08,0.0
19.635,0.15729894,0.6,0.6,0.4290646,0.52051586,0.34182006,26.48689,3.009096e-08,0.0
19.64,0.0,0.6,0.6,0.41838813,0.52515864,0.35421178,27.76857,6.5734646e-08,0.0
19.645,0.0,0.6,0.6,0.41292423,0.5295302,0.36752418,28.865133,2.1856755e-08,0.0
19.650000000000002,0.0,0.6,0.6,0.40777948,0.53364646,0.38051516,29.645878,4.1753413e-08,0.0
19.655,0.0,0.6,0.6,0.40293527,0.53752226,0.39317456,30.075087,1.02440465e-08,0.0
19.66,0.0,0.6,0.6,0.39680812,0.54117167,0.4052555,30.165413,-1.0809932e-08,0.0
19.665,0.0,0.6,0.6,0.3828181,0.5446079,0.41663074,29.949713,2.3776836e-08,0.0
19.67,0.0,0.6,0.6,0.36964527,0.5478434,0.42734158,29.425884,2.0181185e-08,0.0
19.675,0.0,0.6,0.6,0.35724187,0.5508899,0.43742678,28.599321,2.8986955e-09,0.0
19.68,0.0,0.6,0.6,0.34409288,0.5537585,0.44692287,27.505388,3.7635534e-08,0.0
19.685,0.0,0.6,0.6,0.32399398,0.55645955,0.45586428,26.185602,-1.2759064e-08,0.0
19.69,0.0,0.6,0.6,0.3050691,0.5590028,0.46428344,24.638681,1.3703281e-08,0.0
19.695,0.0,0.6,0.6,0.28724962,0.5613975,0.4722108,22.868763,-9.39808e-08,0.0
19.7,0.0,0.52995485,0.6,0.27047104,0.56365234,0.4796751,20.914629,6.158187e-08,0.0
19.705000000000002,0.0,0.52995485,0.6,0.2546725,0.56577545,0.48670343,18.838135,-1.6172864e-08,0.0
19.71,0.0,0.52995485,0.6,0.23979677,0.56777453,0.4933212,16.70888,-2.9866214e-08,0.0
19.715,0.0,0.52995485,0.6,0.22578995,0.56965685,0.49955246,14.590692,-6.4275156e-08,0.0
19.72,0.0,0.28851542,0.6,0.21260129,0.57142925,0.50541973,12.536663,5.788436e-08,0.0
19.725,0.0,0.28851542,0.6,0.20018299,0.5730981,0.5109443,10.590124,-4.129572e-08,0.0
19.73,0.0,0.28851542,0.6,0.18849006,0.5746695,0.5161462,8.787617,3.946882e-08,0.0
19.735,0.0,0.28851542,0.6,0.17748013,0.57614905,0.5210442,7.162043,1.8406776e-07,0.0
19.740000000000002,0.36762157,0.13968773,0.6,0.1671133,0.5768876,0.5256561,5.741725,6.390578e-08,0.0
19.745,0.36762157,0.13968773,0.6,0.15735202,0.5741462,0.5299986,4.5458817,-1.954989e-09,0.0
19.75,0.36762157,0.13968773,0.6,0.14816089,0.5715649,0.5340875,2.6939433,8.654481e-08,0.0
19.755,0.36762157,0.13968773,0.6,0.13950664,0.5691344,0.5379375,0.1681449,-2.7808065e-08,0.0
19.76,0.155464,0.2067341,0.427532,0.1313579,0.56458944,0.5415627,6.5859966e-09,6.1965515e-08,0.0
19.765,0.155464,0.2067341,0.427532,0.12368512,0.54846364,0.54497606,-1.1527906e-08,-8.73816e-09,0.0
19.77,0.155464,0.2067341,0.427532,0.116460524,0.5332798,0.54819006,1.5252707e-09,-1.562873e-08,0.0
19.775000000000002,0.155464,0.2067341,0.427532,0.10965792,0.51898277,0.55121636,5.394908e-09,-1.9212127e-08,0.0
19.78,0.0,0.0,0.6,0.10668839,0.50413,0.5540659,8.112202e-09,1.1724934e-09,0.0
19.785,0.0,0.0,0.6,0.12192981,0.4828425,0.5567489,2.5046754e-09,-5.19882e-08,0.0
19.79,0.0,0.0,0.6,0.13628095,0.46279842,0.55927527,3.898397e-09,3.7774928e-08,0.0
19.795,0.0,0.0,0.6,0.14979383,0.44392514,0.56165403,-3.6415e-09,2.2573204e-08,0.0
19.8,0.21420844,0.0,0.46757808,0.16053464,0.42678088,0.562282,1.3746496e-08,4.0870994e-08,0.0
19.805,0.21420844,0.0,0.46757808,0.16023846,0.41392767,0.5544111,-5.3105484e-09,-1.9612616e-08,0.0
19.81,0.21420844,0.0,0.46757808,0.15995958,0.40182525,0.54699993,0.3153072,-2.2023906e-08,0.0
19.815,0.21420844,0.0,0.46757808,0.159697,0.39042974,0.54002166,1.0065751,-4.3171212e-08,0.0
19.82,0.6,0.048957255,0.5427863,0.1579968,0.37776774,0.53506285,1.9116006,1.07145986e-07,0.0
19.825,0.6,0.048957255,0.5427863,0.14876802,0.35570186,0.5388559,2.876527,6.134785e-08,0.0
19.830000000000002,0.6,0.048957255,0.5427863,0.1400783,0.33492488,0.5424274,3.7903829,2.7048523e-08,0.0
19.835,0.6,0.048957255,0.5427863,0.13189617,0.3153615,0.5457903,4.579385,2.3400549e-08,0.0
19.84,0.3676129,0.19796135,0.031592596,0.1261939,0.29694086,0.5477192,5.2042117,5.4793357e-08,0.0
19.845,0.3676129,0.19796135,0.031592596,0.13133493,0.27959618,0.5430381,5.664689,-4.285321e-08,0.0
19.85,0.3676129,0.19796135,0.031592596,0.13617568,0.26326463,0.53863037,5.802629,-1.0527161e-07,0.0
19.855,0.3676129,0.19796135,0.031592596,0.14073366,0.24788702,0.5344801,5.6926637,-5.7835756e-08,0.0
19.86,0.0991509,0.062751696,0.15478536,0.14863093,0.23386517,0.53127515,5.7349954,-5.857939e-08,0.0
19.865000000000002,0.0991509,0.062751696,0.15478536,0.16519143,0.22306448,0.53194755,6.056498,1.1113028e-07,0.0
19.87,0.0991509,0.062751696,0.15478536,0.18158552,0.21289466,0.5325807,6.647923,1.4372282e-08,0.0
19.875,0.0991509,0.062751696,0.15478536,0.19780079,0.20331888,0.5331768,7.494564,2.147477e-08,0.0
19.88,0.54153997,0.0886285,0.32238147,0.21382493,0.195695,0.5289606,8.55451,7.882213e-08,0.0
19.885,0.54153997,0.0886285,0.32238147,0.22280787,0.19582738,0.49990872,9.780969,-1.586772e-08,0.0
19.89,0.54153997,0.0886285,0.32238147,0.23126611,0.19595203,0.47255382,11.095848,5.196821e-08,0.0
19.895,0.54153997,0.0886285,0.32238147,0.23923029,0.19606939,0.44679675,12.429578,5.7411828e-08,0.0
19.900000000000002,0.6,0.17572041,0.41513482,0.24422029,0.19491626,0.4236955,13.739816,6.255159e-08,0.0
19.905,0.6,0.17572041,0.41513482,0.2357466,0.18719637,0.40798813,14.986731,8.674634e-08,0.0
19.91,0.6,0.17572041,0.41513482,0.22776788,0.17992741,0.39319825,16.464506,1.10366415e-07,0.0
19.915,0.6,0.17572041,0.41513482,0.22025521,0.17308304,0.37927228,18.10897,1.05038154e-07,0.0
19.92,0.27851138,0.5181719,0.08473948,0.21731584,0.1668803,0.36772606,19.666058,1.9944027e-08,0.0
19.925,0.27851138,0.5181719,0.08473948,0.23309045,0.16230951,0.36507744,21.016853,4.8117318e-08,0.0
19.93,0.27851138,0.5181719,0.08473948,0.2486471,0.15800571,0.36258352,21.858826,3.277316e-08,0.0
19.935,0.27851138,0.5181719,0.08473948,0.26397392,0.15395331,0.36023527,22.263094,-1.4942257e-08,0.0
19.94,0.41714224,0.5951224,0.06986812,0.2790592,0.15095155,0.35889104,22.487917,2.1332719e-08,0.0
19.945,0.41714224,0.5951224,0.06986812,0.2938914,0.15239833,0.3621763,22.707449,8.496208e-09,0.0
19.95,0.41714224,0.5951224,0.06986812,0.30845913,0.1537606,0.36526966,23.033854,1.2720027e-08,0.0
19.955000000000002,0.41714224,0.5951224,0.06986812,0.3227512,0.15504329,0.36818233,23.527565,3.4237775e-08,0.0
19.96,0.6,0.6,0.0,0.33594108,0.15945154,0.36783707,24.213154,-9.955235e-09,0.0
19.965,0.6,0.6,0.0,0.33258653,0.17590491,0.35130098,25.085909,8.5811386e-08,0.0
19.97,0.6,0.6,0.0,0.32942793,0.19218376,0.3357308,26.5909,8.6371315e-08,0.0
19.975,0.6,0.6,0.0,0.32645383,0.20827575,0.32107008,28.68068,1.1427677e-07,0.0
19.98,0.43071893,0.6,0.0,0.3249491,0.22416866,0.30712673,31.029322,2.2146766e-07,0.0
19.985,0.43071893,0.6,0.0,0.3303342,0.2398504,0.29326817,33.43662,1.9701417e-07,0.0
19.990000000000002,0.43071893,0.6,0.0,0.33540475,0.25530905,0.2802191,35.28434,1.0871218e-07,0.0
19.995,0.43071893,0.6,0.0,0.34017915,0.27053276,0.26793227,36.363613,3.2865707e-08,0.0
20.0,0.40227053,0.6,0.0,0.3463836,0.2855099,0.25571012,36.78609,8.3222975e-09,0.0
20.005,0.40227053,0.6,0.0,0.35987687,0.30022904,0.24077378,36.668102,-2.5211412e-08,0.0
20.01,0.40227053,0.6,0.0,0.37305468,0.31467882,0.22670989,36.16238,-1.1910491e-08,0.0
20.015,0.40227053,0.6,0.0,0.38590676,0.32884815,0.2134675,35.419224,-2.9995434e-08,0.0
20.02,0.5461968,0.6,0.0,0.39683014,0.34272608,0.2009986,34.560196,-3.4005144e-08,0.0
20.025000000000002,0.5461968,0.6,0.0,0.3988096,0.35630187,0.18925804,33.673054,-4.9710227e-08,0.0
20.03,0.5461968,0.6,0.0,0.40067348,0.36956498,0.17820325,32.77918,-8.46055e-09,0.0
20.035,0.5461968,0.6,0.0,0.40242848,0.38250506,0.16779418,31.876513,-3.3989192e-08,0.0
20.04,0.41151538,0.6,0.0,0.4038151,0.395112,0.15799312,30.966331,-2.9063235e-08,0.0
20.045,0.41151538,0.6,0.0,0.40372488,0.40707976,0.14876455,30.050741,-1.5650938e-08,0.0
20.05,0.41151538,0.6,0.0,0.4036399,0.41834846,0.14007503,29.775743,3.7430796e-09,0.0
20.055,0.41151538,0.6,0.0,0.40355992,0.42895895,0.13189307,30.200155,2.9540322e-08,0.0
20.06,0.6,0.6,0.0,0.4048297,0.43894967,0.124189034,30.980303,5.259611e-08,0.0
20.065,0.6,0.6,0.0,0.41308713,0.4483568,0.116935,31.122835,0.6085344,0.0
20.07,0.6,0.6,0.0,0.42086223,0.45721447,0.11010469,30.488384,1.8341187,0.0
20.075,0.6,0.6,0.0,0.42818317,0.46555474,0.10367334,29.45877,3.2361698,0.0
20.080000000000002,0.3006444,0.20612657,0.28647074,0.43381777,0.47340786,0.097617656,28.29846,4.5165596,0.0
20.085,0.3006444,0.20612657,0.28647074,0.43251505,0.48080227,0.09191569,27.172152,5.4961967,0.0
20.09,0.3006444,0.20612657,0.28647074,0.43128845,0.48776475,0.086546786,26.982851,5.1814504,0.0
20.095,0.3006444,0.20612657,0.28647074,0.4301335,0.49432054,0.081491485,27.7042,3.63935,0.0
20.1,0.6,0.33423364,0.56975734,0.43080753,0.5004934,0.076731466,28.812288,1.4791843,0.0
20.105,0.6,0.33423364,0.56975734,0.44069028,0.5063057,0.07224949,29.13259,0.022799343,0.0
20.11,0.6,0.33423364,0.56975734,0.44999576,0.5117785,0.06802931,28.42897,0.18661991,0.0
20.115000000000002,0.6,0.33423364,0.56975734,0.4587577,0.5169316,0.06405564,27.37465,0.524537,0.0
20.12,0.21452945,0.36999258,0.6,0.46421012,0.51810265,0.062991366,26.272793,0.6688786,0.0
20.125,0.21452945,0.36999258,0.6,0.45465606,0.49987975,0.076045066,25.30569,0.4208194,0.0
20.13,0.21452945,0.36999258,0.6,0.44566005,0.48272127,0.08833628,24.44955,3.1165797e-08,0.0
20.135,0.21452945,0.36999258,0.6,0.43718952,0.46656504,0.09990955,23.681934,-3.200049e-08,0.0
20.14,0.27303204,0.36263096,0.6,0.43201146,0.4525498,0.11345436,23.160574,1.3933968e-08,0.0
20.145,0.27303204,0.36263096,0.6,0.44182387,0.4456388,0.13032274,22.90967,5.9057235e-09,0.0
20.150000000000002,0.27303204,0.36263096,0.6,0.45106313,0.4391315,0.14705107,22.20059,0.47227246,0.0
20.155,0.27303204,0.36263096,0.6,0.45976272,0.4330043,0.1636267,21.077553,1.1465364,0.0
20.16,0.3116199,0.5351957,0.6,0.46435162,0.42756918,0.18003713,19.983566,1.5241909,0.0
20.165,0.3116199,0.5351957,0.6,0.44975922,0.42420605,0.1962699,19.142618,1.3640896,0.0
20.17,0.3116199,0.5351957,0.6,0.43601915,0.42103937,0.21231271,19.338455,-5.7361643e-08,0.0
20.175,0.3116199,0.5351957,0.6,0.42308167,0.41805768,0.22815338,20.055996,5.795719e-08,0.0
20.18,0.0,0.6,0.6,0.41144663,0.41518134,0.24377984,21.16004,7.0750815e-08,0.0
20.185,0.0,0.6,0.6,0.40336168,0.41211182,0.2591802,22.320023,8.6934755e-08,0.0
20.19,0.0,0.6,0.6,0.39574897,0.4092216,0.27434266,23.343227,7.120758e-08,0.0
20.195,0.0,0.6,0.6,0.38858092,0.40650016,0.28925568,24.131168,9.0242835e-08,0.0
20.2,0.0,0.6,0.6,0.3821922,0.40555045,0.30390778,24.645655,2.7049513e-08,0.0
20.205000000000002,0.0,0.6,0.6,0.37807,0.4131232,0.31828773,24.88353,1.9799218e-08,0.0
20.21,0.0,0.6,0.6,0.37418857,0.4202536,0.3323844,25.494942,7.526258e-10,0.0
20.215,0.0,0.6,0.6,0.37053385,0.4269675,0.34618697,26.55188,8.992533e-08,0.0
20.22,0.0,0.6,0.6,0.3641803,0.43389487,0.3596847,27.738197,3.714088e-08,0.0
20.225,0.0,0.6,0.6,0.34290808,0.4435973,0.3728671,28.821795,4.5134797e-08,0.0
20.23,0.0,0.6,0.6,0.32287842,0.45273295,0.38572392,29.54596,3.4590805e-08,0.0
20.235,0.0,0.6,0.6,0.3040187,0.461335,0.39824003,29.724367,-1.1771746e-08,0.0
20.240000000000002,0.0,0.4059761,0.6,0.2862606,0.4694346,0.41002506,29.285753,9.797567e-10,0.0
20.245,0.0,0.4059761,0.6,0.26953977,0.47706106,0.42112172,28.238113,-3.8480437e-08,0.0
20.25,0.0,0.4059761,0.6,0.25379562,0.48424208,0.4315702,26.644833,-7.2454924e-08,0.0
20.255,0.0,0.4059761,0.6,0.23897111,0.49100363,0.4414084,24.607038,-1.01827965e-07,0.0
20.26,0.0,0.0,0.6,0.22501253,0.49737024,0.4506719,22.248087,-5.5289804e-09,0.0
20.265,0.0,0.0,0.6,0.21186927,0.503365,0.45939434,19.696533,2.2099357e-08,0.0
20.27,0.0,0.0,0.6,0.19949374,0.50900954,0.4676073,17.067354,-8.2166444e-08,0.0
20.275000000000002,0.0,0.0,0.6,0.18784106,0.5143244,0.47534052,14.455762,-1.2534889e-07,0.0
20.28,0.20471832,0.0,0.35447118,0.17686903,0.51751554,0.48262203,11.948621,-5.7620152e-08,0.0
20.285,0.20471832,0.0,0.35447118,0.1665379,0.5110004,0.48947823,9.635361,-2.1801911e-08,0.0
20.29,0.20471832,0.0,0.35447118,0.15681021,0.5048658,0.49593395,6.8211484,6.293783e-08,0.0
20.295,0.20471832,0.0,0.35447118,0.14765073,0.49908954,0.50201255,3.5735688,-3.8588057e-09,0.0
20.3,0.6,0.0,0.49188912,0.13902627,0.4898565,0.50773615,0.4805575,-2.2909443e-07,0.0
20.305,0.6,0.0,0.49188912,0.13090558,0.4612434,0.5131254,5.3174043e-09,8.824853e-09,0.0
20.31,0.6,0.0,0.49188912,0.12325923,0.4343016,0.51819986,-1.174053e-08,-4.2016044e-08,0.0
20.315,0.6,0.0,0.49188912,0.11605951,0.40893352,0.5229779,8.351705e-09,-2.1562248e-09,0.0
20.32,0.49868947,0.14603221,0.15717688,0.11119359,0.38504723,0.5251822,2.2148127e-08,2.0583373e-08,0.0
20.325,0.49868947,0.14603221,0.15717688,0.11665648,0.36255616,0.51521075,0.07522141,-3.3289048e-08,0.0
20.330000000000002,0.49868947,0.14603221,0.15717688,0.12180028,0.3413788,0.50582176,0.16166586,4.6003596e-08,0.0
20.335,0.49868947,0.14603221,0.15717688,0.12664363,0.32143846,0.4969812,0.34729183,2.7306125e-08,0.0
20.34,0.33233362,0.062373772,0.4538687,0.13489829,0.30266285,0.4899413,0.76306987,-1.2275094e-08,0.0
20.345,0.33233362,0.062373772,0.4538687,0.15158623,0.28498393,0.49005508,1.4528067,-5.8995e-08,0.0
20.35,0.33233362,0.062373772,0.4538687,0.16811806,0.26833767,0.49016222,2.4368026,1.1841922e-07,0.0
20.355,0.33233362,0.062373772,0.4538687,0.18448126,0.25266373,0.4902631,3.8958395,-2.2875557e-09,0.0
20.36,0.6,0.27124575,0.6,0.20066346,0.23927012,0.48722994,5.7283897,1.0261456e-07,0.0
20.365000000000002,0.6,0.27124575,0.6,0.21665236,0.23382398,0.46795115,7.6926126,6.32216e-08,0.0
20.37,0.6,0.27124575,0.6,0.23243581,0.22869596,0.44979843,9.641314,-3.224596e-08,0.0
20.375,0.6,0.27124575,0.6,0.247988,0.22386748,0.43270606,11.516216,1.4263398e-07,0.0
20.38,0.5845329,0.6,0.4539675,0.26107705,0.21853916,0.4193849,13.31319,1.7368329e-07,0.0
20.385,0.5845329,0.6,0.4539675,0.26523924,0.20941736,0.42139915,15.036545,7.425951e-08,0.0
20.39,0.5845329,0.6,0.4539675,0.2691583,0.20082836,0.42329574,16.647184,8.730887e-08,0.0
20.395,0.5845329,0.6,0.4539675,0.27284846,0.19274107,0.42508155,18.104158,4.9272273e-08,0.0
20.400000000000002,0.008701891,0.6,0.0065771346,0.2788246,0.18707822,0.42812875,19.391882,2.1925464e-08,0.0
20.405,0.008701891,0.6,0.0065771346,0.29366085,0.19199455,0.43816796,20.525644,1.3807444e-08,0.0
20.41,0.008701891,0.6,0.0065771346,0.3082328,0.1966237,0.44762078,21.580076,1.0183086e-07,0.0
20.415,0.008701891,0.6,0.0065771346,0.3225293,0.20098247,0.45652142,22.63122,4.7716227e-08,0.0
20.42,0.30406237,0.6,0.0,0.33653924,0.2081591,0.4635374,23.726877,6.519031e-09,0.0
20.425,0.30406237,0.6,0.0,0.35025182,0.2240535,0.4629784,24.89496,4.8068053e-08,0.0
20.43,0.30406237,0.6,0.0,0.36365643,0.23973683,0.46245205,26.145624,-1.1934158e-08,0.0
20.435,0.30406237,0.6,0.0,0.3765581,0.25519714,0.46195647,27.485357,-6.153705e-08,0.0
20.44,0.4623065,0.6,0.010095728,0.38332456,0.2704226,0.45730862,28.915684,1.07870965e-08,0.0
20.445,0.4623065,0.6,0.010095728,0.3614424,0.2854016,0.43098086,30.338182,5.5571984e-08,0.0
20.45,0.4623065,0.6,0.010095728,0.34083837,0.30012268,0.40619093,32.067547,1.6172642e-07,0.0
20.455000000000002,0.4623065,0.6,0.010095728,0.32143787,0.31457448,0.382849,33.895206,6.296278e-08,0.0
20.46,0.3397599,0.6,0.0,0.30593094,0.3287459,0.36080906,35.370804,1.6662051e-08,0.0
20.465,0.3397599,0.6,0.0,0.3058218,0.342626,0.33973378,36.25028,5.279433e-08,0.0
20.47,0.3397599,0.6,0.0,0.30571905,0.35620403,0.31988952,36.53035,-4.136742e-09,0.0
20.475,0.3397599,0.6,0.0,0.30562228,0.36946946,0.30120438,36.30726,4.565613e-08,0.0
20.48,0.33957765,0.6,0.0,0.30701008,0.38241196,0.28370503,35.68496,-2.3297725e-08,0.0
20.485,0.33957765,0.6,0.0,0.31608114,0.39502138,0.26772317,34.26876,-1.4954127e-08,0.0
20.490000000000002,0.33957765,0.6,0.0,0.32462233,0.40699443,0.25267485,32.14845,-5.133307e-08,0.0
20.495,0.33957765,0.6,0.0,0.33266464,0.4182681,0.23850551,29.709122,-8.798808e-08,0.0
20.5,0.6,0.4527044,0.0,0.33909187,0.42888328,0.22506946,27.223652,-6.47142e-08,0.0
20.505,0.6,0.4527044,0.0,0.33913088,0.43887842,0.21192288,24.87309,4.9175718e-08,0.0
20.51,0.6,0.4527044,0.0,0.33916762,0.44828972,0.1995442,22.748838,1.6911097e-08,0.0
20.515,0.6,0.4527044,0.0,0.33920223,0.4571513,0.18788859,20.898706,3.1877132e-08,0.0
20.52,0.32391098,0.32878053,0.0,0.3392331,0.46549526,0.1769138,19.34356,-9.406783e-08,0.0
20.525000000000002,0.32391098,0.32878053,0.0,0.33925322,0.47335184,0.16658005,18.077572,-6.381637e-08,0.0
20.53,0.32391098,0.32878053,0.0,0.33927217,0.48074952,0.1568499,17.075027,-8.290987e-09,0.0
20.535,0.32391098,0.32878053,0.0,0.33929002,0.4877151,0.14768812,16.298761,-3.666058e-08,0.0
20.54,0.6,0.5171282,0.0,0.34174067,0.4928972,0.13906148,15.708292,-2.2467088e-08,0.0
20.545,0.6,0.5171282,0.0,0.35533848,0.4905495,0.13093874,15.278728,-6.4418355e-09,0.0
20.55,0.6,0.5171282,0.0,0.36862436,0.48833892,0.12329045,14.1830225,0.6674267,0.0
20.555,0.6,0.5171282,0.0,0.38158795,0.48625746,0.116088904,12.543472,1.6671478,0.0
20.56,0.29460594,0.3086031,0.12960055,0.3917654,0.48313943,0.10930801,10.954243,2.3288016,0.0
20.565,0.29460594,0.3086031,0.12960055,0.38780192,0.47412312,0.1029232,9.772956,2.2647789,0.0
20.57,0.29460594,0.3086031,0.12960055,0.38406998,0.46563348,0.09691133,9.87278,0.52290994,0.0
20.575,0.29460594,0.3086031,0.12960055,0.38055602,0.45763972,0.09125063,10.681246,4.147292e-08,0.0
20.580000000000002,0.5351486,0.30706856,0.095407985,0.3798276,0.45187315,0.08592057,12.029352,4.87894e-08,0.0
20.585,0.5351486,0.30706856,0.095407985,0.39250502,0.45568478,0.08090185,13.6565895,1.1791444e-07,0.0
20.59,0.5351486,0.30706856,0.095407985,0.40462506,0.45927376,0.07617627,15.430633,8.3268304e-08,0.0
20.595,0.5351486,0.30706856,0.095407985,0.41603714,0.4626531,0.071726725,17.226076,1.2749246e-07,0.0
20.6,0.5495374,0.3590737,0.0,0.4239285,0.46388623,0.0687483,18.921858,1.5872139e-07,0.0
20.605,0.5495374,0.3590737,0.0,0.41637462,0.45481595,0.07230276,20.44951,2.1804382e-08,0.0
20.61,0.5495374,0.3590737,0.0,0.40926197,0.44627547,0.07564959,21.6761,0.03281869,0.0
20.615000000000002,0.5495374,0.3590737,0.0,0.40256476,0.43823385,0.07880093,22.543047,0.20314416,0.0
20.62,0.392113,0.33834615,0.5163816,0.39850682,0.4306476,0.081448644,23.10046,0.46755219,0.0
20.625,0.392113,0.33834615,0.5163816,0.40648824,0.42342922,0.08226403,23.432644,0.73120993,0.0
20.63,0.392113,0.33834615,0.5163816,0.41400346,0.41663244,0.08303178,22.915213,1.6920887,0.0
20.635,0.392113,0.33834615,0.5163816,0.4210797,0.4102327,0.08375469,21.713999,3.1432884,0.0
20.64,0.6,0.47386098,0.6,0.42787707,0.40469277,0.08354371,20.376863,4.462861,0.0
20.645,0.6,0.47386098,0.6,0.4349834,0.4020281,0.07866382,19.229763,5.293362,0.0
20.650000000000002,0.6,0.47386098,0.6,0.44167465,0.3995191,0.07406897,18.422663,5.4825535,0.0
20.655,0.6,0.47386098,0.6,0.44797504,0.39715663,0.069742516,17.994497,5.0045605,0.0
20.66,0.19329676,0.34537742,0.6,0.45243618,0.39473844,0.07049476,17.920713,3.9034545,0.0
20.665,0.19329676,0.34537742,0.6,0.44891262,0.3914445,0.087658994,18.133451,2.2692902,0.0
20.67,0.19329676,0.34537742,0.6,0.44559488,0.38834298,0.10471531,19.248413,-3.0218708e-08,0.0
20.675,0.19329676,0.34537742,0.6,0.44247094,0.3854226,0.121650875,20.778982,1.5730392e-07,0.0
20.68,0.37257954,0.47492203,0.6,0.44147235,0.3839393,0.13845293,22.77687,1.16303184e-07,0.0
20.685,0.37257954,0.47492203,0.6,0.45073214,0.38919172,0.1551088,24.894129,9.7539434e-08,0.0
20.69,0.37257954,0.47492203,0.6,0.45945105,0.39413735,0.17160587,26.835808,0.001446645,0.0
20.695,0.37257954,0.47492203,0.6,0.4676607,0.3987941,0.18793169,28.477798,0.022895206,0.0
20.7,0.32755035,0.6,0.6,0.47158983,0.40197808,0.20407388,29.800398,0.14638615,0.0
20.705000000000002,0.32755035,0.6,0.6,0.4553344,0.39867195,0.22002017,30.818123,0.3701973,0.0
20.71,0.32755035,0.6,0.6,0.44002846,0.39555895,0.23575847,31.588642,0.63034356,0.0
20.715,0.32755035,0.6,0.6,0.42561656,0.39262778,0.25127676,32.063778,0.98242265,0.0
20.72,0.06571053,0.6,0.5219815,0.413722,0.39107853,0.26656324,32.19368,1.4813424,0.0
20.725,0.06571053,0.6,0.5219815,0.41131884,0.39597592,0.28160617,32.017967,1.9684002,0.0
20.73,0.06571053,0.6,0.5219815,0.40905604,0.40058726,0.29639408,32.49019,0.8037111,0.0
20.735,0.06571053,0.6,0.5219815,0.4069254,0.40492925,0.3109156,33.256245,6.4784494e-08,0.0
20.740000000000002,0.0,0.6,0.6,0.4044984,0.41018656,0.32515955,34.089878,2.2802013e-08,0.0
20.745,0.0,0.6,0.6,0.40000376,0.4212738,0.33911496,34.956623,3.080989e-08,0.0
20.75,0.0,0.6,0.6,0.39577168,0.4317134,0.352771,35.683086,9.8291215e-09,0.0
20.755,0.0,0.6,0.6,0.39178678,0.44154322,0.36611715,36.15148,3.27851e-08,0.0
20.76,0.0,0.6,0.6,0.38558754,0.45079887,0.3790494,36.311096,1.4364187e-08,0.0
20.765,0.0,0.6,0.6,0.36690313,0.4595139,0.3873982,36.144653,-8.275191e-09,0.0
20.77,0.0,0.6,0.6,0.3493101,0.46771985,0.39525938,35.591473,-3.144699e-08,0.0
20.775000000000002,0.0,0.6,0.6,0.33274472,0.4754465,0.40266138,34.612507,-2.749651e-08,0.0
20.78,0.0,0.55311507,0.6,0.31653282,0.4827218,0.41036016,33.2227,-5.6724204e-08,0.0
20.785,0.0,0.55311507,0.6,0.29804376,0.48957217,0.42143726,31.465399,1.0909479e-08,0.0
20.79,0.0,0.55311507,0.6,0.28063467,0.4960224,0.43186733,29.379026,-8.32293e-08,0.0
20.795,0.0,0.55311507,0.6,0.26424247,0.5020959,0.44168818,27.011444,2.4633689e-08,0.0
20.8,0.0,0.1710093,0.6,0.24880774,0.5078146,0.45093536,24.432938,1.9953537e-08,0.0
20.805,0.0,0.1710093,0.6,0.23427458,0.51319927,0.4596424,21.733053,6.9496955e-09,0.0
20.81,0.0,0.1710093,0.6,0.22059032,0.5182694,0.46784088,19.00652,-1.6154209e-07,0.0
20.815,0.0,0.1710093,0.6,0.20770538,0.5230434,0.47556046,16.334953,-1.2506717e-08,0.0
20.82,0.26709157,0.0,0.6,0.19557306,0.5271003,0.48282912,13.782065,2.1306182e-08,0.0
20.825,0.26709157,0.0,0.6,0.1841494,0.5286199,0.48967323,11.404264,-1.09155934e-07,0.0
20.830000000000002,0.26709157,0.0,0.6,0.17339301,0.5300507,0.49611756,9.26219,3.851875e-08,0.0
20.835,0.26709157,0.0,0.6,0.16326492,0.53139794,0.50218546,7.408941,4.4096062e-08,0.0
20.84,0.6,0.0990587,0.48946047,0.15372841,0.52909535,0.5078989,5.8774714,-5.3919322e-08,0.0
20.845,0.6,0.0990587,0.48946047,0.14474894,0.5081791,0.51327866,3.8540242,5.8954264e-09,0.0
20.85,0.6,0.0990587,0.48946047,0.13629398,0.48848462,0.51834416,1.4037403,-1.7911465e-07,0.0
20.855,0.6,0.0990587,0.48946047,0.12833288,0.4699405,0.5231138,-1.1197033e-09,7.95933e-09,0.0
20.86,0.4217597,0.0,0.319269,0.123332985,0.45088136,0.5276048,3.7315555e-09,1.5075665e-08,0.0
20.865000000000002,0.4217597,0.0,0.319269,0.1317301,0.42454484,0.5318335,9.860338e-09,1.784741e-08,0.0
20.87,0.4217597,0.0,0.319269,0.13963673,0.39974666,0.53581524,2.1687594e-08,3.8295735e-09,0.0
20.875,0.4217597,0.0,0.319269,0.14708152,0.37639698,0.5395644,-5.7353815e-09,2.2347146e-08,0.0
20.88,0.29727688,0.0,0.56477004,0.15720275,0.35533696,0.5420614,0.13820897,-3.38613e-08,0.0
20.885,0.29727688,0.0,0.56477004,0.17367887,0.34036744,0.5389889,0.5904088,5.7210364e-08,0.0
20.89,0.29727688,0.0,0.56477004,0.18998216,0.3262723,0.53609586,1.4372133,4.015013e-08,0.0
20.895,0.29727688,0.0,0.56477004,0.20610026,0.3130005,0.5333718,2.6524289,6.9769015e-08,0.0
20.900000000000002,0.6,0.21757394,0.6,0.22202092,0.29957813,0.5292163,4.1378427,1.12620725e-07,0.0
20.905,0.6,0.21757394,0.6,0.23368791,0.2820794,0.516953,5.7742696,1.2719485e-07,0.0
20.91,0.6,0.21757394,0.6,0.2446734,0.2656028,0.505406,7.4503922,2.7251803e-09,0.0
20.915,0.6,0.21757394,0.6,0.25501722,0.2500886,0.49453354,9.091007,6.0155216e-08,0.0
20.92,0.5152816,0.39991444,0.6,0.26359347,0.23548062,0.48659053,10.905807,8.028668e-08,0.0
20.925,0.5152816,0.39991444,0.6,0.26556095,0.22172591,0.49115708,12.8801565,1.3324642e-07,0.0
20.93,0.5152816,0.39991444,0.6,0.26741353,0.20877463,0.4954569,14.830303,1.1733512e-07,0.0
20.935,0.5152816,0.39991444,0.6,0.2691579,0.19657984,0.49950558,16.629835,1.0644595e-07,0.0
20.94,0.11881593,0.6,0.050895706,0.27362955,0.18713078,0.503647,18.215082,1.3131846e-07,0.0
20.945,0.11881593,0.6,0.050895706,0.28855464,0.188909,0.50927514,19.580547,3.1175322e-08,0.0
20.95,0.11881593,0.6,0.050895706,0.30321935,0.19058335,0.51457447,20.803999,6.798861e-08,0.0
20.955000000000002,0.11881593,0.6,0.050895706,0.31761244,0.1921599,0.5195643,21.9726,1.2074842e-08,0.0
20.96,0.24013597,0.59818393,0.0,0.3317228,0.19534849,0.5242626,23.144674,8.691218e-09,0.0
20.965,0.24013597,0.59818393,0.0,0.3424447,0.20729743,0.5286865,24.356453,5.1960487e-08,0.0
20.97,0.24013597,0.59818393,0.0,0.35254028,0.21854842,0.53285205,25.615465,-4.6768296e-08,0.0
20.975,0.24013597,0.59818393,0.0,0.3620462,0.22914222,0.5367743,26.916363,1.1254243e-07,0.0
20.98,0.4851605,0.5988232,0.0,0.3672916,0.24098718,0.53533554,28.25326,1.5077157e-08,0.0
20.985,0.4851605,0.5988232,0.0,0.35277784,0.25642905,0.50703883,29.599272,2.6161329e-08,0.0
20.990000000000002,0.4851605,0.5988232,0.0,0.33911183,0.27163514,0.48039496,31.401663,7.37498e-08,0.0
20.995,0.4851605,0.5988232,0.0,0.3262441,0.28659385,0.4553074,33.494385,1.7116909e-07,0.0
21.0,0.20666684,0.5684546,0.0,0.31526178,0.3012937,0.43120956,35.403343,3.2597455e-08,0.0
21.005,0.20666684,0.5684546,0.0,0.3108736,0.3157234,0.4060221,36.83722,9.892666e-08,0.0
21.01,0.20666684,0.5684546,0.0,0.3067417,0.3298718,0.38230586,37.686146,1.1369574e-08,0.0
21.015,0.20666684,0.5684546,0.0,0.3028512,0.34372804,0.35997492,37.94815,5.0226113e-08,0.0
21.02,0.3829175,0.5788715,0.0,0.30147788,0.35728133,0.33894834,37.673016,-2.6606708e-08,0.0
21.025000000000002,0.3829175,0.5788715,0.0,0.312207,0.3705212,0.31914997,36.955204,2.2523746e-08,0.0
21.03,0.3829175,0.5788715,0.0,0.32230943,0.38343728,0.30050802,35.468353,-2.6176291e-08,0.0
21.035,0.3829175,0.5788715,0.0,0.33182177,0.39601824,0.282955,33.329273,-2.1283327e-08,0.0
21.04,0.45902124,0.44542795,0.0,0.3381757,0.4075805,0.26642725,30.912243,-1.0082294e-07,0.0
21.045,0.45902124,0.44542795,0.0,0.3304941,0.41697735,0.25086492,28.467371,6.59817e-08,0.0
21.05,0.45902124,0.44542795,0.0,0.3232612,0.42582533,0.2362116,26.63337,-1.8126137e-08,0.0
21.055,0.45902124,0.44542795,0.0,0.31645077,0.43415648,0.2224142,25.487816,-4.5940677e-08,0.0
21.06,0.2987182,0.12526989,0.0,0.31168535,0.44209835,0.20942271,24.761307,-5.7180056e-09,0.0
21.065,0.2987182,0.12526989,0.0,0.31584612,0.45008743,0.19719008,24.267403,-7.3068884e-09,0.0
21.07,0.2987182,0.12526989,0.0,0.31976384,0.45760986,0.18567197,23.34619,0.41927835,0.0
21.075,0.2987182,0.12526989,0.0,0.3234527,0.4646929,0.17482665,21.981203,1.0768837,0.0
21.080000000000002,0.5871712,0.3894951,0.0,0.32763737,0.47011507,0.16461481,20.489927,1.6118604,0.0
21.085,0.5871712,0.3894951,0.0,0.33531165,0.46867305,0.15499946,19.08598,1.788974,0.0
21.09,0.5871712,0.3894951,0.0,0.34253767,0.4673153,0.14594576,17.03125,2.4392662,0.0
21.095,0.5871712,0.3894951,0.0,0.34934163,0.46603683,0.1374209,14.465792,3.3858259,0.0
21.1,0.40587416,0.31276998,0.0,0.35424998,0.4618409,0.12939397,11.988632,3.9533777,0.0
21.105,0.40587416,0.31276998,0.0,0.3510063,0.44218138,0.12183591,9.98309,3.72707,0.0
21.11,0.40587416,0.31276998,0.0,0.3479521,0.4236702,0.114719324,9.396861,1.675764,0.0
21.115000000000002,0.40587416,0.31276998,0.0,0.3450763,0.40624028,0.10801843,9.853038,1.9942899e-08,0.0
21.12,0.39970553,0.25203395,0.26697946,0.34506428,0.39229786,0.10170894,10.921641,1.16883086e-07,0.0
21.125,0.39970553,0.25203395,0.26697946,0.35858744,0.39213416,0.095768,12.603622,8.9977796e-08,0.0
21.13,0.39970553,0.25203395,0.26697946,0.37179616,0.39198002,0.09017407,13.988505,0.24740662,0.0
21.135,0.39970553,0.25203395,0.26697946,0.38437647,0.39183488,0.0849069,14.811147,0.85468996,0.0
21.14,0.5852331,0.35539353,0.0,0.39452758,0.39098117,0.07994738,15.306835,1.555796,0.0
21.145,0.5852331,0.35539353,0.0,0.39519036,0.38641277,0.07527756,15.6501665,2.155514,0.0
21.150000000000002,0.5852331,0.35539353,0.0,0.39581442,0.3821112,0.0708805,15.926832,2.5625775,0.0
21.155,0.5852331,0.35539353,0.0,0.39640203,0.37806088,0.06674029,16.178904,2.7362416,0.0
21.16,0.6,0.56362885,0.40695664,0.39689764,0.37367952,0.06533704,16.431656,2.6552725,0.0
21.165,0.6,0.56362885,0.40695664,0.39706165,0.36657405,0.077115215,16.700487,2.3096826,0.0
21.17,0.6,0.56362885,0.40695664,0.39721608,0.35988364,0.08820542,17.009155,1.6801342,0.0
21.175,0.6,0.56362885,0.40695664,0.3973615,0.353584,0.098647825,17.371782,0.7582892,0.0
21.18,0.37532648,0.6,0.6,0.3992323,0.3486183,0.10598514,17.704266,5.6607483e-09,0.0
21.185,0.37532648,0.6,0.6,0.41009682,0.34901404,0.099794425,17.964855,1.9252084e-08,0.0
21.19,0.37532648,0.6,0.6,0.42032674,0.34938666,0.093965314,18.902588,3.7381177e-08,0.0
21.195,0.37532648,0.6,0.6,0.42995912,0.34973752,0.08847669,20.568182,2.0169506e-07,0.0
21.2,0.46391886,0.6,0.6,0.43916687,0.35201403,0.08711199,22.632618,4.9796757e-08,0.0
21.205000000000002,0.46391886,0.6,0.6,0.44856134,0.3643747,0.104171954,24.830185,1.9976147e-07,0.0
21.21,0.46391886,0.6,0.6,0.45740706,0.37601337,0.12111158,26.931559,1.3739033e-07,0.0
21.215,0.46391886,0.6,0.6,0.4657361,0.38697222,0.13780813,28.779215,0.0037838432,0.0
21.22,0.27426818,0.43902436,0.6,0.47147885,0.39763087,0.15446986,30.284271,0.08875793,0.0
21.225,0.27426818,0.43902436,0.6,0.46586248,0.40945148,0.1709733,31.404692,0.36214012,0.0
21.23,0.27426818,0.43902436,0.6,0.46057418,0.42058167,0.18730594,32.971092,8.9301494e-08,0.0
21.235,0.27426818,0.43902436,0.6,0.45559475,0.4310617,0.20345543,34.79999,1.04238644e-07,0.0
21.240000000000002,0.45998493,0.6,0.6,0.45173416,0.4409296,0.21940951,36.59668,8.7058716e-08,0.0
21.245,0.45998493,0.6,0.6,0.45244586,0.4502211,0.23515604,38.12078,0.024783822,0.0
21.25,0.45998493,0.6,0.6,0.45311603,0.45896986,0.25068304,38.36564,1.2362845,0.0
21.255,0.45998493,0.6,0.6,0.45374703,0.4672076,0.26597866,37.348034,3.6045392,0.0
21.26,0.0,0.6,0.6,0.45256874,0.47345972,0.28103122,35.686817,6.1363707,0.0
21.265,0.0,0.6,0.6,0.442154,0.4714483,0.29582918,34.812428,6.31408,0.0
21.27,0.0,0.6,0.6,0.43234757,0.4695544,0.31036118,34.078175,3.9503934,0.0
21.275000000000002,0.0,0.6,0.6,0.42311394,0.4677711,0.32461601,32.86969,-2.4649148e-07,0.0
21.28,0.0,0.6,0.6,0.41615534,0.4675964,0.33858272,30.542633,-8.544901e-08,0.0
21.285,0.0,0.6,0.6,0.41871548,0.47533026,0.35225052,28.223259,-3.2990236e-08,0.0
21.29,0.0,0.6,0.6,0.42112607,0.48261237,0.36560878,26.140244,1.6354209e-08,0.0
21.295,0.0,0.6,0.6,0.42339587,0.48946914,0.37864712,24.403679,-2.8011534e-08,0.0
21.3,0.0,0.6,0.6,0.42123416,0.4959254,0.39135534,23.025078,-4.9057956e-08,0.0
21.305,0.0,0.6,0.6,0.39662936,0.5020045,0.40354252,22.638056,-1.2702171e-08,0.0
21.31,0.0,0.6,0.6,0.37346175,0.5077285,0.41501784,23.084354,6.599181e-09,0.0
21.315,0.0,0.6,0.6,0.3516474,0.5131182,0.42582288,23.773098,8.538348e-08,0.0
21.32,0.0,0.37997025,0.6,0.33110726,0.51819307,0.43599677,24.308746,3.52371e-09,0.0
21.325,0.0,0.37997025,0.6,0.3117669,0.5229715,0.4455764,24.458937,8.290449e-09,0.0
21.330000000000002,0.0,0.37997025,0.6,0.2935562,0.5274708,0.45459646,24.11622,-7.811282e-09,0.0
21.335,0.0,0.37997025,0.6,0.27640924,0.53170735,0.46308964,23.26444,3.3773908e-08,0.0
21.34,0.0,0.0,0.6,0.26026383,0.5356964,0.47108674,21.94868,-4.2533404e-08,0.0
21.345,0.0,0.0,0.6,0.2450615,0.53945243,0.4786167,20.254978,8.4070464e-08,0.0
21.35,0.0,0.0,0.6,0.23074716,0.5429891,0.48570687,18.288797,8.5884174e-08,0.0
21.355,0.0,0.0,0.6,0.21726894,0.5463191,0.49238285,16.156786,-2.0652282e-08,0.0
21.36,0.29437256,0.0,0.6,0.204578,0.5473983,0.4986689,13.957417,-2.3817917e-08,0.0
21.365000000000002,0.29437256,0.0,0.6,0.19262835,0.53761864,0.50458777,11.786911,4.061786e-08,0.0
21.37,0.29437256,0.0,0.6,0.1813767,0.5284102,0.5101609,8.923161,9.092845e-08,0.0
21.375,0.29437256,0.0,0.6,0.17078227,0.5197396,0.5154085,5.447659,-8.829482e-08,0.0
21.38,0.6,0.059327696,0.3486698,0.16080667,0.5080244,0.5203496,1.9994417,-1.5942638e-07,0.0
21.385,0.6,0.059327696,0.3486698,0.15141375,0.47835007,0.5250021,6.102929e-09,-7.1346925e-08,0.0
21.39,0.6,0.059327696,0.3486698,0.1425695,0.45040905,0.5293828,2.9146927e-10,5.5643077e-09,0.0
21.395,0.6,0.059327696,0.3486698,0.13424183,0.4241001,0.53350765,0.015644984,-8.964009e-09,0.0
21.400000000000002,0.58820057,0.35864937,0.067580976,0.12915175,0.3993279,0.53739154,0.09928037,-5.3157343e-08,0.0
21.405,0.58820057,0.35864937,0.067580976,0.1388025,0.37600267,0.5410486,0.3190689,2.4225175e-08,0.0
21.41,0.58820057,0.35864937,0.067580976,0.14788954,0.3540399,0.544492,0.5736699,-2.277976e-08,0.0
21.415,0.58820057,0.35864937,0.067580976,0.15644579,0.33336002,0.5477343,0.9476346,4.287041e-08,0.0
21.42,0.30865195,0.15567942,0.28187284,0.16735859,0.31444252,0.5484384,1.5791348,7.633505e-08,0.0
21.425,0.30865195,0.15567942,0.28187284,0.18372986,0.29954094,0.5367696,2.5030391,8.258954e-08,0.0
21.43,0.30865195,0.15567942,0.28187284,0.19992068,0.2855098,0.52578247,3.689971,-8.671927e-08,0.0
21.435,0.30865195,0.15567942,0.28187284,0.21591878,0.27229822,0.5154371,5.0688334,2.3107326e-08,0.0
21.44,0.6,0.26230758,0.24482729,0.23171198,0.26265574,0.50306904,6.5577874,5.8548433e-09,0.0
21.445,0.6,0.26230758,0.24482729,0.24728827,0.26826283,0.47763166,8.086416,1.4629842e-07,0.0
21.45,0.6,0.26230758,0.24482729,0.26263577,0.27354243,0.4536801,9.856615,7.3147515e-09,0.0
21.455000000000002,0.6,0.26230758,0.24482729,0.27774274,0.27851364,0.43112758,11.871093,7.352229e-08,0.0
21.46,0.6,0.5244047,0.021427596,0.29259765,0.28129756,0.4118951,13.996925,4.342859e-08,0.0
21.465,0.6,0.5244047,0.021427596,0.2935354,0.27396005,0.40430033,16.146326,1.6361763e-07,0.0
21.47,0.6,0.5244047,0.021427596,0.2944184,0.26705113,0.3971492,17.811226,3.3487147e-08,0.0
21.475,0.6,0.5244047,0.021427596,0.2952498,0.26054576,0.3904158,18.865782,5.543143e-08,0.0
21.48,0.42025664,0.6,0.37320578,0.2987555,0.25541693,0.38372943,19.483849,-2.7213947e-08,0.0
21.485,0.42025664,0.6,0.37320578,0.313233,0.2558194,0.37561598,19.824831,2.387224e-09,0.0
21.490000000000002,0.42025664,0.6,0.37320578,0.3274311,0.2561984,0.36797646,20.390554,7.258196e-08,0.0
21.495,0.42025664,0.6,0.37320578,0.34133893,0.25655526,0.36078316,21.346964,1.5520703e-07,0.0
21.5,0.4434311,0.6,0.43456408,0.3549457,0.25934076,0.35192218,22.602531,4.2963723e-08,0.0
21.505,0.4434311,0.6,0.43456408,0.36824083,0.27450067,0.33261758,24.078667,1.6339608e-07,0.0
21.51,0.4434311,0.6,0.43456408,0.381214,0.28909788,0.3144406,25.69028,1.755576e-07,0.0
21.515,0.4434311,0.6,0.43456408,0.39385504,0.30284244,0.29732537,27.30177,8.249077e-08,0.0
21.52,0.17091602,0.5175453,0.6,0.40421638,0.31649065,0.2844975,28.79363,1.3201121e-07,0.0
21.525000000000002,0.17091602,0.5175453,0.6,0.4051533,0.33062363,0.28967905,30.086802,1.0657052e-07,0.0
21.53,0.17091602,0.5175453,0.6,0.4060355,0.34446386,0.29455796,31.09581,2.8726644e-08,0.0
21.535,0.17091602,0.5175453,0.6,0.4068662,0.35800058,0.29915187,31.762218,2.840723e-08,0.0
21.54,0.25454634,0.54419327,0.6,0.40786493,0.3712233,0.3040509,32.073498,1.0211338e-08,0.0
21.545,0.25454634,0.54419327,0.6,0.4099424,0.38412172,0.31167433,32.0509,-8.888647e-09,0.0
21.55,0.25454634,0.54419327,0.6,0.4118985,0.39668575,0.31885245,31.740847,1.20272485e-08,0.0
21.555,0.25454634,0.54419327,0.6,0.41374034,0.4085616,0.32561132,31.199524,-1.9577955e-08,0.0
21.56,0.28184187,0.6,0.6,0.41292775,0.41897312,0.33352152,30.484287,-1.8086928e-08,0.0
21.565,0.28184187,0.6,0.6,0.39879155,0.42473084,0.3472996,30.303713,3.0426017e-09,0.0
21.57,0.28184187,0.6,0.6,0.38548106,0.43015224,0.360772,30.693184,1.6029087e-08,0.0
21.575,0.28184187,0.6,0.6,0.37294805,0.43525696,0.37392825,31.26739,-4.0730344e-09,0.0
21.580000000000002,0.117485695,0.6,0.5428084,0.3619287,0.44031256,0.38675806,31.768358,1.0609348e-08,0.0
21.585,0.117485695,0.6,0.5428084,0.35565636,0.44638038,0.3992138,32.044617,2.3730028e-08,0.0
21.59,0.117485695,0.6,0.5428084,0.3497504,0.45209375,0.41094196,32.042564,-4.6236405e-08,0.0
21.595,0.117485695,0.6,0.5428084,0.3441894,0.4574734,0.42198506,31.764055,1.0325391e-08,0.0
21.6,0.0,0.6,0.6,0.33920833,0.46306038,0.43238312,31.236471,-1.2323708e-08,0.0
21.605,0.0,0.6,0.6,0.33585748,0.4710592,0.44217384,30.500942,4.3968165e-10,0.0
21.61,0.0,0.6,0.6,0.33270237,0.4785908,0.45139265,29.601242,-1.2023197e-08,0.0
21.615000000000002,0.0,0.6,0.6,0.32973155,0.48568246,0.460073,28.582027,-5.8436527e-09,0.0
21.62,0.0,0.6,0.6,0.3253982,0.49235988,0.4677118,27.488031,-5.1639784e-08,0.0
21.625,0.0,0.6,0.6,0.3132538,0.49864727,0.4720983,26.350218,4.8805447e-08,0.0
21.63,0.0,0.6,0.6,0.30181873,0.5045674,0.47622856,25.141891,-4.7538457e-08,0.0
21.635,0.0,0.6,0.6,0.29105163,0.51014173,0.4801176,23.833258,-1.0110142e-07,0.0
21.64,0.0,0.4085908,0.6,0.27981544,0.51539046,0.48431394,22.427181,-9.154902e-08,0.0
21.645,0.0,0.4085908,0.6,0.26347107,0.5203326,0.4910713,20.940004,-2.3092573e-08,0.0
21.650000000000002,0.0,0.4085908,0.6,0.2480814,0.524986,0.49743396,19.357912,2.967362e-08,0.0
21.655,0.0,0.4085908,0.6,0.23359066,0.5293677,0.50342494,17.671663,7.392823e-08,0.0
21.66,0.0,0.0,0.6,0.21994635,0.5334934,0.509066,15.895571,3.5334295e-08,0.0
21.665,0.0,0.0,0.6,0.20709902,0.53737813,0.51437753,14.0595455,-9.876633e-08,0.0
21.67,0.0,0.0,0.6,0.19500211,0.54103595,0.51937884,12.205443,-9.50205e-09,0.0
21.675,0.0,0.0,0.6,0.1836118,0.5444801,0.524088,10.38335,8.663084e-08,0.0
21.68,0.354259,0.0,0.4073944,0.1728868,0.5459342,0.52852213,8.647222,-1.6109894e-07,0.0
21.685,0.354259,0.0,0.4073944,0.16278827,0.53791183,0.53269726,7.056109,-4.268014e-08,0.0
21.69,0.354259,0.0,0.4073944,0.15327962,0.530358,0.5366285,4.84849,6.498042e-08,0.0
21.695,0.354259,0.0,0.4073944,0.14432637,0.52324545,0.5403301,2.0752463,1.0232427e-07,0.0
21.7,0.6,0.27626592,0.4020578,0.1358961,0.5127297,0.5438155,4.766392e-09,7.51894e-09,0.0
21.705000000000002,0.6,0.27626592,0.4020578,0.12795825,0.48278055,0.5470973,-1.519916e-08,-1.5580191e-08,0.0
21.71,0.6,0.27626592,0.4020578,0.120484054,0.45458075,0.5501874,5.2902824e-09,-3.1757256e-08,0.0
21.715,0.6,0.27626592,0.4020578,0.11344644,0.42802814,0.553097,1.38843195e-08,2.9874236e-09,0.0
21.72,0.46541893,0.33917427,0.22063579,0.11013073,0.4030265,0.5540366,2.2255197e-08,-3.013468e-08,0.0
21.725,0.46541893,0.33917427,0.22063579,0.12439056,0.37948522,0.5454711,-6.7548456e-09,-3.336315e-08,0.0
21.73,0.46541893,0.33917427,0.22063579,0.13781746,0.35731903,0.53740585,3.3545405e-08,-1.5940318e-08,0.0
21.735,0.46541893,0.33917427,0.22063579,0.15046006,0.3364476,0.52981174,0.17306961,7.573445e-08,0.0
21.740000000000002,0.33531296,0.23940025,0.29101503,0.16466086,0.3193772,0.5226113,0.7068047,3.2524245e-08,0.0
21.745,0.33531296,0.23940025,0.29101503,0.1810605,0.31685904,0.5155696,1.651965,-7.759777e-09,0.0
21.75,0.33531296,0.23940025,0.29101503,0.19728172,0.31448793,0.50893927,2.9034019,-1.3184618e-08,0.0
21.755,0.33531296,0.23940025,0.29101503,0.21331221,0.31225535,0.5026962,4.304985,8.536548e-09,0.0
21.76,0.6,0.33340088,0.3418668,0.22913979,0.3107411,0.49512228,5.726107,1.7543294e-07,0.0
21.765,0.6,0.33340088,0.3418668,0.24294114,0.31240192,0.4790892,7.0818114,6.758345e-08,0.0
21.77,0.6,0.33340088,0.3418668,0.25593632,0.31396574,0.46399263,8.742906,7.2104854e-08,0.0
21.775000000000002,0.6,0.33340088,0.3418668,0.26817244,0.3154382,0.44977787,10.746503,-4.285226e-08,0.0
21.78,0.6,0.46633568,0.23693234,0.2784779,0.3158922,0.43705115,12.891881,6.508362e-08,0.0
21.785,0.6,0.46633568,0.23693234,0.2817977,0.3114242,0.428521,15.026362,2.500238e-07,0.0
21.79,0.6,0.46633568,0.23693234,0.28492358,0.30721718,0.4204891,16.498991,4.5499068e-08,0.0
21.795,0.6,0.46633568,0.23693234,0.2878669,0.30325592,0.41292638,17.18539,4.6798164e-08,0.0
21.8,0.6,0.6,0.3954567,0.29311198,0.30040455,0.40628064,17.34367,-5.361855e-08,0.0
21.805,0.6,0.6,0.3954567,0.30769402,0.3023319,0.40251815,17.19915,-3.1945106e-08,0.0
21.81,0.6,0.6,0.3954567,0.32200095,0.30414668,0.39897543,17.453382,6.6121246e-09,0.0
21.815,0.6,0.6,0.3954567,0.33602178,0.30585545,0.39563966,18.300814,2.5226653e-08,0.0
21.82,0.53952795,0.6,0.6,0.34974566,0.3087068,0.39151803,19.558878,1.3423315e-07,0.0
21.825,0.53952795,0.6,0.6,0.36316195,0.31791407,0.3824885,21.06399,1.4046557e-07,0.0
21.830000000000002,0.53952795,0.6,0.6,0.37626022,0.32658356,0.37398636,22.657759,8.4569265e-08,0.0
21.835,0.53952795,0.6,0.6,0.38903025,0.33474666,0.36598086,24.214966,1.0959154e-07,0.0
21.84,0.23947819,0.6,0.58058846,0.40135324,0.34368214,0.35992453,25.658514,1.6966823e-08,0.0
21.845,0.23947819,0.6,0.58058846,0.41295645,0.35723647,0.362,26.945354,1.2100412e-07,0.0
21.85,0.23947819,0.6,0.58058846,0.4238819,0.3704774,0.36395425,28.041128,5.442603e-08,0.0
21.855,0.23947819,0.6,0.58058846,0.43416917,0.3833946,0.36579433,28.925945,3.2468247e-08,0.0
21.86,0.21315429,0.54753464,0.6,0.44329038,0.39597797,0.36943856,29.597914,4.2754504e-08,0.0
21.865000000000002,0.21315429,0.54753464,0.6,0.44891173,0.40789515,0.38238183,30.065578,1.8872026e-08,0.0
21.87,0.21315429,0.54753464,0.6,0.45420474,0.41911623,0.39499205,30.333172,1.6254962e-08,0.0
21.875,0.21315429,0.54753464,0.6,0.45918858,0.42968187,0.4069668,30.412132,5.492773e-09,0.0
21.88,0.27271053,0.6,0.54141045,0.4610771,0.43963036,0.4180607,30.32629,-1.4607676e-08,0.0
21.885,0.27271053,0.6,0.54141045,0.44813323,0.44899774,0.42755413,30.093866,-1.5204854e-09,0.0
21.89,0.27271053,0.6,0.54141045,0.43594545,0.45781797,0.43649304,30.382643,-8.7451574e-10,0.0
21.895,0.27271053,0.6,0.54141045,0.42446956,0.46612298,0.44490984,31.193817,1.18297606e-07,0.0
21.900000000000002,0.0,0.6,0.44066706,0.41341797,0.47345257,0.4530164,32.11884,8.377407e-08,0.0
21.905,0.0,0.6,0.44066706,0.40172032,0.4777798,0.46160188,32.890553,3.0214146e-08,0.0
21.91,0.0,0.6,0.44066706,0.39070594,0.48185426,0.46968588,33.360374,3.7399023e-08,0.0
21.915,0.0,0.6,0.44066706,0.38033494,0.48569074,0.4772977,33.466663,1.7982267e-09,0.0
21.92,0.0,0.6,0.6,0.37112632,0.48979345,0.48391733,33.206177,2.9125871e-08,0.0
21.925,0.0,0.6,0.6,0.36537772,0.49623075,0.48727557,32.614124,-2.642842e-08,0.0
21.93,0.0,0.6,0.6,0.3599649,0.50229204,0.49043766,31.752584,4.0843375e-08,0.0
21.935,0.0,0.6,0.6,0.35486826,0.5079993,0.49341503,30.692915,3.6566444e-10,0.0
21.94,0.0,0.6,0.6,0.34752062,0.5133732,0.49527696,29.503288,-6.3749312e-09,0.0
21.945,0.0,0.6,0.6,0.3272215,0.51843315,0.49208713,28.227474,-2.4369902e-08,0.0
21.95,0.0,0.6,0.6,0.30810812,0.5231976,0.48908362,26.808596,-1.05122815e-07,0.0
21.955000000000002,0.0,0.6,0.6,0.29011115,0.52768373,0.48625556,25.187002,5.7677003e-08,0.0
21.96,0.0,0.21865155,0.6,0.2731654,0.5319078,0.48508176,23.35408,-6.832464e-08,0.0
21.965,0.0,0.21865155,0.6,0.25720948,0.53588516,0.4917943,21.341108,-4.8701416e-08,0.0
21.97,0.0,0.21865155,0.6,0.24218556,0.5396302,0.4981147,19.208796,1.9467153e-08,0.0
21.975,0.0,0.21865155,0.6,0.2280392,0.54315645,0.50406593,17.021955,-1.2887618e-07,0.0
21.98,0.0,0.0,0.51480085,0.21471916,0.5464767,0.50966954,14.838539,-3.06516e-08,0.0
21.985,0.0,0.0,0.51480085,0.20217715,0.5496031,0.51494586,12.711189,-2.7614767e-08,0.0
21.990000000000002,0.0,0.0,0.51480085,0.19036774,0.55254686,0.519914,10.689303,2.7905065e-08,0.0
21.995,0.0,0.0,0.51480085,0.17924814,0.55531865,0.5245919,8.81875,-2.7076165e-08,0.0
22.0,0.24597996,0.0,0.4383879,0.16877803,0.55436456,0.5289966,7.140761,-6.0082776e-08,0.0
22.005,0.24597996,0.0,0.4383879,0.1589195,0.5347552,0.533144,4.830325,1.0000628e-07,0.0
22.01,0.24597996,0.0,0.4383879,0.14963682,0.5162912,0.5370491,1.9893489,-3.834894e-08,0.0
22.015,0.24597996,0.0,0.4383879,0.14089635,0.49890572,0.5407261,1.331772e-08,-4.9257057e-08,0.0
22.02,0.6,0.16265452,0.28713435,0.13266642,0.48049226,0.5433921,1.0260366e-08,2.2021435e-08,0.0
22.025000000000002,0.6,0.16265452,0.28713435,0.12491722,0.45242614,0.54172206,2.3512149e-08,6.902675e-09,0.0
22.03,0.6,0.16265452,0.28713435,0.117620654,0.42599937,0.54014957,-1.8052887e-08,6.0700906e-08,0.0
22.035,0.6,0.16265452,0.28713435,0.11075029,0.40111622,0.53866893,-7.899402e-09,1.03993436e-07,0.0
22.04,0.48884156,0.3298838,0.15735966,0.10658011,0.37768653,0.53656065,-4.992112e-09,7.943733e-08,0.0
22.045,0.48884156,0.3298838,0.15735966,0.114722624,0.3556254,0.5308263,0.07184791,6.906475e-08,0.0
22.05,0.48884156,0.3298838,0.15735966,0.122389525,0.33485287,0.5254268,0.17741694,1.0587905e-07,0.0
22.055,0.48884156,0.3298838,0.15735966,0.12960859,0.3152937,0.52034277,0.4192691,-9.567353e-08,0.0
22.06,0.3725584,0.40594676,0.07470657,0.13971457,0.29839715,0.5141421,0.9223326,-3.808419e-08,0.0
22.065,0.3725584,0.40594676,0.07470657,0.15635888,0.29046828,0.5008823,1.7104269,-3.52272e-08,0.0
22.07,0.3725584,0.40594676,0.07470657,0.17284349,0.28300253,0.48839706,2.748665,-3.3975482e-09,0.0
22.075,0.3725584,0.40594676,0.07470657,0.18915588,0.27597284,0.47664106,3.9655576,-6.0395436e-08,0.0
22.080000000000002,0.48218402,0.38918105,0.3762003,0.20528372,0.27091667,0.4643589,5.2754664,9.33569e-09,0.0
22.085,0.48218402,0.38918105,0.3762003,0.22121474,0.274361,0.4464267,6.6071243,1.0401354e-07,0.0
22.09,0.48218402,0.38918105,0.3762003,0.23684715,0.27760416,0.42954195,8.178621,1.04992225e-07,0.0
22.095,0.48218402,0.38918105,0.3762003,0.25156644,0.2806579,0.41364345,10.00051,8.6660364e-08,0.0
22.1,0.6,0.59384054,0.18342622,0.2643392,0.2842441,0.39790115,11.938582,2.369093e-07,0.0
22.105,0.6,0.59384054,0.18342622,0.27066043,0.2913529,0.37902296,13.899016,4.11666e-08,0.0
22.11,0.6,0.59384054,0.18342622,0.2766124,0.29804647,0.36124748,15.789389,1.533147e-07,0.0
22.115000000000002,0.6,0.59384054,0.18342622,0.28221673,0.30434906,0.3445103,17.543554,1.1281757e-07,0.0
22.12,0.45858544,0.6,0.40721363,0.28851822,0.3101268,0.33156842,19.088913,5.7615566e-08,0.0
22.125,0.45858544,0.6,0.40721363,0.29983047,0.31474447,0.3341754,20.37547,2.836011e-08,0.0
22.13,0.45858544,0.6,0.40721363,0.31048197,0.3190924,0.33663014,21.425772,7.4847e-08,0.0
22.135,0.45858544,0.6,0.40721363,0.32051128,0.32318637,0.33894148,22.28581,2.24043e-08,0.0
22.14,0.47001988,0.6,0.5984861,0.33105588,0.3289539,0.3393162,22.998074,5.995807e-08,0.0
22.145,0.47001988,0.6,0.5984861,0.34488687,0.34282959,0.33021048,23.597965,1.0302942e-08,0.0
22.150000000000002,0.47001988,0.6,0.5984861,0.35841405,0.35640305,0.32163662,24.09831,2.6010785e-08,0.0
22.155,0.47001988,0.6,0.5984861,0.3716269,0.36966377,0.3135636,24.509668,-1.1278743e-08,0.0
22.16,0.34163913,0.52967614,0.6,0.38364482,0.38260138,0.30805358,24.84737,7.0954305e-09,0.0
22.165,0.34163913,0.52967614,0.6,0.38802218,0.3952058,0.31384563,25.122702,3.359973e-08,0.0
22.17,0.34163913,0.52967614,0.6,0.39214388,0.40716806,0.31929937,25.312332,9.927828e-09,0.0
22.175,0.34163913,0.52967614,0.6,0.3960248,0.4184316,0.32443455,25.390184,1.9356219e-09,0.0
22.18,0.33486843,0.6,0.6,0.3997859,0.42903724,0.33105737,25.349161,8.000695e-09,0.0
22.185,0.33486843,0.6,0.6,0.40388834,0.43902338,0.34488833,25.196829,-7.638373e-09,0.0
22.19,0.33486843,0.6,0.6,0.40775117,0.44842622,0.35841548,24.95227,1.1847116e-08,0.0
22.195,0.33486843,0.6,0.6,0.41138837,0.45727983,0.3716283,24.63971,5.1326494e-09,0.0
22.2,0.40359437,0.6,0.6,0.4136133,0.46495906,0.3845165,24.283388,2.4629767e-08,0.0
22.205000000000002,0.40359437,0.6,0.6,0.4094092,0.46873924,0.39707,23.90169,-3.627533e-08,0.0
22.21,0.40359437,0.6,0.6,0.40545067,0.47229862,0.4089234,24.14788,1.5491747e-08,0.0
22.215,0.40359437,0.6,0.6,0.40172336,0.4756501,0.42008442,25.063421,2.79448e-08,0.0
22.22,0.17586122,0.6,0.6,0.39815047,0.47946307,0.4305935,26.279305,-1.6225565e-08,0.0
22.225,0.17586122,0.6,0.6,0.3944541,0.48650378,0.44048873,27.528763,7.290968e-08,0.0
22.23,0.17586122,0.6,0.6,0.39097363,0.49313325,0.44980597,28.620853,-6.887983e-09,0.0
22.235,0.17586122,0.6,0.6,0.38769644,0.49937546,0.458579,29.441048,5.145265e-08,0.0
22.240000000000002,0.0,0.6,0.6,0.38525298,0.5052531,0.46683958,29.942049,3.521953e-08,0.0
22.245,0.0,0.6,0.6,0.38632432,0.51078737,0.47461763,30.127926,-7.360137e-09,0.0
22.25,0.0,0.6,0.6,0.3873331,0.51599836,0.48194137,29.431751,-1.139409e-07,0.0
22.255,0.0,0.6,0.6,0.38828292,0.520905,0.48883733,27.869768,-7.825982e-08,0.0
22.26,0.0,0.6,0.6,0.38704893,0.52552503,0.49533048,25.84634,-5.294373e-09,0.0
22.265,0.0,0.6,0.6,0.3747132,0.5298752,0.50144434,24.284601,-2.351545e-09,0.0
22.27,0.0,0.6,0.6,0.36309803,0.5339713,0.5072011,23.376009,-2.1449821e-08,0.0
22.275000000000002,0.0,0.6,0.6,0.3521613,0.53782815,0.5126216,22.840212,2.1018578e-09,0.0
22.28,0.0,0.4370215,0.6,0.34021983,0.5414597,0.51772547,22.467852,-4.4878977e-08,0.0
22.285,0.0,0.4370215,0.6,0.32034716,0.5448791,0.5225312,22.103167,1.862621e-08,0.0
22.29,0.0,0.4370215,0.6,0.3016353,0.54809874,0.5270563,21.588457,1.2157599e-08,0.0
22.295,0.0,0.4370215,0.6,0.2840164,0.55113035,0.531317,20.814407,-4.6487912e-08,0.0
22.3,0.0,0.0,0.6,0.26742667,0.5539849,0.53532887,19.74439,-5.7156868e-08,0.0
22.305,0.0,0.0,0.6,0.25180596,0.5566727,0.53910637,18.393747,4.5814307e-08,0.0
22.31,0.0,0.0,0.6,0.23709767,0.5592035,0.5426632,16.810465,1.2434367e-07,0.0
22.315,0.0,0.0,0.6,0.22324851,0.5615865,0.54601234,15.059014,-3.0391835e-08,0.0
22.32,0.31727177,0.0,0.41352686,0.2102083,0.5623071,0.54916584,13.209909,5.3670227e-08,0.0
22.325,0.31727177,0.0,0.41352686,0.19792977,0.55498904,0.5521351,11.339393,3.5656445e-08,0.0
22.330000000000002,0.31727177,0.0,0.41352686,0.18636845,0.5480984,0.554931,8.676334,-4.911712e-08,0.0
22.335,0.31727177,0.0,0.41352686,0.17548244,0.54161024,0.55756354,5.2810698,2.3527129e-08,0.0
22.34,0.6,0.14277978,0.5899403,0.1652323,0.5314168,0.5600423,1.8045077,-1.04778046e-07,0.0
22.345,0.6,0.14277978,0.5899403,0.15558088,0.5003761,0.5623763,-9.72895e-10,5.286832e-08,0.0
22.35,0.6,0.14277978,0.5899403,0.14649321,0.47114852,0.56457394,1.2561502e-08,-3.5377138e-08,0.0
22.355,0.6,0.14277978,0.5899403,0.13793637,0.44362816,0.56664324,6.8257524e-09,4.155705e-09,0.0
22.36,0.3973612,0.15376541,0.42451495,0.1328445,0.4177153,0.56684893,0.008161212,-8.9943036e-08,0.0
22.365000000000002,0.3973612,0.15376541,0.42451495,0.14361711,0.39331606,0.5578932,0.1020532,3.5286456e-09,0.0
22.37,0.3973612,0.15376541,0.42451495,0.1537605,0.370342,0.5494606,0.21527386,-4.54654e-08,0.0
22.375,0.3973612,0.15376541,0.42451495,0.16331138,0.34870985,0.54152054,0.47313774,6.9702914e-08,0.0
22.38,0.21792401,0.17479606,0.59625006,0.17494671,0.32967567,0.535693,1.0488213,-8.53662e-08,0.0
22.385,0.21792401,0.17479606,0.59625006,0.19123611,0.31875885,0.53886163,1.9886317,1.5645608e-07,0.0
22.39,0.21792401,0.17479606,0.59625006,0.20733938,0.3084797,0.5418452,3.2399373,5.8857534e-08,0.0
22.395,0.21792401,0.17479606,0.59625006,0.22324426,0.29880098,0.5446545,4.698313,7.83935e-08,0.0
22.400000000000002,0.38095567,0.25296986,0.6,0.23893869,0.28979027,0.54575366,6.253318,1.1799565e-07,0.0
22.405,0.38095567,0.25296986,0.6,0.24819234,0.28184488,0.538672,7.8214216,6.402729e-08,0.0
22.41,0.38095567,0.25296986,0.6,0.25690547,0.2743636,0.53200394,9.315368,5.8791016e-08,0.0
22.415,0.38095567,0.25296986,0.6,0.26510966,0.26731932,0.52572536,10.687564,1.3525788e-07,0.0
22.42,0.4046319,0.6,0.6,0.27115765,0.26088303,0.5214185,11.9371,1.5301813e-08,0.0
22.425,0.4046319,0.6,0.6,0.2680482,0.25585458,0.5257895,13.070996,-3.8146656e-08,0.0
22.43,0.4046319,0.6,0.6,0.2651204,0.25111985,0.5299052,14.500146,1.7368322e-07,0.0
22.435,0.4046319,0.6,0.6,0.26236358,0.2466617,0.53378046,16.223257,1.8930179e-07,0.0
22.44,0.038464703,0.6,0.46682122,0.26129147,0.24319454,0.53746444,17.98956,1.35951e-07,0.0
22.445,0.038464703,0.6,0.46682122,0.2682812,0.24376552,0.5411172,19.647718,1.6322176e-07,0.0
22.45,0.038464703,0.6,0.46682122,0.27486265,0.24430315,0.5445566,20.996067,5.3128417e-08,0.0
22.455000000000002,0.038464703,0.6,0.46682122,0.28105968,0.24480939,0.5477951,22.026382,6.2237106e-08,0.0
22.46,0.0,0.6,0.52802753,0.287116,0.24852933,0.5508445,22.836613,-1.870499e-08,0.0
22.465,0.0,0.6,0.52802753,0.29398024,0.26385796,0.5537157,23.503485,-1.6359513e-08,0.0
22.47,0.0,0.6,0.52802753,0.30044353,0.27894512,0.55641925,24.090773,-1.0573269e-08,0.0
22.475,0.0,0.6,0.52802753,0.3065293,0.29377928,0.55896485,24.604551,4.127946e-08,0.0
22.48,0.0,0.6,0.54234123,0.30883747,0.30834907,0.5601171,24.998531,6.1106064e-08,0.0
22.485,0.0,0.6,0.54234123,0.2930447,0.32264328,0.5546676,25.215002,-2.5118945e-09,0.0
22.490000000000002,0.0,0.6,0.54234123,0.27817437,0.33665088,0.54953635,25.607674,-2.6471907e-08,0.0
22.495,0.0,0.6,0.54234123,0.26417264,0.35036105,0.54470485,26.098331,5.2316263e-08,0.0
22.5,0.0,0.6,0.6,0.25062928,0.36376315,0.5407276,26.382053,-8.767105e-08,0.0
22.505,0.0,0.6,0.6,0.23598972,0.37684676,0.5399858,26.283909,4.0883087e-08,0.0
22.51,0.0,0.6,0.6,0.22220528,0.38960168,0.53928727,25.716473,-2.3266864e-08,0.0
22.515,0.0,0.6,0.6,0.209226,0.4018913,0.5386296,24.664927,-9.986842e-08,0.0
22.52,0.0,0.23273578,0.6,0.19700485,0.41346306,0.5381441,23.17035,4.4082493e-09,0.0
22.525000000000002,0.0,0.23273578,0.6,0.18549757,0.4243589,0.53838927,21.306126,-3.1658043e-08,0.0
22.53,0.0,0.23273578,0.6,0.17466243,0.43461832,0.5386201,19.163382,2.436766e-08,0.0
22.535,0.0,0.23273578,0.6,0.16446018,0.44427848,0.5388375,16.83189,-3.521102e-08,0.0
22.54,0.116343625,0.1064868,0.39744657,0.15485387,0.45337436,0.539581,14.404984,-1.2081624e-07,0.0
22.545,0.116343625,0.1064868,0.39744657,0.14580867,0.46193895,0.54311013,11.987757,1.0679134e-08,0.0
22.55,0.116343625,0.1064868,0.39744657,0.1372918,0.47000325,0.54643315,9.687988,-6.622915e-09,0.0
22.555,0.116343625,0.1064868,0.39744657,0.12927243,0.47759652,0.54956204,7.6001253,-6.259368e-08,0.0
22.56,0.49472904,0.0,0.5301647,0.12172147,0.48131388,0.5525082,5.7973237,1.10668935e-07,0.0
22.565,0.49472904,0.0,0.5301647,0.11461157,0.46679413,0.55528224,4.33519,-4.6806505e-08,0.0
22.57,0.49472904,0.0,0.5301647,0.10791697,0.4531225,0.55789423,2.5503275,2.9166987e-09,0.0
22.575,0.49472904,0.0,0.5301647,0.10161341,0.44024944,0.5603537,0.4679844,1.5983819e-08,0.0
22.580000000000002,0.6,0.10036302,0.32782966,0.09676537,0.42694843,0.5607765,-1.1265525e-09,-3.059344e-09,0.0
22.585,0.6,0.10036302,0.32782966,0.09790896,0.4082299,0.55123615,3.8429e-09,4.7818665e-09,0.0
22.59,0.6,0.10036302,0.32782966,0.09898575,0.3906047,0.54225314,-1.915845e-08,1.9318017e-08,0.0
22.595,0.6,0.10036302,0.32782966,0.099999644,0.37400904,0.5337948,-1.107446e-08,1.2698762e-07,0.0
22.6,0.3637544,0.0,0.6,0.10449062,0.35738754,0.52707094,-2.361754e-08,5.558087e-08,0.0
22.605,0.3637544,0.0,0.6,0.12142787,0.3365121,0.52725166,-1.192391e-09,1.020532e-09,0.0
22.61,0.3637544,0.0,0.6,0.13823177,0.316856,0.52742183,0.17423104,-5.018654e-08,0.0
22.615000000000002,0.3637544,0.0,0.6,0.15488964,0.29834807,0.52758205,0.72173667,3.969505e-08,0.0
22.62,0.40960464,0.19542013,0.6,0.17138891,0.28185916,0.52584195,1.7018746,2.5208726e-09,0.0
22.625,0.40960464,0.19542013,0.6,0.18771708,0.27125776,0.5142758,3.0380754,7.142251e-09,0.0
22.63,0.40960464,0.19542013,0.6,0.20386177,0.2612756,0.50338525,4.584911,7.9484614e-08,0.0
22.635,0.40960464,0.19542013,0.6,0.21981074,0.2518765,0.49313083,6.426895,4.8737302e-08,0.0
22.64,0.5008169,0.6,0.6,0.23555186,0.24208844,0.48601905,8.480171,3.7597104e-08,0.0
22.645,0.5008169,0.6,0.6,0.24304032,0.22794776,0.49267682,10.576342,1.6545829e-07,0.0
22.650000000000002,0.5008169,0.6,0.6,0.25009137,0.21463305,0.4989457,12.588016,1.0085263e-07,0.0
22.655,0.5008169,0.6,0.6,0.25673056,0.20209607,0.5048484,14.435676,1.3505303e-07,0.0
22.66,0.30583984,0.6,0.6,0.26341045,0.19211775,0.5104063,16.090832,-1.6375408e-08,0.0
22.665,0.30583984,0.6,0.6,0.27194983,0.19231065,0.5156396,17.556643,9.41039e-08,0.0
22.67,0.30583984,0.6,0.6,0.2799904,0.19249228,0.5205672,18.86306,1.2368245e-07,0.0
22.675,0.30583984,0.6,0.6,0.28756133,0.1926633,0.5252069,20.045021,2.5261185e-08,0.0
22.68,0.0,0.6,0.4631286,0.29554248,0.19660544,0.5295757,21.13046,1.0726388e-07,0.0
22.685,0.0,0.6,0.4631286,0.3075328,0.21264417,0.53368926,22.145012,4.3950045e-08,0.0
22.69,0.0,0.6,0.4631286,0.31882274,0.2284805,0.53756255,23.133678,4.1402327e-08,0.0
22.695,0.0,0.6,0.4631286,0.32945323,0.24410239,0.5412096,24.134985,1.0201756e-07,0.0
22.7,0.0,0.6,0.4816685,0.33764058,0.2594979,0.5446436,25.171091,-2.691453e-08,0.0
22.705000000000002,0.0,0.6,0.4816685,0.33578306,0.2746553,0.547877,26.242214,2.315349e-08,0.0
22.71,0.0,0.6,0.4816685,0.33403406,0.289563,0.55092156,27.791796,5.177692e-08,0.0
22.715,0.0,0.6,0.4816685,0.3323872,0.30420956,0.5537883,29.726662,2.1012929e-07,0.0
22.72,0.0,0.6,0.6,0.32797822,0.31858373,0.5552084,31.666431,-3.7409574e-08,0.0
22.725,0.0,0.6,0.6,0.3088206,0.3326744,0.5498299,33.349247,8.8323894e-08,0.0
22.73,0.0,0.6,0.6,0.29078203,0.34647074,0.5447656,34.51278,2.9344063e-08,0.0
22.735,0.0,0.6,0.6,0.2737971,0.35996202,0.5399971,34.97807,-3.7174e-08,0.0
22.740000000000002,0.0,0.6,0.6,0.25780427,0.37313777,0.5356804,34.686226,2.0647876e-08,0.0
22.745,0.0,0.6,0.6,0.24274561,0.38598773,0.53252554,33.664272,3.873061e-08,0.0
22.75,0.0,0.6,0.6,0.22856654,0.39848843,0.5295549,31.995634,4.023438e-08,0.0
22.755,0.0,0.6,0.6,0.2152157,0.41025898,0.5267578,29.794384,-7.220428e-08,0.0
22.76,0.0,0.23573636,0.52464837,0.20264469,0.421342,0.52522993,27.188192,9.027896e-08,0.0
22.765,0.0,0.23573636,0.52464837,0.19080797,0.43177763,0.52959734,24.307575,1.5696074e-08,0.0
22.77,0.0,0.23573636,0.52464837,0.17966264,0.4416037,0.53370965,21.281855,1.6382074e-07,0.0
22.775000000000002,0.0,0.23573636,0.52464837,0.16916834,0.45085582,0.53758174,18.217175,1.03708814e-07,0.0
22.78,0.1257158,0.0,0.29376006,0.159287,0.45956752,0.5412277,15.202808,9.66264e-08,0.0
22.785,0.1257158,0.0,0.29376006,0.14998285,0.46777034,0.5446607,12.331751,-1.10464384e-07,0.0
22.79,0.1257158,0.0,0.29376006,0.14122218,0.47549403,0.5478931,9.705261,-1.2718853e-08,0.0
22.795,0.1257158,0.0,0.29376006,0.13297322,0.48276657,0.55093676,7.4105773,7.568444e-08,0.0
22.8,0.6,0.0,0.10605732,0.1252061,0.48621,0.5530984,5.5095444,1.7155122e-07,0.0
22.805,0.6,0.0,0.10605732,0.11789266,0.47157952,0.5514366,4.0404515,2.5500883e-08,0.0
22.81,0.6,0.0,0.10605732,0.11100641,0.45780364,0.54987186,2.3008587,1.4431488e-07,0.0
22.815,0.6,0.0,0.10605732,0.10452239,0.4448324,0.54839855,0.2877701,1.845168e-08,0.0
22.82,0.32506347,0.0,0.023815084,0.09959203,0.43041572,0.54485345,-7.814698e-09,-8.365028e-09,0.0
22.825,0.32506347,0.0,0.023815084,0.10111795,0.40527463,0.5301868,-1.2220168e-08,-6.3484435e-08,0.0
22.830000000000002,0.32506347,0.0,0.023815084,0.102554746,0.38160205,0.5163768,1.6167176e-08,-4.2273125e-08,0.0
22.835,0.32506347,0.0,0.023815084,0.103907615,0.3593122,0.5033735,-7.2487714e-09,8.88531e-09,0.0
22.84,0.26892155,0.0,0.39044747,0.10961402,0.33832434,0.4893755,-4.258462e-09,-2.6301194e-08,0.0
22.845,0.26892155,0.0,0.39044747,0.12651238,0.31856242,0.46698543,0.08551799,-2.0020828e-08,0.0
22.85,0.26892155,0.0,0.39044747,0.14327355,0.2999548,0.44590318,0.4570569,2.3326944e-08,0.0
22.855,0.26892155,0.0,0.39044747,0.15988488,0.28243408,0.42605236,1.2388544,1.979532e-08,0.0
22.86,0.6,0.31313303,0.24895847,0.17633383,0.26593676,0.40659246,2.410959,1.3744594e-07,0.0
22.865000000000002,0.6,0.31313303,0.24895847,0.18502131,0.25040308,0.38423398,4.078917,1.9342904e-08,0.0
22.87,0.6,0.31313303,0.24895847,0.19320135,0.23577672,0.36318147,6.053287,1.0218255e-07,0.0
22.875,0.6,0.31313303,0.24895847,0.20090358,0.22200471,0.34335867,8.0316305,6.803315e-08,0.0
22.88,0.5862878,0.3995559,0.4229825,0.20763122,0.20903715,0.3281202,9.840487,1.4993302e-07,0.0
22.885,0.5862878,0.3995559,0.4229825,0.21121126,0.19682704,0.33176082,11.410688,1.6053038e-07,0.0
22.89,0.5862878,0.3995559,0.4229825,0.21458219,0.18533014,0.33518878,12.725586,1.03423474e-07,0.0
22.895,0.5862878,0.3995559,0.4229825,0.21775621,0.17450479,0.33841652,13.798517,6.9353e-09,0.0
22.900000000000002,0.30371553,0.6,0.0,0.22383903,0.16723822,0.34013337,14.660214,5.8742852e-08,0.0
22.905,0.30371553,0.6,0.0,0.2395253,0.17576012,0.33480772,15.367294,6.1981034e-08,0.0
22.91,0.30371553,0.6,0.0,0.2549887,0.18378423,0.32979316,16.032152,8.690272e-09,0.0
22.915,0.30371553,0.6,0.0,0.27021745,0.19133966,0.3250715,16.75894,6.6377396e-08,0.0
22.92,0.28068867,0.6,0.0,0.28519988,0.19926144,0.32225206,17.607244,7.655622e-08,0.0
22.925,0.28068867,0.6,0.0,0.29992452,0.21096088,0.32813585,18.60115,2.9148087e-08,0.0
22.93,0.28068867,0.6,0.0,0.31438005,0.22197694,0.33367595,19.744104,9.2676565e-08,0.0
22.935,0.28068867,0.6,0.0,0.32855535,0.23234953,0.33889246,21.023027,1.6622786e-07,0.0
22.94,0.42827767,0.6,0.0,0.34096894,0.24398956,0.33985114,22.416622,7.138404e-08,0.0
22.945,0.42827767,0.6,0.0,0.33879292,0.25938678,0.32000002,23.89675,2.8218981e-08,0.0
22.95,0.42827767,0.6,0.0,0.336744,0.27454597,0.30130842,25.916368,1.1756198e-07,0.0
22.955000000000002,0.42827767,0.6,0.0,0.3348148,0.28945553,0.28370863,28.395025,2.1710142e-07,0.0
22.96,0.28557014,0.6,0.0,0.33278304,0.30410403,0.26713687,30.909573,1.2281116e-07,0.0
22.965,0.28557014,0.6,0.0,0.32974014,0.3184802,0.2515331,33.16314,1.3624344e-07,0.0
22.97,0.28557014,0.6,0.0,0.32687497,0.33257297,0.23684074,34.970806,1.14631405e-07,0.0
22.975,0.28557014,0.6,0.0,0.32417718,0.34637147,0.22300659,36.235844,5.2160196e-08,0.0
22.98,0.33304763,0.57554895,0.0,0.3230163,0.359865,0.2099805,36.9347,5.234404e-08,0.0
22.985,0.33304763,0.57554895,0.0,0.32916474,0.3730431,0.19771528,37.064503,0.25306758,0.0
22.990000000000002,0.33304763,0.57554895,0.0,0.33495405,0.38589543,0.1861665,36.10419,1.4960921,0.0
22.995,0.33304763,0.57554895,0.0,0.3404052,0.39840153,0.17529228,34.236404,3.4946675,0.0
23.0,0.21127982,0.6,0.0,0.34420422,0.41017714,0.16505325,31.96459,5.6666975,0.0
23.005,0.21127982,0.6,0.0,0.34077933,0.42126492,0.15541229,29.606031,7.6539965,0.0
23.01,0.21127982,0.6,0.0,0.33755448,0.43170506,0.14633447,27.987814,8.546306,0.0
23.015,0.21127982,0.6,0.0,0.33451802,0.44153538,0.1377869,27.153276,8.330745,0.0
23.02,0.59407234,0.42523766,0.0,0.33210263,0.45056298,0.1297386,26.73268,7.4435015,0.0
23.025000000000002,0.59407234,0.42523766,0.0,0.33215782,0.45786357,0.12216041,26.489882,6.160083,0.0
23.03,0.59407234,0.42523766,0.0,0.3322098,0.4647377,0.11502487,25.640564,5.3571763,0.0
23.035,0.59407234,0.42523766,0.0,0.33225873,0.47121033,0.10830613,24.148014,5.0555716,0.0
23.04,0.22421011,0.09937519,0.27592963,0.3311668,0.4775334,0.10197984,22.387854,4.8221307,0.0
23.045,0.22421011,0.09937519,0.27592963,0.32416406,0.48468682,0.09602307,21.271654,3.640109,0.0
23.05,0.22421011,0.09937519,0.27592963,0.31757036,0.4914224,0.09041424,20.867361,1.4607598,0.0
23.055,0.22421011,0.09937519,0.27592963,0.3113618,0.49776456,0.08513304,20.565552,1.3951706e-08,0.0
23.06,0.4010486,0.21906716,0.10168346,0.3090934,0.502103,0.08016031,20.192198,-4.239021e-09,0.0
23.065,0.4010486,0.21906716,0.10168346,0.32337308,0.49761316,0.075478055,19.94944,9.436508e-09,0.0
23.07,0.4010486,0.21906716,0.10168346,0.3373656,0.4933856,0.07106929,18.363556,1.3953198,0.0
23.075,0.4010486,0.21906716,0.10168346,0.35106012,0.489405,0.06691805,15.594204,3.8146925,0.0
23.080000000000002,0.2506434,0.16985919,0.27027723,0.3617981,0.48261148,0.06558807,12.623654,6.1349277,0.0
23.085,0.2506434,0.16985919,0.27027723,0.35376143,0.46022618,0.07787438,10.088126,7.654245,0.0
23.09,0.2506434,0.16985919,0.27027723,0.34619418,0.43914843,0.08944303,9.0448475,7.2286987,0.0
23.095,0.2506434,0.16985919,0.27027723,0.33906895,0.41930187,0.10033593,9.519865,4.887733,0.0
23.1,0.49134964,0.16577052,0.45256674,0.3340126,0.4017332,0.10896411,10.918665,1.3344465,0.0
23.105,0.49134964,0.16577052,0.45256674,0.33792824,0.39106345,0.108538836,12.257945,1.060341e-07,0.0
23.11,0.49134964,0.16577052,0.45256674,0.34161517,0.38101694,0.108138405,13.12824,0.18158813,0.0
23.115000000000002,0.49134964,0.16577052,0.45256674,0.34508675,0.37155727,0.10776136,13.596003,0.5496398,0.0
23.12,0.39767924,0.5403293,0.15617031,0.3469499,0.36219025,0.10898198,13.883996,0.85394245,0.0
23.125,0.39767924,0.5403293,0.15617031,0.34132454,0.35095596,0.118403435,14.138252,0.9345231,0.0
23.13,0.39767924,0.5403293,0.15617031,0.33602774,0.34037787,0.12727457,15.089521,-5.5985794e-07,0.0
23.135,0.39767924,0.5403293,0.15617031,0.33104035,0.33041766,0.13562754,16.404428,4.5825292e-08,0.0
23.14,0.36995614,0.4567073,0.09653718,0.32859385,0.32100102,0.14519623,18.013243,1.3984277e-07,0.0
23.145,0.36995614,0.4567073,0.09653718,0.3381006,0.31193382,0.16178949,19.704878,5.667333e-08,0.0
23.150000000000002,0.36995614,0.4567073,0.09653718,0.34705207,0.30339622,0.17821892,20.799559,0.41331232,0.0
23.155,0.36995614,0.4567073,0.09653718,0.35548067,0.29535735,0.19424391,21.269938,1.2612082,0.0
23.16,0.6,0.51648885,0.0,0.36254153,0.29128858,0.2065628,21.484211,2.1249928,0.0
23.165,0.6,0.51648885,0.0,0.36459395,0.30583537,0.20361932,21.646942,2.7787948,0.0
23.17,0.6,0.51648885,0.0,0.3665265,0.31953245,0.20084776,22.54056,1.3219688,0.0
23.175,0.6,0.51648885,0.0,0.36834618,0.33242947,0.19823809,23.601269,7.8978516e-08,0.0
23.18,0.4482592,0.53411365,0.040573813,0.36980048,0.34379163,0.19522354,24.491776,5.823437e-08,0.0
23.185,0.4482592,0.53411365,0.040573813,0.36980957,0.3503872,0.18945915,25.319017,2.3078973e-08,0.0
23.19,0.4482592,0.53411365,0.040573813,0.36981812,0.35659748,0.18403146,25.989492,3.853226e-08,0.0
23.195,0.4482592,0.53411365,0.040573813,0.3698262,0.36244503,0.1789208,26.46548,4.429144e-08,0.0
23.2,0.6,0.6,0.0,0.37198374,0.3685097,0.17320646,26.741194,2.6090913e-08,0.0
23.205000000000002,0.6,0.6,0.0,0.38486296,0.37715334,0.16308926,26.838743,4.669775e-09,0.0
23.21,0.6,0.6,0.0,0.3974072,0.38529208,0.15356302,26.831766,4.692976e-11,0.0
23.215,0.6,0.6,0.0,0.4092409,0.39295545,0.14459322,26.799263,2.039516e-10,0.0
23.22,0.4818804,0.59736687,0.3933424,0.41896522,0.4003359,0.13652655,26.79359,-5.429652e-09,0.0
23.225,0.4818804,0.59736687,0.3933424,0.42067632,0.40815002,0.13092184,26.83662,1.0018955e-08,0.0
23.23,0.4818804,0.59736687,0.3933424,0.42228746,0.4155077,0.1256445,26.8939,4.928591e-09,0.0
23.235,0.4818804,0.59736687,0.3933424,0.4238045,0.4224356,0.12067542,26.922426,3.3346463e-09,0.0
23.240000000000002,0.5995729,0.4797128,0.6,0.42665106,0.4295746,0.115617394,26.8981,-6.9405797e-09,0.0
23.245,0.5995729,0.4797128,0.6,0.43677658,0.43952936,0.10886404,26.815563,3.88615e-09,0.0
23.25,0.5995729,0.4797128,0.6,0.44631067,0.44890264,0.10250516,26.702318,-2.5604976e-09,0.0
23.255,0.5995729,0.4797128,0.6,0.45528784,0.45772842,0.09651771,26.590572,-7.782126e-09,0.0
23.26,0.25952148,0.37454832,0.6,0.46263674,0.46601406,0.09455609,26.500616,8.149939e-09,0.0
23.265,0.25952148,0.37454832,0.6,0.4637608,0.47368652,0.11156522,26.437994,4.631523e-09,0.0
23.27,0.25952148,0.37454832,0.6,0.4648192,0.48091084,0.12802416,26.373995,-5.1981526e-09,0.0
23.275000000000002,0.25952148,0.37454832,0.6,0.46581575,0.48771316,0.14352173,26.277414,6.9934667e-09,0.0
23.28,0.2959034,0.35747272,0.6,0.46785405,0.4930186,0.16004543,26.132906,-1.7250019e-09,0.0
23.285,0.2959034,0.35747272,0.6,0.4755479,0.49224138,0.17649275,25.946589,-6.817115e-09,0.0
23.29,0.2959034,0.35747272,0.6,0.48279235,0.4915096,0.1927651,24.863997,0.84826994,0.0
23.295,0.2959034,0.35747272,0.6,0.48961365,0.49082053,0.20885015,23.003141,2.2963746,0.0
23.3,0.39870307,0.6,0.6,0.49285844,0.48918888,0.22473568,20.974361,3.6475804,0.0
23.305,0.39870307,0.6,0.6,0.47922894,0.4824926,0.24040961,19.142904,4.4985404,0.0
23.31,0.39870307,0.6,0.6,0.46639556,0.47618744,0.25586,18.554365,3.701825,0.0
23.315,0.39870307,0.6,0.6,0.4543118,0.47025058,0.27107507,19.133099,1.3891606,0.0
23.32,0.0,0.6,0.6,0.44327387,0.4645009,0.28604317,19.934034,6.4988804e-08,0.0
23.325,0.0,0.6,0.6,0.4346658,0.45824927,0.30075282,20.723526,4.916017e-08,0.0
23.330000000000002,0.0,0.6,0.6,0.42656052,0.45236278,0.31519273,21.577728,4.0396344e-08,0.0
23.335,0.0,0.6,0.6,0.41892868,0.44682014,0.32935178,22.360605,4.649084e-08,0.0
23.34,0.0,0.6,0.6,0.41270337,0.44386786,0.34321904,22.992403,1.5819898e-08,0.0
23.345,0.0,0.6,0.6,0.4118856,0.45298773,0.35678378,23.431305,7.636154e-09,0.0
23.35,0.0,0.6,0.6,0.4111156,0.46157488,0.37003547,24.356266,1.0776649e-07,0.0
23.355,0.0,0.6,0.6,0.41039056,0.46966046,0.38296378,25.82003,1.221573e-07,0.0
23.36,0.0,0.6,0.6,0.4059817,0.47727376,0.3955586,27.450893,1.2240137e-07,0.0
23.365000000000002,0.0,0.6,0.6,0.3822678,0.48444235,0.40750027,28.971226,6.9077856e-08,0.0
23.37,0.0,0.6,0.6,0.35993907,0.49119222,0.41874442,30.083933,2.0647699e-08,0.0
23.375,0.0,0.6,0.6,0.3389146,0.4975478,0.42933178,30.582129,4.1078387e-08,0.0
23.38,0.0,0.45601073,0.6,0.3191182,0.5035322,0.43930072,30.39473,1.5574344e-08,0.0
23.385,0.0,0.45601073,0.6,0.30047813,0.50916696,0.44868734,29.539312,-4.4137153e-08,0.0
23.39,0.0,0.45601073,0.6,0.28292683,0.5144726,0.4575257,28.087292,-1.0849805e-07,0.0
23.395,0.0,0.45601073,0.6,0.26640072,0.51946837,0.4658478,26.14143,-1.430324e-07,0.0
23.400000000000002,0.0,0.067736655,0.6,0.25083995,0.5241723,0.47368377,23.823847,5.287486e-08,0.0
23.405,0.0,0.067736655,0.6,0.23618808,0.52860147,0.48106205,21.267818,1.2636613e-07,0.0
23.41,0.0,0.067736655,0.6,0.22239205,0.53277194,0.48800936,18.60435,-4.5185395e-08,0.0
23.415,0.0,0.067736655,0.6,0.20940186,0.5366988,0.49455088,15.946496,-2.632824e-07,0.0
23.42,0.26016748,0.0,0.5929626,0.19717045,0.53905064,0.5007103,13.383539,5.4058695e-08,0.0
23.425,0.26016748,0.0,0.5929626,0.1856535,0.5342002,0.50650996,10.993638,6.4660286e-09,0.0
23.43,0.26016748,0.0,0.5929626,0.17480925,0.52963305,0.5119708,8.02824,1.9008873e-08,0.0
23.435,0.26016748,0.0,0.5929626,0.16459842,0.5253327,0.51711273,4.53011,1.6076642e-08,0.0
23.44,0.6,0.13812204,0.47364694,0.15498403,0.5176548,0.5219543,1.1101955,1.3586211e-07,0.0
23.445,0.6,0.13812204,0.47364694,0.14593123,0.49137452,0.52651304,9.799736e-09,6.235298e-08,0.0
23.45,0.6,0.13812204,0.47364694,0.13740721,0.46662933,0.5308055,-4.0246295e-09,9.267831e-09,0.0
23.455000000000002,0.6,0.13812204,0.47364694,0.12938109,0.4433295,0.53484726,1.2028579e-08,1.0943545e-08,0.0
23.46,0.46897218,0.019549478,0.31380767,0.124255255,0.42075762,0.53858715,1.0386773e-08,-7.214939e-08,0.0
23.465,0.46897218,0.019549478,0.31380767,0.13219406,0.39618066,0.5417633,0.0034642497,5.008497e-08,0.0
23.47,0.46897218,0.019549478,0.31380767,0.13966914,0.37303928,0.5447539,-1.8725737e-09,3.829232e-08,0.0
23.475,0.46897218,0.019549478,0.31380767,0.1467076,0.3512496,0.5475698,0.10794756,-1.6545519e-08,0.0
23.48,0.26642996,0.0,0.6,0.15651093,0.33202356,0.5491062,0.48312896,8.881117e-08,0.0
23.485,0.26642996,0.0,0.6,0.172994,0.32069755,0.54469854,1.2097222,2.8104216e-08,0.0
23.490000000000002,0.26642996,0.0,0.6,0.18930477,0.31003308,0.5405483,2.2732532,8.58005e-09,0.0
23.495,0.26642996,0.0,0.6,0.20543085,0.29999155,0.5366405,3.5931292,1.07019744e-07,0.0
23.5,0.6,0.31619066,0.4824581,0.22136001,0.2894284,0.53146714,5.062948,6.057111e-08,0.0
23.505,0.6,0.31619066,0.4824581,0.23582333,0.27366444,0.5187534,6.5905795,1.2820234e-07,0.0
23.51,0.6,0.31619066,0.4824581,0.24944183,0.25882128,0.5067823,8.126637,9.381625e-08,0.0
23.515,0.6,0.31619066,0.4824581,0.26226488,0.24484512,0.4955104,9.652626,2.5000501e-08,0.0
23.52,0.6,0.4625471,0.543769,0.27244598,0.23150262,0.48757163,11.397468,1.0897697e-07,0.0
23.525000000000002,0.6,0.4625471,0.543769,0.27209458,0.21798028,0.49413872,13.3534155,1.1003958e-07,0.0
23.53,0.6,0.4625471,0.543769,0.2717637,0.20524779,0.5003222,15.768069,8.936539e-08,0.0
23.535,0.6,0.4625471,0.543769,0.27145216,0.19325902,0.5061445,18.528135,2.5462745e-07,0.0
23.54,0.20839138,0.6,0.0,0.2742763,0.18492557,0.5105282,21.315979,1.4081155e-07,0.0
23.545,0.20839138,0.6,0.0,0.2891904,0.19259292,0.5088886,23.49964,1.0325231e-07,0.0
23.55,0.20839138,0.6,0.0,0.30384368,0.19981241,0.5073448,25.0077,7.218444e-08,0.0
23.555,0.20839138,0.6,0.0,0.31822485,0.2066102,0.50589114,26.108683,8.239072e-08,0.0
23.56,0.23333202,0.6,0.0,0.3323228,0.21437874,0.50509536,27.005928,-9.756005e-08,0.0
23.565,0.23333202,0.6,0.0,0.34612668,0.22887456,0.5073543,27.839855,4.8806994e-09,0.0
23.57,0.23333202,0.6,0.0,0.35962576,0.24252366,0.5094814,28.706635,2.9336645e-08,0.0
23.575,0.23333202,0.6,0.0,0.3728096,0.2553755,0.51148415,29.66128,9.1571806e-08,0.0
23.580000000000002,0.4385179,0.50445855,0.0,0.38242015,0.26876125,0.50828797,30.723143,6.066532e-08,0.0
23.585,0.4385179,0.50445855,0.0,0.3722549,0.2837679,0.47859824,31.798965,2.6404251e-08,0.0
23.59,0.4385179,0.50445855,0.0,0.36268345,0.29851785,0.45064273,33.280804,2.9682712e-10,0.0
23.595,0.4385179,0.50445855,0.0,0.35367104,0.31299978,0.42432016,35.04062,2.2289269e-08,0.0
23.6,0.3670651,0.6,0.0,0.34541818,0.32720256,0.39953512,36.66507,7.917387e-08,0.0
23.605,0.3670651,0.6,0.0,0.3388711,0.3411152,0.3761978,37.90211,8.909635e-08,0.0
23.61,0.3670651,0.6,0.0,0.33270642,0.35472694,0.3542236,38.63218,1.8372676e-08,0.0
23.615000000000002,0.3670651,0.6,0.0,0.32690185,0.36802724,0.333533,38.826786,3.0085353e-08,0.0
23.62,0.26844305,0.6,0.0,0.32335395,0.38068414,0.3140509,38.515022,-3.0777887e-08,0.0
23.625,0.26844305,0.6,0.0,0.3300808,0.38791394,0.2957068,37.773903,4.729238e-08,0.0
23.63,0.26844305,0.6,0.0,0.33641475,0.39472145,0.27843422,36.242355,-9.3779555e-08,0.0
23.635,0.26844305,0.6,0.0,0.34237874,0.40113133,0.26217052,34.04069,7.233835e-08,0.0
23.64,0.19720946,0.5696416,0.0,0.34732655,0.40805972,0.24685682,31.567787,-7.638695e-08,0.0
23.645,0.19720946,0.5696416,0.0,0.3484795,0.41927117,0.23243761,29.094986,2.1955138e-09,0.0
23.650000000000002,0.19720946,0.5696416,0.0,0.34956512,0.42982775,0.21886064,26.757866,8.3652104e-08,0.0
23.655,0.19720946,0.5696416,0.0,0.3505873,0.43976772,0.20607673,24.624722,-1.0624311e-07,0.0
23.66,0.493691,0.31204295,0.0,0.3506281,0.44912708,0.19403954,22.742807,7.0817485e-09,0.0
23.665,0.493691,0.31204295,0.0,0.34582758,0.45793974,0.18270546,21.133606,-6.567248e-08,0.0
23.67,0.493691,0.31204295,0.0,0.34130746,0.46623766,0.17203341,20.334602,7.1439668e-09,0.0
23.675,0.493691,0.31204295,0.0,0.33705136,0.47405088,0.16198474,20.340292,1.0147934e-08,0.0
23.68,0.15570875,0.0,0.0,0.33237812,0.48112398,0.15252301,20.786936,3.6403893e-08,0.0
23.685,0.15570875,0.0,0.0,0.32448274,0.48629442,0.14361396,21.395367,5.279461e-08,0.0
23.69,0.15570875,0.0,0.0,0.31704855,0.49116284,0.1352253,21.952215,4.47543e-08,0.0
23.695,0.15570875,0.0,0.0,0.3100486,0.49574688,0.12732662,22.318642,1.6961733e-08,0.0
23.7,0.3013761,0.09758297,0.0,0.3062284,0.4976557,0.11988932,22.420143,0.038208738,0.0
23.705000000000002,0.3013761,0.09758297,0.0,0.3171783,0.4868138,0.11288644,22.273657,0.106487036,0.0
23.71,0.3013761,0.09758297,0.0,0.32748863,0.47660524,0.106292605,20.535368,1.7035698,0.0
23.715,0.3013761,0.09758297,0.0,0.3371967,0.46699294,0.100083925,17.49439,4.4530644,0.0
23.72,0.24033271,0.056440387,0.059213825,0.34317902,0.45502585,0.0942379,14.226993,7.123154,0.0
23.725,0.24033271,0.056440387,0.059213825,0.33222866,0.42844725,0.08873335,11.395125,8.983525,0.0
23.73,0.24033271,0.056440387,0.059213825,0.32191792,0.40342113,0.083550334,10.028392,8.923649,0.0
23.735,0.24033271,0.056440387,0.059213825,0.31220943,0.37985682,0.078670055,10.180218,6.9436927,0.0
23.740000000000002,0.38097134,0.103101686,0.33949283,0.3044294,0.35858092,0.07407484,11.315187,3.6811404,0.0
23.745,0.38097134,0.103101686,0.33949283,0.30425107,0.34333572,0.069748044,12.90529,-9.75794e-08,0.0
23.75,0.38097134,0.103101686,0.33949283,0.30408314,0.328981,0.06567398,14.094164,5.0591385e-08,0.0
23.755,0.38097134,0.103101686,0.33949283,0.303925,0.31546476,0.06183788,15.572361,2.415798e-08,0.0
23.76,0.50303215,0.56368566,0.013680232,0.3032056,0.3023535,0.058779255,17.19356,1.4272126e-07,0.0
23.765,0.50303215,0.56368566,0.013680232,0.29953313,0.2879894,0.05880464,18.847044,1.18166064e-07,0.0
23.77,0.50303215,0.56368566,0.013680232,0.29607517,0.27446434,0.05882854,20.448553,1.5179756e-07,0.0
23.775000000000002,0.50303215,0.56368566,0.013680232,0.29281917,0.2617293,0.058851045,21.9457,7.19971e-08,0.0
23.78,0.39725932,0.49780142,0.03795054,0.29106775,0.25017422,0.061491664,23.318228,7.0612245e-08,0.0
23.785,0.39725932,0.49780142,0.03795054,0.29631913,0.24158354,0.077730045,24.574896,4.318322e-08,0.0
23.79,0.39725932,0.49780142,0.03795054,0.30126375,0.23349465,0.093019925,25.215048,0.4194834,0.0
23.795,0.39725932,0.49780142,0.03795054,0.30591956,0.22587824,0.107416704,25.283176,1.2220981,0.0
23.8,0.6,0.5031806,0.0,0.31144416,0.22301124,0.11792757,25.132019,2.0071175,0.0
23.805,0.6,0.5031806,0.0,0.32263505,0.23870887,0.11183836,24.951216,2.5656352,0.0
23.81,0.6,0.5031806,0.0,0.33317226,0.25418425,0.10610483,25.128141,2.4734566,0.0
23.815,0.6,0.5031806,0.0,0.343094,0.26942557,0.1007062,25.72579,1.6793184,0.0
23.82,0.5285846,0.6,0.113392554,0.35144764,0.28442118,0.09584973,26.5926,0.36931995,0.0
23.825,0.5285846,0.6,0.113392554,0.35412356,0.29688498,0.09246777,27.325356,3.9601574e-08,0.0
23.830000000000002,0.5285846,0.6,0.113392554,0.35664317,0.30862075,0.089283355,27.974356,3.1919033e-08,0.0
23.835,0.5285846,0.6,0.113392554,0.3590156,0.31967103,0.08628494,28.508793,3.729598e-08,0.0
23.84,0.6,0.6,0.08823461,0.36314425,0.3301261,0.083106995,28.873217,2.502983e-08,0.0
23.845,0.6,0.6,0.08823461,0.37624297,0.34023443,0.07825261,29.056395,6.270086e-09,0.0
23.85,0.6,0.6,0.08823461,0.38901344,0.3497523,0.07368179,29.113646,-4.2265293e-09,0.0
23.855,0.6,0.6,0.08823461,0.40133741,0.35871425,0.069377944,29.113434,4.019065e-09,0.0
23.86,0.34288573,0.6,0.55154574,0.4122741,0.36805755,0.06638524,29.105371,1.1780781e-09,0.0
23.865000000000002,0.34288573,0.6,0.55154574,0.41906792,0.38103527,0.069130994,29.114073,8.04015e-09,0.0
23.87,0.34288573,0.6,0.55154574,0.42546493,0.39368102,0.07171637,29.119257,-4.097079e-09,0.0
23.875,0.34288573,0.6,0.55154574,0.43148828,0.40573236,0.074150726,29.089512,-1.180126e-10,0.0
23.88,0.6,0.6,0.6,0.43782723,0.41707978,0.076207764,29.006016,3.0931642e-09,0.0
23.885,0.6,0.6,0.6,0.44729993,0.42776436,0.076910265,28.865433,-3.4497718e-09,0.0
23.89,0.6,0.6,0.6,0.45621932,0.43782485,0.077571735,28.689562,-5.235984e-09,0.0
23.895,0.6,0.6,0.6,0.46461773,0.4472977,0.078194566,28.504684,1.0118458e-08,0.0
23.900000000000002,0.32784763,0.4609796,0.6,0.47012264,0.45621723,0.083111025,28.329178,8.664239e-10,0.0
23.905,0.32784763,0.4609796,0.6,0.46269056,0.46461576,0.100197256,28.163637,-1.057481e-08,0.0
23.91,0.32784763,0.4609796,0.6,0.45569262,0.47252372,0.11716613,28.679646,4.9157144e-08,0.0
23.915,0.32784763,0.4609796,0.6,0.44910344,0.47996977,0.13400488,29.863728,7.656366e-08,0.0
23.92,0.35073757,0.5246725,0.6,0.44530207,0.4869809,0.1507008,31.271914,4.3930893e-08,0.0
23.925,0.35073757,0.5246725,0.6,0.45433816,0.49358246,0.16724126,32.613873,9.039784e-08,0.0
23.93,0.35073757,0.5246725,0.6,0.46284646,0.49979845,0.18361378,32.923542,0.8743936,0.0
23.935000000000002,0.35073757,0.5246725,0.6,0.47085777,0.50565135,0.19980593,32.18581,2.6627579,0.0
23.94,0.45231822,0.6,0.6,0.47585765,0.50986314,0.21580544,30.93593,4.7465806,0.0
23.945,0.45231822,0.6,0.6,0.4672122,0.5070078,0.23160014,29.533466,6.719832,0.0
23.95,0.45231822,0.6,0.6,0.45907176,0.5043192,0.24717802,28.092567,8.460499,0.0
23.955000000000002,0.45231822,0.6,0.6,0.4514068,0.50178766,0.2625272,26.736198,9.641253,0.0
23.96,0.08335889,0.6,0.6,0.4444035,0.49999928,0.27763593,25.67309,9.266229,0.0
23.965,0.08335889,0.6,0.6,0.43893236,0.50144047,0.2924927,24.994614,6.4122915,0.0
23.97,0.08335889,0.6,0.6,0.4337808,0.5027975,0.30708605,25.534952,-1.9179527e-06,0.0
23.975,0.08335889,0.6,0.6,0.42893013,0.5040752,0.32140478,25.579256,1.410317e-08,0.0
23.98,0.0,0.6,0.6,0.42531216,0.50598234,0.33543786,26.264904,4.6138876e-08,0.0
23.985,0.0,0.6,0.6,0.42688963,0.511474,0.34917447,27.261528,4.3524935e-08,0.0
23.990000000000002,0.0,0.6,0.6,0.42837495,0.51664495,0.3626039,27.661234,2.7902473e-08,0.0
23.995,0.0,0.6,0.6,0.4297735,0.5215138,0.37571576,27.26051,-3.943357e-08,0.0
24.0,0.0,0.6,0.6,0.42764217,0.5260983,0.3884998,26.34721,-4.508724e-08,0.0
24.005,0.0,0.6,0.6,0.40753216,0.530415,0.40085378,25.826849,-4.2448423e-09,0.0
24.01,0.0,0.6,0.6,0.3885968,0.53447956,0.41248617,25.803528,3.076866e-08,0.0
24.015,0.0,0.6,0.6,0.37076747,0.5383067,0.4234391,25.89947,-1.5172189e-08,0.0
24.02,0.0,0.4275681,0.6,0.35320053,0.5419103,0.43375224,25.867218,7.509483e-09,0.0
24.025000000000002,0.0,0.4275681,0.6,0.33256966,0.5453034,0.44346297,25.561132,3.2750158e-08,0.0
24.03,0.0,0.4275681,0.6,0.31314385,0.5484983,0.4526065,24.889643,-1.54573e-10,0.0
24.035,0.0,0.4275681,0.6,0.29485273,0.5515066,0.46121594,23.820807,5.4400896e-08,0.0
24.04,0.0,0.106444396,0.6,0.27763003,0.5543391,0.4693225,22.38051,-7.45409e-09,0.0
24.045,0.0,0.106444396,0.6,0.26141334,0.55700624,0.47695553,20.63321,-1.0242097e-09,0.0
24.05,0.0,0.106444396,0.6,0.24614386,0.55951756,0.48414272,18.665268,2.7159018e-08,0.0
24.055,0.0,0.106444396,0.6,0.2317663,0.5618822,0.49091008,16.569025,2.6385797e-08,0.0
24.060000000000002,0.2607458,0.0,0.45816883,0.21822855,0.5624972,0.49728215,14.429877,5.7636896e-08,0.0
24.065,0.2607458,0.0,0.45816883,0.20548156,0.55461586,0.503282,12.327412,-9.357192e-08,0.0
24.07,0.2607458,0.0,0.45816883,0.19347914,0.54719484,0.5089314,9.487807,-1.5667658e-07,0.0
24.075,0.2607458,0.0,0.45816883,0.18217778,0.54020727,0.5142508,5.9589596,-7.0065234e-08,0.0
24.080000000000002,0.6,0.0613504,0.44255605,0.17153655,0.5306267,0.5192595,2.3743775,1.12704015e-07,0.0
24.085,0.6,0.0613504,0.44255605,0.16151689,0.5058497,0.5239757,3.7077832e-08,3.5009876e-08,0.0
24.09,0.6,0.0613504,0.44255605,0.15208249,0.48251998,0.52841634,-8.9026353e-10,2.0986716e-08,0.0
24.095,0.6,0.0613504,0.44255605,0.14319916,0.46055296,0.5325976,4.0253822e-09,3.4868446e-08,0.0
24.1,0.3324578,0.0,0.5343209,0.1372716,0.43887424,0.5352091,4.1366834e-09,-2.2035373e-08,0.0
24.105,0.3324578,0.0,0.5343209,0.14448388,0.41323906,0.5307091,0.024748888,-3.5391776e-09,0.0
24.11,0.3324578,0.0,0.5343209,0.15127487,0.38910127,0.5264719,-2.7761432e-08,2.5025283e-08,0.0
24.115000000000002,0.3324578,0.0,0.5343209,0.1576692,0.3663734,0.5224822,0.09513658,9.5577406e-08,0.0
24.12,0.18169445,0.08397328,0.6,0.16686063,0.34554645,0.51857966,0.44574037,-3.9276863e-08,0.0
24.125,0.18169445,0.08397328,0.6,0.18323717,0.32894623,0.51413906,1.1526706,9.306385e-08,0.0
24.13,0.18169445,0.08397328,0.6,0.19943362,0.31331563,0.5099578,2.2378619,1.6510648e-07,0.0
24.135,0.18169445,0.08397328,0.6,0.21543773,0.29859805,0.5060208,3.6406999,5.1598953e-08,0.0
24.14,0.4606672,0.42336568,0.6,0.23123729,0.28416675,0.5031713,5.24918,-5.169027e-08,0.0
24.145,0.4606672,0.42336568,0.6,0.2371497,0.26756823,0.5049908,6.952006,8.530313e-08,0.0
24.150000000000002,0.4606672,0.42336568,0.6,0.24271676,0.25193924,0.50670403,8.624385,-6.7208648e-09,0.0
24.155,0.4606672,0.42336568,0.6,0.24795865,0.23722316,0.5083172,10.418355,1.598623e-07,0.0
24.16,0.45991188,0.6,0.6,0.25148535,0.22415146,0.5104499,12.298427,1.3908472e-07,0.0
24.165,0.45991188,0.6,0.6,0.24740878,0.21596348,0.5156806,14.106414,1.2693273e-07,0.0
24.17,0.45991188,0.6,0.6,0.24357033,0.20825377,0.5206058,16.1261,6.8219514e-08,0.0
24.175,0.45991188,0.6,0.6,0.23995608,0.2009944,0.52524334,18.308956,5.924267e-08,0.0
24.18,0.0,0.6,0.4594653,0.23916017,0.19733095,0.52961,20.408075,1.243657e-07,0.0
24.185000000000002,0.0,0.6,0.4594653,0.25209865,0.21053392,0.53372157,22.296955,2.3879037e-08,0.0
24.19,0.0,0.6,0.4594653,0.2642814,0.22296567,0.53759295,23.59682,-9.76479e-10,0.0
24.195,0.0,0.6,0.4594653,0.2757525,0.23467128,0.54123825,24.333567,8.949611e-09,0.0
24.2,0.0,0.6,0.48443258,0.28654653,0.24734393,0.5446706,24.76003,1.3440732e-08,0.0
24.205000000000002,0.0,0.6,0.48443258,0.296673,0.26269057,0.54790246,25.052061,4.371577e-08,0.0
24.21,0.0,0.6,0.48443258,0.30620798,0.2777967,0.5509455,25.324585,6.6202146e-09,0.0
24.215,0.0,0.6,0.48443258,0.31518602,0.29265067,0.55381083,25.595106,3.5675317e-08,0.0
24.22,0.0,0.6,0.6,0.3193414,0.30724114,0.5551954,25.825281,6.678834e-08,0.0
24.225,0.0,0.6,0.6,0.30068827,0.32155687,0.5496037,25.958406,-4.948925e-08,0.0
24.23,0.0,0.6,0.6,0.28312472,0.33558682,0.5443386,26.328413,1.2856692e-08,0.0
24.235,0.0,0.6,0.6,0.26658705,0.34932017,0.539381,26.81776,-1.5124016e-08,0.0
24.240000000000002,0.0,0.6,0.6,0.25101537,0.36274627,0.5349464,27.086786,-1.0576814e-07,0.0
24.245,0.0,0.6,0.6,0.23635325,0.37585467,0.53199583,26.942865,-9.778799e-08,0.0
24.25,0.0,0.6,0.6,0.22254756,0.38863516,0.5292176,26.305155,7.564808e-08,0.0
24.255,0.0,0.6,0.6,0.2095483,0.40098125,0.5266017,25.172474,-8.361402e-09,0.0
24.26,0.0,0.2568857,0.6,0.19730833,0.41260618,0.5252186,23.594324,-1.4688575e-07,0.0
24.265,0.0,0.2568857,0.6,0.18578331,0.4235521,0.5295867,21.65113,5.255513e-08,0.0
24.27,0.0,0.2568857,0.6,0.17493148,0.43385863,0.53369963,19.43825,-1.6292306e-07,0.0
24.275000000000002,0.0,0.2568857,0.6,0.16471352,0.44356316,0.5375723,17.04593,1.954154e-08,0.0
24.28,0.21039252,0.0,0.31162933,0.1550924,0.45270082,0.5412188,14.566407,-1.5416583e-07,0.0
24.285,0.21039252,0.0,0.31162933,0.14603327,0.46130475,0.5446523,12.104304,-1.7099724e-08,0.0
24.29,0.21039252,0.0,0.31162933,0.1375033,0.46940613,0.54788524,9.767699,7.692768e-08,0.0
24.295,0.21039252,0.0,0.31162933,0.12947156,0.47703427,0.5509293,7.6512055,-6.154497e-08,0.0
24.3,0.6,0.17323655,0.34925023,0.12190896,0.48101017,0.5537956,5.827173,7.335819e-08,0.0
24.305,0.6,0.17323655,0.34925023,0.114788115,0.46791878,0.5564944,4.350235,-8.498008e-08,0.0
24.310000000000002,0.6,0.17323655,0.34925023,0.1080832,0.4555921,0.55903566,2.5503576,1.1173523e-07,0.0
24.315,0.6,0.17323655,0.34925023,0.10176993,0.4439854,0.5614284,0.4460332,-8.3686864e-08,0.0
24.32,0.44097587,0.0,0.29504222,0.09779171,0.4306559,0.5609864,-1.62342e-08,-2.1737828e-08,0.0
24.325,0.44097587,0.0,0.29504222,0.10436886,0.40550077,0.5464212,-7.3520607e-09,5.7057353e-08,0.0
24.330000000000002,0.44097587,0.0,0.29504222,0.110561825,0.381815,0.5327067,6.703951e-09,-3.0624268e-08,0.0
24.335,0.44097587,0.0,0.29504222,0.11639306,0.35951272,0.5197933,5.871419e-09,-2.6430024e-08,0.0
24.34,0.29613653,0.0,0.6,0.12552488,0.34013218,0.5079858,0.023432035,8.025292e-08,0.0
24.345,0.29613653,0.0,0.6,0.14229445,0.3303836,0.49871385,0.22730361,-4.9807326e-08,0.0
24.35,0.29613653,0.0,0.6,0.15891492,0.32120445,0.4899835,0.7528522,5.6498894e-08,0.0
24.355,0.29613653,0.0,0.6,0.17537375,0.31256148,0.4817631,1.62983,-8.894862e-09,0.0
24.36,0.6,0.20480238,0.55134714,0.19165845,0.30280432,0.47351623,2.8009899,1.7789716e-08,0.0
24.365000000000002,0.6,0.20480238,0.55134714,0.20622139,0.28511715,0.46309134,4.170595,2.5147262e-08,0.0
24.37,0.6,0.20480238,0.55134714,0.21993367,0.2684631,0.45327538,5.653924,4.532486e-08,0.0
24.375,0.6,0.20480238,0.55134714,0.23284501,0.25278184,0.4440328,7.1780205,6.7369804e-08,0.0
24.38,0.6,0.4058761,0.5955434,0.24364854,0.23801655,0.43818015,8.924445,1.18697876e-07,0.0
24.385,0.6,0.4058761,0.5955434,0.24671443,0.22411372,0.44763225,10.860497,3.774843e-08,0.0
24.39,0.6,0.4058761,0.5955434,0.24960123,0.21102296,0.45653224,12.789177,1.6921348e-07,0.0
24.395,0.6,0.4058761,0.5955434,0.25231943,0.19869685,0.46491235,14.575719,1.11702356e-07,0.0
24.400000000000002,0.22709282,0.6,0.0,0.25771868,0.18900476,0.4723483,16.15483,1.6845509e-07,0.0
24.405,0.22709282,0.6,0.0,0.2729044,0.18992752,0.47696272,17.522654,1.0691593e-07,0.0
24.41,0.22709282,0.6,0.0,0.28784174,0.19079638,0.4813076,18.757605,7.6096754e-08,0.0
24.415,0.22709282,0.6,0.0,0.30251926,0.19161448,0.48539868,19.94603,1.0306497e-07,0.0
24.42,0.21873476,0.6,0.0,0.31692567,0.194264,0.48966387,21.143303,7.436776e-08,0.0
24.425,0.21873476,0.6,0.0,0.3310499,0.20662451,0.49584842,22.381464,8.201898e-08,0.0
24.43,0.21873476,0.6,0.0,0.34488103,0.21826303,0.50167173,23.678158,1.1809379e-07,0.0
24.435000000000002,0.21873476,0.6,0.0,0.35840833,0.22922173,0.5071549,25.041742,-2.2207857e-08,0.0
24.44,0.41637543,0.6,0.0,0.3690349,0.24135457,0.50675195,26.474895,-2.6730682e-08,0.0
24.445,0.41637543,0.6,0.0,0.36074388,0.256791,0.47715196,27.963116,1.1795316e-07,0.0
24.45,0.41637543,0.6,0.0,0.35293716,0.27199137,0.44928095,29.989416,1.3927233e-07,0.0
24.455000000000002,0.41637543,0.6,0.0,0.34558645,0.2869441,0.42303792,32.41931,1.6965846e-07,0.0
24.46,0.24390043,0.6,0.0,0.338587,0.30163768,0.39832777,34.781883,1.9060215e-07,0.0
24.465,0.24390043,0.6,0.0,0.33158627,0.31606084,0.37506098,36.76174,9.2426596e-08,0.0
24.47,0.24390043,0.6,0.0,0.32499447,0.3302025,0.3531532,38.17595,8.2059444e-08,0.0
24.475,0.24390043,0.6,0.0,0.31878772,0.3440517,0.3325251,38.951557,-4.412699e-08,0.0
24.48,0.2766633,0.6,0.0,0.3147906,0.3575977,0.31310192,39.09651,-1.1829534e-08,0.0
24.485,0.2766633,0.6,0.0,0.3207243,0.37083003,0.29481325,38.68271,-2.2982334e-08,0.0
24.490000000000002,0.2766633,0.6,0.0,0.3263114,0.38373837,0.27759284,37.347557,-1.263776e-07,0.0
24.495,0.2766633,0.6,0.0,0.33157215,0.3963126,0.26137832,35.204346,3.431358e-08,0.0
24.5,0.2734087,0.6,0.0,0.3349137,0.40821022,0.24611089,32.652267,5.873228e-08,0.0
24.505,0.2734087,0.6,0.0,0.3295975,0.41941288,0.23173524,29.974045,5.122029e-08,0.0
24.51,0.2734087,0.6,0.0,0.32459185,0.4299612,0.21819931,27.85489,4.2429882e-08,0.0
24.515,0.2734087,0.6,0.0,0.31987855,0.43989336,0.20545402,26.416714,4.8869538e-08,0.0
24.52,0.44734398,0.22789319,0.0,0.31574678,0.4492454,0.19345321,25.42316,-1.1065744e-08,0.0
24.525000000000002,0.44734398,0.22789319,0.0,0.31346387,0.45805115,0.18215337,24.698542,8.091058e-09,0.0
24.53,0.44734398,0.22789319,0.0,0.3113143,0.46634254,0.17151357,24.127447,-6.597094e-10,0.0
24.535,0.44734398,0.22789319,0.0,0.30929032,0.47414964,0.16149525,23.633905,-3.077441e-08,0.0
24.54,0.17740975,0.0,0.0,0.30735412,0.48150072,0.15206212,23.16617,-7.514093e-09,0.0
24.545,0.17740975,0.0,0.0,0.30537134,0.4884224,0.14317998,22.692091,8.68479e-10,0.0
24.55,0.17740975,0.0,0.0,0.30350438,0.49493977,0.13481666,22.195461,-5.129011e-09,0.0
24.555,0.17740975,0.0,0.0,0.30174646,0.50107646,0.12694186,21.67135,6.5415398e-09,0.0
24.560000000000002,0.39178193,0.16178754,0.0,0.30171677,0.5033771,0.119527034,21.122547,2.1815372e-09,0.0
24.565,0.39178193,0.16178754,0.0,0.31022304,0.48728573,0.11254532,20.581596,-4.5786708e-09,0.0
24.57,0.39178193,0.16178754,0.0,0.31823245,0.4721343,0.10597141,18.702423,1.3799545,0.0
24.575,0.39178193,0.16178754,0.0,0.325774,0.45786786,0.09978149,15.7367735,3.675989,0.0
24.580000000000002,0.18597727,0.069452316,0.10008401,0.3303523,0.4423049,0.09395313,12.697325,5.734271,0.0
24.585,0.18597727,0.069452316,0.10008401,0.32141876,0.41646934,0.088465214,10.201267,6.878368,0.0
24.59,0.18597727,0.069452316,0.10008401,0.31300703,0.39214286,0.083297856,9.199357,6.0841475,0.0
24.595,0.18597727,0.069452316,0.10008401,0.3050866,0.36923733,0.07843233,9.686127,3.4143162,0.0
24.6,0.4103633,0.12221466,0.36490968,0.29963234,0.34918177,0.073851004,11.008624,-6.970245e-08,0.0
24.605,0.4103633,0.12221466,0.36490968,0.3050149,0.33823586,0.069537275,12.194785,6.600358e-08,0.0
24.61,0.4103633,0.12221466,0.36490968,0.31008306,0.3279293,0.065475516,13.2924385,0.072992854,0.0
24.615000000000002,0.4103633,0.12221466,0.36490968,0.3148552,0.31822476,0.06165101,14.077258,0.22935753,0.0
24.62,0.5781293,0.54013854,0.0,0.31742516,0.3082241,0.058985263,14.709684,0.2969,0.0
24.625,0.5781293,0.54013854,0.0,0.30974713,0.29427716,0.061385892,15.291446,0.16567561,0.0
24.63,0.5781293,0.54013854,0.0,0.3025176,0.28114486,0.063646294,16.316149,5.5043696e-08,0.0
24.635,0.5781293,0.54013854,0.0,0.29571033,0.26877964,0.065774664,17.80159,1.444566e-07,0.0
24.64,0.27121153,0.47315326,0.13901807,0.29139775,0.25762978,0.07025372,19.497896,1.6846461e-07,0.0
24.645,0.27121153,0.47315326,0.13901807,0.29834667,0.24972002,0.087419376,21.218311,1.2933852e-07,0.0
24.650000000000002,0.27121153,0.47315326,0.13901807,0.3048897,0.24227227,0.10362792,22.358145,0.37651682,0.0
24.655,0.27121153,0.47315326,0.13901807,0.31105053,0.23525956,0.118889704,22.89602,1.165527,0.0
24.66,0.6,0.6,0.0,0.31841943,0.2325623,0.12984966,23.161964,1.9916708,0.0
24.665,0.6,0.6,0.0,0.33251345,0.24812649,0.12226498,23.348501,2.641953,0.0
24.67,0.6,0.6,0.0,0.34631324,0.26346126,0.11512334,23.903841,2.6237485,0.0
24.675,0.6,0.6,0.0,0.3598081,0.2785549,0.10839885,24.909386,1.8663872,0.0
24.68,0.569352,0.6,0.08289424,0.3696921,0.29320827,0.103366375,26.163326,0.61329496,0.0
24.685000000000002,0.569352,0.6,0.08289424,0.36393973,0.30371907,0.105448835,27.29211,6.266842e-08,0.0
24.69,0.569352,0.6,0.08289424,0.35852337,0.31361592,0.107409656,28.794983,6.735508e-08,0.0
24.695,0.569352,0.6,0.08289424,0.3534234,0.3229347,0.10925594,30.707521,9.2807184e-08,0.0
24.7,0.5792935,0.6,0.009184456,0.35169408,0.33289462,0.109695144,32.64661,1.4941172e-07,0.0
24.705000000000002,0.5792935,0.6,0.009184456,0.36506528,0.3466862,0.10328772,34.379448,0.002320646,0.0
24.71,0.5792935,0.6,0.009184456,0.37811697,0.3601726,0.09725456,35.11892,0.8189918,0.0
24.715,0.5792935,0.6,0.009184456,0.39083898,0.3733433,0.091573805,34.861595,2.4994168,0.0
24.72,0.6,0.6,0.20861758,0.4027699,0.386188,0.08699958,34.049557,4.5317407,0.0
24.725,0.6,0.6,0.20861758,0.41250014,0.39867702,0.08675978,32.988403,6.5692887,0.0
24.73,0.6,0.6,0.20861758,0.42166203,0.41043654,0.08653399,31.8678,8.404032,0.0
24.735,0.6,0.6,0.20861758,0.4302888,0.42150918,0.08632139,30.799412,9.919984,0.0
24.740000000000002,0.6,0.6,0.6,0.43850455,0.43193504,0.08543233,29.845877,11.058324,0.0
24.745,0.6,0.6,0.6,0.4467282,0.44175193,0.080978595,29.037178,11.797311,0.0
24.75,0.6,0.6,0.6,0.4544715,0.4509954,0.07678501,28.383842,12.1364565,0.0
24.755,0.6,0.6,0.6,0.4617625,0.45969892,0.072836384,27.882206,12.090107,0.0
24.76,0.37088358,0.6,0.6,0.46882114,0.46789408,0.07098226,27.517189,11.684013,0.0
24.765,0.37088358,0.6,0.6,0.47648346,0.47561055,0.07902171,27.268177,10.948654,0.0
24.77,0.37088358,0.6,0.6,0.48369822,0.4828763,0.08659156,27.117903,9.909413,0.0
24.775000000000002,0.37088358,0.6,0.6,0.49049154,0.48971763,0.093719244,27.048355,8.591405,0.0
24.78,0.30357635,0.54771906,0.6,0.49688807,0.49615937,0.10408837,27.039774,7.020656,0.0
24.785,0.30357635,0.54771906,0.6,0.502911,0.5022248,0.12102862,27.072878,5.221711,0.0
24.79,0.30357635,0.54771906,0.6,0.50858206,0.507936,0.13783582,27.131338,3.2150984,0.0
24.795,0.30357635,0.54771906,0.6,0.5139219,0.5133136,0.1544973,27.202105,1.0170952,0.0
24.8,0.34502703,0.6,0.6,0.51680857,0.51837707,0.17100045,27.037922,1.5136619e-08,0.0
24.805,0.34502703,0.6,0.6,0.5082849,0.5231448,0.18733281,26.795584,2.725212e-10,0.0
24.810000000000002,0.34502703,0.6,0.6,0.50025916,0.52763397,0.20348199,27.406033,8.816556e-08,0.0
24.815,0.34502703,0.6,0.6,0.4927022,0.53186095,0.21943572,28.834871,5.969932e-08,0.0
24.82,0.030910583,0.6,0.6,0.48495758,0.5353524,0.2351819,30.569435,1.2006404e-07,0.0
24.825,0.030910583,0.6,0.6,0.47436288,0.53607476,0.25070852,32.248127,1.3527678e-07,0.0
24.830000000000002,0.030910583,0.6,0.6,0.46438703,0.5367549,0.26600373,33.630177,0.04091447,0.0
24.835,0.030910583,0.6,0.6,0.45499387,0.53739536,0.28105587,34.564926,0.3353335,0.0
24.84,0.0,0.6,0.6,0.44653678,0.53848696,0.29585338,35.12434,0.361283,0.0
24.845,0.0,0.6,0.6,0.44060746,0.54208,0.31038493,35.310467,-2.2242266e-09,0.0
24.85,0.0,0.6,0.6,0.4350245,0.54546314,0.32463932,35.05513,-1.8487615e-08,0.0
24.855,0.0,0.6,0.6,0.42976764,0.5486487,0.33860555,34.50901,-2.9240406e-08,0.0
24.86,0.0,0.6,0.6,0.42188218,0.5516482,0.35227284,33.74829,-4.9236486e-09,0.0
24.865000000000002,0.0,0.6,0.6,0.39904505,0.5544725,0.36563057,32.82906,2.5884091e-08,0.0
24.87,0.0,0.6,0.6,0.37754187,0.5571318,0.37866837,31.708458,2.1708132e-08,0.0
24.875,0.0,0.6,0.6,0.3572947,0.5596358,0.39137605,30.338243,-3.6697564e-08,0.0
24.88,0.0,0.6,0.6,0.33794132,0.56199354,0.40356204,28.714695,9.442451e-09,0.0
24.885,0.0,0.6,0.6,0.31820175,0.5642135,0.41503623,26.85872,6.899403e-08,0.0
24.89,0.0,0.6,0.6,0.2996152,0.56630385,0.4258402,24.798023,5.0046694e-08,0.0
24.895,0.0,0.6,0.6,0.28211433,0.56827205,0.43601307,22.57592,-9.7213e-08,0.0
24.900000000000002,0.0,0.6,0.6,0.2656357,0.57012534,0.44559175,20.257029,-3.661268e-08,0.0
24.905,0.0,0.6,0.6,0.2501196,0.5718704,0.4546109,17.916641,-7.310304e-08,0.0
24.91,0.0,0.6,0.6,0.23550981,0.57351345,0.46310326,15.624499,-7.8739376e-08,0.0
24.915,0.0,0.6,0.6,0.2217534,0.57506055,0.47109956,13.434446,-2.0574852e-08,0.0
24.92,0.033842113,0.18406755,0.6,0.20880052,0.5765173,0.47862878,11.384699,-1.3033498e-07,0.0
24.925,0.033842113,0.18406755,0.6,0.19660424,0.57770884,0.48571822,9.502322,-1.0963444e-07,0.0
24.93,0.033842113,0.18406755,0.6,0.18512034,0.5782371,0.49239355,7.8089695,-3.374584e-08,0.0
24.935000000000002,0.033842113,0.18406755,0.6,0.17430724,0.5782371,0.49867898,6.325554,-1.6699635e-08,0.0
24.94,0.43046424,0.3043769,0.52366316,0.16412574,0.5782371,0.50459725,5.0726814,-6.498278e-09,0.0
24.945,0.43046424,0.3043769,0.52366316,0.15453896,0.5782371,0.51016986,4.0568767,-7.33251e-08,0.0
24.95,0.43046424,0.3043769,0.52366316,0.14551215,0.5782371,0.515417,3.2615254,7.46132e-08,0.0
24.955000000000002,0.43046424,0.3043769,0.52366316,0.1370126,0.5782371,0.52035755,2.652624,-3.2930927e-09,0.0
24.96,0.047557462,0.0,0.5358998,0.1293258,0.57562107,0.5250096,2.183636,-2.3894168e-08,0.0
24.965,0.047557462,0.0,0.5358998,0.12374849,0.55274993,0.52938986,0.9119241,4.9207056e-08,0.0
24.97,0.047557462,0.0,0.5358998,0.11849695,0.5312148,0.53351426,3.9442427e-09,4.6729973e-08,0.0
24.975,0.047557462,0.0,0.5358998,0.11355215,0.5109375,0.5373978,8.217177e-09,-3.7993875e-08,0.0
24.98,0.0,0.0,0.6,0.11260294,0.49296904,0.540341,3.1493603e-09,-5.9349865e-08,0.0
24.985,0.0,0.0,0.6,0.12947804,0.48195314,0.53936684,1.839485e-09,5.4967813e-08,0.0
24.990000000000002,0.0,0.0,0.6,0.14621371,0.4715807,0.5384496,1.7273037e-09,3.98519e-08,0.0
24.995,0.0,0.0,0.6,0.16279733,0.46181414,0.5375859,1.7546414e-08,1.0256925e-08,0.0
25.0,0.45041272,0.0,0.38832346,0.1748535,0.4497734,0.53688705,-2.4447795e-08,4.1607958e-08,0.0
25.005,0.45041272,0.0,0.38832346,0.16741799,0.42350158,0.5368294,2.0924453e-08,-7.170267e-08,0.0
25.01,0.45041272,0.0,0.38832346,0.1604168,0.39876434,0.5367751,0.32699096,-1.6620865e-08,0.0
25.015,0.45041272,0.0,0.38832346,0.15382455,0.37547204,0.536724,1.0492069,-3.4640437e-09,0.0
25.02,0.6,0.03590609,0.4744652,0.1471729,0.35354027,0.5372749,2.0105984,6.2105094e-08,0.0
25.025000000000002,0.6,0.03590609,0.4744652,0.13857636,0.33288956,0.54093874,3.0641418,6.9050955e-08,0.0
25.03,0.6,0.03590609,0.4744652,0.13048194,0.31344506,0.5443886,4.0711303,1.8212914e-08,0.0
25.035,0.6,0.03590609,0.4744652,0.122860335,0.29513636,0.5476369,4.9242096,5.443161e-08,0.0
25.04,0.4081712,0.24314874,0.0,0.11989338,0.2778971,0.54871726,5.564138,-3.3933174e-09,0.0
25.045,0.4081712,0.24314874,0.0,0.13670993,0.26166478,0.5393485,6.0008883,3.637072e-08,0.0
25.05,0.4081712,0.24314874,0.0,0.1533816,0.24638063,0.53052694,6.160305,-5.7432004e-08,0.0
25.055,0.4081712,0.24314874,0.0,0.1698958,0.23198923,0.5222207,6.4006534,-4.8221406e-08,0.0
25.060000000000002,0.15362896,0.06293918,0.10855049,0.18624003,0.21877404,0.5152046,6.9335947,3.139394e-08,0.0
25.065,0.15362896,0.06293918,0.10855049,0.2024019,0.2080925,0.51282495,7.7422204,9.325661e-09,0.0
25.07,0.15362896,0.06293918,0.10855049,0.21836917,0.19803488,0.5105843,8.782992,8.416538e-08,0.0
25.075,0.15362896,0.06293918,0.10855049,0.23412968,0.18856475,0.5084745,10.01247,3.4426712e-08,0.0
25.080000000000002,0.6,0.19126122,0.26097953,0.24967144,0.18158461,0.50205374,11.390954,5.9039774e-08,0.0
25.085,0.6,0.19126122,0.26097953,0.2589296,0.18518065,0.47272816,12.885451,-5.5534105e-08,0.0
25.09,0.6,0.19126122,0.26097953,0.267647,0.18856664,0.44511554,14.435587,-1.7159369e-08,0.0
25.095,0.6,0.19126122,0.26097953,0.27585518,0.19175485,0.4191158,15.9806185,1.6270216e-07,0.0
25.1,0.6,0.36923805,0.35109016,0.28120503,0.19307263,0.39564925,17.480373,-7.777797e-10,0.0
25.105,0.6,0.36923805,0.35109016,0.27375317,0.18547139,0.37887946,18.897972,1.267652e-07,0.0
25.11,0.6,0.36923805,0.35109016,0.26673657,0.17831413,0.3630892,20.596329,6.358769e-08,0.0
25.115000000000002,0.6,0.36923805,0.35109016,0.2601298,0.17157495,0.3482213,22.529947,8.50792e-08,0.0
25.12,0.22433929,0.49429265,0.039361972,0.25808066,0.16642867,0.33564642,24.424202,1.4378769e-07,0.0
25.125,0.22433929,0.49429265,0.039361972,0.27326062,0.16787916,0.33128503,26.144957,6.570355e-08,0.0
25.13,0.22433929,0.49429265,0.039361972,0.28819194,0.16924495,0.3271784,27.307007,7.5157146e-08,0.0
25.135,0.22433929,0.49429265,0.039361972,0.30286318,0.17053095,0.32331163,27.95635,1.1416242e-08,0.0
25.14,0.34559813,0.6,0.0,0.31726307,0.17340516,0.3205129,28.368593,4.242095e-09,0.0
25.145,0.34559813,0.6,0.0,0.3313805,0.18484399,0.32229894,28.727116,-3.1921201e-09,0.0
25.150000000000002,0.34559813,0.6,0.0,0.34520456,0.19561467,0.32398066,29.148937,3.6727204e-09,0.0
25.155,0.34559813,0.6,0.0,0.35872456,0.20575622,0.32556415,29.700264,3.2974775e-08,0.0
25.16,0.47123367,0.6,0.0,0.36930692,0.21647412,0.3241418,30.412529,4.30047e-08,0.0
25.165,0.47123367,0.6,0.0,0.3608392,0.23225993,0.30750746,31.279837,8.333495e-08,0.0
25.17,0.47123367,0.6,0.0,0.35286605,0.24756558,0.29184476,32.78259,1.2293938e-07,0.0
25.175,0.47123367,0.6,0.0,0.34535864,0.2619772,0.27709693,34.848434,2.1197994e-08,0.0
25.18,0.3439901,0.6,0.0,0.339423,0.27653494,0.26284268,37.00497,1.2031263e-07,0.0
25.185000000000002,0.3439901,0.6,0.0,0.3397837,0.2914106,0.24748972,38.895844,1.4179285e-07,0.0
25.19,0.3439901,0.6,0.0,0.34012333,0.30602366,0.23303355,39.787186,1.805236e-08,0.0
25.195,0.3439901,0.6,0.0,0.3404431,0.32036293,0.21942177,39.56276,-1.9277216e-10,0.0
25.2,0.23877826,0.6,0.0,0.34191838,0.33441737,0.20660508,38.518795,-8.538657e-08,0.0
25.205000000000002,0.23877826,0.6,0.0,0.34947184,0.3481761,0.19453703,36.86782,0.34733176,0.0
25.21,0.23877826,0.6,0.0,0.3565841,0.36162844,0.18317388,34.93325,0.78080475,0.0
25.215,0.23877826,0.6,0.0,0.36328092,0.37476397,0.17247447,32.965878,1.0154054,0.0
25.22,0.33780757,0.5753776,0.0,0.36839738,0.38757244,0.16240004,31.11267,0.88964605,0.0
25.225,0.33780757,0.5753776,0.0,0.36697173,0.3999806,0.15291405,29.43795,0.3383668,0.0
25.23,0.33780757,0.5753776,0.0,0.36562935,0.41166398,0.14398216,28.408827,2.040567e-08,0.0
25.235,0.33780757,0.5753776,0.0,0.36436537,0.4226649,0.13557199,28.094587,-1.096484e-08,0.0
25.240000000000002,0.49325705,0.49489844,0.0,0.36219195,0.43302327,0.12765306,28.234772,1.102309e-08,0.0
25.245,0.49325705,0.49489844,0.0,0.3549832,0.4427766,0.12019669,28.578629,5.024006e-09,0.0
25.25,0.49325705,0.49489844,0.0,0.34819555,0.4519602,0.11317586,28.915659,1.738181e-08,0.0
25.255,0.49325705,0.49489844,0.0,0.34180436,0.46060738,0.106565125,29.097717,1.179236e-08,0.0
25.26,0.16550693,0.0,0.0,0.33671197,0.46851936,0.10034053,29.039797,0.03972422,0.0
25.265,0.16550693,0.0,0.0,0.33677596,0.47476107,0.094479516,28.722406,0.13262825,0.0
25.27,0.16550693,0.0,0.0,0.33683622,0.4806382,0.088960856,27.539679,0.95306,0.0
25.275000000000002,0.16550693,0.0,0.0,0.33689296,0.48617205,0.083764546,25.595839,2.3596826,0.0
25.28,0.537837,0.11708105,0.08542557,0.33839917,0.4906305,0.07887176,23.361036,3.811209,0.0
25.285,0.537837,0.11708105,0.08542557,0.3474446,0.4908798,0.074264765,21.163797,4.939856,0.0
25.29,0.537837,0.11708105,0.08542557,0.35596168,0.49111453,0.06992687,19.277596,5.450382,0.0
25.295,0.537837,0.11708105,0.08542557,0.36398128,0.49133554,0.06584236,17.861578,5.183186,0.0
25.3,0.4426366,0.0,0.34399882,0.36846936,0.48691845,0.061996426,16.95105,4.1192927,0.0
25.305,0.4426366,0.0,0.34399882,0.35661408,0.45847696,0.05837514,15.562859,3.3708453,0.0
25.310000000000002,0.4426366,0.0,0.34399882,0.3454513,0.43169677,0.054965377,14.445392,2.0888443,0.0
25.315,0.4426366,0.0,0.34399882,0.33494052,0.40648085,0.051754784,14.061437,-3.373709e-07,0.0
25.32,0.37316388,0.0,0.51593107,0.32852343,0.38383204,0.049530093,13.865474,-1.961234e-09,0.0
25.325,0.37316388,0.0,0.51593107,0.34074968,0.3682508,0.05162679,14.256153,5.1729682e-08,0.0
25.330000000000002,0.37316388,0.0,0.51593107,0.35226178,0.35357967,0.05360102,14.636647,0.028024098,0.0
25.335,0.37316388,0.0,0.51593107,0.36310145,0.3397655,0.05545993,14.914575,1.610552e-08,0.0
25.34,0.6,0.21993251,0.25164485,0.37241825,0.325664,0.059626833,15.273923,3.5814132e-08,0.0
25.345,0.6,0.21993251,0.25164485,0.3765198,0.30664158,0.07623734,15.833051,2.915399e-08,0.0
25.35,0.6,0.21993251,0.25164485,0.38038176,0.28873026,0.09187761,16.641754,4.1546162e-08,0.0
25.355,0.6,0.21993251,0.25164485,0.38401815,0.2718652,0.106604315,17.702326,1.0688526e-07,0.0
25.36,0.3279259,0.29409507,0.33656314,0.38679284,0.2559852,0.12207766,18.985004,1.6284264e-07,0.0
25.365000000000002,0.3279259,0.29409507,0.33656314,0.38599676,0.2410328,0.13887617,20.443596,6.081355e-08,0.0
25.37,0.3279259,0.29409507,0.33656314,0.38524717,0.22695377,0.15552817,22.633379,1.9642346e-07,0.0
25.375,0.3279259,0.29409507,0.33656314,0.38454136,0.21369714,0.17202108,25.552198,9.6870885e-08,0.0
25.38,0.5774975,0.6,0.0,0.38599676,0.20327027,0.1883424,28.841213,1.5130576e-08,0.0
25.385,0.5774975,0.6,0.0,0.39849696,0.20424353,0.19203998,31.576475,0.36750683,0.0
25.39,0.5774975,0.6,0.0,0.410267,0.20515993,0.19552158,33.763817,1.0855999,0.0
25.395,0.5774975,0.6,0.0,0.42134953,0.20602281,0.1987998,35.7195,1.81212,0.0
25.400000000000002,0.30942938,0.40953085,0.014395792,0.42924196,0.2075284,0.20268017,37.531975,2.4553933,0.0
25.405,0.30942938,0.40953085,0.014395792,0.42332396,0.21258487,0.21050043,39.24478,2.9757445,0.0
25.41,0.30942938,0.40953085,0.014395792,0.41775164,0.21734598,0.2178639,41.641094,2.5099323,0.0
25.415,0.30942938,0.40953085,0.014395792,0.41250482,0.221829,0.22479726,44.582066,1.2437388,0.0
25.42,0.51213485,0.5734336,0.0,0.4098969,0.22890908,0.2281802,47.474487,1.0066795e-07,0.0
25.425,0.51213485,0.5734336,0.0,0.41968668,0.24452494,0.21485192,49.894543,0.0035218024,0.0
25.43,0.51213485,0.5734336,0.0,0.4289046,0.25991413,0.20230216,51.31486,3.4179827e-08,0.0
25.435000000000002,0.51213485,0.5734336,0.0,0.43758407,0.2750649,0.19048545,51.453396,0.73787344,0.0
25.44,0.34677824,0.5966794,0.0,0.44325128,0.28996563,0.1794935,50.665737,2.3087673,0.0
25.445,0.34677824,0.5966794,0.0,0.43543458,0.29694957,0.16984995,49.31254,4.2904944,0.0
25.45,0.34677824,0.5966794,0.0,0.42807445,0.30352557,0.16076969,48.48415,5.4617558,0.0
25.455000000000002,0.34677824,0.5966794,0.0,0.42114425,0.30971748,0.1522198,48.30799,5.7100973,0.0
25.46,0.35772163,0.4263594,0.0,0.4165133,0.31707948,0.1440348,48.387703,5.499273,0.0
25.465,0.35772163,0.4263594,0.0,0.42209867,0.3312006,0.13562156,48.486515,5.1028543,0.0
25.47,0.35772163,0.4263594,0.0,0.4273578,0.34502852,0.12769975,47.67096,5.560864,0.0
25.475,0.35772163,0.4263594,0.0,0.43230972,0.35836995,0.12024065,45.911446,6.876263,0.0
25.48,0.3703871,0.40649888,0.0,0.435427,0.37114933,0.11321725,43.675636,8.504362,0.0
25.485,0.3703871,0.40649888,0.0,0.43024892,0.38404962,0.10660409,41.279686,10.083591,0.0
25.490000000000002,0.3703871,0.40649888,0.0,0.4253733,0.3964696,0.10037722,39.729015,10.504082,0.0
25.495,0.3703871,0.40649888,0.0,0.42078245,0.40816408,0.094514064,39.074642,9.745472,0.0
25.5,0.54976356,0.6,0.0,0.41656205,0.4175837,0.088993385,38.856163,8.342137,0.0
25.505,0.54976356,0.6,0.0,0.4131251,0.4180963,0.083795175,38.78353,6.625351,0.0
25.51,0.54976356,0.6,0.0,0.40988892,0.41857895,0.0789006,38.735252,4.7319283,0.0
25.515,0.54976356,0.6,0.0,0.40684175,0.4190334,0.07429192,38.66617,2.711141,0.0
25.52,0.2097596,0.4115252,0.0583398,0.40409097,0.4192757,0.06995244,38.55452,0.58509785,0.0
25.525000000000002,0.2097596,0.4115252,0.0583398,0.4021223,0.4185294,0.06586643,38.118874,-2.1254404e-08,0.0
25.53,0.2097596,0.4115252,0.0583398,0.40026858,0.41782668,0.062019095,36.884754,0.6974709,0.0
25.535,0.2097596,0.4115252,0.0583398,0.39852318,0.417165,0.058396485,34.986332,1.8956666,0.0
25.54,0.5751421,0.37924013,0.0,0.39855614,0.4183504,0.054985475,32.872654,3.0786848,0.0
25.545,0.5751421,0.37924013,0.0,0.40738836,0.42896077,0.05177371,30.860271,3.8930767,0.0
25.55,0.5751421,0.37924013,0.0,0.41570467,0.43895137,0.048749544,29.10324,4.176495,0.0
25.555,0.5751421,0.37924013,0.0,0.4235352,0.44835842,0.045902025,27.652893,3.884383,0.0
25.560000000000002,0.33362037,0.4290861,0.1323946,0.42773074,0.45545453,0.043766063,26.517944,3.0200071,0.0
25.565,0.33362037,0.4290861,0.1323946,0.41499877,0.45288855,0.044617333,25.670134,1.6268752,0.0
25.57,0.33362037,0.4290861,0.1323946,0.4030105,0.45047247,0.045418877,24.92162,-1.2466658e-07,0.0
25.575,0.33362037,0.4290861,0.1323946,0.39172247,0.4481975,0.046173602,23.897009,-4.047094e-08,0.0
25.580000000000002,0.434454,0.493166,0.39832386,0.38450858,0.44575372,0.046339013,22.945107,-2.8411467e-08,0.0
25.585,0.434454,0.493166,0.39832386,0.3956437,0.44186857,0.043632295,22.0625,-5.8423018e-09,0.0
25.59,0.434454,0.493166,0.39832386,0.40612844,0.43821037,0.04108368,20.662464,0.50392693,0.0
25.595,0.434454,0.493166,0.39832386,0.41600072,0.43476585,0.038683932,18.90966,1.1380296,0.0
25.6,0.28945196,0.59094125,0.57147235,0.42303914,0.43198836,0.03766169,17.273773,1.3752234,0.0
25.605,0.28945196,0.59094125,0.57147235,0.41781607,0.43181884,0.043195155,15.993529,0.96047735,0.0
25.61,0.28945196,0.59094125,0.57147235,0.4128981,0.43165922,0.0484054,15.70661,3.792104e-09,0.0
25.615000000000002,0.28945196,0.59094125,0.57147235,0.40826738,0.43150893,0.05331131,16.190554,3.3933933e-08,0.0
25.62,0.4195889,0.48087898,0.6,0.40484953,0.43196627,0.06041598,17.229353,3.1654142e-08,0.0
25.625,0.4195889,0.48087898,0.6,0.40657875,0.43554103,0.07763732,19.182043,3.0404948e-08,0.0
25.63,0.4195889,0.48087898,0.6,0.40820697,0.43890697,0.09475829,21.230082,0.054973602,0.0
25.635,0.4195889,0.48087898,0.6,0.4097401,0.4420763,0.111765996,22.776276,0.3915821,0.0
25.64,0.35684368,0.38657367,0.6,0.40982848,0.4459743,0.12864764,23.84511,1.0031877,0.0
25.645,0.35684368,0.38657367,0.6,0.40279713,0.454442,0.1453905,24.496305,1.8193077,0.0
25.650000000000002,0.35684368,0.38657367,0.6,0.39617652,0.46241507,0.16198193,25.534061,1.9408389,0.0
25.655,0.35684368,0.38657367,0.6,0.38994262,0.46992245,0.17840937,26.939415,1.4119447,0.0
25.66,0.3022177,0.4611494,0.6,0.38528907,0.4759627,0.1946604,28.280731,0.73019874,0.0
25.665,0.3022177,0.4611494,0.6,0.38729256,0.47624987,0.21072268,29.340473,0.14304817,0.0
25.67,0.3022177,0.4611494,0.6,0.38917902,0.47652027,0.22658403,29.345844,0.51229084,0.0
25.675,0.3022177,0.4611494,0.6,0.3909553,0.47677487,0.24223238,28.382048,1.7150608,0.0
25.68,0.48808983,0.6,0.6,0.39204141,0.47613323,0.2576558,26.966238,3.153283,0.0
25.685000000000002,0.48808983,0.6,0.6,0.38998547,0.47090194,0.27284253,24.517094,5.466272,0.0
25.69,0.48808983,0.6,0.6,0.38804963,0.4659762,0.2877809,22.209574,6.63083,0.0
25.695,0.48808983,0.6,0.6,0.38622686,0.46133822,0.3024595,20.832573,4.7607427,0.0
25.7,0.103181615,0.6,0.6,0.38400003,0.4576681,0.31686705,20.168692,-8.2054174e-07,0.0
25.705000000000002,0.103181615,0.6,0.6,0.37922302,0.45787144,0.33099246,18.855118,1.1599172e-08,0.0
25.71,0.103181615,0.6,0.6,0.37472504,0.45806292,0.34482482,18.684826,4.1453006e-08,0.0
25.715,0.103181615,0.6,0.6,0.3704898,0.4582432,0.3583534,19.610144,7.855871e-08,0.0
25.72,0.016500898,0.6,0.6,0.36823907,0.45971063,0.37156773,21.128548,8.278505e-08,0.0
25.725,0.016500898,0.6,0.6,0.3752397,0.4679051,0.38445747,22.863096,7.1330895e-08,0.0
25.73,0.016500898,0.6,0.6,0.3818314,0.47562093,0.39701253,23.977854,6.269453e-08,0.0
25.735,0.016500898,0.6,0.6,0.3880381,0.48288605,0.40886927,24.281223,-2.1119984e-08,0.0
25.740000000000002,0.0,0.6,0.6,0.39028496,0.4897268,0.42003345,24.025064,-1.9531777e-08,0.0
25.745,0.0,0.6,0.6,0.3735149,0.49616802,0.4305455,23.407583,-7.197799e-08,0.0
25.75,0.0,0.6,0.6,0.3577244,0.50223297,0.44044355,23.094063,-1.7120334e-08,0.0
25.755,0.0,0.6,0.6,0.34285626,0.5079437,0.44976342,23.13699,1.3203029e-09,0.0
25.76,0.0,0.39055675,0.6,0.32804647,0.5133208,0.45853892,23.227652,-5.1794355e-08,0.0
25.765,0.0,0.39055675,0.6,0.30984873,0.51838386,0.46680182,23.162548,4.7260865e-08,0.0
25.77,0.0,0.39055675,0.6,0.2927139,0.52315116,0.47458208,22.800106,1.364306e-08,0.0
25.775000000000002,0.0,0.39055675,0.6,0.27657998,0.52764,0.4819079,22.070162,3.623872e-08,0.0
25.78,0.0,0.0,0.6,0.26123422,0.5318666,0.4888058,20.97063,-4.7105155e-09,0.0
25.785,0.0,0.0,0.6,0.24597521,0.53584635,0.4953008,19.544338,-7.642659e-08,0.0
25.79,0.0,0.0,0.6,0.2316075,0.53959364,0.5014164,17.85526,7.315546e-08,0.0
25.795,0.0,0.0,0.6,0.21807902,0.54312205,0.5071748,15.978095,-1.0554586e-07,0.0
25.8,0.266239,0.0,0.4594231,0.20534076,0.54448694,0.51259685,13.991985,2.3437998e-08,0.0
25.805,0.266239,0.0,0.4594231,0.19334656,0.5354957,0.51770216,11.9832325,-4.1414405e-09,0.0
25.810000000000002,0.266239,0.0,0.4594231,0.18205296,0.52702963,0.5225093,9.228109,1.7421908e-07,0.0
25.815,0.266239,0.0,0.4594231,0.17141902,0.5190581,0.5270356,5.805096,1.3647661e-08,0.0
25.82,0.6,0.0,0.6,0.16140623,0.50790215,0.53129756,2.3494008,5.346794e-08,0.0
25.825,0.6,0.0,0.6,0.1519783,0.47823498,0.53531057,-3.296968e-08,1.6322211e-08,0.0
25.830000000000002,0.6,0.0,0.6,0.14310107,0.4503007,0.53908914,-4.385802e-09,-4.27271e-08,0.0
25.835,0.6,0.0,0.6,0.13474236,0.4239981,0.542647,0.020123262,1.0134865e-07,0.0
25.84,0.42502192,0.1906913,0.37878564,0.12936011,0.39923185,0.5446833,0.11255903,2.1633342e-08,0.0
25.845,0.42502192,0.1906913,0.37878564,0.13735537,0.37591225,0.53970313,0.34013647,-5.4149467e-08,0.0
25.85,0.42502192,0.1906913,0.37878564,0.14488362,0.35395476,0.53501385,0.5840132,-1.5128391e-08,0.0
25.855,0.42502192,0.1906913,0.37878564,0.15197213,0.33327985,0.5305985,0.9191282,3.6546776e-08,0.0
25.86,0.14259093,0.17671475,0.6,0.16176586,0.31381255,0.5277549,1.4858538,1.4940403e-08,0.0
25.865000000000002,0.14259093,0.17671475,0.6,0.17819554,0.2954824,0.53197485,2.3303561,7.3097786e-09,0.0
25.87,0.14259093,0.17671475,0.6,0.19444895,0.27822292,0.5359483,3.459885,5.6422433e-08,0.0
25.875,0.14259093,0.17671475,0.6,0.21051379,0.2619716,0.5396896,4.823318,3.9875825e-08,0.0
25.88,0.42210332,0.28332612,0.6,0.22637784,0.24845168,0.54114497,6.5616074,-8.033571e-09,0.0
25.885,0.42210332,0.28332612,0.6,0.23798089,0.24507782,0.5316614,8.593266,1.4899976e-07,0.0
25.89,0.42210332,0.28332612,0.6,0.24890618,0.24190104,0.5227317,10.698395,1.7554937e-07,0.0
25.895,0.42210332,0.28332612,0.6,0.2591933,0.23890981,0.51432365,12.741864,1.2757035e-07,0.0
25.900000000000002,0.4412796,0.6,0.6,0.26624,0.23596269,0.5084741,14.661944,1.4775942e-07,0.0
25.905,0.4412796,0.6,0.6,0.2590175,0.23250194,0.51382023,16.422132,9.973072e-08,0.0
25.91,0.4412796,0.6,0.6,0.25221688,0.22924334,0.5188541,18.366941,1.5320362e-07,0.0
25.915,0.4412796,0.6,0.6,0.24581349,0.22617508,0.5235939,20.229662,8.295793e-08,0.0
25.92,0.0,0.6,0.42523375,0.2423964,0.22428241,0.52805686,21.736319,3.0622131e-09,0.0
25.925,0.0,0.6,0.42523375,0.2528933,0.22773123,0.53225917,22.874249,5.247489e-08,0.0
25.93,0.0,0.6,0.42523375,0.26277706,0.2309786,0.536216,23.55757,6.59622e-08,0.0
25.935000000000002,0.0,0.6,0.42523375,0.2720835,0.23403627,0.5399417,23.890825,-7.0761135e-09,0.0
25.94,0.0,0.6,0.5547261,0.28102556,0.23987491,0.5434498,24.056704,1.1745392e-08,0.0
25.945,0.0,0.6,0.5547261,0.2903862,0.2553332,0.546753,24.17906,2.5326552e-09,0.0
25.95,0.0,0.6,0.5547261,0.29920006,0.2705565,0.5498632,24.341064,-4.0020552e-08,0.0
25.955000000000002,0.0,0.6,0.5547261,0.3074991,0.28553328,0.5527918,24.582907,2.8319683e-08,0.0
25.96,0.0,0.6,0.6,0.3111893,0.300252,0.5539159,24.857481,1.8508775e-08,0.0
25.965,0.0,0.6,0.6,0.29301235,0.31470135,0.5463994,25.075592,8.950419e-09,0.0
25.97,0.0,0.6,0.6,0.27589715,0.32887024,0.53932196,25.537968,1.6307137e-09,0.0
25.975,0.0,0.6,0.6,0.25978166,0.3427477,0.5326579,26.113424,2.0414001e-08,0.0
25.98,0.0,0.6,0.54573905,0.2446075,0.356323,0.5275934,26.460888,9.898955e-08,0.0
25.985,0.0,0.6,0.54573905,0.23031968,0.3695856,0.5291782,26.38753,7.008927e-08,0.0
25.990000000000002,0.0,0.6,0.54573905,0.21686643,0.38252518,0.53067046,25.81762,-1.5913482e-08,0.0
25.995,0.0,0.6,0.54573905,0.204199,0.39513162,0.5320756,24.751028,8.980226e-09,0.0
26.0,0.0,0.19455746,0.53763,0.19227149,0.40709823,0.53382176,23.235735,-4.3004505e-08,0.0
26.005,0.0,0.19455746,0.53763,0.18104067,0.41836587,0.5376873,21.3483,-5.569777e-09,0.0
26.01,0.0,0.19455746,0.53763,0.17046587,0.42897534,0.54132706,19.176453,5.2925e-08,0.0
26.015,0.0,0.19455746,0.53763,0.16050875,0.4389651,0.5447542,16.810396,-4.2028788e-08,0.0
26.02,0.25066072,0.0,0.33606175,0.15113324,0.44837135,0.5474741,14.348531,2.34333e-08,0.0
26.025000000000002,0.25066072,0.0,0.33606175,0.14230536,0.45722815,0.54737276,11.900982,-2.0822267e-08,0.0
26.03,0.25066072,0.0,0.33606175,0.13399313,0.46556762,0.54727733,9.574446,1.496548e-07,0.0
26.035,0.25066072,0.0,0.33606175,0.12616643,0.47341996,0.5471875,7.4646287,-3.387214e-08,0.0
26.04,0.6,0.28681406,0.25002742,0.1187969,0.47702447,0.5470271,5.6476192,8.536924e-08,0.0
26.045,0.6,0.28681406,0.25002742,0.11185783,0.4605252,0.5464782,4.1812015,5.272666e-08,0.0
26.05,0.6,0.28681406,0.25002742,0.10532408,0.4449897,0.5459614,2.4157763,4.133999e-08,0.0
26.055,0.6,0.28681406,0.25002742,0.099171974,0.43036166,0.5454747,0.38313887,-5.1536104e-09,0.0
26.060000000000002,0.4806488,0.44899872,0.0,0.09572184,0.41476977,0.54313266,-1.3948412e-08,6.417994e-09,0.0
26.065,0.4806488,0.44899872,0.0,0.10477201,0.39054257,0.5310374,-1.1526797e-08,8.22071e-08,0.0
26.07,0.4806488,0.44899872,0.0,0.11329354,0.3677305,0.5196486,-1.6456772e-08,1.6294726e-08,0.0
26.075,0.4806488,0.44899872,0.0,0.12131733,0.34625092,0.5089251,7.712089e-09,4.176902e-08,0.0
26.080000000000002,0.24698336,0.0,0.6,0.13213728,0.3287065,0.49802387,0.12274003,-9.101138e-08,0.0
26.085,0.24698336,0.0,0.6,0.14884973,0.32625952,0.4835381,0.5242473,5.692097e-08,0.0
26.09,0.24698336,0.0,0.6,0.16540812,0.32395548,0.46989846,1.2424301,1.0926702e-07,0.0
26.095,0.24698336,0.0,0.6,0.18179995,0.321786,0.45705554,2.2229607,4.5846516e-08,0.0
26.1,0.6,0.08524361,0.4486534,0.19801278,0.321259,0.44262606,3.3733003,-3.9980076e-08,0.0
26.105,0.6,0.08524361,0.4486534,0.21403433,0.32872042,0.41677174,4.591849,1.0319327e-07,0.0
26.11,0.6,0.08524361,0.4486534,0.22960761,0.33574602,0.3924276,6.2181396,5.420191e-08,0.0
26.115000000000002,0.6,0.08524361,0.4486534,0.24427123,0.34236124,0.36950544,8.24736,1.6591913e-07,0.0
26.12,0.6,0.40950882,0.3055666,0.25589454,0.34439382,0.35352966,10.414688,-1.0652887e-08,0.0
26.125,0.6,0.40950882,0.3055666,0.255374,0.32427737,0.36685807,12.51206,1.6923364e-08,0.0
26.13,0.6,0.40950882,0.3055666,0.25488392,0.30533594,0.37986556,14.324456,4.6291888e-08,0.0
26.135,0.6,0.40950882,0.3055666,0.25442243,0.2875009,0.39254197,15.830588,1.2766695e-07,0.0
26.14,0.48902616,0.6,0.5946081,0.2572871,0.27150428,0.4032454,17.113901,8.0909786e-08,0.0
26.145,0.48902616,0.6,0.5946081,0.27247965,0.2606246,0.40589774,17.83833,2.7678801e-08,0.0
26.150000000000002,0.48902616,0.6,0.5946081,0.28742415,0.25038037,0.40839514,18.093195,1.0274606e-08,0.0
26.155,0.48902616,0.6,0.5946081,0.30210915,0.24073453,0.41074666,18.210655,-1.3492749e-09,0.0
26.16,0.4093137,0.6,0.3883094,0.31652337,0.23468263,0.41162357,18.407228,-1.0395268e-08,0.0
26.165,0.4093137,0.6,0.3883094,0.3306557,0.24489444,0.40542865,18.79539,3.0414053e-08,0.0
26.17,0.4093137,0.6,0.3883094,0.34449524,0.25450978,0.3995956,19.64072,-1.0181539e-08,0.0
26.175,0.4093137,0.6,0.3883094,0.35803127,0.26356345,0.39410323,20.955236,1.4182143e-07,0.0
26.18,0.1547803,0.6,0.6,0.3711278,0.2738686,0.39163303,22.592651,8.037537e-08,0.0
26.185000000000002,0.1547803,0.6,0.6,0.3780144,0.28878963,0.40348905,24.435898,1.470246e-07,0.0
26.19,0.1547803,0.6,0.6,0.38449872,0.30345014,0.41465256,26.287273,2.5972057e-08,0.0
26.195,0.1547803,0.6,0.6,0.3906043,0.31783882,0.42516398,27.956484,9.4707566e-08,0.0
26.2,0.24165118,0.6,0.6,0.39560825,0.33194458,0.4331334,29.331665,9.709946e-08,0.0
26.205000000000002,0.24165118,0.6,0.6,0.3964088,0.34575656,0.43051517,30.359957,6.967559e-08,0.0
26.21,0.24165118,0.6,0.6,0.3971626,0.35926405,0.4280499,31.010334,-5.1011302e-08,0.0
26.215,0.24165118,0.6,0.6,0.39787236,0.37245655,0.4257286,31.283937,5.9548942e-08,0.0
26.22,0.22762689,0.6,0.6,0.39616185,0.3853238,0.4255213,31.212597,1.6162137e-07,0.0
26.225,0.22762689,0.6,0.6,0.38206246,0.3978557,0.4357128,31.47082,-7.726453e-09,0.0
26.23,0.22762689,0.6,0.6,0.36878663,0.4096632,0.44530904,32.08811,8.38306e-08,0.0
26.235,0.22762689,0.6,0.6,0.35628626,0.42078102,0.45434472,32.6974,2.2794529e-08,0.0
26.240000000000002,0.0,0.6,0.5072226,0.3453279,0.4312494,0.46285263,33.06691,3.9639684e-08,0.0
26.245,0.0,0.6,0.5072226,0.33927202,0.44110635,0.47086358,33.07658,4.5516058e-09,0.0
26.25,0.0,0.6,0.5072226,0.33356988,0.4503875,0.4784066,32.71178,3.609517e-08,0.0
26.255,0.0,0.6,0.5072226,0.3282008,0.45912656,0.48550904,32.011383,-7.284102e-08,0.0
26.26,0.0,0.6,0.6,0.32301426,0.46735516,0.4921966,31.032284,-4.3824134e-08,0.0
26.265,0.0,0.6,0.6,0.31744257,0.4751031,0.49849352,29.838343,-5.8144356e-09,0.0
26.27,0.0,0.6,0.6,0.3121963,0.48239848,0.50442266,28.489164,-1.1378305e-07,0.0
26.275000000000002,0.0,0.6,0.6,0.30725652,0.48926774,0.5100055,27.041042,-1.4209186e-07,0.0
26.28,0.0,0.42693824,0.6,0.3004779,0.49573573,0.51439506,25.546658,4.9574812e-08,0.0
26.285,0.0,0.42693824,0.6,0.28292662,0.5018259,0.5139761,24.041054,-9.7903055e-09,0.0
26.29,0.0,0.42693824,0.6,0.26640055,0.5075604,0.51358163,22.47384,-3.519534e-09,0.0
26.295,0.0,0.42693824,0.6,0.25083977,0.5129599,0.5132102,20.796402,1.6106991e-08,0.0
26.3,0.0,0.27931395,0.6,0.23618792,0.518044,0.5137275,19.004255,-5.8301737e-09,0.0
26.305,0.0,0.27931395,0.6,0.2223919,0.52283114,0.51876676,17.121223,3.315436e-08,0.0
26.310000000000002,0.0,0.27931395,0.6,0.20940173,0.5273387,0.5235117,15.179695,1.6065775e-09,0.0
26.315,0.0,0.27931395,0.6,0.19717032,0.5315829,0.5279795,13.218815,-7.311122e-08,0.0
26.32,0.0,0.0,0.6,0.18565336,0.53396183,0.53218627,11.287517,2.4896446e-08,0.0
26.325,0.0,0.0,0.6,0.17480913,0.52771044,0.53614736,9.445777,-4.980921e-08,0.0
26.330000000000002,0.0,0.0,0.6,0.16459832,0.5218242,0.53987706,6.951335,3.7746428e-08,0.0
26.335,0.0,0.0,0.6,0.15498392,0.5162818,0.5433889,3.8591416,1.6047554e-07,0.0
26.34,0.3200486,0.0,0.3132223,0.14593112,0.50968343,0.54669565,0.7775423,-4.294781e-08,0.0
26.345,0.3200486,0.0,0.3132223,0.13740711,0.49622726,0.5498092,8.823847e-09,-1.049686e-08,0.0
26.35,0.3200486,0.0,0.3132223,0.129381,0.4835571,0.55274093,1.4083608e-08,-6.95107e-09,0.0
26.355,0.3200486,0.0,0.3132223,0.1218237,0.47162703,0.5555014,-4.1211603e-09,1.9038724e-08,0.0
26.36,0.6,0.28596613,0.25571382,0.11470783,0.45778337,0.55810064,6.603444e-09,-5.36432e-09,0.0
26.365000000000002,0.6,0.28596613,0.25571382,0.1080076,0.43104368,0.560548,1.5273296e-08,2.8204546e-08,0.0
26.37,0.6,0.28596613,0.25571382,0.10169875,0.4058659,0.56285244,2.3745863e-09,1.1374413e-08,0.0
26.375,0.6,0.28596613,0.25571382,0.0957584,0.3821588,0.5650223,6.6102155e-09,-3.6508684e-08,0.0
26.38,0.3486272,0.43277436,0.0,0.093156144,0.35983643,0.56438524,1.505571e-08,-1.0041169e-09,0.0
26.385,0.3486272,0.43277436,0.0,0.10640921,0.33881795,0.5497145,0.056556333,-7.4460424e-08,0.0
26.39,0.3486272,0.43277436,0.0,0.11888814,0.3190272,0.5359007,0.17510016,7.936564e-08,0.0
26.395,0.3486272,0.43277436,0.0,0.13063817,0.30039242,0.5228938,0.48781213,4.979005e-08,0.0
26.400000000000002,0.23093732,0.28664085,0.22244923,0.14431822,0.2855187,0.5101092,1.1125864,-3.0299045e-08,0.0
26.405,0.23093732,0.28664085,0.22244923,0.16091976,0.28554484,0.49524966,2.049065,4.1325055e-08,0.0
26.41,0.23093732,0.28664085,0.22244923,0.17735812,0.28556946,0.4812581,3.4636812,1.70819e-07,0.0
26.415,0.23093732,0.28664085,0.22244923,0.19362086,0.28559262,0.46808377,5.2619157,4.6369752e-08,0.0
26.42,0.6,0.3281206,0.18777588,0.20969565,0.28698647,0.45328912,7.204941,5.446021e-08,0.0
26.425,0.6,0.3281206,0.18777588,0.21781081,0.29550213,0.42681196,9.1378565,1.82915e-07,0.0
26.43,0.6,0.3281206,0.18777588,0.22545195,0.30352035,0.40188137,10.946509,8.835784e-08,0.0
26.435000000000002,0.6,0.3281206,0.18777588,0.23264676,0.31107023,0.378407,12.571997,1.1967028e-07,0.0
26.44,0.6,0.4953192,0.101702645,0.23832141,0.31681338,0.35838276,14.007707,1.00616475e-07,0.0
26.445,0.6,0.4953192,0.101702645,0.2378901,0.31505096,0.3504427,15.232757,1.4445034e-07,0.0
26.45,0.6,0.4953192,0.101702645,0.23748398,0.31339148,0.34296644,16.102459,3.5016303e-08,0.0
26.455000000000002,0.6,0.4953192,0.101702645,0.23710158,0.31182894,0.3359269,16.604916,-3.8047e-08,0.0
26.46,0.49977574,0.6,0.20214269,0.2401907,0.31074533,0.3289745,16.826887,3.2464634e-08,0.0
26.465,0.49977574,0.6,0.20214269,0.25564432,0.31176025,0.3207269,16.469366,3.553647e-08,0.0
26.47,0.49977574,0.6,0.20214269,0.27086276,0.3127159,0.31296107,16.16561,-2.3856364e-08,0.0
26.475,0.49977574,0.6,0.20214269,0.2858344,0.3136157,0.30564886,16.312792,2.1436463e-08,0.0
26.48,0.6,0.6,0.49602166,0.30054778,0.31602556,0.29795933,16.863983,3.428091e-08,0.0
26.485,0.6,0.6,0.49602166,0.31499156,0.3264983,0.28649575,17.738892,2.2923453e-08,0.0
26.490000000000002,0.6,0.6,0.49602166,0.32915464,0.33635932,0.27570176,18.816057,1.5437495e-08,0.0
26.495,0.6,0.6,0.49602166,0.34302607,0.34564435,0.26553828,19.978281,7.8771926e-08,0.0
26.5,0.38100174,0.6,0.4425182,0.35659513,0.35536537,0.25690714,21.139132,7.06455e-08,0.0
26.505,0.38100174,0.6,0.4425182,0.36495847,0.36865062,0.25370827,22.237959,9.602216e-08,0.0
26.51,0.38100174,0.6,0.4425182,0.3728333,0.38161355,0.25069627,23.200014,7.674418e-08,0.0
26.515,0.38100174,0.6,0.4425182,0.38024816,0.39424407,0.2478602,23.967773,7.94487e-08,0.0
26.52,0.26240265,0.6,0.6,0.38816658,0.40626252,0.24793631,24.521706,2.1609235e-08,0.0
26.525000000000002,0.26240265,0.6,0.6,0.40054002,0.41757897,0.26242727,24.874578,1.6022403e-08,0.0
26.53,0.26240265,0.6,0.6,0.41219074,0.4282344,0.2760718,25.077608,2.0721258e-08,0.0
26.535,0.26240265,0.6,0.6,0.4231609,0.43826744,0.28891933,25.187326,8.400705e-09,0.0
26.54,0.3049927,0.6,0.6,0.43144357,0.44771445,0.3005164,25.247232,5.7552634e-09,0.0
26.545,0.3049927,0.6,0.6,0.4284972,0.45660964,0.3088109,25.278812,-7.2251725e-09,0.0
26.55,0.3049927,0.6,0.6,0.42572293,0.46498525,0.3166209,25.924992,5.3666138e-08,0.0
26.555,0.3049927,0.6,0.6,0.4231107,0.47287163,0.3239747,27.192394,1.2980846e-07,0.0
26.560000000000002,0.0011260272,0.6,0.6,0.41954264,0.48029736,0.33237076,28.681738,1.4409137e-07,0.0
26.565,0.0011260272,0.6,0.6,0.4103639,0.48728934,0.3461736,30.109484,5.887683e-08,0.0
26.57,0.0011260272,0.6,0.6,0.40172133,0.4938729,0.35967165,31.261467,5.9509162e-08,0.0
26.575,0.0011260272,0.6,0.6,0.39358357,0.50007194,0.37285438,32.010807,3.682672e-08,0.0
26.580000000000002,0.0,0.6,0.6,0.38631916,0.50590885,0.38571152,32.316685,1.196761e-08,0.0
26.585,0.0,0.6,0.6,0.3815688,0.5114048,0.39822838,32.199177,-1.5471059e-08,0.0
26.59,0.0,0.6,0.6,0.37709588,0.51657975,0.4100141,31.726692,4.8524885e-08,0.0
26.595,0.0,0.6,0.6,0.37288424,0.5214524,0.4211114,30.985046,3.1669167e-08,0.0
26.6,0.0,0.6,0.6,0.36607873,0.5260405,0.43156052,30.05726,-1.8663066e-08,0.0
26.605,0.0,0.6,0.6,0.3447614,0.5303606,0.44139928,28.999544,-3.264152e-08,0.0
26.61,0.0,0.6,0.6,0.32468924,0.5344283,0.45066333,27.76131,2.4994684e-08,0.0
26.615000000000002,0.0,0.6,0.6,0.30578953,0.53825843,0.45938626,26.282747,-6.521617e-08,0.0
26.62,0.0,0.6,0.6,0.28798324,0.5418648,0.4675997,24.553669,-8.845419e-08,0.0
26.625,0.0,0.6,0.6,0.2711618,0.54526055,0.47533336,22.601877,8.250244e-09,0.0
26.63,0.0,0.6,0.6,0.2553229,0.5484579,0.4826153,20.483936,7.334834e-08,0.0
26.635,0.0,0.6,0.6,0.24040918,0.55146855,0.48947188,18.271896,8.0282945e-08,0.0
26.64,0.0,0.57900536,0.6,0.2263666,0.55430335,0.49592796,16.037376,2.1842843e-09,0.0
26.645,0.0,0.57900536,0.6,0.21314424,0.55697256,0.50200695,13.842446,-5.2008506e-08,0.0
26.650000000000002,0.0,0.57900536,0.6,0.20069423,0.55948585,0.50773084,11.73977,-3.2929652e-08,0.0
26.655,0.0,0.57900536,0.6,0.18897144,0.56185234,0.5131204,9.774558,-6.7481714e-08,0.0
26.66,0.14875723,0.0,0.6,0.1779334,0.5640806,0.51819515,7.9864783,-2.1632438e-08,0.0
26.665,0.14875723,0.0,0.6,0.16754009,0.5661787,0.5229735,6.4105725,-9.3508284e-08,0.0
26.67,0.14875723,0.0,0.6,0.15775387,0.5681542,0.5274727,5.073904,-9.338165e-09,0.0
26.675,0.14875723,0.0,0.6,0.14853927,0.57001436,0.5317091,3.986038,1.7395609e-08,0.0
26.68,0.5034098,0.2173654,0.54632616,0.13986291,0.5715696,0.53569806,3.1319048,-5.0201574e-08,0.0
26.685000000000002,0.5034098,0.2173654,0.54632616,0.13169335,0.57200396,0.539454,2.478648,-1.2976407e-08,0.0
26.69,0.5034098,0.2173654,0.54632616,0.12400098,0.5724129,0.54299057,1.9819663,3.9860552e-08,0.0
26.695,0.5034098,0.2173654,0.54632616,0.11675794,0.57279795,0.54632056,1.5897883,-6.474219e-09,0.0
26.7,0.07970595,0.1641567,0.43528894,0.11132822,0.56774926,0.54945606,1.2536327,2.2571157e-08,0.0
26.705000000000002,0.07970595,0.1641567,0.43528894,0.1135145,0.5345863,0.5524084,0.07486187,-1.0265707e-07,0.0
26.71,0.07970595,0.1641567,0.43528894,0.11557307,0.50336045,0.5551883,-1.5844593e-08,2.5828518e-08,0.0
26.715,0.07970595,0.1641567,0.43528894,0.1175114,0.47395855,0.5578058,-6.5584715e-09,1.4910264e-09,0.0
26.72,0.0,0.0,0.6,0.12265102,0.44830552,0.5597688,1.8302195e-08,7.6765583e-10,0.0
26.725,0.0,0.0,0.6,0.13944475,0.43481603,0.5589836,-3.0116118e-09,-2.294149e-09,0.0
26.73,0.0,0.0,0.6,0.15609154,0.4221145,0.5582443,-6.236317e-09,-6.7385804e-09,0.0
26.735,0.0,0.0,0.6,0.17257881,0.41015485,0.55754817,-1.8296376e-08,4.2201016e-09,0.0
26.740000000000002,0.36708352,0.0,0.45818874,0.1879432,0.3983965,0.5558549,0.124169566,-7.7048654e-08,0.0
26.745,0.36708352,0.0,0.45818874,0.18162094,0.38471428,0.5488125,0.5263527,1.2399059e-07,0.0
26.75,0.36708352,0.0,0.45818874,0.17566796,0.37183124,0.54218143,1.4711684,9.1156735e-08,0.0
26.755,0.36708352,0.0,0.45818874,0.1700627,0.3597007,0.5359377,2.8123803,1.6813253e-08,0.0
26.76,0.6,0.019765913,0.42364946,0.16403994,0.34674457,0.5315981,4.2149644,1.3266892e-07,0.0
26.765,0.6,0.019765913,0.42364946,0.15445817,0.3264908,0.5355935,5.4493985,1.3987842e-07,0.0
26.77,0.6,0.019765913,0.42364946,0.14543608,0.30742007,0.5393556,6.4108906,2.4563317e-08,0.0
26.775000000000002,0.6,0.019765913,0.42364946,0.13694099,0.28946328,0.5428979,7.073527,8.419039e-09,0.0
26.78,0.3477421,0.18245569,0.0,0.13237278,0.27255538,0.5449079,7.4536486,1.84773e-10,0.0
26.785,0.3477421,0.18245569,0.0,0.14608252,0.2566351,0.53984255,7.6156135,3.7854782e-08,0.0
26.79,0.3477421,0.18245569,0.0,0.15899146,0.24164474,0.53507304,7.4923687,8.772168e-08,0.0
26.795,0.3477421,0.18245569,0.0,0.17114636,0.22752997,0.53058213,7.4435954,3.1860488e-08,0.0
26.8,0.114270516,0.124697976,0.063016534,0.18476808,0.2144244,0.5260307,7.6827374,-5.6380106e-08,0.0
26.805,0.114270516,0.124697976,0.063016534,0.20094697,0.20305416,0.5200505,8.200608,1.1987775e-07,0.0
26.810000000000002,0.114270516,0.124697976,0.063016534,0.21693236,0.19234808,0.5144196,8.984758,-4.100016e-08,0.0
26.815,0.114270516,0.124697976,0.063016534,0.23271208,0.18226734,0.5091176,10.010921,1.09179496e-07,0.0
26.82,0.6,0.032354757,0.25283304,0.24827412,0.1742959,0.50016594,11.242084,1.9903186e-07,0.0
26.825,0.6,0.032354757,0.25283304,0.25408417,0.17477253,0.47095063,12.640248,2.503613e-07,0.0
26.830000000000002,0.6,0.032354757,0.25283304,0.25955483,0.17522131,0.44344184,14.114803,-2.0846807e-08,0.0
26.835,0.6,0.032354757,0.25283304,0.26470596,0.17564388,0.41753986,15.574279,1.10121405e-07,0.0
26.84,0.6,0.3878255,0.25430882,0.26737422,0.17550197,0.3937398,16.961864,-4.688607e-08,0.0
26.845,0.6,0.3878255,0.25430882,0.25843126,0.17253445,0.37442183,18.23529,1.11834616e-07,0.0
26.85,0.6,0.3878255,0.25430882,0.25001064,0.16974026,0.3562323,19.73872,1.0809154e-07,0.0
26.855,0.6,0.3878255,0.25430882,0.2420819,0.16710928,0.3391052,21.429256,1.3896928e-07,0.0
26.86,0.19304928,0.6,0.0,0.2391558,0.16376896,0.3247525,23.047209,1.5465472e-08,0.0
26.865000000000002,0.19304928,0.6,0.0,0.25462463,0.1560929,0.3205516,24.471191,6.624966e-08,0.0
26.87,0.19304928,0.6,0.0,0.26985908,0.14886521,0.3165961,25.359589,1.3953258e-08,0.0
26.875,0.19304928,0.6,0.0,0.28484747,0.1420597,0.3128716,25.77346,3.89341e-08,0.0
26.88,0.44631943,0.6,0.0,0.29957834,0.13897386,0.30937847,25.983995,-1.1403413e-08,0.0
26.885,0.44631943,0.6,0.0,0.31404036,0.15350959,0.3061618,26.173723,3.244607e-08,0.0
26.89,0.44631943,0.6,0.0,0.32822242,0.16719626,0.303133,26.456816,3.096466e-08,0.0
26.895,0.44631943,0.6,0.0,0.34211358,0.18008348,0.30028114,26.897757,5.1361038e-08,0.0
26.900000000000002,0.54893833,0.6,0.0,0.35337377,0.19420089,0.29521912,27.526293,-1.3459876e-08,0.0
26.905,0.54893833,0.6,0.0,0.344009,0.21026872,0.27797502,28.33903,2.8015291e-08,0.0
26.91,0.54893833,0.6,0.0,0.33519128,0.22613595,0.26173815,29.779701,6.5585e-08,0.0
26.915,0.54893833,0.6,0.0,0.3268886,0.24179053,0.24644971,31.775711,1.6909851e-07,0.0
26.92,0.44320738,0.6,0.0,0.3214379,0.2572205,0.23205428,33.973434,1.7329045e-07,0.0
26.925,0.44320738,0.6,0.0,0.32873237,0.27241412,0.2184997,36.071,2.122002e-07,0.0
26.93,0.44320738,0.6,0.0,0.33560076,0.2873597,0.20573688,37.349155,3.5739806e-08,0.0
26.935000000000002,0.44320738,0.6,0.0,0.342068,0.30204588,0.19371954,37.56779,0.56247234,0.0
26.94,0.2917116,0.6,0.0,0.3491165,0.3164613,0.18240415,37.00107,1.7666957,0.0
26.945,0.2917116,0.6,0.0,0.36078835,0.33059487,0.1717497,35.9561,3.2547402,0.0
26.95,0.2917116,0.6,0.0,0.37177843,0.3444357,0.1617176,34.689842,4.7337375,0.0
26.955000000000002,0.2917116,0.6,0.0,0.38212654,0.35797307,0.15227148,33.38751,5.9988174,0.0
26.96,0.4216346,0.49818268,0.0,0.39088207,0.37119645,0.14337713,32.1593,6.9338546,0.0
26.965,0.4216346,0.49818268,0.0,0.39393845,0.38409555,0.1350023,31.05625,7.4911137,0.0
26.97,0.4216346,0.49818268,0.0,0.3968163,0.39666027,0.12711665,30.065197,7.694537,0.0
26.975,0.4216346,0.49818268,0.0,0.39952606,0.4085376,0.11969161,29.156,7.5853214,0.0
26.98,0.6,0.5375336,0.0,0.40066168,0.41972116,0.112700276,28.308174,7.1923246,0.0
26.985,0.6,0.5375336,0.0,0.39429778,0.43025145,0.106117316,27.50283,6.5413904,0.0
26.990000000000002,0.6,0.5375336,0.0,0.3883056,0.44016668,0.09991887,27.46282,4.834756,0.0
26.995,0.6,0.5375336,0.0,0.38266343,0.44950274,0.09408249,28.108603,2.1876805,0.0
27.0,0.42786646,0.336757,0.0661042,0.37856504,0.4573419,0.088587016,28.794931,2.2263741e-08,0.0
27.005,0.42786646,0.336757,0.0661042,0.38108078,0.45972747,0.08341254,29.130495,3.0962767e-08,0.0
27.01,0.42786646,0.336757,0.0661042,0.38344958,0.46197367,0.07854032,28.79374,0.60936326,0.0
27.015,0.42786646,0.336757,0.0661042,0.38568002,0.46408868,0.07395268,27.753286,1.7498978,0.0
27.02,0.40045854,0.2787296,0.6,0.38944715,0.46644792,0.069633015,26.410072,2.9608767,0.0
27.025000000000002,0.40045854,0.2787296,0.6,0.4017458,0.47060013,0.06556567,25.036491,3.937314,0.0
27.03,0.40045854,0.2787296,0.6,0.41332605,0.4745098,0.0617359,23.843225,4.451439,0.0
27.035,0.40045854,0.2787296,0.6,0.42422992,0.4781911,0.05812983,22.95844,4.3733454,0.0
27.04,0.6,0.43849882,0.6,0.43288815,0.47978094,0.055352192,22.423677,3.6720285,0.0
27.045,0.6,0.43849882,0.6,0.43259484,0.47142673,0.05598023,22.221216,2.3820753,0.0
27.05,0.6,0.43849882,0.6,0.43231866,0.4635605,0.056571584,22.224297,0.65774375,0.0
27.055,0.6,0.43849882,0.6,0.4320586,0.45615375,0.057128396,22.134722,1.7817914e-09,0.0
27.060000000000002,0.35235244,0.3279865,0.6,0.4315576,0.44863734,0.062642366,22.14904,-9.381098e-10,0.0
27.065,0.35235244,0.3279865,0.6,0.42974105,0.4387128,0.07985149,22.375822,2.2352257e-08,0.0
27.07,0.35235244,0.3279865,0.6,0.42803064,0.429368,0.09695857,22.782183,3.7662524e-08,0.0
27.075,0.35235244,0.3279865,0.6,0.42642012,0.420569,0.11395074,23.329672,2.6503548e-08,0.0
27.080000000000002,0.23829554,0.33712485,0.6,0.42676854,0.41377717,0.1308152,23.976488,4.0105384e-08,0.0
27.085,0.23829554,0.33712485,0.6,0.4368872,0.41522118,0.14753923,23.897724,0.6482577,0.0
27.09,0.23829554,0.33712485,0.6,0.44641483,0.41658086,0.1641102,23.901112,0.9418745,0.0
27.095,0.23829554,0.33712485,0.6,0.45538592,0.4178611,0.18051559,24.42496,0.4074785,0.0
27.1,0.54604673,0.5652061,0.6,0.46151856,0.41803375,0.19674297,25.14188,5.7406318e-08,0.0
27.105,0.54604673,0.5652061,0.6,0.45514202,0.41277397,0.21278003,25.945433,6.5679565e-08,0.0
27.11,0.54604673,0.5652061,0.6,0.44913796,0.40782142,0.22861458,26.857738,7.32868e-08,0.0
27.115000000000002,0.54604673,0.5652061,0.6,0.4434846,0.40315816,0.24423459,27.778019,7.084294e-08,0.0
27.12,0.0,0.6,0.6,0.43709552,0.3988527,0.25962815,28.610186,4.771322e-08,0.0
27.125,0.0,0.6,0.6,0.42548338,0.3952471,0.2747835,29.29527,2.0610374e-08,0.0
27.13,0.0,0.6,0.6,0.4145495,0.3918521,0.289689,29.769869,3.802514e-08,0.0
27.135,0.0,0.6,0.6,0.4042543,0.38865542,0.30433327,29.995926,1.2944116e-08,0.0
27.14,0.0,0.6,0.6,0.39743662,0.38777706,0.31870505,29.973333,-3.4765444e-09,0.0
27.145,0.0,0.6,0.6,0.4061171,0.3981409,0.33279327,29.730692,-1.0061146e-08,0.0
27.150000000000002,0.0,0.6,0.6,0.41429058,0.40789938,0.34658703,29.326044,-1.7279634e-08,0.0
27.155,0.0,0.6,0.6,0.4219866,0.41708785,0.36007565,28.834179,-2.8032597e-08,0.0
27.16,0.0,0.6,0.6,0.42412987,0.4260648,0.37324867,28.31957,-2.403852e-08,0.0
27.165,0.0,0.6,0.6,0.39935595,0.43622455,0.3860958,27.803194,-2.6740524e-08,0.0
27.17,0.0,0.6,0.6,0.37602907,0.4457909,0.3985902,27.797882,4.73151e-09,0.0
27.175,0.0,0.6,0.6,0.35406476,0.45479843,0.4103548,28.192383,1.2740165e-08,0.0
27.18,0.0,0.3833881,0.6,0.3333834,0.46327984,0.4214322,28.549355,7.9533784e-08,0.0
27.185000000000002,0.0,0.3833881,0.6,0.3139101,0.47126582,0.43186256,28.598135,2.5766802e-08,0.0
27.19,0.0,0.3833881,0.6,0.29557422,0.47878534,0.44168368,28.19524,-5.3787983e-09,0.0
27.195,0.0,0.3833881,0.6,0.27830938,0.48586562,0.45093113,27.291252,-8.27812e-08,0.0
27.2,0.0,0.02816155,0.59716165,0.26205298,0.49253234,0.45963842,25.902678,1.2164928e-07,0.0
27.205000000000002,0.0,0.02816155,0.59716165,0.24674615,0.49880967,0.4678371,24.094856,-1.5894257e-07,0.0
27.21,0.0,0.02816155,0.59716165,0.2323334,0.50472033,0.47555688,21.964838,6.294677e-08,0.0
27.215,0.0,0.02816155,0.59716165,0.21876253,0.51028574,0.48282576,19.622824,-1.0558333e-07,0.0
27.22,0.20950793,0.0,0.3668314,0.20598435,0.51350164,0.48967004,17.173521,-4.4935476e-08,0.0
27.225,0.20950793,0.0,0.3668314,0.19395256,0.5059016,0.49611455,14.714839,4.5789808e-08,0.0
27.23,0.20950793,0.0,0.3668314,0.18262355,0.4987454,0.5021826,11.575667,-2.3671085e-08,0.0
27.235,0.20950793,0.0,0.3668314,0.17195629,0.49200726,0.50789624,7.8353467,-1.7802876e-07,0.0
27.240000000000002,0.6,0.16828716,0.22790433,0.16191211,0.4823428,0.51324964,4.0884223,2.1637508e-07,0.0
27.245,0.6,0.16828716,0.22790433,0.15245463,0.45581353,0.51815104,0.8430265,1.6778516e-07,0.0
27.25,0.6,0.16828716,0.22790433,0.14354958,0.43083385,0.5227662,-7.803327e-09,6.302779e-09,0.0
27.255,0.6,0.16828716,0.22790433,0.13516468,0.40731326,0.5271117,0.110991165,-1.1599518e-07,0.0
27.26,0.38829187,0.18080892,0.19282305,0.12922756,0.38490337,0.52905077,0.37828535,-2.8552467e-08,0.0
27.265,0.38829187,0.18080892,0.19282305,0.13391684,0.3624207,0.51957536,0.79246104,3.04416e-08,0.0
27.27,0.38829187,0.18080892,0.19282305,0.1383322,0.34125128,0.5106534,1.1692353,1.1229873e-08,0.0
27.275000000000002,0.38829187,0.18080892,0.19282305,0.14248966,0.3213184,0.5022526,1.5389093,1.0545081e-07,0.0
27.28,0.25800937,0.10797457,0.28138325,0.15005374,0.30412257,0.49304408,2.0265465,9.899459e-09,0.0
27.285,0.25800937,0.10797457,0.28138325,0.1666005,0.29618827,0.47755694,2.684673,-6.928343e-08,0.0
27.29,0.25800937,0.10797457,0.28138325,0.18297978,0.28871742,0.46297443,3.5331774,-7.012176e-08,0.0
27.295,0.25800937,0.10797457,0.28138325,0.19917917,0.28168294,0.4492437,4.5541625,-2.0894836e-08,0.0
27.3,0.6,0.2178712,0.3686853,0.2151864,0.27517638,0.43598714,5.702622,1.3240137e-07,0.0
27.305,0.6,0.2178712,0.3686853,0.2252977,0.26966426,0.42178363,6.9291573,9.354669e-08,0.0
27.310000000000002,0.6,0.2178712,0.3686853,0.23481838,0.26447412,0.40840977,8.165922,8.4308816e-08,0.0
27.315,0.6,0.2178712,0.3686853,0.24378295,0.25958714,0.3958171,9.357911,1.0814468e-07,0.0
27.32,0.6,0.4989752,0.32746246,0.2510063,0.25430492,0.38478765,10.482501,-5.5626252e-08,0.0
27.325,0.6,0.4989752,0.32746246,0.25141537,0.24575758,0.37874767,11.535762,7.382544e-08,0.0
27.330000000000002,0.6,0.4989752,0.32746246,0.25180054,0.2377095,0.3730605,12.494979,9.842162e-08,0.0
27.335,0.6,0.4989752,0.32746246,0.2521632,0.23013154,0.36770552,13.569534,1.0219315e-07,0.0
27.34,0.39712387,0.6,0.23634905,0.25570086,0.22402327,0.36347926,14.76264,1.5377491e-08,0.0
27.345,0.39712387,0.6,0.23634905,0.27091843,0.22366391,0.36378336,15.965368,6.572889e-08,0.0
27.35,0.39712387,0.6,0.23634905,0.28588915,0.22332555,0.3640697,17.186916,6.694377e-08,0.0
27.355,0.39712387,0.6,0.23634905,0.30060154,0.22300695,0.3643393,18.461369,6.32517e-08,0.0
27.36,0.25506225,0.6,0.093819045,0.3150443,0.22533411,0.3642079,19.801903,1.3431185e-07,0.0
27.365000000000002,0.25506225,0.6,0.093819045,0.32920632,0.24099979,0.36206156,21.206518,5.5137004e-08,0.0
27.37,0.25506225,0.6,0.093819045,0.34307665,0.25606844,0.36004058,22.669487,7.6908975e-08,0.0
27.375,0.25506225,0.6,0.093819045,0.35664457,0.2702569,0.35813764,24.185932,3.8356667e-08,0.0
27.38,0.49937817,0.6,0.58171797,0.3689632,0.28456077,0.35549432,25.746277,6.9461024e-08,0.0
27.385,0.49937817,0.6,0.58171797,0.37060812,0.2992967,0.3485349,27.260061,3.307818e-08,0.0
27.39,0.49937817,0.6,0.58171797,0.37215695,0.31376404,0.341982,28.575071,-1.5463955e-08,0.0
27.395,0.49937817,0.6,0.58171797,0.3736153,0.3279516,0.33581185,29.58091,5.606132e-10,0.0
27.400000000000002,0.33983845,0.6,0.6,0.37366077,0.34184846,0.32867005,30.23088,3.241955e-08,0.0
27.405,0.33983845,0.6,0.6,0.36673328,0.35544387,0.31495214,30.516546,1.06984865e-08,0.0
27.41,0.33983845,0.6,0.6,0.36021045,0.36872727,0.30203548,31.019445,7.7850274e-08,0.0
27.415,0.33983845,0.6,0.6,0.3540686,0.3816883,0.2898733,31.793207,6.950237e-08,0.0
27.42,0.22314417,0.6,0.6,0.35056886,0.39431685,0.28298134,32.550163,1.0177255e-07,0.0
27.425,0.22314417,0.6,0.6,0.35926098,0.40633106,0.29774514,33.12202,3.90464e-08,0.0
27.43,0.22314417,0.6,0.6,0.36744538,0.4176435,0.31224152,32.91462,-1.2789213e-08,0.0
27.435000000000002,0.22314417,0.6,0.6,0.37515172,0.42829517,0.32645932,31.904154,-1.1781533e-07,0.0
27.44,0.46852386,0.6,0.59767807,0.38091692,0.43832466,0.34038755,30.426117,9.823678e-08,0.0
27.445,0.46852386,0.6,0.59767807,0.37851748,0.4477683,0.35401547,28.73183,-3.263003e-08,0.0
27.45,0.46852386,0.6,0.59767807,0.3762582,0.45666033,0.36733246,27.578129,1.6190775e-08,0.0
27.455000000000002,0.46852386,0.6,0.59767807,0.37413087,0.46503296,0.38032818,27.105066,1.0609211e-09,0.0
27.46,0.07221782,0.6,0.5269677,0.37103721,0.47291654,0.3929925,27.04194,-2.5328058e-08,0.0
27.465,0.07221782,0.6,0.5269677,0.3623986,0.48033965,0.40508404,27.176311,8.168431e-09,0.0
27.47,0.07221782,0.6,0.5269677,0.3542646,0.48732916,0.41646934,27.317772,-6.032945e-09,0.0
27.475,0.07221782,0.6,0.5269677,0.3466057,0.4939104,0.4271896,27.328588,1.2474831e-08,0.0
27.48,0.0,0.6,0.6,0.3416874,0.5001072,0.43726194,27.135767,2.5862352e-08,0.0
27.485,0.0,0.6,0.6,0.3490961,0.5059421,0.44663203,26.728853,-2.1552147e-08,0.0
27.490000000000002,0.0,0.6,0.6,0.356072,0.51143616,0.4554548,25.642649,-3.3403555e-09,0.0
27.495,0.0,0.6,0.6,0.36264047,0.5166093,0.46376222,23.935225,-5.7716097e-08,0.0
27.5,0.0,0.6,0.6,0.36512145,0.52148026,0.47092357,21.986471,4.0089468e-08,0.0
27.505,0.0,0.6,0.6,0.3480126,0.5260667,0.47419718,20.056175,-4.2916067e-08,0.0
27.51,0.0,0.6,0.6,0.3319031,0.53038526,0.47727957,18.780178,-2.8042577e-09,0.0
27.515,0.0,0.6,0.6,0.31673458,0.53445154,0.48018193,18.17705,-2.2263459e-10,0.0
27.52,0.0,0.20909457,0.6,0.30177712,0.5382803,0.48359728,17.903522,2.012197e-08,0.0
27.525000000000002,0.0,0.20909457,0.6,0.28414994,0.54188544,0.4903965,17.705042,-1.1754065e-08,0.0
27.53,0.0,0.20909457,0.6,0.2675524,0.54528,0.49679857,17.386766,7.1776675e-08,0.0
27.535,0.0,0.20909457,0.6,0.25192434,0.5484762,0.5028267,16.826693,-3.6440337e-08,0.0
27.54,0.0,0.0,0.6,0.23720913,0.5514858,0.5085027,15.976774,3.440109e-08,0.0
27.545,0.0,0.0,0.6,0.22335346,0.55431956,0.5138472,14.8428545,-6.138393e-08,0.0
27.55,0.0,0.0,0.6,0.21030712,0.5569878,0.5188795,13.467414,-3.7549906e-08,0.0
27.555,0.0,0.0,0.6,0.19802283,0.5595002,0.5236178,11.915307,7.444547e-08,0.0
27.560000000000002,0.29426593,0.0,0.6,0.18645607,0.5582125,0.5280794,10.264181,-8.62369e-08,0.0
27.565,0.29426593,0.0,0.6,0.17556494,0.5378201,0.5322804,7.733058,-1.1528057e-07,0.0
27.57,0.29426593,0.0,0.6,0.16530998,0.5186188,0.536236,4.4705615,-1.3607591e-07,0.0
27.575,0.29426593,0.0,0.6,0.15565403,0.5005391,0.5399605,1.2383925,1.7225115e-07,0.0
27.580000000000002,0.6,0.011732412,0.4999328,0.14656208,0.48156133,0.54346746,-1.3704078e-08,-5.772857e-08,0.0
27.585,0.6,0.011732412,0.4999328,0.13800122,0.45343274,0.5467696,1.0303432e-08,-1.0022758e-08,0.0
27.59,0.6,0.011732412,0.4999328,0.1299404,0.42694718,0.5498789,-8.207888e-09,4.9312007e-08,0.0
27.595,0.6,0.011732412,0.4999328,0.12235043,0.40200868,0.55280656,0.020078858,-1.29402e-08,0.0
27.6,0.4619682,0.28732896,0.35905147,0.11795394,0.37852687,0.5555632,0.11829587,4.2975923e-08,0.0
27.605,0.4619682,0.28732896,0.35905147,0.12825254,0.35641664,0.5581588,0.366943,8.35136e-08,0.0
27.61,0.4619682,0.28732896,0.35905147,0.13794959,0.3355979,0.5606028,0.675384,4.8760526e-08,0.0
27.615000000000002,0.4619682,0.28732896,0.35905147,0.14708021,0.31599522,0.562904,1.11328,-9.6783566e-08,0.0
27.62,0.119584866,0.2483677,0.6,0.15853484,0.2976472,0.5641356,1.7911967,4.1136992e-08,0.0
27.625,0.119584866,0.2483677,0.6,0.17499751,0.28094658,0.56038547,2.725404,4.544202e-08,0.0
27.63,0.119584866,0.2483677,0.6,0.19128636,0.26522145,0.55685437,3.8876836,-1.13630385e-07,0.0
27.635,0.119584866,0.2483677,0.6,0.20738903,0.25041485,0.5535295,5.216604,4.7999432e-08,0.0
27.64,0.39491668,0.32431474,0.6,0.22329329,0.23904878,0.5490822,6.852505,1.6515637e-07,0.0
27.645,0.39491668,0.32431474,0.6,0.23723458,0.24186888,0.5379823,8.743125,2.2428746e-07,0.0
27.650000000000002,0.39491668,0.32431474,0.6,0.25036153,0.24452426,0.5275307,10.721402,1.42362335e-08,0.0
27.655,0.39491668,0.32431474,0.6,0.26272175,0.24702454,0.51768965,12.685081,9.7999454e-08,0.0
27.66,0.5070115,0.58709025,0.6,0.27116013,0.24901465,0.51067525,14.582204,5.545371e-08,0.0
27.665,0.5070115,0.58709025,0.6,0.26230642,0.24897686,0.5158928,16.37144,7.310665e-08,0.0
27.67,0.5070115,0.58709025,0.6,0.25396988,0.24894127,0.5208056,18.092388,1.7261149e-08,0.0
27.675,0.5070115,0.58709025,0.6,0.24612029,0.24890777,0.52543145,19.634144,5.993701e-08,0.0
27.68,0.0,0.6,0.56342137,0.2413024,0.24958602,0.5297871,20.853708,1.1259385e-07,0.0
27.685000000000002,0.0,0.6,0.56342137,0.2502752,0.253951,0.53388834,22.023745,8.0984634e-08,0.0
27.69,0.0,0.6,0.56342137,0.25872388,0.25806105,0.53775,22.87141,4.0156763e-08,0.0
27.695,0.0,0.6,0.56342137,0.26667908,0.261931,0.5413861,23.321898,-4.500362e-08,0.0
27.7,0.0,0.6,0.6,0.2752172,0.26803076,0.5448098,23.554918,1.1618311e-08,0.0
27.705000000000002,0.0,0.6,0.6,0.28875658,0.28304952,0.54803354,23.702038,-6.7859016e-09,0.0
27.71,0.0,0.6,0.6,0.30150512,0.29781213,0.55106896,23.827549,6.308773e-09,0.0
27.715,0.0,0.6,0.6,0.313509,0.31230727,0.55392706,23.943941,-1.4187294e-08,0.0
27.72,0.0,0.6,0.6,0.32007328,0.32652375,0.5562764,24.048256,-4.7728378e-08,0.0
27.725,0.0,0.6,0.6,0.30137742,0.34045064,0.55669373,24.111515,3.7922963e-08,0.0
27.73,0.0,0.6,0.6,0.2837736,0.35407716,0.5570867,24.473045,-3.3319395e-08,0.0
27.735,0.0,0.6,0.6,0.26719806,0.36739272,0.55745673,25.002161,2.6385074e-08,0.0
27.740000000000002,0.0,0.6,0.6,0.2515907,0.38038695,0.558147,25.3411,9.592777e-09,0.0
27.745,0.0,0.6,0.6,0.23689498,0.39304972,0.5605917,25.283464,-5.509932e-09,0.0
27.75,0.0,0.6,0.6,0.22305766,0.40513793,0.56289357,24.738804,-2.9789103e-08,0.0
27.755,0.0,0.6,0.6,0.21002859,0.41652006,0.565061,23.700779,-2.0767995e-08,0.0
27.76,0.0,0.17940238,0.6,0.19776057,0.42723733,0.5671018,22.218388,-1.5799979e-07,0.0
27.765,0.0,0.17940238,0.6,0.18620913,0.4373286,0.56902343,20.37088,-5.2131057e-08,0.0
27.77,0.0,0.17940238,0.6,0.17533243,0.44683045,0.5708328,18.248133,-6.337494e-08,0.0
27.775000000000002,0.0,0.17940238,0.6,0.16509105,0.45577726,0.57253647,15.942918,6.249547e-08,0.0
27.78,0.20812814,0.0,0.30127904,0.15544789,0.46420148,0.57414067,13.555334,1.07235806e-07,0.0
27.785,0.20812814,0.0,0.30127904,0.14636798,0.47213364,0.57565117,11.1953125,5.1102425e-08,0.0
27.79,0.20812814,0.0,0.30127904,0.13781846,0.47960246,0.5770734,8.972546,-8.469448e-09,0.0
27.795,0.20812814,0.0,0.30127904,0.12976831,0.48663503,0.57801557,6.9809885,-2.765955e-09,0.0
27.8,0.6,0.20088036,0.38966158,0.12218839,0.489326,0.57801557,5.2890677,2.2026395e-08,0.0
27.805,0.6,0.20088036,0.38966158,0.11505122,0.471223,0.57801557,3.9450085,4.7603383e-08,0.0
27.810000000000002,0.6,0.20088036,0.38966158,0.108330935,0.4541774,0.57801557,2.2738104,-2.0565945e-08,0.0
27.815,0.6,0.20088036,0.38966158,0.102003194,0.43812746,0.57801557,0.30352685,-1.0914209e-07,0.0
27.82,0.49522978,0.0,0.28548402,0.097990185,0.42133835,0.5765079,-5.1983124e-09,1.527219e-08,0.0
27.825,0.49522978,0.0,0.28548402,0.10442348,0.39672747,0.5604315,-2.8341928e-08,3.8268134e-08,0.0
27.830000000000002,0.49522978,0.0,0.28548402,0.110480994,0.37355414,0.54529405,1.6160898e-08,-8.337138e-08,0.0
27.835,0.49522978,0.0,0.28548402,0.11618468,0.3517344,0.53104085,2.6022681e-08,8.7564e-08,0.0
27.84,0.27732766,0.0,0.55373937,0.12521756,0.33306655,0.5184462,0.061319347,-7.282641e-08,0.0
27.845,0.27732766,0.0,0.55373937,0.14198974,0.3253454,0.51092374,0.3348576,-5.64374e-08,0.0
27.85,0.27732766,0.0,0.55373937,0.15861306,0.31807524,0.5038407,0.92516595,6.117323e-09,0.0
27.855,0.27732766,0.0,0.55373937,0.17507493,0.31122974,0.49717134,1.8367233,-1.7754779e-08,0.0
27.86,0.6,0.10987541,0.5690195,0.19136293,0.30290672,0.48991793,3.0019498,-5.401583e-08,0.0
27.865000000000002,0.6,0.10987541,0.5690195,0.2074647,0.28521356,0.4779767,4.3306727,1.8633745e-07,0.0
27.87,0.6,0.10987541,0.5690195,0.22336799,0.26855388,0.46673298,5.765185,-1.4277304e-09,0.0
27.875,0.6,0.10987541,0.5690195,0.23906073,0.25286734,0.456146,7.2622743,-4.532185e-08,0.0
27.88,0.6,0.4426207,0.6,0.2519874,0.23809706,0.44868448,9.027249,1.0096942e-07,0.0
27.885,0.6,0.4426207,0.6,0.25346756,0.22418952,0.45482087,11.034263,1.07736334e-07,0.0
27.89,0.6,0.4426207,0.6,0.25486127,0.21109433,0.46059883,13.0597725,9.706891e-08,0.0
27.895,0.6,0.4426207,0.6,0.25617355,0.19876406,0.46603927,14.939069,4.821216e-08,0.0
27.900000000000002,0.011315507,0.6,0.0,0.26042482,0.18818088,0.47130474,16.589462,1.5644294e-07,0.0
27.905,0.011315507,0.6,0.0,0.2755674,0.18360697,0.47701237,17.999783,6.89489e-08,0.0
27.91,0.011315507,0.6,0.0,0.29045957,0.17930022,0.48238662,19.25243,1.2875147e-07,0.0
27.915,0.011315507,0.6,0.0,0.30508992,0.17524503,0.48744693,20.440552,1.0450813e-07,0.0
27.92,0.23389232,0.6,0.0,0.3194472,0.17453648,0.49250123,21.625488,8.1226304e-08,0.0
27.925,0.23389232,0.6,0.0,0.33352032,0.1901956,0.49878037,22.844906,7.5538566e-08,0.0
27.93,0.23389232,0.6,0.0,0.34729844,0.20494007,0.50469273,24.120155,1.00677944e-07,0.0
27.935000000000002,0.23389232,0.6,0.0,0.36077088,0.21882328,0.51025975,25.46318,-1.3481078e-08,0.0
27.94,0.46523795,0.39086196,0.0,0.36924282,0.2333664,0.50989413,26.879343,6.223909e-08,0.0
27.945,0.46523795,0.39086196,0.0,0.34833586,0.2489191,0.4801106,28.344118,1.2383299e-07,0.0
27.95,0.46523795,0.39086196,0.0,0.3286501,0.26424176,0.45206675,30.261322,3.4259077e-08,0.0
27.955000000000002,0.46523795,0.39086196,0.0,0.3101142,0.27932268,0.425661,32.451958,1.4340307e-07,0.0
27.96,0.27510157,0.6,0.0,0.29474115,0.29415032,0.40079764,34.412346,2.0524888e-07,0.0
27.965,0.27510157,0.6,0.0,0.2911869,0.3087133,0.37738657,35.817024,1.17977734e-07,0.0
27.97,0.27510157,0.6,0.0,0.28784025,0.3230004,0.35534295,36.574345,2.6779e-08,0.0
27.975,0.27510157,0.6,0.0,0.28468907,0.3370006,0.33458695,36.715515,-1.3198185e-08,0.0
27.98,0.3269059,0.59097356,0.0,0.28388408,0.35040817,0.31504333,36.313107,-1.5267906e-08,0.0
27.985,0.3269059,0.59097356,0.0,0.29447716,0.35277113,0.29664126,35.477886,1.0806507e-08,0.0
27.990000000000002,0.3269059,0.59097356,0.0,0.3044515,0.35499606,0.2793141,33.96432,7.510899e-08,0.0
27.995,0.3269059,0.59097356,0.0,0.31384322,0.357091,0.26299903,31.94282,4.950127e-08,0.0
28.0,0.5046719,0.5920475,0.0,0.32090938,0.36101818,0.24763693,29.793192,8.191688e-08,0.0
28.005,0.5046719,0.5920475,0.0,0.3182337,0.3741685,0.23317216,27.74567,-4.322059e-08,0.0
28.01,0.5046719,0.5920475,0.0,0.3157143,0.38699216,0.2195523,26.368362,-6.5484436e-08,0.0
28.015,0.5046719,0.5920475,0.0,0.31334206,0.3994342,0.20672798,25.692333,2.170868e-08,0.0
28.02,0.43789116,0.6,0.0,0.31159255,0.41106513,0.19465275,25.42795,-6.227969e-09,0.0
28.025000000000002,0.43789116,0.6,0.0,0.312487,0.4215738,0.18328285,25.36378,-7.615425e-11,0.0
28.03,0.43789116,0.6,0.0,0.31332922,0.43146864,0.17257708,24.778156,0.48414892,0.0
28.035,0.43789116,0.6,0.0,0.31412226,0.4407855,0.16249664,23.602724,1.3696728,0.0
28.04,0.21531759,0.24341917,0.0,0.31653035,0.4495682,0.15300502,22.145916,2.3015556,0.0
28.045,0.21531759,0.24341917,0.0,0.32751992,0.4578906,0.14406781,20.63556,3.0242448,0.0
28.05,0.21531759,0.24341917,0.0,0.3378676,0.46572685,0.13565263,19.276487,3.315011,0.0
28.055,0.21531759,0.24341917,0.0,0.34761083,0.4731054,0.127729,18.197582,3.0419025,0.0
28.060000000000002,0.6,0.26259288,0.0,0.35616085,0.48012727,0.120268196,17.439785,2.1736708,0.0
28.065,0.6,0.26259288,0.0,0.36093482,0.48712918,0.113243185,16.983833,0.7461431,0.0
28.07,0.6,0.26259288,0.0,0.36542994,0.4937221,0.106628515,16.559765,-2.1616213e-08,0.0
28.075,0.6,0.26259288,0.0,0.3696625,0.49992993,0.10040022,16.21733,-4.5618993e-09,0.0
28.080000000000002,0.43316963,0.21908638,0.06448898,0.3715677,0.5024426,0.094535716,16.061653,-5.40532e-09,0.0
28.085,0.43316963,0.21908638,0.06448898,0.36244094,0.48731273,0.08901377,16.043703,7.341868e-09,0.0
28.09,0.43316963,0.21908638,0.06448898,0.3538473,0.47306663,0.08381437,15.945622,-7.196074e-09,0.0
28.095,0.43316963,0.21908638,0.06448898,0.3457556,0.45965263,0.078918666,15.736386,-1.0211351e-08,0.0
28.1,0.37134236,0.24900872,0.3582515,0.34173173,0.44720137,0.07430893,15.505029,-8.5854195e-09,0.0
28.105,0.37134236,0.24900872,0.3582515,0.35532972,0.43641818,0.069968455,15.333067,-1.7410057e-09,0.0
28.11,0.37134236,0.24900872,0.3582515,0.3686158,0.42626482,0.06588151,14.749236,0.34368965,0.0
28.115000000000002,0.37134236,0.24900872,0.3582515,0.3815796,0.41670454,0.062033296,13.90772,0.7115396,0.0
28.12,0.6,0.44171524,0.45470232,0.39277864,0.4072961,0.059012555,13.234797,0.6288172,0.0
28.125,0.6,0.44171524,0.45470232,0.39513794,0.39630252,0.059332438,12.923578,-1.00394594e-07,0.0
28.13,0.6,0.44171524,0.45470232,0.3973594,0.3859511,0.05963364,12.833221,-1.8801032e-09,0.0
28.135,0.6,0.44171524,0.45470232,0.3994511,0.37620434,0.059917245,13.102878,1.6568618e-08,0.0
28.14,0.43146136,0.50034314,0.6,0.40084282,0.36730653,0.06292973,13.676425,2.263672e-08,0.0
28.145,0.43146136,0.50034314,0.6,0.39911965,0.36039662,0.08013726,14.470373,4.037628e-08,0.0
28.150000000000002,0.43146136,0.50034314,0.6,0.39749715,0.35389033,0.09638225,16.019533,2.7040574e-07,0.0
28.155,0.43146136,0.50034314,0.6,0.39596942,0.34776407,0.111678354,18.274422,1.14350236e-07,0.0
28.16,0.50912434,0.5000767,0.6,0.3966679,0.34379664,0.1269824,20.812113,2.6966157e-07,0.0
28.165,0.50912434,0.5000767,0.6,0.40854478,0.34951618,0.14373957,22.60419,0.5735344,0.0
28.17,0.50912434,0.5000767,0.6,0.41972792,0.35490164,0.16034654,24.124876,1.1824408,0.0
28.175,0.50912434,0.5000767,0.6,0.43025783,0.35997254,0.17679077,25.719769,1.4481289,0.0
28.18,0.22741331,0.5378221,0.6,0.43859756,0.36529514,0.19305982,27.246866,1.5404108,0.0
28.185000000000002,0.22741331,0.5378221,0.6,0.4381807,0.37318346,0.20914134,28.619165,1.5637122,0.0
28.19,0.22741331,0.5378221,0.6,0.43778822,0.380611,0.22502314,30.594246,0.6774342,0.0
28.195,0.22741331,0.5378221,0.6,0.43741867,0.3876047,0.2406931,32.912235,1.5305206e-07,0.0
28.2,0.34054843,0.6,0.6,0.4377965,0.39418742,0.2561393,35.185307,1.0476134e-07,0.0
28.205000000000002,0.34054843,0.6,0.6,0.44196284,0.40037253,0.27134997,36.46447,0.8231246,0.0
28.21,0.34054843,0.6,0.6,0.44588584,0.4061964,0.28631344,36.631004,2.4370615,0.0
28.215,0.34054843,0.6,0.6,0.4495797,0.41168004,0.30101827,36.26717,3.4402058,0.0
28.22,0.0,0.6,0.6,0.45042494,0.41719615,0.31545317,35.789333,2.448095,0.0
28.225,0.0,0.6,0.6,0.43739855,0.42424205,0.329607,35.124,1.2488858e-08,0.0
28.23,0.0,0.6,0.6,0.42513305,0.4308764,0.34346884,34.42152,-1.8100277e-08,0.0
28.235,0.0,0.6,0.6,0.413584,0.43712324,0.35702798,34.32988,-1.4943879e-08,0.0
28.240000000000002,0.0713059,0.6,0.6,0.40376687,0.4435863,0.37027386,34.49992,3.95526e-08,0.0
28.245,0.0713059,0.6,0.6,0.4000742,0.4527226,0.38319618,34.69383,1.6654079e-08,0.0
28.25,0.0713059,0.6,0.6,0.39659724,0.46132526,0.39578483,34.78173,-2.0671078e-09,0.0
28.255,0.0713059,0.6,0.6,0.39332336,0.4694254,0.4077133,34.70251,1.8017802e-08,0.0
28.26,0.0,0.6,0.6,0.38705802,0.47705242,0.41894498,34.43466,1.3521216e-08,0.0
28.265,0.0,0.6,0.6,0.3644495,0.48423395,0.42952064,33.965843,-3.6240586e-08,0.0
28.27,0.0,0.6,0.6,0.34316155,0.49099597,0.43947855,33.20282,2.2729239e-08,0.0
28.275000000000002,0.0,0.6,0.6,0.32311708,0.49736303,0.4488548,32.065506,8.382869e-09,0.0
28.28,0.0,0.3897436,0.6,0.30490983,0.5033582,0.45768338,30.537088,-2.1591315e-08,0.0
28.285,0.0,0.3897436,0.6,0.29126474,0.50900316,0.46599627,28.647148,-8.177145e-08,0.0
28.29,0.0,0.3897436,0.6,0.2784167,0.5143184,0.47382358,26.477478,3.635782e-08,0.0
28.295,0.0,0.3897436,0.6,0.2663191,0.51932317,0.4811937,24.129988,-1.5248162e-08,0.0
28.3,0.0,0.0,0.6,0.25426173,0.5240356,0.4881333,21.706848,-1.7613464e-08,0.0
28.305,0.0,0.0,0.6,0.23941,0.5284727,0.4946676,19.300108,-7.240513e-08,0.0
28.310000000000002,0.0,0.0,0.6,0.22542576,0.5326507,0.50082016,16.959126,-3.0394716e-08,0.0
28.315,0.0,0.0,0.6,0.21225837,0.5365847,0.5066134,14.710363,5.1252402e-09,0.0
28.32,0.32202202,0.0,0.33154926,0.1998601,0.5383238,0.5120682,12.578739,-9.477284e-08,0.0
28.325,0.32202202,0.0,0.33154926,0.18818602,0.5296451,0.5172044,10.598119,-1.5187956e-08,0.0
28.330000000000002,0.32202202,0.0,0.33154926,0.17719385,0.5214733,0.5220406,8.005447,-1.2395635e-07,0.0
28.335,0.32202202,0.0,0.33154926,0.16684374,0.5137788,0.5265943,4.8382893,1.08238405e-08,0.0
28.34,0.6,0.1624623,0.49246684,0.1570982,0.5028913,0.530882,1.6957159,-1.8982162e-07,0.0
28.345,0.6,0.1624623,0.49246684,0.1479219,0.47351682,0.53491926,-8.999393e-09,-8.347349e-08,0.0
28.35,0.6,0.1624623,0.49246684,0.1392816,0.44585812,0.5387207,1.1931174e-08,1.2655615e-08,0.0
28.355,0.6,0.1624623,0.49246684,0.131146,0.419815,0.5423001,0.009526978,2.0501956e-08,0.0
28.36,0.4594609,0.23459509,0.0,0.12649515,0.3952931,0.5431616,0.08200859,-1.3484574e-08,0.0
28.365000000000002,0.4594609,0.23459509,0.0,0.13791612,0.37220353,0.53080106,0.29373148,8.316057e-09,0.0
28.37,0.4594609,0.23459509,0.0,0.14866997,0.35046268,0.51916254,0.55686414,-1.09386484e-07,0.0
28.375,0.4594609,0.23459509,0.0,0.15879567,0.32999173,0.5082038,0.9641495,5.8603003e-08,0.0
28.38,0.29272288,0.033811748,0.30051127,0.17092784,0.31223485,0.4993891,1.6521715,2.5933291e-08,0.0
28.385,0.29272288,0.033811748,0.30051127,0.18726097,0.30348647,0.49898478,2.6425269,6.187104e-08,0.0
28.39,0.29272288,0.033811748,0.30051127,0.20341098,0.29524907,0.49860406,3.8728247,1.5374917e-07,0.0
28.395,0.29272288,0.033811748,0.30051127,0.21936561,0.28749284,0.49824557,5.244934,-9.6799816e-08,0.0
28.400000000000002,0.6,0.14689268,0.30758017,0.23511273,0.2808638,0.49330553,6.6734776,5.886571e-08,0.0
28.405,0.6,0.14689268,0.30758017,0.24821718,0.27816117,0.46449095,8.102279,1.1612586e-07,0.0
28.41,0.6,0.14689268,0.30758017,0.2605562,0.2756164,0.43735948,9.482177,1.7146546e-07,0.0
28.415,0.6,0.14689268,0.30758017,0.27217445,0.2732203,0.41181278,10.786277,-5.0127188e-08,0.0
28.42,0.6,0.6,0.30740824,0.28155577,0.26908767,0.39056683,12.014497,9.464555e-08,0.0
28.425,0.6,0.6,0.30740824,0.28220806,0.25534493,0.38530657,13.173383,5.9228313e-08,0.0
28.43,0.6,0.6,0.30740824,0.28282225,0.24240491,0.38035357,14.261475,6.950857e-08,0.0
28.435000000000002,0.6,0.6,0.30740824,0.28340057,0.23022074,0.3756899,15.279116,2.9588394e-08,0.0
28.44,0.402556,0.6,0.6,0.28681684,0.21980508,0.37136468,16.445097,7.196232e-08,0.0
28.445,0.402556,0.6,0.6,0.3015127,0.21554618,0.36763895,17.770445,-2.4063935e-09,0.0
28.45,0.402556,0.6,0.6,0.31593823,0.21153605,0.36413085,19.193466,4.2750916e-08,0.0
28.455000000000002,0.402556,0.6,0.6,0.33008233,0.20776016,0.36082765,20.696987,6.637471e-08,0.0
28.46,0.1266306,0.6,0.44386154,0.34393406,0.20843945,0.3577158,22.263662,2.630986e-08,0.0
28.465,0.1266306,0.6,0.44386154,0.35748273,0.22433026,0.35477725,23.878996,1.2550151e-07,0.0
28.47,0.1266306,0.6,0.44386154,0.3707178,0.24000978,0.35201037,25.53317,7.632198e-08,0.0
28.475,0.1266306,0.6,0.44386154,0.38362896,0.25546607,0.3494051,27.221685,2.01714e-07,0.0
28.48,0.14098276,0.6,0.6,0.39442217,0.2706873,0.34968653,28.944551,1.4148775e-07,0.0
28.485,0.14098276,0.6,0.6,0.39489728,0.28566188,0.3631042,30.628454,1.0511104e-07,0.0
28.490000000000002,0.14098276,0.6,0.6,0.39534464,0.3003783,0.37620386,32.10846,1.1170969e-07,0.0
28.495,0.14098276,0.6,0.6,0.39576587,0.31482527,0.38897535,33.245117,2.7514409e-08,0.0
28.5,0.3877562,0.6,0.5217779,0.39358374,0.32899165,0.39984232,33.971092,3.437617e-08,0.0
28.505,0.3877562,0.6,0.5217779,0.3779907,0.34286654,0.40241355,34.897984,6.0986245e-08,0.0
28.51,0.3877562,0.6,0.5217779,0.36330846,0.35643917,0.40483457,36.020073,3.9920405e-08,0.0
28.515,0.3877562,0.6,0.5217779,0.34948382,0.36969903,0.40711418,36.962402,6.242611e-08,0.0
28.52,0.0,0.6,0.4758394,0.3366008,0.38263577,0.41071987,37.503273,3.8302634e-08,0.0
28.525000000000002,0.0,0.6,0.4758394,0.3251745,0.39523926,0.42177597,37.53789,1.821506e-08,0.0
28.53,0.0,0.6,0.4758394,0.31441563,0.4071996,0.43218625,37.047977,-9.0474925e-09,0.0
28.535,0.0,0.6,0.4758394,0.3042852,0.4184613,0.44198844,36.070095,2.0101243e-08,0.0
28.54,0.0,0.6,0.6,0.2970528,0.4290652,0.45048705,34.670853,-6.6660576e-08,0.0
28.545,0.0,0.6,0.6,0.3023509,0.43904972,0.45465124,32.945366,-1.6472609e-07,0.0
28.55,0.0,0.6,0.6,0.30733952,0.448451,0.45857218,30.577454,-2.1157528e-07,0.0
28.555,0.0,0.6,0.6,0.31203675,0.45730317,0.4622641,27.688185,7.102114e-08,0.0
28.560000000000002,0.0,0.6,0.6,0.31283572,0.46563825,0.46531102,24.652231,-9.07519e-08,0.0
28.565,0.0,0.6,0.6,0.2945626,0.47348648,0.465926,21.725414,1.865062e-07,0.0
28.57,0.0,0.6,0.6,0.27735686,0.4808763,0.46650505,19.471283,8.6736236e-08,0.0
28.575,0.0,0.6,0.6,0.2611561,0.48783445,0.46705028,17.90919,-8.452252e-08,0.0
28.580000000000002,0.0,0.36923397,0.6,0.24590167,0.49438617,0.46872404,16.739126,-3.720437e-08,0.0
28.585,0.0,0.36923397,0.6,0.23153827,0.5005552,0.47639203,15.73638,4.7229904e-08,0.0
28.59,0.0,0.36923397,0.6,0.21801384,0.5063639,0.48361212,14.746443,-4.4339306e-08,0.0
28.595,0.0,0.36923397,0.6,0.20527938,0.5118333,0.49041048,13.677869,2.5429847e-09,0.0
28.6,0.0,0.0,0.6,0.19328876,0.5169832,0.49681175,12.49132,2.8996473e-08,0.0
28.605,0.0,0.0,0.6,0.18199852,0.52183235,0.5028391,11.189645,-3.5406636e-08,0.0
28.61,0.0,0.0,0.6,0.17136776,0.52639824,0.5085144,9.8054085,-1.5758526e-07,0.0
28.615000000000002,0.0,0.0,0.6,0.16135797,0.5306974,0.5138582,8.389223,-2.8725957e-08,0.0
28.62,0.26817575,0.0,0.49561402,0.15193285,0.5325888,0.51888984,7.00225,-1.2848221e-09,0.0
28.625,0.26817575,0.0,0.49561402,0.14305827,0.52304703,0.5236276,5.7114577,3.9028333e-08,0.0
28.63,0.26817575,0.0,0.49561402,0.13470206,0.51406264,0.52808857,3.7857585,7.82203e-08,0.0
28.635,0.26817575,0.0,0.49561402,0.12683395,0.505603,0.532289,1.286354,-6.7155646e-08,0.0
28.64,0.6,0.03214946,0.5823085,0.11942542,0.49418676,0.5362441,-9.896824e-10,-2.4633515e-08,0.0
28.645,0.6,0.03214946,0.5823085,0.11244964,0.4653207,0.53996813,2.0590079e-09,-2.8670943e-08,0.0
28.650000000000002,0.6,0.03214946,0.5823085,0.10588132,0.43814075,0.5434747,-7.794608e-09,-2.3629126e-10,0.0
28.655,0.6,0.03214946,0.5823085,0.099696666,0.41254842,0.5467764,-6.3477703e-09,-7.727935e-09,0.0
28.66,0.49588495,0.3493371,0.19380268,0.09637958,0.38845098,0.5489097,1.0140391e-08,-1.4919515e-08,0.0
28.665,0.49588495,0.3493371,0.19380268,0.1064144,0.3657611,0.54579663,1.5593587e-08,-9.498488e-09,0.0
28.67,0.49588495,0.3493371,0.19380268,0.11586308,0.34439656,0.5428654,4.011462e-08,-3.9097e-08,0.0
28.675,0.49588495,0.3493371,0.19380268,0.124759845,0.32427993,0.5401054,0.09530687,-7.207817e-08,0.0
28.68,0.32080203,0.45520854,0.17336519,0.1362381,0.30563882,0.53831685,0.4392471,6.216804e-08,0.0
28.685000000000002,0.32080203,0.45520854,0.17336519,0.15291402,0.28966397,0.54088646,1.1190045,4.9014158e-08,0.0
28.69,0.32080203,0.45520854,0.17336519,0.16943282,0.27462223,0.543306,2.146825,2.6000485e-08,0.0
28.695,0.32080203,0.45520854,0.17336519,0.18578202,0.2604591,0.5455842,3.4544537,1.508607e-07,0.0
28.7,0.6,0.45969313,0.2860298,0.20194921,0.25008762,0.54409844,5.143241,3.881081e-08,0.0
28.705000000000002,0.6,0.45969313,0.2860298,0.21792212,0.2558849,0.52363724,7.1032114,8.780031e-08,0.0
28.71,0.6,0.45969313,0.2860298,0.23368862,0.26134354,0.5043712,9.132134,5.9358275e-08,0.0
28.715,0.6,0.45969313,0.2860298,0.24900383,0.26648334,0.48623055,11.124071,1.4319475e-07,0.0
28.72,0.6,0.6,0.16223891,0.26178816,0.27231237,0.4689585,13.042116,1.3397964e-07,0.0
28.725,0.6,0.6,0.16223891,0.26523525,0.28299555,0.45169252,14.872275,8.5140066e-08,0.0
28.73,0.6,0.6,0.16223891,0.26848096,0.29305473,0.4354351,16.5621,1.3393112e-07,0.0
28.735,0.6,0.6,0.16223891,0.2715371,0.30252632,0.42012727,18.06677,1.4416771e-07,0.0
28.740000000000002,0.42650428,0.6,0.0,0.27702403,0.3114866,0.40676653,19.328318,1.818399e-08,0.0
28.745,0.42650428,0.6,0.0,0.29189128,0.32014352,0.39971414,20.309978,2.8744754e-08,0.0
28.75,0.42650428,0.6,0.0,0.3064956,0.32829478,0.3930737,21.063244,3.4438877e-08,0.0
28.755,0.42650428,0.6,0.0,0.3208258,0.33596992,0.38682115,21.665426,-1.9228588e-08,0.0
28.76,0.5313423,0.6,0.21702011,0.33487076,0.34450802,0.3797769,22.179317,-6.3527015e-09,0.0
28.765,0.5313423,0.6,0.21702011,0.34861967,0.35804376,0.36707023,22.648188,6.611455e-08,0.0
28.77,0.5313423,0.6,0.21702011,0.36206186,0.37126547,0.3551058,23.079947,1.4674319e-08,0.0
28.775000000000002,0.5313423,0.6,0.21702011,0.3751869,0.38416284,0.3438402,23.471415,2.1775216e-08,0.0
28.78,0.6,0.6,0.6,0.38669705,0.39672577,0.33171642,23.824232,-1.36406255e-08,0.0
28.785,0.6,0.6,0.6,0.38902223,0.40859926,0.31234047,24.136662,6.354474e-08,0.0
28.79,0.6,0.6,0.6,0.3912116,0.4197792,0.2940963,24.365387,-2.8228715e-08,0.0
28.795,0.6,0.6,0.6,0.3932731,0.43030614,0.27691776,24.469364,-1.648123e-08,0.0
28.8,0.2019246,0.5965514,0.6,0.39619395,0.44021815,0.2627709,24.435135,-5.2593223e-09,0.0
28.805,0.2019246,0.5965514,0.6,0.40408814,0.4495512,0.26009855,24.273165,1.0833169e-08,0.0
28.810000000000002,0.2019246,0.5965514,0.6,0.4115212,0.4583391,0.25758228,24.031143,2.8352038e-09,0.0
28.815,0.2019246,0.5965514,0.6,0.4185201,0.46661368,0.255213,23.761133,-1.0394737e-08,0.0
28.82,0.23726861,0.4344339,0.6,0.42575184,0.47440493,0.25656134,23.500057,1.2198413e-08,0.0
28.825,0.23726861,0.4344339,0.6,0.4359299,0.4817411,0.27176535,23.276758,-3.0958025e-09,0.0
28.830000000000002,0.23726861,0.4344339,0.6,0.44551343,0.48864874,0.28672186,23.123959,-1.8386926e-09,0.0
28.835,0.23726861,0.4344339,0.6,0.45453718,0.4951529,0.3014194,23.062922,6.5805045e-10,0.0
28.84,0.3883538,0.6,0.6,0.4593135,0.5012449,0.3158467,23.097496,7.113268e-09,0.0
28.845,0.3883538,0.6,0.6,0.4442791,0.50681186,0.32999265,23.20007,3.5757267e-10,0.0
28.85,0.3883538,0.6,0.6,0.43012288,0.51205367,0.3438463,23.947905,3.333467e-08,0.0
28.855,0.3883538,0.6,0.6,0.41679356,0.5169893,0.35739693,25.2513,4.9647827e-08,0.0
28.86,0.0,0.6,0.4782785,0.4045731,0.5201215,0.37063405,26.63599,8.969227e-08,0.0
28.865000000000002,0.0,0.6,0.4782785,0.39480066,0.5151164,0.3835473,27.804306,8.6680515e-08,0.0
28.87,0.0,0.6,0.4782785,0.38559902,0.51040363,0.39612663,27.827246,2.4289465e-08,0.0
28.875,0.0,0.6,0.4782785,0.37693486,0.5059661,0.40803513,26.626612,4.470306e-08,0.0
28.88,0.0,0.6,0.6,0.3701888,0.5033352,0.41924804,24.67936,3.7714727e-08,0.0
28.885,0.0,0.6,0.6,0.37124985,0.50898147,0.429806,22.36706,8.417555e-08,0.0
28.89,0.0,0.6,0.6,0.37224892,0.51429796,0.43974724,20.188623,3.080747e-08,0.0
28.895,0.0,0.6,0.6,0.37318963,0.5193039,0.4491078,18.377981,-3.3841577e-08,0.0
28.900000000000002,0.0,0.6,0.6,0.3704459,0.52401745,0.456784,16.959225,-8.824573e-09,0.0
28.905,0.0,0.6,0.6,0.34880772,0.5284557,0.45803952,16.49655,-2.0338886e-08,0.0
28.91,0.0,0.6,0.6,0.32843345,0.5326347,0.4592217,16.849972,4.7712863e-08,0.0
28.915,0.0,0.6,0.6,0.30924925,0.5365696,0.4603348,17.484823,1.9263743e-08,0.0
28.92,0.0,0.3540548,0.6,0.29118562,0.5402746,0.4625205,18.02822,5.5253974e-08,0.0
28.925,0.0,0.3540548,0.6,0.2741771,0.5437633,0.47055086,18.25097,-3.3623078e-09,0.0
28.93,0.0,0.3540548,0.6,0.25816208,0.54704815,0.47811216,18.041002,-2.1787333e-08,0.0
28.935000000000002,0.0,0.3540548,0.6,0.24308252,0.55014116,0.4852318,17.375235,5.382917e-09,0.0
28.94,0.0,0.0,0.6,0.22888377,0.5530535,0.49193555,16.292068,-4.659368e-08,0.0
28.945,0.0,0.0,0.6,0.21551439,0.5557957,0.49824774,14.868332,-8.544361e-08,0.0
28.95,0.0,0.0,0.6,0.20292594,0.55837774,0.5041912,13.200247,4.970358e-08,0.0
28.955000000000002,0.0,0.0,0.6,0.19107279,0.56080896,0.5097875,11.391078,-5.4038924e-08,0.0
28.96,0.31282377,0.0,0.20800653,0.179912,0.5607996,0.5150569,9.543019,-6.79268e-08,0.0
28.965,0.31282377,0.0,0.20800653,0.16940312,0.5487234,0.5200185,7.75978,-4.9773895e-08,0.0
28.97,0.31282377,0.0,0.20800653,0.15950808,0.53735256,0.52469033,5.31451,9.582048e-08,0.0
28.975,0.31282377,0.0,0.20800653,0.15019102,0.5266459,0.5290893,2.3120878,2.8917608e-08,0.0
28.98,0.6,0.115723535,0.4053657,0.14141819,0.5132557,0.53323126,-7.287058e-08,3.012554e-10,0.0
28.985,0.6,0.115723535,0.4053657,0.13315777,0.48327583,0.5371313,1.7950788e-09,-3.0463678e-08,0.0
28.990000000000002,0.6,0.115723535,0.4053657,0.12537986,0.4550471,0.54080355,1.283397e-08,8.3037976e-10,0.0
28.995,0.6,0.115723535,0.4053657,0.11805627,0.42846724,0.5442613,1.8242982e-08,-2.8727252e-08,0.0
29.0,0.45413032,0.29994366,0.07712229,0.11408404,0.40343994,0.5438536,-6.19543e-10,6.662968e-08,0.0
29.005,0.45413032,0.29994366,0.07712229,0.12569267,0.37987453,0.5242363,6.3019697e-06,-8.5464805e-08,0.0
29.01,0.45413032,0.29994366,0.07712229,0.13662322,0.3576856,0.50576496,1.0928225e-08,6.0187205e-08,0.0
29.015,0.45413032,0.29994366,0.07712229,0.1469153,0.33679274,0.48837253,0.16441469,-9.909232e-08,0.0
29.02,0.38329282,0.2964535,0.21890043,0.1592901,0.31820178,0.4738405,0.6662923,-2.682303e-08,0.0
29.025000000000002,0.38329282,0.2964535,0.21890043,0.17574511,0.3063748,0.4698408,1.5579345,2.5529244e-08,0.0
29.03,0.38329282,0.2964535,0.21890043,0.19202572,0.2952386,0.46607473,2.7865438,9.315349e-08,0.0
29.035,0.38329282,0.2964535,0.21890043,0.20811959,0.28475294,0.46252865,4.2401567,-1.3189294e-09,0.0
29.04,0.6,0.39661366,0.3907545,0.22401449,0.2766014,0.45612198,5.7966037,1.9542459e-07,0.0
29.045,0.6,0.39661366,0.3907545,0.23745583,0.27796486,0.43398416,7.357117,1.0370671e-07,0.0
29.05,0.6,0.39661366,0.3907545,0.25011206,0.27924865,0.41313943,9.134589,1.8322349e-07,0.0
29.055,0.6,0.39661366,0.3907545,0.26202902,0.28045747,0.39351228,11.123357,6.243147e-08,0.0
29.060000000000002,0.6,0.6,0.26160496,0.27258787,0.28156307,0.37635657,13.171842,2.1619731e-07,0.0
29.065,0.6,0.6,0.26160496,0.27905428,0.28243285,0.36715937,15.182212,1.2626629e-07,0.0
29.07,0.6,0.6,0.26160496,0.285143,0.28325182,0.35849938,17.07842,1.0139016e-07,0.0
29.075,0.6,0.6,0.26160496,0.29087603,0.28402296,0.35034522,18.814405,1.272884e-07,0.0
29.080000000000002,0.2567017,0.6,0.36909378,0.29829952,0.28568512,0.34427348,20.37444,1.8524494e-07,0.0
29.085,0.2567017,0.6,0.36909378,0.31278554,0.2921646,0.3469885,21.752901,8.784478e-08,0.0
29.09,0.2567017,0.6,0.36909378,0.32699254,0.29826558,0.3495449,22.968523,7.7694814e-08,0.0
29.095,0.2567017,0.6,0.36909378,0.3409096,0.3040102,0.35195202,24.049105,8.054341e-08,0.0
29.1,0.46492544,0.6,0.53628707,0.35452592,0.3113201,0.35301152,25.022593,3.4421667e-08,0.0
29.105,0.46492544,0.6,0.53628707,0.36783093,0.32555607,0.34767234,25.90711,2.0369429e-08,0.0
29.11,0.46492544,0.6,0.53628707,0.38081428,0.3395032,0.34264505,26.68533,3.8036013e-08,0.0
29.115000000000002,0.46492544,0.6,0.53628707,0.39346585,0.3531507,0.3379114,27.340178,9.566906e-09,0.0
29.12,0.30727226,0.6,0.6,0.40232137,0.36648795,0.33445883,27.871565,7.085459e-08,0.0
29.125,0.30727226,0.6,0.6,0.39381555,0.3795046,0.3364819,28.27287,-1.4941569e-09,0.0
29.13,0.30727226,0.6,0.6,0.38580656,0.39219046,0.3383868,29.097305,9.357294e-08,0.0
29.135,0.30727226,0.6,0.6,0.37826538,0.40432885,0.34018043,30.315622,4.2374435e-08,0.0
29.14,0.3230723,0.6,0.6,0.3731107,0.41575825,0.34343183,31.55516,1.4314212e-07,0.0
29.145,0.3230723,0.6,0.6,0.37847373,0.42652005,0.35469675,32.58874,4.728905e-08,0.0
29.150000000000002,0.3230723,0.6,0.6,0.38352346,0.43665323,0.36530367,32.74401,3.3412633e-09,0.0
29.155,0.3230723,0.6,0.6,0.38827825,0.4461945,0.37529102,31.969494,2.1296868e-08,0.0
29.16,0.3822023,0.6,0.6,0.3912819,0.45517847,0.38529044,30.613346,-1.1604635e-07,0.0
29.165,0.3822023,0.6,0.6,0.3863748,0.46363768,0.39782324,28.947145,-1.06220295e-08,0.0
29.17,0.3822023,0.6,0.6,0.38175434,0.47160277,0.40963262,27.761808,-5.473637e-09,0.0
29.175,0.3822023,0.6,0.6,0.37740374,0.4791026,0.42075223,27.215021,2.3306649e-08,0.0
29.18,0.1213651,0.6,0.6,0.37345493,0.4861644,0.43122232,27.042126,-1.1234745e-08,0.0
29.185000000000002,0.1213651,0.6,0.6,0.370512,0.49281368,0.44108084,27.045076,2.6164436e-08,0.0
29.19,0.1213651,0.6,0.6,0.367741,0.49907455,0.4503635,27.08961,2.4105827e-08,0.0
29.195,0.1213651,0.6,0.6,0.36513183,0.5049697,0.45910394,27.09079,-4.122069e-08,0.0
29.2,0.0,0.6,0.6,0.3632277,0.5105206,0.46733385,27.000322,-4.953922e-08,0.0
29.205000000000002,0.0,0.6,0.6,0.364336,0.5157472,0.47508305,26.801394,-5.6942038e-09,0.0
29.21,0.0,0.6,0.6,0.3653796,0.5206685,0.48237962,25.926413,7.6972235e-08,0.0
29.215,0.0,0.6,0.6,0.36636224,0.52530235,0.48924997,24.357536,-4.2255518e-08,0.0
29.22,0.0,0.6,0.6,0.36484975,0.5296655,0.49571902,22.448378,-4.2050885e-08,0.0
29.225,0.0,0.6,0.6,0.3506275,0.53377384,0.5018102,21.047781,-5.129735e-08,0.0
29.23,0.0,0.6,0.6,0.33723602,0.5376422,0.5075456,20.296698,-1.1566322e-07,0.0
29.235,0.0,0.6,0.6,0.32462674,0.54128456,0.51294595,19.890646,5.8052173e-08,0.0
29.240000000000002,0.0,0.23794432,0.6,0.31161973,0.5447142,0.5180309,19.604836,4.509373e-08,0.0
29.245,0.0,0.23794432,0.6,0.29341763,0.54794353,0.5228188,19.279652,-3.4932395e-08,0.0
29.25,0.0,0.23794432,0.6,0.27627876,0.5509842,0.52732706,18.77733,-5.4992215e-09,0.0
29.255,0.0,0.23794432,0.6,0.260141,0.55384725,0.531572,18.01241,1.007821e-08,0.0
29.26,0.0,0.0,0.6,0.24494584,0.5565431,0.53556895,16.963053,-5.8575427e-08,0.0
29.265,0.0,0.0,0.6,0.23063825,0.5590815,0.53933245,15.651909,9.1612186e-08,0.0
29.27,0.0,0.0,0.6,0.2171664,0.5614716,0.5428761,14.129548,2.4896048e-08,0.0
29.275000000000002,0.0,0.0,0.6,0.20448144,0.5637221,0.5462128,12.462946,-1.14942196e-07,0.0
29.28,0.33967125,0.0,0.6,0.19253743,0.56245744,0.54935455,10.726354,-1.444272e-08,0.0
29.285,0.33967125,0.0,0.6,0.18129109,0.5435022,0.5523128,8.124324,-1.0868969e-07,0.0
29.29,0.33967125,0.0,0.6,0.17070165,0.5256542,0.55509824,4.788379,1.3420718e-07,0.0
29.295,0.33967125,0.0,0.6,0.16073076,0.5088487,0.557721,1.4674416,-7.948327e-08,0.0
29.3,0.6,0.01779054,0.46903747,0.15134229,0.4908011,0.56019056,-2.9180933e-10,4.1676703e-08,0.0
29.305,0.6,0.01779054,0.46903747,0.1425022,0.4621328,0.56251585,-6.761977e-09,1.6978783e-08,0.0
29.310000000000002,0.6,0.01779054,0.46903747,0.13417847,0.43513906,0.5647054,-2.0660593e-09,-1.6914473e-08,0.0
29.315,0.6,0.01779054,0.46903747,0.12634094,0.40972206,0.566767,0.016279928,-1.0876002e-08,0.0
29.32,0.46273473,0.25524327,0.39772964,0.12213571,0.3857897,0.5687082,0.104552396,-5.3987268e-08,0.0
29.325,0.46273473,0.25524327,0.39772964,0.13484223,0.36325526,0.57053596,0.3410134,5.218263e-08,0.0
29.330000000000002,0.46273473,0.25524327,0.39772964,0.14680654,0.34203708,0.572257,0.65001273,2.9301813e-08,0.0
29.335,0.46273473,0.25524327,0.39772964,0.158072,0.3220583,0.5738775,1.1209877,2.1599295e-08,0.0
29.34,0.1292087,0.24071178,0.6,0.1711124,0.30341274,0.5741794,1.8753679,8.619581e-08,0.0
29.345,0.1292087,0.24071178,0.6,0.18744355,0.2867292,0.5680379,2.9247751,-1.4066315e-08,0.0
29.35,0.1292087,0.24071178,0.6,0.20359144,0.27102014,0.5622552,4.218456,2.6814867e-08,0.0
29.355,0.1292087,0.24071178,0.6,0.2195438,0.2562287,0.55681026,5.6737094,2.3088457e-08,0.0
29.36,0.39374402,0.3694837,0.6,0.23528852,0.24452041,0.5510169,7.4332123,1.5618137e-07,0.0
29.365000000000002,0.39374402,0.3694837,0.6,0.24857393,0.24514675,0.54206324,9.444669,6.7732365e-08,0.0
29.37,0.39374402,0.3694837,0.6,0.2610833,0.2457365,0.5336325,11.534585,6.958743e-08,0.0
29.375,0.39374402,0.3694837,0.6,0.27286202,0.2462918,0.52569425,13.59531,1.3745539e-07,0.0
29.38,0.49845412,0.5788741,0.6,0.28083566,0.24667886,0.5201101,15.57094,-7.1371005e-08,0.0
29.385,0.49845412,0.5788741,0.6,0.27197894,0.24633032,0.5247765,17.418924,4.819211e-08,0.0
29.39,0.49845412,0.5788741,0.6,0.26363957,0.24600214,0.5291704,19.202066,1.5927134e-07,0.0
29.395,0.49845412,0.5788741,0.6,0.2557873,0.24569312,0.5333076,20.818792,6.5214984e-08,0.0
29.400000000000002,0.0,0.6,0.44840172,0.250866,0.24660562,0.5372032,22.122156,9.63311e-08,0.0
29.405,0.0,0.6,0.44840172,0.25921166,0.25378308,0.5408712,23.373266,7.1781095e-08,0.0
29.41,0.0,0.6,0.44840172,0.26706985,0.2605413,0.544325,24.275639,1.0552676e-08,0.0
29.415,0.0,0.6,0.44840172,0.27446905,0.26690474,0.547577,24.751245,-2.1590383e-08,0.0
29.42,0.0,0.6,0.59678966,0.28241464,0.2748534,0.5506391,24.986557,1.71008e-09,0.0
29.425,0.0,0.6,0.59678966,0.29503378,0.28975773,0.55352235,25.081278,-2.9684054e-08,0.0
29.43,0.0,0.6,0.59678966,0.30691582,0.30440077,0.55623716,25.083069,8.7303365e-09,0.0
29.435000000000002,0.0,0.6,0.59678966,0.3181038,0.31877127,0.5587934,25.021767,7.271119e-09,0.0
29.44,0.0,0.6,0.57119876,0.32397982,0.33285815,0.5597835,24.918726,-3.008421e-08,0.0
29.445,0.0,0.6,0.57119876,0.30505577,0.3466505,0.55327755,24.766087,-4.060858e-08,0.0
29.45,0.0,0.6,0.57119876,0.28723708,0.3601377,0.5471516,24.923092,2.009499e-08,0.0
29.455000000000002,0.0,0.6,0.57119876,0.2704592,0.37330922,0.5413835,25.272636,6.2319884e-08,0.0
29.46,0.0,0.58799255,0.6,0.25466135,0.3861548,0.53733915,25.464045,1.146032e-07,0.0
29.465,0.0,0.58799255,0.6,0.23978627,0.39864576,0.5408117,25.29207,-2.5716786e-09,0.0
29.47,0.0,0.58799255,0.6,0.22578005,0.4104071,0.54408145,24.667513,-1.0760762e-08,0.0
29.475,0.0,0.58799255,0.6,0.21259198,0.42148146,0.5471602,23.5805,1.2712167e-07,0.0
29.48,0.0,0.19053017,0.6,0.20017423,0.43190894,0.54981995,22.073643,7.034402e-08,0.0
29.485,0.0,0.19053017,0.6,0.18848181,0.44172734,0.5510687,20.220654,7.0189905e-08,0.0
29.490000000000002,0.0,0.19053017,0.6,0.17747235,0.45097223,0.55224454,18.106718,-5.9000012e-08,0.0
29.495,0.0,0.19053017,0.6,0.16710597,0.45967713,0.5533517,15.820457,-1.844819e-07,0.0
29.5,0.17086208,0.0,0.2517549,0.15734512,0.46776134,0.55466336,13.4580765,1.07147834e-07,0.0
29.505,0.17086208,0.0,0.2517549,0.1481544,0.4747842,0.55731153,11.126472,4.2289066e-09,0.0
29.51,0.17086208,0.0,0.2517549,0.13950051,0.48139682,0.55980504,8.934944,4.445617e-08,0.0
29.515,0.17086208,0.0,0.2517549,0.13135213,0.4876232,0.56215286,6.9770937,-2.3005743e-08,0.0
29.52,0.6,0.1693722,0.34577966,0.12367969,0.4897713,0.56436354,5.319796,-1.06170134e-07,0.0
29.525000000000002,0.6,0.1693722,0.34577966,0.116455406,0.47229227,0.5664451,4.0082607,-1.2400354e-08,0.0
29.53,0.6,0.1693722,0.34577966,0.10965311,0.4558342,0.5684051,2.359804,-8.769284e-08,0.0
29.535,0.6,0.1693722,0.34577966,0.103248134,0.44033748,0.5702506,0.39661407,-5.5680957e-08,0.0
29.54,0.48575202,0.0081734955,0.32372847,0.09881413,0.42396528,0.56873363,9.712097e-09,1.153751e-08,0.0
29.545,0.48575202,0.0081734955,0.32372847,0.10302254,0.39920095,0.5502185,5.047488e-08,8.942814e-08,0.0
29.55,0.48575202,0.0081734955,0.32372847,0.10698513,0.37588313,0.5327849,-2.0984833e-08,2.377762e-09,0.0
29.555,0.48575202,0.0081734955,0.32372847,0.11071626,0.35392734,0.5163696,1.3806102e-08,-2.1317758e-08,0.0
29.560000000000002,0.28959486,0.0,0.6,0.11824009,0.33483693,0.50179183,0.015082528,-8.1525044e-09,0.0
29.565,0.28959486,0.0,0.6,0.13507013,0.32517195,0.49267897,0.18827762,4.37011e-08,0.0
29.57,0.28959486,0.0,0.6,0.15175654,0.3160715,0.4840984,0.6654165,-4.6486806e-09,0.0
29.575,0.28959486,0.0,0.6,0.16828671,0.30750263,0.47601902,1.4897342,2.106394e-07,0.0
29.580000000000002,0.6,0.07533777,0.6,0.18464813,0.29792774,0.4682055,2.6149943,1.0171483e-07,0.0
29.585,0.6,0.07533777,0.6,0.2008284,0.28100285,0.45976645,3.9491997,-4.906078e-10,0.0
29.59,0.6,0.07533777,0.6,0.21681526,0.26506656,0.4518203,5.4114475,-1.5895523e-08,0.0
29.595,0.6,0.07533777,0.6,0.23252419,0.25006112,0.44433832,6.9384174,1.2490997e-07,0.0
29.6,0.542389,0.42902818,0.4892316,0.24548228,0.23585579,0.43987533,8.710992,1.781291e-07,0.0
29.605,0.542389,0.42902818,0.4892316,0.24805894,0.22207916,0.4492284,10.697473,9.903242e-08,0.0
29.61,0.542389,0.42902818,0.4892316,0.2504851,0.20910725,0.45803517,12.688269,1.2474294e-07,0.0
29.615000000000002,0.542389,0.42902818,0.4892316,0.25276953,0.19689304,0.46632752,14.533148,6.820034e-08,0.0
29.62,0.17938082,0.6,0.09452362,0.25782153,0.18609637,0.4741355,16.15879,6.076352e-08,0.0
29.625,0.17938082,0.6,0.09452362,0.2730056,0.17962682,0.4814874,17.558533,9.3402235e-08,0.0
29.63,0.17938082,0.6,0.09452362,0.28794125,0.17353517,0.48840985,18.812561,8.5322995e-08,0.0
29.635,0.17938082,0.6,0.09452362,0.30261698,0.16779934,0.49492797,20.010328,1.0024066e-07,0.0
29.64,0.27300784,0.6,0.0,0.31702155,0.16570407,0.50003016,21.20994,1.6581187e-07,0.0
29.645,0.27300784,0.6,0.0,0.33018553,0.18108515,0.4993994,22.445751,4.8994227e-08,0.0
29.650000000000002,0.27300784,0.6,0.0,0.3425806,0.1955678,0.49880546,23.728483,1.162448e-07,0.0
29.655,0.27300784,0.6,0.0,0.35425162,0.20920451,0.49824625,25.060184,1.0855869e-07,0.0
29.66,0.37328386,0.6,0.0,0.36184835,0.22364254,0.49403083,26.439318,1.8732275e-07,0.0
29.665,0.37328386,0.6,0.0,0.3511902,0.23933151,0.47069514,27.847479,1.0659539e-07,0.0
29.67,0.37328386,0.6,0.0,0.3411546,0.25479776,0.4487225,29.74958,7.964858e-08,0.0
29.675,0.37328386,0.6,0.0,0.3317052,0.2700295,0.42803332,32.091366,2.2929984e-07,0.0
29.68,0.26635802,0.6,0.0,0.32368279,0.28501505,0.40766922,34.42207,1.0480286e-07,0.0
29.685000000000002,0.26635802,0.6,0.0,0.3207228,0.29974297,0.38385677,36.398426,1.991284e-07,0.0
29.69,0.26635802,0.6,0.0,0.3179357,0.31420192,0.36143523,37.84594,7.184859e-08,0.0
29.695,0.26635802,0.6,0.0,0.3153114,0.32838076,0.34032336,38.70526,1.01140685e-07,0.0
29.7,0.5050927,0.6,0.0,0.31377757,0.3422686,0.32044467,38.987846,1.1157973e-08,0.0
29.705000000000002,0.5050927,0.6,0.0,0.3172534,0.3558546,0.30172712,38.75761,4.647915e-09,0.0
29.71,0.5050927,0.6,0.0,0.3205262,0.3691283,0.28410286,37.615154,2.9721976e-08,0.0
29.715,0.5050927,0.6,0.0,0.32360786,0.3820793,0.26750806,35.63632,-8.975283e-08,0.0
29.72,0.41509745,0.6,0.0,0.3255102,0.39469752,0.25188258,33.199398,1.762127e-07,0.0
29.725,0.41509745,0.6,0.0,0.32205504,0.4066895,0.23716982,30.579859,1.4573605e-07,0.0
29.73,0.41509745,0.6,0.0,0.3188017,0.417981,0.22331645,28.46671,-2.2624096e-08,0.0
29.735,0.41509745,0.6,0.0,0.3157384,0.42861295,0.21027227,27.001553,3.9607233e-08,0.0
29.740000000000002,0.27671498,0.2850495,0.0,0.3150852,0.43862388,0.19799002,25.968706,-1.0545009e-08,0.0
29.745,0.27671498,0.2850495,0.0,0.32618377,0.44805005,0.18642518,25.221996,-1.2914629e-08,0.0
29.75,0.27671498,0.2850495,0.0,0.33663404,0.45692563,0.17553586,24.144442,0.35143545,0.0
29.755,0.27671498,0.2850495,0.0,0.3464739,0.46528277,0.16528259,22.747593,0.80544865,0.0
29.76,0.6,0.28710946,0.0,0.35489795,0.47315177,0.15562823,21.34437,1.0098162,0.0
29.765,0.6,0.28710946,0.0,0.35841426,0.48056114,0.1465378,20.113836,0.77104425,0.0
29.77,0.6,0.28710946,0.0,0.36172518,0.4875377,0.13797835,19.1132,0.03631566,0.0
29.775000000000002,0.6,0.28710946,0.0,0.3648427,0.49410677,0.12991886,18.147255,-1.8768311e-08,0.0
29.78,0.43589124,0.29199073,0.0,0.36648485,0.49734867,0.122330144,17.38959,-4.5523876e-08,0.0
29.785,0.43589124,0.29199073,0.0,0.36124128,0.484948,0.115184695,16.835907,-1.1241361e-08,0.0
29.79,0.43589124,0.29199073,0.0,0.356304,0.4732717,0.10845662,16.306532,-5.3283244e-09,0.0
29.795,0.43589124,0.29199073,0.0,0.3516551,0.4622774,0.10212154,15.793098,-4.7141153e-09,0.0
29.8,0.36930475,0.12520224,0.39469746,0.35029912,0.45194456,0.0961565,15.385608,1.6572198e-08,0.0
29.805,0.36930475,0.12520224,0.39469746,0.36370265,0.44231635,0.09053988,15.149982,-1.0146422e-08,0.0
29.810000000000002,0.36930475,0.12520224,0.39469746,0.37678772,0.43325055,0.08525134,14.573053,0.30643013,0.0
29.815,0.36930475,0.12520224,0.39469746,0.38954416,0.42471427,0.080271706,13.766726,0.6065092,0.0
29.82,0.53685963,0.3107645,0.37471485,0.40030342,0.41672224,0.07558294,13.1306095,0.4559364,0.0
29.825,0.53685963,0.3107645,0.37471485,0.40238214,0.40943652,0.07116804,12.800542,1.7136667e-09,0.0
29.830000000000002,0.53685963,0.3107645,0.37471485,0.40433943,0.4025764,0.06701103,12.70633,5.821247e-09,0.0
29.835,0.53685963,0.3107645,0.37471485,0.4061824,0.39611694,0.063096836,12.920563,3.082872e-09,0.0
29.84,0.6,0.42211607,0.6,0.40729544,0.38847604,0.06310003,13.382295,1.6972555e-08,0.0
29.845,0.6,0.42211607,0.6,0.40507635,0.3730979,0.08030662,14.021477,5.6055093e-08,0.0
29.85,0.6,0.42211607,0.6,0.40298688,0.35861802,0.09741081,15.449064,1.17182644e-07,0.0
29.855,0.6,0.42211607,0.6,0.40101948,0.34498394,0.11439976,17.67743,1.5926615e-07,0.0
29.86,0.16538459,0.41706064,0.6,0.40073293,0.33388045,0.13058554,20.306488,1.5102745e-07,0.0
29.865000000000002,0.16538459,0.41706064,0.6,0.40868425,0.33253023,0.14484543,23.043186,1.5830163e-07,0.0
29.87,0.16538459,0.41706064,0.6,0.41617113,0.33125886,0.15827237,24.92836,0.632874,0.0
29.875,0.16538459,0.41706064,0.6,0.4232207,0.33006176,0.17091504,25.799503,2.1314228,0.0
29.88,0.4432534,0.52268225,0.6,0.4304486,0.32997525,0.18492469,26.06974,4.0182776,0.0
29.885,0.4432534,0.52268225,0.6,0.4403523,0.3353573,0.20110178,26.032082,5.961639,0.0
29.89,0.4432534,0.52268225,0.6,0.4496775,0.34042498,0.21708524,26.531717,7.0263567,0.0
29.895,0.4432534,0.52268225,0.6,0.458458,0.34519666,0.23286292,27.656378,7.1450043,0.0
29.900000000000002,0.3990727,0.6,0.6,0.46266383,0.34964237,0.24842282,29.069576,6.7159405,0.0
29.905,0.3990727,0.6,0.6,0.4452994,0.35358036,0.26375306,30.529913,5.9912305,0.0
29.91,0.3990727,0.6,0.6,0.42894924,0.3572883,0.27884194,32.718723,3.792814,0.0
29.915,0.3990727,0.6,0.6,0.4135541,0.36077967,0.2936779,35.41772,-6.177472e-07,0.0
29.92,0.0075476826,0.6,0.6,0.40165514,0.36505422,0.30824953,37.22953,9.886118e-08,0.0
29.925,0.0075476826,0.6,0.6,0.40408495,0.37426147,0.32254568,38.781567,6.2562535e-08,0.0
29.93,0.0075476826,0.6,0.6,0.40637282,0.3829309,0.33655527,39.322693,4.402717e-09,0.0
29.935000000000002,0.0075476826,0.6,0.6,0.40852705,0.39109394,0.35026753,38.786137,-2.2560403e-08,0.0
29.94,0.0,0.6,0.6,0.41014254,0.39950275,0.36367178,37.544888,-7.538378e-08,0.0
29.945,0.0,0.6,0.6,0.40949595,0.41121405,0.37675762,35.896637,-3.8431313e-08,0.0
29.95,0.0,0.6,0.6,0.40888712,0.42224127,0.38951483,34.699745,1.6245869e-08,0.0
29.955000000000002,0.0,0.6,0.6,0.40831384,0.43262437,0.4018095,34.15048,-3.18128e-08,0.0
29.96,0.0,0.6,0.6,0.40411493,0.442401,0.41338605,33.993824,-3.7923242e-09,0.0
29.965,0.0,0.6,0.6,0.38095096,0.45160654,0.4242864,34.014225,6.818787e-09,0.0
29.97,0.0,0.6,0.6,0.35914,0.4602744,0.43455005,33.939182,-2.574293e-09,0.0
29.975,0.0,0.6,0.6,0.33860308,0.46843594,0.44421417,33.5511,3.4893315e-08,0.0
29.98,0.0,0.53104895,0.6,0.31919518,0.47612077,0.4533138,32.74215,-4.2431196e-08,0.0
29.985,0.0,0.53104895,0.6,0.3005506,0.4833567,0.4618819,31.480736,2.2409973e-08,0.0
29.990000000000002,0.0,0.53104895,0.6,0.28299507,0.49017,0.46994954,29.783875,-9.2288744e-08,0.0
29.995,0.0,0.53104895,0.6,0.26646498,0.4965853,0.47754595,27.702343,-1.8590617e-08,0.0
30.0,0.0,0.04607833,0.6,0.25090045,0.5026259,0.48469862,25.313793,-9.484747e-08,0.0
30.005,0.0,0.04607833,0.6,0.23624505,0.5083136,0.49143353,22.715927,-7.307303e-08,0.0
30.01,0.0,0.04607833,0.6,0.2224457,0.51366913,0.49777502,20.01707,3.216275e-08,0.0
30.015,0.0,0.04607833,0.6,0.20945238,0.5187118,0.5037461,17.316374,-1.739512e-08,0.0
30.02,0.22034259,0.0,0.4016147,0.19721802,0.5228155,0.5093684,14.691963,4.643389e-08,0.0
30.025000000000002,0.22034259,0.0,0.4016147,0.18569827,0.5232965,0.5146623,12.21242,-3.4648455e-08,0.0
30.03,0.22034259,0.0,0.4016147,0.1748514,0.5237493,0.519647,9.953563,1.18023394e-07,0.0
30.035,0.22034259,0.0,0.4016147,0.16463812,0.5241757,0.5243405,7.9816527,-1.5243788e-08,0.0
30.04,0.6,0.0,0.6,0.1550214,0.52004474,0.5287599,6.34093,-6.2038175e-08,0.0
30.045,0.6,0.0,0.6,0.14596641,0.4923598,0.53292114,4.2463713,-9.742911e-08,0.0
30.05,0.6,0.0,0.6,0.13744034,0.46629193,0.5368393,1.7967597,-4.1645065e-09,0.0
30.055,0.6,0.0,0.6,0.12941228,0.44174674,0.5405286,-3.6994727e-08,2.504686e-08,0.0
30.060000000000002,0.52384347,0.08198261,0.15094225,0.123912424,0.41820464,0.54214835,-9.90417e-09,2.2050706e-09,0.0
30.065,0.52384347,0.08198261,0.15094225,0.12954503,0.3937768,0.5339396,0.012689178,-8.352697e-10,0.0
30.07,0.52384347,0.08198261,0.15094225,0.13484862,0.37077582,0.52621037,2.1953772e-09,-3.0280642e-08,0.0
30.075,0.52384347,0.08198261,0.15094225,0.13984244,0.34911835,0.5189326,0.08461615,-1.17445616e-07,0.0
30.080000000000002,0.306712,0.0,0.47702914,0.14809275,0.32872593,0.51393396,0.39895132,5.3313276e-08,0.0
30.085,0.306712,0.0,0.47702914,0.16465841,0.30952466,0.5189612,1.0383108,-2.298526e-08,0.0
30.09,0.306712,0.0,0.47702914,0.18105808,0.29144496,0.52369475,2.050927,3.4062047e-08,0.0
30.095,0.306712,0.0,0.47702914,0.19727932,0.2744213,0.5281518,3.3944726,3.7323186e-08,0.0
30.1,0.6,0.2482571,0.44499087,0.21330984,0.25915822,0.52815175,4.957025,1.2534974e-07,0.0
30.105,0.6,0.2482571,0.44499087,0.22913745,0.24880919,0.5061185,6.842011,4.6834995e-08,0.0
30.11,0.6,0.2482571,0.44499087,0.24475011,0.23906465,0.48537222,8.959241,9.95535e-08,0.0
30.115000000000002,0.6,0.2482571,0.44499087,0.26013592,0.2298893,0.46583775,11.131599,1.3632109e-07,0.0
30.12,0.6,0.48025247,0.38976017,0.27351013,0.2204837,0.45049185,13.269683,1.4436651e-07,0.0
30.125,0.6,0.48025247,0.38976017,0.27544948,0.20760499,0.45204192,15.327034,1.04829816e-07,0.0
30.13,0.6,0.48025247,0.38976017,0.27727556,0.19547853,0.45350146,17.226091,1.3520811e-07,0.0
30.135,0.6,0.48025247,0.38976017,0.27899498,0.1840604,0.45487574,18.902773,1.6474655e-07,0.0
30.14,0.20038001,0.6,0.0,0.28335497,0.17562936,0.45587033,20.33462,3.5241435e-08,0.0
30.145,0.20038001,0.6,0.0,0.29811218,0.17987163,0.45523486,21.540646,1.05571765e-07,0.0
30.150000000000002,0.20038001,0.6,0.0,0.31260172,0.18386611,0.45463648,22.608122,7.990113e-08,0.0
30.155,0.20038001,0.6,0.0,0.3268124,0.18762727,0.45407307,23.632399,2.2298998e-08,0.0
30.16,0.23257954,0.6,0.0,0.34073323,0.19333692,0.45302638,24.679117,1.0204742e-07,0.0
30.165,0.23257954,0.6,0.0,0.35435346,0.20941512,0.44933093,25.789228,8.7202686e-08,0.0
30.17,0.23257954,0.6,0.0,0.36766252,0.22523506,0.44585133,26.986666,6.6458384e-08,0.0
30.175,0.23257954,0.6,0.0,0.38065004,0.24013093,0.44257498,28.282362,-2.0176107e-09,0.0
30.18,0.40302896,0.6,0.0,0.38972777,0.25527585,0.43584737,29.679087,4.3022077e-08,0.0
30.185000000000002,0.40302896,0.6,0.0,0.37866774,0.2705001,0.410389,31.149677,1.0261899e-08,0.0
30.19,0.40302896,0.6,0.0,0.36825374,0.2854778,0.3864177,33.090313,7.095802e-08,0.0
30.195,0.40302896,0.6,0.0,0.35844803,0.30019748,0.36384657,35.318733,1.19133446e-07,0.0
30.2,0.21481584,0.5787037,0.0,0.349516,0.31464785,0.34259385,37.372913,7.47096e-08,0.0
30.205000000000002,0.21481584,0.5787037,0.0,0.3426856,0.32881778,0.3225825,38.969433,1.5452585e-07,0.0
30.21,0.21481584,0.5787037,0.0,0.33625418,0.34269637,0.30374008,39.976433,1.1312674e-07,0.0
30.215,0.21481584,0.5787037,0.0,0.3301984,0.35627282,0.28599826,40.36652,-3.486421e-09,0.0
30.22,0.27393275,0.46899348,0.0,0.32608935,0.3695366,0.26929274,40.17604,-2.6157034e-08,0.0
30.225,0.27393275,0.46899348,0.0,0.33058348,0.3824774,0.25356302,39.489372,9.662602e-09,0.0
30.23,0.27393275,0.46899348,0.0,0.3348151,0.3950851,0.2387521,37.921307,5.8982415e-08,0.0
30.235,0.27393275,0.46899348,0.0,0.33879957,0.40705442,0.2248063,35.57244,-1.2348914e-08,0.0
30.240000000000002,0.38432136,0.43223372,0.0,0.34079227,0.41812557,0.2116751,32.841957,2.7033161e-08,0.0
30.245,0.38432136,0.43223372,0.0,0.33343384,0.42750514,0.1993109,30.012655,1.5159253e-07,0.0
30.25,0.38432136,0.43223372,0.0,0.3265052,0.43633682,0.1876689,27.7766,1.24032065e-08,0.0
30.255,0.38432136,0.43223372,0.0,0.3199813,0.44465265,0.17670694,26.251215,-9.354994e-08,0.0
30.26,0.18237169,0.0,0.0,0.31439096,0.4514574,0.16638528,25.188745,8.969081e-10,0.0
30.265,0.18237169,0.0,0.0,0.31202775,0.45248172,0.15666652,24.410582,1.4696506e-08,0.0
30.27,0.18237169,0.0,0.0,0.3098026,0.45344618,0.14751543,23.8322,-1.0468105e-09,0.0
30.275000000000002,0.18237169,0.0,0.0,0.3077074,0.45435432,0.13889888,23.40686,8.201173e-09,0.0
30.28,0.46923575,0.049976226,0.0,0.30676624,0.45486584,0.13078563,23.092203,-7.9610745e-09,0.0
30.285,0.46923575,0.049976226,0.0,0.3112963,0.45354387,0.12314628,22.860937,1.1764514e-08,0.0
30.29,0.46923575,0.049976226,0.0,0.3155618,0.45229912,0.115953155,21.271242,1.4043216,0.0
30.295,0.46923575,0.049976226,0.0,0.31957814,0.45112708,0.10918019,18.408644,3.9353867,0.0
30.3,0.26832458,0.0,0.09507682,0.3214725,0.44598392,0.10280284,15.179029,6.550659,0.0
30.305,0.26832458,0.0,0.09507682,0.31334746,0.41993347,0.096798,12.176552,8.588186,0.0
30.310000000000002,0.26832458,0.0,0.09507682,0.305697,0.39540464,0.09114391,10.466194,8.889915,0.0
30.315,0.26832458,0.0,0.09507682,0.29849342,0.37230858,0.08582009,10.215592,7.326098,0.0
30.32,0.3928151,0.13332331,0.42654178,0.29439157,0.35102865,0.08080723,10.995091,4.417862,0.0
30.325,0.3928151,0.13332331,0.42654178,0.30460444,0.33344382,0.076087184,12.410988,0.63029397,0.0
30.330000000000002,0.3928151,0.13332331,0.42654178,0.31422076,0.31688613,0.07164284,13.126241,4.4416687e-08,0.0
30.335,0.3928151,0.13332331,0.42654178,0.32327536,0.3012956,0.06745809,13.691126,3.3363047e-08,0.0
30.34,0.6,0.33355546,0.30916706,0.3299234,0.28614867,0.06440635,14.360947,1.0461826e-07,0.0
30.345,0.6,0.33355546,0.30916706,0.32632533,0.2694344,0.06619785,15.192978,3.9598866e-08,0.0
30.35,0.6,0.33355546,0.30916706,0.32293743,0.2536964,0.067884706,16.68976,7.9507e-08,0.0
30.355,0.6,0.33355546,0.30916706,0.31974742,0.2388777,0.06947303,18.83456,1.3363551e-07,0.0
30.36,0.3634025,0.27572852,0.45822385,0.3179072,0.22617057,0.07406638,21.291708,2.5830616e-07,0.0
30.365000000000002,0.3634025,0.27572852,0.45822385,0.32228267,0.22074725,0.09120926,23.829876,1.4846682e-07,0.0
30.37,0.3634025,0.27572852,0.45822385,0.32640254,0.21564071,0.108241566,25.72723,0.41155502,0.0
30.375,0.3634025,0.27572852,0.45822385,0.3302818,0.21083245,0.12515046,26.877974,1.3955045,0.0
30.38,0.6,0.5863173,0.13502337,0.33587074,0.20817637,0.14165813,27.601393,2.5892613,0.0
30.385,0.6,0.5863173,0.13502337,0.34959793,0.21549992,0.15144253,28.106674,3.7587626,0.0
30.39,0.6,0.5863173,0.13502337,0.36301762,0.22239569,0.16065541,28.774548,4.4849834,0.0
30.395,0.6,0.5863173,0.13502337,0.3761194,0.22888866,0.16933015,29.7202,4.655781,0.0
30.400000000000002,0.3561815,0.6,0.2822898,0.38698536,0.23446193,0.17889124,30.88777,4.349799,0.0
30.405,0.3561815,0.6,0.2822898,0.38560787,0.23687236,0.19513687,32.218636,3.646029,0.0
30.41,0.3561815,0.6,0.2822898,0.3843108,0.239142,0.2105041,34.358337,1.8367362,0.0
30.415,0.3561815,0.6,0.2822898,0.38308954,0.24127907,0.22497371,37.021942,2.0045242e-07,0.0
30.42,0.5173205,0.6,0.09183267,0.38415077,0.246194,0.23557757,39.584568,1.9626847e-07,0.0
30.425,0.5173205,0.6,0.09183267,0.39671403,0.2615581,0.22970408,41.422485,0.5797521,0.0
30.43,0.5173205,0.6,0.09183267,0.4085882,0.27668247,0.22417367,42.602974,-5.3015964e-07,0.0
30.435000000000002,0.5173205,0.6,0.09183267,0.4197688,0.29155558,0.21896629,42.9152,1.57461e-08,0.0
30.44,0.5934167,0.6,0.0,0.42801765,0.30616602,0.21543941,42.695805,-1.3131642e-09,0.0
30.445,0.5934167,0.6,0.0,0.4238216,0.32050255,0.21934423,42.08751,-1.3377053e-08,0.0
30.45,0.5934167,0.6,0.0,0.41987064,0.33455414,0.22302096,41.836533,-2.7870967e-10,0.0
30.455000000000002,0.5934167,0.6,0.0,0.41615048,0.3483099,0.22648293,42.049297,3.8286938e-08,0.0
30.46,0.3938273,0.56508124,0.13182713,0.4141536,0.3617592,0.2279627,42.41956,2.9978807e-08,0.0
30.465,0.3938273,0.56508124,0.13182713,0.42017972,0.37489155,0.22001119,42.75082,1.7805045e-08,0.0
30.47,0.3938273,0.56508124,0.13182713,0.42585385,0.38769674,0.21252413,42.2995,-2.2000222e-08,0.0
30.475,0.3938273,0.56508124,0.13182713,0.43119654,0.40009764,0.20547439,40.98311,3.2478123e-08,0.0
30.48,0.45006445,0.6,0.0,0.43693832,0.4117742,0.1979782,39.10565,0.31434587,0.0
30.485,0.45006445,0.6,0.0,0.44607842,0.42276868,0.18641405,37.016666,0.64038634,0.0
30.490000000000002,0.45006445,0.6,0.0,0.45468462,0.43312097,0.17552538,34.976604,0.68367875,0.0
30.495,0.45006445,0.6,0.0,0.46278813,0.44286856,0.16527273,33.143173,0.27252182,0.0
30.5,0.5442806,0.56929463,0.0,0.46855298,0.45172045,0.15685098,31.47711,-3.6553903e-08,0.0
30.505,0.5442806,0.56929463,0.0,0.46418816,0.458342,0.15538931,30.036333,6.444175e-09,0.0
30.51,0.5442806,0.56929463,0.0,0.4600783,0.46457675,0.15401301,29.587513,1.3013421e-08,0.0
30.515,0.5442806,0.56929463,0.0,0.4562085,0.47044733,0.1527171,30.132801,4.6751886e-08,0.0
30.52,0.31357276,0.27925926,0.0,0.4530903,0.47630134,0.15026486,31.210087,7.074199e-08,0.0
30.525000000000002,0.31357276,0.27925926,0.0,0.45291355,0.48352674,0.1414877,32.47443,7.733524e-08,0.0
30.53,0.31357276,0.27925926,0.0,0.45274714,0.49033007,0.13322324,33.69702,3.9662133e-08,0.0
30.535,0.31357276,0.27925926,0.0,0.45259044,0.49673602,0.1254415,34.7413,8.7432035e-08,0.0
30.54,0.5127522,0.2904783,0.0,0.45332342,0.5024808,0.118114315,35.53549,0.008866559,0.0
30.545,0.5127522,0.2904783,0.0,0.45863634,0.5063835,0.111215115,35.17022,1.0770533,0.0
30.55,0.5127522,0.2904783,0.0,0.46363893,0.5100582,0.10471891,33.730316,3.0890663,0.0
30.555,0.5127522,0.2904783,0.0,0.4683493,0.5135183,0.09860215,31.821115,5.3456473,0.0
30.560000000000002,0.38946024,0.21326578,0.0,0.4706284,0.5140656,0.09284268,29.847027,7.3912845,0.0
30.565,0.38946024,0.21326578,0.0,0.4614546,0.5003503,0.08741963,28.061611,8.951936,0.0
30.57,0.38946024,0.21326578,0.0,0.45281664,0.48743612,0.082313344,26.5372,9.962032,0.0
30.575,0.38946024,0.21326578,0.0,0.44468322,0.47527626,0.07750532,25.33371,10.370444,0.0
30.580000000000002,0.41917425,0.22752145,0.0,0.4388864,0.46393153,0.07297814,24.482094,10.158828,0.0
30.585,0.41917425,0.22752145,0.0,0.443201,0.4537999,0.0687154,23.970629,9.355078,0.0
30.59,0.41917425,0.22752145,0.0,0.44726357,0.4442601,0.064701654,22.963324,8.8959,0.0
30.595,0.41917425,0.22752145,0.0,0.45108885,0.43527752,0.06092235,21.494379,8.726476,0.0
30.6,0.44312027,0.31503475,0.0,0.45353842,0.42609802,0.0573638,20.048197,8.301951,0.0
30.605,0.44312027,0.31503475,0.0,0.44979554,0.41366622,0.05401311,18.89672,7.3268213,0.0
30.61,0.44312027,0.31503475,0.0,0.4462713,0.40196058,0.05085814,19.023603,4.7235694,0.0
30.615000000000002,0.44312027,0.31503475,0.0,0.4429529,0.3909387,0.047887456,20.385681,0.5804751,0.0
30.62,0.43894148,0.27496895,0.0,0.44010603,0.38069385,0.04509029,21.659939,1.3377031e-07,0.0
30.625,0.43894148,0.27496895,0.0,0.4388834,0.37174687,0.042456515,23.324923,1.564534e-07,0.0
30.63,0.43894148,0.27496895,0.0,0.43773216,0.3633225,0.03997658,25.225372,1.3832671e-07,0.0
30.635,0.43894148,0.27496895,0.0,0.43664816,0.3553902,0.0376415,27.167803,1.53272e-07,0.0
30.64,0.5083517,0.35604104,0.0,0.43585128,0.34873912,0.035442814,29.027725,5.6680584e-08,0.0
30.645,0.5083517,0.35604104,0.0,0.43627587,0.3467704,0.033372555,30.734886,8.144481e-08,0.0
30.650000000000002,0.5083517,0.35604104,0.0,0.43667567,0.3449167,0.031423222,31.402418,0.8485939,0.0
30.655,0.5083517,0.35604104,0.0,0.4370521,0.34317127,0.029587753,30.99931,2.634307,0.0
30.66,0.3786864,0.35029265,0.0,0.4373675,0.34115332,0.027859496,30.036598,4.765958,0.0
30.665,0.3786864,0.35029265,0.0,0.43745944,0.33728743,0.026232189,28.861708,6.850267,0.0
30.67,0.3786864,0.35029265,0.0,0.437546,0.33364734,0.024699934,27.706837,8.633344,0.0
30.675,0.3786864,0.35029265,0.0,0.43762752,0.33021986,0.023257181,26.709692,9.97327,0.0
30.68,0.6,0.54658234,0.0,0.43835297,0.32775027,0.021898702,25.934605,10.812814,0.0
30.685000000000002,0.6,0.54658234,0.0,0.44244167,0.32940277,0.020619571,25.396366,11.150097,0.0
30.69,0.6,0.54658234,0.0,0.44629157,0.33095875,0.019415157,25.731203,10.297124,0.0
30.695,0.6,0.54658234,0.0,0.44991657,0.33242384,0.018281095,26.879519,8.351555,0.0
30.7,0.34460637,0.51795805,0.0,0.452118,0.33374962,0.017213274,28.40281,5.820335,0.0
30.705000000000002,0.34460637,0.51795805,0.0,0.44782877,0.33471593,0.016207825,30.005539,3.041587,0.0
30.71,0.34460637,0.51795805,0.0,0.44379008,0.3356258,0.015261106,32.2138,6.532342e-09,0.0
30.715,0.34460637,0.51795805,0.0,0.4399873,0.3364825,0.014369686,34.48214,1.5717178e-07,0.0
30.72,0.5241914,0.55156225,0.0,0.43847498,0.33912364,0.013530335,37.04137,2.9191167e-08,0.0
30.725,0.5241914,0.55156225,0.0,0.44790986,0.35124156,0.012740012,39.557777,1.9756317e-07,0.0
30.73,0.5241914,0.55156225,0.0,0.45679364,0.36265165,0.011995853,40.982327,0.87998897,0.0
30.735,0.5241914,0.55156225,0.0,0.4651585,0.37339526,0.01129516,41.182575,2.8880095,0.0
30.740000000000002,0.51956344,0.567127,0.0,0.4706479,0.3832438,0.010635396,40.639362,5.4651756,0.0
30.745,0.51956344,0.567127,0.0,0.46328565,0.39111263,0.01001417,39.688477,8.228027,0.0
30.75,0.51956344,0.567127,0.0,0.45635346,0.3985218,0.00942923,39.401073,9.991623,0.0
30.755,0.51956344,0.567127,0.0,0.44982618,0.40549824,0.008878457,39.83405,10.730466,0.0
30.76,0.44097272,0.5056178,0.0,0.4453585,0.4123812,0.008359856,40.514442,10.995799,0.0
30.765,0.44097272,0.5056178,0.0,0.44996324,0.42051095,0.007871547,41.16375,11.10907,0.0
30.77,0.44097272,0.5056178,0.0,0.454299,0.42816582,0.0074117603,40.810665,12.1470175,0.0
30.775000000000002,0.44097272,0.5056178,0.0,0.4583815,0.43537354,0.0069788303,39.45963,14.076559,0.0
30.78,0.42288277,0.4615022,0.0,0.46218228,0.44230574,0.0065711886,37.631634,16.300867,0.0
30.785,0.42288277,0.4615022,0.0,0.46553397,0.4495967,0.0061873575,35.671207,18.434475,0.0
30.79,0.42288277,0.4615022,0.0,0.4686899,0.4564618,0.0058259466,33.78624,20.253769,0.0
30.795,0.42288277,0.4615022,0.0,0.47166148,0.46292588,0.005485646,32.093964,21.64083,0.0
30.8,0.5994013,0.5116312,0.0,0.473725,0.46843755,0.0051652226,30.653006,22.544489,0.0
30.805,0.5994013,0.5116312,0.0,0.4718119,0.4706093,0.0048635155,29.48016,22.95946,0.0
30.810000000000002,0.5994013,0.5116312,0.0,0.47001055,0.4726542,0.004579432,29.476284,21.92248,0.0
30.815,0.5994013,0.5116312,0.0,0.4683144,0.47457963,0.0043119416,30.566174,19.553125,0.0
30.82,0.3819929,0.27942193,0.084115006,0.4665483,0.4759803,0.0040600756,32.13996,16.537537,0.0
30.825,0.3819929,0.27942193,0.084115006,0.46399772,0.47513464,0.0038229218,33.795635,13.322724,0.0
30.830000000000002,0.3819929,0.27942193,0.084115006,0.46159613,0.47433835,0.0035996202,34.378334,11.178941,0.0
30.835,0.3819929,0.27942193,0.084115006,0.45933482,0.4735886,0.003389362,33.809757,10.160141,0.0
30.84,0.6,0.35546076,0.061451826,0.45885533,0.4733511,0.0031913852,32.613533,9.657757,0.0
30.845000000000002,0.6,0.35546076,0.061451826,0.4670648,0.47558707,0.0030049726,31.16612,9.238768,0.0
30.85,0.6,0.35546076,0.061451826,0.47479475,0.47769246,0.0028294486,29.781296,8.550304,0.0
30.855,0.6,0.35546076,0.061451826,0.48207316,0.47967485,0.002664177,28.642149,7.3934755,0.0
30.86,0.6,0.47113675,0.14214121,0.48689458,0.47937128,0.0032946807,27.817553,5.7000027,0.0
30.865000000000002,0.6,0.47113675,0.14214121,0.48076713,0.467692,0.008015494,26.378984,4.5093274,0.0
30.87,0.6,0.47113675,0.14214121,0.4749976,0.4566949,0.012460559,25.284943,2.7322736,0.0
30.875,0.6,0.47113675,0.14214121,0.4695651,0.44634017,0.016645981,24.992683,-3.6374357e-07,0.0
30.88,0.47921786,0.53119636,0.18640412,0.46648735,0.43730092,0.020375123,24.713657,2.4254598e-09,0.0
30.885,0.47921786,0.53119636,0.18640412,0.474286,0.43252054,0.022774464,24.94314,2.143429e-08,0.0
30.89,0.47921786,0.53119636,0.18640412,0.4816291,0.42801937,0.025033655,24.745457,0.474197,0.0
30.895,0.47921786,0.53119636,0.18640412,0.4885433,0.42378113,0.027160885,24.027792,1.2721256,0.0
30.900000000000002,0.6,0.6,0.0,0.49505362,0.42087153,0.029917967,23.192066,1.9382048,0.0
30.905,0.6,0.6,0.0,0.5011837,0.4238076,0.036473062,22.473194,2.2150266,0.0
30.91,0.6,0.6,0.0,0.5069557,0.42657214,0.042645264,22.782948,1.0973798,0.0
30.915,0.6,0.6,0.0,0.5123905,0.42917523,0.048456945,23.852783,6.142202e-08,0.0
30.92,0.55397654,0.5987607,0.0,0.51637906,0.43218756,0.05434283,25.221638,1.112709e-07,0.0
30.925,0.55397654,0.5987607,0.0,0.51420844,0.4379708,0.06205669,26.823374,5.7026444e-08,0.0
30.93,0.55397654,0.5987607,0.0,0.5121646,0.4434162,0.06931998,29.210924,3.0656696e-07,0.0
30.935000000000002,0.55397654,0.5987607,0.0,0.51024014,0.44854355,0.07615901,32.26524,3.0916158e-07,0.0
30.94,0.5209147,0.5586936,0.0,0.5095569,0.45401442,0.080856465,35.440025,2.2436186e-07,0.0
30.945,0.5209147,0.5586936,0.0,0.51483977,0.4625416,0.07613354,38.380013,0.0070589534,0.0
30.95,0.5209147,0.5586936,0.0,0.5198141,0.4705707,0.07168649,39.886467,1.2905399,0.0
30.955000000000002,0.5209147,0.5586936,0.0,0.5244978,0.47813085,0.0674992,39.897816,3.9894574,0.0
30.96,0.55752516,0.5492735,0.0,0.52847785,0.48523778,0.063556485,39.018776,7.3999043,0.0
30.965,0.55752516,0.5492735,0.0,0.52996725,0.4918688,0.059844073,37.679344,11.030742,0.0
30.970000000000002,0.55752516,0.5492735,0.0,0.5313697,0.49811247,0.05634851,36.161354,14.569943,0.0
30.975,0.55752516,0.5492735,0.0,0.53269017,0.5039915,0.053057127,34.64448,17.828362,0.0
30.98,0.49967602,0.4580692,0.0,0.53362453,0.5091526,0.049957994,33.240326,20.697824,0.0
30.985,0.49967602,0.4580692,0.0,0.53288215,0.51204634,0.04703989,32.012215,23.126118,0.0
30.990000000000002,0.49967602,0.4580692,0.0,0.5321831,0.51477104,0.04429223,32.01596,23.98907,0.0
30.995,0.49967602,0.4580692,0.0,0.5315249,0.5173366,0.04170507,33.20851,23.38452,0.0
31.0,0.48011437,0.38587835,0.0,0.5312473,0.5196643,0.039269026,34.936077,22.05443,0.0
31.005,0.48011437,0.38587835,0.0,0.53278226,0.5213938,0.036975276,36.768406,20.481155,0.0
31.01,0.48011437,0.38587835,0.0,0.5342275,0.52302223,0.034815505,37.43932,20.048803,0.0
31.015,0.48011437,0.38587835,0.0,0.5355883,0.5245556,0.032781888,36.86793,20.814974,0.0
31.02,0.49276367,0.35821772,0.0,0.53632903,0.525147,0.030867059,35.630527,22.122583,0.0
31.025000000000002,0.49276367,0.35821772,0.0,0.5341881,0.5212289,0.029064076,34.130856,23.518307,0.0
31.03,0.49276367,0.35821772,0.0,0.5321722,0.5175397,0.02736641,32.66451,24.679516,0.0
31.035,0.49276367,0.35821772,0.0,0.53027403,0.5140659,0.025767904,31.397518,25.433628,0.0
31.04,0.5003806,0.33761168,0.0,0.5283039,0.5101204,0.02426277,30.39826,25.71764,0.0
31.045,0.5003806,0.33761168,0.0,0.5254891,0.5028633,0.022845551,29.681583,25.526915,0.0
31.05,0.5003806,0.33761168,0.0,0.5228387,0.49603006,0.021511115,29.243723,24.875734,0.0
31.055,0.5003806,0.33761168,0.0,0.5203431,0.48959598,0.020254625,29.058325,23.801216,0.0
31.060000000000002,0.45161325,0.3365007,0.0,0.5181115,0.4832792,0.019071529,29.078897,22.360256,0.0
31.065,0.45161325,0.3365007,0.0,0.51663095,0.4759742,0.017957538,29.256916,20.60995,0.0
31.07,0.45161325,0.3365007,0.0,0.51523685,0.46909592,0.016908618,29.560337,18.587706,0.0
31.075,0.45161325,0.3365007,0.0,0.5139242,0.4626194,0.015920965,29.96034,16.326324,0.0
31.080000000000002,0.4826411,0.3857846,0.0,0.5127593,0.45632857,0.014991002,30.426811,13.859127,0.0
31.085,0.4826411,0.3857846,0.0,0.51203626,0.44939417,0.01411536,30.934366,11.213417,0.0
31.09,0.4826411,0.3857846,0.0,0.51135546,0.4428648,0.013290864,31.472324,8.399702,0.0
31.095000000000002,0.4826411,0.3857846,0.0,0.5107144,0.43671685,0.012514529,32.033707,5.4242096,0.0
31.1,0.47214162,0.42437416,0.0,0.50965506,0.43091762,0.01178354,32.609333,2.2956023,0.0
31.105,0.47214162,0.42437416,0.0,0.50626475,0.4254026,0.011095249,33.005604,2.1995368e-09,0.0
31.11,0.47214162,0.42437416,0.0,0.5030725,0.42020974,0.010447162,33.093838,8.642435e-09,0.0
31.115000000000002,0.47214162,0.42437416,0.0,0.5000667,0.4153202,0.009836931,33.32727,1.4953125e-08,0.0
31.12,0.44777933,0.4505509,0.0,0.49752644,0.41117683,0.009262344,33.652576,1.859183e-08,0.0
31.125,0.44777933,0.4505509,0.0,0.49665695,0.40969363,0.008721319,34.02548,1.2808612e-08,0.0
31.13,0.44777933,0.4505509,0.0,0.49583828,0.40829706,0.008211896,34.407085,3.45786e-08,0.0
31.135,0.44777933,0.4505509,0.0,0.49506742,0.4069821,0.007732229,34.768394,1.1430202e-08,0.0
31.14,0.44347042,0.46146312,0.0,0.49424344,0.40610456,0.00728058,35.091366,7.44786e-09,0.0
31.145,0.44347042,0.46146312,0.0,0.49295244,0.40717173,0.0068553123,35.364815,1.0999447e-08,0.0
31.150000000000002,0.44347042,0.46146312,0.0,0.49173686,0.40817654,0.006454885,36.22341,6.8297396e-08,0.0
31.155,0.44347042,0.46146312,0.0,0.49059227,0.40912268,0.0060778474,37.71395,6.626977e-08,0.0
31.16,0.45937598,0.6,0.0,0.48928687,0.41025817,0.005722833,39.485905,1.2547251e-07,0.0
31.165,0.45937598,0.6,0.0,0.48686236,0.41261172,0.005388555,41.28793,1.6839506e-07,0.0
31.17,0.45937598,0.6,0.0,0.48457947,0.4148278,0.005073803,42.94094,2.6638845e-05,0.0
31.175,0.45937598,0.6,0.0,0.48242992,0.41691443,0.004777436,44.33028,0.01570638,0.0
31.18,0.42514065,0.6,0.0,0.48036566,0.41898116,0.0044983802,45.38216,0.18353096,0.0
31.185000000000002,0.42514065,0.6,0.0,0.47821057,0.4214626,0.0042356243,46.093174,0.5281049,0.0
31.19,0.42514065,0.6,0.0,0.47618136,0.42379907,0.0039882166,46.494507,1.0136403,0.0
31.195,0.42514065,0.6,0.0,0.47427067,0.42599908,0.00375526,46.634544,1.5854104,0.0
31.2,0.3369991,0.5623485,0.0,0.47262025,0.4293653,0.0035359107,46.56923,2.1811466,0.0
31.205000000000002,0.3369991,0.5623485,0.0,0.47184664,0.43933228,0.003329374,46.347393,2.7476344,0.0
31.21,0.3369991,0.5623485,0.0,0.4711182,0.4487171,0.0031349012,45.980686,3.273908,0.0
31.215,0.3369991,0.5623485,0.0,0.47043234,0.4575537,0.0029517878,45.479385,3.750005,0.0
31.220000000000002,0.500524,0.5302149,0.0,0.46946657,0.46587417,0.0027793702,44.86796,4.150002,0.0
31.225,0.500524,0.5302149,0.0,0.46687743,0.47370863,0.002617024,44.174145,4.4444714,0.0
31.23,0.500524,0.5302149,0.0,0.46443954,0.48108545,0.0024641603,43.41354,4.617793,0.0
31.235,0.500524,0.5302149,0.0,0.46214405,0.4880314,0.0023202258,42.599068,4.657079,0.0
31.240000000000002,0.33959642,0.41503888,0.0,0.45915887,0.49421972,0.0021846986,41.74781,4.544743,0.0
31.245,0.33959642,0.41503888,0.0,0.45202336,0.4981992,0.0020570876,40.872784,4.2676716,0.0
31.25,0.33959642,0.41503888,0.0,0.44530466,0.5019462,0.0019369306,39.96409,3.838111,0.0
31.255,0.33959642,0.41503888,0.0,0.4389784,0.5054744,0.0018237921,39.014767,3.2641506,0.0
31.26,0.47548994,0.42632225,0.0,0.43454993,0.50849617,0.0017172622,38.029957,2.5398958,0.0
31.265,0.47548994,0.42632225,0.0,0.43840355,0.5097648,0.0016169548,37.035595,1.6361969,0.0
31.27,0.47548994,0.42632225,0.0,0.44203207,0.5109593,0.0015225065,35.265717,1.4068235,0.0
31.275000000000002,0.47548994,0.42632225,0.0,0.44544867,0.51208407,0.0014335751,32.819645,1.7123097,0.0
31.28,0.26100183,0.12943049,0.1494396,0.44716167,0.5120667,0.0013498382,30.242504,1.9263989,0.0
31.285,0.26100183,0.12943049,0.1494396,0.44087866,0.5063992,0.0012709926,26.882679,2.772811,0.0
31.29,0.26100183,0.12943049,0.1494396,0.43496263,0.50106275,0.0011967523,23.823662,3.015597,0.0
31.295,0.26100183,0.12943049,0.1494396,0.42939216,0.496038,0.0011268485,21.695728,1.9756072,0.0
31.3,0.6,0.22779793,0.12425677,0.42541713,0.4914122,0.0010610279,20.310797,-2.1582734e-07,0.0
31.305,0.6,0.22779793,0.12425677,0.42834193,0.48761022,0.000999052,19.084803,1.42924055e-08,0.0
31.310000000000002,0.6,0.22779793,0.12425677,0.4310959,0.4840303,0.0009406961,17.696224,0.3171434,0.0
31.315,0.6,0.22779793,0.12425677,0.433689,0.4806595,0.0008857489,16.093056,0.6131061,0.0
31.32,0.38749525,0.24963988,0.2205037,0.43412608,0.4747109,0.0022306428,14.613348,0.51143193,0.0
31.325,0.38749525,0.24963988,0.2205037,0.42401367,0.45454267,0.010829296,13.416373,-1.1654945e-08,0.0
31.330000000000002,0.38749525,0.24963988,0.2205037,0.41449195,0.43555248,0.018925693,13.148273,2.4344096e-09,0.0
31.335,0.38749525,0.24963988,0.2205037,0.4055264,0.41767153,0.026549168,14.01781,1.1649203e-07,0.0
31.34,0.4371201,0.3054299,0.35963297,0.40025276,0.40175435,0.03349199,15.597028,1.6449827e-07,0.0
31.345000000000002,0.4371201,0.3054299,0.35963297,0.41192025,0.39159334,0.038793672,17.542639,1.4096176e-07,0.0
31.35,0.4371201,0.3054299,0.35963297,0.42290622,0.38202584,0.043785676,18.965832,0.39866108,0.0
31.355,0.4371201,0.3054299,0.35963297,0.4332505,0.3730172,0.04848609,19.746267,1.2491815,0.0
31.36,0.44768417,0.4587755,0.1913004,0.4410045,0.36473888,0.053811453,20.251923,2.1338377,0.0
31.365000000000002,0.44768417,0.4587755,0.1913004,0.43787897,0.3580158,0.06354815,20.702467,2.8097975,0.0
31.37,0.44768417,0.4587755,0.1913004,0.434936,0.35168543,0.07271611,22.000488,2.279386,0.0
31.375,0.44768417,0.4587755,0.1913004,0.4321649,0.34572482,0.08134856,24.091831,0.63718665,0.0
31.38,0.5153816,0.39113253,0.06495535,0.43001947,0.34063378,0.090777054,26.185122,1.0683026e-07,0.0
31.385,0.5153816,0.39113253,0.06495535,0.43043423,0.33857748,0.106481254,28.213125,1.2004449e-07,0.0
31.39,0.5153816,0.39113253,0.06495535,0.43082476,0.33664128,0.12126815,29.328072,0.7408518,0.0
31.395,0.5153816,0.39113253,0.06495535,0.4311925,0.33481818,0.13519134,29.413849,2.3709373,0.0
31.400000000000002,0.3571531,0.2944875,0.0034636797,0.43163747,0.3345347,0.14672804,28.919819,4.3701296,0.0
31.405,0.3571531,0.2944875,0.0034636797,0.43257478,0.34179175,0.14933157,28.14715,6.396703,0.0
31.41,0.3571531,0.2944875,0.0034636797,0.43345734,0.3486249,0.15178302,27.923613,7.5350285,0.0
31.415,0.3571531,0.2944875,0.0034636797,0.43428835,0.35505894,0.15409128,28.317266,7.739786,0.0
31.42,0.6,0.565331,0.0,0.43570352,0.36048496,0.15508392,28.986294,7.4142323,0.0
31.425,0.6,0.565331,0.0,0.4403576,0.36227512,0.1498194,29.71673,6.809034,0.0
31.43,0.6,0.565331,0.0,0.44473985,0.3639607,0.1448624,30.420544,6.028959,0.0
31.435000000000002,0.6,0.565331,0.0,0.44886613,0.36554787,0.14019494,31.066133,5.113625,0.0
31.44,0.30831474,0.45917144,0.0,0.4512726,0.36613908,0.13522542,31.63828,4.083157,0.0
31.445,0.30831474,0.45917144,0.0,0.44577497,0.36195382,0.12752905,32.130093,2.947542,0.0
31.45,0.30831474,0.45917144,0.0,0.44059846,0.35801303,0.12028225,32.677322,1.5573003,0.0
31.455000000000002,0.30831474,0.45917144,0.0,0.43572432,0.35430244,0.11345873,33.251755,-3.4812558e-07,0.0
31.46,0.6,0.433555,0.0,0.43340448,0.35333982,0.10700142,33.51806,1.37262415e-08,0.0
31.465,0.6,0.433555,0.0,0.44313553,0.36572248,0.10075133,33.795216,1.3015062e-08,0.0
31.470000000000002,0.6,0.433555,0.0,0.45229816,0.37738186,0.09486633,33.924103,0.0060816016,0.0
31.475,0.6,0.433555,0.0,0.4609256,0.3883602,0.08932507,33.873795,1.2617101e-09,0.0
31.48,0.48355967,0.4039161,0.0,0.46632308,0.39770514,0.08410749,33.69447,-1.3895611e-08,0.0
31.485,0.48355967,0.4039161,0.0,0.45709363,0.40129545,0.079194665,33.425888,-1.6194745e-08,0.0
31.490000000000002,0.48355967,0.4039161,0.0,0.44840327,0.40467605,0.07456881,33.783165,2.3509227e-08,0.0
31.495,0.48355967,0.4039161,0.0,0.44022053,0.4078592,0.070213154,34.800667,5.9546146e-08,0.0
31.5,0.47867125,0.33943078,0.0,0.4352418,0.41061702,0.06611192,36.0749,1.2113861e-07,0.0
31.505,0.47867125,0.33943078,0.0,0.44486552,0.41195685,0.062250245,37.34454,3.7227355e-08,0.0
31.51,0.47867125,0.33943078,0.0,0.45392713,0.4132184,0.058614135,37.702118,0.77637315,0.0
31.515,0.47867125,0.33943078,0.0,0.46245942,0.4144063,0.05519041,37.14068,2.337307,0.0
31.52,0.4678444,0.37769485,0.0,0.4694051,0.4152478,0.05196667,36.16003,4.1079535,0.0
31.525000000000002,0.4678444,0.37769485,0.0,0.4702319,0.4145859,0.048931234,35.08114,5.7279596,0.0
31.53,0.4678444,0.37769485,0.0,0.4710104,0.41396266,0.0460731,33.255493,7.9220295,0.0
31.535,0.4678444,0.37769485,0.0,0.4717434,0.41337582,0.043381914,30.78893,10.550341,0.0
31.54,0.5061327,0.42578506,0.0,0.4723879,0.4122206,0.040847924,28.20716,13.018999,0.0
31.545,0.5061327,0.42578506,0.0,0.47275493,0.40796885,0.038461946,25.835678,14.974844,0.0
31.55,0.5061327,0.42578506,0.0,0.4731005,0.40396544,0.03621534,23.870962,16.218266,0.0
31.555,0.5061327,0.42578506,0.0,0.4734259,0.4001959,0.03409996,22.400496,16.674484,0.0
31.560000000000002,0.44005013,0.46259847,0.0,0.47363108,0.39700413,0.03210814,21.424665,16.364368,0.0
31.565,0.44005013,0.46259847,0.0,0.47329307,0.39587626,0.030232664,20.884848,15.370495,0.0
31.57,0.44005013,0.46259847,0.0,0.4729748,0.39481425,0.028466737,21.599833,12.809237,0.0
31.575,0.44005013,0.46259847,0.0,0.47267514,0.3938143,0.026803961,23.419586,8.880779,0.0
31.580000000000002,0.4391364,0.48267493,0.0,0.4727508,0.39332217,0.025238309,25.67904,4.340122,0.0
31.585,0.4391364,0.48267493,0.0,0.4747007,0.39521837,0.02376411,27.02506,0.6999598,0.0
31.59,0.4391364,0.48267493,0.0,0.47653666,0.3970038,0.02237602,27.57429,3.8856122e-08,0.0
31.595000000000002,0.4391364,0.48267493,0.0,0.4782654,0.39868495,0.021069009,28.262861,5.7744913e-08,0.0
31.6,0.4585757,0.50858504,0.0,0.47927558,0.40061194,0.019838342,29.077955,3.5204106e-08,0.0
31.605,0.4585757,0.50858504,0.0,0.47698438,0.40423265,0.018679561,29.90424,2.660245e-08,0.0
31.61,0.4585757,0.50858504,0.0,0.474827,0.40764186,0.017588465,31.39822,8.8989e-08,0.0
31.615000000000002,0.4585757,0.50858504,0.0,0.47279564,0.41085193,0.0165611,33.554188,7.704103e-08,0.0
31.62,0.475018,0.5148786,0.0,0.4708744,0.41406214,0.015593747,35.92875,1.8425158e-07,0.0
31.625,0.475018,0.5148786,0.0,0.46902055,0.4180699,0.014682897,38.218243,9.798859e-08,0.0
31.63,0.475018,0.5148786,0.0,0.46727496,0.42184356,0.013825252,40.230293,0.011293151,0.0
31.635,0.475018,0.5148786,0.0,0.46563137,0.4253968,0.013017702,41.83537,0.21889406,0.0
31.64,0.48030168,0.5366788,0.0,0.46426544,0.42898464,0.012257323,43.001312,0.7002777,0.0
31.645,0.48030168,0.5366788,0.0,0.46393308,0.4336342,0.011541357,43.758255,1.4199555,0.0
31.650000000000002,0.48030168,0.5366788,0.0,0.46362016,0.43801215,0.010867213,44.163914,2.312074,0.0
31.655,0.48030168,0.5366788,0.0,0.4633255,0.4421344,0.010232446,44.287148,3.2993734,0.0
31.66,0.5188672,0.56943136,0.0,0.46320173,0.4460747,0.0096347565,44.196873,4.306099,0.0
31.665,0.5188672,0.56943136,0.0,0.46389192,0.45009363,0.009071979,43.95641,5.2641835,0.0
31.67,0.5188672,0.56943136,0.0,0.46454182,0.4538778,0.008542074,42.71797,7.117934,0.0
31.675,0.5188672,0.56943136,0.0,0.46515375,0.45744094,0.008043121,40.553146,9.757458,0.0
31.68,0.5359141,0.6,0.0,0.4657793,0.46099967,0.007573312,38.031113,12.530406,0.0
31.685000000000002,0.5359141,0.6,0.0,0.46662757,0.4654202,0.007130946,35.51061,15.037738,0.0
31.69,0.5359141,0.6,0.0,0.4674263,0.4695825,0.006714419,33.19603,17.063639,0.0
31.695,0.5359141,0.6,0.0,0.46817836,0.47350168,0.006322222,31.195013,18.50503,0.0
31.7,0.5386131,0.6,0.0,0.46924692,0.47749802,0.0059529333,29.5534,19.328812,0.0
31.705000000000002,0.5386131,0.6,0.0,0.47214532,0.48286796,0.005605215,28.272032,19.550503,0.0
31.71,0.5386131,0.6,0.0,0.4748744,0.48792422,0.005277808,27.322296,19.215702,0.0
31.715,0.5386131,0.6,0.0,0.47744408,0.49268514,0.0049695247,26.656042,18.38863,0.0
31.720000000000002,0.54820734,0.6,0.0,0.48002297,0.49745366,0.0046792487,26.216696,17.13984,0.0
31.725,0.54820734,0.6,0.0,0.48328763,0.50344354,0.0044059283,25.946444,15.538787,0.0
31.73,0.54820734,0.6,0.0,0.4863616,0.5090835,0.0041485727,25.790016,13.64994,0.0
31.735,0.54820734,0.6,0.0,0.48925602,0.51439404,0.0039062495,25.701744,11.525527,0.0
31.740000000000002,0.5587669,0.6,0.0,0.4920066,0.5193944,0.0036780809,25.647984,9.203313,0.0
31.745,0.5587669,0.6,0.0,0.49472895,0.5241027,0.0034632396,25.606073,6.7081485,0.0
31.75,0.5587669,0.6,0.0,0.49729228,0.52853596,0.0032609475,25.562948,4.053831,0.0
31.755,0.5587669,0.6,0.0,0.49970588,0.53271025,0.0030704716,25.51218,1.2466874,0.0
31.76,0.54683733,0.57812136,0.0,0.50206816,0.5366407,0.0028911217,25.152851,-3.2802944e-08,0.0
31.765,0.54683733,0.57812136,0.0,0.5047632,0.5403416,0.0027222477,24.717594,5.1895603e-09,0.0
31.77,0.54683733,0.57812136,0.0,0.5073008,0.54382634,0.002563238,24.442612,-1.6566007e-08,0.0
31.775000000000002,0.54683733,0.57812136,0.0,0.50969017,0.5471075,0.0024135162,24.298176,3.7967374e-10,0.0
31.78,0.5649855,0.5617045,0.0,0.5120387,0.550197,0.0022725398,24.251509,-2.7600042e-09,0.0
31.785,0.5649855,0.5617045,0.0,0.5147682,0.55310607,0.002139798,24.272182,-5.2215615e-10,0.0
31.79,0.5649855,0.5617045,0.0,0.5173382,0.5558452,0.0020148098,24.334946,2.1770623e-09,0.0
31.795,0.5649855,0.5617045,0.0,0.5197581,0.55842435,0.0018971222,24.420471,8.481951e-09,0.0
31.8,0.5002555,0.41573137,0.0,0.52192515,0.5606484,0.0017863091,24.513466,7.712702e-09,0.0
31.805,0.5002555,0.41573137,0.0,0.5233803,0.561669,0.0016819686,24.603228,2.8627273e-10,0.0
31.810000000000002,0.5002555,0.41573137,0.0,0.5247504,0.56263,0.0015837228,24.68468,4.9551065e-09,0.0
31.815,0.5002555,0.41573137,0.0,0.52604055,0.56353486,0.0014912157,24.755943,3.8606207e-09,0.0
31.82,0.59281695,0.40083262,0.0,0.52742493,0.5642334,0.001404112,24.816568,6.423235e-09,0.0
31.825,0.59281695,0.40083262,0.0,0.5296189,0.5640857,0.0013220961,24.868532,5.1110653e-09,0.0
31.830000000000002,0.59281695,0.40083262,0.0,0.5316847,0.5639466,0.0012448708,23.866976,1.0186125,0.0
31.835,0.59281695,0.40083262,0.0,0.53362983,0.56381565,0.0011721564,21.875677,2.8659399,0.0
31.84,0.5835607,0.41897148,0.0,0.5348564,0.5623281,0.0011036893,19.577875,4.757462,0.0
31.845000000000002,0.5835607,0.41897148,0.0,0.5328353,0.5537652,0.0010392215,17.430517,6.1843233,0.0
31.85,0.5835607,0.41897148,0.0,0.5309323,0.54570246,0.0009785193,16.747515,5.703942,0.0
31.855,0.5835607,0.41897148,0.0,0.5291404,0.5381107,0.00092136284,17.581356,3.3149703,0.0
31.86,0.48910943,0.42798534,0.0,0.5283183,0.5308231,0.0008675449,19.209543,-3.346814e-08,0.0
31.865000000000002,0.48910943,0.42798534,0.0,0.5320857,0.5232302,0.00081687054,20.569534,9.6503385e-08,0.0
31.87,0.48910943,0.42798534,0.0,0.5356331,0.5160808,0.00076915615,21.257536,0.65733653,0.0
31.875,0.48910943,0.42798534,0.0,0.5389733,0.509349,0.0007242288,21.088066,2.0033934,0.0
31.88,0.5498862,0.50438577,0.0,0.5420318,0.5031799,0.00068192574,20.532793,3.4967825,0.0
31.885,0.5498862,0.50438577,0.0,0.54445755,0.49826118,0.00064209366,19.912409,4.7787304,0.0
31.89,0.5498862,0.50438577,0.0,0.5467416,0.49362978,0.0006045882,19.40911,5.654293,0.0
31.895,0.5498862,0.50438577,0.0,0.54889226,0.4892689,0.0005692735,19.106068,6.0433674,0.0
31.900000000000002,0.5244078,0.48784772,0.0,0.5500346,0.485247,0.00053602154,19.022322,5.938452,0.0
31.905,0.5244078,0.48784772,0.0,0.5464759,0.48190227,0.0005047119,19.130796,5.382602,0.0
31.91,0.5244078,0.48784772,0.0,0.54312503,0.4787529,0.00047523103,20.408361,3.3014302,0.0
31.915,0.5244078,0.48784772,0.0,0.5399699,0.47578752,0.0004474722,22.692913,-7.630241e-07,0.0
31.92,0.43800342,0.43067205,0.0,0.5375671,0.47370934,0.00042133481,24.688751,1.450434e-07,0.0
31.925,0.43800342,0.43067205,0.0,0.5382866,0.47550118,0.00039672415,26.806244,1.06541435e-07,0.0
31.93,0.43800342,0.43067205,0.0,0.53896415,0.47718835,0.000373551,28.694654,0.012599944,0.0
31.935000000000002,0.43800342,0.43067205,0.0,0.5396021,0.478777,0.00035173143,30.175167,0.20300657,0.0
31.94,0.43147433,0.384457,0.0,0.5399647,0.48011827,0.00033118637,31.242516,0.6127534,0.0
31.945,0.43147433,0.384457,0.0,0.539056,0.48056975,0.00031184137,31.945848,1.1849842,0.0
31.95,0.43147433,0.384457,0.0,0.5382004,0.48099485,0.00029362633,33.392284,0.6834039,0.0
31.955000000000002,0.43147433,0.384457,0.0,0.53739476,0.48139513,0.00027647527,35.452976,1.8654639e-07,0.0
31.96,0.45705265,0.35889357,0.0,0.53582865,0.48123768,0.00026032602,37.626865,1.5568317e-07,0.0
31.965,0.45705265,0.35889357,0.0,0.53011453,0.4782841,0.00024512006,38.881447,0.80484134,0.0
31.970000000000002,0.45705265,0.35889357,0.0,0.5247342,0.47550303,0.0002308023,38.997406,2.6394815,0.0
31.975,0.45705265,0.35889357,0.0,0.51966816,0.4728844,0.00021732085,38.41476,4.991963,0.0
31.98,0.43721095,0.34954914,0.0,0.514837,0.4699868,0.00020462688,37.455307,7.4947457,0.0
31.985,0.43721095,0.34954914,0.0,0.5099677,0.46499088,0.00019267437,36.343628,9.898623,0.0
31.990000000000002,0.43721095,0.34954914,0.0,0.5053828,0.4602868,0.00018142002,35.240948,12.031911,0.0
31.995,0.43721095,0.34954914,0.0,0.5010657,0.4558575,0.00017082306,34.248356,13.794173,0.0
32.0,0.44018903,0.38297176,0.0,0.4972398,0.451448,0.00016084507,33.415695,15.143864,0.0
32.005,0.44018903,0.38297176,0.0,0.49489242,0.44604176,0.00015144992,32.761147,16.074526,0.0
32.01,0.44018903,0.38297176,0.0,0.49268216,0.44095132,0.00014260355,32.297977,16.584385,0.0
32.015,0.44018903,0.38297176,0.0,0.490601,0.4361582,0.0001342739,32.022892,16.688948,0.0
32.02,0.47399846,0.45801315,0.0,0.48845595,0.43155774,0.0001264308,31.913101,16.423658,0.0
32.025,0.47399846,0.45801315,0.0,0.48546267,0.42676753,0.00011904582,31.935846,15.833052,0.0
32.03,0.47399846,0.45801315,0.0,0.48264423,0.4222571,0.00011209221,32.052574,14.966111,0.0
32.035000000000004,0.47399846,0.45801315,0.0,0.47999042,0.41801015,0.000105544765,32.22841,13.866027,0.0
32.04,0.4786753,0.5126518,0.0,0.47751945,0.41432363,9.9379766e-05,32.436214,12.565946,0.0
32.045,0.4786753,0.5126518,0.0,0.47533894,0.41249233,9.3574876e-05,32.654285,11.091902,0.0
32.05,0.4786753,0.5126518,0.0,0.4732858,0.410768,8.810905e-05,32.85677,9.473562,0.0
32.055,0.4786753,0.5126518,0.0,0.47135258,0.4091444,8.29625e-05,33.02499,7.731627,0.0
32.06,0.4787877,0.54389226,0.0,0.46984825,0.40831694,7.811656e-05,33.152172,5.8729134,0.0
32.065,0.4787877,0.54389226,0.0,0.47009066,0.41121975,7.3553674e-05,33.236237,3.898747,0.0
32.07,0.4787877,0.54389226,0.0,0.4703189,0.413953,6.9257316e-05,33.157936,1.9406353,0.0
32.075,0.4787877,0.54389226,0.0,0.47053385,0.41652662,6.521191e-05,32.916687,-5.4967444e-07,0.0
32.08,0.50138736,0.56579745,0.0,0.47077993,0.41946054,6.14028e-05,32.26561,-8.597599e-09,0.0
32.085,0.50138736,0.56579745,0.0,0.47124112,0.42490396,5.7816193e-05,31.689726,-3.1380658e-08,0.0
32.09,0.50138736,0.56579745,0.0,0.47167537,0.43002942,5.443908e-05,31.183569,-1.0796973e-08,0.0
32.095,0.50138736,0.56579745,0.0,0.47208425,0.4348555,5.1259227e-05,30.73433,-1.0543185e-08,0.0
32.1,0.5225222,0.58068717,0.0,0.47247028,0.43969163,4.8265112e-05,30.331314,-8.195723e-09,0.0
32.105000000000004,0.5225222,0.58068717,0.0,0.4728393,0.44577813,4.544589e-05,29.964748,-3.4121165e-08,0.0
32.11,0.5225222,0.58068717,0.0,0.47318676,0.4515091,4.279134e-05,29.619995,-1.9815785e-09,0.0
32.115,0.5225222,0.58068717,0.0,0.47351393,0.4569053,4.0291845e-05,29.284613,-8.410412e-09,0.0
32.12,0.5328983,0.5943382,0.0,0.47403318,0.46219105,3.793835e-05,28.952019,-1.961028e-08,0.0
32.125,0.5328983,0.5943382,0.0,0.47563097,0.46824282,3.5722325e-05,28.620123,7.5090206e-10,0.0
32.13,0.5328983,0.5943382,0.0,0.47713542,0.47394112,3.363574e-05,28.290836,-2.552253e-08,0.0
32.135,0.5328983,0.5943382,0.0,0.478552,0.47930655,3.1671036e-05,27.967537,8.28861e-09,0.0
32.14,0.5460615,0.5876731,0.0,0.48008338,0.48449776,2.9821093e-05,27.653673,-1.5155188e-09,0.0
32.145,0.5460615,0.5876731,0.0,0.48256227,0.4901163,2.8079206e-05,27.352728,-1.4953379e-10,0.0
32.15,0.5460615,0.5876731,0.0,0.4848964,0.49540666,2.6439066e-05,27.069393,-7.636692e-09,0.0
32.155,0.5460615,0.5876731,0.0,0.48709416,0.50038797,2.4894727e-05,26.807434,-4.8432165e-09,0.0
32.160000000000004,0.56189275,0.5905414,0.0,0.48926052,0.5052059,2.3440596e-05,26.56915,-1.1640541e-09,0.0
32.165,0.56189275,0.5905414,0.0,0.49180946,0.5104123,2.2071403e-05,26.35479,-6.4553136e-09,0.0
32.17,0.56189275,0.5905414,0.0,0.4942095,0.51531446,2.0782185e-05,26.1625,9.234798e-09,0.0
32.175,0.56189275,0.5905414,0.0,0.49646935,0.5199303,1.9568273e-05,25.989595,-6.823257e-09,0.0
32.18,0.56353194,0.589191,0.0,0.49872023,0.52421427,1.8425268e-05,25.83331,5.9828276e-09,0.0
32.185,0.56353194,0.589191,0.0,0.50148547,0.52792096,1.7349026e-05,25.691826,-1.253213e-09,0.0
32.19,0.56353194,0.589191,0.0,0.50408924,0.5314112,1.6335649e-05,25.567953,-3.4837624e-09,0.0
32.195,0.56353194,0.589191,0.0,0.5065409,0.5346975,1.5381464e-05,25.464462,1.0421597e-08,0.0
32.2,0.56245404,0.5852512,0.0,0.5089973,0.5378187,1.4483014e-05,25.381344,-8.13954e-10,0.0
32.205,0.56245404,0.5852512,0.0,0.512087,0.54089826,1.3637044e-05,25.317356,9.998217e-10,0.0
32.21,0.56245404,0.5852512,0.0,0.51499623,0.54379797,1.2840487e-05,25.273243,-7.2595624e-10,0.0
32.215,0.56245404,0.5852512,0.0,0.51773554,0.5465283,1.2090459e-05,25.249004,6.0796e-09,0.0
32.22,0.55672073,0.57092655,0.0,0.52033013,0.5490865,1.1384241e-05,25.24272,2.6912705e-09,0.0
32.225,0.55672073,0.57092655,0.0,0.5228536,0.5514291,1.0719274e-05,25.251411,1.3050707e-09,0.0
32.230000000000004,0.55672073,0.57092655,0.0,0.5252297,0.5536348,1.00931475e-05,25.27149,2.8903409e-09,0.0
32.235,0.55672073,0.57092655,0.0,0.52746695,0.5557117,9.503595e-06,25.300055,4.3142436e-09,0.0
32.24,0.5487295,0.5413305,0.0,0.5295635,0.5576304,8.948478e-06,25.334194,2.3057714e-09,0.0
32.245,0.5487295,0.5413305,0.0,0.53148466,0.5592438,8.425787e-06,25.371397,6.0043175e-09,0.0
32.25,0.5487295,0.5413305,0.0,0.5332936,0.56076294,7.933627e-06,25.410131,6.9032384e-09,0.0
32.255,0.5487295,0.5413305,0.0,0.5349969,0.56219333,7.4702143e-06,25.449324,2.6779128e-09,0.0
32.26,0.5370539,0.5118839,0.0,0.5365471,0.5634063,7.03387e-06,25.488064,1.4314319e-09,0.0
32.265,0.5370539,0.5118839,0.0,0.5377255,0.5638456,6.623013e-06,25.525923,-6.609952e-10,0.0
32.27,0.5370539,0.5118839,0.0,0.53883505,0.5642592,6.236155e-06,25.56421,9.9878376e-11,0.0
32.275,0.5370539,0.5118839,0.0,0.5398798,0.5646486,5.871894e-06,25.604284,3.7155503e-09,0.0
32.28,0.5239343,0.47337157,0.0,0.5407888,0.56473875,5.5289092e-06,25.64655,-1.0554695e-09,0.0
32.285000000000004,0.5239343,0.47337157,0.0,0.5412527,0.5633714,5.205959e-06,25.69156,-1.4093923e-09,0.0
32.29,0.5239343,0.47337157,0.0,0.5416894,0.56208396,4.9018727e-06,24.690367,1.0154562,0.0
32.295,0.5239343,0.47337157,0.0,0.5421006,0.5608717,4.6155483e-06,22.699457,2.860922,0.0
32.3,0.51031595,0.43601406,0.0,0.54237866,0.5594551,4.3459486e-06,20.395763,4.7588167,0.0
32.305,0.51031595,0.43601406,0.0,0.54206765,0.5566764,4.0920963e-06,18.230042,6.206853,0.0
32.31,0.51031595,0.43601406,0.0,0.5417748,0.55406,3.853072e-06,17.51137,5.767369,0.0
32.315,0.51031595,0.43601406,0.0,0.5414991,0.5515964,3.6280094e-06,18.278727,3.4535775,0.0
32.32,0.4947112,0.40494913,0.0,0.54111683,0.5489168,3.416093e-06,19.836008,0.07996563,0.0
32.325,0.4947112,0.40494913,0.0,0.5401132,0.5445041,3.216555e-06,21.064394,6.099636e-08,0.0
32.33,0.4947112,0.40494913,0.0,0.5391682,0.5403492,3.028672e-06,22.47689,1.3884997e-07,0.0
32.335,0.4947112,0.40494913,0.0,0.53827834,0.5364369,2.8517636e-06,23.891823,9.332632e-08,0.0
32.34,0.4797217,0.38443008,0.0,0.5373132,0.53240407,2.6851887e-06,25.181408,1.2002586e-07,0.0
32.345,0.4797217,0.38443008,0.0,0.53573626,0.5267738,2.5283437e-06,26.278074,8.14804e-08,0.0
32.35,0.4797217,0.38443008,0.0,0.53425145,0.5214724,2.3806601e-06,27.168354,6.5928035e-08,0.0
32.355000000000004,0.4797217,0.38443008,0.0,0.53285336,0.5164807,2.241603e-06,27.867414,3.142318e-08,0.0
32.36,0.46637744,0.37631366,0.0,0.5313911,0.5114902,2.1106682e-06,28.403793,3.5097276e-08,0.0
32.365,0.46637744,0.37631366,0.0,0.5292486,0.505267,1.9873814e-06,28.811802,2.4174861e-08,0.0
32.37,0.46637744,0.37631366,0.0,0.5272312,0.49940732,1.871296e-06,29.128702,1.5967053e-08,0.0
32.375,0.46637744,0.37631366,0.0,0.5253317,0.4938899,1.7619914e-06,29.38787,1.7440417e-08,0.0
32.38,0.46637744,0.37631366,0.0,0.523403,0.48850298,1.6590714e-06,29.61534,1.3948806e-08,0.0
32.385,0.46637744,0.37631366,0.0,0.5208515,0.48242396,1.562163e-06,29.829983,7.0162525e-09,0.0
32.39,0.46637744,0.37631366,0.0,0.51844907,0.4767,1.4709152e-06,30.04529,1.5092569e-08,0.0
32.395,0.46637744,0.37631366,0.0,0.51618695,0.4713104,1.3849973e-06,30.269218,1.5140612e-08,0.0
32.4,0.45172235,0.36526108,0.012000007,0.5139323,0.46615976,1.304098e-06,30.504911,1.7310837e-08,0.0
32.405,0.45172235,0.36526108,0.012000007,0.51115453,0.46091175,1.227924e-06,30.751656,1.7231239e-08,0.0
32.410000000000004,0.45172235,0.36526108,0.012000007,0.508539,0.45597026,1.1561995e-06,31.004955,1.7227983e-08,0.0
32.415,0.45172235,0.36526108,0.012000007,0.50607634,0.45131743,1.0886645e-06,31.259386,2.0524752e-08,0.0
32.42,0.43706724,0.35420856,0.023999996,0.5037575,0.44693637,1.0250743e-06,31.510574,2.2159242e-08,0.0
32.425,0.43706724,0.35420856,0.023999996,0.50157404,0.44281122,9.651985e-07,31.755167,3.0741718e-09,0.0
32.43,0.43706724,0.35420856,0.023999996,0.49951816,0.43892702,9.088201e-07,31.990797,2.2082718e-08,0.0
32.435,0.43706724,0.35420856,0.023999996,0.49758238,0.4352697,8.557348e-07,32.21588,1.9959613e-08,0.0
32.44,0.4224122,0.343156,0.036000002,0.4956227,0.43172273,0.00011295533,32.429596,9.097231e-09,0.0
32.445,0.4224122,0.343156,0.036000002,0.4930584,0.42784062,0.00080729235,32.631416,1.769876e-08,0.0
32.45,0.4224122,0.343156,0.036000002,0.49064392,0.42418528,0.0014610724,32.82005,1.9308182e-08,0.0
32.455,0.4224122,0.343156,0.036000002,0.48837045,0.42074344,0.0020766642,32.99444,3.742585e-09,0.0
32.46,0.40775704,0.33210343,0.047999993,0.48609284,0.41739935,0.002768448,33.154816,9.641926e-09,0.0
32.465,0.40775704,0.33210343,0.047999993,0.4832292,0.4137083,0.0040086084,33.301907,1.1621484e-08,0.0
32.47,0.40775704,0.33210343,0.047999993,0.48053282,0.41023284,0.0051763295,33.43553,7.0596755e-09,0.0
32.475,0.40775704,0.33210343,0.047999993,0.47799394,0.4069604,0.006275843,33.555653,1.950233e-09,0.0
32.480000000000004,0.39310196,0.3210509,0.06,0.4754664,0.4037758,0.0074232817,33.663074,1.2885112e-08,0.0
32.485,0.39310196,0.3210509,0.06,0.47236744,0.40023494,0.009092483,33.75875,2.6343598e-09,0.0
32.49,0.39310196,0.3210509,0.06,0.4694495,0.3969009,0.010664184,33.84265,1.3602866e-09,0.0
32.495,0.39310196,0.3210509,0.06,0.46670198,0.39376158,0.012144079,33.914917,3.1430845e-09,0.0
32.5,0.37844685,0.3099984,0.072000004,0.463978,0.39070234,0.013649682,33.976395,6.752815e-09,0.0
32.505,0.37844685,0.3099984,0.072000004,0.46069404,0.3872795,0.015656125,34.028095,2.8187833e-10,0.0
32.51,0.37844685,0.3099984,0.072000004,0.45760193,0.3840566,0.017545369,34.07011,3.0603826e-09,0.0
32.515,0.37844685,0.3099984,0.072000004,0.45469043,0.38102195,0.01932426,34.102604,1.5994344e-09,0.0
32.52,0.36379176,0.29894584,0.08399999,0.45181203,0.37806126,0.021111393,34.12647,7.5507165e-09,0.0
32.525,0.36379176,0.29894584,0.08399999,0.4483827,0.3747312,0.023382924,34.142757,6.1357768e-09,0.0
32.53,0.36379176,0.29894584,0.08399999,0.44515368,0.37159568,0.025521772,34.151577,1.9866684e-09,0.0
32.535000000000004,0.36379176,0.29894584,0.08399999,0.44211328,0.3686433,0.027535686,34.152943,5.342491e-09,0.0
32.54,0.34913665,0.2878933,0.096,0.4391135,0.3657601,0.029544115,34.14844,-2.6376688e-09,0.0
32.545,0.34913665,0.2878933,0.096,0.43556988,0.362503,0.032024015,34.138317,-8.0884555e-10,0.0
32.55,0.34913665,0.2878933,0.096,0.43223324,0.35943612,0.03435906,34.12266,3.2232017e-09,0.0
32.555,0.34913665,0.2878933,0.096,0.4290915,0.3565484,0.03655771,34.101616,-3.4485559e-09,0.0
32.56,0.33448157,0.27684075,0.10800001,0.42599633,0.35372606,0.038740087,34.075954,-1.4269819e-09,0.0
32.565,0.33448157,0.27684075,0.10800001,0.4223629,0.35052627,0.041383773,34.046585,-4.4574716e-10,0.0
32.57,0.33448157,0.27684075,0.10800001,0.41894168,0.3475134,0.04387304,34.0135,-5.1005002e-11,0.0
32.575,0.33448157,0.27684075,0.10800001,0.4157203,0.34467652,0.0462169,33.976727,2.1505131e-10,0.0
32.58,0.31982642,0.2657882,0.12,0.41255015,0.34190205,0.048536006,33.936928,3.9544594e-09,0.0
32.585,0.31982642,0.2657882,0.12,0.40884608,0.33874732,0.051308434,33.89488,5.012416e-10,0.0
32.59,0.31982642,0.2657882,0.12,0.40535837,0.33577687,0.053918924,33.850456,-1.7163115e-09,0.0
32.595,0.31982642,0.2657882,0.12,0.4020744,0.33297992,0.05637693,33.803627,6.01814e-10,0.0
32.6,0.30517137,0.25473565,0.13199998,0.3988453,0.33024305,0.05880351,33.75492,-1.1376905e-09,0.0
32.605000000000004,0.30517137,0.25473565,0.13199998,0.39508572,0.32712376,0.061677136,33.705017,-4.1285526e-09,0.0
32.61,0.30517137,0.25473565,0.13199998,0.39154577,0.32418668,0.06438291,33.653706,-2.3485904e-09,0.0
32.615,0.30517137,0.25473565,0.13199998,0.3882126,0.32142115,0.06693064,33.600937,-2.7431754e-10,0.0
32.62,0.29051626,0.2436831,0.144,0.38493714,0.31871384,0.0694417,33.547077,5.571131e-09,0.0
32.625,0.29051626,0.2436831,0.144,0.38113394,0.3156224,0.07239487,33.49272,2.128796e-09,0.0
32.63,0.29051626,0.2436831,0.144,0.3775529,0.3127115,0.075175546,33.4376,1.8048708e-10,0.0
32.635,0.29051626,0.2436831,0.144,0.37418103,0.30997065,0.0777938,33.38155,-4.113185e-10,0.0
32.64,0.27586117,0.23263055,0.156,0.37086916,0.3072866,0.08037126,33.324852,1.5689985e-09,0.0
32.645,0.27586117,0.23263055,0.156,0.36703166,0.30421704,0.08338696,33.267925,7.051641e-10,0.0
32.65,0.27586117,0.23263055,0.156,0.36341834,0.30132678,0.0862265,33.210476,6.752199e-09,0.0
32.655,0.27586117,0.23263055,0.156,0.36001605,0.29860532,0.088900186,33.15219,3.5941443e-09,0.0
32.660000000000004,0.26120606,0.22157802,0.16799998,0.35667554,0.29593953,0.091529846,33.093376,2.395424e-09,0.0
32.665,0.26120606,0.22157802,0.16799998,0.3528111,0.29288718,0.09459469,33.03429,5.530475e-09,0.0
32.67,0.26120606,0.22157802,0.16799998,0.34917238,0.2900131,0.09748051,32.9746,-8.9312585e-10,0.0
32.675,0.26120606,0.22157802,0.16799998,0.34574622,0.2873069,0.10019777,32.913887,-1.6681179e-10,0.0
32.68,0.24655096,0.21052547,0.18,0.3423832,0.28465548,0.10286846,32.85214,1.6433469e-09,0.0
32.685,0.24655096,0.21052547,0.18,0.33849758,0.28161663,0.10597194,32.789486,1.1407062e-09,0.0
32.69,0.24655096,0.21052547,0.18,0.3348389,0.27875528,0.10889414,32.725174,-5.0064157e-09,0.0
32.695,0.24655096,0.21052547,0.18,0.33139393,0.2760611,0.11164565,32.658447,-2.2259121e-09,0.0
32.7,0.23189588,0.19947292,0.192,0.32801324,0.27342096,0.11434859,32.58903,-5.3371574e-09,0.0
32.705,0.23189588,0.19947292,0.192,0.32411095,0.27039275,0.11748243,32.51682,-8.649427e-09,0.0
32.71,0.23189588,0.19947292,0.192,0.3204366,0.2675414,0.120433226,32.44078,-5.0168945e-09,0.0
32.715,0.23189588,0.19947292,0.192,0.31697688,0.26485664,0.12321166,32.35979,-5.427869e-09,0.0
32.72,0.2172408,0.18842037,0.204,0.31358227,0.2622254,0.12593995,32.27336,-3.6090873e-09,0.0
32.725,0.2172408,0.18842037,0.204,0.3096669,0.25920552,0.12909767,32.18122,-2.9575782e-09,0.0
32.730000000000004,0.2172408,0.18842037,0.204,0.30598024,0.25636205,0.13207094,32.082184,6.9741737e-09,0.0
32.735,0.2172408,0.18842037,0.204,0.3025089,0.25368467,0.13487054,31.975157,3.1181384e-09,0.0
32.74,0.20258568,0.17736782,0.216,0.29910335,0.2510604,0.13761877,31.859919,1.0977925e-09,0.0
32.745,0.20258568,0.17736782,0.216,0.29517767,0.24804711,0.14079523,31.736456,-2.338248e-09,0.0
32.75,0.20258568,0.17736782,0.216,0.29148132,0.24520983,0.14378616,31.603502,6.0007848e-09,0.0
32.755,0.20258568,0.17736782,0.216,0.28800085,0.24253827,0.14660239,31.460033,-1.364383e-08,0.0
32.76,0.1879306,0.16631527,0.228,0.28458673,0.23991948,0.14936627,31.305927,4.540134e-09,0.0
32.765,0.1879306,0.16631527,0.228,0.28065297,0.23691136,0.15255749,31.141645,9.811551e-09,0.0
32.77,0.1879306,0.16631527,0.228,0.276949,0.23407894,0.15556231,30.965986,1.0752218e-08,0.0
32.775,0.1879306,0.16631527,0.228,0.27346137,0.23141196,0.15839161,30.77814,3.896205e-09,0.0
32.78,0.17327549,0.15526274,0.24,0.27004048,0.22879748,0.1611678,30.578499,-3.6216266e-09,0.0
32.785000000000004,0.17327549,0.15526274,0.24,0.26610038,0.2257934,0.16437061,30.367794,-1.1233098e-08,0.0
32.79,0.17327549,0.15526274,0.24,0.2623904,0.22296481,0.16738635,30.144522,-9.653652e-09,0.0
32.795,0.17327549,0.15526274,0.24,0.25889713,0.22030143,0.17022593,29.907204,-3.3543268e-09,0.0
32.8,0.15862039,0.14421019,0.252,0.25547093,0.21769033,0.1730118,29.656126,1.3277169e-08,0.0
32.805,0.15862039,0.14421019,0.252,0.25152582,0.21468945,0.17622373,29.39194,-5.5630234e-09,0.0
32.81,0.15862039,0.14421019,0.252,0.24781114,0.21186386,0.17924803,29.113525,-2.2486428e-10,0.0
32.815,0.15862039,0.14421019,0.252,0.24431345,0.20920332,0.18209569,28.81985,1.1345816e-08,0.0
32.82,0.14396529,0.13315763,0.264,0.2408831,0.20659488,0.18488917,28.511957,1.338217e-08,0.0
32.825,0.14396529,0.13315763,0.264,0.23693405,0.20359652,0.18810825,28.191118,2.0190303e-08,0.0
32.83,0.14396529,0.13315763,0.264,0.23321567,0.20077328,0.19113931,27.855225,1.0673297e-08,0.0
32.835,0.14396529,0.13315763,0.264,0.2297145,0.19811496,0.19399332,27.648216,-6.2391527e-09,0.0
32.84,0.12931019,0.1221051,0.276,0.22628087,0.19550861,0.19679277,27.576715,3.3685925e-09,0.0
32.845,0.12931019,0.1221051,0.276,0.22232874,0.19251221,0.20001748,27.5603,1.3986505e-09,0.0
32.85,0.12931019,0.1221051,0.276,0.21860746,0.18969083,0.20305385,27.542263,-9.444608e-10,0.0
32.855000000000004,0.12931019,0.1221051,0.276,0.21510354,0.18703425,0.20591286,27.48639,-1.1355661e-09,0.0
32.86,0.11465511,0.11105254,0.288,0.21166733,0.18442956,0.20871702,27.373344,4.1732138e-09,0.0
32.865,0.11465511,0.11105254,0.288,0.20771277,0.1814347,0.21194616,27.194431,-9.415295e-09,0.0
32.87,0.11465511,0.11105254,0.288,0.20398921,0.17861478,0.21498668,26.943686,-8.838161e-09,0.0
32.875,0.11465511,0.11105254,0.288,0.20048314,0.17595957,0.21784961,26.620396,-4.087167e-09,0.0
32.88,0.1,0.1,0.3,0.19704491,0.17335616,0.22065747,26.229658,1.3470936e-08,0.0
32.885,0.1,0.1,0.3,0.19308844,0.17036252,0.2238901,25.778635,1.2457306e-08,0.0
32.89,0.1,0.1,0.3,0.18936308,0.16754374,0.2269339,25.27096,-1.27288375e-08,0.0
32.895,0.1,0.1,0.3,0.18585531,0.16488962,0.22979991,24.710257,-3.5954224e-09,0.0
32.9,0.1,0.1,0.3,0.18241549,0.16228724,0.23261066,24.10353,-5.4839755e-09,0.0
32.905,0.1,0.1,0.3,0.17845751,0.15929456,0.23584601,23.458235,-2.2051477e-08,0.0
32.910000000000004,0.1,0.1,0.3,0.17473073,0.15647669,0.23889239,22.776453,1.9138783e-08,0.0
32.915,0.1,0.1,0.3,0.17122164,0.1538234,0.24176082,22.060684,-1.076543e-08,0.0
32.92,0.1,0.1,0.3,0.16778056,0.15122181,0.24457386,21.316263,-8.275455e-09,0.0
32.925,0.1,0.1,0.3,0.16382141,0.14822988,0.24781138,20.547928,3.763702e-08,0.0
32.93,0.1,0.1,0.3,0.16009353,0.14541271,0.25085977,19.758453,1.4516784e-08,0.0
32.935,0.1,0.1,0.3,0.1565834,0.1427601,0.25373012,18.951372,6.697924e-09,0.0
32.94,0.1,0.1,0.3,0.15327829,0.14026242,0.2564328,18.133974,7.830707e-09,0.0
32.945,0.1,0.1,0.3,0.15016624,0.13791065,0.25897762,17.3181,1.3704784e-09,0.0
32.95,0.1,0.1,0.3,0.14723597,0.13569625,0.2613738,16.515558,2.7725969e-08,0.0
32.955,0.1,0.1,0.3,0.14447686,0.13361119,0.26363,15.741009,-3.2326213e-08,0.0
32.96,0.1,0.1,0.3,0.14187892,0.13164791,0.26575443,15.007151,2.6220277e-09,0.0
32.965,0.1,0.1,0.3,0.13943271,0.12979932,0.26775476,14.324123,-1.7859755e-08,0.0
32.97,0.1,0.1,0.3,0.1371294,0.1280587,0.26963824,13.69955,1.5229759e-08,0.0
32.975,0.1,0.1,0.3,0.13496062,0.12641975,0.27141172,13.13663,-6.9650663e-09,0.0
32.980000000000004,0.1,0.1,0.3,0.13291854,0.124876544,0.2730816,12.635619,-8.808213e-09,0.0
32.985,0.1,0.1,0.3,0.13099572,0.12342347,0.27465394,12.194244,-6.25705e-09,0.0
32.99,0.1,0.1,0.3,0.12918523,0.12205528,0.27613443,11.807874,-8.978108e-09,0.0
32.995,0.1,0.1,0.3,0.12748049,0.120767005,0.27752843,11.470294,-1.5303128e-08,0.0
33.0,0.1,0.1,0.3,0.12587532,0.119553976,0.27884102,11.17503,-2.4149744e-08,0.0
33.005,0.1,0.1,0.3,0.124363914,0.1184118,0.28007695,10.916322,2.8751606e-09,0.0
33.01,0.1,0.1,0.3,0.122940786,0.11733635,0.28124067,10.688664,1.36176475e-08,0.0
33.015,0.1,0.1,0.3,0.121600784,0.11632371,0.2823364,10.486635,-2.5025848e-11,0.0
33.02,0.1,0.1,0.3,0.12033906,0.11537022,0.28336817,10.305216,-1.5786341e-08,0.0
33.025,0.1,0.1,0.3,0.119151026,0.11447243,0.28433967,10.140062,-7.654147e-09,0.0
33.03,0.1,0.1,0.3,0.11803239,0.113627076,0.28525442,9.987665,-1.3603674e-08,0.0
33.035000000000004,0.1,0.1,0.3,0.11697909,0.1128311,0.28611574,9.845335,-4.2474233e-09,0.0
33.04,0.1,0.1,0.3,0.11598732,0.11208162,0.28692675,9.711118,1.4748062e-08,0.0
33.045,0.1,0.1,0.3,0.11505348,0.11137591,0.28769037,9.583593,-7.657709e-09,0.0
33.05,0.1,0.1,0.3,0.11417419,0.11071143,0.28840938,9.462361,-6.286641e-09,0.0
33.055,0.1,0.1,0.3,0.11334626,0.11008576,0.2890864,9.3477335,3.8116275e-09,0.0
33.06,0.1,0.1,0.3,0.11256669,0.10949664,0.28972387,9.239986,2.6515878e-09,0.0
33.065,0.1,0.1,0.3,0.11183265,0.10894193,0.29032412,9.139139,-9.111445e-09,0.0
33.07,0.1,0.1,0.3,0.11114149,0.10841962,0.2908893,9.04501,-9.945975e-09,0.0
33.075,0.1,0.1,0.3,0.1104907,0.10792782,0.29142147,8.957245,-7.281429e-09,0.0
33.08,0.1,0.1,0.3,0.10987793,0.107464746,0.29192257,8.875374,1.0180368e-08,0.0
33.085,0.1,0.1,0.3,0.10930095,0.10702872,0.29239437,8.798909,4.198819e-09,0.0
33.09,0.1,0.1,0.3,0.10875767,0.106618166,0.29283863,8.727352,-1.9834865e-09,0.0
33.095,0.1,0.1,0.3,0.10824612,0.10623159,0.29325694,8.660234,-2.0013609e-09,0.0
33.1,0.1,0.1,0.3,0.10776445,0.105867594,0.2936508,8.597137,-7.4151614e-09,0.0
33.105000000000004,0.1,0.1,0.3,0.10731092,0.10552486,0.29402167,8.537709,-4.8602317e-10,0.0
33.11,0.1,0.1,0.3,0.10688388,0.105202146,0.29437086,8.481629,2.890556e-09,0.0
33.115,0.1,0.1,0.3,0.10648179,0.10489828,0.29469967,8.428654,8.634838e-09,0.0
33.12,0.1,0.1,0.3,0.10610318,0.104612164,0.29500926,8.378589,2.4581652e-09,0.0
33.125,0.1,0.1,0.3,0.10574669,0.10434276,0.29530078,8.331258,-6.8838624e-09,0.0
33.13,0.1,0.1,0.3,0.105411015,0.104089096,0.29557526,8.286524,-6.4401244e-09,0.0
33.135,0.1,0.1,0.3,0.105094954,0.103850245,0.2958337,8.244243,-2.164744e-09,0.0
33.14,0.1,0.1,0.3,0.10479735,0.10362535,0.29607707,8.204296,-3.973545e-09,0.0
33.145,0.1,0.1,0.3,0.10451713,0.10341359,0.29630622,8.166565,-8.145203e-09,0.0
33.15,0.1,0.1,0.3,0.104253285,0.1032142,0.296522,8.130937,-4.1388515e-09,0.0
33.155,0.1,0.1,0.3,0.104004845,0.10302645,0.29672515,8.097307,2.0320011e-11,0.0
33.160000000000004,0.1,0.1,0.3,0.10377092,0.10284967,0.29691646,8.065577,-5.68478e-09,0.0
33.165,0.1,0.1,0.3,0.10355066,0.10268322,0.29709658,8.03565,-6.550727e-09,0.0
33.17,0.1,0.1,0.3,0.103343256,0.102526486,0.2972662,8.007424,2.2519322e-09,0.0
33.175,0.1,0.1,0.3,0.10314797,0.10237891,0.29742587,7.980804,-2.5485556e-09,0.0
33.18,0.1,0.1,0.3,0.102964096,0.10223996,0.29757622,7.9557066,-8.025563e-09,0.0
33.185,0.1,0.1,0.3,0.10279096,0.10210912,0.2977178,7.9320493,-2.959712e-10,0.0
33.19,0.1,0.1,0.3,0.10262793,0.101985924,0.29785112,7.909749,-5.3442806e-09,0.0
33.195,0.1,0.1,0.3,0.10247443,0.101869926,0.29797664,7.888726,5.882834e-09,0.0
33.2,0.1,0.1,0.3,0.102329895,0.1017607,0.29809484,7.868919,5.2825784e-09,0.0
33.205,0.1,0.1,0.3,0.1021938,0.10165785,0.29820612,7.8502517,2.462871e-09,0.0
33.21,0.1,0.1,0.3,0.10206566,0.10156102,0.2983109,7.8326597,-3.0474692e-09,0.0
33.215,0.1,0.1,0.3,0.101945005,0.10146984,0.29840958,7.8160815,8.201039e-09,0.0
33.22,0.1,0.1,0.3,0.1018314,0.101383984,0.29850248,7.800459,-5.3552816e-09,0.0
33.225,0.1,0.1,0.3,0.10172442,0.101303145,0.29858994,7.7857366,-2.2655659e-10,0.0
33.230000000000004,0.1,0.1,0.3,0.1016237,0.10122703,0.29867232,7.771862,3.765041e-09,0.0
33.235,0.1,0.1,0.3,0.10152886,0.101155356,0.29874986,7.7587886,6.3354393e-09,0.0
33.24,0.1,0.1,0.3,0.10143956,0.10108787,0.29882288,7.746468,-2.1278062e-08,0.0
33.245,0.1,0.1,0.3,0.10135547,0.10102432,0.29889163,7.734863,-6.7616126e-09,0.0
33.25,0.1,0.1,0.3,0.10127629,0.100964494,0.29895636,7.7239275,-9.2008207e-10,0.0
33.255,0.1,0.1,0.3,0.10120174,0.10090816,0.29901734,7.7136345,-7.811305e-09,0.0
33.26,0.1,0.1,0.3,0.10113155,0.10085511,0.29907474,7.704067,-9.972179e-09,0.0
33.265,0.1,0.1,0.3,0.10106546,0.10080516,0.29912877,7.695293,6.3922134e-09,0.0
33.27,0.1,0.1,0.3,0.10100322,0.100758135,0.29917967,7.6873136,2.960116e-09,0.0
33.275,0.1,0.1,0.3,0.10094462,0.10071385,0.2992276,7.680085,6.439453e-09,0.0
33.28,0.1,0.1,0.3,0.100889444,0.100672156,0.29927272,7.673527,-7.55044e-09,0.0
33.285000000000004,0.1,0.1,0.3,0.10083749,0.10063289,0.29931518,7.6675496,-6.4922325e-09,0.0
33.29,0.1,0.1,0.3,0.10078857,0.10059592,0.29935518,7.6620684,-1.1475801e-09,0.0
33.295,0.1,0.1,0.3,0.10074251,0.10056111,0.29939285,7.657003,-1.03348805e-08,0.0
33.3,0.1,0.1,0.3,0.10069914,0.10052834,0.2994283,7.652278,-5.1660964e-09,0.0
33.305,0.1,0.1,0.3,0.100658305,0.10049748,0.29946172,7.64784,2.9478122e-09,0.0
33.31,0.1,0.1,0.3,0.10061985,0.10046842,0.29949316,7.643648,3.3087894e-10,0.0
33.315,0.1,0.1,0.3,0.10058364,0.10044106,0.29952276,7.6396737,-4.3338484e-09,0.0
33.32,0.1,0.1,0.3,0.10054955,0.1004153,0.29955062,7.6358986,1.572564e-09,0.0
33.325,0.1,0.1,0.3,0.10051745,0.10039104,0.29957688,7.6323066,9.4760795e-09,0.0
33.33,0.1,0.1,0.3,0.100487225,0.100368194,0.29960158,7.6288958,-4.505985e-09,0.0
33.335,0.1,0.1,0.3,0.10045876,0.100346684,0.29962486,7.6256514,7.785941e-09,0.0
33.34,0.1,0.1,0.3,0.100431964,0.100326434,0.29964676,7.6225786,-7.054457e-09,0.0
33.345,0.1,0.1,0.3,0.10040673,0.10030737,0.2996674,7.6196666,1.5975427e-09,0.0
33.35,0.1,0.1,0.3,0.10038297,0.10028941,0.29968682,7.6169147,-1.2823087e-09,0.0
33.355000000000004,0.1,0.1,0.3,0.1003606,0.10027251,0.29970512,7.614312,-9.480678e-09,0.0
33.36,0.1,0.1,0.3,0.10033954,0.10025659,0.29972234,7.6118507,6.0353695e-09,0.0
33.365,0.1,0.1,0.3,0.100319706,0.1002416,0.29973856,7.6095133,-2.6753797e-09,0.0
33.37,0.1,0.1,0.3,0.100301035,0.10022749,0.29975381,7.6072807,2.0174542e-09,0.0
33.375,0.1,0.1,0.3,0.10028345,0.100214206,0.2997682,7.605123,-4.307064e-09,0.0
33.38,0.1,0.1,0.3,0.100266896,0.100201696,0.29978174,7.603021,-7.914329e-09,0.0
33.385,0.1,0.1,0.3,0.10025131,0.10018992,0.2997945,7.600928,-2.8346705e-09,0.0
33.39,0.1,0.1,0.3,0.10023663,0.10017882,0.2998065,7.598794,-7.456827e-09,0.0
33.395,0.1,0.1,0.3,0.10022281,0.10016838,0.2998178,7.596572,-4.31771e-09,0.0
33.4,0.1,0.1,0.3,0.100209795,0.10015854,0.29982844,7.5942044,-1.2684196e-08,0.0
33.405,0.1,0.1,0.3,0.10019754,0.10014928,0.29983845,7.5916123,-4.9313567e-09,0.0
33.410000000000004,0.1,0.1,0.3,0.100186,0.100140564,0.2998479,7.5889363,1.3383071e-08,0.0
33.415,0.1,0.1,0.3,0.100175135,0.10013235,0.29985678,7.586382,6.688691e-09,0.0
33.42,0.1,0.1,0.3,0.100164905,0.10012462,0.29986516,7.584078,-1.7626812e-09,0.0
33.425,0.1,0.1,0.3,0.10015527,0.10011734,0.29987302,7.582081,-9.6817185e-09,0.0
33.43,0.1,0.1,0.3,0.100146204,0.100110486,0.29988045,7.5816555,9.850425e-09,0.0
33.435,0.1,0.1,0.3,0.100137666,0.100104034,0.29988742,7.581652,-7.803473e-09,0.0
33.44,0.1,0.1,0.3,0.10012963,0.100097954,0.299894,7.581649,1.1594408e-08,0.0
33.445,0.1,0.1,0.3,0.10012206,0.10009223,0.2999002,7.5816417,6.4973925e-12,0.0
33.45,0.1,0.1,0.3,0.10011493,0.100086845,0.29990605,7.5816317,-8.310971e-09,0.0
33.455,0.1,0.1,0.3,0.10010821,0.10008177,0.29991153,7.581621,5.614648e-09,0.0
33.46,0.1,0.1,0.3,0.100101896,0.100076996,0.29991668,7.581611,-3.3046588e-09,0.0
33.465,0.1,0.1,0.3,0.10009594,0.100072496,0.29992154,7.581601,1.3744741e-09,0.0
33.47,0.1,0.1,0.3,0.10009034,0.10006826,0.29992613,7.5815873,4.632955e-10,0.0
33.475,0.1,0.1,0.3,0.100085065,0.10006428,0.29993045,7.5815735,3.986966e-09,0.0
33.480000000000004,0.1,0.1,0.3,0.100080095,0.10006052,0.2999345,7.58156,5.754561e-09,0.0
33.485,0.1,0.1,0.3,0.100075416,0.10005699,0.29993832,7.5815463,6.317926e-10,0.0
33.49,0.1,0.1,0.3,0.10007101,0.10005366,0.29994193,7.5815325,-1.3796306e-10,0.0
33.495,0.1,0.1,0.3,0.10006686,0.100050524,0.29994532,7.581519,-8.7865555e-09,0.0
33.5,0.1,0.1,0.3,0.10006296,0.10004757,0.2999485,7.581502,5.922011e-09,0.0
33.505,0.1,0.1,0.3,0.10005928,0.100044794,0.29995152,7.581485,-1.7300084e-09,0.0
33.51,0.1,0.1,0.3,0.100055814,0.10004218,0.29995435,7.5814676,-1.4844264e-09,0.0
33.515,0.1,0.1,0.3,0.10005255,0.10003971,0.299957,7.5814505,5.458188e-09,0.0
33.52,0.1,0.1,0.3,0.10004948,0.100037396,0.2999595,7.581434,1.6158523e-09,0.0
33.525,0.1,0.1,0.3,0.10004659,0.10003521,0.29996186,7.5814166,2.3341256e-09,0.0
33.53,0.1,0.1,0.3,0.10004387,0.10003316,0.2999641,7.5813994,-9.351889e-09,0.0
33.535000000000004,0.1,0.1,0.3,0.10004131,0.10003122,0.2999662,7.5813823,-2.5522784e-09,0.0
33.54,0.1,0.1,0.3,0.10003889,0.100029394,0.29996815,7.581365,-2.4214422e-09,0.0
33.545,0.1,0.1,0.3,0.10003662,0.10002768,0.29997,7.5813484,7.3554665e-09,0.0
33.55,0.1,0.1,0.3,0.10003448,0.10002606,0.29997176,7.5813313,-3.4633216e-09,0.0
33.555,0.1,0.1,0.3,0.10003247,0.10002454,0.2999734,7.581314,-6.722353e-10,0.0
33.56,0.1,0.1,0.3,0.10003057,0.10002311,0.29997495,7.581297,-1.0326853e-10,0.0
33.565,0.1,0.1,0.3,0.10002878,0.100021765,0.2999764,7.5812764,-1.0513673e-08,0.0
33.57,0.1,0.1,0.3,0.1000271,0.10002049,0.29997778,7.581256,7.41143e-10,0.0
33.575,0.1,0.1,0.3,0.10002552,0.10001929,0.2999791,7.5812354,1.0487139e-08,0.0
33.58,0.1,0.1,0.3,0.10002403,0.100018166,0.2999803,7.581215,1.0185371e-08,0.0
33.585,0.1,0.1,0.3,0.10002263,0.10001711,0.29998147,7.5811944,-4.3841344e-09,0.0
33.59,0.1,0.1,0.3,0.10002131,0.10001611,0.29998255,7.581174,-7.670214e-09,0.0
33.595,0.1,0.1,0.3,0.100020066,0.10001517,0.29998356,7.5811534,1.957128e-09,0.0
33.6,0.1,0.1,0.3,0.100018896,0.100014284,0.2999845,7.581133,2.884235e-09,0.0
33.605000000000004,0.1,0.1,0.3,0.10001779,0.10001345,0.2999854,7.5811124,-2.927876e-10,0.0
33.61,0.1,0.1,0.3,0.10001676,0.10001267,0.29998627,7.581092,-1.6884458e-09,0.0
33.615,0.1,0.1,0.3,0.10001578,0.10001193,0.29998708,7.5810714,5.0202345e-09,0.0
33.62,0.1,0.1,0.3,0.10001486,0.10001123,0.29998782,7.581051,-2.1521922e-09,0.0
33.625,0.1,0.1,0.3,0.10001399,0.100010574,0.29998854,7.5810304,6.4371886e-09,0.0
33.63,0.1,0.1,0.3,0.100013174,0.100009955,0.2999892,7.5810103,3.663742e-09,0.0
33.635,0.1,0.1,0.3,0.10001241,0.100009374,0.29998982,7.58099,1.6506966e-08,0.0
33.64,0.1,0.1,0.3,0.100011684,0.10000883,0.29999042,7.5809693,-9.167134e-09,0.0
33.645,0.1,0.1,0.3,0.100011,0.10000832,0.29999098,7.580949,3.855248e-09,0.0
33.65,0.1,0.1,0.3,0.10001036,0.10000783,0.29999152,7.5809283,4.455758e-09,0.0
33.655,0.1,0.1,0.3,0.100009754,0.10000738,0.29999202,7.580908,4.1370356e-09,0.0
33.660000000000004,0.1,0.1,0.3,0.10000919,0.100006945,0.2999925,7.5808873,-4.7471076e-09,0.0
33.665,0.1,0.1,0.3,0.10000865,0.10000654,0.29999295,7.580867,-6.496152e-09,0.0
33.67,0.1,0.1,0.3,0.100008145,0.10000616,0.29999337,7.5808463,-9.098965e-09,0.0
33.675,0.1,0.1,0.3,0.10000767,0.100005805,0.29999375,7.580826,-1.7465698e-10,0.0
33.68,0.1,0.1,0.3,0.10000722,0.10000546,0.2999941,7.5808053,-1.1637784e-08,0.0
33.685,0.1,0.1,0.3,0.1000068,0.10000514,0.29999447,7.580785,-7.8020906e-10,0.0
33.69,0.1,0.1,0.3,0.1000064,0.100004844,0.2999948,7.5807643,1.2136323e-09,0.0
33.695,0.1,0.1,0.3,0.10000603,0.10000456,0.2999951,7.580744,4.5089057e-09,0.0
33.7,0.1,0.1,0.3,0.10000568,0.10000429,0.2999954,7.5807233,-1.002487e-09,0.0
33.705,0.1,0.1,0.3,0.10000534,0.10000404,0.29999566,7.580703,3.6262953e-09,0.0
33.71,0.1,0.1,0.3,0.10000503,0.1000038,0.29999593,7.5806823,-1.5690885e-08,0.0
33.715,0.1,0.1,0.3,0.10000474,0.10000358,0.29999617,7.580662,3.0763836e-09,0.0
33.72,0.1,0.1,0.3,0.100004464,0.10000337,0.2999964,7.5806413,8.454717e-09,0.0
33.725,0.1,0.1,0.3,0.1000042,0.100003175,0.2999966,7.580621,-2.8998253e-09,0.0
33.730000000000004,0.1,0.1,0.3,0.10000396,0.10000299,0.29999682,7.5806003,-3.3499923e-09,0.0
33.735,0.1,0.1,0.3,0.10000373,0.10000282,0.299997,7.5805798,1.0130774e-09,0.0
33.74,0.1,0.1,0.3,0.10000351,0.100002654,0.29999718,7.5805593,-2.8156328e-09,0.0
33.745,0.1,0.1,0.3,0.1000033,0.1000025,0.29999736,7.5805387,5.260609e-09,0.0
33.75,0.1,0.1,0.3,0.10000311,0.10000235,0.2999975,7.5805182,4.738167e-09,0.0
33.755,0.1,0.1,0.3,0.10000293,0.100002214,0.29999766,7.5804977,3.3535903e-09,0.0
33.76,0.1,0.1,0.3,0.10000276,0.10000209,0.2999978,7.580477,-6.4307173e-09,0.0
33.765,0.1,0.1,0.3,0.100002594,0.10000197,0.29999793,7.5804567,-4.4662138e-10,0.0
33.77,0.1,0.1,0.3,0.100002445,0.10000186,0.29999804,7.580436,5.093604e-09,0.0
33.775,0.1,0.1,0.3,0.1000023,0.100001745,0.29999816,7.5804157,-5.384525e-10,0.0
33.78,0.1,0.1,0.3,0.10000217,0.10000164,0.29999828,7.580395,8.987629e-11,0.0
33.785000000000004,0.1,0.1,0.3,0.10000204,0.100001544,0.29999837,7.5803747,-3.915086e-09,0.0
33.79,0.1,0.1,0.3,0.100001924,0.100001454,0.29999846,7.580354,1.08417355e-08,0.0
33.795,0.1,0.1,0.3,0.10000181,0.10000137,0.29999855,7.5803337,1.6385725e-09,0.0
33.8,0.1,0.1,0.3,0.10000171,0.10000129,0.29999864,7.580313,1.0445617e-08,0.0
33.805,0.1,0.1,0.3,0.10000161,0.100001216,0.29999873,7.5802927,-4.13751e-09,0.0
33.81,0.1,0.1,0.3,0.100001514,0.10000114,0.29999882,7.5802727,4.6063073e-09,0.0
33.815,0.1,0.1,0.3,0.100001425,0.100001074,0.29999888,7.580252,1.879703e-12,0.0
33.82,0.1,0.1,0.3,0.10000134,0.100001015,0.29999894,7.5802317,1.9772017e-08,0.0
33.825,0.1,0.1,0.3,0.10000126,0.100000955,0.299999,7.580211,8.730765e-10,0.0
33.83,0.1,0.1,0.3,0.100001186,0.1000009,0.29999906,7.5801907,5.4135274e-09,0.0
33.835,0.1,0.1,0.3,0.10000112,0.10000085,0.29999912,7.58017,-1.2536536e-08,0.0
33.84,0.1,0.1,0.3,0.10000105,0.1000008,0.29999918,7.5801497,-3.1931955e-09,0.0
33.845,0.1,0.1,0.3,0.10000099,0.100000754,0.29999924,7.580129,-2.6634421e-09,0.0
33.85,0.1,0.1,0.3,0.10000093,0.10000071,0.2999993,7.5801086,4.1444164e-09,0.0
33.855000000000004,0.1,0.1,0.3,0.10000088,0.100000665,0.29999933,7.580088,3.952073e-09,0.0
33.86,0.1,0.1,0.3,0.10000083,0.10000063,0.29999936,7.5800676,9.546036e-09,0.0
33.865,0.1,0.1,0.3,0.100000784,0.10000059,0.2999994,7.580047,6.869578e-09,0.0
33.87,0.1,0.1,0.3,0.10000074,0.10000055,0.29999942,7.5800266,1.0454589e-08,0.0
33.875,0.1,0.1,0.3,0.100000694,0.10000052,0.29999945,7.580006,2.2483844e-09,0.0
33.88,0.1,0.1,0.3,0.10000066,0.10000049,0.29999948,7.5799856,6.254213e-09,0.0
33.885,0.1,0.1,0.3,0.10000062,0.10000046,0.2999995,7.579965,-9.770236e-09,0.0
33.89,0.1,0.1,0.3,0.10000058,0.10000043,0.29999954,7.5799446,-3.4772911e-09,0.0
33.895,0.1,0.1,0.3,0.100000545,0.10000041,0.29999956,7.579924,4.8368587e-10,0.0
33.9,0.1,0.1,0.3,0.100000516,0.10000039,0.2999996,7.5799036,1.3849842e-09,0.0
33.905,0.1,0.1,0.3,0.100000486,0.10000037,0.29999962,7.579883,-4.8706803e-09,0.0
33.910000000000004,0.1,0.1,0.3,0.100000456,0.100000344,0.29999965,7.5798626,9.985066e-09,0.0
33.915,0.1,0.1,0.3,0.100000426,0.10000032,0.29999968,7.579842,3.010312e-09,0.0
33.92,0.1,0.1,0.3,0.100000404,0.1000003,0.2999997,7.5798216,7.2825967e-09,0.0
33.925,0.1,0.1,0.3,0.10000038,0.100000285,0.29999974,7.579801,3.5558798e-09,0.0
33.93,0.1,0.1,0.3,0.10000036,0.10000027,0.29999977,7.5797806,1.1086869e-08,0.0
33.935,0.1,0.1,0.3,0.10000034,0.100000255,0.29999977,7.57976,-7.948931e-09,0.0
33.94,0.1,0.1,0.3,0.100000314,0.10000024,0.29999977,7.5797396,7.652011e-09,0.0
33.945,0.1,0.1,0.3,0.1000003,0.100000225,0.29999977,7.579719,-1.1241339e-09,0.0
33.95,0.1,0.1,0.3,0.100000285,0.10000021,0.29999977,7.5796986,-5.2434728e-09,0.0
33.955,0.1,0.1,0.3,0.10000027,0.100000195,0.29999977,7.579678,-9.382233e-09,0.0
33.96,0.1,0.1,0.3,0.100000255,0.10000018,0.29999977,7.5796576,-1.8969075e-09,0.0
33.965,0.1,0.1,0.3,0.10000024,0.10000017,0.29999977,7.579637,-3.6473995e-09,0.0
33.97,0.1,0.1,0.3,0.100000225,0.100000165,0.29999977,7.5796165,-3.5392125e-09,0.0
33.975,0.1,0.1,0.3,0.10000021,0.10000016,0.29999977,7.579596,-1.5628474e-09,0.0
33.980000000000004,0.1,0.1,0.3,0.100000195,0.10000015,0.29999977,7.5795755,-1.6062565e-08,0.0
33.985,0.1,0.1,0.3,0.10000018,0.10000014,0.29999977,7.5795555,-1.834839e-08,0.0
33.99,0.1,0.1,0.3,0.10000017,0.100000136,0.29999977,7.579535,8.375236e-09,0.0
33.995,0.1,0.1,0.3,0.100000165,0.10000013,0.29999977,7.5795145,7.929372e-09,0.0
34.0,0.1,0.1,0.3,0.10000016,0.10000012,0.29999977,7.579494,8.12625e-09,0.0
34.005,0.1,0.1,0.3,0.10000015,0.10000011,0.29999977,7.5794735,3.9386077e-09,0.0
34.01,0.1,0.1,0.3,0.10000014,0.100000106,0.29999977,7.579453,9.678102e-09,0.0
34.015,0.1,0.1,0.3,0.100000136,0.1000001,0.29999977,7.5794325,-7.566287e-09,0.0
34.02,0.1,0.1,0.3,0.10000013,0.10000009,0.29999977,7.579412,-2.9406049e-09,0.0
34.025,0.1,0.1,0.3,0.10000012,0.10000008,0.29999977,7.5793915,-4.4529247e-09,0.0
34.03,0.1,0.1,0.3,0.10000011,0.100000076,0.29999977,7.579371,4.195445e-10,0.0
34.035000000000004,0.1,0.1,0.3,0.100000106,0.10000007,0.29999977,7.5793505,-1.1062423e-08,0.0
34.04,0.1,0.1,0.3,0.1000001,0.10000006,0.29999977,7.57933,-4.031242e-10,0.0
34.045,0.1,0.1,0.3,0.10000009,0.10000006,0.29999977,7.5793095,-1.589166e-08,0.0
34.05,0.1,0.1,0.3,0.10000008,0.10000006,0.29999977,7.579289,1.8538832e-09,0.0
34.055,0.1,0.1,0.3,0.100000076,0.10000006,0.29999977,7.5792685,-5.1810396e-09,0.0
34.06,0.1,0.1,0.3,0.10000007,0.10000006,0.29999977,7.579248,6.8326487e-09,0.0
34.065,0.1,0.1,0.3,0.10000006,0.10000006,0.29999977,7.5792274,-1.1110616e-08,0.0
34.07,0.1,0.1,0.3,0.10000006,0.10000006,0.29999977,7.579207,-9.122907e-09,0.0
34.075,0.1,0.1,0.3,0.10000006,0.10000006,0.29999977,7.5791864,-1.818447e-08,0.0
34.08,0.1,0.1,0.3,0.10000006,0.10000006,0.29999977,7.579166,1.3734609e-08,0.0
34.085,0.1,0.1,0.3,0.10000006,0.10000006,0.29999977,7.5791454,1.3465121e-08,0.0
34.09,0.1,0.1,0.3,0.10000006,0.10000006,0.29999977,7.579125,-3.6108712e-09,0.0
34.095,0.1,0.1,0.3,0.10000006,0.10000006,0.29999977,7.5791044,3.9522177e-09,0.0
34.1,0.1,0.1,0.3,0.10000006,0.10000006,0.29999977,7.579084,1.4554859e-11,0.0
34.105000000000004,0.1,0.1,0.3,0.10000006,0.10000006,0.29999977,7.5790634,-1.0200846e-09,0.0
34.11,0.1,0.1,0.3,0.10000006,0.10000006,0.29999977,7.579043,-1.9820066e-08,0.0
34.115,0.1,0.1,0.3,0.10000006,0.10000006,0.29999977,7.5790224,5.4719473e-09,0.0
34.12,0.1,0.1,0.3,0.10000006,0.10000006,0.29999977,7.579002,2.8922087e-09,0.0
34.125,0.1,0.1,0.3,0.10000006,0.10000006,0.29999977,7.5789814,4.0422936e-09,0.0
34.13,0.1,0.1,0.3,0.10000006,0.10000006,0.29999977,7.578961,-7.578327e-09,0.0
34.135,0.1,0.1,0.3,0.10000006,0.10000006,0.29999977,7.5789404,1.6510585e-09,0.0
34.14,0.1,0.1,0.3,0.10000006,0.10000006,0.29999977,7.57892,5.8104863e-09,0.0
34.145,0.1,0.1,0.3,0.10000006,0.10000006,0.29999977,7.5788994,-2.3369737e-09,0.0
34.15,0.1,0.1,0.3,0.10000006,0.10000006,0.29999977,7.578879,2.84031e-09,0.0
34.155,0.1,0.1,0.3,0.10000006,0.10000006,0.29999977,7.5788584,3.7867434e-09,0.0
34.160000000000004,0.1,0.1,0.3,0.10000006,0.10000006,0.29999977,7.578838,1.389945e-08,0.0
34.165,0.1,0.1,0.3,0.10000006,0.10000006,0.29999977,7.578818,-2.950478e-09,0.0
34.17,0.1,0.1,0.3,0.10000006,0.10000006,0.29999977,7.5787973,7.504574e-09,0.0
34.175000000000004,0.1,0.1,0.3,0.10000006,0.10000006,0.29999977,7.578777,5.370796e-09,0.0
34.18,0.1,0.1,0.3,0.10000006,0.10000006,0.29999977,7.5787563,-5.152185e-09,0.0
34.185,0.1,0.1,0.3,0.10000006,0.10000006,0.29999977,7.578736,6.853863e-09,0.0
34.19,0.1,0.1,0.3,0.10000006,0.10000006,0.29999977,7.5787153,-1.0710408e-08,0.0
34.195,0.1,0.1,0.3,0.10000006,0.10000006,0.29999977,7.578695,-5.954067e-09,0.0
34.2,0.1,0.1,0.3,0.10000006,0.10000006,0.29999977,7.5786743,2.9513294e-09,0.0
34.205,0.1,0.1,0.3,0.10000006,0.10000006,0.29999977,7.578654,-8.459291e-09,0.0
34.21,0.1,0.1,0.3,0.10000006,0.10000006,0.29999977,7.5786333,-1.6101356e-09,0.0
34.215,0.1,0.1,0.3,0.10000006,0.10000006,0.29999977,7.578613,-5.533021e-09,0.0
34.22,0.1,0.1,0.3,0.10000006,0.10000006,0.29999977,7.5785923,-3.5647953e-09,0.0
34.225,0.1,0.1,0.3,0.10000006,0.10000006,0.29999977,7.578572,8.666182e-10,0.0
34.230000000000004,0.1,0.1,0.3,0.10000006,0.10000006,0.29999977,7.5785513,-4.246578e-10,0.0
34.235,0.1,0.1,0.3,0.10000006,0.10000006,0.29999977,7.578531,8.411752e-09,0.0
34.24,0.1,0.1,0.3,0.10000006,0.10000006,0.29999977,7.5785103,-4.04964e-10,0.0
34.245,0.1,0.1,0.3,0.10000006,0.10000006,0.29999977,7.57849,-2.6114975e-09,0.0
34.25,0.1,0.1,0.3,0.10000006,0.10000006,0.29999977,7.5784693,-2.669716e-09,0.0
34.255,0.1,0.1,0.3,0.10000006,0.10000006,0.29999977,7.578449,-1.20874155e-08,0.0
34.26,0.1,0.1,0.3,0.10000006,0.10000006,0.29999977,7.5784283,2.0728923e-08,0.0
34.265,0.1,0.1,0.3,0.10000006,0.10000006,0.29999977,7.578408,3.0885048e-09,0.0
34.27,0.1,0.1,0.3,0.10000006,0.10000006,0.29999977,7.5783873,1.681793e-08,0.0
34.275,0.1,0.1,0.3,0.10000006,0.10000006,0.29999977,7.5783668,-9.632525e-09,0.0
34.28,0.1,0.1,0.3,0.10000006,0.10000006,0.29999977,7.5783463,-9.0964525e-09,0.0
34.285000000000004,0.1,0.1,0.3,0.10000006,0.10000006,0.29999977,7.5783257,4.0146145e-10,0.0
34.29,0.1,0.1,0.3,0.10000006,0.10000006,0.29999977,7.5783052,1.436894e-09,0.0
34.295,0.1,0.1,0.3,0.10000006,0.10000006,0.29999977,7.5782847,6.7264496e-09,0.0
34.300000000000004,0.1,0.1,0.3,0.10000006,0.10000006,0.29999977,7.578264,2.0728905e-09,0.0
34.305,0.1,0.1,0.3,0.10000006,0.10000006,0.29999977,7.578247,-6.537105e-09,0.0
34.31,0.1,0.1,0.3,0.10000006,0.10000006,0.29999977,7.5782304,6.941175e-09,0.0
34.315,0.1,0.1,0.3,0.10000006,0.10000006,0.29999977,7.578213,1.397226e-09,0.0
34.32,0.1,0.1,0.3,0.10000006,0.10000006,0.29999977,7.578196,5.6251266e-09,0.0
34.325,0.1,0.1,0.3,0.10000006,0.10000006,0.29999977,7.578179,-6.6137655e-09,0.0
34.33,0.1,0.1,0.3,0.10000006,0.10000006,0.29999977,7.5781617,-6.5386754e-09,0.0
34.335,0.1,0.1,0.3,0.10000006,0.10000006,0.29999977,7.578145,9.682825e-10,0.0
34.34,0.1,0.1,0.3,0.10000006,0.10000006,0.29999977,7.578128,4.685468e-09,0.0
34.345,0.1,0.1,0.3,0.10000006,0.10000006,0.29999977,7.5781107,4.84416e-09,0.0
34.35,0.1,0.1,0.3,0.10000006,0.10000006,0.29999977,7.5780935,-7.990953e-11,0.0
34.355000000000004,0.1,0.1,0.3,0.10000006,0.10000006,0.29999977,7.5780764,-7.250967e-09,0.0
34.36,0.1,0.1,0.3,0.10000006,0.10000006,0.29999977,7.5780597,-4.953186e-09,0.0
34.365,0.1,0.1,0.3,0.10000006,0.10000006,0.29999977,7.5780425,9.922379e-09,0.0
34.37,0.1,0.1,0.3,0.10000006,0.10000006,0.29999977,7.5780253,-2.507291e-09,0.0
34.375,0.1,0.1,0.3,0.10000006,0.10000006,0.29999977,7.578008,-4.4565547e-09,0.0
34.38,0.1,0.1,0.3,0.10000006,0.10000006,0.29999977,7.577991,1.1403658e-09,0.0
34.385,0.1,0.1,0.3,0.10000006,0.10000006,0.29999977,7.5779743,5.8256204e-09,0.0
34.39,0.1,0.1,0.3,0.10000006,0.10000006,0.29999977,7.577957,-9.252934e-09,0.0
34.395,0.1,0.1,0.3,0.10000006,0.10000006,0.29999977,7.57794,-6.1866428e-09,0.0
34.4,0.1,0.1,0.3,0.10000006,0.10000006,0.29999977,7.577923,-5.9850462e-09,0.0
34.405,0.1,0.1,0.3,0.10000006,0.10000006,0.29999977,7.5779057,1.4581385e-09,0.0
34.410000000000004,0.1,0.1,0.3,0.10000006,0.10000006,0.29999977,7.5778885,-5.031402e-09,0.0
34.415,0.1,0.1,0.3,0.10000006,0.10000006,0.29999977,7.577872,-9.314061e-09,0.0
34.42,0.1,0.1,0.3,0.10000006,0.10000006,0.29999977,7.5778546,4.4927048e-10,0.0
34.425000000000004,0.1,0.1,0.3,0.10000006,0.10000006,0.29999977,7.5778375,-7.1610606e-09,0.0
34.43,0.1,0.1,0.3,0.10000006,0.10000006,0.29999977,7.5778203,-4.631336e-09,0.0
34.435,0.1,0.1,0.3,0.10000006,0.10000006,0.29999977,7.577803,1.4529587e-08,0.0
34.44,0.1,0.1,0.3,0.10000006,0.10000006,0.29999977,7.5777864,-1.1716473e-09,0.0
34.445,0.1,0.1,0.3,0.10000006,0.10000006,0.29999977,7.5777693,-6.399919e-09,0.0
34.45,0.1,0.1,0.3,0.10000006,0.10000006,0.29999977,7.577752,3.0725806e-09,0.0
34.455,0.1,0.1,0.3,0.10000006,0.10000006,0.29999977,7.577735,4.8113544e-09,0.0
34.46,0.1,0.1,0.3,0.10000006,0.10000006,0.29999977,7.577718,-8.385765e-09,0.0
34.465,0.1,0.1,0.3,0.10000006,0.10000006,0.29999977,7.577701,-8.872587e-09,0.0
34.47,0.1,0.1,0.3,0.10000006,0.10000006,0.29999977,7.577684,1.26274005e-08,0.0
34.475,0.1,0.1,0.3,0.10000006,0.10000006,0.29999977,7.5776668,1.5841277e-08,0.0
34.480000000000004,0.1,0.1,0.3,0.10000006,0.10000006,0.29999977,7.5776496,-2.8529503e-09,0.0
34.485,0.1,0.1,0.3,0.10000006,0.10000006,0.29999977,7.5776324,-6.2797887e-09,0.0
34.49,0.1,0.1,0.3,0.10000006,0.10000006,0.29999977,7.5776157,3.837545e-09,0.0
34.495,0.1,0.1,0.3,0.10000006,0.10000006,0.29999977,7.5775986,4.8406834e-09,0.0
34.5,0.1,0.1,0.3,0.10000006,0.10000006,0.29999977,7.5775814,-2.5302798e-09,0.0
34.505,0.1,0.1,0.3,0.10000006,0.10000006,0.29999977,7.5775642,9.893953e-10,0.0
34.51,0.1,0.1,0.3,0.10000006,0.10000006,0.29999977,7.577547,6.1115992e-09,0.0
34.515,0.1,0.1,0.3,0.10000006,0.10000006,0.29999977,7.57753,3.8698603e-10,0.0
34.52,0.1,0.1,0.3,0.10000006,0.10000006,0.29999977,7.577513,-9.8888195e-09,0.0
34.525,0.1,0.1,0.3,0.10000006,0.10000006,0.29999977,7.577496,-9.90473e-09,0.0
34.53,0.1,0.1,0.3,0.10000006,0.10000006,0.29999977,7.577479,1.2669897e-09,0.0
34.535000000000004,0.1,0.1,0.3,0.10000006,0.10000006,0.29999977,7.5774617,6.8623582e-09,0.0
34.54,0.1,0.1,0.3,0.10000006,0.10000006,0.29999977,7.5774446,-1.0255143e-08,0.0
34.545,0.1,0.1,0.3,0.10000006,0.10000006,0.29999977,7.577428,-2.5110576e-09,0.0
34.550000000000004,0.1,0.1,0.3,0.10000006,0.10000006,0.29999977,7.5774107,-6.334914e-09,0.0
34.555,0.1,0.1,0.3,0.10000006,0.10000006,0.29999977,7.5773935,-8.855758e-09,0.0
34.56,0.1,0.1,0.3,0.10000006,0.10000006,0.29999977,7.5773764,5.3648948e-09,0.0
34.565,0.1,0.1,0.3,0.10000006,0.10000006,0.29999977,7.577359,5.177013e-09,0.0
34.57,0.1,0.1,0.3,0.10000006,0.10000006,0.29999977,7.5773425,-5.1000195e-09,0.0
34.575,0.1,0.1,0.3,0.10000006,0.10000006,0.29999977,7.5773253,6.6918404e-09,0.0
34.58,0.1,0.1,0.3,0.10000006,0.10000006,0.29999977,7.577308,1.0749111e-08,0.0
34.585,0.1,0.1,0.3,0.10000006,0.10000006,0.29999977,7.577291,-2.9210263e-09,0.0
34.59,0.1,0.1,0.3,0.10000006,0.10000006,0.29999977,7.577274,4.4847943e-09,0.0
34.595,0.1,0.1,0.3,0.10000006,0.10000006,0.29999977,7.5772567,1.8356386e-10,0.0
34.6,0.1,0.1,0.3,0.10000006,0.10000006,0.29999977,7.57724,9.833349e-09,0.0
34.605000000000004,0.1,0.1,0.3,0.10000006,0.10000006,0.29999977,7.577223,1.1352537e-08,0.0
34.61,0.1,0.1,0.3,0.10000006,0.10000006,0.29999977,7.5772057,-6.8362147e-09,0.0
34.615,0.1,0.1,0.3,0.10000006,0.10000006,0.29999977,7.5771885,2.6030424e-09,0.0
34.62,0.1,0.1,0.3,0.10000006,0.10000006,0.29999977,7.5771713,-9.18858e-11,0.0
34.625,0.1,0.1,0.3,0.10000006,0.10000006,0.29999977,7.5771546,4.779171e-09,0.0
34.63,0.1,0.1,0.3,0.10000006,0.10000006,0.29999977,7.5771375,-3.1657175e-09,0.0
34.635,0.1,0.1,0.3,0.10000006,0.10000006,0.29999977,7.5771203,-3.739266e-09,0.0
34.64,0.1,0.1,0.3,0.10000006,0.10000006,0.29999977,7.577103,5.720486e-09,0.0
34.645,0.1,0.1,0.3,0.10000006,0.10000006,0.29999977,7.577086,-1.1270955e-08,0.0
34.65,0.1,0.1,0.3,0.10000006,0.10000006,0.29999977,7.5770693,3.7896437e-09,0.0
34.655,0.1,0.1,0.3,0.10000006,0.10000006,0.29999977,7.577052,-7.615188e-09,0.0
34.660000000000004,0.1,0.1,0.3,0.10000006,0.10000006,0.29999977,7.577035,-9.721287e-09,0.0
34.665,0.1,0.1,0.3,0.10000006,0.10000006,0.29999977,7.577018,6.7464816e-09,0.0
34.67,0.1,0.1,0.3,0.10000006,0.10000006,0.29999977,7.5770006,1.0134213e-09,0.0
34.675000000000004,0.1,0.1,0.3,0.10000006,0.10000006,0.29999977,7.576984,-4.7345e-09,0.0
34.68,0.1,0.1,0.3,0.10000006,0.10000006,0.29999977,7.576967,8.312939e-09,0.0
34.685,0.1,0.1,0.3,0.10000006,0.10000006,0.29999977,7.5769496,-5.991913e-09,0.0
34.69,0.1,0.1,0.3,0.10000006,0.10000006,0.29999977,7.5769324,-7.025371e-09,0.0
34.695,0.1,0.1,0.3,0.10000006,0.10000006,0.29999977,7.5769153,3.9140584e-09,0.0
34.7,0.1,0.1,0.3,0.10000006,0.10000006,0.29999977,7.576898,9.259866e-10,0.0
34.705,0.1,0.1,0.3,0.10000006,0.10000006,0.29999977,7.5768814,2.728041e-09,0.0
34.71,0.1,0.1,0.3,0.10000006,0.10000006,0.29999977,7.5768642,-3.817002e-09,0.0
34.715,0.1,0.1,0.3,0.10000006,0.10000006,0.29999977,7.576847,3.9714804e-11,0.0
34.72,0.1,0.1,0.3,0.10000006,0.10000006,0.29999977,7.57683,6.061825e-10,0.0
34.725,0.1,0.1,0.3,0.10000006,0.10000006,0.29999977,7.5768127,-6.619447e-09,0.0
34.730000000000004,0.1,0.1,0.3,0.10000006,0.10000006,0.29999977,7.576796,-1.2950609e-08,0.0
34.735,0.1,0.1,0.3,0.10000006,0.10000006,0.29999977,7.576779,2.3514706e-09,0.0
34.74,0.1,0.1,0.3,0.10000006,0.10000006,0.29999977,7.5767617,2.7989273e-09,0.0
34.745,0.1,0.1,0.3,0.10000006,0.10000006,0.29999977,7.5767446,4.562032e-09,0.0
34.75,0.1,0.1,0.3,0.10000006,0.10000006,0.29999977,7.5767274,6.8657453e-09,0.0
34.755,0.1,0.1,0.3,0.10000006,0.10000006,0.29999977,7.5767107,-7.6533063e-10,0.0
34.76,0.1,0.1,0.3,0.10000006,0.10000006,0.29999977,7.5766935,-6.873054e-09,0.0
34.765,0.1,0.1,0.3,0.10000006,0.10000006,0.29999977,7.5766764,1.2087811e-08,0.0
34.77,0.1,0.1,0.3,0.10000006,0.10000006,0.29999977,7.576659,-9.885658e-09,0.0
34.775,0.1,0.1,0.3,0.10000006,0.10000006,0.29999977,7.576642,-5.823247e-09,0.0
34.78,0.1,0.1,0.3,0.10000006,0.10000006,0.29999977,7.5766253,-1.9893516e-10,0.0
34.785000000000004,0.1,0.1,0.3,0.10000006,0.10000006,0.29999977,7.576608,-6.262851e-09,0.0
34.79,0.1,0.1,0.3,0.10000006,0.10000006,0.29999977,7.576591,-8.655615e-09,0.0
34.795,0.1,0.1,0.3,0.10000006,0.10000006,0.29999977,7.576574,-7.1812827e-09,0.0
34.800000000000004,0.1,0.1,0.3,0.10000006,0.10000006,0.29999977,7.5765567,-2.771511e-09,0.0
34.805,0.1,0.1,0.3,0.10000006,0.10000006,0.29999977,7.5765395,-1.8190393e-08,0.0
34.81,0.1,0.1,0.3,0.10000006,0.10000006,0.29999977,7.576523,-5.348545e-09,0.0
34.815,0.1,0.1,0.3,0.10000006,0.10000006,0.29999977,7.5765057,-5.2648814e-09,0.0
34.82,0.1,0.1,0.3,0.10000006,0.10000006,0.29999977,7.5764885,-2.4877105e-09,0.0
34.825,0.1,0.1,0.3,0.10000006,0.10000006,0.29999977,7.5764713,-3.0600318e-09,0.0
34.83,0.1,0.1,0.3,0.10000006,0.10000006,0.29999977,7.576454,-1.0319937e-08,0.0
34.835,0.1,0.1,0.3,0.10000006,0.10000006,0.29999977,7.5764375,3.2190381e-09,0.0
34.84,0.1,0.1,0.3,0.10000006,0.10000006,0.29999977,7.5764203,-2.2411928e-09,0.0
34.845,0.1,0.1,0.3,0.10000006,0.10000006,0.29999977,7.576403,-1.6637418e-09,0.0
34.85,0.1,0.1,0.3,0.10000006,0.10000006,0.29999977,7.576386,-6.0923453e-09,0.0
34.855000000000004,0.1,0.1,0.3,0.10000006,0.10000006,0.29999977,7.576369,-2.81103e-10,0.0
34.86,0.1,0.1,0.3,0.10000006,0.10000006,0.29999977,7.576352,2.1909266e-11,0.0
34.865,0.1,0.1,0.3,0.10000006,0.10000006,0.29999977,7.576335,9.607293e-10,0.0
34.87,0.1,0.1,0.3,0.10000006,0.10000006,0.29999977,7.576318,3.6502887e-10,0.0
34.875,0.1,0.1,0.3,0.10000006,0.10000006,0.29999977,7.5763006,6.2388024e-09,0.0
34.88,0.1,0.1,0.3,0.10000006,0.10000006,0.29999977,7.5762835,4.5196513e-09,0.0
34.885,0.1,0.1,0.3,0.10000006,0.10000006,0.29999977,7.576267,-2.0551738e-09,0.0
34.89,0.1,0.1,0.3,0.10000006,0.10000006,0.29999977,7.5762496,1.8951616e-11,0.0
34.895,0.1,0.1,0.3,0.10000006,0.10000006,0.29999977,7.5762324,-1.125036e-09,0.0
