strike_idx,target_time,peak_time,timing_err_ms,peak_force,success,tau,lh,seed,task,bpm,source
0,1.509998798370361,1.5149987936019895,4.999995231628418,50.98930358886719,True,0.5,0.1,1,double_160bpm,160.0,sim_tau
1,1.6099987030029297,1.6099987030029297,0.0,17.451833724975586,True,0.5,0.1,1,double_160bpm,160.0,sim_tau
2,1.889998435974121,1.9049984216690063,14.999985694885254,93.16867065429688,True,0.5,0.1,1,double_160bpm,160.0,sim_tau
3,1.969998359680176,1.9799983501434328,9.999990463256836,10.93600368499756,True,0.5,0.1,1,double_160bpm,160.0,sim_tau
4,2.2500040531158447,2.235003709793091,-15.000343322753906,10.704660415649414,True,0.5,0.1,1,double_160bpm,160.0,sim_tau
5,2.350006341934204,2.36000657081604,10.000228881835938,15.420528411865234,True,0.5,0.1,1,double_160bpm,160.0,sim_tau
6,2.6300127506256104,2.6300127506256104,0.0,8.60519790649414,True,0.5,0.1,1,double_160bpm,160.0,sim_tau
7,2.7300150394439697,2.7300150394439697,0.0,17.059955596923828,True,0.5,0.1,1,double_160bpm,160.0,sim_tau
8,3.010021448135376,3.005021333694458,-5.000114440917969,12.578006744384766,True,0.5,0.1,1,double_160bpm,160.0,sim_tau
9,3.110023736953736,3.110023736953736,0.0,18.268741607666016,True,0.5,0.1,1,double_160bpm,160.0,sim_tau
10,3.3900301456451416,3.400030374526977,10.000228881835493,10.409823417663574,True,0.5,0.1,1,double_160bpm,160.0,sim_tau
11,3.470031976699829,3.475032091140747,5.000114440917969,20.360374450683597,True,0.5,0.1,1,double_160bpm,160.0,sim_tau
12,3.7700388431549072,3.765038728713989,-5.000114440918413,20.91836929321289,True,0.5,0.1,1,double_160bpm,160.0,sim_tau
13,3.8500406742095943,3.8450405597686768,-5.000114440917525,11.814973831176758,True,0.5,0.1,1,double_160bpm,160.0,sim_tau
14,4.130046844482422,4.13504695892334,5.000114440917969,20.87022018432617,True,0.5,0.1,1,double_160bpm,160.0,sim_tau
15,4.230049133300781,4.235049247741699,5.000114440917969,17.413223266601562,True,0.5,0.1,1,double_160bpm,160.0,sim_tau
16,4.510055541992188,4.510055541992188,0.0,9.834003448486328,True,0.5,0.1,1,double_160bpm,160.0,sim_tau
17,4.610057830810547,4.610057830810547,0.0,17.94919204711914,True,0.5,0.1,1,double_160bpm,160.0,sim_tau
18,4.890064239501953,4.900064468383789,10.000228881835938,19.74714469909668,True,0.5,0.1,1,double_160bpm,160.0,sim_tau
19,4.970066070556641,4.970066070556641,0.0,10.86220359802246,True,0.5,0.1,1,double_160bpm,160.0,sim_tau
20,5.250072479248047,5.245072364807129,-5.000114440917969,9.578563690185549,True,0.5,0.1,1,double_160bpm,160.0,sim_tau
21,5.350074768066406,5.355074882507324,5.000114440917969,15.988308906555176,True,0.5,0.1,1,double_160bpm,160.0,sim_tau
22,5.6300811767578125,5.6300811767578125,0.0,8.775854110717773,True,0.5,0.1,1,double_160bpm,160.0,sim_tau
23,5.730083465576172,5.730083465576172,0.0,17.430797576904297,True,0.5,0.1,1,double_160bpm,160.0,sim_tau
24,1.509998798370361,1.5149987936019895,4.999995231628418,50.7143783569336,True,0.5,0.1,1,double_160bpm,160.0,sim_tau
25,1.6099987030029297,1.6099987030029297,0.0,16.197275161743164,True,0.5,0.1,1,double_160bpm,160.0,sim_tau
26,1.889998435974121,1.864998459815979,-24.99997615814209,10.373217582702637,True,0.5,0.1,1,double_160bpm,160.0,sim_tau
27,1.969998359680176,1.949998378753662,-19.999980926513892,11.361780166625977,True,0.5,0.1,1,double_160bpm,160.0,sim_tau
28,2.2500040531158447,2.220003366470337,-30.000686645507812,26.66421890258789,False,0.5,0.1,1,double_160bpm,160.0,sim_tau
29,2.350006341934204,2.340006113052368,-10.000228881835938,11.068387985229492,True,0.5,0.1,1,double_160bpm,160.0,sim_tau
30,2.6300127506256104,2.6250126361846924,-5.000114440917969,10.298986434936523,True,0.5,0.1,1,double_160bpm,160.0,sim_tau
31,2.7300150394439697,2.735015153884888,5.000114440918413,16.10533905029297,True,0.5,0.1,1,double_160bpm,160.0,sim_tau
32,3.010021448135376,3.005021333694458,-5.000114440917969,9.991753578186035,True,0.5,0.1,1,double_160bpm,160.0,sim_tau
33,3.110023736953736,3.110023736953736,0.0,17.581863403320312,True,0.5,0.1,1,double_160bpm,160.0,sim_tau
34,3.3900301456451416,3.3800299167633057,-10.000228881835938,8.423883438110352,True,0.5,0.1,1,double_160bpm,160.0,sim_tau
35,3.470031976699829,3.465031862258911,-5.000114440917969,9.548959732055664,True,0.5,0.1,1,double_160bpm,160.0,sim_tau
36,3.7700388431549072,3.7600386142730713,-10.000228881835938,19.182714462280277,True,0.5,0.1,1,double_160bpm,160.0,sim_tau
37,3.8500406742095943,3.8550407886505127,5.000114440918413,12.06007194519043,True,0.5,0.1,1,double_160bpm,160.0,sim_tau
38,4.130046844482422,4.095046043395996,-35.00080108642578,21.31183242797852,False,0.5,0.1,1,double_160bpm,160.0,sim_tau
39,4.230049133300781,4.235049247741699,5.000114440917969,15.312054634094238,True,0.5,0.1,1,double_160bpm,160.0,sim_tau
40,4.510055541992188,4.5050554275512695,-5.000114440918857,10.21930694580078,True,0.5,0.1,1,double_160bpm,160.0,sim_tau
41,4.610057830810547,4.615057945251465,5.000114440917969,16.423070907592773,True,0.5,0.1,1,double_160bpm,160.0,sim_tau
42,4.890064239501953,4.915064811706543,25.000572204589844,11.134783744812012,True,0.5,0.1,1,double_160bpm,160.0,sim_tau
43,4.970066070556641,4.965065956115723,-5.000114440917969,10.504135131835938,True,0.5,0.1,1,double_160bpm,160.0,sim_tau
44,5.250072479248047,5.215071678161621,-35.00080108642578,16.119625091552734,False,0.5,0.1,1,double_160bpm,160.0,sim_tau
45,5.350074768066406,5.355074882507324,5.000114440917969,8.677546501159668,True,0.5,0.1,1,double_160bpm,160.0,sim_tau
46,5.6300811767578125,5.6300811767578125,0.0,11.321131706237791,True,0.5,0.1,1,double_160bpm,160.0,sim_tau
47,5.730083465576172,5.725083351135254,-5.000114440917969,8.865129470825195,True,0.5,0.1,1,double_160bpm,160.0,sim_tau
48,1.509998798370361,1.5149987936019895,4.999995231628418,50.70936584472656,True,0.5,0.1,1,double_160bpm,160.0,sim_tau
49,1.6099987030029297,1.589998722076416,-19.999980926513672,10.160980224609377,True,0.5,0.1,1,double_160bpm,160.0,sim_tau
50,1.889998435974121,1.8599984645843504,-29.999971389770728,12.081047058105469,True,0.5,0.1,1,double_160bpm,160.0,sim_tau
51,1.969998359680176,1.9299983978271484,-39.999961853027564,12.60584831237793,False,0.5,0.1,1,double_160bpm,160.0,sim_tau
52,2.2500040531158447,2.215003252029419,-35.00080108642578,38.9990463256836,False,0.5,0.1,1,double_160bpm,160.0,sim_tau
53,2.350006341934204,2.365006685256958,15.000343322753906,30.78107452392578,True,0.5,0.1,1,double_160bpm,160.0,sim_tau
54,2.6300127506256104,2.660013437271118,30.000686645507812,13.359844207763672,False,0.5,0.1,1,double_160bpm,160.0,sim_tau
55,2.7300150394439697,2.70501446723938,-25.000572204589844,13.41197395324707,True,0.5,0.1,1,double_160bpm,160.0,sim_tau
56,3.010021448135376,3.0750229358673096,65.0014877319336,11.157161712646484,False,0.5,0.1,1,double_160bpm,160.0,sim_tau
57,3.110023736953736,3.0800230503082275,-30.000686645508257,16.461395263671875,False,0.5,0.1,1,double_160bpm,160.0,sim_tau
58,3.3900301456451416,3.360029458999634,-30.000686645507812,16.552932739257812,False,0.5,0.1,1,double_160bpm,160.0,sim_tau
59,3.470031976699829,3.4450314044952397,-25.0005722045894,11.868534088134766,True,0.5,0.1,1,double_160bpm,160.0,sim_tau
60,3.7700388431549072,3.790039300918579,20.000457763671875,11.748170852661133,True,0.5,0.1,1,double_160bpm,160.0,sim_tau
61,3.8500406742095943,3.820039987564087,-30.00068664550737,10.665761947631836,False,0.5,0.1,1,double_160bpm,160.0,sim_tau
62,4.130046844482422,4.090045928955078,-40.00091552734375,15.56749153137207,False,0.5,0.1,1,double_160bpm,160.0,sim_tau
63,4.230049133300781,4.210048675537109,-20.000457763671875,31.077890396118164,True,0.5,0.1,1,double_160bpm,160.0,sim_tau
64,4.510055541992188,4.530055999755859,20.000457763670987,17.74740982055664,True,0.5,0.1,1,double_160bpm,160.0,sim_tau
65,4.610057830810547,4.565056800842285,-45.00102996826172,8487.5244140625,False,0.5,0.1,1,double_160bpm,160.0,sim_tau
66,4.890064239501953,4.860063552856445,-30.000686645507812,16.850906372070312,False,0.5,0.1,1,double_160bpm,160.0,sim_tau
67,4.970066070556641,4.9850664138793945,15.000343322753906,12.246084213256836,True,0.5,0.1,1,double_160bpm,160.0,sim_tau
68,5.250072479248047,5.215071678161621,-35.00080108642578,15.604745864868164,False,0.5,0.1,1,double_160bpm,160.0,sim_tau
69,5.350074768066406,5.3050737380981445,-45.00102996826172,11.566998481750488,False,0.5,0.1,1,double_160bpm,160.0,sim_tau
70,5.6300811767578125,5.590080261230469,-40.00091552734375,12.128568649291992,False,0.5,0.1,1,double_160bpm,160.0,sim_tau
71,5.730083465576172,5.725083351135254,-5.000114440917969,11.917998313903809,True,0.5,0.1,1,double_160bpm,160.0,sim_tau
0,0.4299997389316559,0.4399997293949127,9.999990463256836,10.817269325256348,True,0.5,0.1,1,gmd_03_high_bpm138,138.0,sim_tau
1,0.749999463558197,,,0.0,False,0.5,0.1,1,gmd_03_high_bpm138,138.0,sim_tau
2,0.9699992537498474,,,0.0,False,0.5,0.1,1,gmd_03_high_bpm138,138.0,sim_tau
3,1.6299986839294434,,,0.0,False,0.5,0.1,1,gmd_03_high_bpm138,138.0,sim_tau
4,2.170002222061157,2.1450016498565674,-25.0005722045894,177.11184692382812,True,0.5,0.1,1,gmd_03_high_bpm138,138.0,sim_tau
5,2.510010004043579,2.520010232925415,10.000228881835938,12.563669204711914,True,0.5,0.1,1,gmd_03_high_bpm138,138.0,sim_tau
6,2.710014581680298,2.695014238357544,-15.000343322753906,19.58422470092773,True,0.5,0.1,1,gmd_03_high_bpm138,138.0,sim_tau
7,3.030021905899048,3.035022020339966,5.000114440917969,12.19021224975586,True,0.5,0.1,1,gmd_03_high_bpm138,138.0,sim_tau
8,3.3700296878814697,,,0.0,False,0.5,0.1,1,gmd_03_high_bpm138,138.0,sim_tau
9,3.490032434463501,3.490032434463501,0.0,10.876148223876951,True,0.5,0.1,1,gmd_03_high_bpm138,138.0,sim_tau
10,4.230049133300781,,,0.0,False,0.5,0.1,1,gmd_03_high_bpm138,138.0,sim_tau
11,4.450054168701172,4.435053825378418,-15.000343322753906,19.177377700805664,True,0.5,0.1,1,gmd_03_high_bpm138,138.0,sim_tau
12,4.9900665283203125,,,0.0,False,0.5,0.1,1,gmd_03_high_bpm138,138.0,sim_tau
13,5.290073394775391,5.255072593688965,-35.00080108642578,28.359769821166992,False,0.5,0.1,1,gmd_03_high_bpm138,138.0,sim_tau
14,5.6300811767578125,5.645081520080566,15.000343322753906,12.46395492553711,True,0.5,0.1,1,gmd_03_high_bpm138,138.0,sim_tau
15,5.930088043212891,,,0.0,False,0.5,0.1,1,gmd_03_high_bpm138,138.0,sim_tau
16,6.170093536376953,6.135092735290527,-35.00080108642578,25.955463409423828,False,0.5,0.1,1,gmd_03_high_bpm138,138.0,sim_tau
17,6.710105895996094,,,0.0,False,0.5,0.1,1,gmd_03_high_bpm138,138.0,sim_tau
18,7.010112762451172,7.010112762451172,0.0,18.592845916748047,True,0.5,0.1,1,gmd_03_high_bpm138,138.0,sim_tau
19,7.370121002197266,7.375121116638184,5.000114440917969,10.175103187561035,True,0.5,0.1,1,gmd_03_high_bpm138,138.0,sim_tau
20,7.710128784179687,,,0.0,False,0.5,0.1,1,gmd_03_high_bpm138,138.0,sim_tau
21,7.95013427734375,,,0.0,False,0.5,0.1,1,gmd_03_high_bpm138,138.0,sim_tau
22,8.230140686035156,8.200139999389648,-30.000686645507812,32.800376892089844,False,0.5,0.1,1,gmd_03_high_bpm138,138.0,sim_tau
23,8.570148468017578,,,0.0,False,0.5,0.1,1,gmd_03_high_bpm138,138.0,sim_tau
24,8.670150756835938,8.670150756835938,0.0,11.495346069335938,True,0.5,0.1,1,gmd_03_high_bpm138,138.0,sim_tau
25,9.13016128540039,9.145161628723145,15.000343322753906,11.961151123046877,True,0.5,0.1,1,gmd_03_high_bpm138,138.0,sim_tau
26,9.45016860961914,,,0.0,False,0.5,0.1,1,gmd_03_high_bpm138,138.0,sim_tau
27,9.690174102783203,9.690174102783203,0.0,44.19922256469727,True,0.5,0.1,1,gmd_03_high_bpm138,138.0,sim_tau
28,10.010181427001951,10.000181198120115,-10.000228881835938,311.50360107421875,True,0.5,0.1,1,gmd_03_high_bpm138,138.0,sim_tau
29,10.330188751220703,,,0.0,False,0.5,0.1,1,gmd_03_high_bpm138,138.0,sim_tau
30,10.890201568603516,10.900201797485352,10.000228881835938,11.441445350646973,True,0.5,0.1,1,gmd_03_high_bpm138,138.0,sim_tau
31,11.210208892822266,,,0.0,False,0.5,0.1,1,gmd_03_high_bpm138,138.0,sim_tau
32,11.430213928222656,11.415213584899902,-15.000343322753906,24.60970687866211,True,0.5,0.1,1,gmd_03_high_bpm138,138.0,sim_tau
33,11.970226287841797,,,0.0,False,0.5,0.1,1,gmd_03_high_bpm138,138.0,sim_tau
34,12.270233154296877,,,0.0,False,0.5,0.1,1,gmd_03_high_bpm138,138.0,sim_tau
35,12.610240936279297,12.635241508483888,25.00057220459162,13.632617950439451,True,0.5,0.1,1,gmd_03_high_bpm138,138.0,sim_tau
36,12.910247802734377,,,0.0,False,0.5,0.1,1,gmd_03_high_bpm138,138.0,sim_tau
37,13.670265197753906,,,0.0,False,0.5,0.1,1,gmd_03_high_bpm138,138.0,sim_tau
38,13.950271606445312,13.93527126312256,-15.00034332275213,20.36107063293457,True,0.5,0.1,1,gmd_03_high_bpm138,138.0,sim_tau
39,14.330280303955078,14.32528018951416,-5.000114440917969,11.07494068145752,True,0.5,0.1,1,gmd_03_high_bpm138,138.0,sim_tau
40,14.650287628173828,,,0.0,False,0.5,0.1,1,gmd_03_high_bpm138,138.0,sim_tau
41,14.89029312133789,,,0.0,False,0.5,0.1,1,gmd_03_high_bpm138,138.0,sim_tau
42,15.21030044555664,15.200300216674805,-10.000228881835938,19.73092460632324,True,0.5,0.1,1,gmd_03_high_bpm138,138.0,sim_tau
43,15.53030776977539,,,0.0,False,0.5,0.1,1,gmd_03_high_bpm138,138.0,sim_tau
44,15.610309600830078,15.610309600830078,0.0,19.87854766845703,True,0.5,0.1,1,gmd_03_high_bpm138,138.0,sim_tau
0,1.349998950958252,,,0.0,False,0.5,0.1,1,gmd_04_extreme_bpm170,170.0,sim_tau
1,1.7499985694885254,,,0.0,False,0.5,0.1,1,gmd_04_extreme_bpm170,170.0,sim_tau
2,2.3100054264068604,,,0.0,False,0.5,0.1,1,gmd_04_extreme_bpm170,170.0,sim_tau
3,2.7300150394439697,,,0.0,False,0.5,0.1,1,gmd_04_extreme_bpm170,170.0,sim_tau
4,3.190025568008423,,,0.0,False,0.5,0.1,1,gmd_04_extreme_bpm170,170.0,sim_tau
5,3.730037927627564,,,0.0,False,0.5,0.1,1,gmd_04_extreme_bpm170,170.0,sim_tau
6,4.11004638671875,,,0.0,False,0.5,0.1,1,gmd_04_extreme_bpm170,170.0,sim_tau
7,4.610057830810547,4.605057716369629,-5.000114440917969,11.72865104675293,True,0.5,0.1,1,gmd_04_extreme_bpm170,170.0,sim_tau
8,4.870063781738281,4.875063896179199,5.000114440917969,36.86750030517578,True,0.5,0.1,1,gmd_04_extreme_bpm170,170.0,sim_tau
9,5.130069732666016,,,0.0,False,0.5,0.1,1,gmd_04_extreme_bpm170,170.0,sim_tau
10,5.990089416503906,5.990089416503906,0.0,33.23337173461914,True,0.5,0.1,1,gmd_04_extreme_bpm170,170.0,sim_tau
11,6.35009765625,6.340097427368164,-10.000228881835938,10.434366226196287,True,0.5,0.1,1,gmd_04_extreme_bpm170,170.0,sim_tau
12,6.530101776123047,,,0.0,False,0.5,0.1,1,gmd_04_extreme_bpm170,170.0,sim_tau
13,6.710105895996094,6.730106353759766,20.000457763671875,21.57916259765625,True,0.5,0.1,1,gmd_04_extreme_bpm170,170.0,sim_tau
14,6.950111389160156,,,0.0,False,0.5,0.1,1,gmd_04_extreme_bpm170,170.0,sim_tau
15,7.410121917724609,7.415122032165527,5.000114440917969,35.14350891113281,True,0.5,0.1,1,gmd_04_extreme_bpm170,170.0,sim_tau
16,7.750129699707031,7.740129470825195,-10.000228881835938,37.21353912353516,True,0.5,0.1,1,gmd_04_extreme_bpm170,170.0,sim_tau
17,8.010135650634766,,,0.0,False,0.5,0.1,1,gmd_04_extreme_bpm170,170.0,sim_tau
18,8.090137481689453,,,0.0,False,0.5,0.1,1,gmd_04_extreme_bpm170,170.0,sim_tau
19,8.530147552490234,8.535147666931152,5.000114440917969,11.39593505859375,True,0.5,0.1,1,gmd_04_extreme_bpm170,170.0,sim_tau
20,8.970157623291016,,,0.0,False,0.5,0.1,1,gmd_04_extreme_bpm170,170.0,sim_tau
21,9.23016357421875,9.23016357421875,0.0,12.602557182312012,True,0.5,0.1,1,gmd_04_extreme_bpm170,170.0,sim_tau
22,9.490169525146484,9.47516918182373,-15.000343322753906,11.789121627807615,True,0.5,0.1,1,gmd_04_extreme_bpm170,170.0,sim_tau
23,9.690174102783203,,,0.0,False,0.5,0.1,1,gmd_04_extreme_bpm170,170.0,sim_tau
24,10.230186462402344,10.24018669128418,10.000228881835938,62.12805938720703,True,0.5,0.1,1,gmd_04_extreme_bpm170,170.0,sim_tau
25,10.570194244384766,10.570194244384766,0.0,67.14405822753906,True,0.5,0.1,1,gmd_04_extreme_bpm170,170.0,sim_tau
26,10.8302001953125,10.900201797485352,70.00160217285156,15.550592422485352,False,0.5,0.1,1,gmd_04_extreme_bpm170,170.0,sim_tau
27,10.93020248413086,10.940202713012695,10.000228881835938,9.472455024719238,True,0.5,0.1,1,gmd_04_extreme_bpm170,170.0,sim_tau
28,11.390213012695312,11.37521266937256,-15.00034332275213,66.92596435546875,True,0.5,0.1,1,gmd_04_extreme_bpm170,170.0,sim_tau
29,11.850223541259766,,,0.0,False,0.5,0.1,1,gmd_04_extreme_bpm170,170.0,sim_tau
30,12.090229034423828,12.070228576660156,-20.000457763671875,9.088321685791016,True,0.5,0.1,1,gmd_04_extreme_bpm170,170.0,sim_tau
31,12.350234985351562,12.360235214233398,10.000228881835938,9.914803504943848,True,0.5,0.1,1,gmd_04_extreme_bpm170,170.0,sim_tau
32,12.55023956298828,,,0.0,False,0.5,0.1,1,gmd_04_extreme_bpm170,170.0,sim_tau
33,12.65024185180664,12.665242195129396,15.000343322755683,362.66741943359375,True,0.5,0.1,1,gmd_04_extreme_bpm170,170.0,sim_tau
34,13.07025146484375,,,0.0,False,0.5,0.1,1,gmd_04_extreme_bpm170,170.0,sim_tau
35,13.3902587890625,,,0.0,False,0.5,0.1,1,gmd_04_extreme_bpm170,170.0,sim_tau
36,13.670265197753906,13.745266914367676,75.00171661376953,9.58468532562256,False,0.5,0.1,1,gmd_04_extreme_bpm170,170.0,sim_tau
37,13.770267486572266,13.775267601013184,5.000114440917969,22.18079376220703,True,0.5,0.1,1,gmd_04_extreme_bpm170,170.0,sim_tau
38,14.210277557373049,,,0.0,False,0.5,0.1,1,gmd_04_extreme_bpm170,170.0,sim_tau
39,14.630287170410156,,,0.0,False,0.5,0.1,1,gmd_04_extreme_bpm170,170.0,sim_tau
40,14.89029312133789,14.885293006896973,-5.000114440917969,17.56739044189453,True,0.5,0.1,1,gmd_04_extreme_bpm170,170.0,sim_tau
41,15.150299072265623,15.150299072265623,0.0,19.14472198486328,True,0.5,0.1,1,gmd_04_extreme_bpm170,170.0,sim_tau
42,15.350303649902344,,,0.0,False,0.5,0.1,1,gmd_04_extreme_bpm170,170.0,sim_tau
43,15.85031509399414,15.85031509399414,0.0,62.15792083740234,True,0.5,0.1,1,gmd_04_extreme_bpm170,170.0,sim_tau
0,1.509998798370361,1.5199987888336182,9.999990463257058,40.9995231628418,True,0.5,0.25,1,double_160bpm,160.0,sim_tau
1,1.6099987030029297,1.6199986934661863,9.999990463256614,20.859298706054688,True,0.5,0.25,1,double_160bpm,160.0,sim_tau
2,1.889998435974121,1.884998440742493,-4.999995231628196,24.32062530517578,True,0.5,0.25,1,double_160bpm,160.0,sim_tau
3,1.969998359680176,1.9649983644485476,-4.999995231628418,18.90830993652344,True,0.5,0.25,1,double_160bpm,160.0,sim_tau
4,2.2500040531158447,2.2450039386749268,-5.000114440917969,11.793346405029297,True,0.5,0.25,1,double_160bpm,160.0,sim_tau
5,2.350006341934204,2.345006227493286,-5.000114440917969,11.554692268371582,True,0.5,0.25,1,double_160bpm,160.0,sim_tau
6,2.6300127506256104,2.6100122928619385,-20.000457763671875,26.905797958374023,True,0.5,0.25,1,double_160bpm,160.0,sim_tau
7,2.7300150394439697,2.735015153884888,5.000114440918413,94.74091339111328,True,0.5,0.25,1,double_160bpm,160.0,sim_tau
8,3.010021448135376,3.015021562576294,5.000114440917969,12.850934982299805,True,0.5,0.25,1,double_160bpm,160.0,sim_tau
9,3.110023736953736,3.1150238513946533,5.000114440917525,19.54356002807617,True,0.5,0.25,1,double_160bpm,160.0,sim_tau
10,3.3900301456451416,3.3900301456451416,0.0,9.561637878417969,True,0.5,0.25,1,double_160bpm,160.0,sim_tau
11,3.470031976699829,3.470031976699829,0.0,21.41641998291016,True,0.5,0.25,1,double_160bpm,160.0,sim_tau
12,3.7700388431549072,3.7600386142730713,-10.000228881835938,369.6854248046875,True,0.5,0.25,1,double_160bpm,160.0,sim_tau
13,3.8500406742095943,3.8550407886505127,5.000114440918413,11.810352325439451,True,0.5,0.25,1,double_160bpm,160.0,sim_tau
14,4.130046844482422,4.130046844482422,0.0,22.02782440185547,True,0.5,0.25,1,double_160bpm,160.0,sim_tau
15,4.230049133300781,4.230049133300781,0.0,19.7717399597168,True,0.5,0.25,1,double_160bpm,160.0,sim_tau
16,4.510055541992188,4.5050554275512695,-5.000114440918857,10.78489112854004,True,0.5,0.25,1,double_160bpm,160.0,sim_tau
17,4.610057830810547,4.615057945251465,5.000114440917969,18.67870330810547,True,0.5,0.25,1,double_160bpm,160.0,sim_tau
18,4.890064239501953,4.880064010620117,-10.000228881835938,519.30615234375,True,0.5,0.25,1,double_160bpm,160.0,sim_tau
19,4.970066070556641,4.975066184997559,5.000114440917969,11.59018898010254,True,0.5,0.25,1,double_160bpm,160.0,sim_tau
20,5.250072479248047,5.245072364807129,-5.000114440917969,24.558582305908203,True,0.5,0.25,1,double_160bpm,160.0,sim_tau
21,5.350074768066406,5.360074996948242,10.000228881835938,19.867599487304688,True,0.5,0.25,1,double_160bpm,160.0,sim_tau
22,5.6300811767578125,5.6300811767578125,0.0,18.349998474121094,True,0.5,0.25,1,double_160bpm,160.0,sim_tau
23,5.730083465576172,5.730083465576172,0.0,20.18717193603516,True,0.5,0.25,1,double_160bpm,160.0,sim_tau
24,1.509998798370361,1.5199987888336182,9.999990463257058,15.308027267456056,True,0.5,0.25,1,double_160bpm,160.0,sim_tau
25,1.6099987030029297,1.5949987173080444,-14.999985694885254,18.35973358154297,True,0.5,0.25,1,double_160bpm,160.0,sim_tau
26,1.889998435974121,1.884998440742493,-4.999995231628196,19.77621078491211,True,0.5,0.25,1,double_160bpm,160.0,sim_tau
27,1.969998359680176,1.9549983739852903,-14.999985694885698,23.253273010253903,True,0.5,0.25,1,double_160bpm,160.0,sim_tau
28,2.2500040531158447,2.265004396438598,15.000343322753462,17.982404708862305,True,0.5,0.25,1,double_160bpm,160.0,sim_tau
29,2.350006341934204,2.36000657081604,10.000228881835938,20.075401306152344,True,0.5,0.25,1,double_160bpm,160.0,sim_tau
30,2.6300127506256104,2.6500132083892822,20.000457763671875,18.5531063079834,True,0.5,0.25,1,double_160bpm,160.0,sim_tau
31,2.7300150394439697,2.735015153884888,5.000114440918413,10.936487197875977,True,0.5,0.25,1,double_160bpm,160.0,sim_tau
32,3.010021448135376,2.97502064704895,-35.00080108642578,20.499176025390625,False,0.5,0.25,1,double_160bpm,160.0,sim_tau
33,3.110023736953736,3.1000235080718994,-10.000228881836382,10.205810546875,True,0.5,0.25,1,double_160bpm,160.0,sim_tau
34,3.3900301456451416,3.385030031204224,-5.000114440917525,19.857563018798828,True,0.5,0.25,1,double_160bpm,160.0,sim_tau
35,3.470031976699829,3.465031862258911,-5.000114440917969,10.09379768371582,True,0.5,0.25,1,double_160bpm,160.0,sim_tau
36,3.7700388431549072,3.755038499832153,-15.00034332275435,8.127147674560547,True,0.5,0.25,1,double_160bpm,160.0,sim_tau
37,3.8500406742095943,3.875041246414185,25.000572204590732,20.85517883300781,True,0.5,0.25,1,double_160bpm,160.0,sim_tau
38,4.130046844482422,4.13504695892334,5.000114440917969,12.545674324035645,True,0.5,0.25,1,double_160bpm,160.0,sim_tau
39,4.230049133300781,4.230049133300781,0.0,11.210872650146484,True,0.5,0.25,1,double_160bpm,160.0,sim_tau
40,4.510055541992188,4.5050554275512695,-5.000114440918857,11.132256507873535,True,0.5,0.25,1,double_160bpm,160.0,sim_tau
41,4.610057830810547,4.615057945251465,5.000114440917969,13.961431503295898,True,0.5,0.25,1,double_160bpm,160.0,sim_tau
42,4.890064239501953,4.880064010620117,-10.000228881835938,77.89533996582031,True,0.5,0.25,1,double_160bpm,160.0,sim_tau
43,4.970066070556641,4.980066299438477,10.000228881835938,10.637861251831056,True,0.5,0.25,1,double_160bpm,160.0,sim_tau
44,5.250072479248047,5.255072593688965,5.000114440917969,12.775150299072266,True,0.5,0.25,1,double_160bpm,160.0,sim_tau
45,5.350074768066406,5.360074996948242,10.000228881835938,18.45230865478516,True,0.5,0.25,1,double_160bpm,160.0,sim_tau
46,5.6300811767578125,5.595080375671387,-35.00080108642578,19.812671661376957,False,0.5,0.25,1,double_160bpm,160.0,sim_tau
47,5.730083465576172,5.740083694458008,10.000228881835938,18.14230155944824,True,0.5,0.25,1,double_160bpm,160.0,sim_tau
48,1.509998798370361,1.5199987888336182,9.999990463257058,15.305944442749023,True,0.5,0.25,1,double_160bpm,160.0,sim_tau
49,1.6099987030029297,1.6299986839294434,19.999980926513672,19.03767204284668,True,0.5,0.25,1,double_160bpm,160.0,sim_tau
50,1.889998435974121,1.8799984455108645,-9.999990463256614,226.73367309570312,True,0.5,0.25,1,double_160bpm,160.0,sim_tau
51,1.969998359680176,1.9449983835220337,-24.99997615814231,10.34024143218994,True,0.5,0.25,1,double_160bpm,160.0,sim_tau
52,2.2500040531158447,2.215003252029419,-35.00080108642578,20.357696533203125,False,0.5,0.25,1,double_160bpm,160.0,sim_tau
53,2.350006341934204,2.36000657081604,10.000228881835938,13.041414260864258,True,0.5,0.25,1,double_160bpm,160.0,sim_tau
54,2.6300127506256104,2.660013437271118,30.000686645507812,11.799548149108888,False,0.5,0.25,1,double_160bpm,160.0,sim_tau
55,2.7300150394439697,2.7400152683258057,10.000228881835938,17.64910125732422,True,0.5,0.25,1,double_160bpm,160.0,sim_tau
56,3.010021448135376,2.97502064704895,-35.00080108642578,20.39351463317871,False,0.5,0.25,1,double_160bpm,160.0,sim_tau
57,3.110023736953736,3.1300241947174072,20.00045776367143,19.814231872558597,True,0.5,0.25,1,double_160bpm,160.0,sim_tau
58,3.3900301456451416,3.360029458999634,-30.000686645507812,12.149961471557615,False,0.5,0.25,1,double_160bpm,160.0,sim_tau
59,3.470031976699829,3.480032205581665,10.000228881835938,11.876428604125977,True,0.5,0.25,1,double_160bpm,160.0,sim_tau
60,3.7700388431549072,3.7350380420684814,-35.00080108642578,34.69652557373047,False,0.5,0.25,1,double_160bpm,160.0,sim_tau
61,3.8500406742095943,3.820039987564087,-30.00068664550737,20.251304626464844,False,0.5,0.25,1,double_160bpm,160.0,sim_tau
62,4.130046844482422,4.16004753112793,30.000686645507812,10.406179428100586,False,0.5,0.25,1,double_160bpm,160.0,sim_tau
63,4.230049133300781,4.250049591064453,20.000457763671875,19.31455612182617,True,0.5,0.25,1,double_160bpm,160.0,sim_tau
64,4.510055541992188,4.495055198669434,-15.000343322754794,12389.66796875,True,0.5,0.25,1,double_160bpm,160.0,sim_tau
65,4.610057830810547,4.620058059692383,10.000228881835938,19.60886573791504,True,0.5,0.25,1,double_160bpm,160.0,sim_tau
66,4.890064239501953,4.865063667297363,-25.000572204589844,60.85802459716797,True,0.5,0.25,1,double_160bpm,160.0,sim_tau
67,4.970066070556641,4.995066642761231,25.000572204590732,20.520862579345703,True,0.5,0.25,1,double_160bpm,160.0,sim_tau
68,5.250072479248047,5.215071678161621,-35.00080108642578,20.528308868408203,False,0.5,0.25,1,double_160bpm,160.0,sim_tau
69,5.350074768066406,5.360074996948242,10.000228881835938,20.087854385375977,True,0.5,0.25,1,double_160bpm,160.0,sim_tau
70,5.6300811767578125,5.595080375671387,-35.00080108642578,20.148941040039062,False,0.5,0.25,1,double_160bpm,160.0,sim_tau
71,5.730083465576172,5.740083694458008,10.000228881835938,9.736913681030272,True,0.5,0.25,1,double_160bpm,160.0,sim_tau
0,0.4299997389316559,0.4349997341632843,4.999995231628418,13.780696868896484,True,0.5,0.25,1,gmd_03_high_bpm138,138.0,sim_tau
1,0.749999463558197,0.749999463558197,0.0,13.366650581359863,True,0.5,0.25,1,gmd_03_high_bpm138,138.0,sim_tau
2,0.9699992537498474,0.9699992537498474,0.0,16.825830459594727,True,0.5,0.25,1,gmd_03_high_bpm138,138.0,sim_tau
3,1.6299986839294434,1.6099987030029297,-19.999980926513672,12.66720962524414,True,0.5,0.25,1,gmd_03_high_bpm138,138.0,sim_tau
4,2.170002222061157,2.170002222061157,0.0,18.04687118530273,True,0.5,0.25,1,gmd_03_high_bpm138,138.0,sim_tau
5,2.510010004043579,2.505009889602661,-5.000114440917969,8.778606414794922,True,0.5,0.25,1,gmd_03_high_bpm138,138.0,sim_tau
6,2.710014581680298,2.715014696121216,5.000114440917969,16.5069637298584,True,0.5,0.25,1,gmd_03_high_bpm138,138.0,sim_tau
7,3.030021905899048,2.995021104812622,-35.00080108642578,37.800254821777344,False,0.5,0.25,1,gmd_03_high_bpm138,138.0,sim_tau
8,3.3700296878814697,3.375029802322388,5.000114440918413,13.395255088806152,True,0.5,0.25,1,gmd_03_high_bpm138,138.0,sim_tau
9,3.490032434463501,3.470031976699829,-20.000457763671875,9.82895851135254,True,0.5,0.25,1,gmd_03_high_bpm138,138.0,sim_tau
10,4.230049133300781,4.210048675537109,-20.000457763671875,12.657121658325195,True,0.5,0.25,1,gmd_03_high_bpm138,138.0,sim_tau
11,4.450054168701172,4.450054168701172,0.0,18.948421478271484,True,0.5,0.25,1,gmd_03_high_bpm138,138.0,sim_tau
12,4.9900665283203125,4.995066642761231,5.000114440918857,13.408086776733398,True,0.5,0.25,1,gmd_03_high_bpm138,138.0,sim_tau
13,5.290073394775391,5.295073509216309,5.000114440917969,12.47786808013916,True,0.5,0.25,1,gmd_03_high_bpm138,138.0,sim_tau
14,5.6300811767578125,5.6300811767578125,0.0,2.8164072036743164,True,0.5,0.25,1,gmd_03_high_bpm138,138.0,sim_tau
15,5.930088043212891,5.930088043212891,0.0,17.11711883544922,True,0.5,0.25,1,gmd_03_high_bpm138,138.0,sim_tau
16,6.170093536376953,6.145092964172363,-25.000572204589844,12.549370765686035,True,0.5,0.25,1,gmd_03_high_bpm138,138.0,sim_tau
17,6.710105895996094,6.72010612487793,10.000228881835938,9.073490142822266,True,0.5,0.25,1,gmd_03_high_bpm138,138.0,sim_tau
18,7.010112762451172,7.010112762451172,0.0,15.50152587890625,True,0.5,0.25,1,gmd_03_high_bpm138,138.0,sim_tau
19,7.370121002197266,7.370121002197266,0.0,17.96320343017578,True,0.5,0.25,1,gmd_03_high_bpm138,138.0,sim_tau
20,7.710128784179687,7.710128784179687,0.0,16.47821617126465,True,0.5,0.25,1,gmd_03_high_bpm138,138.0,sim_tau
21,7.95013427734375,7.965134620666504,15.000343322753906,7.585357189178467,True,0.5,0.25,1,gmd_03_high_bpm138,138.0,sim_tau
22,8.230140686035156,8.235140800476074,5.000114440917969,13.42620086669922,True,0.5,0.25,1,gmd_03_high_bpm138,138.0,sim_tau
23,8.570148468017578,8.580148696899414,10.000228881835938,16.44955825805664,True,0.5,0.25,1,gmd_03_high_bpm138,138.0,sim_tau
24,8.670150756835938,8.64015007019043,-30.000686645507812,17.67571258544922,False,0.5,0.25,1,gmd_03_high_bpm138,138.0,sim_tau
25,9.13016128540039,9.13016128540039,0.0,16.067813873291016,True,0.5,0.25,1,gmd_03_high_bpm138,138.0,sim_tau
26,9.45016860961914,9.45016860961914,0.0,15.865594863891602,True,0.5,0.25,1,gmd_03_high_bpm138,138.0,sim_tau
27,9.690174102783203,9.690174102783203,0.0,17.122692108154297,True,0.5,0.25,1,gmd_03_high_bpm138,138.0,sim_tau
28,10.010181427001951,9.975180625915527,-35.000801086424005,38.03337478637695,False,0.5,0.25,1,gmd_03_high_bpm138,138.0,sim_tau
29,10.330188751220703,10.310188293457031,-20.000457763671875,12.833271026611328,True,0.5,0.25,1,gmd_03_high_bpm138,138.0,sim_tau
30,10.890201568603516,10.885201454162598,-5.000114440917969,19.82712173461914,True,0.5,0.25,1,gmd_03_high_bpm138,138.0,sim_tau
31,11.210208892822266,11.20020866394043,-10.000228881835938,10.701568603515623,True,0.5,0.25,1,gmd_03_high_bpm138,138.0,sim_tau
32,11.430213928222656,,,0.0,False,0.5,0.25,1,gmd_03_high_bpm138,138.0,sim_tau
33,11.970226287841797,11.96522617340088,-5.000114440916192,13.234216690063477,True,0.5,0.25,1,gmd_03_high_bpm138,138.0,sim_tau
34,12.270233154296877,12.265233039855955,-5.0001144409215215,13.173868179321287,True,0.5,0.25,1,gmd_03_high_bpm138,138.0,sim_tau
35,12.610240936279297,12.615241050720217,5.000114440919745,22.39969253540039,True,0.5,0.25,1,gmd_03_high_bpm138,138.0,sim_tau
36,12.910247802734377,12.890247344970703,-20.00045776367365,12.897647857666016,True,0.5,0.25,1,gmd_03_high_bpm138,138.0,sim_tau
37,13.670265197753906,13.670265197753906,0.0,10.011215209960938,True,0.5,0.25,1,gmd_03_high_bpm138,138.0,sim_tau
38,13.950271606445312,13.945271492004396,-5.000114440916192,13.403352737426758,True,0.5,0.25,1,gmd_03_high_bpm138,138.0,sim_tau
39,14.330280303955078,14.330280303955078,0.0,18.45766830444336,True,0.5,0.25,1,gmd_03_high_bpm138,138.0,sim_tau
40,14.650287628173828,14.650287628173828,0.0,16.705509185791016,True,0.5,0.25,1,gmd_03_high_bpm138,138.0,sim_tau
41,14.89029312133789,14.89029312133789,0.0,17.99777603149414,True,0.5,0.25,1,gmd_03_high_bpm138,138.0,sim_tau
42,15.21030044555664,15.21030044555664,0.0,18.76130485534668,True,0.5,0.25,1,gmd_03_high_bpm138,138.0,sim_tau
43,15.53030776977539,15.520307540893556,-10.000228881834161,16.10468292236328,True,0.5,0.25,1,gmd_03_high_bpm138,138.0,sim_tau
44,15.610309600830078,15.620309829711914,10.000228881835938,17.311046600341797,True,0.5,0.25,1,gmd_03_high_bpm138,138.0,sim_tau
0,1.349998950958252,1.3549989461898804,4.999995231628418,16.206741333007812,True,0.5,0.25,1,gmd_04_extreme_bpm170,170.0,sim_tau
1,1.7499985694885254,1.7499985694885254,0.0,16.973941802978516,True,0.5,0.25,1,gmd_04_extreme_bpm170,170.0,sim_tau
2,2.3100054264068604,2.3250057697296143,15.000343322753906,8.005126953125,True,0.5,0.25,1,gmd_04_extreme_bpm170,170.0,sim_tau
3,2.7300150394439697,2.710014581680298,-20.000457763671875,12.446409225463867,True,0.5,0.25,1,gmd_04_extreme_bpm170,170.0,sim_tau
4,3.190025568008423,3.185025453567505,-5.000114440917969,10.279528617858888,True,0.5,0.25,1,gmd_04_extreme_bpm170,170.0,sim_tau
5,3.730037927627564,3.7400381565094,10.000228881835938,13.920618057250977,True,0.5,0.25,1,gmd_04_extreme_bpm170,170.0,sim_tau
6,4.11004638671875,4.105046272277832,-5.000114440917969,10.281082153320312,True,0.5,0.25,1,gmd_04_extreme_bpm170,170.0,sim_tau
7,4.610057830810547,4.620058059692383,10.000228881835938,11.09706974029541,True,0.5,0.25,1,gmd_04_extreme_bpm170,170.0,sim_tau
8,4.870063781738281,4.865063667297363,-5.000114440917969,13.410844802856444,True,0.5,0.25,1,gmd_04_extreme_bpm170,170.0,sim_tau
9,5.130069732666016,5.130069732666016,0.0,17.39105224609375,True,0.5,0.25,1,gmd_04_extreme_bpm170,170.0,sim_tau
10,5.990089416503906,5.990089416503906,0.0,16.97022247314453,True,0.5,0.25,1,gmd_04_extreme_bpm170,170.0,sim_tau
11,6.35009765625,6.355097770690918,5.000114440917969,14.538030624389648,True,0.5,0.25,1,gmd_04_extreme_bpm170,170.0,sim_tau
12,6.530101776123047,6.525101661682129,-5.000114440917969,13.873010635375977,True,0.5,0.25,1,gmd_04_extreme_bpm170,170.0,sim_tau
13,6.710105895996094,6.710105895996094,0.0,15.787187576293944,True,0.5,0.25,1,gmd_04_extreme_bpm170,170.0,sim_tau
14,6.950111389160156,6.950111389160156,0.0,16.20682716369629,True,0.5,0.25,1,gmd_04_extreme_bpm170,170.0,sim_tau
15,7.410121917724609,7.370121002197266,-40.00091552734375,18.152341842651367,False,0.5,0.25,1,gmd_04_extreme_bpm170,170.0,sim_tau
16,7.750129699707031,7.745129585266113,-5.000114440917969,13.808412551879885,True,0.5,0.25,1,gmd_04_extreme_bpm170,170.0,sim_tau
17,8.010135650634766,7.97513484954834,-35.00080108642578,11.033531188964844,False,0.5,0.25,1,gmd_04_extreme_bpm170,170.0,sim_tau
18,8.090137481689453,8.100137710571289,10.000228881835938,17.775634765625,True,0.5,0.25,1,gmd_04_extreme_bpm170,170.0,sim_tau
19,8.530147552490234,8.530147552490234,0.0,17.585723876953125,True,0.5,0.25,1,gmd_04_extreme_bpm170,170.0,sim_tau
20,8.970157623291016,8.965157508850098,-5.000114440917969,12.452352523803713,True,0.5,0.25,1,gmd_04_extreme_bpm170,170.0,sim_tau
21,9.23016357421875,9.23016357421875,0.0,16.79772186279297,True,0.5,0.25,1,gmd_04_extreme_bpm170,170.0,sim_tau
22,9.490169525146484,9.495169639587402,5.000114440917969,13.07098388671875,True,0.5,0.25,1,gmd_04_extreme_bpm170,170.0,sim_tau
23,9.690174102783203,9.680173873901367,-10.000228881835938,10.972960472106934,True,0.5,0.25,1,gmd_04_extreme_bpm170,170.0,sim_tau
24,10.230186462402344,10.225186347961426,-5.000114440917969,10.003215789794922,True,0.5,0.25,1,gmd_04_extreme_bpm170,170.0,sim_tau
25,10.570194244384766,10.580194473266602,10.000228881835938,16.090503692626953,True,0.5,0.25,1,gmd_04_extreme_bpm170,170.0,sim_tau
26,10.8302001953125,10.845200538635254,15.000343322753906,18.03934669494629,True,0.5,0.25,1,gmd_04_extreme_bpm170,170.0,sim_tau
27,10.93020248413086,10.92520236968994,-5.000114440919745,15.970840454101562,True,0.5,0.25,1,gmd_04_extreme_bpm170,170.0,sim_tau
28,11.390213012695312,11.380212783813477,-10.000228881835938,9.74423599243164,True,0.5,0.25,1,gmd_04_extreme_bpm170,170.0,sim_tau
29,11.850223541259766,,,0.0,False,0.5,0.25,1,gmd_04_extreme_bpm170,170.0,sim_tau
30,12.090229034423828,12.08522891998291,-5.000114440917969,14.38481330871582,True,0.5,0.25,1,gmd_04_extreme_bpm170,170.0,sim_tau
31,12.350234985351562,12.340234756469728,-10.000228881834161,15.102387428283691,True,0.5,0.25,1,gmd_04_extreme_bpm170,170.0,sim_tau
32,12.55023956298828,12.55023956298828,0.0,26.97054672241211,True,0.5,0.25,1,gmd_04_extreme_bpm170,170.0,sim_tau
33,12.65024185180664,12.65524196624756,5.000114440919745,18.27817726135254,True,0.5,0.25,1,gmd_04_extreme_bpm170,170.0,sim_tau
34,13.07025146484375,13.07025146484375,0.0,18.382827758789062,True,0.5,0.25,1,gmd_04_extreme_bpm170,170.0,sim_tau
35,13.3902587890625,13.380258560180664,-10.000228881835938,11.66657829284668,True,0.5,0.25,1,gmd_04_extreme_bpm170,170.0,sim_tau
36,13.670265197753906,13.68526554107666,15.000343322753906,7.361239433288574,True,0.5,0.25,1,gmd_04_extreme_bpm170,170.0,sim_tau
37,13.770267486572266,13.780267715454102,10.000228881835938,16.784074783325195,True,0.5,0.25,1,gmd_04_extreme_bpm170,170.0,sim_tau
38,14.210277557373049,14.210277557373049,0.0,16.886920928955078,True,0.5,0.25,1,gmd_04_extreme_bpm170,170.0,sim_tau
39,14.630287170410156,14.635287284851074,5.000114440917969,13.51171875,True,0.5,0.25,1,gmd_04_extreme_bpm170,170.0,sim_tau
40,14.89029312133789,14.89029312133789,0.0,16.071788787841797,True,0.5,0.25,1,gmd_04_extreme_bpm170,170.0,sim_tau
41,15.150299072265623,15.170299530029297,20.00045776367365,12.431692123413086,True,0.5,0.25,1,gmd_04_extreme_bpm170,170.0,sim_tau
42,15.350303649902344,15.355303764343262,5.000114440917969,15.823531150817873,True,0.5,0.25,1,gmd_04_extreme_bpm170,170.0,sim_tau
43,15.85031509399414,15.840314865112305,-10.000228881835938,11.74959945678711,True,0.5,0.25,1,gmd_04_extreme_bpm170,170.0,sim_tau
0,1.509998798370361,1.509998798370361,0.0,19.593246459960938,True,0.5,0.5,1,double_160bpm,160.0,sim_tau
1,1.6099987030029297,1.6099987030029297,0.0,10.535799026489258,True,0.5,0.5,1,double_160bpm,160.0,sim_tau
2,1.889998435974121,1.889998435974121,0.0,10.073397636413574,True,0.5,0.5,1,double_160bpm,160.0,sim_tau
3,1.969998359680176,1.969998359680176,0.0,24.19183349609375,True,0.5,0.5,1,double_160bpm,160.0,sim_tau
4,2.2500040531158447,2.2500040531158447,0.0,10.049421310424805,True,0.5,0.5,1,double_160bpm,160.0,sim_tau
5,2.350006341934204,2.350006341934204,0.0,16.70929718017578,True,0.5,0.5,1,double_160bpm,160.0,sim_tau
6,2.6300127506256104,2.6300127506256104,0.0,16.44731330871582,True,0.5,0.5,1,double_160bpm,160.0,sim_tau
7,2.7300150394439697,2.7300150394439697,0.0,15.77281665802002,True,0.5,0.5,1,double_160bpm,160.0,sim_tau
8,3.010021448135376,3.010021448135376,0.0,11.636788368225098,True,0.5,0.5,1,double_160bpm,160.0,sim_tau
9,3.110023736953736,3.110023736953736,0.0,18.65170288085937,True,0.5,0.5,1,double_160bpm,160.0,sim_tau
10,3.3900301456451416,3.400030374526977,10.000228881835493,10.512049674987791,True,0.5,0.5,1,double_160bpm,160.0,sim_tau
11,3.470031976699829,3.470031976699829,0.0,29.414962768554688,True,0.5,0.5,1,double_160bpm,160.0,sim_tau
12,3.7700388431549072,3.755038499832153,-15.00034332275435,15.310571670532228,True,0.5,0.5,1,double_160bpm,160.0,sim_tau
13,3.8500406742095943,3.8550407886505127,5.000114440918413,9.974449157714844,True,0.5,0.5,1,double_160bpm,160.0,sim_tau
14,4.130046844482422,4.130046844482422,0.0,19.5997314453125,True,0.5,0.5,1,double_160bpm,160.0,sim_tau
15,4.230049133300781,4.240049362182617,10.000228881835938,2.797676086425781,True,0.5,0.5,1,double_160bpm,160.0,sim_tau
16,4.510055541992188,4.5150556564331055,5.000114440917081,19.63479423522949,True,0.5,0.5,1,double_160bpm,160.0,sim_tau
17,4.610057830810547,4.605057716369629,-5.000114440917969,15.168724060058594,True,0.5,0.5,1,double_160bpm,160.0,sim_tau
18,4.890064239501953,4.875063896179199,-15.000343322753906,10.337154388427734,True,0.5,0.5,1,double_160bpm,160.0,sim_tau
19,4.970066070556641,4.975066184997559,5.000114440917969,21.87210273742676,True,0.5,0.5,1,double_160bpm,160.0,sim_tau
20,5.250072479248047,5.235072135925293,-15.000343322753906,9.667055130004885,True,0.5,0.5,1,double_160bpm,160.0,sim_tau
21,5.350074768066406,5.355074882507324,5.000114440917969,11.619095802307127,True,0.5,0.5,1,double_160bpm,160.0,sim_tau
22,5.6300811767578125,5.6300811767578125,0.0,2.57463812828064,True,0.5,0.5,1,double_160bpm,160.0,sim_tau
23,5.730083465576172,5.730083465576172,0.0,16.806533813476562,True,0.5,0.5,1,double_160bpm,160.0,sim_tau
24,1.509998798370361,1.504998803138733,-4.999995231628196,12.077621459960938,True,0.5,0.5,1,double_160bpm,160.0,sim_tau
25,1.6099987030029297,1.614998698234558,4.999995231628418,14.311248779296877,True,0.5,0.5,1,double_160bpm,160.0,sim_tau
26,1.889998435974121,1.889998435974121,0.0,10.179431915283203,True,0.5,0.5,1,double_160bpm,160.0,sim_tau
27,1.969998359680176,1.974998354911804,4.999995231627974,19.47880172729492,True,0.5,0.5,1,double_160bpm,160.0,sim_tau
28,2.2500040531158447,2.2600042819976807,10.000228881835938,10.580815315246582,True,0.5,0.5,1,double_160bpm,160.0,sim_tau
29,2.350006341934204,2.350006341934204,0.0,14.16859531402588,True,0.5,0.5,1,double_160bpm,160.0,sim_tau
30,2.6300127506256104,2.6400129795074463,10.000228881835938,11.74686050415039,True,0.5,0.5,1,double_160bpm,160.0,sim_tau
31,2.7300150394439697,2.735015153884888,5.000114440918413,10.938372611999512,True,0.5,0.5,1,double_160bpm,160.0,sim_tau
32,3.010021448135376,3.00002121925354,-10.000228881835938,11.857446670532228,True,0.5,0.5,1,double_160bpm,160.0,sim_tau
33,3.110023736953736,3.110023736953736,0.0,19.697975158691406,True,0.5,0.5,1,double_160bpm,160.0,sim_tau
34,3.3900301456451416,3.3800299167633057,-10.000228881835938,11.883440017700195,True,0.5,0.5,1,double_160bpm,160.0,sim_tau
35,3.470031976699829,3.455031633377075,-15.000343322753906,14.202251434326172,True,0.5,0.5,1,double_160bpm,160.0,sim_tau
36,3.7700388431549072,3.755038499832153,-15.00034332275435,14.541614532470703,True,0.5,0.5,1,double_160bpm,160.0,sim_tau
37,3.8500406742095943,3.860040903091431,10.000228881836826,12.746255874633787,True,0.5,0.5,1,double_160bpm,160.0,sim_tau
38,4.130046844482422,4.145047187805176,15.000343322753906,11.12448501586914,True,0.5,0.5,1,double_160bpm,160.0,sim_tau
39,4.230049133300781,4.245049476623535,15.000343322753906,1.7714946269989014,True,0.5,0.5,1,double_160bpm,160.0,sim_tau
40,4.510055541992188,4.550056457519531,40.00091552734286,20.532663345336918,False,0.5,0.5,1,double_160bpm,160.0,sim_tau
41,4.610057830810547,4.620058059692383,10.000228881835938,2.808600902557373,True,0.5,0.5,1,double_160bpm,160.0,sim_tau
42,4.890064239501953,4.870063781738281,-20.000457763671875,8.65780258178711,True,0.5,0.5,1,double_160bpm,160.0,sim_tau
43,4.970066070556641,4.980066299438477,10.000228881835938,7.258439540863037,True,0.5,0.5,1,double_160bpm,160.0,sim_tau
44,5.250072479248047,5.270072937011719,20.000457763671875,11.47186279296875,True,0.5,0.5,1,double_160bpm,160.0,sim_tau
45,5.350074768066406,5.360074996948242,10.000228881835938,2.7878689765930176,True,0.5,0.5,1,double_160bpm,160.0,sim_tau
46,5.6300811767578125,5.615080833435059,-15.000343322753906,11.988298416137695,True,0.5,0.5,1,double_160bpm,160.0,sim_tau
47,5.730083465576172,5.730083465576172,0.0,16.372600555419922,True,0.5,0.5,1,double_160bpm,160.0,sim_tau
48,1.509998798370361,1.5249987840652466,14.999985694885476,11.157838821411133,True,0.5,0.5,1,double_160bpm,160.0,sim_tau
49,1.6099987030029297,1.6049987077713013,-4.999995231628418,15.30059051513672,True,0.5,0.5,1,double_160bpm,160.0,sim_tau
50,1.889998435974121,1.874998450279236,-14.999985694885032,10.366453170776367,True,0.5,0.5,1,double_160bpm,160.0,sim_tau
51,1.969998359680176,1.9799983501434328,9.999990463256836,13.124372482299805,True,0.5,0.5,1,double_160bpm,160.0,sim_tau
52,2.2500040531158447,2.2600042819976807,10.000228881835938,10.240800857543944,True,0.5,0.5,1,double_160bpm,160.0,sim_tau
53,2.350006341934204,2.350006341934204,0.0,14.625329971313477,True,0.5,0.5,1,double_160bpm,160.0,sim_tau
54,2.6300127506256104,2.6450130939483643,15.000343322753906,11.39506721496582,True,0.5,0.5,1,double_160bpm,160.0,sim_tau
55,2.7300150394439697,2.720014810562134,-10.000228881835938,11.48175048828125,True,0.5,0.5,1,double_160bpm,160.0,sim_tau
56,3.010021448135376,3.05002236366272,40.00091552734419,20.49029541015625,False,0.5,0.5,1,double_160bpm,160.0,sim_tau
57,3.110023736953736,3.1050236225128174,-5.000114440918413,15.157525062561035,True,0.5,0.5,1,double_160bpm,160.0,sim_tau
58,3.3900301456451416,3.4250309467315674,35.00080108642578,23.0634765625,False,0.5,0.5,1,double_160bpm,160.0,sim_tau
59,3.470031976699829,3.4450314044952397,-25.0005722045894,17.77022933959961,True,0.5,0.5,1,double_160bpm,160.0,sim_tau
60,3.7700388431549072,3.7500383853912354,-20.000457763671875,15.313010215759276,True,0.5,0.5,1,double_160bpm,160.0,sim_tau
61,3.8500406742095943,3.860040903091431,10.000228881836826,9.942300796508787,True,0.5,0.5,1,double_160bpm,160.0,sim_tau
62,4.130046844482422,4.145047187805176,15.000343322753906,11.368072509765623,True,0.5,0.5,1,double_160bpm,160.0,sim_tau
63,4.230049133300781,4.205048561096191,-25.000572204589844,26.3315544128418,True,0.5,0.5,1,double_160bpm,160.0,sim_tau
64,4.510055541992188,4.465054512023926,-45.00102996826261,17.554546356201172,False,0.5,0.5,1,double_160bpm,160.0,sim_tau
65,4.610057830810547,4.600057601928711,-10.000228881835938,14.672428131103516,True,0.5,0.5,1,double_160bpm,160.0,sim_tau
66,4.890064239501953,4.920064926147461,30.000686645507812,11.3607759475708,False,0.5,0.5,1,double_160bpm,160.0,sim_tau
67,4.970066070556641,4.9850664138793945,15.000343322753906,2.1382477283477783,True,0.5,0.5,1,double_160bpm,160.0,sim_tau
68,5.250072479248047,5.270072937011719,20.000457763671875,11.57807731628418,True,0.5,0.5,1,double_160bpm,160.0,sim_tau
69,5.350074768066406,5.335074424743652,-15.000343322753906,11.955940246582031,True,0.5,0.5,1,double_160bpm,160.0,sim_tau
70,5.6300811767578125,5.645081520080566,15.000343322753906,19.764938354492188,True,0.5,0.5,1,double_160bpm,160.0,sim_tau
71,5.730083465576172,5.740083694458008,10.000228881835938,13.599609375,True,0.5,0.5,1,double_160bpm,160.0,sim_tau
0,0.4299997389316559,0.4249997437000274,-4.999995231628473,15.528148651123049,True,0.5,0.5,1,gmd_03_high_bpm138,138.0,sim_tau
1,0.749999463558197,0.7749994397163391,24.99997615814209,2.1871585845947266,True,0.5,0.5,1,gmd_03_high_bpm138,138.0,sim_tau
2,0.9699992537498474,0.9549992680549622,-14.999985694885254,18.9544677734375,True,0.5,0.5,1,gmd_03_high_bpm138,138.0,sim_tau
3,1.6299986839294434,1.6199986934661863,-9.999990463257058,14.934408187866213,True,0.5,0.5,1,gmd_03_high_bpm138,138.0,sim_tau
4,2.170002222061157,2.175002336502075,5.000114440918413,16.749555587768555,True,0.5,0.5,1,gmd_03_high_bpm138,138.0,sim_tau
5,2.510010004043579,2.525010347366333,15.000343322753906,9.30422306060791,True,0.5,0.5,1,gmd_03_high_bpm138,138.0,sim_tau
6,2.710014581680298,2.710014581680298,0.0,18.15421485900879,True,0.5,0.5,1,gmd_03_high_bpm138,138.0,sim_tau
7,3.030021905899048,3.005021333694458,-25.000572204589844,36.23181915283203,True,0.5,0.5,1,gmd_03_high_bpm138,138.0,sim_tau
8,3.3700296878814697,3.3700296878814697,0.0,18.41692352294922,True,0.5,0.5,1,gmd_03_high_bpm138,138.0,sim_tau
9,3.490032434463501,3.455031633377075,-35.00080108642578,16.849178314208984,False,0.5,0.5,1,gmd_03_high_bpm138,138.0,sim_tau
10,4.230049133300781,4.200048446655273,-30.000686645507812,13.479643821716309,False,0.5,0.5,1,gmd_03_high_bpm138,138.0,sim_tau
11,4.450054168701172,4.470054626464844,20.000457763671875,15.291141510009766,True,0.5,0.5,1,gmd_03_high_bpm138,138.0,sim_tau
12,4.9900665283203125,4.955065727233887,-35.00080108642578,1.3577853441238403,False,0.5,0.5,1,gmd_03_high_bpm138,138.0,sim_tau
13,5.290073394775391,5.285073280334473,-5.000114440917969,22.54884147644043,True,0.5,0.5,1,gmd_03_high_bpm138,138.0,sim_tau
14,5.6300811767578125,5.625081062316895,-5.000114440917081,15.52254867553711,True,0.5,0.5,1,gmd_03_high_bpm138,138.0,sim_tau
15,5.930088043212891,,,0.0,False,0.5,0.5,1,gmd_03_high_bpm138,138.0,sim_tau
16,6.170093536376953,6.170093536376953,0.0,16.597999572753906,True,0.5,0.5,1,gmd_03_high_bpm138,138.0,sim_tau
17,6.710105895996094,6.705105781555176,-5.000114440917969,30.84557342529297,True,0.5,0.5,1,gmd_03_high_bpm138,138.0,sim_tau
18,7.010112762451172,7.010112762451172,0.0,14.64752960205078,True,0.5,0.5,1,gmd_03_high_bpm138,138.0,sim_tau
19,7.370121002197266,7.345120429992676,-25.000572204589844,32.26294708251953,True,0.5,0.5,1,gmd_03_high_bpm138,138.0,sim_tau
20,7.710128784179687,7.720129013061523,10.000228881836826,10.321361541748049,True,0.5,0.5,1,gmd_03_high_bpm138,138.0,sim_tau
21,7.95013427734375,7.95013427734375,0.0,13.21580696105957,True,0.5,0.5,1,gmd_03_high_bpm138,138.0,sim_tau
22,8.230140686035156,8.22014045715332,-10.000228881835938,13613.6044921875,True,0.5,0.5,1,gmd_03_high_bpm138,138.0,sim_tau
23,8.570148468017578,8.555148124694824,-15.000343322753906,12.124868392944336,True,0.5,0.5,1,gmd_03_high_bpm138,138.0,sim_tau
24,8.670150756835938,8.695151329040527,25.000572204589844,14.265451431274414,True,0.5,0.5,1,gmd_03_high_bpm138,138.0,sim_tau
25,9.13016128540039,9.15516185760498,25.000572204589844,1.653791904449463,True,0.5,0.5,1,gmd_03_high_bpm138,138.0,sim_tau
26,9.45016860961914,9.460168838500977,10.000228881835938,25.070749282836918,True,0.5,0.5,1,gmd_03_high_bpm138,138.0,sim_tau
27,9.690174102783203,9.69517421722412,5.000114440916192,13.658443450927734,True,0.5,0.5,1,gmd_03_high_bpm138,138.0,sim_tau
28,10.010181427001951,10.035181999206545,25.000572204593396,4.636413097381592,True,0.5,0.5,1,gmd_03_high_bpm138,138.0,sim_tau
29,10.330188751220703,10.330188751220703,0.0,16.408798217773438,True,0.5,0.5,1,gmd_03_high_bpm138,138.0,sim_tau
30,10.890201568603516,10.890201568603516,0.0,14.67258071899414,True,0.5,0.5,1,gmd_03_high_bpm138,138.0,sim_tau
31,11.210208892822266,11.235209465026855,25.000572204589844,3172.033203125,True,0.5,0.5,1,gmd_03_high_bpm138,138.0,sim_tau
32,11.430213928222656,11.430213928222656,0.0,26.83637237548828,True,0.5,0.5,1,gmd_03_high_bpm138,138.0,sim_tau
33,11.970226287841797,11.970226287841797,0.0,13.37112808227539,True,0.5,0.5,1,gmd_03_high_bpm138,138.0,sim_tau
34,12.270233154296877,12.280233383178713,10.000228881835938,12.827341079711914,True,0.5,0.5,1,gmd_03_high_bpm138,138.0,sim_tau
35,12.610240936279297,12.62524127960205,15.000343322753906,22.610506057739254,True,0.5,0.5,1,gmd_03_high_bpm138,138.0,sim_tau
36,12.910247802734377,12.910247802734377,0.0,19.05565643310547,True,0.5,0.5,1,gmd_03_high_bpm138,138.0,sim_tau
37,13.670265197753906,13.66026496887207,-10.000228881835938,13.531926155090332,True,0.5,0.5,1,gmd_03_high_bpm138,138.0,sim_tau
38,13.950271606445312,13.965271949768066,15.000343322753906,9.687423706054688,True,0.5,0.5,1,gmd_03_high_bpm138,138.0,sim_tau
39,14.330280303955078,14.345280647277832,15.000343322753906,8.593256950378418,True,0.5,0.5,1,gmd_03_high_bpm138,138.0,sim_tau
40,14.650287628173828,14.650287628173828,0.0,29.861225128173828,True,0.5,0.5,1,gmd_03_high_bpm138,138.0,sim_tau
41,14.89029312133789,14.895293235778809,5.000114440917969,12.521035194396973,True,0.5,0.5,1,gmd_03_high_bpm138,138.0,sim_tau
42,15.21030044555664,15.225300788879396,15.000343322755683,18.835620880126957,True,0.5,0.5,1,gmd_03_high_bpm138,138.0,sim_tau
43,15.53030776977539,15.545308113098145,15.000343322753906,9.3126802444458,True,0.5,0.5,1,gmd_03_high_bpm138,138.0,sim_tau
44,15.610309600830078,15.590309143066406,-20.000457763671875,21.0368709564209,True,0.5,0.5,1,gmd_03_high_bpm138,138.0,sim_tau
0,1.349998950958252,1.3599989414215088,9.999990463256836,15.645000457763672,True,0.5,0.5,1,gmd_04_extreme_bpm170,170.0,sim_tau
1,1.7499985694885254,1.7549985647201538,4.999995231628418,21.30102157592773,True,0.5,0.5,1,gmd_04_extreme_bpm170,170.0,sim_tau
2,2.3100054264068604,2.3050053119659424,-5.000114440917969,23.41169548034668,True,0.5,0.5,1,gmd_04_extreme_bpm170,170.0,sim_tau
3,2.7300150394439697,2.7300150394439697,0.0,12.513921737670898,True,0.5,0.5,1,gmd_04_extreme_bpm170,170.0,sim_tau
4,3.190025568008423,3.175025224685669,-15.000343322753906,11.470391273498535,True,0.5,0.5,1,gmd_04_extreme_bpm170,170.0,sim_tau
5,3.730037927627564,3.7250378131866455,-5.000114440918413,16.59914779663086,True,0.5,0.5,1,gmd_04_extreme_bpm170,170.0,sim_tau
6,4.11004638671875,4.11004638671875,0.0,19.43610954284668,True,0.5,0.5,1,gmd_04_extreme_bpm170,170.0,sim_tau
7,4.610057830810547,4.610057830810547,0.0,18.050737380981445,True,0.5,0.5,1,gmd_04_extreme_bpm170,170.0,sim_tau
8,4.870063781738281,4.860063552856445,-10.000228881835938,14261.33984375,True,0.5,0.5,1,gmd_04_extreme_bpm170,170.0,sim_tau
9,5.130069732666016,5.125069618225098,-5.000114440917969,21.05341339111328,True,0.5,0.5,1,gmd_04_extreme_bpm170,170.0,sim_tau
10,5.990089416503906,5.985089302062988,-5.000114440917969,14.231346130371094,True,0.5,0.5,1,gmd_04_extreme_bpm170,170.0,sim_tau
11,6.35009765625,6.355097770690918,5.000114440917969,22.43498992919922,True,0.5,0.5,1,gmd_04_extreme_bpm170,170.0,sim_tau
12,6.530101776123047,6.535101890563965,5.000114440917969,16.04643440246582,True,0.5,0.5,1,gmd_04_extreme_bpm170,170.0,sim_tau
13,6.710105895996094,6.685105323791504,-25.000572204589844,10.077056884765623,True,0.5,0.5,1,gmd_04_extreme_bpm170,170.0,sim_tau
14,6.950111389160156,6.950111389160156,0.0,13.69880485534668,True,0.5,0.5,1,gmd_04_extreme_bpm170,170.0,sim_tau
15,7.410121917724609,7.395121574401855,-15.000343322754794,26.5455379486084,True,0.5,0.5,1,gmd_04_extreme_bpm170,170.0,sim_tau
16,7.750129699707031,7.720129013061523,-30.000686645507812,10.48070240020752,False,0.5,0.5,1,gmd_04_extreme_bpm170,170.0,sim_tau
17,8.010135650634766,8.00013542175293,-10.000228881835938,16.516956329345703,True,0.5,0.5,1,gmd_04_extreme_bpm170,170.0,sim_tau
18,8.090137481689453,8.090137481689453,0.0,13.434770584106444,True,0.5,0.5,1,gmd_04_extreme_bpm170,170.0,sim_tau
19,8.530147552490234,8.535147666931152,5.000114440917969,15.33201789855957,True,0.5,0.5,1,gmd_04_extreme_bpm170,170.0,sim_tau
20,8.970157623291016,8.975157737731934,5.000114440917969,13.37099838256836,True,0.5,0.5,1,gmd_04_extreme_bpm170,170.0,sim_tau
21,9.23016357421875,9.220163345336914,-10.000228881835938,11.79046630859375,True,0.5,0.5,1,gmd_04_extreme_bpm170,170.0,sim_tau
22,9.490169525146484,9.50016975402832,10.000228881835938,10.43391227722168,True,0.5,0.5,1,gmd_04_extreme_bpm170,170.0,sim_tau
23,9.690174102783203,9.665173530578612,-25.00057220459162,13426.4736328125,True,0.5,0.5,1,gmd_04_extreme_bpm170,170.0,sim_tau
24,10.230186462402344,10.225186347961426,-5.000114440917969,12.40305519104004,True,0.5,0.5,1,gmd_04_extreme_bpm170,170.0,sim_tau
25,10.570194244384766,,,0.0,False,0.5,0.5,1,gmd_04_extreme_bpm170,170.0,sim_tau
26,10.8302001953125,10.8302001953125,0.0,49.64241790771485,True,0.5,0.5,1,gmd_04_extreme_bpm170,170.0,sim_tau
27,10.93020248413086,10.950202941894531,20.000457763671875,10.425405502319336,True,0.5,0.5,1,gmd_04_extreme_bpm170,170.0,sim_tau
28,11.390213012695312,11.400213241577148,10.000228881835938,14.177034378051758,True,0.5,0.5,1,gmd_04_extreme_bpm170,170.0,sim_tau
29,11.850223541259766,11.84022331237793,-10.000228881835938,14.442804336547852,True,0.5,0.5,1,gmd_04_extreme_bpm170,170.0,sim_tau
30,12.090229034423828,12.100229263305664,10.000228881835938,15.40293788909912,True,0.5,0.5,1,gmd_04_extreme_bpm170,170.0,sim_tau
31,12.350234985351562,12.360235214233398,10.000228881835938,12.919309616088867,True,0.5,0.5,1,gmd_04_extreme_bpm170,170.0,sim_tau
32,12.55023956298828,12.540239334106444,-10.000228881835938,180.5873260498047,True,0.5,0.5,1,gmd_04_extreme_bpm170,170.0,sim_tau
33,12.65024185180664,12.640241622924805,-10.000228881835938,15.027311325073242,True,0.5,0.5,1,gmd_04_extreme_bpm170,170.0,sim_tau
34,13.07025146484375,13.080251693725586,10.000228881835938,10.211429595947266,True,0.5,0.5,1,gmd_04_extreme_bpm170,170.0,sim_tau
35,13.3902587890625,13.400259017944336,10.000228881835938,3.034605026245117,True,0.5,0.5,1,gmd_04_extreme_bpm170,170.0,sim_tau
36,13.670265197753906,13.665265083312988,-5.000114440917969,19.54827308654785,True,0.5,0.5,1,gmd_04_extreme_bpm170,170.0,sim_tau
37,13.770267486572266,13.770267486572266,0.0,25.401546478271484,True,0.5,0.5,1,gmd_04_extreme_bpm170,170.0,sim_tau
38,14.210277557373049,14.210277557373049,0.0,18.98225975036621,True,0.5,0.5,1,gmd_04_extreme_bpm170,170.0,sim_tau
39,14.630287170410156,14.635287284851074,5.000114440917969,12.770305633544922,True,0.5,0.5,1,gmd_04_extreme_bpm170,170.0,sim_tau
40,14.89029312133789,14.880292892456056,-10.000228881834161,6030.74658203125,True,0.5,0.5,1,gmd_04_extreme_bpm170,170.0,sim_tau
41,15.150299072265623,15.145298957824709,-5.000114440914416,133.8392791748047,True,0.5,0.5,1,gmd_04_extreme_bpm170,170.0,sim_tau
42,15.350303649902344,15.315302848815918,-35.00080108642578,17.93808364868164,False,0.5,0.5,1,gmd_04_extreme_bpm170,170.0,sim_tau
43,15.85031509399414,15.845314979553224,-5.000114440916192,11.934715270996094,True,0.5,0.5,1,gmd_04_extreme_bpm170,170.0,sim_tau
0,1.509998798370361,1.494998812675476,-14.999985694885032,37.77681350708008,True,1.0,0.25,1,double_160bpm,160.0,sim_tau
1,1.6099987030029297,1.6099987030029297,0.0,15.641216278076172,True,1.0,0.25,1,double_160bpm,160.0,sim_tau
2,1.889998435974121,1.8949984312057493,4.999995231628196,9.869245529174805,True,1.0,0.25,1,double_160bpm,160.0,sim_tau
3,1.969998359680176,1.969998359680176,0.0,13.042502403259276,True,1.0,0.25,1,double_160bpm,160.0,sim_tau
4,2.2500040531158447,2.2500040531158447,0.0,31.93359375,True,1.0,0.25,1,double_160bpm,160.0,sim_tau
5,2.350006341934204,2.350006341934204,0.0,16.225967407226562,True,1.0,0.25,1,double_160bpm,160.0,sim_tau
6,2.6300127506256104,2.6300127506256104,0.0,16.97955894470215,True,1.0,0.25,1,double_160bpm,160.0,sim_tau
7,2.7300150394439697,2.7300150394439697,0.0,18.222341537475582,True,1.0,0.25,1,double_160bpm,160.0,sim_tau
8,3.010021448135376,3.010021448135376,0.0,34.42012405395508,True,1.0,0.25,1,double_160bpm,160.0,sim_tau
9,3.110023736953736,3.110023736953736,0.0,17.168081283569336,True,1.0,0.25,1,double_160bpm,160.0,sim_tau
10,3.3900301456451416,3.3700296878814697,-20.000457763671875,38.57958984375,True,1.0,0.25,1,double_160bpm,160.0,sim_tau
11,3.470031976699829,3.490032434463501,20.000457763671875,12.392549514770508,True,1.0,0.25,1,double_160bpm,160.0,sim_tau
12,3.7700388431549072,3.7700388431549072,0.0,8.209712028503418,True,1.0,0.25,1,double_160bpm,160.0,sim_tau
13,3.8500406742095943,3.880041360855103,30.0006866455087,64.22669982910156,False,1.0,0.25,1,double_160bpm,160.0,sim_tau
14,4.130046844482422,4.13504695892334,5.000114440917969,7.652291297912598,True,1.0,0.25,1,double_160bpm,160.0,sim_tau
15,4.230049133300781,4.225049018859863,-5.000114440917969,8.329299926757812,True,1.0,0.25,1,double_160bpm,160.0,sim_tau
16,4.510055541992188,4.495055198669434,-15.000343322754794,27.074047088623047,True,1.0,0.25,1,double_160bpm,160.0,sim_tau
17,4.610057830810547,4.615057945251465,5.000114440917969,15.652433395385742,True,1.0,0.25,1,double_160bpm,160.0,sim_tau
18,4.890064239501953,4.905064582824707,15.000343322753906,26.83960723876953,True,1.0,0.25,1,double_160bpm,160.0,sim_tau
19,4.970066070556641,4.965065956115723,-5.000114440917969,13.420555114746094,True,1.0,0.25,1,double_160bpm,160.0,sim_tau
20,5.250072479248047,5.250072479248047,0.0,5.491660118103027,True,1.0,0.25,1,double_160bpm,160.0,sim_tau
21,5.350074768066406,5.335074424743652,-15.000343322753906,17.491775512695312,True,1.0,0.25,1,double_160bpm,160.0,sim_tau
22,5.6300811767578125,5.6300811767578125,0.0,17.372875213623047,True,1.0,0.25,1,double_160bpm,160.0,sim_tau
23,5.730083465576172,5.730083465576172,0.0,16.804866790771484,True,1.0,0.25,1,double_160bpm,160.0,sim_tau
24,1.509998798370361,1.494998812675476,-14.999985694885032,37.70550155639648,True,1.0,0.25,1,double_160bpm,160.0,sim_tau
25,1.6099987030029297,1.6099987030029297,0.0,15.784015655517578,True,1.0,0.25,1,double_160bpm,160.0,sim_tau
26,1.889998435974121,1.8599984645843504,-29.999971389770728,20.24919891357422,True,1.0,0.25,1,double_160bpm,160.0,sim_tau
27,1.969998359680176,1.9799983501434328,9.999990463256836,12.758208274841309,True,1.0,0.25,1,double_160bpm,160.0,sim_tau
28,2.2500040531158447,2.2550041675567627,5.000114440917969,1.406496286392212,True,1.0,0.25,1,double_160bpm,160.0,sim_tau
29,2.350006341934204,2.355006456375122,5.000114440917969,16.195903778076172,True,1.0,0.25,1,double_160bpm,160.0,sim_tau
30,2.6300127506256104,2.6100122928619385,-20.000457763671875,23.879396438598636,True,1.0,0.25,1,double_160bpm,160.0,sim_tau
31,2.7300150394439697,2.745015382766724,15.00034332275435,14.50960922241211,True,1.0,0.25,1,double_160bpm,160.0,sim_tau
32,3.010021448135376,2.995021104812622,-15.000343322753906,26.261459350585938,True,1.0,0.25,1,double_160bpm,160.0,sim_tau
33,3.110023736953736,3.1150238513946533,5.000114440917525,16.402671813964844,True,1.0,0.25,1,double_160bpm,160.0,sim_tau
34,3.3900301456451416,3.3700296878814697,-20.000457763671875,37.19428634643555,True,1.0,0.25,1,double_160bpm,160.0,sim_tau
35,3.470031976699829,3.4400312900543213,-30.000686645507812,15.72854995727539,False,1.0,0.25,1,double_160bpm,160.0,sim_tau
36,3.7700388431549072,3.790039300918579,20.000457763671875,16.25390625,True,1.0,0.25,1,double_160bpm,160.0,sim_tau
37,3.8500406742095943,3.810039758682251,-40.00091552734331,14.97326374053955,False,1.0,0.25,1,double_160bpm,160.0,sim_tau
38,4.130046844482422,4.120046615600586,-10.000228881835938,30.347251892089844,True,1.0,0.25,1,double_160bpm,160.0,sim_tau
39,4.230049133300781,4.235049247741699,5.000114440917969,15.358903884887695,True,1.0,0.25,1,double_160bpm,160.0,sim_tau
40,4.510055541992188,4.490055084228516,-20.000457763672763,27.393728256225582,True,1.0,0.25,1,double_160bpm,160.0,sim_tau
41,4.610057830810547,4.630058288574219,20.000457763671875,28.357288360595703,True,1.0,0.25,1,double_160bpm,160.0,sim_tau
42,4.890064239501953,4.870063781738281,-20.000457763671875,40.949893951416016,True,1.0,0.25,1,double_160bpm,160.0,sim_tau
43,4.970066070556641,4.975066184997559,5.000114440917969,15.32467269897461,True,1.0,0.25,1,double_160bpm,160.0,sim_tau
44,5.250072479248047,5.245072364807129,-5.000114440917969,21.942291259765625,True,1.0,0.25,1,double_160bpm,160.0,sim_tau
45,5.350074768066406,5.335074424743652,-15.000343322753906,15.409353256225586,True,1.0,0.25,1,double_160bpm,160.0,sim_tau
46,5.6300811767578125,5.625081062316895,-5.000114440917081,6.856650352478027,True,1.0,0.25,1,double_160bpm,160.0,sim_tau
47,5.730083465576172,5.720083236694336,-10.000228881835938,29.247848510742188,True,1.0,0.25,1,double_160bpm,160.0,sim_tau
48,1.509998798370361,1.494998812675476,-14.999985694885032,37.7680778503418,True,1.0,0.25,1,double_160bpm,160.0,sim_tau
49,1.6099987030029297,1.614998698234558,4.999995231628418,16.085430145263672,True,1.0,0.25,1,double_160bpm,160.0,sim_tau
50,1.889998435974121,1.8549984693527224,-34.999966621398706,14.004386901855469,False,1.0,0.25,1,double_160bpm,160.0,sim_tau
51,1.969998359680176,1.984998345375061,14.999985694885032,11.62645149230957,True,1.0,0.25,1,double_160bpm,160.0,sim_tau
52,2.2500040531158447,2.230003595352173,-20.000457763671875,180.43429565429688,True,1.0,0.25,1,double_160bpm,160.0,sim_tau
53,2.350006341934204,2.3200056552886963,-30.000686645507812,8.28160285949707,False,1.0,0.25,1,double_160bpm,160.0,sim_tau
54,2.6300127506256104,2.6000120639801025,-30.000686645507812,17.29938316345215,False,1.0,0.25,1,double_160bpm,160.0,sim_tau
55,2.7300150394439697,2.7500154972076416,20.000457763671875,27.75813102722168,True,1.0,0.25,1,double_160bpm,160.0,sim_tau
56,3.010021448135376,3.02502179145813,15.000343322753906,19.567218780517575,True,1.0,0.25,1,double_160bpm,160.0,sim_tau
57,3.110023736953736,3.1000235080718994,-10.000228881836382,33.73120880126953,True,1.0,0.25,1,double_160bpm,160.0,sim_tau
58,3.3900301456451416,3.365029573440552,-25.0005722045894,30.498029708862305,True,1.0,0.25,1,double_160bpm,160.0,sim_tau
59,3.470031976699829,3.4350311756134038,-35.00080108642534,28.546199798583984,False,1.0,0.25,1,double_160bpm,160.0,sim_tau
60,3.7700388431549072,,,0.0,False,1.0,0.25,1,double_160bpm,160.0,sim_tau
61,3.8500406742095943,,,0.0,False,1.0,0.25,1,double_160bpm,160.0,sim_tau
62,4.130046844482422,4.115046501159668,-15.000343322753906,13.71031379699707,True,1.0,0.25,1,double_160bpm,160.0,sim_tau
63,4.230049133300781,4.210048675537109,-20.000457763671875,31.902496337890625,True,1.0,0.25,1,double_160bpm,160.0,sim_tau
64,4.510055541992188,4.485054969787598,-25.000572204590732,28.135765075683597,True,1.0,0.25,1,double_160bpm,160.0,sim_tau
65,4.610057830810547,4.630058288574219,20.000457763671875,27.59051513671875,True,1.0,0.25,1,double_160bpm,160.0,sim_tau
66,4.890064239501953,4.870063781738281,-20.000457763671875,39.92451095581055,True,1.0,0.25,1,double_160bpm,160.0,sim_tau
67,4.970066070556641,4.945065498352051,-25.000572204589844,15.030773162841797,True,1.0,0.25,1,double_160bpm,160.0,sim_tau
68,5.250072479248047,5.240072250366211,-10.000228881835938,14.173229217529297,True,1.0,0.25,1,double_160bpm,160.0,sim_tau
69,5.350074768066406,5.330074310302734,-20.000457763671875,9.451982498168944,True,1.0,0.25,1,double_160bpm,160.0,sim_tau
70,5.6300811767578125,5.615080833435059,-15.000343322753906,43.75956726074219,True,1.0,0.25,1,double_160bpm,160.0,sim_tau
71,5.730083465576172,5.715083122253418,-15.000343322753906,15.144186973571776,True,1.0,0.25,1,double_160bpm,160.0,sim_tau
0,0.4299997389316559,0.4149997532367706,-14.999985694885309,10.126352310180664,True,1.0,0.25,1,gmd_03_high_bpm138,138.0,sim_tau
1,0.749999463558197,0.7399994730949402,-9.999990463256836,9.385499954223633,True,1.0,0.25,1,gmd_03_high_bpm138,138.0,sim_tau
2,0.9699992537498474,0.964999258518219,-4.999995231628418,9.437419891357422,True,1.0,0.25,1,gmd_03_high_bpm138,138.0,sim_tau
3,1.6299986839294434,1.6299986839294434,0.0,10.29930591583252,True,1.0,0.25,1,gmd_03_high_bpm138,138.0,sim_tau
4,2.170002222061157,2.180002450942993,10.000228881836382,14.82857894897461,True,1.0,0.25,1,gmd_03_high_bpm138,138.0,sim_tau
5,2.510010004043579,2.4900095462799072,-20.000457763671875,17.68943977355957,True,1.0,0.25,1,gmd_03_high_bpm138,138.0,sim_tau
6,2.710014581680298,2.710014581680298,0.0,16.659263610839844,True,1.0,0.25,1,gmd_03_high_bpm138,138.0,sim_tau
7,3.030021905899048,3.05002236366272,20.00045776367232,21.77596092224121,True,1.0,0.25,1,gmd_03_high_bpm138,138.0,sim_tau
8,3.3700296878814697,3.360029458999634,-10.000228881835938,28.40540885925293,True,1.0,0.25,1,gmd_03_high_bpm138,138.0,sim_tau
9,3.490032434463501,3.490032434463501,0.0,8.7791748046875,True,1.0,0.25,1,gmd_03_high_bpm138,138.0,sim_tau
10,4.230049133300781,4.225049018859863,-5.000114440917969,10.052995681762695,True,1.0,0.25,1,gmd_03_high_bpm138,138.0,sim_tau
11,4.450054168701172,4.45505428314209,5.000114440917969,16.172651290893555,True,1.0,0.25,1,gmd_03_high_bpm138,138.0,sim_tau
12,4.9900665283203125,4.995066642761231,5.000114440918857,16.340662002563477,True,1.0,0.25,1,gmd_03_high_bpm138,138.0,sim_tau
13,5.290073394775391,5.295073509216309,5.000114440917969,13.941940307617188,True,1.0,0.25,1,gmd_03_high_bpm138,138.0,sim_tau
14,5.6300811767578125,5.650081634521484,20.000457763671875,19.391977310180664,True,1.0,0.25,1,gmd_03_high_bpm138,138.0,sim_tau
15,5.930088043212891,5.935088157653809,5.000114440917969,13.91161823272705,True,1.0,0.25,1,gmd_03_high_bpm138,138.0,sim_tau
16,6.170093536376953,6.175093650817871,5.000114440917969,14.217931747436523,True,1.0,0.25,1,gmd_03_high_bpm138,138.0,sim_tau
17,6.710105895996094,6.72010612487793,10.000228881835938,14.85311222076416,True,1.0,0.25,1,gmd_03_high_bpm138,138.0,sim_tau
18,7.010112762451172,7.010112762451172,0.0,16.884788513183594,True,1.0,0.25,1,gmd_03_high_bpm138,138.0,sim_tau
19,7.370121002197266,7.380121231079102,10.000228881835938,12.431291580200195,True,1.0,0.25,1,gmd_03_high_bpm138,138.0,sim_tau
20,7.710128784179687,7.695128440856934,-15.000343322753018,5.527656555175781,True,1.0,0.25,1,gmd_03_high_bpm138,138.0,sim_tau
21,7.95013427734375,7.930133819580078,-20.000457763671875,22.315757751464844,True,1.0,0.25,1,gmd_03_high_bpm138,138.0,sim_tau
22,8.230140686035156,8.240140914916992,10.000228881835938,12.395263671875,True,1.0,0.25,1,gmd_03_high_bpm138,138.0,sim_tau
23,8.570148468017578,8.580148696899414,10.000228881835938,10.399115562438965,True,1.0,0.25,1,gmd_03_high_bpm138,138.0,sim_tau
24,8.670150756835938,8.650150299072266,-20.000457763671875,10.339056015014648,True,1.0,0.25,1,gmd_03_high_bpm138,138.0,sim_tau
25,9.13016128540039,9.145161628723145,15.000343322753906,11.778324127197266,True,1.0,0.25,1,gmd_03_high_bpm138,138.0,sim_tau
26,9.45016860961914,9.45016860961914,0.0,17.00363540649414,True,1.0,0.25,1,gmd_03_high_bpm138,138.0,sim_tau
27,9.690174102783203,9.67517375946045,-15.000343322753906,17.172016143798828,True,1.0,0.25,1,gmd_03_high_bpm138,138.0,sim_tau
28,10.010181427001951,10.015181541442873,5.0001144409215215,15.146434783935549,True,1.0,0.25,1,gmd_03_high_bpm138,138.0,sim_tau
29,10.330188751220703,10.33518886566162,5.000114440916192,11.229891777038574,True,1.0,0.25,1,gmd_03_high_bpm138,138.0,sim_tau
30,10.890201568603516,10.895201683044434,5.000114440917969,16.457181930541992,True,1.0,0.25,1,gmd_03_high_bpm138,138.0,sim_tau
31,11.210208892822266,11.20020866394043,-10.000228881835938,43.92205047607422,True,1.0,0.25,1,gmd_03_high_bpm138,138.0,sim_tau
32,11.430213928222656,11.435214042663574,5.000114440917969,14.645048141479492,True,1.0,0.25,1,gmd_03_high_bpm138,138.0,sim_tau
33,11.970226287841797,11.975226402282717,5.000114440919745,15.036066055297852,True,1.0,0.25,1,gmd_03_high_bpm138,138.0,sim_tau
34,12.270233154296877,12.275233268737791,5.000114440914416,15.000953674316406,True,1.0,0.25,1,gmd_03_high_bpm138,138.0,sim_tau
35,12.610240936279297,12.595240592956545,-15.00034332275213,10.067917823791504,True,1.0,0.25,1,gmd_03_high_bpm138,138.0,sim_tau
36,12.910247802734377,12.905247688293455,-5.0001144409215215,20.67990493774414,True,1.0,0.25,1,gmd_03_high_bpm138,138.0,sim_tau
37,13.670265197753906,13.68526554107666,15.000343322753906,11.369029998779297,True,1.0,0.25,1,gmd_03_high_bpm138,138.0,sim_tau
38,13.950271606445312,13.960271835327148,10.000228881835938,12.516244888305664,True,1.0,0.25,1,gmd_03_high_bpm138,138.0,sim_tau
39,14.330280303955078,14.330280303955078,0.0,518.169921875,True,1.0,0.25,1,gmd_03_high_bpm138,138.0,sim_tau
40,14.650287628173828,14.640287399291992,-10.000228881835938,17.836421966552734,True,1.0,0.25,1,gmd_03_high_bpm138,138.0,sim_tau
41,14.89029312133789,14.89029312133789,0.0,17.714611053466797,True,1.0,0.25,1,gmd_03_high_bpm138,138.0,sim_tau
42,15.21030044555664,15.180299758911133,-30.000686645507812,30.596466064453125,False,1.0,0.25,1,gmd_03_high_bpm138,138.0,sim_tau
43,15.53030776977539,15.545308113098145,15.000343322753906,2.4545886516571045,True,1.0,0.25,1,gmd_03_high_bpm138,138.0,sim_tau
44,15.610309600830078,15.610309600830078,0.0,17.014972686767578,True,1.0,0.25,1,gmd_03_high_bpm138,138.0,sim_tau
0,1.349998950958252,1.3449989557266235,-4.999995231628418,4969.267578125,True,1.0,0.25,1,gmd_04_extreme_bpm170,170.0,sim_tau
1,1.7499985694885254,1.7499985694885254,0.0,85.32139587402344,True,1.0,0.25,1,gmd_04_extreme_bpm170,170.0,sim_tau
2,2.3100054264068604,2.3100054264068604,0.0,12.163372993469238,True,1.0,0.25,1,gmd_04_extreme_bpm170,170.0,sim_tau
3,2.7300150394439697,2.720014810562134,-10.000228881835938,5.858612060546875,True,1.0,0.25,1,gmd_04_extreme_bpm170,170.0,sim_tau
4,3.190025568008423,3.2050259113311768,15.000343322753906,11.830609321594238,True,1.0,0.25,1,gmd_04_extreme_bpm170,170.0,sim_tau
5,3.730037927627564,3.7400381565094,10.000228881835938,18.898517608642575,True,1.0,0.25,1,gmd_04_extreme_bpm170,170.0,sim_tau
6,4.11004638671875,4.100046157836914,-10.000228881835938,20.874570846557617,True,1.0,0.25,1,gmd_04_extreme_bpm170,170.0,sim_tau
7,4.610057830810547,4.615057945251465,5.000114440917969,13.208418846130373,True,1.0,0.25,1,gmd_04_extreme_bpm170,170.0,sim_tau
8,4.870063781738281,4.860063552856445,-10.000228881835938,13.826128005981444,True,1.0,0.25,1,gmd_04_extreme_bpm170,170.0,sim_tau
9,5.130069732666016,5.12006950378418,-10.000228881835938,8.323451042175293,True,1.0,0.25,1,gmd_04_extreme_bpm170,170.0,sim_tau
10,5.990089416503906,5.985089302062988,-5.000114440917969,1.892273187637329,True,1.0,0.25,1,gmd_04_extreme_bpm170,170.0,sim_tau
11,6.35009765625,6.360097885131836,10.000228881835938,11.950898170471191,True,1.0,0.25,1,gmd_04_extreme_bpm170,170.0,sim_tau
12,6.530101776123047,6.530101776123047,0.0,7.867952346801758,True,1.0,0.25,1,gmd_04_extreme_bpm170,170.0,sim_tau
13,6.710105895996094,6.67010498046875,-40.00091552734375,8.294431686401367,False,1.0,0.25,1,gmd_04_extreme_bpm170,170.0,sim_tau
14,6.950111389160156,6.94011116027832,-10.000228881835938,23.013206481933597,True,1.0,0.25,1,gmd_04_extreme_bpm170,170.0,sim_tau
15,7.410121917724609,7.3851213455200195,-25.000572204589844,5.182460784912109,True,1.0,0.25,1,gmd_04_extreme_bpm170,170.0,sim_tau
16,7.750129699707031,7.745129585266113,-5.000114440917969,10.29274845123291,True,1.0,0.25,1,gmd_04_extreme_bpm170,170.0,sim_tau
17,8.010135650634766,8.015135765075684,5.000114440917969,7.082099914550781,True,1.0,0.25,1,gmd_04_extreme_bpm170,170.0,sim_tau
18,8.090137481689453,8.105137825012207,15.000343322753906,15.57668685913086,True,1.0,0.25,1,gmd_04_extreme_bpm170,170.0,sim_tau
19,8.530147552490234,8.535147666931152,5.000114440917969,16.457889556884766,True,1.0,0.25,1,gmd_04_extreme_bpm170,170.0,sim_tau
20,8.970157623291016,8.975157737731934,5.000114440917969,14.72166633605957,True,1.0,0.25,1,gmd_04_extreme_bpm170,170.0,sim_tau
21,9.23016357421875,9.20516300201416,-25.000572204589844,28.573774337768555,True,1.0,0.25,1,gmd_04_extreme_bpm170,170.0,sim_tau
22,9.490169525146484,9.470169067382812,-20.000457763671875,15.020631790161133,True,1.0,0.25,1,gmd_04_extreme_bpm170,170.0,sim_tau
23,9.690174102783203,9.70017433166504,10.000228881837714,14.632362365722656,True,1.0,0.25,1,gmd_04_extreme_bpm170,170.0,sim_tau
24,10.230186462402344,10.235186576843262,5.000114440917969,52.75701904296875,True,1.0,0.25,1,gmd_04_extreme_bpm170,170.0,sim_tau
25,10.570194244384766,10.575194358825684,5.000114440917969,9.035954475402832,True,1.0,0.25,1,gmd_04_extreme_bpm170,170.0,sim_tau
26,10.8302001953125,10.815199851989746,-15.000343322753906,4.764995098114014,True,1.0,0.25,1,gmd_04_extreme_bpm170,170.0,sim_tau
27,10.93020248413086,10.950202941894531,20.000457763671875,26.65522003173828,True,1.0,0.25,1,gmd_04_extreme_bpm170,170.0,sim_tau
28,11.390213012695312,11.39521312713623,5.000114440917969,16.688148498535156,True,1.0,0.25,1,gmd_04_extreme_bpm170,170.0,sim_tau
29,11.850223541259766,11.860223770141602,10.000228881835938,11.46832275390625,True,1.0,0.25,1,gmd_04_extreme_bpm170,170.0,sim_tau
30,12.090229034423828,12.100229263305664,10.000228881835938,13.435189247131348,True,1.0,0.25,1,gmd_04_extreme_bpm170,170.0,sim_tau
31,12.350234985351562,12.340234756469728,-10.000228881834161,9.382177352905272,True,1.0,0.25,1,gmd_04_extreme_bpm170,170.0,sim_tau
32,12.55023956298828,12.5552396774292,5.000114440919745,12.12828540802002,True,1.0,0.25,1,gmd_04_extreme_bpm170,170.0,sim_tau
33,12.65024185180664,12.65024185180664,0.0,8.347183227539062,True,1.0,0.25,1,gmd_04_extreme_bpm170,170.0,sim_tau
34,13.07025146484375,13.075251579284668,5.000114440917969,14.570022583007812,True,1.0,0.25,1,gmd_04_extreme_bpm170,170.0,sim_tau
35,13.3902587890625,13.385258674621582,-5.000114440917969,11.173336029052734,True,1.0,0.25,1,gmd_04_extreme_bpm170,170.0,sim_tau
36,13.670265197753906,13.650264739990234,-20.000457763671875,4.3021416664123535,True,1.0,0.25,1,gmd_04_extreme_bpm170,170.0,sim_tau
37,13.770267486572266,13.770267486572266,0.0,9.896093368530272,True,1.0,0.25,1,gmd_04_extreme_bpm170,170.0,sim_tau
38,14.210277557373049,14.210277557373049,0.0,19.3350830078125,True,1.0,0.25,1,gmd_04_extreme_bpm170,170.0,sim_tau
39,14.630287170410156,14.650287628173828,20.000457763671875,10.78569793701172,True,1.0,0.25,1,gmd_04_extreme_bpm170,170.0,sim_tau
40,14.89029312133789,14.900293350219728,10.000228881837714,13.187928199768066,True,1.0,0.25,1,gmd_04_extreme_bpm170,170.0,sim_tau
41,15.150299072265623,15.1152982711792,-35.000801086424005,15.71542739868164,False,1.0,0.25,1,gmd_04_extreme_bpm170,170.0,sim_tau
42,15.350303649902344,15.355303764343262,5.000114440917969,16.291728973388672,True,1.0,0.25,1,gmd_04_extreme_bpm170,170.0,sim_tau
43,15.85031509399414,15.85531520843506,5.000114440919745,19.710533142089844,True,1.0,0.25,1,gmd_04_extreme_bpm170,170.0,sim_tau
0,1.509998798370361,1.4899988174438477,-19.99998092651345,37.76437377929688,True,1.0,0.5,1,double_160bpm,160.0,sim_tau
1,1.6099987030029297,1.6099987030029297,0.0,10.822367668151855,True,1.0,0.5,1,double_160bpm,160.0,sim_tau
2,1.889998435974121,1.8799984455108645,-9.999990463256614,9.103103637695312,True,1.0,0.5,1,double_160bpm,160.0,sim_tau
3,1.969998359680176,1.9649983644485476,-4.999995231628418,12.492782592773438,True,1.0,0.5,1,double_160bpm,160.0,sim_tau
4,2.2500040531158447,2.2450039386749268,-5.000114440917969,9.451400756835938,True,1.0,0.5,1,double_160bpm,160.0,sim_tau
5,2.350006341934204,2.36000657081604,10.000228881835938,19.899782180786133,True,1.0,0.5,1,double_160bpm,160.0,sim_tau
6,2.6300127506256104,2.6250126361846924,-5.000114440917969,11.686250686645508,True,1.0,0.5,1,double_160bpm,160.0,sim_tau
7,2.7300150394439697,2.720014810562134,-10.000228881835938,15.90379524230957,True,1.0,0.5,1,double_160bpm,160.0,sim_tau
8,3.010021448135376,3.010021448135376,0.0,10.51557445526123,True,1.0,0.5,1,double_160bpm,160.0,sim_tau
9,3.110023736953736,3.110023736953736,0.0,11.479464530944824,True,1.0,0.5,1,double_160bpm,160.0,sim_tau
10,3.3900301456451416,3.39503026008606,5.000114440918413,16.23012924194336,True,1.0,0.5,1,double_160bpm,160.0,sim_tau
11,3.470031976699829,3.475032091140747,5.000114440917969,12.112966537475586,True,1.0,0.5,1,double_160bpm,160.0,sim_tau
12,3.7700388431549072,3.765038728713989,-5.000114440918413,8.508411407470703,True,1.0,0.5,1,double_160bpm,160.0,sim_tau
13,3.8500406742095943,3.8500406742095943,0.0,24.50466728210449,True,1.0,0.5,1,double_160bpm,160.0,sim_tau
14,4.130046844482422,4.125046730041504,-5.000114440917969,8.178973197937012,True,1.0,0.5,1,double_160bpm,160.0,sim_tau
15,4.230049133300781,4.230049133300781,0.0,12.292156219482422,True,1.0,0.5,1,double_160bpm,160.0,sim_tau
16,4.510055541992188,4.525055885314941,15.000343322753018,20.35183906555176,True,1.0,0.5,1,double_160bpm,160.0,sim_tau
17,4.610057830810547,4.615057945251465,5.000114440917969,7597.6279296875,True,1.0,0.5,1,double_160bpm,160.0,sim_tau
18,4.890064239501953,4.880064010620117,-10.000228881835938,9.240527153015137,True,1.0,0.5,1,double_160bpm,160.0,sim_tau
19,4.970066070556641,4.975066184997559,5.000114440917969,14.45774745941162,True,1.0,0.5,1,double_160bpm,160.0,sim_tau
20,5.250072479248047,5.245072364807129,-5.000114440917969,363.010986328125,True,1.0,0.5,1,double_160bpm,160.0,sim_tau
21,5.350074768066406,5.325074195861816,-25.000572204589844,14.68857765197754,True,1.0,0.5,1,double_160bpm,160.0,sim_tau
22,5.6300811767578125,5.610080718994141,-20.000457763671875,10.191859245300291,True,1.0,0.5,1,double_160bpm,160.0,sim_tau
23,5.730083465576172,5.740083694458008,10.000228881835938,12.360490798950195,True,1.0,0.5,1,double_160bpm,160.0,sim_tau
24,1.509998798370361,1.4899988174438477,-19.99998092651345,38.537105560302734,True,1.0,0.5,1,double_160bpm,160.0,sim_tau
25,1.6099987030029297,1.6049987077713013,-4.999995231628418,10.434728622436523,True,1.0,0.5,1,double_160bpm,160.0,sim_tau
26,1.889998435974121,1.8799984455108645,-9.999990463256614,8.962236404418945,True,1.0,0.5,1,double_160bpm,160.0,sim_tau
27,1.969998359680176,1.9449983835220337,-24.99997615814231,14.799278259277344,True,1.0,0.5,1,double_160bpm,160.0,sim_tau
28,2.2500040531158447,2.240003824234009,-10.000228881835938,71.06855773925781,True,1.0,0.5,1,double_160bpm,160.0,sim_tau
29,2.350006341934204,2.3100054264068604,-40.00091552734375,16.103866577148438,False,1.0,0.5,1,double_160bpm,160.0,sim_tau
30,2.6300127506256104,2.6000120639801025,-30.000686645507812,34.573577880859375,False,1.0,0.5,1,double_160bpm,160.0,sim_tau
31,2.7300150394439697,2.710014581680298,-20.000457763671875,16.506481170654297,True,1.0,0.5,1,double_160bpm,160.0,sim_tau
32,3.010021448135376,3.010021448135376,0.0,9.952529907226562,True,1.0,0.5,1,double_160bpm,160.0,sim_tau
33,3.110023736953736,3.110023736953736,0.0,9.537001609802246,True,1.0,0.5,1,double_160bpm,160.0,sim_tau
34,3.3900301456451416,3.400030374526977,10.000228881835493,16.38528823852539,True,1.0,0.5,1,double_160bpm,160.0,sim_tau
35,3.470031976699829,3.495032548904419,25.000572204589844,43.21487045288086,True,1.0,0.5,1,double_160bpm,160.0,sim_tau
36,3.7700388431549072,3.765038728713989,-5.000114440918413,9.34190845489502,True,1.0,0.5,1,double_160bpm,160.0,sim_tau
37,3.8500406742095943,3.860040903091431,10.000228881836826,27.80332565307617,True,1.0,0.5,1,double_160bpm,160.0,sim_tau
38,4.130046844482422,4.125046730041504,-5.000114440917969,9.457701683044434,True,1.0,0.5,1,double_160bpm,160.0,sim_tau
39,4.230049133300781,4.220048904418945,-10.000228881835938,12.38443374633789,True,1.0,0.5,1,double_160bpm,160.0,sim_tau
40,4.510055541992188,4.530055999755859,20.000457763670987,10.88597011566162,True,1.0,0.5,1,double_160bpm,160.0,sim_tau
41,4.610057830810547,4.590057373046875,-20.000457763671875,13.903270721435549,True,1.0,0.5,1,double_160bpm,160.0,sim_tau
42,4.890064239501953,4.905064582824707,15.000343322753906,10.455119132995604,True,1.0,0.5,1,double_160bpm,160.0,sim_tau
43,4.970066070556641,4.965065956115723,-5.000114440917969,13.50490379333496,True,1.0,0.5,1,double_160bpm,160.0,sim_tau
44,5.250072479248047,5.240072250366211,-10.000228881835938,353.6348876953125,True,1.0,0.5,1,double_160bpm,160.0,sim_tau
45,5.350074768066406,5.325074195861816,-25.000572204589844,15.255088806152344,True,1.0,0.5,1,double_160bpm,160.0,sim_tau
46,5.6300811767578125,5.655081748962402,25.000572204589844,20.56896209716797,True,1.0,0.5,1,double_160bpm,160.0,sim_tau
47,5.730083465576172,5.740083694458008,10.000228881835938,11.72840976715088,True,1.0,0.5,1,double_160bpm,160.0,sim_tau
48,1.509998798370361,1.4899988174438477,-19.99998092651345,38.74457931518555,True,1.0,0.5,1,double_160bpm,160.0,sim_tau
49,1.6099987030029297,1.564998745918274,-44.99995708465576,27.999305725097656,False,1.0,0.5,1,double_160bpm,160.0,sim_tau
50,1.889998435974121,1.899998426437378,9.999990463256836,16.2320499420166,True,1.0,0.5,1,double_160bpm,160.0,sim_tau
51,1.969998359680176,1.919998407363892,-49.99995231628396,17.049884796142578,False,1.0,0.5,1,double_160bpm,160.0,sim_tau
52,2.2500040531158447,2.2700045108795166,20.000457763671875,5.830965995788574,True,1.0,0.5,1,double_160bpm,160.0,sim_tau
53,2.350006341934204,,,0.0,False,1.0,0.5,1,double_160bpm,160.0,sim_tau
54,2.6300127506256104,2.6000120639801025,-30.000686645507812,30.15246963500977,False,1.0,0.5,1,double_160bpm,160.0,sim_tau
55,2.7300150394439697,2.7500154972076416,20.000457763671875,23.40610694885254,True,1.0,0.5,1,double_160bpm,160.0,sim_tau
56,3.010021448135376,2.9650204181671143,-45.00102996826172,18.91687393188477,False,1.0,0.5,1,double_160bpm,160.0,sim_tau
57,3.110023736953736,3.1150238513946533,5.000114440917525,10.01454257965088,True,1.0,0.5,1,double_160bpm,160.0,sim_tau
58,3.3900301456451416,3.400030374526977,10.000228881835493,34.4361572265625,True,1.0,0.5,1,double_160bpm,160.0,sim_tau
59,3.470031976699829,3.4400312900543213,-30.000686645507812,16.286109924316406,False,1.0,0.5,1,double_160bpm,160.0,sim_tau
60,3.7700388431549072,3.780039072036743,10.000228881835938,12.188246726989746,True,1.0,0.5,1,double_160bpm,160.0,sim_tau
61,3.8500406742095943,3.830040216445923,-20.00045776367143,17.128538131713867,True,1.0,0.5,1,double_160bpm,160.0,sim_tau
62,4.130046844482422,4.125046730041504,-5.000114440917969,12.389108657836914,True,1.0,0.5,1,double_160bpm,160.0,sim_tau
63,4.230049133300781,4.240049362182617,10.000228881835938,13.048842430114746,True,1.0,0.5,1,double_160bpm,160.0,sim_tau
64,4.510055541992188,4.485054969787598,-25.000572204590732,11.554888725280762,True,1.0,0.5,1,double_160bpm,160.0,sim_tau
65,4.610057830810547,4.580057144165039,-30.000686645507812,8.353056907653809,False,1.0,0.5,1,double_160bpm,160.0,sim_tau
66,4.890064239501953,4.870063781738281,-20.000457763671875,8.716951370239258,True,1.0,0.5,1,double_160bpm,160.0,sim_tau
67,4.970066070556641,4.940065383911133,-30.000686645507812,16.76746368408203,False,1.0,0.5,1,double_160bpm,160.0,sim_tau
68,5.250072479248047,5.270072937011719,20.000457763671875,10.60263729095459,True,1.0,0.5,1,double_160bpm,160.0,sim_tau
69,5.350074768066406,5.310073852539063,-40.00091552734286,16.80123519897461,False,1.0,0.5,1,double_160bpm,160.0,sim_tau
70,5.6300811767578125,5.670082092285156,40.00091552734375,31.81821060180664,False,1.0,0.5,1,double_160bpm,160.0,sim_tau
71,5.730083465576172,5.7100830078125,-20.000457763671875,14.941712379455566,True,1.0,0.5,1,double_160bpm,160.0,sim_tau
0,0.4299997389316559,0.4349997341632843,4.999995231628418,15.264126777648926,True,1.0,0.5,1,gmd_03_high_bpm138,138.0,sim_tau
1,0.749999463558197,0.7549994587898254,4.999995231628418,20.984601974487305,True,1.0,0.5,1,gmd_03_high_bpm138,138.0,sim_tau
2,0.9699992537498474,0.9349992871284484,-34.99996662139904,16.519081115722656,False,1.0,0.5,1,gmd_03_high_bpm138,138.0,sim_tau
3,1.6299986839294434,1.6349986791610718,4.999995231628418,15.213603973388672,True,1.0,0.5,1,gmd_03_high_bpm138,138.0,sim_tau
4,2.170002222061157,2.190002679824829,20.00045776367232,19.714298248291016,True,1.0,0.5,1,gmd_03_high_bpm138,138.0,sim_tau
5,2.510010004043579,2.510010004043579,0.0,7.863239288330078,True,1.0,0.5,1,gmd_03_high_bpm138,138.0,sim_tau
6,2.710014581680298,2.710014581680298,0.0,17.70037078857422,True,1.0,0.5,1,gmd_03_high_bpm138,138.0,sim_tau
7,3.030021905899048,3.02502179145813,-5.000114440917969,14.48679256439209,True,1.0,0.5,1,gmd_03_high_bpm138,138.0,sim_tau
8,3.3700296878814697,3.3800299167633057,10.000228881835938,8.843111991882324,True,1.0,0.5,1,gmd_03_high_bpm138,138.0,sim_tau
9,3.490032434463501,3.515033006668091,25.000572204589844,1.3263883590698242,True,1.0,0.5,1,gmd_03_high_bpm138,138.0,sim_tau
10,4.230049133300781,4.225049018859863,-5.000114440917969,11.635017395019531,True,1.0,0.5,1,gmd_03_high_bpm138,138.0,sim_tau
11,4.450054168701172,4.470054626464844,20.000457763671875,16.48492431640625,True,1.0,0.5,1,gmd_03_high_bpm138,138.0,sim_tau
12,4.9900665283203125,4.980066299438477,-10.000228881835938,21.98922538757324,True,1.0,0.5,1,gmd_03_high_bpm138,138.0,sim_tau
13,5.290073394775391,5.290073394775391,0.0,12.079200744628906,True,1.0,0.5,1,gmd_03_high_bpm138,138.0,sim_tau
14,5.6300811767578125,5.6300811767578125,0.0,16.52096939086914,True,1.0,0.5,1,gmd_03_high_bpm138,138.0,sim_tau
15,5.930088043212891,5.930088043212891,0.0,15.635189056396484,True,1.0,0.5,1,gmd_03_high_bpm138,138.0,sim_tau
16,6.170093536376953,6.185093879699707,15.000343322753906,29.39696884155273,True,1.0,0.5,1,gmd_03_high_bpm138,138.0,sim_tau
17,6.710105895996094,6.72010612487793,10.000228881835938,14.774627685546877,True,1.0,0.5,1,gmd_03_high_bpm138,138.0,sim_tau
18,7.010112762451172,7.000112533569336,-10.000228881835938,16.151718139648438,True,1.0,0.5,1,gmd_03_high_bpm138,138.0,sim_tau
19,7.370121002197266,7.3851213455200195,15.000343322753906,14.275837898254396,True,1.0,0.5,1,gmd_03_high_bpm138,138.0,sim_tau
20,7.710128784179687,7.710128784179687,0.0,22.37900161743164,True,1.0,0.5,1,gmd_03_high_bpm138,138.0,sim_tau
21,7.95013427734375,7.955134391784668,5.000114440917969,15.264856338500977,True,1.0,0.5,1,gmd_03_high_bpm138,138.0,sim_tau
22,8.230140686035156,8.240140914916992,10.000228881835938,18.545040130615234,True,1.0,0.5,1,gmd_03_high_bpm138,138.0,sim_tau
23,8.570148468017578,8.56514835357666,-5.000114440917969,7.72184944152832,True,1.0,0.5,1,gmd_03_high_bpm138,138.0,sim_tau
24,8.670150756835938,,,0.0,False,1.0,0.5,1,gmd_03_high_bpm138,138.0,sim_tau
25,9.13016128540039,9.145161628723145,15.000343322753906,25.35134696960449,True,1.0,0.5,1,gmd_03_high_bpm138,138.0,sim_tau
26,9.45016860961914,9.45516872406006,5.000114440919745,8.573107719421387,True,1.0,0.5,1,gmd_03_high_bpm138,138.0,sim_tau
27,9.690174102783203,9.710174560546877,20.00045776367365,26.67279624938965,True,1.0,0.5,1,gmd_03_high_bpm138,138.0,sim_tau
28,10.010181427001951,10.000181198120115,-10.000228881835938,8.296671867370605,True,1.0,0.5,1,gmd_03_high_bpm138,138.0,sim_tau
29,10.330188751220703,10.325188636779783,-5.000114440919745,26.502460479736328,True,1.0,0.5,1,gmd_03_high_bpm138,138.0,sim_tau
30,10.890201568603516,10.900201797485352,10.000228881835938,12.734519958496094,True,1.0,0.5,1,gmd_03_high_bpm138,138.0,sim_tau
31,11.210208892822266,11.205208778381348,-5.000114440917969,18.91122055053711,True,1.0,0.5,1,gmd_03_high_bpm138,138.0,sim_tau
32,11.430213928222656,11.44521427154541,15.000343322753906,15.912992477416992,True,1.0,0.5,1,gmd_03_high_bpm138,138.0,sim_tau
33,11.970226287841797,11.98522663116455,15.000343322753906,26.36454391479492,True,1.0,0.5,1,gmd_03_high_bpm138,138.0,sim_tau
34,12.270233154296877,12.285233497619627,15.000343322750354,10.538935661315918,True,1.0,0.5,1,gmd_03_high_bpm138,138.0,sim_tau
35,12.610240936279297,12.62524127960205,15.000343322753906,25.65179443359375,True,1.0,0.5,1,gmd_03_high_bpm138,138.0,sim_tau
36,12.910247802734377,12.910247802734377,0.0,18.406648635864254,True,1.0,0.5,1,gmd_03_high_bpm138,138.0,sim_tau
37,13.670265197753906,13.670265197753906,0.0,15.43000030517578,True,1.0,0.5,1,gmd_03_high_bpm138,138.0,sim_tau
38,13.950271606445312,13.93527126312256,-15.00034332275213,26.88165664672852,True,1.0,0.5,1,gmd_03_high_bpm138,138.0,sim_tau
39,14.330280303955078,14.335280418395996,5.000114440917969,16.185222625732422,True,1.0,0.5,1,gmd_03_high_bpm138,138.0,sim_tau
40,14.650287628173828,14.665287971496582,15.000343322753906,10.292560577392578,True,1.0,0.5,1,gmd_03_high_bpm138,138.0,sim_tau
41,14.89029312133789,14.880292892456056,-10.000228881834161,9.85739803314209,True,1.0,0.5,1,gmd_03_high_bpm138,138.0,sim_tau
42,15.21030044555664,15.195300102233888,-15.00034332275213,14.35982608795166,True,1.0,0.5,1,gmd_03_high_bpm138,138.0,sim_tau
43,15.53030776977539,15.560308456420898,30.000686645507812,10.930963516235352,False,1.0,0.5,1,gmd_03_high_bpm138,138.0,sim_tau
44,15.610309600830078,15.600309371948242,-10.000228881835938,12.444894790649414,True,1.0,0.5,1,gmd_03_high_bpm138,138.0,sim_tau
0,1.349998950958252,1.3599989414215088,9.999990463256836,12.013249397277832,True,1.0,0.5,1,gmd_04_extreme_bpm170,170.0,sim_tau
1,1.7499985694885254,1.7549985647201538,4.999995231628418,15.527669906616213,True,1.0,0.5,1,gmd_04_extreme_bpm170,170.0,sim_tau
2,2.3100054264068604,2.3150055408477783,5.000114440917969,9.197553634643556,True,1.0,0.5,1,gmd_04_extreme_bpm170,170.0,sim_tau
3,2.7300150394439697,2.715014696121216,-15.000343322753906,9.70827579498291,True,1.0,0.5,1,gmd_04_extreme_bpm170,170.0,sim_tau
4,3.190025568008423,3.180025339126587,-10.000228881835938,21.3135986328125,True,1.0,0.5,1,gmd_04_extreme_bpm170,170.0,sim_tau
5,3.730037927627564,3.730037927627564,0.0,15.656257629394531,True,1.0,0.5,1,gmd_04_extreme_bpm170,170.0,sim_tau
6,4.11004638671875,4.11004638671875,0.0,15.834293365478516,True,1.0,0.5,1,gmd_04_extreme_bpm170,170.0,sim_tau
7,4.610057830810547,4.610057830810547,0.0,15.44728660583496,True,1.0,0.5,1,gmd_04_extreme_bpm170,170.0,sim_tau
8,4.870063781738281,4.885064125061035,15.000343322753906,22.93411445617676,True,1.0,0.5,1,gmd_04_extreme_bpm170,170.0,sim_tau
9,5.130069732666016,5.130069732666016,0.0,19.01043701171875,True,1.0,0.5,1,gmd_04_extreme_bpm170,170.0,sim_tau
10,5.990089416503906,5.995089530944824,5.000114440917969,15.036022186279297,True,1.0,0.5,1,gmd_04_extreme_bpm170,170.0,sim_tau
11,6.35009765625,6.32509708404541,-25.000572204589844,17.317577362060547,True,1.0,0.5,1,gmd_04_extreme_bpm170,170.0,sim_tau
12,6.530101776123047,6.530101776123047,0.0,14.42312240600586,True,1.0,0.5,1,gmd_04_extreme_bpm170,170.0,sim_tau
13,6.710105895996094,6.725106239318848,15.000343322753906,19.682334899902344,True,1.0,0.5,1,gmd_04_extreme_bpm170,170.0,sim_tau
14,6.950111389160156,6.955111503601074,5.000114440917969,16.33639144897461,True,1.0,0.5,1,gmd_04_extreme_bpm170,170.0,sim_tau
15,7.410121917724609,7.400121688842773,-10.000228881835938,13.30616283416748,True,1.0,0.5,1,gmd_04_extreme_bpm170,170.0,sim_tau
16,7.750129699707031,7.755129814147949,5.000114440917969,15.109033584594728,True,1.0,0.5,1,gmd_04_extreme_bpm170,170.0,sim_tau
17,8.010135650634766,8.015135765075684,5.000114440917969,9.829513549804688,True,1.0,0.5,1,gmd_04_extreme_bpm170,170.0,sim_tau
18,8.090137481689453,8.060136795043945,-30.000686645507812,16.906972885131836,False,1.0,0.5,1,gmd_04_extreme_bpm170,170.0,sim_tau
19,8.530147552490234,8.525147438049316,-5.000114440917969,11.923603057861328,True,1.0,0.5,1,gmd_04_extreme_bpm170,170.0,sim_tau
20,8.970157623291016,8.980157852172852,10.000228881835938,12.757078170776367,True,1.0,0.5,1,gmd_04_extreme_bpm170,170.0,sim_tau
21,9.23016357421875,9.250164031982422,20.000457763671875,23.529224395751957,True,1.0,0.5,1,gmd_04_extreme_bpm170,170.0,sim_tau
22,9.490169525146484,9.485169410705566,-5.000114440917969,8.535630226135254,True,1.0,0.5,1,gmd_04_extreme_bpm170,170.0,sim_tau
23,9.690174102783203,9.690174102783203,0.0,10.234472274780272,True,1.0,0.5,1,gmd_04_extreme_bpm170,170.0,sim_tau
24,10.230186462402344,10.220186233520508,-10.000228881835938,9.099347114562988,True,1.0,0.5,1,gmd_04_extreme_bpm170,170.0,sim_tau
25,10.570194244384766,10.575194358825684,5.000114440917969,15.879690170288086,True,1.0,0.5,1,gmd_04_extreme_bpm170,170.0,sim_tau
26,10.8302001953125,10.825200080871582,-5.000114440917969,8.165227890014648,True,1.0,0.5,1,gmd_04_extreme_bpm170,170.0,sim_tau
27,10.93020248413086,10.940202713012695,10.000228881835938,12.827581405639648,True,1.0,0.5,1,gmd_04_extreme_bpm170,170.0,sim_tau
28,11.390213012695312,11.390213012695312,0.0,48.351318359375,True,1.0,0.5,1,gmd_04_extreme_bpm170,170.0,sim_tau
29,11.850223541259766,11.84022331237793,-10.000228881835938,36.70623397827149,True,1.0,0.5,1,gmd_04_extreme_bpm170,170.0,sim_tau
30,12.090229034423828,12.08522891998291,-5.000114440917969,8.413936614990234,True,1.0,0.5,1,gmd_04_extreme_bpm170,170.0,sim_tau
31,12.350234985351562,12.350234985351562,0.0,15.398740768432615,True,1.0,0.5,1,gmd_04_extreme_bpm170,170.0,sim_tau
32,12.55023956298828,12.580240249633787,30.000686645507812,9.45277976989746,False,1.0,0.5,1,gmd_04_extreme_bpm170,170.0,sim_tau
33,12.65024185180664,12.65524196624756,5.000114440919745,13.224611282348633,True,1.0,0.5,1,gmd_04_extreme_bpm170,170.0,sim_tau
34,13.07025146484375,13.075251579284668,5.000114440917969,16.185937881469727,True,1.0,0.5,1,gmd_04_extreme_bpm170,170.0,sim_tau
35,13.3902587890625,13.385258674621582,-5.000114440917969,11.493420600891112,True,1.0,0.5,1,gmd_04_extreme_bpm170,170.0,sim_tau
36,13.670265197753906,13.670265197753906,0.0,11.972400665283203,True,1.0,0.5,1,gmd_04_extreme_bpm170,170.0,sim_tau
37,13.770267486572266,13.750267028808594,-20.000457763671875,17.0947322845459,True,1.0,0.5,1,gmd_04_extreme_bpm170,170.0,sim_tau
38,14.210277557373049,14.2252779006958,15.00034332275213,14.679956436157228,True,1.0,0.5,1,gmd_04_extreme_bpm170,170.0,sim_tau
39,14.630287170410156,14.62028694152832,-10.000228881835938,16.266963958740234,True,1.0,0.5,1,gmd_04_extreme_bpm170,170.0,sim_tau
40,14.89029312133789,14.875292778015137,-15.000343322753906,8.10914421081543,True,1.0,0.5,1,gmd_04_extreme_bpm170,170.0,sim_tau
41,15.150299072265623,15.175299644470217,25.000572204593396,9.083667755126951,True,1.0,0.5,1,gmd_04_extreme_bpm170,170.0,sim_tau
42,15.350303649902344,15.355303764343262,5.000114440917969,19.45197486877441,True,1.0,0.5,1,gmd_04_extreme_bpm170,170.0,sim_tau
43,15.85031509399414,15.85031509399414,0.0,13.045124053955078,True,1.0,0.5,1,gmd_04_extreme_bpm170,170.0,sim_tau
0,1.509998798370361,1.504998803138733,-4.999995231628196,1.5442839860916138,True,1.0,1.0,1,double_160bpm,160.0,sim_tau
1,1.6099987030029297,1.6099987030029297,0.0,14.998275756835938,True,1.0,1.0,1,double_160bpm,160.0,sim_tau
2,1.889998435974121,1.9049984216690063,14.999985694885254,28.875320434570312,True,1.0,1.0,1,double_160bpm,160.0,sim_tau
3,1.969998359680176,1.969998359680176,0.0,14.824976921081545,True,1.0,1.0,1,double_160bpm,160.0,sim_tau
4,2.2500040531158447,2.2500040531158447,0.0,11.44509506225586,True,1.0,1.0,1,double_160bpm,160.0,sim_tau
5,2.350006341934204,2.345006227493286,-5.000114440917969,14.33082103729248,True,1.0,1.0,1,double_160bpm,160.0,sim_tau
6,2.6300127506256104,2.6200125217437744,-10.000228881835938,9.921863555908203,True,1.0,1.0,1,double_160bpm,160.0,sim_tau
7,2.7300150394439697,2.7300150394439697,0.0,12.696044921875,True,1.0,1.0,1,double_160bpm,160.0,sim_tau
8,3.010021448135376,3.015021562576294,5.000114440917969,13.381288528442385,True,1.0,1.0,1,double_160bpm,160.0,sim_tau
9,3.110023736953736,3.1150238513946533,5.000114440917525,22.4531364440918,True,1.0,1.0,1,double_160bpm,160.0,sim_tau
10,3.3900301456451416,3.3900301456451416,0.0,10.494951248168944,True,1.0,1.0,1,double_160bpm,160.0,sim_tau
11,3.470031976699829,3.470031976699829,0.0,16.814809799194336,True,1.0,1.0,1,double_160bpm,160.0,sim_tau
12,3.7700388431549072,3.755038499832153,-15.00034332275435,44.04589080810547,True,1.0,1.0,1,double_160bpm,160.0,sim_tau
13,3.8500406742095943,3.8500406742095943,0.0,1.1075952053070068,True,1.0,1.0,1,double_160bpm,160.0,sim_tau
14,4.130046844482422,4.125046730041504,-5.000114440917969,18.3617000579834,True,1.0,1.0,1,double_160bpm,160.0,sim_tau
15,4.230049133300781,4.230049133300781,0.0,14.767908096313477,True,1.0,1.0,1,double_160bpm,160.0,sim_tau
16,4.510055541992188,4.5150556564331055,5.000114440917081,9.206758499145508,True,1.0,1.0,1,double_160bpm,160.0,sim_tau
17,4.610057830810547,4.610057830810547,0.0,16.0577335357666,True,1.0,1.0,1,double_160bpm,160.0,sim_tau
18,4.890064239501953,4.870063781738281,-20.000457763671875,59.14391326904297,True,1.0,1.0,1,double_160bpm,160.0,sim_tau
19,4.970066070556641,4.970066070556641,0.0,17.325298309326172,True,1.0,1.0,1,double_160bpm,160.0,sim_tau
20,5.250072479248047,5.245072364807129,-5.000114440917969,14.498373985290527,True,1.0,1.0,1,double_160bpm,160.0,sim_tau
21,5.350074768066406,5.34007453918457,-10.000228881835938,15.91876983642578,True,1.0,1.0,1,double_160bpm,160.0,sim_tau
22,5.6300811767578125,5.6300811767578125,0.0,5.554477214813232,True,1.0,1.0,1,double_160bpm,160.0,sim_tau
23,5.730083465576172,5.730083465576172,0.0,12.57136344909668,True,1.0,1.0,1,double_160bpm,160.0,sim_tau
24,1.509998798370361,1.504998803138733,-4.999995231628196,1.9051721096038816,True,1.0,1.0,1,double_160bpm,160.0,sim_tau
25,1.6099987030029297,1.6049987077713013,-4.999995231628418,12.473822593688965,True,1.0,1.0,1,double_160bpm,160.0,sim_tau
26,1.889998435974121,1.8699984550476076,-19.99998092651345,63.16206359863281,True,1.0,1.0,1,double_160bpm,160.0,sim_tau
27,1.969998359680176,1.969998359680176,0.0,15.30775260925293,True,1.0,1.0,1,double_160bpm,160.0,sim_tau
28,2.2500040531158447,2.2500040531158447,0.0,8.612449645996094,True,1.0,1.0,1,double_160bpm,160.0,sim_tau
29,2.350006341934204,2.345006227493286,-5.000114440917969,11.514512062072754,True,1.0,1.0,1,double_160bpm,160.0,sim_tau
30,2.6300127506256104,2.6200125217437744,-10.000228881835938,15.068880081176758,True,1.0,1.0,1,double_160bpm,160.0,sim_tau
31,2.7300150394439697,2.7300150394439697,0.0,14.093048095703123,True,1.0,1.0,1,double_160bpm,160.0,sim_tau
32,3.010021448135376,3.015021562576294,5.000114440917969,18.29376983642578,True,1.0,1.0,1,double_160bpm,160.0,sim_tau
33,3.110023736953736,3.1150238513946533,5.000114440917525,22.12782287597656,True,1.0,1.0,1,double_160bpm,160.0,sim_tau
34,3.3900301456451416,3.39503026008606,5.000114440918413,18.480756759643555,True,1.0,1.0,1,double_160bpm,160.0,sim_tau
35,3.470031976699829,3.475032091140747,5.000114440917969,13.598669052124023,True,1.0,1.0,1,double_160bpm,160.0,sim_tau
36,3.7700388431549072,3.755038499832153,-15.00034332275435,44.90184783935547,True,1.0,1.0,1,double_160bpm,160.0,sim_tau
37,3.8500406742095943,3.840040445327759,-10.000228881835493,21.967287063598636,True,1.0,1.0,1,double_160bpm,160.0,sim_tau
38,4.130046844482422,4.120046615600586,-10.000228881835938,12.347345352172852,True,1.0,1.0,1,double_160bpm,160.0,sim_tau
39,4.230049133300781,4.240049362182617,10.000228881835938,9.935674667358398,True,1.0,1.0,1,double_160bpm,160.0,sim_tau
40,4.510055541992188,4.520055770874023,10.00022888183505,25.02611541748047,True,1.0,1.0,1,double_160bpm,160.0,sim_tau
41,4.610057830810547,4.605057716369629,-5.000114440917969,15.950626373291016,True,1.0,1.0,1,double_160bpm,160.0,sim_tau
42,4.890064239501953,4.910064697265625,20.000457763671875,27.799583435058597,True,1.0,1.0,1,double_160bpm,160.0,sim_tau
43,4.970066070556641,4.970066070556641,0.0,7.642403602600098,True,1.0,1.0,1,double_160bpm,160.0,sim_tau
44,5.250072479248047,5.245072364807129,-5.000114440917969,10.213701248168944,True,1.0,1.0,1,double_160bpm,160.0,sim_tau
45,5.350074768066406,5.330074310302734,-20.000457763671875,19.98669815063477,True,1.0,1.0,1,double_160bpm,160.0,sim_tau
46,5.6300811767578125,5.625081062316895,-5.000114440917081,4.251612186431885,True,1.0,1.0,1,double_160bpm,160.0,sim_tau
47,5.730083465576172,5.730083465576172,0.0,12.62563133239746,True,1.0,1.0,1,double_160bpm,160.0,sim_tau
48,1.509998798370361,1.4899988174438477,-19.99998092651345,24.678993225097656,True,1.0,1.0,1,double_160bpm,160.0,sim_tau
49,1.6099987030029297,1.624998688697815,14.999985694885254,9.79801082611084,True,1.0,1.0,1,double_160bpm,160.0,sim_tau
50,1.889998435974121,1.864998459815979,-24.99997615814209,34.901123046875,True,1.0,1.0,1,double_160bpm,160.0,sim_tau
51,1.969998359680176,1.9449983835220337,-24.99997615814231,16.423730850219727,True,1.0,1.0,1,double_160bpm,160.0,sim_tau
52,2.2500040531158447,2.2500040531158447,0.0,8.610552787780762,True,1.0,1.0,1,double_160bpm,160.0,sim_tau
53,2.350006341934204,2.345006227493286,-5.000114440917969,10.55749797821045,True,1.0,1.0,1,double_160bpm,160.0,sim_tau
54,2.6300127506256104,2.6150124073028564,-15.000343322753906,12.366901397705078,True,1.0,1.0,1,double_160bpm,160.0,sim_tau
55,2.7300150394439697,2.725014925003052,-5.000114440917525,6.603419303894043,True,1.0,1.0,1,double_160bpm,160.0,sim_tau
56,3.010021448135376,3.0750229358673096,65.0014877319336,21.219444274902344,False,1.0,1.0,1,double_160bpm,160.0,sim_tau
57,3.110023736953736,3.0900232791900635,-20.00045776367232,20.760028839111328,True,1.0,1.0,1,double_160bpm,160.0,sim_tau
58,3.3900301456451416,3.360029458999634,-30.000686645507812,14.609264373779297,False,1.0,1.0,1,double_160bpm,160.0,sim_tau
59,3.470031976699829,3.455031633377075,-15.000343322753906,8.978200912475586,True,1.0,1.0,1,double_160bpm,160.0,sim_tau
60,3.7700388431549072,3.755038499832153,-15.00034332275435,43.91509246826172,True,1.0,1.0,1,double_160bpm,160.0,sim_tau
61,3.8500406742095943,3.805039644241333,-45.00102996826128,11.562687873840332,False,1.0,1.0,1,double_160bpm,160.0,sim_tau
62,4.130046844482422,4.120046615600586,-10.000228881835938,11.838178634643556,True,1.0,1.0,1,double_160bpm,160.0,sim_tau
63,4.230049133300781,4.250049591064453,20.000457763671875,7.968963623046875,True,1.0,1.0,1,double_160bpm,160.0,sim_tau
64,4.510055541992188,4.530055999755859,20.000457763670987,7.516146659851074,True,1.0,1.0,1,double_160bpm,160.0,sim_tau
65,4.610057830810547,4.625058174133301,15.000343322753906,9.62929344177246,True,1.0,1.0,1,double_160bpm,160.0,sim_tau
66,4.890064239501953,4.865063667297363,-25.000572204589844,30.24733543395996,True,1.0,1.0,1,double_160bpm,160.0,sim_tau
67,4.970066070556641,4.975066184997559,5.000114440917969,24.68337821960449,True,1.0,1.0,1,double_160bpm,160.0,sim_tau
68,5.250072479248047,5.235072135925293,-15.000343322753906,18.07278251647949,True,1.0,1.0,1,double_160bpm,160.0,sim_tau
69,5.350074768066406,5.330074310302734,-20.000457763671875,19.98369026184082,True,1.0,1.0,1,double_160bpm,160.0,sim_tau
70,5.6300811767578125,5.625081062316895,-5.000114440917081,3.2124452590942383,True,1.0,1.0,1,double_160bpm,160.0,sim_tau
71,5.730083465576172,5.725083351135254,-5.000114440917969,13.790196418762209,True,1.0,1.0,1,double_160bpm,160.0,sim_tau
0,0.4299997389316559,0.4299997389316559,0.0,13.098085403442385,True,1.0,1.0,1,gmd_03_high_bpm138,138.0,sim_tau
1,0.749999463558197,0.7599994540214539,9.999990463256836,12.814754486083984,True,1.0,1.0,1,gmd_03_high_bpm138,138.0,sim_tau
2,0.9699992537498474,0.9799992442131042,9.999990463256836,24.298057556152344,True,1.0,1.0,1,gmd_03_high_bpm138,138.0,sim_tau
3,1.6299986839294434,1.624998688697815,-4.999995231628418,26.17455291748047,True,1.0,1.0,1,gmd_03_high_bpm138,138.0,sim_tau
4,2.170002222061157,,,0.0,False,1.0,1.0,1,gmd_03_high_bpm138,138.0,sim_tau
5,2.510010004043579,2.4850094318389893,-25.000572204589844,14.462608337402344,True,1.0,1.0,1,gmd_03_high_bpm138,138.0,sim_tau
6,2.710014581680298,2.700014352798462,-10.000228881835938,18.51333999633789,True,1.0,1.0,1,gmd_03_high_bpm138,138.0,sim_tau
7,3.030021905899048,,,0.0,False,1.0,1.0,1,gmd_03_high_bpm138,138.0,sim_tau
8,3.3700296878814697,3.355029344558716,-15.000343322753906,15.493595123291016,True,1.0,1.0,1,gmd_03_high_bpm138,138.0,sim_tau
9,3.490032434463501,3.490032434463501,0.0,15.375146865844728,True,1.0,1.0,1,gmd_03_high_bpm138,138.0,sim_tau
10,4.230049133300781,4.210048675537109,-20.000457763671875,7.685979843139648,True,1.0,1.0,1,gmd_03_high_bpm138,138.0,sim_tau
11,4.450054168701172,4.4300537109375,-20.000457763671875,20.02938270568848,True,1.0,1.0,1,gmd_03_high_bpm138,138.0,sim_tau
12,4.9900665283203125,4.995066642761231,5.000114440918857,13.99559497833252,True,1.0,1.0,1,gmd_03_high_bpm138,138.0,sim_tau
13,5.290073394775391,5.260072708129883,-30.000686645507812,2.244562149047852,False,1.0,1.0,1,gmd_03_high_bpm138,138.0,sim_tau
14,5.6300811767578125,5.610080718994141,-20.000457763671875,22.343477249145508,True,1.0,1.0,1,gmd_03_high_bpm138,138.0,sim_tau
15,5.930088043212891,5.930088043212891,0.0,25.76413345336914,True,1.0,1.0,1,gmd_03_high_bpm138,138.0,sim_tau
16,6.170093536376953,6.165093421936035,-5.000114440917969,14.603967666625977,True,1.0,1.0,1,gmd_03_high_bpm138,138.0,sim_tau
17,6.710105895996094,6.715106010437012,5.000114440917969,25.66434097290039,True,1.0,1.0,1,gmd_03_high_bpm138,138.0,sim_tau
18,7.010112762451172,6.995112419128418,-15.000343322753906,1.4652431011199951,True,1.0,1.0,1,gmd_03_high_bpm138,138.0,sim_tau
19,7.370121002197266,7.365120887756348,-5.000114440917969,15.77076816558838,True,1.0,1.0,1,gmd_03_high_bpm138,138.0,sim_tau
20,7.710128784179687,7.710128784179687,0.0,14.648818016052246,True,1.0,1.0,1,gmd_03_high_bpm138,138.0,sim_tau
21,7.95013427734375,7.930133819580078,-20.000457763671875,12.130348205566406,True,1.0,1.0,1,gmd_03_high_bpm138,138.0,sim_tau
22,8.230140686035156,8.250141143798828,20.000457763671875,11.740917205810549,True,1.0,1.0,1,gmd_03_high_bpm138,138.0,sim_tau
23,8.570148468017578,8.570148468017578,0.0,110.67633819580078,True,1.0,1.0,1,gmd_03_high_bpm138,138.0,sim_tau
24,8.670150756835938,8.650150299072266,-20.000457763671875,17.565481185913086,True,1.0,1.0,1,gmd_03_high_bpm138,138.0,sim_tau
25,9.13016128540039,9.125161170959473,-5.000114440917969,14.026996612548828,True,1.0,1.0,1,gmd_03_high_bpm138,138.0,sim_tau
26,9.45016860961914,9.445168495178224,-5.000114440916192,14.558576583862305,True,1.0,1.0,1,gmd_03_high_bpm138,138.0,sim_tau
27,9.690174102783203,9.69517421722412,5.000114440916192,14.495341300964355,True,1.0,1.0,1,gmd_03_high_bpm138,138.0,sim_tau
28,10.010181427001951,9.99018096923828,-20.000457763671875,7.1775641441345215,True,1.0,1.0,1,gmd_03_high_bpm138,138.0,sim_tau
29,10.330188751220703,10.345189094543455,15.00034332275213,13.228853225708008,True,1.0,1.0,1,gmd_03_high_bpm138,138.0,sim_tau
30,10.890201568603516,10.920202255249023,30.000686645507812,1.4823877811431885,False,1.0,1.0,1,gmd_03_high_bpm138,138.0,sim_tau
31,11.210208892822266,11.210208892822266,0.0,13.482218742370604,True,1.0,1.0,1,gmd_03_high_bpm138,138.0,sim_tau
32,11.430213928222656,11.415213584899902,-15.000343322753906,14.725065231323242,True,1.0,1.0,1,gmd_03_high_bpm138,138.0,sim_tau
33,11.970226287841797,11.950225830078123,-20.00045776367365,14.70790958404541,True,1.0,1.0,1,gmd_03_high_bpm138,138.0,sim_tau
34,12.270233154296877,12.270233154296877,0.0,7.729857444763184,True,1.0,1.0,1,gmd_03_high_bpm138,138.0,sim_tau
35,12.610240936279297,12.610240936279297,0.0,2.110006093978882,True,1.0,1.0,1,gmd_03_high_bpm138,138.0,sim_tau
36,12.910247802734377,12.915247917175291,5.000114440914416,12.991031646728516,True,1.0,1.0,1,gmd_03_high_bpm138,138.0,sim_tau
37,13.670265197753906,13.680265426635742,10.000228881835938,14.547027587890623,True,1.0,1.0,1,gmd_03_high_bpm138,138.0,sim_tau
38,13.950271606445312,13.88527011871338,-65.00148773193182,2.5094032287597656,False,1.0,1.0,1,gmd_03_high_bpm138,138.0,sim_tau
39,14.330280303955078,14.320280075073242,-10.000228881835938,17.279539108276367,True,1.0,1.0,1,gmd_03_high_bpm138,138.0,sim_tau
40,14.650287628173828,14.635287284851074,-15.000343322753906,17.992916107177734,True,1.0,1.0,1,gmd_03_high_bpm138,138.0,sim_tau
41,14.89029312133789,14.900293350219728,10.000228881837714,13.695845603942873,True,1.0,1.0,1,gmd_03_high_bpm138,138.0,sim_tau
42,15.21030044555664,15.21530055999756,5.000114440919745,13.94032859802246,True,1.0,1.0,1,gmd_03_high_bpm138,138.0,sim_tau
43,15.53030776977539,15.53030776977539,0.0,11.141655921936035,True,1.0,1.0,1,gmd_03_high_bpm138,138.0,sim_tau
44,15.610309600830078,15.600309371948242,-10.000228881835938,12.437427520751951,True,1.0,1.0,1,gmd_03_high_bpm138,138.0,sim_tau
0,1.349998950958252,1.3599989414215088,9.999990463256836,23.871923446655277,True,1.0,1.0,1,gmd_04_extreme_bpm170,170.0,sim_tau
1,1.7499985694885254,1.7649985551834106,14.999985694885254,12.243410110473633,True,1.0,1.0,1,gmd_04_extreme_bpm170,170.0,sim_tau
2,2.3100054264068604,,,0.0,False,1.0,1.0,1,gmd_04_extreme_bpm170,170.0,sim_tau
3,2.7300150394439697,2.7400152683258057,10.000228881835938,8.883702278137207,True,1.0,1.0,1,gmd_04_extreme_bpm170,170.0,sim_tau
4,3.190025568008423,3.185025453567505,-5.000114440917969,28.023426055908203,True,1.0,1.0,1,gmd_04_extreme_bpm170,170.0,sim_tau
5,3.730037927627564,3.710037469863892,-20.000457763671875,10.98580551147461,True,1.0,1.0,1,gmd_04_extreme_bpm170,170.0,sim_tau
6,4.11004638671875,4.115046501159668,5.000114440917969,21.428800582885746,True,1.0,1.0,1,gmd_04_extreme_bpm170,170.0,sim_tau
7,4.610057830810547,4.600057601928711,-10.000228881835938,15.898897171020508,True,1.0,1.0,1,gmd_04_extreme_bpm170,170.0,sim_tau
8,4.870063781738281,4.865063667297363,-5.000114440917969,13.696823120117188,True,1.0,1.0,1,gmd_04_extreme_bpm170,170.0,sim_tau
9,5.130069732666016,,,0.0,False,1.0,1.0,1,gmd_04_extreme_bpm170,170.0,sim_tau
10,5.990089416503906,5.970088958740234,-20.000457763671875,22.416183471679688,True,1.0,1.0,1,gmd_04_extreme_bpm170,170.0,sim_tau
11,6.35009765625,6.360097885131836,10.000228881835938,16.483535766601562,True,1.0,1.0,1,gmd_04_extreme_bpm170,170.0,sim_tau
12,6.530101776123047,6.525101661682129,-5.000114440917969,13.08574104309082,True,1.0,1.0,1,gmd_04_extreme_bpm170,170.0,sim_tau
13,6.710105895996094,6.72010612487793,10.000228881835938,12.948843002319336,True,1.0,1.0,1,gmd_04_extreme_bpm170,170.0,sim_tau
14,6.950111389160156,,,0.0,False,1.0,1.0,1,gmd_04_extreme_bpm170,170.0,sim_tau
15,7.410121917724609,7.420122146606445,10.000228881835938,11.585906982421877,True,1.0,1.0,1,gmd_04_extreme_bpm170,170.0,sim_tau
16,7.750129699707031,7.755129814147949,5.000114440917969,6.77766227722168,True,1.0,1.0,1,gmd_04_extreme_bpm170,170.0,sim_tau
17,8.010135650634766,,,0.0,False,1.0,1.0,1,gmd_04_extreme_bpm170,170.0,sim_tau
18,8.090137481689453,8.070137023925781,-20.000457763671875,6.1213860511779785,True,1.0,1.0,1,gmd_04_extreme_bpm170,170.0,sim_tau
19,8.530147552490234,8.54014778137207,10.000228881835938,8.095270156860352,True,1.0,1.0,1,gmd_04_extreme_bpm170,170.0,sim_tau
20,8.970157623291016,8.96015739440918,-10.000228881835938,13.523855209350586,True,1.0,1.0,1,gmd_04_extreme_bpm170,170.0,sim_tau
21,9.23016357421875,9.215163230895996,-15.000343322753906,16.26756477355957,True,1.0,1.0,1,gmd_04_extreme_bpm170,170.0,sim_tau
22,9.490169525146484,9.490169525146484,0.0,21.2397403717041,True,1.0,1.0,1,gmd_04_extreme_bpm170,170.0,sim_tau
23,9.690174102783203,9.680173873901367,-10.000228881835938,13.468568801879885,True,1.0,1.0,1,gmd_04_extreme_bpm170,170.0,sim_tau
24,10.230186462402344,10.245186805725098,15.000343322753906,8.194428443908691,True,1.0,1.0,1,gmd_04_extreme_bpm170,170.0,sim_tau
25,10.570194244384766,10.575194358825684,5.000114440917969,17.883358001708984,True,1.0,1.0,1,gmd_04_extreme_bpm170,170.0,sim_tau
26,10.8302001953125,10.8302001953125,0.0,6.516654968261719,True,1.0,1.0,1,gmd_04_extreme_bpm170,170.0,sim_tau
27,10.93020248413086,10.910202026367188,-20.000457763671875,18.143848419189453,True,1.0,1.0,1,gmd_04_extreme_bpm170,170.0,sim_tau
28,11.390213012695312,11.380212783813477,-10.000228881835938,9.458349227905272,True,1.0,1.0,1,gmd_04_extreme_bpm170,170.0,sim_tau
29,11.850223541259766,11.835223197937012,-15.000343322753906,68.99668884277344,True,1.0,1.0,1,gmd_04_extreme_bpm170,170.0,sim_tau
30,12.090229034423828,12.090229034423828,0.0,10.20444107055664,True,1.0,1.0,1,gmd_04_extreme_bpm170,170.0,sim_tau
31,12.350234985351562,12.370235443115234,20.000457763671875,15.647590637207031,True,1.0,1.0,1,gmd_04_extreme_bpm170,170.0,sim_tau
32,12.55023956298828,12.515238761901855,-35.000801086424005,7.655434608459473,False,1.0,1.0,1,gmd_04_extreme_bpm170,170.0,sim_tau
33,12.65024185180664,12.665242195129396,15.000343322755683,26.704565048217773,True,1.0,1.0,1,gmd_04_extreme_bpm170,170.0,sim_tau
34,13.07025146484375,13.04525089263916,-25.000572204589844,9891.291015625,True,1.0,1.0,1,gmd_04_extreme_bpm170,170.0,sim_tau
35,13.3902587890625,13.385258674621582,-5.000114440917969,3.22558069229126,True,1.0,1.0,1,gmd_04_extreme_bpm170,170.0,sim_tau
36,13.670265197753906,13.645264625549316,-25.000572204589844,15.686737060546877,True,1.0,1.0,1,gmd_04_extreme_bpm170,170.0,sim_tau
37,13.770267486572266,13.76026725769043,-10.000228881835938,13.202238082885742,True,1.0,1.0,1,gmd_04_extreme_bpm170,170.0,sim_tau
38,14.210277557373049,14.205277442932127,-5.0001144409215215,7.226644992828369,True,1.0,1.0,1,gmd_04_extreme_bpm170,170.0,sim_tau
39,14.630287170410156,14.630287170410156,0.0,16.891315460205078,True,1.0,1.0,1,gmd_04_extreme_bpm170,170.0,sim_tau
40,14.89029312133789,14.885293006896973,-5.000114440917969,15.697319984436035,True,1.0,1.0,1,gmd_04_extreme_bpm170,170.0,sim_tau
41,15.150299072265623,15.16029930114746,10.000228881835938,13.169408798217772,True,1.0,1.0,1,gmd_04_extreme_bpm170,170.0,sim_tau
42,15.350303649902344,15.345303535461426,-5.000114440917969,14.172966957092283,True,1.0,1.0,1,gmd_04_extreme_bpm170,170.0,sim_tau
43,15.85031509399414,15.845314979553224,-5.000114440916192,7.866487503051758,True,1.0,1.0,1,gmd_04_extreme_bpm170,170.0,sim_tau
0,1.509998798370361,,,0.0,False,2.0,0.5,1,double_160bpm,160.0,sim_tau
1,1.6099987030029297,1.6199986934661863,9.999990463256614,1.2393659353256226,True,2.0,0.5,1,double_160bpm,160.0,sim_tau
2,1.889998435974121,1.8499984741210935,-39.999961853027564,9.338845252990724,False,2.0,0.5,1,double_160bpm,160.0,sim_tau
3,1.969998359680176,1.9949983358383176,24.999976158141646,13.315057754516602,True,2.0,0.5,1,double_160bpm,160.0,sim_tau
4,2.2500040531158447,2.225003480911255,-25.000572204589844,6.865692138671875,True,2.0,0.5,1,double_160bpm,160.0,sim_tau
5,2.350006341934204,2.3250057697296143,-25.000572204589844,3.072388172149658,True,2.0,0.5,1,double_160bpm,160.0,sim_tau
6,2.6300127506256104,2.5900118350982666,-40.00091552734375,5.045974254608154,False,2.0,0.5,1,double_160bpm,160.0,sim_tau
7,2.7300150394439697,2.70501446723938,-25.000572204589844,2.957194566726685,True,2.0,0.5,1,double_160bpm,160.0,sim_tau
8,3.010021448135376,2.980020761489868,-30.000686645507812,14.669554710388184,False,2.0,0.5,1,double_160bpm,160.0,sim_tau
9,3.110023736953736,3.1000235080718994,-10.000228881836382,8.649322509765625,True,2.0,0.5,1,double_160bpm,160.0,sim_tau
10,3.3900301456451416,3.360029458999634,-30.000686645507812,7.082082748413086,False,2.0,0.5,1,double_160bpm,160.0,sim_tau
11,3.470031976699829,,,0.0,False,2.0,0.5,1,double_160bpm,160.0,sim_tau
12,3.7700388431549072,3.7350380420684814,-35.00080108642578,3.057758331298828,False,2.0,0.5,1,double_160bpm,160.0,sim_tau
13,3.8500406742095943,,,0.0,False,2.0,0.5,1,double_160bpm,160.0,sim_tau
14,4.130046844482422,,,0.0,False,2.0,0.5,1,double_160bpm,160.0,sim_tau
15,4.230049133300781,4.205048561096191,-25.000572204589844,11.472807884216309,True,2.0,0.5,1,double_160bpm,160.0,sim_tau
16,4.510055541992188,,,0.0,False,2.0,0.5,1,double_160bpm,160.0,sim_tau
17,4.610057830810547,,,0.0,False,2.0,0.5,1,double_160bpm,160.0,sim_tau
18,4.890064239501953,4.860063552856445,-30.000686645507812,6.681397438049316,False,2.0,0.5,1,double_160bpm,160.0,sim_tau
19,4.970066070556641,,,0.0,False,2.0,0.5,1,double_160bpm,160.0,sim_tau
20,5.250072479248047,5.225071907043457,-25.000572204589844,1.3123323917388916,True,2.0,0.5,1,double_160bpm,160.0,sim_tau
21,5.350074768066406,5.3150739669799805,-35.00080108642578,3.012209415435791,False,2.0,0.5,1,double_160bpm,160.0,sim_tau
22,5.6300811767578125,,,0.0,False,2.0,0.5,1,double_160bpm,160.0,sim_tau
23,5.730083465576172,,,0.0,False,2.0,0.5,1,double_160bpm,160.0,sim_tau
24,1.509998798370361,,,0.0,False,2.0,0.5,1,double_160bpm,160.0,sim_tau
25,1.6099987030029297,,,0.0,False,2.0,0.5,1,double_160bpm,160.0,sim_tau
26,1.889998435974121,1.8499984741210935,-39.999961853027564,9.321283340454102,False,2.0,0.5,1,double_160bpm,160.0,sim_tau
27,1.969998359680176,,,0.0,False,2.0,0.5,1,double_160bpm,160.0,sim_tau
28,2.2500040531158447,2.225003480911255,-25.000572204589844,13.884398460388184,True,2.0,0.5,1,double_160bpm,160.0,sim_tau
29,2.350006341934204,,,0.0,False,2.0,0.5,1,double_160bpm,160.0,sim_tau
30,2.6300127506256104,2.5900118350982666,-40.00091552734375,9.216278076171877,False,2.0,0.5,1,double_160bpm,160.0,sim_tau
31,2.7300150394439697,,,0.0,False,2.0,0.5,1,double_160bpm,160.0,sim_tau
32,3.010021448135376,2.970020532608032,-40.00091552734419,4.717745304107666,False,2.0,0.5,1,double_160bpm,160.0,sim_tau
33,3.110023736953736,,,0.0,False,2.0,0.5,1,double_160bpm,160.0,sim_tau
34,3.3900301456451416,,,0.0,False,2.0,0.5,1,double_160bpm,160.0,sim_tau
35,3.470031976699829,,,0.0,False,2.0,0.5,1,double_160bpm,160.0,sim_tau
36,3.7700388431549072,3.7350380420684814,-35.00080108642578,3.0217981338500977,False,2.0,0.5,1,double_160bpm,160.0,sim_tau
37,3.8500406742095943,,,0.0,False,2.0,0.5,1,double_160bpm,160.0,sim_tau
38,4.130046844482422,,,0.0,False,2.0,0.5,1,double_160bpm,160.0,sim_tau
39,4.230049133300781,,,0.0,False,2.0,0.5,1,double_160bpm,160.0,sim_tau
40,4.510055541992188,,,0.0,False,2.0,0.5,1,double_160bpm,160.0,sim_tau
41,4.610057830810547,,,0.0,False,2.0,0.5,1,double_160bpm,160.0,sim_tau
42,4.890064239501953,4.860063552856445,-30.000686645507812,6.679534912109375,False,2.0,0.5,1,double_160bpm,160.0,sim_tau
43,4.970066070556641,,,0.0,False,2.0,0.5,1,double_160bpm,160.0,sim_tau
44,5.250072479248047,5.225071907043457,-25.000572204589844,11.922513961791992,True,2.0,0.5,1,double_160bpm,160.0,sim_tau
45,5.350074768066406,,,0.0,False,2.0,0.5,1,double_160bpm,160.0,sim_tau
46,5.6300811767578125,,,0.0,False,2.0,0.5,1,double_160bpm,160.0,sim_tau
47,5.730083465576172,,,0.0,False,2.0,0.5,1,double_160bpm,160.0,sim_tau
48,1.509998798370361,,,0.0,False,2.0,0.5,1,double_160bpm,160.0,sim_tau
49,1.6099987030029297,,,0.0,False,2.0,0.5,1,double_160bpm,160.0,sim_tau
50,1.889998435974121,,,0.0,False,2.0,0.5,1,double_160bpm,160.0,sim_tau
51,1.969998359680176,,,0.0,False,2.0,0.5,1,double_160bpm,160.0,sim_tau
52,2.2500040531158447,,,0.0,False,2.0,0.5,1,double_160bpm,160.0,sim_tau
53,2.350006341934204,,,0.0,False,2.0,0.5,1,double_160bpm,160.0,sim_tau
54,2.6300127506256104,,,0.0,False,2.0,0.5,1,double_160bpm,160.0,sim_tau
55,2.7300150394439697,,,0.0,False,2.0,0.5,1,double_160bpm,160.0,sim_tau
56,3.010021448135376,,,0.0,False,2.0,0.5,1,double_160bpm,160.0,sim_tau
57,3.110023736953736,,,0.0,False,2.0,0.5,1,double_160bpm,160.0,sim_tau
58,3.3900301456451416,,,0.0,False,2.0,0.5,1,double_160bpm,160.0,sim_tau
59,3.470031976699829,,,0.0,False,2.0,0.5,1,double_160bpm,160.0,sim_tau
60,3.7700388431549072,,,0.0,False,2.0,0.5,1,double_160bpm,160.0,sim_tau
61,3.8500406742095943,,,0.0,False,2.0,0.5,1,double_160bpm,160.0,sim_tau
62,4.130046844482422,,,0.0,False,2.0,0.5,1,double_160bpm,160.0,sim_tau
63,4.230049133300781,,,0.0,False,2.0,0.5,1,double_160bpm,160.0,sim_tau
64,4.510055541992188,,,0.0,False,2.0,0.5,1,double_160bpm,160.0,sim_tau
65,4.610057830810547,,,0.0,False,2.0,0.5,1,double_160bpm,160.0,sim_tau
66,4.890064239501953,,,0.0,False,2.0,0.5,1,double_160bpm,160.0,sim_tau
67,4.970066070556641,,,0.0,False,2.0,0.5,1,double_160bpm,160.0,sim_tau
68,5.250072479248047,,,0.0,False,2.0,0.5,1,double_160bpm,160.0,sim_tau
69,5.350074768066406,,,0.0,False,2.0,0.5,1,double_160bpm,160.0,sim_tau
70,5.6300811767578125,,,0.0,False,2.0,0.5,1,double_160bpm,160.0,sim_tau
71,5.730083465576172,,,0.0,False,2.0,0.5,1,double_160bpm,160.0,sim_tau
0,0.4299997389316559,,,0.0,False,2.0,0.5,1,gmd_03_high_bpm138,138.0,sim_tau
1,0.749999463558197,,,0.0,False,2.0,0.5,1,gmd_03_high_bpm138,138.0,sim_tau
2,0.9699992537498474,,,0.0,False,2.0,0.5,1,gmd_03_high_bpm138,138.0,sim_tau
3,1.6299986839294434,,,0.0,False,2.0,0.5,1,gmd_03_high_bpm138,138.0,sim_tau
4,2.170002222061157,,,0.0,False,2.0,0.5,1,gmd_03_high_bpm138,138.0,sim_tau
5,2.510010004043579,,,0.0,False,2.0,0.5,1,gmd_03_high_bpm138,138.0,sim_tau
6,2.710014581680298,2.70501446723938,-5.000114440917969,10.955368995666504,True,2.0,0.5,1,gmd_03_high_bpm138,138.0,sim_tau
7,3.030021905899048,,,0.0,False,2.0,0.5,1,gmd_03_high_bpm138,138.0,sim_tau
8,3.3700296878814697,,,0.0,False,2.0,0.5,1,gmd_03_high_bpm138,138.0,sim_tau
9,3.490032434463501,,,0.0,False,2.0,0.5,1,gmd_03_high_bpm138,138.0,sim_tau
10,4.230049133300781,,,0.0,False,2.0,0.5,1,gmd_03_high_bpm138,138.0,sim_tau
11,4.450054168701172,,,0.0,False,2.0,0.5,1,gmd_03_high_bpm138,138.0,sim_tau
12,4.9900665283203125,,,0.0,False,2.0,0.5,1,gmd_03_high_bpm138,138.0,sim_tau
13,5.290073394775391,5.270072937011719,-20.000457763671875,14.94064712524414,True,2.0,0.5,1,gmd_03_high_bpm138,138.0,sim_tau
14,5.6300811767578125,,,0.0,False,2.0,0.5,1,gmd_03_high_bpm138,138.0,sim_tau
15,5.930088043212891,,,0.0,False,2.0,0.5,1,gmd_03_high_bpm138,138.0,sim_tau
16,6.170093536376953,6.165093421936035,-5.000114440917969,16.644886016845703,True,2.0,0.5,1,gmd_03_high_bpm138,138.0,sim_tau
17,6.710105895996094,6.700105667114258,-10.000228881835938,7.067846775054932,True,2.0,0.5,1,gmd_03_high_bpm138,138.0,sim_tau
18,7.010112762451172,,,0.0,False,2.0,0.5,1,gmd_03_high_bpm138,138.0,sim_tau
19,7.370121002197266,,,0.0,False,2.0,0.5,1,gmd_03_high_bpm138,138.0,sim_tau
20,7.710128784179687,,,0.0,False,2.0,0.5,1,gmd_03_high_bpm138,138.0,sim_tau
21,7.95013427734375,,,0.0,False,2.0,0.5,1,gmd_03_high_bpm138,138.0,sim_tau
22,8.230140686035156,8.215140342712402,-15.000343322753906,11.994842529296877,True,2.0,0.5,1,gmd_03_high_bpm138,138.0,sim_tau
23,8.570148468017578,,,0.0,False,2.0,0.5,1,gmd_03_high_bpm138,138.0,sim_tau
24,8.670150756835938,,,0.0,False,2.0,0.5,1,gmd_03_high_bpm138,138.0,sim_tau
25,9.13016128540039,,,0.0,False,2.0,0.5,1,gmd_03_high_bpm138,138.0,sim_tau
26,9.45016860961914,9.45016860961914,0.0,2.589080333709717,True,2.0,0.5,1,gmd_03_high_bpm138,138.0,sim_tau
27,9.690174102783203,9.725174903869627,35.000801086424005,16.835956573486328,False,2.0,0.5,1,gmd_03_high_bpm138,138.0,sim_tau
28,10.010181427001951,,,0.0,False,2.0,0.5,1,gmd_03_high_bpm138,138.0,sim_tau
29,10.330188751220703,10.31518840789795,-15.000343322753906,13.394708633422852,True,2.0,0.5,1,gmd_03_high_bpm138,138.0,sim_tau
30,10.890201568603516,,,0.0,False,2.0,0.5,1,gmd_03_high_bpm138,138.0,sim_tau
31,11.210208892822266,,,0.0,False,2.0,0.5,1,gmd_03_high_bpm138,138.0,sim_tau
32,11.430213928222656,11.415213584899902,-15.000343322753906,17.440895080566406,True,2.0,0.5,1,gmd_03_high_bpm138,138.0,sim_tau
33,11.970226287841797,,,0.0,False,2.0,0.5,1,gmd_03_high_bpm138,138.0,sim_tau
34,12.270233154296877,,,0.0,False,2.0,0.5,1,gmd_03_high_bpm138,138.0,sim_tau
35,12.610240936279297,,,0.0,False,2.0,0.5,1,gmd_03_high_bpm138,138.0,sim_tau
36,12.910247802734377,12.890247344970703,-20.00045776367365,23.256221771240234,True,2.0,0.5,1,gmd_03_high_bpm138,138.0,sim_tau
37,13.670265197753906,,,0.0,False,2.0,0.5,1,gmd_03_high_bpm138,138.0,sim_tau
38,13.950271606445312,13.945271492004396,-5.000114440916192,17.119937896728516,True,2.0,0.5,1,gmd_03_high_bpm138,138.0,sim_tau
39,14.330280303955078,,,0.0,False,2.0,0.5,1,gmd_03_high_bpm138,138.0,sim_tau
40,14.650287628173828,,,0.0,False,2.0,0.5,1,gmd_03_high_bpm138,138.0,sim_tau
41,14.89029312133789,,,0.0,False,2.0,0.5,1,gmd_03_high_bpm138,138.0,sim_tau
42,15.21030044555664,,,0.0,False,2.0,0.5,1,gmd_03_high_bpm138,138.0,sim_tau
43,15.53030776977539,15.520307540893556,-10.000228881834161,3.050020217895508,True,2.0,0.5,1,gmd_03_high_bpm138,138.0,sim_tau
44,15.610309600830078,,,0.0,False,2.0,0.5,1,gmd_03_high_bpm138,138.0,sim_tau
0,1.349998950958252,1.3099989891052246,-39.999961853027344,9.423446655273438,False,2.0,0.5,1,gmd_04_extreme_bpm170,170.0,sim_tau
1,1.7499985694885254,,,0.0,False,2.0,0.5,1,gmd_04_extreme_bpm170,170.0,sim_tau
2,2.3100054264068604,,,0.0,False,2.0,0.5,1,gmd_04_extreme_bpm170,170.0,sim_tau
3,2.7300150394439697,,,0.0,False,2.0,0.5,1,gmd_04_extreme_bpm170,170.0,sim_tau
4,3.190025568008423,,,0.0,False,2.0,0.5,1,gmd_04_extreme_bpm170,170.0,sim_tau
5,3.730037927627564,,,0.0,False,2.0,0.5,1,gmd_04_extreme_bpm170,170.0,sim_tau
6,4.11004638671875,,,0.0,False,2.0,0.5,1,gmd_04_extreme_bpm170,170.0,sim_tau
7,4.610057830810547,,,0.0,False,2.0,0.5,1,gmd_04_extreme_bpm170,170.0,sim_tau
8,4.870063781738281,,,0.0,False,2.0,0.5,1,gmd_04_extreme_bpm170,170.0,sim_tau
9,5.130069732666016,,,0.0,False,2.0,0.5,1,gmd_04_extreme_bpm170,170.0,sim_tau
10,5.990089416503906,,,0.0,False,2.0,0.5,1,gmd_04_extreme_bpm170,170.0,sim_tau
11,6.35009765625,,,0.0,False,2.0,0.5,1,gmd_04_extreme_bpm170,170.0,sim_tau
12,6.530101776123047,,,0.0,False,2.0,0.5,1,gmd_04_extreme_bpm170,170.0,sim_tau
13,6.710105895996094,6.685105323791504,-25.000572204589844,1.2617344856262207,True,2.0,0.5,1,gmd_04_extreme_bpm170,170.0,sim_tau
14,6.950111389160156,6.925110816955566,-25.000572204589844,11.284172058105469,True,2.0,0.5,1,gmd_04_extreme_bpm170,170.0,sim_tau
15,7.410121917724609,,,0.0,False,2.0,0.5,1,gmd_04_extreme_bpm170,170.0,sim_tau
16,7.750129699707031,,,0.0,False,2.0,0.5,1,gmd_04_extreme_bpm170,170.0,sim_tau
17,8.010135650634766,7.990135192871094,-20.000457763671875,3.0312299728393555,True,2.0,0.5,1,gmd_04_extreme_bpm170,170.0,sim_tau
18,8.090137481689453,,,0.0,False,2.0,0.5,1,gmd_04_extreme_bpm170,170.0,sim_tau
19,8.530147552490234,,,0.0,False,2.0,0.5,1,gmd_04_extreme_bpm170,170.0,sim_tau
20,8.970157623291016,,,0.0,False,2.0,0.5,1,gmd_04_extreme_bpm170,170.0,sim_tau
21,9.23016357421875,,,0.0,False,2.0,0.5,1,gmd_04_extreme_bpm170,170.0,sim_tau
22,9.490169525146484,,,0.0,False,2.0,0.5,1,gmd_04_extreme_bpm170,170.0,sim_tau
23,9.690174102783203,,,0.0,False,2.0,0.5,1,gmd_04_extreme_bpm170,170.0,sim_tau
24,10.230186462402344,10.185185432434082,-45.00102996826172,9.778024673461914,False,2.0,0.5,1,gmd_04_extreme_bpm170,170.0,sim_tau
25,10.570194244384766,,,0.0,False,2.0,0.5,1,gmd_04_extreme_bpm170,170.0,sim_tau
26,10.8302001953125,10.85520076751709,25.000572204589844,17.790937423706055,True,2.0,0.5,1,gmd_04_extreme_bpm170,170.0,sim_tau
27,10.93020248413086,,,0.0,False,2.0,0.5,1,gmd_04_extreme_bpm170,170.0,sim_tau
28,11.390213012695312,,,0.0,False,2.0,0.5,1,gmd_04_extreme_bpm170,170.0,sim_tau
29,11.850223541259766,,,0.0,False,2.0,0.5,1,gmd_04_extreme_bpm170,170.0,sim_tau
30,12.090229034423828,12.055228233337402,-35.00080108642578,1.7894272804260254,False,2.0,0.5,1,gmd_04_extreme_bpm170,170.0,sim_tau
31,12.350234985351562,,,0.0,False,2.0,0.5,1,gmd_04_extreme_bpm170,170.0,sim_tau
32,12.55023956298828,,,0.0,False,2.0,0.5,1,gmd_04_extreme_bpm170,170.0,sim_tau
33,12.65024185180664,,,0.0,False,2.0,0.5,1,gmd_04_extreme_bpm170,170.0,sim_tau
34,13.07025146484375,13.04525089263916,-25.000572204589844,2.4199697971343994,True,2.0,0.5,1,gmd_04_extreme_bpm170,170.0,sim_tau
35,13.3902587890625,,,0.0,False,2.0,0.5,1,gmd_04_extreme_bpm170,170.0,sim_tau
36,13.670265197753906,,,0.0,False,2.0,0.5,1,gmd_04_extreme_bpm170,170.0,sim_tau
37,13.770267486572266,,,0.0,False,2.0,0.5,1,gmd_04_extreme_bpm170,170.0,sim_tau
38,14.210277557373049,,,0.0,False,2.0,0.5,1,gmd_04_extreme_bpm170,170.0,sim_tau
39,14.630287170410156,,,0.0,False,2.0,0.5,1,gmd_04_extreme_bpm170,170.0,sim_tau
40,14.89029312133789,14.875292778015137,-15.000343322753906,7.976058483123779,True,2.0,0.5,1,gmd_04_extreme_bpm170,170.0,sim_tau
41,15.150299072265623,,,0.0,False,2.0,0.5,1,gmd_04_extreme_bpm170,170.0,sim_tau
42,15.350303649902344,,,0.0,False,2.0,0.5,1,gmd_04_extreme_bpm170,170.0,sim_tau
43,15.85031509399414,,,0.0,False,2.0,0.5,1,gmd_04_extreme_bpm170,170.0,sim_tau
0,1.509998798370361,1.504998803138733,-4.999995231628196,2.5761654376983643,True,2.0,1.0,1,double_160bpm,160.0,sim_tau
1,1.6099987030029297,1.6099987030029297,0.0,2.818392038345337,True,2.0,1.0,1,double_160bpm,160.0,sim_tau
2,1.889998435974121,1.899998426437378,9.999990463256836,19.911571502685547,True,2.0,1.0,1,double_160bpm,160.0,sim_tau
3,1.969998359680176,1.969998359680176,0.0,8.165428161621094,True,2.0,1.0,1,double_160bpm,160.0,sim_tau
4,2.2500040531158447,2.235003709793091,-15.000343322753906,45.10723876953125,True,2.0,1.0,1,double_160bpm,160.0,sim_tau
5,2.350006341934204,2.350006341934204,0.0,6.999714374542236,True,2.0,1.0,1,double_160bpm,160.0,sim_tau
6,2.6300127506256104,2.6300127506256104,0.0,10.677979469299316,True,2.0,1.0,1,double_160bpm,160.0,sim_tau
7,2.7300150394439697,2.715014696121216,-15.000343322753906,8.492339134216309,True,2.0,1.0,1,double_160bpm,160.0,sim_tau
8,3.010021448135376,3.015021562576294,5.000114440917969,8.422553062438965,True,2.0,1.0,1,double_160bpm,160.0,sim_tau
9,3.110023736953736,3.1150238513946533,5.000114440917525,6.650155067443848,True,2.0,1.0,1,double_160bpm,160.0,sim_tau
10,3.3900301456451416,3.3900301456451416,0.0,24.335580825805664,True,2.0,1.0,1,double_160bpm,160.0,sim_tau
11,3.470031976699829,3.480032205581665,10.000228881835938,2.695822238922119,True,2.0,1.0,1,double_160bpm,160.0,sim_tau
12,3.7700388431549072,3.730037927627564,-40.00091552734331,13.689414978027344,False,2.0,1.0,1,double_160bpm,160.0,sim_tau
13,3.8500406742095943,3.8500406742095943,0.0,7.938493728637695,True,2.0,1.0,1,double_160bpm,160.0,sim_tau
14,4.130046844482422,4.13504695892334,5.000114440917969,9.643375396728516,True,2.0,1.0,1,double_160bpm,160.0,sim_tau
15,4.230049133300781,4.235049247741699,5.000114440917969,5.178546905517578,True,2.0,1.0,1,double_160bpm,160.0,sim_tau
16,4.510055541992188,4.510055541992188,0.0,1.6528167724609375,True,2.0,1.0,1,double_160bpm,160.0,sim_tau
17,4.610057830810547,4.615057945251465,5.000114440917969,22.8315486907959,True,2.0,1.0,1,double_160bpm,160.0,sim_tau
18,4.890064239501953,4.900064468383789,10.000228881835938,10784.6279296875,True,2.0,1.0,1,double_160bpm,160.0,sim_tau
19,4.970066070556641,4.970066070556641,0.0,3.563114643096924,True,2.0,1.0,1,double_160bpm,160.0,sim_tau
20,5.250072479248047,5.245072364807129,-5.000114440917969,178.97608947753906,True,2.0,1.0,1,double_160bpm,160.0,sim_tau
21,5.350074768066406,5.34007453918457,-10.000228881835938,28.82823944091797,True,2.0,1.0,1,double_160bpm,160.0,sim_tau
22,5.6300811767578125,5.615080833435059,-15.000343322753906,32.34184265136719,True,2.0,1.0,1,double_160bpm,160.0,sim_tau
23,5.730083465576172,5.740083694458008,10.000228881835938,2.5030531883239746,True,2.0,1.0,1,double_160bpm,160.0,sim_tau
24,1.509998798370361,1.504998803138733,-4.999995231628196,2.5696070194244385,True,2.0,1.0,1,double_160bpm,160.0,sim_tau
25,1.6099987030029297,1.614998698234558,4.999995231628418,12.766111373901367,True,2.0,1.0,1,double_160bpm,160.0,sim_tau
26,1.889998435974121,1.9299983978271484,39.999961853027344,12.810003280639648,False,2.0,1.0,1,double_160bpm,160.0,sim_tau
27,1.969998359680176,1.969998359680176,0.0,12.03394603729248,True,2.0,1.0,1,double_160bpm,160.0,sim_tau
28,2.2500040531158447,2.235003709793091,-15.000343322753906,47.55386352539063,True,2.0,1.0,1,double_160bpm,160.0,sim_tau
29,2.350006341934204,2.355006456375122,5.000114440917969,42.95223617553711,True,2.0,1.0,1,double_160bpm,160.0,sim_tau
30,2.6300127506256104,2.6300127506256104,0.0,10.741250991821287,True,2.0,1.0,1,double_160bpm,160.0,sim_tau
31,2.7300150394439697,2.745015382766724,15.00034332275435,6.8243279457092285,True,2.0,1.0,1,double_160bpm,160.0,sim_tau
32,3.010021448135376,3.015021562576294,5.000114440917969,8.356832504272461,True,2.0,1.0,1,double_160bpm,160.0,sim_tau
33,3.110023736953736,3.1150238513946533,5.000114440917525,111.88648986816406,True,2.0,1.0,1,double_160bpm,160.0,sim_tau
34,3.3900301456451416,3.375029802322388,-15.000343322753462,24.03891372680664,True,2.0,1.0,1,double_160bpm,160.0,sim_tau
35,3.470031976699829,3.480032205581665,10.000228881835938,1.9524081945419312,True,2.0,1.0,1,double_160bpm,160.0,sim_tau
36,3.7700388431549072,3.730037927627564,-40.00091552734331,14.051189422607422,False,2.0,1.0,1,double_160bpm,160.0,sim_tau
37,3.8500406742095943,3.8450405597686768,-5.000114440917525,41.28069305419922,True,2.0,1.0,1,double_160bpm,160.0,sim_tau
38,4.130046844482422,4.090045928955078,-40.00091552734375,17.620769500732422,False,2.0,1.0,1,double_160bpm,160.0,sim_tau
39,4.230049133300781,4.240049362182617,10.000228881835938,38.28450775146485,True,2.0,1.0,1,double_160bpm,160.0,sim_tau
40,4.510055541992188,4.495055198669434,-15.000343322754794,39.64917755126953,True,2.0,1.0,1,double_160bpm,160.0,sim_tau
41,4.610057830810547,4.615057945251465,5.000114440917969,15.403183937072754,True,2.0,1.0,1,double_160bpm,160.0,sim_tau
42,4.890064239501953,4.850063323974609,-40.00091552734375,13.724401473999023,False,2.0,1.0,1,double_160bpm,160.0,sim_tau
43,4.970066070556641,4.975066184997559,5.000114440917969,10.151163101196287,True,2.0,1.0,1,double_160bpm,160.0,sim_tau
44,5.250072479248047,5.245072364807129,-5.000114440917969,37.46595764160156,True,2.0,1.0,1,double_160bpm,160.0,sim_tau
45,5.350074768066406,5.325074195861816,-25.000572204589844,12.325538635253906,True,2.0,1.0,1,double_160bpm,160.0,sim_tau
46,5.6300811767578125,5.600080490112305,-30.000686645507812,14.665987014770508,False,2.0,1.0,1,double_160bpm,160.0,sim_tau
47,5.730083465576172,5.740083694458008,10.000228881835938,6.72233772277832,True,2.0,1.0,1,double_160bpm,160.0,sim_tau
48,1.509998798370361,1.4749988317489624,-34.999966621398706,12.723578453063965,False,2.0,1.0,1,double_160bpm,160.0,sim_tau
49,1.6099987030029297,1.614998698234558,4.999995231628418,14.255964279174805,True,2.0,1.0,1,double_160bpm,160.0,sim_tau
50,1.889998435974121,1.8499984741210935,-39.999961853027564,13.519842147827148,False,2.0,1.0,1,double_160bpm,160.0,sim_tau
51,1.969998359680176,1.959998369216919,-9.999990463257058,11.03384494781494,True,2.0,1.0,1,double_160bpm,160.0,sim_tau
52,2.2500040531158447,2.210003137588501,-40.00091552734375,18.368040084838867,False,2.0,1.0,1,double_160bpm,160.0,sim_tau
53,2.350006341934204,2.375006914138794,25.000572204589844,64.85167694091797,True,2.0,1.0,1,double_160bpm,160.0,sim_tau
54,2.6300127506256104,2.6300127506256104,0.0,10.75095558166504,True,2.0,1.0,1,double_160bpm,160.0,sim_tau
55,2.7300150394439697,2.745015382766724,15.00034332275435,1.8330641984939573,True,2.0,1.0,1,double_160bpm,160.0,sim_tau
56,3.010021448135376,3.015021562576294,5.000114440917969,8.310667037963867,True,2.0,1.0,1,double_160bpm,160.0,sim_tau
57,3.110023736953736,3.1200239658355717,10.000228881835938,8.21247386932373,True,2.0,1.0,1,double_160bpm,160.0,sim_tau
58,3.3900301456451416,3.375029802322388,-15.000343322753462,24.230438232421875,True,2.0,1.0,1,double_160bpm,160.0,sim_tau
59,3.470031976699829,3.455031633377075,-15.000343322753906,7.915555000305176,True,2.0,1.0,1,double_160bpm,160.0,sim_tau
60,3.7700388431549072,3.730037927627564,-40.00091552734331,14.270482063293455,False,2.0,1.0,1,double_160bpm,160.0,sim_tau
61,3.8500406742095943,3.8550407886505127,5.000114440918413,6.609854698181152,True,2.0,1.0,1,double_160bpm,160.0,sim_tau
62,4.130046844482422,4.090045928955078,-40.00091552734375,17.9107666015625,False,2.0,1.0,1,double_160bpm,160.0,sim_tau
63,4.230049133300781,4.250049591064453,20.000457763671875,5.37201452255249,True,2.0,1.0,1,double_160bpm,160.0,sim_tau
64,4.510055541992188,4.475054740905762,-35.00080108642667,13.512528419494627,False,2.0,1.0,1,double_160bpm,160.0,sim_tau
65,4.610057830810547,4.590057373046875,-20.000457763671875,7.725458145141602,True,2.0,1.0,1,double_160bpm,160.0,sim_tau
66,4.890064239501953,4.850063323974609,-40.00091552734375,13.676104545593262,False,2.0,1.0,1,double_160bpm,160.0,sim_tau
67,4.970066070556641,4.950065612792969,-20.000457763671875,7.255387306213379,True,2.0,1.0,1,double_160bpm,160.0,sim_tau
68,5.250072479248047,5.260072708129883,10.000228881835938,1.7794265747070312,True,2.0,1.0,1,double_160bpm,160.0,sim_tau
69,5.350074768066406,5.220071792602539,-130.0029754638672,20.416728973388672,False,2.0,1.0,1,double_160bpm,160.0,sim_tau
70,5.6300811767578125,5.600080490112305,-30.000686645507812,14.905776977539062,False,2.0,1.0,1,double_160bpm,160.0,sim_tau
71,5.730083465576172,5.690082550048828,-40.00091552734375,13.955232620239258,False,2.0,1.0,1,double_160bpm,160.0,sim_tau
0,0.4299997389316559,0.3849997818470001,-44.99995708465576,11.130328178405762,False,2.0,1.0,1,gmd_03_high_bpm138,138.0,sim_tau
1,0.749999463558197,,,0.0,False,2.0,1.0,1,gmd_03_high_bpm138,138.0,sim_tau
2,0.9699992537498474,0.9749992489814758,4.999995231628418,9.854544639587402,True,2.0,1.0,1,gmd_03_high_bpm138,138.0,sim_tau
3,1.6299986839294434,1.6399986743927002,9.999990463256836,31.150251388549805,True,2.0,1.0,1,gmd_03_high_bpm138,138.0,sim_tau
4,2.170002222061157,,,0.0,False,2.0,1.0,1,gmd_03_high_bpm138,138.0,sim_tau
5,2.510010004043579,2.520010232925415,10.000228881835938,1.3526573181152344,True,2.0,1.0,1,gmd_03_high_bpm138,138.0,sim_tau
6,2.710014581680298,2.695014238357544,-15.000343322753906,12.028718948364258,True,2.0,1.0,1,gmd_03_high_bpm138,138.0,sim_tau
7,3.030021905899048,,,0.0,False,2.0,1.0,1,gmd_03_high_bpm138,138.0,sim_tau
8,3.3700296878814697,3.34502911567688,-25.000572204589844,36.76814651489258,True,2.0,1.0,1,gmd_03_high_bpm138,138.0,sim_tau
9,3.490032434463501,3.470031976699829,-20.000457763671875,16.95500946044922,True,2.0,1.0,1,gmd_03_high_bpm138,138.0,sim_tau
10,4.230049133300781,4.205048561096191,-25.000572204589844,14271.453125,True,2.0,1.0,1,gmd_03_high_bpm138,138.0,sim_tau
11,4.450054168701172,4.440053939819336,-10.000228881835938,8.064979553222656,True,2.0,1.0,1,gmd_03_high_bpm138,138.0,sim_tau
12,4.9900665283203125,4.970066070556641,-20.000457763671875,12.6817045211792,True,2.0,1.0,1,gmd_03_high_bpm138,138.0,sim_tau
13,5.290073394775391,5.260072708129883,-30.000686645507812,11.23184585571289,False,2.0,1.0,1,gmd_03_high_bpm138,138.0,sim_tau
14,5.6300811767578125,,,0.0,False,2.0,1.0,1,gmd_03_high_bpm138,138.0,sim_tau
15,5.930088043212891,5.920087814331055,-10.000228881835938,17.1500244140625,True,2.0,1.0,1,gmd_03_high_bpm138,138.0,sim_tau
16,6.170093536376953,6.185093879699707,15.000343322753906,11.06048583984375,True,2.0,1.0,1,gmd_03_high_bpm138,138.0,sim_tau
17,6.710105895996094,6.740106582641602,30.000686645507812,9.95267391204834,False,2.0,1.0,1,gmd_03_high_bpm138,138.0,sim_tau
18,7.010112762451172,7.01511287689209,5.000114440917969,9.281139373779297,True,2.0,1.0,1,gmd_03_high_bpm138,138.0,sim_tau
19,7.370121002197266,7.355120658874512,-15.000343322753906,16.283279418945312,True,2.0,1.0,1,gmd_03_high_bpm138,138.0,sim_tau
20,7.710128784179687,7.685128211975098,-25.000572204588956,25.061399459838867,True,2.0,1.0,1,gmd_03_high_bpm138,138.0,sim_tau
21,7.95013427734375,7.955134391784668,5.000114440917969,5.615190029144287,True,2.0,1.0,1,gmd_03_high_bpm138,138.0,sim_tau
22,8.230140686035156,,,0.0,False,2.0,1.0,1,gmd_03_high_bpm138,138.0,sim_tau
23,8.570148468017578,8.550148010253906,-20.000457763671875,9.265156745910645,True,2.0,1.0,1,gmd_03_high_bpm138,138.0,sim_tau
24,8.670150756835938,8.660150527954102,-10.000228881835938,8.794057846069336,True,2.0,1.0,1,gmd_03_high_bpm138,138.0,sim_tau
25,9.13016128540039,9.120161056518556,-10.000228881834161,20.96886444091797,True,2.0,1.0,1,gmd_03_high_bpm138,138.0,sim_tau
26,9.45016860961914,9.445168495178224,-5.000114440916192,3.973164558410645,True,2.0,1.0,1,gmd_03_high_bpm138,138.0,sim_tau
27,9.690174102783203,9.715174674987791,25.000572204588067,8.390949249267578,True,2.0,1.0,1,gmd_03_high_bpm138,138.0,sim_tau
28,10.010181427001951,10.010181427001951,0.0,12.207758903503418,True,2.0,1.0,1,gmd_03_high_bpm138,138.0,sim_tau
29,10.330188751220703,10.330188751220703,0.0,1.6425659656524658,True,2.0,1.0,1,gmd_03_high_bpm138,138.0,sim_tau
30,10.890201568603516,,,0.0,False,2.0,1.0,1,gmd_03_high_bpm138,138.0,sim_tau
31,11.210208892822266,11.185208320617676,-25.000572204589844,37.44135284423828,True,2.0,1.0,1,gmd_03_high_bpm138,138.0,sim_tau
32,11.430213928222656,11.410213470458984,-20.000457763671875,9.14983081817627,True,2.0,1.0,1,gmd_03_high_bpm138,138.0,sim_tau
33,11.970226287841797,11.96022605895996,-10.000228881837714,41.62166213989258,True,2.0,1.0,1,gmd_03_high_bpm138,138.0,sim_tau
34,12.270233154296877,12.240232467651367,-30.00068664550959,12.868925094604492,False,2.0,1.0,1,gmd_03_high_bpm138,138.0,sim_tau
35,12.610240936279297,12.610240936279297,0.0,1.4617986679077148,True,2.0,1.0,1,gmd_03_high_bpm138,138.0,sim_tau
36,12.910247802734377,12.90024757385254,-10.000228881835938,8.81094741821289,True,2.0,1.0,1,gmd_03_high_bpm138,138.0,sim_tau
37,13.670265197753906,13.68526554107666,15.000343322753906,4.185895919799805,True,2.0,1.0,1,gmd_03_high_bpm138,138.0,sim_tau
38,13.950271606445312,13.940271377563477,-10.000228881835938,1.3695862293243408,True,2.0,1.0,1,gmd_03_high_bpm138,138.0,sim_tau
39,14.330280303955078,14.32528018951416,-5.000114440917969,17.593812942504883,True,2.0,1.0,1,gmd_03_high_bpm138,138.0,sim_tau
40,14.650287628173828,14.650287628173828,0.0,43.32590866088867,True,2.0,1.0,1,gmd_03_high_bpm138,138.0,sim_tau
41,14.89029312133789,14.87029266357422,-20.0004577636701,12.130030632019045,True,2.0,1.0,1,gmd_03_high_bpm138,138.0,sim_tau
42,15.21030044555664,,,0.0,False,2.0,1.0,1,gmd_03_high_bpm138,138.0,sim_tau
43,15.53030776977539,15.525307655334473,-5.000114440917969,8.032110214233398,True,2.0,1.0,1,gmd_03_high_bpm138,138.0,sim_tau
44,15.610309600830078,15.58030891418457,-30.000686645507812,12.08051300048828,False,2.0,1.0,1,gmd_03_high_bpm138,138.0,sim_tau
0,1.349998950958252,,,0.0,False,2.0,1.0,1,gmd_04_extreme_bpm170,170.0,sim_tau
1,1.7499985694885254,1.6999986171722412,-49.99995231628418,1.4632697105407717,False,2.0,1.0,1,gmd_04_extreme_bpm170,170.0,sim_tau
2,2.3100054264068604,2.3100054264068604,0.0,2.7202327251434326,True,2.0,1.0,1,gmd_04_extreme_bpm170,170.0,sim_tau
3,2.7300150394439697,2.735015153884888,5.000114440918413,1.984453082084656,True,2.0,1.0,1,gmd_04_extreme_bpm170,170.0,sim_tau
4,3.190025568008423,3.200025796890259,10.000228881835938,1.4117521047592163,True,2.0,1.0,1,gmd_04_extreme_bpm170,170.0,sim_tau
5,3.730037927627564,,,0.0,False,2.0,1.0,1,gmd_04_extreme_bpm170,170.0,sim_tau
6,4.11004638671875,4.090045928955078,-20.000457763671875,2.862025260925293,True,2.0,1.0,1,gmd_04_extreme_bpm170,170.0,sim_tau
7,4.610057830810547,4.570056915283203,-40.00091552734375,9.554905891418455,False,2.0,1.0,1,gmd_04_extreme_bpm170,170.0,sim_tau
8,4.870063781738281,4.865063667297363,-5.000114440917969,1.9670047760009768,True,2.0,1.0,1,gmd_04_extreme_bpm170,170.0,sim_tau
9,5.130069732666016,5.12006950378418,-10.000228881835938,13.159083366394045,True,2.0,1.0,1,gmd_04_extreme_bpm170,170.0,sim_tau
10,5.990089416503906,5.965088844299316,-25.000572204589844,8.722715377807617,True,2.0,1.0,1,gmd_04_extreme_bpm170,170.0,sim_tau
11,6.35009765625,,,0.0,False,2.0,1.0,1,gmd_04_extreme_bpm170,170.0,sim_tau
12,6.530101776123047,6.540102005004883,10.000228881835938,4.2247633934021,True,2.0,1.0,1,gmd_04_extreme_bpm170,170.0,sim_tau
13,6.710105895996094,6.725106239318848,15.000343322753906,2.12969183921814,True,2.0,1.0,1,gmd_04_extreme_bpm170,170.0,sim_tau
14,6.950111389160156,6.9151105880737305,-35.00080108642578,6.875879287719727,False,2.0,1.0,1,gmd_04_extreme_bpm170,170.0,sim_tau
15,7.410121917724609,7.375121116638184,-35.00080108642578,12.97032356262207,False,2.0,1.0,1,gmd_04_extreme_bpm170,170.0,sim_tau
16,7.750129699707031,7.750129699707031,0.0,8.515292167663574,True,2.0,1.0,1,gmd_04_extreme_bpm170,170.0,sim_tau
17,8.010135650634766,7.995135307312012,-15.000343322753906,2.702077865600586,True,2.0,1.0,1,gmd_04_extreme_bpm170,170.0,sim_tau
18,8.090137481689453,8.070137023925781,-20.000457763671875,6.959820747375488,True,2.0,1.0,1,gmd_04_extreme_bpm170,170.0,sim_tau
19,8.530147552490234,,,0.0,False,2.0,1.0,1,gmd_04_extreme_bpm170,170.0,sim_tau
20,8.970157623291016,,,0.0,False,2.0,1.0,1,gmd_04_extreme_bpm170,170.0,sim_tau
21,9.23016357421875,,,0.0,False,2.0,1.0,1,gmd_04_extreme_bpm170,170.0,sim_tau
22,9.490169525146484,9.480169296264648,-10.000228881835938,9.072409629821776,True,2.0,1.0,1,gmd_04_extreme_bpm170,170.0,sim_tau
23,9.690174102783203,9.660173416137695,-30.000686645507812,2.6991000175476074,False,2.0,1.0,1,gmd_04_extreme_bpm170,170.0,sim_tau
24,10.230186462402344,10.24018669128418,10.000228881835938,1.5280027389526367,True,2.0,1.0,1,gmd_04_extreme_bpm170,170.0,sim_tau
25,10.570194244384766,10.565194129943848,-5.000114440917969,17.601987838745117,True,2.0,1.0,1,gmd_04_extreme_bpm170,170.0,sim_tau
26,10.8302001953125,10.810199737548828,-20.000457763671875,44.03724670410156,True,2.0,1.0,1,gmd_04_extreme_bpm170,170.0,sim_tau
27,10.93020248413086,,,0.0,False,2.0,1.0,1,gmd_04_extreme_bpm170,170.0,sim_tau
28,11.390213012695312,11.350212097167969,-40.00091552734375,2.1428093910217285,False,2.0,1.0,1,gmd_04_extreme_bpm170,170.0,sim_tau
29,11.850223541259766,,,0.0,False,2.0,1.0,1,gmd_04_extreme_bpm170,170.0,sim_tau
30,12.090229034423828,12.040227890014648,-50.00114440917969,1.5844347476959229,False,2.0,1.0,1,gmd_04_extreme_bpm170,170.0,sim_tau
31,12.350234985351562,12.360235214233398,10.000228881835938,13.131857872009276,True,2.0,1.0,1,gmd_04_extreme_bpm170,170.0,sim_tau
32,12.55023956298828,12.565239906311035,15.000343322755683,9.383709907531738,True,2.0,1.0,1,gmd_04_extreme_bpm170,170.0,sim_tau
33,12.65024185180664,12.635241508483888,-15.00034332275213,8.429573059082031,True,2.0,1.0,1,gmd_04_extreme_bpm170,170.0,sim_tau
34,13.07025146484375,13.030250549316406,-40.00091552734375,9.23969841003418,False,2.0,1.0,1,gmd_04_extreme_bpm170,170.0,sim_tau
35,13.3902587890625,,,0.0,False,2.0,1.0,1,gmd_04_extreme_bpm170,170.0,sim_tau
36,13.670265197753906,13.650264739990234,-20.000457763671875,14282.189453125,True,2.0,1.0,1,gmd_04_extreme_bpm170,170.0,sim_tau
37,13.770267486572266,,,0.0,False,2.0,1.0,1,gmd_04_extreme_bpm170,170.0,sim_tau
38,14.210277557373049,14.205277442932127,-5.0001144409215215,6.675305366516113,True,2.0,1.0,1,gmd_04_extreme_bpm170,170.0,sim_tau
39,14.630287170410156,,,0.0,False,2.0,1.0,1,gmd_04_extreme_bpm170,170.0,sim_tau
40,14.89029312133789,,,0.0,False,2.0,1.0,1,gmd_04_extreme_bpm170,170.0,sim_tau
41,15.150299072265623,15.16029930114746,10.000228881835938,6.119251728057861,True,2.0,1.0,1,gmd_04_extreme_bpm170,170.0,sim_tau
42,15.350303649902344,,,0.0,False,2.0,1.0,1,gmd_04_extreme_bpm170,170.0,sim_tau
43,15.85031509399414,,,0.0,False,2.0,1.0,1,gmd_04_extreme_bpm170,170.0,sim_tau
0,1.509998798370361,1.5199987888336182,9.999990463257058,19.559614181518555,True,2.0,2.0,1,double_160bpm,160.0,sim_tau
1,1.6099987030029297,1.6199986934661863,9.999990463256614,2.791290521621704,True,2.0,2.0,1,double_160bpm,160.0,sim_tau
2,1.889998435974121,1.884998440742493,-4.999995231628196,18.87530899047852,True,2.0,2.0,1,double_160bpm,160.0,sim_tau
3,1.969998359680176,1.984998345375061,14.999985694885032,20.500810623168945,True,2.0,2.0,1,double_160bpm,160.0,sim_tau
4,2.2500040531158447,2.2450039386749268,-5.000114440917969,4.160604000091553,True,2.0,2.0,1,double_160bpm,160.0,sim_tau
5,2.350006341934204,2.350006341934204,0.0,9.77495002746582,True,2.0,2.0,1,double_160bpm,160.0,sim_tau
6,2.6300127506256104,2.6300127506256104,0.0,18.26276206970215,True,2.0,2.0,1,double_160bpm,160.0,sim_tau
7,2.7300150394439697,2.7400152683258057,10.000228881835938,42.658424377441406,True,2.0,2.0,1,double_160bpm,160.0,sim_tau
8,3.010021448135376,3.015021562576294,5.000114440917969,3.7222819328308105,True,2.0,2.0,1,double_160bpm,160.0,sim_tau
9,3.110023736953736,3.110023736953736,0.0,15.210260391235352,True,2.0,2.0,1,double_160bpm,160.0,sim_tau
10,3.3900301456451416,3.385030031204224,-5.000114440917525,14.67258071899414,True,2.0,2.0,1,double_160bpm,160.0,sim_tau
11,3.470031976699829,3.465031862258911,-5.000114440917969,11.67432689666748,True,2.0,2.0,1,double_160bpm,160.0,sim_tau
12,3.7700388431549072,3.775038957595825,5.000114440917969,21.875343322753903,True,2.0,2.0,1,double_160bpm,160.0,sim_tau
13,3.8500406742095943,3.8650410175323486,15.00034332275435,11.534667015075684,True,2.0,2.0,1,double_160bpm,160.0,sim_tau
14,4.130046844482422,4.13504695892334,5.000114440917969,12.024813652038574,True,2.0,2.0,1,double_160bpm,160.0,sim_tau
15,4.230049133300781,4.235049247741699,5.000114440917969,17.80724334716797,True,2.0,2.0,1,double_160bpm,160.0,sim_tau
16,4.510055541992188,4.5150556564331055,5.000114440917081,1.6073529720306396,True,2.0,2.0,1,double_160bpm,160.0,sim_tau
17,4.610057830810547,4.570056915283203,-40.00091552734375,13.397912979125977,False,2.0,2.0,1,double_160bpm,160.0,sim_tau
18,4.890064239501953,4.890064239501953,0.0,6.054725646972656,True,2.0,2.0,1,double_160bpm,160.0,sim_tau
19,4.970066070556641,4.940065383911133,-30.000686645507812,15.053220748901367,False,2.0,2.0,1,double_160bpm,160.0,sim_tau
20,5.250072479248047,5.220071792602539,-30.000686645507812,21.302326202392575,False,2.0,2.0,1,double_160bpm,160.0,sim_tau
21,5.350074768066406,5.345074653625488,-5.000114440917969,10.922181129455566,True,2.0,2.0,1,double_160bpm,160.0,sim_tau
22,5.6300811767578125,5.6300811767578125,0.0,14.262957572937012,True,2.0,2.0,1,double_160bpm,160.0,sim_tau
23,5.730083465576172,5.730083465576172,0.0,13.430030822753906,True,2.0,2.0,1,double_160bpm,160.0,sim_tau
24,1.509998798370361,1.5199987888336182,9.999990463257058,19.411540985107425,True,2.0,2.0,1,double_160bpm,160.0,sim_tau
25,1.6099987030029297,1.5799987316131592,-29.999971389770508,15.77558708190918,True,2.0,2.0,1,double_160bpm,160.0,sim_tau
26,1.889998435974121,1.8949984312057493,4.999995231628196,92.62889099121094,True,2.0,2.0,1,double_160bpm,160.0,sim_tau
27,1.969998359680176,1.984998345375061,14.999985694885032,20.833955764770508,True,2.0,2.0,1,double_160bpm,160.0,sim_tau
28,2.2500040531158447,2.215003252029419,-35.00080108642578,27.26229858398437,False,2.0,2.0,1,double_160bpm,160.0,sim_tau
29,2.350006341934204,2.350006341934204,0.0,9.77809238433838,True,2.0,2.0,1,double_160bpm,160.0,sim_tau
30,2.6300127506256104,2.6350128650665283,5.000114440917969,14.251100540161133,True,2.0,2.0,1,double_160bpm,160.0,sim_tau
31,2.7300150394439697,2.715014696121216,-15.000343322753906,27.013702392578125,True,2.0,2.0,1,double_160bpm,160.0,sim_tau
32,3.010021448135376,3.015021562576294,5.000114440917969,4.841939926147461,True,2.0,2.0,1,double_160bpm,160.0,sim_tau
33,3.110023736953736,3.110023736953736,0.0,15.168594360351562,True,2.0,2.0,1,double_160bpm,160.0,sim_tau
34,3.3900301456451416,3.3800299167633057,-10.000228881835938,7.419794082641602,True,2.0,2.0,1,double_160bpm,160.0,sim_tau
35,3.470031976699829,3.480032205581665,10.000228881835938,23.53804016113281,True,2.0,2.0,1,double_160bpm,160.0,sim_tau
36,3.7700388431549072,3.775038957595825,5.000114440917969,21.83916282653809,True,2.0,2.0,1,double_160bpm,160.0,sim_tau
37,3.8500406742095943,3.8650410175323486,15.00034332275435,11.556748390197754,True,2.0,2.0,1,double_160bpm,160.0,sim_tau
38,4.130046844482422,4.13504695892334,5.000114440917969,12.109591484069824,True,2.0,2.0,1,double_160bpm,160.0,sim_tau
39,4.230049133300781,4.240049362182617,10.000228881835938,13.364316940307615,True,2.0,2.0,1,double_160bpm,160.0,sim_tau
40,4.510055541992188,4.520055770874023,10.00022888183505,1.0242282152175903,True,2.0,2.0,1,double_160bpm,160.0,sim_tau
41,4.610057830810547,4.570056915283203,-40.00091552734375,13.417144775390623,False,2.0,2.0,1,double_160bpm,160.0,sim_tau
42,4.890064239501953,4.890064239501953,0.0,6.0703125,True,2.0,2.0,1,double_160bpm,160.0,sim_tau
43,4.970066070556641,4.940065383911133,-30.000686645507812,10.543749809265137,False,2.0,2.0,1,double_160bpm,160.0,sim_tau
44,5.250072479248047,5.220071792602539,-30.000686645507812,21.40876007080078,False,2.0,2.0,1,double_160bpm,160.0,sim_tau
45,5.350074768066406,5.34007453918457,-10.000228881835938,6.990058422088623,True,2.0,2.0,1,double_160bpm,160.0,sim_tau
46,5.6300811767578125,5.6300811767578125,0.0,14.315967559814451,True,2.0,2.0,1,double_160bpm,160.0,sim_tau
47,5.730083465576172,5.73508358001709,5.000114440917969,12.186655044555664,True,2.0,2.0,1,double_160bpm,160.0,sim_tau
48,1.509998798370361,1.5199987888336182,9.999990463257058,19.398984909057617,True,2.0,2.0,1,double_160bpm,160.0,sim_tau
49,1.6099987030029297,1.5799987316131592,-29.999971389770508,15.764026641845703,True,2.0,2.0,1,double_160bpm,160.0,sim_tau
50,1.889998435974121,1.9099984169006348,19.999980926513672,31.93124771118164,True,2.0,2.0,1,double_160bpm,160.0,sim_tau
51,1.969998359680176,1.9149984121322632,-54.99994754791282,26.01036071777344,False,2.0,2.0,1,double_160bpm,160.0,sim_tau
52,2.2500040531158447,2.215003252029419,-35.00080108642578,27.27330017089844,False,2.0,2.0,1,double_160bpm,160.0,sim_tau
53,2.350006341934204,2.355006456375122,5.000114440917969,9.59203815460205,True,2.0,2.0,1,double_160bpm,160.0,sim_tau
54,2.6300127506256104,2.6350128650665283,5.000114440917969,17.925994873046875,True,2.0,2.0,1,double_160bpm,160.0,sim_tau
55,2.7300150394439697,2.715014696121216,-15.000343322753906,26.86748313903809,True,2.0,2.0,1,double_160bpm,160.0,sim_tau
56,3.010021448135376,3.015021562576294,5.000114440917969,3.4301886558532715,True,2.0,2.0,1,double_160bpm,160.0,sim_tau
57,3.110023736953736,3.110023736953736,0.0,15.190357208251951,True,2.0,2.0,1,double_160bpm,160.0,sim_tau
58,3.3900301456451416,3.3800299167633057,-10.000228881835938,7.400814056396484,True,2.0,2.0,1,double_160bpm,160.0,sim_tau
59,3.470031976699829,3.4400312900543213,-30.000686645507812,1.0495452880859375,False,2.0,2.0,1,double_160bpm,160.0,sim_tau
60,3.7700388431549072,3.775038957595825,5.000114440917969,21.898412704467773,True,2.0,2.0,1,double_160bpm,160.0,sim_tau
61,3.8500406742095943,3.7350380420684814,-115.00263214111284,29.873262405395508,False,2.0,2.0,1,double_160bpm,160.0,sim_tau
62,4.130046844482422,4.13504695892334,5.000114440917969,12.242229461669922,True,2.0,2.0,1,double_160bpm,160.0,sim_tau
63,4.230049133300781,4.240049362182617,10.000228881835938,17.75583267211914,True,2.0,2.0,1,double_160bpm,160.0,sim_tau
64,4.510055541992188,4.48005485534668,-30.0006866455087,23.83476448059082,False,2.0,2.0,1,double_160bpm,160.0,sim_tau
65,4.610057830810547,4.48005485534668,-130.0029754638672,23.241134643554688,False,2.0,2.0,1,double_160bpm,160.0,sim_tau
66,4.890064239501953,4.890064239501953,0.0,6.0538835525512695,True,2.0,2.0,1,double_160bpm,160.0,sim_tau
67,4.970066070556641,4.940065383911133,-30.000686645507812,12.107414245605469,False,2.0,2.0,1,double_160bpm,160.0,sim_tau
68,5.250072479248047,5.220071792602539,-30.000686645507812,21.35121726989746,False,2.0,2.0,1,double_160bpm,160.0,sim_tau
69,5.350074768066406,5.34007453918457,-10.000228881835938,7.503263473510742,True,2.0,2.0,1,double_160bpm,160.0,sim_tau
70,5.6300811767578125,5.6300811767578125,0.0,14.211273193359377,True,2.0,2.0,1,double_160bpm,160.0,sim_tau
71,5.730083465576172,5.7100830078125,-20.000457763671875,8.28023910522461,True,2.0,2.0,1,double_160bpm,160.0,sim_tau
0,0.4299997389316559,,,0.0,False,2.0,2.0,1,gmd_03_high_bpm138,138.0,sim_tau
1,0.749999463558197,,,0.0,False,2.0,2.0,1,gmd_03_high_bpm138,138.0,sim_tau
2,0.9699992537498474,0.9699992537498474,0.0,12.691526412963867,True,2.0,2.0,1,gmd_03_high_bpm138,138.0,sim_tau
3,1.6299986839294434,1.624998688697815,-4.999995231628418,16.495635986328125,True,2.0,2.0,1,gmd_03_high_bpm138,138.0,sim_tau
4,2.170002222061157,,,0.0,False,2.0,2.0,1,gmd_03_high_bpm138,138.0,sim_tau
5,2.510010004043579,2.495009660720825,-15.000343322753906,26.508161544799805,True,2.0,2.0,1,gmd_03_high_bpm138,138.0,sim_tau
6,2.710014581680298,2.710014581680298,0.0,12.553444862365724,True,2.0,2.0,1,gmd_03_high_bpm138,138.0,sim_tau
7,3.030021905899048,,,0.0,False,2.0,2.0,1,gmd_03_high_bpm138,138.0,sim_tau
8,3.3700296878814697,3.3800299167633057,10.000228881835938,18.177141189575195,True,2.0,2.0,1,gmd_03_high_bpm138,138.0,sim_tau
9,3.490032434463501,3.470031976699829,-20.000457763671875,16.08981704711914,True,2.0,2.0,1,gmd_03_high_bpm138,138.0,sim_tau
10,4.230049133300781,,,0.0,False,2.0,2.0,1,gmd_03_high_bpm138,138.0,sim_tau
11,4.450054168701172,4.440053939819336,-10.000228881835938,2.2543492317199707,True,2.0,2.0,1,gmd_03_high_bpm138,138.0,sim_tau
12,4.9900665283203125,4.950065612792969,-40.00091552734375,12.086925506591797,False,2.0,2.0,1,gmd_03_high_bpm138,138.0,sim_tau
13,5.290073394775391,5.285073280334473,-5.000114440917969,8.388858795166016,True,2.0,2.0,1,gmd_03_high_bpm138,138.0,sim_tau
14,5.6300811767578125,5.615080833435059,-15.000343322753906,11.479297637939451,True,2.0,2.0,1,gmd_03_high_bpm138,138.0,sim_tau
15,5.930088043212891,,,0.0,False,2.0,2.0,1,gmd_03_high_bpm138,138.0,sim_tau
16,6.170093536376953,6.150093078613281,-20.000457763671875,10.39748191833496,True,2.0,2.0,1,gmd_03_high_bpm138,138.0,sim_tau
17,6.710105895996094,,,0.0,False,2.0,2.0,1,gmd_03_high_bpm138,138.0,sim_tau
18,7.010112762451172,6.980112075805664,-30.000686645507812,11.024066925048828,False,2.0,2.0,1,gmd_03_high_bpm138,138.0,sim_tau
19,7.370121002197266,7.380121231079102,10.000228881835938,79.93792724609375,True,2.0,2.0,1,gmd_03_high_bpm138,138.0,sim_tau
20,7.710128784179687,7.7051286697387695,-5.000114440917081,4.105749607086182,True,2.0,2.0,1,gmd_03_high_bpm138,138.0,sim_tau
21,7.95013427734375,7.95013427734375,0.0,71.67578125,True,2.0,2.0,1,gmd_03_high_bpm138,138.0,sim_tau
22,8.230140686035156,,,0.0,False,2.0,2.0,1,gmd_03_high_bpm138,138.0,sim_tau
23,8.570148468017578,8.56514835357666,-5.000114440917969,11.3347806930542,True,2.0,2.0,1,gmd_03_high_bpm138,138.0,sim_tau
24,8.670150756835938,8.655150413513184,-15.000343322753906,13.723803520202637,True,2.0,2.0,1,gmd_03_high_bpm138,138.0,sim_tau
25,9.13016128540039,9.13016128540039,0.0,9.318262100219728,True,2.0,2.0,1,gmd_03_high_bpm138,138.0,sim_tau
26,9.45016860961914,9.420167922973633,-30.000686645507812,11.374160766601562,False,2.0,2.0,1,gmd_03_high_bpm138,138.0,sim_tau
27,9.690174102783203,9.705174446105955,15.00034332275213,8.290202140808105,True,2.0,2.0,1,gmd_03_high_bpm138,138.0,sim_tau
28,10.010181427001951,10.000181198120115,-10.000228881835938,1.801621913909912,True,2.0,2.0,1,gmd_03_high_bpm138,138.0,sim_tau
29,10.330188751220703,10.34018898010254,10.000228881837714,9.055231094360352,True,2.0,2.0,1,gmd_03_high_bpm138,138.0,sim_tau
30,10.890201568603516,10.92520236968994,35.000801086424005,3.9929513931274414,False,2.0,2.0,1,gmd_03_high_bpm138,138.0,sim_tau
31,11.210208892822266,11.220209121704102,10.000228881835938,17.74062728881836,True,2.0,2.0,1,gmd_03_high_bpm138,138.0,sim_tau
32,11.430213928222656,11.42021369934082,-10.000228881835938,3.662945508956909,True,2.0,2.0,1,gmd_03_high_bpm138,138.0,sim_tau
33,11.970226287841797,11.96022605895996,-10.000228881837714,34.62673568725586,True,2.0,2.0,1,gmd_03_high_bpm138,138.0,sim_tau
34,12.270233154296877,12.245232582092283,-25.000572204593396,14134.525390625,True,2.0,2.0,1,gmd_03_high_bpm138,138.0,sim_tau
35,12.610240936279297,12.595240592956545,-15.00034332275213,14.040221214294434,True,2.0,2.0,1,gmd_03_high_bpm138,138.0,sim_tau
36,12.910247802734377,12.920248031616213,10.000228881835938,9.412615776062012,True,2.0,2.0,1,gmd_03_high_bpm138,138.0,sim_tau
37,13.670265197753906,,,0.0,False,2.0,2.0,1,gmd_03_high_bpm138,138.0,sim_tau
38,13.950271606445312,,,0.0,False,2.0,2.0,1,gmd_03_high_bpm138,138.0,sim_tau
39,14.330280303955078,14.315279960632324,-15.000343322753906,28.066085815429688,True,2.0,2.0,1,gmd_03_high_bpm138,138.0,sim_tau
40,14.650287628173828,14.650287628173828,0.0,9.26076316833496,True,2.0,2.0,1,gmd_03_high_bpm138,138.0,sim_tau
41,14.89029312133789,14.885293006896973,-5.000114440917969,8.31052303314209,True,2.0,2.0,1,gmd_03_high_bpm138,138.0,sim_tau
42,15.21030044555664,,,0.0,False,2.0,2.0,1,gmd_03_high_bpm138,138.0,sim_tau
43,15.53030776977539,15.53030776977539,0.0,11.823894500732422,True,2.0,2.0,1,gmd_03_high_bpm138,138.0,sim_tau
44,15.610309600830078,15.595309257507324,-15.000343322753906,22.590206146240234,True,2.0,2.0,1,gmd_03_high_bpm138,138.0,sim_tau
0,1.349998950958252,,,0.0,False,2.0,2.0,1,gmd_04_extreme_bpm170,170.0,sim_tau
1,1.7499985694885254,,,0.0,False,2.0,2.0,1,gmd_04_extreme_bpm170,170.0,sim_tau
2,2.3100054264068604,2.3050053119659424,-5.000114440917969,24.330707550048828,True,2.0,2.0,1,gmd_04_extreme_bpm170,170.0,sim_tau
3,2.7300150394439697,,,0.0,False,2.0,2.0,1,gmd_04_extreme_bpm170,170.0,sim_tau
4,3.190025568008423,,,0.0,False,2.0,2.0,1,gmd_04_extreme_bpm170,170.0,sim_tau
5,3.730037927627564,,,0.0,False,2.0,2.0,1,gmd_04_extreme_bpm170,170.0,sim_tau
6,4.11004638671875,4.11004638671875,0.0,24.93362617492676,True,2.0,2.0,1,gmd_04_extreme_bpm170,170.0,sim_tau
7,4.610057830810547,4.590057373046875,-20.000457763671875,5.98354959487915,True,2.0,2.0,1,gmd_04_extreme_bpm170,170.0,sim_tau
8,4.870063781738281,,,0.0,False,2.0,2.0,1,gmd_04_extreme_bpm170,170.0,sim_tau
9,5.130069732666016,5.150070190429688,20.000457763672763,19.488534927368164,True,2.0,2.0,1,gmd_04_extreme_bpm170,170.0,sim_tau
10,5.990089416503906,,,0.0,False,2.0,2.0,1,gmd_04_extreme_bpm170,170.0,sim_tau
11,6.35009765625,6.355097770690918,5.000114440917969,29.29000473022461,True,2.0,2.0,1,gmd_04_extreme_bpm170,170.0,sim_tau
12,6.530101776123047,,,0.0,False,2.0,2.0,1,gmd_04_extreme_bpm170,170.0,sim_tau
13,6.710105895996094,6.725106239318848,15.000343322753906,14.835214614868164,True,2.0,2.0,1,gmd_04_extreme_bpm170,170.0,sim_tau
14,6.950111389160156,,,0.0,False,2.0,2.0,1,gmd_04_extreme_bpm170,170.0,sim_tau
15,7.410121917724609,7.435122489929199,25.000572204589844,9.734992980957031,True,2.0,2.0,1,gmd_04_extreme_bpm170,170.0,sim_tau
16,7.750129699707031,,,0.0,False,2.0,2.0,1,gmd_04_extreme_bpm170,170.0,sim_tau
17,8.010135650634766,8.005135536193848,-5.000114440917969,37.484596252441406,True,2.0,2.0,1,gmd_04_extreme_bpm170,170.0,sim_tau
18,8.090137481689453,7.970134735107422,-120.00274658203125,10.067261695861816,False,2.0,2.0,1,gmd_04_extreme_bpm170,170.0,sim_tau
19,8.530147552490234,,,0.0,False,2.0,2.0,1,gmd_04_extreme_bpm170,170.0,sim_tau
20,8.970157623291016,8.980157852172852,10.000228881835938,1.8354023694992063,True,2.0,2.0,1,gmd_04_extreme_bpm170,170.0,sim_tau
21,9.23016357421875,,,0.0,False,2.0,2.0,1,gmd_04_extreme_bpm170,170.0,sim_tau
22,9.490169525146484,9.465168952941896,-25.000572204588067,18.086322784423828,True,2.0,2.0,1,gmd_04_extreme_bpm170,170.0,sim_tau
23,9.690174102783203,,,0.0,False,2.0,2.0,1,gmd_04_extreme_bpm170,170.0,sim_tau
24,10.230186462402344,,,0.0,False,2.0,2.0,1,gmd_04_extreme_bpm170,170.0,sim_tau
25,10.570194244384766,,,0.0,False,2.0,2.0,1,gmd_04_extreme_bpm170,170.0,sim_tau
26,10.8302001953125,10.835200309753418,5.000114440917969,8.850991249084473,True,2.0,2.0,1,gmd_04_extreme_bpm170,170.0,sim_tau
27,10.93020248413086,10.865200996398926,-65.0014877319336,19.526403427124023,False,2.0,2.0,1,gmd_04_extreme_bpm170,170.0,sim_tau
28,11.390213012695312,11.400213241577148,10.000228881835938,13.487051010131836,True,2.0,2.0,1,gmd_04_extreme_bpm170,170.0,sim_tau
29,11.850223541259766,11.850223541259766,0.0,6.775930881500244,True,2.0,2.0,1,gmd_04_extreme_bpm170,170.0,sim_tau
30,12.090229034423828,12.100229263305664,10.000228881835938,6.516935348510742,True,2.0,2.0,1,gmd_04_extreme_bpm170,170.0,sim_tau
31,12.350234985351562,12.370235443115234,20.000457763671875,1.5281972885131836,True,2.0,2.0,1,gmd_04_extreme_bpm170,170.0,sim_tau
32,12.55023956298828,12.55023956298828,0.0,3.862916469573975,True,2.0,2.0,1,gmd_04_extreme_bpm170,170.0,sim_tau
33,12.65024185180664,,,0.0,False,2.0,2.0,1,gmd_04_extreme_bpm170,170.0,sim_tau
34,13.07025146484375,13.100252151489258,30.000686645507812,9.716197967529297,False,2.0,2.0,1,gmd_04_extreme_bpm170,170.0,sim_tau
35,13.3902587890625,13.400259017944336,10.000228881835938,1.1960399150848389,True,2.0,2.0,1,gmd_04_extreme_bpm170,170.0,sim_tau
36,13.670265197753906,13.66026496887207,-10.000228881835938,16.83121681213379,True,2.0,2.0,1,gmd_04_extreme_bpm170,170.0,sim_tau
37,13.770267486572266,13.770267486572266,0.0,12.65878200531006,True,2.0,2.0,1,gmd_04_extreme_bpm170,170.0,sim_tau
38,14.210277557373049,,,0.0,False,2.0,2.0,1,gmd_04_extreme_bpm170,170.0,sim_tau
39,14.630287170410156,14.64528751373291,15.000343322753906,4.771211624145508,True,2.0,2.0,1,gmd_04_extreme_bpm170,170.0,sim_tau
40,14.89029312133789,14.895293235778809,5.000114440917969,2.440648317337036,True,2.0,2.0,1,gmd_04_extreme_bpm170,170.0,sim_tau
41,15.150299072265623,15.16029930114746,10.000228881835938,6.90792179107666,True,2.0,2.0,1,gmd_04_extreme_bpm170,170.0,sim_tau
42,15.350303649902344,15.355303764343262,5.000114440917969,9.426634788513184,True,2.0,2.0,1,gmd_04_extreme_bpm170,170.0,sim_tau
43,15.85031509399414,,,0.0,False,2.0,2.0,1,gmd_04_extreme_bpm170,170.0,sim_tau
0,1.509998798370361,1.494998812675476,-14.999985694885032,35.52854919433594,True,0.5,0.1,2,double_160bpm,160.0,sim_tau
1,1.6099987030029297,1.614998698234558,4.999995231628418,10.162199020385742,True,0.5,0.1,2,double_160bpm,160.0,sim_tau
2,1.889998435974121,1.884998440742493,-4.999995231628196,13.035743713378906,True,0.5,0.1,2,double_160bpm,160.0,sim_tau
3,1.969998359680176,1.974998354911804,4.999995231627974,8.476110458374023,True,0.5,0.1,2,double_160bpm,160.0,sim_tau
4,2.2500040531158447,2.2600042819976807,10.000228881835938,5.652918815612793,True,0.5,0.1,2,double_160bpm,160.0,sim_tau
5,2.350006341934204,2.355006456375122,5.000114440917969,17.7034854888916,True,0.5,0.1,2,double_160bpm,160.0,sim_tau
6,2.6300127506256104,2.6300127506256104,0.0,9.001603126525879,True,0.5,0.1,2,double_160bpm,160.0,sim_tau
7,2.7300150394439697,2.7300150394439697,0.0,15.35400390625,True,0.5,0.1,2,double_160bpm,160.0,sim_tau
8,3.010021448135376,3.010021448135376,0.0,13.717723846435549,True,0.5,0.1,2,double_160bpm,160.0,sim_tau
9,3.110023736953736,3.110023736953736,0.0,12.354118347167969,True,0.5,0.1,2,double_160bpm,160.0,sim_tau
10,3.3900301456451416,3.3800299167633057,-10.000228881835938,13.189613342285156,True,0.5,0.1,2,double_160bpm,160.0,sim_tau
11,3.470031976699829,3.470031976699829,0.0,8.602743148803711,True,0.5,0.1,2,double_160bpm,160.0,sim_tau
12,3.7700388431549072,3.7700388431549072,0.0,9.516599655151367,True,0.5,0.1,2,double_160bpm,160.0,sim_tau
13,3.8500406742095943,3.8450405597686768,-5.000114440917525,8.204058647155762,True,0.5,0.1,2,double_160bpm,160.0,sim_tau
14,4.130046844482422,4.13504695892334,5.000114440917969,21.481170654296875,True,0.5,0.1,2,double_160bpm,160.0,sim_tau
15,4.230049133300781,4.220048904418945,-10.000228881835938,10.767326354980469,True,0.5,0.1,2,double_160bpm,160.0,sim_tau
16,4.510055541992188,4.510055541992188,0.0,14.195392608642578,True,0.5,0.1,2,double_160bpm,160.0,sim_tau
17,4.610057830810547,4.475054740905762,-135.00308990478516,36.292755126953125,False,0.5,0.1,2,double_160bpm,160.0,sim_tau
18,4.890064239501953,4.895064353942871,5.000114440917969,6.543007850646973,True,0.5,0.1,2,double_160bpm,160.0,sim_tau
19,4.970066070556641,4.965065956115723,-5.000114440917969,11.947208404541016,True,0.5,0.1,2,double_160bpm,160.0,sim_tau
20,5.250072479248047,5.255072593688965,5.000114440917969,8.803333282470703,True,0.5,0.1,2,double_160bpm,160.0,sim_tau
21,5.350074768066406,5.360074996948242,10.000228881835938,13.241357803344728,True,0.5,0.1,2,double_160bpm,160.0,sim_tau
22,5.6300811767578125,5.625081062316895,-5.000114440917081,10.64600944519043,True,0.5,0.1,2,double_160bpm,160.0,sim_tau
23,5.730083465576172,5.740083694458008,10.000228881835938,24.85696220397949,True,0.5,0.1,2,double_160bpm,160.0,sim_tau
24,1.509998798370361,1.494998812675476,-14.999985694885032,35.44651412963867,True,0.5,0.1,2,double_160bpm,160.0,sim_tau
25,1.6099987030029297,1.6049987077713013,-4.999995231628418,9.367805480957031,True,0.5,0.1,2,double_160bpm,160.0,sim_tau
26,1.889998435974121,1.899998426437378,9.999990463256836,2.108661651611328,True,0.5,0.1,2,double_160bpm,160.0,sim_tau
27,1.969998359680176,1.974998354911804,4.999995231627974,13.63794994354248,True,0.5,0.1,2,double_160bpm,160.0,sim_tau
28,2.2500040531158447,2.265004396438598,15.000343322753462,18.223840713500977,True,0.5,0.1,2,double_160bpm,160.0,sim_tau
29,2.350006341934204,2.355006456375122,5.000114440917969,15.040812492370604,True,0.5,0.1,2,double_160bpm,160.0,sim_tau
30,2.6300127506256104,2.6250126361846924,-5.000114440917969,10.597522735595703,True,0.5,0.1,2,double_160bpm,160.0,sim_tau
31,2.7300150394439697,2.735015153884888,5.000114440918413,14.278570175170898,True,0.5,0.1,2,double_160bpm,160.0,sim_tau
32,3.010021448135376,3.005021333694458,-5.000114440917969,10.33687973022461,True,0.5,0.1,2,double_160bpm,160.0,sim_tau
33,3.110023736953736,3.070022821426392,-40.00091552734375,14.160226821899414,False,0.5,0.1,2,double_160bpm,160.0,sim_tau
34,3.3900301456451416,3.3800299167633057,-10.000228881835938,12.836057662963867,True,0.5,0.1,2,double_160bpm,160.0,sim_tau
35,3.470031976699829,3.4400312900543213,-30.000686645507812,7.907118797302246,False,0.5,0.1,2,double_160bpm,160.0,sim_tau
36,3.7700388431549072,3.7700388431549072,0.0,9.649920463562012,True,0.5,0.1,2,double_160bpm,160.0,sim_tau
37,3.8500406742095943,3.825040102005005,-25.0005722045894,17.864227294921875,True,0.5,0.1,2,double_160bpm,160.0,sim_tau
38,4.130046844482422,4.125046730041504,-5.000114440917969,10.254796028137209,True,0.5,0.1,2,double_160bpm,160.0,sim_tau
39,4.230049133300781,4.245049476623535,15.000343322753906,8.5112886428833,True,0.5,0.1,2,double_160bpm,160.0,sim_tau
40,4.510055541992188,4.5150556564331055,5.000114440917081,21.289520263671875,True,0.5,0.1,2,double_160bpm,160.0,sim_tau
41,4.610057830810547,4.475054740905762,-135.00308990478516,37.205074310302734,False,0.5,0.1,2,double_160bpm,160.0,sim_tau
42,4.890064239501953,4.900064468383789,10.000228881835938,2.7242319583892822,True,0.5,0.1,2,double_160bpm,160.0,sim_tau
43,4.970066070556641,4.980066299438477,10.000228881835938,21.794090270996094,True,0.5,0.1,2,double_160bpm,160.0,sim_tau
44,5.250072479248047,5.245072364807129,-5.000114440917969,14.050596237182615,True,0.5,0.1,2,double_160bpm,160.0,sim_tau
45,5.350074768066406,5.320074081420898,-30.000686645507812,3.3900039196014404,False,0.5,0.1,2,double_160bpm,160.0,sim_tau
46,5.6300811767578125,5.6350812911987305,5.000114440917969,19.986196517944336,True,0.5,0.1,2,double_160bpm,160.0,sim_tau
47,5.730083465576172,5.690082550048828,-40.00091552734375,16.807409286499023,False,0.5,0.1,2,double_160bpm,160.0,sim_tau
48,1.509998798370361,1.564998745918274,54.99994754791282,16.452245712280273,False,0.5,0.1,2,double_160bpm,160.0,sim_tau
49,1.6099987030029297,1.5999987125396729,-9.999990463256836,9.053391456604004,True,0.5,0.1,2,double_160bpm,160.0,sim_tau
50,1.889998435974121,1.8699984550476076,-19.99998092651345,25.171913146972656,True,0.5,0.1,2,double_160bpm,160.0,sim_tau
51,1.969998359680176,1.9349983930587769,-34.999966621399146,21.09185028076172,False,0.5,0.1,2,double_160bpm,160.0,sim_tau
52,2.2500040531158447,2.225003480911255,-25.000572204589844,44.161529541015625,True,0.5,0.1,2,double_160bpm,160.0,sim_tau
53,2.350006341934204,2.36000657081604,10.000228881835938,14.004046440124512,True,0.5,0.1,2,double_160bpm,160.0,sim_tau
54,2.6300127506256104,2.6200125217437744,-10.000228881835938,17.983489990234375,True,0.5,0.1,2,double_160bpm,160.0,sim_tau
55,2.7300150394439697,2.720014810562134,-10.000228881835938,10.492034912109377,True,0.5,0.1,2,double_160bpm,160.0,sim_tau
56,3.010021448135376,2.995021104812622,-15.000343322753906,14.539697647094728,True,0.5,0.1,2,double_160bpm,160.0,sim_tau
57,3.110023736953736,3.070022821426392,-40.00091552734375,13.815887451171877,False,0.5,0.1,2,double_160bpm,160.0,sim_tau
58,3.3900301456451416,3.365029573440552,-25.0005722045894,10.207256317138672,True,0.5,0.1,2,double_160bpm,160.0,sim_tau
59,3.470031976699829,3.4300310611724854,-40.00091552734375,12.788111686706545,False,0.5,0.1,2,double_160bpm,160.0,sim_tau
60,3.7700388431549072,3.775038957595825,5.000114440917969,1.954408884048462,True,0.5,0.1,2,double_160bpm,160.0,sim_tau
61,3.8500406742095943,3.815039873123169,-35.00080108642534,19.10370635986328,False,0.5,0.1,2,double_160bpm,160.0,sim_tau
62,4.130046844482422,4.125046730041504,-5.000114440917969,10.291640281677246,True,0.5,0.1,2,double_160bpm,160.0,sim_tau
63,4.230049133300781,4.210048675537109,-20.000457763671875,8.885590553283691,True,0.5,0.1,2,double_160bpm,160.0,sim_tau
64,4.510055541992188,4.525055885314941,15.000343322753018,16.161731719970703,True,0.5,0.1,2,double_160bpm,160.0,sim_tau
65,4.610057830810547,4.475054740905762,-135.00308990478516,35.98933029174805,False,0.5,0.1,2,double_160bpm,160.0,sim_tau
66,4.890064239501953,4.875063896179199,-15.000343322753906,21.891765594482425,True,0.5,0.1,2,double_160bpm,160.0,sim_tau
67,4.970066070556641,4.935065269470215,-35.00080108642578,21.66249656677246,False,0.5,0.1,2,double_160bpm,160.0,sim_tau
68,5.250072479248047,5.230072021484375,-20.000457763671875,14.173418045043944,True,0.5,0.1,2,double_160bpm,160.0,sim_tau
69,5.350074768066406,5.310073852539063,-40.00091552734286,14.243953704833984,False,0.5,0.1,2,double_160bpm,160.0,sim_tau
70,5.6300811767578125,5.620080947875977,-10.000228881835938,18.363731384277344,True,0.5,0.1,2,double_160bpm,160.0,sim_tau
71,5.730083465576172,5.690082550048828,-40.00091552734375,14.937323570251465,False,0.5,0.1,2,double_160bpm,160.0,sim_tau
0,0.4299997389316559,0.4249997437000274,-4.999995231628473,12817.658203125,True,0.5,0.1,2,gmd_03_high_bpm138,138.0,sim_tau
1,0.749999463558197,,,0.0,False,0.5,0.1,2,gmd_03_high_bpm138,138.0,sim_tau
2,0.9699992537498474,0.9099993109703064,-59.999942779541016,22.61267852783203,False,0.5,0.1,2,gmd_03_high_bpm138,138.0,sim_tau
3,1.6299986839294434,,,0.0,False,0.5,0.1,2,gmd_03_high_bpm138,138.0,sim_tau
4,2.170002222061157,2.175002336502075,5.000114440918413,23.40087127685547,True,0.5,0.1,2,gmd_03_high_bpm138,138.0,sim_tau
5,2.510010004043579,2.6500132083892822,140.00320434570312,45.81980895996094,False,0.5,0.1,2,gmd_03_high_bpm138,138.0,sim_tau
6,2.710014581680298,2.720014810562134,10.000228881835938,12163.720703125,True,0.5,0.1,2,gmd_03_high_bpm138,138.0,sim_tau
7,3.030021905899048,3.010021448135376,-20.000457763671875,57.488189697265625,True,0.5,0.1,2,gmd_03_high_bpm138,138.0,sim_tau
8,3.3700296878814697,,,0.0,False,0.5,0.1,2,gmd_03_high_bpm138,138.0,sim_tau
9,3.490032434463501,,,0.0,False,0.5,0.1,2,gmd_03_high_bpm138,138.0,sim_tau
10,4.230049133300781,,,0.0,False,0.5,0.1,2,gmd_03_high_bpm138,138.0,sim_tau
11,4.450054168701172,4.450054168701172,0.0,10.11359405517578,True,0.5,0.1,2,gmd_03_high_bpm138,138.0,sim_tau
12,4.9900665283203125,,,0.0,False,0.5,0.1,2,gmd_03_high_bpm138,138.0,sim_tau
13,5.290073394775391,5.280073165893555,-10.000228881835938,1273.632080078125,True,0.5,0.1,2,gmd_03_high_bpm138,138.0,sim_tau
14,5.6300811767578125,,,0.0,False,0.5,0.1,2,gmd_03_high_bpm138,138.0,sim_tau
15,5.930088043212891,,,0.0,False,0.5,0.1,2,gmd_03_high_bpm138,138.0,sim_tau
16,6.170093536376953,6.180093765258789,10.000228881835938,11.403554916381836,True,0.5,0.1,2,gmd_03_high_bpm138,138.0,sim_tau
17,6.710105895996094,,,0.0,False,0.5,0.1,2,gmd_03_high_bpm138,138.0,sim_tau
18,7.010112762451172,7.005112648010254,-5.000114440917969,17.871606826782227,True,0.5,0.1,2,gmd_03_high_bpm138,138.0,sim_tau
19,7.370121002197266,,,0.0,False,0.5,0.1,2,gmd_03_high_bpm138,138.0,sim_tau
20,7.710128784179687,7.725129127502441,15.000343322754794,15.062334060668944,True,0.5,0.1,2,gmd_03_high_bpm138,138.0,sim_tau
21,7.95013427734375,7.940134048461914,-10.000228881835938,4.312564849853516,True,0.5,0.1,2,gmd_03_high_bpm138,138.0,sim_tau
22,8.230140686035156,,,0.0,False,0.5,0.1,2,gmd_03_high_bpm138,138.0,sim_tau
23,8.570148468017578,,,0.0,False,0.5,0.1,2,gmd_03_high_bpm138,138.0,sim_tau
24,8.670150756835938,,,0.0,False,0.5,0.1,2,gmd_03_high_bpm138,138.0,sim_tau
25,9.13016128540039,9.125161170959473,-5.000114440917969,24.22042465209961,True,0.5,0.1,2,gmd_03_high_bpm138,138.0,sim_tau
26,9.45016860961914,,,0.0,False,0.5,0.1,2,gmd_03_high_bpm138,138.0,sim_tau
27,9.690174102783203,9.64517307281494,-45.001029968263495,12.283912658691406,False,0.5,0.1,2,gmd_03_high_bpm138,138.0,sim_tau
28,10.010181427001951,10.015181541442873,5.0001144409215215,18.559471130371094,True,0.5,0.1,2,gmd_03_high_bpm138,138.0,sim_tau
29,10.330188751220703,10.440191268920898,110.00251770019531,10.54354763031006,False,0.5,0.1,2,gmd_03_high_bpm138,138.0,sim_tau
30,10.890201568603516,10.900201797485352,10.000228881835938,11.075353622436523,True,0.5,0.1,2,gmd_03_high_bpm138,138.0,sim_tau
31,11.210208892822266,,,0.0,False,0.5,0.1,2,gmd_03_high_bpm138,138.0,sim_tau
32,11.430213928222656,11.440214157104492,10.000228881835938,12.3175048828125,True,0.5,0.1,2,gmd_03_high_bpm138,138.0,sim_tau
33,11.970226287841797,,,0.0,False,0.5,0.1,2,gmd_03_high_bpm138,138.0,sim_tau
34,12.270233154296877,,,0.0,False,0.5,0.1,2,gmd_03_high_bpm138,138.0,sim_tau
35,12.610240936279297,12.610240936279297,0.0,19.39373779296875,True,0.5,0.1,2,gmd_03_high_bpm138,138.0,sim_tau
36,12.910247802734377,12.90024757385254,-10.000228881835938,29.20649528503418,True,0.5,0.1,2,gmd_03_high_bpm138,138.0,sim_tau
37,13.670265197753906,,,0.0,False,0.5,0.1,2,gmd_03_high_bpm138,138.0,sim_tau
38,13.950271606445312,13.950271606445312,0.0,19.496410369873047,True,0.5,0.1,2,gmd_03_high_bpm138,138.0,sim_tau
39,14.330280303955078,14.320280075073242,-10.000228881835938,17.228063583374023,True,0.5,0.1,2,gmd_03_high_bpm138,138.0,sim_tau
40,14.650287628173828,,,0.0,False,0.5,0.1,2,gmd_03_high_bpm138,138.0,sim_tau
41,14.89029312133789,14.875292778015137,-15.000343322753906,3.896679639816284,True,0.5,0.1,2,gmd_03_high_bpm138,138.0,sim_tau
42,15.21030044555664,15.180299758911133,-30.000686645507812,21.726810455322266,False,0.5,0.1,2,gmd_03_high_bpm138,138.0,sim_tau
43,15.53030776977539,,,0.0,False,0.5,0.1,2,gmd_03_high_bpm138,138.0,sim_tau
44,15.610309600830078,,,0.0,False,0.5,0.1,2,gmd_03_high_bpm138,138.0,sim_tau
0,1.349998950958252,,,0.0,False,0.5,0.1,2,gmd_04_extreme_bpm170,170.0,sim_tau
1,1.7499985694885254,,,0.0,False,0.5,0.1,2,gmd_04_extreme_bpm170,170.0,sim_tau
2,2.3100054264068604,,,0.0,False,0.5,0.1,2,gmd_04_extreme_bpm170,170.0,sim_tau
3,2.7300150394439697,,,0.0,False,0.5,0.1,2,gmd_04_extreme_bpm170,170.0,sim_tau
4,3.190025568008423,3.2100260257720947,20.000457763671875,13.99610424041748,True,0.5,0.1,2,gmd_04_extreme_bpm170,170.0,sim_tau
5,3.730037927627564,,,0.0,False,0.5,0.1,2,gmd_04_extreme_bpm170,170.0,sim_tau
6,4.11004638671875,,,0.0,False,0.5,0.1,2,gmd_04_extreme_bpm170,170.0,sim_tau
7,4.610057830810547,4.610057830810547,0.0,42.92759323120117,True,0.5,0.1,2,gmd_04_extreme_bpm170,170.0,sim_tau
8,4.870063781738281,,,0.0,False,0.5,0.1,2,gmd_04_extreme_bpm170,170.0,sim_tau
9,5.130069732666016,,,0.0,False,0.5,0.1,2,gmd_04_extreme_bpm170,170.0,sim_tau
10,5.990089416503906,,,0.0,False,0.5,0.1,2,gmd_04_extreme_bpm170,170.0,sim_tau
11,6.35009765625,,,0.0,False,0.5,0.1,2,gmd_04_extreme_bpm170,170.0,sim_tau
12,6.530101776123047,,,0.0,False,0.5,0.1,2,gmd_04_extreme_bpm170,170.0,sim_tau
13,6.710105895996094,6.705105781555176,-5.000114440917969,29.932907104492188,True,0.5,0.1,2,gmd_04_extreme_bpm170,170.0,sim_tau
14,6.950111389160156,,,0.0,False,0.5,0.1,2,gmd_04_extreme_bpm170,170.0,sim_tau
15,7.410121917724609,7.415122032165527,5.000114440917969,20.15399932861328,True,0.5,0.1,2,gmd_04_extreme_bpm170,170.0,sim_tau
16,7.750129699707031,,,0.0,False,0.5,0.1,2,gmd_04_extreme_bpm170,170.0,sim_tau
17,8.010135650634766,,,0.0,False,0.5,0.1,2,gmd_04_extreme_bpm170,170.0,sim_tau
18,8.090137481689453,8.085137367248535,-5.000114440917969,11.427154541015623,True,0.5,0.1,2,gmd_04_extreme_bpm170,170.0,sim_tau
19,8.530147552490234,8.525147438049316,-5.000114440917969,8.298707962036133,True,0.5,0.1,2,gmd_04_extreme_bpm170,170.0,sim_tau
20,8.970157623291016,9.000158309936523,30.000686645507812,2.5330631732940674,False,0.5,0.1,2,gmd_04_extreme_bpm170,170.0,sim_tau
21,9.23016357421875,9.240163803100586,10.000228881835938,22.04670524597168,True,0.5,0.1,2,gmd_04_extreme_bpm170,170.0,sim_tau
22,9.490169525146484,,,0.0,False,0.5,0.1,2,gmd_04_extreme_bpm170,170.0,sim_tau
23,9.690174102783203,9.705174446105955,15.00034332275213,27.465633392333984,True,0.5,0.1,2,gmd_04_extreme_bpm170,170.0,sim_tau
24,10.230186462402344,10.24018669128418,10.000228881835938,12.738158226013184,True,0.5,0.1,2,gmd_04_extreme_bpm170,170.0,sim_tau
25,10.570194244384766,10.56019401550293,-10.000228881835938,11.544775009155272,True,0.5,0.1,2,gmd_04_extreme_bpm170,170.0,sim_tau
26,10.8302001953125,,,0.0,False,0.5,0.1,2,gmd_04_extreme_bpm170,170.0,sim_tau
27,10.93020248413086,10.93020248413086,0.0,21.357563018798828,True,0.5,0.1,2,gmd_04_extreme_bpm170,170.0,sim_tau
28,11.390213012695312,,,0.0,False,0.5,0.1,2,gmd_04_extreme_bpm170,170.0,sim_tau
29,11.850223541259766,,,0.0,False,0.5,0.1,2,gmd_04_extreme_bpm170,170.0,sim_tau
30,12.090229034423828,12.095229148864746,5.000114440917969,15.801218032836914,True,0.5,0.1,2,gmd_04_extreme_bpm170,170.0,sim_tau
31,12.350234985351562,12.35523509979248,5.000114440917969,12.516164779663086,True,0.5,0.1,2,gmd_04_extreme_bpm170,170.0,sim_tau
32,12.55023956298828,,,0.0,False,0.5,0.1,2,gmd_04_extreme_bpm170,170.0,sim_tau
33,12.65024185180664,12.65524196624756,5.000114440919745,3.212566375732422,True,0.5,0.1,2,gmd_04_extreme_bpm170,170.0,sim_tau
34,13.07025146484375,13.07025146484375,0.0,15.73231029510498,True,0.5,0.1,2,gmd_04_extreme_bpm170,170.0,sim_tau
35,13.3902587890625,13.375258445739746,-15.000343322753906,4233.173828125,True,0.5,0.1,2,gmd_04_extreme_bpm170,170.0,sim_tau
36,13.670265197753906,13.675265312194824,5.000114440917969,14.185081481933594,True,0.5,0.1,2,gmd_04_extreme_bpm170,170.0,sim_tau
37,13.770267486572266,13.76026725769043,-10.000228881835938,17.682777404785156,True,0.5,0.1,2,gmd_04_extreme_bpm170,170.0,sim_tau
38,14.210277557373049,,,0.0,False,0.5,0.1,2,gmd_04_extreme_bpm170,170.0,sim_tau
39,14.630287170410156,,,0.0,False,0.5,0.1,2,gmd_04_extreme_bpm170,170.0,sim_tau
40,14.89029312133789,14.885293006896973,-5.000114440917969,9.997419357299805,True,0.5,0.1,2,gmd_04_extreme_bpm170,170.0,sim_tau
41,15.150299072265623,15.140298843383787,-10.000228881835938,27.22353172302246,True,0.5,0.1,2,gmd_04_extreme_bpm170,170.0,sim_tau
42,15.350303649902344,,,0.0,False,0.5,0.1,2,gmd_04_extreme_bpm170,170.0,sim_tau
43,15.85031509399414,15.880315780639648,30.000686645507812,5.046947479248047,False,0.5,0.1,2,gmd_04_extreme_bpm170,170.0,sim_tau
0,1.509998798370361,1.5149987936019895,4.999995231628418,10.207549095153809,True,0.5,0.25,2,double_160bpm,160.0,sim_tau
1,1.6099987030029297,1.5999987125396729,-9.999990463256836,9.64642333984375,True,0.5,0.25,2,double_160bpm,160.0,sim_tau
2,1.889998435974121,1.884998440742493,-4.999995231628196,8.490652084350586,True,0.5,0.25,2,double_160bpm,160.0,sim_tau
3,1.969998359680176,1.969998359680176,0.0,15.698281288146973,True,0.5,0.25,2,double_160bpm,160.0,sim_tau
4,2.2500040531158447,2.2500040531158447,0.0,9.774235725402832,True,0.5,0.25,2,double_160bpm,160.0,sim_tau
5,2.350006341934204,2.350006341934204,0.0,12.761104583740234,True,0.5,0.25,2,double_160bpm,160.0,sim_tau
6,2.6300127506256104,2.6300127506256104,0.0,27.23243522644043,True,0.5,0.25,2,double_160bpm,160.0,sim_tau
7,2.7300150394439697,2.7300150394439697,0.0,14.386164665222168,True,0.5,0.25,2,double_160bpm,160.0,sim_tau
8,3.010021448135376,3.010021448135376,0.0,19.78021812438965,True,0.5,0.25,2,double_160bpm,160.0,sim_tau
9,3.110023736953736,3.110023736953736,0.0,14.166312217712402,True,0.5,0.25,2,double_160bpm,160.0,sim_tau
10,3.3900301456451416,3.385030031204224,-5.000114440917525,9.127851486206056,True,0.5,0.25,2,double_160bpm,160.0,sim_tau
11,3.470031976699829,3.465031862258911,-5.000114440917969,12.935466766357422,True,0.5,0.25,2,double_160bpm,160.0,sim_tau
12,3.7700388431549072,3.755038499832153,-15.00034332275435,11.932998657226562,True,0.5,0.25,2,double_160bpm,160.0,sim_tau
13,3.8500406742095943,3.8550407886505127,5.000114440918413,8.717785835266113,True,0.5,0.25,2,double_160bpm,160.0,sim_tau
14,4.130046844482422,4.130046844482422,0.0,24.411684036254883,True,0.5,0.25,2,double_160bpm,160.0,sim_tau
15,4.230049133300781,4.230049133300781,0.0,13.302650451660156,True,0.5,0.25,2,double_160bpm,160.0,sim_tau
16,4.510055541992188,4.510055541992188,0.0,11.834728240966797,True,0.5,0.25,2,double_160bpm,160.0,sim_tau
17,4.610057830810547,4.610057830810547,0.0,6.372984409332275,True,0.5,0.25,2,double_160bpm,160.0,sim_tau
18,4.890064239501953,4.880064010620117,-10.000228881835938,126.53762817382812,True,0.5,0.25,2,double_160bpm,160.0,sim_tau
19,4.970066070556641,4.965065956115723,-5.000114440917969,10.994329452514648,True,0.5,0.25,2,double_160bpm,160.0,sim_tau
20,5.250072479248047,5.250072479248047,0.0,24.5301513671875,True,0.5,0.25,2,double_160bpm,160.0,sim_tau
21,5.350074768066406,5.345074653625488,-5.000114440917969,19.306072235107425,True,0.5,0.25,2,double_160bpm,160.0,sim_tau
22,5.6300811767578125,5.6300811767578125,0.0,24.55746459960937,True,0.5,0.25,2,double_160bpm,160.0,sim_tau
23,5.730083465576172,5.730083465576172,0.0,14.027958869934082,True,0.5,0.25,2,double_160bpm,160.0,sim_tau
24,1.509998798370361,1.5149987936019895,4.999995231628418,10.18400764465332,True,0.5,0.25,2,double_160bpm,160.0,sim_tau
25,1.6099987030029297,1.5999987125396729,-9.999990463256836,9.813507080078123,True,0.5,0.25,2,double_160bpm,160.0,sim_tau
26,1.889998435974121,1.864998459815979,-24.99997615814209,31.0660457611084,True,0.5,0.25,2,double_160bpm,160.0,sim_tau
27,1.969998359680176,1.92499840259552,-44.99995708465598,14.842351913452148,False,0.5,0.25,2,double_160bpm,160.0,sim_tau
28,2.2500040531158447,2.2500040531158447,0.0,24.7689208984375,True,0.5,0.25,2,double_160bpm,160.0,sim_tau
29,2.350006341934204,2.355006456375122,5.000114440917969,11.198525428771973,True,0.5,0.25,2,double_160bpm,160.0,sim_tau
30,2.6300127506256104,2.6300127506256104,0.0,27.39072799682617,True,0.5,0.25,2,double_160bpm,160.0,sim_tau
31,2.7300150394439697,2.725014925003052,-5.000114440917525,17.81977653503418,True,0.5,0.25,2,double_160bpm,160.0,sim_tau
32,3.010021448135376,3.010021448135376,0.0,20.014854431152344,True,0.5,0.25,2,double_160bpm,160.0,sim_tau
33,3.110023736953736,3.070022821426392,-40.00091552734375,14.815593719482422,False,0.5,0.25,2,double_160bpm,160.0,sim_tau
34,3.3900301456451416,3.3800299167633057,-10.000228881835938,10.60209846496582,True,0.5,0.25,2,double_160bpm,160.0,sim_tau
35,3.470031976699829,3.4300310611724854,-40.00091552734375,17.48947525024414,False,0.5,0.25,2,double_160bpm,160.0,sim_tau
36,3.7700388431549072,,,0.0,False,0.5,0.25,2,double_160bpm,160.0,sim_tau
37,3.8500406742095943,3.8550407886505127,5.000114440918413,9.03496265411377,True,0.5,0.25,2,double_160bpm,160.0,sim_tau
38,4.130046844482422,4.130046844482422,0.0,24.205699920654297,True,0.5,0.25,2,double_160bpm,160.0,sim_tau
39,4.230049133300781,4.225049018859863,-5.000114440917969,7.102367877960205,True,0.5,0.25,2,double_160bpm,160.0,sim_tau
40,4.510055541992188,4.5150556564331055,5.000114440917081,21.70504570007324,True,0.5,0.25,2,double_160bpm,160.0,sim_tau
41,4.610057830810547,4.615057945251465,5.000114440917969,11.502025604248049,True,0.5,0.25,2,double_160bpm,160.0,sim_tau
42,4.890064239501953,4.865063667297363,-25.000572204589844,42.788124084472656,True,0.5,0.25,2,double_160bpm,160.0,sim_tau
43,4.970066070556641,4.980066299438477,10.000228881835938,3.631811618804932,True,0.5,0.25,2,double_160bpm,160.0,sim_tau
44,5.250072479248047,5.250072479248047,0.0,9.937776565551758,True,0.5,0.25,2,double_160bpm,160.0,sim_tau
45,5.350074768066406,5.360074996948242,10.000228881835938,18.850513458251957,True,0.5,0.25,2,double_160bpm,160.0,sim_tau
46,5.6300811767578125,5.6350812911987305,5.000114440917969,21.709243774414062,True,0.5,0.25,2,double_160bpm,160.0,sim_tau
47,5.730083465576172,5.730083465576172,0.0,13.161443710327148,True,0.5,0.25,2,double_160bpm,160.0,sim_tau
48,1.509998798370361,1.5149987936019895,4.999995231628418,10.419403076171877,True,0.5,0.25,2,double_160bpm,160.0,sim_tau
49,1.6099987030029297,1.5999987125396729,-9.999990463256836,9.938155174255373,True,0.5,0.25,2,double_160bpm,160.0,sim_tau
50,1.889998435974121,1.864998459815979,-24.99997615814209,30.9905948638916,True,0.5,0.25,2,double_160bpm,160.0,sim_tau
51,1.969998359680176,,,0.0,False,0.5,0.25,2,double_160bpm,160.0,sim_tau
52,2.2500040531158447,2.2550041675567627,5.000114440917969,14.82175064086914,True,0.5,0.25,2,double_160bpm,160.0,sim_tau
53,2.350006341934204,2.36000657081604,10.000228881835938,17.3022403717041,True,0.5,0.25,2,double_160bpm,160.0,sim_tau
54,2.6300127506256104,2.6400129795074463,10.000228881835938,9.383197784423828,True,0.5,0.25,2,double_160bpm,160.0,sim_tau
55,2.7300150394439697,2.745015382766724,15.00034332275435,11.150306701660156,True,0.5,0.25,2,double_160bpm,160.0,sim_tau
56,3.010021448135376,3.010021448135376,0.0,18.797740936279297,True,0.5,0.25,2,double_160bpm,160.0,sim_tau
57,3.110023736953736,3.0650227069854736,-45.00102996826216,17.757606506347656,False,0.5,0.25,2,double_160bpm,160.0,sim_tau
58,3.3900301456451416,3.4250309467315674,35.00080108642578,14.434720993041992,False,0.5,0.25,2,double_160bpm,160.0,sim_tau
59,3.470031976699829,3.4250309467315674,-45.00102996826172,11.832351684570312,False,0.5,0.25,2,double_160bpm,160.0,sim_tau
60,3.7700388431549072,,,0.0,False,0.5,0.25,2,double_160bpm,160.0,sim_tau
61,3.8500406742095943,3.8550407886505127,5.000114440918413,5.398877143859863,True,0.5,0.25,2,double_160bpm,160.0,sim_tau
62,4.130046844482422,4.130046844482422,0.0,24.848033905029297,True,0.5,0.25,2,double_160bpm,160.0,sim_tau
63,4.230049133300781,4.225049018859863,-5.000114440917969,7.2528076171875,True,0.5,0.25,2,double_160bpm,160.0,sim_tau
64,4.510055541992188,4.5150556564331055,5.000114440917081,21.74571228027344,True,0.5,0.25,2,double_160bpm,160.0,sim_tau
65,4.610057830810547,4.615057945251465,5.000114440917969,11.096535682678224,True,0.5,0.25,2,double_160bpm,160.0,sim_tau
66,4.890064239501953,4.865063667297363,-25.000572204589844,45.399658203125,True,0.5,0.25,2,double_160bpm,160.0,sim_tau
67,4.970066070556641,4.980066299438477,10.000228881835938,15.338163375854492,True,0.5,0.25,2,double_160bpm,160.0,sim_tau
68,5.250072479248047,5.255072593688965,5.000114440917969,21.566896438598636,True,0.5,0.25,2,double_160bpm,160.0,sim_tau
69,5.350074768066406,5.360074996948242,10.000228881835938,10.022320747375488,True,0.5,0.25,2,double_160bpm,160.0,sim_tau
70,5.6300811767578125,5.650081634521484,20.000457763671875,13.33614730834961,True,0.5,0.25,2,double_160bpm,160.0,sim_tau
71,5.730083465576172,5.68508243560791,-45.00102996826172,12.164962768554688,False,0.5,0.25,2,double_160bpm,160.0,sim_tau
0,0.4299997389316559,0.4299997389316559,0.0,16.578475952148438,True,0.5,0.25,2,gmd_03_high_bpm138,138.0,sim_tau
1,0.749999463558197,0.7349994778633118,-14.999985694885254,49.30548477172852,True,0.5,0.25,2,gmd_03_high_bpm138,138.0,sim_tau
2,0.9699992537498474,0.92999929189682,-39.99996185302746,303.6298217773437,False,0.5,0.25,2,gmd_03_high_bpm138,138.0,sim_tau
3,1.6299986839294434,1.624998688697815,-4.999995231628418,14.53631591796875,True,0.5,0.25,2,gmd_03_high_bpm138,138.0,sim_tau
4,2.170002222061157,2.175002336502075,5.000114440918413,26.512636184692383,True,0.5,0.25,2,gmd_03_high_bpm138,138.0,sim_tau
5,2.510010004043579,2.510010004043579,0.0,18.44404983520508,True,0.5,0.25,2,gmd_03_high_bpm138,138.0,sim_tau
6,2.710014581680298,2.710014581680298,0.0,18.12575340270996,True,0.5,0.25,2,gmd_03_high_bpm138,138.0,sim_tau
7,3.030021905899048,2.990020990371704,-40.00091552734375,16.611726760864258,False,0.5,0.25,2,gmd_03_high_bpm138,138.0,sim_tau
8,3.3700296878814697,3.355029344558716,-15.000343322753906,11.51819896697998,True,0.5,0.25,2,gmd_03_high_bpm138,138.0,sim_tau
9,3.490032434463501,3.470031976699829,-20.000457763671875,9.631758689880373,True,0.5,0.25,2,gmd_03_high_bpm138,138.0,sim_tau
10,4.230049133300781,4.235049247741699,5.000114440917969,14.123245239257812,True,0.5,0.25,2,gmd_03_high_bpm138,138.0,sim_tau
11,4.450054168701172,4.445054054260254,-5.000114440917969,11.313311576843262,True,0.5,0.25,2,gmd_03_high_bpm138,138.0,sim_tau
12,4.9900665283203125,,,0.0,False,0.5,0.25,2,gmd_03_high_bpm138,138.0,sim_tau
13,5.290073394775391,5.290073394775391,0.0,18.268932342529297,True,0.5,0.25,2,gmd_03_high_bpm138,138.0,sim_tau
14,5.6300811767578125,5.590080261230469,-40.00091552734375,16.453842163085938,False,0.5,0.25,2,gmd_03_high_bpm138,138.0,sim_tau
15,5.930088043212891,5.915087699890137,-15.000343322753906,46.53530883789063,True,0.5,0.25,2,gmd_03_high_bpm138,138.0,sim_tau
16,6.170093536376953,6.165093421936035,-5.000114440917969,12.354158401489258,True,0.5,0.25,2,gmd_03_high_bpm138,138.0,sim_tau
17,6.710105895996094,,,0.0,False,0.5,0.25,2,gmd_03_high_bpm138,138.0,sim_tau
18,7.010112762451172,7.010112762451172,0.0,20.27908515930176,True,0.5,0.25,2,gmd_03_high_bpm138,138.0,sim_tau
19,7.370121002197266,7.330120086669922,-40.00091552734375,16.687332153320312,False,0.5,0.25,2,gmd_03_high_bpm138,138.0,sim_tau
20,7.710128784179687,,,0.0,False,0.5,0.25,2,gmd_03_high_bpm138,138.0,sim_tau
21,7.95013427734375,7.95013427734375,0.0,8.79159927368164,True,0.5,0.25,2,gmd_03_high_bpm138,138.0,sim_tau
22,8.230140686035156,8.230140686035156,0.0,18.148216247558597,True,0.5,0.25,2,gmd_03_high_bpm138,138.0,sim_tau
23,8.570148468017578,8.580148696899414,10.000228881835938,14.42641830444336,True,0.5,0.25,2,gmd_03_high_bpm138,138.0,sim_tau
24,8.670150756835938,,,0.0,False,0.5,0.25,2,gmd_03_high_bpm138,138.0,sim_tau
25,9.13016128540039,9.13016128540039,0.0,17.32907485961914,True,0.5,0.25,2,gmd_03_high_bpm138,138.0,sim_tau
26,9.45016860961914,9.440168380737305,-10.000228881835938,49.4306869506836,True,0.5,0.25,2,gmd_03_high_bpm138,138.0,sim_tau
27,9.690174102783203,9.690174102783203,0.0,17.76826286315918,True,0.5,0.25,2,gmd_03_high_bpm138,138.0,sim_tau
28,10.010181427001951,10.005181312561035,-5.000114440916192,13.072793960571287,True,0.5,0.25,2,gmd_03_high_bpm138,138.0,sim_tau
29,10.330188751220703,10.295187950134276,-35.00080108642756,18.6201171875,False,0.5,0.25,2,gmd_03_high_bpm138,138.0,sim_tau
30,10.890201568603516,10.890201568603516,0.0,17.586679458618164,True,0.5,0.25,2,gmd_03_high_bpm138,138.0,sim_tau
31,11.210208892822266,11.180208206176758,-30.000686645507812,35.66334915161133,False,0.5,0.25,2,gmd_03_high_bpm138,138.0,sim_tau
32,11.430213928222656,11.430213928222656,0.0,18.17215156555176,True,0.5,0.25,2,gmd_03_high_bpm138,138.0,sim_tau
33,11.970226287841797,,,0.0,False,0.5,0.25,2,gmd_03_high_bpm138,138.0,sim_tau
34,12.270233154296877,12.270233154296877,0.0,17.821815490722656,True,0.5,0.25,2,gmd_03_high_bpm138,138.0,sim_tau
35,12.610240936279297,12.610240936279297,0.0,18.738529205322266,True,0.5,0.25,2,gmd_03_high_bpm138,138.0,sim_tau
36,12.910247802734377,12.925248146057127,15.000343322750354,12.995134353637695,True,0.5,0.25,2,gmd_03_high_bpm138,138.0,sim_tau
37,13.670265197753906,,,0.0,False,0.5,0.25,2,gmd_03_high_bpm138,138.0,sim_tau
38,13.950271606445312,13.950271606445312,0.0,1.5290522575378418,True,0.5,0.25,2,gmd_03_high_bpm138,138.0,sim_tau
39,14.330280303955078,14.340280532836914,10.000228881835938,11.535283088684082,True,0.5,0.25,2,gmd_03_high_bpm138,138.0,sim_tau
40,14.650287628173828,14.650287628173828,0.0,68.44334411621094,True,0.5,0.25,2,gmd_03_high_bpm138,138.0,sim_tau
41,14.89029312133789,14.905293464660645,15.000343322753906,23.520336151123047,True,0.5,0.25,2,gmd_03_high_bpm138,138.0,sim_tau
42,15.21030044555664,15.21530055999756,5.000114440919745,14.952449798583984,True,0.5,0.25,2,gmd_03_high_bpm138,138.0,sim_tau
43,15.53030776977539,15.525307655334473,-5.000114440917969,23.74951171875,True,0.5,0.25,2,gmd_03_high_bpm138,138.0,sim_tau
44,15.610309600830078,,,0.0,False,0.5,0.25,2,gmd_03_high_bpm138,138.0,sim_tau
0,1.349998950958252,1.3599989414215088,9.999990463256836,11.80213451385498,True,0.5,0.25,2,gmd_04_extreme_bpm170,170.0,sim_tau
1,1.7499985694885254,1.7199985980987549,-29.999971389770508,10.176867485046388,True,0.5,0.25,2,gmd_04_extreme_bpm170,170.0,sim_tau
2,2.3100054264068604,,,0.0,False,0.5,0.25,2,gmd_04_extreme_bpm170,170.0,sim_tau
3,2.7300150394439697,,,0.0,False,0.5,0.25,2,gmd_04_extreme_bpm170,170.0,sim_tau
4,3.190025568008423,3.190025568008423,0.0,17.051471710205078,True,0.5,0.25,2,gmd_04_extreme_bpm170,170.0,sim_tau
5,3.730037927627564,,,0.0,False,0.5,0.25,2,gmd_04_extreme_bpm170,170.0,sim_tau
6,4.11004638671875,4.115046501159668,5.000114440917969,19.73169708251953,True,0.5,0.25,2,gmd_04_extreme_bpm170,170.0,sim_tau
7,4.610057830810547,4.610057830810547,0.0,16.692277908325195,True,0.5,0.25,2,gmd_04_extreme_bpm170,170.0,sim_tau
8,4.870063781738281,4.865063667297363,-5.000114440917969,9.68519401550293,True,0.5,0.25,2,gmd_04_extreme_bpm170,170.0,sim_tau
9,5.130069732666016,5.105069160461426,-25.000572204589844,14.854883193969728,True,0.5,0.25,2,gmd_04_extreme_bpm170,170.0,sim_tau
10,5.990089416503906,5.995089530944824,5.000114440917969,15.119064331054688,True,0.5,0.25,2,gmd_04_extreme_bpm170,170.0,sim_tau
11,6.35009765625,,,0.0,False,0.5,0.25,2,gmd_04_extreme_bpm170,170.0,sim_tau
12,6.530101776123047,6.520101547241211,-10.000228881835938,9.3543701171875,True,0.5,0.25,2,gmd_04_extreme_bpm170,170.0,sim_tau
13,6.710105895996094,6.685105323791504,-25.000572204589844,8.984207153320312,True,0.5,0.25,2,gmd_04_extreme_bpm170,170.0,sim_tau
14,6.950111389160156,6.920110702514648,-30.000686645507812,15.757036209106444,False,0.5,0.25,2,gmd_04_extreme_bpm170,170.0,sim_tau
15,7.410121917724609,7.410121917724609,0.0,16.948076248168945,True,0.5,0.25,2,gmd_04_extreme_bpm170,170.0,sim_tau
16,7.750129699707031,7.750129699707031,0.0,14.742132186889648,True,0.5,0.25,2,gmd_04_extreme_bpm170,170.0,sim_tau
17,8.010135650634766,7.995135307312012,-15.000343322753906,27.699752807617188,True,0.5,0.25,2,gmd_04_extreme_bpm170,170.0,sim_tau
18,8.090137481689453,,,0.0,False,0.5,0.25,2,gmd_04_extreme_bpm170,170.0,sim_tau
19,8.530147552490234,8.520147323608398,-10.000228881835938,17.59677505493164,True,0.5,0.25,2,gmd_04_extreme_bpm170,170.0,sim_tau
20,8.970157623291016,,,0.0,False,0.5,0.25,2,gmd_04_extreme_bpm170,170.0,sim_tau
21,9.23016357421875,9.225163459777832,-5.000114440917969,19.77374267578125,True,0.5,0.25,2,gmd_04_extreme_bpm170,170.0,sim_tau
22,9.490169525146484,9.495169639587402,5.000114440917969,14.91750144958496,True,0.5,0.25,2,gmd_04_extreme_bpm170,170.0,sim_tau
23,9.690174102783203,9.705174446105955,15.00034332275213,24.300811767578125,True,0.5,0.25,2,gmd_04_extreme_bpm170,170.0,sim_tau
24,10.230186462402344,10.230186462402344,0.0,17.206382751464844,True,0.5,0.25,2,gmd_04_extreme_bpm170,170.0,sim_tau
25,10.570194244384766,10.575194358825684,5.000114440917969,14.550971031188965,True,0.5,0.25,2,gmd_04_extreme_bpm170,170.0,sim_tau
26,10.8302001953125,10.825200080871582,-5.000114440917969,33.447242736816406,True,0.5,0.25,2,gmd_04_extreme_bpm170,170.0,sim_tau
27,10.93020248413086,,,0.0,False,0.5,0.25,2,gmd_04_extreme_bpm170,170.0,sim_tau
28,11.390213012695312,11.400213241577148,10.000228881835938,11.518436431884766,True,0.5,0.25,2,gmd_04_extreme_bpm170,170.0,sim_tau
29,11.850223541259766,,,0.0,False,0.5,0.25,2,gmd_04_extreme_bpm170,170.0,sim_tau
30,12.090229034423828,12.095229148864746,5.000114440917969,13.235151290893556,True,0.5,0.25,2,gmd_04_extreme_bpm170,170.0,sim_tau
31,12.350234985351562,12.350234985351562,0.0,17.837657928466797,True,0.5,0.25,2,gmd_04_extreme_bpm170,170.0,sim_tau
32,12.55023956298828,12.540239334106444,-10.000228881835938,13.515823364257812,True,0.5,0.25,2,gmd_04_extreme_bpm170,170.0,sim_tau
33,12.65024185180664,12.65524196624756,5.000114440919745,8.854341506958008,True,0.5,0.25,2,gmd_04_extreme_bpm170,170.0,sim_tau
34,13.07025146484375,13.080251693725586,10.000228881835938,11.01091766357422,True,0.5,0.25,2,gmd_04_extreme_bpm170,170.0,sim_tau
35,13.3902587890625,13.3902587890625,0.0,16.801876068115234,True,0.5,0.25,2,gmd_04_extreme_bpm170,170.0,sim_tau
36,13.670265197753906,13.66026496887207,-10.000228881835938,2.3979122638702397,True,0.5,0.25,2,gmd_04_extreme_bpm170,170.0,sim_tau
37,13.770267486572266,,,0.0,False,0.5,0.25,2,gmd_04_extreme_bpm170,170.0,sim_tau
38,14.210277557373049,14.210277557373049,0.0,17.984580993652344,True,0.5,0.25,2,gmd_04_extreme_bpm170,170.0,sim_tau
39,14.630287170410156,14.630287170410156,0.0,18.456222534179688,True,0.5,0.25,2,gmd_04_extreme_bpm170,170.0,sim_tau
40,14.89029312133789,14.895293235778809,5.000114440917969,14.28760814666748,True,0.5,0.25,2,gmd_04_extreme_bpm170,170.0,sim_tau
41,15.150299072265623,15.150299072265623,0.0,17.399015426635742,True,0.5,0.25,2,gmd_04_extreme_bpm170,170.0,sim_tau
42,15.350303649902344,15.36030387878418,10.000228881835938,13.913028717041016,True,0.5,0.25,2,gmd_04_extreme_bpm170,170.0,sim_tau
43,15.85031509399414,15.85031509399414,0.0,14.503549575805664,True,0.5,0.25,2,gmd_04_extreme_bpm170,170.0,sim_tau
0,1.509998798370361,1.4999988079071045,-9.999990463256614,50.5817756652832,True,0.5,0.5,2,double_160bpm,160.0,sim_tau
1,1.6099987030029297,1.6099987030029297,0.0,20.024398803710938,True,0.5,0.5,2,double_160bpm,160.0,sim_tau
2,1.889998435974121,1.889998435974121,0.0,37.22023010253906,True,0.5,0.5,2,double_160bpm,160.0,sim_tau
3,1.969998359680176,1.974998354911804,4.999995231627974,10.91952133178711,True,0.5,0.5,2,double_160bpm,160.0,sim_tau
4,2.2500040531158447,2.2450039386749268,-5.000114440917969,52.54454040527344,True,0.5,0.5,2,double_160bpm,160.0,sim_tau
5,2.350006341934204,2.355006456375122,5.000114440917969,17.47881317138672,True,0.5,0.5,2,double_160bpm,160.0,sim_tau
6,2.6300127506256104,2.6300127506256104,0.0,183.35557556152344,True,0.5,0.5,2,double_160bpm,160.0,sim_tau
7,2.7300150394439697,2.735015153884888,5.000114440918413,18.21436309814453,True,0.5,0.5,2,double_160bpm,160.0,sim_tau
8,3.010021448135376,3.005021333694458,-5.000114440917969,40.03434371948242,True,0.5,0.5,2,double_160bpm,160.0,sim_tau
9,3.110023736953736,3.110023736953736,0.0,25.45672416687012,True,0.5,0.5,2,double_160bpm,160.0,sim_tau
10,3.3900301456451416,3.410030603408813,20.00045776367143,11.418008804321287,True,0.5,0.5,2,double_160bpm,160.0,sim_tau
11,3.470031976699829,3.465031862258911,-5.000114440917969,15.892847061157228,True,0.5,0.5,2,double_160bpm,160.0,sim_tau
12,3.7700388431549072,3.745038270950317,-25.000572204590288,47.59392166137695,True,0.5,0.5,2,double_160bpm,160.0,sim_tau
13,3.8500406742095943,3.8450405597686768,-5.000114440917525,14.695802688598633,True,0.5,0.5,2,double_160bpm,160.0,sim_tau
14,4.130046844482422,4.125046730041504,-5.000114440917969,54.906959533691406,True,0.5,0.5,2,double_160bpm,160.0,sim_tau
15,4.230049133300781,4.235049247741699,5.000114440917969,15.777761459350586,True,0.5,0.5,2,double_160bpm,160.0,sim_tau
16,4.510055541992188,4.5050554275512695,-5.000114440918857,14223.9638671875,True,0.5,0.5,2,double_160bpm,160.0,sim_tau
17,4.610057830810547,4.605057716369629,-5.000114440917969,11.631516456604004,True,0.5,0.5,2,double_160bpm,160.0,sim_tau
18,4.890064239501953,4.890064239501953,0.0,17.00845718383789,True,0.5,0.5,2,double_160bpm,160.0,sim_tau
19,4.970066070556641,4.980066299438477,10.000228881835938,8.64755916595459,True,0.5,0.5,2,double_160bpm,160.0,sim_tau
20,5.250072479248047,5.245072364807129,-5.000114440917969,52.6785888671875,True,0.5,0.5,2,double_160bpm,160.0,sim_tau
21,5.350074768066406,5.350074768066406,0.0,19.919601440429688,True,0.5,0.5,2,double_160bpm,160.0,sim_tau
22,5.6300811767578125,5.600080490112305,-30.000686645507812,20.175411224365234,False,0.5,0.5,2,double_160bpm,160.0,sim_tau
23,5.730083465576172,5.730083465576172,0.0,13.576752662658691,True,0.5,0.5,2,double_160bpm,160.0,sim_tau
24,1.509998798370361,1.4999988079071045,-9.999990463256614,48.25835037231445,True,0.5,0.5,2,double_160bpm,160.0,sim_tau
25,1.6099987030029297,1.624998688697815,14.999985694885254,11.758846282958984,True,0.5,0.5,2,double_160bpm,160.0,sim_tau
26,1.889998435974121,1.884998440742493,-4.999995231628196,18.287044525146484,True,0.5,0.5,2,double_160bpm,160.0,sim_tau
27,1.969998359680176,1.9799983501434328,9.999990463256836,10.113070487976074,True,0.5,0.5,2,double_160bpm,160.0,sim_tau
28,2.2500040531158447,2.2450039386749268,-5.000114440917969,38.110782623291016,True,0.5,0.5,2,double_160bpm,160.0,sim_tau
29,2.350006341934204,2.355006456375122,5.000114440917969,33.55003356933594,True,0.5,0.5,2,double_160bpm,160.0,sim_tau
30,2.6300127506256104,2.6150124073028564,-15.000343322753906,23.986064910888672,True,0.5,0.5,2,double_160bpm,160.0,sim_tau
31,2.7300150394439697,2.7400152683258057,10.000228881835938,14.377306938171388,True,0.5,0.5,2,double_160bpm,160.0,sim_tau
32,3.010021448135376,3.020021677017212,10.000228881835938,56.43737030029297,True,0.5,0.5,2,double_160bpm,160.0,sim_tau
33,3.110023736953736,3.110023736953736,0.0,33.54083251953125,True,0.5,0.5,2,double_160bpm,160.0,sim_tau
34,3.3900301456451416,3.410030603408813,20.00045776367143,9.788850784301758,True,0.5,0.5,2,double_160bpm,160.0,sim_tau
35,3.470031976699829,3.455031633377075,-15.000343322753906,33.10981750488281,True,0.5,0.5,2,double_160bpm,160.0,sim_tau
36,3.7700388431549072,3.745038270950317,-25.000572204590288,32.648223876953125,True,0.5,0.5,2,double_160bpm,160.0,sim_tau
37,3.8500406742095943,3.860040903091431,10.000228881836826,8.702771186828613,True,0.5,0.5,2,double_160bpm,160.0,sim_tau
38,4.130046844482422,4.125046730041504,-5.000114440917969,37.543975830078125,True,0.5,0.5,2,double_160bpm,160.0,sim_tau
39,4.230049133300781,4.220048904418945,-10.000228881835938,11.792991638183594,True,0.5,0.5,2,double_160bpm,160.0,sim_tau
40,4.510055541992188,4.525055885314941,15.000343322753018,12.087114334106444,True,0.5,0.5,2,double_160bpm,160.0,sim_tau
41,4.610057830810547,4.620058059692383,10.000228881835938,13.123893737792969,True,0.5,0.5,2,double_160bpm,160.0,sim_tau
42,4.890064239501953,4.885064125061035,-5.000114440917969,9.508440971374512,True,0.5,0.5,2,double_160bpm,160.0,sim_tau
43,4.970066070556641,4.950065612792969,-20.000457763671875,14.459941864013672,True,0.5,0.5,2,double_160bpm,160.0,sim_tau
44,5.250072479248047,5.245072364807129,-5.000114440917969,35.25804901123047,True,0.5,0.5,2,double_160bpm,160.0,sim_tau
45,5.350074768066406,5.355074882507324,5.000114440917969,17.770206451416016,True,0.5,0.5,2,double_160bpm,160.0,sim_tau
46,5.6300811767578125,5.595080375671387,-35.00080108642578,19.100078582763672,False,0.5,0.5,2,double_160bpm,160.0,sim_tau
47,5.730083465576172,5.715083122253418,-15.000343322753906,6.273709774017334,True,0.5,0.5,2,double_160bpm,160.0,sim_tau
48,1.509998798370361,1.5199987888336182,9.999990463257058,11.836004257202148,True,0.5,0.5,2,double_160bpm,160.0,sim_tau
49,1.6099987030029297,1.6349986791610718,24.99997615814209,12.08286476135254,True,0.5,0.5,2,double_160bpm,160.0,sim_tau
50,1.889998435974121,1.8549984693527224,-34.999966621398706,19.14903450012207,False,0.5,0.5,2,double_160bpm,160.0,sim_tau
51,1.969998359680176,1.949998378753662,-19.999980926513892,21.38464736938477,True,0.5,0.5,2,double_160bpm,160.0,sim_tau
52,2.2500040531158447,2.235003709793091,-15.000343322753906,22.927669525146484,True,0.5,0.5,2,double_160bpm,160.0,sim_tau
53,2.350006341934204,2.3150055408477783,-35.00080108642578,14.354985237121582,False,0.5,0.5,2,double_160bpm,160.0,sim_tau
54,2.6300127506256104,2.6150124073028564,-15.000343322753906,25.08596992492676,True,0.5,0.5,2,double_160bpm,160.0,sim_tau
55,2.7300150394439697,2.7400152683258057,10.000228881835938,16.349987030029297,True,0.5,0.5,2,double_160bpm,160.0,sim_tau
56,3.010021448135376,2.995021104812622,-15.000343322753906,23.03368759155273,True,0.5,0.5,2,double_160bpm,160.0,sim_tau
57,3.110023736953736,3.1050236225128174,-5.000114440918413,15.925212860107422,True,0.5,0.5,2,double_160bpm,160.0,sim_tau
58,3.3900301456451416,3.4250309467315674,35.00080108642578,11.43096923828125,False,0.5,0.5,2,double_160bpm,160.0,sim_tau
59,3.470031976699829,3.485032320022583,15.000343322753906,3.453445672988892,True,0.5,0.5,2,double_160bpm,160.0,sim_tau
60,3.7700388431549072,3.7400381565094,-30.00068664550737,20.31037139892578,False,0.5,0.5,2,double_160bpm,160.0,sim_tau
61,3.8500406742095943,3.830040216445923,-20.00045776367143,10.365459442138672,True,0.5,0.5,2,double_160bpm,160.0,sim_tau
62,4.130046844482422,4.13504695892334,5.000114440917969,58.67533874511719,True,0.5,0.5,2,double_160bpm,160.0,sim_tau
63,4.230049133300781,4.220048904418945,-10.000228881835938,19.26759147644043,True,0.5,0.5,2,double_160bpm,160.0,sim_tau
64,4.510055541992188,4.495055198669434,-15.000343322754794,22.52623748779297,True,0.5,0.5,2,double_160bpm,160.0,sim_tau
65,4.610057830810547,4.600057601928711,-10.000228881835938,15.227574348449709,True,0.5,0.5,2,double_160bpm,160.0,sim_tau
66,4.890064239501953,4.855063438415527,-35.00080108642578,18.665992736816406,False,0.5,0.5,2,double_160bpm,160.0,sim_tau
67,4.970066070556641,4.995066642761231,25.000572204590732,1.6022534370422363,True,0.5,0.5,2,double_160bpm,160.0,sim_tau
68,5.250072479248047,5.235072135925293,-15.000343322753906,23.154211044311523,True,0.5,0.5,2,double_160bpm,160.0,sim_tau
69,5.350074768066406,5.310073852539063,-40.00091552734286,15.016433715820312,False,0.5,0.5,2,double_160bpm,160.0,sim_tau
70,5.6300811767578125,5.595080375671387,-35.00080108642578,18.92002487182617,False,0.5,0.5,2,double_160bpm,160.0,sim_tau
71,5.730083465576172,5.715083122253418,-15.000343322753906,11.063218116760254,True,0.5,0.5,2,double_160bpm,160.0,sim_tau
0,0.4299997389316559,0.4349997341632843,4.999995231628418,18.542991638183597,True,0.5,0.5,2,gmd_03_high_bpm138,138.0,sim_tau
1,0.749999463558197,0.7649994492530823,14.999985694885254,2.461355686187744,True,0.5,0.5,2,gmd_03_high_bpm138,138.0,sim_tau
2,0.9699992537498474,0.9699992537498474,0.0,17.600685119628906,True,0.5,0.5,2,gmd_03_high_bpm138,138.0,sim_tau
3,1.6299986839294434,1.589998722076416,-39.999961853027344,19.48719787597656,False,0.5,0.5,2,gmd_03_high_bpm138,138.0,sim_tau
4,2.170002222061157,2.170002222061157,0.0,17.992807388305664,True,0.5,0.5,2,gmd_03_high_bpm138,138.0,sim_tau
5,2.510010004043579,2.540010690689087,30.000686645507812,1.240079641342163,False,0.5,0.5,2,gmd_03_high_bpm138,138.0,sim_tau
6,2.710014581680298,2.690014123916626,-20.000457763671875,26.0299072265625,True,0.5,0.5,2,gmd_03_high_bpm138,138.0,sim_tau
7,3.030021905899048,3.020021677017212,-10.000228881835938,23.406156539916992,True,0.5,0.5,2,gmd_03_high_bpm138,138.0,sim_tau
8,3.3700296878814697,3.34502911567688,-25.000572204589844,37.52579879760742,True,0.5,0.5,2,gmd_03_high_bpm138,138.0,sim_tau
9,3.490032434463501,3.495032548904419,5.000114440917969,14.098081588745115,True,0.5,0.5,2,gmd_03_high_bpm138,138.0,sim_tau
10,4.230049133300781,4.245049476623535,15.000343322753906,68.57246398925781,True,0.5,0.5,2,gmd_03_high_bpm138,138.0,sim_tau
11,4.450054168701172,,,0.0,False,0.5,0.5,2,gmd_03_high_bpm138,138.0,sim_tau
12,4.9900665283203125,4.980066299438477,-10.000228881835938,28.29964256286621,True,0.5,0.5,2,gmd_03_high_bpm138,138.0,sim_tau
13,5.290073394775391,5.255072593688965,-35.00080108642578,14.125920295715332,False,0.5,0.5,2,gmd_03_high_bpm138,138.0,sim_tau
14,5.6300811767578125,5.615080833435059,-15.000343322753906,318.0401916503906,True,0.5,0.5,2,gmd_03_high_bpm138,138.0,sim_tau
15,5.930088043212891,5.935088157653809,5.000114440917969,13.554462432861328,True,0.5,0.5,2,gmd_03_high_bpm138,138.0,sim_tau
16,6.170093536376953,6.180093765258789,10.000228881835938,13.791553497314451,True,0.5,0.5,2,gmd_03_high_bpm138,138.0,sim_tau
17,6.710105895996094,6.700105667114258,-10.000228881835938,35.030982971191406,True,0.5,0.5,2,gmd_03_high_bpm138,138.0,sim_tau
18,7.010112762451172,6.985112190246582,-25.000572204589844,15.998250961303713,True,0.5,0.5,2,gmd_03_high_bpm138,138.0,sim_tau
19,7.370121002197266,7.33512020111084,-35.00080108642578,1123.04052734375,False,0.5,0.5,2,gmd_03_high_bpm138,138.0,sim_tau
20,7.710128784179687,7.720129013061523,10.000228881836826,11.778095245361328,True,0.5,0.5,2,gmd_03_high_bpm138,138.0,sim_tau
21,7.95013427734375,7.960134506225586,10.000228881835938,26.52826690673828,True,0.5,0.5,2,gmd_03_high_bpm138,138.0,sim_tau
22,8.230140686035156,8.215140342712402,-15.000343322753906,11.622428894042969,True,0.5,0.5,2,gmd_03_high_bpm138,138.0,sim_tau
23,8.570148468017578,8.550148010253906,-20.000457763671875,47.80501556396485,True,0.5,0.5,2,gmd_03_high_bpm138,138.0,sim_tau
24,8.670150756835938,8.680150985717773,10.000228881835938,12.546398162841797,True,0.5,0.5,2,gmd_03_high_bpm138,138.0,sim_tau
25,9.13016128540039,9.140161514282228,10.000228881837714,13.715713500976562,True,0.5,0.5,2,gmd_03_high_bpm138,138.0,sim_tau
26,9.45016860961914,9.445168495178224,-5.000114440916192,11.57409954071045,True,0.5,0.5,2,gmd_03_high_bpm138,138.0,sim_tau
27,9.690174102783203,9.680173873901367,-10.000228881835938,13.751463890075684,True,0.5,0.5,2,gmd_03_high_bpm138,138.0,sim_tau
28,10.010181427001951,10.015181541442873,5.0001144409215215,17.368255615234375,True,0.5,0.5,2,gmd_03_high_bpm138,138.0,sim_tau
29,10.330188751220703,10.325188636779783,-5.000114440919745,20.587371826171875,True,0.5,0.5,2,gmd_03_high_bpm138,138.0,sim_tau
30,10.890201568603516,10.845200538635254,-45.00102996826172,10.566038131713867,False,0.5,0.5,2,gmd_03_high_bpm138,138.0,sim_tau
31,11.210208892822266,11.20020866394043,-10.000228881835938,40.52088928222656,True,0.5,0.5,2,gmd_03_high_bpm138,138.0,sim_tau
32,11.430213928222656,11.430213928222656,0.0,14.059045791625977,True,0.5,0.5,2,gmd_03_high_bpm138,138.0,sim_tau
33,11.970226287841797,11.96022605895996,-10.000228881837714,27.90678977966309,True,0.5,0.5,2,gmd_03_high_bpm138,138.0,sim_tau
34,12.270233154296877,12.275233268737791,5.000114440914416,16.73310089111328,True,0.5,0.5,2,gmd_03_high_bpm138,138.0,sim_tau
35,12.610240936279297,12.60524082183838,-5.000114440916192,12.979930877685549,True,0.5,0.5,2,gmd_03_high_bpm138,138.0,sim_tau
36,12.910247802734377,12.915247917175291,5.000114440914416,15.779327392578123,True,0.5,0.5,2,gmd_03_high_bpm138,138.0,sim_tau
37,13.670265197753906,13.68526554107666,15.000343322753906,24.054616928100582,True,0.5,0.5,2,gmd_03_high_bpm138,138.0,sim_tau
38,13.950271606445312,13.940271377563477,-10.000228881835938,16.781930923461914,True,0.5,0.5,2,gmd_03_high_bpm138,138.0,sim_tau
39,14.330280303955078,14.340280532836914,10.000228881835938,15.545129776000977,True,0.5,0.5,2,gmd_03_high_bpm138,138.0,sim_tau
40,14.650287628173828,14.655287742614746,5.000114440917969,14.306977272033691,True,0.5,0.5,2,gmd_03_high_bpm138,138.0,sim_tau
41,14.89029312133789,14.89029312133789,0.0,16.134071350097656,True,0.5,0.5,2,gmd_03_high_bpm138,138.0,sim_tau
42,15.21030044555664,15.21530055999756,5.000114440919745,11.767322540283203,True,0.5,0.5,2,gmd_03_high_bpm138,138.0,sim_tau
43,15.53030776977539,15.540307998657228,10.000228881837714,9.535333633422852,True,0.5,0.5,2,gmd_03_high_bpm138,138.0,sim_tau
44,15.610309600830078,15.595309257507324,-15.000343322753906,21.97645378112793,True,0.5,0.5,2,gmd_03_high_bpm138,138.0,sim_tau
0,1.349998950958252,1.349998950958252,0.0,18.39523124694824,True,0.5,0.5,2,gmd_04_extreme_bpm170,170.0,sim_tau
1,1.7499985694885254,1.7499985694885254,0.0,16.625526428222656,True,0.5,0.5,2,gmd_04_extreme_bpm170,170.0,sim_tau
2,2.3100054264068604,2.3200056552886963,10.000228881835938,19.80079841613769,True,0.5,0.5,2,gmd_04_extreme_bpm170,170.0,sim_tau
3,2.7300150394439697,2.735015153884888,5.000114440918413,14.538737297058104,True,0.5,0.5,2,gmd_04_extreme_bpm170,170.0,sim_tau
4,3.190025568008423,3.195025682449341,5.000114440917969,12.797048568725586,True,0.5,0.5,2,gmd_04_extreme_bpm170,170.0,sim_tau
5,3.730037927627564,3.7050373554229736,-25.000572204590288,9.694680213928224,True,0.5,0.5,2,gmd_04_extreme_bpm170,170.0,sim_tau
6,4.11004638671875,4.11004638671875,0.0,17.3243350982666,True,0.5,0.5,2,gmd_04_extreme_bpm170,170.0,sim_tau
7,4.610057830810547,4.610057830810547,0.0,19.758907318115234,True,0.5,0.5,2,gmd_04_extreme_bpm170,170.0,sim_tau
8,4.870063781738281,4.870063781738281,0.0,41.77205276489258,True,0.5,0.5,2,gmd_04_extreme_bpm170,170.0,sim_tau
9,5.130069732666016,5.125069618225098,-5.000114440917969,13.200632095336914,True,0.5,0.5,2,gmd_04_extreme_bpm170,170.0,sim_tau
10,5.990089416503906,5.985089302062988,-5.000114440917969,20.730884552001957,True,0.5,0.5,2,gmd_04_extreme_bpm170,170.0,sim_tau
11,6.35009765625,6.345097541809082,-5.000114440917969,12.335578918457031,True,0.5,0.5,2,gmd_04_extreme_bpm170,170.0,sim_tau
12,6.530101776123047,6.530101776123047,0.0,13.130141258239746,True,0.5,0.5,2,gmd_04_extreme_bpm170,170.0,sim_tau
13,6.710105895996094,6.705105781555176,-5.000114440917969,12.508034706115724,True,0.5,0.5,2,gmd_04_extreme_bpm170,170.0,sim_tau
14,6.950111389160156,6.945111274719238,-5.000114440917969,12.0638427734375,True,0.5,0.5,2,gmd_04_extreme_bpm170,170.0,sim_tau
15,7.410121917724609,7.410121917724609,0.0,14.98047924041748,True,0.5,0.5,2,gmd_04_extreme_bpm170,170.0,sim_tau
16,7.750129699707031,7.750129699707031,0.0,17.911069869995117,True,0.5,0.5,2,gmd_04_extreme_bpm170,170.0,sim_tau
17,8.010135650634766,8.070137023925781,60.001373291015625,11.527761459350586,False,0.5,0.5,2,gmd_04_extreme_bpm170,170.0,sim_tau
18,8.090137481689453,8.100137710571289,10.000228881835938,19.48759078979492,True,0.5,0.5,2,gmd_04_extreme_bpm170,170.0,sim_tau
19,8.530147552490234,8.525147438049316,-5.000114440917969,13.239370346069336,True,0.5,0.5,2,gmd_04_extreme_bpm170,170.0,sim_tau
20,8.970157623291016,8.990158081054688,20.000457763671875,13.060526847839355,True,0.5,0.5,2,gmd_04_extreme_bpm170,170.0,sim_tau
21,9.23016357421875,9.240163803100586,10.000228881835938,14.314300537109377,True,0.5,0.5,2,gmd_04_extreme_bpm170,170.0,sim_tau
22,9.490169525146484,9.490169525146484,0.0,15.633405685424805,True,0.5,0.5,2,gmd_04_extreme_bpm170,170.0,sim_tau
23,9.690174102783203,9.690174102783203,0.0,15.56788444519043,True,0.5,0.5,2,gmd_04_extreme_bpm170,170.0,sim_tau
24,10.230186462402344,10.230186462402344,0.0,22.410058975219727,True,0.5,0.5,2,gmd_04_extreme_bpm170,170.0,sim_tau
25,10.570194244384766,,,0.0,False,0.5,0.5,2,gmd_04_extreme_bpm170,170.0,sim_tau
26,10.8302001953125,10.8302001953125,0.0,148.139892578125,True,0.5,0.5,2,gmd_04_extreme_bpm170,170.0,sim_tau
27,10.93020248413086,10.93020248413086,0.0,30.91050338745117,True,0.5,0.5,2,gmd_04_extreme_bpm170,170.0,sim_tau
28,11.390213012695312,11.390213012695312,0.0,22.991355895996094,True,0.5,0.5,2,gmd_04_extreme_bpm170,170.0,sim_tau
29,11.850223541259766,11.860223770141602,10.000228881835938,10.772689819335938,True,0.5,0.5,2,gmd_04_extreme_bpm170,170.0,sim_tau
30,12.090229034423828,12.090229034423828,0.0,39.48011016845703,True,0.5,0.5,2,gmd_04_extreme_bpm170,170.0,sim_tau
31,12.350234985351562,12.375235557556152,25.000572204589844,2.8467092514038086,True,0.5,0.5,2,gmd_04_extreme_bpm170,170.0,sim_tau
32,12.55023956298828,12.560239791870115,10.000228881835938,10.223670959472656,True,0.5,0.5,2,gmd_04_extreme_bpm170,170.0,sim_tau
33,12.65024185180664,12.65024185180664,0.0,11.632152557373049,True,0.5,0.5,2,gmd_04_extreme_bpm170,170.0,sim_tau
34,13.07025146484375,13.075251579284668,5.000114440917969,14.506702423095703,True,0.5,0.5,2,gmd_04_extreme_bpm170,170.0,sim_tau
35,13.3902587890625,13.380258560180664,-10.000228881835938,20.122732162475582,True,0.5,0.5,2,gmd_04_extreme_bpm170,170.0,sim_tau
36,13.670265197753906,13.645264625549316,-25.000572204589844,14.36240577697754,True,0.5,0.5,2,gmd_04_extreme_bpm170,170.0,sim_tau
37,13.770267486572266,13.795268058776855,25.000572204589844,13.15822410583496,True,0.5,0.5,2,gmd_04_extreme_bpm170,170.0,sim_tau
38,14.210277557373049,14.210277557373049,0.0,19.340940475463867,True,0.5,0.5,2,gmd_04_extreme_bpm170,170.0,sim_tau
39,14.630287170410156,14.630287170410156,0.0,19.255069732666016,True,0.5,0.5,2,gmd_04_extreme_bpm170,170.0,sim_tau
40,14.89029312133789,14.89029312133789,0.0,31.851261138916016,True,0.5,0.5,2,gmd_04_extreme_bpm170,170.0,sim_tau
41,15.150299072265623,15.145298957824709,-5.000114440914416,13.06203842163086,True,0.5,0.5,2,gmd_04_extreme_bpm170,170.0,sim_tau
42,15.350303649902344,15.325303077697754,-25.000572204589844,12.04848861694336,True,0.5,0.5,2,gmd_04_extreme_bpm170,170.0,sim_tau
43,15.85031509399414,,,0.0,False,0.5,0.5,2,gmd_04_extreme_bpm170,170.0,sim_tau
0,1.509998798370361,1.509998798370361,0.0,7.87576961517334,True,1.0,0.25,2,double_160bpm,160.0,sim_tau
1,1.6099987030029297,1.614998698234558,4.999995231628418,25.33725929260254,True,1.0,0.25,2,double_160bpm,160.0,sim_tau
2,1.889998435974121,1.889998435974121,0.0,39.828800201416016,True,1.0,0.25,2,double_160bpm,160.0,sim_tau
3,1.969998359680176,1.974998354911804,4.999995231627974,76.56893920898438,True,1.0,0.25,2,double_160bpm,160.0,sim_tau
4,2.2500040531158447,2.2550041675567627,5.000114440917969,5.170777320861816,True,1.0,0.25,2,double_160bpm,160.0,sim_tau
5,2.350006341934204,2.345006227493286,-5.000114440917969,13.46872615814209,True,1.0,0.25,2,double_160bpm,160.0,sim_tau
6,2.6300127506256104,2.6350128650665283,5.000114440917969,34.6585807800293,True,1.0,0.25,2,double_160bpm,160.0,sim_tau
7,2.7300150394439697,2.720014810562134,-10.000228881835938,18.14537048339844,True,1.0,0.25,2,double_160bpm,160.0,sim_tau
8,3.010021448135376,3.015021562576294,5.000114440917969,36.45280456542969,True,1.0,0.25,2,double_160bpm,160.0,sim_tau
9,3.110023736953736,3.110023736953736,0.0,22.133560180664062,True,1.0,0.25,2,double_160bpm,160.0,sim_tau
10,3.3900301456451416,3.385030031204224,-5.000114440917525,30.08362579345703,True,1.0,0.25,2,double_160bpm,160.0,sim_tau
11,3.470031976699829,3.470031976699829,0.0,23.70711898803711,True,1.0,0.25,2,double_160bpm,160.0,sim_tau
12,3.7700388431549072,3.7700388431549072,0.0,12.667789459228516,True,1.0,0.25,2,double_160bpm,160.0,sim_tau
13,3.8500406742095943,3.840040445327759,-10.000228881835493,26.835235595703125,True,1.0,0.25,2,double_160bpm,160.0,sim_tau
14,4.130046844482422,4.13504695892334,5.000114440917969,6705.728515625,True,1.0,0.25,2,double_160bpm,160.0,sim_tau
15,4.230049133300781,4.235049247741699,5.000114440917969,2.178639888763428,True,1.0,0.25,2,double_160bpm,160.0,sim_tau
16,4.510055541992188,4.510055541992188,0.0,27.153564453125,True,1.0,0.25,2,double_160bpm,160.0,sim_tau
17,4.610057830810547,4.615057945251465,5.000114440917969,2.916447162628174,True,1.0,0.25,2,double_160bpm,160.0,sim_tau
18,4.890064239501953,4.885064125061035,-5.000114440917969,30.014310836791992,True,1.0,0.25,2,double_160bpm,160.0,sim_tau
19,4.970066070556641,4.980066299438477,10.000228881835938,55.34637451171875,True,1.0,0.25,2,double_160bpm,160.0,sim_tau
20,5.250072479248047,5.265072822570801,15.000343322753906,7.47865104675293,True,1.0,0.25,2,double_160bpm,160.0,sim_tau
21,5.350074768066406,5.34007453918457,-10.000228881835938,17.187469482421875,True,1.0,0.25,2,double_160bpm,160.0,sim_tau
22,5.6300811767578125,5.640081405639648,10.000228881835938,1.3677122592926023,True,1.0,0.25,2,double_160bpm,160.0,sim_tau
23,5.730083465576172,5.730083465576172,0.0,23.68102264404297,True,1.0,0.25,2,double_160bpm,160.0,sim_tau
24,1.509998798370361,1.504998803138733,-4.999995231628196,6.553941249847412,True,1.0,0.25,2,double_160bpm,160.0,sim_tau
25,1.6099987030029297,1.614998698234558,4.999995231628418,25.354516983032227,True,1.0,0.25,2,double_160bpm,160.0,sim_tau
26,1.889998435974121,1.889998435974121,0.0,39.60112762451172,True,1.0,0.25,2,double_160bpm,160.0,sim_tau
27,1.969998359680176,1.974998354911804,4.999995231627974,76.79971313476562,True,1.0,0.25,2,double_160bpm,160.0,sim_tau
28,2.2500040531158447,2.2550041675567627,5.000114440917969,5.169914245605469,True,1.0,0.25,2,double_160bpm,160.0,sim_tau
29,2.350006341934204,2.355006456375122,5.000114440917969,8.215068817138672,True,1.0,0.25,2,double_160bpm,160.0,sim_tau
30,2.6300127506256104,2.6450130939483643,15.000343322753906,1.3524028062820437,True,1.0,0.25,2,double_160bpm,160.0,sim_tau
31,2.7300150394439697,2.7400152683258057,10.000228881835938,128.6278076171875,True,1.0,0.25,2,double_160bpm,160.0,sim_tau
32,3.010021448135376,3.015021562576294,5.000114440917969,5.487115859985352,True,1.0,0.25,2,double_160bpm,160.0,sim_tau
33,3.110023736953736,3.1200239658355717,10.000228881835938,6.171192169189453,True,1.0,0.25,2,double_160bpm,160.0,sim_tau
34,3.3900301456451416,3.360029458999634,-30.000686645507812,37.625938415527344,False,1.0,0.25,2,double_160bpm,160.0,sim_tau
35,3.470031976699829,3.480032205581665,10.000228881835938,9.971842765808104,True,1.0,0.25,2,double_160bpm,160.0,sim_tau
36,3.7700388431549072,3.765038728713989,-5.000114440918413,22.91387367248535,True,1.0,0.25,2,double_160bpm,160.0,sim_tau
37,3.8500406742095943,3.860040903091431,10.000228881836826,2.8809595108032227,True,1.0,0.25,2,double_160bpm,160.0,sim_tau
38,4.130046844482422,4.140047073364258,10.000228881835938,8.529197692871094,True,1.0,0.25,2,double_160bpm,160.0,sim_tau
39,4.230049133300781,4.195048332214356,-35.00080108642489,30.77201271057129,False,1.0,0.25,2,double_160bpm,160.0,sim_tau
40,4.510055541992188,4.5150556564331055,5.000114440917081,10.927281379699709,True,1.0,0.25,2,double_160bpm,160.0,sim_tau
41,4.610057830810547,4.605057716369629,-5.000114440917969,7.211756229400635,True,1.0,0.25,2,double_160bpm,160.0,sim_tau
42,4.890064239501953,4.885064125061035,-5.000114440917969,30.066267013549805,True,1.0,0.25,2,double_160bpm,160.0,sim_tau
43,4.970066070556641,4.9850664138793945,15.000343322753906,42.98841857910156,True,1.0,0.25,2,double_160bpm,160.0,sim_tau
44,5.250072479248047,5.265072822570801,15.000343322753906,8.058692932128906,True,1.0,0.25,2,double_160bpm,160.0,sim_tau
45,5.350074768066406,5.360074996948242,10.000228881835938,42.00673675537109,True,1.0,0.25,2,double_160bpm,160.0,sim_tau
46,5.6300811767578125,5.645081520080566,15.000343322753906,1.5082237720489502,True,1.0,0.25,2,double_160bpm,160.0,sim_tau
47,5.730083465576172,5.730083465576172,0.0,23.167877197265625,True,1.0,0.25,2,double_160bpm,160.0,sim_tau
48,1.509998798370361,1.5199987888336182,9.999990463257058,11.267672538757324,True,1.0,0.25,2,double_160bpm,160.0,sim_tau
49,1.6099987030029297,1.6199986934661863,9.999990463256614,1.5850698947906494,True,1.0,0.25,2,double_160bpm,160.0,sim_tau
50,1.889998435974121,1.889998435974121,0.0,39.595306396484375,True,1.0,0.25,2,double_160bpm,160.0,sim_tau
51,1.969998359680176,1.9799983501434328,9.999990463256836,42.33966827392578,True,1.0,0.25,2,double_160bpm,160.0,sim_tau
52,2.2500040531158447,2.2600042819976807,10.000228881835938,181.8597717285156,True,1.0,0.25,2,double_160bpm,160.0,sim_tau
53,2.350006341934204,2.370006799697876,20.000457763671875,13.389274597167969,True,1.0,0.25,2,double_160bpm,160.0,sim_tau
54,2.6300127506256104,2.6000120639801025,-30.000686645507812,36.44351959228516,False,1.0,0.25,2,double_160bpm,160.0,sim_tau
55,2.7300150394439697,2.745015382766724,15.00034332275435,42.28011322021485,True,1.0,0.25,2,double_160bpm,160.0,sim_tau
56,3.010021448135376,3.015021562576294,5.000114440917969,117.35845184326172,True,1.0,0.25,2,double_160bpm,160.0,sim_tau
57,3.110023736953736,3.0800230503082275,-30.000686645508257,10.815354347229004,False,1.0,0.25,2,double_160bpm,160.0,sim_tau
58,3.3900301456451416,3.360029458999634,-30.000686645507812,38.09635543823242,False,1.0,0.25,2,double_160bpm,160.0,sim_tau
59,3.470031976699829,3.480032205581665,10.000228881835938,2.0690321922302246,True,1.0,0.25,2,double_160bpm,160.0,sim_tau
60,3.7700388431549072,3.765038728713989,-5.000114440918413,23.113990783691406,True,1.0,0.25,2,double_160bpm,160.0,sim_tau
61,3.8500406742095943,3.860040903091431,10.000228881836826,1.9905526638031008,True,1.0,0.25,2,double_160bpm,160.0,sim_tau
62,4.130046844482422,4.140047073364258,10.000228881835938,8.56540298461914,True,1.0,0.25,2,double_160bpm,160.0,sim_tau
63,4.230049133300781,4.1900482177734375,-40.00091552734375,12.564831733703612,False,1.0,0.25,2,double_160bpm,160.0,sim_tau
64,4.510055541992188,4.5150556564331055,5.000114440917081,10.91156005859375,True,1.0,0.25,2,double_160bpm,160.0,sim_tau
65,4.610057830810547,4.600057601928711,-10.000228881835938,7.050555229187012,True,1.0,0.25,2,double_160bpm,160.0,sim_tau
66,4.890064239501953,4.900064468383789,10.000228881835938,1.386211395263672,True,1.0,0.25,2,double_160bpm,160.0,sim_tau
67,4.970066070556641,4.9850664138793945,15.000343322753906,10.555612564086914,True,1.0,0.25,2,double_160bpm,160.0,sim_tau
68,5.250072479248047,5.210071563720703,-40.00091552734375,19.465164184570312,False,1.0,0.25,2,double_160bpm,160.0,sim_tau
69,5.350074768066406,5.36507511138916,15.000343322753906,1.799954891204834,True,1.0,0.25,2,double_160bpm,160.0,sim_tau
70,5.6300811767578125,5.645081520080566,15.000343322753906,1.0633434057235718,True,1.0,0.25,2,double_160bpm,160.0,sim_tau
71,5.730083465576172,5.740083694458008,10.000228881835938,941.0897827148438,True,1.0,0.25,2,double_160bpm,160.0,sim_tau
0,0.4299997389316559,,,0.0,False,1.0,0.25,2,gmd_03_high_bpm138,138.0,sim_tau
1,0.749999463558197,0.7449994683265686,-4.999995231628418,4.010958194732666,True,1.0,0.25,2,gmd_03_high_bpm138,138.0,sim_tau
2,0.9699992537498474,,,0.0,False,1.0,0.25,2,gmd_03_high_bpm138,138.0,sim_tau
3,1.6299986839294434,1.624998688697815,-4.999995231628418,32.05595016479492,True,1.0,0.25,2,gmd_03_high_bpm138,138.0,sim_tau
4,2.170002222061157,2.1650021076202397,-5.000114440917081,9.919001579284668,True,1.0,0.25,2,gmd_03_high_bpm138,138.0,sim_tau
5,2.510010004043579,2.505009889602661,-5.000114440917969,31.15083312988281,True,1.0,0.25,2,gmd_03_high_bpm138,138.0,sim_tau
6,2.710014581680298,2.70501446723938,-5.000114440917969,13.206908226013184,True,1.0,0.25,2,gmd_03_high_bpm138,138.0,sim_tau
7,3.030021905899048,3.030021905899048,0.0,5.160210609436035,True,1.0,0.25,2,gmd_03_high_bpm138,138.0,sim_tau
8,3.3700296878814697,3.340029001235962,-30.000686645507812,20.231922149658203,False,1.0,0.25,2,gmd_03_high_bpm138,138.0,sim_tau
9,3.490032434463501,3.485032320022583,-5.000114440917969,13.61615753173828,True,1.0,0.25,2,gmd_03_high_bpm138,138.0,sim_tau
10,4.230049133300781,4.215048789978027,-15.000343322753906,13576.841796875,True,1.0,0.25,2,gmd_03_high_bpm138,138.0,sim_tau
11,4.450054168701172,,,0.0,False,1.0,0.25,2,gmd_03_high_bpm138,138.0,sim_tau
12,4.9900665283203125,4.975066184997559,-15.000343322753906,2.844848394393921,True,1.0,0.25,2,gmd_03_high_bpm138,138.0,sim_tau
13,5.290073394775391,,,0.0,False,1.0,0.25,2,gmd_03_high_bpm138,138.0,sim_tau
14,5.6300811767578125,5.650081634521484,20.000457763671875,13.51900863647461,True,1.0,0.25,2,gmd_03_high_bpm138,138.0,sim_tau
15,5.930088043212891,5.930088043212891,0.0,8.188295364379883,True,1.0,0.25,2,gmd_03_high_bpm138,138.0,sim_tau
16,6.170093536376953,6.165093421936035,-5.000114440917969,17.768037796020508,True,1.0,0.25,2,gmd_03_high_bpm138,138.0,sim_tau
17,6.710105895996094,,,0.0,False,1.0,0.25,2,gmd_03_high_bpm138,138.0,sim_tau
18,7.010112762451172,,,0.0,False,1.0,0.25,2,gmd_03_high_bpm138,138.0,sim_tau
19,7.370121002197266,7.3901214599609375,20.000457763671875,18.140626907348636,True,1.0,0.25,2,gmd_03_high_bpm138,138.0,sim_tau
20,7.710128784179687,7.720129013061523,10.000228881836826,14.044649124145508,True,1.0,0.25,2,gmd_03_high_bpm138,138.0,sim_tau
21,7.95013427734375,7.920133590698242,-30.000686645507812,18.95566940307617,False,1.0,0.25,2,gmd_03_high_bpm138,138.0,sim_tau
22,8.230140686035156,8.235140800476074,5.000114440917969,17.070032119750977,True,1.0,0.25,2,gmd_03_high_bpm138,138.0,sim_tau
23,8.570148468017578,8.570148468017578,0.0,2037.4228515625,True,1.0,0.25,2,gmd_03_high_bpm138,138.0,sim_tau
24,8.670150756835938,8.685151100158691,15.000343322753906,9.255123138427734,True,1.0,0.25,2,gmd_03_high_bpm138,138.0,sim_tau
25,9.13016128540039,9.135161399841309,5.000114440917969,16.034875869750977,True,1.0,0.25,2,gmd_03_high_bpm138,138.0,sim_tau
26,9.45016860961914,9.45516872406006,5.000114440919745,15.793867111206056,True,1.0,0.25,2,gmd_03_high_bpm138,138.0,sim_tau
27,9.690174102783203,9.660173416137695,-30.000686645507812,19.035552978515625,False,1.0,0.25,2,gmd_03_high_bpm138,138.0,sim_tau
28,10.010181427001951,9.980180740356444,-30.000686645507812,26.534500122070312,False,1.0,0.25,2,gmd_03_high_bpm138,138.0,sim_tau
29,10.330188751220703,10.330188751220703,0.0,18.245227813720703,True,1.0,0.25,2,gmd_03_high_bpm138,138.0,sim_tau
30,10.890201568603516,10.890201568603516,0.0,16.536123275756836,True,1.0,0.25,2,gmd_03_high_bpm138,138.0,sim_tau
31,11.210208892822266,11.215209007263184,5.000114440917969,15.649593353271484,True,1.0,0.25,2,gmd_03_high_bpm138,138.0,sim_tau
32,11.430213928222656,11.430213928222656,0.0,11.999040603637695,True,1.0,0.25,2,gmd_03_high_bpm138,138.0,sim_tau
33,11.970226287841797,,,0.0,False,1.0,0.25,2,gmd_03_high_bpm138,138.0,sim_tau
34,12.270233154296877,12.245232582092283,-25.000572204593396,35.16509246826172,True,1.0,0.25,2,gmd_03_high_bpm138,138.0,sim_tau
35,12.610240936279297,12.610240936279297,0.0,16.24345588684082,True,1.0,0.25,2,gmd_03_high_bpm138,138.0,sim_tau
36,12.910247802734377,12.910247802734377,0.0,45.00733184814453,True,1.0,0.25,2,gmd_03_high_bpm138,138.0,sim_tau
37,13.670265197753906,,,0.0,False,1.0,0.25,2,gmd_03_high_bpm138,138.0,sim_tau
38,13.950271606445312,13.925271034240724,-25.000572204588067,40.31083679199219,True,1.0,0.25,2,gmd_03_high_bpm138,138.0,sim_tau
39,14.330280303955078,14.335280418395996,5.000114440917969,32.30764389038086,True,1.0,0.25,2,gmd_03_high_bpm138,138.0,sim_tau
40,14.650287628173828,14.640287399291992,-10.000228881835938,20.43952178955078,True,1.0,0.25,2,gmd_03_high_bpm138,138.0,sim_tau
41,14.89029312133789,,,0.0,False,1.0,0.25,2,gmd_03_high_bpm138,138.0,sim_tau
42,15.21030044555664,15.205300331115724,-5.000114440916192,9.202120780944824,True,1.0,0.25,2,gmd_03_high_bpm138,138.0,sim_tau
43,15.53030776977539,15.520307540893556,-10.000228881834161,8.676803588867188,True,1.0,0.25,2,gmd_03_high_bpm138,138.0,sim_tau
44,15.610309600830078,15.615309715270996,5.000114440917969,11.943036079406738,True,1.0,0.25,2,gmd_03_high_bpm138,138.0,sim_tau
0,1.349998950958252,,,0.0,False,1.0,0.25,2,gmd_04_extreme_bpm170,170.0,sim_tau
1,1.7499985694885254,1.7649985551834106,14.999985694885254,14.655351638793944,True,1.0,0.25,2,gmd_04_extreme_bpm170,170.0,sim_tau
2,2.3100054264068604,,,0.0,False,1.0,0.25,2,gmd_04_extreme_bpm170,170.0,sim_tau
3,2.7300150394439697,,,0.0,False,1.0,0.25,2,gmd_04_extreme_bpm170,170.0,sim_tau
4,3.190025568008423,3.165024995803833,-25.000572204589844,39.40738677978516,True,1.0,0.25,2,gmd_04_extreme_bpm170,170.0,sim_tau
5,3.730037927627564,,,0.0,False,1.0,0.25,2,gmd_04_extreme_bpm170,170.0,sim_tau
6,4.11004638671875,,,0.0,False,1.0,0.25,2,gmd_04_extreme_bpm170,170.0,sim_tau
7,4.610057830810547,4.620058059692383,10.000228881835938,12.865345001220703,True,1.0,0.25,2,gmd_04_extreme_bpm170,170.0,sim_tau
8,4.870063781738281,4.840063095092773,-30.000686645507812,114.81842041015624,False,1.0,0.25,2,gmd_04_extreme_bpm170,170.0,sim_tau
9,5.130069732666016,,,0.0,False,1.0,0.25,2,gmd_04_extreme_bpm170,170.0,sim_tau
10,5.990089416503906,5.995089530944824,5.000114440917969,15.575679779052734,True,1.0,0.25,2,gmd_04_extreme_bpm170,170.0,sim_tau
11,6.35009765625,6.330097198486328,-20.000457763671875,35.471038818359375,True,1.0,0.25,2,gmd_04_extreme_bpm170,170.0,sim_tau
12,6.530101776123047,6.545102119445801,15.000343322753906,8.510969161987305,True,1.0,0.25,2,gmd_04_extreme_bpm170,170.0,sim_tau
13,6.710105895996094,6.725106239318848,15.000343322753906,12.878484725952148,True,1.0,0.25,2,gmd_04_extreme_bpm170,170.0,sim_tau
14,6.950111389160156,,,0.0,False,1.0,0.25,2,gmd_04_extreme_bpm170,170.0,sim_tau
15,7.410121917724609,7.3851213455200195,-25.000572204589844,42.414249420166016,True,1.0,0.25,2,gmd_04_extreme_bpm170,170.0,sim_tau
16,7.750129699707031,7.765130043029785,15.000343322753906,15.15650749206543,True,1.0,0.25,2,gmd_04_extreme_bpm170,170.0,sim_tau
17,8.010135650634766,,,0.0,False,1.0,0.25,2,gmd_04_extreme_bpm170,170.0,sim_tau
18,8.090137481689453,8.080137252807617,-10.000228881835938,10.93471908569336,True,1.0,0.25,2,gmd_04_extreme_bpm170,170.0,sim_tau
19,8.530147552490234,,,0.0,False,1.0,0.25,2,gmd_04_extreme_bpm170,170.0,sim_tau
20,8.970157623291016,,,0.0,False,1.0,0.25,2,gmd_04_extreme_bpm170,170.0,sim_tau
21,9.23016357421875,9.235163688659668,5.000114440917969,13.269561767578123,True,1.0,0.25,2,gmd_04_extreme_bpm170,170.0,sim_tau
22,9.490169525146484,9.515170097351074,25.000572204589844,2007.5283203125,True,1.0,0.25,2,gmd_04_extreme_bpm170,170.0,sim_tau
23,9.690174102783203,9.685173988342283,-5.000114440919745,9.820534706115724,True,1.0,0.25,2,gmd_04_extreme_bpm170,170.0,sim_tau
24,10.230186462402344,10.225186347961426,-5.000114440917969,8.019186973571777,True,1.0,0.25,2,gmd_04_extreme_bpm170,170.0,sim_tau
25,10.570194244384766,10.575194358825684,5.000114440917969,18.85806655883789,True,1.0,0.25,2,gmd_04_extreme_bpm170,170.0,sim_tau
26,10.8302001953125,10.820199966430664,-10.000228881835938,54.81892395019531,True,1.0,0.25,2,gmd_04_extreme_bpm170,170.0,sim_tau
27,10.93020248413086,10.915202140808104,-15.000343322755683,13.491722106933594,True,1.0,0.25,2,gmd_04_extreme_bpm170,170.0,sim_tau
28,11.390213012695312,11.360212326049805,-30.000686645507812,20.0694522857666,False,1.0,0.25,2,gmd_04_extreme_bpm170,170.0,sim_tau
29,11.850223541259766,,,0.0,False,1.0,0.25,2,gmd_04_extreme_bpm170,170.0,sim_tau
30,12.090229034423828,12.08522891998291,-5.000114440917969,36.8767204284668,True,1.0,0.25,2,gmd_04_extreme_bpm170,170.0,sim_tau
31,12.350234985351562,12.350234985351562,0.0,31.683982849121094,True,1.0,0.25,2,gmd_04_extreme_bpm170,170.0,sim_tau
32,12.55023956298828,12.560239791870115,10.000228881835938,13.561046600341797,True,1.0,0.25,2,gmd_04_extreme_bpm170,170.0,sim_tau
33,12.65024185180664,12.65024185180664,0.0,3.8881702423095694,True,1.0,0.25,2,gmd_04_extreme_bpm170,170.0,sim_tau
34,13.07025146484375,,,0.0,False,1.0,0.25,2,gmd_04_extreme_bpm170,170.0,sim_tau
35,13.3902587890625,13.395258903503418,5.000114440917969,20.006183624267575,True,1.0,0.25,2,gmd_04_extreme_bpm170,170.0,sim_tau
36,13.670265197753906,13.705265998840332,35.00080108642578,14.877483367919922,False,1.0,0.25,2,gmd_04_extreme_bpm170,170.0,sim_tau
37,13.770267486572266,13.775267601013184,5.000114440917969,7.927639961242676,True,1.0,0.25,2,gmd_04_extreme_bpm170,170.0,sim_tau
38,14.210277557373049,,,0.0,False,1.0,0.25,2,gmd_04_extreme_bpm170,170.0,sim_tau
39,14.630287170410156,,,0.0,False,1.0,0.25,2,gmd_04_extreme_bpm170,170.0,sim_tau
40,14.89029312133789,14.89029312133789,0.0,11.481937408447266,True,1.0,0.25,2,gmd_04_extreme_bpm170,170.0,sim_tau
41,15.150299072265623,15.150299072265623,0.0,10.048624038696287,True,1.0,0.25,2,gmd_04_extreme_bpm170,170.0,sim_tau
42,15.350303649902344,15.375304222106934,25.000572204589844,4.141156196594238,True,1.0,0.25,2,gmd_04_extreme_bpm170,170.0,sim_tau
43,15.85031509399414,,,0.0,False,1.0,0.25,2,gmd_04_extreme_bpm170,170.0,sim_tau
0,1.509998798370361,1.4899988174438477,-19.99998092651345,26.185199737548828,True,1.0,0.5,2,double_160bpm,160.0,sim_tau
1,1.6099987030029297,1.6099987030029297,0.0,20.63478660583496,True,1.0,0.5,2,double_160bpm,160.0,sim_tau
2,1.889998435974121,1.8599984645843504,-29.999971389770728,37.15286636352539,True,1.0,0.5,2,double_160bpm,160.0,sim_tau
3,1.969998359680176,1.9549983739852903,-14.999985694885698,13.705038070678713,True,1.0,0.5,2,double_160bpm,160.0,sim_tau
4,2.2500040531158447,2.2500040531158447,0.0,1.0468015670776367,True,1.0,0.5,2,double_160bpm,160.0,sim_tau
5,2.350006341934204,2.345006227493286,-5.000114440917969,10.598852157592772,True,1.0,0.5,2,double_160bpm,160.0,sim_tau
6,2.6300127506256104,2.6000120639801025,-30.000686645507812,22.79940795898437,False,1.0,0.5,2,double_160bpm,160.0,sim_tau
7,2.7300150394439697,2.7400152683258057,10.000228881835938,19.085935592651367,True,1.0,0.5,2,double_160bpm,160.0,sim_tau
8,3.010021448135376,2.980020761489868,-30.000686645507812,34.758384704589844,False,1.0,0.5,2,double_160bpm,160.0,sim_tau
9,3.110023736953736,3.1200239658355717,10.000228881835938,19.5333309173584,True,1.0,0.5,2,double_160bpm,160.0,sim_tau
10,3.3900301456451416,3.3900301456451416,0.0,6.636836528778076,True,1.0,0.5,2,double_160bpm,160.0,sim_tau
11,3.470031976699829,3.470031976699829,0.0,9.759954452514648,True,1.0,0.5,2,double_160bpm,160.0,sim_tau
12,3.7700388431549072,3.7600386142730713,-10.000228881835938,42.46987915039063,True,1.0,0.5,2,double_160bpm,160.0,sim_tau
13,3.8500406742095943,3.8450405597686768,-5.000114440917525,11.570302963256836,True,1.0,0.5,2,double_160bpm,160.0,sim_tau
14,4.130046844482422,4.130046844482422,0.0,1.4141775369644165,True,1.0,0.5,2,double_160bpm,160.0,sim_tau
15,4.230049133300781,4.230049133300781,0.0,10.48226547241211,True,1.0,0.5,2,double_160bpm,160.0,sim_tau
16,4.510055541992188,4.48005485534668,-30.0006866455087,33.37347412109375,False,1.0,0.5,2,double_160bpm,160.0,sim_tau
17,4.610057830810547,4.610057830810547,0.0,10.633319854736328,True,1.0,0.5,2,double_160bpm,160.0,sim_tau
18,4.890064239501953,4.905064582824707,15.000343322753906,16.52855682373047,True,1.0,0.5,2,double_160bpm,160.0,sim_tau
19,4.970066070556641,4.975066184997559,5.000114440917969,22.27231979370117,True,1.0,0.5,2,double_160bpm,160.0,sim_tau
20,5.250072479248047,5.250072479248047,0.0,3.0254616737365723,True,1.0,0.5,2,double_160bpm,160.0,sim_tau
21,5.350074768066406,5.360074996948242,10.000228881835938,11.091063499450684,True,1.0,0.5,2,double_160bpm,160.0,sim_tau
22,5.6300811767578125,5.600080490112305,-30.000686645507812,29.70375061035156,False,1.0,0.5,2,double_160bpm,160.0,sim_tau
23,5.730083465576172,5.725083351135254,-5.000114440917969,17.08456039428711,True,1.0,0.5,2,double_160bpm,160.0,sim_tau
24,1.509998798370361,1.4849988222122192,-24.99997615814187,8.625467300415039,True,1.0,0.5,2,double_160bpm,160.0,sim_tau
25,1.6099987030029297,1.6049987077713013,-4.999995231628418,10.692405700683594,True,1.0,0.5,2,double_160bpm,160.0,sim_tau
26,1.889998435974121,1.8599984645843504,-29.999971389770728,37.05710220336914,True,1.0,0.5,2,double_160bpm,160.0,sim_tau
27,1.969998359680176,1.9549983739852903,-14.999985694885698,13.63176727294922,True,1.0,0.5,2,double_160bpm,160.0,sim_tau
28,2.2500040531158447,2.240003824234009,-10.000228881835938,54.558082580566406,True,1.0,0.5,2,double_160bpm,160.0,sim_tau
29,2.350006341934204,2.345006227493286,-5.000114440917969,10.738231658935549,True,1.0,0.5,2,double_160bpm,160.0,sim_tau
30,2.6300127506256104,2.6000120639801025,-30.000686645507812,22.68913078308105,False,1.0,0.5,2,double_160bpm,160.0,sim_tau
31,2.7300150394439697,2.745015382766724,15.00034332275435,20.13964080810547,True,1.0,0.5,2,double_160bpm,160.0,sim_tau
32,3.010021448135376,2.980020761489868,-30.000686645507812,23.91482925415039,False,1.0,0.5,2,double_160bpm,160.0,sim_tau
33,3.110023736953736,3.0650227069854736,-45.00102996826216,17.60887908935547,False,1.0,0.5,2,double_160bpm,160.0,sim_tau
34,3.3900301456451416,3.3900301456451416,0.0,7.2564167976379395,True,1.0,0.5,2,double_160bpm,160.0,sim_tau
35,3.470031976699829,3.480032205581665,10.000228881835938,3.696681261062622,True,1.0,0.5,2,double_160bpm,160.0,sim_tau
36,3.7700388431549072,3.7400381565094,-30.00068664550737,35.11966323852539,False,1.0,0.5,2,double_160bpm,160.0,sim_tau
37,3.8500406742095943,3.840040445327759,-10.000228881835493,11.537236213684082,True,1.0,0.5,2,double_160bpm,160.0,sim_tau
38,4.130046844482422,4.130046844482422,0.0,3.000195980072021,True,1.0,0.5,2,double_160bpm,160.0,sim_tau
39,4.230049133300781,4.250049591064453,20.000457763671875,11.04541015625,True,1.0,0.5,2,double_160bpm,160.0,sim_tau
40,4.510055541992188,4.48005485534668,-30.0006866455087,34.43647384643555,False,1.0,0.5,2,double_160bpm,160.0,sim_tau
41,4.610057830810547,4.620058059692383,10.000228881835938,10.76526165008545,True,1.0,0.5,2,double_160bpm,160.0,sim_tau
42,4.890064239501953,4.905064582824707,15.000343322753906,16.83135986328125,True,1.0,0.5,2,double_160bpm,160.0,sim_tau
43,4.970066070556641,4.955065727233887,-15.000343322753906,14.599888801574709,True,1.0,0.5,2,double_160bpm,160.0,sim_tau
44,5.250072479248047,5.240072250366211,-10.000228881835938,13.835683822631836,True,1.0,0.5,2,double_160bpm,160.0,sim_tau
45,5.350074768066406,5.325074195861816,-25.000572204589844,25.232540130615234,True,1.0,0.5,2,double_160bpm,160.0,sim_tau
46,5.6300811767578125,5.590080261230469,-40.00091552734375,14.931967735290527,False,1.0,0.5,2,double_160bpm,160.0,sim_tau
47,5.730083465576172,5.725083351135254,-5.000114440917969,14.899524688720703,True,1.0,0.5,2,double_160bpm,160.0,sim_tau
48,1.509998798370361,1.4849988222122192,-24.99997615814187,8.528992652893066,True,1.0,0.5,2,double_160bpm,160.0,sim_tau
49,1.6099987030029297,1.6299986839294434,19.999980926513672,10.83971881866455,True,1.0,0.5,2,double_160bpm,160.0,sim_tau
50,1.889998435974121,1.8599984645843504,-29.999971389770728,37.029205322265625,True,1.0,0.5,2,double_160bpm,160.0,sim_tau
51,1.969998359680176,,,0.0,False,1.0,0.5,2,double_160bpm,160.0,sim_tau
52,2.2500040531158447,2.215003252029419,-35.00080108642578,12.090531349182127,False,1.0,0.5,2,double_160bpm,160.0,sim_tau
53,2.350006341934204,2.3050053119659424,-45.00102996826172,13.87554168701172,False,1.0,0.5,2,double_160bpm,160.0,sim_tau
54,2.6300127506256104,2.6000120639801025,-30.000686645507812,22.492490768432617,False,1.0,0.5,2,double_160bpm,160.0,sim_tau
55,2.7300150394439697,2.745015382766724,15.00034332275435,20.42965507507324,True,1.0,0.5,2,double_160bpm,160.0,sim_tau
56,3.010021448135376,2.980020761489868,-30.000686645507812,23.91718292236328,False,1.0,0.5,2,double_160bpm,160.0,sim_tau
57,3.110023736953736,3.0650227069854736,-45.00102996826216,17.34261131286621,False,1.0,0.5,2,double_160bpm,160.0,sim_tau
58,3.3900301456451416,3.4050304889678955,15.000343322753906,2.447470426559448,True,1.0,0.5,2,double_160bpm,160.0,sim_tau
59,3.470031976699829,3.480032205581665,10.000228881835938,3.270260810852051,True,1.0,0.5,2,double_160bpm,160.0,sim_tau
60,3.7700388431549072,3.7400381565094,-30.00068664550737,35.03329086303711,False,1.0,0.5,2,double_160bpm,160.0,sim_tau
61,3.8500406742095943,,,0.0,False,1.0,0.5,2,double_160bpm,160.0,sim_tau
62,4.130046844482422,4.100046157836914,-30.000686645507812,22.390783309936523,False,1.0,0.5,2,double_160bpm,160.0,sim_tau
63,4.230049133300781,4.205048561096191,-25.000572204589844,26.181581497192383,True,1.0,0.5,2,double_160bpm,160.0,sim_tau
64,4.510055541992188,4.48005485534668,-30.0006866455087,34.186309814453125,False,1.0,0.5,2,double_160bpm,160.0,sim_tau
65,4.610057830810547,4.580057144165039,-30.000686645507812,24.20365524291992,False,1.0,0.5,2,double_160bpm,160.0,sim_tau
66,4.890064239501953,4.865063667297363,-25.000572204589844,14.00062370300293,True,1.0,0.5,2,double_160bpm,160.0,sim_tau
67,4.970066070556641,4.955065727233887,-15.000343322753906,13.784753799438477,True,1.0,0.5,2,double_160bpm,160.0,sim_tau
68,5.250072479248047,5.215071678161621,-35.00080108642578,12.34017848968506,False,1.0,0.5,2,double_160bpm,160.0,sim_tau
69,5.350074768066406,5.320074081420898,-30.000686645507812,12.69334888458252,False,1.0,0.5,2,double_160bpm,160.0,sim_tau
70,5.6300811767578125,5.590080261230469,-40.00091552734375,14.906842231750488,False,1.0,0.5,2,double_160bpm,160.0,sim_tau
71,5.730083465576172,5.715083122253418,-15.000343322753906,12.66988754272461,True,1.0,0.5,2,double_160bpm,160.0,sim_tau
0,0.4299997389316559,0.4049997627735138,-24.99997615814209,49.53636932373047,True,1.0,0.5,2,gmd_03_high_bpm138,138.0,sim_tau
1,0.749999463558197,0.749999463558197,0.0,6.248993873596191,True,1.0,0.5,2,gmd_03_high_bpm138,138.0,sim_tau
2,0.9699992537498474,0.9599992632865906,-9.999990463256836,4.545176982879639,True,1.0,0.5,2,gmd_03_high_bpm138,138.0,sim_tau
3,1.6299986839294434,1.6049987077713013,-24.99997615814209,29.95893859863281,True,1.0,0.5,2,gmd_03_high_bpm138,138.0,sim_tau
4,2.170002222061157,2.1650021076202397,-5.000114440917081,12.839365005493164,True,1.0,0.5,2,gmd_03_high_bpm138,138.0,sim_tau
5,2.510010004043579,,,0.0,False,1.0,0.5,2,gmd_03_high_bpm138,138.0,sim_tau
6,2.710014581680298,2.70501446723938,-5.000114440917969,12438.728515625,True,1.0,0.5,2,gmd_03_high_bpm138,138.0,sim_tau
7,3.030021905899048,3.02502179145813,-5.000114440917969,13.529949188232422,True,1.0,0.5,2,gmd_03_high_bpm138,138.0,sim_tau
8,3.3700296878814697,3.3700296878814697,0.0,8.886987686157227,True,1.0,0.5,2,gmd_03_high_bpm138,138.0,sim_tau
9,3.490032434463501,3.510032892227173,20.000457763671875,22.418615341186523,True,1.0,0.5,2,gmd_03_high_bpm138,138.0,sim_tau
10,4.230049133300781,4.225049018859863,-5.000114440917969,6885.78515625,True,1.0,0.5,2,gmd_03_high_bpm138,138.0,sim_tau
11,4.450054168701172,4.4300537109375,-20.000457763671875,38.922157287597656,True,1.0,0.5,2,gmd_03_high_bpm138,138.0,sim_tau
12,4.9900665283203125,4.965065956115723,-25.000572204589844,26.768348693847656,True,1.0,0.5,2,gmd_03_high_bpm138,138.0,sim_tau
13,5.290073394775391,5.285073280334473,-5.000114440917969,8.760478973388672,True,1.0,0.5,2,gmd_03_high_bpm138,138.0,sim_tau
14,5.6300811767578125,5.605080604553223,-25.000572204589844,176.9727783203125,True,1.0,0.5,2,gmd_03_high_bpm138,138.0,sim_tau
15,5.930088043212891,5.915087699890137,-15.000343322753906,19.824434280395508,True,1.0,0.5,2,gmd_03_high_bpm138,138.0,sim_tau
16,6.170093536376953,6.140092849731445,-30.000686645507812,19.52663993835449,False,1.0,0.5,2,gmd_03_high_bpm138,138.0,sim_tau
17,6.710105895996094,6.700105667114258,-10.000228881835938,35.40583419799805,True,1.0,0.5,2,gmd_03_high_bpm138,138.0,sim_tau
18,7.010112762451172,7.020112991333008,10.000228881835938,21.137527465820312,True,1.0,0.5,2,gmd_03_high_bpm138,138.0,sim_tau
19,7.370121002197266,7.370121002197266,0.0,14.393861770629885,True,1.0,0.5,2,gmd_03_high_bpm138,138.0,sim_tau
20,7.710128784179687,7.710128784179687,0.0,6.806829452514648,True,1.0,0.5,2,gmd_03_high_bpm138,138.0,sim_tau
21,7.95013427734375,7.935133934020996,-15.000343322753906,14395.77734375,True,1.0,0.5,2,gmd_03_high_bpm138,138.0,sim_tau
22,8.230140686035156,8.210140228271484,-20.000457763671875,13.85029411315918,True,1.0,0.5,2,gmd_03_high_bpm138,138.0,sim_tau
23,8.570148468017578,8.545147895812988,-25.000572204589844,13.975496292114258,True,1.0,0.5,2,gmd_03_high_bpm138,138.0,sim_tau
24,8.670150756835938,8.675150871276855,5.000114440917969,13.91793441772461,True,1.0,0.5,2,gmd_03_high_bpm138,138.0,sim_tau
25,9.13016128540039,9.135161399841309,5.000114440917969,13.243884086608888,True,1.0,0.5,2,gmd_03_high_bpm138,138.0,sim_tau
26,9.45016860961914,9.430168151855469,-20.000457763671875,14.299967765808104,True,1.0,0.5,2,gmd_03_high_bpm138,138.0,sim_tau
27,9.690174102783203,9.670173645019531,-20.000457763671875,32.45848083496094,True,1.0,0.5,2,gmd_03_high_bpm138,138.0,sim_tau
28,10.010181427001951,9.960180282592772,-50.00114440917969,15.888683319091797,False,1.0,0.5,2,gmd_03_high_bpm138,138.0,sim_tau
29,10.330188751220703,10.355189323425291,25.000572204588067,17.453365325927734,True,1.0,0.5,2,gmd_03_high_bpm138,138.0,sim_tau
30,10.890201568603516,10.88020133972168,-10.000228881835938,14.5091552734375,True,1.0,0.5,2,gmd_03_high_bpm138,138.0,sim_tau
31,11.210208892822266,11.210208892822266,0.0,4.086421012878418,True,1.0,0.5,2,gmd_03_high_bpm138,138.0,sim_tau
32,11.430213928222656,11.390213012695312,-40.00091552734375,13573.41796875,False,1.0,0.5,2,gmd_03_high_bpm138,138.0,sim_tau
33,11.970226287841797,11.970226287841797,0.0,15.315962791442873,True,1.0,0.5,2,gmd_03_high_bpm138,138.0,sim_tau
34,12.270233154296877,12.265233039855955,-5.0001144409215215,14.690563201904297,True,1.0,0.5,2,gmd_03_high_bpm138,138.0,sim_tau
35,12.610240936279297,12.580240249633787,-30.00068664550959,42.70653533935547,False,1.0,0.5,2,gmd_03_high_bpm138,138.0,sim_tau
36,12.910247802734377,12.910247802734377,0.0,12.155656814575195,True,1.0,0.5,2,gmd_03_high_bpm138,138.0,sim_tau
37,13.670265197753906,13.645264625549316,-25.000572204589844,21.106843948364254,True,1.0,0.5,2,gmd_03_high_bpm138,138.0,sim_tau
38,13.950271606445312,13.950271606445312,0.0,25.732309341430664,True,1.0,0.5,2,gmd_03_high_bpm138,138.0,sim_tau
39,14.330280303955078,14.32528018951416,-5.000114440917969,13.433639526367188,True,1.0,0.5,2,gmd_03_high_bpm138,138.0,sim_tau
40,14.650287628173828,14.64528751373291,-5.000114440917969,28.969465255737305,True,1.0,0.5,2,gmd_03_high_bpm138,138.0,sim_tau
41,14.89029312133789,14.900293350219728,10.000228881837714,28.36644172668457,True,1.0,0.5,2,gmd_03_high_bpm138,138.0,sim_tau
42,15.21030044555664,15.205300331115724,-5.000114440916192,265.8225402832031,True,1.0,0.5,2,gmd_03_high_bpm138,138.0,sim_tau
43,15.53030776977539,15.520307540893556,-10.000228881834161,8.958617210388184,True,1.0,0.5,2,gmd_03_high_bpm138,138.0,sim_tau
44,15.610309600830078,,,0.0,False,1.0,0.5,2,gmd_03_high_bpm138,138.0,sim_tau
0,1.349998950958252,1.3349989652633667,-14.999985694885254,39.48113250732422,True,1.0,0.5,2,gmd_04_extreme_bpm170,170.0,sim_tau
1,1.7499985694885254,1.7499985694885254,0.0,12.599611282348633,True,1.0,0.5,2,gmd_04_extreme_bpm170,170.0,sim_tau
2,2.3100054264068604,2.330005884170532,20.00045776367143,17.214218139648438,True,1.0,0.5,2,gmd_04_extreme_bpm170,170.0,sim_tau
3,2.7300150394439697,2.700014352798462,-30.000686645507812,4.192454814910889,False,1.0,0.5,2,gmd_04_extreme_bpm170,170.0,sim_tau
4,3.190025568008423,3.185025453567505,-5.000114440917969,28.99828720092773,True,1.0,0.5,2,gmd_04_extreme_bpm170,170.0,sim_tau
5,3.730037927627564,3.730037927627564,0.0,11.080305099487305,True,1.0,0.5,2,gmd_04_extreme_bpm170,170.0,sim_tau
6,4.11004638671875,4.13504695892334,25.000572204589844,19.035608291625977,True,1.0,0.5,2,gmd_04_extreme_bpm170,170.0,sim_tau
7,4.610057830810547,4.590057373046875,-20.000457763671875,26.482261657714844,True,1.0,0.5,2,gmd_04_extreme_bpm170,170.0,sim_tau
8,4.870063781738281,4.875063896179199,5.000114440917969,23.943058013916016,True,1.0,0.5,2,gmd_04_extreme_bpm170,170.0,sim_tau
9,5.130069732666016,5.130069732666016,0.0,12.572175979614258,True,1.0,0.5,2,gmd_04_extreme_bpm170,170.0,sim_tau
10,5.990089416503906,5.98008918762207,-10.000228881835938,13.178348541259766,True,1.0,0.5,2,gmd_04_extreme_bpm170,170.0,sim_tau
11,6.35009765625,6.340097427368164,-10.000228881835938,14.675935745239258,True,1.0,0.5,2,gmd_04_extreme_bpm170,170.0,sim_tau
12,6.530101776123047,6.535101890563965,5.000114440917969,17.69108009338379,True,1.0,0.5,2,gmd_04_extreme_bpm170,170.0,sim_tau
13,6.710105895996094,6.700105667114258,-10.000228881835938,11.03561019897461,True,1.0,0.5,2,gmd_04_extreme_bpm170,170.0,sim_tau
14,6.950111389160156,6.960111618041992,10.000228881835938,7.733639717102051,True,1.0,0.5,2,gmd_04_extreme_bpm170,170.0,sim_tau
15,7.410121917724609,7.415122032165527,5.000114440917969,16.51300811767578,True,1.0,0.5,2,gmd_04_extreme_bpm170,170.0,sim_tau
16,7.750129699707031,7.735129356384277,-15.000343322753906,11.43039321899414,True,1.0,0.5,2,gmd_04_extreme_bpm170,170.0,sim_tau
17,8.010135650634766,8.020135879516602,10.000228881835938,12.966753005981444,True,1.0,0.5,2,gmd_04_extreme_bpm170,170.0,sim_tau
18,8.090137481689453,7.990135192871094,-100.00228881835938,26.15917205810547,False,1.0,0.5,2,gmd_04_extreme_bpm170,170.0,sim_tau
19,8.530147552490234,8.51514720916748,-15.000343322753906,5.397263050079346,True,1.0,0.5,2,gmd_04_extreme_bpm170,170.0,sim_tau
20,8.970157623291016,8.930156707763672,-40.00091552734375,15.183494567871094,False,1.0,0.5,2,gmd_04_extreme_bpm170,170.0,sim_tau
21,9.23016357421875,,,0.0,False,1.0,0.5,2,gmd_04_extreme_bpm170,170.0,sim_tau
22,9.490169525146484,9.495169639587402,5.000114440917969,35.288272857666016,True,1.0,0.5,2,gmd_04_extreme_bpm170,170.0,sim_tau
23,9.690174102783203,,,0.0,False,1.0,0.5,2,gmd_04_extreme_bpm170,170.0,sim_tau
24,10.230186462402344,10.235186576843262,5.000114440917969,14.643982887268066,True,1.0,0.5,2,gmd_04_extreme_bpm170,170.0,sim_tau
25,10.570194244384766,10.555193901062012,-15.000343322753906,18.161102294921875,True,1.0,0.5,2,gmd_04_extreme_bpm170,170.0,sim_tau
26,10.8302001953125,10.825200080871582,-5.000114440917969,12.252487182617188,True,1.0,0.5,2,gmd_04_extreme_bpm170,170.0,sim_tau
27,10.93020248413086,10.950202941894531,20.000457763671875,21.47172737121582,True,1.0,0.5,2,gmd_04_extreme_bpm170,170.0,sim_tau
28,11.390213012695312,11.360212326049805,-30.000686645507812,17.10171890258789,False,1.0,0.5,2,gmd_04_extreme_bpm170,170.0,sim_tau
29,11.850223541259766,11.825222969055176,-25.000572204589844,2.1569344997406006,True,1.0,0.5,2,gmd_04_extreme_bpm170,170.0,sim_tau
30,12.090229034423828,12.090229034423828,0.0,3.119770050048828,True,1.0,0.5,2,gmd_04_extreme_bpm170,170.0,sim_tau
31,12.350234985351562,,,0.0,False,1.0,0.5,2,gmd_04_extreme_bpm170,170.0,sim_tau
32,12.55023956298828,12.540239334106444,-10.000228881835938,7363.2890625,True,1.0,0.5,2,gmd_04_extreme_bpm170,170.0,sim_tau
33,12.65024185180664,,,0.0,False,1.0,0.5,2,gmd_04_extreme_bpm170,170.0,sim_tau
34,13.07025146484375,13.07025146484375,0.0,26.59145164489746,True,1.0,0.5,2,gmd_04_extreme_bpm170,170.0,sim_tau
35,13.3902587890625,13.395258903503418,5.000114440917969,27.06024742126465,True,1.0,0.5,2,gmd_04_extreme_bpm170,170.0,sim_tau
36,13.670265197753906,13.650264739990234,-20.000457763671875,19.516883850097656,True,1.0,0.5,2,gmd_04_extreme_bpm170,170.0,sim_tau
37,13.770267486572266,13.780267715454102,10.000228881835938,13.07684326171875,True,1.0,0.5,2,gmd_04_extreme_bpm170,170.0,sim_tau
38,14.210277557373049,14.185276985168455,-25.000572204593396,29.85179328918457,True,1.0,0.5,2,gmd_04_extreme_bpm170,170.0,sim_tau
39,14.630287170410156,14.590286254882812,-40.00091552734375,15.456759452819824,False,1.0,0.5,2,gmd_04_extreme_bpm170,170.0,sim_tau
40,14.89029312133789,14.875292778015137,-15.000343322753906,29.777931213378903,True,1.0,0.5,2,gmd_04_extreme_bpm170,170.0,sim_tau
41,15.150299072265623,,,0.0,False,1.0,0.5,2,gmd_04_extreme_bpm170,170.0,sim_tau
42,15.350303649902344,,,0.0,False,1.0,0.5,2,gmd_04_extreme_bpm170,170.0,sim_tau
43,15.85031509399414,15.835314750671388,-15.00034332275213,19.525659561157227,True,1.0,0.5,2,gmd_04_extreme_bpm170,170.0,sim_tau
0,1.509998798370361,1.509998798370361,0.0,7.066802024841309,True,1.0,1.0,2,double_160bpm,160.0,sim_tau
1,1.6099987030029297,1.614998698234558,4.999995231628418,70.89593505859375,True,1.0,1.0,2,double_160bpm,160.0,sim_tau
2,1.889998435974121,1.8949984312057493,4.999995231628196,8.625652313232422,True,1.0,1.0,2,double_160bpm,160.0,sim_tau
3,1.969998359680176,1.974998354911804,4.999995231627974,378.10736083984375,True,1.0,1.0,2,double_160bpm,160.0,sim_tau
4,2.2500040531158447,2.265004396438598,15.000343322753462,7.655040740966797,True,1.0,1.0,2,double_160bpm,160.0,sim_tau
5,2.350006341934204,2.340006113052368,-10.000228881835938,9.746978759765623,True,1.0,1.0,2,double_160bpm,160.0,sim_tau
6,2.6300127506256104,2.6300127506256104,0.0,4.195002555847168,True,1.0,1.0,2,double_160bpm,160.0,sim_tau
7,2.7300150394439697,2.725014925003052,-5.000114440917525,9.583486557006836,True,1.0,1.0,2,double_160bpm,160.0,sim_tau
8,3.010021448135376,3.005021333694458,-5.000114440917969,19.963733673095703,True,1.0,1.0,2,double_160bpm,160.0,sim_tau
9,3.110023736953736,3.110023736953736,0.0,18.331024169921875,True,1.0,1.0,2,double_160bpm,160.0,sim_tau
10,3.3900301456451416,3.3900301456451416,0.0,17.77511215209961,True,1.0,1.0,2,double_160bpm,160.0,sim_tau
11,3.470031976699829,3.475032091140747,5.000114440917969,13.950639724731444,True,1.0,1.0,2,double_160bpm,160.0,sim_tau
12,3.7700388431549072,3.780039072036743,10.000228881835938,17.618967056274414,True,1.0,1.0,2,double_160bpm,160.0,sim_tau
13,3.8500406742095943,3.840040445327759,-10.000228881835493,20.336088180541992,True,1.0,1.0,2,double_160bpm,160.0,sim_tau
14,4.130046844482422,4.090045928955078,-40.00091552734375,15.807809829711914,False,1.0,1.0,2,double_160bpm,160.0,sim_tau
15,4.230049133300781,4.230049133300781,0.0,9.82516098022461,True,1.0,1.0,2,double_160bpm,160.0,sim_tau
16,4.510055541992188,4.510055541992188,0.0,20.894561767578125,True,1.0,1.0,2,double_160bpm,160.0,sim_tau
17,4.610057830810547,4.595057487487793,-15.000343322753906,10.454782485961914,True,1.0,1.0,2,double_160bpm,160.0,sim_tau
18,4.890064239501953,4.895064353942871,5.000114440917969,8.805137634277344,True,1.0,1.0,2,double_160bpm,160.0,sim_tau
19,4.970066070556641,4.970066070556641,0.0,21.595947265625,True,1.0,1.0,2,double_160bpm,160.0,sim_tau
20,5.250072479248047,5.250072479248047,0.0,14.15711784362793,True,1.0,1.0,2,double_160bpm,160.0,sim_tau
21,5.350074768066406,5.320074081420898,-30.000686645507812,8.701889038085938,False,1.0,1.0,2,double_160bpm,160.0,sim_tau
22,5.6300811767578125,5.6300811767578125,0.0,14.610925674438477,True,1.0,1.0,2,double_160bpm,160.0,sim_tau
23,5.730083465576172,5.730083465576172,0.0,15.738275527954102,True,1.0,1.0,2,double_160bpm,160.0,sim_tau
24,1.509998798370361,1.4799988269805908,-29.999971389770288,24.40160369873047,True,1.0,1.0,2,double_160bpm,160.0,sim_tau
25,1.6099987030029297,1.5949987173080444,-14.999985694885254,10.493218421936035,True,1.0,1.0,2,double_160bpm,160.0,sim_tau
26,1.889998435974121,1.899998426437378,9.999990463256836,17.9206485748291,True,1.0,1.0,2,double_160bpm,160.0,sim_tau
27,1.969998359680176,1.9799983501434328,9.999990463256836,24.17069625854492,True,1.0,1.0,2,double_160bpm,160.0,sim_tau
28,2.2500040531158447,2.225003480911255,-25.000572204589844,21.80327606201172,True,1.0,1.0,2,double_160bpm,160.0,sim_tau
29,2.350006341934204,2.365006685256958,15.000343322753906,18.377124786376957,True,1.0,1.0,2,double_160bpm,160.0,sim_tau
30,2.6300127506256104,2.6350128650665283,5.000114440917969,4.040767669677734,True,1.0,1.0,2,double_160bpm,160.0,sim_tau
31,2.7300150394439697,2.725014925003052,-5.000114440917525,9.561683654785156,True,1.0,1.0,2,double_160bpm,160.0,sim_tau
32,3.010021448135376,3.005021333694458,-5.000114440917969,19.503494262695312,True,1.0,1.0,2,double_160bpm,160.0,sim_tau
33,3.110023736953736,3.0800230503082275,-30.000686645508257,15.378995895385742,False,1.0,1.0,2,double_160bpm,160.0,sim_tau
34,3.3900301456451416,3.400030374526977,10.000228881835493,7.657161712646484,True,1.0,1.0,2,double_160bpm,160.0,sim_tau
35,3.470031976699829,3.455031633377075,-15.000343322753906,9.914262771606444,True,1.0,1.0,2,double_160bpm,160.0,sim_tau
36,3.7700388431549072,3.780039072036743,10.000228881835938,17.46454620361328,True,1.0,1.0,2,double_160bpm,160.0,sim_tau
37,3.8500406742095943,3.840040445327759,-10.000228881835493,18.780820846557617,True,1.0,1.0,2,double_160bpm,160.0,sim_tau
38,4.130046844482422,4.090045928955078,-40.00091552734375,15.819253921508787,False,1.0,1.0,2,double_160bpm,160.0,sim_tau
39,4.230049133300781,,,0.0,False,1.0,1.0,2,double_160bpm,160.0,sim_tau
40,4.510055541992188,4.5050554275512695,-5.000114440918857,13.116975784301758,True,1.0,1.0,2,double_160bpm,160.0,sim_tau
41,4.610057830810547,4.48005485534668,-130.0029754638672,19.3232536315918,False,1.0,1.0,2,double_160bpm,160.0,sim_tau
42,4.890064239501953,4.895064353942871,5.000114440917969,8.771857261657715,True,1.0,1.0,2,double_160bpm,160.0,sim_tau
43,4.970066070556641,4.955065727233887,-15.000343322753906,10.126032829284668,True,1.0,1.0,2,double_160bpm,160.0,sim_tau
44,5.250072479248047,5.235072135925293,-15.000343322753906,16.903820037841797,True,1.0,1.0,2,double_160bpm,160.0,sim_tau
45,5.350074768066406,5.3150739669799805,-35.00080108642578,8.749430656433105,False,1.0,1.0,2,double_160bpm,160.0,sim_tau
46,5.6300811767578125,5.620080947875977,-10.000228881835938,10.714639663696287,True,1.0,1.0,2,double_160bpm,160.0,sim_tau
47,5.730083465576172,5.715083122253418,-15.000343322753906,30.96402740478516,True,1.0,1.0,2,double_160bpm,160.0,sim_tau
48,1.509998798370361,1.4799988269805908,-29.999971389770288,24.33109474182129,True,1.0,1.0,2,double_160bpm,160.0,sim_tau
49,1.6099987030029297,,,0.0,False,1.0,1.0,2,double_160bpm,160.0,sim_tau
50,1.889998435974121,1.9099984169006348,19.999980926513672,9.964218139648438,True,1.0,1.0,2,double_160bpm,160.0,sim_tau
51,1.969998359680176,1.949998378753662,-19.999980926513892,10.122051239013672,True,1.0,1.0,2,double_160bpm,160.0,sim_tau
52,2.2500040531158447,2.225003480911255,-25.000572204589844,21.55204963684082,True,1.0,1.0,2,double_160bpm,160.0,sim_tau
53,2.350006341934204,2.33500599861145,-15.000343322753906,9.600996971130373,True,1.0,1.0,2,double_160bpm,160.0,sim_tau
54,2.6300127506256104,2.5900118350982666,-40.00091552734375,16.04756736755371,False,1.0,1.0,2,double_160bpm,160.0,sim_tau
55,2.7300150394439697,2.5900118350982666,-140.00320434570312,15.744285583496094,False,1.0,1.0,2,double_160bpm,160.0,sim_tau
56,3.010021448135376,3.0450222492218018,35.00080108642578,7.42134952545166,False,1.0,1.0,2,double_160bpm,160.0,sim_tau
57,3.110023736953736,3.0800230503082275,-30.000686645508257,7.496484756469727,False,1.0,1.0,2,double_160bpm,160.0,sim_tau
58,3.3900301456451416,3.360029458999634,-30.000686645507812,10.490720748901367,False,1.0,1.0,2,double_160bpm,160.0,sim_tau
59,3.470031976699829,3.4450314044952397,-25.0005722045894,8.958113670349121,True,1.0,1.0,2,double_160bpm,160.0,sim_tau
60,3.7700388431549072,3.780039072036743,10.000228881835938,17.835203170776367,True,1.0,1.0,2,double_160bpm,160.0,sim_tau
61,3.8500406742095943,3.825040102005005,-25.0005722045894,11.34812831878662,True,1.0,1.0,2,double_160bpm,160.0,sim_tau
62,4.130046844482422,4.090045928955078,-40.00091552734375,15.842945098876951,False,1.0,1.0,2,double_160bpm,160.0,sim_tau
63,4.230049133300781,,,0.0,False,1.0,1.0,2,double_160bpm,160.0,sim_tau
64,4.510055541992188,4.490055084228516,-20.000457763672763,28.528133392333984,True,1.0,1.0,2,double_160bpm,160.0,sim_tau
65,4.610057830810547,4.470054626464844,-140.00320434570312,11.092484474182127,False,1.0,1.0,2,double_160bpm,160.0,sim_tau
66,4.890064239501953,4.900064468383789,10.000228881835938,17.947534561157227,True,1.0,1.0,2,double_160bpm,160.0,sim_tau
67,4.970066070556641,4.945065498352051,-25.000572204589844,11.52787971496582,True,1.0,1.0,2,double_160bpm,160.0,sim_tau
68,5.250072479248047,5.220071792602539,-30.000686645507812,25.58606338500977,False,1.0,1.0,2,double_160bpm,160.0,sim_tau
69,5.350074768066406,5.3050737380981445,-45.00102996826172,9.44292163848877,False,1.0,1.0,2,double_160bpm,160.0,sim_tau
70,5.6300811767578125,5.620080947875977,-10.000228881835938,18.887714385986328,True,1.0,1.0,2,double_160bpm,160.0,sim_tau
71,5.730083465576172,5.715083122253418,-15.000343322753906,30.93218994140625,True,1.0,1.0,2,double_160bpm,160.0,sim_tau
0,0.4299997389316559,0.3999997675418854,-29.999971389770508,19.26766586303711,True,1.0,1.0,2,gmd_03_high_bpm138,138.0,sim_tau
1,0.749999463558197,0.7549994587898254,4.999995231628418,21.865211486816406,True,1.0,1.0,2,gmd_03_high_bpm138,138.0,sim_tau
2,0.9699992537498474,,,0.0,False,1.0,1.0,2,gmd_03_high_bpm138,138.0,sim_tau
3,1.6299986839294434,1.589998722076416,-39.999961853027344,18.757463455200195,False,1.0,1.0,2,gmd_03_high_bpm138,138.0,sim_tau
4,2.170002222061157,2.1650021076202397,-5.000114440917081,14.254700660705566,True,1.0,1.0,2,gmd_03_high_bpm138,138.0,sim_tau
5,2.510010004043579,2.525010347366333,15.000343322753906,2.610483169555664,True,1.0,1.0,2,gmd_03_high_bpm138,138.0,sim_tau
6,2.710014581680298,2.70501446723938,-5.000114440917969,180.5165557861328,True,1.0,1.0,2,gmd_03_high_bpm138,138.0,sim_tau
7,3.030021905899048,3.030021905899048,0.0,16.530303955078125,True,1.0,1.0,2,gmd_03_high_bpm138,138.0,sim_tau
8,3.3700296878814697,3.340029001235962,-30.000686645507812,2.8487915992736816,False,1.0,1.0,2,gmd_03_high_bpm138,138.0,sim_tau
9,3.490032434463501,3.490032434463501,0.0,17.687973022460938,True,1.0,1.0,2,gmd_03_high_bpm138,138.0,sim_tau
10,4.230049133300781,4.235049247741699,5.000114440917969,6.324484348297119,True,1.0,1.0,2,gmd_03_high_bpm138,138.0,sim_tau
11,4.450054168701172,,,0.0,False,1.0,1.0,2,gmd_03_high_bpm138,138.0,sim_tau
12,4.9900665283203125,4.960065841674805,-30.000686645507812,45.49501800537109,False,1.0,1.0,2,gmd_03_high_bpm138,138.0,sim_tau
13,5.290073394775391,5.255072593688965,-35.00080108642578,45.00545120239258,False,1.0,1.0,2,gmd_03_high_bpm138,138.0,sim_tau
14,5.6300811767578125,5.590080261230469,-40.00091552734375,15.98653507232666,False,1.0,1.0,2,gmd_03_high_bpm138,138.0,sim_tau
15,5.930088043212891,5.940088272094727,10.000228881835938,22.244461059570312,True,1.0,1.0,2,gmd_03_high_bpm138,138.0,sim_tau
16,6.170093536376953,6.170093536376953,0.0,17.616905212402344,True,1.0,1.0,2,gmd_03_high_bpm138,138.0,sim_tau
17,6.710105895996094,,,0.0,False,1.0,1.0,2,gmd_03_high_bpm138,138.0,sim_tau
18,7.010112762451172,6.995112419128418,-15.000343322753906,60.16286087036133,True,1.0,1.0,2,gmd_03_high_bpm138,138.0,sim_tau
19,7.370121002197266,7.365120887756348,-5.000114440917969,2.0526840686798096,True,1.0,1.0,2,gmd_03_high_bpm138,138.0,sim_tau
20,7.710128784179687,7.700128555297852,-10.00022888183505,5.420050144195557,True,1.0,1.0,2,gmd_03_high_bpm138,138.0,sim_tau
21,7.95013427734375,7.935133934020996,-15.000343322753906,16.985002517700195,True,1.0,1.0,2,gmd_03_high_bpm138,138.0,sim_tau
22,8.230140686035156,,,0.0,False,1.0,1.0,2,gmd_03_high_bpm138,138.0,sim_tau
23,8.570148468017578,8.560148239135742,-10.000228881835938,12273.150390625,True,1.0,1.0,2,gmd_03_high_bpm138,138.0,sim_tau
24,8.670150756835938,8.66515064239502,-5.000114440917969,12.96684455871582,True,1.0,1.0,2,gmd_03_high_bpm138,138.0,sim_tau
25,9.13016128540039,9.115160942077637,-15.000343322753906,1424.205322265625,True,1.0,1.0,2,gmd_03_high_bpm138,138.0,sim_tau
26,9.45016860961914,,,0.0,False,1.0,1.0,2,gmd_03_high_bpm138,138.0,sim_tau
27,9.690174102783203,9.65017318725586,-40.00091552734375,46.3391227722168,False,1.0,1.0,2,gmd_03_high_bpm138,138.0,sim_tau
28,10.010181427001951,10.015181541442873,5.0001144409215215,26.94488525390625,True,1.0,1.0,2,gmd_03_high_bpm138,138.0,sim_tau
29,10.330188751220703,10.31518840789795,-15.000343322753906,8.08652400970459,True,1.0,1.0,2,gmd_03_high_bpm138,138.0,sim_tau
30,10.890201568603516,10.870201110839844,-20.000457763671875,51.60794448852539,True,1.0,1.0,2,gmd_03_high_bpm138,138.0,sim_tau
31,11.210208892822266,11.215209007263184,5.000114440917969,15.774006843566896,True,1.0,1.0,2,gmd_03_high_bpm138,138.0,sim_tau
32,11.430213928222656,11.410213470458984,-20.000457763671875,320.4172058105469,True,1.0,1.0,2,gmd_03_high_bpm138,138.0,sim_tau
33,11.970226287841797,,,0.0,False,1.0,1.0,2,gmd_03_high_bpm138,138.0,sim_tau
34,12.270233154296877,12.230232238769531,-40.000915527345526,18.311384201049805,False,1.0,1.0,2,gmd_03_high_bpm138,138.0,sim_tau
35,12.610240936279297,12.595240592956545,-15.00034332275213,62.842872619628906,True,1.0,1.0,2,gmd_03_high_bpm138,138.0,sim_tau
36,12.910247802734377,12.87524700164795,-35.00080108642756,13.06979751586914,False,1.0,1.0,2,gmd_03_high_bpm138,138.0,sim_tau
37,13.670265197753906,13.675265312194824,5.000114440917969,9.610757827758787,True,1.0,1.0,2,gmd_03_high_bpm138,138.0,sim_tau
38,13.950271606445312,13.95527172088623,5.000114440917969,13.714173316955566,True,1.0,1.0,2,gmd_03_high_bpm138,138.0,sim_tau
39,14.330280303955078,,,0.0,False,1.0,1.0,2,gmd_03_high_bpm138,138.0,sim_tau
40,14.650287628173828,14.64528751373291,-5.000114440917969,27.95968437194824,True,1.0,1.0,2,gmd_03_high_bpm138,138.0,sim_tau
41,14.89029312133789,14.885293006896973,-5.000114440917969,7.7542619705200195,True,1.0,1.0,2,gmd_03_high_bpm138,138.0,sim_tau
42,15.21030044555664,,,0.0,False,1.0,1.0,2,gmd_03_high_bpm138,138.0,sim_tau
43,15.53030776977539,15.535307884216309,5.000114440917969,15.33661937713623,True,1.0,1.0,2,gmd_03_high_bpm138,138.0,sim_tau
44,15.610309600830078,15.585309028625488,-25.000572204589844,8.630718231201172,True,1.0,1.0,2,gmd_03_high_bpm138,138.0,sim_tau
0,1.349998950958252,,,0.0,False,1.0,1.0,2,gmd_04_extreme_bpm170,170.0,sim_tau
1,1.7499985694885254,,,0.0,False,1.0,1.0,2,gmd_04_extreme_bpm170,170.0,sim_tau
2,2.3100054264068604,,,0.0,False,1.0,1.0,2,gmd_04_extreme_bpm170,170.0,sim_tau
3,2.7300150394439697,,,0.0,False,1.0,1.0,2,gmd_04_extreme_bpm170,170.0,sim_tau
4,3.190025568008423,3.160024881362915,-30.000686645507812,16.244552612304688,False,1.0,1.0,2,gmd_04_extreme_bpm170,170.0,sim_tau
5,3.730037927627564,3.730037927627564,0.0,1.5682779550552368,True,1.0,1.0,2,gmd_04_extreme_bpm170,170.0,sim_tau
6,4.11004638671875,4.125046730041504,15.000343322753906,10.573604583740234,True,1.0,1.0,2,gmd_04_extreme_bpm170,170.0,sim_tau
7,4.610057830810547,4.605057716369629,-5.000114440917969,7.534134864807129,True,1.0,1.0,2,gmd_04_extreme_bpm170,170.0,sim_tau
8,4.870063781738281,4.850063323974609,-20.000457763671875,24.83459854125977,True,1.0,1.0,2,gmd_04_extreme_bpm170,170.0,sim_tau
9,5.130069732666016,5.090068817138672,-40.00091552734375,17.805164337158203,False,1.0,1.0,2,gmd_04_extreme_bpm170,170.0,sim_tau
10,5.990089416503906,6.010089874267578,20.000457763671875,2.416811466217041,True,1.0,1.0,2,gmd_04_extreme_bpm170,170.0,sim_tau
11,6.35009765625,6.335097312927246,-15.000343322753906,14.074420928955078,True,1.0,1.0,2,gmd_04_extreme_bpm170,170.0,sim_tau
12,6.530101776123047,6.510101318359375,-20.000457763671875,12.009055137634276,True,1.0,1.0,2,gmd_04_extreme_bpm170,170.0,sim_tau
13,6.710105895996094,6.69510555267334,-15.000343322753906,12.720695495605469,True,1.0,1.0,2,gmd_04_extreme_bpm170,170.0,sim_tau
14,6.950111389160156,,,0.0,False,1.0,1.0,2,gmd_04_extreme_bpm170,170.0,sim_tau
15,7.410121917724609,,,0.0,False,1.0,1.0,2,gmd_04_extreme_bpm170,170.0,sim_tau
16,7.750129699707031,,,0.0,False,1.0,1.0,2,gmd_04_extreme_bpm170,170.0,sim_tau
17,8.010135650634766,8.020135879516602,10.000228881835938,1922.847412109375,True,1.0,1.0,2,gmd_04_extreme_bpm170,170.0,sim_tau
18,8.090137481689453,8.085137367248535,-5.000114440917969,4.276324272155762,True,1.0,1.0,2,gmd_04_extreme_bpm170,170.0,sim_tau
19,8.530147552490234,8.525147438049316,-5.000114440917969,6.981921672821045,True,1.0,1.0,2,gmd_04_extreme_bpm170,170.0,sim_tau
20,8.970157623291016,8.975157737731934,5.000114440917969,2.8366332054138184,True,1.0,1.0,2,gmd_04_extreme_bpm170,170.0,sim_tau
21,9.23016357421875,9.225163459777832,-5.000114440917969,16.749053955078125,True,1.0,1.0,2,gmd_04_extreme_bpm170,170.0,sim_tau
22,9.490169525146484,9.490169525146484,0.0,20.90369415283203,True,1.0,1.0,2,gmd_04_extreme_bpm170,170.0,sim_tau
23,9.690174102783203,9.670173645019531,-20.000457763671875,9.327157020568848,True,1.0,1.0,2,gmd_04_extreme_bpm170,170.0,sim_tau
24,10.230186462402344,10.245186805725098,15.000343322753906,12.767220497131348,True,1.0,1.0,2,gmd_04_extreme_bpm170,170.0,sim_tau
25,10.570194244384766,,,0.0,False,1.0,1.0,2,gmd_04_extreme_bpm170,170.0,sim_tau
26,10.8302001953125,10.825200080871582,-5.000114440917969,1051.376953125,True,1.0,1.0,2,gmd_04_extreme_bpm170,170.0,sim_tau
27,10.93020248413086,10.910202026367188,-20.000457763671875,16.462451934814453,True,1.0,1.0,2,gmd_04_extreme_bpm170,170.0,sim_tau
28,11.390213012695312,11.385212898254396,-5.000114440916192,10.465391159057615,True,1.0,1.0,2,gmd_04_extreme_bpm170,170.0,sim_tau
29,11.850223541259766,11.830223083496094,-20.000457763671875,38.40542602539063,True,1.0,1.0,2,gmd_04_extreme_bpm170,170.0,sim_tau
30,12.090229034423828,12.065228462219238,-25.000572204589844,47.02684020996094,True,1.0,1.0,2,gmd_04_extreme_bpm170,170.0,sim_tau
31,12.350234985351562,12.360235214233398,10.000228881835938,45.06284332275391,True,1.0,1.0,2,gmd_04_extreme_bpm170,170.0,sim_tau
32,12.55023956298828,12.5552396774292,5.000114440919745,4.18736457824707,True,1.0,1.0,2,gmd_04_extreme_bpm170,170.0,sim_tau
33,12.65024185180664,12.665242195129396,15.000343322755683,6.673909664154053,True,1.0,1.0,2,gmd_04_extreme_bpm170,170.0,sim_tau
34,13.07025146484375,,,0.0,False,1.0,1.0,2,gmd_04_extreme_bpm170,170.0,sim_tau
35,13.3902587890625,,,0.0,False,1.0,1.0,2,gmd_04_extreme_bpm170,170.0,sim_tau
36,13.670265197753906,,,0.0,False,1.0,1.0,2,gmd_04_extreme_bpm170,170.0,sim_tau
37,13.770267486572266,13.745266914367676,-25.000572204589844,11.094850540161133,True,1.0,1.0,2,gmd_04_extreme_bpm170,170.0,sim_tau
38,14.210277557373049,14.210277557373049,0.0,11.309717178344728,True,1.0,1.0,2,gmd_04_extreme_bpm170,170.0,sim_tau
39,14.630287170410156,14.62028694152832,-10.000228881835938,38.32803726196289,True,1.0,1.0,2,gmd_04_extreme_bpm170,170.0,sim_tau
40,14.89029312133789,14.860292434692385,-30.000686645506036,14.030139923095703,False,1.0,1.0,2,gmd_04_extreme_bpm170,170.0,sim_tau
41,15.150299072265623,15.150299072265623,0.0,15.839876174926758,True,1.0,1.0,2,gmd_04_extreme_bpm170,170.0,sim_tau
42,15.350303649902344,15.365303993225098,15.000343322753906,12.240357398986816,True,1.0,1.0,2,gmd_04_extreme_bpm170,170.0,sim_tau
43,15.85031509399414,,,0.0,False,1.0,1.0,2,gmd_04_extreme_bpm170,170.0,sim_tau
0,1.509998798370361,1.504998803138733,-4.999995231628196,9.636125564575195,True,2.0,0.5,2,double_160bpm,160.0,sim_tau
1,1.6099987030029297,1.6199986934661863,9.999990463256614,11.461524963378906,True,2.0,0.5,2,double_160bpm,160.0,sim_tau
2,1.889998435974121,1.889998435974121,0.0,23.524093627929688,True,2.0,0.5,2,double_160bpm,160.0,sim_tau
3,1.969998359680176,1.9649983644485476,-4.999995231628418,22.70158195495605,True,2.0,0.5,2,double_160bpm,160.0,sim_tau
4,2.2500040531158447,2.215003252029419,-35.00080108642578,12.228243827819824,False,2.0,0.5,2,double_160bpm,160.0,sim_tau
5,2.350006341934204,2.36000657081604,10.000228881835938,13.61893081665039,True,2.0,0.5,2,double_160bpm,160.0,sim_tau
6,2.6300127506256104,2.6250126361846924,-5.000114440917969,9.848627090454102,True,2.0,0.5,2,double_160bpm,160.0,sim_tau
7,2.7300150394439697,2.735015153884888,5.000114440918413,1.0693471431732178,True,2.0,0.5,2,double_160bpm,160.0,sim_tau
8,3.010021448135376,3.005021333694458,-5.000114440917969,8.427088737487793,True,2.0,0.5,2,double_160bpm,160.0,sim_tau
9,3.110023736953736,3.095023393630981,-15.000343322754794,12.14385986328125,True,2.0,0.5,2,double_160bpm,160.0,sim_tau
10,3.3900301456451416,3.3900301456451416,0.0,8.009557723999023,True,2.0,0.5,2,double_160bpm,160.0,sim_tau
11,3.470031976699829,3.465031862258911,-5.000114440917969,98.7890853881836,True,2.0,0.5,2,double_160bpm,160.0,sim_tau
12,3.7700388431549072,3.775038957595825,5.000114440917969,8.586641311645508,True,2.0,0.5,2,double_160bpm,160.0,sim_tau
13,3.8500406742095943,3.810039758682251,-40.00091552734331,13.922225952148438,False,2.0,0.5,2,double_160bpm,160.0,sim_tau
14,4.130046844482422,4.130046844482422,0.0,8.168477058410645,True,2.0,0.5,2,double_160bpm,160.0,sim_tau
15,4.230049133300781,4.230049133300781,0.0,11.04798984527588,True,2.0,0.5,2,double_160bpm,160.0,sim_tau
16,4.510055541992188,4.48005485534668,-30.0006866455087,16.981277465820312,False,2.0,0.5,2,double_160bpm,160.0,sim_tau
17,4.610057830810547,4.620058059692383,10.000228881835938,21.69085693359375,True,2.0,0.5,2,double_160bpm,160.0,sim_tau
18,4.890064239501953,4.905064582824707,15.000343322753906,9.73940658569336,True,2.0,0.5,2,double_160bpm,160.0,sim_tau
19,4.970066070556641,4.965065956115723,-5.000114440917969,75.1360092163086,True,2.0,0.5,2,double_160bpm,160.0,sim_tau
20,5.250072479248047,5.245072364807129,-5.000114440917969,14.121708869934082,True,2.0,0.5,2,double_160bpm,160.0,sim_tau
21,5.350074768066406,5.350074768066406,0.0,10.72484016418457,True,2.0,0.5,2,double_160bpm,160.0,sim_tau
22,5.6300811767578125,5.6300811767578125,0.0,27.884056091308597,True,2.0,0.5,2,double_160bpm,160.0,sim_tau
23,5.730083465576172,5.725083351135254,-5.000114440917969,20.932861328125,True,2.0,0.5,2,double_160bpm,160.0,sim_tau
24,1.509998798370361,1.504998803138733,-4.999995231628196,10.522677421569824,True,2.0,0.5,2,double_160bpm,160.0,sim_tau
25,1.6099987030029297,1.5749987363815308,-34.999966621398926,11.281994819641112,False,2.0,0.5,2,double_160bpm,160.0,sim_tau
26,1.889998435974121,1.8799984455108645,-9.999990463256614,46.51385498046875,True,2.0,0.5,2,double_160bpm,160.0,sim_tau
27,1.969998359680176,1.9549983739852903,-14.999985694885698,11.959622383117676,True,2.0,0.5,2,double_160bpm,160.0,sim_tau
28,2.2500040531158447,2.215003252029419,-35.00080108642578,12.08171844482422,False,2.0,0.5,2,double_160bpm,160.0,sim_tau
29,2.350006341934204,2.3150055408477783,-35.00080108642578,100.4762191772461,False,2.0,0.5,2,double_160bpm,160.0,sim_tau
30,2.6300127506256104,2.6200125217437744,-10.000228881835938,9.18778133392334,True,2.0,0.5,2,double_160bpm,160.0,sim_tau
31,2.7300150394439697,2.735015153884888,5.000114440918413,1.2852039337158203,True,2.0,0.5,2,double_160bpm,160.0,sim_tau
32,3.010021448135376,3.005021333694458,-5.000114440917969,8.562707901000977,True,2.0,0.5,2,double_160bpm,160.0,sim_tau
33,3.110023736953736,3.095023393630981,-15.000343322754794,12.356071472167969,True,2.0,0.5,2,double_160bpm,160.0,sim_tau
34,3.3900301456451416,3.3900301456451416,0.0,7.514213562011719,True,2.0,0.5,2,double_160bpm,160.0,sim_tau
35,3.470031976699829,3.465031862258911,-5.000114440917969,7.252581596374512,True,2.0,0.5,2,double_160bpm,160.0,sim_tau
36,3.7700388431549072,3.790039300918579,20.000457763671875,27.85926818847656,True,2.0,0.5,2,double_160bpm,160.0,sim_tau
37,3.8500406742095943,3.745038270950317,-105.00240325927734,11.25976276397705,False,2.0,0.5,2,double_160bpm,160.0,sim_tau
38,4.130046844482422,4.125046730041504,-5.000114440917969,10.566971778869627,True,2.0,0.5,2,double_160bpm,160.0,sim_tau
39,4.230049133300781,4.195048332214356,-35.00080108642489,24.862224578857425,False,2.0,0.5,2,double_160bpm,160.0,sim_tau
40,4.510055541992188,4.545056343078613,35.00080108642489,13.83026123046875,False,2.0,0.5,2,double_160bpm,160.0,sim_tau
41,4.610057830810547,4.580057144165039,-30.000686645507812,15.476736068725586,False,2.0,0.5,2,double_160bpm,160.0,sim_tau
42,4.890064239501953,4.905064582824707,15.000343322753906,17.122241973876953,True,2.0,0.5,2,double_160bpm,160.0,sim_tau
43,4.970066070556641,4.935065269470215,-35.00080108642578,13.13133144378662,False,2.0,0.5,2,double_160bpm,160.0,sim_tau
44,5.250072479248047,5.270072937011719,20.000457763671875,19.62925148010254,True,2.0,0.5,2,double_160bpm,160.0,sim_tau
45,5.350074768066406,5.360074996948242,10.000228881835938,2.530974864959717,True,2.0,0.5,2,double_160bpm,160.0,sim_tau
46,5.6300811767578125,5.6300811767578125,0.0,7.817944526672363,True,2.0,0.5,2,double_160bpm,160.0,sim_tau
47,5.730083465576172,5.690082550048828,-40.00091552734375,11.087039947509766,False,2.0,0.5,2,double_160bpm,160.0,sim_tau
48,1.509998798370361,1.5199987888336182,9.999990463257058,7.270819664001465,True,2.0,0.5,2,double_160bpm,160.0,sim_tau
49,1.6099987030029297,1.5749987363815308,-34.999966621398926,11.38770580291748,False,2.0,0.5,2,double_160bpm,160.0,sim_tau
50,1.889998435974121,1.9149984121322632,24.99997615814209,14.67586612701416,True,2.0,0.5,2,double_160bpm,160.0,sim_tau
51,1.969998359680176,1.8499984741210935,-119.99988555908247,63.91616821289063,False,2.0,0.5,2,double_160bpm,160.0,sim_tau
52,2.2500040531158447,2.215003252029419,-35.00080108642578,12.640969276428224,False,2.0,0.5,2,double_160bpm,160.0,sim_tau
53,2.350006341934204,2.3150055408477783,-35.00080108642578,81.18544006347656,False,2.0,0.5,2,double_160bpm,160.0,sim_tau
54,2.6300127506256104,2.5850117206573486,-45.00102996826172,16.691282272338867,False,2.0,0.5,2,double_160bpm,160.0,sim_tau
55,2.7300150394439697,2.7400152683258057,10.000228881835938,1.589581847190857,True,2.0,0.5,2,double_160bpm,160.0,sim_tau
56,3.010021448135376,3.005021333694458,-5.000114440917969,8.606673240661621,True,2.0,0.5,2,double_160bpm,160.0,sim_tau
57,3.110023736953736,3.095023393630981,-15.000343322754794,13.543901443481444,True,2.0,0.5,2,double_160bpm,160.0,sim_tau
58,3.3900301456451416,3.3900301456451416,0.0,7.523685455322266,True,2.0,0.5,2,double_160bpm,160.0,sim_tau
59,3.470031976699829,3.4200308322906494,-50.00114440917969,27.026166915893555,False,2.0,0.5,2,double_160bpm,160.0,sim_tau
60,3.7700388431549072,3.745038270950317,-25.000572204590288,11.257366180419922,True,2.0,0.5,2,double_160bpm,160.0,sim_tau
61,3.8500406742095943,3.745038270950317,-105.00240325927734,11.2540922164917,False,2.0,0.5,2,double_160bpm,160.0,sim_tau
62,4.130046844482422,4.095046043395996,-35.00080108642578,12.802634239196776,False,2.0,0.5,2,double_160bpm,160.0,sim_tau
63,4.230049133300781,4.195048332214356,-35.00080108642489,24.110008239746094,False,2.0,0.5,2,double_160bpm,160.0,sim_tau
64,4.510055541992188,4.545056343078613,35.00080108642489,13.196579933166504,False,2.0,0.5,2,double_160bpm,160.0,sim_tau
65,4.610057830810547,4.575057029724121,-35.00080108642578,13.697210311889648,False,2.0,0.5,2,double_160bpm,160.0,sim_tau
66,4.890064239501953,4.910064697265625,20.000457763671875,15.810562133789062,True,2.0,0.5,2,double_160bpm,160.0,sim_tau
67,4.970066070556641,4.850063323974609,-120.00274658203125,4.116487503051758,False,2.0,0.5,2,double_160bpm,160.0,sim_tau
68,5.250072479248047,5.215071678161621,-35.00080108642578,12.480709075927734,False,2.0,0.5,2,double_160bpm,160.0,sim_tau
69,5.350074768066406,5.3150739669799805,-35.00080108642578,25.25645065307617,False,2.0,0.5,2,double_160bpm,160.0,sim_tau
70,5.6300811767578125,5.6350812911987305,5.000114440917969,11.859758377075195,True,2.0,0.5,2,double_160bpm,160.0,sim_tau
71,5.730083465576172,5.600080490112305,-130.0029754638672,19.079938888549805,False,2.0,0.5,2,double_160bpm,160.0,sim_tau
0,0.4299997389316559,0.4249997437000274,-4.999995231628473,10.12253189086914,True,2.0,0.5,2,gmd_03_high_bpm138,138.0,sim_tau
1,0.749999463558197,0.7399994730949402,-9.999990463256836,17.783267974853516,True,2.0,0.5,2,gmd_03_high_bpm138,138.0,sim_tau
2,0.9699992537498474,0.9499992728233336,-19.999980926513782,8.394636154174805,True,2.0,0.5,2,gmd_03_high_bpm138,138.0,sim_tau
3,1.6299986839294434,1.5999987125396729,-29.999971389770508,12.316380500793455,True,2.0,0.5,2,gmd_03_high_bpm138,138.0,sim_tau
4,2.170002222061157,2.1500017642974854,-20.00045776367143,45.61778259277344,True,2.0,0.5,2,gmd_03_high_bpm138,138.0,sim_tau
5,2.510010004043579,,,0.0,False,2.0,0.5,2,gmd_03_high_bpm138,138.0,sim_tau
6,2.710014581680298,2.700014352798462,-10.000228881835938,19.318389892578125,True,2.0,0.5,2,gmd_03_high_bpm138,138.0,sim_tau
7,3.030021905899048,,,0.0,False,2.0,0.5,2,gmd_03_high_bpm138,138.0,sim_tau
8,3.3700296878814697,3.4150307178497314,45.00102996826172,17.469982147216797,False,2.0,0.5,2,gmd_03_high_bpm138,138.0,sim_tau
9,3.490032434463501,3.475032091140747,-15.000343322753906,32.92597961425781,True,2.0,0.5,2,gmd_03_high_bpm138,138.0,sim_tau
10,4.230049133300781,,,0.0,False,2.0,0.5,2,gmd_03_high_bpm138,138.0,sim_tau
11,4.450054168701172,4.445054054260254,-5.000114440917969,9.394429206848145,True,2.0,0.5,2,gmd_03_high_bpm138,138.0,sim_tau
12,4.9900665283203125,4.975066184997559,-15.000343322753906,15.048891067504885,True,2.0,0.5,2,gmd_03_high_bpm138,138.0,sim_tau
13,5.290073394775391,5.275073051452637,-15.000343322753906,72.52111053466797,True,2.0,0.5,2,gmd_03_high_bpm138,138.0,sim_tau
14,5.6300811767578125,5.6300811767578125,0.0,9.309063911437988,True,2.0,0.5,2,gmd_03_high_bpm138,138.0,sim_tau
15,5.930088043212891,5.910087585449219,-20.000457763671875,27.46919059753418,True,2.0,0.5,2,gmd_03_high_bpm138,138.0,sim_tau
16,6.170093536376953,6.135092735290527,-35.00080108642578,10.911873817443848,False,2.0,0.5,2,gmd_03_high_bpm138,138.0,sim_tau
17,6.710105895996094,6.700105667114258,-10.000228881835938,16.116487503051758,True,2.0,0.5,2,gmd_03_high_bpm138,138.0,sim_tau
18,7.010112762451172,6.9901123046875,-20.000457763671875,9.501676559448242,True,2.0,0.5,2,gmd_03_high_bpm138,138.0,sim_tau
19,7.370121002197266,7.345120429992676,-25.000572204589844,6.816440105438232,True,2.0,0.5,2,gmd_03_high_bpm138,138.0,sim_tau
20,7.710128784179687,7.68012809753418,-30.000686645506924,13.396851539611816,False,2.0,0.5,2,gmd_03_high_bpm138,138.0,sim_tau
21,7.95013427734375,7.92513370513916,-25.000572204589844,14.218950271606444,True,2.0,0.5,2,gmd_03_high_bpm138,138.0,sim_tau
22,8.230140686035156,8.215140342712402,-15.000343322753906,71.45339965820312,True,2.0,0.5,2,gmd_03_high_bpm138,138.0,sim_tau
23,8.570148468017578,8.605149269104004,35.00080108642578,17.32062530517578,False,2.0,0.5,2,gmd_03_high_bpm138,138.0,sim_tau
24,8.670150756835938,8.530147552490234,-140.00320434570312,54.8060188293457,False,2.0,0.5,2,gmd_03_high_bpm138,138.0,sim_tau
25,9.13016128540039,9.115160942077637,-15.000343322753906,3.9152097702026367,True,2.0,0.5,2,gmd_03_high_bpm138,138.0,sim_tau
26,9.45016860961914,9.42516803741455,-25.000572204589844,21.6612491607666,True,2.0,0.5,2,gmd_03_high_bpm138,138.0,sim_tau
27,9.690174102783203,9.680173873901367,-10.000228881835938,24.84041404724121,True,2.0,0.5,2,gmd_03_high_bpm138,138.0,sim_tau
28,10.010181427001951,10.010181427001951,0.0,16.638996124267578,True,2.0,0.5,2,gmd_03_high_bpm138,138.0,sim_tau
29,10.330188751220703,10.295187950134276,-35.00080108642756,10.206802368164062,False,2.0,0.5,2,gmd_03_high_bpm138,138.0,sim_tau
30,10.890201568603516,10.875201225280762,-15.000343322753906,4.313342094421387,True,2.0,0.5,2,gmd_03_high_bpm138,138.0,sim_tau
31,11.210208892822266,,,0.0,False,2.0,0.5,2,gmd_03_high_bpm138,138.0,sim_tau
32,11.430213928222656,11.410213470458984,-20.000457763671875,22.122167587280277,True,2.0,0.5,2,gmd_03_high_bpm138,138.0,sim_tau
33,11.970226287841797,11.970226287841797,0.0,12.375454902648926,True,2.0,0.5,2,gmd_03_high_bpm138,138.0,sim_tau
34,12.270233154296877,12.240232467651367,-30.00068664550959,8.34006404876709,False,2.0,0.5,2,gmd_03_high_bpm138,138.0,sim_tau
35,12.610240936279297,12.610240936279297,0.0,8.761128425598145,True,2.0,0.5,2,gmd_03_high_bpm138,138.0,sim_tau
36,12.910247802734377,12.885247230529783,-25.000572204593396,30.444660186767575,True,2.0,0.5,2,gmd_03_high_bpm138,138.0,sim_tau
37,13.670265197753906,13.645264625549316,-25.000572204589844,24.756046295166016,True,2.0,0.5,2,gmd_03_high_bpm138,138.0,sim_tau
38,13.950271606445312,13.93527126312256,-15.00034332275213,8.508634567260742,True,2.0,0.5,2,gmd_03_high_bpm138,138.0,sim_tau
39,14.330280303955078,14.35028076171875,20.000457763671875,23.934749603271484,True,2.0,0.5,2,gmd_03_high_bpm138,138.0,sim_tau
40,14.650287628173828,,,0.0,False,2.0,0.5,2,gmd_03_high_bpm138,138.0,sim_tau
41,14.89029312133789,14.835291862487791,-55.00125885009943,63.44354248046875,False,2.0,0.5,2,gmd_03_high_bpm138,138.0,sim_tau
42,15.21030044555664,15.195300102233888,-15.00034332275213,8.724879264831543,True,2.0,0.5,2,gmd_03_high_bpm138,138.0,sim_tau
43,15.53030776977539,15.540307998657228,10.000228881837714,15.413251876831056,True,2.0,0.5,2,gmd_03_high_bpm138,138.0,sim_tau
44,15.610309600830078,,,0.0,False,2.0,0.5,2,gmd_03_high_bpm138,138.0,sim_tau
0,1.349998950958252,1.3649989366531372,14.999985694885254,17.317672729492188,True,2.0,0.5,2,gmd_04_extreme_bpm170,170.0,sim_tau
1,1.7499985694885254,1.744998574256897,-4.999995231628418,9.397554397583008,True,2.0,0.5,2,gmd_04_extreme_bpm170,170.0,sim_tau
2,2.3100054264068604,2.2900049686431885,-20.000457763671875,24.461013793945312,True,2.0,0.5,2,gmd_04_extreme_bpm170,170.0,sim_tau
3,2.7300150394439697,2.710014581680298,-20.000457763671875,15.72974681854248,True,2.0,0.5,2,gmd_04_extreme_bpm170,170.0,sim_tau
4,3.190025568008423,,,0.0,False,2.0,0.5,2,gmd_04_extreme_bpm170,170.0,sim_tau
5,3.730037927627564,3.7050373554229736,-25.000572204590288,12.89752197265625,True,2.0,0.5,2,gmd_04_extreme_bpm170,170.0,sim_tau
6,4.11004638671875,4.115046501159668,5.000114440917969,10.54482650756836,True,2.0,0.5,2,gmd_04_extreme_bpm170,170.0,sim_tau
7,4.610057830810547,,,0.0,False,2.0,0.5,2,gmd_04_extreme_bpm170,170.0,sim_tau
8,4.870063781738281,,,0.0,False,2.0,0.5,2,gmd_04_extreme_bpm170,170.0,sim_tau
9,5.130069732666016,,,0.0,False,2.0,0.5,2,gmd_04_extreme_bpm170,170.0,sim_tau
10,5.990089416503906,5.985089302062988,-5.000114440917969,6.44017505645752,True,2.0,0.5,2,gmd_04_extreme_bpm170,170.0,sim_tau
11,6.35009765625,6.330097198486328,-20.000457763671875,8.749605178833008,True,2.0,0.5,2,gmd_04_extreme_bpm170,170.0,sim_tau
12,6.530101776123047,,,0.0,False,2.0,0.5,2,gmd_04_extreme_bpm170,170.0,sim_tau
13,6.710105895996094,6.685105323791504,-25.000572204589844,32.582672119140625,True,2.0,0.5,2,gmd_04_extreme_bpm170,170.0,sim_tau
14,6.950111389160156,,,0.0,False,2.0,0.5,2,gmd_04_extreme_bpm170,170.0,sim_tau
15,7.410121917724609,7.380121231079102,-30.000686645507812,36.31879425048828,False,2.0,0.5,2,gmd_04_extreme_bpm170,170.0,sim_tau
16,7.750129699707031,7.740129470825195,-10.000228881835938,13.58696746826172,True,2.0,0.5,2,gmd_04_extreme_bpm170,170.0,sim_tau
17,8.010135650634766,,,0.0,False,2.0,0.5,2,gmd_04_extreme_bpm170,170.0,sim_tau
18,8.090137481689453,,,0.0,False,2.0,0.5,2,gmd_04_extreme_bpm170,170.0,sim_tau
19,8.530147552490234,8.510147094726562,-20.000457763671875,8.10107421875,True,2.0,0.5,2,gmd_04_extreme_bpm170,170.0,sim_tau
20,8.970157623291016,8.955157279968262,-15.000343322753906,7.1835527420043945,True,2.0,0.5,2,gmd_04_extreme_bpm170,170.0,sim_tau
21,9.23016357421875,9.210163116455078,-20.000457763671875,7.655038833618164,True,2.0,0.5,2,gmd_04_extreme_bpm170,170.0,sim_tau
22,9.490169525146484,,,0.0,False,2.0,0.5,2,gmd_04_extreme_bpm170,170.0,sim_tau
23,9.690174102783203,9.67517375946045,-15.000343322753906,12.167678833007812,True,2.0,0.5,2,gmd_04_extreme_bpm170,170.0,sim_tau
24,10.230186462402344,10.200185775756836,-30.000686645507812,17.817893981933594,False,2.0,0.5,2,gmd_04_extreme_bpm170,170.0,sim_tau
25,10.570194244384766,10.540193557739258,-30.000686645507812,12.995885848999023,False,2.0,0.5,2,gmd_04_extreme_bpm170,170.0,sim_tau
26,10.8302001953125,10.8302001953125,0.0,10.944843292236328,True,2.0,0.5,2,gmd_04_extreme_bpm170,170.0,sim_tau
27,10.93020248413086,,,0.0,False,2.0,0.5,2,gmd_04_extreme_bpm170,170.0,sim_tau
28,11.390213012695312,11.37021255493164,-20.000457763671875,16.7886905670166,True,2.0,0.5,2,gmd_04_extreme_bpm170,170.0,sim_tau
29,11.850223541259766,11.845223426818848,-5.000114440917969,8.027347564697266,True,2.0,0.5,2,gmd_04_extreme_bpm170,170.0,sim_tau
30,12.090229034423828,12.055228233337402,-35.00080108642578,11.08578109741211,False,2.0,0.5,2,gmd_04_extreme_bpm170,170.0,sim_tau
31,12.350234985351562,12.35523509979248,5.000114440917969,19.322898864746094,True,2.0,0.5,2,gmd_04_extreme_bpm170,170.0,sim_tau
32,12.55023956298828,12.525238990783691,-25.000572204588067,10.162303924560549,True,2.0,0.5,2,gmd_04_extreme_bpm170,170.0,sim_tau
33,12.65024185180664,,,0.0,False,2.0,0.5,2,gmd_04_extreme_bpm170,170.0,sim_tau
34,13.07025146484375,13.065251350402832,-5.000114440917969,19.37544631958008,True,2.0,0.5,2,gmd_04_extreme_bpm170,170.0,sim_tau
35,13.3902587890625,13.395258903503418,5.000114440917969,22.53639793395996,True,2.0,0.5,2,gmd_04_extreme_bpm170,170.0,sim_tau
36,13.670265197753906,,,0.0,False,2.0,0.5,2,gmd_04_extreme_bpm170,170.0,sim_tau
37,13.770267486572266,13.740266799926758,-30.000686645507812,14.14816188812256,False,2.0,0.5,2,gmd_04_extreme_bpm170,170.0,sim_tau
38,14.210277557373049,14.190277099609377,-20.000457763671875,15.913328170776367,True,2.0,0.5,2,gmd_04_extreme_bpm170,170.0,sim_tau
39,14.630287170410156,14.62028694152832,-10.000228881835938,7.347672462463379,True,2.0,0.5,2,gmd_04_extreme_bpm170,170.0,sim_tau
40,14.89029312133789,14.880292892456056,-10.000228881834161,8.709173202514648,True,2.0,0.5,2,gmd_04_extreme_bpm170,170.0,sim_tau
41,15.150299072265623,,,0.0,False,2.0,0.5,2,gmd_04_extreme_bpm170,170.0,sim_tau
42,15.350303649902344,,,0.0,False,2.0,0.5,2,gmd_04_extreme_bpm170,170.0,sim_tau
43,15.85031509399414,,,0.0,False,2.0,0.5,2,gmd_04_extreme_bpm170,170.0,sim_tau
0,1.509998798370361,1.4649988412857056,-44.99995708465554,16.6763858795166,False,2.0,1.0,2,double_160bpm,160.0,sim_tau
1,1.6099987030029297,1.589998722076416,-19.999980926513672,14.271692276000977,True,2.0,1.0,2,double_160bpm,160.0,sim_tau
2,1.889998435974121,1.889998435974121,0.0,8.706286430358887,True,2.0,1.0,2,double_160bpm,160.0,sim_tau
3,1.969998359680176,1.9799983501434328,9.999990463256836,6.054791450500488,True,2.0,1.0,2,double_160bpm,160.0,sim_tau
4,2.2500040531158447,2.2550041675567627,5.000114440917969,13.174680709838867,True,2.0,1.0,2,double_160bpm,160.0,sim_tau
5,2.350006341934204,2.355006456375122,5.000114440917969,1.4842597246170044,True,2.0,1.0,2,double_160bpm,160.0,sim_tau
6,2.6300127506256104,2.6350128650665283,5.000114440917969,14.425912857055664,True,2.0,1.0,2,double_160bpm,160.0,sim_tau
7,2.7300150394439697,2.710014581680298,-20.000457763671875,18.65995407104492,True,2.0,1.0,2,double_160bpm,160.0,sim_tau
8,3.010021448135376,3.015021562576294,5.000114440917969,15.222375869750977,True,2.0,1.0,2,double_160bpm,160.0,sim_tau
9,3.110023736953736,3.085023164749145,-25.000572204590732,2.9374520778656006,True,2.0,1.0,2,double_160bpm,160.0,sim_tau
10,3.3900301456451416,3.39503026008606,5.000114440918413,10.683653831481934,True,2.0,1.0,2,double_160bpm,160.0,sim_tau
11,3.470031976699829,3.470031976699829,0.0,13.826234817504885,True,2.0,1.0,2,double_160bpm,160.0,sim_tau
12,3.7700388431549072,3.765038728713989,-5.000114440918413,9.395994186401367,True,2.0,1.0,2,double_160bpm,160.0,sim_tau
13,3.8500406742095943,3.860040903091431,10.000228881836826,1.011199951171875,True,2.0,1.0,2,double_160bpm,160.0,sim_tau
14,4.130046844482422,4.095046043395996,-35.00080108642578,20.215999603271484,False,2.0,1.0,2,double_160bpm,160.0,sim_tau
15,4.230049133300781,4.210048675537109,-20.000457763671875,16.930646896362305,True,2.0,1.0,2,double_160bpm,160.0,sim_tau
16,4.510055541992188,4.465054512023926,-45.00102996826261,14.982633590698242,False,2.0,1.0,2,double_160bpm,160.0,sim_tau
17,4.610057830810547,4.610057830810547,0.0,13.06908130645752,True,2.0,1.0,2,double_160bpm,160.0,sim_tau
18,4.890064239501953,4.890064239501953,0.0,8.408500671386719,True,2.0,1.0,2,double_160bpm,160.0,sim_tau
19,4.970066070556641,4.975066184997559,5.000114440917969,2.042998075485229,True,2.0,1.0,2,double_160bpm,160.0,sim_tau
20,5.250072479248047,5.250072479248047,0.0,9.372977256774902,True,2.0,1.0,2,double_160bpm,160.0,sim_tau
21,5.350074768066406,5.350074768066406,0.0,9.105052947998049,True,2.0,1.0,2,double_160bpm,160.0,sim_tau
22,5.6300811767578125,5.610080718994141,-20.000457763671875,6.791256904602051,True,2.0,1.0,2,double_160bpm,160.0,sim_tau
23,5.730083465576172,5.73508358001709,5.000114440917969,16.182697296142578,True,2.0,1.0,2,double_160bpm,160.0,sim_tau
24,1.509998798370361,1.4649988412857056,-44.99995708465554,16.545162200927734,False,2.0,1.0,2,double_160bpm,160.0,sim_tau
25,1.6099987030029297,1.5699987411499023,-39.999961853027344,3.548550128936768,False,2.0,1.0,2,double_160bpm,160.0,sim_tau
26,1.889998435974121,1.8949984312057493,4.999995231628196,2.499409437179565,True,2.0,1.0,2,double_160bpm,160.0,sim_tau
27,1.969998359680176,1.959998369216919,-9.999990463257058,34.13304138183594,True,2.0,1.0,2,double_160bpm,160.0,sim_tau
28,2.2500040531158447,2.2600042819976807,10.000228881835938,7.220471382141113,True,2.0,1.0,2,double_160bpm,160.0,sim_tau
29,2.350006341934204,2.345006227493286,-5.000114440917969,1.302600622177124,True,2.0,1.0,2,double_160bpm,160.0,sim_tau
30,2.6300127506256104,2.6350128650665283,5.000114440917969,14.33953094482422,True,2.0,1.0,2,double_160bpm,160.0,sim_tau
31,2.7300150394439697,2.710014581680298,-20.000457763671875,16.0497989654541,True,2.0,1.0,2,double_160bpm,160.0,sim_tau
32,3.010021448135376,2.97502064704895,-35.00080108642578,7.086627006530762,False,2.0,1.0,2,double_160bpm,160.0,sim_tau
33,3.110023736953736,3.0750229358673096,-35.00080108642622,6.1499433517456055,False,2.0,1.0,2,double_160bpm,160.0,sim_tau
34,3.3900301456451416,3.39503026008606,5.000114440918413,10.960685729980469,True,2.0,1.0,2,double_160bpm,160.0,sim_tau
35,3.470031976699829,3.470031976699829,0.0,13.225479125976562,True,2.0,1.0,2,double_160bpm,160.0,sim_tau
36,3.7700388431549072,3.765038728713989,-5.000114440918413,9.397367477416992,True,2.0,1.0,2,double_160bpm,160.0,sim_tau
37,3.8500406742095943,3.860040903091431,10.000228881836826,1.2559096813201904,True,2.0,1.0,2,double_160bpm,160.0,sim_tau
38,4.130046844482422,4.095046043395996,-35.00080108642578,20.22401237487793,False,2.0,1.0,2,double_160bpm,160.0,sim_tau
39,4.230049133300781,4.210048675537109,-20.000457763671875,16.913530349731445,True,2.0,1.0,2,double_160bpm,160.0,sim_tau
40,4.510055541992188,4.465054512023926,-45.00102996826261,15.113728523254396,False,2.0,1.0,2,double_160bpm,160.0,sim_tau
41,4.610057830810547,4.605057716369629,-5.000114440917969,2.967752456665039,True,2.0,1.0,2,double_160bpm,160.0,sim_tau
42,4.890064239501953,4.895064353942871,5.000114440917969,2.5257904529571533,True,2.0,1.0,2,double_160bpm,160.0,sim_tau
43,4.970066070556641,4.960065841674805,-10.000228881835938,32.55229949951172,True,2.0,1.0,2,double_160bpm,160.0,sim_tau
44,5.250072479248047,5.250072479248047,0.0,13.723617553710938,True,2.0,1.0,2,double_160bpm,160.0,sim_tau
45,5.350074768066406,5.320074081420898,-30.000686645507812,28.56447982788086,False,2.0,1.0,2,double_160bpm,160.0,sim_tau
46,5.6300811767578125,5.610080718994141,-20.000457763671875,7.004239082336426,True,2.0,1.0,2,double_160bpm,160.0,sim_tau
47,5.730083465576172,5.740083694458008,10.000228881835938,16.19710922241211,True,2.0,1.0,2,double_160bpm,160.0,sim_tau
48,1.509998798370361,1.4649988412857056,-44.99995708465554,16.66847038269043,False,2.0,1.0,2,double_160bpm,160.0,sim_tau
49,1.6099987030029297,1.5699987411499023,-39.999961853027344,3.597883701324463,False,2.0,1.0,2,double_160bpm,160.0,sim_tau
50,1.889998435974121,1.899998426437378,9.999990463256836,59.99494934082031,True,2.0,1.0,2,double_160bpm,160.0,sim_tau
51,1.969998359680176,1.949998378753662,-19.999980926513892,8.965681076049805,True,2.0,1.0,2,double_160bpm,160.0,sim_tau
52,2.2500040531158447,2.235003709793091,-15.000343322753906,17.881149291992188,True,2.0,1.0,2,double_160bpm,160.0,sim_tau
53,2.350006341934204,2.36000657081604,10.000228881835938,2.4621710777282715,True,2.0,1.0,2,double_160bpm,160.0,sim_tau
54,2.6300127506256104,2.5900118350982666,-40.00091552734375,18.224157333374023,False,2.0,1.0,2,double_160bpm,160.0,sim_tau
55,2.7300150394439697,2.70501446723938,-25.000572204589844,11.490452766418455,True,2.0,1.0,2,double_160bpm,160.0,sim_tau
56,3.010021448135376,2.97502064704895,-35.00080108642578,7.223085880279541,False,2.0,1.0,2,double_160bpm,160.0,sim_tau
57,3.110023736953736,3.0750229358673096,-35.00080108642622,60.73158645629883,False,2.0,1.0,2,double_160bpm,160.0,sim_tau
58,3.3900301456451416,3.4250309467315674,35.00080108642578,19.57209205627441,False,2.0,1.0,2,double_160bpm,160.0,sim_tau
59,3.470031976699829,3.480032205581665,10.000228881835938,10.688558578491213,True,2.0,1.0,2,double_160bpm,160.0,sim_tau
60,3.7700388431549072,3.765038728713989,-5.000114440918413,9.404035568237305,True,2.0,1.0,2,double_160bpm,160.0,sim_tau
61,3.8500406742095943,3.860040903091431,10.000228881836826,1.177308440208435,True,2.0,1.0,2,double_160bpm,160.0,sim_tau
62,4.130046844482422,4.095046043395996,-35.00080108642578,20.22365379333496,False,2.0,1.0,2,double_160bpm,160.0,sim_tau
63,4.230049133300781,4.210048675537109,-20.000457763671875,16.90947914123535,True,2.0,1.0,2,double_160bpm,160.0,sim_tau
64,4.510055541992188,4.465054512023926,-45.00102996826261,14.831786155700684,False,2.0,1.0,2,double_160bpm,160.0,sim_tau
65,4.610057830810547,4.600057601928711,-10.000228881835938,2.970350742340088,True,2.0,1.0,2,double_160bpm,160.0,sim_tau
66,4.890064239501953,4.895064353942871,5.000114440917969,10.301816940307615,True,2.0,1.0,2,double_160bpm,160.0,sim_tau
67,4.970066070556641,4.955065727233887,-15.000343322753906,12.488825798034668,True,2.0,1.0,2,double_160bpm,160.0,sim_tau
68,5.250072479248047,5.250072479248047,0.0,6.851374626159668,True,2.0,1.0,2,double_160bpm,160.0,sim_tau
69,5.350074768066406,5.320074081420898,-30.000686645507812,26.93573570251465,False,2.0,1.0,2,double_160bpm,160.0,sim_tau
70,5.6300811767578125,5.605080604553223,-25.000572204589844,6.885695457458496,True,2.0,1.0,2,double_160bpm,160.0,sim_tau
71,5.730083465576172,5.700082778930664,-30.000686645507812,15.25052261352539,False,2.0,1.0,2,double_160bpm,160.0,sim_tau
0,0.4299997389316559,0.3899997770786285,-39.9999618530274,2.9137182235717773,False,2.0,1.0,2,gmd_03_high_bpm138,138.0,sim_tau
1,0.749999463558197,0.7449994683265686,-4.999995231628418,1.6088120937347412,True,2.0,1.0,2,gmd_03_high_bpm138,138.0,sim_tau
2,0.9699992537498474,0.9399992823600768,-29.999971389770618,6.0738043785095215,True,2.0,1.0,2,gmd_03_high_bpm138,138.0,sim_tau
3,1.6299986839294434,1.624998688697815,-4.999995231628418,4.680266380310059,True,2.0,1.0,2,gmd_03_high_bpm138,138.0,sim_tau
4,2.170002222061157,2.170002222061157,0.0,16.439563751220703,True,2.0,1.0,2,gmd_03_high_bpm138,138.0,sim_tau
5,2.510010004043579,2.515010118484497,5.000114440917969,1.7618606090545654,True,2.0,1.0,2,gmd_03_high_bpm138,138.0,sim_tau
6,2.710014581680298,2.700014352798462,-10.000228881835938,10.039661407470703,True,2.0,1.0,2,gmd_03_high_bpm138,138.0,sim_tau
7,3.030021905899048,,,0.0,False,2.0,1.0,2,gmd_03_high_bpm138,138.0,sim_tau
8,3.3700296878814697,3.355029344558716,-15.000343322753906,16.291969299316406,True,2.0,1.0,2,gmd_03_high_bpm138,138.0,sim_tau
9,3.490032434463501,3.490032434463501,0.0,14.984161376953123,True,2.0,1.0,2,gmd_03_high_bpm138,138.0,sim_tau
10,4.230049133300781,4.225049018859863,-5.000114440917969,17.6225528717041,True,2.0,1.0,2,gmd_03_high_bpm138,138.0,sim_tau
11,4.450054168701172,4.410053253173828,-40.00091552734375,2.6230504512786865,False,2.0,1.0,2,gmd_03_high_bpm138,138.0,sim_tau
12,4.9900665283203125,4.995066642761231,5.000114440918857,1.1686859130859375,True,2.0,1.0,2,gmd_03_high_bpm138,138.0,sim_tau
13,5.290073394775391,,,0.0,False,2.0,1.0,2,gmd_03_high_bpm138,138.0,sim_tau
14,5.6300811767578125,,,0.0,False,2.0,1.0,2,gmd_03_high_bpm138,138.0,sim_tau
15,5.930088043212891,5.900087356567383,-30.000686645507812,18.983015060424805,False,2.0,1.0,2,gmd_03_high_bpm138,138.0,sim_tau
16,6.170093536376953,6.165093421936035,-5.000114440917969,2.1083824634552,True,2.0,1.0,2,gmd_03_high_bpm138,138.0,sim_tau
17,6.710105895996094,6.705105781555176,-5.000114440917969,4.228462219238281,True,2.0,1.0,2,gmd_03_high_bpm138,138.0,sim_tau
18,7.010112762451172,7.005112648010254,-5.000114440917969,7.261556625366211,True,2.0,1.0,2,gmd_03_high_bpm138,138.0,sim_tau
19,7.370121002197266,,,0.0,False,2.0,1.0,2,gmd_03_high_bpm138,138.0,sim_tau
20,7.710128784179687,,,0.0,False,2.0,1.0,2,gmd_03_high_bpm138,138.0,sim_tau
21,7.95013427734375,7.920133590698242,-30.000686645507812,1.387797713279724,False,2.0,1.0,2,gmd_03_high_bpm138,138.0,sim_tau
22,8.230140686035156,,,0.0,False,2.0,1.0,2,gmd_03_high_bpm138,138.0,sim_tau
23,8.570148468017578,8.570148468017578,0.0,3.982967853546143,True,2.0,1.0,2,gmd_03_high_bpm138,138.0,sim_tau
24,8.670150756835938,8.610149383544922,-60.001373291015625,20.70223617553711,False,2.0,1.0,2,gmd_03_high_bpm138,138.0,sim_tau
25,9.13016128540039,9.100160598754885,-30.000686645506036,5.632459163665772,False,2.0,1.0,2,gmd_03_high_bpm138,138.0,sim_tau
26,9.45016860961914,9.440168380737305,-10.000228881835938,2.8921687602996826,True,2.0,1.0,2,gmd_03_high_bpm138,138.0,sim_tau
27,9.690174102783203,9.65017318725586,-40.00091552734375,1.7448806762695312,False,2.0,1.0,2,gmd_03_high_bpm138,138.0,sim_tau
28,10.010181427001951,9.985180854797363,-25.000572204588067,35.32457733154297,True,2.0,1.0,2,gmd_03_high_bpm138,138.0,sim_tau
29,10.330188751220703,,,0.0,False,2.0,1.0,2,gmd_03_high_bpm138,138.0,sim_tau
30,10.890201568603516,10.870201110839844,-20.000457763671875,8.824762344360352,True,2.0,1.0,2,gmd_03_high_bpm138,138.0,sim_tau
31,11.210208892822266,11.205208778381348,-5.000114440917969,17.851463317871094,True,2.0,1.0,2,gmd_03_high_bpm138,138.0,sim_tau
32,11.430213928222656,11.425213813781738,-5.000114440917969,3.7974178791046143,True,2.0,1.0,2,gmd_03_high_bpm138,138.0,sim_tau
33,11.970226287841797,,,0.0,False,2.0,1.0,2,gmd_03_high_bpm138,138.0,sim_tau
34,12.270233154296877,,,0.0,False,2.0,1.0,2,gmd_03_high_bpm138,138.0,sim_tau
35,12.610240936279297,,,0.0,False,2.0,1.0,2,gmd_03_high_bpm138,138.0,sim_tau
36,12.910247802734377,12.90024757385254,-10.000228881835938,15.303271293640137,True,2.0,1.0,2,gmd_03_high_bpm138,138.0,sim_tau
37,13.670265197753906,13.655264854431152,-15.000343322753906,4.942859172821045,True,2.0,1.0,2,gmd_03_high_bpm138,138.0,sim_tau
38,13.950271606445312,13.93527126312256,-15.00034332275213,8.21451187133789,True,2.0,1.0,2,gmd_03_high_bpm138,138.0,sim_tau
39,14.330280303955078,14.290279388427734,-40.00091552734375,24.683469772338867,False,2.0,1.0,2,gmd_03_high_bpm138,138.0,sim_tau
40,14.650287628173828,,,0.0,False,2.0,1.0,2,gmd_03_high_bpm138,138.0,sim_tau
41,14.89029312133789,14.875292778015137,-15.000343322753906,1.893093466758728,True,2.0,1.0,2,gmd_03_high_bpm138,138.0,sim_tau
42,15.21030044555664,,,0.0,False,2.0,1.0,2,gmd_03_high_bpm138,138.0,sim_tau
43,15.53030776977539,15.520307540893556,-10.000228881834161,4825.84228515625,True,2.0,1.0,2,gmd_03_high_bpm138,138.0,sim_tau
44,15.610309600830078,15.575308799743652,-35.00080108642578,63.8510627746582,False,2.0,1.0,2,gmd_03_high_bpm138,138.0,sim_tau
0,1.349998950958252,,,0.0,False,2.0,1.0,2,gmd_04_extreme_bpm170,170.0,sim_tau
1,1.7499985694885254,,,0.0,False,2.0,1.0,2,gmd_04_extreme_bpm170,170.0,sim_tau
2,2.3100054264068604,2.3250057697296143,15.000343322753906,4.12546968460083,True,2.0,1.0,2,gmd_04_extreme_bpm170,170.0,sim_tau
3,2.7300150394439697,,,0.0,False,2.0,1.0,2,gmd_04_extreme_bpm170,170.0,sim_tau
4,3.190025568008423,3.190025568008423,0.0,10.88690948486328,True,2.0,1.0,2,gmd_04_extreme_bpm170,170.0,sim_tau
5,3.730037927627564,3.710037469863892,-20.000457763671875,14.849349975585938,True,2.0,1.0,2,gmd_04_extreme_bpm170,170.0,sim_tau
6,4.11004638671875,4.11004638671875,0.0,2.490602970123291,True,2.0,1.0,2,gmd_04_extreme_bpm170,170.0,sim_tau
7,4.610057830810547,4.660058975219727,50.00114440917969,16.278181076049805,False,2.0,1.0,2,gmd_04_extreme_bpm170,170.0,sim_tau
8,4.870063781738281,4.865063667297363,-5.000114440917969,1.4102665185928345,True,2.0,1.0,2,gmd_04_extreme_bpm170,170.0,sim_tau
9,5.130069732666016,5.125069618225098,-5.000114440917969,8.734660148620605,True,2.0,1.0,2,gmd_04_extreme_bpm170,170.0,sim_tau
10,5.990089416503906,5.985089302062988,-5.000114440917969,3.155977725982666,True,2.0,1.0,2,gmd_04_extreme_bpm170,170.0,sim_tau
11,6.35009765625,6.365097999572754,15.000343322753906,1.6770875453948977,True,2.0,1.0,2,gmd_04_extreme_bpm170,170.0,sim_tau
12,6.530101776123047,6.545102119445801,15.000343322753906,2.532759666442871,True,2.0,1.0,2,gmd_04_extreme_bpm170,170.0,sim_tau
13,6.710105895996094,6.735106468200684,25.000572204589844,7.957510471343994,True,2.0,1.0,2,gmd_04_extreme_bpm170,170.0,sim_tau
14,6.950111389160156,6.925110816955566,-25.000572204589844,2.843748092651367,True,2.0,1.0,2,gmd_04_extreme_bpm170,170.0,sim_tau
15,7.410121917724609,,,0.0,False,2.0,1.0,2,gmd_04_extreme_bpm170,170.0,sim_tau
16,7.750129699707031,,,0.0,False,2.0,1.0,2,gmd_04_extreme_bpm170,170.0,sim_tau
17,8.010135650634766,8.005135536193848,-5.000114440917969,2.698992729187012,True,2.0,1.0,2,gmd_04_extreme_bpm170,170.0,sim_tau
18,8.090137481689453,8.030136108398438,-60.001373291015625,1.9414905309677124,False,2.0,1.0,2,gmd_04_extreme_bpm170,170.0,sim_tau
19,8.530147552490234,8.510147094726562,-20.000457763671875,2.0087592601776123,True,2.0,1.0,2,gmd_04_extreme_bpm170,170.0,sim_tau
20,8.970157623291016,,,0.0,False,2.0,1.0,2,gmd_04_extreme_bpm170,170.0,sim_tau
21,9.23016357421875,9.215163230895996,-15.000343322753906,2.595118284225464,True,2.0,1.0,2,gmd_04_extreme_bpm170,170.0,sim_tau
22,9.490169525146484,9.480169296264648,-10.000228881835938,39.14872741699219,True,2.0,1.0,2,gmd_04_extreme_bpm170,170.0,sim_tau
23,9.690174102783203,9.690174102783203,0.0,2.4610955715179443,True,2.0,1.0,2,gmd_04_extreme_bpm170,170.0,sim_tau
24,10.230186462402344,,,0.0,False,2.0,1.0,2,gmd_04_extreme_bpm170,170.0,sim_tau
25,10.570194244384766,,,0.0,False,2.0,1.0,2,gmd_04_extreme_bpm170,170.0,sim_tau
26,10.8302001953125,10.820199966430664,-10.000228881835938,2.2674262523651123,True,2.0,1.0,2,gmd_04_extreme_bpm170,170.0,sim_tau
27,10.93020248413086,10.935202598571776,5.000114440916192,7.739328384399414,True,2.0,1.0,2,gmd_04_extreme_bpm170,170.0,sim_tau
28,11.390213012695312,11.380212783813477,-10.000228881835938,1.411438226699829,True,2.0,1.0,2,gmd_04_extreme_bpm170,170.0,sim_tau
29,11.850223541259766,11.845223426818848,-5.000114440917969,1.0836524963378906,True,2.0,1.0,2,gmd_04_extreme_bpm170,170.0,sim_tau
30,12.090229034423828,12.115229606628418,25.000572204589844,1.2208666801452637,True,2.0,1.0,2,gmd_04_extreme_bpm170,170.0,sim_tau
31,12.350234985351562,12.360235214233398,10.000228881835938,2.26751708984375,True,2.0,1.0,2,gmd_04_extreme_bpm170,170.0,sim_tau
32,12.55023956298828,12.545239448547363,-5.000114440916192,5.6771674156188965,True,2.0,1.0,2,gmd_04_extreme_bpm170,170.0,sim_tau
33,12.65024185180664,12.67524242401123,25.000572204589844,3.963267087936402,True,2.0,1.0,2,gmd_04_extreme_bpm170,170.0,sim_tau
34,13.07025146484375,,,0.0,False,2.0,1.0,2,gmd_04_extreme_bpm170,170.0,sim_tau
35,13.3902587890625,,,0.0,False,2.0,1.0,2,gmd_04_extreme_bpm170,170.0,sim_tau
36,13.670265197753906,13.650264739990234,-20.000457763671875,7.79547643661499,True,2.0,1.0,2,gmd_04_extreme_bpm170,170.0,sim_tau
37,13.770267486572266,13.755267143249512,-15.000343322753906,1.6502721309661863,True,2.0,1.0,2,gmd_04_extreme_bpm170,170.0,sim_tau
38,14.210277557373049,14.185276985168455,-25.000572204593396,2.3940651416778564,True,2.0,1.0,2,gmd_04_extreme_bpm170,170.0,sim_tau
39,14.630287170410156,14.59528636932373,-35.00080108642578,1.8133840560913088,False,2.0,1.0,2,gmd_04_extreme_bpm170,170.0,sim_tau
40,14.89029312133789,14.875292778015137,-15.000343322753906,2.266319751739502,True,2.0,1.0,2,gmd_04_extreme_bpm170,170.0,sim_tau
41,15.150299072265623,15.16029930114746,10.000228881835938,10.803022384643556,True,2.0,1.0,2,gmd_04_extreme_bpm170,170.0,sim_tau
42,15.350303649902344,15.365303993225098,15.000343322753906,10.45511245727539,True,2.0,1.0,2,gmd_04_extreme_bpm170,170.0,sim_tau
43,15.85031509399414,15.830314636230469,-20.000457763671875,2.1517434120178223,True,2.0,1.0,2,gmd_04_extreme_bpm170,170.0,sim_tau
0,1.509998798370361,1.504998803138733,-4.999995231628196,10.671146392822266,True,2.0,2.0,2,double_160bpm,160.0,sim_tau
1,1.6099987030029297,1.614998698234558,4.999995231628418,30.276893615722656,True,2.0,2.0,2,double_160bpm,160.0,sim_tau
2,1.889998435974121,1.899998426437378,9.999990463256836,14.910796165466309,True,2.0,2.0,2,double_160bpm,160.0,sim_tau
3,1.969998359680176,1.974998354911804,4.999995231627974,23.15221405029297,True,2.0,2.0,2,double_160bpm,160.0,sim_tau
4,2.2500040531158447,2.2500040531158447,0.0,16.59954071044922,True,2.0,2.0,2,double_160bpm,160.0,sim_tau
5,2.350006341934204,2.3200056552886963,-30.000686645507812,11.83480453491211,False,2.0,2.0,2,double_160bpm,160.0,sim_tau
6,2.6300127506256104,2.6400129795074463,10.000228881835938,15.89545726776123,True,2.0,2.0,2,double_160bpm,160.0,sim_tau
7,2.7300150394439697,2.7300150394439697,0.0,20.68408203125,True,2.0,2.0,2,double_160bpm,160.0,sim_tau
8,3.010021448135376,3.00002121925354,-10.000228881835938,22.5156192779541,True,2.0,2.0,2,double_160bpm,160.0,sim_tau
9,3.110023736953736,3.1200239658355717,10.000228881835938,10.570587158203123,True,2.0,2.0,2,double_160bpm,160.0,sim_tau
10,3.3900301456451416,3.400030374526977,10.000228881835493,10.15646266937256,True,2.0,2.0,2,double_160bpm,160.0,sim_tau
11,3.470031976699829,3.460031747817993,-10.000228881835938,24.28002548217773,True,2.0,2.0,2,double_160bpm,160.0,sim_tau
12,3.7700388431549072,3.775038957595825,5.000114440917969,9.280892372131348,True,2.0,2.0,2,double_160bpm,160.0,sim_tau
13,3.8500406742095943,3.8500406742095943,0.0,25.916542053222656,True,2.0,2.0,2,double_160bpm,160.0,sim_tau
14,4.130046844482422,4.13504695892334,5.000114440917969,141.4542236328125,True,2.0,2.0,2,double_160bpm,160.0,sim_tau
15,4.230049133300781,4.230049133300781,0.0,6.8943634033203125,True,2.0,2.0,2,double_160bpm,160.0,sim_tau
16,4.510055541992188,4.500055313110352,-10.000228881836826,11.356995582580566,True,2.0,2.0,2,double_160bpm,160.0,sim_tau
17,4.610057830810547,4.600057601928711,-10.000228881835938,11.435775756835938,True,2.0,2.0,2,double_160bpm,160.0,sim_tau
18,4.890064239501953,4.885064125061035,-5.000114440917969,8.015090942382812,True,2.0,2.0,2,double_160bpm,160.0,sim_tau
19,4.970066070556641,4.970066070556641,0.0,1.4822651147842407,True,2.0,2.0,2,double_160bpm,160.0,sim_tau
20,5.250072479248047,5.250072479248047,0.0,7.613131999969482,True,2.0,2.0,2,double_160bpm,160.0,sim_tau
21,5.350074768066406,5.355074882507324,5.000114440917969,11.782474517822266,True,2.0,2.0,2,double_160bpm,160.0,sim_tau
22,5.6300811767578125,5.620080947875977,-10.000228881835938,282.2542724609375,True,2.0,2.0,2,double_160bpm,160.0,sim_tau
23,5.730083465576172,5.740083694458008,10.000228881835938,15.332596778869627,True,2.0,2.0,2,double_160bpm,160.0,sim_tau
24,1.509998798370361,1.5149987936019895,4.999995231628418,13.76268196105957,True,2.0,2.0,2,double_160bpm,160.0,sim_tau
25,1.6099987030029297,1.6199986934661863,9.999990463256614,6.629022598266602,True,2.0,2.0,2,double_160bpm,160.0,sim_tau
26,1.889998435974121,1.899998426437378,9.999990463256836,15.096888542175291,True,2.0,2.0,2,double_160bpm,160.0,sim_tau
27,1.969998359680176,1.984998345375061,14.999985694885032,14.125765800476074,True,2.0,2.0,2,double_160bpm,160.0,sim_tau
28,2.2500040531158447,2.2500040531158447,0.0,16.5662899017334,True,2.0,2.0,2,double_160bpm,160.0,sim_tau
29,2.350006341934204,2.2850048542022705,-65.0014877319336,24.565309524536133,False,2.0,2.0,2,double_160bpm,160.0,sim_tau
30,2.6300127506256104,2.6200125217437744,-10.000228881835938,16.368865966796875,True,2.0,2.0,2,double_160bpm,160.0,sim_tau
31,2.7300150394439697,2.7300150394439697,0.0,21.43306350708008,True,2.0,2.0,2,double_160bpm,160.0,sim_tau
32,3.010021448135376,3.00002121925354,-10.000228881835938,22.516345977783203,True,2.0,2.0,2,double_160bpm,160.0,sim_tau
33,3.110023736953736,3.1200239658355717,10.000228881835938,11.29384994506836,True,2.0,2.0,2,double_160bpm,160.0,sim_tau
34,3.3900301456451416,3.400030374526977,10.000228881835493,5.823819160461426,True,2.0,2.0,2,double_160bpm,160.0,sim_tau
35,3.470031976699829,3.4350311756134038,-35.00080108642534,13.466958045959473,False,2.0,2.0,2,double_160bpm,160.0,sim_tau
36,3.7700388431549072,3.765038728713989,-5.000114440918413,5.2223639488220215,True,2.0,2.0,2,double_160bpm,160.0,sim_tau
37,3.8500406742095943,3.8550407886505127,5.000114440918413,22.83707046508789,True,2.0,2.0,2,double_160bpm,160.0,sim_tau
38,4.130046844482422,4.140047073364258,10.000228881835938,17.77873992919922,True,2.0,2.0,2,double_160bpm,160.0,sim_tau
39,4.230049133300781,4.240049362182617,10.000228881835938,1.882396936416626,True,2.0,2.0,2,double_160bpm,160.0,sim_tau
40,4.510055541992188,4.495055198669434,-15.000343322754794,25.94740104675293,True,2.0,2.0,2,double_160bpm,160.0,sim_tau
41,4.610057830810547,4.600057601928711,-10.000228881835938,11.04157257080078,True,2.0,2.0,2,double_160bpm,160.0,sim_tau
42,4.890064239501953,4.885064125061035,-5.000114440917969,8.068418502807617,True,2.0,2.0,2,double_160bpm,160.0,sim_tau
43,4.970066070556641,4.965065956115723,-5.000114440917969,2.121535062789917,True,2.0,2.0,2,double_160bpm,160.0,sim_tau
44,5.250072479248047,5.250072479248047,0.0,7.62247896194458,True,2.0,2.0,2,double_160bpm,160.0,sim_tau
45,5.350074768066406,5.355074882507324,5.000114440917969,9.429526329040527,True,2.0,2.0,2,double_160bpm,160.0,sim_tau
46,5.6300811767578125,5.620080947875977,-10.000228881835938,360.1805419921875,True,2.0,2.0,2,double_160bpm,160.0,sim_tau
47,5.730083465576172,5.695082664489746,-35.00080108642578,12.96394157409668,False,2.0,2.0,2,double_160bpm,160.0,sim_tau
48,1.509998798370361,1.5199987888336182,9.999990463257058,16.422325134277344,True,2.0,2.0,2,double_160bpm,160.0,sim_tau
49,1.6099987030029297,1.6199986934661863,9.999990463256614,15.04566764831543,True,2.0,2.0,2,double_160bpm,160.0,sim_tau
50,1.889998435974121,1.899998426437378,9.999990463256836,14.969528198242188,True,2.0,2.0,2,double_160bpm,160.0,sim_tau
51,1.969998359680176,1.949998378753662,-19.999980926513892,25.591049194335938,True,2.0,2.0,2,double_160bpm,160.0,sim_tau
52,2.2500040531158447,2.2550041675567627,5.000114440917969,21.000978469848636,True,2.0,2.0,2,double_160bpm,160.0,sim_tau
53,2.350006341934204,2.2850048542022705,-65.0014877319336,24.812902450561523,False,2.0,2.0,2,double_160bpm,160.0,sim_tau
54,2.6300127506256104,2.6400129795074463,10.000228881835938,15.275934219360352,True,2.0,2.0,2,double_160bpm,160.0,sim_tau
55,2.7300150394439697,2.70501446723938,-25.000572204589844,12.35311508178711,True,2.0,2.0,2,double_160bpm,160.0,sim_tau
56,3.010021448135376,3.035022020339966,25.000572204589844,12.968544960021973,True,2.0,2.0,2,double_160bpm,160.0,sim_tau
57,3.110023736953736,3.1250240802764893,15.000343322753462,1.925227761268616,True,2.0,2.0,2,double_160bpm,160.0,sim_tau
58,3.3900301456451416,3.4050304889678955,15.000343322753906,15.29661750793457,True,2.0,2.0,2,double_160bpm,160.0,sim_tau
59,3.470031976699829,3.360029458999634,-110.00251770019531,275.6990966796875,False,2.0,2.0,2,double_160bpm,160.0,sim_tau
60,3.7700388431549072,3.7600386142730713,-10.000228881835938,7.808829307556152,True,2.0,2.0,2,double_160bpm,160.0,sim_tau
61,3.8500406742095943,3.825040102005005,-25.0005722045894,12.985081672668455,True,2.0,2.0,2,double_160bpm,160.0,sim_tau
62,4.130046844482422,4.145047187805176,15.000343322753906,12.104337692260742,True,2.0,2.0,2,double_160bpm,160.0,sim_tau
63,4.230049133300781,4.210048675537109,-20.000457763671875,11.560690879821776,True,2.0,2.0,2,double_160bpm,160.0,sim_tau
64,4.510055541992188,4.490055084228516,-20.000457763672763,9.665691375732422,True,2.0,2.0,2,double_160bpm,160.0,sim_tau
65,4.610057830810547,4.600057601928711,-10.000228881835938,11.344120979309082,True,2.0,2.0,2,double_160bpm,160.0,sim_tau
66,4.890064239501953,4.895064353942871,5.000114440917969,13.394859313964844,True,2.0,2.0,2,double_160bpm,160.0,sim_tau
67,4.970066070556641,4.940065383911133,-30.000686645507812,12.118301391601562,False,2.0,2.0,2,double_160bpm,160.0,sim_tau
68,5.250072479248047,5.250072479248047,0.0,7.615487098693848,True,2.0,2.0,2,double_160bpm,160.0,sim_tau
69,5.350074768066406,5.355074882507324,5.000114440917969,13.857258796691896,True,2.0,2.0,2,double_160bpm,160.0,sim_tau
70,5.6300811767578125,5.620080947875977,-10.000228881835938,274.0667724609375,True,2.0,2.0,2,double_160bpm,160.0,sim_tau
71,5.730083465576172,5.655081748962402,-75.00171661376953,28.924915313720703,False,2.0,2.0,2,double_160bpm,160.0,sim_tau
0,0.4299997389316559,0.4149997532367706,-14.999985694885309,13.67646598815918,True,2.0,2.0,2,gmd_03_high_bpm138,138.0,sim_tau
1,0.749999463558197,0.7449994683265686,-4.999995231628418,5.743308067321777,True,2.0,2.0,2,gmd_03_high_bpm138,138.0,sim_tau
2,0.9699992537498474,0.9699992537498474,0.0,19.97561454772949,True,2.0,2.0,2,gmd_03_high_bpm138,138.0,sim_tau
3,1.6299986839294434,,,0.0,False,2.0,2.0,2,gmd_03_high_bpm138,138.0,sim_tau
4,2.170002222061157,2.1600019931793213,-10.000228881835493,8.198623657226562,True,2.0,2.0,2,gmd_03_high_bpm138,138.0,sim_tau
5,2.510010004043579,2.495009660720825,-15.000343322753906,179.2949981689453,True,2.0,2.0,2,gmd_03_high_bpm138,138.0,sim_tau
6,2.710014581680298,2.700014352798462,-10.000228881835938,56.75895690917969,True,2.0,2.0,2,gmd_03_high_bpm138,138.0,sim_tau
7,3.030021905899048,,,0.0,False,2.0,2.0,2,gmd_03_high_bpm138,138.0,sim_tau
8,3.3700296878814697,3.375029802322388,5.000114440918413,7.010091304779053,True,2.0,2.0,2,gmd_03_high_bpm138,138.0,sim_tau
9,3.490032434463501,3.470031976699829,-20.000457763671875,8.69697093963623,True,2.0,2.0,2,gmd_03_high_bpm138,138.0,sim_tau
10,4.230049133300781,4.235049247741699,5.000114440917969,11.004721641540527,True,2.0,2.0,2,gmd_03_high_bpm138,138.0,sim_tau
11,4.450054168701172,4.445054054260254,-5.000114440917969,11.92459201812744,True,2.0,2.0,2,gmd_03_high_bpm138,138.0,sim_tau
12,4.9900665283203125,4.975066184997559,-15.000343322753906,1.513664722442627,True,2.0,2.0,2,gmd_03_high_bpm138,138.0,sim_tau
13,5.290073394775391,5.290073394775391,0.0,20.56291961669922,True,2.0,2.0,2,gmd_03_high_bpm138,138.0,sim_tau
14,5.6300811767578125,5.6300811767578125,0.0,13.039846420288086,True,2.0,2.0,2,gmd_03_high_bpm138,138.0,sim_tau
15,5.930088043212891,5.915087699890137,-15.000343322753906,26.049827575683597,True,2.0,2.0,2,gmd_03_high_bpm138,138.0,sim_tau
16,6.170093536376953,6.180093765258789,10.000228881835938,9.762720108032228,True,2.0,2.0,2,gmd_03_high_bpm138,138.0,sim_tau
17,6.710105895996094,6.680105209350586,-30.000686645507812,5.405178070068359,False,2.0,2.0,2,gmd_03_high_bpm138,138.0,sim_tau
18,7.010112762451172,6.9901123046875,-20.000457763671875,5.581968784332275,True,2.0,2.0,2,gmd_03_high_bpm138,138.0,sim_tau
19,7.370121002197266,,,0.0,False,2.0,2.0,2,gmd_03_high_bpm138,138.0,sim_tau
20,7.710128784179687,7.710128784179687,0.0,10.333581924438477,True,2.0,2.0,2,gmd_03_high_bpm138,138.0,sim_tau
21,7.95013427734375,7.940134048461914,-10.000228881835938,16.732776641845703,True,2.0,2.0,2,gmd_03_high_bpm138,138.0,sim_tau
22,8.230140686035156,8.235140800476074,5.000114440917969,4.437291145324707,True,2.0,2.0,2,gmd_03_high_bpm138,138.0,sim_tau
23,8.570148468017578,8.59014892578125,20.000457763671875,17.080869674682617,True,2.0,2.0,2,gmd_03_high_bpm138,138.0,sim_tau
24,8.670150756835938,8.655150413513184,-15.000343322753906,16.463253021240234,True,2.0,2.0,2,gmd_03_high_bpm138,138.0,sim_tau
25,9.13016128540039,9.120161056518556,-10.000228881834161,22.98249053955078,True,2.0,2.0,2,gmd_03_high_bpm138,138.0,sim_tau
26,9.45016860961914,9.445168495178224,-5.000114440916192,2.1944925785064697,True,2.0,2.0,2,gmd_03_high_bpm138,138.0,sim_tau
27,9.690174102783203,9.67517375946045,-15.000343322753906,8.636077880859375,True,2.0,2.0,2,gmd_03_high_bpm138,138.0,sim_tau
28,10.010181427001951,,,0.0,False,2.0,2.0,2,gmd_03_high_bpm138,138.0,sim_tau
29,10.330188751220703,10.33518886566162,5.000114440916192,34.19139099121094,True,2.0,2.0,2,gmd_03_high_bpm138,138.0,sim_tau
30,10.890201568603516,,,0.0,False,2.0,2.0,2,gmd_03_high_bpm138,138.0,sim_tau
31,11.210208892822266,,,0.0,False,2.0,2.0,2,gmd_03_high_bpm138,138.0,sim_tau
32,11.430213928222656,11.385212898254396,-45.00102996825994,15.930825233459473,False,2.0,2.0,2,gmd_03_high_bpm138,138.0,sim_tau
33,11.970226287841797,11.955225944519045,-15.00034332275213,3.1400856971740723,True,2.0,2.0,2,gmd_03_high_bpm138,138.0,sim_tau
34,12.270233154296877,12.275233268737791,5.000114440914416,28.52704620361328,True,2.0,2.0,2,gmd_03_high_bpm138,138.0,sim_tau
35,12.610240936279297,,,0.0,False,2.0,2.0,2,gmd_03_high_bpm138,138.0,sim_tau
36,12.910247802734377,12.915247917175291,5.000114440914416,2.767464637756348,True,2.0,2.0,2,gmd_03_high_bpm138,138.0,sim_tau
37,13.670265197753906,13.650264739990234,-20.000457763671875,3.695751667022705,True,2.0,2.0,2,gmd_03_high_bpm138,138.0,sim_tau
38,13.950271606445312,13.950271606445312,0.0,50.60346221923828,True,2.0,2.0,2,gmd_03_high_bpm138,138.0,sim_tau
39,14.330280303955078,,,0.0,False,2.0,2.0,2,gmd_03_high_bpm138,138.0,sim_tau
40,14.650287628173828,14.630287170410156,-20.000457763671875,8.682995796203613,True,2.0,2.0,2,gmd_03_high_bpm138,138.0,sim_tau
41,14.89029312133789,14.880292892456056,-10.000228881834161,12.099035263061523,True,2.0,2.0,2,gmd_03_high_bpm138,138.0,sim_tau
42,15.21030044555664,15.175299644470217,-35.000801086424005,9.940982818603516,False,2.0,2.0,2,gmd_03_high_bpm138,138.0,sim_tau
43,15.53030776977539,15.540307998657228,10.000228881837714,9.529253005981444,True,2.0,2.0,2,gmd_03_high_bpm138,138.0,sim_tau
44,15.610309600830078,15.590309143066406,-20.000457763671875,10.465112686157228,True,2.0,2.0,2,gmd_03_high_bpm138,138.0,sim_tau
0,1.349998950958252,1.3349989652633667,-14.999985694885254,27.06961441040039,True,2.0,2.0,2,gmd_04_extreme_bpm170,170.0,sim_tau
1,1.7499985694885254,,,0.0,False,2.0,2.0,2,gmd_04_extreme_bpm170,170.0,sim_tau
2,2.3100054264068604,2.2800047397613525,-30.000686645507812,14.268024444580078,False,2.0,2.0,2,gmd_04_extreme_bpm170,170.0,sim_tau
3,2.7300150394439697,2.745015382766724,15.00034332275435,9.983338356018066,True,2.0,2.0,2,gmd_04_extreme_bpm170,170.0,sim_tau
4,3.190025568008423,3.170025110244751,-20.000457763671875,10.79338836669922,True,2.0,2.0,2,gmd_04_extreme_bpm170,170.0,sim_tau
5,3.730037927627564,3.7150375843048096,-15.00034332275435,29.692352294921875,True,2.0,2.0,2,gmd_04_extreme_bpm170,170.0,sim_tau
6,4.11004638671875,4.08504581451416,-25.000572204589844,16.400272369384766,True,2.0,2.0,2,gmd_04_extreme_bpm170,170.0,sim_tau
7,4.610057830810547,4.605057716369629,-5.000114440917969,6.614352226257324,True,2.0,2.0,2,gmd_04_extreme_bpm170,170.0,sim_tau
8,4.870063781738281,4.870063781738281,0.0,2.151860237121582,True,2.0,2.0,2,gmd_04_extreme_bpm170,170.0,sim_tau
9,5.130069732666016,5.1550703048706055,25.000572204589844,25.75959205627441,True,2.0,2.0,2,gmd_04_extreme_bpm170,170.0,sim_tau
10,5.990089416503906,,,0.0,False,2.0,2.0,2,gmd_04_extreme_bpm170,170.0,sim_tau
11,6.35009765625,6.320096969604492,-30.000686645507812,10.331924438476562,False,2.0,2.0,2,gmd_04_extreme_bpm170,170.0,sim_tau
12,6.530101776123047,6.505101203918457,-25.000572204589844,10.014528274536133,True,2.0,2.0,2,gmd_04_extreme_bpm170,170.0,sim_tau
13,6.710105895996094,,,0.0,False,2.0,2.0,2,gmd_04_extreme_bpm170,170.0,sim_tau
14,6.950111389160156,6.945111274719238,-5.000114440917969,25.510238647460938,True,2.0,2.0,2,gmd_04_extreme_bpm170,170.0,sim_tau
15,7.410121917724609,7.405121803283691,-5.000114440917969,3.266773223876953,True,2.0,2.0,2,gmd_04_extreme_bpm170,170.0,sim_tau
16,7.750129699707031,7.755129814147949,5.000114440917969,1.597968578338623,True,2.0,2.0,2,gmd_04_extreme_bpm170,170.0,sim_tau
17,8.010135650634766,8.015135765075684,5.000114440917969,8.558674812316895,True,2.0,2.0,2,gmd_04_extreme_bpm170,170.0,sim_tau
18,8.090137481689453,8.045136451721191,-45.00102996826172,14.511266708374023,False,2.0,2.0,2,gmd_04_extreme_bpm170,170.0,sim_tau
19,8.530147552490234,8.520147323608398,-10.000228881835938,21.489582061767575,True,2.0,2.0,2,gmd_04_extreme_bpm170,170.0,sim_tau
20,8.970157623291016,8.970157623291016,0.0,2.595062732696533,True,2.0,2.0,2,gmd_04_extreme_bpm170,170.0,sim_tau
21,9.23016357421875,,,0.0,False,2.0,2.0,2,gmd_04_extreme_bpm170,170.0,sim_tau
22,9.490169525146484,9.480169296264648,-10.000228881835938,17.386554718017578,True,2.0,2.0,2,gmd_04_extreme_bpm170,170.0,sim_tau
23,9.690174102783203,9.665173530578612,-25.00057220459162,8.292901039123535,True,2.0,2.0,2,gmd_04_extreme_bpm170,170.0,sim_tau
24,10.230186462402344,,,0.0,False,2.0,2.0,2,gmd_04_extreme_bpm170,170.0,sim_tau
25,10.570194244384766,10.555193901062012,-15.000343322753906,21.63129234313965,True,2.0,2.0,2,gmd_04_extreme_bpm170,170.0,sim_tau
26,10.8302001953125,10.820199966430664,-10.000228881835938,9.50398063659668,True,2.0,2.0,2,gmd_04_extreme_bpm170,170.0,sim_tau
27,10.93020248413086,10.900201797485352,-30.000686645507812,16.166854858398438,False,2.0,2.0,2,gmd_04_extreme_bpm170,170.0,sim_tau
28,11.390213012695312,11.380212783813477,-10.000228881835938,5.054868221282959,True,2.0,2.0,2,gmd_04_extreme_bpm170,170.0,sim_tau
29,11.850223541259766,11.830223083496094,-20.000457763671875,9.140989303588867,True,2.0,2.0,2,gmd_04_extreme_bpm170,170.0,sim_tau
30,12.090229034423828,12.080228805541992,-10.000228881835938,8.280294418334961,True,2.0,2.0,2,gmd_04_extreme_bpm170,170.0,sim_tau
31,12.350234985351562,,,0.0,False,2.0,2.0,2,gmd_04_extreme_bpm170,170.0,sim_tau
32,12.55023956298828,12.575240135192873,25.000572204593396,22.18623352050781,True,2.0,2.0,2,gmd_04_extreme_bpm170,170.0,sim_tau
33,12.65024185180664,12.630241394042969,-20.000457763671875,10.996330261230469,True,2.0,2.0,2,gmd_04_extreme_bpm170,170.0,sim_tau
34,13.07025146484375,13.085251808166504,15.000343322753906,2.3806848526000977,True,2.0,2.0,2,gmd_04_extreme_bpm170,170.0,sim_tau
35,13.3902587890625,13.385258674621582,-5.000114440917969,8.40089225769043,True,2.0,2.0,2,gmd_04_extreme_bpm170,170.0,sim_tau
36,13.670265197753906,13.645264625549316,-25.000572204589844,12.901622772216797,True,2.0,2.0,2,gmd_04_extreme_bpm170,170.0,sim_tau
37,13.770267486572266,13.755267143249512,-15.000343322753906,9.506183624267578,True,2.0,2.0,2,gmd_04_extreme_bpm170,170.0,sim_tau
38,14.210277557373049,,,0.0,False,2.0,2.0,2,gmd_04_extreme_bpm170,170.0,sim_tau
39,14.630287170410156,14.625287055969238,-5.000114440917969,8.679107666015625,True,2.0,2.0,2,gmd_04_extreme_bpm170,170.0,sim_tau
40,14.89029312133789,14.89029312133789,0.0,1.987952828407288,True,2.0,2.0,2,gmd_04_extreme_bpm170,170.0,sim_tau
41,15.150299072265623,15.140298843383787,-10.000228881835938,22.391223907470703,True,2.0,2.0,2,gmd_04_extreme_bpm170,170.0,sim_tau
42,15.350303649902344,15.33530330657959,-15.000343322753906,8.262118339538574,True,2.0,2.0,2,gmd_04_extreme_bpm170,170.0,sim_tau
43,15.85031509399414,15.85031509399414,0.0,18.727195739746094,True,2.0,2.0,2,gmd_04_extreme_bpm170,170.0,sim_tau
0,1.509998798370361,1.504998803138733,-4.999995231628196,13.848360061645508,True,0.5,0.1,3,double_160bpm,160.0,sim_tau
1,1.6099987030029297,1.6099987030029297,0.0,16.223337173461914,True,0.5,0.1,3,double_160bpm,160.0,sim_tau
2,1.889998435974121,1.8949984312057493,4.999995231628196,5.677048683166504,True,0.5,0.1,3,double_160bpm,160.0,sim_tau
3,1.969998359680176,1.9649983644485476,-4.999995231628418,17.74456024169922,True,0.5,0.1,3,double_160bpm,160.0,sim_tau
4,2.2500040531158447,2.2500040531158447,0.0,12.394194602966309,True,0.5,0.1,3,double_160bpm,160.0,sim_tau
5,2.350006341934204,2.345006227493286,-5.000114440917969,9.221946716308594,True,0.5,0.1,3,double_160bpm,160.0,sim_tau
6,2.6300127506256104,2.6300127506256104,0.0,20.87419891357422,True,0.5,0.1,3,double_160bpm,160.0,sim_tau
7,2.7300150394439697,2.7300150394439697,0.0,14.245101928710938,True,0.5,0.1,3,double_160bpm,160.0,sim_tau
8,3.010021448135376,3.010021448135376,0.0,12.876707077026367,True,0.5,0.1,3,double_160bpm,160.0,sim_tau
9,3.110023736953736,3.110023736953736,0.0,16.154178619384766,True,0.5,0.1,3,double_160bpm,160.0,sim_tau
10,3.3900301456451416,3.400030374526977,10.000228881835493,11.055863380432127,True,0.5,0.1,3,double_160bpm,160.0,sim_tau
11,3.470031976699829,3.465031862258911,-5.000114440917969,18.58468246459961,True,0.5,0.1,3,double_160bpm,160.0,sim_tau
12,3.7700388431549072,3.755038499832153,-15.00034332275435,9.700356483459473,True,0.5,0.1,3,double_160bpm,160.0,sim_tau
13,3.8500406742095943,3.8500406742095943,0.0,17.629201889038086,True,0.5,0.1,3,double_160bpm,160.0,sim_tau
14,4.130046844482422,4.13504695892334,5.000114440917969,16.52782440185547,True,0.5,0.1,3,double_160bpm,160.0,sim_tau
15,4.230049133300781,4.225049018859863,-5.000114440917969,7.581365585327148,True,0.5,0.1,3,double_160bpm,160.0,sim_tau
16,4.510055541992188,4.520055770874023,10.00022888183505,16.59717559814453,True,0.5,0.1,3,double_160bpm,160.0,sim_tau
17,4.610057830810547,4.615057945251465,5.000114440917969,12.959945678710938,True,0.5,0.1,3,double_160bpm,160.0,sim_tau
18,4.890064239501953,4.900064468383789,10.000228881835938,10.904437065124512,True,0.5,0.1,3,double_160bpm,160.0,sim_tau
19,4.970066070556641,4.980066299438477,10.000228881835938,10.773645401000977,True,0.5,0.1,3,double_160bpm,160.0,sim_tau
20,5.250072479248047,5.250072479248047,0.0,13.39769172668457,True,0.5,0.1,3,double_160bpm,160.0,sim_tau
21,5.350074768066406,5.355074882507324,5.000114440917969,13.98057746887207,True,0.5,0.1,3,double_160bpm,160.0,sim_tau
22,5.6300811767578125,5.6300811767578125,0.0,12.73918342590332,True,0.5,0.1,3,double_160bpm,160.0,sim_tau
23,5.730083465576172,5.73508358001709,5.000114440917969,12.371317863464355,True,0.5,0.1,3,double_160bpm,160.0,sim_tau
24,1.509998798370361,1.5199987888336182,9.999990463257058,20.31688690185547,True,0.5,0.1,3,double_160bpm,160.0,sim_tau
25,1.6099987030029297,1.614998698234558,4.999995231628418,9.27992820739746,True,0.5,0.1,3,double_160bpm,160.0,sim_tau
26,1.889998435974121,1.884998440742493,-4.999995231628196,9.547908782958984,True,0.5,0.1,3,double_160bpm,160.0,sim_tau
27,1.969998359680176,1.92499840259552,-44.99995708465598,15.409626007080078,False,0.5,0.1,3,double_160bpm,160.0,sim_tau
28,2.2500040531158447,2.2550041675567627,5.000114440917969,17.94285774230957,True,0.5,0.1,3,double_160bpm,160.0,sim_tau
29,2.350006341934204,2.345006227493286,-5.000114440917969,9.48899269104004,True,0.5,0.1,3,double_160bpm,160.0,sim_tau
30,2.6300127506256104,2.6500132083892822,20.000457763671875,28.172407150268555,True,0.5,0.1,3,double_160bpm,160.0,sim_tau
31,2.7300150394439697,2.7500154972076416,20.000457763671875,1.0427554845809937,True,0.5,0.1,3,double_160bpm,160.0,sim_tau
32,3.010021448135376,3.015021562576294,5.000114440917969,18.983657836914062,True,0.5,0.1,3,double_160bpm,160.0,sim_tau
33,3.110023736953736,3.110023736953736,0.0,14.02577781677246,True,0.5,0.1,3,double_160bpm,160.0,sim_tau
34,3.3900301456451416,3.4250309467315674,35.00080108642578,14.697608947753906,False,0.5,0.1,3,double_160bpm,160.0,sim_tau
35,3.470031976699829,3.455031633377075,-15.000343322753906,21.914138793945312,True,0.5,0.1,3,double_160bpm,160.0,sim_tau
36,3.7700388431549072,3.815039873123169,45.00102996826172,13.046606063842772,False,0.5,0.1,3,double_160bpm,160.0,sim_tau
37,3.8500406742095943,3.8550407886505127,5.000114440918413,12.641730308532717,True,0.5,0.1,3,double_160bpm,160.0,sim_tau
38,4.130046844482422,4.13504695892334,5.000114440917969,18.542694091796875,True,0.5,0.1,3,double_160bpm,160.0,sim_tau
39,4.230049133300781,4.225049018859863,-5.000114440917969,9.267059326171877,True,0.5,0.1,3,double_160bpm,160.0,sim_tau
40,4.510055541992188,4.520055770874023,10.00022888183505,15.849363327026367,True,0.5,0.1,3,double_160bpm,160.0,sim_tau
41,4.610057830810547,4.615057945251465,5.000114440917969,11.815654754638672,True,0.5,0.1,3,double_160bpm,160.0,sim_tau
42,4.890064239501953,4.925065040588379,35.00080108642578,14.90034294128418,False,0.5,0.1,3,double_160bpm,160.0,sim_tau
43,4.970066070556641,4.955065727233887,-15.000343322753906,20.86241340637207,True,0.5,0.1,3,double_160bpm,160.0,sim_tau
44,5.250072479248047,5.250072479248047,0.0,14.12735652923584,True,0.5,0.1,3,double_160bpm,160.0,sim_tau
45,5.350074768066406,5.34007453918457,-10.000228881835938,9.113359451293944,True,0.5,0.1,3,double_160bpm,160.0,sim_tau
46,5.6300811767578125,5.6300811767578125,0.0,12.958894729614258,True,0.5,0.1,3,double_160bpm,160.0,sim_tau
47,5.730083465576172,5.720083236694336,-10.000228881835938,8.288660049438477,True,0.5,0.1,3,double_160bpm,160.0,sim_tau
48,1.509998798370361,1.494998812675476,-14.999985694885032,18.997455596923828,True,0.5,0.1,3,double_160bpm,160.0,sim_tau
49,1.6099987030029297,1.624998688697815,14.999985694885254,17.906404495239258,True,0.5,0.1,3,double_160bpm,160.0,sim_tau
50,1.889998435974121,1.8549984693527224,-34.999966621398706,37.34622573852539,False,0.5,0.1,3,double_160bpm,160.0,sim_tau
51,1.969998359680176,1.92499840259552,-44.99995708465598,15.322288513183594,False,0.5,0.1,3,double_160bpm,160.0,sim_tau
52,2.2500040531158447,2.2600042819976807,10.000228881835938,16.52663230895996,True,0.5,0.1,3,double_160bpm,160.0,sim_tau
53,2.350006341934204,2.3200056552886963,-30.000686645507812,10.88551902770996,False,0.5,0.1,3,double_160bpm,160.0,sim_tau
54,2.6300127506256104,2.6500132083892822,20.000457763671875,29.09640121459961,True,0.5,0.1,3,double_160bpm,160.0,sim_tau
55,2.7300150394439697,2.710014581680298,-20.000457763671875,2.636467933654785,True,0.5,0.1,3,double_160bpm,160.0,sim_tau
56,3.010021448135376,3.020021677017212,10.000228881835938,16.185625076293945,True,0.5,0.1,3,double_160bpm,160.0,sim_tau
57,3.110023736953736,3.1150238513946533,5.000114440917525,10.663692474365234,True,0.5,0.1,3,double_160bpm,160.0,sim_tau
58,3.3900301456451416,3.350029230117798,-40.00091552734375,17.5428524017334,False,0.5,0.1,3,double_160bpm,160.0,sim_tau
59,3.470031976699829,3.350029230117798,-120.00274658203125,17.643901824951172,False,0.5,0.1,3,double_160bpm,160.0,sim_tau
60,3.7700388431549072,,,0.0,False,0.5,0.1,3,double_160bpm,160.0,sim_tau
61,3.8500406742095943,3.840040445327759,-10.000228881835493,37.50552368164063,True,0.5,0.1,3,double_160bpm,160.0,sim_tau
62,4.130046844482422,4.13504695892334,5.000114440917969,18.40214157104492,True,0.5,0.1,3,double_160bpm,160.0,sim_tau
63,4.230049133300781,4.240049362182617,10.000228881835938,9.643665313720703,True,0.5,0.1,3,double_160bpm,160.0,sim_tau
64,4.510055541992188,4.525055885314941,15.000343322753018,16.528244018554688,True,0.5,0.1,3,double_160bpm,160.0,sim_tau
65,4.610057830810547,4.630058288574219,20.000457763671875,29.969804763793945,True,0.5,0.1,3,double_160bpm,160.0,sim_tau
66,4.890064239501953,4.850063323974609,-40.00091552734375,17.25904655456543,False,0.5,0.1,3,double_160bpm,160.0,sim_tau
67,4.970066070556641,,,0.0,False,0.5,0.1,3,double_160bpm,160.0,sim_tau
68,5.250072479248047,5.255072593688965,5.000114440917969,16.063079833984375,True,0.5,0.1,3,double_160bpm,160.0,sim_tau
69,5.350074768066406,5.360074996948242,10.000228881835938,10.667966842651367,True,0.5,0.1,3,double_160bpm,160.0,sim_tau
70,5.6300811767578125,5.615080833435059,-15.000343322753906,13.362812042236328,True,0.5,0.1,3,double_160bpm,160.0,sim_tau
71,5.730083465576172,5.720083236694336,-10.000228881835938,8.345613479614258,True,0.5,0.1,3,double_160bpm,160.0,sim_tau
0,0.4299997389316559,0.4149997532367706,-14.999985694885309,38.89945602416992,True,0.5,0.1,3,gmd_03_high_bpm138,138.0,sim_tau
1,0.749999463558197,0.8649993538856506,114.99989032745361,17.615917205810547,False,0.5,0.1,3,gmd_03_high_bpm138,138.0,sim_tau
2,0.9699992537498474,0.9749992489814758,4.999995231628418,21.27838134765625,True,0.5,0.1,3,gmd_03_high_bpm138,138.0,sim_tau
3,1.6299986839294434,,,0.0,False,0.5,0.1,3,gmd_03_high_bpm138,138.0,sim_tau
4,2.170002222061157,2.170002222061157,0.0,13.86146354675293,True,0.5,0.1,3,gmd_03_high_bpm138,138.0,sim_tau
5,2.510010004043579,,,0.0,False,0.5,0.1,3,gmd_03_high_bpm138,138.0,sim_tau
6,2.710014581680298,2.715014696121216,5.000114440917969,21.188722610473636,True,0.5,0.1,3,gmd_03_high_bpm138,138.0,sim_tau
7,3.030021905899048,3.020021677017212,-10.000228881835938,84.79669952392578,True,0.5,0.1,3,gmd_03_high_bpm138,138.0,sim_tau
8,3.3700296878814697,3.39503026008606,25.000572204590288,3591.07958984375,True,0.5,0.1,3,gmd_03_high_bpm138,138.0,sim_tau
9,3.490032434463501,3.500032663345337,10.000228881835938,13.40383529663086,True,0.5,0.1,3,gmd_03_high_bpm138,138.0,sim_tau
10,4.230049133300781,4.38005256652832,150.00343322753906,11.535268783569336,False,0.5,0.1,3,gmd_03_high_bpm138,138.0,sim_tau
11,4.450054168701172,4.445054054260254,-5.000114440917969,10.506790161132812,True,0.5,0.1,3,gmd_03_high_bpm138,138.0,sim_tau
12,4.9900665283203125,,,0.0,False,0.5,0.1,3,gmd_03_high_bpm138,138.0,sim_tau
13,5.290073394775391,5.280073165893555,-10.000228881835938,5.137351989746094,True,0.5,0.1,3,gmd_03_high_bpm138,138.0,sim_tau
14,5.6300811767578125,5.6350812911987305,5.000114440917969,4.706595420837402,True,0.5,0.1,3,gmd_03_high_bpm138,138.0,sim_tau
15,5.930088043212891,6.070091247558594,140.00320434570312,16.07120132446289,False,0.5,0.1,3,gmd_03_high_bpm138,138.0,sim_tau
16,6.170093536376953,6.170093536376953,0.0,13.113118171691896,True,0.5,0.1,3,gmd_03_high_bpm138,138.0,sim_tau
17,6.710105895996094,,,0.0,False,0.5,0.1,3,gmd_03_high_bpm138,138.0,sim_tau
18,7.010112762451172,6.985112190246582,-25.000572204589844,5.6146650314331055,True,0.5,0.1,3,gmd_03_high_bpm138,138.0,sim_tau
19,7.370121002197266,7.355120658874512,-15.000343322753906,5677.76708984375,True,0.5,0.1,3,gmd_03_high_bpm138,138.0,sim_tau
20,7.710128784179687,,,0.0,False,0.5,0.1,3,gmd_03_high_bpm138,138.0,sim_tau
21,7.95013427734375,7.95013427734375,0.0,9.187114715576172,True,0.5,0.1,3,gmd_03_high_bpm138,138.0,sim_tau
22,8.230140686035156,8.210140228271484,-20.000457763671875,33.23957443237305,True,0.5,0.1,3,gmd_03_high_bpm138,138.0,sim_tau
23,8.570148468017578,,,0.0,False,0.5,0.1,3,gmd_03_high_bpm138,138.0,sim_tau
24,8.670150756835938,,,0.0,False,0.5,0.1,3,gmd_03_high_bpm138,138.0,sim_tau
25,9.13016128540039,9.13016128540039,0.0,19.84121322631836,True,0.5,0.1,3,gmd_03_high_bpm138,138.0,sim_tau
26,9.45016860961914,,,0.0,False,0.5,0.1,3,gmd_03_high_bpm138,138.0,sim_tau
27,9.690174102783203,,,0.0,False,0.5,0.1,3,gmd_03_high_bpm138,138.0,sim_tau
28,10.010181427001951,10.005181312561035,-5.000114440916192,11.147139549255373,True,0.5,0.1,3,gmd_03_high_bpm138,138.0,sim_tau
29,10.330188751220703,10.33518886566162,5.000114440916192,16.930076599121094,True,0.5,0.1,3,gmd_03_high_bpm138,138.0,sim_tau
30,10.890201568603516,10.900201797485352,10.000228881835938,10.01916790008545,True,0.5,0.1,3,gmd_03_high_bpm138,138.0,sim_tau
31,11.210208892822266,11.220209121704102,10.000228881835938,28.50924301147461,True,0.5,0.1,3,gmd_03_high_bpm138,138.0,sim_tau
32,11.430213928222656,11.44521427154541,15.000343322753906,24.856595993041992,True,0.5,0.1,3,gmd_03_high_bpm138,138.0,sim_tau
33,11.970226287841797,,,0.0,False,0.5,0.1,3,gmd_03_high_bpm138,138.0,sim_tau
34,12.270233154296877,12.25523281097412,-15.000343322757459,5.302830219268799,True,0.5,0.1,3,gmd_03_high_bpm138,138.0,sim_tau
35,12.610240936279297,12.60024070739746,-10.000228881837714,11.993046760559082,True,0.5,0.1,3,gmd_03_high_bpm138,138.0,sim_tau
36,12.910247802734377,13.065251350402832,155.00354766845527,11.129232406616213,False,0.5,0.1,3,gmd_03_high_bpm138,138.0,sim_tau
37,13.670265197753906,13.68526554107666,15.000343322753906,3.0405712127685547,True,0.5,0.1,3,gmd_03_high_bpm138,138.0,sim_tau
38,13.950271606445312,13.940271377563477,-10.000228881835938,31.938371658325195,True,0.5,0.1,3,gmd_03_high_bpm138,138.0,sim_tau
39,14.330280303955078,14.32528018951416,-5.000114440917969,9.669800758361816,True,0.5,0.1,3,gmd_03_high_bpm138,138.0,sim_tau
40,14.650287628173828,,,0.0,False,0.5,0.1,3,gmd_03_high_bpm138,138.0,sim_tau
41,14.89029312133789,14.880292892456056,-10.000228881834161,9.563133239746094,True,0.5,0.1,3,gmd_03_high_bpm138,138.0,sim_tau
42,15.21030044555664,15.21530055999756,5.000114440919745,9.400081634521484,True,0.5,0.1,3,gmd_03_high_bpm138,138.0,sim_tau
43,15.53030776977539,,,0.0,False,0.5,0.1,3,gmd_03_high_bpm138,138.0,sim_tau
44,15.610309600830078,15.620309829711914,10.000228881835938,13.330459594726562,True,0.5,0.1,3,gmd_03_high_bpm138,138.0,sim_tau
0,1.349998950958252,,,0.0,False,0.5,0.1,3,gmd_04_extreme_bpm170,170.0,sim_tau
1,1.7499985694885254,,,0.0,False,0.5,0.1,3,gmd_04_extreme_bpm170,170.0,sim_tau
2,2.3100054264068604,,,0.0,False,0.5,0.1,3,gmd_04_extreme_bpm170,170.0,sim_tau
3,2.7300150394439697,2.75501561164856,25.000572204590288,40.07838439941406,True,0.5,0.1,3,gmd_04_extreme_bpm170,170.0,sim_tau
4,3.190025568008423,3.190025568008423,0.0,20.09770965576172,True,0.5,0.1,3,gmd_04_extreme_bpm170,170.0,sim_tau
5,3.730037927627564,,,0.0,False,0.5,0.1,3,gmd_04_extreme_bpm170,170.0,sim_tau
6,4.11004638671875,,,0.0,False,0.5,0.1,3,gmd_04_extreme_bpm170,170.0,sim_tau
7,4.610057830810547,4.565056800842285,-45.00102996826172,10.987188339233398,False,0.5,0.1,3,gmd_04_extreme_bpm170,170.0,sim_tau
8,4.870063781738281,,,0.0,False,0.5,0.1,3,gmd_04_extreme_bpm170,170.0,sim_tau
9,5.130069732666016,,,0.0,False,0.5,0.1,3,gmd_04_extreme_bpm170,170.0,sim_tau
10,5.990089416503906,5.970088958740234,-20.000457763671875,35.38772201538086,True,0.5,0.1,3,gmd_04_extreme_bpm170,170.0,sim_tau
11,6.35009765625,6.360097885131836,10.000228881835938,10.894695281982422,True,0.5,0.1,3,gmd_04_extreme_bpm170,170.0,sim_tau
12,6.530101776123047,,,0.0,False,0.5,0.1,3,gmd_04_extreme_bpm170,170.0,sim_tau
13,6.710105895996094,6.710105895996094,0.0,18.612716674804688,True,0.5,0.1,3,gmd_04_extreme_bpm170,170.0,sim_tau
14,6.950111389160156,7.060113906860352,110.00251770019531,25.517406463623047,False,0.5,0.1,3,gmd_04_extreme_bpm170,170.0,sim_tau
15,7.410121917724609,7.395121574401855,-15.000343322754794,11.312169075012209,True,0.5,0.1,3,gmd_04_extreme_bpm170,170.0,sim_tau
16,7.750129699707031,7.755129814147949,5.000114440917969,14.608396530151367,True,0.5,0.1,3,gmd_04_extreme_bpm170,170.0,sim_tau
17,8.010135650634766,8.055136680603027,45.00102996826172,14.213977813720703,False,0.5,0.1,3,gmd_04_extreme_bpm170,170.0,sim_tau
18,8.090137481689453,8.085137367248535,-5.000114440917969,4.822895050048828,True,0.5,0.1,3,gmd_04_extreme_bpm170,170.0,sim_tau
19,8.530147552490234,8.535147666931152,5.000114440917969,10.160598754882812,True,0.5,0.1,3,gmd_04_extreme_bpm170,170.0,sim_tau
20,8.970157623291016,,,0.0,False,0.5,0.1,3,gmd_04_extreme_bpm170,170.0,sim_tau
21,9.23016357421875,9.200162887573242,-30.000686645507812,18.90937805175781,False,0.5,0.1,3,gmd_04_extreme_bpm170,170.0,sim_tau
22,9.490169525146484,9.485169410705566,-5.000114440917969,22.59710121154785,True,0.5,0.1,3,gmd_04_extreme_bpm170,170.0,sim_tau
23,9.690174102783203,,,0.0,False,0.5,0.1,3,gmd_04_extreme_bpm170,170.0,sim_tau
24,10.230186462402344,10.235186576843262,5.000114440917969,23.238262176513672,True,0.5,0.1,3,gmd_04_extreme_bpm170,170.0,sim_tau
25,10.570194244384766,10.575194358825684,5.000114440917969,10.417256355285645,True,0.5,0.1,3,gmd_04_extreme_bpm170,170.0,sim_tau
26,10.8302001953125,,,0.0,False,0.5,0.1,3,gmd_04_extreme_bpm170,170.0,sim_tau
27,10.93020248413086,,,0.0,False,0.5,0.1,3,gmd_04_extreme_bpm170,170.0,sim_tau
28,11.390213012695312,11.37021255493164,-20.000457763671875,16.654476165771484,True,0.5,0.1,3,gmd_04_extreme_bpm170,170.0,sim_tau
29,11.850223541259766,,,0.0,False,0.5,0.1,3,gmd_04_extreme_bpm170,170.0,sim_tau
30,12.090229034423828,12.075228691101074,-15.000343322753906,27.547443389892575,True,0.5,0.1,3,gmd_04_extreme_bpm170,170.0,sim_tau
31,12.350234985351562,12.35523509979248,5.000114440917969,6.09999942779541,True,0.5,0.1,3,gmd_04_extreme_bpm170,170.0,sim_tau
32,12.55023956298828,,,0.0,False,0.5,0.1,3,gmd_04_extreme_bpm170,170.0,sim_tau
33,12.65024185180664,,,0.0,False,0.5,0.1,3,gmd_04_extreme_bpm170,170.0,sim_tau
34,13.07025146484375,13.065251350402832,-5.000114440917969,1.540937423706055,True,0.5,0.1,3,gmd_04_extreme_bpm170,170.0,sim_tau
35,13.3902587890625,13.370258331298828,-20.000457763671875,24.8872184753418,True,0.5,0.1,3,gmd_04_extreme_bpm170,170.0,sim_tau
36,13.670265197753906,,,0.0,False,0.5,0.1,3,gmd_04_extreme_bpm170,170.0,sim_tau
37,13.770267486572266,,,0.0,False,0.5,0.1,3,gmd_04_extreme_bpm170,170.0,sim_tau
38,14.210277557373049,14.215277671813965,5.000114440916192,10.367218017578123,True,0.5,0.1,3,gmd_04_extreme_bpm170,170.0,sim_tau
39,14.630287170410156,,,0.0,False,0.5,0.1,3,gmd_04_extreme_bpm170,170.0,sim_tau
40,14.89029312133789,14.895293235778809,5.000114440917969,18.39519500732422,True,0.5,0.1,3,gmd_04_extreme_bpm170,170.0,sim_tau
41,15.150299072265623,15.145298957824709,-5.000114440914416,66.90049743652344,True,0.5,0.1,3,gmd_04_extreme_bpm170,170.0,sim_tau
42,15.350303649902344,,,0.0,False,0.5,0.1,3,gmd_04_extreme_bpm170,170.0,sim_tau
43,15.85031509399414,15.85031509399414,0.0,24.18885612487793,True,0.5,0.1,3,gmd_04_extreme_bpm170,170.0,sim_tau
0,1.509998798370361,1.509998798370361,0.0,18.54068756103516,True,0.5,0.25,3,double_160bpm,160.0,sim_tau
1,1.6099987030029297,1.6199986934661863,9.999990463256614,28.559585571289062,True,0.5,0.25,3,double_160bpm,160.0,sim_tau
2,1.889998435974121,1.8549984693527224,-34.999966621398706,28.7999210357666,False,0.5,0.25,3,double_160bpm,160.0,sim_tau
3,1.969998359680176,1.9649983644485476,-4.999995231628418,11.34661102294922,True,0.5,0.25,3,double_160bpm,160.0,sim_tau
4,2.2500040531158447,2.2500040531158447,0.0,14.619253158569336,True,0.5,0.25,3,double_160bpm,160.0,sim_tau
5,2.350006341934204,2.350006341934204,0.0,16.528366088867188,True,0.5,0.25,3,double_160bpm,160.0,sim_tau
6,2.6300127506256104,2.6300127506256104,0.0,19.815284729003903,True,0.5,0.25,3,double_160bpm,160.0,sim_tau
7,2.7300150394439697,2.7300150394439697,0.0,18.784114837646484,True,0.5,0.25,3,double_160bpm,160.0,sim_tau
8,3.010021448135376,3.010021448135376,0.0,19.25354385375977,True,0.5,0.25,3,double_160bpm,160.0,sim_tau
9,3.110023736953736,3.110023736953736,0.0,18.301109313964844,True,0.5,0.25,3,double_160bpm,160.0,sim_tau
10,3.3900301456451416,3.3900301456451416,0.0,9.484334945678713,True,0.5,0.25,3,double_160bpm,160.0,sim_tau
11,3.470031976699829,3.465031862258911,-5.000114440917969,10.846287727355955,True,0.5,0.25,3,double_160bpm,160.0,sim_tau
12,3.7700388431549072,3.7500383853912354,-20.000457763671875,18.44697952270508,True,0.5,0.25,3,double_160bpm,160.0,sim_tau
13,3.8500406742095943,3.8500406742095943,0.0,10.29015064239502,True,0.5,0.25,3,double_160bpm,160.0,sim_tau
14,4.130046844482422,4.130046844482422,0.0,20.09236717224121,True,0.5,0.25,3,double_160bpm,160.0,sim_tau
15,4.230049133300781,4.230049133300781,0.0,16.713979721069336,True,0.5,0.25,3,double_160bpm,160.0,sim_tau
16,4.510055541992188,4.510055541992188,0.0,7.567062377929687,True,0.5,0.25,3,double_160bpm,160.0,sim_tau
17,4.610057830810547,4.610057830810547,0.0,17.950054168701172,True,0.5,0.25,3,double_160bpm,160.0,sim_tau
18,4.890064239501953,4.890064239501953,0.0,9.642585754394531,True,0.5,0.25,3,double_160bpm,160.0,sim_tau
19,4.970066070556641,4.965065956115723,-5.000114440917969,10.670427322387695,True,0.5,0.25,3,double_160bpm,160.0,sim_tau
20,5.250072479248047,5.245072364807129,-5.000114440917969,12.460968017578123,True,0.5,0.25,3,double_160bpm,160.0,sim_tau
21,5.350074768066406,5.350074768066406,0.0,17.52429962158203,True,0.5,0.25,3,double_160bpm,160.0,sim_tau
22,5.6300811767578125,5.6300811767578125,0.0,19.562705993652344,True,0.5,0.25,3,double_160bpm,160.0,sim_tau
23,5.730083465576172,5.730083465576172,0.0,16.607898712158203,True,0.5,0.25,3,double_160bpm,160.0,sim_tau
24,1.509998798370361,1.5199987888336182,9.999990463257058,16.514169692993164,True,0.5,0.25,3,double_160bpm,160.0,sim_tau
25,1.6099987030029297,1.5849987268447876,-24.99997615814209,17.555795669555664,True,0.5,0.25,3,double_160bpm,160.0,sim_tau
26,1.889998435974121,1.8549984693527224,-34.999966621398706,28.669017791748047,False,0.5,0.25,3,double_160bpm,160.0,sim_tau
27,1.969998359680176,1.9799983501434328,9.999990463256836,15.518596649169922,True,0.5,0.25,3,double_160bpm,160.0,sim_tau
28,2.2500040531158447,2.2500040531158447,0.0,16.78569984436035,True,0.5,0.25,3,double_160bpm,160.0,sim_tau
29,2.350006341934204,2.350006341934204,0.0,16.253358840942383,True,0.5,0.25,3,double_160bpm,160.0,sim_tau
30,2.6300127506256104,2.6300127506256104,0.0,19.702356338500977,True,0.5,0.25,3,double_160bpm,160.0,sim_tau
31,2.7300150394439697,2.725014925003052,-5.000114440917525,11.805868148803713,True,0.5,0.25,3,double_160bpm,160.0,sim_tau
32,3.010021448135376,3.010021448135376,0.0,18.931493759155277,True,0.5,0.25,3,double_160bpm,160.0,sim_tau
33,3.110023736953736,3.1300241947174072,20.00045776367143,12.459940910339355,True,0.5,0.25,3,double_160bpm,160.0,sim_tau
34,3.3900301456451416,3.355029344558716,-35.00080108642578,28.585355758666992,False,0.5,0.25,3,double_160bpm,160.0,sim_tau
35,3.470031976699829,3.465031862258911,-5.000114440917969,11.336206436157228,True,0.5,0.25,3,double_160bpm,160.0,sim_tau
36,3.7700388431549072,3.805039644241333,35.00080108642578,21.930932998657227,False,0.5,0.25,3,double_160bpm,160.0,sim_tau
37,3.8500406742095943,3.835040330886841,-15.000343322753462,17.124977111816406,True,0.5,0.25,3,double_160bpm,160.0,sim_tau
38,4.130046844482422,4.155047416687012,25.000572204589844,32.61677551269531,True,0.5,0.25,3,double_160bpm,160.0,sim_tau
39,4.230049133300781,4.220048904418945,-10.000228881835938,9.52890682220459,True,0.5,0.25,3,double_160bpm,160.0,sim_tau
40,4.510055541992188,4.510055541992188,0.0,16.093177795410156,True,0.5,0.25,3,double_160bpm,160.0,sim_tau
41,4.610057830810547,4.590057373046875,-20.000457763671875,10.104981422424316,True,0.5,0.25,3,double_160bpm,160.0,sim_tau
42,4.890064239501953,4.890064239501953,0.0,9.503240585327148,True,0.5,0.25,3,double_160bpm,160.0,sim_tau
43,4.970066070556641,4.980066299438477,10.000228881835938,17.68348503112793,True,0.5,0.25,3,double_160bpm,160.0,sim_tau
44,5.250072479248047,5.260072708129883,10.000228881835938,16.06097984313965,True,0.5,0.25,3,double_160bpm,160.0,sim_tau
45,5.350074768066406,5.350074768066406,0.0,18.03086471557617,True,0.5,0.25,3,double_160bpm,160.0,sim_tau
46,5.6300811767578125,5.640081405639648,10.000228881835938,15.946858406066896,True,0.5,0.25,3,double_160bpm,160.0,sim_tau
47,5.730083465576172,5.73508358001709,5.000114440917969,15.201699256896973,True,0.5,0.25,3,double_160bpm,160.0,sim_tau
48,1.509998798370361,1.5199987888336182,9.999990463257058,16.657114028930664,True,0.5,0.25,3,double_160bpm,160.0,sim_tau
49,1.6099987030029297,1.5699987411499023,-39.999961853027344,15.546253204345703,False,0.5,0.25,3,double_160bpm,160.0,sim_tau
50,1.889998435974121,1.8549984693527224,-34.999966621398706,28.551082611083984,False,0.5,0.25,3,double_160bpm,160.0,sim_tau
51,1.969998359680176,1.9399983882904053,-29.999971389770728,19.31842613220215,True,0.5,0.25,3,double_160bpm,160.0,sim_tau
52,2.2500040531158447,2.2550041675567627,5.000114440917969,16.695425033569336,True,0.5,0.25,3,double_160bpm,160.0,sim_tau
53,2.350006341934204,2.370006799697876,20.000457763671875,23.02634620666504,True,0.5,0.25,3,double_160bpm,160.0,sim_tau
54,2.6300127506256104,2.6350128650665283,5.000114440917969,18.51385498046875,True,0.5,0.25,3,double_160bpm,160.0,sim_tau
55,2.7300150394439697,2.710014581680298,-20.000457763671875,9.815616607666016,True,0.5,0.25,3,double_160bpm,160.0,sim_tau
56,3.010021448135376,3.02502179145813,15.000343322753906,17.857906341552734,True,0.5,0.25,3,double_160bpm,160.0,sim_tau
57,3.110023736953736,3.085023164749145,-25.000572204590732,18.15881729125977,True,0.5,0.25,3,double_160bpm,160.0,sim_tau
58,3.3900301456451416,3.355029344558716,-35.00080108642578,28.6436767578125,False,0.5,0.25,3,double_160bpm,160.0,sim_tau
59,3.470031976699829,3.480032205581665,10.000228881835938,15.119617462158203,True,0.5,0.25,3,double_160bpm,160.0,sim_tau
60,3.7700388431549072,3.805039644241333,35.00080108642578,22.90644645690918,False,0.5,0.25,3,double_160bpm,160.0,sim_tau
61,3.8500406742095943,3.730037927627564,-120.00274658203037,16.566204071044922,False,0.5,0.25,3,double_160bpm,160.0,sim_tau
62,4.130046844482422,4.155047416687012,25.000572204589844,31.70863151550293,True,0.5,0.25,3,double_160bpm,160.0,sim_tau
63,4.230049133300781,4.245049476623535,15.000343322753906,24.55978012084961,True,0.5,0.25,3,double_160bpm,160.0,sim_tau
64,4.510055541992188,4.5150556564331055,5.000114440917081,17.418777465820312,True,0.5,0.25,3,double_160bpm,160.0,sim_tau
65,4.610057830810547,4.630058288574219,20.000457763671875,11.134410858154297,True,0.5,0.25,3,double_160bpm,160.0,sim_tau
66,4.890064239501953,4.890064239501953,0.0,9.496349334716797,True,0.5,0.25,3,double_160bpm,160.0,sim_tau
67,4.970066070556641,4.925065040588379,-45.00102996826172,21.532730102539062,False,0.5,0.25,3,double_160bpm,160.0,sim_tau
68,5.250072479248047,5.265072822570801,15.000343322753906,30.66936492919922,True,0.5,0.25,3,double_160bpm,160.0,sim_tau
69,5.350074768066406,5.335074424743652,-15.000343322753906,19.128341674804688,True,0.5,0.25,3,double_160bpm,160.0,sim_tau
70,5.6300811767578125,5.610080718994141,-20.000457763671875,8.365095138549805,True,0.5,0.25,3,double_160bpm,160.0,sim_tau
71,5.730083465576172,5.7100830078125,-20.000457763671875,9.992122650146484,True,0.5,0.25,3,double_160bpm,160.0,sim_tau
0,0.4299997389316559,0.4299997389316559,0.0,17.045732498168945,True,0.5,0.25,3,gmd_03_high_bpm138,138.0,sim_tau
1,0.749999463558197,0.7399994730949402,-9.999990463256836,14.437736511230469,True,0.5,0.25,3,gmd_03_high_bpm138,138.0,sim_tau
2,0.9699992537498474,0.9449992775917052,-24.9999761581422,40.50767517089844,True,0.5,0.25,3,gmd_03_high_bpm138,138.0,sim_tau
3,1.6299986839294434,1.6049987077713013,-24.99997615814209,36.197872161865234,True,0.5,0.25,3,gmd_03_high_bpm138,138.0,sim_tau
4,2.170002222061157,,,0.0,False,0.5,0.25,3,gmd_03_high_bpm138,138.0,sim_tau
5,2.510010004043579,2.505009889602661,-5.000114440917969,249.0418701171875,True,0.5,0.25,3,gmd_03_high_bpm138,138.0,sim_tau
6,2.710014581680298,2.710014581680298,0.0,17.776046752929688,True,0.5,0.25,3,gmd_03_high_bpm138,138.0,sim_tau
7,3.030021905899048,2.995021104812622,-35.00080108642578,38.5303955078125,False,0.5,0.25,3,gmd_03_high_bpm138,138.0,sim_tau
8,3.3700296878814697,3.325028657913208,-45.00102996826172,15.902973175048828,False,0.5,0.25,3,gmd_03_high_bpm138,138.0,sim_tau
9,3.490032434463501,3.485032320022583,-5.000114440917969,13.086763381958008,True,0.5,0.25,3,gmd_03_high_bpm138,138.0,sim_tau
10,4.230049133300781,4.225049018859863,-5.000114440917969,22.73767471313477,True,0.5,0.25,3,gmd_03_high_bpm138,138.0,sim_tau
11,4.450054168701172,4.445054054260254,-5.000114440917969,13.347833633422852,True,0.5,0.25,3,gmd_03_high_bpm138,138.0,sim_tau
12,4.9900665283203125,4.995066642761231,5.000114440918857,23.387020111083984,True,0.5,0.25,3,gmd_03_high_bpm138,138.0,sim_tau
13,5.290073394775391,5.290073394775391,0.0,10.45395565032959,True,0.5,0.25,3,gmd_03_high_bpm138,138.0,sim_tau
14,5.6300811767578125,5.600080490112305,-30.000686645507812,39.68351745605469,False,0.5,0.25,3,gmd_03_high_bpm138,138.0,sim_tau
15,5.930088043212891,5.895087242126465,-35.00080108642578,8.574974060058594,False,0.5,0.25,3,gmd_03_high_bpm138,138.0,sim_tau
16,6.170093536376953,6.170093536376953,0.0,16.447532653808594,True,0.5,0.25,3,gmd_03_high_bpm138,138.0,sim_tau
17,6.710105895996094,6.72010612487793,10.000228881835938,13.013331413269045,True,0.5,0.25,3,gmd_03_high_bpm138,138.0,sim_tau
18,7.010112762451172,7.010112762451172,0.0,17.412412643432617,True,0.5,0.25,3,gmd_03_high_bpm138,138.0,sim_tau
19,7.370121002197266,7.380121231079102,10.000228881835938,10.144567489624023,True,0.5,0.25,3,gmd_03_high_bpm138,138.0,sim_tau
20,7.710128784179687,7.720129013061523,10.000228881836826,10.302582740783691,True,0.5,0.25,3,gmd_03_high_bpm138,138.0,sim_tau
21,7.95013427734375,7.95013427734375,0.0,18.56485939025879,True,0.5,0.25,3,gmd_03_high_bpm138,138.0,sim_tau
22,8.230140686035156,8.230140686035156,0.0,17.362510681152344,True,0.5,0.25,3,gmd_03_high_bpm138,138.0,sim_tau
23,8.570148468017578,8.580148696899414,10.000228881835938,18.841476440429688,True,0.5,0.25,3,gmd_03_high_bpm138,138.0,sim_tau
24,8.670150756835938,8.680150985717773,10.000228881835938,11.24399757385254,True,0.5,0.25,3,gmd_03_high_bpm138,138.0,sim_tau
25,9.13016128540039,9.125161170959473,-5.000114440917969,12.615066528320312,True,0.5,0.25,3,gmd_03_high_bpm138,138.0,sim_tau
26,9.45016860961914,9.445168495178224,-5.000114440916192,11.63844108581543,True,0.5,0.25,3,gmd_03_high_bpm138,138.0,sim_tau
27,9.690174102783203,9.690174102783203,0.0,17.672807693481445,True,0.5,0.25,3,gmd_03_high_bpm138,138.0,sim_tau
28,10.010181427001951,10.020181655883787,10.000228881835938,19.80805015563965,True,0.5,0.25,3,gmd_03_high_bpm138,138.0,sim_tau
29,10.330188751220703,10.33518886566162,5.000114440916192,15.130788803100586,True,0.5,0.25,3,gmd_03_high_bpm138,138.0,sim_tau
30,10.890201568603516,10.885201454162598,-5.000114440917969,10.494925498962402,True,0.5,0.25,3,gmd_03_high_bpm138,138.0,sim_tau
31,11.210208892822266,11.195208549499512,-15.000343322753906,20.16148376464844,True,0.5,0.25,3,gmd_03_high_bpm138,138.0,sim_tau
32,11.430213928222656,11.430213928222656,0.0,16.508508682250977,True,0.5,0.25,3,gmd_03_high_bpm138,138.0,sim_tau
33,11.970226287841797,11.975226402282717,5.000114440919745,12.62777328491211,True,0.5,0.25,3,gmd_03_high_bpm138,138.0,sim_tau
34,12.270233154296877,12.270233154296877,0.0,18.84952163696289,True,0.5,0.25,3,gmd_03_high_bpm138,138.0,sim_tau
35,12.610240936279297,12.60524082183838,-5.000114440916192,13.21436882019043,True,0.5,0.25,3,gmd_03_high_bpm138,138.0,sim_tau
36,12.910247802734377,12.925248146057127,15.000343322750354,19.496044158935547,True,0.5,0.25,3,gmd_03_high_bpm138,138.0,sim_tau
37,13.670265197753906,13.670265197753906,0.0,16.86334228515625,True,0.5,0.25,3,gmd_03_high_bpm138,138.0,sim_tau
38,13.950271606445312,13.915270805358888,-35.000801086424005,38.20171356201172,False,0.5,0.25,3,gmd_03_high_bpm138,138.0,sim_tau
39,14.330280303955078,14.315279960632324,-15.000343322753906,13.2645263671875,True,0.5,0.25,3,gmd_03_high_bpm138,138.0,sim_tau
40,14.650287628173828,14.630287170410156,-20.000457763671875,12.253225326538086,True,0.5,0.25,3,gmd_03_high_bpm138,138.0,sim_tau
41,14.89029312133789,14.905293464660645,15.000343322753906,12.05290412902832,True,0.5,0.25,3,gmd_03_high_bpm138,138.0,sim_tau
42,15.21030044555664,15.205300331115724,-5.000114440916192,10.529037475585938,True,0.5,0.25,3,gmd_03_high_bpm138,138.0,sim_tau
43,15.53030776977539,15.525307655334473,-5.000114440917969,8.691899299621582,True,0.5,0.25,3,gmd_03_high_bpm138,138.0,sim_tau
44,15.610309600830078,15.615309715270996,5.000114440917969,16.794246673583984,True,0.5,0.25,3,gmd_03_high_bpm138,138.0,sim_tau
0,1.349998950958252,1.349998950958252,0.0,17.946273803710938,True,0.5,0.25,3,gmd_04_extreme_bpm170,170.0,sim_tau
1,1.7499985694885254,1.7549985647201538,4.999995231628418,13.744935989379885,True,0.5,0.25,3,gmd_04_extreme_bpm170,170.0,sim_tau
2,2.3100054264068604,2.3150055408477783,5.000114440917969,13.786954879760742,True,0.5,0.25,3,gmd_04_extreme_bpm170,170.0,sim_tau
3,2.7300150394439697,2.70501446723938,-25.000572204589844,8.83986759185791,True,0.5,0.25,3,gmd_04_extreme_bpm170,170.0,sim_tau
4,3.190025568008423,3.190025568008423,0.0,15.818089485168455,True,0.5,0.25,3,gmd_04_extreme_bpm170,170.0,sim_tau
5,3.730037927627564,3.7350380420684814,5.000114440917525,12.59555435180664,True,0.5,0.25,3,gmd_04_extreme_bpm170,170.0,sim_tau
6,4.11004638671875,4.100046157836914,-10.000228881835938,10.613786697387695,True,0.5,0.25,3,gmd_04_extreme_bpm170,170.0,sim_tau
7,4.610057830810547,4.610057830810547,0.0,15.99428939819336,True,0.5,0.25,3,gmd_04_extreme_bpm170,170.0,sim_tau
8,4.870063781738281,4.845063209533691,-25.000572204589844,9.06281852722168,True,0.5,0.25,3,gmd_04_extreme_bpm170,170.0,sim_tau
9,5.130069732666016,5.140069961547852,10.000228881835938,11.87203311920166,True,0.5,0.25,3,gmd_04_extreme_bpm170,170.0,sim_tau
10,5.990089416503906,5.985089302062988,-5.000114440917969,10.727460861206056,True,0.5,0.25,3,gmd_04_extreme_bpm170,170.0,sim_tau
11,6.35009765625,6.310096740722656,-40.00091552734375,16.318374633789062,False,0.5,0.25,3,gmd_04_extreme_bpm170,170.0,sim_tau
12,6.530101776123047,,,0.0,False,0.5,0.25,3,gmd_04_extreme_bpm170,170.0,sim_tau
13,6.710105895996094,6.700105667114258,-10.000228881835938,16.580781936645508,True,0.5,0.25,3,gmd_04_extreme_bpm170,170.0,sim_tau
14,6.950111389160156,6.920110702514648,-30.000686645507812,41.72374725341797,False,0.5,0.25,3,gmd_04_extreme_bpm170,170.0,sim_tau
15,7.410121917724609,7.420122146606445,10.000228881835938,19.048707962036133,True,0.5,0.25,3,gmd_04_extreme_bpm170,170.0,sim_tau
16,7.750129699707031,7.755129814147949,5.000114440917969,13.821450233459473,True,0.5,0.25,3,gmd_04_extreme_bpm170,170.0,sim_tau
17,8.010135650634766,8.005135536193848,-5.000114440917969,11.767260551452637,True,0.5,0.25,3,gmd_04_extreme_bpm170,170.0,sim_tau
18,8.090137481689453,8.090137481689453,0.0,8.80518913269043,True,0.5,0.25,3,gmd_04_extreme_bpm170,170.0,sim_tau
19,8.530147552490234,8.505146980285645,-25.000572204589844,12.580281257629396,True,0.5,0.25,3,gmd_04_extreme_bpm170,170.0,sim_tau
20,8.970157623291016,8.96015739440918,-10.000228881835938,10.365432739257812,True,0.5,0.25,3,gmd_04_extreme_bpm170,170.0,sim_tau
21,9.23016357421875,9.240163803100586,10.000228881835938,16.881330490112305,True,0.5,0.25,3,gmd_04_extreme_bpm170,170.0,sim_tau
22,9.490169525146484,9.485169410705566,-5.000114440917969,15.118821144104004,True,0.5,0.25,3,gmd_04_extreme_bpm170,170.0,sim_tau
23,9.690174102783203,9.70017433166504,10.000228881837714,11.84564971923828,True,0.5,0.25,3,gmd_04_extreme_bpm170,170.0,sim_tau
24,10.230186462402344,10.24018669128418,10.000228881835938,12.450157165527344,True,0.5,0.25,3,gmd_04_extreme_bpm170,170.0,sim_tau
25,10.570194244384766,10.580194473266602,10.000228881835938,11.791847229003906,True,0.5,0.25,3,gmd_04_extreme_bpm170,170.0,sim_tau
26,10.8302001953125,10.840200424194336,10.000228881835938,11.270743370056152,True,0.5,0.25,3,gmd_04_extreme_bpm170,170.0,sim_tau
27,10.93020248413086,10.915202140808104,-15.000343322755683,17.453243255615234,True,0.5,0.25,3,gmd_04_extreme_bpm170,170.0,sim_tau
28,11.390213012695312,11.385212898254396,-5.000114440916192,19.397727966308597,True,0.5,0.25,3,gmd_04_extreme_bpm170,170.0,sim_tau
29,11.850223541259766,11.860223770141602,10.000228881835938,11.703786849975586,True,0.5,0.25,3,gmd_04_extreme_bpm170,170.0,sim_tau
30,12.090229034423828,12.090229034423828,0.0,17.874988555908203,True,0.5,0.25,3,gmd_04_extreme_bpm170,170.0,sim_tau
31,12.350234985351562,12.350234985351562,0.0,18.19258499145508,True,0.5,0.25,3,gmd_04_extreme_bpm170,170.0,sim_tau
32,12.55023956298828,12.55023956298828,0.0,23.69784164428711,True,0.5,0.25,3,gmd_04_extreme_bpm170,170.0,sim_tau
33,12.65024185180664,12.65524196624756,5.000114440919745,14.733013153076172,True,0.5,0.25,3,gmd_04_extreme_bpm170,170.0,sim_tau
34,13.07025146484375,13.050251007080078,-20.000457763671875,13.011569023132324,True,0.5,0.25,3,gmd_04_extreme_bpm170,170.0,sim_tau
35,13.3902587890625,,,0.0,False,0.5,0.25,3,gmd_04_extreme_bpm170,170.0,sim_tau
36,13.670265197753906,13.745266914367676,75.00171661376953,16.83917999267578,False,0.5,0.25,3,gmd_04_extreme_bpm170,170.0,sim_tau
37,13.770267486572266,13.770267486572266,0.0,16.51358413696289,True,0.5,0.25,3,gmd_04_extreme_bpm170,170.0,sim_tau
38,14.210277557373049,14.210277557373049,0.0,17.47054672241211,True,0.5,0.25,3,gmd_04_extreme_bpm170,170.0,sim_tau
39,14.630287170410156,14.600286483764648,-30.000686645507812,32.42671203613281,False,0.5,0.25,3,gmd_04_extreme_bpm170,170.0,sim_tau
40,14.89029312133789,14.895293235778809,5.000114440917969,15.943777084350586,True,0.5,0.25,3,gmd_04_extreme_bpm170,170.0,sim_tau
41,15.150299072265623,15.150299072265623,0.0,19.58211326599121,True,0.5,0.25,3,gmd_04_extreme_bpm170,170.0,sim_tau
42,15.350303649902344,15.350303649902344,0.0,19.230695724487305,True,0.5,0.25,3,gmd_04_extreme_bpm170,170.0,sim_tau
43,15.85031509399414,15.85031509399414,0.0,15.228822708129885,True,0.5,0.25,3,gmd_04_extreme_bpm170,170.0,sim_tau
0,1.509998798370361,1.5149987936019895,4.999995231628418,19.23756217956543,True,0.5,0.5,3,double_160bpm,160.0,sim_tau
1,1.6099987030029297,1.6099987030029297,0.0,20.182979583740234,True,0.5,0.5,3,double_160bpm,160.0,sim_tau
2,1.889998435974121,1.8799984455108645,-9.999990463256614,15.819079399108888,True,0.5,0.5,3,double_160bpm,160.0,sim_tau
3,1.969998359680176,1.969998359680176,0.0,12.915227890014648,True,0.5,0.5,3,double_160bpm,160.0,sim_tau
4,2.2500040531158447,2.2600042819976807,10.000228881835938,18.99679946899414,True,0.5,0.5,3,double_160bpm,160.0,sim_tau
5,2.350006341934204,2.355006456375122,5.000114440917969,9.714856147766112,True,0.5,0.5,3,double_160bpm,160.0,sim_tau
6,2.6300127506256104,2.6350128650665283,5.000114440917969,16.938823699951172,True,0.5,0.5,3,double_160bpm,160.0,sim_tau
7,2.7300150394439697,2.725014925003052,-5.000114440917525,11.698951721191406,True,0.5,0.5,3,double_160bpm,160.0,sim_tau
8,3.010021448135376,3.015021562576294,5.000114440917969,17.901758193969727,True,0.5,0.5,3,double_160bpm,160.0,sim_tau
9,3.110023736953736,3.1150238513946533,5.000114440917525,15.767340660095217,True,0.5,0.5,3,double_160bpm,160.0,sim_tau
10,3.3900301456451416,3.375029802322388,-15.000343322753462,23.13361549377441,True,0.5,0.5,3,double_160bpm,160.0,sim_tau
11,3.470031976699829,3.465031862258911,-5.000114440917969,10.16587734222412,True,0.5,0.5,3,double_160bpm,160.0,sim_tau
12,3.7700388431549072,3.7500383853912354,-20.000457763671875,23.13419342041016,True,0.5,0.5,3,double_160bpm,160.0,sim_tau
13,3.8500406742095943,3.8500406742095943,0.0,14.195603370666504,True,0.5,0.5,3,double_160bpm,160.0,sim_tau
14,4.130046844482422,4.125046730041504,-5.000114440917969,16.804792404174805,True,0.5,0.5,3,double_160bpm,160.0,sim_tau
15,4.230049133300781,4.230049133300781,0.0,1.387031078338623,True,0.5,0.5,3,double_160bpm,160.0,sim_tau
16,4.510055541992188,4.510055541992188,0.0,17.54100799560547,True,0.5,0.5,3,double_160bpm,160.0,sim_tau
17,4.610057830810547,4.615057945251465,5.000114440917969,16.368206024169922,True,0.5,0.5,3,double_160bpm,160.0,sim_tau
18,4.890064239501953,4.880064010620117,-10.000228881835938,28.424449920654297,True,0.5,0.5,3,double_160bpm,160.0,sim_tau
19,4.970066070556641,4.975066184997559,5.000114440917969,9.173654556274414,True,0.5,0.5,3,double_160bpm,160.0,sim_tau
20,5.250072479248047,5.240072250366211,-10.000228881835938,10.19357204437256,True,0.5,0.5,3,double_160bpm,160.0,sim_tau
21,5.350074768066406,5.350074768066406,0.0,523.1224975585938,True,0.5,0.5,3,double_160bpm,160.0,sim_tau
22,5.6300811767578125,5.6300811767578125,0.0,12.036624908447266,True,0.5,0.5,3,double_160bpm,160.0,sim_tau
23,5.730083465576172,5.730083465576172,0.0,13.471529006958008,True,0.5,0.5,3,double_160bpm,160.0,sim_tau
24,1.509998798370361,1.5199987888336182,9.999990463257058,14.741531372070312,True,0.5,0.5,3,double_160bpm,160.0,sim_tau
25,1.6099987030029297,1.614998698234558,4.999995231628418,18.21397399902344,True,0.5,0.5,3,double_160bpm,160.0,sim_tau
26,1.889998435974121,1.9299983978271484,39.999961853027344,21.31678771972656,False,0.5,0.5,3,double_160bpm,160.0,sim_tau
27,1.969998359680176,1.959998369216919,-9.999990463257058,49.2271614074707,True,0.5,0.5,3,double_160bpm,160.0,sim_tau
28,2.2500040531158447,2.265004396438598,15.000343322753462,17.655826568603516,True,0.5,0.5,3,double_160bpm,160.0,sim_tau
29,2.350006341934204,2.355006456375122,5.000114440917969,18.08129119873047,True,0.5,0.5,3,double_160bpm,160.0,sim_tau
30,2.6300127506256104,2.6200125217437744,-10.000228881835938,12.23271942138672,True,0.5,0.5,3,double_160bpm,160.0,sim_tau
31,2.7300150394439697,2.735015153884888,5.000114440918413,17.283573150634766,True,0.5,0.5,3,double_160bpm,160.0,sim_tau
32,3.010021448135376,3.015021562576294,5.000114440917969,19.48380279541016,True,0.5,0.5,3,double_160bpm,160.0,sim_tau
33,3.110023736953736,3.1150238513946533,5.000114440917525,16.60824203491211,True,0.5,0.5,3,double_160bpm,160.0,sim_tau
34,3.3900301456451416,3.375029802322388,-15.000343322753462,22.91313743591309,True,0.5,0.5,3,double_160bpm,160.0,sim_tau
35,3.470031976699829,3.4300310611724854,-40.00091552734375,19.54603576660156,False,0.5,0.5,3,double_160bpm,160.0,sim_tau
36,3.7700388431549072,3.730037927627564,-40.00091552734331,19.038013458251957,False,0.5,0.5,3,double_160bpm,160.0,sim_tau
37,3.8500406742095943,3.8500406742095943,0.0,13.172958374023438,True,0.5,0.5,3,double_160bpm,160.0,sim_tau
38,4.130046844482422,4.13504695892334,5.000114440917969,16.727306365966797,True,0.5,0.5,3,double_160bpm,160.0,sim_tau
39,4.230049133300781,4.235049247741699,5.000114440917969,17.15380859375,True,0.5,0.5,3,double_160bpm,160.0,sim_tau
40,4.510055541992188,4.520055770874023,10.00022888183505,17.809810638427734,True,0.5,0.5,3,double_160bpm,160.0,sim_tau
41,4.610057830810547,4.605057716369629,-5.000114440917969,14.071233749389648,True,0.5,0.5,3,double_160bpm,160.0,sim_tau
42,4.890064239501953,4.850063323974609,-40.00091552734375,18.84673309326172,False,0.5,0.5,3,double_160bpm,160.0,sim_tau
43,4.970066070556641,4.9850664138793945,15.000343322753906,7.178166389465332,True,0.5,0.5,3,double_160bpm,160.0,sim_tau
44,5.250072479248047,5.260072708129883,10.000228881835938,15.98476219177246,True,0.5,0.5,3,double_160bpm,160.0,sim_tau
45,5.350074768066406,5.360074996948242,10.000228881835938,1.0309498310089111,True,0.5,0.5,3,double_160bpm,160.0,sim_tau
46,5.6300811767578125,5.6300811767578125,0.0,11.701460838317873,True,0.5,0.5,3,double_160bpm,160.0,sim_tau
47,5.730083465576172,5.715083122253418,-15.000343322753906,14.28848361968994,True,0.5,0.5,3,double_160bpm,160.0,sim_tau
48,1.509998798370361,1.5399987697601318,29.999971389770728,17.510665893554688,True,0.5,0.5,3,double_160bpm,160.0,sim_tau
49,1.6099987030029297,1.624998688697815,14.999985694885254,10.598752975463867,True,0.5,0.5,3,double_160bpm,160.0,sim_tau
50,1.889998435974121,1.8499984741210935,-39.999961853027564,18.833044052124023,False,0.5,0.5,3,double_160bpm,160.0,sim_tau
51,1.969998359680176,1.9349983930587769,-34.999966621399146,13.75682544708252,False,0.5,0.5,3,double_160bpm,160.0,sim_tau
52,2.2500040531158447,2.220003366470337,-30.000686645507812,11.209537506103516,False,0.5,0.5,3,double_160bpm,160.0,sim_tau
53,2.350006341934204,2.36000657081604,10.000228881835938,13.675718307495115,True,0.5,0.5,3,double_160bpm,160.0,sim_tau
54,2.6300127506256104,2.6100122928619385,-20.000457763671875,11.600327491760254,True,0.5,0.5,3,double_160bpm,160.0,sim_tau
55,2.7300150394439697,2.715014696121216,-15.000343322753906,25.48907852172852,True,0.5,0.5,3,double_160bpm,160.0,sim_tau
56,3.010021448135376,3.030021905899048,20.000457763671875,18.66093063354492,True,0.5,0.5,3,double_160bpm,160.0,sim_tau
57,3.110023736953736,3.1000235080718994,-10.000228881836382,8.9356689453125,True,0.5,0.5,3,double_160bpm,160.0,sim_tau
58,3.3900301456451416,3.350029230117798,-40.00091552734375,18.478105545043945,False,0.5,0.5,3,double_160bpm,160.0,sim_tau
59,3.470031976699829,,,0.0,False,0.5,0.5,3,double_160bpm,160.0,sim_tau
60,3.7700388431549072,3.730037927627564,-40.00091552734331,19.116588592529297,False,0.5,0.5,3,double_160bpm,160.0,sim_tau
61,3.8500406742095943,3.8650410175323486,15.00034332275435,27.282814025878903,True,0.5,0.5,3,double_160bpm,160.0,sim_tau
62,4.130046844482422,4.13504695892334,5.000114440917969,19.691577911376957,True,0.5,0.5,3,double_160bpm,160.0,sim_tau
63,4.230049133300781,4.235049247741699,5.000114440917969,13.285991668701172,True,0.5,0.5,3,double_160bpm,160.0,sim_tau
64,4.510055541992188,4.500055313110352,-10.000228881836826,12.944417953491213,True,0.5,0.5,3,double_160bpm,160.0,sim_tau
65,4.610057830810547,4.590057373046875,-20.000457763671875,10.53671646118164,True,0.5,0.5,3,double_160bpm,160.0,sim_tau
66,4.890064239501953,4.930065155029297,40.00091552734375,21.766918182373047,False,0.5,0.5,3,double_160bpm,160.0,sim_tau
67,4.970066070556641,4.9850664138793945,15.000343322753906,30.601303100585938,True,0.5,0.5,3,double_160bpm,160.0,sim_tau
68,5.250072479248047,5.265072822570801,15.000343322753906,17.49416732788086,True,0.5,0.5,3,double_160bpm,160.0,sim_tau
69,5.350074768066406,5.325074195861816,-25.000572204589844,14.866840362548828,True,0.5,0.5,3,double_160bpm,160.0,sim_tau
70,5.6300811767578125,5.615080833435059,-15.000343322753906,9.590473175048828,True,0.5,0.5,3,double_160bpm,160.0,sim_tau
71,5.730083465576172,5.700082778930664,-30.000686645507812,12.805900573730469,False,0.5,0.5,3,double_160bpm,160.0,sim_tau
0,0.4299997389316559,0.419999748468399,-9.999990463256891,78.14530944824219,True,0.5,0.5,3,gmd_03_high_bpm138,138.0,sim_tau
1,0.749999463558197,,,0.0,False,0.5,0.5,3,gmd_03_high_bpm138,138.0,sim_tau
2,0.9699992537498474,0.9899992346763612,19.999980926513782,19.61219787597656,True,0.5,0.5,3,gmd_03_high_bpm138,138.0,sim_tau
3,1.6299986839294434,1.6349986791610718,4.999995231628418,13.217580795288086,True,0.5,0.5,3,gmd_03_high_bpm138,138.0,sim_tau
4,2.170002222061157,2.180002450942993,10.000228881836382,23.89740562438965,True,0.5,0.5,3,gmd_03_high_bpm138,138.0,sim_tau
5,2.510010004043579,2.4900095462799072,-20.000457763671875,19.985130310058597,True,0.5,0.5,3,gmd_03_high_bpm138,138.0,sim_tau
6,2.710014581680298,2.725014925003052,15.00034332275435,12.195674896240234,True,0.5,0.5,3,gmd_03_high_bpm138,138.0,sim_tau
7,3.030021905899048,3.035022020339966,5.000114440917969,13.573631286621094,True,0.5,0.5,3,gmd_03_high_bpm138,138.0,sim_tau
8,3.3700296878814697,3.385030031204224,15.00034332275435,10.734552383422852,True,0.5,0.5,3,gmd_03_high_bpm138,138.0,sim_tau
9,3.490032434463501,3.475032091140747,-15.000343322753906,11.187283515930176,True,0.5,0.5,3,gmd_03_high_bpm138,138.0,sim_tau
10,4.230049133300781,4.250049591064453,20.000457763671875,12.447809219360352,True,0.5,0.5,3,gmd_03_high_bpm138,138.0,sim_tau
11,4.450054168701172,4.465054512023926,15.000343322753906,11.933585166931152,True,0.5,0.5,3,gmd_03_high_bpm138,138.0,sim_tau
12,4.9900665283203125,4.9900665283203125,0.0,13.322187423706056,True,0.5,0.5,3,gmd_03_high_bpm138,138.0,sim_tau
13,5.290073394775391,5.3050737380981445,15.000343322753906,10.867019653320312,True,0.5,0.5,3,gmd_03_high_bpm138,138.0,sim_tau
14,5.6300811767578125,5.6300811767578125,0.0,11.811182022094728,True,0.5,0.5,3,gmd_03_high_bpm138,138.0,sim_tau
15,5.930088043212891,5.940088272094727,10.000228881835938,12.88604736328125,True,0.5,0.5,3,gmd_03_high_bpm138,138.0,sim_tau
16,6.170093536376953,6.165093421936035,-5.000114440917969,13.918838500976562,True,0.5,0.5,3,gmd_03_high_bpm138,138.0,sim_tau
17,6.710105895996094,6.69510555267334,-15.000343322753906,500.5683288574219,True,0.5,0.5,3,gmd_03_high_bpm138,138.0,sim_tau
18,7.010112762451172,6.975111961364746,-35.00080108642578,33.251930236816406,False,0.5,0.5,3,gmd_03_high_bpm138,138.0,sim_tau
19,7.370121002197266,7.3851213455200195,15.000343322753906,39.23344039916992,True,0.5,0.5,3,gmd_03_high_bpm138,138.0,sim_tau
20,7.710128784179687,7.725129127502441,15.000343322754794,10.657687187194824,True,0.5,0.5,3,gmd_03_high_bpm138,138.0,sim_tau
21,7.95013427734375,7.955134391784668,5.000114440917969,3944.69287109375,True,0.5,0.5,3,gmd_03_high_bpm138,138.0,sim_tau
22,8.230140686035156,8.230140686035156,0.0,23.3770809173584,True,0.5,0.5,3,gmd_03_high_bpm138,138.0,sim_tau
23,8.570148468017578,8.585148811340332,15.000343322753906,7.534191131591797,True,0.5,0.5,3,gmd_03_high_bpm138,138.0,sim_tau
24,8.670150756835938,8.660150527954102,-10.000228881835938,19.35379219055176,True,0.5,0.5,3,gmd_03_high_bpm138,138.0,sim_tau
25,9.13016128540039,9.150161743164062,20.000457763671875,21.84389305114746,True,0.5,0.5,3,gmd_03_high_bpm138,138.0,sim_tau
26,9.45016860961914,9.465168952941896,15.000343322755683,22.006023406982425,True,0.5,0.5,3,gmd_03_high_bpm138,138.0,sim_tau
27,9.690174102783203,9.665173530578612,-25.00057220459162,10.387325286865234,True,0.5,0.5,3,gmd_03_high_bpm138,138.0,sim_tau
28,10.010181427001951,10.020181655883787,10.000228881835938,16.128755569458008,True,0.5,0.5,3,gmd_03_high_bpm138,138.0,sim_tau
29,10.330188751220703,10.34018898010254,10.000228881837714,22.814395904541016,True,0.5,0.5,3,gmd_03_high_bpm138,138.0,sim_tau
30,10.890201568603516,10.900201797485352,10.000228881835938,15.546229362487791,True,0.5,0.5,3,gmd_03_high_bpm138,138.0,sim_tau
31,11.210208892822266,11.215209007263184,5.000114440917969,9.888412475585938,True,0.5,0.5,3,gmd_03_high_bpm138,138.0,sim_tau
32,11.430213928222656,11.450214385986328,20.000457763671875,20.224414825439453,True,0.5,0.5,3,gmd_03_high_bpm138,138.0,sim_tau
33,11.970226287841797,11.98522663116455,15.000343322753906,8.665815353393555,True,0.5,0.5,3,gmd_03_high_bpm138,138.0,sim_tau
34,12.270233154296877,12.280233383178713,10.000228881835938,12.280365943908691,True,0.5,0.5,3,gmd_03_high_bpm138,138.0,sim_tau
35,12.610240936279297,12.610240936279297,0.0,12.441411972045898,True,0.5,0.5,3,gmd_03_high_bpm138,138.0,sim_tau
36,12.910247802734377,12.935248374938965,25.000572204588067,22.07296371459961,True,0.5,0.5,3,gmd_03_high_bpm138,138.0,sim_tau
37,13.670265197753906,13.66026496887207,-10.000228881835938,11.032148361206056,True,0.5,0.5,3,gmd_03_high_bpm138,138.0,sim_tau
38,13.950271606445312,13.93027114868164,-20.000457763671875,59.7616081237793,True,0.5,0.5,3,gmd_03_high_bpm138,138.0,sim_tau
39,14.330280303955078,14.345280647277832,15.000343322753906,17.845932006835938,True,0.5,0.5,3,gmd_03_high_bpm138,138.0,sim_tau
40,14.650287628173828,14.660287857055664,10.000228881835938,13.434946060180664,True,0.5,0.5,3,gmd_03_high_bpm138,138.0,sim_tau
41,14.89029312133789,14.89029312133789,0.0,25.050228118896484,True,0.5,0.5,3,gmd_03_high_bpm138,138.0,sim_tau
42,15.21030044555664,15.220300674438477,10.000228881835938,17.60342788696289,True,0.5,0.5,3,gmd_03_high_bpm138,138.0,sim_tau
43,15.53030776977539,15.490306854248049,-40.000915527341974,46.28241729736328,False,0.5,0.5,3,gmd_03_high_bpm138,138.0,sim_tau
44,15.610309600830078,15.60530948638916,-5.000114440917969,18.12301254272461,True,0.5,0.5,3,gmd_03_high_bpm138,138.0,sim_tau
0,1.349998950958252,1.3599989414215088,9.999990463256836,14.65535831451416,True,0.5,0.5,3,gmd_04_extreme_bpm170,170.0,sim_tau
1,1.7499985694885254,1.7499985694885254,0.0,12.924034118652344,True,0.5,0.5,3,gmd_04_extreme_bpm170,170.0,sim_tau
2,2.3100054264068604,2.2600042819976807,-50.00114440917969,23.14938735961914,False,0.5,0.5,3,gmd_04_extreme_bpm170,170.0,sim_tau
3,2.7300150394439697,2.7300150394439697,0.0,30.686737060546875,True,0.5,0.5,3,gmd_04_extreme_bpm170,170.0,sim_tau
4,3.190025568008423,3.185025453567505,-5.000114440917969,17.356548309326172,True,0.5,0.5,3,gmd_04_extreme_bpm170,170.0,sim_tau
5,3.730037927627564,3.720037698745728,-10.000228881835938,95.37764739990234,True,0.5,0.5,3,gmd_04_extreme_bpm170,170.0,sim_tau
6,4.11004638671875,4.125046730041504,15.000343322753906,23.826133728027344,True,0.5,0.5,3,gmd_04_extreme_bpm170,170.0,sim_tau
7,4.610057830810547,4.610057830810547,0.0,15.04963493347168,True,0.5,0.5,3,gmd_04_extreme_bpm170,170.0,sim_tau
8,4.870063781738281,4.885064125061035,15.000343322753906,15.990514755249023,True,0.5,0.5,3,gmd_04_extreme_bpm170,170.0,sim_tau
9,5.130069732666016,5.150070190429688,20.000457763672763,11.759844779968262,True,0.5,0.5,3,gmd_04_extreme_bpm170,170.0,sim_tau
10,5.990089416503906,5.995089530944824,5.000114440917969,20.45655059814453,True,0.5,0.5,3,gmd_04_extreme_bpm170,170.0,sim_tau
11,6.35009765625,6.365097999572754,15.000343322753906,29.664608001708984,True,0.5,0.5,3,gmd_04_extreme_bpm170,170.0,sim_tau
12,6.530101776123047,6.515101432800293,-15.000343322753906,15.35362434387207,True,0.5,0.5,3,gmd_04_extreme_bpm170,170.0,sim_tau
13,6.710105895996094,6.730106353759766,20.000457763671875,11.393739700317385,True,0.5,0.5,3,gmd_04_extreme_bpm170,170.0,sim_tau
14,6.950111389160156,6.925110816955566,-25.000572204589844,17.093643188476562,True,0.5,0.5,3,gmd_04_extreme_bpm170,170.0,sim_tau
15,7.410121917724609,7.395121574401855,-15.000343322754794,12.577171325683594,True,0.5,0.5,3,gmd_04_extreme_bpm170,170.0,sim_tau
16,7.750129699707031,7.740129470825195,-10.000228881835938,14117.2890625,True,0.5,0.5,3,gmd_04_extreme_bpm170,170.0,sim_tau
17,8.010135650634766,8.015135765075684,5.000114440917969,55.19186401367188,True,0.5,0.5,3,gmd_04_extreme_bpm170,170.0,sim_tau
18,8.090137481689453,8.060136795043945,-30.000686645507812,25.4853572845459,False,0.5,0.5,3,gmd_04_extreme_bpm170,170.0,sim_tau
19,8.530147552490234,8.54014778137207,10.000228881835938,26.942371368408203,True,0.5,0.5,3,gmd_04_extreme_bpm170,170.0,sim_tau
20,8.970157623291016,8.965157508850098,-5.000114440917969,12.024965286254885,True,0.5,0.5,3,gmd_04_extreme_bpm170,170.0,sim_tau
21,9.23016357421875,9.240163803100586,10.000228881835938,14.293498992919922,True,0.5,0.5,3,gmd_04_extreme_bpm170,170.0,sim_tau
22,9.490169525146484,9.495169639587402,5.000114440917969,22.261762619018555,True,0.5,0.5,3,gmd_04_extreme_bpm170,170.0,sim_tau
23,9.690174102783203,9.685173988342283,-5.000114440919745,16.07359504699707,True,0.5,0.5,3,gmd_04_extreme_bpm170,170.0,sim_tau
24,10.230186462402344,10.235186576843262,5.000114440917969,23.09454345703125,True,0.5,0.5,3,gmd_04_extreme_bpm170,170.0,sim_tau
25,10.570194244384766,10.550193786621094,-20.000457763671875,36.229190826416016,True,0.5,0.5,3,gmd_04_extreme_bpm170,170.0,sim_tau
26,10.8302001953125,10.8302001953125,0.0,123.6804656982422,True,0.5,0.5,3,gmd_04_extreme_bpm170,170.0,sim_tau
27,10.93020248413086,10.920202255249023,-10.000228881835938,11.063868522644045,True,0.5,0.5,3,gmd_04_extreme_bpm170,170.0,sim_tau
28,11.390213012695312,11.39521312713623,5.000114440917969,10.606142044067385,True,0.5,0.5,3,gmd_04_extreme_bpm170,170.0,sim_tau
29,11.850223541259766,11.855223655700684,5.000114440917969,14.841001510620115,True,0.5,0.5,3,gmd_04_extreme_bpm170,170.0,sim_tau
30,12.090229034423828,12.080228805541992,-10.000228881835938,13.885164260864258,True,0.5,0.5,3,gmd_04_extreme_bpm170,170.0,sim_tau
31,12.350234985351562,12.315234184265137,-35.00080108642578,19.8664665222168,False,0.5,0.5,3,gmd_04_extreme_bpm170,170.0,sim_tau
32,12.55023956298828,12.560239791870115,10.000228881835938,15.063114166259766,True,0.5,0.5,3,gmd_04_extreme_bpm170,170.0,sim_tau
33,12.65024185180664,12.645241737365724,-5.000114440916192,17.055828094482422,True,0.5,0.5,3,gmd_04_extreme_bpm170,170.0,sim_tau
34,13.07025146484375,13.075251579284668,5.000114440917969,11.981731414794922,True,0.5,0.5,3,gmd_04_extreme_bpm170,170.0,sim_tau
35,13.3902587890625,13.395258903503418,5.000114440917969,13.136003494262695,True,0.5,0.5,3,gmd_04_extreme_bpm170,170.0,sim_tau
36,13.670265197753906,13.66026496887207,-10.000228881835938,8.553725242614746,True,0.5,0.5,3,gmd_04_extreme_bpm170,170.0,sim_tau
37,13.770267486572266,13.765267372131348,-5.000114440917969,18.167896270751957,True,0.5,0.5,3,gmd_04_extreme_bpm170,170.0,sim_tau
38,14.210277557373049,14.215277671813965,5.000114440916192,15.397090911865234,True,0.5,0.5,3,gmd_04_extreme_bpm170,170.0,sim_tau
39,14.630287170410156,14.625287055969238,-5.000114440917969,11.221405029296877,True,0.5,0.5,3,gmd_04_extreme_bpm170,170.0,sim_tau
40,14.89029312133789,14.900293350219728,10.000228881837714,15.01982879638672,True,0.5,0.5,3,gmd_04_extreme_bpm170,170.0,sim_tau
41,15.150299072265623,15.155299186706545,5.0001144409215215,17.955604553222656,True,0.5,0.5,3,gmd_04_extreme_bpm170,170.0,sim_tau
42,15.350303649902344,15.365303993225098,15.000343322753906,23.579776763916016,True,0.5,0.5,3,gmd_04_extreme_bpm170,170.0,sim_tau
43,15.85031509399414,15.815314292907717,-35.000801086424005,21.26506233215332,False,0.5,0.5,3,gmd_04_extreme_bpm170,170.0,sim_tau
0,1.509998798370361,1.4999988079071045,-9.999990463256614,13.414552688598633,True,1.0,0.25,3,double_160bpm,160.0,sim_tau
1,1.6099987030029297,1.624998688697815,14.999985694885254,8.548684120178223,True,1.0,0.25,3,double_160bpm,160.0,sim_tau
2,1.889998435974121,1.9049984216690063,14.999985694885254,42.28336715698242,True,1.0,0.25,3,double_160bpm,160.0,sim_tau
3,1.969998359680176,1.9649983644485476,-4.999995231628418,16.501331329345703,True,1.0,0.25,3,double_160bpm,160.0,sim_tau
4,2.2500040531158447,2.2500040531158447,0.0,12.77880859375,True,1.0,0.25,3,double_160bpm,160.0,sim_tau
5,2.350006341934204,2.345006227493286,-5.000114440917969,14.767973899841309,True,1.0,0.25,3,double_160bpm,160.0,sim_tau
6,2.6300127506256104,2.6300127506256104,0.0,11.943076133728027,True,1.0,0.25,3,double_160bpm,160.0,sim_tau
7,2.7300150394439697,2.725014925003052,-5.000114440917525,15.085667610168455,True,1.0,0.25,3,double_160bpm,160.0,sim_tau
8,3.010021448135376,3.010021448135376,0.0,7.372862815856934,True,1.0,0.25,3,double_160bpm,160.0,sim_tau
9,3.110023736953736,3.1200239658355717,10.000228881835938,12.920969009399414,True,1.0,0.25,3,double_160bpm,160.0,sim_tau
10,3.3900301456451416,3.3800299167633057,-10.000228881835938,8.149181365966797,True,1.0,0.25,3,double_160bpm,160.0,sim_tau
11,3.470031976699829,3.470031976699829,0.0,16.604408264160156,True,1.0,0.25,3,double_160bpm,160.0,sim_tau
12,3.7700388431549072,3.780039072036743,10.000228881835938,8.017000198364258,True,1.0,0.25,3,double_160bpm,160.0,sim_tau
13,3.8500406742095943,3.8650410175323486,15.00034332275435,18.07975006103516,True,1.0,0.25,3,double_160bpm,160.0,sim_tau
14,4.130046844482422,4.130046844482422,0.0,6.957549095153809,True,1.0,0.25,3,double_160bpm,160.0,sim_tau
15,4.230049133300781,4.235049247741699,5.000114440917969,13.28346824645996,True,1.0,0.25,3,double_160bpm,160.0,sim_tau
16,4.510055541992188,4.510055541992188,0.0,3.7400426864624015,True,1.0,0.25,3,double_160bpm,160.0,sim_tau
17,4.610057830810547,4.620058059692383,10.000228881835938,13.085973739624023,True,1.0,0.25,3,double_160bpm,160.0,sim_tau
18,4.890064239501953,4.880064010620117,-10.000228881835938,8.071914672851562,True,1.0,0.25,3,double_160bpm,160.0,sim_tau
19,4.970066070556641,4.980066299438477,10.000228881835938,14.152618408203123,True,1.0,0.25,3,double_160bpm,160.0,sim_tau
20,5.250072479248047,5.255072593688965,5.000114440917969,27.481857299804688,True,1.0,0.25,3,double_160bpm,160.0,sim_tau
21,5.350074768066406,5.350074768066406,0.0,15.080243110656738,True,1.0,0.25,3,double_160bpm,160.0,sim_tau
22,5.6300811767578125,5.6300811767578125,0.0,8.39622974395752,True,1.0,0.25,3,double_160bpm,160.0,sim_tau
23,5.730083465576172,5.73508358001709,5.000114440917969,13.864279747009276,True,1.0,0.25,3,double_160bpm,160.0,sim_tau
24,1.509998798370361,1.4999988079071045,-9.999990463256614,13.066333770751951,True,1.0,0.25,3,double_160bpm,160.0,sim_tau
25,1.6099987030029297,1.624998688697815,14.999985694885254,8.6204833984375,True,1.0,0.25,3,double_160bpm,160.0,sim_tau
26,1.889998435974121,1.9049984216690063,14.999985694885254,13.366403579711914,True,1.0,0.25,3,double_160bpm,160.0,sim_tau
27,1.969998359680176,1.9549983739852903,-14.999985694885698,20.266939163208008,True,1.0,0.25,3,double_160bpm,160.0,sim_tau
28,2.2500040531158447,2.2550041675567627,5.000114440917969,10.962163925170898,True,1.0,0.25,3,double_160bpm,160.0,sim_tau
29,2.350006341934204,2.345006227493286,-5.000114440917969,16.499534606933594,True,1.0,0.25,3,double_160bpm,160.0,sim_tau
30,2.6300127506256104,2.6300127506256104,0.0,11.808579444885254,True,1.0,0.25,3,double_160bpm,160.0,sim_tau
31,2.7300150394439697,2.75501561164856,25.000572204590288,17.84376335144043,True,1.0,0.25,3,double_160bpm,160.0,sim_tau
32,3.010021448135376,3.015021562576294,5.000114440917969,8.139266014099121,True,1.0,0.25,3,double_160bpm,160.0,sim_tau
33,3.110023736953736,3.1000235080718994,-10.000228881836382,19.51905632019043,True,1.0,0.25,3,double_160bpm,160.0,sim_tau
34,3.3900301456451416,3.3800299167633057,-10.000228881835938,8.135544776916504,True,1.0,0.25,3,double_160bpm,160.0,sim_tau
35,3.470031976699829,3.455031633377075,-15.000343322753906,21.25948715209961,True,1.0,0.25,3,double_160bpm,160.0,sim_tau
36,3.7700388431549072,3.785039186477661,15.000343322753906,13.77931308746338,True,1.0,0.25,3,double_160bpm,160.0,sim_tau
37,3.8500406742095943,3.825040102005005,-25.0005722045894,10.553942680358888,True,1.0,0.25,3,double_160bpm,160.0,sim_tau
38,4.130046844482422,4.140047073364258,10.000228881835938,12.465179443359377,True,1.0,0.25,3,double_160bpm,160.0,sim_tau
39,4.230049133300781,4.225049018859863,-5.000114440917969,16.435327529907227,True,1.0,0.25,3,double_160bpm,160.0,sim_tau
40,4.510055541992188,4.510055541992188,0.0,9.35634994506836,True,1.0,0.25,3,double_160bpm,160.0,sim_tau
41,4.610057830810547,4.620058059692383,10.000228881835938,12.85634994506836,True,1.0,0.25,3,double_160bpm,160.0,sim_tau
42,4.890064239501953,4.905064582824707,15.000343322753906,16.468780517578125,True,1.0,0.25,3,double_160bpm,160.0,sim_tau
43,4.970066070556641,4.950065612792969,-20.000457763671875,18.15362930297852,True,1.0,0.25,3,double_160bpm,160.0,sim_tau
44,5.250072479248047,5.255072593688965,5.000114440917969,28.072832107543945,True,1.0,0.25,3,double_160bpm,160.0,sim_tau
45,5.350074768066406,5.295073509216309,-55.001258850097656,11.089333534240724,False,1.0,0.25,3,double_160bpm,160.0,sim_tau
46,5.6300811767578125,5.6300811767578125,0.0,7.388902187347412,True,1.0,0.25,3,double_160bpm,160.0,sim_tau
47,5.730083465576172,5.73508358001709,5.000114440917969,13.874847412109377,True,1.0,0.25,3,double_160bpm,160.0,sim_tau
48,1.509998798370361,1.4999988079071045,-9.999990463256614,16.55499267578125,True,1.0,0.25,3,double_160bpm,160.0,sim_tau
49,1.6099987030029297,1.6299986839294434,19.999980926513672,8.085144996643066,True,1.0,0.25,3,double_160bpm,160.0,sim_tau
50,1.889998435974121,1.9049984216690063,14.999985694885254,18.62381935119629,True,1.0,0.25,3,double_160bpm,160.0,sim_tau
51,1.969998359680176,1.8499984741210935,-119.99988555908247,13.780755043029783,False,1.0,0.25,3,double_160bpm,160.0,sim_tau
52,2.2500040531158447,2.2550041675567627,5.000114440917969,8.670225143432617,True,1.0,0.25,3,double_160bpm,160.0,sim_tau
53,2.350006341934204,2.330005884170532,-20.00045776367232,10.454689979553224,True,1.0,0.25,3,double_160bpm,160.0,sim_tau
54,2.6300127506256104,2.6300127506256104,0.0,11.50483512878418,True,1.0,0.25,3,double_160bpm,160.0,sim_tau
55,2.7300150394439697,2.68001389503479,-50.00114440917969,10.056939125061035,False,1.0,0.25,3,double_160bpm,160.0,sim_tau
56,3.010021448135376,3.015021562576294,5.000114440917969,11.977651596069336,True,1.0,0.25,3,double_160bpm,160.0,sim_tau
57,3.110023736953736,3.1300241947174072,20.00045776367143,11.03191375732422,True,1.0,0.25,3,double_160bpm,160.0,sim_tau
58,3.3900301456451416,3.4050304889678955,15.000343322753906,16.068218231201172,True,1.0,0.25,3,double_160bpm,160.0,sim_tau
59,3.470031976699829,3.450031518936157,-20.00045776367232,19.749910354614254,True,1.0,0.25,3,double_160bpm,160.0,sim_tau
60,3.7700388431549072,3.790039300918579,20.000457763671875,9.375083923339844,True,1.0,0.25,3,double_160bpm,160.0,sim_tau
61,3.8500406742095943,3.7400381565094,-110.00251770019443,27.294612884521484,False,1.0,0.25,3,double_160bpm,160.0,sim_tau
62,4.130046844482422,4.150047302246094,20.000457763671875,10.08437156677246,True,1.0,0.25,3,double_160bpm,160.0,sim_tau
63,4.230049133300781,4.210048675537109,-20.000457763671875,10.461068153381348,True,1.0,0.25,3,double_160bpm,160.0,sim_tau
64,4.510055541992188,4.510055541992188,0.0,8.767687797546387,True,1.0,0.25,3,double_160bpm,160.0,sim_tau
65,4.610057830810547,4.590057373046875,-20.000457763671875,10.676668167114258,True,1.0,0.25,3,double_160bpm,160.0,sim_tau
66,4.890064239501953,4.905064582824707,15.000343322753906,15.155046463012695,True,1.0,0.25,3,double_160bpm,160.0,sim_tau
67,4.970066070556641,4.950065612792969,-20.000457763671875,18.06423568725586,True,1.0,0.25,3,double_160bpm,160.0,sim_tau
68,5.250072479248047,5.260072708129883,10.000228881835938,4.508749485015869,True,1.0,0.25,3,double_160bpm,160.0,sim_tau
69,5.350074768066406,5.215071678161621,-135.00308990478516,14.363298416137695,False,1.0,0.25,3,double_160bpm,160.0,sim_tau
70,5.6300811767578125,5.6300811767578125,0.0,9.255517959594728,True,1.0,0.25,3,double_160bpm,160.0,sim_tau
71,5.730083465576172,5.755084037780762,25.000572204589844,17.28456687927246,True,1.0,0.25,3,double_160bpm,160.0,sim_tau
0,0.4299997389316559,0.454999715089798,24.99997615814209,3.1963582038879395,True,1.0,0.25,3,gmd_03_high_bpm138,138.0,sim_tau
1,0.749999463558197,0.7449994683265686,-4.999995231628418,10.958561897277832,True,1.0,0.25,3,gmd_03_high_bpm138,138.0,sim_tau
2,0.9699992537498474,0.9699992537498474,0.0,17.802181243896484,True,1.0,0.25,3,gmd_03_high_bpm138,138.0,sim_tau
3,1.6299986839294434,1.614998698234558,-14.999985694885254,4.912487983703613,True,1.0,0.25,3,gmd_03_high_bpm138,138.0,sim_tau
4,2.170002222061157,2.175002336502075,5.000114440918413,14.769527435302734,True,1.0,0.25,3,gmd_03_high_bpm138,138.0,sim_tau
5,2.510010004043579,2.515010118484497,5.000114440917969,3.6234962940216064,True,1.0,0.25,3,gmd_03_high_bpm138,138.0,sim_tau
6,2.710014581680298,2.695014238357544,-15.000343322753906,9.968290328979492,True,1.0,0.25,3,gmd_03_high_bpm138,138.0,sim_tau
7,3.030021905899048,3.040022134780884,10.000228881835938,13.242093086242676,True,1.0,0.25,3,gmd_03_high_bpm138,138.0,sim_tau
8,3.3700296878814697,3.375029802322388,5.000114440918413,14.882644653320312,True,1.0,0.25,3,gmd_03_high_bpm138,138.0,sim_tau
9,3.490032434463501,3.500032663345337,10.000228881835938,10.01686668395996,True,1.0,0.25,3,gmd_03_high_bpm138,138.0,sim_tau
10,4.230049133300781,4.215048789978027,-15.000343322753906,19.954931259155277,True,1.0,0.25,3,gmd_03_high_bpm138,138.0,sim_tau
11,4.450054168701172,4.475054740905762,25.000572204589844,11.54171657562256,True,1.0,0.25,3,gmd_03_high_bpm138,138.0,sim_tau
12,4.9900665283203125,4.9900665283203125,0.0,18.998165130615234,True,1.0,0.25,3,gmd_03_high_bpm138,138.0,sim_tau
13,5.290073394775391,5.290073394775391,0.0,20.269859313964844,True,1.0,0.25,3,gmd_03_high_bpm138,138.0,sim_tau
14,5.6300811767578125,5.620080947875977,-10.000228881835938,8.213639259338379,True,1.0,0.25,3,gmd_03_high_bpm138,138.0,sim_tau
15,5.930088043212891,5.9500885009765625,20.000457763671875,11.86139965057373,True,1.0,0.25,3,gmd_03_high_bpm138,138.0,sim_tau
16,6.170093536376953,6.170093536376953,0.0,17.547481536865234,True,1.0,0.25,3,gmd_03_high_bpm138,138.0,sim_tau
17,6.710105895996094,6.715106010437012,5.000114440917969,16.0632381439209,True,1.0,0.25,3,gmd_03_high_bpm138,138.0,sim_tau
18,7.010112762451172,7.020112991333008,10.000228881835938,13.289026260375977,True,1.0,0.25,3,gmd_03_high_bpm138,138.0,sim_tau
19,7.370121002197266,7.375121116638184,5.000114440917969,13.884580612182615,True,1.0,0.25,3,gmd_03_high_bpm138,138.0,sim_tau
20,7.710128784179687,7.710128784179687,0.0,19.786155700683597,True,1.0,0.25,3,gmd_03_high_bpm138,138.0,sim_tau
21,7.95013427734375,7.955134391784668,5.000114440917969,16.056644439697266,True,1.0,0.25,3,gmd_03_high_bpm138,138.0,sim_tau
22,8.230140686035156,8.22014045715332,-10.000228881835938,8.378790855407715,True,1.0,0.25,3,gmd_03_high_bpm138,138.0,sim_tau
23,8.570148468017578,8.555148124694824,-15.000343322753906,2.131132125854492,True,1.0,0.25,3,gmd_03_high_bpm138,138.0,sim_tau
24,8.670150756835938,8.655150413513184,-15.000343322753906,28.13284683227539,True,1.0,0.25,3,gmd_03_high_bpm138,138.0,sim_tau
25,9.13016128540039,,,0.0,False,1.0,0.25,3,gmd_03_high_bpm138,138.0,sim_tau
26,9.45016860961914,9.45016860961914,0.0,20.5479736328125,True,1.0,0.25,3,gmd_03_high_bpm138,138.0,sim_tau
27,9.690174102783203,9.690174102783203,0.0,18.709596633911133,True,1.0,0.25,3,gmd_03_high_bpm138,138.0,sim_tau
28,10.010181427001951,9.9951810836792,-15.00034332275213,10.89546012878418,True,1.0,0.25,3,gmd_03_high_bpm138,138.0,sim_tau
29,10.330188751220703,10.325188636779783,-5.000114440919745,16.90717315673828,True,1.0,0.25,3,gmd_03_high_bpm138,138.0,sim_tau
30,10.890201568603516,10.900201797485352,10.000228881835938,13.239913940429688,True,1.0,0.25,3,gmd_03_high_bpm138,138.0,sim_tau
31,11.210208892822266,11.190208435058594,-20.000457763671875,7.299895763397217,True,1.0,0.25,3,gmd_03_high_bpm138,138.0,sim_tau
32,11.430213928222656,11.415213584899902,-15.000343322753906,8.848349571228027,True,1.0,0.25,3,gmd_03_high_bpm138,138.0,sim_tau
33,11.970226287841797,11.96522617340088,-5.000114440916192,21.606609344482425,True,1.0,0.25,3,gmd_03_high_bpm138,138.0,sim_tau
34,12.270233154296877,12.280233383178713,10.000228881835938,13.063074111938477,True,1.0,0.25,3,gmd_03_high_bpm138,138.0,sim_tau
35,12.610240936279297,12.60524082183838,-5.000114440916192,8.015775680541992,True,1.0,0.25,3,gmd_03_high_bpm138,138.0,sim_tau
36,12.910247802734377,12.920248031616213,10.000228881835938,11.985172271728516,True,1.0,0.25,3,gmd_03_high_bpm138,138.0,sim_tau
37,13.670265197753906,13.650264739990234,-20.000457763671875,25.134469985961918,True,1.0,0.25,3,gmd_03_high_bpm138,138.0,sim_tau
38,13.950271606445312,13.950271606445312,0.0,18.216381072998047,True,1.0,0.25,3,gmd_03_high_bpm138,138.0,sim_tau
39,14.330280303955078,14.32528018951416,-5.000114440917969,54.913116455078125,True,1.0,0.25,3,gmd_03_high_bpm138,138.0,sim_tau
40,14.650287628173828,14.650287628173828,0.0,28.059070587158203,True,1.0,0.25,3,gmd_03_high_bpm138,138.0,sim_tau
41,14.89029312133789,14.860292434692385,-30.000686645506036,2.191704750061035,False,1.0,0.25,3,gmd_03_high_bpm138,138.0,sim_tau
42,15.21030044555664,15.21530055999756,5.000114440919745,14.828609466552734,True,1.0,0.25,3,gmd_03_high_bpm138,138.0,sim_tau
43,15.53030776977539,15.520307540893556,-10.000228881834161,14.419387817382812,True,1.0,0.25,3,gmd_03_high_bpm138,138.0,sim_tau
44,15.610309600830078,15.595309257507324,-15.000343322753906,17.2872371673584,True,1.0,0.25,3,gmd_03_high_bpm138,138.0,sim_tau
0,1.349998950958252,1.3549989461898804,4.999995231628418,16.821075439453125,True,1.0,0.25,3,gmd_04_extreme_bpm170,170.0,sim_tau
1,1.7499985694885254,1.7549985647201538,4.999995231628418,14.037423133850098,True,1.0,0.25,3,gmd_04_extreme_bpm170,170.0,sim_tau
2,2.3100054264068604,2.3000051975250244,-10.000228881835938,3.0913472175598145,True,1.0,0.25,3,gmd_04_extreme_bpm170,170.0,sim_tau
3,2.7300150394439697,2.720014810562134,-10.000228881835938,6.148281097412109,True,1.0,0.25,3,gmd_04_extreme_bpm170,170.0,sim_tau
4,3.190025568008423,3.185025453567505,-5.000114440917969,8.549009323120117,True,1.0,0.25,3,gmd_04_extreme_bpm170,170.0,sim_tau
5,3.730037927627564,3.7400381565094,10.000228881835938,7.597495079040527,True,1.0,0.25,3,gmd_04_extreme_bpm170,170.0,sim_tau
6,4.11004638671875,4.125046730041504,15.000343322753906,19.920246124267575,True,1.0,0.25,3,gmd_04_extreme_bpm170,170.0,sim_tau
7,4.610057830810547,4.625058174133301,15.000343322753906,6.696229934692383,True,1.0,0.25,3,gmd_04_extreme_bpm170,170.0,sim_tau
8,4.870063781738281,4.870063781738281,0.0,22.624191284179688,True,1.0,0.25,3,gmd_04_extreme_bpm170,170.0,sim_tau
9,5.130069732666016,5.115069389343262,-15.000343322753906,271.6146850585937,True,1.0,0.25,3,gmd_04_extreme_bpm170,170.0,sim_tau
10,5.990089416503906,6.000089645385742,10.000228881835938,18.483976364135746,True,1.0,0.25,3,gmd_04_extreme_bpm170,170.0,sim_tau
11,6.35009765625,6.37509822845459,25.000572204589844,9.266075134277344,True,1.0,0.25,3,gmd_04_extreme_bpm170,170.0,sim_tau
12,6.530101776123047,6.535101890563965,5.000114440917969,9.64594268798828,True,1.0,0.25,3,gmd_04_extreme_bpm170,170.0,sim_tau
13,6.710105895996094,6.705105781555176,-5.000114440917969,32.721229553222656,True,1.0,0.25,3,gmd_04_extreme_bpm170,170.0,sim_tau
14,6.950111389160156,6.945111274719238,-5.000114440917969,9.354673385620115,True,1.0,0.25,3,gmd_04_extreme_bpm170,170.0,sim_tau
15,7.410121917724609,7.415122032165527,5.000114440917969,14.226685523986816,True,1.0,0.25,3,gmd_04_extreme_bpm170,170.0,sim_tau
16,7.750129699707031,7.745129585266113,-5.000114440917969,5.42420768737793,True,1.0,0.25,3,gmd_04_extreme_bpm170,170.0,sim_tau
17,8.010135650634766,8.020135879516602,10.000228881835938,18.49629020690918,True,1.0,0.25,3,gmd_04_extreme_bpm170,170.0,sim_tau
18,8.090137481689453,8.060136795043945,-30.000686645507812,11.526556968688965,False,1.0,0.25,3,gmd_04_extreme_bpm170,170.0,sim_tau
19,8.530147552490234,8.520147323608398,-10.000228881835938,8.412891387939453,True,1.0,0.25,3,gmd_04_extreme_bpm170,170.0,sim_tau
20,8.970157623291016,8.96015739440918,-10.000228881835938,20.683900833129883,True,1.0,0.25,3,gmd_04_extreme_bpm170,170.0,sim_tau
21,9.23016357421875,9.240163803100586,10.000228881835938,11.93893337249756,True,1.0,0.25,3,gmd_04_extreme_bpm170,170.0,sim_tau
22,9.490169525146484,9.45516872406006,-35.000801086424005,6.732466697692871,False,1.0,0.25,3,gmd_04_extreme_bpm170,170.0,sim_tau
23,9.690174102783203,9.70017433166504,10.000228881837714,11.747958183288574,True,1.0,0.25,3,gmd_04_extreme_bpm170,170.0,sim_tau
24,10.230186462402344,10.235186576843262,5.000114440917969,13.681707382202148,True,1.0,0.25,3,gmd_04_extreme_bpm170,170.0,sim_tau
25,10.570194244384766,,,0.0,False,1.0,0.25,3,gmd_04_extreme_bpm170,170.0,sim_tau
26,10.8302001953125,10.835200309753418,5.000114440917969,11.427445411682127,True,1.0,0.25,3,gmd_04_extreme_bpm170,170.0,sim_tau
27,10.93020248413086,10.885201454162598,-45.00102996826172,20.64959716796875,False,1.0,0.25,3,gmd_04_extreme_bpm170,170.0,sim_tau
28,11.390213012695312,11.390213012695312,0.0,11.450817108154297,True,1.0,0.25,3,gmd_04_extreme_bpm170,170.0,sim_tau
29,11.850223541259766,11.850223541259766,0.0,20.79648208618164,True,1.0,0.25,3,gmd_04_extreme_bpm170,170.0,sim_tau
30,12.090229034423828,12.095229148864746,5.000114440917969,12.778852462768556,True,1.0,0.25,3,gmd_04_extreme_bpm170,170.0,sim_tau
31,12.350234985351562,12.350234985351562,0.0,13.908466339111328,True,1.0,0.25,3,gmd_04_extreme_bpm170,170.0,sim_tau
32,12.55023956298828,12.53023910522461,-20.0004577636701,7.481353759765625,True,1.0,0.25,3,gmd_04_extreme_bpm170,170.0,sim_tau
33,12.65024185180664,12.610240936279297,-40.00091552734375,20.3776969909668,False,1.0,0.25,3,gmd_04_extreme_bpm170,170.0,sim_tau
34,13.07025146484375,13.075251579284668,5.000114440917969,14.03728485107422,True,1.0,0.25,3,gmd_04_extreme_bpm170,170.0,sim_tau
35,13.3902587890625,13.370258331298828,-20.000457763671875,7.121439933776856,True,1.0,0.25,3,gmd_04_extreme_bpm170,170.0,sim_tau
36,13.670265197753906,13.675265312194824,5.000114440917969,5.616096496582031,True,1.0,0.25,3,gmd_04_extreme_bpm170,170.0,sim_tau
37,13.770267486572266,13.645264625549316,-125.00286102294922,7.25590181350708,False,1.0,0.25,3,gmd_04_extreme_bpm170,170.0,sim_tau
38,14.210277557373049,14.215277671813965,5.000114440916192,15.457157135009766,True,1.0,0.25,3,gmd_04_extreme_bpm170,170.0,sim_tau
39,14.630287170410156,14.62028694152832,-10.000228881835938,24.03325080871582,True,1.0,0.25,3,gmd_04_extreme_bpm170,170.0,sim_tau
40,14.89029312133789,14.895293235778809,5.000114440917969,13.452527046203612,True,1.0,0.25,3,gmd_04_extreme_bpm170,170.0,sim_tau
41,15.150299072265623,15.150299072265623,0.0,15.191954612731934,True,1.0,0.25,3,gmd_04_extreme_bpm170,170.0,sim_tau
42,15.350303649902344,15.370304107666016,20.000457763671875,17.787614822387695,True,1.0,0.25,3,gmd_04_extreme_bpm170,170.0,sim_tau
43,15.85031509399414,15.85531520843506,5.000114440919745,14.83057975769043,True,1.0,0.25,3,gmd_04_extreme_bpm170,170.0,sim_tau
0,1.509998798370361,1.5149987936019895,4.999995231628418,9.091291427612305,True,1.0,0.5,3,double_160bpm,160.0,sim_tau
1,1.6099987030029297,1.6049987077713013,-4.999995231628418,1.8019812107086184,True,1.0,0.5,3,double_160bpm,160.0,sim_tau
2,1.889998435974121,1.9099984169006348,19.999980926513672,16.883134841918945,True,1.0,0.5,3,double_160bpm,160.0,sim_tau
3,1.969998359680176,1.9799983501434328,9.999990463256836,6.371336936950684,True,1.0,0.5,3,double_160bpm,160.0,sim_tau
4,2.2500040531158447,2.2500040531158447,0.0,9.902022361755373,True,1.0,0.5,3,double_160bpm,160.0,sim_tau
5,2.350006341934204,2.375006914138794,25.000572204589844,9.715302467346191,True,1.0,0.5,3,double_160bpm,160.0,sim_tau
6,2.6300127506256104,2.5900118350982666,-40.00091552734375,19.18442916870117,False,1.0,0.5,3,double_160bpm,160.0,sim_tau
7,2.7300150394439697,2.725014925003052,-5.000114440917525,20.544189453125,True,1.0,0.5,3,double_160bpm,160.0,sim_tau
8,3.010021448135376,2.970020532608032,-40.00091552734419,19.230348587036133,False,1.0,0.5,3,double_160bpm,160.0,sim_tau
9,3.110023736953736,3.095023393630981,-15.000343322754794,7.044183731079102,True,1.0,0.5,3,double_160bpm,160.0,sim_tau
10,3.3900301456451416,3.400030374526977,10.000228881835493,18.085914611816406,True,1.0,0.5,3,double_160bpm,160.0,sim_tau
11,3.470031976699829,3.485032320022583,15.000343322753906,13.28864860534668,True,1.0,0.5,3,double_160bpm,160.0,sim_tau
12,3.7700388431549072,3.7600386142730713,-10.000228881835938,11.820067405700684,True,1.0,0.5,3,double_160bpm,160.0,sim_tau
13,3.8500406742095943,3.835040330886841,-15.000343322753462,13.19716453552246,True,1.0,0.5,3,double_160bpm,160.0,sim_tau
14,4.130046844482422,4.090045928955078,-40.00091552734375,18.97344207763672,False,1.0,0.5,3,double_160bpm,160.0,sim_tau
15,4.230049133300781,4.235049247741699,5.000114440917969,6.8267011642456055,True,1.0,0.5,3,double_160bpm,160.0,sim_tau
16,4.510055541992188,4.5150556564331055,5.000114440917081,9.931791305541992,True,1.0,0.5,3,double_160bpm,160.0,sim_tau
17,4.610057830810547,4.605057716369629,-5.000114440917969,2.3112218379974365,True,1.0,0.5,3,double_160bpm,160.0,sim_tau
18,4.890064239501953,4.890064239501953,0.0,9.959922790527344,True,1.0,0.5,3,double_160bpm,160.0,sim_tau
19,4.970066070556641,4.950065612792969,-20.000457763671875,14.024868965148926,True,1.0,0.5,3,double_160bpm,160.0,sim_tau
20,5.250072479248047,5.245072364807129,-5.000114440917969,9.836662292480469,True,1.0,0.5,3,double_160bpm,160.0,sim_tau
21,5.350074768066406,5.355074882507324,5.000114440917969,6.938089370727539,True,1.0,0.5,3,double_160bpm,160.0,sim_tau
22,5.6300811767578125,5.6350812911987305,5.000114440917969,11.17733097076416,True,1.0,0.5,3,double_160bpm,160.0,sim_tau
23,5.730083465576172,5.740083694458008,10.000228881835938,29.39493179321289,True,1.0,0.5,3,double_160bpm,160.0,sim_tau
24,1.509998798370361,1.4999988079071045,-9.999990463256614,14.148138999938965,True,1.0,0.5,3,double_160bpm,160.0,sim_tau
25,1.6099987030029297,1.6199986934661863,9.999990463256614,2.385350465774536,True,1.0,0.5,3,double_160bpm,160.0,sim_tau
26,1.889998435974121,1.919998407363892,29.999971389770952,16.742938995361328,True,1.0,0.5,3,double_160bpm,160.0,sim_tau
27,1.969998359680176,1.9549983739852903,-14.999985694885698,11.999839782714844,True,1.0,0.5,3,double_160bpm,160.0,sim_tau
28,2.2500040531158447,2.210003137588501,-40.00091552734375,18.901439666748047,False,1.0,0.5,3,double_160bpm,160.0,sim_tau
29,2.350006341934204,2.3150055408477783,-35.00080108642578,17.58302116394043,False,1.0,0.5,3,double_160bpm,160.0,sim_tau
30,2.6300127506256104,2.5900118350982666,-40.00091552734375,19.19162368774414,False,1.0,0.5,3,double_160bpm,160.0,sim_tau
31,2.7300150394439697,2.725014925003052,-5.000114440917525,20.48583221435547,True,1.0,0.5,3,double_160bpm,160.0,sim_tau
32,3.010021448135376,2.970020532608032,-40.00091552734419,19.23190689086914,False,1.0,0.5,3,double_160bpm,160.0,sim_tau
33,3.110023736953736,3.095023393630981,-15.000343322754794,7.049549102783203,True,1.0,0.5,3,double_160bpm,160.0,sim_tau
34,3.3900301456451416,3.400030374526977,10.000228881835493,18.143983840942383,True,1.0,0.5,3,double_160bpm,160.0,sim_tau
35,3.470031976699829,3.485032320022583,15.000343322753906,13.306293487548828,True,1.0,0.5,3,double_160bpm,160.0,sim_tau
36,3.7700388431549072,3.7600386142730713,-10.000228881835938,11.974961280822754,True,1.0,0.5,3,double_160bpm,160.0,sim_tau
37,3.8500406742095943,3.835040330886841,-15.000343322753462,14.167450904846191,True,1.0,0.5,3,double_160bpm,160.0,sim_tau
38,4.130046844482422,4.090045928955078,-40.00091552734375,19.36973571777344,False,1.0,0.5,3,double_160bpm,160.0,sim_tau
39,4.230049133300781,4.235049247741699,5.000114440917969,11.798819541931152,True,1.0,0.5,3,double_160bpm,160.0,sim_tau
40,4.510055541992188,4.470054626464844,-40.00091552734464,19.211894989013672,False,1.0,0.5,3,double_160bpm,160.0,sim_tau
41,4.610057830810547,4.595057487487793,-15.000343322753906,7.047444343566895,True,1.0,0.5,3,double_160bpm,160.0,sim_tau
42,4.890064239501953,4.890064239501953,0.0,9.92901611328125,True,1.0,0.5,3,double_160bpm,160.0,sim_tau
43,4.970066070556641,4.860063552856445,-110.00251770019531,12.431970596313477,False,1.0,0.5,3,double_160bpm,160.0,sim_tau
44,5.250072479248047,5.240072250366211,-10.000228881835938,11.673973083496094,True,1.0,0.5,3,double_160bpm,160.0,sim_tau
45,5.350074768066406,5.355074882507324,5.000114440917969,6.863738536834717,True,1.0,0.5,3,double_160bpm,160.0,sim_tau
46,5.6300811767578125,5.615080833435059,-15.000343322753906,18.53049659729004,True,1.0,0.5,3,double_160bpm,160.0,sim_tau
47,5.730083465576172,5.720083236694336,-10.000228881835938,18.841161727905277,True,1.0,0.5,3,double_160bpm,160.0,sim_tau
48,1.509998798370361,1.5199987888336182,9.999990463257058,9.79698657989502,True,1.0,0.5,3,double_160bpm,160.0,sim_tau
49,1.6099987030029297,1.6199986934661863,9.999990463256614,6.449053287506104,True,1.0,0.5,3,double_160bpm,160.0,sim_tau
50,1.889998435974121,1.8499984741210935,-39.999961853027564,18.810714721679688,False,1.0,0.5,3,double_160bpm,160.0,sim_tau
51,1.969998359680176,1.949998378753662,-19.999980926513892,18.015817642211918,True,1.0,0.5,3,double_160bpm,160.0,sim_tau
52,2.2500040531158447,2.210003137588501,-40.00091552734375,19.01683807373047,False,1.0,0.5,3,double_160bpm,160.0,sim_tau
53,2.350006341934204,2.3150055408477783,-35.00080108642578,17.53042984008789,False,1.0,0.5,3,double_160bpm,160.0,sim_tau
54,2.6300127506256104,2.5900118350982666,-40.00091552734375,19.19007682800293,False,1.0,0.5,3,double_160bpm,160.0,sim_tau
55,2.7300150394439697,2.725014925003052,-5.000114440917525,20.388721466064453,True,1.0,0.5,3,double_160bpm,160.0,sim_tau
56,3.010021448135376,2.970020532608032,-40.00091552734419,19.232685089111328,False,1.0,0.5,3,double_160bpm,160.0,sim_tau
57,3.110023736953736,3.095023393630981,-15.000343322754794,7.054931640625,True,1.0,0.5,3,double_160bpm,160.0,sim_tau
58,3.3900301456451416,3.400030374526977,10.000228881835493,18.074851989746094,True,1.0,0.5,3,double_160bpm,160.0,sim_tau
59,3.470031976699829,3.485032320022583,15.000343322753906,13.268848419189451,True,1.0,0.5,3,double_160bpm,160.0,sim_tau
60,3.7700388431549072,3.7600386142730713,-10.000228881835938,11.925549507141112,True,1.0,0.5,3,double_160bpm,160.0,sim_tau
61,3.8500406742095943,3.730037927627564,-120.00274658203037,19.32142448425293,False,1.0,0.5,3,double_160bpm,160.0,sim_tau
62,4.130046844482422,4.090045928955078,-40.00091552734375,19.419322967529297,False,1.0,0.5,3,double_160bpm,160.0,sim_tau
63,4.230049133300781,4.235049247741699,5.000114440917969,13.254695892333984,True,1.0,0.5,3,double_160bpm,160.0,sim_tau
64,4.510055541992188,4.470054626464844,-40.00091552734464,19.222618103027344,False,1.0,0.5,3,double_160bpm,160.0,sim_tau
65,4.610057830810547,4.595057487487793,-15.000343322753906,7.053445816040039,True,1.0,0.5,3,double_160bpm,160.0,sim_tau
66,4.890064239501953,4.895064353942871,5.000114440917969,18.61481666564941,True,1.0,0.5,3,double_160bpm,160.0,sim_tau
67,4.970066070556641,4.850063323974609,-120.00274658203125,18.68134880065918,False,1.0,0.5,3,double_160bpm,160.0,sim_tau
68,5.250072479248047,5.210071563720703,-40.00091552734375,18.858875274658203,False,1.0,0.5,3,double_160bpm,160.0,sim_tau
69,5.350074768066406,5.375075340270996,25.000572204589844,9.773524284362791,True,1.0,0.5,3,double_160bpm,160.0,sim_tau
70,5.6300811767578125,5.615080833435059,-15.000343322753906,18.61986351013184,True,1.0,0.5,3,double_160bpm,160.0,sim_tau
71,5.730083465576172,5.700082778930664,-30.000686645507812,10.753592491149902,False,1.0,0.5,3,double_160bpm,160.0,sim_tau
0,0.4299997389316559,0.3999997675418854,-29.999971389770508,14.966999053955078,True,1.0,0.5,3,gmd_03_high_bpm138,138.0,sim_tau
1,0.749999463558197,0.7449994683265686,-4.999995231628418,43.05509185791016,True,1.0,0.5,3,gmd_03_high_bpm138,138.0,sim_tau
2,0.9699992537498474,0.9799992442131042,9.999990463256836,9.175583839416504,True,1.0,0.5,3,gmd_03_high_bpm138,138.0,sim_tau
3,1.6299986839294434,1.5999987125396729,-29.999971389770508,29.8151969909668,True,1.0,0.5,3,gmd_03_high_bpm138,138.0,sim_tau
4,2.170002222061157,2.190002679824829,20.00045776367232,2.203500747680664,True,1.0,0.5,3,gmd_03_high_bpm138,138.0,sim_tau
5,2.510010004043579,2.540010690689087,30.000686645507812,19.680892944335938,False,1.0,0.5,3,gmd_03_high_bpm138,138.0,sim_tau
6,2.710014581680298,2.675013780593872,-35.00080108642578,21.552778244018555,False,1.0,0.5,3,gmd_03_high_bpm138,138.0,sim_tau
7,3.030021905899048,3.020021677017212,-10.000228881835938,20.60560417175293,True,1.0,0.5,3,gmd_03_high_bpm138,138.0,sim_tau
8,3.3700296878814697,3.340029001235962,-30.000686645507812,177.87188720703125,False,1.0,0.5,3,gmd_03_high_bpm138,138.0,sim_tau
9,3.490032434463501,3.480032205581665,-10.000228881835938,11.085987091064451,True,1.0,0.5,3,gmd_03_high_bpm138,138.0,sim_tau
10,4.230049133300781,4.235049247741699,5.000114440917969,11.739730834960938,True,1.0,0.5,3,gmd_03_high_bpm138,138.0,sim_tau
11,4.450054168701172,4.440053939819336,-10.000228881835938,27.225231170654297,True,1.0,0.5,3,gmd_03_high_bpm138,138.0,sim_tau
12,4.9900665283203125,4.995066642761231,5.000114440918857,10.60800552368164,True,1.0,0.5,3,gmd_03_high_bpm138,138.0,sim_tau
13,5.290073394775391,5.3150739669799805,25.000572204589844,2.1836371421813965,True,1.0,0.5,3,gmd_03_high_bpm138,138.0,sim_tau
14,5.6300811767578125,,,0.0,False,1.0,0.5,3,gmd_03_high_bpm138,138.0,sim_tau
15,5.930088043212891,5.930088043212891,0.0,12.20957851409912,True,1.0,0.5,3,gmd_03_high_bpm138,138.0,sim_tau
16,6.170093536376953,6.170093536376953,0.0,13.396934509277344,True,1.0,0.5,3,gmd_03_high_bpm138,138.0,sim_tau
17,6.710105895996094,6.715106010437012,5.000114440917969,15.081344604492188,True,1.0,0.5,3,gmd_03_high_bpm138,138.0,sim_tau
18,7.010112762451172,7.005112648010254,-5.000114440917969,11.737112998962402,True,1.0,0.5,3,gmd_03_high_bpm138,138.0,sim_tau
19,7.370121002197266,7.36012077331543,-10.000228881835938,14.60085678100586,True,1.0,0.5,3,gmd_03_high_bpm138,138.0,sim_tau
20,7.710128784179687,7.685128211975098,-25.000572204588956,17.16025733947754,True,1.0,0.5,3,gmd_03_high_bpm138,138.0,sim_tau
21,7.95013427734375,7.945134162902832,-5.000114440917969,16.100637435913086,True,1.0,0.5,3,gmd_03_high_bpm138,138.0,sim_tau
22,8.230140686035156,8.235140800476074,5.000114440917969,9.6249418258667,True,1.0,0.5,3,gmd_03_high_bpm138,138.0,sim_tau
23,8.570148468017578,8.56514835357666,-5.000114440917969,9.199857711791992,True,1.0,0.5,3,gmd_03_high_bpm138,138.0,sim_tau
24,8.670150756835938,8.650150299072266,-20.000457763671875,16.55236053466797,True,1.0,0.5,3,gmd_03_high_bpm138,138.0,sim_tau
25,9.13016128540039,9.125161170959473,-5.000114440917969,9.407779693603516,True,1.0,0.5,3,gmd_03_high_bpm138,138.0,sim_tau
26,9.45016860961914,9.42516803741455,-25.000572204589844,18.621713638305664,True,1.0,0.5,3,gmd_03_high_bpm138,138.0,sim_tau
27,9.690174102783203,9.655173301696776,-35.00080108642756,16.482690811157227,False,1.0,0.5,3,gmd_03_high_bpm138,138.0,sim_tau
28,10.010181427001951,9.97018051147461,-40.000915527341974,18.22257423400879,False,1.0,0.5,3,gmd_03_high_bpm138,138.0,sim_tau
29,10.330188751220703,10.320188522338867,-10.000228881835938,28.49415779113769,True,1.0,0.5,3,gmd_03_high_bpm138,138.0,sim_tau
30,10.890201568603516,10.860200881958008,-30.000686645507812,24.750919342041016,False,1.0,0.5,3,gmd_03_high_bpm138,138.0,sim_tau
31,11.210208892822266,11.230209350585938,20.000457763671875,10.343425750732422,True,1.0,0.5,3,gmd_03_high_bpm138,138.0,sim_tau
32,11.430213928222656,11.400213241577148,-30.000686645507812,40.77855682373047,False,1.0,0.5,3,gmd_03_high_bpm138,138.0,sim_tau
33,11.970226287841797,11.980226516723633,10.000228881835938,6.844160556793213,True,1.0,0.5,3,gmd_03_high_bpm138,138.0,sim_tau
34,12.270233154296877,12.25523281097412,-15.000343322757459,13.74261474609375,True,1.0,0.5,3,gmd_03_high_bpm138,138.0,sim_tau
35,12.610240936279297,12.60024070739746,-10.000228881837714,13.98673152923584,True,1.0,0.5,3,gmd_03_high_bpm138,138.0,sim_tau
36,12.910247802734377,12.915247917175291,5.000114440914416,13.021147727966309,True,1.0,0.5,3,gmd_03_high_bpm138,138.0,sim_tau
37,13.670265197753906,13.665265083312988,-5.000114440917969,8.027576446533203,True,1.0,0.5,3,gmd_03_high_bpm138,138.0,sim_tau
38,13.950271606445312,13.960271835327148,10.000228881835938,10.268619537353516,True,1.0,0.5,3,gmd_03_high_bpm138,138.0,sim_tau
39,14.330280303955078,14.305279731750488,-25.000572204589844,20.22467041015625,True,1.0,0.5,3,gmd_03_high_bpm138,138.0,sim_tau
40,14.650287628173828,14.640287399291992,-10.000228881835938,21.232009887695312,True,1.0,0.5,3,gmd_03_high_bpm138,138.0,sim_tau
41,14.89029312133789,,,0.0,False,1.0,0.5,3,gmd_03_high_bpm138,138.0,sim_tau
42,15.21030044555664,15.195300102233888,-15.00034332275213,13.023260116577148,True,1.0,0.5,3,gmd_03_high_bpm138,138.0,sim_tau
43,15.53030776977539,15.53030776977539,0.0,9.977636337280272,True,1.0,0.5,3,gmd_03_high_bpm138,138.0,sim_tau
44,15.610309600830078,15.610309600830078,0.0,28.920387268066406,True,1.0,0.5,3,gmd_03_high_bpm138,138.0,sim_tau
0,1.349998950958252,1.314998984336853,-34.999966621398926,50.86714172363281,False,1.0,0.5,3,gmd_04_extreme_bpm170,170.0,sim_tau
1,1.7499985694885254,1.7399985790252686,-9.999990463256836,13.95481300354004,True,1.0,0.5,3,gmd_04_extreme_bpm170,170.0,sim_tau
2,2.3100054264068604,2.2850048542022705,-25.000572204589844,55.62670135498047,True,1.0,0.5,3,gmd_04_extreme_bpm170,170.0,sim_tau
3,2.7300150394439697,2.7400152683258057,10.000228881835938,5.707006454467773,True,1.0,0.5,3,gmd_04_extreme_bpm170,170.0,sim_tau
4,3.190025568008423,3.165024995803833,-25.000572204589844,26.713424682617188,True,1.0,0.5,3,gmd_04_extreme_bpm170,170.0,sim_tau
5,3.730037927627564,3.7150375843048096,-15.00034332275435,12.690462112426758,True,1.0,0.5,3,gmd_04_extreme_bpm170,170.0,sim_tau
6,4.11004638671875,4.105046272277832,-5.000114440917969,14.30523681640625,True,1.0,0.5,3,gmd_04_extreme_bpm170,170.0,sim_tau
7,4.610057830810547,4.610057830810547,0.0,13.974956512451172,True,1.0,0.5,3,gmd_04_extreme_bpm170,170.0,sim_tau
8,4.870063781738281,4.870063781738281,0.0,16.63234519958496,True,1.0,0.5,3,gmd_04_extreme_bpm170,170.0,sim_tau
9,5.130069732666016,5.12006950378418,-10.000228881835938,15.291494369506836,True,1.0,0.5,3,gmd_04_extreme_bpm170,170.0,sim_tau
10,5.990089416503906,5.985089302062988,-5.000114440917969,4.310530662536621,True,1.0,0.5,3,gmd_04_extreme_bpm170,170.0,sim_tau
11,6.35009765625,6.335097312927246,-15.000343322753906,40.65853500366211,True,1.0,0.5,3,gmd_04_extreme_bpm170,170.0,sim_tau
12,6.530101776123047,6.535101890563965,5.000114440917969,13.183834075927734,True,1.0,0.5,3,gmd_04_extreme_bpm170,170.0,sim_tau
13,6.710105895996094,6.69510555267334,-15.000343322753906,7.073912620544434,True,1.0,0.5,3,gmd_04_extreme_bpm170,170.0,sim_tau
14,6.950111389160156,6.925110816955566,-25.000572204589844,36.40530014038086,True,1.0,0.5,3,gmd_04_extreme_bpm170,170.0,sim_tau
15,7.410121917724609,7.415122032165527,5.000114440917969,17.664875030517578,True,1.0,0.5,3,gmd_04_extreme_bpm170,170.0,sim_tau
16,7.750129699707031,7.745129585266113,-5.000114440917969,56.49240112304688,True,1.0,0.5,3,gmd_04_extreme_bpm170,170.0,sim_tau
17,8.010135650634766,8.010135650634766,0.0,9.85730266571045,True,1.0,0.5,3,gmd_04_extreme_bpm170,170.0,sim_tau
18,8.090137481689453,8.090137481689453,0.0,25.284467697143555,True,1.0,0.5,3,gmd_04_extreme_bpm170,170.0,sim_tau
19,8.530147552490234,8.535147666931152,5.000114440917969,12.038007736206056,True,1.0,0.5,3,gmd_04_extreme_bpm170,170.0,sim_tau
20,8.970157623291016,8.955157279968262,-15.000343322753906,17.50185775756836,True,1.0,0.5,3,gmd_04_extreme_bpm170,170.0,sim_tau
21,9.23016357421875,9.215163230895996,-15.000343322753906,43.64522171020508,True,1.0,0.5,3,gmd_04_extreme_bpm170,170.0,sim_tau
22,9.490169525146484,,,0.0,False,1.0,0.5,3,gmd_04_extreme_bpm170,170.0,sim_tau
23,9.690174102783203,9.70017433166504,10.000228881837714,14.036787986755373,True,1.0,0.5,3,gmd_04_extreme_bpm170,170.0,sim_tau
24,10.230186462402344,10.230186462402344,0.0,5.363376617431641,True,1.0,0.5,3,gmd_04_extreme_bpm170,170.0,sim_tau
25,10.570194244384766,10.555193901062012,-15.000343322753906,26.60870361328125,True,1.0,0.5,3,gmd_04_extreme_bpm170,170.0,sim_tau
26,10.8302001953125,10.810199737548828,-20.000457763671875,17.851028442382812,True,1.0,0.5,3,gmd_04_extreme_bpm170,170.0,sim_tau
27,10.93020248413086,10.915202140808104,-15.000343322755683,14.1820650100708,True,1.0,0.5,3,gmd_04_extreme_bpm170,170.0,sim_tau
28,11.390213012695312,11.405213356018066,15.000343322753906,9.473625183105469,True,1.0,0.5,3,gmd_04_extreme_bpm170,170.0,sim_tau
29,11.850223541259766,,,0.0,False,1.0,0.5,3,gmd_04_extreme_bpm170,170.0,sim_tau
30,12.090229034423828,12.080228805541992,-10.000228881835938,39.55502700805664,True,1.0,0.5,3,gmd_04_extreme_bpm170,170.0,sim_tau
31,12.350234985351562,12.350234985351562,0.0,4.695722579956055,True,1.0,0.5,3,gmd_04_extreme_bpm170,170.0,sim_tau
32,12.55023956298828,,,0.0,False,1.0,0.5,3,gmd_04_extreme_bpm170,170.0,sim_tau
33,12.65024185180664,12.60524082183838,-45.00102996825994,11.913469314575195,False,1.0,0.5,3,gmd_04_extreme_bpm170,170.0,sim_tau
34,13.07025146484375,13.075251579284668,5.000114440917969,9.785918235778809,True,1.0,0.5,3,gmd_04_extreme_bpm170,170.0,sim_tau
35,13.3902587890625,13.36525821685791,-25.000572204589844,30.520448684692383,True,1.0,0.5,3,gmd_04_extreme_bpm170,170.0,sim_tau
36,13.670265197753906,13.71026611328125,40.00091552734375,10.36433219909668,False,1.0,0.5,3,gmd_04_extreme_bpm170,170.0,sim_tau
37,13.770267486572266,13.78526782989502,15.000343322753906,33.43540954589844,True,1.0,0.5,3,gmd_04_extreme_bpm170,170.0,sim_tau
38,14.210277557373049,14.220277786254885,10.000228881835938,13.65858268737793,True,1.0,0.5,3,gmd_04_extreme_bpm170,170.0,sim_tau
39,14.630287170410156,14.635287284851074,5.000114440917969,10.286417007446287,True,1.0,0.5,3,gmd_04_extreme_bpm170,170.0,sim_tau
40,14.89029312133789,14.875292778015137,-15.000343322753906,45.19318008422852,True,1.0,0.5,3,gmd_04_extreme_bpm170,170.0,sim_tau
41,15.150299072265623,15.130298614501951,-20.000457763671875,4393.52880859375,True,1.0,0.5,3,gmd_04_extreme_bpm170,170.0,sim_tau
42,15.350303649902344,15.320302963256836,-30.000686645507812,20.62333297729492,False,1.0,0.5,3,gmd_04_extreme_bpm170,170.0,sim_tau
43,15.85031509399414,15.870315551757812,20.000457763671875,22.213848114013672,True,1.0,0.5,3,gmd_04_extreme_bpm170,170.0,sim_tau
0,1.509998798370361,1.4899988174438477,-19.99998092651345,10.575143814086914,True,1.0,1.0,3,double_160bpm,160.0,sim_tau
1,1.6099987030029297,1.6099987030029297,0.0,15.881973266601562,True,1.0,1.0,3,double_160bpm,160.0,sim_tau
2,1.889998435974121,1.8799984455108645,-9.999990463256614,17.866498947143555,True,1.0,1.0,3,double_160bpm,160.0,sim_tau
3,1.969998359680176,1.9649983644485476,-4.999995231628418,16.598073959350586,True,1.0,1.0,3,double_160bpm,160.0,sim_tau
4,2.2500040531158447,2.2500040531158447,0.0,38.43495178222656,True,1.0,1.0,3,double_160bpm,160.0,sim_tau
5,2.350006341934204,2.3050053119659424,-45.00102996826172,10.151684761047363,False,1.0,1.0,3,double_160bpm,160.0,sim_tau
6,2.6300127506256104,2.6500132083892822,20.000457763671875,19.55245590209961,True,1.0,1.0,3,double_160bpm,160.0,sim_tau
7,2.7300150394439697,2.7300150394439697,0.0,15.196308135986328,True,1.0,1.0,3,double_160bpm,160.0,sim_tau
8,3.010021448135376,2.995021104812622,-15.000343322753906,15.210201263427734,True,1.0,1.0,3,double_160bpm,160.0,sim_tau
9,3.110023736953736,3.1150238513946533,5.000114440917525,29.78772735595703,True,1.0,1.0,3,double_160bpm,160.0,sim_tau
10,3.3900301456451416,3.3900301456451416,0.0,11.768680572509766,True,1.0,1.0,3,double_160bpm,160.0,sim_tau
11,3.470031976699829,3.465031862258911,-5.000114440917969,15.75608253479004,True,1.0,1.0,3,double_160bpm,160.0,sim_tau
12,3.7700388431549072,3.7600386142730713,-10.000228881835938,18.05708885192871,True,1.0,1.0,3,double_160bpm,160.0,sim_tau
13,3.8500406742095943,3.8550407886505127,5.000114440918413,21.343429565429688,True,1.0,1.0,3,double_160bpm,160.0,sim_tau
14,4.130046844482422,4.13504695892334,5.000114440917969,11.39271640777588,True,1.0,1.0,3,double_160bpm,160.0,sim_tau
15,4.230049133300781,4.240049362182617,10.000228881835938,114.70570373535156,True,1.0,1.0,3,double_160bpm,160.0,sim_tau
16,4.510055541992188,4.500055313110352,-10.000228881836826,9.05751609802246,True,1.0,1.0,3,double_160bpm,160.0,sim_tau
17,4.610057830810547,4.610057830810547,0.0,16.131309509277344,True,1.0,1.0,3,double_160bpm,160.0,sim_tau
18,4.890064239501953,4.880064010620117,-10.000228881835938,17.849990844726562,True,1.0,1.0,3,double_160bpm,160.0,sim_tau
19,4.970066070556641,4.965065956115723,-5.000114440917969,16.639741897583008,True,1.0,1.0,3,double_160bpm,160.0,sim_tau
20,5.250072479248047,5.240072250366211,-10.000228881835938,17.61391830444336,True,1.0,1.0,3,double_160bpm,160.0,sim_tau
21,5.350074768066406,5.330074310302734,-20.000457763671875,11.584571838378906,True,1.0,1.0,3,double_160bpm,160.0,sim_tau
22,5.6300811767578125,5.625081062316895,-5.000114440917081,25.23387908935547,True,1.0,1.0,3,double_160bpm,160.0,sim_tau
23,5.730083465576172,5.725083351135254,-5.000114440917969,18.08592987060547,True,1.0,1.0,3,double_160bpm,160.0,sim_tau
24,1.509998798370361,1.4899988174438477,-19.99998092651345,10.670079231262209,True,1.0,1.0,3,double_160bpm,160.0,sim_tau
25,1.6099987030029297,1.6099987030029297,0.0,15.778329849243164,True,1.0,1.0,3,double_160bpm,160.0,sim_tau
26,1.889998435974121,1.8799984455108645,-9.999990463256614,17.998172760009766,True,1.0,1.0,3,double_160bpm,160.0,sim_tau
27,1.969998359680176,1.9649983644485476,-4.999995231628418,16.617938995361328,True,1.0,1.0,3,double_160bpm,160.0,sim_tau
28,2.2500040531158447,2.2500040531158447,0.0,38.718849182128906,True,1.0,1.0,3,double_160bpm,160.0,sim_tau
29,2.350006341934204,2.3050053119659424,-45.00102996826172,10.00515842437744,False,1.0,1.0,3,double_160bpm,160.0,sim_tau
30,2.6300127506256104,2.6500132083892822,20.000457763671875,19.900894165039062,True,1.0,1.0,3,double_160bpm,160.0,sim_tau
31,2.7300150394439697,2.710014581680298,-20.000457763671875,15.942148208618164,True,1.0,1.0,3,double_160bpm,160.0,sim_tau
32,3.010021448135376,2.990020990371704,-20.000457763671875,20.246994018554688,True,1.0,1.0,3,double_160bpm,160.0,sim_tau
33,3.110023736953736,3.1000235080718994,-10.000228881836382,16.793041229248047,True,1.0,1.0,3,double_160bpm,160.0,sim_tau
34,3.3900301456451416,3.39503026008606,5.000114440918413,8.891239166259766,True,1.0,1.0,3,double_160bpm,160.0,sim_tau
35,3.470031976699829,3.4400312900543213,-30.000686645507812,20.353530883789062,False,1.0,1.0,3,double_160bpm,160.0,sim_tau
36,3.7700388431549072,3.7600386142730713,-10.000228881835938,17.80618667602539,True,1.0,1.0,3,double_160bpm,160.0,sim_tau
37,3.8500406742095943,3.820039987564087,-30.00068664550737,17.255329132080078,False,1.0,1.0,3,double_160bpm,160.0,sim_tau
38,4.130046844482422,4.11004638671875,-20.000457763671875,13616.388671875,True,1.0,1.0,3,double_160bpm,160.0,sim_tau
39,4.230049133300781,4.220048904418945,-10.000228881835938,16.017993927001953,True,1.0,1.0,3,double_160bpm,160.0,sim_tau
40,4.510055541992188,4.475054740905762,-35.00080108642667,19.249771118164062,False,1.0,1.0,3,double_160bpm,160.0,sim_tau
41,4.610057830810547,4.610057830810547,0.0,15.865028381347656,True,1.0,1.0,3,double_160bpm,160.0,sim_tau
42,4.890064239501953,4.900064468383789,10.000228881835938,10.51182746887207,True,1.0,1.0,3,double_160bpm,160.0,sim_tau
43,4.970066070556641,4.960065841674805,-10.000228881835938,16.72121810913086,True,1.0,1.0,3,double_160bpm,160.0,sim_tau
44,5.250072479248047,5.230072021484375,-20.000457763671875,21.28243827819824,True,1.0,1.0,3,double_160bpm,160.0,sim_tau
45,5.350074768066406,5.325074195861816,-25.000572204589844,242.8258209228516,True,1.0,1.0,3,double_160bpm,160.0,sim_tau
46,5.6300811767578125,5.625081062316895,-5.000114440917081,18.95158576965332,True,1.0,1.0,3,double_160bpm,160.0,sim_tau
47,5.730083465576172,5.715083122253418,-15.000343322753906,19.72157096862793,True,1.0,1.0,3,double_160bpm,160.0,sim_tau
48,1.509998798370361,1.4849988222122192,-24.99997615814187,17.191822052001953,True,1.0,1.0,3,double_160bpm,160.0,sim_tau
49,1.6099987030029297,1.614998698234558,4.999995231628418,30.201271057128903,True,1.0,1.0,3,double_160bpm,160.0,sim_tau
50,1.889998435974121,1.8799984455108645,-9.999990463256614,18.0606689453125,True,1.0,1.0,3,double_160bpm,160.0,sim_tau
51,1.969998359680176,1.9299983978271484,-39.999961853027564,38.882022857666016,False,1.0,1.0,3,double_160bpm,160.0,sim_tau
52,2.2500040531158447,2.2500040531158447,0.0,38.76971435546875,True,1.0,1.0,3,double_160bpm,160.0,sim_tau
53,2.350006341934204,2.3050053119659424,-45.00102996826172,10.074695587158203,False,1.0,1.0,3,double_160bpm,160.0,sim_tau
54,2.6300127506256104,2.6000120639801025,-30.000686645507812,18.743654251098636,False,1.0,1.0,3,double_160bpm,160.0,sim_tau
55,2.7300150394439697,2.710014581680298,-20.000457763671875,15.950677871704102,True,1.0,1.0,3,double_160bpm,160.0,sim_tau
56,3.010021448135376,2.985020875930786,-25.000572204589844,32.25667953491211,True,1.0,1.0,3,double_160bpm,160.0,sim_tau
57,3.110023736953736,3.070022821426392,-40.00091552734375,20.43124008178711,False,1.0,1.0,3,double_160bpm,160.0,sim_tau
58,3.3900301456451416,3.4050304889678955,15.000343322753906,10.700750350952148,True,1.0,1.0,3,double_160bpm,160.0,sim_tau
59,3.470031976699829,3.4400312900543213,-30.000686645507812,19.04562759399414,False,1.0,1.0,3,double_160bpm,160.0,sim_tau
60,3.7700388431549072,3.755038499832153,-15.00034332275435,13.809608459472656,True,1.0,1.0,3,double_160bpm,160.0,sim_tau
61,3.8500406742095943,3.820039987564087,-30.00068664550737,19.17233085632324,False,1.0,1.0,3,double_160bpm,160.0,sim_tau
62,4.130046844482422,4.100046157836914,-30.000686645507812,20.00743103027344,False,1.0,1.0,3,double_160bpm,160.0,sim_tau
63,4.230049133300781,4.215048789978027,-15.000343322753906,14.71451187133789,True,1.0,1.0,3,double_160bpm,160.0,sim_tau
64,4.510055541992188,4.580057144165039,70.00160217285068,17.31585693359375,False,1.0,1.0,3,double_160bpm,160.0,sim_tau
65,4.610057830810547,4.610057830810547,0.0,15.211472511291504,True,1.0,1.0,3,double_160bpm,160.0,sim_tau
66,4.890064239501953,4.880064010620117,-10.000228881835938,18.088871002197266,True,1.0,1.0,3,double_160bpm,160.0,sim_tau
67,4.970066070556641,4.930065155029297,-40.00091552734375,38.88172149658203,False,1.0,1.0,3,double_160bpm,160.0,sim_tau
68,5.250072479248047,5.230072021484375,-20.000457763671875,21.696483612060547,True,1.0,1.0,3,double_160bpm,160.0,sim_tau
69,5.350074768066406,5.320074081420898,-30.000686645507812,11.929823875427246,False,1.0,1.0,3,double_160bpm,160.0,sim_tau
70,5.6300811767578125,5.6350812911987305,5.000114440917969,30.800827026367188,True,1.0,1.0,3,double_160bpm,160.0,sim_tau
71,5.730083465576172,5.700082778930664,-30.000686645507812,11.872353553771973,False,1.0,1.0,3,double_160bpm,160.0,sim_tau
0,0.4299997389316559,0.4249997437000274,-4.999995231628473,101.99652099609376,True,1.0,1.0,3,gmd_03_high_bpm138,138.0,sim_tau
1,0.749999463558197,0.7449994683265686,-4.999995231628418,26.37274932861328,True,1.0,1.0,3,gmd_03_high_bpm138,138.0,sim_tau
2,0.9699992537498474,0.9699992537498474,0.0,10.503134727478027,True,1.0,1.0,3,gmd_03_high_bpm138,138.0,sim_tau
3,1.6299986839294434,1.6449986696243286,14.999985694885254,11.896957397460938,True,1.0,1.0,3,gmd_03_high_bpm138,138.0,sim_tau
4,2.170002222061157,2.1550018787384038,-15.000343322753018,50.43980407714844,True,1.0,1.0,3,gmd_03_high_bpm138,138.0,sim_tau
5,2.510010004043579,2.525010347366333,15.000343322753906,2.547847270965576,True,1.0,1.0,3,gmd_03_high_bpm138,138.0,sim_tau
6,2.710014581680298,2.700014352798462,-10.000228881835938,15.33568000793457,True,1.0,1.0,3,gmd_03_high_bpm138,138.0,sim_tau
7,3.030021905899048,3.035022020339966,5.000114440917969,9.96346664428711,True,1.0,1.0,3,gmd_03_high_bpm138,138.0,sim_tau
8,3.3700296878814697,3.3700296878814697,0.0,11.749948501586914,True,1.0,1.0,3,gmd_03_high_bpm138,138.0,sim_tau
9,3.490032434463501,3.510032892227173,20.000457763671875,28.95123672485352,True,1.0,1.0,3,gmd_03_high_bpm138,138.0,sim_tau
10,4.230049133300781,4.205048561096191,-25.000572204589844,15.401533126831056,True,1.0,1.0,3,gmd_03_high_bpm138,138.0,sim_tau
11,4.450054168701172,4.450054168701172,0.0,10.55238437652588,True,1.0,1.0,3,gmd_03_high_bpm138,138.0,sim_tau
12,4.9900665283203125,5.000066757202148,10.000228881835938,26.74840545654297,True,1.0,1.0,3,gmd_03_high_bpm138,138.0,sim_tau
13,5.290073394775391,,,0.0,False,1.0,1.0,3,gmd_03_high_bpm138,138.0,sim_tau
14,5.6300811767578125,5.6300811767578125,0.0,34.53824615478516,True,1.0,1.0,3,gmd_03_high_bpm138,138.0,sim_tau
15,5.930088043212891,5.9450883865356445,15.000343322753906,20.628150939941406,True,1.0,1.0,3,gmd_03_high_bpm138,138.0,sim_tau
16,6.170093536376953,6.175093650817871,5.000114440917969,9.959129333496094,True,1.0,1.0,3,gmd_03_high_bpm138,138.0,sim_tau
17,6.710105895996094,6.685105323791504,-25.000572204589844,36.01639175415039,True,1.0,1.0,3,gmd_03_high_bpm138,138.0,sim_tau
18,7.010112762451172,6.980112075805664,-30.000686645507812,17.557300567626953,False,1.0,1.0,3,gmd_03_high_bpm138,138.0,sim_tau
19,7.370121002197266,7.345120429992676,-25.000572204589844,49.66493988037109,True,1.0,1.0,3,gmd_03_high_bpm138,138.0,sim_tau
20,7.710128784179687,7.695128440856934,-15.000343322753018,47.79547882080078,True,1.0,1.0,3,gmd_03_high_bpm138,138.0,sim_tau
21,7.95013427734375,7.965134620666504,15.000343322753906,2.9790456295013428,True,1.0,1.0,3,gmd_03_high_bpm138,138.0,sim_tau
22,8.230140686035156,8.210140228271484,-20.000457763671875,44.41136932373047,True,1.0,1.0,3,gmd_03_high_bpm138,138.0,sim_tau
23,8.570148468017578,8.545147895812988,-25.000572204589844,12.139208793640137,True,1.0,1.0,3,gmd_03_high_bpm138,138.0,sim_tau
24,8.670150756835938,8.66515064239502,-5.000114440917969,13.26036262512207,True,1.0,1.0,3,gmd_03_high_bpm138,138.0,sim_tau
25,9.13016128540039,9.120161056518556,-10.000228881834161,42.902435302734375,True,1.0,1.0,3,gmd_03_high_bpm138,138.0,sim_tau
26,9.45016860961914,9.430168151855469,-20.000457763671875,13.941707611083984,True,1.0,1.0,3,gmd_03_high_bpm138,138.0,sim_tau
27,9.690174102783203,9.660173416137695,-30.000686645507812,7.466139793395996,False,1.0,1.0,3,gmd_03_high_bpm138,138.0,sim_tau
28,10.010181427001951,,,0.0,False,1.0,1.0,3,gmd_03_high_bpm138,138.0,sim_tau
29,10.330188751220703,10.31518840789795,-15.000343322753906,46.60886764526367,True,1.0,1.0,3,gmd_03_high_bpm138,138.0,sim_tau
30,10.890201568603516,10.895201683044434,5.000114440917969,24.90028381347656,True,1.0,1.0,3,gmd_03_high_bpm138,138.0,sim_tau
31,11.210208892822266,11.210208892822266,0.0,1.6470956802368164,True,1.0,1.0,3,gmd_03_high_bpm138,138.0,sim_tau
32,11.430213928222656,11.410213470458984,-20.000457763671875,12.404683113098145,True,1.0,1.0,3,gmd_03_high_bpm138,138.0,sim_tau
33,11.970226287841797,,,0.0,False,1.0,1.0,3,gmd_03_high_bpm138,138.0,sim_tau
34,12.270233154296877,12.250232696533203,-20.00045776367365,6.747841835021973,True,1.0,1.0,3,gmd_03_high_bpm138,138.0,sim_tau
35,12.610240936279297,12.585240364074709,-25.000572204588067,47.22525024414063,True,1.0,1.0,3,gmd_03_high_bpm138,138.0,sim_tau
36,12.910247802734377,12.89524745941162,-15.000343322757459,22.050580978393555,True,1.0,1.0,3,gmd_03_high_bpm138,138.0,sim_tau
37,13.670265197753906,13.645264625549316,-25.000572204589844,35.799537658691406,True,1.0,1.0,3,gmd_03_high_bpm138,138.0,sim_tau
38,13.950271606445312,13.940271377563477,-10.000228881835938,34.49189376831055,True,1.0,1.0,3,gmd_03_high_bpm138,138.0,sim_tau
39,14.330280303955078,14.320280075073242,-10.000228881835938,48.55815124511719,True,1.0,1.0,3,gmd_03_high_bpm138,138.0,sim_tau
40,14.650287628173828,14.655287742614746,5.000114440917969,22.894731521606445,True,1.0,1.0,3,gmd_03_high_bpm138,138.0,sim_tau
41,14.89029312133789,14.860292434692385,-30.000686645506036,7.604526519775391,False,1.0,1.0,3,gmd_03_high_bpm138,138.0,sim_tau
42,15.21030044555664,15.18529987335205,-25.000572204589844,13.234379768371582,True,1.0,1.0,3,gmd_03_high_bpm138,138.0,sim_tau
43,15.53030776977539,15.5053071975708,-25.000572204589844,2202.40966796875,True,1.0,1.0,3,gmd_03_high_bpm138,138.0,sim_tau
44,15.610309600830078,15.560308456420898,-50.00114440917969,19.4954776763916,False,1.0,1.0,3,gmd_03_high_bpm138,138.0,sim_tau
0,1.349998950958252,1.3399989604949951,-9.999990463256836,46.70785903930664,True,1.0,1.0,3,gmd_04_extreme_bpm170,170.0,sim_tau
1,1.7499985694885254,1.73499858379364,-14.999985694885476,41.60314178466797,True,1.0,1.0,3,gmd_04_extreme_bpm170,170.0,sim_tau
2,2.3100054264068604,,,0.0,False,1.0,1.0,3,gmd_04_extreme_bpm170,170.0,sim_tau
3,2.7300150394439697,2.7300150394439697,0.0,18.190093994140625,True,1.0,1.0,3,gmd_04_extreme_bpm170,170.0,sim_tau
4,3.190025568008423,3.170025110244751,-20.000457763671875,33.86774444580078,True,1.0,1.0,3,gmd_04_extreme_bpm170,170.0,sim_tau
5,3.730037927627564,3.7250378131866455,-5.000114440918413,14.123273849487305,True,1.0,1.0,3,gmd_04_extreme_bpm170,170.0,sim_tau
6,4.11004638671875,4.125046730041504,15.000343322753906,6.907576560974121,True,1.0,1.0,3,gmd_04_extreme_bpm170,170.0,sim_tau
7,4.610057830810547,4.620058059692383,10.000228881835938,29.434249877929688,True,1.0,1.0,3,gmd_04_extreme_bpm170,170.0,sim_tau
8,4.870063781738281,4.855063438415527,-15.000343322753906,5.977372646331787,True,1.0,1.0,3,gmd_04_extreme_bpm170,170.0,sim_tau
9,5.130069732666016,5.100069046020508,-30.000686645507812,28.736804962158203,False,1.0,1.0,3,gmd_04_extreme_bpm170,170.0,sim_tau
10,5.990089416503906,5.98008918762207,-10.000228881835938,49.53773498535156,True,1.0,1.0,3,gmd_04_extreme_bpm170,170.0,sim_tau
11,6.35009765625,,,0.0,False,1.0,1.0,3,gmd_04_extreme_bpm170,170.0,sim_tau
12,6.530101776123047,6.525101661682129,-5.000114440917969,14.704627990722656,True,1.0,1.0,3,gmd_04_extreme_bpm170,170.0,sim_tau
13,6.710105895996094,6.730106353759766,20.000457763671875,13.418892860412598,True,1.0,1.0,3,gmd_04_extreme_bpm170,170.0,sim_tau
14,6.950111389160156,6.930110931396484,-20.000457763671875,14.839761734008787,True,1.0,1.0,3,gmd_04_extreme_bpm170,170.0,sim_tau
15,7.410121917724609,,,0.0,False,1.0,1.0,3,gmd_04_extreme_bpm170,170.0,sim_tau
16,7.750129699707031,7.780130386352539,30.000686645507812,20.088253021240234,False,1.0,1.0,3,gmd_04_extreme_bpm170,170.0,sim_tau
17,8.010135650634766,7.985135078430176,-25.000572204589844,176.47531127929688,True,1.0,1.0,3,gmd_04_extreme_bpm170,170.0,sim_tau
18,8.090137481689453,8.085137367248535,-5.000114440917969,22.284236907958984,True,1.0,1.0,3,gmd_04_extreme_bpm170,170.0,sim_tau
19,8.530147552490234,8.555148124694824,25.000572204589844,16.122434616088867,True,1.0,1.0,3,gmd_04_extreme_bpm170,170.0,sim_tau
20,8.970157623291016,8.980157852172852,10.000228881835938,12.149261474609377,True,1.0,1.0,3,gmd_04_extreme_bpm170,170.0,sim_tau
21,9.23016357421875,9.225163459777832,-5.000114440917969,26.176362991333008,True,1.0,1.0,3,gmd_04_extreme_bpm170,170.0,sim_tau
22,9.490169525146484,9.495169639587402,5.000114440917969,10.209874153137209,True,1.0,1.0,3,gmd_04_extreme_bpm170,170.0,sim_tau
23,9.690174102783203,9.665173530578612,-25.00057220459162,9018.5,True,1.0,1.0,3,gmd_04_extreme_bpm170,170.0,sim_tau
24,10.230186462402344,10.230186462402344,0.0,151.96221923828125,True,1.0,1.0,3,gmd_04_extreme_bpm170,170.0,sim_tau
25,10.570194244384766,10.590194702148438,20.000457763671875,22.165000915527344,True,1.0,1.0,3,gmd_04_extreme_bpm170,170.0,sim_tau
26,10.8302001953125,10.8302001953125,0.0,52.68378448486328,True,1.0,1.0,3,gmd_04_extreme_bpm170,170.0,sim_tau
27,10.93020248413086,10.92520236968994,-5.000114440919745,10.478986740112305,True,1.0,1.0,3,gmd_04_extreme_bpm170,170.0,sim_tau
28,11.390213012695312,11.385212898254396,-5.000114440916192,26.21102523803711,True,1.0,1.0,3,gmd_04_extreme_bpm170,170.0,sim_tau
29,11.850223541259766,11.855223655700684,5.000114440917969,10.183842658996582,True,1.0,1.0,3,gmd_04_extreme_bpm170,170.0,sim_tau
30,12.090229034423828,12.090229034423828,0.0,12.83847713470459,True,1.0,1.0,3,gmd_04_extreme_bpm170,170.0,sim_tau
31,12.350234985351562,12.350234985351562,0.0,17.131975173950195,True,1.0,1.0,3,gmd_04_extreme_bpm170,170.0,sim_tau
32,12.55023956298828,12.53023910522461,-20.0004577636701,20.64546585083008,True,1.0,1.0,3,gmd_04_extreme_bpm170,170.0,sim_tau
33,12.65024185180664,12.590240478515623,-60.0013732910174,9.49009132385254,False,1.0,1.0,3,gmd_04_extreme_bpm170,170.0,sim_tau
34,13.07025146484375,13.09525203704834,25.000572204589844,11.760435104370115,True,1.0,1.0,3,gmd_04_extreme_bpm170,170.0,sim_tau
35,13.3902587890625,,,0.0,False,1.0,1.0,3,gmd_04_extreme_bpm170,170.0,sim_tau
36,13.670265197753906,13.670265197753906,0.0,16.764080047607422,True,1.0,1.0,3,gmd_04_extreme_bpm170,170.0,sim_tau
37,13.770267486572266,13.73526668548584,-35.00080108642578,34.27238464355469,False,1.0,1.0,3,gmd_04_extreme_bpm170,170.0,sim_tau
38,14.210277557373049,14.210277557373049,0.0,18.590797424316406,True,1.0,1.0,3,gmd_04_extreme_bpm170,170.0,sim_tau
39,14.630287170410156,14.625287055969238,-5.000114440917969,17.530372619628906,True,1.0,1.0,3,gmd_04_extreme_bpm170,170.0,sim_tau
40,14.89029312133789,14.910293579101562,20.000457763671875,28.647220611572266,True,1.0,1.0,3,gmd_04_extreme_bpm170,170.0,sim_tau
41,15.150299072265623,15.170299530029297,20.00045776367365,86.66515350341797,True,1.0,1.0,3,gmd_04_extreme_bpm170,170.0,sim_tau
42,15.350303649902344,15.355303764343262,5.000114440917969,13.121780395507812,True,1.0,1.0,3,gmd_04_extreme_bpm170,170.0,sim_tau
43,15.85031509399414,15.840314865112305,-10.000228881835938,24.80272674560547,True,1.0,1.0,3,gmd_04_extreme_bpm170,170.0,sim_tau
0,1.509998798370361,1.5149987936019895,4.999995231628418,2.911728620529175,True,2.0,0.5,3,double_160bpm,160.0,sim_tau
1,1.6099987030029297,1.6099987030029297,0.0,43.22294998168945,True,2.0,0.5,3,double_160bpm,160.0,sim_tau
2,1.889998435974121,1.8799984455108645,-9.999990463256614,20.871627807617188,True,2.0,0.5,3,double_160bpm,160.0,sim_tau
3,1.969998359680176,1.969998359680176,0.0,1393.505615234375,True,2.0,0.5,3,double_160bpm,160.0,sim_tau
4,2.2500040531158447,2.2450039386749268,-5.000114440917969,13.972126007080078,True,2.0,0.5,3,double_160bpm,160.0,sim_tau
5,2.350006341934204,2.350006341934204,0.0,5.325074195861816,True,2.0,0.5,3,double_160bpm,160.0,sim_tau
6,2.6300127506256104,2.6300127506256104,0.0,26.80239486694336,True,2.0,0.5,3,double_160bpm,160.0,sim_tau
7,2.7300150394439697,2.735015153884888,5.000114440918413,1.3482615947723389,True,2.0,0.5,3,double_160bpm,160.0,sim_tau
8,3.010021448135376,3.005021333694458,-5.000114440917969,3.350069999694824,True,2.0,0.5,3,double_160bpm,160.0,sim_tau
9,3.110023736953736,3.110023736953736,0.0,2.566457748413086,True,2.0,0.5,3,double_160bpm,160.0,sim_tau
10,3.3900301456451416,3.400030374526977,10.000228881835493,13.627281188964844,True,2.0,0.5,3,double_160bpm,160.0,sim_tau
11,3.470031976699829,3.460031747817993,-10.000228881835938,26.662071228027344,True,2.0,0.5,3,double_160bpm,160.0,sim_tau
12,3.7700388431549072,3.765038728713989,-5.000114440918413,8.713579177856445,True,2.0,0.5,3,double_160bpm,160.0,sim_tau
13,3.8500406742095943,3.860040903091431,10.000228881836826,13.74405288696289,True,2.0,0.5,3,double_160bpm,160.0,sim_tau
14,4.130046844482422,4.125046730041504,-5.000114440917969,18.131370544433597,True,2.0,0.5,3,double_160bpm,160.0,sim_tau
15,4.230049133300781,4.230049133300781,0.0,4.117004871368408,True,2.0,0.5,3,double_160bpm,160.0,sim_tau
16,4.510055541992188,4.500055313110352,-10.000228881836826,6.592559337615967,True,2.0,0.5,3,double_160bpm,160.0,sim_tau
17,4.610057830810547,4.605057716369629,-5.000114440917969,8.875746726989746,True,2.0,0.5,3,double_160bpm,160.0,sim_tau
18,4.890064239501953,4.870063781738281,-20.000457763671875,17.25491714477539,True,2.0,0.5,3,double_160bpm,160.0,sim_tau
19,4.970066070556641,4.960065841674805,-10.000228881835938,14.207307815551758,True,2.0,0.5,3,double_160bpm,160.0,sim_tau
20,5.250072479248047,5.245072364807129,-5.000114440917969,16.395925521850586,True,2.0,0.5,3,double_160bpm,160.0,sim_tau
21,5.350074768066406,5.335074424743652,-15.000343322753906,10.608577728271484,True,2.0,0.5,3,double_160bpm,160.0,sim_tau
22,5.6300811767578125,5.645081520080566,15.000343322753906,27.63385391235352,True,2.0,0.5,3,double_160bpm,160.0,sim_tau
23,5.730083465576172,5.730083465576172,0.0,18.04596328735352,True,2.0,0.5,3,double_160bpm,160.0,sim_tau
24,1.509998798370361,1.494998812675476,-14.999985694885032,1.4816036224365234,True,2.0,0.5,3,double_160bpm,160.0,sim_tau
25,1.6099987030029297,1.6049987077713013,-4.999995231628418,12.221240997314451,True,2.0,0.5,3,double_160bpm,160.0,sim_tau
26,1.889998435974121,1.874998450279236,-14.999985694885032,48.456520080566406,True,2.0,0.5,3,double_160bpm,160.0,sim_tau
27,1.969998359680176,1.9649983644485476,-4.999995231628418,13.708734512329102,True,2.0,0.5,3,double_160bpm,160.0,sim_tau
28,2.2500040531158447,2.2450039386749268,-5.000114440917969,12.18537425994873,True,2.0,0.5,3,double_160bpm,160.0,sim_tau
29,2.350006341934204,2.340006113052368,-10.000228881835938,7.238387107849121,True,2.0,0.5,3,double_160bpm,160.0,sim_tau
30,2.6300127506256104,2.6300127506256104,0.0,19.840486526489254,True,2.0,0.5,3,double_160bpm,160.0,sim_tau
31,2.7300150394439697,2.715014696121216,-15.000343322753906,19.166934967041016,True,2.0,0.5,3,double_160bpm,160.0,sim_tau
32,3.010021448135376,3.005021333694458,-5.000114440917969,3.3435463905334477,True,2.0,0.5,3,double_160bpm,160.0,sim_tau
33,3.110023736953736,3.1150238513946533,5.000114440917525,6.94708251953125,True,2.0,0.5,3,double_160bpm,160.0,sim_tau
34,3.3900301456451416,3.3800299167633057,-10.000228881835938,13.88711643218994,True,2.0,0.5,3,double_160bpm,160.0,sim_tau
35,3.470031976699829,3.480032205581665,10.000228881835938,14.677495956420898,True,2.0,0.5,3,double_160bpm,160.0,sim_tau
36,3.7700388431549072,3.790039300918579,20.000457763671875,13.737239837646484,True,2.0,0.5,3,double_160bpm,160.0,sim_tau
37,3.8500406742095943,3.825040102005005,-25.0005722045894,25.869552612304688,True,2.0,0.5,3,double_160bpm,160.0,sim_tau
38,4.130046844482422,4.125046730041504,-5.000114440917969,16.14314079284668,True,2.0,0.5,3,double_160bpm,160.0,sim_tau
39,4.230049133300781,4.230049133300781,0.0,2.1937520503997803,True,2.0,0.5,3,double_160bpm,160.0,sim_tau
40,4.510055541992188,4.495055198669434,-15.000343322754794,4.387033462524414,True,2.0,0.5,3,double_160bpm,160.0,sim_tau
41,4.610057830810547,4.600057601928711,-10.000228881835938,8.110337257385254,True,2.0,0.5,3,double_160bpm,160.0,sim_tau
42,4.890064239501953,4.870063781738281,-20.000457763671875,18.292400360107425,True,2.0,0.5,3,double_160bpm,160.0,sim_tau
43,4.970066070556641,4.9850664138793945,15.000343322753906,14.453323364257812,True,2.0,0.5,3,double_160bpm,160.0,sim_tau
44,5.250072479248047,5.245072364807129,-5.000114440917969,18.420412063598636,True,2.0,0.5,3,double_160bpm,160.0,sim_tau
45,5.350074768066406,5.335074424743652,-15.000343322753906,10.510102272033691,True,2.0,0.5,3,double_160bpm,160.0,sim_tau
46,5.6300811767578125,5.645081520080566,15.000343322753906,23.639707565307617,True,2.0,0.5,3,double_160bpm,160.0,sim_tau
47,5.730083465576172,5.730083465576172,0.0,4.743053436279297,True,2.0,0.5,3,double_160bpm,160.0,sim_tau
48,1.509998798370361,1.5249987840652466,14.999985694885476,177.43812561035156,True,2.0,0.5,3,double_160bpm,160.0,sim_tau
49,1.6099987030029297,1.5849987268447876,-24.99997615814209,13.987921714782717,True,2.0,0.5,3,double_160bpm,160.0,sim_tau
50,1.889998435974121,1.92499840259552,34.999966621398926,14.775355339050291,False,2.0,0.5,3,double_160bpm,160.0,sim_tau
51,1.969998359680176,1.9349983930587769,-34.999966621399146,13.174715995788574,False,2.0,0.5,3,double_160bpm,160.0,sim_tau
52,2.2500040531158447,2.2450039386749268,-5.000114440917969,17.968957901000977,True,2.0,0.5,3,double_160bpm,160.0,sim_tau
53,2.350006341934204,2.33500599861145,-15.000343322753906,10.4708890914917,True,2.0,0.5,3,double_160bpm,160.0,sim_tau
54,2.6300127506256104,2.6300127506256104,0.0,25.386478424072266,True,2.0,0.5,3,double_160bpm,160.0,sim_tau
55,2.7300150394439697,2.710014581680298,-20.000457763671875,11.15876007080078,True,2.0,0.5,3,double_160bpm,160.0,sim_tau
56,3.010021448135376,3.00002121925354,-10.000228881835938,3.329830884933472,True,2.0,0.5,3,double_160bpm,160.0,sim_tau
57,3.110023736953736,3.070022821426392,-40.00091552734375,13.801629066467283,False,2.0,0.5,3,double_160bpm,160.0,sim_tau
58,3.3900301456451416,3.3700296878814697,-20.000457763671875,17.72797203063965,True,2.0,0.5,3,double_160bpm,160.0,sim_tau
59,3.470031976699829,3.4400312900543213,-30.000686645507812,13.427179336547852,False,2.0,0.5,3,double_160bpm,160.0,sim_tau
60,3.7700388431549072,3.7350380420684814,-35.00080108642578,53.01014709472656,False,2.0,0.5,3,double_160bpm,160.0,sim_tau
61,3.8500406742095943,3.810039758682251,-40.00091552734331,13.039480209350586,False,2.0,0.5,3,double_160bpm,160.0,sim_tau
62,4.130046844482422,4.125046730041504,-5.000114440917969,23.94141387939453,True,2.0,0.5,3,double_160bpm,160.0,sim_tau
63,4.230049133300781,4.230049133300781,0.0,5.12775468826294,True,2.0,0.5,3,double_160bpm,160.0,sim_tau
64,4.510055541992188,4.495055198669434,-15.000343322754794,4.3548784255981445,True,2.0,0.5,3,double_160bpm,160.0,sim_tau
65,4.610057830810547,4.585057258605957,-25.000572204589844,14.213228225708008,True,2.0,0.5,3,double_160bpm,160.0,sim_tau
66,4.890064239501953,4.860063552856445,-30.000686645507812,64.83221435546875,False,2.0,0.5,3,double_160bpm,160.0,sim_tau
67,4.970066070556641,4.930065155029297,-40.00091552734375,13.097326278686523,False,2.0,0.5,3,double_160bpm,160.0,sim_tau
68,5.250072479248047,5.245072364807129,-5.000114440917969,18.805620193481445,True,2.0,0.5,3,double_160bpm,160.0,sim_tau
69,5.350074768066406,5.335074424743652,-15.000343322753906,10.494373321533203,True,2.0,0.5,3,double_160bpm,160.0,sim_tau
70,5.6300811767578125,5.650081634521484,20.000457763671875,77.46858215332031,True,2.0,0.5,3,double_160bpm,160.0,sim_tau
71,5.730083465576172,5.725083351135254,-5.000114440917969,7.587274074554443,True,2.0,0.5,3,double_160bpm,160.0,sim_tau
0,0.4299997389316559,0.4149997532367706,-14.999985694885309,88.53022766113281,True,2.0,0.5,3,gmd_03_high_bpm138,138.0,sim_tau
1,0.749999463558197,0.7349994778633118,-14.999985694885254,3.91500473022461,True,2.0,0.5,3,gmd_03_high_bpm138,138.0,sim_tau
2,0.9699992537498474,0.964999258518219,-4.999995231628418,7.504347324371338,True,2.0,0.5,3,gmd_03_high_bpm138,138.0,sim_tau
3,1.6299986839294434,1.5999987125396729,-29.999971389770508,4.87876558303833,True,2.0,0.5,3,gmd_03_high_bpm138,138.0,sim_tau
4,2.170002222061157,2.180002450942993,10.000228881836382,2.0054516792297363,True,2.0,0.5,3,gmd_03_high_bpm138,138.0,sim_tau
5,2.510010004043579,2.520010232925415,10.000228881835938,1.5009076595306396,True,2.0,0.5,3,gmd_03_high_bpm138,138.0,sim_tau
6,2.710014581680298,2.690014123916626,-20.000457763671875,3.645918369293213,True,2.0,0.5,3,gmd_03_high_bpm138,138.0,sim_tau
7,3.030021905899048,3.015021562576294,-15.000343322753906,8.76559066772461,True,2.0,0.5,3,gmd_03_high_bpm138,138.0,sim_tau
8,3.3700296878814697,,,0.0,False,2.0,0.5,3,gmd_03_high_bpm138,138.0,sim_tau
9,3.490032434463501,3.485032320022583,-5.000114440917969,1.061492919921875,True,2.0,0.5,3,gmd_03_high_bpm138,138.0,sim_tau
10,4.230049133300781,4.210048675537109,-20.000457763671875,62.793582916259766,True,2.0,0.5,3,gmd_03_high_bpm138,138.0,sim_tau
11,4.450054168701172,4.435053825378418,-15.000343322753906,8.83318042755127,True,2.0,0.5,3,gmd_03_high_bpm138,138.0,sim_tau
12,4.9900665283203125,4.965065956115723,-25.000572204589844,1.6683465242385864,True,2.0,0.5,3,gmd_03_high_bpm138,138.0,sim_tau
13,5.290073394775391,5.3050737380981445,15.000343322753906,13.67577838897705,True,2.0,0.5,3,gmd_03_high_bpm138,138.0,sim_tau
14,5.6300811767578125,5.620080947875977,-10.000228881835938,9.07585334777832,True,2.0,0.5,3,gmd_03_high_bpm138,138.0,sim_tau
15,5.930088043212891,5.920087814331055,-10.000228881835938,2.1499903202056885,True,2.0,0.5,3,gmd_03_high_bpm138,138.0,sim_tau
16,6.170093536376953,6.140092849731445,-30.000686645507812,12.304369926452637,False,2.0,0.5,3,gmd_03_high_bpm138,138.0,sim_tau
17,6.710105895996094,6.675105094909668,-35.00080108642578,9.077627182006836,False,2.0,0.5,3,gmd_03_high_bpm138,138.0,sim_tau
18,7.010112762451172,6.960111618041992,-50.00114440917969,6.442294120788574,False,2.0,0.5,3,gmd_03_high_bpm138,138.0,sim_tau
19,7.370121002197266,7.375121116638184,5.000114440917969,2.735015392303467,True,2.0,0.5,3,gmd_03_high_bpm138,138.0,sim_tau
20,7.710128784179687,7.710128784179687,0.0,2.713770627975464,True,2.0,0.5,3,gmd_03_high_bpm138,138.0,sim_tau
21,7.95013427734375,7.940134048461914,-10.000228881835938,8.949416160583496,True,2.0,0.5,3,gmd_03_high_bpm138,138.0,sim_tau
22,8.230140686035156,8.215140342712402,-15.000343322753906,6.509462356567383,True,2.0,0.5,3,gmd_03_high_bpm138,138.0,sim_tau
23,8.570148468017578,8.545147895812988,-25.000572204589844,17.049253463745117,True,2.0,0.5,3,gmd_03_high_bpm138,138.0,sim_tau
24,8.670150756835938,,,0.0,False,2.0,0.5,3,gmd_03_high_bpm138,138.0,sim_tau
25,9.13016128540039,9.115160942077637,-15.000343322753906,5.621173858642578,True,2.0,0.5,3,gmd_03_high_bpm138,138.0,sim_tau
26,9.45016860961914,9.45516872406006,5.000114440919745,21.215503692626957,True,2.0,0.5,3,gmd_03_high_bpm138,138.0,sim_tau
27,9.690174102783203,9.660173416137695,-30.000686645507812,2.260359287261963,False,2.0,0.5,3,gmd_03_high_bpm138,138.0,sim_tau
28,10.010181427001951,9.975180625915527,-35.000801086424005,6.612048149108887,False,2.0,0.5,3,gmd_03_high_bpm138,138.0,sim_tau
29,10.330188751220703,10.330188751220703,0.0,9.346821784973145,True,2.0,0.5,3,gmd_03_high_bpm138,138.0,sim_tau
30,10.890201568603516,10.890201568603516,0.0,9.17620849609375,True,2.0,0.5,3,gmd_03_high_bpm138,138.0,sim_tau
31,11.210208892822266,11.185208320617676,-25.000572204589844,9.519371032714844,True,2.0,0.5,3,gmd_03_high_bpm138,138.0,sim_tau
32,11.430213928222656,11.405213356018066,-25.000572204589844,23.180213928222656,True,2.0,0.5,3,gmd_03_high_bpm138,138.0,sim_tau
33,11.970226287841797,11.940225601196287,-30.00068664550959,7.485922813415527,False,2.0,0.5,3,gmd_03_high_bpm138,138.0,sim_tau
34,12.270233154296877,12.265233039855955,-5.0001144409215215,19.375015258789062,True,2.0,0.5,3,gmd_03_high_bpm138,138.0,sim_tau
35,12.610240936279297,12.585240364074709,-25.000572204588067,11.259359359741213,True,2.0,0.5,3,gmd_03_high_bpm138,138.0,sim_tau
36,12.910247802734377,12.87524700164795,-35.00080108642756,1.915975570678711,False,2.0,0.5,3,gmd_03_high_bpm138,138.0,sim_tau
37,13.670265197753906,13.650264739990234,-20.000457763671875,9.123936653137209,True,2.0,0.5,3,gmd_03_high_bpm138,138.0,sim_tau
38,13.950271606445312,13.960271835327148,10.000228881835938,7.745575904846191,True,2.0,0.5,3,gmd_03_high_bpm138,138.0,sim_tau
39,14.330280303955078,14.335280418395996,5.000114440917969,23.65275382995605,True,2.0,0.5,3,gmd_03_high_bpm138,138.0,sim_tau
40,14.650287628173828,14.660287857055664,10.000228881835938,1.9812021255493164,True,2.0,0.5,3,gmd_03_high_bpm138,138.0,sim_tau
41,14.89029312133789,14.905293464660645,15.000343322753906,2.232785701751709,True,2.0,0.5,3,gmd_03_high_bpm138,138.0,sim_tau
42,15.21030044555664,15.200300216674805,-10.000228881835938,12.480557441711426,True,2.0,0.5,3,gmd_03_high_bpm138,138.0,sim_tau
43,15.53030776977539,15.545308113098145,15.000343322753906,18.602025985717773,True,2.0,0.5,3,gmd_03_high_bpm138,138.0,sim_tau
44,15.610309600830078,15.500307083129885,-110.00251770019354,2.2862253189086914,False,2.0,0.5,3,gmd_03_high_bpm138,138.0,sim_tau
0,1.349998950958252,1.32499897480011,-24.99997615814187,2.0693979263305664,True,2.0,0.5,3,gmd_04_extreme_bpm170,170.0,sim_tau
1,1.7499985694885254,1.73499858379364,-14.999985694885476,6.569164752960205,True,2.0,0.5,3,gmd_04_extreme_bpm170,170.0,sim_tau
2,2.3100054264068604,2.3150055408477783,5.000114440917969,1.4402194023132324,True,2.0,0.5,3,gmd_04_extreme_bpm170,170.0,sim_tau
3,2.7300150394439697,2.7400152683258057,10.000228881835938,1.3326200246810913,True,2.0,0.5,3,gmd_04_extreme_bpm170,170.0,sim_tau
4,3.190025568008423,3.190025568008423,0.0,6.221257209777832,True,2.0,0.5,3,gmd_04_extreme_bpm170,170.0,sim_tau
5,3.730037927627564,3.7350380420684814,5.000114440917525,1.8487333059310915,True,2.0,0.5,3,gmd_04_extreme_bpm170,170.0,sim_tau
6,4.11004638671875,4.11004638671875,0.0,1.2937710285186768,True,2.0,0.5,3,gmd_04_extreme_bpm170,170.0,sim_tau
7,4.610057830810547,4.590057373046875,-20.000457763671875,8.133703231811523,True,2.0,0.5,3,gmd_04_extreme_bpm170,170.0,sim_tau
8,4.870063781738281,4.880064010620117,10.000228881835938,1.95949387550354,True,2.0,0.5,3,gmd_04_extreme_bpm170,170.0,sim_tau
9,5.130069732666016,,,0.0,False,2.0,0.5,3,gmd_04_extreme_bpm170,170.0,sim_tau
10,5.990089416503906,5.970088958740234,-20.000457763671875,1.4703350067138672,True,2.0,0.5,3,gmd_04_extreme_bpm170,170.0,sim_tau
11,6.35009765625,6.360097885131836,10.000228881835938,3.9473519325256343,True,2.0,0.5,3,gmd_04_extreme_bpm170,170.0,sim_tau
12,6.530101776123047,6.520101547241211,-10.000228881835938,2.09609317779541,True,2.0,0.5,3,gmd_04_extreme_bpm170,170.0,sim_tau
13,6.710105895996094,6.725106239318848,15.000343322753906,8.343180656433105,True,2.0,0.5,3,gmd_04_extreme_bpm170,170.0,sim_tau
14,6.950111389160156,6.925110816955566,-25.000572204589844,2.099719524383545,True,2.0,0.5,3,gmd_04_extreme_bpm170,170.0,sim_tau
15,7.410121917724609,7.415122032165527,5.000114440917969,1.8260031938552856,True,2.0,0.5,3,gmd_04_extreme_bpm170,170.0,sim_tau
16,7.750129699707031,7.740129470825195,-10.000228881835938,1.0322998762130735,True,2.0,0.5,3,gmd_04_extreme_bpm170,170.0,sim_tau
17,8.010135650634766,8.030136108398438,20.000457763671875,12.07005500793457,True,2.0,0.5,3,gmd_04_extreme_bpm170,170.0,sim_tau
18,8.090137481689453,7.985135078430176,-105.00240325927734,2.604020118713379,False,2.0,0.5,3,gmd_04_extreme_bpm170,170.0,sim_tau
19,8.530147552490234,8.520147323608398,-10.000228881835938,11.343703269958496,True,2.0,0.5,3,gmd_04_extreme_bpm170,170.0,sim_tau
20,8.970157623291016,8.965157508850098,-5.000114440917969,1.2010934352874756,True,2.0,0.5,3,gmd_04_extreme_bpm170,170.0,sim_tau
21,9.23016357421875,9.240163803100586,10.000228881835938,19.612443923950195,True,2.0,0.5,3,gmd_04_extreme_bpm170,170.0,sim_tau
22,9.490169525146484,9.485169410705566,-5.000114440917969,2.864358901977539,True,2.0,0.5,3,gmd_04_extreme_bpm170,170.0,sim_tau
23,9.690174102783203,,,0.0,False,2.0,0.5,3,gmd_04_extreme_bpm170,170.0,sim_tau
24,10.230186462402344,10.210186004638672,-20.000457763671875,48.75755310058594,True,2.0,0.5,3,gmd_04_extreme_bpm170,170.0,sim_tau
25,10.570194244384766,10.56019401550293,-10.000228881835938,2.253256320953369,True,2.0,0.5,3,gmd_04_extreme_bpm170,170.0,sim_tau
26,10.8302001953125,10.815199851989746,-15.000343322753906,2.294921398162842,True,2.0,0.5,3,gmd_04_extreme_bpm170,170.0,sim_tau
27,10.93020248413086,10.850200653076172,-80.0018310546875,2.8375635147094727,False,2.0,0.5,3,gmd_04_extreme_bpm170,170.0,sim_tau
28,11.390213012695312,11.360212326049805,-30.000686645507812,1.436060905456543,False,2.0,0.5,3,gmd_04_extreme_bpm170,170.0,sim_tau
29,11.850223541259766,11.860223770141602,10.000228881835938,1.1048507690429688,True,2.0,0.5,3,gmd_04_extreme_bpm170,170.0,sim_tau
30,12.090229034423828,12.090229034423828,0.0,1.9818015098571775,True,2.0,0.5,3,gmd_04_extreme_bpm170,170.0,sim_tau
31,12.350234985351562,12.365235328674316,15.000343322753906,2.520457983016968,True,2.0,0.5,3,gmd_04_extreme_bpm170,170.0,sim_tau
32,12.55023956298828,12.540239334106444,-10.000228881835938,1.9076435565948489,True,2.0,0.5,3,gmd_04_extreme_bpm170,170.0,sim_tau
33,12.65024185180664,12.630241394042969,-20.000457763671875,6.9344987869262695,True,2.0,0.5,3,gmd_04_extreme_bpm170,170.0,sim_tau
34,13.07025146484375,13.085251808166504,15.000343322753906,1.676276922225952,True,2.0,0.5,3,gmd_04_extreme_bpm170,170.0,sim_tau
35,13.3902587890625,13.380258560180664,-10.000228881835938,3.808617115020752,True,2.0,0.5,3,gmd_04_extreme_bpm170,170.0,sim_tau
36,13.670265197753906,13.665265083312988,-5.000114440917969,3.687748908996582,True,2.0,0.5,3,gmd_04_extreme_bpm170,170.0,sim_tau
37,13.770267486572266,13.740266799926758,-30.000686645507812,10.68291473388672,False,2.0,0.5,3,gmd_04_extreme_bpm170,170.0,sim_tau
38,14.210277557373049,14.220277786254885,10.000228881835938,1.2049858570098877,True,2.0,0.5,3,gmd_04_extreme_bpm170,170.0,sim_tau
39,14.630287170410156,14.640287399291992,10.000228881835938,11.452609062194824,True,2.0,0.5,3,gmd_04_extreme_bpm170,170.0,sim_tau
40,14.89029312133789,14.895293235778809,5.000114440917969,2.302806854248047,True,2.0,0.5,3,gmd_04_extreme_bpm170,170.0,sim_tau
41,15.150299072265623,15.150299072265623,0.0,12.802312850952148,True,2.0,0.5,3,gmd_04_extreme_bpm170,170.0,sim_tau
42,15.350303649902344,15.345303535461426,-5.000114440917969,1.0602447986602783,True,2.0,0.5,3,gmd_04_extreme_bpm170,170.0,sim_tau
43,15.85031509399414,15.870315551757812,20.000457763671875,31.36023330688477,True,2.0,0.5,3,gmd_04_extreme_bpm170,170.0,sim_tau
0,1.509998798370361,1.509998798370361,0.0,17.42734146118164,True,2.0,1.0,3,double_160bpm,160.0,sim_tau
1,1.6099987030029297,1.6099987030029297,0.0,25.518978118896484,True,2.0,1.0,3,double_160bpm,160.0,sim_tau
2,1.889998435974121,1.889998435974121,0.0,31.80929183959961,True,2.0,1.0,3,double_160bpm,160.0,sim_tau
3,1.969998359680176,1.969998359680176,0.0,11.993738174438477,True,2.0,1.0,3,double_160bpm,160.0,sim_tau
4,2.2500040531158447,2.2500040531158447,0.0,18.63834381103516,True,2.0,1.0,3,double_160bpm,160.0,sim_tau
5,2.350006341934204,2.350006341934204,0.0,11.627725601196287,True,2.0,1.0,3,double_160bpm,160.0,sim_tau
6,2.6300127506256104,2.6300127506256104,0.0,7.673830032348633,True,2.0,1.0,3,double_160bpm,160.0,sim_tau
7,2.7300150394439697,2.745015382766724,15.00034332275435,22.746734619140625,True,2.0,1.0,3,double_160bpm,160.0,sim_tau
8,3.010021448135376,3.010021448135376,0.0,11.858455657958984,True,2.0,1.0,3,double_160bpm,160.0,sim_tau
9,3.110023736953736,3.1250240802764893,15.000343322753462,22.22410774230957,True,2.0,1.0,3,double_160bpm,160.0,sim_tau
10,3.3900301456451416,3.3900301456451416,0.0,7.169339179992676,True,2.0,1.0,3,double_160bpm,160.0,sim_tau
11,3.470031976699829,3.470031976699829,0.0,13.10940933227539,True,2.0,1.0,3,double_160bpm,160.0,sim_tau
12,3.7700388431549072,3.7700388431549072,0.0,14.666522026062012,True,2.0,1.0,3,double_160bpm,160.0,sim_tau
13,3.8500406742095943,3.8500406742095943,0.0,13.43554973602295,True,2.0,1.0,3,double_160bpm,160.0,sim_tau
14,4.130046844482422,4.130046844482422,0.0,17.936283111572266,True,2.0,1.0,3,double_160bpm,160.0,sim_tau
15,4.230049133300781,4.240049362182617,10.000228881835938,12.139768600463867,True,2.0,1.0,3,double_160bpm,160.0,sim_tau
16,4.510055541992188,4.5050554275512695,-5.000114440918857,6.788031578063965,True,2.0,1.0,3,double_160bpm,160.0,sim_tau
17,4.610057830810547,4.610057830810547,0.0,26.33846664428711,True,2.0,1.0,3,double_160bpm,160.0,sim_tau
18,4.890064239501953,4.895064353942871,5.000114440917969,7.466689109802246,True,2.0,1.0,3,double_160bpm,160.0,sim_tau
19,4.970066070556641,4.9850664138793945,15.000343322753906,12.120342254638672,True,2.0,1.0,3,double_160bpm,160.0,sim_tau
20,5.250072479248047,5.250072479248047,0.0,2.886663913726806,True,2.0,1.0,3,double_160bpm,160.0,sim_tau
21,5.350074768066406,5.350074768066406,0.0,10.720755577087402,True,2.0,1.0,3,double_160bpm,160.0,sim_tau
22,5.6300811767578125,5.6300811767578125,0.0,15.75428295135498,True,2.0,1.0,3,double_160bpm,160.0,sim_tau
23,5.730083465576172,5.720083236694336,-10.000228881835938,15.639907836914062,True,2.0,1.0,3,double_160bpm,160.0,sim_tau
24,1.509998798370361,1.509998798370361,0.0,4.228299617767334,True,2.0,1.0,3,double_160bpm,160.0,sim_tau
25,1.6099987030029297,1.6099987030029297,0.0,23.51473045349121,True,2.0,1.0,3,double_160bpm,160.0,sim_tau
26,1.889998435974121,1.889998435974121,0.0,32.06787109375,True,2.0,1.0,3,double_160bpm,160.0,sim_tau
27,1.969998359680176,1.984998345375061,14.999985694885032,22.91910552978516,True,2.0,1.0,3,double_160bpm,160.0,sim_tau
28,2.2500040531158447,2.2550041675567627,5.000114440917969,9.995929718017578,True,2.0,1.0,3,double_160bpm,160.0,sim_tau
29,2.350006341934204,2.365006685256958,15.000343322753906,13.427024841308594,True,2.0,1.0,3,double_160bpm,160.0,sim_tau
30,2.6300127506256104,2.6300127506256104,0.0,6.695850372314453,True,2.0,1.0,3,double_160bpm,160.0,sim_tau
31,2.7300150394439697,2.685014009475708,-45.00102996826172,15.519679069519045,False,2.0,1.0,3,double_160bpm,160.0,sim_tau
32,3.010021448135376,3.010021448135376,0.0,6.908270359039307,True,2.0,1.0,3,double_160bpm,160.0,sim_tau
33,3.110023736953736,3.1300241947174072,20.00045776367143,20.794574737548828,True,2.0,1.0,3,double_160bpm,160.0,sim_tau
34,3.3900301456451416,3.3900301456451416,0.0,7.126750946044922,True,2.0,1.0,3,double_160bpm,160.0,sim_tau
35,3.470031976699829,3.450031518936157,-20.00045776367232,15.522734642028809,True,2.0,1.0,3,double_160bpm,160.0,sim_tau
36,3.7700388431549072,3.730037927627564,-40.00091552734331,15.778258323669434,False,2.0,1.0,3,double_160bpm,160.0,sim_tau
37,3.8500406742095943,3.840040445327759,-10.000228881835493,15.362224578857422,True,2.0,1.0,3,double_160bpm,160.0,sim_tau
38,4.130046844482422,4.130046844482422,0.0,14.429067611694336,True,2.0,1.0,3,double_160bpm,160.0,sim_tau
39,4.230049133300781,4.18504810333252,-45.00102996826083,15.442756652832031,False,2.0,1.0,3,double_160bpm,160.0,sim_tau
40,4.510055541992188,4.5050554275512695,-5.000114440918857,4.394919395446777,True,2.0,1.0,3,double_160bpm,160.0,sim_tau
41,4.610057830810547,4.610057830810547,0.0,26.14372444152832,True,2.0,1.0,3,double_160bpm,160.0,sim_tau
42,4.890064239501953,4.895064353942871,5.000114440917969,7.140087604522705,True,2.0,1.0,3,double_160bpm,160.0,sim_tau
43,4.970066070556641,4.945065498352051,-25.000572204589844,16.924762725830078,True,2.0,1.0,3,double_160bpm,160.0,sim_tau
44,5.250072479248047,5.250072479248047,0.0,3.041625499725342,True,2.0,1.0,3,double_160bpm,160.0,sim_tau
45,5.350074768066406,5.350074768066406,0.0,10.738994598388672,True,2.0,1.0,3,double_160bpm,160.0,sim_tau
46,5.6300811767578125,5.6300811767578125,0.0,14.617655754089355,True,2.0,1.0,3,double_160bpm,160.0,sim_tau
47,5.730083465576172,5.720083236694336,-10.000228881835938,16.213558197021484,True,2.0,1.0,3,double_160bpm,160.0,sim_tau
48,1.509998798370361,1.4749988317489624,-34.999966621398706,15.374333381652832,False,2.0,1.0,3,double_160bpm,160.0,sim_tau
49,1.6099987030029297,1.6049987077713013,-4.999995231628418,26.287494659423828,True,2.0,1.0,3,double_160bpm,160.0,sim_tau
50,1.889998435974121,1.884998440742493,-4.999995231628196,8.12000560760498,True,2.0,1.0,3,double_160bpm,160.0,sim_tau
51,1.969998359680176,1.9549983739852903,-14.999985694885698,23.31975746154785,True,2.0,1.0,3,double_160bpm,160.0,sim_tau
52,2.2500040531158447,2.2550041675567627,5.000114440917969,22.50018119812012,True,2.0,1.0,3,double_160bpm,160.0,sim_tau
53,2.350006341934204,2.365006685256958,15.000343322753906,20.846176147460938,True,2.0,1.0,3,double_160bpm,160.0,sim_tau
54,2.6300127506256104,2.6250126361846924,-5.000114440917969,6.107163906097412,True,2.0,1.0,3,double_160bpm,160.0,sim_tau
55,2.7300150394439697,2.685014009475708,-45.00102996826172,15.015060424804688,False,2.0,1.0,3,double_160bpm,160.0,sim_tau
56,3.010021448135376,3.00002121925354,-10.000228881835938,7.601256370544434,True,2.0,1.0,3,double_160bpm,160.0,sim_tau
57,3.110023736953736,3.1300241947174072,20.00045776367143,21.358003616333008,True,2.0,1.0,3,double_160bpm,160.0,sim_tau
58,3.3900301456451416,3.350029230117798,-40.00091552734375,15.515373229980469,False,2.0,1.0,3,double_160bpm,160.0,sim_tau
59,3.470031976699829,3.4350311756134038,-35.00080108642534,27.908632278442383,False,2.0,1.0,3,double_160bpm,160.0,sim_tau
60,3.7700388431549072,3.730037927627564,-40.00091552734331,15.687700271606444,False,2.0,1.0,3,double_160bpm,160.0,sim_tau
61,3.8500406742095943,3.840040445327759,-10.000228881835493,15.361799240112305,True,2.0,1.0,3,double_160bpm,160.0,sim_tau
62,4.130046844482422,4.130046844482422,0.0,16.58641815185547,True,2.0,1.0,3,double_160bpm,160.0,sim_tau
63,4.230049133300781,4.18504810333252,-45.00102996826083,15.058786392211914,False,2.0,1.0,3,double_160bpm,160.0,sim_tau
64,4.510055541992188,4.5050554275512695,-5.000114440918857,6.784440994262695,True,2.0,1.0,3,double_160bpm,160.0,sim_tau
65,4.610057830810547,4.610057830810547,0.0,26.323041915893555,True,2.0,1.0,3,double_160bpm,160.0,sim_tau
66,4.890064239501953,4.855063438415527,-35.00080108642578,22.62949562072754,False,2.0,1.0,3,double_160bpm,160.0,sim_tau
67,4.970066070556641,4.935065269470215,-35.00080108642578,15.972541809082031,False,2.0,1.0,3,double_160bpm,160.0,sim_tau
68,5.250072479248047,5.235072135925293,-15.000343322753906,6.982900619506836,True,2.0,1.0,3,double_160bpm,160.0,sim_tau
69,5.350074768066406,5.36507511138916,15.000343322753906,10.468542098999023,True,2.0,1.0,3,double_160bpm,160.0,sim_tau
70,5.6300811767578125,,,0.0,False,2.0,1.0,3,double_160bpm,160.0,sim_tau
71,5.730083465576172,5.7100830078125,-20.000457763671875,19.28214263916016,True,2.0,1.0,3,double_160bpm,160.0,sim_tau
0,0.4299997389316559,0.4299997389316559,0.0,46.45523834228516,True,2.0,1.0,3,gmd_03_high_bpm138,138.0,sim_tau
1,0.749999463558197,0.7599994540214539,9.999990463256836,6.620351791381836,True,2.0,1.0,3,gmd_03_high_bpm138,138.0,sim_tau
2,0.9699992537498474,,,0.0,False,2.0,1.0,3,gmd_03_high_bpm138,138.0,sim_tau
3,1.6299986839294434,1.6299986839294434,0.0,12.226492881774902,True,2.0,1.0,3,gmd_03_high_bpm138,138.0,sim_tau
4,2.170002222061157,,,0.0,False,2.0,1.0,3,gmd_03_high_bpm138,138.0,sim_tau
5,2.510010004043579,2.505009889602661,-5.000114440917969,8.061473846435547,True,2.0,1.0,3,gmd_03_high_bpm138,138.0,sim_tau
6,2.710014581680298,2.725014925003052,15.00034332275435,15.177330017089844,True,2.0,1.0,3,gmd_03_high_bpm138,138.0,sim_tau
7,3.030021905899048,,,0.0,False,2.0,1.0,3,gmd_03_high_bpm138,138.0,sim_tau
8,3.3700296878814697,3.3700296878814697,0.0,8.739182472229004,True,2.0,1.0,3,gmd_03_high_bpm138,138.0,sim_tau
9,3.490032434463501,3.460031747817993,-30.000686645507812,8.704479217529297,False,2.0,1.0,3,gmd_03_high_bpm138,138.0,sim_tau
10,4.230049133300781,4.250049591064453,20.000457763671875,10.280454635620115,True,2.0,1.0,3,gmd_03_high_bpm138,138.0,sim_tau
11,4.450054168701172,4.45505428314209,5.000114440917969,2.133147716522217,True,2.0,1.0,3,gmd_03_high_bpm138,138.0,sim_tau
12,4.9900665283203125,,,0.0,False,2.0,1.0,3,gmd_03_high_bpm138,138.0,sim_tau
13,5.290073394775391,5.280073165893555,-10.000228881835938,8.00562858581543,True,2.0,1.0,3,gmd_03_high_bpm138,138.0,sim_tau
14,5.6300811767578125,5.610080718994141,-20.000457763671875,19.92826461791992,True,2.0,1.0,3,gmd_03_high_bpm138,138.0,sim_tau
15,5.930088043212891,5.935088157653809,5.000114440917969,12.45189094543457,True,2.0,1.0,3,gmd_03_high_bpm138,138.0,sim_tau
16,6.170093536376953,6.170093536376953,0.0,28.44373321533203,True,2.0,1.0,3,gmd_03_high_bpm138,138.0,sim_tau
17,6.710105895996094,6.72010612487793,10.000228881835938,1.8561991453170776,True,2.0,1.0,3,gmd_03_high_bpm138,138.0,sim_tau
18,7.010112762451172,6.9901123046875,-20.000457763671875,11.461868286132812,True,2.0,1.0,3,gmd_03_high_bpm138,138.0,sim_tau
19,7.370121002197266,7.355120658874512,-15.000343322753906,10.997929573059082,True,2.0,1.0,3,gmd_03_high_bpm138,138.0,sim_tau
20,7.710128784179687,7.700128555297852,-10.00022888183505,11.351789474487305,True,2.0,1.0,3,gmd_03_high_bpm138,138.0,sim_tau
21,7.95013427734375,7.955134391784668,5.000114440917969,12.524591445922852,True,2.0,1.0,3,gmd_03_high_bpm138,138.0,sim_tau
22,8.230140686035156,8.22014045715332,-10.000228881835938,12.404993057250977,True,2.0,1.0,3,gmd_03_high_bpm138,138.0,sim_tau
23,8.570148468017578,8.555148124694824,-15.000343322753906,29.328289031982425,True,2.0,1.0,3,gmd_03_high_bpm138,138.0,sim_tau
24,8.670150756835938,8.650150299072266,-20.000457763671875,11.793224334716797,True,2.0,1.0,3,gmd_03_high_bpm138,138.0,sim_tau
25,9.13016128540039,,,0.0,False,2.0,1.0,3,gmd_03_high_bpm138,138.0,sim_tau
26,9.45016860961914,9.445168495178224,-5.000114440916192,55.59783172607422,True,2.0,1.0,3,gmd_03_high_bpm138,138.0,sim_tau
27,9.690174102783203,9.69517421722412,5.000114440916192,8.520336151123047,True,2.0,1.0,3,gmd_03_high_bpm138,138.0,sim_tau
28,10.010181427001951,10.005181312561035,-5.000114440916192,24.849136352539062,True,2.0,1.0,3,gmd_03_high_bpm138,138.0,sim_tau
29,10.330188751220703,10.305188179016112,-25.00057220459162,17.601848602294922,True,2.0,1.0,3,gmd_03_high_bpm138,138.0,sim_tau
30,10.890201568603516,10.890201568603516,0.0,25.206954956054688,True,2.0,1.0,3,gmd_03_high_bpm138,138.0,sim_tau
31,11.210208892822266,11.195208549499512,-15.000343322753906,18.66525077819824,True,2.0,1.0,3,gmd_03_high_bpm138,138.0,sim_tau
32,11.430213928222656,11.460214614868164,30.000686645507812,13.447023391723633,False,2.0,1.0,3,gmd_03_high_bpm138,138.0,sim_tau
33,11.970226287841797,11.96522617340088,-5.000114440916192,9.95583152770996,True,2.0,1.0,3,gmd_03_high_bpm138,138.0,sim_tau
34,12.270233154296877,12.285233497619627,15.000343322750354,23.37274169921875,True,2.0,1.0,3,gmd_03_high_bpm138,138.0,sim_tau
35,12.610240936279297,12.60024070739746,-10.000228881837714,6.683388710021973,True,2.0,1.0,3,gmd_03_high_bpm138,138.0,sim_tau
36,12.910247802734377,12.885247230529783,-25.000572204593396,22.547626495361328,True,2.0,1.0,3,gmd_03_high_bpm138,138.0,sim_tau
37,13.670265197753906,13.670265197753906,0.0,4.129361152648926,True,2.0,1.0,3,gmd_03_high_bpm138,138.0,sim_tau
38,13.950271606445312,13.95527172088623,5.000114440917969,26.07683563232422,True,2.0,1.0,3,gmd_03_high_bpm138,138.0,sim_tau
39,14.330280303955078,14.345280647277832,15.000343322753906,8.36030387878418,True,2.0,1.0,3,gmd_03_high_bpm138,138.0,sim_tau
40,14.650287628173828,14.64528751373291,-5.000114440917969,7.988372325897217,True,2.0,1.0,3,gmd_03_high_bpm138,138.0,sim_tau
41,14.89029312133789,14.900293350219728,10.000228881837714,21.47275924682617,True,2.0,1.0,3,gmd_03_high_bpm138,138.0,sim_tau
42,15.21030044555664,15.175299644470217,-35.000801086424005,16.552536010742188,False,2.0,1.0,3,gmd_03_high_bpm138,138.0,sim_tau
43,15.53030776977539,15.550308227539062,20.000457763671875,2.8470845222473145,True,2.0,1.0,3,gmd_03_high_bpm138,138.0,sim_tau
44,15.610309600830078,,,0.0,False,2.0,1.0,3,gmd_03_high_bpm138,138.0,sim_tau
0,1.349998950958252,1.3549989461898804,4.999995231628418,1.6406667232513428,True,2.0,1.0,3,gmd_04_extreme_bpm170,170.0,sim_tau
1,1.7499985694885254,1.7499985694885254,0.0,5.372401237487793,True,2.0,1.0,3,gmd_04_extreme_bpm170,170.0,sim_tau
2,2.3100054264068604,2.3050053119659424,-5.000114440917969,7.018617630004883,True,2.0,1.0,3,gmd_04_extreme_bpm170,170.0,sim_tau
3,2.7300150394439697,,,0.0,False,2.0,1.0,3,gmd_04_extreme_bpm170,170.0,sim_tau
4,3.190025568008423,3.175025224685669,-15.000343322753906,26.97121810913086,True,2.0,1.0,3,gmd_04_extreme_bpm170,170.0,sim_tau
5,3.730037927627564,3.7350380420684814,5.000114440917525,1.621039867401123,True,2.0,1.0,3,gmd_04_extreme_bpm170,170.0,sim_tau
6,4.11004638671875,4.090045928955078,-20.000457763671875,7.3319621086120605,True,2.0,1.0,3,gmd_04_extreme_bpm170,170.0,sim_tau
7,4.610057830810547,4.615057945251465,5.000114440917969,32.09951400756836,True,2.0,1.0,3,gmd_04_extreme_bpm170,170.0,sim_tau
8,4.870063781738281,4.865063667297363,-5.000114440917969,7.289269924163818,True,2.0,1.0,3,gmd_04_extreme_bpm170,170.0,sim_tau
9,5.130069732666016,5.12006950378418,-10.000228881835938,25.49787139892578,True,2.0,1.0,3,gmd_04_extreme_bpm170,170.0,sim_tau
10,5.990089416503906,5.990089416503906,0.0,31.49533462524414,True,2.0,1.0,3,gmd_04_extreme_bpm170,170.0,sim_tau
11,6.35009765625,6.360097885131836,10.000228881835938,8.549460411071777,True,2.0,1.0,3,gmd_04_extreme_bpm170,170.0,sim_tau
12,6.530101776123047,6.525101661682129,-5.000114440917969,1.532811164855957,True,2.0,1.0,3,gmd_04_extreme_bpm170,170.0,sim_tau
13,6.710105895996094,6.690105438232422,-20.000457763671875,17.323076248168945,True,2.0,1.0,3,gmd_04_extreme_bpm170,170.0,sim_tau
14,6.950111389160156,6.955111503601074,5.000114440917969,16.778667449951172,True,2.0,1.0,3,gmd_04_extreme_bpm170,170.0,sim_tau
15,7.410121917724609,7.410121917724609,0.0,9.21694564819336,True,2.0,1.0,3,gmd_04_extreme_bpm170,170.0,sim_tau
16,7.750129699707031,7.755129814147949,5.000114440917969,13948.7783203125,True,2.0,1.0,3,gmd_04_extreme_bpm170,170.0,sim_tau
17,8.010135650634766,7.995135307312012,-15.000343322753906,1.0298843383789062,True,2.0,1.0,3,gmd_04_extreme_bpm170,170.0,sim_tau
18,8.090137481689453,8.065136909484863,-25.000572204589844,20.07920455932617,True,2.0,1.0,3,gmd_04_extreme_bpm170,170.0,sim_tau
19,8.530147552490234,8.51514720916748,-15.000343322753906,4.232120513916016,True,2.0,1.0,3,gmd_04_extreme_bpm170,170.0,sim_tau
20,8.970157623291016,8.980157852172852,10.000228881835938,3.8605592250823975,True,2.0,1.0,3,gmd_04_extreme_bpm170,170.0,sim_tau
21,9.23016357421875,9.225163459777832,-5.000114440917969,7.342550754547119,True,2.0,1.0,3,gmd_04_extreme_bpm170,170.0,sim_tau
22,9.490169525146484,9.47516918182373,-15.000343322753906,6.887376308441162,True,2.0,1.0,3,gmd_04_extreme_bpm170,170.0,sim_tau
23,9.690174102783203,,,0.0,False,2.0,1.0,3,gmd_04_extreme_bpm170,170.0,sim_tau
24,10.230186462402344,10.24018669128418,10.000228881835938,8.99906063079834,True,2.0,1.0,3,gmd_04_extreme_bpm170,170.0,sim_tau
25,10.570194244384766,10.575194358825684,5.000114440917969,3.772152900695801,True,2.0,1.0,3,gmd_04_extreme_bpm170,170.0,sim_tau
26,10.8302001953125,10.820199966430664,-10.000228881835938,15.862752914428713,True,2.0,1.0,3,gmd_04_extreme_bpm170,170.0,sim_tau
27,10.93020248413086,10.940202713012695,10.000228881835938,16.998159408569336,True,2.0,1.0,3,gmd_04_extreme_bpm170,170.0,sim_tau
28,11.390213012695312,11.380212783813477,-10.000228881835938,17.648069381713867,True,2.0,1.0,3,gmd_04_extreme_bpm170,170.0,sim_tau
29,11.850223541259766,11.845223426818848,-5.000114440917969,4.078848838806152,True,2.0,1.0,3,gmd_04_extreme_bpm170,170.0,sim_tau
30,12.090229034423828,12.080228805541992,-10.000228881835938,3.603640794754028,True,2.0,1.0,3,gmd_04_extreme_bpm170,170.0,sim_tau
31,12.350234985351562,12.365235328674316,15.000343322753906,12.000832557678224,True,2.0,1.0,3,gmd_04_extreme_bpm170,170.0,sim_tau
32,12.55023956298828,12.525238990783691,-25.000572204588067,7.608245372772217,True,2.0,1.0,3,gmd_04_extreme_bpm170,170.0,sim_tau
33,12.65024185180664,12.60524082183838,-45.00102996825994,9.58010482788086,False,2.0,1.0,3,gmd_04_extreme_bpm170,170.0,sim_tau
34,13.07025146484375,13.075251579284668,5.000114440917969,26.287553787231445,True,2.0,1.0,3,gmd_04_extreme_bpm170,170.0,sim_tau
35,13.3902587890625,13.400259017944336,10.000228881835938,8.616663932800293,True,2.0,1.0,3,gmd_04_extreme_bpm170,170.0,sim_tau
36,13.670265197753906,13.655264854431152,-15.000343322753906,8.444416999816895,True,2.0,1.0,3,gmd_04_extreme_bpm170,170.0,sim_tau
37,13.770267486572266,13.76026725769043,-10.000228881835938,7.760707855224609,True,2.0,1.0,3,gmd_04_extreme_bpm170,170.0,sim_tau
38,14.210277557373049,14.215277671813965,5.000114440916192,6.475475311279297,True,2.0,1.0,3,gmd_04_extreme_bpm170,170.0,sim_tau
39,14.630287170410156,14.615286827087402,-15.000343322753906,15.0452299118042,True,2.0,1.0,3,gmd_04_extreme_bpm170,170.0,sim_tau
40,14.89029312133789,14.89029312133789,0.0,12.21946144104004,True,2.0,1.0,3,gmd_04_extreme_bpm170,170.0,sim_tau
41,15.150299072265623,15.150299072265623,0.0,35.3885383605957,True,2.0,1.0,3,gmd_04_extreme_bpm170,170.0,sim_tau
42,15.350303649902344,15.340303421020508,-10.000228881835938,29.27770233154297,True,2.0,1.0,3,gmd_04_extreme_bpm170,170.0,sim_tau
43,15.85031509399414,15.845314979553224,-5.000114440916192,21.779132843017575,True,2.0,1.0,3,gmd_04_extreme_bpm170,170.0,sim_tau
0,1.509998798370361,1.5199987888336182,9.999990463257058,24.50275611877441,True,2.0,2.0,3,double_160bpm,160.0,sim_tau
1,1.6099987030029297,1.5999987125396729,-9.999990463256836,11.261208534240724,True,2.0,2.0,3,double_160bpm,160.0,sim_tau
2,1.889998435974121,1.899998426437378,9.999990463256836,17.482141494750977,True,2.0,2.0,3,double_160bpm,160.0,sim_tau
3,1.969998359680176,1.969998359680176,0.0,28.20552062988281,True,2.0,2.0,3,double_160bpm,160.0,sim_tau
4,2.2500040531158447,2.215003252029419,-35.00080108642578,1487.3056640625,False,2.0,2.0,3,double_160bpm,160.0,sim_tau
5,2.350006341934204,2.3200056552886963,-30.000686645507812,26.205923080444336,False,2.0,2.0,3,double_160bpm,160.0,sim_tau
6,2.6300127506256104,2.6250126361846924,-5.000114440917969,9.862013816833496,True,2.0,2.0,3,double_160bpm,160.0,sim_tau
7,2.7300150394439697,2.720014810562134,-10.000228881835938,824.0180053710938,True,2.0,2.0,3,double_160bpm,160.0,sim_tau
8,3.010021448135376,2.9650204181671143,-45.00102996826172,14.32815933227539,False,2.0,2.0,3,double_160bpm,160.0,sim_tau
9,3.110023736953736,3.1150238513946533,5.000114440917525,54.02395248413086,True,2.0,2.0,3,double_160bpm,160.0,sim_tau
10,3.3900301456451416,3.3900301456451416,0.0,26.03870010375977,True,2.0,2.0,3,double_160bpm,160.0,sim_tau
11,3.470031976699829,3.465031862258911,-5.000114440917969,8.090702056884766,True,2.0,2.0,3,double_160bpm,160.0,sim_tau
12,3.7700388431549072,3.7700388431549072,0.0,14.791387557983398,True,2.0,2.0,3,double_160bpm,160.0,sim_tau
13,3.8500406742095943,3.8500406742095943,0.0,88.2586441040039,True,2.0,2.0,3,double_160bpm,160.0,sim_tau
14,4.130046844482422,4.130046844482422,0.0,8.059024810791016,True,2.0,2.0,3,double_160bpm,160.0,sim_tau
15,4.230049133300781,4.200048446655273,-30.000686645507812,24.224103927612305,False,2.0,2.0,3,double_160bpm,160.0,sim_tau
16,4.510055541992188,4.510055541992188,0.0,16.794044494628906,True,2.0,2.0,3,double_160bpm,160.0,sim_tau
17,4.610057830810547,4.470054626464844,-140.00320434570312,22.493629455566406,False,2.0,2.0,3,double_160bpm,160.0,sim_tau
18,4.890064239501953,4.890064239501953,0.0,18.57709503173828,True,2.0,2.0,3,double_160bpm,160.0,sim_tau
19,4.970066070556641,4.945065498352051,-25.000572204589844,12.366866111755373,True,2.0,2.0,3,double_160bpm,160.0,sim_tau
20,5.250072479248047,5.220071792602539,-30.000686645507812,21.94204330444336,False,2.0,2.0,3,double_160bpm,160.0,sim_tau
21,5.350074768066406,5.355074882507324,5.000114440917969,77.1943130493164,True,2.0,2.0,3,double_160bpm,160.0,sim_tau
22,5.6300811767578125,5.625081062316895,-5.000114440917081,16.555030822753906,True,2.0,2.0,3,double_160bpm,160.0,sim_tau
23,5.730083465576172,5.73508358001709,5.000114440917969,1.5358433723449707,True,2.0,2.0,3,double_160bpm,160.0,sim_tau
24,1.509998798370361,1.5199987888336182,9.999990463257058,25.26614761352539,True,2.0,2.0,3,double_160bpm,160.0,sim_tau
25,1.6099987030029297,1.5949987173080444,-14.999985694885254,21.75536346435547,True,2.0,2.0,3,double_160bpm,160.0,sim_tau
26,1.889998435974121,1.874998450279236,-14.999985694885032,8.666594505310059,True,2.0,2.0,3,double_160bpm,160.0,sim_tau
27,1.969998359680176,1.969998359680176,0.0,27.636993408203125,True,2.0,2.0,3,double_160bpm,160.0,sim_tau
28,2.2500040531158447,2.215003252029419,-35.00080108642578,9.825927734375,False,2.0,2.0,3,double_160bpm,160.0,sim_tau
29,2.350006341934204,2.3200056552886963,-30.000686645507812,24.724782943725582,False,2.0,2.0,3,double_160bpm,160.0,sim_tau
30,2.6300127506256104,2.6250126361846924,-5.000114440917969,9.79448413848877,True,2.0,2.0,3,double_160bpm,160.0,sim_tau
31,2.7300150394439697,2.720014810562134,-10.000228881835938,29.662254333496094,True,2.0,2.0,3,double_160bpm,160.0,sim_tau
32,3.010021448135376,2.9650204181671143,-45.00102996826172,14.287530899047852,False,2.0,2.0,3,double_160bpm,160.0,sim_tau
33,3.110023736953736,3.1250240802764893,15.000343322753462,13.795936584472656,True,2.0,2.0,3,double_160bpm,160.0,sim_tau
34,3.3900301456451416,3.3900301456451416,0.0,21.112712860107425,True,2.0,2.0,3,double_160bpm,160.0,sim_tau
35,3.470031976699829,3.4250309467315674,-45.00102996826172,13.163375854492188,False,2.0,2.0,3,double_160bpm,160.0,sim_tau
36,3.7700388431549072,3.7250378131866455,-45.00102996826172,28.37664031982422,False,2.0,2.0,3,double_160bpm,160.0,sim_tau
37,3.8500406742095943,3.8500406742095943,0.0,86.42117309570312,True,2.0,2.0,3,double_160bpm,160.0,sim_tau
38,4.130046844482422,4.130046844482422,0.0,8.178609848022461,True,2.0,2.0,3,double_160bpm,160.0,sim_tau
39,4.230049133300781,4.200048446655273,-30.000686645507812,24.348295211791992,False,2.0,2.0,3,double_160bpm,160.0,sim_tau
40,4.510055541992188,4.510055541992188,0.0,17.89134979248047,True,2.0,2.0,3,double_160bpm,160.0,sim_tau
41,4.610057830810547,4.470054626464844,-140.00320434570312,22.472938537597656,False,2.0,2.0,3,double_160bpm,160.0,sim_tau
42,4.890064239501953,4.925065040588379,35.00080108642578,24.83411407470703,False,2.0,2.0,3,double_160bpm,160.0,sim_tau
43,4.970066070556641,4.940065383911133,-30.000686645507812,22.508907318115234,False,2.0,2.0,3,double_160bpm,160.0,sim_tau
44,5.250072479248047,5.220071792602539,-30.000686645507812,21.513916015625,False,2.0,2.0,3,double_160bpm,160.0,sim_tau
45,5.350074768066406,5.3150739669799805,-35.00080108642578,11.17315673828125,False,2.0,2.0,3,double_160bpm,160.0,sim_tau
46,5.6300811767578125,5.625081062316895,-5.000114440917081,14.12483024597168,True,2.0,2.0,3,double_160bpm,160.0,sim_tau
47,5.730083465576172,5.740083694458008,10.000228881835938,2.1157491207122803,True,2.0,2.0,3,double_160bpm,160.0,sim_tau
48,1.509998798370361,1.5199987888336182,9.999990463257058,24.65317726135254,True,2.0,2.0,3,double_160bpm,160.0,sim_tau
49,1.6099987030029297,1.564998745918274,-44.99995708465576,12.461933135986328,False,2.0,2.0,3,double_160bpm,160.0,sim_tau
50,1.889998435974121,1.9099984169006348,19.999980926513672,16.138614654541016,True,2.0,2.0,3,double_160bpm,160.0,sim_tau
51,1.969998359680176,1.974998354911804,4.999995231627974,494.6071166992188,True,2.0,2.0,3,double_160bpm,160.0,sim_tau
52,2.2500040531158447,2.215003252029419,-35.00080108642578,19.45852279663086,False,2.0,2.0,3,double_160bpm,160.0,sim_tau
53,2.350006341934204,2.3200056552886963,-30.000686645507812,27.044775009155277,False,2.0,2.0,3,double_160bpm,160.0,sim_tau
54,2.6300127506256104,2.595011949539185,-35.00080108642534,29.784255981445312,False,2.0,2.0,3,double_160bpm,160.0,sim_tau
55,2.7300150394439697,2.720014810562134,-10.000228881835938,15.191027641296388,True,2.0,2.0,3,double_160bpm,160.0,sim_tau
56,3.010021448135376,2.9650204181671143,-45.00102996826172,14.314742088317873,False,2.0,2.0,3,double_160bpm,160.0,sim_tau
57,3.110023736953736,3.095023393630981,-15.000343322754794,24.077585220336918,True,2.0,2.0,3,double_160bpm,160.0,sim_tau
58,3.3900301456451416,3.3900301456451416,0.0,19.20461654663086,True,2.0,2.0,3,double_160bpm,160.0,sim_tau
59,3.470031976699829,3.4250309467315674,-45.00102996826172,13.073236465454102,False,2.0,2.0,3,double_160bpm,160.0,sim_tau
60,3.7700388431549072,3.7250378131866455,-45.00102996826172,28.332786560058597,False,2.0,2.0,3,double_160bpm,160.0,sim_tau
61,3.8500406742095943,3.8450405597686768,-5.000114440917525,26.295896530151367,True,2.0,2.0,3,double_160bpm,160.0,sim_tau
62,4.130046844482422,4.130046844482422,0.0,8.227155685424805,True,2.0,2.0,3,double_160bpm,160.0,sim_tau
63,4.230049133300781,4.18504810333252,-45.00102996826083,13.41828727722168,False,2.0,2.0,3,double_160bpm,160.0,sim_tau
64,4.510055541992188,4.510055541992188,0.0,16.86227035522461,True,2.0,2.0,3,double_160bpm,160.0,sim_tau
65,4.610057830810547,4.470054626464844,-140.00320434570312,22.16001510620117,False,2.0,2.0,3,double_160bpm,160.0,sim_tau
66,4.890064239501953,4.845063209533691,-45.00102996826172,10.732202529907228,False,2.0,2.0,3,double_160bpm,160.0,sim_tau
67,4.970066070556641,4.845063209533691,-125.00286102294922,10.715970993041992,False,2.0,2.0,3,double_160bpm,160.0,sim_tau
68,5.250072479248047,5.220071792602539,-30.000686645507812,21.87621688842773,False,2.0,2.0,3,double_160bpm,160.0,sim_tau
69,5.350074768066406,5.3150739669799805,-35.00080108642578,11.226394653320312,False,2.0,2.0,3,double_160bpm,160.0,sim_tau
70,5.6300811767578125,5.625081062316895,-5.000114440917081,17.69350242614746,True,2.0,2.0,3,double_160bpm,160.0,sim_tau
71,5.730083465576172,5.740083694458008,10.000228881835938,2.1213908195495605,True,2.0,2.0,3,double_160bpm,160.0,sim_tau
0,0.4299997389316559,0.4299997389316559,0.0,13.899218559265137,True,2.0,2.0,3,gmd_03_high_bpm138,138.0,sim_tau
1,0.749999463558197,0.7399994730949402,-9.999990463256836,20.28739547729492,True,2.0,2.0,3,gmd_03_high_bpm138,138.0,sim_tau
2,0.9699992537498474,0.9549992680549622,-14.999985694885254,8.815568923950195,True,2.0,2.0,3,gmd_03_high_bpm138,138.0,sim_tau
3,1.6299986839294434,,,0.0,False,2.0,2.0,3,gmd_03_high_bpm138,138.0,sim_tau
4,2.170002222061157,2.1450016498565674,-25.0005722045894,11.105159759521484,True,2.0,2.0,3,gmd_03_high_bpm138,138.0,sim_tau
5,2.510010004043579,2.660013437271118,150.00343322753906,25.885948181152344,False,2.0,2.0,3,gmd_03_high_bpm138,138.0,sim_tau
6,2.710014581680298,2.710014581680298,0.0,7.510876178741455,True,2.0,2.0,3,gmd_03_high_bpm138,138.0,sim_tau
7,3.030021905899048,3.005021333694458,-25.000572204589844,12.864048957824709,True,2.0,2.0,3,gmd_03_high_bpm138,138.0,sim_tau
8,3.3700296878814697,3.365029573440552,-5.000114440917525,106.17794799804688,True,2.0,2.0,3,gmd_03_high_bpm138,138.0,sim_tau
9,3.490032434463501,3.505032777786255,15.000343322753906,173.53274536132812,True,2.0,2.0,3,gmd_03_high_bpm138,138.0,sim_tau
10,4.230049133300781,4.215048789978027,-15.000343322753906,20.522605895996094,True,2.0,2.0,3,gmd_03_high_bpm138,138.0,sim_tau
11,4.450054168701172,4.440053939819336,-10.000228881835938,33.50925064086914,True,2.0,2.0,3,gmd_03_high_bpm138,138.0,sim_tau
12,4.9900665283203125,4.970066070556641,-20.000457763671875,8.051885604858398,True,2.0,2.0,3,gmd_03_high_bpm138,138.0,sim_tau
13,5.290073394775391,5.255072593688965,-35.00080108642578,15.09444808959961,False,2.0,2.0,3,gmd_03_high_bpm138,138.0,sim_tau
14,5.6300811767578125,5.615080833435059,-15.000343322753906,6.543225288391113,True,2.0,2.0,3,gmd_03_high_bpm138,138.0,sim_tau
15,5.930088043212891,5.905087471008301,-25.000572204589844,12.787653923034668,True,2.0,2.0,3,gmd_03_high_bpm138,138.0,sim_tau
16,6.170093536376953,6.170093536376953,0.0,8.278030395507812,True,2.0,2.0,3,gmd_03_high_bpm138,138.0,sim_tau
17,6.710105895996094,6.665104866027832,-45.00102996826172,6.982676982879639,False,2.0,2.0,3,gmd_03_high_bpm138,138.0,sim_tau
18,7.010112762451172,7.01511287689209,5.000114440917969,10.336146354675291,True,2.0,2.0,3,gmd_03_high_bpm138,138.0,sim_tau
19,7.370121002197266,7.355120658874512,-15.000343322753906,9.080220222473145,True,2.0,2.0,3,gmd_03_high_bpm138,138.0,sim_tau
20,7.710128784179687,7.710128784179687,0.0,1.3597230911254885,True,2.0,2.0,3,gmd_03_high_bpm138,138.0,sim_tau
21,7.95013427734375,7.935133934020996,-15.000343322753906,15.831713676452637,True,2.0,2.0,3,gmd_03_high_bpm138,138.0,sim_tau
22,8.230140686035156,8.235140800476074,5.000114440917969,1.4986730813980105,True,2.0,2.0,3,gmd_03_high_bpm138,138.0,sim_tau
23,8.570148468017578,8.545147895812988,-25.000572204589844,7.597007751464844,True,2.0,2.0,3,gmd_03_high_bpm138,138.0,sim_tau
24,8.670150756835938,8.660150527954102,-10.000228881835938,10.68419075012207,True,2.0,2.0,3,gmd_03_high_bpm138,138.0,sim_tau
25,9.13016128540039,9.135161399841309,5.000114440917969,15.216184616088867,True,2.0,2.0,3,gmd_03_high_bpm138,138.0,sim_tau
26,9.45016860961914,9.395167350769045,-55.00125885009588,9.897164344787598,False,2.0,2.0,3,gmd_03_high_bpm138,138.0,sim_tau
27,9.690174102783203,9.690174102783203,0.0,7.3717360496521,True,2.0,2.0,3,gmd_03_high_bpm138,138.0,sim_tau
28,10.010181427001951,10.015181541442873,5.0001144409215215,10.264897346496582,True,2.0,2.0,3,gmd_03_high_bpm138,138.0,sim_tau
29,10.330188751220703,10.31518840789795,-15.000343322753906,19.656869888305664,True,2.0,2.0,3,gmd_03_high_bpm138,138.0,sim_tau
30,10.890201568603516,10.895201683044434,5.000114440917969,9.218957901000977,True,2.0,2.0,3,gmd_03_high_bpm138,138.0,sim_tau
31,11.210208892822266,11.215209007263184,5.000114440917969,7.962577819824219,True,2.0,2.0,3,gmd_03_high_bpm138,138.0,sim_tau
32,11.430213928222656,11.42021369934082,-10.000228881835938,7.33218240737915,True,2.0,2.0,3,gmd_03_high_bpm138,138.0,sim_tau
33,11.970226287841797,11.955225944519045,-15.00034332275213,2.260359287261963,True,2.0,2.0,3,gmd_03_high_bpm138,138.0,sim_tau
34,12.270233154296877,12.280233383178713,10.000228881835938,8.504730224609375,True,2.0,2.0,3,gmd_03_high_bpm138,138.0,sim_tau
35,12.610240936279297,,,0.0,False,2.0,2.0,3,gmd_03_high_bpm138,138.0,sim_tau
36,12.910247802734377,12.9452486038208,35.000801086424005,6.418122291564941,False,2.0,2.0,3,gmd_03_high_bpm138,138.0,sim_tau
37,13.670265197753906,13.675265312194824,5.000114440917969,3.2616963386535645,True,2.0,2.0,3,gmd_03_high_bpm138,138.0,sim_tau
38,13.950271606445312,13.950271606445312,0.0,8.725534439086914,True,2.0,2.0,3,gmd_03_high_bpm138,138.0,sim_tau
39,14.330280303955078,14.345280647277832,15.000343322753906,2.254721641540528,True,2.0,2.0,3,gmd_03_high_bpm138,138.0,sim_tau
40,14.650287628173828,14.625287055969238,-25.000572204589844,11.636594772338867,True,2.0,2.0,3,gmd_03_high_bpm138,138.0,sim_tau
41,14.89029312133789,,,0.0,False,2.0,2.0,3,gmd_03_high_bpm138,138.0,sim_tau
42,15.21030044555664,15.18529987335205,-25.000572204589844,12.604131698608398,True,2.0,2.0,3,gmd_03_high_bpm138,138.0,sim_tau
43,15.53030776977539,,,0.0,False,2.0,2.0,3,gmd_03_high_bpm138,138.0,sim_tau
44,15.610309600830078,,,0.0,False,2.0,2.0,3,gmd_03_high_bpm138,138.0,sim_tau
0,1.349998950958252,1.3549989461898804,4.999995231628418,1.4111597537994385,True,2.0,2.0,3,gmd_04_extreme_bpm170,170.0,sim_tau
1,1.7499985694885254,1.744998574256897,-4.999995231628418,3.7452359199523926,True,2.0,2.0,3,gmd_04_extreme_bpm170,170.0,sim_tau
2,2.3100054264068604,2.3050053119659424,-5.000114440917969,7.771910190582275,True,2.0,2.0,3,gmd_04_extreme_bpm170,170.0,sim_tau
3,2.7300150394439697,2.7400152683258057,10.000228881835938,652.8236083984375,True,2.0,2.0,3,gmd_04_extreme_bpm170,170.0,sim_tau
4,3.190025568008423,3.200025796890259,10.000228881835938,5.242144584655762,True,2.0,2.0,3,gmd_04_extreme_bpm170,170.0,sim_tau
5,3.730037927627564,,,0.0,False,2.0,2.0,3,gmd_04_extreme_bpm170,170.0,sim_tau
6,4.11004638671875,4.08504581451416,-25.000572204589844,2.2690229415893555,True,2.0,2.0,3,gmd_04_extreme_bpm170,170.0,sim_tau
7,4.610057830810547,4.605057716369629,-5.000114440917969,7.799660682678223,True,2.0,2.0,3,gmd_04_extreme_bpm170,170.0,sim_tau
8,4.870063781738281,4.885064125061035,15.000343322753906,2.4736344814300537,True,2.0,2.0,3,gmd_04_extreme_bpm170,170.0,sim_tau
9,5.130069732666016,5.125069618225098,-5.000114440917969,10.612125396728516,True,2.0,2.0,3,gmd_04_extreme_bpm170,170.0,sim_tau
10,5.990089416503906,6.020090103149414,30.000686645507812,9.30665683746338,False,2.0,2.0,3,gmd_04_extreme_bpm170,170.0,sim_tau
11,6.35009765625,6.345097541809082,-5.000114440917969,9.916671752929688,True,2.0,2.0,3,gmd_04_extreme_bpm170,170.0,sim_tau
12,6.530101776123047,6.525101661682129,-5.000114440917969,14.962799072265623,True,2.0,2.0,3,gmd_04_extreme_bpm170,170.0,sim_tau
13,6.710105895996094,6.72010612487793,10.000228881835938,14.176033973693848,True,2.0,2.0,3,gmd_04_extreme_bpm170,170.0,sim_tau
14,6.950111389160156,6.945111274719238,-5.000114440917969,10.471582412719728,True,2.0,2.0,3,gmd_04_extreme_bpm170,170.0,sim_tau
15,7.410121917724609,,,0.0,False,2.0,2.0,3,gmd_04_extreme_bpm170,170.0,sim_tau
16,7.750129699707031,7.750129699707031,0.0,18.93842124938965,True,2.0,2.0,3,gmd_04_extreme_bpm170,170.0,sim_tau
17,8.010135650634766,8.015135765075684,5.000114440917969,15.714016914367676,True,2.0,2.0,3,gmd_04_extreme_bpm170,170.0,sim_tau
18,8.090137481689453,8.080137252807617,-10.000228881835938,26.40333366394043,True,2.0,2.0,3,gmd_04_extreme_bpm170,170.0,sim_tau
19,8.530147552490234,8.54014778137207,10.000228881835938,16.955732345581055,True,2.0,2.0,3,gmd_04_extreme_bpm170,170.0,sim_tau
20,8.970157623291016,8.955157279968262,-15.000343322753906,4.250485897064209,True,2.0,2.0,3,gmd_04_extreme_bpm170,170.0,sim_tau
21,9.23016357421875,,,0.0,False,2.0,2.0,3,gmd_04_extreme_bpm170,170.0,sim_tau
22,9.490169525146484,9.505169868469238,15.000343322753906,7.547202110290527,True,2.0,2.0,3,gmd_04_extreme_bpm170,170.0,sim_tau
23,9.690174102783203,9.69517421722412,5.000114440916192,7.167824745178223,True,2.0,2.0,3,gmd_04_extreme_bpm170,170.0,sim_tau
24,10.230186462402344,10.235186576843262,5.000114440917969,201.90560913085935,True,2.0,2.0,3,gmd_04_extreme_bpm170,170.0,sim_tau
25,10.570194244384766,10.565194129943848,-5.000114440917969,2.3324954509735107,True,2.0,2.0,3,gmd_04_extreme_bpm170,170.0,sim_tau
26,10.8302001953125,10.845200538635254,15.000343322753906,3.648770332336426,True,2.0,2.0,3,gmd_04_extreme_bpm170,170.0,sim_tau
27,10.93020248413086,10.950202941894531,20.000457763671875,59.45696640014648,True,2.0,2.0,3,gmd_04_extreme_bpm170,170.0,sim_tau
28,11.390213012695312,11.37521266937256,-15.00034332275213,3.1265430450439453,True,2.0,2.0,3,gmd_04_extreme_bpm170,170.0,sim_tau
29,11.850223541259766,11.835223197937012,-15.000343322753906,2.9151577949523926,True,2.0,2.0,3,gmd_04_extreme_bpm170,170.0,sim_tau
30,12.090229034423828,12.095229148864746,5.000114440917969,13.19033432006836,True,2.0,2.0,3,gmd_04_extreme_bpm170,170.0,sim_tau
31,12.350234985351562,12.350234985351562,0.0,15.27227020263672,True,2.0,2.0,3,gmd_04_extreme_bpm170,170.0,sim_tau
32,12.55023956298828,12.565239906311035,15.000343322755683,9.503532409667969,True,2.0,2.0,3,gmd_04_extreme_bpm170,170.0,sim_tau
33,12.65024185180664,12.670242309570312,20.000457763671875,21.10089492797852,True,2.0,2.0,3,gmd_04_extreme_bpm170,170.0,sim_tau
34,13.07025146484375,13.060251235961914,-10.000228881835938,8.071113586425781,True,2.0,2.0,3,gmd_04_extreme_bpm170,170.0,sim_tau
35,13.3902587890625,13.385258674621582,-5.000114440917969,1.6538411378860474,True,2.0,2.0,3,gmd_04_extreme_bpm170,170.0,sim_tau
36,13.670265197753906,13.66026496887207,-10.000228881835938,26.27778625488281,True,2.0,2.0,3,gmd_04_extreme_bpm170,170.0,sim_tau
37,13.770267486572266,13.790267944335938,20.000457763671875,12.661253929138184,True,2.0,2.0,3,gmd_04_extreme_bpm170,170.0,sim_tau
38,14.210277557373049,14.195277214050291,-15.000343322757459,24.216278076171875,True,2.0,2.0,3,gmd_04_extreme_bpm170,170.0,sim_tau
39,14.630287170410156,14.640287399291992,10.000228881835938,10.888189315795898,True,2.0,2.0,3,gmd_04_extreme_bpm170,170.0,sim_tau
40,14.89029312133789,14.880292892456056,-10.000228881834161,2.9576048851013184,True,2.0,2.0,3,gmd_04_extreme_bpm170,170.0,sim_tau
41,15.150299072265623,15.16029930114746,10.000228881835938,13.51846694946289,True,2.0,2.0,3,gmd_04_extreme_bpm170,170.0,sim_tau
42,15.350303649902344,15.355303764343262,5.000114440917969,17.314661026000977,True,2.0,2.0,3,gmd_04_extreme_bpm170,170.0,sim_tau
43,15.85031509399414,15.835314750671388,-15.00034332275213,21.701311111450195,True,2.0,2.0,3,gmd_04_extreme_bpm170,170.0,sim_tau
